contratoconvenio_saida;numero_empenho;data_registro_doc_empenho;razao_social_credor;cnpj_cpf_credor_formatado;unidade_orcamentaria_codigo;unidade_orcamentaria_sigla;unidade_orcamentaria_nome;elemento_despesa_codigo;elemento_despesa_descricao;item_despesa_codigo;item_despesa_descricao;fonte_recurso_codigo;fonte_recurso_descricao;valor_despesa_empenhada;valor_despesa_liquidada;valor_pago_financeiro
9261083;3;2025-04-04 00:00:00;ASSOC. DE PROT. E ASSIST. AO CONDENADO DE ALFENAS;04.926.925/0001-19;1451;SEJUSP;SECRETARIA DE ESTADO DE JUSTICA E SEGURANCA PUBLICA;43;SUBVENCOES SOCIAIS;1;SUBVENCOES SOCIAIS;10;RECURSOS ORDINARIOS - RECURSOS NAO VINCULADOS DE IMPOSTOS;363223,11;363223,11;363223,11
9261083;50;2025-04-15 00:00:00;ASSOC. DE PROT. E ASSIST. AO CONDENADO DE ALFENAS;04.926.925/0001-19;1451;SEJUSP;SECRETARIA DE ESTADO DE JUSTICA E SEGURANCA PUBLICA;43;SUBVENCOES SOCIAIS;1;SUBVENCOES SOCIAIS;60;RECURSOS DIRETAMENTE ARRECADADOS;677553,35;677553,35;677553,35
9262900;1107;2025-04-22 00:00:00;ATA CIDADANIA;07.304.229/0001-69;4251;FEAS;FUNDO ESTADUAL DE ASSISTENCIA SOCIAL;43;SUBVENCOES SOCIAIS;1;SUBVENCOES SOCIAIS;71;RECURSOS DO FUNDO ESTADUAL DE ERRADICACAO DA MISERIA;190762,92;190762,92;190762,92
9262900;1523;2025-08-07 00:00:00;ATA CIDADANIA;07.304.229/0001-69;4251;FEAS;FUNDO ESTADUAL DE ASSISTENCIA SOCIAL;43;SUBVENCOES SOCIAIS;1;SUBVENCOES SOCIAIS;71;RECURSOS DO FUNDO ESTADUAL DE ERRADICACAO DA MISERIA;95381,46;95381,46;95381,46
9274491;750;2025-10-03 00:00:00;ASSOCIACAO ESCOLA FAMILIA AGRICOLA DE NATALANDIA;07.395.381/0001-02;1261;SEE;SECRETARIA DE ESTADO DE EDUCACAO;43;SUBVENCOES SOCIAIS;1;SUBVENCOES SOCIAIS;10;RECURSOS ORDINARIOS - RECURSOS NAO VINCULADOS DE IMPOSTOS;11863529,02;11863529,02;11863529,02
9279539;751;2025-10-03 00:00:00;ASS. COMUN. DE DESEL. EDUC. FAMILIAR E AGROP. DE VEREDINHA;05.743.998/0001-38;1261;SEE;SECRETARIA DE ESTADO DE EDUCACAO;43;SUBVENCOES SOCIAIS;1;SUBVENCOES SOCIAIS;10;RECURSOS ORDINARIOS - RECURSOS NAO VINCULADOS DE IMPOSTOS;1656105,48;1656105,48;1656105,48
9279766;793;2025-10-21 00:00:00;ASSOCIACA ESCOLA FAMILIA AGRICOLA PURIS DE ARAPONGA;01.529.208/0001-65;1261;SEE;SECRETARIA DE ESTADO DE EDUCACAO;43;SUBVENCOES SOCIAIS;1;SUBVENCOES SOCIAIS;10;RECURSOS ORDINARIOS - RECURSOS NAO VINCULADOS DE IMPOSTOS;1063178,83;1063178,83;1063178,83
9279884;753;2025-10-03 00:00:00;AEFA DE CRUZILIA;05.586.859/0001-48;1261;SEE;SECRETARIA DE ESTADO DE EDUCACAO;43;SUBVENCOES SOCIAIS;1;SUBVENCOES SOCIAIS;10;RECURSOS ORDINARIOS - RECURSOS NAO VINCULADOS DE IMPOSTOS;2423203,76;2423203,76;2423203,76
9280525;754;2025-10-03 00:00:00;ASSOCIACAO EFA DE CARAI, CATUJI, ITAIPE E LADAINHA;11.562.703/0001-20;1261;SEE;SECRETARIA DE ESTADO DE EDUCACAO;43;SUBVENCOES SOCIAIS;1;SUBVENCOES SOCIAIS;10;RECURSOS ORDINARIOS - RECURSOS NAO VINCULADOS DE IMPOSTOS;1492539,51;1492539,51;1492539,51
9280731;791;2025-10-21 00:00:00;ASSOCIACAO ESCOLA FAMILIA AGRICOLA DE COMERCINHO;22.692.198/0001-54;1261;SEE;SECRETARIA DE ESTADO DE EDUCACAO;43;SUBVENCOES SOCIAIS;1;SUBVENCOES SOCIAIS;10;RECURSOS ORDINARIOS - RECURSOS NAO VINCULADOS DE IMPOSTOS;692053,55;692053,55;692053,55
9280733;790;2025-10-21 00:00:00;MOV. PRO-ESCOLA FAMILIA AGRIC. VALE DO JEQUITINHONHA;22.695.209/0001-50;1261;SEE;SECRETARIA DE ESTADO DE EDUCACAO;43;SUBVENCOES SOCIAIS;1;SUBVENCOES SOCIAIS;10;RECURSOS ORDINARIOS - RECURSOS NAO VINCULADOS DE IMPOSTOS;735835,69;735835,69;735835,69
9281647;786;2025-10-17 00:00:00;ASSOCIACAO ESCOLA FAMILIA AGRICOLA DA REGIAO DO VALE DO SAO FRANCISCO;07.355.853/0001-95;1261;SEE;SECRETARIA DE ESTADO DE EDUCACAO;43;SUBVENCOES SOCIAIS;1;SUBVENCOES SOCIAIS;10;RECURSOS ORDINARIOS - RECURSOS NAO VINCULADOS DE IMPOSTOS;5990603,78;5990603,78;5990603,78
9281662;767;2025-10-07 00:00:00;ASSOCIACAO ESCOLA FAMILIA AGRICOLA DE JACARE;00.853.943/0001-67;1261;SEE;SECRETARIA DE ESTADO DE EDUCACAO;43;SUBVENCOES SOCIAIS;1;SUBVENCOES SOCIAIS;10;RECURSOS ORDINARIOS - RECURSOS NAO VINCULADOS DE IMPOSTOS;736739,84;736739,84;736739,84
9281663;784;2025-10-17 00:00:00;ASSOCIACAO ESCOLA FAMILIA AGROECOLOGICA DE ARACUAI;02.653.355/0001-05;1261;SEE;SECRETARIA DE ESTADO DE EDUCACAO;43;SUBVENCOES SOCIAIS;1;SUBVENCOES SOCIAIS;10;RECURSOS ORDINARIOS - RECURSOS NAO VINCULADOS DE IMPOSTOS;1144961,81;1144961,81;1144961,81
9282809;787;2025-10-17 00:00:00;ASSOCIACAO EFA OESTE DO MUCURI;11.211.251/0001-31;1261;SEE;SECRETARIA DE ESTADO DE EDUCACAO;43;SUBVENCOES SOCIAIS;1;SUBVENCOES SOCIAIS;10;RECURSOS ORDINARIOS - RECURSOS NAO VINCULADOS DE IMPOSTOS;2351260,87;2351260,87;2351260,87
9282810;785;2025-10-17 00:00:00;ASSOCIACAO ESCOLA FAMILIA AGRICOLA DE JEQUERI;03.998.794/0001-12;1261;SEE;SECRETARIA DE ESTADO DE EDUCACAO;43;SUBVENCOES SOCIAIS;1;SUBVENCOES SOCIAIS;10;RECURSOS ORDINARIOS - RECURSOS NAO VINCULADOS DE IMPOSTOS;891779,06;891779,06;891779,06
9282811;803;2025-11-04 00:00:00;ASSOCIACAO DA ESCOLA FAMILIA AGRICOLA DE CAMOES;02.908.563/0001-08;1261;SEE;SECRETARIA DE ESTADO DE EDUCACAO;43;SUBVENCOES SOCIAIS;1;SUBVENCOES SOCIAIS;10;RECURSOS ORDINARIOS - RECURSOS NAO VINCULADOS DE IMPOSTOS;477221,41;477221,41;477221,41
9282814;792;2025-10-21 00:00:00;ASSOCIACAO ESCOLA FAMILIA AGRICOLA DO ALTO DO RIO PARDO;13.234.016/0001-00;1261;SEE;SECRETARIA DE ESTADO DE EDUCACAO;43;SUBVENCOES SOCIAIS;1;SUBVENCOES SOCIAIS;10;RECURSOS ORDINARIOS - RECURSOS NAO VINCULADOS DE IMPOSTOS;2085466,16;2085466,16;2085466,16
9282815;796;2025-10-22 00:00:00;ASSOC ESC FAMILIA AGRICOLA BAIXO MUCURI;28.963.034/0001-09;1261;SEE;SECRETARIA DE ESTADO DE EDUCACAO;43;SUBVENCOES SOCIAIS;1;SUBVENCOES SOCIAIS;10;RECURSOS ORDINARIOS - RECURSOS NAO VINCULADOS DE IMPOSTOS;3496222,68;3496222,68;3496222,68
9282896;764;2025-10-07 00:00:00;AEFA PAULO FREIRE;05.527.283/0001-48;1261;SEE;SECRETARIA DE ESTADO DE EDUCACAO;43;SUBVENCOES SOCIAIS;1;SUBVENCOES SOCIAIS;10;RECURSOS ORDINARIOS - RECURSOS NAO VINCULADOS DE IMPOSTOS;470252,17;470252,17;470252,17
9282922;788;2025-10-21 00:00:00;ASSOCIACAO ESCOLA FAMILIA AGRICOLA DE ERVALIA;05.765.786/0001-51;1261;SEE;SECRETARIA DE ESTADO DE EDUCACAO;43;SUBVENCOES SOCIAIS;1;SUBVENCOES SOCIAIS;10;RECURSOS ORDINARIOS - RECURSOS NAO VINCULADOS DE IMPOSTOS;637527,16;637527,16;637527,16
9283126;766;2025-10-07 00:00:00;ASSOCIACAO REGIONAL ESCOLA FAMILIA AGRICOLA CARLOS SAAR;18.904.432/0001-92;1261;SEE;SECRETARIA DE ESTADO DE EDUCACAO;43;SUBVENCOES SOCIAIS;1;SUBVENCOES SOCIAIS;10;RECURSOS ORDINARIOS - RECURSOS NAO VINCULADOS DE IMPOSTOS;432607,71;432607,71;432607,71
9283228;765;2025-10-07 00:00:00;ASSOCIACAO ESCOLA FAMILIA AGRICOLA DO MEDIO E BAIXO JEQUITINHONHA;03.593.777/0001-03;1261;SEE;SECRETARIA DE ESTADO DE EDUCACAO;43;SUBVENCOES SOCIAIS;1;SUBVENCOES SOCIAIS;10;RECURSOS ORDINARIOS - RECURSOS NAO VINCULADOS DE IMPOSTOS;2719284,31;2719284,31;2719284,31
9283237;799;2025-10-29 00:00:00;ASSOCIACAO REGIONAL ESCOLA FAMILIA AGRICOLA MARGARIDA ALVES;09.604.761/0001-27;1261;SEE;SECRETARIA DE ESTADO DE EDUCACAO;43;SUBVENCOES SOCIAIS;1;SUBVENCOES SOCIAIS;10;RECURSOS ORDINARIOS - RECURSOS NAO VINCULADOS DE IMPOSTOS;1063178,83;1063178,83;1063178,83
9286353;752;2025-10-03 00:00:00;ASSOCIACAO ESCOLA FAMILIA AGRICOLA RENASCER;07.776.325/0001-00;1261;SEE;SECRETARIA DE ESTADO DE EDUCACAO;43;SUBVENCOES SOCIAIS;1;SUBVENCOES SOCIAIS;10;RECURSOS ORDINARIOS - RECURSOS NAO VINCULADOS DE IMPOSTOS;508503,8;508503,8;508503,8
9301439;1724;2025-08-14 00:00:00;ASSOCIACAO CENTRO DE EDUCACAO TECNOLOGICA DO ESTADO DA BAHIA;02.663.026/0001-45;1261;SEE;SECRETARIA DE ESTADO DE EDUCACAO;85;CONTRATO DE GESTAO;1;CONTRATO DE GESTAO COM ORGANIZACAO SOCIAL - OS;21;COTA ESTADUAL DO SALARIO EDUCACAO - QESE;2049803,28;2049803,28;2049803,28
9301441;254;2025-11-24 00:00:00;ASSOCIACAO CENTRO DE EDUCACAO TECNOLOGICA DO ESTADO DA BAHIA;02.663.026/0001-45;1261;SEE;SECRETARIA DE ESTADO DE EDUCACAO;85;CONTRATO DE GESTAO;1;CONTRATO DE GESTAO COM ORGANIZACAO SOCIAL - OS;21;COTA ESTADUAL DO SALARIO EDUCACAO - QESE;2406537,0;2406537,0;2406537,0
9301442;215;2025-10-06 00:00:00;ASSOCIACAO CENTRO DE EDUCACAO TECNOLOGICA DO ESTADO DA BAHIA;02.663.026/0001-45;1261;SEE;SECRETARIA DE ESTADO DE EDUCACAO;85;CONTRATO DE GESTAO;1;CONTRATO DE GESTAO COM ORGANIZACAO SOCIAL - OS;21;COTA ESTADUAL DO SALARIO EDUCACAO - QESE;1339167,06;1339167,06;1339167,06
9318094;38;2025-06-18 00:00:00;ASSOCIACAO COMUNIDADE TERAPEUTICA MAES & FILHOS;17.246.772/0001-00;1451;SEJUSP;SECRETARIA DE ESTADO DE JUSTICA E SEGURANCA PUBLICA;43;SUBVENCOES SOCIAIS;1;SUBVENCOES SOCIAIS;10;RECURSOS ORDINARIOS - RECURSOS NAO VINCULADOS DE IMPOSTOS;43027,32;43027,32;43027,32
9318105;49;2025-06-23 00:00:00;COMUNIDADE REVIVER;26.232.447/0002-60;1451;SEJUSP;SECRETARIA DE ESTADO DE JUSTICA E SEGURANCA PUBLICA;43;SUBVENCOES SOCIAIS;1;SUBVENCOES SOCIAIS;10;RECURSOS ORDINARIOS - RECURSOS NAO VINCULADOS DE IMPOSTOS;85935,41;85935,41;85935,41
9318105;110;2025-12-02 00:00:00;COMUNIDADE REVIVER;26.232.447/0002-60;1451;SEJUSP;SECRETARIA DE ESTADO DE JUSTICA E SEGURANCA PUBLICA;43;SUBVENCOES SOCIAIS;1;SUBVENCOES SOCIAIS;10;RECURSOS ORDINARIOS - RECURSOS NAO VINCULADOS DE IMPOSTOS;56217,82;56217,82;56217,82
9318117;47;2025-06-23 00:00:00;ASSOCIACAO MAE ADMIRAVEL;22.691.398/0001-92;1451;SEJUSP;SECRETARIA DE ESTADO DE JUSTICA E SEGURANCA PUBLICA;43;SUBVENCOES SOCIAIS;1;SUBVENCOES SOCIAIS;10;RECURSOS ORDINARIOS - RECURSOS NAO VINCULADOS DE IMPOSTOS;63190,15;63190,15;63190,15
9318117;106;2025-11-27 00:00:00;ASSOCIACAO MAE ADMIRAVEL;22.691.398/0001-92;1451;SEJUSP;SECRETARIA DE ESTADO DE JUSTICA E SEGURANCA PUBLICA;43;SUBVENCOES SOCIAIS;1;SUBVENCOES SOCIAIS;10;RECURSOS ORDINARIOS - RECURSOS NAO VINCULADOS DE IMPOSTOS;106804,59;106804,59;106804,59
9318121;53;2025-06-26 00:00:00;ASSOCIACAO COMUNITARIA DE PREVENCAO AO USO INDEVIDO DE DROGAS;03.015.043/0001-39;1451;SEJUSP;SECRETARIA DE ESTADO DE JUSTICA E SEGURANCA PUBLICA;43;SUBVENCOES SOCIAIS;1;SUBVENCOES SOCIAIS;10;RECURSOS ORDINARIOS - RECURSOS NAO VINCULADOS DE IMPOSTOS;14554,55;14554,55;14554,55
9318123;67;2025-06-26 00:00:00;SER SERVICO EVANGELICO DE REABILITACAO;20.734.505/0002-78;1451;SEJUSP;SECRETARIA DE ESTADO DE JUSTICA E SEGURANCA PUBLICA;43;SUBVENCOES SOCIAIS;1;SUBVENCOES SOCIAIS;10;RECURSOS ORDINARIOS - RECURSOS NAO VINCULADOS DE IMPOSTOS;84968,88;84968,88;84968,88
9318123;143;2025-12-19 00:00:00;SER SERVICO EVANGELICO DE REABILITACAO;20.734.505/0002-78;1451;SEJUSP;SECRETARIA DE ESTADO DE JUSTICA E SEGURANCA PUBLICA;43;SUBVENCOES SOCIAIS;1;SUBVENCOES SOCIAIS;10;RECURSOS ORDINARIOS - RECURSOS NAO VINCULADOS DE IMPOSTOS;14524,37;14524,37;14524,37
9318125;144;2025-12-19 00:00:00;FUNDACAO MARIANENSE DE EDUCACAO;22.390.686/0001-07;1451;SEJUSP;SECRETARIA DE ESTADO DE JUSTICA E SEGURANCA PUBLICA;43;SUBVENCOES SOCIAIS;1;SUBVENCOES SOCIAIS;10;RECURSOS ORDINARIOS - RECURSOS NAO VINCULADOS DE IMPOSTOS;5769,86;5769,86;5769,86
9318128;43;2025-06-18 00:00:00;COMUNIDADE TERAPEUTICA FAMILIA EM CRISTO;19.215.751/0001-53;1451;SEJUSP;SECRETARIA DE ESTADO DE JUSTICA E SEGURANCA PUBLICA;43;SUBVENCOES SOCIAIS;1;SUBVENCOES SOCIAIS;10;RECURSOS ORDINARIOS - RECURSOS NAO VINCULADOS DE IMPOSTOS;62362,71;62362,71;62362,71
9318129;148;2025-12-24 00:00:00;GRUPO SALVA VIDAS;23.098.718/0003-20;1451;SEJUSP;SECRETARIA DE ESTADO DE JUSTICA E SEGURANCA PUBLICA;43;SUBVENCOES SOCIAIS;1;SUBVENCOES SOCIAIS;10;RECURSOS ORDINARIOS - RECURSOS NAO VINCULADOS DE IMPOSTOS;13475,28;13475,28;0,0
9318133;55;2025-06-26 00:00:00;ASSOCIACAO GRUPO SARAI;03.782.573/0001-02;1451;SEJUSP;SECRETARIA DE ESTADO DE JUSTICA E SEGURANCA PUBLICA;43;SUBVENCOES SOCIAIS;1;SUBVENCOES SOCIAIS;10;RECURSOS ORDINARIOS - RECURSOS NAO VINCULADOS DE IMPOSTOS;67389,62;67389,62;67389,62
9318133;142;2025-12-19 00:00:00;ASSOCIACAO GRUPO SARAI;03.782.573/0001-02;1451;SEJUSP;SECRETARIA DE ESTADO DE JUSTICA E SEGURANCA PUBLICA;43;SUBVENCOES SOCIAIS;1;SUBVENCOES SOCIAIS;10;RECURSOS ORDINARIOS - RECURSOS NAO VINCULADOS DE IMPOSTOS;89045,45;89045,45;89045,45
9318134;41;2025-06-18 00:00:00;C.R.J.F.C.D.-CENTRO DE RECUPERACAO JUIZ DE FORA CONTRA AS DROGAS;05.467.433/0001-75;1451;SEJUSP;SECRETARIA DE ESTADO DE JUSTICA E SEGURANCA PUBLICA;43;SUBVENCOES SOCIAIS;1;SUBVENCOES SOCIAIS;10;RECURSOS ORDINARIOS - RECURSOS NAO VINCULADOS DE IMPOSTOS;85298,49;85298,49;85298,49
9318134;104;2025-11-19 00:00:00;C.R.J.F.C.D.-CENTRO DE RECUPERACAO JUIZ DE FORA CONTRA AS DROGAS;05.467.433/0001-75;1451;SEJUSP;SECRETARIA DE ESTADO DE JUSTICA E SEGURANCA PUBLICA;43;SUBVENCOES SOCIAIS;1;SUBVENCOES SOCIAIS;10;RECURSOS ORDINARIOS - RECURSOS NAO VINCULADOS DE IMPOSTOS;87732,82;87732,82;87732,82
9318145;66;2025-06-26 00:00:00;SER SERVICO EVANGELICO DE REABILITACAO;20.734.505/0003-59;1451;SEJUSP;SECRETARIA DE ESTADO DE JUSTICA E SEGURANCA PUBLICA;43;SUBVENCOES SOCIAIS;1;SUBVENCOES SOCIAIS;10;RECURSOS ORDINARIOS - RECURSOS NAO VINCULADOS DE IMPOSTOS;0,0;0,0;0,0
9318145;70;2025-07-31 00:00:00;SER SERVICO EVANGELICO DE REABILITACAO;20.734.505/0003-59;1451;SEJUSP;SECRETARIA DE ESTADO DE JUSTICA E SEGURANCA PUBLICA;43;SUBVENCOES SOCIAIS;1;SUBVENCOES SOCIAIS;10;RECURSOS ORDINARIOS - RECURSOS NAO VINCULADOS DE IMPOSTOS;81470,22;81470,22;81470,22
9318145;152;2025-12-26 00:00:00;SER SERVICO EVANGELICO DE REABILITACAO;20.734.505/0003-59;1451;SEJUSP;SECRETARIA DE ESTADO DE JUSTICA E SEGURANCA PUBLICA;43;SUBVENCOES SOCIAIS;1;SUBVENCOES SOCIAIS;10;RECURSOS ORDINARIOS - RECURSOS NAO VINCULADOS DE IMPOSTOS;49854,83;49854,83;49854,83
9318146;46;2025-06-18 00:00:00;OBRAS SOCIAIS AGUA VIVA;06.951.814/0001-98;1451;SEJUSP;SECRETARIA DE ESTADO DE JUSTICA E SEGURANCA PUBLICA;43;SUBVENCOES SOCIAIS;1;SUBVENCOES SOCIAIS;10;RECURSOS ORDINARIOS - RECURSOS NAO VINCULADOS DE IMPOSTOS;86954,0;86954,0;86954,0
9318146;116;2025-12-15 00:00:00;OBRAS SOCIAIS AGUA VIVA;06.951.814/0001-98;1451;SEJUSP;SECRETARIA DE ESTADO DE JUSTICA E SEGURANCA PUBLICA;43;SUBVENCOES SOCIAIS;1;SUBVENCOES SOCIAIS;10;RECURSOS ORDINARIOS - RECURSOS NAO VINCULADOS DE IMPOSTOS;9151,13;9151,13;9151,13
9318149;64;2025-06-26 00:00:00;COMVIDA - COMUNIDADE TERAPEUTICA FAZENDA VIDA NOVA;02.970.363/0001-85;1451;SEJUSP;SECRETARIA DE ESTADO DE JUSTICA E SEGURANCA PUBLICA;43;SUBVENCOES SOCIAIS;1;SUBVENCOES SOCIAIS;10;RECURSOS ORDINARIOS - RECURSOS NAO VINCULADOS DE IMPOSTOS;57105,21;57105,21;57105,21
9318149;112;2025-12-10 00:00:00;COMVIDA - COMUNIDADE TERAPEUTICA FAZENDA VIDA NOVA;02.970.363/0001-85;1451;SEJUSP;SECRETARIA DE ESTADO DE JUSTICA E SEGURANCA PUBLICA;43;SUBVENCOES SOCIAIS;1;SUBVENCOES SOCIAIS;10;RECURSOS ORDINARIOS - RECURSOS NAO VINCULADOS DE IMPOSTOS;63495,81;63495,81;63495,81
9318151;44;2025-06-18 00:00:00;FUNDACAO MARIANENSE DE EDUCACAO;22.390.686/0006-11;1451;SEJUSP;SECRETARIA DE ESTADO DE JUSTICA E SEGURANCA PUBLICA;43;SUBVENCOES SOCIAIS;1;SUBVENCOES SOCIAIS;10;RECURSOS ORDINARIOS - RECURSOS NAO VINCULADOS DE IMPOSTOS;43662,63;43662,63;43662,63
9318151;119;2025-12-15 00:00:00;FUNDACAO MARIANENSE DE EDUCACAO;22.390.686/0006-11;1451;SEJUSP;SECRETARIA DE ESTADO DE JUSTICA E SEGURANCA PUBLICA;43;SUBVENCOES SOCIAIS;1;SUBVENCOES SOCIAIS;10;RECURSOS ORDINARIOS - RECURSOS NAO VINCULADOS DE IMPOSTOS;8251,02;8251,02;8251,02
9318152;21;2025-04-04 00:00:00;ESQUADRAO DA VIDA DE MONTES CLAROS;25.224.130/0001-39;1451;SEJUSP;SECRETARIA DE ESTADO DE JUSTICA E SEGURANCA PUBLICA;43;SUBVENCOES SOCIAIS;1;SUBVENCOES SOCIAIS;10;RECURSOS ORDINARIOS - RECURSOS NAO VINCULADOS DE IMPOSTOS;25116,74;25116,74;25116,74
9318152;33;2025-06-17 00:00:00;ESQUADRAO DA VIDA DE MONTES CLAROS;25.224.130/0001-39;1451;SEJUSP;SECRETARIA DE ESTADO DE JUSTICA E SEGURANCA PUBLICA;43;SUBVENCOES SOCIAIS;1;SUBVENCOES SOCIAIS;10;RECURSOS ORDINARIOS - RECURSOS NAO VINCULADOS DE IMPOSTOS;77103,18;77103,18;77103,18
9318152;87;2025-10-03 00:00:00;ESQUADRAO DA VIDA DE MONTES CLAROS;25.224.130/0001-39;1451;SEJUSP;SECRETARIA DE ESTADO DE JUSTICA E SEGURANCA PUBLICA;43;SUBVENCOES SOCIAIS;1;SUBVENCOES SOCIAIS;10;RECURSOS ORDINARIOS - RECURSOS NAO VINCULADOS DE IMPOSTOS;62798,27;62798,27;62798,27
9318155;36;2025-06-18 00:00:00;ACAO SOCIAL CENTRO DE REINTEGRACAO A SOCIEDADE MAIS QUE VENCEDORES;16.801.598/0001-58;1451;SEJUSP;SECRETARIA DE ESTADO DE JUSTICA E SEGURANCA PUBLICA;43;SUBVENCOES SOCIAIS;1;SUBVENCOES SOCIAIS;10;RECURSOS ORDINARIOS - RECURSOS NAO VINCULADOS DE IMPOSTOS;78690,62;78690,62;78690,62
9318155;94;2025-10-15 00:00:00;ACAO SOCIAL CENTRO DE REINTEGRACAO A SOCIEDADE MAIS QUE VENCEDORES;16.801.598/0001-58;1451;SEJUSP;SECRETARIA DE ESTADO DE JUSTICA E SEGURANCA PUBLICA;43;SUBVENCOES SOCIAIS;1;SUBVENCOES SOCIAIS;10;RECURSOS ORDINARIOS - RECURSOS NAO VINCULADOS DE IMPOSTOS;40101,0;40101,0;40101,0
9318155;97;2025-11-07 00:00:00;ACAO SOCIAL CENTRO DE REINTEGRACAO A SOCIEDADE MAIS QUE VENCEDORES;16.801.598/0001-58;1451;SEJUSP;SECRETARIA DE ESTADO DE JUSTICA E SEGURANCA PUBLICA;43;SUBVENCOES SOCIAIS;1;SUBVENCOES SOCIAIS;10;RECURSOS ORDINARIOS - RECURSOS NAO VINCULADOS DE IMPOSTOS;40100,99;40100,99;40100,99
9318246;30;2025-05-12 00:00:00;SER - SERVICO EVANGELICO DE REABILITACAO DE ARAGUARI;03.424.768/0001-80;1451;SEJUSP;SECRETARIA DE ESTADO DE JUSTICA E SEGURANCA PUBLICA;43;SUBVENCOES SOCIAIS;1;SUBVENCOES SOCIAIS;10;RECURSOS ORDINARIOS - RECURSOS NAO VINCULADOS DE IMPOSTOS;31815,81;31815,81;31815,81
9318246;32;2025-06-17 00:00:00;SER - SERVICO EVANGELICO DE REABILITACAO DE ARAGUARI;03.424.768/0001-80;1451;SEJUSP;SECRETARIA DE ESTADO DE JUSTICA E SEGURANCA PUBLICA;43;SUBVENCOES SOCIAIS;1;SUBVENCOES SOCIAIS;10;RECURSOS ORDINARIOS - RECURSOS NAO VINCULADOS DE IMPOSTOS;82015,62;82015,62;82015,62
9318341;39;2025-06-18 00:00:00;ASSOCIACAO CRISTA BANCO DA SOLIDARIEDADE;10.320.290/0001-04;1451;SEJUSP;SECRETARIA DE ESTADO DE JUSTICA E SEGURANCA PUBLICA;43;SUBVENCOES SOCIAIS;1;SUBVENCOES SOCIAIS;10;RECURSOS ORDINARIOS - RECURSOS NAO VINCULADOS DE IMPOSTOS;74292,7;74292,7;74292,7
9318341;109;2025-12-02 00:00:00;ASSOCIACAO CRISTA BANCO DA SOLIDARIEDADE;10.320.290/0001-04;1451;SEJUSP;SECRETARIA DE ESTADO DE JUSTICA E SEGURANCA PUBLICA;43;SUBVENCOES SOCIAIS;1;SUBVENCOES SOCIAIS;10;RECURSOS ORDINARIOS - RECURSOS NAO VINCULADOS DE IMPOSTOS;94926,71;94926,71;94926,71
9318347;40;2025-06-18 00:00:00;COMUNIDADE TERAPEUTICA CASA DIA;04.970.973/0001-04;1451;SEJUSP;SECRETARIA DE ESTADO DE JUSTICA E SEGURANCA PUBLICA;43;SUBVENCOES SOCIAIS;1;SUBVENCOES SOCIAIS;10;RECURSOS ORDINARIOS - RECURSOS NAO VINCULADOS DE IMPOSTOS;51924,31;51924,31;51924,31
9318347;102;2025-11-18 00:00:00;COMUNIDADE TERAPEUTICA CASA DIA;04.970.973/0001-04;1451;SEJUSP;SECRETARIA DE ESTADO DE JUSTICA E SEGURANCA PUBLICA;43;SUBVENCOES SOCIAIS;1;SUBVENCOES SOCIAIS;10;RECURSOS ORDINARIOS - RECURSOS NAO VINCULADOS DE IMPOSTOS;41467,53;41467,53;41467,53
9318350;63;2025-06-26 00:00:00;COMUNIDADE TERAPEUTICA FILHOS DO REI;13.134.031/0001-87;1451;SEJUSP;SECRETARIA DE ESTADO DE JUSTICA E SEGURANCA PUBLICA;43;SUBVENCOES SOCIAIS;1;SUBVENCOES SOCIAIS;10;RECURSOS ORDINARIOS - RECURSOS NAO VINCULADOS DE IMPOSTOS;52169,09;52169,09;52169,09
9318441;48;2025-06-23 00:00:00;CENTRO DE REINTEGRACAO SOCIAL BEIJA-FLOR;04.327.366/0002-01;1451;SEJUSP;SECRETARIA DE ESTADO DE JUSTICA E SEGURANCA PUBLICA;43;SUBVENCOES SOCIAIS;1;SUBVENCOES SOCIAIS;10;RECURSOS ORDINARIOS - RECURSOS NAO VINCULADOS DE IMPOSTOS;84588,24;84588,24;84588,24
9318481;60;2025-06-26 00:00:00;CEAMI - REABILITACAO PARA A VIDA;03.744.116/0001-23;1451;SEJUSP;SECRETARIA DE ESTADO DE JUSTICA E SEGURANCA PUBLICA;43;SUBVENCOES SOCIAIS;1;SUBVENCOES SOCIAIS;10;RECURSOS ORDINARIOS - RECURSOS NAO VINCULADOS DE IMPOSTOS;81854,4;81854,4;81854,4
9318532;65;2025-06-26 00:00:00;COMUNIDADE TERAPEUTICA ETM;09.405.431/0001-02;1451;SEJUSP;SECRETARIA DE ESTADO DE JUSTICA E SEGURANCA PUBLICA;43;SUBVENCOES SOCIAIS;1;SUBVENCOES SOCIAIS;10;RECURSOS ORDINARIOS - RECURSOS NAO VINCULADOS DE IMPOSTOS;93634,48;93634,48;93634,48
9318589;51;2025-06-26 00:00:00;ASSOCIACAO BATISTA DE ASSISTENCIA SOCIAL;17.177.874/0001-11;1451;SEJUSP;SECRETARIA DE ESTADO DE JUSTICA E SEGURANCA PUBLICA;43;SUBVENCOES SOCIAIS;1;SUBVENCOES SOCIAIS;10;RECURSOS ORDINARIOS - RECURSOS NAO VINCULADOS DE IMPOSTOS;56901,79;56901,79;56901,79
9318616;57;2025-06-26 00:00:00;ASSOCIACAO TEMPLO DE ISRAEL;11.423.964/0001-69;1451;SEJUSP;SECRETARIA DE ESTADO DE JUSTICA E SEGURANCA PUBLICA;43;SUBVENCOES SOCIAIS;1;SUBVENCOES SOCIAIS;10;RECURSOS ORDINARIOS - RECURSOS NAO VINCULADOS DE IMPOSTOS;74019,67;74019,67;74019,67
9318616;99;2025-11-07 00:00:00;ASSOCIACAO TEMPLO DE ISRAEL;11.423.964/0001-69;1451;SEJUSP;SECRETARIA DE ESTADO DE JUSTICA E SEGURANCA PUBLICA;43;SUBVENCOES SOCIAIS;1;SUBVENCOES SOCIAIS;10;RECURSOS ORDINARIOS - RECURSOS NAO VINCULADOS DE IMPOSTOS;44343,62;44343,62;0,0
9318638;9;2025-03-14 00:00:00;ASSOCIACAO ESPORTIVA FUTEBOL E VIDA;20.628.142/0001-05;1451;SEJUSP;SECRETARIA DE ESTADO DE JUSTICA E SEGURANCA PUBLICA;43;SUBVENCOES SOCIAIS;1;SUBVENCOES SOCIAIS;10;RECURSOS ORDINARIOS - RECURSOS NAO VINCULADOS DE IMPOSTOS;75000,0;75000,0;75000,0
9318638;77;2025-09-03 00:00:00;ASSOCIACAO ESPORTIVA FUTEBOL E VIDA;20.628.142/0001-05;1451;SEJUSP;SECRETARIA DE ESTADO DE JUSTICA E SEGURANCA PUBLICA;43;SUBVENCOES SOCIAIS;1;SUBVENCOES SOCIAIS;10;RECURSOS ORDINARIOS - RECURSOS NAO VINCULADOS DE IMPOSTOS;66328,68;66328,68;66328,68
9318645;34;2025-06-17 00:00:00;PROJETO EBENEZER;22.997.041/0001-37;1451;SEJUSP;SECRETARIA DE ESTADO DE JUSTICA E SEGURANCA PUBLICA;43;SUBVENCOES SOCIAIS;1;SUBVENCOES SOCIAIS;10;RECURSOS ORDINARIOS - RECURSOS NAO VINCULADOS DE IMPOSTOS;55225,82;55225,82;55225,82
9318645;103;2025-11-18 00:00:00;PROJETO EBENEZER;22.997.041/0001-37;1451;SEJUSP;SECRETARIA DE ESTADO DE JUSTICA E SEGURANCA PUBLICA;43;SUBVENCOES SOCIAIS;1;SUBVENCOES SOCIAIS;10;RECURSOS ORDINARIOS - RECURSOS NAO VINCULADOS DE IMPOSTOS;52751,92;52751,92;52751,92
9318649;35;2025-06-18 00:00:00;ACAO SOCIAL CENTRO DE REINTEGRACAO A SOCIEDADE MAIS QUE VENCEDORES;16.801.598/0002-39;1451;SEJUSP;SECRETARIA DE ESTADO DE JUSTICA E SEGURANCA PUBLICA;43;SUBVENCOES SOCIAIS;1;SUBVENCOES SOCIAIS;10;RECURSOS ORDINARIOS - RECURSOS NAO VINCULADOS DE IMPOSTOS;73286,08;73286,08;73286,08
9318649;108;2025-12-02 00:00:00;ACAO SOCIAL CENTRO DE REINTEGRACAO A SOCIEDADE MAIS QUE VENCEDORES;16.801.598/0002-39;1451;SEJUSP;SECRETARIA DE ESTADO DE JUSTICA E SEGURANCA PUBLICA;43;SUBVENCOES SOCIAIS;1;SUBVENCOES SOCIAIS;10;RECURSOS ORDINARIOS - RECURSOS NAO VINCULADOS DE IMPOSTOS;91971,82;91971,82;91971,82
9318686;62;2025-06-26 00:00:00;CENTRO MADRE TEREZA;03.759.408/0001-30;1451;SEJUSP;SECRETARIA DE ESTADO DE JUSTICA E SEGURANCA PUBLICA;43;SUBVENCOES SOCIAIS;1;SUBVENCOES SOCIAIS;10;RECURSOS ORDINARIOS - RECURSOS NAO VINCULADOS DE IMPOSTOS;86132,81;86132,81;86132,81
9318691;61;2025-06-26 00:00:00;CENTRO DE RECUPERACAO RESGATANDO VIDAS;03.551.218/0001-22;1451;SEJUSP;SECRETARIA DE ESTADO DE JUSTICA E SEGURANCA PUBLICA;43;SUBVENCOES SOCIAIS;1;SUBVENCOES SOCIAIS;10;RECURSOS ORDINARIOS - RECURSOS NAO VINCULADOS DE IMPOSTOS;82554,34;82554,34;82554,34
9318691;86;2025-10-02 00:00:00;CENTRO DE RECUPERACAO RESGATANDO VIDAS;03.551.218/0001-22;1451;SEJUSP;SECRETARIA DE ESTADO DE JUSTICA E SEGURANCA PUBLICA;43;SUBVENCOES SOCIAIS;1;SUBVENCOES SOCIAIS;10;RECURSOS ORDINARIOS - RECURSOS NAO VINCULADOS DE IMPOSTOS;54643,95;54643,95;54643,95
9318693;59;2025-06-26 00:00:00;CASA DE RECUPERACAO JUNTOS PODEMOS;10.326.600/0001-06;1451;SEJUSP;SECRETARIA DE ESTADO DE JUSTICA E SEGURANCA PUBLICA;43;SUBVENCOES SOCIAIS;1;SUBVENCOES SOCIAIS;10;RECURSOS ORDINARIOS - RECURSOS NAO VINCULADOS DE IMPOSTOS;80939,09;80939,09;80939,09
9318693;113;2025-12-10 00:00:00;CASA DE RECUPERACAO JUNTOS PODEMOS;10.326.600/0001-06;1451;SEJUSP;SECRETARIA DE ESTADO DE JUSTICA E SEGURANCA PUBLICA;43;SUBVENCOES SOCIAIS;1;SUBVENCOES SOCIAIS;10;RECURSOS ORDINARIOS - RECURSOS NAO VINCULADOS DE IMPOSTOS;43795,26;43795,26;43795,26
9318697;7;2025-03-07 00:00:00;CEAMI - REABILITACAO PARA A VIDA;03.744.116/0002-04;1451;SEJUSP;SECRETARIA DE ESTADO DE JUSTICA E SEGURANCA PUBLICA;43;SUBVENCOES SOCIAIS;1;SUBVENCOES SOCIAIS;10;RECURSOS ORDINARIOS - RECURSOS NAO VINCULADOS DE IMPOSTOS;86954,0;86954,0;86954,0
9318697;72;2025-08-14 00:00:00;CEAMI - REABILITACAO PARA A VIDA;03.744.116/0002-04;1451;SEJUSP;SECRETARIA DE ESTADO DE JUSTICA E SEGURANCA PUBLICA;43;SUBVENCOES SOCIAIS;1;SUBVENCOES SOCIAIS;10;RECURSOS ORDINARIOS - RECURSOS NAO VINCULADOS DE IMPOSTOS;70824,64;70824,64;70824,64
9318705;56;2025-06-26 00:00:00;ASS NUCLEO DE APOIO TOXICOM E ALCOOL FAZ AGUA VIVA-;22.706.287/0001-02;1451;SEJUSP;SECRETARIA DE ESTADO DE JUSTICA E SEGURANCA PUBLICA;43;SUBVENCOES SOCIAIS;1;SUBVENCOES SOCIAIS;10;RECURSOS ORDINARIOS - RECURSOS NAO VINCULADOS DE IMPOSTOS;80685,24;80685,24;80685,24
9318705;100;2025-11-07 00:00:00;ASS NUCLEO DE APOIO TOXICOM E ALCOOL FAZ AGUA VIVA-;22.706.287/0001-02;1451;SEJUSP;SECRETARIA DE ESTADO DE JUSTICA E SEGURANCA PUBLICA;43;SUBVENCOES SOCIAIS;1;SUBVENCOES SOCIAIS;10;RECURSOS ORDINARIOS - RECURSOS NAO VINCULADOS DE IMPOSTOS;52852,08;52852,08;52852,08
9318706;58;2025-06-26 00:00:00;ASSOCIACAO WILSON DE SOUZA LOPES;73.869.877/0001-97;1451;SEJUSP;SECRETARIA DE ESTADO DE JUSTICA E SEGURANCA PUBLICA;43;SUBVENCOES SOCIAIS;1;SUBVENCOES SOCIAIS;10;RECURSOS ORDINARIOS - RECURSOS NAO VINCULADOS DE IMPOSTOS;73297,89;73297,89;73297,89
9318706;111;2025-12-02 00:00:00;ASSOCIACAO WILSON DE SOUZA LOPES;73.869.877/0001-97;1451;SEJUSP;SECRETARIA DE ESTADO DE JUSTICA E SEGURANCA PUBLICA;43;SUBVENCOES SOCIAIS;1;SUBVENCOES SOCIAIS;10;RECURSOS ORDINARIOS - RECURSOS NAO VINCULADOS DE IMPOSTOS;52785,94;52785,94;52785,94
9318722;54;2025-06-26 00:00:00;ASSOCIACAO FAZENDA RENASCER;17.515.115/0001-11;1451;SEJUSP;SECRETARIA DE ESTADO DE JUSTICA E SEGURANCA PUBLICA;43;SUBVENCOES SOCIAIS;1;SUBVENCOES SOCIAIS;10;RECURSOS ORDINARIOS - RECURSOS NAO VINCULADOS DE IMPOSTOS;56836,36;56836,36;56836,36
9318722;149;2025-12-24 00:00:00;ASSOCIACAO FAZENDA RENASCER;17.515.115/0001-11;1451;SEJUSP;SECRETARIA DE ESTADO DE JUSTICA E SEGURANCA PUBLICA;43;SUBVENCOES SOCIAIS;1;SUBVENCOES SOCIAIS;10;RECURSOS ORDINARIOS - RECURSOS NAO VINCULADOS DE IMPOSTOS;103444,71;103444,71;103444,71
9318860;45;2025-06-18 00:00:00;GRUPO EDUCACAO, ETICA E CIDADANIA;05.543.739/0001-63;1451;SEJUSP;SECRETARIA DE ESTADO DE JUSTICA E SEGURANCA PUBLICA;43;SUBVENCOES SOCIAIS;1;SUBVENCOES SOCIAIS;10;RECURSOS ORDINARIOS - RECURSOS NAO VINCULADOS DE IMPOSTOS;76095,69;76095,69;76095,69
9318860;147;2025-12-23 00:00:00;GRUPO EDUCACAO, ETICA E CIDADANIA;05.543.739/0001-63;1451;SEJUSP;SECRETARIA DE ESTADO DE JUSTICA E SEGURANCA PUBLICA;43;SUBVENCOES SOCIAIS;1;SUBVENCOES SOCIAIS;10;RECURSOS ORDINARIOS - RECURSOS NAO VINCULADOS DE IMPOSTOS;48070,75;48070,75;48070,75
9318885;37;2025-06-18 00:00:00;ASSOCIACAO COMUNIDADE NOVA CRIATURA;11.088.620/0001-40;1451;SEJUSP;SECRETARIA DE ESTADO DE JUSTICA E SEGURANCA PUBLICA;43;SUBVENCOES SOCIAIS;1;SUBVENCOES SOCIAIS;10;RECURSOS ORDINARIOS - RECURSOS NAO VINCULADOS DE IMPOSTOS;79089,57;79089,57;79089,57
9318885;85;2025-10-02 00:00:00;ASSOCIACAO COMUNIDADE NOVA CRIATURA;11.088.620/0001-40;1451;SEJUSP;SECRETARIA DE ESTADO DE JUSTICA E SEGURANCA PUBLICA;43;SUBVENCOES SOCIAIS;1;SUBVENCOES SOCIAIS;10;RECURSOS ORDINARIOS - RECURSOS NAO VINCULADOS DE IMPOSTOS;59008,96;59008,96;59008,96
9318888;52;2025-06-26 00:00:00;CENTRO DE RESTAURACAO VIDA NOVA;09.219.152/0001-54;1451;SEJUSP;SECRETARIA DE ESTADO DE JUSTICA E SEGURANCA PUBLICA;43;SUBVENCOES SOCIAIS;1;SUBVENCOES SOCIAIS;10;RECURSOS ORDINARIOS - RECURSOS NAO VINCULADOS DE IMPOSTOS;58286,43;58286,43;58286,43
9321214;48;2025-04-04 00:00:00;ASSOC. DE PROT. E ASSIST. AOS CONENADOS DE RIO PIRACICABA;09.420.397/0001-45;1451;SEJUSP;SECRETARIA DE ESTADO DE JUSTICA E SEGURANCA PUBLICA;43;SUBVENCOES SOCIAIS;1;SUBVENCOES SOCIAIS;10;RECURSOS ORDINARIOS - RECURSOS NAO VINCULADOS DE IMPOSTOS;203901,58;203901,58;203901,58
9321214;92;2025-04-15 00:00:00;ASSOC. DE PROT. E ASSIST. AOS CONENADOS DE RIO PIRACICABA;09.420.397/0001-45;1451;SEJUSP;SECRETARIA DE ESTADO DE JUSTICA E SEGURANCA PUBLICA;43;SUBVENCOES SOCIAIS;1;SUBVENCOES SOCIAIS;60;RECURSOS DIRETAMENTE ARRECADADOS;960553,79;960553,79;960553,79
9321215;43;2025-04-04 00:00:00;APAC DE POUSO ALEGRE FEMININO;34.843.762/0001-71;1451;SEJUSP;SECRETARIA DE ESTADO DE JUSTICA E SEGURANCA PUBLICA;43;SUBVENCOES SOCIAIS;1;SUBVENCOES SOCIAIS;10;RECURSOS ORDINARIOS - RECURSOS NAO VINCULADOS DE IMPOSTOS;177120,04;177120,04;177120,04
9321215;45;2025-04-04 00:00:00;APAC DE POUSO ALEGRE FEMININO;34.843.762/0001-71;1451;SEJUSP;SECRETARIA DE ESTADO DE JUSTICA E SEGURANCA PUBLICA;43;SUBVENCOES SOCIAIS;1;SUBVENCOES SOCIAIS;10;RECURSOS ORDINARIOS - RECURSOS NAO VINCULADOS DE IMPOSTOS;0,0;0,0;0,0
9321215;90;2025-04-15 00:00:00;APAC DE POUSO ALEGRE FEMININO;34.843.762/0001-71;1451;SEJUSP;SECRETARIA DE ESTADO DE JUSTICA E SEGURANCA PUBLICA;43;SUBVENCOES SOCIAIS;1;SUBVENCOES SOCIAIS;60;RECURSOS DIRETAMENTE ARRECADADOS;935315,02;935315,02;935315,02
9321217;20;2025-04-04 00:00:00;ASSOCIACAO DE PROTECAO E ASSISTENCIA AOS CONDENADOS - FRUTAL/MG;07.409.988/0001-96;1451;SEJUSP;SECRETARIA DE ESTADO DE JUSTICA E SEGURANCA PUBLICA;43;SUBVENCOES SOCIAIS;1;SUBVENCOES SOCIAIS;10;RECURSOS ORDINARIOS - RECURSOS NAO VINCULADOS DE IMPOSTOS;323617,48;323617,48;323617,48
9321217;59;2025-04-15 00:00:00;ASSOCIACAO DE PROTECAO E ASSISTENCIA AOS CONDENADOS - FRUTAL/MG;07.409.988/0001-96;1451;SEJUSP;SECRETARIA DE ESTADO DE JUSTICA E SEGURANCA PUBLICA;43;SUBVENCOES SOCIAIS;1;SUBVENCOES SOCIAIS;60;RECURSOS DIRETAMENTE ARRECADADOS;3127479,16;3127479,16;3127479,16
9321218;13;2025-04-04 00:00:00;ASSOC. DE PROT. E ASSIST. AOS CONENADOS DE S. J. DEL REI MASC.;07.899.489/0001-24;1451;SEJUSP;SECRETARIA DE ESTADO DE JUSTICA E SEGURANCA PUBLICA;43;SUBVENCOES SOCIAIS;1;SUBVENCOES SOCIAIS;10;RECURSOS ORDINARIOS - RECURSOS NAO VINCULADOS DE IMPOSTOS;376905,84;376905,84;376905,84
9321218;76;2025-04-15 00:00:00;ASSOC. DE PROT. E ASSIST. AOS CONENADOS DE S. J. DEL REI MASC.;07.899.489/0001-24;1451;SEJUSP;SECRETARIA DE ESTADO DE JUSTICA E SEGURANCA PUBLICA;43;SUBVENCOES SOCIAIS;1;SUBVENCOES SOCIAIS;60;RECURSOS DIRETAMENTE ARRECADADOS;4274811,41;4274811,41;4274811,41
9321219;12;2025-04-04 00:00:00;APAC SETE LAGOAS;04.698.279/0001-80;1451;SEJUSP;SECRETARIA DE ESTADO DE JUSTICA E SEGURANCA PUBLICA;43;SUBVENCOES SOCIAIS;1;SUBVENCOES SOCIAIS;10;RECURSOS ORDINARIOS - RECURSOS NAO VINCULADOS DE IMPOSTOS;0,0;0,0;0,0
9321219;100;2025-04-16 00:00:00;APAC SETE LAGOAS;04.698.279/0001-80;1451;SEJUSP;SECRETARIA DE ESTADO DE JUSTICA E SEGURANCA PUBLICA;43;SUBVENCOES SOCIAIS;1;SUBVENCOES SOCIAIS;60;RECURSOS DIRETAMENTE ARRECADADOS;2148006,57;2148006,57;2148006,57
9321220;22;2025-04-04 00:00:00;ASSOC. DE PROT. E ASSIST. AO CONDENADO DE INHAPIM;06.931.578/0001-48;1451;SEJUSP;SECRETARIA DE ESTADO DE JUSTICA E SEGURANCA PUBLICA;43;SUBVENCOES SOCIAIS;1;SUBVENCOES SOCIAIS;10;RECURSOS ORDINARIOS - RECURSOS NAO VINCULADOS DE IMPOSTOS;283170,9;283170,9;283170,9
9321220;63;2025-04-15 00:00:00;ASSOC. DE PROT. E ASSIST. AO CONDENADO DE INHAPIM;06.931.578/0001-48;1451;SEJUSP;SECRETARIA DE ESTADO DE JUSTICA E SEGURANCA PUBLICA;43;SUBVENCOES SOCIAIS;1;SUBVENCOES SOCIAIS;60;RECURSOS DIRETAMENTE ARRECADADOS;1492007,9;1492007,9;1492007,9
9321221;38;2025-04-04 00:00:00;ASSOC. DE PROT. E ASSIST. AO CONDENADO DE PIRAPORA;07.677.802/0001-80;1451;SEJUSP;SECRETARIA DE ESTADO DE JUSTICA E SEGURANCA PUBLICA;43;SUBVENCOES SOCIAIS;1;SUBVENCOES SOCIAIS;10;RECURSOS ORDINARIOS - RECURSOS NAO VINCULADOS DE IMPOSTOS;233077,81;233077,81;233077,81
9321221;39;2025-04-04 00:00:00;ASSOC. DE PROT. E ASSIST. AO CONDENADO DE PIRAPORA;07.677.802/0001-80;1451;SEJUSP;SECRETARIA DE ESTADO DE JUSTICA E SEGURANCA PUBLICA;43;SUBVENCOES SOCIAIS;1;SUBVENCOES SOCIAIS;10;RECURSOS ORDINARIOS - RECURSOS NAO VINCULADOS DE IMPOSTOS;0,0;0,0;0,0
9321221;89;2025-04-15 00:00:00;ASSOC. DE PROT. E ASSIST. AO CONDENADO DE PIRAPORA;07.677.802/0001-80;1451;SEJUSP;SECRETARIA DE ESTADO DE JUSTICA E SEGURANCA PUBLICA;43;SUBVENCOES SOCIAIS;1;SUBVENCOES SOCIAIS;60;RECURSOS DIRETAMENTE ARRECADADOS;2591360,17;2591360,17;2591360,17
9321223;14;2025-04-04 00:00:00;ASSOC. DE PROT. E ASSIST. AO CONDENADO DE ARCOS;05.131.480/0001-43;1451;SEJUSP;SECRETARIA DE ESTADO DE JUSTICA E SEGURANCA PUBLICA;43;SUBVENCOES SOCIAIS;1;SUBVENCOES SOCIAIS;10;RECURSOS ORDINARIOS - RECURSOS NAO VINCULADOS DE IMPOSTOS;218069,22;218069,22;218069,22
9321223;77;2025-04-15 00:00:00;ASSOC. DE PROT. E ASSIST. AO CONDENADO DE ARCOS;05.131.480/0001-43;1451;SEJUSP;SECRETARIA DE ESTADO DE JUSTICA E SEGURANCA PUBLICA;43;SUBVENCOES SOCIAIS;1;SUBVENCOES SOCIAIS;60;RECURSOS DIRETAMENTE ARRECADADOS;1120470,16;1120470,16;1120470,16
9321224;24;2025-04-04 00:00:00;ASSOCIACAO DE PROTECAO E ASSISTENCIA AOS CONDENADOS;20.928.032/0001-69;1451;SEJUSP;SECRETARIA DE ESTADO DE JUSTICA E SEGURANCA PUBLICA;43;SUBVENCOES SOCIAIS;1;SUBVENCOES SOCIAIS;10;RECURSOS ORDINARIOS - RECURSOS NAO VINCULADOS DE IMPOSTOS;166570,76;166570,76;166570,76
9321224;65;2025-04-15 00:00:00;ASSOCIACAO DE PROTECAO E ASSISTENCIA AOS CONDENADOS;20.928.032/0001-69;1451;SEJUSP;SECRETARIA DE ESTADO DE JUSTICA E SEGURANCA PUBLICA;43;SUBVENCOES SOCIAIS;1;SUBVENCOES SOCIAIS;60;RECURSOS DIRETAMENTE ARRECADADOS;577397,65;577397,65;577397,65
9321225;25;2025-04-04 00:00:00;ASSOCIACAO DE PROTECAO E ASSISTENCIA AOS CONDENADOS;20.928.032/0001-69;1451;SEJUSP;SECRETARIA DE ESTADO DE JUSTICA E SEGURANCA PUBLICA;43;SUBVENCOES SOCIAIS;1;SUBVENCOES SOCIAIS;10;RECURSOS ORDINARIOS - RECURSOS NAO VINCULADOS DE IMPOSTOS;0,0;0,0;0,0
9321225;98;2025-04-16 00:00:00;ASSOCIACAO DE PROTECAO E ASSISTENCIA AOS CONDENADOS;20.928.032/0001-69;1451;SEJUSP;SECRETARIA DE ESTADO DE JUSTICA E SEGURANCA PUBLICA;43;SUBVENCOES SOCIAIS;1;SUBVENCOES SOCIAIS;60;RECURSOS DIRETAMENTE ARRECADADOS;2956084,72;2956084,72;2956084,72
9321226;26;2025-04-04 00:00:00;ASSOC. DE PROT. E ASSIST. AO CONDENADO DE ITUIUTABA;08.669.795/0001-37;1451;SEJUSP;SECRETARIA DE ESTADO DE JUSTICA E SEGURANCA PUBLICA;43;SUBVENCOES SOCIAIS;1;SUBVENCOES SOCIAIS;10;RECURSOS ORDINARIOS - RECURSOS NAO VINCULADOS DE IMPOSTOS;364778,41;364778,41;364778,41
9321226;66;2025-04-15 00:00:00;ASSOC. DE PROT. E ASSIST. AO CONDENADO DE ITUIUTABA;08.669.795/0001-37;1451;SEJUSP;SECRETARIA DE ESTADO DE JUSTICA E SEGURANCA PUBLICA;43;SUBVENCOES SOCIAIS;1;SUBVENCOES SOCIAIS;60;RECURSOS DIRETAMENTE ARRECADADOS;1159619,53;1159619,53;1159619,53
9321226;67;2025-04-15 00:00:00;ASSOC. DE PROT. E ASSIST. AO CONDENADO DE ITUIUTABA;08.669.795/0001-37;1451;SEJUSP;SECRETARIA DE ESTADO DE JUSTICA E SEGURANCA PUBLICA;43;SUBVENCOES SOCIAIS;1;SUBVENCOES SOCIAIS;60;RECURSOS DIRETAMENTE ARRECADADOS;0,0;0,0;0,0
9321227;27;2025-04-04 00:00:00;ASSOC. DE PROT. E ASSIST. AO CONDENADO DE JANUARIA;08.358.883/0001-18;1451;SEJUSP;SECRETARIA DE ESTADO DE JUSTICA E SEGURANCA PUBLICA;43;SUBVENCOES SOCIAIS;1;SUBVENCOES SOCIAIS;10;RECURSOS ORDINARIOS - RECURSOS NAO VINCULADOS DE IMPOSTOS;148715,04;148715,04;148715,04
9321227;68;2025-04-15 00:00:00;ASSOC. DE PROT. E ASSIST. AO CONDENADO DE JANUARIA;08.358.883/0001-18;1451;SEJUSP;SECRETARIA DE ESTADO DE JUSTICA E SEGURANCA PUBLICA;43;SUBVENCOES SOCIAIS;1;SUBVENCOES SOCIAIS;60;RECURSOS DIRETAMENTE ARRECADADOS;1525262,2;1525262,2;1525262,2
9321228;28;2025-04-04 00:00:00;ASSOC. DE PROT. E ASSIST. AO CONDENADO DE LAGOA DA PRATA;07.472.312/0001-47;1451;SEJUSP;SECRETARIA DE ESTADO DE JUSTICA E SEGURANCA PUBLICA;43;SUBVENCOES SOCIAIS;1;SUBVENCOES SOCIAIS;10;RECURSOS ORDINARIOS - RECURSOS NAO VINCULADOS DE IMPOSTOS;225366,85;225366,85;225366,85
9321228;71;2025-04-15 00:00:00;ASSOC. DE PROT. E ASSIST. AO CONDENADO DE LAGOA DA PRATA;07.472.312/0001-47;1451;SEJUSP;SECRETARIA DE ESTADO DE JUSTICA E SEGURANCA PUBLICA;43;SUBVENCOES SOCIAIS;1;SUBVENCOES SOCIAIS;60;RECURSOS DIRETAMENTE ARRECADADOS;2119544,36;2119544,36;2119544,36
9321229;33;2025-04-04 00:00:00;ASSOC. DE PROT. E ASSIST. AO CONDENADO DE PASSOS;03.672.339/0001-22;1451;SEJUSP;SECRETARIA DE ESTADO DE JUSTICA E SEGURANCA PUBLICA;43;SUBVENCOES SOCIAIS;1;SUBVENCOES SOCIAIS;10;RECURSOS ORDINARIOS - RECURSOS NAO VINCULADOS DE IMPOSTOS;455933,28;455933,28;455933,28
9321229;83;2025-04-15 00:00:00;ASSOC. DE PROT. E ASSIST. AO CONDENADO DE PASSOS;03.672.339/0001-22;1451;SEJUSP;SECRETARIA DE ESTADO DE JUSTICA E SEGURANCA PUBLICA;43;SUBVENCOES SOCIAIS;1;SUBVENCOES SOCIAIS;60;RECURSOS DIRETAMENTE ARRECADADOS;2341123,83;2341123,83;2341123,83
9321230;34;2025-04-04 00:00:00;ASSOC. DE PROT. E ASSIST. AO CONDENADO DE PATOS DE MINAS;13.570.749/0001-16;1451;SEJUSP;SECRETARIA DE ESTADO DE JUSTICA E SEGURANCA PUBLICA;43;SUBVENCOES SOCIAIS;1;SUBVENCOES SOCIAIS;10;RECURSOS ORDINARIOS - RECURSOS NAO VINCULADOS DE IMPOSTOS;171932,83;171932,83;171932,83
9321230;84;2025-04-15 00:00:00;ASSOC. DE PROT. E ASSIST. AO CONDENADO DE PATOS DE MINAS;13.570.749/0001-16;1451;SEJUSP;SECRETARIA DE ESTADO DE JUSTICA E SEGURANCA PUBLICA;43;SUBVENCOES SOCIAIS;1;SUBVENCOES SOCIAIS;60;RECURSOS DIRETAMENTE ARRECADADOS;2140118,38;2140118,38;2140118,38
9321231;35;2025-04-04 00:00:00;ASSOC. DE PROT. E ASSIST. AO CONDENADO DE PATROCINIO;01.349.619/0001-79;1451;SEJUSP;SECRETARIA DE ESTADO DE JUSTICA E SEGURANCA PUBLICA;43;SUBVENCOES SOCIAIS;1;SUBVENCOES SOCIAIS;10;RECURSOS ORDINARIOS - RECURSOS NAO VINCULADOS DE IMPOSTOS;217910,07;217910,07;217910,07
9321231;85;2025-04-15 00:00:00;ASSOC. DE PROT. E ASSIST. AO CONDENADO DE PATROCINIO;01.349.619/0001-79;1451;SEJUSP;SECRETARIA DE ESTADO DE JUSTICA E SEGURANCA PUBLICA;43;SUBVENCOES SOCIAIS;1;SUBVENCOES SOCIAIS;60;RECURSOS DIRETAMENTE ARRECADADOS;2048210,53;2048210,53;2048210,53
9321232;37;2025-04-04 00:00:00;ASSOC. DE PROT. E ASSIST. AO CONDENADO DE PERDOES;06.118.334/0001-40;1451;SEJUSP;SECRETARIA DE ESTADO DE JUSTICA E SEGURANCA PUBLICA;43;SUBVENCOES SOCIAIS;1;SUBVENCOES SOCIAIS;10;RECURSOS ORDINARIOS - RECURSOS NAO VINCULADOS DE IMPOSTOS;313482,94;313482,94;313482,94
9321232;88;2025-04-15 00:00:00;ASSOC. DE PROT. E ASSIST. AO CONDENADO DE PERDOES;06.118.334/0001-40;1451;SEJUSP;SECRETARIA DE ESTADO DE JUSTICA E SEGURANCA PUBLICA;43;SUBVENCOES SOCIAIS;1;SUBVENCOES SOCIAIS;60;RECURSOS DIRETAMENTE ARRECADADOS;1522408,24;1522408,24;1522408,24
9321233;47;2025-04-04 00:00:00;APAC-ASSOCIACAO DE PROTECAO E ASSISTENCIA AOS CONDENADOS DE POUSO ALEG;06.022.588/0001-60;1451;SEJUSP;SECRETARIA DE ESTADO DE JUSTICA E SEGURANCA PUBLICA;43;SUBVENCOES SOCIAIS;1;SUBVENCOES SOCIAIS;10;RECURSOS ORDINARIOS - RECURSOS NAO VINCULADOS DE IMPOSTOS;287922,36;287922,36;287922,36
9321233;91;2025-04-15 00:00:00;APAC-ASSOCIACAO DE PROTECAO E ASSISTENCIA AOS CONDENADOS DE POUSO ALEG;06.022.588/0001-60;1451;SEJUSP;SECRETARIA DE ESTADO DE JUSTICA E SEGURANCA PUBLICA;43;SUBVENCOES SOCIAIS;1;SUBVENCOES SOCIAIS;60;RECURSOS DIRETAMENTE ARRECADADOS;2604087,31;2604087,31;2604087,31
9321234;46;2025-04-04 00:00:00;ASSOC. DE PROT. E ASSIST. AOS CONENADOS DE SALINAS;08.112.569/0001-50;1451;SEJUSP;SECRETARIA DE ESTADO DE JUSTICA E SEGURANCA PUBLICA;43;SUBVENCOES SOCIAIS;1;SUBVENCOES SOCIAIS;10;RECURSOS ORDINARIOS - RECURSOS NAO VINCULADOS DE IMPOSTOS;141332,29;141332,29;141332,29
9321234;93;2025-04-15 00:00:00;ASSOC. DE PROT. E ASSIST. AOS CONENADOS DE SALINAS;08.112.569/0001-50;1451;SEJUSP;SECRETARIA DE ESTADO DE JUSTICA E SEGURANCA PUBLICA;43;SUBVENCOES SOCIAIS;1;SUBVENCOES SOCIAIS;60;RECURSOS DIRETAMENTE ARRECADADOS;1552693,99;1552693,99;1552693,99
9321236;44;2025-04-04 00:00:00;ASSOC. DE PROT. E ASSIST. AOS CONENADOS DE SANTA BARBARA;05.134.204/0001-39;1451;SEJUSP;SECRETARIA DE ESTADO DE JUSTICA E SEGURANCA PUBLICA;43;SUBVENCOES SOCIAIS;1;SUBVENCOES SOCIAIS;10;RECURSOS ORDINARIOS - RECURSOS NAO VINCULADOS DE IMPOSTOS;205924,5;205924,5;205924,5
9321236;69;2025-04-15 00:00:00;ASSOC. DE PROT. E ASSIST. AOS CONENADOS DE SANTA BARBARA;05.134.204/0001-39;1451;SEJUSP;SECRETARIA DE ESTADO DE JUSTICA E SEGURANCA PUBLICA;43;SUBVENCOES SOCIAIS;1;SUBVENCOES SOCIAIS;60;RECURSOS DIRETAMENTE ARRECADADOS;1030755,41;1030755,41;1030755,41
9321237;11;2025-04-04 00:00:00;ASSOC. DE PROT. E ASSIST. AOS CONENADOS DE TEOFILO OTONI;06.947.893/0001-63;1451;SEJUSP;SECRETARIA DE ESTADO DE JUSTICA E SEGURANCA PUBLICA;43;SUBVENCOES SOCIAIS;1;SUBVENCOES SOCIAIS;10;RECURSOS ORDINARIOS - RECURSOS NAO VINCULADOS DE IMPOSTOS;120692,47;120692,47;120692,47
9321237;81;2025-04-15 00:00:00;ASSOC. DE PROT. E ASSIST. AOS CONENADOS DE TEOFILO OTONI;06.947.893/0001-63;1451;SEJUSP;SECRETARIA DE ESTADO DE JUSTICA E SEGURANCA PUBLICA;43;SUBVENCOES SOCIAIS;1;SUBVENCOES SOCIAIS;60;RECURSOS DIRETAMENTE ARRECADADOS;1267222,4;1267222,4;1267222,4
9321238;7;2025-04-04 00:00:00;ASSOC. DE PROT. E ASSIST. AOS CONENADOS DE VICOSA;06.199.788/0001-93;1451;SEJUSP;SECRETARIA DE ESTADO DE JUSTICA E SEGURANCA PUBLICA;43;SUBVENCOES SOCIAIS;1;SUBVENCOES SOCIAIS;10;RECURSOS ORDINARIOS - RECURSOS NAO VINCULADOS DE IMPOSTOS;164157,34;164157,34;164157,34
9321238;86;2025-04-15 00:00:00;ASSOC. DE PROT. E ASSIST. AOS CONENADOS DE VICOSA;06.199.788/0001-93;1451;SEJUSP;SECRETARIA DE ESTADO DE JUSTICA E SEGURANCA PUBLICA;43;SUBVENCOES SOCIAIS;1;SUBVENCOES SOCIAIS;60;RECURSOS DIRETAMENTE ARRECADADOS;868269,98;868269,98;868269,98
9321242;32;2025-04-04 00:00:00;ASSOC. DE PROT. E ASSIST. AO CONDENADO DE PARACATU;06.195.998/0001-03;1451;SEJUSP;SECRETARIA DE ESTADO DE JUSTICA E SEGURANCA PUBLICA;43;SUBVENCOES SOCIAIS;1;SUBVENCOES SOCIAIS;10;RECURSOS ORDINARIOS - RECURSOS NAO VINCULADOS DE IMPOSTOS;268469,43;268469,43;268469,43
9321242;79;2025-04-15 00:00:00;ASSOC. DE PROT. E ASSIST. AO CONDENADO DE PARACATU;06.195.998/0001-03;1451;SEJUSP;SECRETARIA DE ESTADO DE JUSTICA E SEGURANCA PUBLICA;43;SUBVENCOES SOCIAIS;1;SUBVENCOES SOCIAIS;60;RECURSOS DIRETAMENTE ARRECADADOS;2949944,82;2949944,82;2949944,82
9321243;40;2025-04-04 00:00:00;ASSOC. DE PROT. E ASSIST. AOS CONENADOS DE S. J. DEL REI FEM.;21.325.027/0001-24;1451;SEJUSP;SECRETARIA DE ESTADO DE JUSTICA E SEGURANCA PUBLICA;43;SUBVENCOES SOCIAIS;1;SUBVENCOES SOCIAIS;10;RECURSOS ORDINARIOS - RECURSOS NAO VINCULADOS DE IMPOSTOS;140483,11;140483,11;140483,11
9321243;74;2025-04-15 00:00:00;ASSOC. DE PROT. E ASSIST. AOS CONENADOS DE S. J. DEL REI FEM.;21.325.027/0001-24;1451;SEJUSP;SECRETARIA DE ESTADO DE JUSTICA E SEGURANCA PUBLICA;43;SUBVENCOES SOCIAIS;1;SUBVENCOES SOCIAIS;60;RECURSOS DIRETAMENTE ARRECADADOS;1366595,61;1366595,61;1176727,46
9321244;15;2025-04-04 00:00:00;ASSOC. DE PROT. E ASSIST. AO CONDENADO DE CAMPO BELO;07.259.234/0001-05;1451;SEJUSP;SECRETARIA DE ESTADO DE JUSTICA E SEGURANCA PUBLICA;43;SUBVENCOES SOCIAIS;1;SUBVENCOES SOCIAIS;10;RECURSOS ORDINARIOS - RECURSOS NAO VINCULADOS DE IMPOSTOS;142110,09;142110,09;142110,09
9321244;53;2025-04-15 00:00:00;ASSOC. DE PROT. E ASSIST. AO CONDENADO DE CAMPO BELO;07.259.234/0001-05;1451;SEJUSP;SECRETARIA DE ESTADO DE JUSTICA E SEGURANCA PUBLICA;43;SUBVENCOES SOCIAIS;1;SUBVENCOES SOCIAIS;60;RECURSOS DIRETAMENTE ARRECADADOS;1543428,11;1543428,11;1543428,11
9321245;41;2025-04-04 00:00:00;ASSOC. DE PROT. E ASSIST. AOS CONENADOS DE SANTA MARIA DO SUACUI;06.289.008/0001-04;1451;SEJUSP;SECRETARIA DE ESTADO DE JUSTICA E SEGURANCA PUBLICA;43;SUBVENCOES SOCIAIS;1;SUBVENCOES SOCIAIS;10;RECURSOS ORDINARIOS - RECURSOS NAO VINCULADOS DE IMPOSTOS;100883,19;100883,19;100883,19
9321245;72;2025-04-15 00:00:00;ASSOC. DE PROT. E ASSIST. AOS CONENADOS DE SANTA MARIA DO SUACUI;06.289.008/0001-04;1451;SEJUSP;SECRETARIA DE ESTADO DE JUSTICA E SEGURANCA PUBLICA;43;SUBVENCOES SOCIAIS;1;SUBVENCOES SOCIAIS;60;RECURSOS DIRETAMENTE ARRECADADOS;925378,77;925378,77;925378,77
9321246;31;2025-04-04 00:00:00;ASSOCIACAO DE PROTECAO E ASSISTENCIA AOS CONDENADOS;05.501.573/0001-12;1451;SEJUSP;SECRETARIA DE ESTADO DE JUSTICA E SEGURANCA PUBLICA;43;SUBVENCOES SOCIAIS;1;SUBVENCOES SOCIAIS;10;RECURSOS ORDINARIOS - RECURSOS NAO VINCULADOS DE IMPOSTOS;240133,8;240133,8;240133,8
9321246;78;2025-04-15 00:00:00;ASSOCIACAO DE PROTECAO E ASSISTENCIA AOS CONDENADOS;05.501.573/0001-12;1451;SEJUSP;SECRETARIA DE ESTADO DE JUSTICA E SEGURANCA PUBLICA;43;SUBVENCOES SOCIAIS;1;SUBVENCOES SOCIAIS;60;RECURSOS DIRETAMENTE ARRECADADOS;1949613,78;1949613,78;1949613,78
9321247;6;2025-04-04 00:00:00;ASSOCIACAO DE PROTECAO E ASSITENCIA AOS CONDENADOS - APAC - CARATINGA;08.773.437/0001-70;1451;SEJUSP;SECRETARIA DE ESTADO DE JUSTICA E SEGURANCA PUBLICA;43;SUBVENCOES SOCIAIS;1;SUBVENCOES SOCIAIS;10;RECURSOS ORDINARIOS - RECURSOS NAO VINCULADOS DE IMPOSTOS;243049,8;243049,8;243049,8
9321247;54;2025-04-15 00:00:00;ASSOCIACAO DE PROTECAO E ASSITENCIA AOS CONDENADOS - APAC - CARATINGA;08.773.437/0001-70;1451;SEJUSP;SECRETARIA DE ESTADO DE JUSTICA E SEGURANCA PUBLICA;43;SUBVENCOES SOCIAIS;1;SUBVENCOES SOCIAIS;60;RECURSOS DIRETAMENTE ARRECADADOS;2390771,5;2390771,5;2390771,5
9321248;36;2025-04-04 00:00:00;ASSOC. DE PROT. E ASSIST. AO CONDENADO DE PEDRA AZUL;10.867.575/0001-60;1451;SEJUSP;SECRETARIA DE ESTADO DE JUSTICA E SEGURANCA PUBLICA;43;SUBVENCOES SOCIAIS;1;SUBVENCOES SOCIAIS;10;RECURSOS ORDINARIOS - RECURSOS NAO VINCULADOS DE IMPOSTOS;172888,46;172888,46;172888,46
9321248;87;2025-04-15 00:00:00;ASSOC. DE PROT. E ASSIST. AO CONDENADO DE PEDRA AZUL;10.867.575/0001-60;1451;SEJUSP;SECRETARIA DE ESTADO DE JUSTICA E SEGURANCA PUBLICA;43;SUBVENCOES SOCIAIS;1;SUBVENCOES SOCIAIS;60;RECURSOS DIRETAMENTE ARRECADADOS;888005,01;888005,01;888005,01
9321249;4;2025-04-04 00:00:00;ASSOC. DE PROT. E ASSIST. AO CONDENADO DE ARAXA;23.370.836/0001-83;1451;SEJUSP;SECRETARIA DE ESTADO DE JUSTICA E SEGURANCA PUBLICA;43;SUBVENCOES SOCIAIS;1;SUBVENCOES SOCIAIS;10;RECURSOS ORDINARIOS - RECURSOS NAO VINCULADOS DE IMPOSTOS;279174,92;279174,92;279174,92
9321249;52;2025-04-15 00:00:00;ASSOC. DE PROT. E ASSIST. AO CONDENADO DE ARAXA;23.370.836/0001-83;1451;SEJUSP;SECRETARIA DE ESTADO DE JUSTICA E SEGURANCA PUBLICA;43;SUBVENCOES SOCIAIS;1;SUBVENCOES SOCIAIS;60;RECURSOS DIRETAMENTE ARRECADADOS;1480133,67;1480133,67;1480133,67
9321250;21;2025-04-04 00:00:00;ASSOC. DE PROT. E ASSIST. AO CONDENADO DE GOVERNADOR VALDARES;07.828.198/0001-45;1451;SEJUSP;SECRETARIA DE ESTADO DE JUSTICA E SEGURANCA PUBLICA;43;SUBVENCOES SOCIAIS;1;SUBVENCOES SOCIAIS;10;RECURSOS ORDINARIOS - RECURSOS NAO VINCULADOS DE IMPOSTOS;279014,62;279014,62;279014,62
9321250;60;2025-04-15 00:00:00;ASSOC. DE PROT. E ASSIST. AO CONDENADO DE GOVERNADOR VALDARES;07.828.198/0001-45;1451;SEJUSP;SECRETARIA DE ESTADO DE JUSTICA E SEGURANCA PUBLICA;43;SUBVENCOES SOCIAIS;1;SUBVENCOES SOCIAIS;60;RECURSOS DIRETAMENTE ARRECADADOS;1446625,39;1446625,39;1446625,39
9321278;29;2025-04-04 00:00:00;ASSOCIACAO DE PROTECAO E ASSISTENCIA AOS CONDENADOS;07.625.655/0001-02;1451;SEJUSP;SECRETARIA DE ESTADO DE JUSTICA E SEGURANCA PUBLICA;43;SUBVENCOES SOCIAIS;1;SUBVENCOES SOCIAIS;10;RECURSOS ORDINARIOS - RECURSOS NAO VINCULADOS DE IMPOSTOS;222729,6;222729,6;222729,6
9321278;73;2025-04-15 00:00:00;ASSOCIACAO DE PROTECAO E ASSISTENCIA AOS CONDENADOS;07.625.655/0001-02;1451;SEJUSP;SECRETARIA DE ESTADO DE JUSTICA E SEGURANCA PUBLICA;43;SUBVENCOES SOCIAIS;1;SUBVENCOES SOCIAIS;60;RECURSOS DIRETAMENTE ARRECADADOS;2557732,32;2557732,32;2557732,32
9321306;18;2025-04-04 00:00:00;ASSOC. DE PROT. E ASSIST. AO CONDENADO DE CONS. LAFAIETE MASC.;05.890.676/0001-11;1451;SEJUSP;SECRETARIA DE ESTADO DE JUSTICA E SEGURANCA PUBLICA;43;SUBVENCOES SOCIAIS;1;SUBVENCOES SOCIAIS;10;RECURSOS ORDINARIOS - RECURSOS NAO VINCULADOS DE IMPOSTOS;314034,5;314034,5;314034,5
9321306;57;2025-04-15 00:00:00;ASSOC. DE PROT. E ASSIST. AO CONDENADO DE CONS. LAFAIETE MASC.;05.890.676/0001-11;1451;SEJUSP;SECRETARIA DE ESTADO DE JUSTICA E SEGURANCA PUBLICA;43;SUBVENCOES SOCIAIS;1;SUBVENCOES SOCIAIS;60;RECURSOS DIRETAMENTE ARRECADADOS;3202385,0;3202385,0;3202385,0
9322299;755;2025-05-28 00:00:00;PM CEDRO DO ABAETE;18.296.657/0001-03;1261;SEE;SECRETARIA DE ESTADO DE EDUCACAO;42;AUXILIOS;1;AUXILIOS;10;RECURSOS ORDINARIOS - RECURSOS NAO VINCULADOS DE IMPOSTOS;268106,88;268106,88;268106,88
9322303;1204;2025-05-28 00:00:00;PM PERIQUITO;01.613.077/0001-08;1261;SEE;SECRETARIA DE ESTADO DE EDUCACAO;42;AUXILIOS;1;AUXILIOS;10;RECURSOS ORDINARIOS - RECURSOS NAO VINCULADOS DE IMPOSTOS;171269,26;171269,26;171269,26
9324301;5;2025-04-04 00:00:00;FRATERNIDADE BRASILEIRA DE ASSISTENCIA AOS CONDENADOS;01.528.418/0001-39;1451;SEJUSP;SECRETARIA DE ESTADO DE JUSTICA E SEGURANCA PUBLICA;43;SUBVENCOES SOCIAIS;1;SUBVENCOES SOCIAIS;10;RECURSOS ORDINARIOS - RECURSOS NAO VINCULADOS DE IMPOSTOS;270655,36;270655,36;270655,36
9324301;82;2025-04-15 00:00:00;FRATERNIDADE BRASILEIRA DE ASSISTENCIA AOS CONDENADOS;01.528.418/0001-39;1451;SEJUSP;SECRETARIA DE ESTADO DE JUSTICA E SEGURANCA PUBLICA;43;SUBVENCOES SOCIAIS;1;SUBVENCOES SOCIAIS;60;RECURSOS DIRETAMENTE ARRECADADOS;3052800,31;3052800,31;3052800,31
9324361;8;2025-03-10 00:00:00;CENTRO DE APOIO FAMILIAR ESPECIALIZADO EM ALCOOL E DROGAS - CAFE-AD;33.812.095/0001-05;1451;SEJUSP;SECRETARIA DE ESTADO DE JUSTICA E SEGURANCA PUBLICA;43;SUBVENCOES SOCIAIS;1;SUBVENCOES SOCIAIS;10;RECURSOS ORDINARIOS - RECURSOS NAO VINCULADOS DE IMPOSTOS;78500,0;78500,0;78500,0
9324361;71;2025-08-07 00:00:00;CENTRO DE APOIO FAMILIAR ESPECIALIZADO EM ALCOOL E DROGAS - CAFE-AD;33.812.095/0001-05;1451;SEJUSP;SECRETARIA DE ESTADO DE JUSTICA E SEGURANCA PUBLICA;43;SUBVENCOES SOCIAIS;1;SUBVENCOES SOCIAIS;10;RECURSOS ORDINARIOS - RECURSOS NAO VINCULADOS DE IMPOSTOS;78014,64;78014,64;78014,64
9327062;10;2025-03-14 00:00:00;C.T.L.S.P - CENTRO DE TRATAMENTO LAURA SAIA PALOMBO;10.635.949/0001-11;1451;SEJUSP;SECRETARIA DE ESTADO DE JUSTICA E SEGURANCA PUBLICA;43;SUBVENCOES SOCIAIS;1;SUBVENCOES SOCIAIS;10;RECURSOS ORDINARIOS - RECURSOS NAO VINCULADOS DE IMPOSTOS;86954,0;86954,0;86954,0
9327062;78;2025-09-03 00:00:00;C.T.L.S.P - CENTRO DE TRATAMENTO LAURA SAIA PALOMBO;10.635.949/0001-11;1451;SEJUSP;SECRETARIA DE ESTADO DE JUSTICA E SEGURANCA PUBLICA;43;SUBVENCOES SOCIAIS;1;SUBVENCOES SOCIAIS;10;RECURSOS ORDINARIOS - RECURSOS NAO VINCULADOS DE IMPOSTOS;77076,0;77076,0;77076,0
9327241;11;2025-03-14 00:00:00;FUNDACAO CONSCIENCIARTE;00.521.168/0001-42;1451;SEJUSP;SECRETARIA DE ESTADO DE JUSTICA E SEGURANCA PUBLICA;43;SUBVENCOES SOCIAIS;1;SUBVENCOES SOCIAIS;10;RECURSOS ORDINARIOS - RECURSOS NAO VINCULADOS DE IMPOSTOS;78500,0;78500,0;78500,0
9327241;79;2025-09-03 00:00:00;FUNDACAO CONSCIENCIARTE;00.521.168/0001-42;1451;SEJUSP;SECRETARIA DE ESTADO DE JUSTICA E SEGURANCA PUBLICA;43;SUBVENCOES SOCIAIS;1;SUBVENCOES SOCIAIS;10;RECURSOS ORDINARIOS - RECURSOS NAO VINCULADOS DE IMPOSTOS;62610,56;62610,56;62610,56
9327243;12;2025-03-14 00:00:00;ASSOCIACAO TATAME DO BEM;18.129.747/0001-00;1451;SEJUSP;SECRETARIA DE ESTADO DE JUSTICA E SEGURANCA PUBLICA;43;SUBVENCOES SOCIAIS;1;SUBVENCOES SOCIAIS;10;RECURSOS ORDINARIOS - RECURSOS NAO VINCULADOS DE IMPOSTOS;51867,3;51867,3;51867,3
9327243;80;2025-09-03 00:00:00;ASSOCIACAO TATAME DO BEM;18.129.747/0001-00;1451;SEJUSP;SECRETARIA DE ESTADO DE JUSTICA E SEGURANCA PUBLICA;43;SUBVENCOES SOCIAIS;1;SUBVENCOES SOCIAIS;10;RECURSOS ORDINARIOS - RECURSOS NAO VINCULADOS DE IMPOSTOS;50771,94;50771,94;50771,94
9327315;13;2025-03-14 00:00:00;SER SERVICO EVANGELICO DE REABILITACAO;20.734.505/0001-97;1451;SEJUSP;SECRETARIA DE ESTADO DE JUSTICA E SEGURANCA PUBLICA;43;SUBVENCOES SOCIAIS;1;SUBVENCOES SOCIAIS;10;RECURSOS ORDINARIOS - RECURSOS NAO VINCULADOS DE IMPOSTOS;86954,0;86954,0;86954,0
9327315;81;2025-09-03 00:00:00;SER SERVICO EVANGELICO DE REABILITACAO;20.734.505/0001-97;1451;SEJUSP;SECRETARIA DE ESTADO DE JUSTICA E SEGURANCA PUBLICA;43;SUBVENCOES SOCIAIS;1;SUBVENCOES SOCIAIS;10;RECURSOS ORDINARIOS - RECURSOS NAO VINCULADOS DE IMPOSTOS;76624,64;76624,64;76624,64
9327529;22;2025-04-04 00:00:00;ASSOCIACAO PONTO CULTURAL;05.768.787/0001-50;1451;SEJUSP;SECRETARIA DE ESTADO DE JUSTICA E SEGURANCA PUBLICA;43;SUBVENCOES SOCIAIS;1;SUBVENCOES SOCIAIS;10;RECURSOS ORDINARIOS - RECURSOS NAO VINCULADOS DE IMPOSTOS;78500,0;78500,0;78500,0
9327529;84;2025-10-02 00:00:00;ASSOCIACAO PONTO CULTURAL;05.768.787/0001-50;1451;SEJUSP;SECRETARIA DE ESTADO DE JUSTICA E SEGURANCA PUBLICA;43;SUBVENCOES SOCIAIS;1;SUBVENCOES SOCIAIS;10;RECURSOS ORDINARIOS - RECURSOS NAO VINCULADOS DE IMPOSTOS;64973,84;64973,84;64973,84
9341994;1282;2025-05-29 00:00:00;PM ITAJUBA;18.025.940/0001-09;1261;SEE;SECRETARIA DE ESTADO DE EDUCACAO;42;AUXILIOS;1;AUXILIOS;10;RECURSOS ORDINARIOS - RECURSOS NAO VINCULADOS DE IMPOSTOS;1365000,0;1365000,0;1365000,0
9342463;1305;2025-06-12 00:00:00;PM CACHOEIRA DOURADA;18.457.267/0001-78;1261;SEE;SECRETARIA DE ESTADO DE EDUCACAO;42;AUXILIOS;1;AUXILIOS;10;RECURSOS ORDINARIOS - RECURSOS NAO VINCULADOS DE IMPOSTOS;975000,0;975000,0;975000,0
9342463;1432;2025-09-10 00:00:00;PM CACHOEIRA DOURADA;18.457.267/0001-78;1261;SEE;SECRETARIA DE ESTADO DE EDUCACAO;42;AUXILIOS;1;AUXILIOS;10;RECURSOS ORDINARIOS - RECURSOS NAO VINCULADOS DE IMPOSTOS;976701,29;976701,29;976701,29
9342814;1431;2025-09-09 00:00:00;PM SIMONESIA;18.385.120/0001-10;1261;SEE;SECRETARIA DE ESTADO DE EDUCACAO;42;AUXILIOS;1;AUXILIOS;10;RECURSOS ORDINARIOS - RECURSOS NAO VINCULADOS DE IMPOSTOS;1900000,0;1900000,0;1900000,0
9342948;8;2025-04-04 00:00:00;APAC DE ALMENARA;27.969.868/0001-50;1451;SEJUSP;SECRETARIA DE ESTADO DE JUSTICA E SEGURANCA PUBLICA;43;SUBVENCOES SOCIAIS;1;SUBVENCOES SOCIAIS;10;RECURSOS ORDINARIOS - RECURSOS NAO VINCULADOS DE IMPOSTOS;145143,9;145143,9;145143,9
9342948;51;2025-04-15 00:00:00;APAC DE ALMENARA;27.969.868/0001-50;1451;SEJUSP;SECRETARIA DE ESTADO DE JUSTICA E SEGURANCA PUBLICA;43;SUBVENCOES SOCIAIS;1;SUBVENCOES SOCIAIS;60;RECURSOS DIRETAMENTE ARRECADADOS;1212014,11;1212014,11;1212014,11
9344217;88;2025-07-16 00:00:00;INSTITUTO EDUCACAO E CIDADANIA;07.423.378/0001-47;1481;SEDESE;SECRETARIA DE ESTADO DE DESENVOLVIMENTO SOCIAL;43;SUBVENCOES SOCIAIS;1;SUBVENCOES SOCIAIS;71;RECURSOS DO FUNDO ESTADUAL DE ERRADICACAO DA MISERIA;600000,0;600000,0;600000,0
9344219;89;2025-07-24 00:00:00;ASSOCIACAO DOS ASSENTADOS FAMILIAR DO ASSENTAMENTO 1 DO SUL DE CAMPO D;02.046.165/0001-20;1481;SEDESE;SECRETARIA DE ESTADO DE DESENVOLVIMENTO SOCIAL;43;SUBVENCOES SOCIAIS;1;SUBVENCOES SOCIAIS;71;RECURSOS DO FUNDO ESTADUAL DE ERRADICACAO DA MISERIA;600000,0;600000,0;600000,0
9344779;92;2025-07-30 00:00:00;ASSOCIACAO DOS BAIRROS DE TEOFILO OTONI;21.297.064/0001-76;1481;SEDESE;SECRETARIA DE ESTADO DE DESENVOLVIMENTO SOCIAL;43;SUBVENCOES SOCIAIS;1;SUBVENCOES SOCIAIS;71;RECURSOS DO FUNDO ESTADUAL DE ERRADICACAO DA MISERIA;563626,05;563626,05;563626,05
9344779;93;2025-07-30 00:00:00;ASSOCIACAO DOS BAIRROS DE TEOFILO OTONI;21.297.064/0001-76;1481;SEDESE;SECRETARIA DE ESTADO DE DESENVOLVIMENTO SOCIAL;42;AUXILIOS;1;AUXILIOS;71;RECURSOS DO FUNDO ESTADUAL DE ERRADICACAO DA MISERIA;36373,95;36373,95;36373,95
9344783;90;2025-07-25 00:00:00;CARITAS BRASILEIRA;33.654.419/0008-92;1481;SEDESE;SECRETARIA DE ESTADO DE DESENVOLVIMENTO SOCIAL;43;SUBVENCOES SOCIAIS;1;SUBVENCOES SOCIAIS;71;RECURSOS DO FUNDO ESTADUAL DE ERRADICACAO DA MISERIA;580856,55;580856,55;580856,55
9344783;91;2025-07-25 00:00:00;CARITAS BRASILEIRA;33.654.419/0008-92;1481;SEDESE;SECRETARIA DE ESTADO DE DESENVOLVIMENTO SOCIAL;42;AUXILIOS;1;AUXILIOS;71;RECURSOS DO FUNDO ESTADUAL DE ERRADICACAO DA MISERIA;19143,45;19143,45;19143,45
9346138;23;2025-04-04 00:00:00;AAMAR SANTANA DO PARAISO - VALE DO ACO;07.713.494/0001-09;1451;SEJUSP;SECRETARIA DE ESTADO DE JUSTICA E SEGURANCA PUBLICA;43;SUBVENCOES SOCIAIS;1;SUBVENCOES SOCIAIS;10;RECURSOS ORDINARIOS - RECURSOS NAO VINCULADOS DE IMPOSTOS;69491,91;69491,91;69491,91
9346138;88;2025-10-03 00:00:00;AAMAR SANTANA DO PARAISO - VALE DO ACO;07.713.494/0001-09;1451;SEJUSP;SECRETARIA DE ESTADO DE JUSTICA E SEGURANCA PUBLICA;43;SUBVENCOES SOCIAIS;1;SUBVENCOES SOCIAIS;10;RECURSOS ORDINARIOS - RECURSOS NAO VINCULADOS DE IMPOSTOS;43101,82;43101,82;43101,82
9346141;20;2025-04-01 00:00:00;CASA VIDA VIVA;22.498.999/0001-83;1451;SEJUSP;SECRETARIA DE ESTADO DE JUSTICA E SEGURANCA PUBLICA;43;SUBVENCOES SOCIAIS;1;SUBVENCOES SOCIAIS;10;RECURSOS ORDINARIOS - RECURSOS NAO VINCULADOS DE IMPOSTOS;100399,0;100399,0;100399,0
9346142;28;2025-04-04 00:00:00;ASSOCIACAO DE ACOLHIMENTO AOS DEPENDENTES QUIMICOS E FAMILIARES - ADQF;07.856.329/0001-06;1451;SEJUSP;SECRETARIA DE ESTADO DE JUSTICA E SEGURANCA PUBLICA;43;SUBVENCOES SOCIAIS;1;SUBVENCOES SOCIAIS;10;RECURSOS ORDINARIOS - RECURSOS NAO VINCULADOS DE IMPOSTOS;104812,42;104812,42;104812,42
9346142;92;2025-10-06 00:00:00;ASSOCIACAO DE ACOLHIMENTO AOS DEPENDENTES QUIMICOS E FAMILIARES - ADQF;07.856.329/0001-06;1451;SEJUSP;SECRETARIA DE ESTADO DE JUSTICA E SEGURANCA PUBLICA;43;SUBVENCOES SOCIAIS;1;SUBVENCOES SOCIAIS;10;RECURSOS ORDINARIOS - RECURSOS NAO VINCULADOS DE IMPOSTOS;52948,85;52948,85;52948,85
9346143;25;2025-04-04 00:00:00;INSTITUTO PEDAGOGICO TERRA SANTA;10.190.408/0001-27;1451;SEJUSP;SECRETARIA DE ESTADO DE JUSTICA E SEGURANCA PUBLICA;43;SUBVENCOES SOCIAIS;1;SUBVENCOES SOCIAIS;10;RECURSOS ORDINARIOS - RECURSOS NAO VINCULADOS DE IMPOSTOS;81619,25;81619,25;81619,25
9346143;89;2025-10-03 00:00:00;INSTITUTO PEDAGOGICO TERRA SANTA;10.190.408/0001-27;1451;SEJUSP;SECRETARIA DE ESTADO DE JUSTICA E SEGURANCA PUBLICA;43;SUBVENCOES SOCIAIS;1;SUBVENCOES SOCIAIS;10;RECURSOS ORDINARIOS - RECURSOS NAO VINCULADOS DE IMPOSTOS;42555,4;42555,4;42555,4
9346144;27;2025-04-04 00:00:00;ASSOCIACAO DA DIVINA MISERICORDIA;06.118.216/0001-32;1451;SEJUSP;SECRETARIA DE ESTADO DE JUSTICA E SEGURANCA PUBLICA;43;SUBVENCOES SOCIAIS;1;SUBVENCOES SOCIAIS;10;RECURSOS ORDINARIOS - RECURSOS NAO VINCULADOS DE IMPOSTOS;98479,67;98479,67;98479,67
9346144;91;2025-10-06 00:00:00;ASSOCIACAO DA DIVINA MISERICORDIA;06.118.216/0001-32;1451;SEJUSP;SECRETARIA DE ESTADO DE JUSTICA E SEGURANCA PUBLICA;43;SUBVENCOES SOCIAIS;1;SUBVENCOES SOCIAIS;10;RECURSOS ORDINARIOS - RECURSOS NAO VINCULADOS DE IMPOSTOS;68122,29;68122,29;68122,29
9346145;26;2025-04-04 00:00:00;INSTITUTO HERDAR;09.047.452/0001-01;1451;SEJUSP;SECRETARIA DE ESTADO DE JUSTICA E SEGURANCA PUBLICA;43;SUBVENCOES SOCIAIS;1;SUBVENCOES SOCIAIS;10;RECURSOS ORDINARIOS - RECURSOS NAO VINCULADOS DE IMPOSTOS;68238,3;68238,3;68238,3
9346145;101;2025-11-07 00:00:00;INSTITUTO HERDAR;09.047.452/0001-01;1451;SEJUSP;SECRETARIA DE ESTADO DE JUSTICA E SEGURANCA PUBLICA;43;SUBVENCOES SOCIAIS;1;SUBVENCOES SOCIAIS;10;RECURSOS ORDINARIOS - RECURSOS NAO VINCULADOS DE IMPOSTOS;74839,77;74839,77;74839,77
9346146;24;2025-04-04 00:00:00;INSTITUTO JURIDICO PARA EFETIVACAO DA CIDADANIA - MINAS GERAIS IJUCI/M;03.893.350/0001-12;1451;SEJUSP;SECRETARIA DE ESTADO DE JUSTICA E SEGURANCA PUBLICA;43;SUBVENCOES SOCIAIS;1;SUBVENCOES SOCIAIS;10;RECURSOS ORDINARIOS - RECURSOS NAO VINCULADOS DE IMPOSTOS;79335,69;79335,69;79335,69
9346146;90;2025-10-06 00:00:00;INSTITUTO JURIDICO PARA EFETIVACAO DA CIDADANIA - MINAS GERAIS IJUCI/M;03.893.350/0001-12;1451;SEJUSP;SECRETARIA DE ESTADO DE JUSTICA E SEGURANCA PUBLICA;43;SUBVENCOES SOCIAIS;1;SUBVENCOES SOCIAIS;10;RECURSOS ORDINARIOS - RECURSOS NAO VINCULADOS DE IMPOSTOS;36010,27;36010,27;36010,27
9346211;2273;2025-07-04 00:00:00;PM SALINAS;24.359.333/0001-70;2311;UNIMONTES;UNIVERSIDADE ESTADUAL DE MONTES CLAROS;42;AUXILIOS;1;AUXILIOS;10;RECURSOS ORDINARIOS - RECURSOS NAO VINCULADOS DE IMPOSTOS;4400000,0;4400000,0;4400000,0
9369505;17;2025-04-04 00:00:00;ASSOC. DE PROT. E ASSIST. A CONDENADA DE CONS. LAFAIETE FEM.;26.397.050/0001-48;1451;SEJUSP;SECRETARIA DE ESTADO DE JUSTICA E SEGURANCA PUBLICA;43;SUBVENCOES SOCIAIS;1;SUBVENCOES SOCIAIS;10;RECURSOS ORDINARIOS - RECURSOS NAO VINCULADOS DE IMPOSTOS;128747,29;128747,29;128747,29
9369505;56;2025-04-15 00:00:00;ASSOC. DE PROT. E ASSIST. A CONDENADA DE CONS. LAFAIETE FEM.;26.397.050/0001-48;1451;SEJUSP;SECRETARIA DE ESTADO DE JUSTICA E SEGURANCA PUBLICA;43;SUBVENCOES SOCIAIS;1;SUBVENCOES SOCIAIS;60;RECURSOS DIRETAMENTE ARRECADADOS;1275485,76;1275485,76;1275485,76
9370690;95;2025-04-16 00:00:00;APAC BETIM;12.267.378/0001-35;1451;SEJUSP;SECRETARIA DE ESTADO DE JUSTICA E SEGURANCA PUBLICA;43;SUBVENCOES SOCIAIS;1;SUBVENCOES SOCIAIS;60;RECURSOS DIRETAMENTE ARRECADADOS;3825128,93;3825128,93;3825128,93
9371983;3100;2025-12-29 00:00:00;PM SAO LOURENCO;18.188.219/0001-21;1261;SEE;SECRETARIA DE ESTADO DE EDUCACAO;42;AUXILIOS;1;AUXILIOS;21;COTA ESTADUAL DO SALARIO EDUCACAO - QESE;4382729,92;4382729,92;4382729,92
9374668;30;2025-04-04 00:00:00;APAC DE NEPOMUCENO;33.266.010/0001-22;1451;SEJUSP;SECRETARIA DE ESTADO DE JUSTICA E SEGURANCA PUBLICA;43;SUBVENCOES SOCIAIS;1;SUBVENCOES SOCIAIS;10;RECURSOS ORDINARIOS - RECURSOS NAO VINCULADOS DE IMPOSTOS;104961,99;104961,99;104961,99
9374668;75;2025-04-15 00:00:00;APAC DE NEPOMUCENO;33.266.010/0001-22;1451;SEJUSP;SECRETARIA DE ESTADO DE JUSTICA E SEGURANCA PUBLICA;43;SUBVENCOES SOCIAIS;1;SUBVENCOES SOCIAIS;60;RECURSOS DIRETAMENTE ARRECADADOS;1031559,16;1031559,16;1031559,16
9383298;101;2025-04-16 00:00:00;APAC DE VARGINHA;20.392.940/0001-80;1451;SEJUSP;SECRETARIA DE ESTADO DE JUSTICA E SEGURANCA PUBLICA;43;SUBVENCOES SOCIAIS;1;SUBVENCOES SOCIAIS;60;RECURSOS DIRETAMENTE ARRECADADOS;1090688,1;1090688,1;1090688,1
9383387;99;2025-04-16 00:00:00;APAC MANHUMIRIM;08.793.992/0001-63;1451;SEJUSP;SECRETARIA DE ESTADO DE JUSTICA E SEGURANCA PUBLICA;43;SUBVENCOES SOCIAIS;1;SUBVENCOES SOCIAIS;60;RECURSOS DIRETAMENTE ARRECADADOS;1836438,84;1836438,84;1836438,84
9383388;96;2025-04-16 00:00:00;APAC DE DIVINOPOLIS;23.765.068/0001-67;1451;SEJUSP;SECRETARIA DE ESTADO DE JUSTICA E SEGURANCA PUBLICA;43;SUBVENCOES SOCIAIS;1;SUBVENCOES SOCIAIS;60;RECURSOS DIRETAMENTE ARRECADADOS;2012350,34;2012350,34;2012350,34
9385560;97;2025-04-16 00:00:00;APAC DE ITABIRA;07.412.104/0001-52;1451;SEJUSP;SECRETARIA DE ESTADO DE JUSTICA E SEGURANCA PUBLICA;43;SUBVENCOES SOCIAIS;1;SUBVENCOES SOCIAIS;60;RECURSOS DIRETAMENTE ARRECADADOS;1596817,49;1596817,49;1596817,49
9386210;23;2025-04-04 00:00:00;APAC ITABIRITO;07.329.062/0001-90;1451;SEJUSP;SECRETARIA DE ESTADO DE JUSTICA E SEGURANCA PUBLICA;43;SUBVENCOES SOCIAIS;1;SUBVENCOES SOCIAIS;10;RECURSOS ORDINARIOS - RECURSOS NAO VINCULADOS DE IMPOSTOS;159794,77;159794,77;159794,77
9386210;64;2025-04-15 00:00:00;APAC ITABIRITO;07.329.062/0001-90;1451;SEJUSP;SECRETARIA DE ESTADO DE JUSTICA E SEGURANCA PUBLICA;43;SUBVENCOES SOCIAIS;1;SUBVENCOES SOCIAIS;60;RECURSOS DIRETAMENTE ARRECADADOS;1549647,28;1549647,28;1549647,28
9390147;10;2025-04-04 00:00:00;APAC GUANHAES;17.019.851/0001-89;1451;SEJUSP;SECRETARIA DE ESTADO DE JUSTICA E SEGURANCA PUBLICA;43;SUBVENCOES SOCIAIS;1;SUBVENCOES SOCIAIS;10;RECURSOS ORDINARIOS - RECURSOS NAO VINCULADOS DE IMPOSTOS;141659,94;141659,94;141659,94
9390147;61;2025-04-15 00:00:00;APAC GUANHAES;17.019.851/0001-89;1451;SEJUSP;SECRETARIA DE ESTADO DE JUSTICA E SEGURANCA PUBLICA;43;SUBVENCOES SOCIAIS;1;SUBVENCOES SOCIAIS;60;RECURSOS DIRETAMENTE ARRECADADOS;1225048,3;1225048,3;1225048,3
9390147;62;2025-04-15 00:00:00;APAC GUANHAES;17.019.851/0001-89;1451;SEJUSP;SECRETARIA DE ESTADO DE JUSTICA E SEGURANCA PUBLICA;43;SUBVENCOES SOCIAIS;1;SUBVENCOES SOCIAIS;60;RECURSOS DIRETAMENTE ARRECADADOS;0,0;0,0;0,0
9390284;16;2025-04-04 00:00:00;APAC CONCEICAO DAS ALAGOAS;31.983.255/0001-45;1451;SEJUSP;SECRETARIA DE ESTADO DE JUSTICA E SEGURANCA PUBLICA;43;SUBVENCOES SOCIAIS;1;SUBVENCOES SOCIAIS;10;RECURSOS ORDINARIOS - RECURSOS NAO VINCULADOS DE IMPOSTOS;131580,38;131580,38;131580,38
9390284;55;2025-04-15 00:00:00;APAC CONCEICAO DAS ALAGOAS;31.983.255/0001-45;1451;SEJUSP;SECRETARIA DE ESTADO DE JUSTICA E SEGURANCA PUBLICA;43;SUBVENCOES SOCIAIS;1;SUBVENCOES SOCIAIS;60;RECURSOS DIRETAMENTE ARRECADADOS;1535434,56;1535434,56;1535434,56
9390330;9;2025-04-04 00:00:00;APAC VISCONDE DO RIO BRANCO;30.471.573/0001-64;1451;SEJUSP;SECRETARIA DE ESTADO DE JUSTICA E SEGURANCA PUBLICA;43;SUBVENCOES SOCIAIS;1;SUBVENCOES SOCIAIS;10;RECURSOS ORDINARIOS - RECURSOS NAO VINCULADOS DE IMPOSTOS;142301,82;142301,82;142301,82
9390330;80;2025-04-15 00:00:00;APAC VISCONDE DO RIO BRANCO;30.471.573/0001-64;1451;SEJUSP;SECRETARIA DE ESTADO DE JUSTICA E SEGURANCA PUBLICA;43;SUBVENCOES SOCIAIS;1;SUBVENCOES SOCIAIS;60;RECURSOS DIRETAMENTE ARRECADADOS;1629967,01;1629967,01;1629967,01
9396689;1035;2025-04-10 00:00:00;ASSOCIACAO DE PAIS E AMIGOS DOS EXCEPCIONAIS;20.288.940/0001-35;4251;FEAS;FUNDO ESTADUAL DE ASSISTENCIA SOCIAL;43;SUBVENCOES SOCIAIS;1;SUBVENCOES SOCIAIS;71;RECURSOS DO FUNDO ESTADUAL DE ERRADICACAO DA MISERIA;105233,63;105233,63;105233,63
9396689;1630;2025-10-14 00:00:00;ASSOCIACAO DE PAIS E AMIGOS DOS EXCEPCIONAIS;20.288.940/0001-35;4251;FEAS;FUNDO ESTADUAL DE ASSISTENCIA SOCIAL;43;SUBVENCOES SOCIAIS;1;SUBVENCOES SOCIAIS;71;RECURSOS DO FUNDO ESTADUAL DE ERRADICACAO DA MISERIA;112179,05;112179,05;112179,05
9396776;1030;2025-04-09 00:00:00;ASS DE PAIS E AMIGOS DOS EXCEPCIONAIS DE PARA DE MINAS;18.416.891/0001-27;4251;FEAS;FUNDO ESTADUAL DE ASSISTENCIA SOCIAL;43;SUBVENCOES SOCIAIS;1;SUBVENCOES SOCIAIS;71;RECURSOS DO FUNDO ESTADUAL DE ERRADICACAO DA MISERIA;90200,26;90200,26;90200,26
9396776;1644;2025-10-14 00:00:00;ASS DE PAIS E AMIGOS DOS EXCEPCIONAIS DE PARA DE MINAS;18.416.891/0001-27;4251;FEAS;FUNDO ESTADUAL DE ASSISTENCIA SOCIAL;43;SUBVENCOES SOCIAIS;1;SUBVENCOES SOCIAIS;71;RECURSOS DO FUNDO ESTADUAL DE ERRADICACAO DA MISERIA;96153,47;96153,47;96153,47
9396777;1023;2025-04-09 00:00:00;INSTITUTO SANTA MONICA;16.813.263/0001-50;4251;FEAS;FUNDO ESTADUAL DE ASSISTENCIA SOCIAL;43;SUBVENCOES SOCIAIS;1;SUBVENCOES SOCIAIS;71;RECURSOS DO FUNDO ESTADUAL DE ERRADICACAO DA MISERIA;240534,02;240534,02;240534,02
9396777;1637;2025-10-14 00:00:00;INSTITUTO SANTA MONICA;16.813.263/0001-50;4251;FEAS;FUNDO ESTADUAL DE ASSISTENCIA SOCIAL;43;SUBVENCOES SOCIAIS;1;SUBVENCOES SOCIAIS;71;RECURSOS DO FUNDO ESTADUAL DE ERRADICACAO DA MISERIA;256409,27;256409,27;256409,27
9396778;1024;2025-04-09 00:00:00;AASOCIACAO DE PAIS E AMIGOS DOS EXCEPCIONAIS DE LAGOA DA PRATA;20.897.203/0001-30;4251;FEAS;FUNDO ESTADUAL DE ASSISTENCIA SOCIAL;43;SUBVENCOES SOCIAIS;1;SUBVENCOES SOCIAIS;71;RECURSOS DO FUNDO ESTADUAL DE ERRADICACAO DA MISERIA;225500,64;225500,64;225500,64
9396778;1638;2025-10-14 00:00:00;AASOCIACAO DE PAIS E AMIGOS DOS EXCEPCIONAIS DE LAGOA DA PRATA;20.897.203/0001-30;4251;FEAS;FUNDO ESTADUAL DE ASSISTENCIA SOCIAL;43;SUBVENCOES SOCIAIS;1;SUBVENCOES SOCIAIS;71;RECURSOS DO FUNDO ESTADUAL DE ERRADICACAO DA MISERIA;240383,69;240383,69;240383,69
9396785;1022;2025-04-09 00:00:00;ASSOCIACAO DE PAIS E AMIGOS DOS EXCEPCIONAIS - APAE;17.862.038/0001-76;4251;FEAS;FUNDO ESTADUAL DE ASSISTENCIA SOCIAL;43;SUBVENCOES SOCIAIS;1;SUBVENCOES SOCIAIS;71;RECURSOS DO FUNDO ESTADUAL DE ERRADICACAO DA MISERIA;210467,27;210467,27;210467,27
9396785;1636;2025-10-14 00:00:00;ASSOCIACAO DE PAIS E AMIGOS DOS EXCEPCIONAIS - APAE;17.862.038/0001-76;4251;FEAS;FUNDO ESTADUAL DE ASSISTENCIA SOCIAL;43;SUBVENCOES SOCIAIS;1;SUBVENCOES SOCIAIS;71;RECURSOS DO FUNDO ESTADUAL DE ERRADICACAO DA MISERIA;224358,11;224358,11;224358,11
9396786;1029;2025-04-09 00:00:00;ASSOCIACAO DE PAIS E AMIGOS DOS EXCEPCIONAIS DE NEPOMUCENO;19.016.211/0001-40;4251;FEAS;FUNDO ESTADUAL DE ASSISTENCIA SOCIAL;43;SUBVENCOES SOCIAIS;1;SUBVENCOES SOCIAIS;71;RECURSOS DO FUNDO ESTADUAL DE ERRADICACAO DA MISERIA;90200,26;90200,26;90200,26
9396786;1643;2025-10-14 00:00:00;ASSOCIACAO DE PAIS E AMIGOS DOS EXCEPCIONAIS DE NEPOMUCENO;19.016.211/0001-40;4251;FEAS;FUNDO ESTADUAL DE ASSISTENCIA SOCIAL;43;SUBVENCOES SOCIAIS;1;SUBVENCOES SOCIAIS;71;RECURSOS DO FUNDO ESTADUAL DE ERRADICACAO DA MISERIA;96153,47;96153,47;96153,47
9396804;1019;2025-04-09 00:00:00;ASSOCIACAO DOS PAIS E AMIGOS DOS EXCEPCIONAIS;00.298.396/0001-03;4251;FEAS;FUNDO ESTADUAL DE ASSISTENCIA SOCIAL;43;SUBVENCOES SOCIAIS;1;SUBVENCOES SOCIAIS;71;RECURSOS DO FUNDO ESTADUAL DE ERRADICACAO DA MISERIA;240534,02;240534,02;240534,02
9396804;1633;2025-10-14 00:00:00;ASSOCIACAO DOS PAIS E AMIGOS DOS EXCEPCIONAIS;00.298.396/0001-03;4251;FEAS;FUNDO ESTADUAL DE ASSISTENCIA SOCIAL;43;SUBVENCOES SOCIAIS;1;SUBVENCOES SOCIAIS;71;RECURSOS DO FUNDO ESTADUAL DE ERRADICACAO DA MISERIA;256409,27;256409,27;256409,27
9396805;1028;2025-04-09 00:00:00;APAE ASSOCIACAO DE PAIS E AMIGOS DE EXCEPCIONAIS DE MONTES CLAROS;21.353.925/0001-96;4251;FEAS;FUNDO ESTADUAL DE ASSISTENCIA SOCIAL;43;SUBVENCOES SOCIAIS;1;SUBVENCOES SOCIAIS;71;RECURSOS DO FUNDO ESTADUAL DE ERRADICACAO DA MISERIA;150333,76;150333,76;150333,76
9396805;1642;2025-10-14 00:00:00;APAE ASSOCIACAO DE PAIS E AMIGOS DE EXCEPCIONAIS DE MONTES CLAROS;21.353.925/0001-96;4251;FEAS;FUNDO ESTADUAL DE ASSISTENCIA SOCIAL;43;SUBVENCOES SOCIAIS;1;SUBVENCOES SOCIAIS;71;RECURSOS DO FUNDO ESTADUAL DE ERRADICACAO DA MISERIA;160255,79;160255,79;160255,79
9396808;1017;2025-04-09 00:00:00;ASSOCIACAO DE PAIS E AMIGOS DOS EXCEPCIONAIS DE BELO HORIZONTE - APAE;18.216.366/0001-68;4251;FEAS;FUNDO ESTADUAL DE ASSISTENCIA SOCIAL;43;SUBVENCOES SOCIAIS;1;SUBVENCOES SOCIAIS;71;RECURSOS DO FUNDO ESTADUAL DE ERRADICACAO DA MISERIA;856902,45;856902,45;856902,45
9396808;1631;2025-10-14 00:00:00;ASSOCIACAO DE PAIS E AMIGOS DOS EXCEPCIONAIS DE BELO HORIZONTE - APAE;18.216.366/0001-68;4251;FEAS;FUNDO ESTADUAL DE ASSISTENCIA SOCIAL;43;SUBVENCOES SOCIAIS;1;SUBVENCOES SOCIAIS;71;RECURSOS DO FUNDO ESTADUAL DE ERRADICACAO DA MISERIA;913458,01;913458,01;913458,01
9396809;1026;2025-04-09 00:00:00;ASSOC PAIS E AMIGOS DOS EXCEPCIONAIS;20.900.981/0001-30;4251;FEAS;FUNDO ESTADUAL DE ASSISTENCIA SOCIAL;43;SUBVENCOES SOCIAIS;1;SUBVENCOES SOCIAIS;71;RECURSOS DO FUNDO ESTADUAL DE ERRADICACAO DA MISERIA;90200,26;90200,26;90200,26
9396809;1640;2025-10-14 00:00:00;ASSOC PAIS E AMIGOS DOS EXCEPCIONAIS;20.900.981/0001-30;4251;FEAS;FUNDO ESTADUAL DE ASSISTENCIA SOCIAL;43;SUBVENCOES SOCIAIS;1;SUBVENCOES SOCIAIS;71;RECURSOS DO FUNDO ESTADUAL DE ERRADICACAO DA MISERIA;96153,47;96153,47;96153,47
9396810;1033;2025-04-09 00:00:00;ASSOCIACAO DE PAIS E AMIGOS DOS EXCEPCIONAIS;73.874.646/0001-71;4251;FEAS;FUNDO ESTADUAL DE ASSISTENCIA SOCIAL;43;SUBVENCOES SOCIAIS;1;SUBVENCOES SOCIAIS;71;RECURSOS DO FUNDO ESTADUAL DE ERRADICACAO DA MISERIA;240534,02;240534,02;240534,02
9396810;1647;2025-10-14 00:00:00;ASSOCIACAO DE PAIS E AMIGOS DOS EXCEPCIONAIS;73.874.646/0001-71;4251;FEAS;FUNDO ESTADUAL DE ASSISTENCIA SOCIAL;43;SUBVENCOES SOCIAIS;1;SUBVENCOES SOCIAIS;71;RECURSOS DO FUNDO ESTADUAL DE ERRADICACAO DA MISERIA;256408,27;256408,27;256408,27
9396811;1031;2025-04-09 00:00:00;ASSOCIACAO DE PAIS E AMIGOS DOS EXCEPCIONAIS DE PRADOS;26.118.448/0001-06;4251;FEAS;FUNDO ESTADUAL DE ASSISTENCIA SOCIAL;43;SUBVENCOES SOCIAIS;1;SUBVENCOES SOCIAIS;71;RECURSOS DO FUNDO ESTADUAL DE ERRADICACAO DA MISERIA;105233,63;105233,63;105233,63
9396811;1645;2025-10-14 00:00:00;ASSOCIACAO DE PAIS E AMIGOS DOS EXCEPCIONAIS DE PRADOS;26.118.448/0001-06;4251;FEAS;FUNDO ESTADUAL DE ASSISTENCIA SOCIAL;43;SUBVENCOES SOCIAIS;1;SUBVENCOES SOCIAIS;71;RECURSOS DO FUNDO ESTADUAL DE ERRADICACAO DA MISERIA;112179,05;112179,05;112179,05
9396897;1025;2025-04-09 00:00:00;APAE LAGOA DOURADA;04.448.905/0001-80;4251;FEAS;FUNDO ESTADUAL DE ASSISTENCIA SOCIAL;43;SUBVENCOES SOCIAIS;1;SUBVENCOES SOCIAIS;71;RECURSOS DO FUNDO ESTADUAL DE ERRADICACAO DA MISERIA;120267,01;120267,01;120267,01
9396897;1639;2025-10-14 00:00:00;APAE LAGOA DOURADA;04.448.905/0001-80;4251;FEAS;FUNDO ESTADUAL DE ASSISTENCIA SOCIAL;43;SUBVENCOES SOCIAIS;1;SUBVENCOES SOCIAIS;71;RECURSOS DO FUNDO ESTADUAL DE ERRADICACAO DA MISERIA;128204,63;128204,63;128204,63
9397796;1020;2025-04-09 00:00:00;APAE FRUTAL;20.043.493/0001-54;4251;FEAS;FUNDO ESTADUAL DE ASSISTENCIA SOCIAL;43;SUBVENCOES SOCIAIS;1;SUBVENCOES SOCIAIS;71;RECURSOS DO FUNDO ESTADUAL DE ERRADICACAO DA MISERIA;135300,39;135300,39;135300,39
9397796;1634;2025-10-14 00:00:00;APAE FRUTAL;20.043.493/0001-54;4251;FEAS;FUNDO ESTADUAL DE ASSISTENCIA SOCIAL;43;SUBVENCOES SOCIAIS;1;SUBVENCOES SOCIAIS;71;RECURSOS DO FUNDO ESTADUAL DE ERRADICACAO DA MISERIA;144230,21;144230,21;144230,21
9397799;1021;2025-04-09 00:00:00;ASSOCIACAO DOS PAIS E AMIGOS DOS EXCEPCIONAIS;18.299.354/0001-44;4251;FEAS;FUNDO ESTADUAL DE ASSISTENCIA SOCIAL;43;SUBVENCOES SOCIAIS;1;SUBVENCOES SOCIAIS;71;RECURSOS DO FUNDO ESTADUAL DE ERRADICACAO DA MISERIA;240534,02;240534,02;240534,02
9397799;1635;2025-10-14 00:00:00;ASSOCIACAO DOS PAIS E AMIGOS DOS EXCEPCIONAIS;18.299.354/0001-44;4251;FEAS;FUNDO ESTADUAL DE ASSISTENCIA SOCIAL;43;SUBVENCOES SOCIAIS;1;SUBVENCOES SOCIAIS;71;RECURSOS DO FUNDO ESTADUAL DE ERRADICACAO DA MISERIA;256409,27;256409,27;256409,27
9397843;1027;2025-04-09 00:00:00;ASSOCIACAO DE PAIS E AMIGOS DOS EXCEPCIONAIS;00.662.901/0001-49;4251;FEAS;FUNDO ESTADUAL DE ASSISTENCIA SOCIAL;43;SUBVENCOES SOCIAIS;1;SUBVENCOES SOCIAIS;71;RECURSOS DO FUNDO ESTADUAL DE ERRADICACAO DA MISERIA;150333,76;150333,76;150333,76
9397843;1641;2025-10-14 00:00:00;ASSOCIACAO DE PAIS E AMIGOS DOS EXCEPCIONAIS;00.662.901/0001-49;4251;FEAS;FUNDO ESTADUAL DE ASSISTENCIA SOCIAL;43;SUBVENCOES SOCIAIS;1;SUBVENCOES SOCIAIS;71;RECURSOS DO FUNDO ESTADUAL DE ERRADICACAO DA MISERIA;160255,79;160255,79;160255,79
9397922;1018;2025-04-09 00:00:00;ASSOCOACAO DE PAIS E AMIGOS DOS EXCEPCIONAIS DE CRISTAIS;23.775.059/0001-57;4251;FEAS;FUNDO ESTADUAL DE ASSISTENCIA SOCIAL;43;SUBVENCOES SOCIAIS;1;SUBVENCOES SOCIAIS;71;RECURSOS DO FUNDO ESTADUAL DE ERRADICACAO DA MISERIA;240534,02;240534,02;240534,02
9397922;1632;2025-10-14 00:00:00;ASSOCOACAO DE PAIS E AMIGOS DOS EXCEPCIONAIS DE CRISTAIS;23.775.059/0001-57;4251;FEAS;FUNDO ESTADUAL DE ASSISTENCIA SOCIAL;43;SUBVENCOES SOCIAIS;1;SUBVENCOES SOCIAIS;71;RECURSOS DO FUNDO ESTADUAL DE ERRADICACAO DA MISERIA;256409,27;256409,27;256409,27
9397923;1034;2025-04-09 00:00:00;ASSOCIACAO DE PAIS E AMIGOS DOS EXCEPCIONAIS - APAE;23.098.924/0001-78;4251;FEAS;FUNDO ESTADUAL DE ASSISTENCIA SOCIAL;43;SUBVENCOES SOCIAIS;1;SUBVENCOES SOCIAIS;71;RECURSOS DO FUNDO ESTADUAL DE ERRADICACAO DA MISERIA;210467,27;210467,27;210467,27
9397923;1648;2025-10-14 00:00:00;ASSOCIACAO DE PAIS E AMIGOS DOS EXCEPCIONAIS - APAE;23.098.924/0001-78;4251;FEAS;FUNDO ESTADUAL DE ASSISTENCIA SOCIAL;43;SUBVENCOES SOCIAIS;1;SUBVENCOES SOCIAIS;71;RECURSOS DO FUNDO ESTADUAL DE ERRADICACAO DA MISERIA;224358,11;224358,11;224358,11
9397958;1032;2025-04-09 00:00:00;ASSOCIACAO DE PAIS E AMIGOS DOS EXCEPCIONAIS DE PRATA;18.475.731/0001-59;4251;FEAS;FUNDO ESTADUAL DE ASSISTENCIA SOCIAL;43;SUBVENCOES SOCIAIS;1;SUBVENCOES SOCIAIS;71;RECURSOS DO FUNDO ESTADUAL DE ERRADICACAO DA MISERIA;120267,01;120267,01;120267,01
9397958;1646;2025-10-14 00:00:00;ASSOCIACAO DE PAIS E AMIGOS DOS EXCEPCIONAIS DE PRATA;18.475.731/0001-59;4251;FEAS;FUNDO ESTADUAL DE ASSISTENCIA SOCIAL;43;SUBVENCOES SOCIAIS;1;SUBVENCOES SOCIAIS;71;RECURSOS DO FUNDO ESTADUAL DE ERRADICACAO DA MISERIA;128204,63;128204,63;128204,63
9403814;1300;2025-06-10 00:00:00;APAE ITURAMA;23.368.145/0001-45;4251;FEAS;FUNDO ESTADUAL DE ASSISTENCIA SOCIAL;43;SUBVENCOES SOCIAIS;1;SUBVENCOES SOCIAIS;71;RECURSOS DO FUNDO ESTADUAL DE ERRADICACAO DA MISERIA;120267,01;120267,01;120267,01
9403814;1734;2025-12-04 00:00:00;APAE ITURAMA;23.368.145/0001-45;4251;FEAS;FUNDO ESTADUAL DE ASSISTENCIA SOCIAL;43;SUBVENCOES SOCIAIS;1;SUBVENCOES SOCIAIS;71;RECURSOS DO FUNDO ESTADUAL DE ERRADICACAO DA MISERIA;128204,63;128204,63;128204,63
9405820;263;2025-11-03 00:00:00;PM MONJOLOS;17.754.169/0001-30;1221;SEDE;SECRETARIA DE ESTADO DE DESENVOLVIMENTO ECONOMICO;41;CONTRIBUICOES;1;CONTRIBUICOES;32;EXPLORACAO DE RECURSOS MINERAIS;85755,6;0,0;0,0
9405852;311;2025-07-25 00:00:00;EMBAIXADA FLA-VICOSA;27.642.512/0001-08;1481;SEDESE;SECRETARIA DE ESTADO DE DESENVOLVIMENTO SOCIAL;43;SUBVENCOES SOCIAIS;1;SUBVENCOES SOCIAIS;10;RECURSOS ORDINARIOS - RECURSOS NAO VINCULADOS DE IMPOSTOS;470000,0;470000,0;470000,0
9406319;19;2025-04-04 00:00:00;ASSOCIACAO DE PROTECAO E ASSISTENCIA AOS CONDENADOS - FRUTAL/MG;07.409.988/0001-96;1451;SEJUSP;SECRETARIA DE ESTADO DE JUSTICA E SEGURANCA PUBLICA;43;SUBVENCOES SOCIAIS;1;SUBVENCOES SOCIAIS;10;RECURSOS ORDINARIOS - RECURSOS NAO VINCULADOS DE IMPOSTOS;153745,82;153745,82;153745,82
9406319;58;2025-04-15 00:00:00;ASSOCIACAO DE PROTECAO E ASSISTENCIA AOS CONDENADOS - FRUTAL/MG;07.409.988/0001-96;1451;SEJUSP;SECRETARIA DE ESTADO DE JUSTICA E SEGURANCA PUBLICA;43;SUBVENCOES SOCIAIS;1;SUBVENCOES SOCIAIS;60;RECURSOS DIRETAMENTE ARRECADADOS;1792252,06;1792252,06;1792252,06
9406907;328;2025-09-30 00:00:00;PM GUANHAES;18.307.439/0001-27;1231;SEAPA;SECRETARIA DE ESTADO DE AGRICULTURA, PECUARIA E ABASTECIMENTO;41;CONTRIBUICOES;1;CONTRIBUICOES;15;RECURSOS ORDINARIOS - OUTROS RECURSOS NAO VINCULADOS;0,0;0,0;0,0
9406907;329;2025-09-30 00:00:00;PM GUANHAES;18.307.439/0001-27;1231;SEAPA;SECRETARIA DE ESTADO DE AGRICULTURA, PECUARIA E ABASTECIMENTO;41;CONTRIBUICOES;1;CONTRIBUICOES;15;RECURSOS ORDINARIOS - OUTROS RECURSOS NAO VINCULADOS;50000,0;50000,0;50000,0
9407479;1307;2025-06-13 00:00:00;APAE DE LAMBARI;21.404.397/0001-57;4251;FEAS;FUNDO ESTADUAL DE ASSISTENCIA SOCIAL;43;SUBVENCOES SOCIAIS;1;SUBVENCOES SOCIAIS;71;RECURSOS DO FUNDO ESTADUAL DE ERRADICACAO DA MISERIA;90200,26;90200,26;90200,26
9407479;1736;2025-12-04 00:00:00;APAE DE LAMBARI;21.404.397/0001-57;4251;FEAS;FUNDO ESTADUAL DE ASSISTENCIA SOCIAL;43;SUBVENCOES SOCIAIS;1;SUBVENCOES SOCIAIS;71;RECURSOS DO FUNDO ESTADUAL DE ERRADICACAO DA MISERIA;96153,47;96153,47;96153,47
9407504;1306;2025-06-13 00:00:00;APAE DE FLORESTAL;00.215.385/0001-04;4251;FEAS;FUNDO ESTADUAL DE ASSISTENCIA SOCIAL;43;SUBVENCOES SOCIAIS;1;SUBVENCOES SOCIAIS;71;RECURSOS DO FUNDO ESTADUAL DE ERRADICACAO DA MISERIA;120267,01;120267,01;120267,01
9407504;1735;2025-12-04 00:00:00;APAE DE FLORESTAL;00.215.385/0001-04;4251;FEAS;FUNDO ESTADUAL DE ASSISTENCIA SOCIAL;43;SUBVENCOES SOCIAIS;1;SUBVENCOES SOCIAIS;71;RECURSOS DO FUNDO ESTADUAL DE ERRADICACAO DA MISERIA;128204,63;128204,63;128204,63
9407995;1308;2025-06-13 00:00:00;FUNDACAO GREGORIO F. BAREMBLITT;26.034.397/0001-26;4251;FEAS;FUNDO ESTADUAL DE ASSISTENCIA SOCIAL;43;SUBVENCOES SOCIAIS;1;SUBVENCOES SOCIAIS;71;RECURSOS DO FUNDO ESTADUAL DE ERRADICACAO DA MISERIA;300667,52;300667,52;300667,52
9407995;1737;2025-12-04 00:00:00;FUNDACAO GREGORIO F. BAREMBLITT;26.034.397/0001-26;4251;FEAS;FUNDO ESTADUAL DE ASSISTENCIA SOCIAL;43;SUBVENCOES SOCIAIS;1;SUBVENCOES SOCIAIS;71;RECURSOS DO FUNDO ESTADUAL DE ERRADICACAO DA MISERIA;320511,58;320511,58;320511,58
9408304;29;2025-02-10 00:00:00;NUCLEO ASSISTENCIAL CAMINHOS PARA JESUS;17.391.822/0001-43;4251;FEAS;FUNDO ESTADUAL DE ASSISTENCIA SOCIAL;43;SUBVENCOES SOCIAIS;1;SUBVENCOES SOCIAIS;71;RECURSOS DO FUNDO ESTADUAL DE ERRADICACAO DA MISERIA;135200,0;135200,0;135200,0
9408304;1665;2025-10-17 00:00:00;NUCLEO ASSISTENCIAL CAMINHOS PARA JESUS;17.391.822/0001-43;4251;FEAS;FUNDO ESTADUAL DE ASSISTENCIA SOCIAL;43;SUBVENCOES SOCIAIS;1;SUBVENCOES SOCIAIS;71;RECURSOS DO FUNDO ESTADUAL DE ERRADICACAO DA MISERIA;135200,0;135200,0;135200,0
9408340;270;2025-11-10 00:00:00;PM RIO PARDO DE MINAS;24.212.862/0001-46;1221;SEDE;SECRETARIA DE ESTADO DE DESENVOLVIMENTO ECONOMICO;41;CONTRIBUICOES;1;CONTRIBUICOES;32;EXPLORACAO DE RECURSOS MINERAIS;359599,82;0,0;0,0
9408341;258;2025-10-20 00:00:00;CONSORCIO INTERM. MULTIF. DO BAIXO JEQUITINHONHA;07.306.549/0001-58;1221;SEDE;SECRETARIA DE ESTADO DE DESENVOLVIMENTO ECONOMICO;41;CONTRIBUICOES;1;CONTRIBUICOES;32;EXPLORACAO DE RECURSOS MINERAIS;3384247,53;2202953,59;2202953,59
9408578;240;2025-07-30 00:00:00;ASSOCIACAO MINEIRA DO PARADESPORTO - AMPADESPORTO;29.335.005/0001-57;1481;SEDESE;SECRETARIA DE ESTADO DE DESENVOLVIMENTO SOCIAL;43;SUBVENCOES SOCIAIS;1;SUBVENCOES SOCIAIS;38;TRANSFERENCIAS DA UNIAO VINCULADAS AO ESPORTE;228987,72;228987,72;228987,72
9408591;1183;2025-04-10 00:00:00;CONSORCIO INTERMUNICIPAL MULTIFINALITARIO DA AREA MINEIRA DA SUDENE;21.505.692/0001-08;1261;SEE;SECRETARIA DE ESTADO DE EDUCACAO;41;CONTRIBUICOES;1;CONTRIBUICOES;10;RECURSOS ORDINARIOS - RECURSOS NAO VINCULADOS DE IMPOSTOS;8067970,08;8067970,08;8067970,08
9408591;1347;2025-07-07 00:00:00;CONSORCIO INTERMUNICIPAL MULTIFINALITARIO DA AREA MINEIRA DA SUDENE;21.505.692/0001-08;1261;SEE;SECRETARIA DE ESTADO DE EDUCACAO;41;CONTRIBUICOES;1;CONTRIBUICOES;10;RECURSOS ORDINARIOS - RECURSOS NAO VINCULADOS DE IMPOSTOS;8067970,08;8067970,08;8067970,08
9408591;1438;2025-09-29 00:00:00;CONSORCIO INTERMUNICIPAL MULTIFINALITARIO DA AREA MINEIRA DA SUDENE;21.505.692/0001-08;1261;SEE;SECRETARIA DE ESTADO DE EDUCACAO;41;CONTRIBUICOES;1;CONTRIBUICOES;10;RECURSOS ORDINARIOS - RECURSOS NAO VINCULADOS DE IMPOSTOS;2689323,36;2689323,36;2689323,36
9408591;2023;2025-11-13 00:00:00;CONSORCIO INTERMUNICIPAL MULTIFINALITARIO DA AREA MINEIRA DA SUDENE;21.505.692/0001-08;1261;SEE;SECRETARIA DE ESTADO DE EDUCACAO;41;CONTRIBUICOES;1;CONTRIBUICOES;21;COTA ESTADUAL DO SALARIO EDUCACAO - QESE;5378646,78;5378646,78;5378646,78
9430776;86;2025-07-02 00:00:00;INSTITUTO DH:PROMOCAO, PESQUISA E INTERVENCAO EM DIREITOS HUMANOS E CI;09.583.515/0001-36;1481;SEDESE;SECRETARIA DE ESTADO DE DESENVOLVIMENTO SOCIAL;43;SUBVENCOES SOCIAIS;1;SUBVENCOES SOCIAIS;71;RECURSOS DO FUNDO ESTADUAL DE ERRADICACAO DA MISERIA;1850862,9;1850862,9;1850862,9
9430776;87;2025-07-02 00:00:00;INSTITUTO DH:PROMOCAO, PESQUISA E INTERVENCAO EM DIREITOS HUMANOS E CI;09.583.515/0001-36;1481;SEDESE;SECRETARIA DE ESTADO DE DESENVOLVIMENTO SOCIAL;42;AUXILIOS;1;AUXILIOS;71;RECURSOS DO FUNDO ESTADUAL DE ERRADICACAO DA MISERIA;67573,01;67573,01;67573,01
9430776;112;2025-09-30 00:00:00;INSTITUTO DH:PROMOCAO, PESQUISA E INTERVENCAO EM DIREITOS HUMANOS E CI;09.583.515/0001-36;1481;SEDESE;SECRETARIA DE ESTADO DE DESENVOLVIMENTO SOCIAL;43;SUBVENCOES SOCIAIS;1;SUBVENCOES SOCIAIS;24;CONVENIOS COM A UNIAO E SUAS ENTIDADES - EXCETO EMENDAS INDIVIDUAIS E DE BANCADA;2000000,0;2000000,0;2000000,0
9430776;115;2025-10-28 00:00:00;INSTITUTO DH:PROMOCAO, PESQUISA E INTERVENCAO EM DIREITOS HUMANOS E CI;09.583.515/0001-36;1481;SEDESE;SECRETARIA DE ESTADO DE DESENVOLVIMENTO SOCIAL;43;SUBVENCOES SOCIAIS;1;SUBVENCOES SOCIAIS;71;RECURSOS DO FUNDO ESTADUAL DE ERRADICACAO DA MISERIA;1918435,92;1918435,92;1918435,92
9430864;207;2025-04-14 00:00:00;PM FELIXLANDIA;17.695.032/0001-51;1301;SEINFRA;SECRETARIA DE ESTADO DE INFRAESTRUTURA, MOBILIDADE E PARCERIAS;42;AUXILIOS;1;AUXILIOS;95;RECURSOS RECEBIDOS POR DANOS ADVINDOS DE DESASTRES SOCIOAMBIENTAIS;34997230,29;34997230,29;34997230,29
9430887;341;2025-07-31 00:00:00;PM SANTA LUZIA;18.715.409/0001-50;1301;SEINFRA;SECRETARIA DE ESTADO DE INFRAESTRUTURA, MOBILIDADE E PARCERIAS;42;AUXILIOS;1;AUXILIOS;10;RECURSOS ORDINARIOS - RECURSOS NAO VINCULADOS DE IMPOSTOS;0,0;0,0;0,0
9430887;347;2025-08-12 00:00:00;PM SANTA LUZIA;18.715.409/0001-50;1301;SEINFRA;SECRETARIA DE ESTADO DE INFRAESTRUTURA, MOBILIDADE E PARCERIAS;42;AUXILIOS;1;AUXILIOS;10;RECURSOS ORDINARIOS - RECURSOS NAO VINCULADOS DE IMPOSTOS;9145313,0;9145313,0;0,0
9430934;5845;2025-12-15 00:00:00;INSTITUTO FEDERAL DE EDUCACAO, CIENCIA E TECNOLOGIA DO SUL DE MINAS GE;10.648.539/0001-05;1271;SECULT;SECRETARIA DE ESTADO DE CULTURA E TURISMO;41;CONTRIBUICOES;1;CONTRIBUICOES;95;RECURSOS RECEBIDOS POR DANOS ADVINDOS DE DESASTRES SOCIOAMBIENTAIS;210488,0;210488,0;210488,0
9431021;131;2025-07-30 00:00:00;AFS INTERCULTURA BRASIL;72.036.825/0001-77;2151;FHA;FUNDACAO HELENA ANTIPOFF;43;SUBVENCOES SOCIAIS;1;SUBVENCOES SOCIAIS;10;RECURSOS ORDINARIOS - RECURSOS NAO VINCULADOS DE IMPOSTOS;4789008,23;4789008,23;4789008,23
9431029;582;2025-06-11 00:00:00;PM GUIDOVAL;18.128.215/0001-58;1261;SEE;SECRETARIA DE ESTADO DE EDUCACAO;42;AUXILIOS;1;AUXILIOS;10;RECURSOS ORDINARIOS - RECURSOS NAO VINCULADOS DE IMPOSTOS;1018540,51;1018540,51;1018540,51
9431035;342;2025-08-01 00:00:00;PM TUPACIGUARA;18.260.489/0001-04;1301;SEINFRA;SECRETARIA DE ESTADO DE INFRAESTRUTURA, MOBILIDADE E PARCERIAS;42;AUXILIOS;1;AUXILIOS;10;RECURSOS ORDINARIOS - RECURSOS NAO VINCULADOS DE IMPOSTOS;300000,0;300000,0;300000,0
9433587;283;2025-06-17 00:00:00;PM UBA;18.128.207/0001-01;1301;SEINFRA;SECRETARIA DE ESTADO DE INFRAESTRUTURA, MOBILIDADE E PARCERIAS;42;AUXILIOS;1;AUXILIOS;10;RECURSOS ORDINARIOS - RECURSOS NAO VINCULADOS DE IMPOSTOS;3458926,5;3458926,5;0,0
9433592;275;2025-06-17 00:00:00;PM COROMANDEL;18.591.149/0001-58;1301;SEINFRA;SECRETARIA DE ESTADO DE INFRAESTRUTURA, MOBILIDADE E PARCERIAS;42;AUXILIOS;1;AUXILIOS;10;RECURSOS ORDINARIOS - RECURSOS NAO VINCULADOS DE IMPOSTOS;300000,0;300000,0;300000,0
9434081;336;2025-04-15 00:00:00;UNIVERSIDADE FEDERAL DE LAVRAS;22.078.679/0001-74;2371;IMA;INSTITUTO MINEIRO DE AGROPECUARIA;42;AUXILIOS;1;AUXILIOS;95;RECURSOS RECEBIDOS POR DANOS ADVINDOS DE DESASTRES SOCIOAMBIENTAIS;0,0;0,0;0,0
9434081;345;2025-04-16 00:00:00;UNIVERSIDADE FEDERAL DE LAVRAS;22.078.679/0001-74;2371;IMA;INSTITUTO MINEIRO DE AGROPECUARIA;42;AUXILIOS;1;AUXILIOS;95;RECURSOS RECEBIDOS POR DANOS ADVINDOS DE DESASTRES SOCIOAMBIENTAIS;3750000,0;3750000,0;3750000,0
9439858;61;2025-06-02 00:00:00;INSTITUTO DH:PROMOCAO, PESQUISA E INTERVENCAO EM DIREITOS HUMANOS E CI;09.583.515/0001-36;1481;SEDESE;SECRETARIA DE ESTADO DE DESENVOLVIMENTO SOCIAL;43;SUBVENCOES SOCIAIS;1;SUBVENCOES SOCIAIS;10;RECURSOS ORDINARIOS - RECURSOS NAO VINCULADOS DE IMPOSTOS;1218069,26;1218069,26;1218069,26
9439858;119;2025-11-14 00:00:00;INSTITUTO DH:PROMOCAO, PESQUISA E INTERVENCAO EM DIREITOS HUMANOS E CI;09.583.515/0001-36;1481;SEDESE;SECRETARIA DE ESTADO DE DESENVOLVIMENTO SOCIAL;43;SUBVENCOES SOCIAIS;1;SUBVENCOES SOCIAIS;10;RECURSOS ORDINARIOS - RECURSOS NAO VINCULADOS DE IMPOSTOS;1200000,0;1200000,0;1200000,0
9445588;42;2025-04-04 00:00:00;ASSOC. DE PROT. E ASSIST. AOS CONENADOS DE SANTA LUZIA;05.125.426/0001-95;1451;SEJUSP;SECRETARIA DE ESTADO DE JUSTICA E SEGURANCA PUBLICA;43;SUBVENCOES SOCIAIS;1;SUBVENCOES SOCIAIS;10;RECURSOS ORDINARIOS - RECURSOS NAO VINCULADOS DE IMPOSTOS;643429,8;643429,8;643429,8
9445588;70;2025-04-15 00:00:00;ASSOC. DE PROT. E ASSIST. AOS CONENADOS DE SANTA LUZIA;05.125.426/0001-95;1451;SEJUSP;SECRETARIA DE ESTADO DE JUSTICA E SEGURANCA PUBLICA;43;SUBVENCOES SOCIAIS;1;SUBVENCOES SOCIAIS;60;RECURSOS DIRETAMENTE ARRECADADOS;3357780,1;3357780,1;3357780,1
9445634;6033;2025-12-09 00:00:00;SANTA CASA DE MISERICORDIA DE SAO SEBASTIAO DO PARAISO;24.899.395/0001-74;4291;FES;FUNDO ESTADUAL DE SAUDE;42;AUXILIOS;1;AUXILIOS;10;RECURSOS ORDINARIOS - RECURSOS NAO VINCULADOS DE IMPOSTOS;700000,0;700000,0;700000,0
9447276;41;2025-05-21 00:00:00;PM SAO SEBASTIAO DO PARAISO;18.241.349/0001-80;1261;SEE;SECRETARIA DE ESTADO DE EDUCACAO;41;CONTRIBUICOES;1;CONTRIBUICOES;10;RECURSOS ORDINARIOS - RECURSOS NAO VINCULADOS DE IMPOSTOS;10000,0;10000,0;10000,0
9447294;276;2025-06-17 00:00:00;PM VARJAO DE MINAS;01.609.780/0001-34;1301;SEINFRA;SECRETARIA DE ESTADO DE INFRAESTRUTURA, MOBILIDADE E PARCERIAS;42;AUXILIOS;1;AUXILIOS;10;RECURSOS ORDINARIOS - RECURSOS NAO VINCULADOS DE IMPOSTOS;300000,0;300000,0;300000,0
9447297;277;2025-06-17 00:00:00;PM VARJAO DE MINAS;01.609.780/0001-34;1301;SEINFRA;SECRETARIA DE ESTADO DE INFRAESTRUTURA, MOBILIDADE E PARCERIAS;42;AUXILIOS;1;AUXILIOS;10;RECURSOS ORDINARIOS - RECURSOS NAO VINCULADOS DE IMPOSTOS;1000000,0;1000000,0;1000000,0
9447299;279;2025-06-17 00:00:00;PM CATAGUASES;17.702.499/0001-81;1301;SEINFRA;SECRETARIA DE ESTADO DE INFRAESTRUTURA, MOBILIDADE E PARCERIAS;42;AUXILIOS;1;AUXILIOS;10;RECURSOS ORDINARIOS - RECURSOS NAO VINCULADOS DE IMPOSTOS;250000,0;250000,0;0,0
9447302;278;2025-06-17 00:00:00;PM CONFINS;01.006.232/0001-10;1301;SEINFRA;SECRETARIA DE ESTADO DE INFRAESTRUTURA, MOBILIDADE E PARCERIAS;42;AUXILIOS;1;AUXILIOS;10;RECURSOS ORDINARIOS - RECURSOS NAO VINCULADOS DE IMPOSTOS;300000,0;300000,0;300000,0
9447371;552;2025-05-23 00:00:00;PM CARLOS CHAGAS;18.477.315/0001-90;1261;SEE;SECRETARIA DE ESTADO DE EDUCACAO;42;AUXILIOS;1;AUXILIOS;10;RECURSOS ORDINARIOS - RECURSOS NAO VINCULADOS DE IMPOSTOS;450000,0;450000,0;450000,0
9447372;553;2025-05-23 00:00:00;PM CACHOEIRA DOURADA;18.457.267/0001-78;1261;SEE;SECRETARIA DE ESTADO DE EDUCACAO;42;AUXILIOS;1;AUXILIOS;10;RECURSOS ORDINARIOS - RECURSOS NAO VINCULADOS DE IMPOSTOS;250000,0;250000,0;250000,0
9447373;1239;2025-05-26 00:00:00;PM ALTO RIO DOCE;18.094.748/0001-66;1261;SEE;SECRETARIA DE ESTADO DE EDUCACAO;42;AUXILIOS;1;AUXILIOS;10;RECURSOS ORDINARIOS - RECURSOS NAO VINCULADOS DE IMPOSTOS;0,0;0,0;0,0
9447373;1283;2025-05-30 00:00:00;PM ALTO RIO DOCE;18.094.748/0001-66;1261;SEE;SECRETARIA DE ESTADO DE EDUCACAO;42;AUXILIOS;1;AUXILIOS;10;RECURSOS ORDINARIOS - RECURSOS NAO VINCULADOS DE IMPOSTOS;1120668,66;1120668,66;1120668,66
9447374;551;2025-05-23 00:00:00;PM IPATINGA;19.876.424/0001-42;1261;SEE;SECRETARIA DE ESTADO DE EDUCACAO;42;AUXILIOS;1;AUXILIOS;10;RECURSOS ORDINARIOS - RECURSOS NAO VINCULADOS DE IMPOSTOS;108200,0;108200,0;108200,0
9447380;280;2025-06-17 00:00:00;PM PEDRALVA;18.025.973/0001-40;1301;SEINFRA;SECRETARIA DE ESTADO DE INFRAESTRUTURA, MOBILIDADE E PARCERIAS;42;AUXILIOS;1;AUXILIOS;10;RECURSOS ORDINARIOS - RECURSOS NAO VINCULADOS DE IMPOSTOS;200000,0;200000,0;200000,0
9447382;281;2025-06-17 00:00:00;PM PATROCINIO DO MURIAE;17.947.607/0001-86;1301;SEINFRA;SECRETARIA DE ESTADO DE INFRAESTRUTURA, MOBILIDADE E PARCERIAS;42;AUXILIOS;1;AUXILIOS;10;RECURSOS ORDINARIOS - RECURSOS NAO VINCULADOS DE IMPOSTOS;470000,0;470000,0;470000,0
9447384;340;2025-07-31 00:00:00;PM CANDEIAS;17.888.090/0001-00;1301;SEINFRA;SECRETARIA DE ESTADO DE INFRAESTRUTURA, MOBILIDADE E PARCERIAS;42;AUXILIOS;1;AUXILIOS;10;RECURSOS ORDINARIOS - RECURSOS NAO VINCULADOS DE IMPOSTOS;250000,0;250000,0;250000,0
9447489;282;2025-06-17 00:00:00;PM DIVINOPOLIS;18.291.351/0001-64;1301;SEINFRA;SECRETARIA DE ESTADO DE INFRAESTRUTURA, MOBILIDADE E PARCERIAS;42;AUXILIOS;1;AUXILIOS;10;RECURSOS ORDINARIOS - RECURSOS NAO VINCULADOS DE IMPOSTOS;953140,5;953140,5;953140,5
9447490;571;2025-12-26 00:00:00;PM ARAXA;18.140.756/0001-00;1301;SEINFRA;SECRETARIA DE ESTADO DE INFRAESTRUTURA, MOBILIDADE E PARCERIAS;42;AUXILIOS;1;AUXILIOS;32;EXPLORACAO DE RECURSOS MINERAIS;3081416,66;3081416,66;3081416,66
9447493;554;2025-05-23 00:00:00;PM SETUBINHA;01.613.375/0001-90;1261;SEE;SECRETARIA DE ESTADO DE EDUCACAO;42;AUXILIOS;1;AUXILIOS;10;RECURSOS ORDINARIOS - RECURSOS NAO VINCULADOS DE IMPOSTOS;711191,99;711191,99;711191,99
9447610;42;2025-03-18 00:00:00;ASSOCIACAO ESCOLA FAMILIA AGRICOLA DA REGIAO DO VALE DO SAO FRANCISCO;07.355.853/0001-95;1261;SEE;SECRETARIA DE ESTADO DE EDUCACAO;43;SUBVENCOES SOCIAIS;1;SUBVENCOES SOCIAIS;21;COTA ESTADUAL DO SALARIO EDUCACAO - QESE;182400,0;182400,0;182400,0
9447771;169;2025-06-13 00:00:00;PM AREADO;18.243.246/0001-50;1231;SEAPA;SECRETARIA DE ESTADO DE AGRICULTURA, PECUARIA E ABASTECIMENTO;41;CONTRIBUICOES;1;CONTRIBUICOES;15;RECURSOS ORDINARIOS - OUTROS RECURSOS NAO VINCULADOS;119884,05;119884,05;119884,05
9447833;880;2025-05-23 00:00:00;PM BOA ESPERANCA;18.239.590/0001-75;1261;SEE;SECRETARIA DE ESTADO DE EDUCACAO;42;AUXILIOS;1;AUXILIOS;10;RECURSOS ORDINARIOS - RECURSOS NAO VINCULADOS DE IMPOSTOS;11935482,37;11935482,37;11935482,37
9450553;137;2025-05-23 00:00:00;PM PARAISOPOLIS;18.025.965/0001-02;1231;SEAPA;SECRETARIA DE ESTADO DE AGRICULTURA, PECUARIA E ABASTECIMENTO;41;CONTRIBUICOES;1;CONTRIBUICOES;15;RECURSOS ORDINARIOS - OUTROS RECURSOS NAO VINCULADOS;500000,0;500000,0;500000,0
9450570;403;2025-11-17 00:00:00;PM CANA VERDE;18.244.426/0001-56;1231;SEAPA;SECRETARIA DE ESTADO DE AGRICULTURA, PECUARIA E ABASTECIMENTO;41;CONTRIBUICOES;1;CONTRIBUICOES;15;RECURSOS ORDINARIOS - OUTROS RECURSOS NAO VINCULADOS;4500000,0;4500000,0;4500000,0
9450571;138;2025-05-23 00:00:00;PM SAO ROQUE DE MINAS;18.306.670/0001-04;1231;SEAPA;SECRETARIA DE ESTADO DE AGRICULTURA, PECUARIA E ABASTECIMENTO;41;CONTRIBUICOES;1;CONTRIBUICOES;15;RECURSOS ORDINARIOS - OUTROS RECURSOS NAO VINCULADOS;1500000,0;0,0;0,0
9450587;411;2025-11-25 00:00:00;PM SAO JOSE DO DIVINO;18.404.988/0001-10;1231;SEAPA;SECRETARIA DE ESTADO DE AGRICULTURA, PECUARIA E ABASTECIMENTO;41;CONTRIBUICOES;1;CONTRIBUICOES;15;RECURSOS ORDINARIOS - OUTROS RECURSOS NAO VINCULADOS;3000000,0;3000000,0;3000000,0
9458842;168;2025-06-13 00:00:00;PM FERNANDES TOURINHO;18.080.887/0001-30;1231;SEAPA;SECRETARIA DE ESTADO DE AGRICULTURA, PECUARIA E ABASTECIMENTO;41;CONTRIBUICOES;1;CONTRIBUICOES;15;RECURSOS ORDINARIOS - OUTROS RECURSOS NAO VINCULADOS;142000,0;142000,0;142000,0
9459075;1109;2025-04-23 00:00:00;CRECHE BOM PASTOR;16.749.426/0001-82;4251;FEAS;FUNDO ESTADUAL DE ASSISTENCIA SOCIAL;43;SUBVENCOES SOCIAIS;1;SUBVENCOES SOCIAIS;71;RECURSOS DO FUNDO ESTADUAL DE ERRADICACAO DA MISERIA;0,0;0,0;277290,0
9459075;1315;2025-06-16 00:00:00;CRECHE BOM PASTOR;16.749.426/0001-82;4251;FEAS;FUNDO ESTADUAL DE ASSISTENCIA SOCIAL;43;SUBVENCOES SOCIAIS;1;SUBVENCOES SOCIAIS;71;RECURSOS DO FUNDO ESTADUAL DE ERRADICACAO DA MISERIA;27729,0;27729,0;27729,0
9459075;1649;2025-10-14 00:00:00;CRECHE BOM PASTOR;16.749.426/0001-82;4251;FEAS;FUNDO ESTADUAL DE ASSISTENCIA SOCIAL;43;SUBVENCOES SOCIAIS;1;SUBVENCOES SOCIAIS;71;RECURSOS DO FUNDO ESTADUAL DE ERRADICACAO DA MISERIA;27729,0;27729,0;27729,0
9459839;131;2025-04-09 00:00:00;ASSOCACAO PARCERIA DE JUIZ DE FORA;09.442.308/0001-61;1371;SEMAD;SECRETARIA DE ESTADO DE MEIO AMBIENTE E DESENVOLVIMENTO SUSTENTAVEL;41;CONTRIBUICOES;1;CONTRIBUICOES;10;RECURSOS ORDINARIOS - RECURSOS NAO VINCULADOS DE IMPOSTOS;3500000,0;3500000,0;3500000,0
9459841;130;2025-04-09 00:00:00;AJUDA-ALIANCA JUIZFORANA PELA DEFESA DOS ANIMAIS;06.251.518/0001-84;1371;SEMAD;SECRETARIA DE ESTADO DE MEIO AMBIENTE E DESENVOLVIMENTO SUSTENTAVEL;41;CONTRIBUICOES;1;CONTRIBUICOES;10;RECURSOS ORDINARIOS - RECURSOS NAO VINCULADOS DE IMPOSTOS;9601288,12;9601288,12;9601288,12
9459912;94;2025-04-16 00:00:00;APAC DE BELO HORIZONTE;26.145.510/0001-40;1451;SEJUSP;SECRETARIA DE ESTADO DE JUSTICA E SEGURANCA PUBLICA;43;SUBVENCOES SOCIAIS;1;SUBVENCOES SOCIAIS;60;RECURSOS DIRETAMENTE ARRECADADOS;3578662,48;3578662,48;3578662,48
9460064;1;2025-04-28 00:00:00;ASSOCIACAO DE PAIS E AMIGOS DOS EXCEPCIONAIS;26.034.918/0001-45;1491;SEGOV;SECRETARIA DE ESTADO DE GOVERNO;42;AUXILIOS;1;AUXILIOS;10;RECURSOS ORDINARIOS - RECURSOS NAO VINCULADOS DE IMPOSTOS;104278,35;104278,35;104278,35
9460361;2;2025-04-28 00:00:00;APAE CONCEICAO DAS ALAGOAS;17.769.407/0001-80;1491;SEGOV;SECRETARIA DE ESTADO DE GOVERNO;42;AUXILIOS;1;AUXILIOS;10;RECURSOS ORDINARIOS - RECURSOS NAO VINCULADOS DE IMPOSTOS;100000,0;100000,0;100000,0
9460362;3;2025-04-28 00:00:00;ASSOCIACAO DE PAIS E AMIGOS DOS EXCEPCIONAIS;00.909.916/0001-69;1491;SEGOV;SECRETARIA DE ESTADO DE GOVERNO;42;AUXILIOS;1;AUXILIOS;10;RECURSOS ORDINARIOS - RECURSOS NAO VINCULADOS DE IMPOSTOS;99956,0;99956,0;99956,0
9460444;4;2025-04-28 00:00:00;CRECHE NOSSO LAR JULIA CARVALHO;20.551.743/0001-67;1491;SEGOV;SECRETARIA DE ESTADO DE GOVERNO;42;AUXILIOS;1;AUXILIOS;10;RECURSOS ORDINARIOS - RECURSOS NAO VINCULADOS DE IMPOSTOS;99967,82;99967,82;99967,82
9460445;5;2025-04-28 00:00:00;ASSOCIACAO MANTENEDORA DOS ANIMAIS DE GUARANESIA;20.240.965/0001-69;1491;SEGOV;SECRETARIA DE ESTADO DE GOVERNO;42;AUXILIOS;1;AUXILIOS;10;RECURSOS ORDINARIOS - RECURSOS NAO VINCULADOS DE IMPOSTOS;104278,35;104278,35;104278,35
9460654;149;2025-05-07 00:00:00;AJUDA-ALIANCA JUIZFORANA PELA DEFESA DOS ANIMAIS;06.251.518/0001-84;1371;SEMAD;SECRETARIA DE ESTADO DE MEIO AMBIENTE E DESENVOLVIMENTO SUSTENTAVEL;41;CONTRIBUICOES;1;CONTRIBUICOES;10;RECURSOS ORDINARIOS - RECURSOS NAO VINCULADOS DE IMPOSTOS;73711,88;73711,88;73711,88
9460654;150;2025-05-07 00:00:00;AJUDA-ALIANCA JUIZFORANA PELA DEFESA DOS ANIMAIS;06.251.518/0001-84;1371;SEMAD;SECRETARIA DE ESTADO DE MEIO AMBIENTE E DESENVOLVIMENTO SUSTENTAVEL;41;CONTRIBUICOES;1;CONTRIBUICOES;10;RECURSOS ORDINARIOS - RECURSOS NAO VINCULADOS DE IMPOSTOS;1749670,93;1749670,93;1749670,93
9460770;328;2025-04-29 00:00:00;PM VARGEM BONITA;16.788.309/0001-28;1271;SECULT;SECRETARIA DE ESTADO DE CULTURA E TURISMO;41;CONTRIBUICOES;1;CONTRIBUICOES;15;RECURSOS ORDINARIOS - OUTROS RECURSOS NAO VINCULADOS;212988,91;212988,91;232500,0
9463056;336;2025-05-06 00:00:00;PM TRES CORACOES;17.955.535/0001-19;1271;SECULT;SECRETARIA DE ESTADO DE CULTURA E TURISMO;41;CONTRIBUICOES;1;CONTRIBUICOES;15;RECURSOS ORDINARIOS - OUTROS RECURSOS NAO VINCULADOS;252450,0;252450,0;252450,0
9466228;139;2025-05-26 00:00:00;PM URUCUIA;25.223.850/0001-80;1231;SEAPA;SECRETARIA DE ESTADO DE AGRICULTURA, PECUARIA E ABASTECIMENTO;41;CONTRIBUICOES;1;CONTRIBUICOES;10;RECURSOS ORDINARIOS - RECURSOS NAO VINCULADOS DE IMPOSTOS;89307,98;89307,98;89307,98
9466229;140;2025-05-26 00:00:00;PM SANTO ANTONIO DO JACINTO;18.349.951/0001-36;1231;SEAPA;SECRETARIA DE ESTADO DE AGRICULTURA, PECUARIA E ABASTECIMENTO;41;CONTRIBUICOES;1;CONTRIBUICOES;10;RECURSOS ORDINARIOS - RECURSOS NAO VINCULADOS DE IMPOSTOS;100000,0;100000,0;100000,0
9468064;136;2025-05-23 00:00:00;PM TURMALINA;25.324.187/0001-00;1231;SEAPA;SECRETARIA DE ESTADO DE AGRICULTURA, PECUARIA E ABASTECIMENTO;41;CONTRIBUICOES;1;CONTRIBUICOES;10;RECURSOS ORDINARIOS - RECURSOS NAO VINCULADOS DE IMPOSTOS;104278,35;104278,35;104278,35
9468079;6;2025-05-07 00:00:00;ASSOCIACAO ARTISTICA E ASSISTENCIAL GLENDA LINHARES - AGL;15.432.840/0001-09;1491;SEGOV;SECRETARIA DE ESTADO DE GOVERNO;42;AUXILIOS;1;AUXILIOS;10;RECURSOS ORDINARIOS - RECURSOS NAO VINCULADOS DE IMPOSTOS;198857,82;198857,82;198857,82
9468080;7;2025-05-07 00:00:00;MINISTERIO ARCA DE NOE PROTECAO ANIMAL;17.064.438/0001-36;1491;SEGOV;SECRETARIA DE ESTADO DE GOVERNO;42;AUXILIOS;1;AUXILIOS;10;RECURSOS ORDINARIOS - RECURSOS NAO VINCULADOS DE IMPOSTOS;132763,33;132763,33;132763,33
9468081;8;2025-05-07 00:00:00;COMUNIDADE TERAPEUTICA VIVER EU QUERO;42.864.786/0001-35;1491;SEGOV;SECRETARIA DE ESTADO DE GOVERNO;42;AUXILIOS;1;AUXILIOS;10;RECURSOS ORDINARIOS - RECURSOS NAO VINCULADOS DE IMPOSTOS;104278,35;104278,35;104278,35
9468198;3621;2025-06-03 00:00:00;PM MACHADO;18.242.784/0001-20;1491;SEGOV;SECRETARIA DE ESTADO DE GOVERNO;42;AUXILIOS;1;AUXILIOS;15;RECURSOS ORDINARIOS - OUTROS RECURSOS NAO VINCULADOS;104278,35;104278,35;0,0
9468201;12;2025-05-13 00:00:00;LAR DOS IDOSOS SAO VICENTE DE PAULO;07.475.972/0001-81;1491;SEGOV;SECRETARIA DE ESTADO DE GOVERNO;42;AUXILIOS;1;AUXILIOS;10;RECURSOS ORDINARIOS - RECURSOS NAO VINCULADOS DE IMPOSTOS;100000,0;100000,0;100000,0
9468302;10;2025-05-12 00:00:00;BEM ESTAR DO MENOR;18.391.797/0004-03;1491;SEGOV;SECRETARIA DE ESTADO DE GOVERNO;42;AUXILIOS;1;AUXILIOS;10;RECURSOS ORDINARIOS - RECURSOS NAO VINCULADOS DE IMPOSTOS;100000,0;100000,0;100000,0
9468303;2;2025-05-12 00:00:00;PM PAULA CANDIDO;17.763.715/0001-07;1491;SEGOV;SECRETARIA DE ESTADO DE GOVERNO;42;AUXILIOS;1;AUXILIOS;10;RECURSOS ORDINARIOS - RECURSOS NAO VINCULADOS DE IMPOSTOS;73468,37;73468,37;73468,37
9468304;4;2025-05-12 00:00:00;PM BRASILIA DE MINAS;18.017.442/0001-06;1491;SEGOV;SECRETARIA DE ESTADO DE GOVERNO;42;AUXILIOS;1;AUXILIOS;10;RECURSOS ORDINARIOS - RECURSOS NAO VINCULADOS DE IMPOSTOS;89307,97;89307,97;89307,97
9468305;1;2025-05-12 00:00:00;PM PATROCINIO DO MURIAE;17.947.607/0001-86;1491;SEGOV;SECRETARIA DE ESTADO DE GOVERNO;42;AUXILIOS;1;AUXILIOS;10;RECURSOS ORDINARIOS - RECURSOS NAO VINCULADOS DE IMPOSTOS;89307,58;89307,58;89307,58
9468307;9;2025-05-12 00:00:00;OBRA UNIDA LAR OZANAM DE MURIAE;26.142.455/0001-35;1491;SEGOV;SECRETARIA DE ESTADO DE GOVERNO;42;AUXILIOS;1;AUXILIOS;10;RECURSOS ORDINARIOS - RECURSOS NAO VINCULADOS DE IMPOSTOS;90210,08;90210,08;90210,08
9468310;3;2025-05-12 00:00:00;PM RIACHINHO;25.222.118/0001-95;1491;SEGOV;SECRETARIA DE ESTADO DE GOVERNO;42;AUXILIOS;1;AUXILIOS;10;RECURSOS ORDINARIOS - RECURSOS NAO VINCULADOS DE IMPOSTOS;131435,7;131435,7;131435,7
9468311;11;2025-05-12 00:00:00;ASSOCIACAO DOS PEQUENOS PRODUTORES RURAIS DO SETOR DE HUMAITA;04.192.343/0001-56;1491;SEGOV;SECRETARIA DE ESTADO DE GOVERNO;42;AUXILIOS;1;AUXILIOS;10;RECURSOS ORDINARIOS - RECURSOS NAO VINCULADOS DE IMPOSTOS;98536,0;98536,0;98536,0
9468312;5;2025-05-12 00:00:00;PM CARATINGA;18.334.268/0001-25;1491;SEGOV;SECRETARIA DE ESTADO DE GOVERNO;42;AUXILIOS;1;AUXILIOS;10;RECURSOS ORDINARIOS - RECURSOS NAO VINCULADOS DE IMPOSTOS;74210,47;74210,47;74210,47
9468313;6;2025-05-12 00:00:00;PM IMBE DE MINAS;01.613.233/0001-22;1491;SEGOV;SECRETARIA DE ESTADO DE GOVERNO;42;AUXILIOS;1;AUXILIOS;10;RECURSOS ORDINARIOS - RECURSOS NAO VINCULADOS DE IMPOSTOS;89210,08;89210,08;89210,08
9468335;141;2025-05-26 00:00:00;PM JORDANIA;18.349.928/0001-41;1231;SEAPA;SECRETARIA DE ESTADO DE AGRICULTURA, PECUARIA E ABASTECIMENTO;41;CONTRIBUICOES;1;CONTRIBUICOES;10;RECURSOS ORDINARIOS - RECURSOS NAO VINCULADOS DE IMPOSTOS;100000,0;100000,0;100000,0
9468336;142;2025-05-26 00:00:00;PM RUBIM;18.349.944/0001-34;1231;SEAPA;SECRETARIA DE ESTADO DE AGRICULTURA, PECUARIA E ABASTECIMENTO;41;CONTRIBUICOES;1;CONTRIBUICOES;10;RECURSOS ORDINARIOS - RECURSOS NAO VINCULADOS DE IMPOSTOS;96675,24;96675,24;96675,24
9468366;59;2025-05-14 00:00:00;PM ALTEROSA;18.243.238/0001-03;1491;SEGOV;SECRETARIA DE ESTADO DE GOVERNO;42;AUXILIOS;1;AUXILIOS;10;RECURSOS ORDINARIOS - RECURSOS NAO VINCULADOS DE IMPOSTOS;73468,37;73468,37;73468,37
9468374;115;2025-05-14 00:00:00;PM ESPINOSA;18.650.952/0001-16;1491;SEGOV;SECRETARIA DE ESTADO DE GOVERNO;42;AUXILIOS;1;AUXILIOS;10;RECURSOS ORDINARIOS - RECURSOS NAO VINCULADOS DE IMPOSTOS;89307,97;89307,97;89307,97
9468385;119;2025-05-14 00:00:00;PM RESENDE COSTA;17.749.912/0001-63;1491;SEGOV;SECRETARIA DE ESTADO DE GOVERNO;42;AUXILIOS;1;AUXILIOS;10;RECURSOS ORDINARIOS - RECURSOS NAO VINCULADOS DE IMPOSTOS;73468,27;73468,27;73468,27
9468445;4332;2025-07-04 00:00:00;INSTITUTO CAUSAR;27.965.893/0001-66;1271;SECULT;SECRETARIA DE ESTADO DE CULTURA E TURISMO;41;CONTRIBUICOES;1;CONTRIBUICOES;10;RECURSOS ORDINARIOS - RECURSOS NAO VINCULADOS DE IMPOSTOS;100000,0;100000,0;100000,0
9468506;143;2025-05-26 00:00:00;PM SALINAS;24.359.333/0001-70;1231;SEAPA;SECRETARIA DE ESTADO DE AGRICULTURA, PECUARIA E ABASTECIMENTO;41;CONTRIBUICOES;1;CONTRIBUICOES;10;RECURSOS ORDINARIOS - RECURSOS NAO VINCULADOS DE IMPOSTOS;178597,74;178597,74;178597,74
9468514;227;2025-05-20 00:00:00;PM NOVA BELEM;01.613.169/0001-80;1301;SEINFRA;SECRETARIA DE ESTADO DE INFRAESTRUTURA, MOBILIDADE E PARCERIAS;42;AUXILIOS;1;AUXILIOS;15;RECURSOS ORDINARIOS - OUTROS RECURSOS NAO VINCULADOS;1800000,0;1800000,0;1800000,0
9468544;753;2025-05-29 00:00:00;PM CONSELHEIRO LAFAIETE;19.718.360/0001-51;1271;SECULT;SECRETARIA DE ESTADO DE CULTURA E TURISMO;41;CONTRIBUICOES;1;CONTRIBUICOES;15;RECURSOS ORDINARIOS - OUTROS RECURSOS NAO VINCULADOS;385000,0;385000,0;385000,0
9468554;15;2025-05-21 00:00:00;CRECHE E CENTRO DE FORMACAO PEQUENINOS DE JESUS;26.032.698/0001-10;1491;SEGOV;SECRETARIA DE ESTADO DE GOVERNO;42;AUXILIOS;1;AUXILIOS;10;RECURSOS ORDINARIOS - RECURSOS NAO VINCULADOS DE IMPOSTOS;132763,33;132763,33;132763,33
9468669;4333;2025-07-04 00:00:00;CONSORCIO INTERMUNICIPAL MULTIFINALITARIO DA AREA MINEIRA DA SUDENE;21.505.692/0001-08;1271;SECULT;SECRETARIA DE ESTADO DE CULTURA E TURISMO;41;CONTRIBUICOES;1;CONTRIBUICOES;10;RECURSOS ORDINARIOS - RECURSOS NAO VINCULADOS DE IMPOSTOS;300000,0;300000,0;300000,0
9468670;144;2025-05-26 00:00:00;PM MIRAI;17.966.201/0001-40;1231;SEAPA;SECRETARIA DE ESTADO DE AGRICULTURA, PECUARIA E ABASTECIMENTO;41;CONTRIBUICOES;1;CONTRIBUICOES;10;RECURSOS ORDINARIOS - RECURSOS NAO VINCULADOS DE IMPOSTOS;100000,0;100000,0;100000,0
9468671;2203;2025-05-20 00:00:00;PM BRASILIA DE MINAS;18.017.442/0001-06;1491;SEGOV;SECRETARIA DE ESTADO DE GOVERNO;42;AUXILIOS;1;AUXILIOS;10;RECURSOS ORDINARIOS - RECURSOS NAO VINCULADOS DE IMPOSTOS;131435,7;131435,7;131435,7
9468672;145;2025-05-26 00:00:00;PM ARACUAI;17.963.083/0001-17;1231;SEAPA;SECRETARIA DE ESTADO DE AGRICULTURA, PECUARIA E ABASTECIMENTO;41;CONTRIBUICOES;1;CONTRIBUICOES;10;RECURSOS ORDINARIOS - RECURSOS NAO VINCULADOS DE IMPOSTOS;100000,0;100000,0;100000,0
9468674;2204;2025-05-20 00:00:00;PM BRASILANDIA DE MINAS;01.602.009/0001-35;1491;SEGOV;SECRETARIA DE ESTADO DE GOVERNO;42;AUXILIOS;1;AUXILIOS;10;RECURSOS ORDINARIOS - RECURSOS NAO VINCULADOS DE IMPOSTOS;89307,98;89307,98;89307,98
9468675;2205;2025-05-20 00:00:00;PM MOEDA;18.363.952/0001-35;1491;SEGOV;SECRETARIA DE ESTADO DE GOVERNO;42;AUXILIOS;1;AUXILIOS;10;RECURSOS ORDINARIOS - RECURSOS NAO VINCULADOS DE IMPOSTOS;103235,57;103235,57;103235,57
9468676;13;2025-05-20 00:00:00;ASSOCIACAO DE APOIO FRATERNAL E EDUCATIVO DE SETE LAGOAS AFESL;14.600.439/0001-60;1491;SEGOV;SECRETARIA DE ESTADO DE GOVERNO;42;AUXILIOS;1;AUXILIOS;10;RECURSOS ORDINARIOS - RECURSOS NAO VINCULADOS DE IMPOSTOS;104278,35;104278,35;104278,35
9468678;14;2025-05-20 00:00:00;ASSOC COM,IND,AGRO E DE PREST DE SERVICOS DE RIO PIRACICABA;23.947.054/0001-64;1491;SEGOV;SECRETARIA DE ESTADO DE GOVERNO;42;AUXILIOS;1;AUXILIOS;10;RECURSOS ORDINARIOS - RECURSOS NAO VINCULADOS DE IMPOSTOS;90210,08;90210,08;90210,08
9468706;2811;2025-05-21 00:00:00;PM CARANDAI;18.094.797/0001-07;1491;SEGOV;SECRETARIA DE ESTADO DE GOVERNO;42;AUXILIOS;1;AUXILIOS;10;RECURSOS ORDINARIOS - RECURSOS NAO VINCULADOS DE IMPOSTOS;73468,37;73468,37;73468,37
9468724;3228;2025-05-22 00:00:00;PM NOVA ERA;16.819.831/0001-20;1491;SEGOV;SECRETARIA DE ESTADO DE GOVERNO;42;AUXILIOS;1;AUXILIOS;10;RECURSOS ORDINARIOS - RECURSOS NAO VINCULADOS DE IMPOSTOS;73468,37;73468,37;73468,37
9468727;754;2025-05-29 00:00:00;PM DIAMANTINA;17.754.136/0001-90;1271;SECULT;SECRETARIA DE ESTADO DE CULTURA E TURISMO;41;CONTRIBUICOES;1;CONTRIBUICOES;15;RECURSOS ORDINARIOS - OUTROS RECURSOS NAO VINCULADOS;335000,0;335000,0;335000,0
9468748;3322;2025-05-23 00:00:00;PM ITABIRINHA;17.125.444/0001-56;1491;SEGOV;SECRETARIA DE ESTADO DE GOVERNO;42;AUXILIOS;1;AUXILIOS;10;RECURSOS ORDINARIOS - RECURSOS NAO VINCULADOS DE IMPOSTOS;146420,94;146420,94;146420,94
9468755;1;2025-05-30 00:00:00;PM SANTA RITA DO IBITIPOCA;18.094.862/0001-96;1481;SEDESE;SECRETARIA DE ESTADO DE DESENVOLVIMENTO SOCIAL;42;AUXILIOS;1;AUXILIOS;15;RECURSOS ORDINARIOS - OUTROS RECURSOS NAO VINCULADOS;2000000,0;2000000,0;2000000,0
9468756;4362;2025-07-04 00:00:00;INSTITUTO RUMO CERTO;03.991.102/0001-04;1271;SECULT;SECRETARIA DE ESTADO DE CULTURA E TURISMO;41;CONTRIBUICOES;1;CONTRIBUICOES;10;RECURSOS ORDINARIOS - RECURSOS NAO VINCULADOS DE IMPOSTOS;443393,26;443393,26;470000,0
9469637;16;2025-05-26 00:00:00;ASSOCIACAO COMUNITARIA SANTO EXPEDITO DOS MORADORE DA VENTOSA;04.613.888/0001-99;1491;SEGOV;SECRETARIA DE ESTADO DE GOVERNO;42;AUXILIOS;1;AUXILIOS;10;RECURSOS ORDINARIOS - RECURSOS NAO VINCULADOS DE IMPOSTOS;99933,79;99933,79;99933,79
9469640;867;2025-06-03 00:00:00;ASPRAMI - ASSOCIACAO AO PROJETO A MELHOR IDADE;30.231.580/0001-99;1271;SECULT;SECRETARIA DE ESTADO DE CULTURA E TURISMO;41;CONTRIBUICOES;1;CONTRIBUICOES;10;RECURSOS ORDINARIOS - RECURSOS NAO VINCULADOS DE IMPOSTOS;85400,34;85400,34;100000,0
9469813;18;2025-05-28 00:00:00;APAE TRES CORACOES;18.917.351/0001-27;1491;SEGOV;SECRETARIA DE ESTADO DE GOVERNO;42;AUXILIOS;1;AUXILIOS;10;RECURSOS ORDINARIOS - RECURSOS NAO VINCULADOS DE IMPOSTOS;125737,7;125737,7;125737,7
9469814;17;2025-05-28 00:00:00;ONCOPOCOS - ASSOCIACAO DE APOIO E ASSISTENCIA A PACIENTES ONCOLOGICOS;31.539.242/0001-81;1491;SEGOV;SECRETARIA DE ESTADO DE GOVERNO;42;AUXILIOS;1;AUXILIOS;10;RECURSOS ORDINARIOS - RECURSOS NAO VINCULADOS DE IMPOSTOS;125737,7;125737,7;125737,7
9469848;150;2025-06-05 00:00:00;PM FORMOSO;18.125.153/0001-20;1231;SEAPA;SECRETARIA DE ESTADO DE AGRICULTURA, PECUARIA E ABASTECIMENTO;41;CONTRIBUICOES;1;CONTRIBUICOES;10;RECURSOS ORDINARIOS - RECURSOS NAO VINCULADOS DE IMPOSTOS;130000,0;130000,0;130000,0
9469850;151;2025-06-05 00:00:00;PM DOM SILVERIO;18.297.226/0001-61;1231;SEAPA;SECRETARIA DE ESTADO DE AGRICULTURA, PECUARIA E ABASTECIMENTO;41;CONTRIBUICOES;1;CONTRIBUICOES;10;RECURSOS ORDINARIOS - RECURSOS NAO VINCULADOS DE IMPOSTOS;120000,0;120000,0;120000,0
9469858;4348;2025-07-04 00:00:00;ASSOCIACAO CULTURAL GRUPO CULTURA DO GUETTO;18.577.780/0001-00;1271;SECULT;SECRETARIA DE ESTADO DE CULTURA E TURISMO;41;CONTRIBUICOES;1;CONTRIBUICOES;10;RECURSOS ORDINARIOS - RECURSOS NAO VINCULADOS DE IMPOSTOS;160384,0;160384,0;160384,0
9469858;4349;2025-07-04 00:00:00;ASSOCIACAO CULTURAL GRUPO CULTURA DO GUETTO;18.577.780/0001-00;1271;SECULT;SECRETARIA DE ESTADO DE CULTURA E TURISMO;42;AUXILIOS;1;AUXILIOS;10;RECURSOS ORDINARIOS - RECURSOS NAO VINCULADOS DE IMPOSTOS;44048,0;44048,0;44048,0
9469860;152;2025-06-05 00:00:00;PM ARINOS;18.125.120/0001-80;1231;SEAPA;SECRETARIA DE ESTADO DE AGRICULTURA, PECUARIA E ABASTECIMENTO;41;CONTRIBUICOES;1;CONTRIBUICOES;10;RECURSOS ORDINARIOS - RECURSOS NAO VINCULADOS DE IMPOSTOS;200000,0;200000,0;200000,0
9469861;157;2025-06-10 00:00:00;SINDICATO TRABALHADORES R.ASSALARIADOS E AGRICULTORES MINAS NOVAS;20.972.196/0001-93;1231;SEAPA;SECRETARIA DE ESTADO DE AGRICULTURA, PECUARIA E ABASTECIMENTO;41;CONTRIBUICOES;1;CONTRIBUICOES;10;RECURSOS ORDINARIOS - RECURSOS NAO VINCULADOS DE IMPOSTOS;90210,08;90210,08;90210,08
9469862;156;2025-06-10 00:00:00;CENTRO CULTURAL DE JOSENOPOLIS;04.371.763/0001-08;1231;SEAPA;SECRETARIA DE ESTADO DE AGRICULTURA, PECUARIA E ABASTECIMENTO;41;CONTRIBUICOES;1;CONTRIBUICOES;10;RECURSOS ORDINARIOS - RECURSOS NAO VINCULADOS DE IMPOSTOS;0,0;0,0;0,0
9469862;164;2025-06-10 00:00:00;CENTRO CULTURAL DE JOSENOPOLIS;04.371.763/0001-08;1231;SEAPA;SECRETARIA DE ESTADO DE AGRICULTURA, PECUARIA E ABASTECIMENTO;41;CONTRIBUICOES;1;CONTRIBUICOES;10;RECURSOS ORDINARIOS - RECURSOS NAO VINCULADOS DE IMPOSTOS;90210,08;90210,08;90210,08
9469864;153;2025-06-05 00:00:00;ASSOCIACAO DOS PEQUENOS PRODUTORES DE CARACOL E REGIAO;02.758.154/0001-72;1231;SEAPA;SECRETARIA DE ESTADO DE AGRICULTURA, PECUARIA E ABASTECIMENTO;41;CONTRIBUICOES;1;CONTRIBUICOES;10;RECURSOS ORDINARIOS - RECURSOS NAO VINCULADOS DE IMPOSTOS;400000,0;400000,0;400000,0
9469865;158;2025-06-10 00:00:00;ASSOCIACAO DOS ARTESAOS DE JAIBA;08.095.809/0001-56;1231;SEAPA;SECRETARIA DE ESTADO DE AGRICULTURA, PECUARIA E ABASTECIMENTO;41;CONTRIBUICOES;1;CONTRIBUICOES;10;RECURSOS ORDINARIOS - RECURSOS NAO VINCULADOS DE IMPOSTOS;90210,08;90210,08;90210,08
9469926;4356;2025-07-04 00:00:00;INSTITUTO A FORCA DO BEM;30.815.481/0001-54;1271;SECULT;SECRETARIA DE ESTADO DE CULTURA E TURISMO;41;CONTRIBUICOES;1;CONTRIBUICOES;10;RECURSOS ORDINARIOS - RECURSOS NAO VINCULADOS DE IMPOSTOS;100000,0;100000,0;100000,0
9469929;19;2025-05-29 00:00:00;AGENCIA DE DESENVOLVIMENTO NOVO OESTE;48.981.982/0001-76;1491;SEGOV;SECRETARIA DE ESTADO DE GOVERNO;42;AUXILIOS;1;AUXILIOS;10;RECURSOS ORDINARIOS - RECURSOS NAO VINCULADOS DE IMPOSTOS;90210,08;90210,08;90210,08
9469930;20;2025-05-29 00:00:00;ASSOCIACAO BENEFICENTE PARA TODOS OS POVOS E NACOES-ABTPN;40.412.706/0001-85;1491;SEGOV;SECRETARIA DE ESTADO DE GOVERNO;42;AUXILIOS;1;AUXILIOS;10;RECURSOS ORDINARIOS - RECURSOS NAO VINCULADOS DE IMPOSTOS;132763,33;132763,33;132763,33
9469931;3616;2025-05-29 00:00:00;PM SAO TIAGO;17.749.904/0001-17;1491;SEGOV;SECRETARIA DE ESTADO DE GOVERNO;42;AUXILIOS;1;AUXILIOS;10;RECURSOS ORDINARIOS - RECURSOS NAO VINCULADOS DE IMPOSTOS;73468,37;73468,37;73468,37
9469935;3617;2025-05-29 00:00:00;PM TEOFILO OTONI;18.404.780/0001-09;1491;SEGOV;SECRETARIA DE ESTADO DE GOVERNO;42;AUXILIOS;1;AUXILIOS;10;RECURSOS ORDINARIOS - RECURSOS NAO VINCULADOS DE IMPOSTOS;103178,35;103178,35;103178,35
9469936;21;2025-05-29 00:00:00;ASSOCIACAO DE AMPARO AO IDOSO EM MANTIMENTO;25.248.984/0001-55;1491;SEGOV;SECRETARIA DE ESTADO DE GOVERNO;42;AUXILIOS;1;AUXILIOS;10;RECURSOS ORDINARIOS - RECURSOS NAO VINCULADOS DE IMPOSTOS;74210,47;74210,47;74210,47
9469937;22;2025-05-29 00:00:00;SINDICATO DOS PRODUTORES RURAIS DE PIRAPORA;21.356.233/0001-00;1491;SEGOV;SECRETARIA DE ESTADO DE GOVERNO;42;AUXILIOS;1;AUXILIOS;10;RECURSOS ORDINARIOS - RECURSOS NAO VINCULADOS DE IMPOSTOS;90210,08;90210,08;90210,08
9469938;3618;2025-05-29 00:00:00;PM ILICINEA;18.239.608/0001-39;1491;SEGOV;SECRETARIA DE ESTADO DE GOVERNO;42;AUXILIOS;1;AUXILIOS;10;RECURSOS ORDINARIOS - RECURSOS NAO VINCULADOS DE IMPOSTOS;124480,32;124480,32;124480,32
9469939;3619;2025-05-29 00:00:00;PM ESPINOSA;18.650.952/0001-16;1491;SEGOV;SECRETARIA DE ESTADO DE GOVERNO;42;AUXILIOS;1;AUXILIOS;10;RECURSOS ORDINARIOS - RECURSOS NAO VINCULADOS DE IMPOSTOS;89307,97;89307,97;89307,97
9469975;24;2025-05-30 00:00:00;ONG PAREDAO OUSADIA SOLIDARIO;44.543.206/0001-33;1491;SEGOV;SECRETARIA DE ESTADO DE GOVERNO;42;AUXILIOS;1;AUXILIOS;10;RECURSOS ORDINARIOS - RECURSOS NAO VINCULADOS DE IMPOSTOS;125737,7;125737,7;125737,7
9469976;25;2025-05-30 00:00:00;COMVIDA - COMUNIDADE TERAPEUTICA FAZENDA VIDA NOVA;02.970.363/0001-85;1491;SEGOV;SECRETARIA DE ESTADO DE GOVERNO;42;AUXILIOS;1;AUXILIOS;10;RECURSOS ORDINARIOS - RECURSOS NAO VINCULADOS DE IMPOSTOS;74210,47;74210,47;74210,47
9469977;3620;2025-05-30 00:00:00;PM CARMO DO CAJURU;18.291.377/0001-02;1491;SEGOV;SECRETARIA DE ESTADO DE GOVERNO;42;AUXILIOS;1;AUXILIOS;10;RECURSOS ORDINARIOS - RECURSOS NAO VINCULADOS DE IMPOSTOS;320807,53;320807,53;320807,53
9469978;23;2025-05-30 00:00:00;ASSOC ESC FAMILIA AGRICOLA BAIXO MUCURI;28.963.034/0001-09;1491;SEGOV;SECRETARIA DE ESTADO DE GOVERNO;42;AUXILIOS;1;AUXILIOS;10;RECURSOS ORDINARIOS - RECURSOS NAO VINCULADOS DE IMPOSTOS;74210,47;74210,47;74210,47
9469979;269;2025-08-14 00:00:00;CENTRAL DAS ASSOCIACOES DA AGRIC.FAMILAR DE ARINOS - CAAFA;49.259.381/0001-17;1231;SEAPA;SECRETARIA DE ESTADO DE AGRICULTURA, PECUARIA E ABASTECIMENTO;41;CONTRIBUICOES;1;CONTRIBUICOES;10;RECURSOS ORDINARIOS - RECURSOS NAO VINCULADOS DE IMPOSTOS;90210,08;90210,08;90210,08
9469998;270;2025-08-14 00:00:00;PM NOVO CRUZEIRO;18.404.889/0001-38;1231;SEAPA;SECRETARIA DE ESTADO DE AGRICULTURA, PECUARIA E ABASTECIMENTO;41;CONTRIBUICOES;1;CONTRIBUICOES;10;RECURSOS ORDINARIOS - RECURSOS NAO VINCULADOS DE IMPOSTOS;89307,08;89307,08;89307,08
9470010;3622;2025-06-03 00:00:00;PM EXTREMA;18.677.591/0001-00;1491;SEGOV;SECRETARIA DE ESTADO DE GOVERNO;42;AUXILIOS;1;AUXILIOS;10;RECURSOS ORDINARIOS - RECURSOS NAO VINCULADOS DE IMPOSTOS;119450,7;119450,7;119450,7
9470011;4203;2025-07-01 00:00:00;FEDERACAO DOS CIRCUITOS TURISTICOS DO ESTADO DE MINAS GERAIS;09.103.718/0001-88;1271;SECULT;SECRETARIA DE ESTADO DE CULTURA E TURISMO;42;AUXILIOS;1;AUXILIOS;10;RECURSOS ORDINARIOS - RECURSOS NAO VINCULADOS DE IMPOSTOS;90210,08;90210,08;90210,08
9470012;26;2025-06-03 00:00:00;ASSOCIACAO DE MORADORES E AMIGOS DA GRAMA;21.272.547/0001-16;1491;SEGOV;SECRETARIA DE ESTADO DE GOVERNO;42;AUXILIOS;1;AUXILIOS;10;RECURSOS ORDINARIOS - RECURSOS NAO VINCULADOS DE IMPOSTOS;88477,71;88477,71;88477,71
9470013;27;2025-06-03 00:00:00;ASSOCIACAO BENEFICENTE PAZ, HARMONIAE CONCORDIA;28.418.280/0001-71;1491;SEGOV;SECRETARIA DE ESTADO DE GOVERNO;42;AUXILIOS;1;AUXILIOS;10;RECURSOS ORDINARIOS - RECURSOS NAO VINCULADOS DE IMPOSTOS;100000,0;100000,0;100000,0
9470014;28;2025-06-03 00:00:00;CASA DA SOPA FRANCISCO DE ASSIS;01.963.888/0001-20;1491;SEGOV;SECRETARIA DE ESTADO DE GOVERNO;42;AUXILIOS;1;AUXILIOS;10;RECURSOS ORDINARIOS - RECURSOS NAO VINCULADOS DE IMPOSTOS;90210,08;90210,08;90210,08
9470015;29;2025-06-03 00:00:00;ASSOCIACAO EDUCACIONAL, CULTURAL E DESENVOLVIMENTO SOCIAL DE MULHERES;28.039.811/0001-15;1491;SEGOV;SECRETARIA DE ESTADO DE GOVERNO;42;AUXILIOS;1;AUXILIOS;10;RECURSOS ORDINARIOS - RECURSOS NAO VINCULADOS DE IMPOSTOS;100000,0;100000,0;100000,0
9470030;159;2025-06-10 00:00:00;ASSOC.DOS TRABALHADORES E TRABALHADORAS NA AGRIC.FAMILIAR;09.350.566/0001-18;1231;SEAPA;SECRETARIA DE ESTADO DE AGRICULTURA, PECUARIA E ABASTECIMENTO;41;CONTRIBUICOES;1;CONTRIBUICOES;10;RECURSOS ORDINARIOS - RECURSOS NAO VINCULADOS DE IMPOSTOS;236000,0;236000,0;236000,0
9470107;2;2025-06-03 00:00:00;CONFEDERAA A O BRASILEIRA DE DESPORTOS DE SURDOS A  C;28.636.504/0001-11;1481;SEDESE;SECRETARIA DE ESTADO DE DESENVOLVIMENTO SOCIAL;43;SUBVENCOES SOCIAIS;1;SUBVENCOES SOCIAIS;10;RECURSOS ORDINARIOS - RECURSOS NAO VINCULADOS DE IMPOSTOS;160000,0;160000,0;160000,0
9470111;271;2025-08-14 00:00:00;SINDICATO DOS PRODUTORES RURAIS MACHACALIS;26.217.695/0001-51;1231;SEAPA;SECRETARIA DE ESTADO DE AGRICULTURA, PECUARIA E ABASTECIMENTO;41;CONTRIBUICOES;1;CONTRIBUICOES;10;RECURSOS ORDINARIOS - RECURSOS NAO VINCULADOS DE IMPOSTOS;118000,0;118000,0;118000,0
9470112;268;2025-08-14 00:00:00;COOPERATIVA DE DESENVOLVIMENTO AGROPECUARIO RIO ESPERA LTDA;42.754.956/0001-29;1231;SEAPA;SECRETARIA DE ESTADO DE AGRICULTURA, PECUARIA E ABASTECIMENTO;41;CONTRIBUICOES;1;CONTRIBUICOES;10;RECURSOS ORDINARIOS - RECURSOS NAO VINCULADOS DE IMPOSTOS;100000,0;100000,0;100000,0
9470113;272;2025-08-14 00:00:00;ASSOCIACAO COMUNITARIA DA FAZENDA ROCA DE DENTRO;04.915.171/0001-00;1231;SEAPA;SECRETARIA DE ESTADO DE AGRICULTURA, PECUARIA E ABASTECIMENTO;41;CONTRIBUICOES;1;CONTRIBUICOES;10;RECURSOS ORDINARIOS - RECURSOS NAO VINCULADOS DE IMPOSTOS;90210,08;90210,08;90210,08
9470115;4345;2025-07-04 00:00:00;CORPORACAO MUSICAL SANTA BARBARA;17.414.954/0001-43;1271;SECULT;SECRETARIA DE ESTADO DE CULTURA E TURISMO;41;CONTRIBUICOES;1;CONTRIBUICOES;10;RECURSOS ORDINARIOS - RECURSOS NAO VINCULADOS DE IMPOSTOS;50000,0;50000,0;50000,0
9470115;4346;2025-07-04 00:00:00;CORPORACAO MUSICAL SANTA BARBARA;17.414.954/0001-43;1271;SECULT;SECRETARIA DE ESTADO DE CULTURA E TURISMO;42;AUXILIOS;1;AUXILIOS;10;RECURSOS ORDINARIOS - RECURSOS NAO VINCULADOS DE IMPOSTOS;50000,0;50000,0;50000,0
9470137;30;2025-06-05 00:00:00;ASSOCIACAO DOS PEQUENOS PRODUTORES RURAIS DA AGROVILA 2;01.963.673/0001-00;1491;SEGOV;SECRETARIA DE ESTADO DE GOVERNO;42;AUXILIOS;1;AUXILIOS;10;RECURSOS ORDINARIOS - RECURSOS NAO VINCULADOS DE IMPOSTOS;130000,0;130000,0;130000,0
9470138;4353;2025-07-04 00:00:00;CENTRO CULTURAL DONA ANTONIA;08.279.756/0001-23;1271;SECULT;SECRETARIA DE ESTADO DE CULTURA E TURISMO;41;CONTRIBUICOES;1;CONTRIBUICOES;10;RECURSOS ORDINARIOS - RECURSOS NAO VINCULADOS DE IMPOSTOS;489571,9;489571,9;500000,0
9470140;4354;2025-07-04 00:00:00;ONG  REDE COLABORATIVA BRASIL;23.454.514/0001-12;1271;SECULT;SECRETARIA DE ESTADO DE CULTURA E TURISMO;41;CONTRIBUICOES;1;CONTRIBUICOES;10;RECURSOS ORDINARIOS - RECURSOS NAO VINCULADOS DE IMPOSTOS;170000,0;170000,0;170000,0
9470141;4352;2025-07-04 00:00:00;ASSOCIACAO REGIONAL DE COOPERACAO AGRICOLA DA ZONA DA MATA DE MINAS GE;09.372.995/0001-96;1271;SECULT;SECRETARIA DE ESTADO DE CULTURA E TURISMO;41;CONTRIBUICOES;1;CONTRIBUICOES;10;RECURSOS ORDINARIOS - RECURSOS NAO VINCULADOS DE IMPOSTOS;0,0;0,0;0,0
9470141;4794;2025-09-17 00:00:00;ASSOCIACAO REGIONAL DE COOPERACAO AGRICOLA DA ZONA DA MATA DE MINAS GE;09.372.995/0001-96;1271;SECULT;SECRETARIA DE ESTADO DE CULTURA E TURISMO;41;CONTRIBUICOES;1;CONTRIBUICOES;10;RECURSOS ORDINARIOS - RECURSOS NAO VINCULADOS DE IMPOSTOS;70000,0;70000,0;70000,0
9470141;4795;2025-09-17 00:00:00;ASSOCIACAO REGIONAL DE COOPERACAO AGRICOLA DA ZONA DA MATA DE MINAS GE;09.372.995/0001-96;1271;SECULT;SECRETARIA DE ESTADO DE CULTURA E TURISMO;41;CONTRIBUICOES;1;CONTRIBUICOES;10;RECURSOS ORDINARIOS - RECURSOS NAO VINCULADOS DE IMPOSTOS;29999,82;29999,82;29999,82
9470143;31;2025-06-05 00:00:00;G.A.S GUARACIABA ASSISTENCIA SOCIAL;17.459.314/0001-50;1491;SEGOV;SECRETARIA DE ESTADO DE GOVERNO;42;AUXILIOS;1;AUXILIOS;10;RECURSOS ORDINARIOS - RECURSOS NAO VINCULADOS DE IMPOSTOS;74210,47;74210,47;74210,47
9470144;3623;2025-06-05 00:00:00;PM UBAI;18.017.459/0001-63;1491;SEGOV;SECRETARIA DE ESTADO DE GOVERNO;42;AUXILIOS;1;AUXILIOS;10;RECURSOS ORDINARIOS - RECURSOS NAO VINCULADOS DE IMPOSTOS;89210,08;89210,08;89210,08
9470145;32;2025-06-05 00:00:00;ASSOCIACAO SABORES DE ACUCENA;01.208.541/0001-72;1491;SEGOV;SECRETARIA DE ESTADO DE GOVERNO;42;AUXILIOS;1;AUXILIOS;10;RECURSOS ORDINARIOS - RECURSOS NAO VINCULADOS DE IMPOSTOS;100000,0;100000,0;100000,0
9470146;33;2025-06-05 00:00:00;SOC.BENEFICIENTE DR.GERALDO PINHEIRO OSORIO;23.438.500/0001-05;1491;SEGOV;SECRETARIA DE ESTADO DE GOVERNO;42;AUXILIOS;1;AUXILIOS;10;RECURSOS ORDINARIOS - RECURSOS NAO VINCULADOS DE IMPOSTOS;90210,08;90210,08;90210,08
9470147;34;2025-06-05 00:00:00;LAR SAO VICENTE DE PAULO DE PASSOS;23.280.084/0001-60;1491;SEGOV;SECRETARIA DE ESTADO DE GOVERNO;42;AUXILIOS;1;AUXILIOS;10;RECURSOS ORDINARIOS - RECURSOS NAO VINCULADOS DE IMPOSTOS;100000,0;100000,0;100000,0
9470148;35;2025-06-05 00:00:00;OBRAS SOCIAIS AUTA DE SOUZA;08.229.829/0001-72;1491;SEGOV;SECRETARIA DE ESTADO DE GOVERNO;42;AUXILIOS;1;AUXILIOS;10;RECURSOS ORDINARIOS - RECURSOS NAO VINCULADOS DE IMPOSTOS;104278,35;104278,35;104278,35
9470149;36;2025-06-05 00:00:00;ASSOCIACAO COMUNITARIA DE CIPO;05.411.054/0001-63;1491;SEGOV;SECRETARIA DE ESTADO DE GOVERNO;42;AUXILIOS;1;AUXILIOS;10;RECURSOS ORDINARIOS - RECURSOS NAO VINCULADOS DE IMPOSTOS;90210,08;90210,08;90210,08
9470150;37;2025-06-05 00:00:00;ASSOPOC - ASSOCIACAO DOS PROTETORES DOS POBRES E CARENTES;01.286.108/0001-55;1491;SEGOV;SECRETARIA DE ESTADO DE GOVERNO;42;AUXILIOS;1;AUXILIOS;10;RECURSOS ORDINARIOS - RECURSOS NAO VINCULADOS DE IMPOSTOS;100000,0;100000,0;100000,0
9470152;38;2025-06-05 00:00:00;ASSOCIACAO DE APOIO FRATERNAL E EDUCATIVO DE SETE LAGOAS AFESL;14.600.439/0001-60;1491;SEGOV;SECRETARIA DE ESTADO DE GOVERNO;42;AUXILIOS;1;AUXILIOS;10;RECURSOS ORDINARIOS - RECURSOS NAO VINCULADOS DE IMPOSTOS;245721,64;245721,64;245721,64
9470171;4050;2025-06-23 00:00:00;PM FORMIGA;16.784.720/0001-25;1271;SECULT;SECRETARIA DE ESTADO DE CULTURA E TURISMO;41;CONTRIBUICOES;1;CONTRIBUICOES;15;RECURSOS ORDINARIOS - OUTROS RECURSOS NAO VINCULADOS;341550,0;341550,0;341550,0
9470172;1811;2025-06-10 00:00:00;ASSOCIACAO DE SERVICOS COMPOSTOS INTEGRADOS A PARCERIAS PUBLICAS PRIVA;14.853.040/0001-90;1271;SECULT;SECRETARIA DE ESTADO DE CULTURA E TURISMO;41;CONTRIBUICOES;1;CONTRIBUICOES;10;RECURSOS ORDINARIOS - RECURSOS NAO VINCULADOS DE IMPOSTOS;1000000,0;1000000,0;1000000,0
9470176;160;2025-06-10 00:00:00;INSTITUTO ASSISTENCIAL EDUCACIONAL NOSSA SENHORA DAS NEVES;22.057.491/0001-40;1231;SEAPA;SECRETARIA DE ESTADO DE AGRICULTURA, PECUARIA E ABASTECIMENTO;41;CONTRIBUICOES;1;CONTRIBUICOES;10;RECURSOS ORDINARIOS - RECURSOS NAO VINCULADOS DE IMPOSTOS;100000,0;100000,0;100000,0
9470177;163;2025-06-10 00:00:00;CONSLHO DESENV COMUNITARIO DA SANTA DO JACARE;20.929.105/0001-37;1231;SEAPA;SECRETARIA DE ESTADO DE AGRICULTURA, PECUARIA E ABASTECIMENTO;41;CONTRIBUICOES;1;CONTRIBUICOES;10;RECURSOS ORDINARIOS - RECURSOS NAO VINCULADOS DE IMPOSTOS;250000,0;250000,0;250000,0
9470178;161;2025-06-10 00:00:00;SINDICATO DOS PRODUTORES RURAIS DE VAZANTE;20.726.303/0001-01;1231;SEAPA;SECRETARIA DE ESTADO DE AGRICULTURA, PECUARIA E ABASTECIMENTO;41;CONTRIBUICOES;1;CONTRIBUICOES;10;RECURSOS ORDINARIOS - RECURSOS NAO VINCULADOS DE IMPOSTOS;100000,0;100000,0;100000,0
9470186;162;2025-06-10 00:00:00;PM CATAS ALTAS;01.612.370/0001-42;1231;SEAPA;SECRETARIA DE ESTADO DE AGRICULTURA, PECUARIA E ABASTECIMENTO;41;CONTRIBUICOES;1;CONTRIBUICOES;10;RECURSOS ORDINARIOS - RECURSOS NAO VINCULADOS DE IMPOSTOS;120000,0;120000,0;120000,0
9470219;223;2025-06-12 00:00:00;ASSOCIACAO DE PAIS E AMIGOS DOS EXCEPCIONAIS - APAE;17.805.524/0001-52;1481;SEDESE;SECRETARIA DE ESTADO DE DESENVOLVIMENTO SOCIAL;43;SUBVENCOES SOCIAIS;1;SUBVENCOES SOCIAIS;38;TRANSFERENCIAS DA UNIAO VINCULADAS AO ESPORTE;99988,88;99988,88;99988,88
9470221;222;2025-06-12 00:00:00;ASSOCIACAO ESPORTIVA MINAS GERAIS QUAD RUGBY;18.104.608/0001-21;1481;SEDESE;SECRETARIA DE ESTADO DE DESENVOLVIMENTO SOCIAL;43;SUBVENCOES SOCIAIS;1;SUBVENCOES SOCIAIS;38;TRANSFERENCIAS DA UNIAO VINCULADAS AO ESPORTE;88462,68;88462,68;88462,68
9470222;266;2025-06-12 00:00:00;PM TURMALINA;25.324.187/0001-00;1301;SEINFRA;SECRETARIA DE ESTADO DE INFRAESTRUTURA, MOBILIDADE E PARCERIAS;42;AUXILIOS;1;AUXILIOS;10;RECURSOS ORDINARIOS - RECURSOS NAO VINCULADOS DE IMPOSTOS;500000,0;500000,0;500000,0
9470234;1814;2025-06-10 00:00:00;PM PARACATU;18.278.051/0001-45;1271;SECULT;SECRETARIA DE ESTADO DE CULTURA E TURISMO;41;CONTRIBUICOES;1;CONTRIBUICOES;15;RECURSOS ORDINARIOS - OUTROS RECURSOS NAO VINCULADOS;330000,0;330000,0;330000,0
9470237;4343;2025-07-04 00:00:00;INSTITUTO CULTURAL ABRAPALAVRA;18.861.009/0001-52;1271;SECULT;SECRETARIA DE ESTADO DE CULTURA E TURISMO;41;CONTRIBUICOES;1;CONTRIBUICOES;10;RECURSOS ORDINARIOS - RECURSOS NAO VINCULADOS DE IMPOSTOS;100000,0;100000,0;100000,0
9470239;264;2025-06-12 00:00:00;PM TOMBOS;18.114.223/0001-45;1301;SEINFRA;SECRETARIA DE ESTADO DE INFRAESTRUTURA, MOBILIDADE E PARCERIAS;42;AUXILIOS;1;AUXILIOS;15;RECURSOS ORDINARIOS - OUTROS RECURSOS NAO VINCULADOS;1000000,0;1000000,0;1000000,0
9470319;39;2025-06-10 00:00:00;ASSOCIACAO BENEFICENTE PARA TODOS OS POVOS E NACOES-ABTPN;40.412.706/0001-85;1491;SEGOV;SECRETARIA DE ESTADO DE GOVERNO;42;AUXILIOS;1;AUXILIOS;10;RECURSOS ORDINARIOS - RECURSOS NAO VINCULADOS DE IMPOSTOS;299996,47;299996,47;299996,47
9470320;41;2025-06-10 00:00:00;ASSOCIACAO DOS MORADORES DO BAIRRO DE MATINHA;71.263.271/0001-88;1491;SEGOV;SECRETARIA DE ESTADO DE GOVERNO;42;AUXILIOS;1;AUXILIOS;10;RECURSOS ORDINARIOS - RECURSOS NAO VINCULADOS DE IMPOSTOS;90210,08;90210,08;90210,08
9470321;40;2025-06-10 00:00:00;ASSOCIACAO DESPORTIVA GUARANI ESPORTE CLUBE - ADGEC;00.631.795/0001-36;1491;SEGOV;SECRETARIA DE ESTADO DE GOVERNO;42;AUXILIOS;1;AUXILIOS;10;RECURSOS ORDINARIOS - RECURSOS NAO VINCULADOS DE IMPOSTOS;90210,08;90210,08;90210,08
9470322;42;2025-06-10 00:00:00;FUNDACAO EDUCACIOBAL CLARICE ALBUQUERQUE;25.218.462/0001-00;1491;SEGOV;SECRETARIA DE ESTADO DE GOVERNO;42;AUXILIOS;1;AUXILIOS;10;RECURSOS ORDINARIOS - RECURSOS NAO VINCULADOS DE IMPOSTOS;125737,7;125737,7;125737,7
9470425;4351;2025-07-04 00:00:00;INSTITUTO ARUNA;41.384.515/0001-10;1271;SECULT;SECRETARIA DE ESTADO DE CULTURA E TURISMO;41;CONTRIBUICOES;1;CONTRIBUICOES;10;RECURSOS ORDINARIOS - RECURSOS NAO VINCULADOS DE IMPOSTOS;100000,0;100000,0;100000,0
9470427;4350;2025-07-04 00:00:00;ASSOCIACAO CULTURAL BLOCO AFRO ILU ASE MUVUKA;48.461.486/0001-91;1271;SECULT;SECRETARIA DE ESTADO DE CULTURA E TURISMO;41;CONTRIBUICOES;1;CONTRIBUICOES;10;RECURSOS ORDINARIOS - RECURSOS NAO VINCULADOS DE IMPOSTOS;100000,0;100000,0;100000,0
9470430;4344;2025-07-04 00:00:00;GRUPO EDUCACAO, ETICA E CIDADANIA;05.543.739/0001-63;1271;SECULT;SECRETARIA DE ESTADO DE CULTURA E TURISMO;41;CONTRIBUICOES;1;CONTRIBUICOES;10;RECURSOS ORDINARIOS - RECURSOS NAO VINCULADOS DE IMPOSTOS;150000,0;150000,0;150000,0
9470432;4347;2025-07-04 00:00:00;AGENCIA DE INICIATIVAS CIDADAS;02.291.981/0001-07;1271;SECULT;SECRETARIA DE ESTADO DE CULTURA E TURISMO;41;CONTRIBUICOES;1;CONTRIBUICOES;10;RECURSOS ORDINARIOS - RECURSOS NAO VINCULADOS DE IMPOSTOS;200000,0;200000,0;200000,0
9470433;43;2025-06-11 00:00:00;LAR ESPIRITA VOVO DIDI;47.926.648/0001-57;1491;SEGOV;SECRETARIA DE ESTADO DE GOVERNO;42;AUXILIOS;1;AUXILIOS;10;RECURSOS ORDINARIOS - RECURSOS NAO VINCULADOS DE IMPOSTOS;100000,0;100000,0;100000,0
9470434;44;2025-06-11 00:00:00;ASSOC. DE PROT. E ASSIST. AO CONDENADO DE PERDOES;06.118.334/0001-40;1491;SEGOV;SECRETARIA DE ESTADO DE GOVERNO;42;AUXILIOS;1;AUXILIOS;10;RECURSOS ORDINARIOS - RECURSOS NAO VINCULADOS DE IMPOSTOS;125737,7;125737,7;125737,7
9470436;4361;2025-07-04 00:00:00;CENTRO CULTURAL DONA ANTONIA;08.279.756/0001-23;1271;SECULT;SECRETARIA DE ESTADO DE CULTURA E TURISMO;41;CONTRIBUICOES;1;CONTRIBUICOES;10;RECURSOS ORDINARIOS - RECURSOS NAO VINCULADOS DE IMPOSTOS;240955,89;240955,89;250000,0
9470438;4341;2025-07-04 00:00:00;ASSOCIACAO ARTE VIDA E CULTURA CAPOEIRA;07.563.416/0001-67;1271;SECULT;SECRETARIA DE ESTADO DE CULTURA E TURISMO;41;CONTRIBUICOES;1;CONTRIBUICOES;10;RECURSOS ORDINARIOS - RECURSOS NAO VINCULADOS DE IMPOSTOS;100000,0;100000,0;100000,0
9470443;45;2025-06-11 00:00:00;ASSOCIACAO DE PAIS E AMIGOS DOS EXCEPCIONAIS - APAE/UBA;17.759.168/0001-88;1491;SEGOV;SECRETARIA DE ESTADO DE GOVERNO;42;AUXILIOS;1;AUXILIOS;10;RECURSOS ORDINARIOS - RECURSOS NAO VINCULADOS DE IMPOSTOS;0,0;0,0;0,0
9470443;46;2025-06-11 00:00:00;ASSOCIACAO DE PAIS E AMIGOS DOS EXCEPCIONAIS - APAE/UBA;17.759.168/0001-88;1491;SEGOV;SECRETARIA DE ESTADO DE GOVERNO;42;AUXILIOS;1;AUXILIOS;10;RECURSOS ORDINARIOS - RECURSOS NAO VINCULADOS DE IMPOSTOS;99920,35;99920,35;99920,35
9470548;4342;2025-07-04 00:00:00;ASSOCIACAO CULTURAL DE EDUCACAO SOCIAL E ARTISTICA;97.528.853/0001-32;1271;SECULT;SECRETARIA DE ESTADO DE CULTURA E TURISMO;41;CONTRIBUICOES;1;CONTRIBUICOES;10;RECURSOS ORDINARIOS - RECURSOS NAO VINCULADOS DE IMPOSTOS;100000,0;100000,0;100000,0
9470550;4340;2025-07-04 00:00:00;ASSOCIACAO RECREATIVA ESCOLA DE SAMBA INOCENTES DE SANTA TEREZA;06.282.278/0001-85;1271;SECULT;SECRETARIA DE ESTADO DE CULTURA E TURISMO;41;CONTRIBUICOES;1;CONTRIBUICOES;10;RECURSOS ORDINARIOS - RECURSOS NAO VINCULADOS DE IMPOSTOS;100000,0;100000,0;100000,0
9470560;3;2025-06-16 00:00:00;ASSISTENCIA SOCIAL PIO XII;20.549.861/0003-00;1481;SEDESE;SECRETARIA DE ESTADO DE DESENVOLVIMENTO SOCIAL;42;AUXILIOS;1;AUXILIOS;10;RECURSOS ORDINARIOS - RECURSOS NAO VINCULADOS DE IMPOSTOS;125737,7;125737,7;125737,7
9470578;189;2025-06-17 00:00:00;MGI MINAS GERAIS PARTICIPACOES S.A;19.296.342/0001-29;1221;SEDE;SECRETARIA DE ESTADO DE DESENVOLVIMENTO ECONOMICO;41;CONTRIBUICOES;1;CONTRIBUICOES;10;RECURSOS ORDINARIOS - RECURSOS NAO VINCULADOS DE IMPOSTOS;399701,13;399701,13;399701,13
9470578;286;2025-12-12 00:00:00;MGI MINAS GERAIS PARTICIPACOES S.A;19.296.342/0001-29;1221;SEDE;SECRETARIA DE ESTADO DE DESENVOLVIMENTO ECONOMICO;41;CONTRIBUICOES;1;CONTRIBUICOES;10;RECURSOS ORDINARIOS - RECURSOS NAO VINCULADOS DE IMPOSTOS;509617,3;0,0;0,0
9470582;47;2025-06-16 00:00:00;ASSOCIACAO PAIS E AMIGOS DOS EXCEPCIONAIS LAGOA SANTA;17.395.815/0001-10;1491;SEGOV;SECRETARIA DE ESTADO DE GOVERNO;42;AUXILIOS;1;AUXILIOS;10;RECURSOS ORDINARIOS - RECURSOS NAO VINCULADOS DE IMPOSTOS;125737,7;125737,7;125737,7
9470583;48;2025-06-16 00:00:00;ASSOC. FEMININA UNIDOS DO PALMARES;18.261.891/0001-03;1491;SEGOV;SECRETARIA DE ESTADO DE GOVERNO;42;AUXILIOS;1;AUXILIOS;10;RECURSOS ORDINARIOS - RECURSOS NAO VINCULADOS DE IMPOSTOS;100000,0;100000,0;100000,0
9470584;49;2025-06-16 00:00:00;ASSOC MORADORES E AGRI DAS COM RURAIS DE ALEGRE,SANTANA E BARREIRO;39.895.084/0001-04;1491;SEGOV;SECRETARIA DE ESTADO DE GOVERNO;42;AUXILIOS;1;AUXILIOS;10;RECURSOS ORDINARIOS - RECURSOS NAO VINCULADOS DE IMPOSTOS;0,0;0,0;0,0
9470584;50;2025-06-16 00:00:00;ASSOC MORADORES E AGRI DAS COM RURAIS DE ALEGRE,SANTANA E BARREIRO;39.895.084/0001-04;1491;SEGOV;SECRETARIA DE ESTADO DE GOVERNO;42;AUXILIOS;1;AUXILIOS;10;RECURSOS ORDINARIOS - RECURSOS NAO VINCULADOS DE IMPOSTOS;90210,08;90210,08;90210,08
9470585;51;2025-06-16 00:00:00;CHAME - CENTRO DE INTEGRACAO SOCIAL;20.933.040/0001-01;1491;SEGOV;SECRETARIA DE ESTADO DE GOVERNO;42;AUXILIOS;1;AUXILIOS;10;RECURSOS ORDINARIOS - RECURSOS NAO VINCULADOS DE IMPOSTOS;100000,0;100000,0;100000,0
9470586;52;2025-06-16 00:00:00;ASSOCIACAO DE PAIS E AMIGOS DOS EXCEPCIONAIS-APAE;19.019.447/0001-30;1491;SEGOV;SECRETARIA DE ESTADO DE GOVERNO;42;AUXILIOS;1;AUXILIOS;10;RECURSOS ORDINARIOS - RECURSOS NAO VINCULADOS DE IMPOSTOS;349330,0;349330,0;349330,0
9470587;53;2025-06-16 00:00:00;LAR DO IDOSO SAO BENEDITO;17.898.503/0001-29;1491;SEGOV;SECRETARIA DE ESTADO DE GOVERNO;42;AUXILIOS;1;AUXILIOS;10;RECURSOS ORDINARIOS - RECURSOS NAO VINCULADOS DE IMPOSTOS;74210,47;74210,47;74210,47
9470596;224;2025-06-17 00:00:00;ASSOC. ASSISTENCIA AOS DEFICIENTES VISUAIS DE POCOS DE CALDA;17.416.868/0001-70;1481;SEDESE;SECRETARIA DE ESTADO DE DESENVOLVIMENTO SOCIAL;43;SUBVENCOES SOCIAIS;1;SUBVENCOES SOCIAIS;38;TRANSFERENCIAS DA UNIAO VINCULADAS AO ESPORTE;80021,39;80021,39;80021,39
9470659;54;2025-06-17 00:00:00;ASSOCIACAO DE PAIS E AMIGOS DOS EXCEPCIONAIS DE OLHOS D'AGUA;04.501.551/0001-90;1491;SEGOV;SECRETARIA DE ESTADO DE GOVERNO;42;AUXILIOS;1;AUXILIOS;10;RECURSOS ORDINARIOS - RECURSOS NAO VINCULADOS DE IMPOSTOS;125737,7;125737,7;125737,7
9470660;4110;2025-06-25 00:00:00;INSTITUTO A FORCA DO BEM;30.815.481/0001-54;1271;SECULT;SECRETARIA DE ESTADO DE CULTURA E TURISMO;41;CONTRIBUICOES;1;CONTRIBUICOES;10;RECURSOS ORDINARIOS - RECURSOS NAO VINCULADOS DE IMPOSTOS;500000,0;500000,0;500000,0
9470663;227;2025-06-18 00:00:00;ASSOCIACAO PARADESPORTIVA E ESPORTIVA DE BELO HORIZONTE - APEBH;25.094.134/0001-40;1481;SEDESE;SECRETARIA DE ESTADO DE DESENVOLVIMENTO SOCIAL;43;SUBVENCOES SOCIAIS;1;SUBVENCOES SOCIAIS;38;TRANSFERENCIAS DA UNIAO VINCULADAS AO ESPORTE;99615,23;99615,23;99615,23
9470704;285;2025-06-23 00:00:00;PM DIVISOPOLIS;66.234.311/0001-23;1301;SEINFRA;SECRETARIA DE ESTADO DE INFRAESTRUTURA, MOBILIDADE E PARCERIAS;42;AUXILIOS;1;AUXILIOS;15;RECURSOS ORDINARIOS - OUTROS RECURSOS NAO VINCULADOS;400000,0;400000,0;400000,0
9470712;6;2025-06-23 00:00:00;ASSOCIACAO EU ESCOLHI AMAR;28.221.997/0001-29;1481;SEDESE;SECRETARIA DE ESTADO DE DESENVOLVIMENTO SOCIAL;42;AUXILIOS;1;AUXILIOS;10;RECURSOS ORDINARIOS - RECURSOS NAO VINCULADOS DE IMPOSTOS;125737,7;125737,7;125737,7
9470715;4;2025-06-23 00:00:00;CASA BENEFICENTE SAO VICENTE DE PAULO;03.255.240/0001-25;1481;SEDESE;SECRETARIA DE ESTADO DE DESENVOLVIMENTO SOCIAL;43;SUBVENCOES SOCIAIS;1;SUBVENCOES SOCIAIS;10;RECURSOS ORDINARIOS - RECURSOS NAO VINCULADOS DE IMPOSTOS;49842,26;49842,26;49842,26
9470715;5;2025-06-23 00:00:00;CASA BENEFICENTE SAO VICENTE DE PAULO;03.255.240/0001-25;1481;SEDESE;SECRETARIA DE ESTADO DE DESENVOLVIMENTO SOCIAL;42;AUXILIOS;1;AUXILIOS;10;RECURSOS ORDINARIOS - RECURSOS NAO VINCULADOS DE IMPOSTOS;49996,0;49996,0;49996,0
9470721;14;2025-06-30 00:00:00;ASSOCIACAO ABRACO AZUL;34.560.316/0001-50;1481;SEDESE;SECRETARIA DE ESTADO DE DESENVOLVIMENTO SOCIAL;42;AUXILIOS;1;AUXILIOS;10;RECURSOS ORDINARIOS - RECURSOS NAO VINCULADOS DE IMPOSTOS;125737,7;125737,7;125737,7
9470884;55;2025-06-23 00:00:00;ASILO PAROQUIAL FRANCISCO LIMA DE SOUZA DIAS;16.953.929/0001-75;1491;SEGOV;SECRETARIA DE ESTADO DE GOVERNO;42;AUXILIOS;1;AUXILIOS;10;RECURSOS ORDINARIOS - RECURSOS NAO VINCULADOS DE IMPOSTOS;324048,01;324048,01;324048,01
9470885;56;2025-06-23 00:00:00;ASSOCIACAO DO BAIRRO CHACARAS RECANTO DAS FLORES;12.415.479/0001-06;1491;SEGOV;SECRETARIA DE ESTADO DE GOVERNO;42;AUXILIOS;1;AUXILIOS;10;RECURSOS ORDINARIOS - RECURSOS NAO VINCULADOS DE IMPOSTOS;74210,47;74210,47;74210,47
9470886;57;2025-06-23 00:00:00;ASSOCIACAO DOS MUNICIPIOS DA ZONA DA MATA;20.322.632/0001-89;1491;SEGOV;SECRETARIA DE ESTADO DE GOVERNO;42;AUXILIOS;1;AUXILIOS;10;RECURSOS ORDINARIOS - RECURSOS NAO VINCULADOS DE IMPOSTOS;74210,47;74210,47;74210,47
9470887;58;2025-06-23 00:00:00;ONG FIO DE LUZ;29.634.833/0001-96;1491;SEGOV;SECRETARIA DE ESTADO DE GOVERNO;42;AUXILIOS;1;AUXILIOS;10;RECURSOS ORDINARIOS - RECURSOS NAO VINCULADOS DE IMPOSTOS;97068,7;97068,7;97068,7
9470888;59;2025-06-23 00:00:00;ACAO DE ASSISTENCIA SOCIAL FILADELFIA DE JOAO MONLEVADE;02.537.428/0001-01;1491;SEGOV;SECRETARIA DE ESTADO DE GOVERNO;42;AUXILIOS;1;AUXILIOS;10;RECURSOS ORDINARIOS - RECURSOS NAO VINCULADOS DE IMPOSTOS;125737,7;125737,7;125737,7
9470889;3624;2025-06-23 00:00:00;PM RODEIRO;18.128.256/0001-44;1491;SEGOV;SECRETARIA DE ESTADO DE GOVERNO;42;AUXILIOS;1;AUXILIOS;10;RECURSOS ORDINARIOS - RECURSOS NAO VINCULADOS DE IMPOSTOS;74210,55;74210,55;74210,55
9470892;4364;2025-07-07 00:00:00;ASSOCIACAO FILME DE RUA;31.972.547/0001-82;1271;SECULT;SECRETARIA DE ESTADO DE CULTURA E TURISMO;41;CONTRIBUICOES;1;CONTRIBUICOES;10;RECURSOS ORDINARIOS - RECURSOS NAO VINCULADOS DE IMPOSTOS;470000,0;470000,0;470000,0
9470892;4365;2025-07-07 00:00:00;ASSOCIACAO FILME DE RUA;31.972.547/0001-82;1271;SECULT;SECRETARIA DE ESTADO DE CULTURA E TURISMO;42;AUXILIOS;1;AUXILIOS;10;RECURSOS ORDINARIOS - RECURSOS NAO VINCULADOS DE IMPOSTOS;30000,0;30000,0;30000,0
9470893;4338;2025-07-04 00:00:00;ADILIO PEREZ;14.392.271/0001-44;1271;SECULT;SECRETARIA DE ESTADO DE CULTURA E TURISMO;41;CONTRIBUICOES;1;CONTRIBUICOES;10;RECURSOS ORDINARIOS - RECURSOS NAO VINCULADOS DE IMPOSTOS;69370,0;69370,0;69370,0
9470893;4339;2025-07-04 00:00:00;ADILIO PEREZ;14.392.271/0001-44;1271;SECULT;SECRETARIA DE ESTADO DE CULTURA E TURISMO;42;AUXILIOS;1;AUXILIOS;10;RECURSOS ORDINARIOS - RECURSOS NAO VINCULADOS DE IMPOSTOS;30630,0;30630,0;30630,0
9470895;4359;2025-07-04 00:00:00;TEATRO NEGRO E ATITUDE;04.501.732/0001-16;1271;SECULT;SECRETARIA DE ESTADO DE CULTURA E TURISMO;41;CONTRIBUICOES;1;CONTRIBUICOES;10;RECURSOS ORDINARIOS - RECURSOS NAO VINCULADOS DE IMPOSTOS;100000,0;100000,0;100000,0
9470896;4358;2025-07-04 00:00:00;TEATRO NEGRO E ATITUDE;04.501.732/0001-16;1271;SECULT;SECRETARIA DE ESTADO DE CULTURA E TURISMO;41;CONTRIBUICOES;1;CONTRIBUICOES;10;RECURSOS ORDINARIOS - RECURSOS NAO VINCULADOS DE IMPOSTOS;100000,0;100000,0;100000,0
9470897;4357;2025-07-04 00:00:00;GRUPO CULTURAL NUCLEO TECNICO DE ARTES CENICAS - NUTAC;13.744.409/0001-64;1271;SECULT;SECRETARIA DE ESTADO DE CULTURA E TURISMO;41;CONTRIBUICOES;1;CONTRIBUICOES;10;RECURSOS ORDINARIOS - RECURSOS NAO VINCULADOS DE IMPOSTOS;100000,0;100000,0;100000,0
9470908;7;2025-06-24 00:00:00;CEAMI REABILITACAO PARA A VIDA;03.744.116/0004-76;1481;SEDESE;SECRETARIA DE ESTADO DE DESENVOLVIMENTO SOCIAL;42;AUXILIOS;1;AUXILIOS;10;RECURSOS ORDINARIOS - RECURSOS NAO VINCULADOS DE IMPOSTOS;74900,0;74900,0;74900,0
9471108;4167;2025-06-27 00:00:00;PM CAMPESTRE;18.178.400/0001-57;1271;SECULT;SECRETARIA DE ESTADO DE CULTURA E TURISMO;41;CONTRIBUICOES;1;CONTRIBUICOES;15;RECURSOS ORDINARIOS - OUTROS RECURSOS NAO VINCULADOS;267300,0;267300,0;267300,0
9471139;4360;2025-07-04 00:00:00;ASSOCIACAO CULTURAL LUA NOVA;07.592.260/0001-42;1271;SECULT;SECRETARIA DE ESTADO DE CULTURA E TURISMO;41;CONTRIBUICOES;1;CONTRIBUICOES;10;RECURSOS ORDINARIOS - RECURSOS NAO VINCULADOS DE IMPOSTOS;499944,6;499944,6;499944,6
9471141;4355;2025-07-04 00:00:00;GRUPO EDUCACAO, ETICA E CIDADANIA;05.543.739/0001-63;1271;SECULT;SECRETARIA DE ESTADO DE CULTURA E TURISMO;41;CONTRIBUICOES;1;CONTRIBUICOES;10;RECURSOS ORDINARIOS - RECURSOS NAO VINCULADOS DE IMPOSTOS;150000,0;150000,0;150000,0
9471142;61;2025-06-25 00:00:00;INSTITUTO MANO DOWN;23.684.121/0001-03;1491;SEGOV;SECRETARIA DE ESTADO DE GOVERNO;42;AUXILIOS;1;AUXILIOS;10;RECURSOS ORDINARIOS - RECURSOS NAO VINCULADOS DE IMPOSTOS;99940,27;99940,27;99940,27
9471143;66;2025-06-25 00:00:00;CONSELHO DE DESENVOLVIMENTO COMUNITARIO DE AGUA LIMPA;20.937.678/0001-02;1491;SEGOV;SECRETARIA DE ESTADO DE GOVERNO;42;AUXILIOS;1;AUXILIOS;10;RECURSOS ORDINARIOS - RECURSOS NAO VINCULADOS DE IMPOSTOS;96259,55;96259,55;96259,55
9471144;63;2025-06-25 00:00:00;OBRAS SOCIAIS DO BOM PASTOR;19.007.277/0001-74;1491;SEGOV;SECRETARIA DE ESTADO DE GOVERNO;42;AUXILIOS;1;AUXILIOS;10;RECURSOS ORDINARIOS - RECURSOS NAO VINCULADOS DE IMPOSTOS;100000,0;100000,0;100000,0
9471145;62;2025-06-25 00:00:00;ASSOCIACAO ITAMAR PARA PROMOCAO DE ESPORTES E CULTURA NA FAVELA;30.577.024/0001-79;1491;SEGOV;SECRETARIA DE ESTADO DE GOVERNO;42;AUXILIOS;1;AUXILIOS;10;RECURSOS ORDINARIOS - RECURSOS NAO VINCULADOS DE IMPOSTOS;132763,33;132763,33;132763,33
9471146;67;2025-06-25 00:00:00;VISAO ELE CLAMA;05.724.327/0001-20;1491;SEGOV;SECRETARIA DE ESTADO DE GOVERNO;42;AUXILIOS;1;AUXILIOS;10;RECURSOS ORDINARIOS - RECURSOS NAO VINCULADOS DE IMPOSTOS;125737,7;125737,7;125737,7
9471147;64;2025-06-25 00:00:00;CASA DE APOIO GERALDO TEIXEIRA DA CUNHA;53.075.384/0001-78;1491;SEGOV;SECRETARIA DE ESTADO DE GOVERNO;42;AUXILIOS;1;AUXILIOS;10;RECURSOS ORDINARIOS - RECURSOS NAO VINCULADOS DE IMPOSTOS;99934,34;99934,34;99934,34
9471148;68;2025-06-25 00:00:00;ASSOC.DOS AGRICULTORES FAMILIARES DO MUNICIPIO DE MUZAMBINHO;10.808.337/0001-83;1491;SEGOV;SECRETARIA DE ESTADO DE GOVERNO;42;AUXILIOS;1;AUXILIOS;10;RECURSOS ORDINARIOS - RECURSOS NAO VINCULADOS DE IMPOSTOS;104278,35;104278,35;104278,35
9471150;69;2025-06-25 00:00:00;OBRA SOCIAL SAO JUDAS TADEU;21.250.873/0001-22;1491;SEGOV;SECRETARIA DE ESTADO DE GOVERNO;42;AUXILIOS;1;AUXILIOS;10;RECURSOS ORDINARIOS - RECURSOS NAO VINCULADOS DE IMPOSTOS;100000,0;100000,0;100000,0
9471151;60;2025-06-25 00:00:00;ARTE E VIDA ASSOCIACAO DE ARTESANATOS;10.257.619/0001-30;1491;SEGOV;SECRETARIA DE ESTADO DE GOVERNO;42;AUXILIOS;1;AUXILIOS;10;RECURSOS ORDINARIOS - RECURSOS NAO VINCULADOS DE IMPOSTOS;74210,47;74210,47;74210,47
9471152;70;2025-06-25 00:00:00;APAE DE ARAPORA;00.887.340/0001-86;1491;SEGOV;SECRETARIA DE ESTADO DE GOVERNO;42;AUXILIOS;1;AUXILIOS;10;RECURSOS ORDINARIOS - RECURSOS NAO VINCULADOS DE IMPOSTOS;99322,91;99322,91;99322,91
9471153;71;2025-06-25 00:00:00;APAE DE SAO THOME DAS LETRAS;02.786.832/0001-00;1491;SEGOV;SECRETARIA DE ESTADO DE GOVERNO;42;AUXILIOS;1;AUXILIOS;10;RECURSOS ORDINARIOS - RECURSOS NAO VINCULADOS DE IMPOSTOS;99263,7;99263,7;99263,7
9471154;65;2025-06-25 00:00:00;G.A.S GUARACIABA ASSISTENCIA SOCIAL;17.459.314/0001-50;1491;SEGOV;SECRETARIA DE ESTADO DE GOVERNO;42;AUXILIOS;1;AUXILIOS;10;RECURSOS ORDINARIOS - RECURSOS NAO VINCULADOS DE IMPOSTOS;120619,24;120619,24;120619,24
9471156;13;2025-06-27 00:00:00;ASILO SAO VICENTE DE PAULO DE JACUTINGA;21.391.362/0001-20;1481;SEDESE;SECRETARIA DE ESTADO DE DESENVOLVIMENTO SOCIAL;43;SUBVENCOES SOCIAIS;1;SUBVENCOES SOCIAIS;10;RECURSOS ORDINARIOS - RECURSOS NAO VINCULADOS DE IMPOSTOS;100000,0;100000,0;100000,0
9471158;12;2025-06-26 00:00:00;CONSELHO CENTRAL DE SANTOS DUMONT SOCIEDADE SAO VICENTE DE PAULO;24.577.975/0001-45;1481;SEDESE;SECRETARIA DE ESTADO DE DESENVOLVIMENTO SOCIAL;43;SUBVENCOES SOCIAIS;1;SUBVENCOES SOCIAIS;10;RECURSOS ORDINARIOS - RECURSOS NAO VINCULADOS DE IMPOSTOS;99956,64;99956,64;99956,64
9471161;11;2025-06-26 00:00:00;ASSOCIACAO TATAME DO BEM;18.129.747/0001-00;1481;SEDESE;SECRETARIA DE ESTADO DE DESENVOLVIMENTO SOCIAL;42;AUXILIOS;1;AUXILIOS;10;RECURSOS ORDINARIOS - RECURSOS NAO VINCULADOS DE IMPOSTOS;125737,7;125737,7;125737,7
9471162;10;2025-06-26 00:00:00;SOCIEDADE EVANGELICA BENEFICENTE;26.114.348/0001-01;1481;SEDESE;SECRETARIA DE ESTADO DE DESENVOLVIMENTO SOCIAL;42;AUXILIOS;1;AUXILIOS;10;RECURSOS ORDINARIOS - RECURSOS NAO VINCULADOS DE IMPOSTOS;150000,0;150000,0;150000,0
9471164;8;2025-06-26 00:00:00;LIGA DE DESPORTOS DE NOVA SERRANA;20.653.275/0001-31;1481;SEDESE;SECRETARIA DE ESTADO DE DESENVOLVIMENTO SOCIAL;43;SUBVENCOES SOCIAIS;1;SUBVENCOES SOCIAIS;10;RECURSOS ORDINARIOS - RECURSOS NAO VINCULADOS DE IMPOSTOS;500000,0;500000,0;500000,0
9471166;9;2025-06-26 00:00:00;ASSOCIACAO DOS SURDOS DE MINAS GERAIS - ASMG;16.593.824/0001-52;1481;SEDESE;SECRETARIA DE ESTADO DE DESENVOLVIMENTO SOCIAL;42;AUXILIOS;1;AUXILIOS;10;RECURSOS ORDINARIOS - RECURSOS NAO VINCULADOS DE IMPOSTOS;74210,47;74210,47;74210,47
9471168;183;2025-06-27 00:00:00;UNIAO RURALISTA RIO DOCE;16.949.794/0001-74;1231;SEAPA;SECRETARIA DE ESTADO DE AGRICULTURA, PECUARIA E ABASTECIMENTO;41;CONTRIBUICOES;1;CONTRIBUICOES;10;RECURSOS ORDINARIOS - RECURSOS NAO VINCULADOS DE IMPOSTOS;200000,0;200000,0;200000,0
9471179;16;2025-06-30 00:00:00;ASSOCIACAO DE PAIS E AMIGOS DOS EXCEPCIONAIS;00.063.695/0001-50;1481;SEDESE;SECRETARIA DE ESTADO DE DESENVOLVIMENTO SOCIAL;42;AUXILIOS;1;AUXILIOS;10;RECURSOS ORDINARIOS - RECURSOS NAO VINCULADOS DE IMPOSTOS;75000,0;75000,0;75000,0
9471180;4337;2025-07-04 00:00:00;VALEMAIS- INSTITUTO SOCIOCULTURAL DO JEQUITINHONHA;06.036.527/0001-52;1271;SECULT;SECRETARIA DE ESTADO DE CULTURA E TURISMO;41;CONTRIBUICOES;1;CONTRIBUICOES;10;RECURSOS ORDINARIOS - RECURSOS NAO VINCULADOS DE IMPOSTOS;286377,83;286377,83;300000,0
9471181;131;2025-07-21 00:00:00;CEAMI REABILITACAO PARA VIDA;03.744.116/0003-95;1481;SEDESE;SECRETARIA DE ESTADO DE DESENVOLVIMENTO SOCIAL;42;AUXILIOS;1;AUXILIOS;10;RECURSOS ORDINARIOS - RECURSOS NAO VINCULADOS DE IMPOSTOS;123486,67;123486,67;123486,67
9471221;4336;2025-07-04 00:00:00;ASS INGOMA DE DEMOC. E PRE DO PATRIMONIO CULTURAL MATERIAL E IMATERIAL;19.028.008/0001-94;1271;SECULT;SECRETARIA DE ESTADO DE CULTURA E TURISMO;41;CONTRIBUICOES;1;CONTRIBUICOES;10;RECURSOS ORDINARIOS - RECURSOS NAO VINCULADOS DE IMPOSTOS;100000,0;100000,0;100000,0
9471222;4363;2025-07-07 00:00:00;ASSOCIACAO SETELAGOANA DE CAPOEIRISTAS - ASDEC;22.025.006/0001-56;1271;SECULT;SECRETARIA DE ESTADO DE CULTURA E TURISMO;41;CONTRIBUICOES;1;CONTRIBUICOES;10;RECURSOS ORDINARIOS - RECURSOS NAO VINCULADOS DE IMPOSTOS;100000,0;100000,0;100000,0
9471223;4368;2025-07-07 00:00:00;ASSOCIACAO DAS CERVEJARIAS DA ZONA DA MATA MINEIRA UNICERVA;48.310.616/0001-95;1271;SECULT;SECRETARIA DE ESTADO DE CULTURA E TURISMO;41;CONTRIBUICOES;1;CONTRIBUICOES;10;RECURSOS ORDINARIOS - RECURSOS NAO VINCULADOS DE IMPOSTOS;100000,0;100000,0;100000,0
9471224;4334;2025-07-04 00:00:00;FUNDACAO DE APOIO AO DESENVOLVIMENTO DO ENSINO SUPERIOR DO NORTE DE MI;01.440.615/0001-00;1271;SECULT;SECRETARIA DE ESTADO DE CULTURA E TURISMO;41;CONTRIBUICOES;1;CONTRIBUICOES;10;RECURSOS ORDINARIOS - RECURSOS NAO VINCULADOS DE IMPOSTOS;247000,0;247000,0;247000,0
9471224;4335;2025-07-04 00:00:00;FUNDACAO DE APOIO AO DESENVOLVIMENTO DO ENSINO SUPERIOR DO NORTE DE MI;01.440.615/0001-00;1271;SECULT;SECRETARIA DE ESTADO DE CULTURA E TURISMO;42;AUXILIOS;1;AUXILIOS;10;RECURSOS ORDINARIOS - RECURSOS NAO VINCULADOS DE IMPOSTOS;3000,0;3000,0;3000,0
9471229;72;2025-06-27 00:00:00;ASILO PADRE AUGUSTO HORTA;16.858.466/0001-62;1491;SEGOV;SECRETARIA DE ESTADO DE GOVERNO;42;AUXILIOS;1;AUXILIOS;10;RECURSOS ORDINARIOS - RECURSOS NAO VINCULADOS DE IMPOSTOS;99962,06;99962,06;99962,06
9471230;77;2025-06-27 00:00:00;CENTRO DE RESTAURACAO VIDA NOVA;09.219.152/0001-54;1491;SEGOV;SECRETARIA DE ESTADO DE GOVERNO;42;AUXILIOS;1;AUXILIOS;10;RECURSOS ORDINARIOS - RECURSOS NAO VINCULADOS DE IMPOSTOS;100000,0;100000,0;100000,0
9471231;73;2025-06-27 00:00:00;ASSOC DE PROD E COM DE PROD AGRICOLAS DA AGR FAM MAE DAS CONQUISTAS;52.752.148/0001-86;1491;SEGOV;SECRETARIA DE ESTADO DE GOVERNO;42;AUXILIOS;1;AUXILIOS;10;RECURSOS ORDINARIOS - RECURSOS NAO VINCULADOS DE IMPOSTOS;90210,08;90210,08;90210,08
9471232;74;2025-06-27 00:00:00;RECANTO DE APOIO E VIDA;03.578.159/0001-86;1491;SEGOV;SECRETARIA DE ESTADO DE GOVERNO;42;AUXILIOS;1;AUXILIOS;10;RECURSOS ORDINARIOS - RECURSOS NAO VINCULADOS DE IMPOSTOS;324048,01;324048,01;324048,01
9471233;75;2025-06-27 00:00:00;COMUNIDADE KOLPING N.SRA. DO CARMO;08.212.336/0001-20;1491;SEGOV;SECRETARIA DE ESTADO DE GOVERNO;42;AUXILIOS;1;AUXILIOS;10;RECURSOS ORDINARIOS - RECURSOS NAO VINCULADOS DE IMPOSTOS;99958,68;99958,68;99958,68
9471234;76;2025-06-27 00:00:00;ASSOCIACAO COMUNITARIA E CULTURAL JERUEL;02.261.563/0001-69;1491;SEGOV;SECRETARIA DE ESTADO DE GOVERNO;42;AUXILIOS;1;AUXILIOS;10;RECURSOS ORDINARIOS - RECURSOS NAO VINCULADOS DE IMPOSTOS;100000,0;100000,0;100000,0
9471243;300;2025-07-01 00:00:00;PM IBIRACI;17.894.072/0001-22;1301;SEINFRA;SECRETARIA DE ESTADO DE INFRAESTRUTURA, MOBILIDADE E PARCERIAS;42;AUXILIOS;1;AUXILIOS;15;RECURSOS ORDINARIOS - OUTROS RECURSOS NAO VINCULADOS;1500000,0;1500000,0;1500000,0
9471255;15;2025-06-30 00:00:00;ASSOCIACAO GERACAO TZK - AGTZK;02.524.275/0001-50;1481;SEDESE;SECRETARIA DE ESTADO DE DESENVOLVIMENTO SOCIAL;42;AUXILIOS;1;AUXILIOS;10;RECURSOS ORDINARIOS - RECURSOS NAO VINCULADOS DE IMPOSTOS;400000,0;400000,0;400000,0
9471257;188;2025-07-03 00:00:00;ASSOCIACAO DOS PESCADORES VAZANTEIROS E AG FAMILIAR PONTO CHIQUE;35.440.735/0001-10;1231;SEAPA;SECRETARIA DE ESTADO DE AGRICULTURA, PECUARIA E ABASTECIMENTO;41;CONTRIBUICOES;1;CONTRIBUICOES;10;RECURSOS ORDINARIOS - RECURSOS NAO VINCULADOS DE IMPOSTOS;90210,08;90210,08;90210,08
9471258;189;2025-07-03 00:00:00;ASSOCIACAO DOS PEQUENOS PRODUTORES RURAIS DO SETOR DE HUMAITA;04.192.343/0001-56;1231;SEAPA;SECRETARIA DE ESTADO DE AGRICULTURA, PECUARIA E ABASTECIMENTO;41;CONTRIBUICOES;1;CONTRIBUICOES;10;RECURSOS ORDINARIOS - RECURSOS NAO VINCULADOS DE IMPOSTOS;390000,0;390000,0;390000,0
9471287;190;2025-07-03 00:00:00;CENTRO COMUNITARIO RURAL DO CAMPO REDONDO;71.203.913/0001-53;1231;SEAPA;SECRETARIA DE ESTADO DE AGRICULTURA, PECUARIA E ABASTECIMENTO;41;CONTRIBUICOES;1;CONTRIBUICOES;10;RECURSOS ORDINARIOS - RECURSOS NAO VINCULADOS DE IMPOSTOS;132763,0;132763,0;132763,0
9471315;3625;2025-06-30 00:00:00;PM CARVALHOS;18.194.217/0001-45;1491;SEGOV;SECRETARIA DE ESTADO DE GOVERNO;42;AUXILIOS;1;AUXILIOS;15;RECURSOS ORDINARIOS - OUTROS RECURSOS NAO VINCULADOS;400000,0;400000,0;400000,0
9471316;78;2025-06-30 00:00:00;LAR SAO VICENTE DE PAULO DE PARAGUACU;23.178.486/0001-58;1491;SEGOV;SECRETARIA DE ESTADO DE GOVERNO;42;AUXILIOS;1;AUXILIOS;10;RECURSOS ORDINARIOS - RECURSOS NAO VINCULADOS DE IMPOSTOS;74210,47;74210,47;74210,47
9471317;79;2025-06-30 00:00:00;ASSOCIACAO COMUNITARIA DO BAIRRO JARDIM ALVORADA;21.114.723/0001-91;1491;SEGOV;SECRETARIA DE ESTADO DE GOVERNO;42;AUXILIOS;1;AUXILIOS;10;RECURSOS ORDINARIOS - RECURSOS NAO VINCULADOS DE IMPOSTOS;104278,35;104278,35;104278,35
9471318;80;2025-06-30 00:00:00;ASSOCIACAO DOS AMIGOS DA COMUNIDADE DA PRATA DE CIMA-AACPC;19.283.315/0001-11;1491;SEGOV;SECRETARIA DE ESTADO DE GOVERNO;42;AUXILIOS;1;AUXILIOS;10;RECURSOS ORDINARIOS - RECURSOS NAO VINCULADOS DE IMPOSTOS;100000,0;100000,0;100000,0
9471319;81;2025-06-30 00:00:00;ASSOCIACAO COMUNITARIA DE ANTONIO DOS SANTOS;73.894.867/0001-01;1491;SEGOV;SECRETARIA DE ESTADO DE GOVERNO;42;AUXILIOS;1;AUXILIOS;10;RECURSOS ORDINARIOS - RECURSOS NAO VINCULADOS DE IMPOSTOS;87611,72;87611,72;87611,72
9471463;17;2025-07-01 00:00:00;ASSEEMG ASSOCIACAO ESPORTIVA E EVENTOS DE MINAS GERAIS;18.772.031/0001-26;1481;SEDESE;SECRETARIA DE ESTADO DE DESENVOLVIMENTO SOCIAL;43;SUBVENCOES SOCIAIS;1;SUBVENCOES SOCIAIS;10;RECURSOS ORDINARIOS - RECURSOS NAO VINCULADOS DE IMPOSTOS;749975,0;749975,0;749975,0
9471479;82;2025-07-01 00:00:00;INSTITUTO GALO;35.777.212/0001-64;1491;SEGOV;SECRETARIA DE ESTADO DE GOVERNO;42;AUXILIOS;1;AUXILIOS;10;RECURSOS ORDINARIOS - RECURSOS NAO VINCULADOS DE IMPOSTOS;125737,3;125737,3;125737,3
9471480;83;2025-07-01 00:00:00;ABRIGO SAO VICENTE DE PAULO;22.296.149/0001-00;1491;SEGOV;SECRETARIA DE ESTADO DE GOVERNO;42;AUXILIOS;1;AUXILIOS;10;RECURSOS ORDINARIOS - RECURSOS NAO VINCULADOS DE IMPOSTOS;74210,47;74210,47;74210,47
9471486;84;2025-07-01 00:00:00;ASSOCIACAO CULTURAL E SOCIAL RESSOAR;42.500.752/0001-61;1491;SEGOV;SECRETARIA DE ESTADO DE GOVERNO;42;AUXILIOS;1;AUXILIOS;10;RECURSOS ORDINARIOS - RECURSOS NAO VINCULADOS DE IMPOSTOS;98400,0;98400,0;98400,0
9471487;85;2025-07-01 00:00:00;INSTITUTO SAIDA DE ACAO SOCIAL;18.111.514/0001-80;1491;SEGOV;SECRETARIA DE ESTADO DE GOVERNO;42;AUXILIOS;1;AUXILIOS;10;RECURSOS ORDINARIOS - RECURSOS NAO VINCULADOS DE IMPOSTOS;180420,16;180420,16;180420,16
9471488;86;2025-07-01 00:00:00;INSTITUTO ENTRE IRMOS;41.126.714/0001-28;1491;SEGOV;SECRETARIA DE ESTADO DE GOVERNO;42;AUXILIOS;1;AUXILIOS;10;RECURSOS ORDINARIOS - RECURSOS NAO VINCULADOS DE IMPOSTOS;74210,47;74210,47;74210,47
9471489;87;2025-07-01 00:00:00;ASSOCIACAO SANTA LUIZA DE MARILLAC;20.354.403/0001-46;1491;SEGOV;SECRETARIA DE ESTADO DE GOVERNO;42;AUXILIOS;1;AUXILIOS;10;RECURSOS ORDINARIOS - RECURSOS NAO VINCULADOS DE IMPOSTOS;99494,35;99494,35;99494,35
9471490;88;2025-07-01 00:00:00;CENTRO DE FORMACAO ATLETA CIDADAO - CEFAC;05.252.737/0001-15;1491;SEGOV;SECRETARIA DE ESTADO DE GOVERNO;42;AUXILIOS;1;AUXILIOS;10;RECURSOS ORDINARIOS - RECURSOS NAO VINCULADOS DE IMPOSTOS;150000,0;150000,0;150000,0
9471501;18;2025-07-01 00:00:00;ALBERGUE SANTO ANTONIO;24.734.774/0001-04;1481;SEDESE;SECRETARIA DE ESTADO DE DESENVOLVIMENTO SOCIAL;42;AUXILIOS;1;AUXILIOS;10;RECURSOS ORDINARIOS - RECURSOS NAO VINCULADOS DE IMPOSTOS;74210,47;74210,47;74210,47
9471503;39;2025-07-07 00:00:00;MARGARIDAS - PROJETO PRA VIDA;37.651.337/0001-79;1481;SEDESE;SECRETARIA DE ESTADO DE DESENVOLVIMENTO SOCIAL;42;AUXILIOS;1;AUXILIOS;10;RECURSOS ORDINARIOS - RECURSOS NAO VINCULADOS DE IMPOSTOS;120000,0;120000,0;120000,0
9471505;22;2025-07-03 00:00:00;ASSOCIACAO DE PAIS E AMIGOS DOS EXCEPCIONAIS;20.067.328/0001-32;1481;SEDESE;SECRETARIA DE ESTADO DE DESENVOLVIMENTO SOCIAL;42;AUXILIOS;1;AUXILIOS;10;RECURSOS ORDINARIOS - RECURSOS NAO VINCULADOS DE IMPOSTOS;90210,08;90210,08;90210,08
9471506;20;2025-07-03 00:00:00;LAR SAO VICENTE DE PAULO;20.917.324/0001-04;1481;SEDESE;SECRETARIA DE ESTADO DE DESENVOLVIMENTO SOCIAL;43;SUBVENCOES SOCIAIS;1;SUBVENCOES SOCIAIS;10;RECURSOS ORDINARIOS - RECURSOS NAO VINCULADOS DE IMPOSTOS;99977,7;99977,7;99977,7
9471507;30;2025-07-07 00:00:00;LAR DA CRIANCA ALLAN KARDEC;20.900.528/0001-24;1481;SEDESE;SECRETARIA DE ESTADO DE DESENVOLVIMENTO SOCIAL;43;SUBVENCOES SOCIAIS;1;SUBVENCOES SOCIAIS;10;RECURSOS ORDINARIOS - RECURSOS NAO VINCULADOS DE IMPOSTOS;100000,0;100000,0;100000,0
9471508;21;2025-07-03 00:00:00;ASSOCIACAO DE PAIS E AMIGOS DOS EXCEPCIOAIS DE CAMPOS ALTOS;20.750.766/0001-09;1481;SEDESE;SECRETARIA DE ESTADO DE DESENVOLVIMENTO SOCIAL;42;AUXILIOS;1;AUXILIOS;10;RECURSOS ORDINARIOS - RECURSOS NAO VINCULADOS DE IMPOSTOS;99918,7;99918,7;99918,7
9471512;4369;2025-07-07 00:00:00;MARILENE RODRIGUES DOS SANTOS;16.885.931/0001-54;1271;SECULT;SECRETARIA DE ESTADO DE CULTURA E TURISMO;41;CONTRIBUICOES;1;CONTRIBUICOES;10;RECURSOS ORDINARIOS - RECURSOS NAO VINCULADOS DE IMPOSTOS;100000,0;100000,0;100000,0
9471514;4366;2025-07-07 00:00:00;FUNDACAO DE APOIO AO DESENVOLVIMENTO DO ENSINO SUPERIOR DO NORTE DE MI;01.440.615/0001-00;1271;SECULT;SECRETARIA DE ESTADO DE CULTURA E TURISMO;41;CONTRIBUICOES;1;CONTRIBUICOES;10;RECURSOS ORDINARIOS - RECURSOS NAO VINCULADOS DE IMPOSTOS;100000,0;100000,0;100000,0
9471516;4367;2025-07-07 00:00:00;CORAL DOM SILVERIO LTDA;24.997.777/0001-30;1271;SECULT;SECRETARIA DE ESTADO DE CULTURA E TURISMO;42;AUXILIOS;1;AUXILIOS;10;RECURSOS ORDINARIOS - RECURSOS NAO VINCULADOS DE IMPOSTOS;48677,41;48677,41;100000,0
9471518;89;2025-07-02 00:00:00;AGENCIA DE DESENVOLVIMENTO ECONOMICO E SOCIAL DOS INCONFIDENTES E ALTO;05.685.572/0001-75;1491;SEGOV;SECRETARIA DE ESTADO DE GOVERNO;42;AUXILIOS;1;AUXILIOS;10;RECURSOS ORDINARIOS - RECURSOS NAO VINCULADOS DE IMPOSTOS;90210,08;90210,08;90210,08
9471522;127;2025-07-09 00:00:00;ASSOCIACAO DOS MEDICOS DO BARULHO;08.914.396/0001-94;1491;SEGOV;SECRETARIA DE ESTADO DE GOVERNO;42;AUXILIOS;1;AUXILIOS;10;RECURSOS ORDINARIOS - RECURSOS NAO VINCULADOS DE IMPOSTOS;74210,47;74210,47;74210,47
9471528;90;2025-07-04 00:00:00;ASSOCIACAO DAS OBRAS PAVONIANAS DE ASSISTENCIA;62.382.395/0008-68;1491;SEGOV;SECRETARIA DE ESTADO DE GOVERNO;42;AUXILIOS;1;AUXILIOS;10;RECURSOS ORDINARIOS - RECURSOS NAO VINCULADOS DE IMPOSTOS;104278,35;104278,35;104278,35
9471534;195;2025-07-07 00:00:00;IRMANDADE NOSSA SENHORA DO ROSARIO DE CONTAGEM;20.102.711/0001-84;1231;SEAPA;SECRETARIA DE ESTADO DE AGRICULTURA, PECUARIA E ABASTECIMENTO;41;CONTRIBUICOES;1;CONTRIBUICOES;10;RECURSOS ORDINARIOS - RECURSOS NAO VINCULADOS DE IMPOSTOS;104278,35;104278,35;104278,35
9471537;92;2025-07-04 00:00:00;INSTITUTO GALO;35.777.212/0001-64;1491;SEGOV;SECRETARIA DE ESTADO DE GOVERNO;42;AUXILIOS;1;AUXILIOS;10;RECURSOS ORDINARIOS - RECURSOS NAO VINCULADOS DE IMPOSTOS;251475,4;251475,4;251475,4
9471538;251;2025-08-05 00:00:00;ASSOC.DOS TRABALHADORES E TRABALHADORAS NA AGRIC.FAMILIAR;09.350.566/0001-18;1231;SEAPA;SECRETARIA DE ESTADO DE AGRICULTURA, PECUARIA E ABASTECIMENTO;41;CONTRIBUICOES;1;CONTRIBUICOES;10;RECURSOS ORDINARIOS - RECURSOS NAO VINCULADOS DE IMPOSTOS;390000,0;390000,0;390000,0
9471540;19;2025-07-03 00:00:00;ASSOPOC - ASSOCIACAO DOS PROTETORES DOS POBRES E CARENTES;01.286.108/0001-55;1481;SEDESE;SECRETARIA DE ESTADO DE DESENVOLVIMENTO SOCIAL;42;AUXILIOS;1;AUXILIOS;10;RECURSOS ORDINARIOS - RECURSOS NAO VINCULADOS DE IMPOSTOS;300000,0;300000,0;300000,0
9471541;194;2025-07-07 00:00:00;ASSOCIACAO PEQ PROD.ALTO TAMARINDO E ADJACENCIAS;00.807.469/0001-37;1231;SEAPA;SECRETARIA DE ESTADO DE AGRICULTURA, PECUARIA E ABASTECIMENTO;41;CONTRIBUICOES;1;CONTRIBUICOES;10;RECURSOS ORDINARIOS - RECURSOS NAO VINCULADOS DE IMPOSTOS;90210,08;90210,08;90210,08
9471574;23;2025-07-03 00:00:00;VILA VICENTINA CARLOS DE ALMEIDA SOBRINHO;20.648.275/0001-43;1481;SEDESE;SECRETARIA DE ESTADO DE DESENVOLVIMENTO SOCIAL;42;AUXILIOS;1;AUXILIOS;10;RECURSOS ORDINARIOS - RECURSOS NAO VINCULADOS DE IMPOSTOS;99985,95;99985,95;99985,95
9471575;26;2025-07-05 00:00:00;APAE;02.265.768/0001-12;1481;SEDESE;SECRETARIA DE ESTADO DE DESENVOLVIMENTO SOCIAL;43;SUBVENCOES SOCIAIS;1;SUBVENCOES SOCIAIS;10;RECURSOS ORDINARIOS - RECURSOS NAO VINCULADOS DE IMPOSTOS;100000,0;100000,0;100000,0
9471576;218;2025-07-11 00:00:00;PM ITAMARANDIBA;16.886.871/0001-94;1371;SEMAD;SECRETARIA DE ESTADO DE MEIO AMBIENTE E DESENVOLVIMENTO SUSTENTAVEL;41;CONTRIBUICOES;1;CONTRIBUICOES;10;RECURSOS ORDINARIOS - RECURSOS NAO VINCULADOS DE IMPOSTOS;200000,0;200000,0;200000,0
9471577;216;2025-07-11 00:00:00;PM CAPUTIRA;18.385.138/0001-11;1371;SEMAD;SECRETARIA DE ESTADO DE MEIO AMBIENTE E DESENVOLVIMENTO SUSTENTAVEL;41;CONTRIBUICOES;1;CONTRIBUICOES;10;RECURSOS ORDINARIOS - RECURSOS NAO VINCULADOS DE IMPOSTOS;550000,0;550000,0;550000,0
9471585;27;2025-07-05 00:00:00;ASSOCIACAO NOVA ALIANCA JUIZ DE FORA;15.624.392/0001-37;1481;SEDESE;SECRETARIA DE ESTADO DE DESENVOLVIMENTO SOCIAL;42;AUXILIOS;1;AUXILIOS;10;RECURSOS ORDINARIOS - RECURSOS NAO VINCULADOS DE IMPOSTOS;117800,0;117800,0;117800,0
9471589;28;2025-07-05 00:00:00;DEPARTAMENTO DE A SOCIAL JOAO DE FREITAS UBA;17.759.473/0001-70;1481;SEDESE;SECRETARIA DE ESTADO DE DESENVOLVIMENTO SOCIAL;42;AUXILIOS;1;AUXILIOS;10;RECURSOS ORDINARIOS - RECURSOS NAO VINCULADOS DE IMPOSTOS;125737,7;125737,7;125737,7
9471590;33;2025-07-07 00:00:00;ASSOCIACAO EBENEZER;07.334.418/0001-84;1481;SEDESE;SECRETARIA DE ESTADO DE DESENVOLVIMENTO SOCIAL;42;AUXILIOS;1;AUXILIOS;10;RECURSOS ORDINARIOS - RECURSOS NAO VINCULADOS DE IMPOSTOS;350000,0;350000,0;350000,0
9471591;37;2025-07-07 00:00:00;LAR DOS IDOSOS IMACULADA CONCEICAO DE MONTE BELO;18.706.713/0001-30;1481;SEDESE;SECRETARIA DE ESTADO DE DESENVOLVIMENTO SOCIAL;43;SUBVENCOES SOCIAIS;1;SUBVENCOES SOCIAIS;10;RECURSOS ORDINARIOS - RECURSOS NAO VINCULADOS DE IMPOSTOS;99990,1;99990,1;99990,1
9471592;32;2025-07-07 00:00:00;CONFERENCIA NOSSA SENHORA DAS NECESSIDADES;20.919.882/0001-09;1481;SEDESE;SECRETARIA DE ESTADO DE DESENVOLVIMENTO SOCIAL;43;SUBVENCOES SOCIAIS;1;SUBVENCOES SOCIAIS;10;RECURSOS ORDINARIOS - RECURSOS NAO VINCULADOS DE IMPOSTOS;99868,8;99868,8;99868,8
9471593;1436;2025-07-07 00:00:00;ASSOCIACAO PAIS E AMIGOS DOS EXCEPCIONAIS/PATOS DE MINAS;17.835.364/0001-94;4251;FEAS;FUNDO ESTADUAL DE ASSISTENCIA SOCIAL;42;AUXILIOS;1;AUXILIOS;10;RECURSOS ORDINARIOS - RECURSOS NAO VINCULADOS DE IMPOSTOS;800000,0;800000,0;800000,0
9471596;36;2025-07-07 00:00:00;LAR SAO VICENTE DE PAULO;25.648.155/0001-60;1481;SEDESE;SECRETARIA DE ESTADO DE DESENVOLVIMENTO SOCIAL;43;SUBVENCOES SOCIAIS;1;SUBVENCOES SOCIAIS;10;RECURSOS ORDINARIOS - RECURSOS NAO VINCULADOS DE IMPOSTOS;99471,15;99471,15;99471,15
9471597;193;2025-07-07 00:00:00;PM PONTE NOVA;23.804.149/0001-29;1231;SEAPA;SECRETARIA DE ESTADO DE AGRICULTURA, PECUARIA E ABASTECIMENTO;41;CONTRIBUICOES;1;CONTRIBUICOES;10;RECURSOS ORDINARIOS - RECURSOS NAO VINCULADOS DE IMPOSTOS;550000,0;550000,0;550000,0
9471599;38;2025-07-07 00:00:00;SOS DE MUZAMBINHO;17.909.375/0001-71;1481;SEDESE;SECRETARIA DE ESTADO DE DESENVOLVIMENTO SOCIAL;43;SUBVENCOES SOCIAIS;1;SUBVENCOES SOCIAIS;10;RECURSOS ORDINARIOS - RECURSOS NAO VINCULADOS DE IMPOSTOS;94945,76;94945,76;94945,76
9471600;40;2025-07-07 00:00:00;ASSOCIACAO DE PAIS E AMIGOS DOS EXCEPCIONAIS DE URUCUIA;11.735.270/0001-67;1481;SEDESE;SECRETARIA DE ESTADO DE DESENVOLVIMENTO SOCIAL;42;AUXILIOS;1;AUXILIOS;10;RECURSOS ORDINARIOS - RECURSOS NAO VINCULADOS DE IMPOSTOS;100000,0;100000,0;100000,0
9471602;42;2025-07-07 00:00:00;ASSOCIACAO PAPA JOAO XXIII NO BRASIL;00.531.895/0006-03;1481;SEDESE;SECRETARIA DE ESTADO DE DESENVOLVIMENTO SOCIAL;43;SUBVENCOES SOCIAIS;1;SUBVENCOES SOCIAIS;10;RECURSOS ORDINARIOS - RECURSOS NAO VINCULADOS DE IMPOSTOS;24262,3;24262,3;24262,3
9471602;43;2025-07-07 00:00:00;ASSOCIACAO PAPA JOAO XXIII NO BRASIL;00.531.895/0006-03;1481;SEDESE;SECRETARIA DE ESTADO DE DESENVOLVIMENTO SOCIAL;42;AUXILIOS;1;AUXILIOS;10;RECURSOS ORDINARIOS - RECURSOS NAO VINCULADOS DE IMPOSTOS;125737,7;125737,7;125737,7
9471603;29;2025-07-07 00:00:00;INSTITUTO G10 CRUZ AZUL;05.493.038/0001-67;1481;SEDESE;SECRETARIA DE ESTADO DE DESENVOLVIMENTO SOCIAL;42;AUXILIOS;1;AUXILIOS;10;RECURSOS ORDINARIOS - RECURSOS NAO VINCULADOS DE IMPOSTOS;110000,0;110000,0;110000,0
9471604;41;2025-07-07 00:00:00;LAR SAO VICENTE DE PAULO DE DELFINOPOLIS;20.901.740/0001-06;1481;SEDESE;SECRETARIA DE ESTADO DE DESENVOLVIMENTO SOCIAL;43;SUBVENCOES SOCIAIS;1;SUBVENCOES SOCIAIS;10;RECURSOS ORDINARIOS - RECURSOS NAO VINCULADOS DE IMPOSTOS;100000,0;100000,0;100000,0
9471609;49;2025-07-08 00:00:00;PM SANTA VITORIA;18.457.226/0001-81;1481;SEDESE;SECRETARIA DE ESTADO DE DESENVOLVIMENTO SOCIAL;42;AUXILIOS;1;AUXILIOS;10;RECURSOS ORDINARIOS - RECURSOS NAO VINCULADOS DE IMPOSTOS;122730,0;122730,0;122730,0
9471610;35;2025-07-07 00:00:00;LAR S. VICENTE DE PAULO DE ALFENAS;16.651.838/0001-85;1481;SEDESE;SECRETARIA DE ESTADO DE DESENVOLVIMENTO SOCIAL;43;SUBVENCOES SOCIAIS;1;SUBVENCOES SOCIAIS;10;RECURSOS ORDINARIOS - RECURSOS NAO VINCULADOS DE IMPOSTOS;99934,1;99934,1;99934,1
9471611;31;2025-07-07 00:00:00;APAE;23.774.938/0001-64;1481;SEDESE;SECRETARIA DE ESTADO DE DESENVOLVIMENTO SOCIAL;43;SUBVENCOES SOCIAIS;1;SUBVENCOES SOCIAIS;10;RECURSOS ORDINARIOS - RECURSOS NAO VINCULADOS DE IMPOSTOS;99997,68;99997,68;99997,68
9471612;34;2025-07-07 00:00:00;LAR NOSSA SENHORA DAS GRACAS;21.383.930/0001-41;1481;SEDESE;SECRETARIA DE ESTADO DE DESENVOLVIMENTO SOCIAL;43;SUBVENCOES SOCIAIS;1;SUBVENCOES SOCIAIS;10;RECURSOS ORDINARIOS - RECURSOS NAO VINCULADOS DE IMPOSTOS;99996,53;99996,53;99996,53
9471613;45;2025-07-07 00:00:00;APAE DE RIO PRETO;01.086.100/0001-45;1481;SEDESE;SECRETARIA DE ESTADO DE DESENVOLVIMENTO SOCIAL;43;SUBVENCOES SOCIAIS;1;SUBVENCOES SOCIAIS;10;RECURSOS ORDINARIOS - RECURSOS NAO VINCULADOS DE IMPOSTOS;150000,0;150000,0;150000,0
9471614;44;2025-07-07 00:00:00;LAR SAO VICENTE DE PAULO DE SAO JOAO BATISTA DO GLORIA;20.916.466/0001-49;1481;SEDESE;SECRETARIA DE ESTADO DE DESENVOLVIMENTO SOCIAL;43;SUBVENCOES SOCIAIS;1;SUBVENCOES SOCIAIS;10;RECURSOS ORDINARIOS - RECURSOS NAO VINCULADOS DE IMPOSTOS;100000,0;100000,0;100000,0
9471615;24;2025-07-05 00:00:00;INSTITUTO G10 CRUZ AZUL;05.493.038/0001-67;1481;SEDESE;SECRETARIA DE ESTADO DE DESENVOLVIMENTO SOCIAL;42;AUXILIOS;1;AUXILIOS;10;RECURSOS ORDINARIOS - RECURSOS NAO VINCULADOS DE IMPOSTOS;390000,0;390000,0;390000,0
9471616;60;2025-07-09 00:00:00;ASSOCIACAO DE PAIS E AMIGOS DOS EXCEPCIONAIS;02.469.191/0001-60;1481;SEDESE;SECRETARIA DE ESTADO DE DESENVOLVIMENTO SOCIAL;42;AUXILIOS;1;AUXILIOS;10;RECURSOS ORDINARIOS - RECURSOS NAO VINCULADOS DE IMPOSTOS;99792,8;99792,8;99792,8
9471617;25;2025-07-05 00:00:00;PM JURUAIA;18.668.368/0001-98;1481;SEDESE;SECRETARIA DE ESTADO DE DESENVOLVIMENTO SOCIAL;42;AUXILIOS;1;AUXILIOS;10;RECURSOS ORDINARIOS - RECURSOS NAO VINCULADOS DE IMPOSTOS;89307,98;89307,98;89307,98
9471619;4478;2025-07-15 00:00:00;ASSOCIACAO CULTURAL ENTAO, BRILHA;46.652.221/0001-45;1271;SECULT;SECRETARIA DE ESTADO DE CULTURA E TURISMO;41;CONTRIBUICOES;1;CONTRIBUICOES;10;RECURSOS ORDINARIOS - RECURSOS NAO VINCULADOS DE IMPOSTOS;320000,0;320000,0;320000,0
9471619;4479;2025-07-15 00:00:00;ASSOCIACAO CULTURAL ENTAO, BRILHA;46.652.221/0001-45;1271;SECULT;SECRETARIA DE ESTADO DE CULTURA E TURISMO;42;AUXILIOS;1;AUXILIOS;10;RECURSOS ORDINARIOS - RECURSOS NAO VINCULADOS DE IMPOSTOS;30000,0;30000,0;30000,0
9471620;315;2025-07-15 00:00:00;PM TIMOTEO;19.875.020/0001-34;1301;SEINFRA;SECRETARIA DE ESTADO DE INFRAESTRUTURA, MOBILIDADE E PARCERIAS;42;AUXILIOS;1;AUXILIOS;10;RECURSOS ORDINARIOS - RECURSOS NAO VINCULADOS DE IMPOSTOS;500000,0;500000,0;500000,0
9471626;97;2025-07-04 00:00:00;ASSOCIACAO DOS EMPREENDEDORES GASTRONOMICOS, ARTISTICOS E CULTURAIS;29.471.248/0001-12;1491;SEGOV;SECRETARIA DE ESTADO DE GOVERNO;42;AUXILIOS;1;AUXILIOS;10;RECURSOS ORDINARIOS - RECURSOS NAO VINCULADOS DE IMPOSTOS;81212,73;81212,73;81212,73
9471627;91;2025-07-04 00:00:00;ASSOC. ASSISTENCIA AOS DEFICIENTES VISUAIS DE POCOS DE CALDA;17.416.868/0001-70;1491;SEGOV;SECRETARIA DE ESTADO DE GOVERNO;42;AUXILIOS;1;AUXILIOS;10;RECURSOS ORDINARIOS - RECURSOS NAO VINCULADOS DE IMPOSTOS;125737,7;125737,7;125737,7
9471628;93;2025-07-04 00:00:00;ASSOCIACO GUERREIRAS EM ACO;34.103.821/0001-75;1491;SEGOV;SECRETARIA DE ESTADO DE GOVERNO;42;AUXILIOS;1;AUXILIOS;10;RECURSOS ORDINARIOS - RECURSOS NAO VINCULADOS DE IMPOSTOS;74210,47;74210,47;74210,47
9471629;94;2025-07-04 00:00:00;ASSOCIACAO DE PAIS E AMIGOS DOS EXCEPCIONAIS DE MURIAE;18.990.499/0001-97;1491;SEGOV;SECRETARIA DE ESTADO DE GOVERNO;42;AUXILIOS;1;AUXILIOS;10;RECURSOS ORDINARIOS - RECURSOS NAO VINCULADOS DE IMPOSTOS;100000,0;100000,0;100000,0
9471630;96;2025-07-04 00:00:00;ASSOCIACAO DE CULTURA DA COMUNIDADE JARDIM ALVORADA;08.724.004/0001-24;1491;SEGOV;SECRETARIA DE ESTADO DE GOVERNO;42;AUXILIOS;1;AUXILIOS;10;RECURSOS ORDINARIOS - RECURSOS NAO VINCULADOS DE IMPOSTOS;99928,18;99928,18;99928,18
9471631;95;2025-07-04 00:00:00;ASSOCIACAO DOS PRODUTORES RURAIS DA LAGOA E REGIAO;11.757.224/0001-69;1491;SEGOV;SECRETARIA DE ESTADO DE GOVERNO;42;AUXILIOS;1;AUXILIOS;10;RECURSOS ORDINARIOS - RECURSOS NAO VINCULADOS DE IMPOSTOS;104278,35;104278,35;104278,35
9471640;196;2025-07-08 00:00:00;PM PRADOS;18.557.538/0001-67;1231;SEAPA;SECRETARIA DE ESTADO DE AGRICULTURA, PECUARIA E ABASTECIMENTO;41;CONTRIBUICOES;1;CONTRIBUICOES;15;RECURSOS ORDINARIOS - OUTROS RECURSOS NAO VINCULADOS;1500000,0;1500000,0;1500000,0
9471641;61;2025-07-09 00:00:00;ASSOCIACAO COMUNIDADE EM ACAO DE CARATINGA;43.311.051/0001-47;1481;SEDESE;SECRETARIA DE ESTADO DE DESENVOLVIMENTO SOCIAL;42;AUXILIOS;1;AUXILIOS;10;RECURSOS ORDINARIOS - RECURSOS NAO VINCULADOS DE IMPOSTOS;99821,83;99821,83;99821,83
9471642;47;2025-07-08 00:00:00;APAE ALPINOPOLIS;20.939.567/0001-35;1481;SEDESE;SECRETARIA DE ESTADO DE DESENVOLVIMENTO SOCIAL;43;SUBVENCOES SOCIAIS;1;SUBVENCOES SOCIAIS;10;RECURSOS ORDINARIOS - RECURSOS NAO VINCULADOS DE IMPOSTOS;99973,46;99973,46;99973,46
9471644;51;2025-07-08 00:00:00;ASSOCIACAO COMUNITARIA SAO FRANCISCO DE ASSIS;19.072.313/0001-83;1481;SEDESE;SECRETARIA DE ESTADO DE DESENVOLVIMENTO SOCIAL;42;AUXILIOS;1;AUXILIOS;10;RECURSOS ORDINARIOS - RECURSOS NAO VINCULADOS DE IMPOSTOS;100000,0;100000,0;100000,0
9471645;52;2025-07-08 00:00:00;ASSOCIACAO DE PAIS E AMIGOS DOS EXCEPCIONAIS DE S.S DO PARAISO;19.098.326/0001-21;1481;SEDESE;SECRETARIA DE ESTADO DE DESENVOLVIMENTO SOCIAL;43;SUBVENCOES SOCIAIS;1;SUBVENCOES SOCIAIS;10;RECURSOS ORDINARIOS - RECURSOS NAO VINCULADOS DE IMPOSTOS;99749,4;99749,4;99749,4
9471646;1438;2025-07-08 00:00:00;ASSOCIACAO DE PROTECAO A MATERNIDADE E INFANCIA E VELHICE;23.343.296/0001-49;4251;FEAS;FUNDO ESTADUAL DE ASSISTENCIA SOCIAL;43;SUBVENCOES SOCIAIS;1;SUBVENCOES SOCIAIS;10;RECURSOS ORDINARIOS - RECURSOS NAO VINCULADOS DE IMPOSTOS;125789,53;125789,53;125789,53
9471647;46;2025-07-07 00:00:00;ASSOCIACAO DE PAIS E AMIGOS DOS EXCEPCIONAIS-APAE;17.907.569/0001-38;1481;SEDESE;SECRETARIA DE ESTADO DE DESENVOLVIMENTO SOCIAL;43;SUBVENCOES SOCIAIS;1;SUBVENCOES SOCIAIS;10;RECURSOS ORDINARIOS - RECURSOS NAO VINCULADOS DE IMPOSTOS;100000,0;100000,0;100000,0
9471658;98;2025-07-07 00:00:00;ASSOCIACAO DOS MORADORES E AMIGOS DE ITINGA;22.700.413/0001-11;1491;SEGOV;SECRETARIA DE ESTADO DE GOVERNO;42;AUXILIOS;1;AUXILIOS;10;RECURSOS ORDINARIOS - RECURSOS NAO VINCULADOS DE IMPOSTOS;90210,08;90210,08;90210,08
9471659;99;2025-07-07 00:00:00;INSTITUTO GALO;35.777.212/0001-64;1491;SEGOV;SECRETARIA DE ESTADO DE GOVERNO;42;AUXILIOS;1;AUXILIOS;10;RECURSOS ORDINARIOS - RECURSOS NAO VINCULADOS DE IMPOSTOS;125737,7;125737,7;125737,7
9471660;100;2025-07-07 00:00:00;COOPERATIVA DOS RECICLADORES DE PONTE NOVA;19.234.451/0001-11;1491;SEGOV;SECRETARIA DE ESTADO DE GOVERNO;42;AUXILIOS;1;AUXILIOS;10;RECURSOS ORDINARIOS - RECURSOS NAO VINCULADOS DE IMPOSTOS;142800,0;142800,0;142800,0
9471661;101;2025-07-07 00:00:00;ASSOCIACAO ASSISTENCIAL AO IDOSO DE ARAPUA;42.387.861/0001-14;1491;SEGOV;SECRETARIA DE ESTADO DE GOVERNO;42;AUXILIOS;1;AUXILIOS;10;RECURSOS ORDINARIOS - RECURSOS NAO VINCULADOS DE IMPOSTOS;125737,7;125737,7;125737,7
9471662;102;2025-07-07 00:00:00;ASSOCIACAO DOS CAFEICULTORES DO CAMPO DAS VERTENTES-ACAVE;29.089.100/0001-18;1491;SEGOV;SECRETARIA DE ESTADO DE GOVERNO;42;AUXILIOS;1;AUXILIOS;10;RECURSOS ORDINARIOS - RECURSOS NAO VINCULADOS DE IMPOSTOS;94562,0;94562,0;94562,0
9471663;103;2025-07-07 00:00:00;SOCIEDADE AMPARO A POBREZA;17.454.216/0001-20;1491;SEGOV;SECRETARIA DE ESTADO DE GOVERNO;42;AUXILIOS;1;AUXILIOS;10;RECURSOS ORDINARIOS - RECURSOS NAO VINCULADOS DE IMPOSTOS;99179,96;99179,96;99179,96
9471665;104;2025-07-07 00:00:00;ASSOCIACAO DE PAIS E AMIGOS DOS EXCEPCIONAIS - APAE - ABADIA DOS DOURA;00.102.575/0001-15;1491;SEGOV;SECRETARIA DE ESTADO DE GOVERNO;42;AUXILIOS;1;AUXILIOS;10;RECURSOS ORDINARIOS - RECURSOS NAO VINCULADOS DE IMPOSTOS;90210,08;90210,08;90210,08
9471666;105;2025-07-07 00:00:00;CONSELHO COMUNITARIO DESENVOLVIMENTO MUN.DIOGO VASCONCELOS;20.468.732/0001-18;1491;SEGOV;SECRETARIA DE ESTADO DE GOVERNO;42;AUXILIOS;1;AUXILIOS;10;RECURSOS ORDINARIOS - RECURSOS NAO VINCULADOS DE IMPOSTOS;374908,59;374908,59;374908,59
9471667;106;2025-07-07 00:00:00;ASSOCIACAO DE PAIS E AMIGOS DOS EXCEPCIONAIS;00.902.515/0001-87;1491;SEGOV;SECRETARIA DE ESTADO DE GOVERNO;42;AUXILIOS;1;AUXILIOS;10;RECURSOS ORDINARIOS - RECURSOS NAO VINCULADOS DE IMPOSTOS;324048,01;324048,01;324048,01
9471668;107;2025-07-07 00:00:00;LAR DOS IDOSOS CLOTILDE MARTINS DA SOCIEDADE SAO VICENTE DE PAULO;16.599.433/0001-45;1491;SEGOV;SECRETARIA DE ESTADO DE GOVERNO;42;AUXILIOS;1;AUXILIOS;10;RECURSOS ORDINARIOS - RECURSOS NAO VINCULADOS DE IMPOSTOS;125737,7;125737,7;125737,7
9471669;108;2025-07-07 00:00:00;ONG CIDADANIA;09.377.853/0001-11;1491;SEGOV;SECRETARIA DE ESTADO DE GOVERNO;42;AUXILIOS;1;AUXILIOS;10;RECURSOS ORDINARIOS - RECURSOS NAO VINCULADOS DE IMPOSTOS;100000,0;100000,0;100000,0
9471670;110;2025-07-07 00:00:00;CENTRAL DE MOVIMENTOS POPULARES DO VALE DO ACO-CMPVA;16.555.606/0001-23;1491;SEGOV;SECRETARIA DE ESTADO DE GOVERNO;42;AUXILIOS;1;AUXILIOS;10;RECURSOS ORDINARIOS - RECURSOS NAO VINCULADOS DE IMPOSTOS;74210,47;74210,47;74210,47
9471671;111;2025-07-07 00:00:00;ASSOCIACAO DE MORADORES DO BAIRRO NA SRA APARECIDA;22.690.382/0001-65;1491;SEGOV;SECRETARIA DE ESTADO DE GOVERNO;42;AUXILIOS;1;AUXILIOS;10;RECURSOS ORDINARIOS - RECURSOS NAO VINCULADOS DE IMPOSTOS;99688,67;99688,67;99688,67
9471672;4477;2025-07-15 00:00:00;IGOR ANTONIO OLIVEIRA SILVA;20.897.344/0001-52;1271;SECULT;SECRETARIA DE ESTADO DE CULTURA E TURISMO;41;CONTRIBUICOES;1;CONTRIBUICOES;10;RECURSOS ORDINARIOS - RECURSOS NAO VINCULADOS DE IMPOSTOS;100000,0;100000,0;100000,0
9471673;109;2025-07-07 00:00:00;INSTITUTO GALO;35.777.212/0001-64;1491;SEGOV;SECRETARIA DE ESTADO DE GOVERNO;42;AUXILIOS;1;AUXILIOS;10;RECURSOS ORDINARIOS - RECURSOS NAO VINCULADOS DE IMPOSTOS;324048,01;324048,01;324048,01
9471674;112;2025-07-07 00:00:00;CASA DA ESPERANCA;03.572.296/0001-03;1491;SEGOV;SECRETARIA DE ESTADO DE GOVERNO;42;AUXILIOS;1;AUXILIOS;10;RECURSOS ORDINARIOS - RECURSOS NAO VINCULADOS DE IMPOSTOS;99265,58;99265,58;99265,58
9471675;4476;2025-07-15 00:00:00;FUNDACAO DE APOIO AO DESENVOLVIMENTO DO ENSINO SUPERIOR DO NORTE DE MI;01.440.615/0001-00;1271;SECULT;SECRETARIA DE ESTADO DE CULTURA E TURISMO;41;CONTRIBUICOES;1;CONTRIBUICOES;10;RECURSOS ORDINARIOS - RECURSOS NAO VINCULADOS DE IMPOSTOS;100000,0;100000,0;100000,0
9471676;73;2025-07-09 00:00:00;ASSOCIACAO CASA LAR DE MUZAMBINHO;10.418.198/0001-81;1481;SEDESE;SECRETARIA DE ESTADO DE DESENVOLVIMENTO SOCIAL;42;AUXILIOS;1;AUXILIOS;10;RECURSOS ORDINARIOS - RECURSOS NAO VINCULADOS DE IMPOSTOS;90210,08;90210,08;90210,08
9471677;4480;2025-07-15 00:00:00;FUNDACAO CULTURAL VAGAO 98;29.123.187/0001-00;1271;SECULT;SECRETARIA DE ESTADO DE CULTURA E TURISMO;42;AUXILIOS;1;AUXILIOS;10;RECURSOS ORDINARIOS - RECURSOS NAO VINCULADOS DE IMPOSTOS;100000,0;100000,0;100000,0
9471678;4481;2025-07-15 00:00:00;ASSOCIACAO CULTURAL CINE FANON - ACCF;46.799.240/0001-07;1271;SECULT;SECRETARIA DE ESTADO DE CULTURA E TURISMO;41;CONTRIBUICOES;1;CONTRIBUICOES;10;RECURSOS ORDINARIOS - RECURSOS NAO VINCULADOS DE IMPOSTOS;100000,0;100000,0;100000,0
9471679;75;2025-07-09 00:00:00;ASSOCIACAO CORINTHIANS ESPORTE CLUBE - ACEC;20.914.990/0001-80;1481;SEDESE;SECRETARIA DE ESTADO DE DESENVOLVIMENTO SOCIAL;42;AUXILIOS;1;AUXILIOS;10;RECURSOS ORDINARIOS - RECURSOS NAO VINCULADOS DE IMPOSTOS;99640,0;99640,0;99640,0
9471680;4482;2025-07-15 00:00:00;MARCUS TULIO DE OLIVEIRA GONZAGA;16.842.293/0001-94;1271;SECULT;SECRETARIA DE ESTADO DE CULTURA E TURISMO;41;CONTRIBUICOES;1;CONTRIBUICOES;10;RECURSOS ORDINARIOS - RECURSOS NAO VINCULADOS DE IMPOSTOS;250000,0;250000,0;250000,0
9471681;4483;2025-07-15 00:00:00;TEATRO DA PEDRA - ASSOCIACAO CULTURAL;07.238.138/0001-72;1271;SECULT;SECRETARIA DE ESTADO DE CULTURA E TURISMO;41;CONTRIBUICOES;1;CONTRIBUICOES;10;RECURSOS ORDINARIOS - RECURSOS NAO VINCULADOS DE IMPOSTOS;100000,0;100000,0;100000,0
9471682;4484;2025-07-15 00:00:00;ASSOCIACAO ARTE VIDA E CULTURA CAPOEIRA;07.563.416/0001-67;1271;SECULT;SECRETARIA DE ESTADO DE CULTURA E TURISMO;41;CONTRIBUICOES;1;CONTRIBUICOES;10;RECURSOS ORDINARIOS - RECURSOS NAO VINCULADOS DE IMPOSTOS;100000,0;100000,0;100000,0
9471683;76;2025-07-09 00:00:00;ABRIGO SAO JUDAS TADEU SAO DOMINGOS DO PRATA;18.293.704/0001-65;1481;SEDESE;SECRETARIA DE ESTADO DE DESENVOLVIMENTO SOCIAL;43;SUBVENCOES SOCIAIS;1;SUBVENCOES SOCIAIS;10;RECURSOS ORDINARIOS - RECURSOS NAO VINCULADOS DE IMPOSTOS;200000,0;200000,0;200000,0
9471684;4485;2025-07-15 00:00:00;ASSOCIACAO PROJETO PRESENTE;05.254.375/0001-00;1271;SECULT;SECRETARIA DE ESTADO DE CULTURA E TURISMO;41;CONTRIBUICOES;1;CONTRIBUICOES;10;RECURSOS ORDINARIOS - RECURSOS NAO VINCULADOS DE IMPOSTOS;221369,0;221369,0;221369,0
9471686;77;2025-07-09 00:00:00;OBRAS ASSISTENCIAIS NOSSA SRA. DA APARECIDA DE DIVINOPOLIS;20.159.240/0001-40;1481;SEDESE;SECRETARIA DE ESTADO DE DESENVOLVIMENTO SOCIAL;42;AUXILIOS;1;AUXILIOS;10;RECURSOS ORDINARIOS - RECURSOS NAO VINCULADOS DE IMPOSTOS;99999,99;99999,99;99999,99
9471688;57;2025-07-08 00:00:00;ASSOCIACAO DE PAIS E AMIGOS DE BARBACENA-MG;17.084.062/0001-21;1481;SEDESE;SECRETARIA DE ESTADO DE DESENVOLVIMENTO SOCIAL;42;AUXILIOS;1;AUXILIOS;10;RECURSOS ORDINARIOS - RECURSOS NAO VINCULADOS DE IMPOSTOS;99998,52;99998,52;99998,52
9471689;55;2025-07-08 00:00:00;ASILO SAO VICENTE DE PAULO DE CONCEICAO DAS ALAGOAS;20.055.976/0001-79;1481;SEDESE;SECRETARIA DE ESTADO DE DESENVOLVIMENTO SOCIAL;42;AUXILIOS;1;AUXILIOS;10;RECURSOS ORDINARIOS - RECURSOS NAO VINCULADOS DE IMPOSTOS;99877,67;99877,67;99877,67
9471690;54;2025-07-08 00:00:00;GRUPO ESCOLA AMIZADE E AMOR;41.656.331/0001-61;1481;SEDESE;SECRETARIA DE ESTADO DE DESENVOLVIMENTO SOCIAL;43;SUBVENCOES SOCIAIS;1;SUBVENCOES SOCIAIS;10;RECURSOS ORDINARIOS - RECURSOS NAO VINCULADOS DE IMPOSTOS;100000,0;100000,0;100000,0
9471691;50;2025-07-08 00:00:00;ABRIGO SAO VICENTE DE PAULO;26.117.457/0001-74;1481;SEDESE;SECRETARIA DE ESTADO DE DESENVOLVIMENTO SOCIAL;42;AUXILIOS;1;AUXILIOS;10;RECURSOS ORDINARIOS - RECURSOS NAO VINCULADOS DE IMPOSTOS;100000,0;100000,0;100000,0
9471692;48;2025-07-08 00:00:00;ASSOCIACAO DESPERTAI PARA VIDA;46.079.252/0001-59;1481;SEDESE;SECRETARIA DE ESTADO DE DESENVOLVIMENTO SOCIAL;42;AUXILIOS;1;AUXILIOS;10;RECURSOS ORDINARIOS - RECURSOS NAO VINCULADOS DE IMPOSTOS;97590,0;97590,0;97590,0
9471693;58;2025-07-08 00:00:00;ASSOCIACAO ACAO SOCIAL SOMAR;09.170.000/0001-04;1481;SEDESE;SECRETARIA DE ESTADO DE DESENVOLVIMENTO SOCIAL;42;AUXILIOS;1;AUXILIOS;10;RECURSOS ORDINARIOS - RECURSOS NAO VINCULADOS DE IMPOSTOS;125445,3;125445,3;125445,3
9471694;56;2025-07-08 00:00:00;LAR BENEFICENTE SAO VICENTE DE PAULO DE CACHOEIRA DE MINAS;17.418.906/0001-23;1481;SEDESE;SECRETARIA DE ESTADO DE DESENVOLVIMENTO SOCIAL;42;AUXILIOS;1;AUXILIOS;10;RECURSOS ORDINARIOS - RECURSOS NAO VINCULADOS DE IMPOSTOS;104278,35;104278,35;104278,35
9471695;59;2025-07-08 00:00:00;ASSOCIACAO CUIDAR BEM/MG - ACB;10.626.829/0001-58;1481;SEDESE;SECRETARIA DE ESTADO DE DESENVOLVIMENTO SOCIAL;43;SUBVENCOES SOCIAIS;1;SUBVENCOES SOCIAIS;10;RECURSOS ORDINARIOS - RECURSOS NAO VINCULADOS DE IMPOSTOS;99999,6;99999,6;99999,6
9471696;229;2025-07-08 00:00:00;ASSOCIACAO MINEIRA DO PARADESPORTO - AMPADESPORTO;29.335.005/0001-57;1481;SEDESE;SECRETARIA DE ESTADO DE DESENVOLVIMENTO SOCIAL;43;SUBVENCOES SOCIAIS;1;SUBVENCOES SOCIAIS;38;TRANSFERENCIAS DA UNIAO VINCULADAS AO ESPORTE;95158,29;95158,29;95158,29
9471697;53;2025-07-08 00:00:00;ASSOCIACAO TATAME DO BEM;18.129.747/0001-00;1481;SEDESE;SECRETARIA DE ESTADO DE DESENVOLVIMENTO SOCIAL;42;AUXILIOS;1;AUXILIOS;10;RECURSOS ORDINARIOS - RECURSOS NAO VINCULADOS DE IMPOSTOS;125737,7;125737,7;125737,7
9471712;230;2025-07-09 00:00:00;ASSOCIACAO EDUCACIONAL DE DESENVOLVIMENTO ESPORTIVO CULTURAL;08.707.709/0001-33;1481;SEDESE;SECRETARIA DE ESTADO DE DESENVOLVIMENTO SOCIAL;43;SUBVENCOES SOCIAIS;1;SUBVENCOES SOCIAIS;38;TRANSFERENCIAS DA UNIAO VINCULADAS AO ESPORTE;99968,52;99968,52;99968,52
9471725;62;2025-07-09 00:00:00;ASSOCIACAO DESPORTIVA PEDRA VERDE - ADPV;14.801.813/0001-95;1481;SEDESE;SECRETARIA DE ESTADO DE DESENVOLVIMENTO SOCIAL;43;SUBVENCOES SOCIAIS;1;SUBVENCOES SOCIAIS;10;RECURSOS ORDINARIOS - RECURSOS NAO VINCULADOS DE IMPOSTOS;99588,16;99588,16;99588,16
9471726;63;2025-07-09 00:00:00;SOCIEDADE DE AMPARO AO IDOSO TOCANTINENSE;02.653.334/0001-90;1481;SEDESE;SECRETARIA DE ESTADO DE DESENVOLVIMENTO SOCIAL;43;SUBVENCOES SOCIAIS;1;SUBVENCOES SOCIAIS;10;RECURSOS ORDINARIOS - RECURSOS NAO VINCULADOS DE IMPOSTOS;49716,9;49716,9;49716,9
9471726;64;2025-07-09 00:00:00;SOCIEDADE DE AMPARO AO IDOSO TOCANTINENSE;02.653.334/0001-90;1481;SEDESE;SECRETARIA DE ESTADO DE DESENVOLVIMENTO SOCIAL;42;AUXILIOS;1;AUXILIOS;10;RECURSOS ORDINARIOS - RECURSOS NAO VINCULADOS DE IMPOSTOS;49992,0;49992,0;49992,0
9471727;65;2025-07-09 00:00:00;ASSOCIACAO PAIS E AMIGOS DOS EXCEPCIONAIS/CARMO CACHOEIRA;41.774.175/0001-33;1481;SEDESE;SECRETARIA DE ESTADO DE DESENVOLVIMENTO SOCIAL;42;AUXILIOS;1;AUXILIOS;10;RECURSOS ORDINARIOS - RECURSOS NAO VINCULADOS DE IMPOSTOS;125737,7;125737,7;125737,7
9471729;71;2025-07-09 00:00:00;ASSOCIACAO CONTAGEM VOLUNTARIA;34.384.954/0001-67;1481;SEDESE;SECRETARIA DE ESTADO DE DESENVOLVIMENTO SOCIAL;43;SUBVENCOES SOCIAIS;1;SUBVENCOES SOCIAIS;10;RECURSOS ORDINARIOS - RECURSOS NAO VINCULADOS DE IMPOSTOS;249984,0;249984,0;249984,0
9471730;69;2025-07-09 00:00:00;ABRIGO TIRADENTES;20.312.872/0001-00;1481;SEDESE;SECRETARIA DE ESTADO DE DESENVOLVIMENTO SOCIAL;43;SUBVENCOES SOCIAIS;1;SUBVENCOES SOCIAIS;10;RECURSOS ORDINARIOS - RECURSOS NAO VINCULADOS DE IMPOSTOS;100000,0;100000,0;100000,0
9471731;68;2025-07-09 00:00:00;ASILO SAO VICENTE DE PAULO-SSVP;17.951.161/0001-63;1481;SEDESE;SECRETARIA DE ESTADO DE DESENVOLVIMENTO SOCIAL;43;SUBVENCOES SOCIAIS;1;SUBVENCOES SOCIAIS;10;RECURSOS ORDINARIOS - RECURSOS NAO VINCULADOS DE IMPOSTOS;199999,83;199999,83;199999,83
9471732;74;2025-07-09 00:00:00;APAE SANTO ANTONIO DO MONTE;20.897.450/0001-36;1481;SEDESE;SECRETARIA DE ESTADO DE DESENVOLVIMENTO SOCIAL;43;SUBVENCOES SOCIAIS;1;SUBVENCOES SOCIAIS;10;RECURSOS ORDINARIOS - RECURSOS NAO VINCULADOS DE IMPOSTOS;100000,0;100000,0;100000,0
9471734;113;2025-07-08 00:00:00;ASSOCIACAO COMUNITARIA DE MADRE DE DEUS DE MINAS - ACOMADRE;09.429.935/0001-62;1491;SEGOV;SECRETARIA DE ESTADO DE GOVERNO;42;AUXILIOS;1;AUXILIOS;10;RECURSOS ORDINARIOS - RECURSOS NAO VINCULADOS DE IMPOSTOS;125737,7;125737,7;125737,7
9471735;114;2025-07-08 00:00:00;ASSOCIACAO COMUNITARIA DE COMUNICACAO E CULTURA DE SAO ROMAO;06.231.486/0001-55;1491;SEGOV;SECRETARIA DE ESTADO DE GOVERNO;42;AUXILIOS;1;AUXILIOS;10;RECURSOS ORDINARIOS - RECURSOS NAO VINCULADOS DE IMPOSTOS;90210,0;90210,0;90210,0
9471736;115;2025-07-08 00:00:00;ASSOCIACAO COMUNITARIA DE MACAUBAS;20.936.308/0001-50;1491;SEGOV;SECRETARIA DE ESTADO DE GOVERNO;42;AUXILIOS;1;AUXILIOS;10;RECURSOS ORDINARIOS - RECURSOS NAO VINCULADOS DE IMPOSTOS;91928,32;91928,32;91928,32
9471737;120;2025-07-08 00:00:00;APAE DE PIRAPETINGA;04.466.812/0001-88;1491;SEGOV;SECRETARIA DE ESTADO DE GOVERNO;42;AUXILIOS;1;AUXILIOS;10;RECURSOS ORDINARIOS - RECURSOS NAO VINCULADOS DE IMPOSTOS;100000,0;100000,0;100000,0
9471738;116;2025-07-08 00:00:00;SOCIEDADE ARTISTICA MIRIM DE BELO HORIZONTE;02.298.782/0001-12;1491;SEGOV;SECRETARIA DE ESTADO DE GOVERNO;42;AUXILIOS;1;AUXILIOS;10;RECURSOS ORDINARIOS - RECURSOS NAO VINCULADOS DE IMPOSTOS;99848,53;99848,53;99848,53
9471739;70;2025-07-09 00:00:00;ASSOCIACAO DE PAIS E AMIGOS DOS EXCEP.DE SENADOR FIRMINO;02.320.890/0001-44;1481;SEDESE;SECRETARIA DE ESTADO DE DESENVOLVIMENTO SOCIAL;42;AUXILIOS;1;AUXILIOS;10;RECURSOS ORDINARIOS - RECURSOS NAO VINCULADOS DE IMPOSTOS;0,0;0,0;0,0
9471739;72;2025-07-09 00:00:00;ASSOCIACAO DE PAIS E AMIGOS DOS EXCEP.DE SENADOR FIRMINO;02.320.890/0001-44;1481;SEDESE;SECRETARIA DE ESTADO DE DESENVOLVIMENTO SOCIAL;42;AUXILIOS;1;AUXILIOS;10;RECURSOS ORDINARIOS - RECURSOS NAO VINCULADOS DE IMPOSTOS;90210,08;90210,08;90210,08
9471740;117;2025-07-08 00:00:00;ASSOCIACAO DOS AMIGOS DAS COMUNIDADES;41.398.654/0001-00;1491;SEGOV;SECRETARIA DE ESTADO DE GOVERNO;42;AUXILIOS;1;AUXILIOS;10;RECURSOS ORDINARIOS - RECURSOS NAO VINCULADOS DE IMPOSTOS;130387,82;130387,82;130387,82
9471740;191;2025-12-23 00:00:00;ASSOCIACAO DOS AMIGOS DAS COMUNIDADES;41.398.654/0001-00;1491;SEGOV;SECRETARIA DE ESTADO DE GOVERNO;42;AUXILIOS;1;AUXILIOS;10;RECURSOS ORDINARIOS - RECURSOS NAO VINCULADOS DE IMPOSTOS;4644,01;4644,01;4644,01
9471741;118;2025-07-08 00:00:00;ASSOCIACAO CAMINHO DA SOBRIEDADE;08.626.823/0001-39;1491;SEGOV;SECRETARIA DE ESTADO DE GOVERNO;42;AUXILIOS;1;AUXILIOS;10;RECURSOS ORDINARIOS - RECURSOS NAO VINCULADOS DE IMPOSTOS;100000,0;100000,0;100000,0
9471742;119;2025-07-08 00:00:00;CENTRO DE REFERENCIA DOS CULTOS AFRO-BRASILEIRO DO NORTE DE MINAS GER;10.207.088/0001-70;1491;SEGOV;SECRETARIA DE ESTADO DE GOVERNO;42;AUXILIOS;1;AUXILIOS;10;RECURSOS ORDINARIOS - RECURSOS NAO VINCULADOS DE IMPOSTOS;90210,08;90210,08;90210,08
9471743;67;2025-07-09 00:00:00;AVE ASSOCIACAO VARGINHENSE DE ESPORTE;03.724.095/0001-84;1481;SEDESE;SECRETARIA DE ESTADO DE DESENVOLVIMENTO SOCIAL;43;SUBVENCOES SOCIAIS;1;SUBVENCOES SOCIAIS;10;RECURSOS ORDINARIOS - RECURSOS NAO VINCULADOS DE IMPOSTOS;99953,8;99953,8;99953,8
9471744;231;2025-07-09 00:00:00;ASS DE PAIS E AMIGOS DOS EXCEPCIONAIS DE PARA DE MINAS;18.416.891/0001-27;1481;SEDESE;SECRETARIA DE ESTADO DE DESENVOLVIMENTO SOCIAL;43;SUBVENCOES SOCIAIS;1;SUBVENCOES SOCIAIS;38;TRANSFERENCIAS DA UNIAO VINCULADAS AO ESPORTE;76562,41;76562,41;76562,41
9471746;66;2025-07-09 00:00:00;ASSOCIACAO AMOR E COMPAIXAO;10.639.068/0001-79;1481;SEDESE;SECRETARIA DE ESTADO DE DESENVOLVIMENTO SOCIAL;42;AUXILIOS;1;AUXILIOS;10;RECURSOS ORDINARIOS - RECURSOS NAO VINCULADOS DE IMPOSTOS;99985,38;99985,38;99985,38
9471767;125;2025-07-09 00:00:00;NUCLEO DE CULTURA AFRO-BRASILEIRA;19.694.694/0001-32;1491;SEGOV;SECRETARIA DE ESTADO DE GOVERNO;42;AUXILIOS;1;AUXILIOS;10;RECURSOS ORDINARIOS - RECURSOS NAO VINCULADOS DE IMPOSTOS;99972,9;99972,9;99972,9
9471768;126;2025-07-09 00:00:00;NUCLEO DE DESENVOLVIMENTO DOS MORADORES DO MUNICIPIO DE MONTE AZUL MG;22.337.853/0001-56;1491;SEGOV;SECRETARIA DE ESTADO DE GOVERNO;42;AUXILIOS;1;AUXILIOS;10;RECURSOS ORDINARIOS - RECURSOS NAO VINCULADOS DE IMPOSTOS;90210,08;90210,08;90210,08
9471769;121;2025-07-09 00:00:00;EDUCANDARIO PADRE LOUREN$O;23.157.506/0009-61;1491;SEGOV;SECRETARIA DE ESTADO DE GOVERNO;42;AUXILIOS;1;AUXILIOS;10;RECURSOS ORDINARIOS - RECURSOS NAO VINCULADOS DE IMPOSTOS;132763,33;132763,33;132763,33
9471770;122;2025-07-09 00:00:00;ASSOC COM DOS PEQ PROD RURAIS REMAN QUILOMBOLAS DO ALTO SAO SEBASTIAO;51.098.482/0001-03;1491;SEGOV;SECRETARIA DE ESTADO DE GOVERNO;42;AUXILIOS;1;AUXILIOS;10;RECURSOS ORDINARIOS - RECURSOS NAO VINCULADOS DE IMPOSTOS;90210,08;90210,08;90210,08
9471771;123;2025-07-09 00:00:00;ONG RESGATE E VIDA;11.717.108/0001-16;1491;SEGOV;SECRETARIA DE ESTADO DE GOVERNO;42;AUXILIOS;1;AUXILIOS;10;RECURSOS ORDINARIOS - RECURSOS NAO VINCULADOS DE IMPOSTOS;300000,0;300000,0;300000,0
9471772;124;2025-07-09 00:00:00;ASSISTENCIA SOCIAL KENNEDY;38.734.935/0001-74;1491;SEGOV;SECRETARIA DE ESTADO DE GOVERNO;42;AUXILIOS;1;AUXILIOS;10;RECURSOS ORDINARIOS - RECURSOS NAO VINCULADOS DE IMPOSTOS;96680,49;96680,49;96680,49
9471773;80;2025-07-10 00:00:00;ASS. COMUN. DE DESEL. EDUC. FAMILIAR E AGROP. DE VEREDINHA;05.743.998/0001-38;1481;SEDESE;SECRETARIA DE ESTADO DE DESENVOLVIMENTO SOCIAL;42;AUXILIOS;1;AUXILIOS;10;RECURSOS ORDINARIOS - RECURSOS NAO VINCULADOS DE IMPOSTOS;104278,35;104278,35;104278,35
9471775;81;2025-07-10 00:00:00;APAE ALPINOPOLIS;20.939.567/0001-35;1481;SEDESE;SECRETARIA DE ESTADO DE DESENVOLVIMENTO SOCIAL;43;SUBVENCOES SOCIAIS;1;SUBVENCOES SOCIAIS;10;RECURSOS ORDINARIOS - RECURSOS NAO VINCULADOS DE IMPOSTOS;99966,16;99966,16;99966,16
9471779;202;2025-07-11 00:00:00;ASSOCIACAO DOS PEQUENOS PRODUTORES RURAIS DA FAZENDA BARREIRINHO;20.571.626/0001-65;1231;SEAPA;SECRETARIA DE ESTADO DE AGRICULTURA, PECUARIA E ABASTECIMENTO;41;CONTRIBUICOES;1;CONTRIBUICOES;10;RECURSOS ORDINARIOS - RECURSOS NAO VINCULADOS DE IMPOSTOS;86500,0;86500,0;86500,0
9471779;246;2025-08-05 00:00:00;ASSOCIACAO DOS PEQUENOS PRODUTORES RURAIS DA FAZENDA BARREIRINHO;20.571.626/0001-65;1231;SEAPA;SECRETARIA DE ESTADO DE AGRICULTURA, PECUARIA E ABASTECIMENTO;41;CONTRIBUICOES;1;CONTRIBUICOES;10;RECURSOS ORDINARIOS - RECURSOS NAO VINCULADOS DE IMPOSTOS;3710,08;3710,08;3710,08
9471780;209;2025-07-15 00:00:00;ASSOC.PEQ.PROD.RURAIS DE PE. JOAO AFONSO;20.214.268/0001-33;1231;SEAPA;SECRETARIA DE ESTADO DE AGRICULTURA, PECUARIA E ABASTECIMENTO;41;CONTRIBUICOES;1;CONTRIBUICOES;10;RECURSOS ORDINARIOS - RECURSOS NAO VINCULADOS DE IMPOSTOS;104278,35;104278,35;104278,35
9471781;201;2025-07-11 00:00:00;ASSOCIACAO INDIGENA KIRIRI DO RIO VERDE DE CALDAS;33.220.895/0001-29;1231;SEAPA;SECRETARIA DE ESTADO DE AGRICULTURA, PECUARIA E ABASTECIMENTO;41;CONTRIBUICOES;1;CONTRIBUICOES;10;RECURSOS ORDINARIOS - RECURSOS NAO VINCULADOS DE IMPOSTOS;120000,0;120000,0;120000,0
9471782;204;2025-07-14 00:00:00;CENTRO POPULAR E CULTURAL SAO JOAO DA PONTE;03.146.527/0001-17;1231;SEAPA;SECRETARIA DE ESTADO DE AGRICULTURA, PECUARIA E ABASTECIMENTO;41;CONTRIBUICOES;1;CONTRIBUICOES;10;RECURSOS ORDINARIOS - RECURSOS NAO VINCULADOS DE IMPOSTOS;200000,0;200000,0;200000,0
9471783;82;2025-07-10 00:00:00;ASSOCIACAO DE SERVICOS SOCIAIS VOLUNTARIOS DE JOAO MONLEVADE;38.201.329/0001-93;1481;SEDESE;SECRETARIA DE ESTADO DE DESENVOLVIMENTO SOCIAL;42;AUXILIOS;1;AUXILIOS;10;RECURSOS ORDINARIOS - RECURSOS NAO VINCULADOS DE IMPOSTOS;74210,47;74210,47;74210,47
9471784;83;2025-07-10 00:00:00;ASSOCIACAO COMUNITARIA JESUS E A ESPERANCA;03.059.633/0001-63;1481;SEDESE;SECRETARIA DE ESTADO DE DESENVOLVIMENTO SOCIAL;42;AUXILIOS;1;AUXILIOS;10;RECURSOS ORDINARIOS - RECURSOS NAO VINCULADOS DE IMPOSTOS;90210,08;90210,08;90210,08
9471785;78;2025-07-10 00:00:00;CENTRO EDUCACIONAL PASTOR ANTONIO ROSA DA SILVA;11.604.275/0001-50;1481;SEDESE;SECRETARIA DE ESTADO DE DESENVOLVIMENTO SOCIAL;42;AUXILIOS;1;AUXILIOS;10;RECURSOS ORDINARIOS - RECURSOS NAO VINCULADOS DE IMPOSTOS;130000,0;130000,0;130000,0
9471787;79;2025-07-10 00:00:00;ASSOCIACAO VIDA ABUNDANTE DE CAPINOPOLIS;23.103.500/0001-54;1481;SEDESE;SECRETARIA DE ESTADO DE DESENVOLVIMENTO SOCIAL;42;AUXILIOS;1;AUXILIOS;10;RECURSOS ORDINARIOS - RECURSOS NAO VINCULADOS DE IMPOSTOS;74900,0;74900,0;74900,0
9471789;85;2025-07-10 00:00:00;ASSOCIACAO EVANGELICA IRMAOS FILADELFIA;00.216.650/0001-79;1481;SEDESE;SECRETARIA DE ESTADO DE DESENVOLVIMENTO SOCIAL;42;AUXILIOS;1;AUXILIOS;10;RECURSOS ORDINARIOS - RECURSOS NAO VINCULADOS DE IMPOSTOS;123486,67;123486,67;123486,67
9471792;84;2025-07-10 00:00:00;ASSOCIACAO DE PAIS E PESSOAS COM DEFICIENCIA DE POCO FUNDO;17.455.611/0001-27;1481;SEDESE;SECRETARIA DE ESTADO DE DESENVOLVIMENTO SOCIAL;43;SUBVENCOES SOCIAIS;1;SUBVENCOES SOCIAIS;10;RECURSOS ORDINARIOS - RECURSOS NAO VINCULADOS DE IMPOSTOS;99999,67;99999,67;99999,67
9471793;86;2025-07-11 00:00:00;PM UBERABA;18.428.839/0001-90;1481;SEDESE;SECRETARIA DE ESTADO DE DESENVOLVIMENTO SOCIAL;42;AUXILIOS;1;AUXILIOS;10;RECURSOS ORDINARIOS - RECURSOS NAO VINCULADOS DE IMPOSTOS;70499,95;70499,95;70499,95
9471837;4547;2025-07-17 00:00:00;ASSOCIACAO VOO AZUL AUTISMO;48.532.061/0001-26;1271;SECULT;SECRETARIA DE ESTADO DE CULTURA E TURISMO;41;CONTRIBUICOES;1;CONTRIBUICOES;10;RECURSOS ORDINARIOS - RECURSOS NAO VINCULADOS DE IMPOSTOS;300000,0;300000,0;300000,0
9471838;4549;2025-07-17 00:00:00;ASSOCIACAO CULTURAL CINE FANON - ACCF;46.799.240/0001-07;1271;SECULT;SECRETARIA DE ESTADO DE CULTURA E TURISMO;41;CONTRIBUICOES;1;CONTRIBUICOES;10;RECURSOS ORDINARIOS - RECURSOS NAO VINCULADOS DE IMPOSTOS;100000,0;100000,0;100000,0
9471839;4551;2025-07-17 00:00:00;ASSOCIACAO CULTURAL BATERIA NOTA DEZ;14.137.358/0001-75;1271;SECULT;SECRETARIA DE ESTADO DE CULTURA E TURISMO;42;AUXILIOS;1;AUXILIOS;10;RECURSOS ORDINARIOS - RECURSOS NAO VINCULADOS DE IMPOSTOS;125737,7;125737,7;125737,7
9471840;4548;2025-07-17 00:00:00;GRUPO FOLCLORICO DE CONGADO SAO SEBASTIAO DE TIMOTEO;21.085.154/0001-01;1271;SECULT;SECRETARIA DE ESTADO DE CULTURA E TURISMO;42;AUXILIOS;1;AUXILIOS;10;RECURSOS ORDINARIOS - RECURSOS NAO VINCULADOS DE IMPOSTOS;100000,0;100000,0;100000,0
9471841;4550;2025-07-17 00:00:00;ASSOCIACAO CULTURAL BLOCO AFRO ILU ASE MUVUKA;48.461.486/0001-91;1271;SECULT;SECRETARIA DE ESTADO DE CULTURA E TURISMO;42;AUXILIOS;1;AUXILIOS;10;RECURSOS ORDINARIOS - RECURSOS NAO VINCULADOS DE IMPOSTOS;132763,33;132763,33;132763,33
9471843;4552;2025-07-17 00:00:00;ASS INGOMA DE DEMOC. E PRE DO PATRIMONIO CULTURAL MATERIAL E IMATERIAL;19.028.008/0001-94;1271;SECULT;SECRETARIA DE ESTADO DE CULTURA E TURISMO;42;AUXILIOS;1;AUXILIOS;10;RECURSOS ORDINARIOS - RECURSOS NAO VINCULADOS DE IMPOSTOS;100000,0;100000,0;100000,0
9471844;129;2025-07-10 00:00:00;ASSOCIACAO COMUNITARIA DOS MORADORES DO B.VILA NOVA;20.216.651/0001-20;1491;SEGOV;SECRETARIA DE ESTADO DE GOVERNO;42;AUXILIOS;1;AUXILIOS;10;RECURSOS ORDINARIOS - RECURSOS NAO VINCULADOS DE IMPOSTOS;96458,93;96458,93;96458,93
9471845;128;2025-07-10 00:00:00;CASA DE ACOLHIMENTO PORTAL DO SOL;18.083.589/0001-02;1491;SEGOV;SECRETARIA DE ESTADO DE GOVERNO;42;AUXILIOS;1;AUXILIOS;10;RECURSOS ORDINARIOS - RECURSOS NAO VINCULADOS DE IMPOSTOS;100000,0;100000,0;100000,0
9471849;115;2025-07-17 00:00:00;LAR PEDACINHO DO CEU;23.780.943/0001-80;1481;SEDESE;SECRETARIA DE ESTADO DE DESENVOLVIMENTO SOCIAL;43;SUBVENCOES SOCIAIS;1;SUBVENCOES SOCIAIS;10;RECURSOS ORDINARIOS - RECURSOS NAO VINCULADOS DE IMPOSTOS;100000,0;100000,0;100000,0
9471851;206;2025-07-14 00:00:00;SINDICATO RURAL DE GURINHATA;19.938.273/0001-00;1231;SEAPA;SECRETARIA DE ESTADO DE AGRICULTURA, PECUARIA E ABASTECIMENTO;41;CONTRIBUICOES;1;CONTRIBUICOES;10;RECURSOS ORDINARIOS - RECURSOS NAO VINCULADOS DE IMPOSTOS;140000,0;140000,0;140000,0
9471852;213;2025-07-15 00:00:00;ASSOCIACAO DOS PRODUTORES RURAIS DA REGIAO DA AGUA LIMPA;04.710.314/0001-39;1231;SEAPA;SECRETARIA DE ESTADO DE AGRICULTURA, PECUARIA E ABASTECIMENTO;41;CONTRIBUICOES;1;CONTRIBUICOES;10;RECURSOS ORDINARIOS - RECURSOS NAO VINCULADOS DE IMPOSTOS;250000,0;250000,0;250000,0
9471853;208;2025-07-14 00:00:00;ASSOCIACAO DESENV. COMUN. EXPEDICIONARIO ALICIO;26.225.219/0001-82;1231;SEAPA;SECRETARIA DE ESTADO DE AGRICULTURA, PECUARIA E ABASTECIMENTO;41;CONTRIBUICOES;1;CONTRIBUICOES;10;RECURSOS ORDINARIOS - RECURSOS NAO VINCULADOS DE IMPOSTOS;429000,0;429000,0;429000,0
9471854;211;2025-07-15 00:00:00;SINDICATO RURAL DE ARCOS;16.780.355/0001-80;1231;SEAPA;SECRETARIA DE ESTADO DE AGRICULTURA, PECUARIA E ABASTECIMENTO;41;CONTRIBUICOES;1;CONTRIBUICOES;10;RECURSOS ORDINARIOS - RECURSOS NAO VINCULADOS DE IMPOSTOS;299981,35;299981,35;299981,35
9471855;207;2025-07-14 00:00:00;ASSOCIACAO DE PEQUENOS PRODUTORES DE LOGRADOURO II;02.266.098/0001-59;1231;SEAPA;SECRETARIA DE ESTADO DE AGRICULTURA, PECUARIA E ABASTECIMENTO;41;CONTRIBUICOES;1;CONTRIBUICOES;10;RECURSOS ORDINARIOS - RECURSOS NAO VINCULADOS DE IMPOSTOS;100000,0;100000,0;100000,0
9471856;210;2025-07-15 00:00:00;ASSOCIACAO REGIONAL DOS TRABALHADORES RURAIS DA ZONA DA MATA;00.098.588/0001-68;1231;SEAPA;SECRETARIA DE ESTADO DE AGRICULTURA, PECUARIA E ABASTECIMENTO;41;CONTRIBUICOES;1;CONTRIBUICOES;10;RECURSOS ORDINARIOS - RECURSOS NAO VINCULADOS DE IMPOSTOS;90210,08;90210,08;90210,08
9471857;212;2025-07-15 00:00:00;ASSOCIACAO DOS PEQUENOS PROD.RURAIS DE PACIENCIA;25.204.561/0001-33;1231;SEAPA;SECRETARIA DE ESTADO DE AGRICULTURA, PECUARIA E ABASTECIMENTO;41;CONTRIBUICOES;1;CONTRIBUICOES;10;RECURSOS ORDINARIOS - RECURSOS NAO VINCULADOS DE IMPOSTOS;90210,0;90210,0;90210,0
9471885;241;2025-08-05 00:00:00;ASSOCIACAO REGIONAL DE COOPERACAO AGRICOLA DA ZONA DA MATA DE MINAS GE;09.372.995/0001-96;1231;SEAPA;SECRETARIA DE ESTADO DE AGRICULTURA, PECUARIA E ABASTECIMENTO;41;CONTRIBUICOES;1;CONTRIBUICOES;10;RECURSOS ORDINARIOS - RECURSOS NAO VINCULADOS DE IMPOSTOS;132763,33;132763,33;132763,33
9471886;248;2025-08-05 00:00:00;SINDICATO RURAL DE MURIAE;22.790.505/0001-30;1231;SEAPA;SECRETARIA DE ESTADO DE AGRICULTURA, PECUARIA E ABASTECIMENTO;41;CONTRIBUICOES;1;CONTRIBUICOES;10;RECURSOS ORDINARIOS - RECURSOS NAO VINCULADOS DE IMPOSTOS;250000,0;250000,0;250000,0
9471887;239;2025-08-05 00:00:00;ASSOCIACAO ESTADUAL DA AGRICULTURA FAMILIAR;00.864.461/0001-02;1231;SEAPA;SECRETARIA DE ESTADO DE AGRICULTURA, PECUARIA E ABASTECIMENTO;41;CONTRIBUICOES;1;CONTRIBUICOES;10;RECURSOS ORDINARIOS - RECURSOS NAO VINCULADOS DE IMPOSTOS;90210,08;90210,08;90210,08
9471888;247;2025-08-05 00:00:00;CENTRO POPULAR E CULTURAL SAO JOAO DA PONTE;03.146.527/0001-17;1231;SEAPA;SECRETARIA DE ESTADO DE AGRICULTURA, PECUARIA E ABASTECIMENTO;41;CONTRIBUICOES;1;CONTRIBUICOES;10;RECURSOS ORDINARIOS - RECURSOS NAO VINCULADOS DE IMPOSTOS;90210,05;90210,05;90210,05
9471889;245;2025-08-05 00:00:00;ASSOCIACAO DOS MORADORES DE SANTA MARTA;25.204.322/0001-83;1231;SEAPA;SECRETARIA DE ESTADO DE AGRICULTURA, PECUARIA E ABASTECIMENTO;41;CONTRIBUICOES;1;CONTRIBUICOES;10;RECURSOS ORDINARIOS - RECURSOS NAO VINCULADOS DE IMPOSTOS;90210,08;90210,08;90210,08
9471890;4553;2025-07-17 00:00:00;FUNDACAO EDUCATIVA E CULTURAL SAO JUDAS TADEU;04.443.094/0001-24;1271;SECULT;SECRETARIA DE ESTADO DE CULTURA E TURISMO;42;AUXILIOS;1;AUXILIOS;10;RECURSOS ORDINARIOS - RECURSOS NAO VINCULADOS DE IMPOSTOS;300000,0;300000,0;300000,0
9471891;232;2025-08-05 00:00:00;ASSOCIACAO DE PRODUTORES RURAIS DA AGRICULTURA FAMILIAR DO CERCADO;32.006.329/0001-56;1231;SEAPA;SECRETARIA DE ESTADO DE AGRICULTURA, PECUARIA E ABASTECIMENTO;41;CONTRIBUICOES;1;CONTRIBUICOES;10;RECURSOS ORDINARIOS - RECURSOS NAO VINCULADOS DE IMPOSTOS;90210,08;90210,08;90210,08
9471892;4560;2025-07-17 00:00:00;CENTRO DE COOPERACAO COMUNITARIA E POPULAR - CASA PALMARES;12.528.103/0001-08;1271;SECULT;SECRETARIA DE ESTADO DE CULTURA E TURISMO;41;CONTRIBUICOES;1;CONTRIBUICOES;10;RECURSOS ORDINARIOS - RECURSOS NAO VINCULADOS DE IMPOSTOS;1190520,6;1190520,6;1190520,6
9471893;4561;2025-07-17 00:00:00;ASSOCIACAO COLETIVO CULTURAL;17.927.090/0002-44;1271;SECULT;SECRETARIA DE ESTADO DE CULTURA E TURISMO;41;CONTRIBUICOES;1;CONTRIBUICOES;10;RECURSOS ORDINARIOS - RECURSOS NAO VINCULADOS DE IMPOSTOS;958000,0;958000,0;958000,0
9471893;4562;2025-07-17 00:00:00;ASSOCIACAO COLETIVO CULTURAL;17.927.090/0002-44;1271;SECULT;SECRETARIA DE ESTADO DE CULTURA E TURISMO;42;AUXILIOS;1;AUXILIOS;10;RECURSOS ORDINARIOS - RECURSOS NAO VINCULADOS DE IMPOSTOS;42000,0;42000,0;42000,0
9471894;4563;2025-07-17 00:00:00;FUNDACAO DIRCE DA SILVEIRA FIGUEIREDO;08.194.112/0001-32;1271;SECULT;SECRETARIA DE ESTADO DE CULTURA E TURISMO;41;CONTRIBUICOES;1;CONTRIBUICOES;10;RECURSOS ORDINARIOS - RECURSOS NAO VINCULADOS DE IMPOSTOS;700000,0;700000,0;700000,0
9471895;4545;2025-07-17 00:00:00;ASS. AMIGOS BIBLIOTECAS COMUNITARIAS REGIAO METROPOLITANA BH;08.912.454/0001-40;1271;SECULT;SECRETARIA DE ESTADO DE CULTURA E TURISMO;41;CONTRIBUICOES;1;CONTRIBUICOES;10;RECURSOS ORDINARIOS - RECURSOS NAO VINCULADOS DE IMPOSTOS;100000,0;100000,0;100000,0
9471896;4544;2025-07-17 00:00:00;CENTRO CULTURAL DONA ANTONIA;08.279.756/0001-23;1271;SECULT;SECRETARIA DE ESTADO DE CULTURA E TURISMO;41;CONTRIBUICOES;1;CONTRIBUICOES;10;RECURSOS ORDINARIOS - RECURSOS NAO VINCULADOS DE IMPOSTOS;153709,1;153709,1;160000,0
9471897;4543;2025-07-17 00:00:00;NUCLEO DE EDUCACAO CIDADA;44.660.436/0001-82;1271;SECULT;SECRETARIA DE ESTADO DE CULTURA E TURISMO;42;AUXILIOS;1;AUXILIOS;10;RECURSOS ORDINARIOS - RECURSOS NAO VINCULADOS DE IMPOSTOS;99996,5;99996,5;100000,0
9471898;4554;2025-07-17 00:00:00;ARUANDA CIA DE DANCAS FOLCLORICAS;17.482.860/0001-01;1271;SECULT;SECRETARIA DE ESTADO DE CULTURA E TURISMO;41;CONTRIBUICOES;1;CONTRIBUICOES;10;RECURSOS ORDINARIOS - RECURSOS NAO VINCULADOS DE IMPOSTOS;145215,79;145215,79;150000,0
9471899;4555;2025-07-17 00:00:00;ASSOCIACAO CULTURAL E EDUCACIONAL PROJETO ARTE E CULTURA;21.563.552/0001-88;1271;SECULT;SECRETARIA DE ESTADO DE CULTURA E TURISMO;42;AUXILIOS;1;AUXILIOS;10;RECURSOS ORDINARIOS - RECURSOS NAO VINCULADOS DE IMPOSTOS;100000,0;100000,0;100000,0
9471900;4556;2025-07-17 00:00:00;ARERE CULTURA, HISTORIA E MEIO AMBIENTE;21.161.952/0001-67;1271;SECULT;SECRETARIA DE ESTADO DE CULTURA E TURISMO;42;AUXILIOS;1;AUXILIOS;10;RECURSOS ORDINARIOS - RECURSOS NAO VINCULADOS DE IMPOSTOS;100000,0;100000,0;100000,0
9471901;87;2025-07-11 00:00:00;INSTITUTO BRASILEIRO DE ASSISTENCIA A SAUDE;10.318.819/0001-55;1481;SEDESE;SECRETARIA DE ESTADO DE DESENVOLVIMENTO SOCIAL;43;SUBVENCOES SOCIAIS;1;SUBVENCOES SOCIAIS;10;RECURSOS ORDINARIOS - RECURSOS NAO VINCULADOS DE IMPOSTOS;286323,0;286323,0;286323,0
9471904;88;2025-07-11 00:00:00;INSTITUTO FILHO DO VENTO;45.155.038/0001-71;1481;SEDESE;SECRETARIA DE ESTADO DE DESENVOLVIMENTO SOCIAL;43;SUBVENCOES SOCIAIS;1;SUBVENCOES SOCIAIS;10;RECURSOS ORDINARIOS - RECURSOS NAO VINCULADOS DE IMPOSTOS;100000,0;100000,0;100000,0
9471905;130;2025-07-11 00:00:00;ABRIGO SAO VICENTE DE PAULO;22.296.149/0001-00;1491;SEGOV;SECRETARIA DE ESTADO DE GOVERNO;42;AUXILIOS;1;AUXILIOS;10;RECURSOS ORDINARIOS - RECURSOS NAO VINCULADOS DE IMPOSTOS;99996,0;99996,0;99996,0
9471906;92;2025-07-11 00:00:00;ASSOCIACAO DAS MULHERES DE PEITO;33.677.465/0001-30;1481;SEDESE;SECRETARIA DE ESTADO DE DESENVOLVIMENTO SOCIAL;43;SUBVENCOES SOCIAIS;1;SUBVENCOES SOCIAIS;10;RECURSOS ORDINARIOS - RECURSOS NAO VINCULADOS DE IMPOSTOS;100000,0;100000,0;100000,0
9471907;131;2025-07-11 00:00:00;INSTITUTO SOCIAL DE CAPACITACAO E QUALIFICACAO PROFISSIONAL - INCAMP;13.649.177/0001-65;1491;SEGOV;SECRETARIA DE ESTADO DE GOVERNO;42;AUXILIOS;1;AUXILIOS;10;RECURSOS ORDINARIOS - RECURSOS NAO VINCULADOS DE IMPOSTOS;110000,0;110000,0;110000,0
9471908;132;2025-07-11 00:00:00;INSTITUTO ABC;12.513.042/0001-05;1491;SEGOV;SECRETARIA DE ESTADO DE GOVERNO;42;AUXILIOS;1;AUXILIOS;10;RECURSOS ORDINARIOS - RECURSOS NAO VINCULADOS DE IMPOSTOS;100000,0;100000,0;100000,0
9471909;90;2025-07-11 00:00:00;ASSOCIACAO PICCOLO BAMBINO;22.704.881/0001-64;1481;SEDESE;SECRETARIA DE ESTADO DE DESENVOLVIMENTO SOCIAL;42;AUXILIOS;1;AUXILIOS;10;RECURSOS ORDINARIOS - RECURSOS NAO VINCULADOS DE IMPOSTOS;100000,0;100000,0;100000,0
9471911;89;2025-07-11 00:00:00;INSTITUTO SILVIA NATALIO;21.659.293/0001-93;1481;SEDESE;SECRETARIA DE ESTADO DE DESENVOLVIMENTO SOCIAL;42;AUXILIOS;1;AUXILIOS;10;RECURSOS ORDINARIOS - RECURSOS NAO VINCULADOS DE IMPOSTOS;123490,0;123490,0;123490,0
9471913;91;2025-07-11 00:00:00;CENTRO DE TECNOLOGIAS ALTERNATIVAS DA ZONA DA MATA;20.323.796/0001-20;1481;SEDESE;SECRETARIA DE ESTADO DE DESENVOLVIMENTO SOCIAL;43;SUBVENCOES SOCIAIS;1;SUBVENCOES SOCIAIS;10;RECURSOS ORDINARIOS - RECURSOS NAO VINCULADOS DE IMPOSTOS;249982,68;249982,68;249982,68
9471933;4559;2025-07-17 00:00:00;ASSOCIACAO CULTURAL DO GRUPO DO BECO;04.589.342/0001-40;1271;SECULT;SECRETARIA DE ESTADO DE CULTURA E TURISMO;41;CONTRIBUICOES;1;CONTRIBUICOES;10;RECURSOS ORDINARIOS - RECURSOS NAO VINCULADOS DE IMPOSTOS;250000,0;250000,0;250000,0
9471935;133;2025-07-14 00:00:00;ASSOCIACAO DOS PEQUENOS PROD.RURAIS DE PACIENCIA;25.204.561/0001-33;1491;SEGOV;SECRETARIA DE ESTADO DE GOVERNO;42;AUXILIOS;1;AUXILIOS;10;RECURSOS ORDINARIOS - RECURSOS NAO VINCULADOS DE IMPOSTOS;90210,08;90210,08;90210,08
9471936;134;2025-07-14 00:00:00;ASSOCIACAO COMUNITARIA DE BARROCAO;20.648.553/0001-62;1491;SEGOV;SECRETARIA DE ESTADO DE GOVERNO;42;AUXILIOS;1;AUXILIOS;10;RECURSOS ORDINARIOS - RECURSOS NAO VINCULADOS DE IMPOSTOS;99700,47;99700,47;99700,47
9471937;135;2025-07-14 00:00:00;ASSOCIACAO DE TRABALHADORES RURAIS SEM TERRA DO PROJETO BOA ESPERANCA;02.619.366/0001-79;1491;SEGOV;SECRETARIA DE ESTADO DE GOVERNO;42;AUXILIOS;1;AUXILIOS;10;RECURSOS ORDINARIOS - RECURSOS NAO VINCULADOS DE IMPOSTOS;90210,08;90210,08;90210,08
9471938;93;2025-07-15 00:00:00;VILA VICENTINA CONFRADE JUQUITA;19.014.737/0001-91;1481;SEDESE;SECRETARIA DE ESTADO DE DESENVOLVIMENTO SOCIAL;42;AUXILIOS;1;AUXILIOS;10;RECURSOS ORDINARIOS - RECURSOS NAO VINCULADOS DE IMPOSTOS;99976,06;99976,06;99976,06
9471940;136;2025-07-14 00:00:00;CRECHE E ESCOLA INFANTIL DOCE SEGREDO;03.381.523/0001-13;1491;SEGOV;SECRETARIA DE ESTADO DE GOVERNO;42;AUXILIOS;1;AUXILIOS;10;RECURSOS ORDINARIOS - RECURSOS NAO VINCULADOS DE IMPOSTOS;498586,59;498586,59;498586,59
9471941;97;2025-07-15 00:00:00;CASA DE ASSISTENCIA AOS IDOSOS LEDIA TANUS BRAS;00.309.851/0001-10;1481;SEDESE;SECRETARIA DE ESTADO DE DESENVOLVIMENTO SOCIAL;43;SUBVENCOES SOCIAIS;1;SUBVENCOES SOCIAIS;10;RECURSOS ORDINARIOS - RECURSOS NAO VINCULADOS DE IMPOSTOS;99987,13;99987,13;99987,13
9471942;4546;2025-07-17 00:00:00;ASSOCIACAO CULTURAL DE LUTA POPULAR E SINDICAL - LPS;27.499.277/0001-67;1271;SECULT;SECRETARIA DE ESTADO DE CULTURA E TURISMO;41;CONTRIBUICOES;1;CONTRIBUICOES;10;RECURSOS ORDINARIOS - RECURSOS NAO VINCULADOS DE IMPOSTOS;200000,0;200000,0;200000,0
9471945;103;2025-07-15 00:00:00;ASSOCIACO PARA A PREVENCO E COMBATE AO CANCER INFANTIL E ADULTO;11.549.333/0001-90;1481;SEDESE;SECRETARIA DE ESTADO DE DESENVOLVIMENTO SOCIAL;43;SUBVENCOES SOCIAIS;1;SUBVENCOES SOCIAIS;10;RECURSOS ORDINARIOS - RECURSOS NAO VINCULADOS DE IMPOSTOS;192608,32;192608,32;192608,32
9471946;95;2025-07-15 00:00:00;ASSOCIACAO DE PAIS E AMIGOS DOS EXCEPCIONAIS DE EUGENOPOLIS;04.677.750/0001-53;1481;SEDESE;SECRETARIA DE ESTADO DE DESENVOLVIMENTO SOCIAL;43;SUBVENCOES SOCIAIS;1;SUBVENCOES SOCIAIS;10;RECURSOS ORDINARIOS - RECURSOS NAO VINCULADOS DE IMPOSTOS;100000,0;100000,0;100000,0
9471962;108;2025-07-17 00:00:00;AMOR AZUL - ASSOCIACAO DE PAIS E AMIGOS DOS AUTISTAS E SINDROME DE DOW;50.123.886/0001-39;1481;SEDESE;SECRETARIA DE ESTADO DE DESENVOLVIMENTO SOCIAL;43;SUBVENCOES SOCIAIS;1;SUBVENCOES SOCIAIS;10;RECURSOS ORDINARIOS - RECURSOS NAO VINCULADOS DE IMPOSTOS;99963,09;99963,09;99963,09
9471965;99;2025-07-15 00:00:00;CENTRO CULTURAL E ARTISTICO RENOVANDO VIDAS;27.956.912/0001-98;1481;SEDESE;SECRETARIA DE ESTADO DE DESENVOLVIMENTO SOCIAL;42;AUXILIOS;1;AUXILIOS;10;RECURSOS ORDINARIOS - RECURSOS NAO VINCULADOS DE IMPOSTOS;199980,25;199980,25;199980,25
9471967;101;2025-07-15 00:00:00;ASSOC BENEFICENTE EVANGELICA DE PATOS DE MINAS;21.242.383/0001-84;1481;SEDESE;SECRETARIA DE ESTADO DE DESENVOLVIMENTO SOCIAL;42;AUXILIOS;1;AUXILIOS;10;RECURSOS ORDINARIOS - RECURSOS NAO VINCULADOS DE IMPOSTOS;100000,0;100000,0;100000,0
9471968;129;2025-07-21 00:00:00;ASSOCIACAO VOLUNTARIA DE BELO HORIZONTE;37.197.947/0001-44;1481;SEDESE;SECRETARIA DE ESTADO DE DESENVOLVIMENTO SOCIAL;43;SUBVENCOES SOCIAIS;1;SUBVENCOES SOCIAIS;10;RECURSOS ORDINARIOS - RECURSOS NAO VINCULADOS DE IMPOSTOS;100000,0;100000,0;100000,0
9471970;244;2025-08-05 00:00:00;ASSOCIACAO CRISTO REI DO PROJ. DE ASSENT. MAE DA CONQUISTA BARRIGUDA;05.159.940/0001-41;1231;SEAPA;SECRETARIA DE ESTADO DE AGRICULTURA, PECUARIA E ABASTECIMENTO;41;CONTRIBUICOES;1;CONTRIBUICOES;10;RECURSOS ORDINARIOS - RECURSOS NAO VINCULADOS DE IMPOSTOS;90210,08;90210,08;90210,08
9471971;242;2025-08-05 00:00:00;ASSOC DE PROD E COM DE PROD AGRICOLAS DA AGR FAM MAE DAS CONQUISTAS;52.752.148/0001-86;1231;SEAPA;SECRETARIA DE ESTADO DE AGRICULTURA, PECUARIA E ABASTECIMENTO;41;CONTRIBUICOES;1;CONTRIBUICOES;10;RECURSOS ORDINARIOS - RECURSOS NAO VINCULADOS DE IMPOSTOS;192709,1;192709,1;192709,1
9471972;104;2025-07-15 00:00:00;ASSOCIACAO CULTURAL E DE ASSISTENCIA SOCIAL DE ESPERA FELIZ ACASF;48.302.027/0001-65;1481;SEDESE;SECRETARIA DE ESTADO DE DESENVOLVIMENTO SOCIAL;42;AUXILIOS;1;AUXILIOS;10;RECURSOS ORDINARIOS - RECURSOS NAO VINCULADOS DE IMPOSTOS;93000,0;93000,0;93000,0
9471973;96;2025-07-15 00:00:00;ASSOCIACAO DE PAIS E AMIGOS DOS EXCEPCIONAIS-APAE;17.907.569/0001-38;1481;SEDESE;SECRETARIA DE ESTADO DE DESENVOLVIMENTO SOCIAL;43;SUBVENCOES SOCIAIS;1;SUBVENCOES SOCIAIS;10;RECURSOS ORDINARIOS - RECURSOS NAO VINCULADOS DE IMPOSTOS;79999,9;79999,9;79999,9
9471973;98;2025-07-15 00:00:00;ASSOCIACAO DE PAIS E AMIGOS DOS EXCEPCIONAIS-APAE;17.907.569/0001-38;1481;SEDESE;SECRETARIA DE ESTADO DE DESENVOLVIMENTO SOCIAL;42;AUXILIOS;1;AUXILIOS;10;RECURSOS ORDINARIOS - RECURSOS NAO VINCULADOS DE IMPOSTOS;19844,0;19844,0;19844,0
9471975;102;2025-07-15 00:00:00;ASSOCIACAO BENEFICENTE DE AMPARO SOCIAL;10.624.654/0001-40;1481;SEDESE;SECRETARIA DE ESTADO DE DESENVOLVIMENTO SOCIAL;43;SUBVENCOES SOCIAIS;1;SUBVENCOES SOCIAIS;10;RECURSOS ORDINARIOS - RECURSOS NAO VINCULADOS DE IMPOSTOS;109789,92;109789,92;109789,92
9471976;94;2025-07-15 00:00:00;ASSOCIACAO ASSISTENCIAL AO IDOSO DE ARAPUA;42.387.861/0001-14;1481;SEDESE;SECRETARIA DE ESTADO DE DESENVOLVIMENTO SOCIAL;43;SUBVENCOES SOCIAIS;1;SUBVENCOES SOCIAIS;10;RECURSOS ORDINARIOS - RECURSOS NAO VINCULADOS DE IMPOSTOS;100000,0;100000,0;100000,0
9471978;106;2025-07-15 00:00:00;ASSOCIACAO ACOLHER E CUIDAR;10.349.667/0001-58;1481;SEDESE;SECRETARIA DE ESTADO DE DESENVOLVIMENTO SOCIAL;42;AUXILIOS;1;AUXILIOS;10;RECURSOS ORDINARIOS - RECURSOS NAO VINCULADOS DE IMPOSTOS;100000,0;100000,0;100000,0
9471981;105;2025-07-15 00:00:00;APAE DE TEIXEIRAS;00.669.539/0001-38;1481;SEDESE;SECRETARIA DE ESTADO DE DESENVOLVIMENTO SOCIAL;43;SUBVENCOES SOCIAIS;1;SUBVENCOES SOCIAIS;10;RECURSOS ORDINARIOS - RECURSOS NAO VINCULADOS DE IMPOSTOS;99980,01;99980,01;99980,01
9471982;100;2025-07-15 00:00:00;ASSOCIACAO DE PAIS E AMIGOS DOS EXCEPCIONAIS;20.313.482/0001-47;1481;SEDESE;SECRETARIA DE ESTADO DE DESENVOLVIMENTO SOCIAL;42;AUXILIOS;1;AUXILIOS;10;RECURSOS ORDINARIOS - RECURSOS NAO VINCULADOS DE IMPOSTOS;100000,0;100000,0;100000,0
9471986;671;2025-07-18 00:00:00;PM SANTA RITA DO IBITIPOCA;18.094.862/0001-96;1261;SEE;SECRETARIA DE ESTADO DE EDUCACAO;42;AUXILIOS;1;AUXILIOS;10;RECURSOS ORDINARIOS - RECURSOS NAO VINCULADOS DE IMPOSTOS;250000,0;250000,0;250000,0
9471987;1355;2025-07-21 00:00:00;PM CARAI;18.404.848/0001-41;1261;SEE;SECRETARIA DE ESTADO DE EDUCACAO;42;AUXILIOS;1;AUXILIOS;10;RECURSOS ORDINARIOS - RECURSOS NAO VINCULADOS DE IMPOSTOS;250000,0;250000,0;250000,0
9471988;1356;2025-07-21 00:00:00;PM ESPIRITO SANTO DO DOURADO;18.675.900/0001-02;1261;SEE;SECRETARIA DE ESTADO DE EDUCACAO;42;AUXILIOS;1;AUXILIOS;10;RECURSOS ORDINARIOS - RECURSOS NAO VINCULADOS DE IMPOSTOS;250000,0;250000,0;250000,0
9471989;1357;2025-07-21 00:00:00;PM ESTRELA DO INDAIA;18.301.028/0001-24;1261;SEE;SECRETARIA DE ESTADO DE EDUCACAO;42;AUXILIOS;1;AUXILIOS;10;RECURSOS ORDINARIOS - RECURSOS NAO VINCULADOS DE IMPOSTOS;261000,0;261000,0;261000,0
9471990;672;2025-07-21 00:00:00;PM SAO JOAO BATISTA DO GLORIA;18.241.778/0001-58;1261;SEE;SECRETARIA DE ESTADO DE EDUCACAO;42;AUXILIOS;1;AUXILIOS;10;RECURSOS ORDINARIOS - RECURSOS NAO VINCULADOS DE IMPOSTOS;935497,67;935497,67;935497,67
9471991;673;2025-07-21 00:00:00;PM SERRA DO SALITRE;18.468.058/0001-20;1261;SEE;SECRETARIA DE ESTADO DE EDUCACAO;42;AUXILIOS;1;AUXILIOS;10;RECURSOS ORDINARIOS - RECURSOS NAO VINCULADOS DE IMPOSTOS;318000,0;318000,0;318000,0
9471992;674;2025-07-24 00:00:00;PM QUARTEL GERAL;18.296.699/0001-44;1261;SEE;SECRETARIA DE ESTADO DE EDUCACAO;42;AUXILIOS;1;AUXILIOS;10;RECURSOS ORDINARIOS - RECURSOS NAO VINCULADOS DE IMPOSTOS;320798,01;320798,01;320798,01
9471993;675;2025-07-24 00:00:00;PM SANTO ANTONIO DO JACINTO;18.349.951/0001-36;1261;SEE;SECRETARIA DE ESTADO DE EDUCACAO;42;AUXILIOS;1;AUXILIOS;10;RECURSOS ORDINARIOS - RECURSOS NAO VINCULADOS DE IMPOSTOS;1376465,42;1376465,42;1376465,42
9471994;676;2025-07-24 00:00:00;PM TOCOS DO MOJI;01.601.656/0001-22;1261;SEE;SECRETARIA DE ESTADO DE EDUCACAO;42;AUXILIOS;1;AUXILIOS;10;RECURSOS ORDINARIOS - RECURSOS NAO VINCULADOS DE IMPOSTOS;974048,01;974048,01;974048,01
9471995;677;2025-07-24 00:00:00;PM CAPARAO;18.114.249/0001-93;1261;SEE;SECRETARIA DE ESTADO DE EDUCACAO;42;AUXILIOS;1;AUXILIOS;10;RECURSOS ORDINARIOS - RECURSOS NAO VINCULADOS DE IMPOSTOS;324048,01;324048,01;324048,01
9472283;220;2025-07-21 00:00:00;UNIAO DAS COOPERATIVAS DA AGRI. FAM. E ECONOMIA SOLIDARIA DE  MG;18.104.789/0001-96;1231;SEAPA;SECRETARIA DE ESTADO DE AGRICULTURA, PECUARIA E ABASTECIMENTO;41;CONTRIBUICOES;1;CONTRIBUICOES;10;RECURSOS ORDINARIOS - RECURSOS NAO VINCULADOS DE IMPOSTOS;100000,0;100000,0;100000,0
9472286;219;2025-07-21 00:00:00;ASSOCIACAO DOS AGRICULTORES E AGRICULTORAS FAMILIARES DOS MU;08.111.377/0001-20;1231;SEAPA;SECRETARIA DE ESTADO DE AGRICULTURA, PECUARIA E ABASTECIMENTO;41;CONTRIBUICOES;1;CONTRIBUICOES;10;RECURSOS ORDINARIOS - RECURSOS NAO VINCULADOS DE IMPOSTOS;100000,0;100000,0;100000,0
9472287;257;2025-08-07 00:00:00;ASSOCIACAO DOS AGRICULTORES FAMILIARES SANTA JOANA D'ARC RURAL;10.919.899/0001-02;1231;SEAPA;SECRETARIA DE ESTADO DE AGRICULTURA, PECUARIA E ABASTECIMENTO;41;CONTRIBUICOES;1;CONTRIBUICOES;10;RECURSOS ORDINARIOS - RECURSOS NAO VINCULADOS DE IMPOSTOS;100000,0;100000,0;100000,0
9472289;214;2025-07-21 00:00:00;IRMANDADE QUILOMBOLAS AFROS DESC.QUILOMBO STA. CRUZ;08.705.179/0001-94;1231;SEAPA;SECRETARIA DE ESTADO DE AGRICULTURA, PECUARIA E ABASTECIMENTO;41;CONTRIBUICOES;1;CONTRIBUICOES;10;RECURSOS ORDINARIOS - RECURSOS NAO VINCULADOS DE IMPOSTOS;258300,0;258300,0;258300,0
9472289;233;2025-08-05 00:00:00;IRMANDADE QUILOMBOLAS AFROS DESC.QUILOMBO STA. CRUZ;08.705.179/0001-94;1231;SEAPA;SECRETARIA DE ESTADO DE AGRICULTURA, PECUARIA E ABASTECIMENTO;41;CONTRIBUICOES;1;CONTRIBUICOES;10;RECURSOS ORDINARIOS - RECURSOS NAO VINCULADOS DE IMPOSTOS;106700,0;106700,0;106700,0
9472290;221;2025-07-21 00:00:00;SINDICATO RURAL DE JOAIMA;17.118.514/0001-49;1231;SEAPA;SECRETARIA DE ESTADO DE AGRICULTURA, PECUARIA E ABASTECIMENTO;41;CONTRIBUICOES;1;CONTRIBUICOES;10;RECURSOS ORDINARIOS - RECURSOS NAO VINCULADOS DE IMPOSTOS;250000,0;250000,0;250000,0
9472294;254;2025-08-06 00:00:00;ASSOCIACAO BRAS.DOS CRIADORES DO CAVALO CAMPOLINA;17.216.995/0001-25;1231;SEAPA;SECRETARIA DE ESTADO DE AGRICULTURA, PECUARIA E ABASTECIMENTO;41;CONTRIBUICOES;1;CONTRIBUICOES;10;RECURSOS ORDINARIOS - RECURSOS NAO VINCULADOS DE IMPOSTOS;100000,0;100000,0;100000,0
9472294;255;2025-08-06 00:00:00;ASSOCIACAO BRAS.DOS CRIADORES DO CAVALO CAMPOLINA;17.216.995/0001-25;1231;SEAPA;SECRETARIA DE ESTADO DE AGRICULTURA, PECUARIA E ABASTECIMENTO;41;CONTRIBUICOES;1;CONTRIBUICOES;10;RECURSOS ORDINARIOS - RECURSOS NAO VINCULADOS DE IMPOSTOS;200000,0;200000,0;200000,0
9472295;217;2025-07-21 00:00:00;CENTRO EDUC POP E APOIO AO DESENVOLV DAS COMUNIDADES RURAIS DO CERRADO;08.687.767/0001-42;1231;SEAPA;SECRETARIA DE ESTADO DE AGRICULTURA, PECUARIA E ABASTECIMENTO;41;CONTRIBUICOES;1;CONTRIBUICOES;10;RECURSOS ORDINARIOS - RECURSOS NAO VINCULADOS DE IMPOSTOS;100000,0;100000,0;100000,0
9472296;222;2025-07-21 00:00:00;SINDICATO RURAL DE GURINHATA;19.938.273/0001-00;1231;SEAPA;SECRETARIA DE ESTADO DE AGRICULTURA, PECUARIA E ABASTECIMENTO;41;CONTRIBUICOES;1;CONTRIBUICOES;10;RECURSOS ORDINARIOS - RECURSOS NAO VINCULADOS DE IMPOSTOS;260000,0;260000,0;260000,0
9472307;109;2025-07-17 00:00:00;ASSOCIACAO DOS MORADORES DOS BAIRROS DIAMANTINA E CARIOCA AMADEC;42.382.337/0001-50;1481;SEDESE;SECRETARIA DE ESTADO DE DESENVOLVIMENTO SOCIAL;43;SUBVENCOES SOCIAIS;1;SUBVENCOES SOCIAIS;10;RECURSOS ORDINARIOS - RECURSOS NAO VINCULADOS DE IMPOSTOS;100000,0;100000,0;100000,0
9472309;110;2025-07-17 00:00:00;ASSOCIACAO DOS MORADORES E AMIGOS DO BAIRRO CIDADE SATELITE;21.687.445/0001-61;1481;SEDESE;SECRETARIA DE ESTADO DE DESENVOLVIMENTO SOCIAL;42;AUXILIOS;1;AUXILIOS;10;RECURSOS ORDINARIOS - RECURSOS NAO VINCULADOS DE IMPOSTOS;325000,0;325000,0;325000,0
9472310;117;2025-07-17 00:00:00;ASSOCIACAO DE PAIS E AMIGOS DOS EXCEPCIONAIS - APAE;03.548.947/0001-20;1481;SEDESE;SECRETARIA DE ESTADO DE DESENVOLVIMENTO SOCIAL;42;AUXILIOS;1;AUXILIOS;10;RECURSOS ORDINARIOS - RECURSOS NAO VINCULADOS DE IMPOSTOS;324048,01;324048,01;324048,01
9472312;113;2025-07-17 00:00:00;CASA DA ESPERANCA;03.572.296/0001-03;1481;SEDESE;SECRETARIA DE ESTADO DE DESENVOLVIMENTO SOCIAL;43;SUBVENCOES SOCIAIS;1;SUBVENCOES SOCIAIS;10;RECURSOS ORDINARIOS - RECURSOS NAO VINCULADOS DE IMPOSTOS;99873,5;99873,5;99873,5
9472313;216;2025-07-21 00:00:00;ASSOCIACAO ESCOLA FAMILIA AGRICOLA DE NATALANDIA;07.395.381/0001-02;1231;SEAPA;SECRETARIA DE ESTADO DE AGRICULTURA, PECUARIA E ABASTECIMENTO;41;CONTRIBUICOES;1;CONTRIBUICOES;10;RECURSOS ORDINARIOS - RECURSOS NAO VINCULADOS DE IMPOSTOS;92500,0;92500,0;92500,0
9472313;249;2025-08-05 00:00:00;ASSOCIACAO ESCOLA FAMILIA AGRICOLA DE NATALANDIA;07.395.381/0001-02;1231;SEAPA;SECRETARIA DE ESTADO DE AGRICULTURA, PECUARIA E ABASTECIMENTO;41;CONTRIBUICOES;1;CONTRIBUICOES;10;RECURSOS ORDINARIOS - RECURSOS NAO VINCULADOS DE IMPOSTOS;27156,67;27156,67;27156,67
9472314;256;2025-08-07 00:00:00;ASSOCIACAO COMUNITARIA PEQ.PROD. RURAIS PVOVOADO DIVINO;00.094.279/0001-10;1231;SEAPA;SECRETARIA DE ESTADO DE AGRICULTURA, PECUARIA E ABASTECIMENTO;41;CONTRIBUICOES;1;CONTRIBUICOES;10;RECURSOS ORDINARIOS - RECURSOS NAO VINCULADOS DE IMPOSTOS;90210,0;90210,0;90210,0
9472315;107;2025-07-17 00:00:00;APAE DE CAETE;21.000.203/0001-58;1481;SEDESE;SECRETARIA DE ESTADO DE DESENVOLVIMENTO SOCIAL;43;SUBVENCOES SOCIAIS;1;SUBVENCOES SOCIAIS;10;RECURSOS ORDINARIOS - RECURSOS NAO VINCULADOS DE IMPOSTOS;100000,0;100000,0;100000,0
9472316;218;2025-07-21 00:00:00;ASSOCIACAO COMUNITARIA PENEDO E ADJACENCIAS;20.571.147/0001-49;1231;SEAPA;SECRETARIA DE ESTADO DE AGRICULTURA, PECUARIA E ABASTECIMENTO;41;CONTRIBUICOES;1;CONTRIBUICOES;10;RECURSOS ORDINARIOS - RECURSOS NAO VINCULADOS DE IMPOSTOS;132763,33;132763,33;132763,33
9472317;215;2025-07-21 00:00:00;COOP.FAMILIAS AGRICULTORAS DO MUNIC. SANTO ANTONIO RETIRO COOPERSAR;45.855.763/0001-52;1231;SEAPA;SECRETARIA DE ESTADO DE AGRICULTURA, PECUARIA E ABASTECIMENTO;41;CONTRIBUICOES;1;CONTRIBUICOES;10;RECURSOS ORDINARIOS - RECURSOS NAO VINCULADOS DE IMPOSTOS;100000,0;100000,0;100000,0
9472318;112;2025-07-17 00:00:00;EDUCANDARIO SANTA TREREZINHA;17.745.670/0001-30;1481;SEDESE;SECRETARIA DE ESTADO DE DESENVOLVIMENTO SOCIAL;43;SUBVENCOES SOCIAIS;1;SUBVENCOES SOCIAIS;10;RECURSOS ORDINARIOS - RECURSOS NAO VINCULADOS DE IMPOSTOS;98798,94;98798,94;98798,94
9472350;111;2025-07-17 00:00:00;APAE DE CARMO DO PARANAIBA;20.726.006/0001-58;1481;SEDESE;SECRETARIA DE ESTADO DE DESENVOLVIMENTO SOCIAL;43;SUBVENCOES SOCIAIS;1;SUBVENCOES SOCIAIS;10;RECURSOS ORDINARIOS - RECURSOS NAO VINCULADOS DE IMPOSTOS;99999,65;99999,65;99999,65
9472360;678;2025-07-24 00:00:00;PM RIO VERMELHO;18.303.255/0001-99;1261;SEE;SECRETARIA DE ESTADO DE EDUCACAO;42;AUXILIOS;1;AUXILIOS;10;RECURSOS ORDINARIOS - RECURSOS NAO VINCULADOS DE IMPOSTOS;1054000,0;1054000,0;1054000,0
9472361;679;2025-07-24 00:00:00;PM GRUPIARA;17.827.858/0001-27;1261;SEE;SECRETARIA DE ESTADO DE EDUCACAO;42;AUXILIOS;1;AUXILIOS;10;RECURSOS ORDINARIOS - RECURSOS NAO VINCULADOS DE IMPOSTOS;1260000,0;1260000,0;1260000,0
9472362;680;2025-07-24 00:00:00;PM LEANDRO FERREIRA;18.315.218/0001-09;1261;SEE;SECRETARIA DE ESTADO DE EDUCACAO;42;AUXILIOS;1;AUXILIOS;10;RECURSOS ORDINARIOS - RECURSOS NAO VINCULADOS DE IMPOSTOS;443422,26;443422,26;443422,26
9472363;681;2025-07-24 00:00:00;PM PAULA CANDIDO;17.763.715/0001-07;1261;SEE;SECRETARIA DE ESTADO DE EDUCACAO;42;AUXILIOS;1;AUXILIOS;10;RECURSOS ORDINARIOS - RECURSOS NAO VINCULADOS DE IMPOSTOS;627777,78;627777,78;627777,78
9472364;682;2025-07-24 00:00:00;PM SANTA HELENA DE MINAS;01.613.395/0001-60;1261;SEE;SECRETARIA DE ESTADO DE EDUCACAO;42;AUXILIOS;1;AUXILIOS;10;RECURSOS ORDINARIOS - RECURSOS NAO VINCULADOS DE IMPOSTOS;324048,01;324048,01;324048,01
9472365;683;2025-07-24 00:00:00;PM SANTA RITA DE CALDAS;17.857.442/0001-51;1261;SEE;SECRETARIA DE ESTADO DE EDUCACAO;42;AUXILIOS;1;AUXILIOS;10;RECURSOS ORDINARIOS - RECURSOS NAO VINCULADOS DE IMPOSTOS;974048,01;974048,01;974048,01
9472366;684;2025-07-24 00:00:00;PM PIAU;18.338.236/0001-06;1261;SEE;SECRETARIA DE ESTADO DE EDUCACAO;42;AUXILIOS;1;AUXILIOS;10;RECURSOS ORDINARIOS - RECURSOS NAO VINCULADOS DE IMPOSTOS;648096,02;648096,02;648096,02
9472367;685;2025-07-24 00:00:00;PM LAMIM;24.179.426/0001-12;1261;SEE;SECRETARIA DE ESTADO DE EDUCACAO;42;AUXILIOS;1;AUXILIOS;10;RECURSOS ORDINARIOS - RECURSOS NAO VINCULADOS DE IMPOSTOS;324048,01;324048,01;324048,01
9472381;235;2025-08-05 00:00:00;ASSOC. PEQ PRODUTORES RURAIS DE MATO DENTRO;20.924.692/0001-71;1231;SEAPA;SECRETARIA DE ESTADO DE AGRICULTURA, PECUARIA E ABASTECIMENTO;41;CONTRIBUICOES;1;CONTRIBUICOES;10;RECURSOS ORDINARIOS - RECURSOS NAO VINCULADOS DE IMPOSTOS;250000,0;250000,0;250000,0
9472387;137;2025-07-16 00:00:00;ASSOC DE ASS SOCIAL NOVO ELDORADO-EDUCACAO INFANTIL NOVO ELDORADO;16.872.871/0001-35;1491;SEGOV;SECRETARIA DE ESTADO DE GOVERNO;42;AUXILIOS;1;AUXILIOS;10;RECURSOS ORDINARIOS - RECURSOS NAO VINCULADOS DE IMPOSTOS;99017,39;99017,39;99017,39
9472389;138;2025-07-16 00:00:00;ASSOCIACAO COM DOS PEQ PRODUTORES RURAIS DE BOM JESUS;73.399.172/0001-53;1491;SEGOV;SECRETARIA DE ESTADO DE GOVERNO;42;AUXILIOS;1;AUXILIOS;10;RECURSOS ORDINARIOS - RECURSOS NAO VINCULADOS DE IMPOSTOS;90210,08;90210,08;90210,08
9472390;139;2025-07-16 00:00:00;CONSELHO MUNICIPAL DO BEM ESTAR DO MENOR DE ITABIRA;19.540.566/0001-34;1491;SEGOV;SECRETARIA DE ESTADO DE GOVERNO;42;AUXILIOS;1;AUXILIOS;10;RECURSOS ORDINARIOS - RECURSOS NAO VINCULADOS DE IMPOSTOS;324048,01;324048,01;324048,01
9472391;140;2025-07-16 00:00:00;CONS DE DESENVOLVIMENTO COMUNITARIO DE PAUS BRANCOS;00.797.127/0001-83;1491;SEGOV;SECRETARIA DE ESTADO DE GOVERNO;42;AUXILIOS;1;AUXILIOS;10;RECURSOS ORDINARIOS - RECURSOS NAO VINCULADOS DE IMPOSTOS;90210,0;90210,0;90210,0
9472401;118;2025-07-17 00:00:00;CONS CENTRAL DA SOC SAO VICENTE DE PAULO;20.664.256/0001-00;1481;SEDESE;SECRETARIA DE ESTADO DE DESENVOLVIMENTO SOCIAL;43;SUBVENCOES SOCIAIS;1;SUBVENCOES SOCIAIS;10;RECURSOS ORDINARIOS - RECURSOS NAO VINCULADOS DE IMPOSTOS;100000,0;100000,0;100000,0
9472403;156;2025-07-23 00:00:00;ASSOCIACAO DE PAIS E AMIOS DOS EXCEPCIONAIS DE DIVISA NOVA;05.162.134/0001-22;1481;SEDESE;SECRETARIA DE ESTADO DE DESENVOLVIMENTO SOCIAL;43;SUBVENCOES SOCIAIS;1;SUBVENCOES SOCIAIS;10;RECURSOS ORDINARIOS - RECURSOS NAO VINCULADOS DE IMPOSTOS;100000,0;100000,0;100000,0
9472404;157;2025-07-23 00:00:00;APAE DIVISA ALEGRE;11.955.811/0001-62;1481;SEDESE;SECRETARIA DE ESTADO DE DESENVOLVIMENTO SOCIAL;43;SUBVENCOES SOCIAIS;1;SUBVENCOES SOCIAIS;10;RECURSOS ORDINARIOS - RECURSOS NAO VINCULADOS DE IMPOSTOS;100000,0;100000,0;100000,0
9472407;155;2025-07-23 00:00:00;ASSOCIACAO DE PAIS E AMIOS DOS EXCEPCIONAIS DE DIVISA NOVA;05.162.134/0001-22;1481;SEDESE;SECRETARIA DE ESTADO DE DESENVOLVIMENTO SOCIAL;43;SUBVENCOES SOCIAIS;1;SUBVENCOES SOCIAIS;10;RECURSOS ORDINARIOS - RECURSOS NAO VINCULADOS DE IMPOSTOS;100000,0;100000,0;100000,0
9472408;119;2025-07-17 00:00:00;ASSOCIACAO DE PAIS E AMIGOS DOS EXCEPCIONAIS;17.750.092/0001-20;1481;SEDESE;SECRETARIA DE ESTADO DE DESENVOLVIMENTO SOCIAL;42;AUXILIOS;1;AUXILIOS;10;RECURSOS ORDINARIOS - RECURSOS NAO VINCULADOS DE IMPOSTOS;100000,0;100000,0;100000,0
9472409;130;2025-07-21 00:00:00;ASSOCIACAO COM. MORADORES DO BAIRRO PALMARES 2 SECAO;19.695.196/0001-04;1481;SEDESE;SECRETARIA DE ESTADO DE DESENVOLVIMENTO SOCIAL;43;SUBVENCOES SOCIAIS;1;SUBVENCOES SOCIAIS;10;RECURSOS ORDINARIOS - RECURSOS NAO VINCULADOS DE IMPOSTOS;150000,0;150000,0;150000,0
9472410;116;2025-07-17 00:00:00;CONSELHO DE DESENVOLVIMENTO COMUNITARIO B.RURAL DA FURNA;02.149.559/0001-03;1481;SEDESE;SECRETARIA DE ESTADO DE DESENVOLVIMENTO SOCIAL;42;AUXILIOS;1;AUXILIOS;10;RECURSOS ORDINARIOS - RECURSOS NAO VINCULADOS DE IMPOSTOS;324048,01;324048,01;324048,01
9472411;120;2025-07-17 00:00:00;OBRAS SOCIAIS DA PAROQUIA SANTO ANTONIO INACIO DE LOYOLA;17.359.936/0001-06;1481;SEDESE;SECRETARIA DE ESTADO DE DESENVOLVIMENTO SOCIAL;42;AUXILIOS;1;AUXILIOS;10;RECURSOS ORDINARIOS - RECURSOS NAO VINCULADOS DE IMPOSTOS;98972,0;98972,0;98972,0
9472412;230;2025-08-05 00:00:00;ASSOCIACAO COM.MORADORES POVOADO BURITIZEIRO;10.616.026/0001-12;1231;SEAPA;SECRETARIA DE ESTADO DE AGRICULTURA, PECUARIA E ABASTECIMENTO;41;CONTRIBUICOES;1;CONTRIBUICOES;10;RECURSOS ORDINARIOS - RECURSOS NAO VINCULADOS DE IMPOSTOS;499983,85;499983,85;499983,85
9472414;234;2025-08-05 00:00:00;ASSOCIACAO COMUNITARIA E DO PRODUTOR RURAL DA COMUNIDADE DE CORREGO FU;08.902.429/0001-86;1231;SEAPA;SECRETARIA DE ESTADO DE AGRICULTURA, PECUARIA E ABASTECIMENTO;41;CONTRIBUICOES;1;CONTRIBUICOES;10;RECURSOS ORDINARIOS - RECURSOS NAO VINCULADOS DE IMPOSTOS;99900,0;99900,0;99900,0
9472415;238;2025-08-05 00:00:00;SINDICATO RURAL DE TUPACIGUARA;25.297.623/0001-07;1231;SEAPA;SECRETARIA DE ESTADO DE AGRICULTURA, PECUARIA E ABASTECIMENTO;41;CONTRIBUICOES;1;CONTRIBUICOES;10;RECURSOS ORDINARIOS - RECURSOS NAO VINCULADOS DE IMPOSTOS;782830,25;782830,25;782830,25
9472416;237;2025-08-05 00:00:00;ASSOCIACAO COMUNITARIA DE PRODUTORES RURAIS DE SANTA ELIZA (ACPRUSE);02.603.293/0001-27;1231;SEAPA;SECRETARIA DE ESTADO DE AGRICULTURA, PECUARIA E ABASTECIMENTO;41;CONTRIBUICOES;1;CONTRIBUICOES;10;RECURSOS ORDINARIOS - RECURSOS NAO VINCULADOS DE IMPOSTOS;268200,0;268200,0;268200,0
9472417;359;2025-10-31 00:00:00;ASSOCIACAO COMUNITARIA DE PRODUTORES RURAIS DE SANTA ELIZA (ACPRUSE);02.603.293/0001-27;1231;SEAPA;SECRETARIA DE ESTADO DE AGRICULTURA, PECUARIA E ABASTECIMENTO;41;CONTRIBUICOES;1;CONTRIBUICOES;10;RECURSOS ORDINARIOS - RECURSOS NAO VINCULADOS DE IMPOSTOS;120000,0;120000,0;120000,0
9472418;231;2025-08-05 00:00:00;ASSOCIACAO DOS AGRICULTORES FAMILIARES DE CATUTI;13.843.326/0001-22;1231;SEAPA;SECRETARIA DE ESTADO DE AGRICULTURA, PECUARIA E ABASTECIMENTO;41;CONTRIBUICOES;1;CONTRIBUICOES;10;RECURSOS ORDINARIOS - RECURSOS NAO VINCULADOS DE IMPOSTOS;90000,0;90000,0;90000,0
9472419;243;2025-08-05 00:00:00;CONSELHO ASSISTENCIAL DE BAIRROS DE BOCAIUVA - CABB;13.584.472/0001-80;1231;SEAPA;SECRETARIA DE ESTADO DE AGRICULTURA, PECUARIA E ABASTECIMENTO;41;CONTRIBUICOES;1;CONTRIBUICOES;10;RECURSOS ORDINARIOS - RECURSOS NAO VINCULADOS DE IMPOSTOS;118009,0;118009,0;118009,0
9472455;4611;2025-07-28 00:00:00;ASSOCIACAO MOVIMENTO LAGOA VIVA - SOS LAGOA DE SANTO ANTONIO;15.458.238/0001-32;1271;SECULT;SECRETARIA DE ESTADO DE CULTURA E TURISMO;41;CONTRIBUICOES;1;CONTRIBUICOES;10;RECURSOS ORDINARIOS - RECURSOS NAO VINCULADOS DE IMPOSTOS;149999,79;149999,79;149999,79
9472456;4591;2025-07-24 00:00:00;ASSOCIACAO GUARANESIANA EM DEFESA DO FOLCLORE;34.560.779/0001-11;1271;SECULT;SECRETARIA DE ESTADO DE CULTURA E TURISMO;41;CONTRIBUICOES;1;CONTRIBUICOES;10;RECURSOS ORDINARIOS - RECURSOS NAO VINCULADOS DE IMPOSTOS;50000,0;50000,0;50000,0
9472456;4593;2025-07-24 00:00:00;ASSOCIACAO GUARANESIANA EM DEFESA DO FOLCLORE;34.560.779/0001-11;1271;SECULT;SECRETARIA DE ESTADO DE CULTURA E TURISMO;42;AUXILIOS;1;AUXILIOS;10;RECURSOS ORDINARIOS - RECURSOS NAO VINCULADOS DE IMPOSTOS;50000,0;50000,0;50000,0
9472458;4590;2025-07-24 00:00:00;INSTITUTO ROSACEAS;08.718.928/0001-18;1271;SECULT;SECRETARIA DE ESTADO DE CULTURA E TURISMO;42;AUXILIOS;1;AUXILIOS;10;RECURSOS ORDINARIOS - RECURSOS NAO VINCULADOS DE IMPOSTOS;312763,0;312763,0;312763,0
9472459;4592;2025-07-24 00:00:00;INSTITUTO CULTURAL SEMIFUSA;14.546.793/0001-53;1271;SECULT;SECRETARIA DE ESTADO DE CULTURA E TURISMO;41;CONTRIBUICOES;1;CONTRIBUICOES;10;RECURSOS ORDINARIOS - RECURSOS NAO VINCULADOS DE IMPOSTOS;190000,0;190000,0;190000,0
9472462;4626;2025-07-28 00:00:00;INSTITUICAO SOCIO CULTURAL ILE ASE D'OMIMOSUMARE;14.363.065/0001-06;1271;SECULT;SECRETARIA DE ESTADO DE CULTURA E TURISMO;41;CONTRIBUICOES;1;CONTRIBUICOES;10;RECURSOS ORDINARIOS - RECURSOS NAO VINCULADOS DE IMPOSTOS;149999,91;149999,91;149999,91
9472463;4598;2025-07-24 00:00:00;INSTITUTO CULTURAL SEMIFUSA;14.546.793/0001-53;1271;SECULT;SECRETARIA DE ESTADO DE CULTURA E TURISMO;41;CONTRIBUICOES;1;CONTRIBUICOES;10;RECURSOS ORDINARIOS - RECURSOS NAO VINCULADOS DE IMPOSTOS;120000,0;120000,0;120000,0
9472465;4597;2025-07-24 00:00:00;NPOSUL- ASSOCIACAO DE NUCLEOS PEDAGOGICOS DE ORQUESTRA DO SUL DE MINAS;04.982.141/0001-08;1271;SECULT;SECRETARIA DE ESTADO DE CULTURA E TURISMO;41;CONTRIBUICOES;1;CONTRIBUICOES;10;RECURSOS ORDINARIOS - RECURSOS NAO VINCULADOS DE IMPOSTOS;100000,0;100000,0;100000,0
9472467;4596;2025-07-24 00:00:00;CORAL JUVENAL ALVES VILELA;18.561.522/0001-28;1271;SECULT;SECRETARIA DE ESTADO DE CULTURA E TURISMO;41;CONTRIBUICOES;1;CONTRIBUICOES;10;RECURSOS ORDINARIOS - RECURSOS NAO VINCULADOS DE IMPOSTOS;100000,0;100000,0;100000,0
9472470;4595;2025-07-24 00:00:00;INSTITUTO NEIDES ABREU;34.106.513/0001-01;1271;SECULT;SECRETARIA DE ESTADO DE CULTURA E TURISMO;41;CONTRIBUICOES;1;CONTRIBUICOES;10;RECURSOS ORDINARIOS - RECURSOS NAO VINCULADOS DE IMPOSTOS;83000,0;83000,0;83000,0
9472470;4599;2025-07-24 00:00:00;INSTITUTO NEIDES ABREU;34.106.513/0001-01;1271;SECULT;SECRETARIA DE ESTADO DE CULTURA E TURISMO;42;AUXILIOS;1;AUXILIOS;10;RECURSOS ORDINARIOS - RECURSOS NAO VINCULADOS DE IMPOSTOS;17000,0;17000,0;17000,0
9472478;121;2025-07-17 00:00:00;INSTITUTO JOSE LUIZ FERREIRA/BARBACENA;17.084.484/0001-05;1481;SEDESE;SECRETARIA DE ESTADO DE DESENVOLVIMENTO SOCIAL;42;AUXILIOS;1;AUXILIOS;10;RECURSOS ORDINARIOS - RECURSOS NAO VINCULADOS DE IMPOSTOS;87987,9;87987,9;87987,9
9472479;355;2025-10-31 00:00:00;ASSOCIACAO DOS PEQUENOS PRODUTORES RURAIS DE MINGU;86.771.748/0001-03;1231;SEAPA;SECRETARIA DE ESTADO DE AGRICULTURA, PECUARIA E ABASTECIMENTO;41;CONTRIBUICOES;1;CONTRIBUICOES;10;RECURSOS ORDINARIOS - RECURSOS NAO VINCULADOS DE IMPOSTOS;90210,08;90210,08;90210,08
9472481;236;2025-08-05 00:00:00;CENTRO CULTURAL DE PADRE CARVALHO;19.155.485/0001-10;1231;SEAPA;SECRETARIA DE ESTADO DE AGRICULTURA, PECUARIA E ABASTECIMENTO;41;CONTRIBUICOES;1;CONTRIBUICOES;10;RECURSOS ORDINARIOS - RECURSOS NAO VINCULADOS DE IMPOSTOS;90210,08;90210,08;90210,08
9472486;114;2025-07-17 00:00:00;APAE DE BOM REPOUSO;02.207.184/0001-90;1481;SEDESE;SECRETARIA DE ESTADO DE DESENVOLVIMENTO SOCIAL;42;AUXILIOS;1;AUXILIOS;10;RECURSOS ORDINARIOS - RECURSOS NAO VINCULADOS DE IMPOSTOS;74210,47;74210,47;74210,47
9472488;122;2025-07-17 00:00:00;ASILO SAO VICENTE DE PAULO DE MUZAMBINHO;17.910.472/0001-84;1481;SEDESE;SECRETARIA DE ESTADO DE DESENVOLVIMENTO SOCIAL;43;SUBVENCOES SOCIAIS;1;SUBVENCOES SOCIAIS;10;RECURSOS ORDINARIOS - RECURSOS NAO VINCULADOS DE IMPOSTOS;99999,17;99999,17;99999,17
9472489;125;2025-07-18 00:00:00;ASSOPOC - ASSOCIACAO DOS PROTETORES DOS POBRES E CARENTES;01.286.108/0001-55;1481;SEDESE;SECRETARIA DE ESTADO DE DESENVOLVIMENTO SOCIAL;43;SUBVENCOES SOCIAIS;1;SUBVENCOES SOCIAIS;10;RECURSOS ORDINARIOS - RECURSOS NAO VINCULADOS DE IMPOSTOS;119998,58;119998,58;119998,58
9472493;123;2025-07-18 00:00:00;LAR NOSSA SENHORA DAS GRACAS;21.383.930/0001-41;1481;SEDESE;SECRETARIA DE ESTADO DE DESENVOLVIMENTO SOCIAL;42;AUXILIOS;1;AUXILIOS;10;RECURSOS ORDINARIOS - RECURSOS NAO VINCULADOS DE IMPOSTOS;99990,81;99990,81;99990,81
9472494;124;2025-07-18 00:00:00;SOC.BENEFICENTE LAR DOS POBRES GALDINO CARDEAL DA COSTA DE ITAMOGI;20.900.460/0001-83;1481;SEDESE;SECRETARIA DE ESTADO DE DESENVOLVIMENTO SOCIAL;42;AUXILIOS;1;AUXILIOS;10;RECURSOS ORDINARIOS - RECURSOS NAO VINCULADOS DE IMPOSTOS;125737,7;125737,7;125737,7
9472497;126;2025-07-18 00:00:00;FABRIL ESPORTE CLUBE;18.249.664/0001-54;1481;SEDESE;SECRETARIA DE ESTADO DE DESENVOLVIMENTO SOCIAL;43;SUBVENCOES SOCIAIS;1;SUBVENCOES SOCIAIS;10;RECURSOS ORDINARIOS - RECURSOS NAO VINCULADOS DE IMPOSTOS;40000,0;40000,0;40000,0
9472497;127;2025-07-18 00:00:00;FABRIL ESPORTE CLUBE;18.249.664/0001-54;1481;SEDESE;SECRETARIA DE ESTADO DE DESENVOLVIMENTO SOCIAL;42;AUXILIOS;1;AUXILIOS;10;RECURSOS ORDINARIOS - RECURSOS NAO VINCULADOS DE IMPOSTOS;60000,0;60000,0;60000,0
9472527;263;2025-08-12 00:00:00;PM SANTA MARGARIDA;18.385.112/0001-73;1231;SEAPA;SECRETARIA DE ESTADO DE AGRICULTURA, PECUARIA E ABASTECIMENTO;41;CONTRIBUICOES;1;CONTRIBUICOES;15;RECURSOS ORDINARIOS - OUTROS RECURSOS NAO VINCULADOS;5000000,0;5000000,0;5000000,0
9472529;240;2025-08-05 00:00:00;SINDICATO RURAL DE CAMPINA VERDE;19.112.598/0001-39;1231;SEAPA;SECRETARIA DE ESTADO DE AGRICULTURA, PECUARIA E ABASTECIMENTO;41;CONTRIBUICOES;1;CONTRIBUICOES;10;RECURSOS ORDINARIOS - RECURSOS NAO VINCULADOS DE IMPOSTOS;249948,03;249948,03;249948,03
9472542;141;2025-07-18 00:00:00;CRECHE SAO VICENTE DE PAULO;19.093.111/0001-18;1491;SEGOV;SECRETARIA DE ESTADO DE GOVERNO;42;AUXILIOS;1;AUXILIOS;10;RECURSOS ORDINARIOS - RECURSOS NAO VINCULADOS DE IMPOSTOS;99750,27;99750,27;99750,27
9472543;142;2025-07-18 00:00:00;ASSOCIACAO PROJETO PARA TODOS;48.129.610/0001-16;1491;SEGOV;SECRETARIA DE ESTADO DE GOVERNO;42;AUXILIOS;1;AUXILIOS;10;RECURSOS ORDINARIOS - RECURSOS NAO VINCULADOS DE IMPOSTOS;90210,08;90210,08;90210,08
9472546;230;2025-07-22 00:00:00;PM FREI INOCENCIO;16.945.990/0001-70;1371;SEMAD;SECRETARIA DE ESTADO DE MEIO AMBIENTE E DESENVOLVIMENTO SUSTENTAVEL;41;CONTRIBUICOES;1;CONTRIBUICOES;10;RECURSOS ORDINARIOS - RECURSOS NAO VINCULADOS DE IMPOSTOS;74210,47;74210,47;74210,47
9472547;224;2025-07-22 00:00:00;PM SETE LAGOAS;24.996.969/0001-22;1371;SEMAD;SECRETARIA DE ESTADO DE MEIO AMBIENTE E DESENVOLVIMENTO SUSTENTAVEL;41;CONTRIBUICOES;1;CONTRIBUICOES;10;RECURSOS ORDINARIOS - RECURSOS NAO VINCULADOS DE IMPOSTOS;73839,41;73839,41;73839,41
9472549;228;2025-07-22 00:00:00;PM POUSO ALEGRE;18.675.983/0001-21;1371;SEMAD;SECRETARIA DE ESTADO DE MEIO AMBIENTE E DESENVOLVIMENTO SUSTENTAVEL;41;CONTRIBUICOES;1;CONTRIBUICOES;10;RECURSOS ORDINARIOS - RECURSOS NAO VINCULADOS DE IMPOSTOS;94720,14;94720,14;94720,14
9472551;226;2025-07-22 00:00:00;ASSOCIACAO LIXO CERTO - ALICER;20.975.227/0001-60;1371;SEMAD;SECRETARIA DE ESTADO DE MEIO AMBIENTE E DESENVOLVIMENTO SUSTENTAVEL;41;CONTRIBUICOES;1;CONTRIBUICOES;10;RECURSOS ORDINARIOS - RECURSOS NAO VINCULADOS DE IMPOSTOS;40428,6;40428,6;40428,6
9472553;225;2025-07-22 00:00:00;ASSOCIACAO MAOS E PATAS ALTEROSA;41.777.956/0001-81;1371;SEMAD;SECRETARIA DE ESTADO DE MEIO AMBIENTE E DESENVOLVIMENTO SUSTENTAVEL;41;CONTRIBUICOES;1;CONTRIBUICOES;10;RECURSOS ORDINARIOS - RECURSOS NAO VINCULADOS DE IMPOSTOS;100000,0;100000,0;100000,0
9472557;227;2025-07-22 00:00:00;ASSOCIACAO LIXO CERTO - ALICER;20.975.227/0001-60;1371;SEMAD;SECRETARIA DE ESTADO DE MEIO AMBIENTE E DESENVOLVIMENTO SUSTENTAVEL;41;CONTRIBUICOES;1;CONTRIBUICOES;10;RECURSOS ORDINARIOS - RECURSOS NAO VINCULADOS DE IMPOSTOS;132763,33;132763,33;132763,33
9472562;229;2025-07-22 00:00:00;PM SETE LAGOAS;24.996.969/0001-22;1371;SEMAD;SECRETARIA DE ESTADO DE MEIO AMBIENTE E DESENVOLVIMENTO SUSTENTAVEL;41;CONTRIBUICOES;1;CONTRIBUICOES;10;RECURSOS ORDINARIOS - RECURSOS NAO VINCULADOS DE IMPOSTOS;180000,0;180000,0;180000,0
9472567;233;2025-07-22 00:00:00;COOP. MISTA TRAB. E PROD. COLETA SEL, REAP. REC. LIXO AGUAPE;08.727.960/0001-60;1371;SEMAD;SECRETARIA DE ESTADO DE MEIO AMBIENTE E DESENVOLVIMENTO SUSTENTAVEL;41;CONTRIBUICOES;1;CONTRIBUICOES;10;RECURSOS ORDINARIOS - RECURSOS NAO VINCULADOS DE IMPOSTOS;118626,66;118626,66;118626,66
9472577;232;2025-07-22 00:00:00;PM MANHUMIRIM;18.392.530/0001-98;1371;SEMAD;SECRETARIA DE ESTADO DE MEIO AMBIENTE E DESENVOLVIMENTO SUSTENTAVEL;41;CONTRIBUICOES;1;CONTRIBUICOES;10;RECURSOS ORDINARIOS - RECURSOS NAO VINCULADOS DE IMPOSTOS;300000,0;300000,0;300000,0
9472581;231;2025-07-22 00:00:00;PM POUSO ALEGRE;18.675.983/0001-21;1371;SEMAD;SECRETARIA DE ESTADO DE MEIO AMBIENTE E DESENVOLVIMENTO SUSTENTAVEL;41;CONTRIBUICOES;1;CONTRIBUICOES;10;RECURSOS ORDINARIOS - RECURSOS NAO VINCULADOS DE IMPOSTOS;209558,61;209558,61;209558,61
9472584;128;2025-07-21 00:00:00;MARIANAS, MULHERES QUE INSPIRAM;36.180.820/0001-50;1481;SEDESE;SECRETARIA DE ESTADO DE DESENVOLVIMENTO SOCIAL;43;SUBVENCOES SOCIAIS;1;SUBVENCOES SOCIAIS;10;RECURSOS ORDINARIOS - RECURSOS NAO VINCULADOS DE IMPOSTOS;200000,0;200000,0;200000,0
9472586;73;2025-08-22 00:00:00;COMUNIDADE TERAPEUTICA UM NOVO CAMINHO;00.738.242/0001-87;1451;SEJUSP;SECRETARIA DE ESTADO DE JUSTICA E SEGURANCA PUBLICA;42;AUXILIOS;1;AUXILIOS;10;RECURSOS ORDINARIOS - RECURSOS NAO VINCULADOS DE IMPOSTOS;90210,08;90210,08;90210,08
9472599;144;2025-07-21 00:00:00;APAE DE ILICINEA;25.660.499/0001-94;1481;SEDESE;SECRETARIA DE ESTADO DE DESENVOLVIMENTO SOCIAL;43;SUBVENCOES SOCIAIS;1;SUBVENCOES SOCIAIS;10;RECURSOS ORDINARIOS - RECURSOS NAO VINCULADOS DE IMPOSTOS;99880,53;99880,53;99880,53
9472600;138;2025-07-21 00:00:00;APJ APRENDER PRODUZIR JUNTOS;22.057.335/0001-89;1481;SEDESE;SECRETARIA DE ESTADO DE DESENVOLVIMENTO SOCIAL;43;SUBVENCOES SOCIAIS;1;SUBVENCOES SOCIAIS;10;RECURSOS ORDINARIOS - RECURSOS NAO VINCULADOS DE IMPOSTOS;0,0;0,0;0,0
9472600;139;2025-07-21 00:00:00;APJ APRENDER PRODUZIR JUNTOS;22.057.335/0001-89;1481;SEDESE;SECRETARIA DE ESTADO DE DESENVOLVIMENTO SOCIAL;42;AUXILIOS;1;AUXILIOS;10;RECURSOS ORDINARIOS - RECURSOS NAO VINCULADOS DE IMPOSTOS;0,0;0,0;0,0
9472600;198;2025-07-24 00:00:00;APJ APRENDER PRODUZIR JUNTOS;22.057.335/0001-89;1481;SEDESE;SECRETARIA DE ESTADO DE DESENVOLVIMENTO SOCIAL;43;SUBVENCOES SOCIAIS;1;SUBVENCOES SOCIAIS;10;RECURSOS ORDINARIOS - RECURSOS NAO VINCULADOS DE IMPOSTOS;112000,0;112000,0;112000,0
9472600;199;2025-07-24 00:00:00;APJ APRENDER PRODUZIR JUNTOS;22.057.335/0001-89;1481;SEDESE;SECRETARIA DE ESTADO DE DESENVOLVIMENTO SOCIAL;42;AUXILIOS;1;AUXILIOS;10;RECURSOS ORDINARIOS - RECURSOS NAO VINCULADOS DE IMPOSTOS;38000,0;38000,0;38000,0
9472601;145;2025-07-21 00:00:00;APAE / NOVA SERRANA;00.121.538/0001-54;1481;SEDESE;SECRETARIA DE ESTADO DE DESENVOLVIMENTO SOCIAL;42;AUXILIOS;1;AUXILIOS;10;RECURSOS ORDINARIOS - RECURSOS NAO VINCULADOS DE IMPOSTOS;99874,56;99874,56;99874,56
9472602;151;2025-07-21 00:00:00;ASILO IMACULADA CONCEICAO;00.443.870/0001-35;1481;SEDESE;SECRETARIA DE ESTADO DE DESENVOLVIMENTO SOCIAL;43;SUBVENCOES SOCIAIS;1;SUBVENCOES SOCIAIS;10;RECURSOS ORDINARIOS - RECURSOS NAO VINCULADOS DE IMPOSTOS;99989,32;99989,32;99989,32
9472603;136;2025-07-21 00:00:00;FRENTE DE APOIO AO MENOR-FAM;19.125.723/0001-45;1481;SEDESE;SECRETARIA DE ESTADO DE DESENVOLVIMENTO SOCIAL;42;AUXILIOS;1;AUXILIOS;10;RECURSOS ORDINARIOS - RECURSOS NAO VINCULADOS DE IMPOSTOS;100000,0;100000,0;100000,0
9472604;4570;2025-07-22 00:00:00;ASSOCIACAO COMUNITARIA DO MUNICIPIO DE MEDINA;22.692.289/0001-90;1271;SECULT;SECRETARIA DE ESTADO DE CULTURA E TURISMO;41;CONTRIBUICOES;1;CONTRIBUICOES;10;RECURSOS ORDINARIOS - RECURSOS NAO VINCULADOS DE IMPOSTOS;394112,38;394112,38;400000,0
9472606;134;2025-07-21 00:00:00;APAE DE BOM REPOUSO;02.207.184/0001-90;1481;SEDESE;SECRETARIA DE ESTADO DE DESENVOLVIMENTO SOCIAL;42;AUXILIOS;1;AUXILIOS;10;RECURSOS ORDINARIOS - RECURSOS NAO VINCULADOS DE IMPOSTOS;100000,0;100000,0;100000,0
9472607;142;2025-07-21 00:00:00;LAR SAO VICENTE DE PAULO;19.092.287/0001-55;1481;SEDESE;SECRETARIA DE ESTADO DE DESENVOLVIMENTO SOCIAL;42;AUXILIOS;1;AUXILIOS;10;RECURSOS ORDINARIOS - RECURSOS NAO VINCULADOS DE IMPOSTOS;98959,56;98959,56;98959,56
9472608;135;2025-07-21 00:00:00;PROJ ABRINDO CAMINHOS NUCLEO RAMIRO J FERREIRA APOIO CRIANCA;04.866.523/0001-76;1481;SEDESE;SECRETARIA DE ESTADO DE DESENVOLVIMENTO SOCIAL;43;SUBVENCOES SOCIAIS;1;SUBVENCOES SOCIAIS;10;RECURSOS ORDINARIOS - RECURSOS NAO VINCULADOS DE IMPOSTOS;99983,64;99983,64;99983,64
9472609;132;2025-07-21 00:00:00;LAR SAO VICENTE DE GUAXUPE;20.771.762/0001-07;1481;SEDESE;SECRETARIA DE ESTADO DE DESENVOLVIMENTO SOCIAL;43;SUBVENCOES SOCIAIS;1;SUBVENCOES SOCIAIS;10;RECURSOS ORDINARIOS - RECURSOS NAO VINCULADOS DE IMPOSTOS;176460,48;176460,48;176460,48
9472610;133;2025-07-21 00:00:00;ABRIGO CASA DA RESTAURACAO;14.299.206/0001-79;1481;SEDESE;SECRETARIA DE ESTADO DE DESENVOLVIMENTO SOCIAL;42;AUXILIOS;1;AUXILIOS;10;RECURSOS ORDINARIOS - RECURSOS NAO VINCULADOS DE IMPOSTOS;100000,0;100000,0;100000,0
9472611;143;2025-07-21 00:00:00;MARGARIDAS - PROJETO PRA VIDA;37.651.337/0001-79;1481;SEDESE;SECRETARIA DE ESTADO DE DESENVOLVIMENTO SOCIAL;42;AUXILIOS;1;AUXILIOS;10;RECURSOS ORDINARIOS - RECURSOS NAO VINCULADOS DE IMPOSTOS;120000,0;120000,0;120000,0
9472612;140;2025-07-21 00:00:00;ASSOCIACO DOS PAIS E AMIGOS DOS EXCEPCIONAIS;05.082.295/0001-06;1481;SEDESE;SECRETARIA DE ESTADO DE DESENVOLVIMENTO SOCIAL;42;AUXILIOS;1;AUXILIOS;10;RECURSOS ORDINARIOS - RECURSOS NAO VINCULADOS DE IMPOSTOS;100000,0;100000,0;100000,0
9472613;141;2025-07-21 00:00:00;ASSOCIACAO DE PAIS E AMIGOS DOS EXCEPCIONAIS DE PIRACEMA;02.992.947/0001-51;1481;SEDESE;SECRETARIA DE ESTADO DE DESENVOLVIMENTO SOCIAL;43;SUBVENCOES SOCIAIS;1;SUBVENCOES SOCIAIS;10;RECURSOS ORDINARIOS - RECURSOS NAO VINCULADOS DE IMPOSTOS;100000,0;100000,0;100000,0
9472614;137;2025-07-21 00:00:00;ASSOCIACAO DE COMBATE AO CANCER/SAO SEBASTIAO PARAISO;04.499.268/0001-70;1481;SEDESE;SECRETARIA DE ESTADO DE DESENVOLVIMENTO SOCIAL;43;SUBVENCOES SOCIAIS;1;SUBVENCOES SOCIAIS;10;RECURSOS ORDINARIOS - RECURSOS NAO VINCULADOS DE IMPOSTOS;100000,0;100000,0;100000,0
9472615;149;2025-07-21 00:00:00;CASA DE REPOUSO PADRE LIBERIO;09.942.686/0001-04;1481;SEDESE;SECRETARIA DE ESTADO DE DESENVOLVIMENTO SOCIAL;43;SUBVENCOES SOCIAIS;1;SUBVENCOES SOCIAIS;10;RECURSOS ORDINARIOS - RECURSOS NAO VINCULADOS DE IMPOSTOS;94834,18;94834,18;94834,18
9472616;153;2025-07-22 00:00:00;INSTITUTO SOCIAL AMOR E VIDA DE NOVA PONTE;43.608.365/0001-06;1481;SEDESE;SECRETARIA DE ESTADO DE DESENVOLVIMENTO SOCIAL;42;AUXILIOS;1;AUXILIOS;10;RECURSOS ORDINARIOS - RECURSOS NAO VINCULADOS DE IMPOSTOS;150000,0;150000,0;150000,0
9472617;146;2025-07-21 00:00:00;ASSOCIACAO LAR BEM VIVER DE SANTANA DO MANHUACU;66.230.590/0001-57;1481;SEDESE;SECRETARIA DE ESTADO DE DESENVOLVIMENTO SOCIAL;42;AUXILIOS;1;AUXILIOS;10;RECURSOS ORDINARIOS - RECURSOS NAO VINCULADOS DE IMPOSTOS;149974,0;149974,0;149974,0
9472618;147;2025-07-21 00:00:00;ASSOCIACAO ATLETICA ALFACE;19.690.908/0001-00;1481;SEDESE;SECRETARIA DE ESTADO DE DESENVOLVIMENTO SOCIAL;42;AUXILIOS;1;AUXILIOS;10;RECURSOS ORDINARIOS - RECURSOS NAO VINCULADOS DE IMPOSTOS;100000,0;100000,0;100000,0
9472619;154;2025-07-22 00:00:00;ASILO DA VELHICE DESAMPARADA DE CURVELO;19.994.425/0001-91;1481;SEDESE;SECRETARIA DE ESTADO DE DESENVOLVIMENTO SOCIAL;43;SUBVENCOES SOCIAIS;1;SUBVENCOES SOCIAIS;10;RECURSOS ORDINARIOS - RECURSOS NAO VINCULADOS DE IMPOSTOS;100000,0;100000,0;100000,0
9472620;150;2025-07-21 00:00:00;ASILO DA VELHICE DESAMPARADA DE CURVELO;19.994.425/0001-91;1481;SEDESE;SECRETARIA DE ESTADO DE DESENVOLVIMENTO SOCIAL;42;AUXILIOS;1;AUXILIOS;10;RECURSOS ORDINARIOS - RECURSOS NAO VINCULADOS DE IMPOSTOS;100000,0;100000,0;100000,0
9472621;148;2025-07-21 00:00:00;LAR SAO VICENTE DE PAULO;20.930.434/0001-06;1481;SEDESE;SECRETARIA DE ESTADO DE DESENVOLVIMENTO SOCIAL;42;AUXILIOS;1;AUXILIOS;10;RECURSOS ORDINARIOS - RECURSOS NAO VINCULADOS DE IMPOSTOS;100000,0;100000,0;100000,0
9472622;237;2025-07-23 00:00:00;ASSOCIACAO BETINENSE DE REABILITACAO ASSISTENCIAL SOCIAL,CULTURA E ESP;04.463.336/0001-41;1371;SEMAD;SECRETARIA DE ESTADO DE MEIO AMBIENTE E DESENVOLVIMENTO SUSTENTAVEL;41;CONTRIBUICOES;1;CONTRIBUICOES;10;RECURSOS ORDINARIOS - RECURSOS NAO VINCULADOS DE IMPOSTOS;100000,0;100000,0;100000,0
9472622;824;2025-12-23 00:00:00;ASSOCIACAO BETINENSE DE REABILITACAO ASSISTENCIAL SOCIAL,CULTURA E ESP;04.463.336/0001-41;1371;SEMAD;SECRETARIA DE ESTADO DE MEIO AMBIENTE E DESENVOLVIMENTO SUSTENTAVEL;41;CONTRIBUICOES;1;CONTRIBUICOES;10;RECURSOS ORDINARIOS - RECURSOS NAO VINCULADOS DE IMPOSTOS;45721,65;45721,65;45721,65
9472624;238;2025-07-23 00:00:00;ASSOCIACAO MOVIMENTO SALVE JAH;17.555.726/0001-93;1371;SEMAD;SECRETARIA DE ESTADO DE MEIO AMBIENTE E DESENVOLVIMENTO SUSTENTAVEL;41;CONTRIBUICOES;1;CONTRIBUICOES;10;RECURSOS ORDINARIOS - RECURSOS NAO VINCULADOS DE IMPOSTOS;104278,35;104278,35;104278,35
9472625;239;2025-07-23 00:00:00;ASSOCIACAO DE PROTETORES E AMIGOS PETS DOS VALES;16.656.903/0001-65;1371;SEMAD;SECRETARIA DE ESTADO DE MEIO AMBIENTE E DESENVOLVIMENTO SUSTENTAVEL;41;CONTRIBUICOES;1;CONTRIBUICOES;10;RECURSOS ORDINARIOS - RECURSOS NAO VINCULADOS DE IMPOSTOS;300000,0;300000,0;300000,0
9472626;240;2025-07-24 00:00:00;INSTITUTO NOVO COMECO ANIMAL;37.205.683/0001-23;1371;SEMAD;SECRETARIA DE ESTADO DE MEIO AMBIENTE E DESENVOLVIMENTO SUSTENTAVEL;41;CONTRIBUICOES;1;CONTRIBUICOES;10;RECURSOS ORDINARIOS - RECURSOS NAO VINCULADOS DE IMPOSTOS;74210,47;74210,47;74210,47
9472627;241;2025-07-24 00:00:00;ASSOCIACAO PROTETORA DOS ANIMAIS INSTITUTO EU SALVO;37.623.288/0001-60;1371;SEMAD;SECRETARIA DE ESTADO DE MEIO AMBIENTE E DESENVOLVIMENTO SUSTENTAVEL;41;CONTRIBUICOES;1;CONTRIBUICOES;10;RECURSOS ORDINARIOS - RECURSOS NAO VINCULADOS DE IMPOSTOS;74210,47;74210,47;74210,47
9472628;234;2025-07-23 00:00:00;SOCIEDADE UBAENSE DE PROTECAO AOS ANIMAIS;03.630.201/0001-60;1371;SEMAD;SECRETARIA DE ESTADO DE MEIO AMBIENTE E DESENVOLVIMENTO SUSTENTAVEL;41;CONTRIBUICOES;1;CONTRIBUICOES;10;RECURSOS ORDINARIOS - RECURSOS NAO VINCULADOS DE IMPOSTOS;99998,73;99998,73;99998,73
9472629;236;2025-07-23 00:00:00;ASSOCACAO PARCERIA DE JUIZ DE FORA;09.442.308/0001-61;1371;SEMAD;SECRETARIA DE ESTADO DE MEIO AMBIENTE E DESENVOLVIMENTO SUSTENTAVEL;41;CONTRIBUICOES;1;CONTRIBUICOES;10;RECURSOS ORDINARIOS - RECURSOS NAO VINCULADOS DE IMPOSTOS;5423377,0;5423377,0;5423377,0
9472630;235;2025-07-23 00:00:00;SOCIEDADE JUIZFORENSE DE PROTECAO AOS ANIMAIS E AO MEIO AMBIENTE;20.460.556/0001-78;1371;SEMAD;SECRETARIA DE ESTADO DE MEIO AMBIENTE E DESENVOLVIMENTO SUSTENTAVEL;41;CONTRIBUICOES;1;CONTRIBUICOES;10;RECURSOS ORDINARIOS - RECURSOS NAO VINCULADOS DE IMPOSTOS;270000,0;270000,0;270000,0
9472632;242;2025-07-24 00:00:00;ASSOCIACAO ANJOS DE RESGATE;18.642.643/0001-02;1371;SEMAD;SECRETARIA DE ESTADO DE MEIO AMBIENTE E DESENVOLVIMENTO SUSTENTAVEL;41;CONTRIBUICOES;1;CONTRIBUICOES;10;RECURSOS ORDINARIOS - RECURSOS NAO VINCULADOS DE IMPOSTOS;200000,0;200000,0;200000,0
9472633;143;2025-07-21 00:00:00;ASSOCIACAO COMUNITARIA DO BAIRRO CHARNEAUX;70.947.536/0001-02;1491;SEGOV;SECRETARIA DE ESTADO DE GOVERNO;42;AUXILIOS;1;AUXILIOS;10;RECURSOS ORDINARIOS - RECURSOS NAO VINCULADOS DE IMPOSTOS;100000,0;100000,0;100000,0
9472635;3652;2025-07-24 00:00:00;PM SALINAS;24.359.333/0001-70;4291;FES;FUNDO ESTADUAL DE SAUDE;42;AUXILIOS;1;AUXILIOS;10;RECURSOS ORDINARIOS - RECURSOS NAO VINCULADOS DE IMPOSTOS;1141400,0;1141400,0;1141400,0
9472636;243;2025-07-24 00:00:00;SOCIEDADE UBAENSE DE PROTECAO AOS ANIMAIS;03.630.201/0001-60;1371;SEMAD;SECRETARIA DE ESTADO DE MEIO AMBIENTE E DESENVOLVIMENTO SUSTENTAVEL;41;CONTRIBUICOES;1;CONTRIBUICOES;10;RECURSOS ORDINARIOS - RECURSOS NAO VINCULADOS DE IMPOSTOS;899840,0;899840,0;899840,0
9472637;4627;2025-07-28 00:00:00;UCST/MG-UNIAO DOS CEGOS DE SANTA TEREZA DE M.G.;22.253.492/0001-60;1271;SECULT;SECRETARIA DE ESTADO DE CULTURA E TURISMO;41;CONTRIBUICOES;1;CONTRIBUICOES;10;RECURSOS ORDINARIOS - RECURSOS NAO VINCULADOS DE IMPOSTOS;100000,0;100000,0;100000,0
9472638;244;2025-07-25 00:00:00;ONG SOS ANIMAIS;50.130.410/0001-25;1371;SEMAD;SECRETARIA DE ESTADO DE MEIO AMBIENTE E DESENVOLVIMENTO SUSTENTAVEL;41;CONTRIBUICOES;1;CONTRIBUICOES;10;RECURSOS ORDINARIOS - RECURSOS NAO VINCULADOS DE IMPOSTOS;74210,47;74210,47;74210,47
9472639;4608;2025-07-28 00:00:00;GREMIO RECREATIVO ESCOLA DE SAMBA UNIAO DAS CORES;03.833.109/0001-06;1271;SECULT;SECRETARIA DE ESTADO DE CULTURA E TURISMO;41;CONTRIBUICOES;1;CONTRIBUICOES;10;RECURSOS ORDINARIOS - RECURSOS NAO VINCULADOS DE IMPOSTOS;100000,0;100000,0;100000,0
9472640;4618;2025-07-28 00:00:00;MOVIMENTO SALVEM AS BANDAS;44.584.097/0001-00;1271;SECULT;SECRETARIA DE ESTADO DE CULTURA E TURISMO;41;CONTRIBUICOES;1;CONTRIBUICOES;10;RECURSOS ORDINARIOS - RECURSOS NAO VINCULADOS DE IMPOSTOS;800100,0;800100,0;800100,0
9472640;4619;2025-07-28 00:00:00;MOVIMENTO SALVEM AS BANDAS;44.584.097/0001-00;1271;SECULT;SECRETARIA DE ESTADO DE CULTURA E TURISMO;42;AUXILIOS;1;AUXILIOS;10;RECURSOS ORDINARIOS - RECURSOS NAO VINCULADOS DE IMPOSTOS;199900,0;199900,0;199900,0
9472641;4612;2025-07-28 00:00:00;APJ APRENDER PRODUZIR JUNTOS;22.057.335/0001-89;1271;SECULT;SECRETARIA DE ESTADO DE CULTURA E TURISMO;41;CONTRIBUICOES;1;CONTRIBUICOES;10;RECURSOS ORDINARIOS - RECURSOS NAO VINCULADOS DE IMPOSTOS;799997,0;799997,0;799997,0
9472642;245;2025-07-25 00:00:00;INSTITUTO CABRA;36.275.993/0001-51;1371;SEMAD;SECRETARIA DE ESTADO DE MEIO AMBIENTE E DESENVOLVIMENTO SUSTENTAVEL;41;CONTRIBUICOES;1;CONTRIBUICOES;10;RECURSOS ORDINARIOS - RECURSOS NAO VINCULADOS DE IMPOSTOS;100000,0;100000,0;100000,0
9472643;4622;2025-07-28 00:00:00;APJ APRENDER PRODUZIR JUNTOS;22.057.335/0001-89;1271;SECULT;SECRETARIA DE ESTADO DE CULTURA E TURISMO;41;CONTRIBUICOES;1;CONTRIBUICOES;10;RECURSOS ORDINARIOS - RECURSOS NAO VINCULADOS DE IMPOSTOS;100000,0;100000,0;100000,0
9472643;4625;2025-07-28 00:00:00;APJ APRENDER PRODUZIR JUNTOS;22.057.335/0001-89;1271;SECULT;SECRETARIA DE ESTADO DE CULTURA E TURISMO;41;CONTRIBUICOES;1;CONTRIBUICOES;10;RECURSOS ORDINARIOS - RECURSOS NAO VINCULADOS DE IMPOSTOS;179998,18;179998,18;179998,18
9472645;246;2025-07-25 00:00:00;ASSOCIACAO PROTETORA DOS ANIMAIS ASPA;03.282.295/0001-24;1371;SEMAD;SECRETARIA DE ESTADO DE MEIO AMBIENTE E DESENVOLVIMENTO SUSTENTAVEL;41;CONTRIBUICOES;1;CONTRIBUICOES;10;RECURSOS ORDINARIOS - RECURSOS NAO VINCULADOS DE IMPOSTOS;100000,0;100000,0;100000,0
9472646;4620;2025-07-28 00:00:00;INSTITUTO GESTO;47.656.422/0001-83;1271;SECULT;SECRETARIA DE ESTADO DE CULTURA E TURISMO;41;CONTRIBUICOES;1;CONTRIBUICOES;10;RECURSOS ORDINARIOS - RECURSOS NAO VINCULADOS DE IMPOSTOS;180000,0;180000,0;180000,0
9472647;356;2025-10-31 00:00:00;ASSOCIACAO COMUNITARIA MUTUCA DE CIMA;08.464.116/0001-93;1231;SEAPA;SECRETARIA DE ESTADO DE AGRICULTURA, PECUARIA E ABASTECIMENTO;41;CONTRIBUICOES;1;CONTRIBUICOES;10;RECURSOS ORDINARIOS - RECURSOS NAO VINCULADOS DE IMPOSTOS;118000,0;118000,0;118000,0
9472648;4569;2025-07-21 00:00:00;PM LIBERDADE;18.029.165/0001-51;1271;SECULT;SECRETARIA DE ESTADO DE CULTURA E TURISMO;41;CONTRIBUICOES;1;CONTRIBUICOES;15;RECURSOS ORDINARIOS - OUTROS RECURSOS NAO VINCULADOS;118800,0;118800,0;118800,0
9472650;247;2025-07-25 00:00:00;ASSOCIACAO DE PROTECAO AOS ANIMAIS DE JAIBA;37.011.465/0001-58;1371;SEMAD;SECRETARIA DE ESTADO DE MEIO AMBIENTE E DESENVOLVIMENTO SUSTENTAVEL;41;CONTRIBUICOES;1;CONTRIBUICOES;10;RECURSOS ORDINARIOS - RECURSOS NAO VINCULADOS DE IMPOSTOS;74210,47;74210,47;74210,47
9472651;4628;2025-07-28 00:00:00;ASSOCIACAO INDIGENA KIRIRI DO RIO VERDE DE CALDAS;33.220.895/0001-29;1271;SECULT;SECRETARIA DE ESTADO DE CULTURA E TURISMO;41;CONTRIBUICOES;1;CONTRIBUICOES;10;RECURSOS ORDINARIOS - RECURSOS NAO VINCULADOS DE IMPOSTOS;100000,0;100000,0;100000,0
9472652;4621;2025-07-28 00:00:00;ASSOCIACAO DOS MENINOS CANTORES DO DIVINO ESPIRITO SANTO DE PRATAPOLIS;35.689.811/0001-26;1271;SECULT;SECRETARIA DE ESTADO DE CULTURA E TURISMO;42;AUXILIOS;1;AUXILIOS;10;RECURSOS ORDINARIOS - RECURSOS NAO VINCULADOS DE IMPOSTOS;99783,67;99783,67;100000,0
9472653;361;2025-10-31 00:00:00;SINDICATO DOS TRABALHADORES RURAIS DE TURMALINA;20.972.352/0001-16;1231;SEAPA;SECRETARIA DE ESTADO DE AGRICULTURA, PECUARIA E ABASTECIMENTO;41;CONTRIBUICOES;1;CONTRIBUICOES;10;RECURSOS ORDINARIOS - RECURSOS NAO VINCULADOS DE IMPOSTOS;90210,08;90210,08;90210,08
9472654;352;2025-10-30 00:00:00;ASSOCIACAO DOS PESCADORES E PISCICULTORES DE CACHOEIRA DOURADA;04.986.296/0001-12;1231;SEAPA;SECRETARIA DE ESTADO DE AGRICULTURA, PECUARIA E ABASTECIMENTO;41;CONTRIBUICOES;1;CONTRIBUICOES;10;RECURSOS ORDINARIOS - RECURSOS NAO VINCULADOS DE IMPOSTOS;100000,0;100000,0;100000,0
9472655;248;2025-07-25 00:00:00;PM SALINAS;24.359.333/0001-70;1371;SEMAD;SECRETARIA DE ESTADO DE MEIO AMBIENTE E DESENVOLVIMENTO SUSTENTAVEL;41;CONTRIBUICOES;1;CONTRIBUICOES;10;RECURSOS ORDINARIOS - RECURSOS NAO VINCULADOS DE IMPOSTOS;297963,09;297963,09;297963,09
9472656;4629;2025-07-28 00:00:00;FOLIA DE REIS ESTRELA GUIA;00.883.370/0001-14;1271;SECULT;SECRETARIA DE ESTADO DE CULTURA E TURISMO;42;AUXILIOS;1;AUXILIOS;10;RECURSOS ORDINARIOS - RECURSOS NAO VINCULADOS DE IMPOSTOS;94075,0;94075,0;94075,0
9472658;4631;2025-07-28 00:00:00;ASSOCIACAO DE COMUNICACAO CULTURAL DE LIGORE;07.859.771/0001-88;1271;SECULT;SECRETARIA DE ESTADO DE CULTURA E TURISMO;42;AUXILIOS;1;AUXILIOS;10;RECURSOS ORDINARIOS - RECURSOS NAO VINCULADOS DE IMPOSTOS;150000,0;150000,0;150000,0
9472665;4635;2025-07-28 00:00:00;ASSOCIACAO DOS CONGADEIROS DE MACHADO;19.017.326/0001-50;1271;SECULT;SECRETARIA DE ESTADO DE CULTURA E TURISMO;41;CONTRIBUICOES;1;CONTRIBUICOES;10;RECURSOS ORDINARIOS - RECURSOS NAO VINCULADOS DE IMPOSTOS;150000,0;150000,0;150000,0
9472666;4634;2025-07-28 00:00:00;ASSOCIACAO DOS FOLIOES DE SANTOS REIS DE JOAO PINHEIRO;05.582.052/0001-37;1271;SECULT;SECRETARIA DE ESTADO DE CULTURA E TURISMO;42;AUXILIOS;1;AUXILIOS;10;RECURSOS ORDINARIOS - RECURSOS NAO VINCULADOS DE IMPOSTOS;100000,0;100000,0;100000,0
9472683;152;2025-07-22 00:00:00;ASSOCIACAO DOS PAIS E AMIGOS DOS EXCEPCIONAIS-;17.839.937/0001-58;1481;SEDESE;SECRETARIA DE ESTADO DE DESENVOLVIMENTO SOCIAL;42;AUXILIOS;1;AUXILIOS;10;RECURSOS ORDINARIOS - RECURSOS NAO VINCULADOS DE IMPOSTOS;179835,25;179835,25;179835,25
9472688;4617;2025-07-28 00:00:00;INSTITUTO TROCA;28.948.682/0001-88;1271;SECULT;SECRETARIA DE ESTADO DE CULTURA E TURISMO;41;CONTRIBUICOES;1;CONTRIBUICOES;10;RECURSOS ORDINARIOS - RECURSOS NAO VINCULADOS DE IMPOSTOS;100000,0;100000,0;100000,0
9472690;4646;2025-07-28 00:00:00;ASS PELO DESENVOLVIMENTO SUST. DO DIST. TURISTICO DE SAO JOSE DA SERRA;44.729.656/0001-15;1271;SECULT;SECRETARIA DE ESTADO DE CULTURA E TURISMO;42;AUXILIOS;1;AUXILIOS;10;RECURSOS ORDINARIOS - RECURSOS NAO VINCULADOS DE IMPOSTOS;99771,74;99771,74;99771,74
9472691;4647;2025-07-28 00:00:00;INSTITUTO DE ASSESSORIA E PESQUISA E APOIO AO DESENVOLVIMENTO REGIONAL;11.395.677/0001-92;1271;SECULT;SECRETARIA DE ESTADO DE CULTURA E TURISMO;42;AUXILIOS;1;AUXILIOS;10;RECURSOS ORDINARIOS - RECURSOS NAO VINCULADOS DE IMPOSTOS;150000,0;150000,0;150000,0
9472692;4645;2025-07-28 00:00:00;ASSOCIACAO DOS CONGADEIROS DE MACHADO;19.017.326/0001-50;1271;SECULT;SECRETARIA DE ESTADO DE CULTURA E TURISMO;42;AUXILIOS;1;AUXILIOS;10;RECURSOS ORDINARIOS - RECURSOS NAO VINCULADOS DE IMPOSTOS;99772,85;99772,85;99772,85
9472694;4623;2025-07-28 00:00:00;CORPORACAO MUSICAL NOSSA SENHORA DAS DORES;20.896.981/0001-04;1271;SECULT;SECRETARIA DE ESTADO DE CULTURA E TURISMO;41;CONTRIBUICOES;1;CONTRIBUICOES;10;RECURSOS ORDINARIOS - RECURSOS NAO VINCULADOS DE IMPOSTOS;69999,09;69999,09;69999,09
9472694;4624;2025-07-28 00:00:00;CORPORACAO MUSICAL NOSSA SENHORA DAS DORES;20.896.981/0001-04;1271;SECULT;SECRETARIA DE ESTADO DE CULTURA E TURISMO;42;AUXILIOS;1;AUXILIOS;10;RECURSOS ORDINARIOS - RECURSOS NAO VINCULADOS DE IMPOSTOS;29965,0;29965,0;29965,0
9472697;4636;2025-07-28 00:00:00;ASSOCIACAO COMUNITARIA DE MADRE DE DEUS DE MINAS - ACOMADRE;09.429.935/0001-62;1271;SECULT;SECRETARIA DE ESTADO DE CULTURA E TURISMO;41;CONTRIBUICOES;1;CONTRIBUICOES;10;RECURSOS ORDINARIOS - RECURSOS NAO VINCULADOS DE IMPOSTOS;79999,89;79999,89;79999,89
9472697;4637;2025-07-28 00:00:00;ASSOCIACAO COMUNITARIA DE MADRE DE DEUS DE MINAS - ACOMADRE;09.429.935/0001-62;1271;SECULT;SECRETARIA DE ESTADO DE CULTURA E TURISMO;42;AUXILIOS;1;AUXILIOS;10;RECURSOS ORDINARIOS - RECURSOS NAO VINCULADOS DE IMPOSTOS;24366,57;24366,57;24366,57
9472699;4632;2025-07-28 00:00:00;INSTITUTO EDUCACIONAL PARA CONSCIENTIZACAO E REALIZACAO DE POLITICAS P;08.600.544/0001-04;1271;SECULT;SECRETARIA DE ESTADO DE CULTURA E TURISMO;41;CONTRIBUICOES;1;CONTRIBUICOES;10;RECURSOS ORDINARIOS - RECURSOS NAO VINCULADOS DE IMPOSTOS;99960,0;99960,0;99960,0
9472700;207;2025-07-24 00:00:00;CRISTALINO ESPORTE CLUBE;20.221.305/0001-30;1481;SEDESE;SECRETARIA DE ESTADO DE DESENVOLVIMENTO SOCIAL;42;AUXILIOS;1;AUXILIOS;10;RECURSOS ORDINARIOS - RECURSOS NAO VINCULADOS DE IMPOSTOS;300000,0;300000,0;300000,0
9472701;4638;2025-07-28 00:00:00;ASSOC DA RESISTENCIA CUL AFRO CASA DE CARIDADE PAIJACOB DO ORIENTE;19.265.081/0001-80;1271;SECULT;SECRETARIA DE ESTADO DE CULTURA E TURISMO;41;CONTRIBUICOES;1;CONTRIBUICOES;10;RECURSOS ORDINARIOS - RECURSOS NAO VINCULADOS DE IMPOSTOS;140000,0;140000,0;140000,0
9472701;4639;2025-07-28 00:00:00;ASSOC DA RESISTENCIA CUL AFRO CASA DE CARIDADE PAIJACOB DO ORIENTE;19.265.081/0001-80;1271;SECULT;SECRETARIA DE ESTADO DE CULTURA E TURISMO;42;AUXILIOS;1;AUXILIOS;10;RECURSOS ORDINARIOS - RECURSOS NAO VINCULADOS DE IMPOSTOS;60000,0;60000,0;60000,0
9472702;4633;2025-07-28 00:00:00;ASSOCIACAO CAMPO DAS VERTENTES;09.593.822/0001-06;1271;SECULT;SECRETARIA DE ESTADO DE CULTURA E TURISMO;41;CONTRIBUICOES;1;CONTRIBUICOES;10;RECURSOS ORDINARIOS - RECURSOS NAO VINCULADOS DE IMPOSTOS;299960,19;299960,19;300000,0
9472709;4640;2025-07-28 00:00:00;ASS PRODUTORES ARTS CENICAS JUIZ DE FORA;07.409.799/0001-13;1271;SECULT;SECRETARIA DE ESTADO DE CULTURA E TURISMO;41;CONTRIBUICOES;1;CONTRIBUICOES;10;RECURSOS ORDINARIOS - RECURSOS NAO VINCULADOS DE IMPOSTOS;130000,0;130000,0;130000,0
9472710;4641;2025-07-28 00:00:00;FUNDACAO DE APOIO AO DESENVOLVIMENTO DO ENSINO SUPERIOR DO NORTE DE MI;01.440.615/0001-00;1271;SECULT;SECRETARIA DE ESTADO DE CULTURA E TURISMO;41;CONTRIBUICOES;1;CONTRIBUICOES;10;RECURSOS ORDINARIOS - RECURSOS NAO VINCULADOS DE IMPOSTOS;640000,0;640000,0;640000,0
9472710;4642;2025-07-28 00:00:00;FUNDACAO DE APOIO AO DESENVOLVIMENTO DO ENSINO SUPERIOR DO NORTE DE MI;01.440.615/0001-00;1271;SECULT;SECRETARIA DE ESTADO DE CULTURA E TURISMO;42;AUXILIOS;1;AUXILIOS;10;RECURSOS ORDINARIOS - RECURSOS NAO VINCULADOS DE IMPOSTOS;112500,0;112500,0;112500,0
9472711;4643;2025-07-28 00:00:00;ASSOCIACAO GILBERTO RIBEIRO ALVES - GRALVES;07.449.724/0001-66;1271;SECULT;SECRETARIA DE ESTADO DE CULTURA E TURISMO;41;CONTRIBUICOES;1;CONTRIBUICOES;10;RECURSOS ORDINARIOS - RECURSOS NAO VINCULADOS DE IMPOSTOS;100000,0;100000,0;100000,0
9472712;250;2025-08-05 00:00:00;SIND.DOS TRAB RURAIS ASSALARIADOS A.F DE RIO PARDO DE MINAS;21.361.191/0001-97;1231;SEAPA;SECRETARIA DE ESTADO DE AGRICULTURA, PECUARIA E ABASTECIMENTO;41;CONTRIBUICOES;1;CONTRIBUICOES;10;RECURSOS ORDINARIOS - RECURSOS NAO VINCULADOS DE IMPOSTOS;90210,08;90210,08;90210,08
9472713;4644;2025-07-28 00:00:00;FUNDACAO EDUCATIVA E CULTURAL SAO JUDAS TADEU;04.443.094/0001-24;1271;SECULT;SECRETARIA DE ESTADO DE CULTURA E TURISMO;41;CONTRIBUICOES;1;CONTRIBUICOES;10;RECURSOS ORDINARIOS - RECURSOS NAO VINCULADOS DE IMPOSTOS;500000,0;500000,0;500000,0
9472715;343;2025-08-02 00:00:00;PM POCOS DE CALDAS;18.629.840/0001-83;1301;SEINFRA;SECRETARIA DE ESTADO DE INFRAESTRUTURA, MOBILIDADE E PARCERIAS;42;AUXILIOS;1;AUXILIOS;10;RECURSOS ORDINARIOS - RECURSOS NAO VINCULADOS DE IMPOSTOS;375000,0;375000,0;375000,0
9472731;249;2025-07-25 00:00:00;GRUPO DE RESGATE ANIMAL DE BELO HORIZONTE;48.793.976/0001-95;1371;SEMAD;SECRETARIA DE ESTADO DE MEIO AMBIENTE E DESENVOLVIMENTO SUSTENTAVEL;41;CONTRIBUICOES;1;CONTRIBUICOES;10;RECURSOS ORDINARIOS - RECURSOS NAO VINCULADOS DE IMPOSTOS;50000,0;50000,0;50000,0
9472731;250;2025-07-25 00:00:00;GRUPO DE RESGATE ANIMAL DE BELO HORIZONTE;48.793.976/0001-95;1371;SEMAD;SECRETARIA DE ESTADO DE MEIO AMBIENTE E DESENVOLVIMENTO SUSTENTAVEL;41;CONTRIBUICOES;1;CONTRIBUICOES;10;RECURSOS ORDINARIOS - RECURSOS NAO VINCULADOS DE IMPOSTOS;50000,0;50000,0;50000,0
9472736;4659;2025-08-01 00:00:00;ASSOCIACAO CULTURAL MARIA TIANA;41.090.173/0001-25;1271;SECULT;SECRETARIA DE ESTADO DE CULTURA E TURISMO;41;CONTRIBUICOES;1;CONTRIBUICOES;10;RECURSOS ORDINARIOS - RECURSOS NAO VINCULADOS DE IMPOSTOS;100000,0;100000,0;100000,0
9472738;4613;2025-07-28 00:00:00;INSTITUTO DOM LUCIANO MENDES DE ALMEIDA;28.231.460/0001-40;1271;SECULT;SECRETARIA DE ESTADO DE CULTURA E TURISMO;41;CONTRIBUICOES;1;CONTRIBUICOES;10;RECURSOS ORDINARIOS - RECURSOS NAO VINCULADOS DE IMPOSTOS;100000,0;100000,0;100000,0
9472738;4615;2025-07-28 00:00:00;INSTITUTO DOM LUCIANO MENDES DE ALMEIDA;28.231.460/0001-40;1271;SECULT;SECRETARIA DE ESTADO DE CULTURA E TURISMO;42;AUXILIOS;1;AUXILIOS;10;RECURSOS ORDINARIOS - RECURSOS NAO VINCULADOS DE IMPOSTOS;50000,0;50000,0;50000,0
9472740;4607;2025-07-28 00:00:00;INSTITUTO EDUCACIONAL PARA CONSCIENTIZACAO E REALIZACAO DE POLITICAS P;08.600.544/0001-04;1271;SECULT;SECRETARIA DE ESTADO DE CULTURA E TURISMO;41;CONTRIBUICOES;1;CONTRIBUICOES;10;RECURSOS ORDINARIOS - RECURSOS NAO VINCULADOS DE IMPOSTOS;259600,0;259600,0;259600,0
9472742;4609;2025-07-28 00:00:00;ASSOCIACAO DO PATRIMONIO HISTORICO, ARTISTICO DE BELO VALE;00.994.562/0001-06;1271;SECULT;SECRETARIA DE ESTADO DE CULTURA E TURISMO;41;CONTRIBUICOES;1;CONTRIBUICOES;10;RECURSOS ORDINARIOS - RECURSOS NAO VINCULADOS DE IMPOSTOS;100000,0;100000,0;100000,0
9472742;4610;2025-07-28 00:00:00;ASSOCIACAO DO PATRIMONIO HISTORICO, ARTISTICO DE BELO VALE;00.994.562/0001-06;1271;SECULT;SECRETARIA DE ESTADO DE CULTURA E TURISMO;42;AUXILIOS;1;AUXILIOS;10;RECURSOS ORDINARIOS - RECURSOS NAO VINCULADOS DE IMPOSTOS;50000,0;50000,0;50000,0
9472744;4665;2025-08-01 00:00:00;INSTITUTO PARA O DESENVOLVIMENTO SUSTENTAVEL - IDES;09.563.068/0001-53;1271;SECULT;SECRETARIA DE ESTADO DE CULTURA E TURISMO;41;CONTRIBUICOES;1;CONTRIBUICOES;10;RECURSOS ORDINARIOS - RECURSOS NAO VINCULADOS DE IMPOSTOS;219995,23;219995,23;219995,23
9472745;4614;2025-07-28 00:00:00;OLIVIA APARECIDA DA CUNHA MIRANDA;13.290.126/0001-90;1271;SECULT;SECRETARIA DE ESTADO DE CULTURA E TURISMO;41;CONTRIBUICOES;1;CONTRIBUICOES;10;RECURSOS ORDINARIOS - RECURSOS NAO VINCULADOS DE IMPOSTOS;47000,0;47000,0;47000,0
9472745;4616;2025-07-28 00:00:00;OLIVIA APARECIDA DA CUNHA MIRANDA;13.290.126/0001-90;1271;SECULT;SECRETARIA DE ESTADO DE CULTURA E TURISMO;42;AUXILIOS;1;AUXILIOS;10;RECURSOS ORDINARIOS - RECURSOS NAO VINCULADOS DE IMPOSTOS;44169,24;44169,24;44169,24
9472748;4630;2025-07-28 00:00:00;INSTITUTO IN-CENA;18.304.255/0001-03;1271;SECULT;SECRETARIA DE ESTADO DE CULTURA E TURISMO;41;CONTRIBUICOES;1;CONTRIBUICOES;10;RECURSOS ORDINARIOS - RECURSOS NAO VINCULADOS DE IMPOSTOS;495292,5;495292,5;500000,0
9472751;144;2025-07-23 00:00:00;ADOTAR -ADOTANDO VIDAS;15.671.055/0001-09;1491;SEGOV;SECRETARIA DE ESTADO DE GOVERNO;42;AUXILIOS;1;AUXILIOS;10;RECURSOS ORDINARIOS - RECURSOS NAO VINCULADOS DE IMPOSTOS;221868,28;221868,28;221868,28
9472753;145;2025-07-23 00:00:00;ASSOCIACAO COMUNITARIA DE APOIO A GESTANTE E A INFANCIA DE RIO MANSO;24.260.780/0001-77;1491;SEGOV;SECRETARIA DE ESTADO DE GOVERNO;42;AUXILIOS;1;AUXILIOS;10;RECURSOS ORDINARIOS - RECURSOS NAO VINCULADOS DE IMPOSTOS;68971,38;68971,38;68971,38
9472755;195;2025-07-24 00:00:00;ASSOCIACAO DE PAIS E AMIGOS DE EXCEPCIONAIS DE CANAPOLIS;02.254.285/0001-12;1481;SEDESE;SECRETARIA DE ESTADO DE DESENVOLVIMENTO SOCIAL;42;AUXILIOS;1;AUXILIOS;10;RECURSOS ORDINARIOS - RECURSOS NAO VINCULADOS DE IMPOSTOS;100000,0;100000,0;100000,0
9472757;203;2025-07-24 00:00:00;ASSOCIACAO DE PAIS E AMIGOS DOS EXCEPCIONAIS;20.918.215/0001-01;1481;SEDESE;SECRETARIA DE ESTADO DE DESENVOLVIMENTO SOCIAL;42;AUXILIOS;1;AUXILIOS;10;RECURSOS ORDINARIOS - RECURSOS NAO VINCULADOS DE IMPOSTOS;100000,0;100000,0;100000,0
9472759;209;2025-07-24 00:00:00;ASSOCIACAO DOS TORCEDORES SOLIDARIOS DO SUDOESTE DE MINAS GERAIS;20.079.723/0001-35;1481;SEDESE;SECRETARIA DE ESTADO DE DESENVOLVIMENTO SOCIAL;42;AUXILIOS;1;AUXILIOS;10;RECURSOS ORDINARIOS - RECURSOS NAO VINCULADOS DE IMPOSTOS;132763,33;132763,33;132763,33
9472760;200;2025-07-24 00:00:00;ASSOCIACAO BENEFICENTE O BOM SEMEADOR;14.835.007/0001-38;1481;SEDESE;SECRETARIA DE ESTADO DE DESENVOLVIMENTO SOCIAL;43;SUBVENCOES SOCIAIS;1;SUBVENCOES SOCIAIS;10;RECURSOS ORDINARIOS - RECURSOS NAO VINCULADOS DE IMPOSTOS;100000,0;100000,0;100000,0
9472760;201;2025-07-24 00:00:00;ASSOCIACAO BENEFICENTE O BOM SEMEADOR;14.835.007/0001-38;1481;SEDESE;SECRETARIA DE ESTADO DE DESENVOLVIMENTO SOCIAL;42;AUXILIOS;1;AUXILIOS;10;RECURSOS ORDINARIOS - RECURSOS NAO VINCULADOS DE IMPOSTOS;100000,0;100000,0;100000,0
9472761;146;2025-07-23 00:00:00;ACAO SOCIAL DA PAROQUIA DE VESPASIANO;01.029.147/0001-77;1491;SEGOV;SECRETARIA DE ESTADO DE GOVERNO;42;AUXILIOS;1;AUXILIOS;10;RECURSOS ORDINARIOS - RECURSOS NAO VINCULADOS DE IMPOSTOS;524276,1;524276,1;524276,1
9472762;604;2025-08-07 00:00:00;ASSOCIACAO CULTURAL E SOCIAL DOS EX-ATLETAS DO AMERICA FUTEBOL CLUBE -;05.200.161/0001-42;1481;SEDESE;SECRETARIA DE ESTADO DE DESENVOLVIMENTO SOCIAL;43;SUBVENCOES SOCIAIS;1;SUBVENCOES SOCIAIS;10;RECURSOS ORDINARIOS - RECURSOS NAO VINCULADOS DE IMPOSTOS;100000,0;100000,0;100000,0
9472763;194;2025-07-24 00:00:00;APAE ASSOCIACAO DE PAIS E AMIGOS DE EXCEPCIONAIS DE MONTES CLAROS;21.353.925/0001-96;1481;SEDESE;SECRETARIA DE ESTADO DE DESENVOLVIMENTO SOCIAL;42;AUXILIOS;1;AUXILIOS;10;RECURSOS ORDINARIOS - RECURSOS NAO VINCULADOS DE IMPOSTOS;500000,0;500000,0;500000,0
9472764;214;2025-07-24 00:00:00;ASSOCIACAO XAKRIABA DA DAZAKRU SDARANKA AXADAS;46.385.698/0001-01;1481;SEDESE;SECRETARIA DE ESTADO DE DESENVOLVIMENTO SOCIAL;43;SUBVENCOES SOCIAIS;1;SUBVENCOES SOCIAIS;10;RECURSOS ORDINARIOS - RECURSOS NAO VINCULADOS DE IMPOSTOS;99999,7;99999,7;99999,7
9472766;210;2025-07-24 00:00:00;DOM BOSCO FUTEBOL CLUBE;18.313.213/0001-39;1481;SEDESE;SECRETARIA DE ESTADO DE DESENVOLVIMENTO SOCIAL;42;AUXILIOS;1;AUXILIOS;10;RECURSOS ORDINARIOS - RECURSOS NAO VINCULADOS DE IMPOSTOS;249787,83;249787,83;249787,83
9472767;204;2025-07-24 00:00:00;ASSOCIACAO ESPORTIVA SANTA RITA DE ITABIRITO;36.614.844/0001-70;1481;SEDESE;SECRETARIA DE ESTADO DE DESENVOLVIMENTO SOCIAL;43;SUBVENCOES SOCIAIS;1;SUBVENCOES SOCIAIS;10;RECURSOS ORDINARIOS - RECURSOS NAO VINCULADOS DE IMPOSTOS;100000,0;100000,0;100000,0
9472768;193;2025-07-24 00:00:00;INSTITUTO REUEL DE EDUCACAO E CULTURA;05.952.316/0001-05;1481;SEDESE;SECRETARIA DE ESTADO DE DESENVOLVIMENTO SOCIAL;42;AUXILIOS;1;AUXILIOS;10;RECURSOS ORDINARIOS - RECURSOS NAO VINCULADOS DE IMPOSTOS;198386,67;198386,67;198386,67
9472769;173;2025-07-23 00:00:00;ASSOCIACAO DE TRABALHADORAS DOMESTICAS TEREZA DE BENGUELA;46.591.829/0001-07;1481;SEDESE;SECRETARIA DE ESTADO DE DESENVOLVIMENTO SOCIAL;43;SUBVENCOES SOCIAIS;1;SUBVENCOES SOCIAIS;10;RECURSOS ORDINARIOS - RECURSOS NAO VINCULADOS DE IMPOSTOS;234792,0;234792,0;234792,0
9472769;175;2025-07-23 00:00:00;ASSOCIACAO DE TRABALHADORAS DOMESTICAS TEREZA DE BENGUELA;46.591.829/0001-07;1481;SEDESE;SECRETARIA DE ESTADO DE DESENVOLVIMENTO SOCIAL;42;AUXILIOS;1;AUXILIOS;10;RECURSOS ORDINARIOS - RECURSOS NAO VINCULADOS DE IMPOSTOS;15200,0;15200,0;15200,0
9472771;197;2025-07-24 00:00:00;GUARANI FUTEBOL CLUBE;03.224.350/0001-20;1481;SEDESE;SECRETARIA DE ESTADO DE DESENVOLVIMENTO SOCIAL;43;SUBVENCOES SOCIAIS;1;SUBVENCOES SOCIAIS;10;RECURSOS ORDINARIOS - RECURSOS NAO VINCULADOS DE IMPOSTOS;95475,82;95475,82;95475,82
9472772;191;2025-07-24 00:00:00;ASSOCIACAO COMUNIDADE TRADICIONAL DE MATRIZ AFRICANA MANZU INKISSI TAR;23.483.022/0001-55;1481;SEDESE;SECRETARIA DE ESTADO DE DESENVOLVIMENTO SOCIAL;43;SUBVENCOES SOCIAIS;1;SUBVENCOES SOCIAIS;10;RECURSOS ORDINARIOS - RECURSOS NAO VINCULADOS DE IMPOSTOS;70000,0;70000,0;70000,0
9472772;192;2025-07-24 00:00:00;ASSOCIACAO COMUNIDADE TRADICIONAL DE MATRIZ AFRICANA MANZU INKISSI TAR;23.483.022/0001-55;1481;SEDESE;SECRETARIA DE ESTADO DE DESENVOLVIMENTO SOCIAL;42;AUXILIOS;1;AUXILIOS;10;RECURSOS ORDINARIOS - RECURSOS NAO VINCULADOS DE IMPOSTOS;30000,0;30000,0;30000,0
9472773;182;2025-07-23 00:00:00;ASSOCIACAO BENEFICIENTE BOM SAMARITANO;02.310.007/0001-35;1481;SEDESE;SECRETARIA DE ESTADO DE DESENVOLVIMENTO SOCIAL;42;AUXILIOS;1;AUXILIOS;10;RECURSOS ORDINARIOS - RECURSOS NAO VINCULADOS DE IMPOSTOS;99410,42;99410,42;99410,42
9472774;206;2025-07-24 00:00:00;PROJETO SOCIAL AF11 PRIMEIRA CHANCE;43.164.240/0001-34;1481;SEDESE;SECRETARIA DE ESTADO DE DESENVOLVIMENTO SOCIAL;43;SUBVENCOES SOCIAIS;1;SUBVENCOES SOCIAIS;10;RECURSOS ORDINARIOS - RECURSOS NAO VINCULADOS DE IMPOSTOS;100000,0;100000,0;100000,0
9472775;183;2025-07-23 00:00:00;INSTITUTO NUTRI BRASIL;07.979.270/0001-35;1481;SEDESE;SECRETARIA DE ESTADO DE DESENVOLVIMENTO SOCIAL;42;AUXILIOS;1;AUXILIOS;10;RECURSOS ORDINARIOS - RECURSOS NAO VINCULADOS DE IMPOSTOS;122267,73;122267,73;122267,73
9472777;190;2025-07-24 00:00:00;INSTITUTO DE DESENVOLVIMENTO HUMANO E FORMACAO ESPORTIVA IDEHFE;02.736.208/0001-07;1481;SEDESE;SECRETARIA DE ESTADO DE DESENVOLVIMENTO SOCIAL;43;SUBVENCOES SOCIAIS;1;SUBVENCOES SOCIAIS;10;RECURSOS ORDINARIOS - RECURSOS NAO VINCULADOS DE IMPOSTOS;105000,0;105000,0;105000,0
9472778;208;2025-07-24 00:00:00;FEDERACAO DE TAEKWON-DO INTERESTILO DO ESTADO DE MINAS GERAIS;02.595.336/0001-70;1481;SEDESE;SECRETARIA DE ESTADO DE DESENVOLVIMENTO SOCIAL;43;SUBVENCOES SOCIAIS;1;SUBVENCOES SOCIAIS;10;RECURSOS ORDINARIOS - RECURSOS NAO VINCULADOS DE IMPOSTOS;109796,51;109796,51;109796,51
9472779;188;2025-07-24 00:00:00;ASSOCIACAO DESPORTIVA SOUZA MOREIRA;05.319.950/0001-05;1481;SEDESE;SECRETARIA DE ESTADO DE DESENVOLVIMENTO SOCIAL;42;AUXILIOS;1;AUXILIOS;10;RECURSOS ORDINARIOS - RECURSOS NAO VINCULADOS DE IMPOSTOS;324048,01;324048,01;324048,01
9472781;222;2025-07-24 00:00:00;CONSELHO CENTRAL DE SANTOS DUMONT SOCIEDADE SAO VICENTE DE PAULO;24.577.975/0001-45;1481;SEDESE;SECRETARIA DE ESTADO DE DESENVOLVIMENTO SOCIAL;42;AUXILIOS;1;AUXILIOS;10;RECURSOS ORDINARIOS - RECURSOS NAO VINCULADOS DE IMPOSTOS;227893,79;227893,79;227893,79
9472782;264;2025-07-25 00:00:00;SOCIAL FUTEBOL CLUBE;20.919.650/0001-42;1481;SEDESE;SECRETARIA DE ESTADO DE DESENVOLVIMENTO SOCIAL;42;AUXILIOS;1;AUXILIOS;10;RECURSOS ORDINARIOS - RECURSOS NAO VINCULADOS DE IMPOSTOS;249986,97;249986,97;249986,97
9472783;408;2025-07-30 00:00:00;MARGARIDAS - PROJETO PRA VIDA;37.651.337/0001-79;1481;SEDESE;SECRETARIA DE ESTADO DE DESENVOLVIMENTO SOCIAL;43;SUBVENCOES SOCIAIS;1;SUBVENCOES SOCIAIS;10;RECURSOS ORDINARIOS - RECURSOS NAO VINCULADOS DE IMPOSTOS;119989,09;119989,09;119989,09
9472784;570;2025-08-05 00:00:00;ASSOCIACAO BETESDA DE ASSISTENCIA SOCIAL;01.669.016/0001-54;1481;SEDESE;SECRETARIA DE ESTADO DE DESENVOLVIMENTO SOCIAL;42;AUXILIOS;1;AUXILIOS;10;RECURSOS ORDINARIOS - RECURSOS NAO VINCULADOS DE IMPOSTOS;125737,7;125737,7;125737,7
9472786;202;2025-07-24 00:00:00;ASSOCIACAO DE PAIS E AMIGOS DE EXCEPCIONAIS DE CANAPOLIS;02.254.285/0001-12;1481;SEDESE;SECRETARIA DE ESTADO DE DESENVOLVIMENTO SOCIAL;42;AUXILIOS;1;AUXILIOS;10;RECURSOS ORDINARIOS - RECURSOS NAO VINCULADOS DE IMPOSTOS;100000,0;100000,0;100000,0
9472787;409;2025-07-30 00:00:00;SOCIEDADE DOS SURDOS DE PATOS DE MINAS;21.242.037/0001-04;1481;SEDESE;SECRETARIA DE ESTADO DE DESENVOLVIMENTO SOCIAL;42;AUXILIOS;1;AUXILIOS;10;RECURSOS ORDINARIOS - RECURSOS NAO VINCULADOS DE IMPOSTOS;100000,0;100000,0;100000,0
9472788;184;2025-07-23 00:00:00;CENTRO DE REFERENCIA DOS CULTOS AFRO-BRASILEIRO DO NORTE DE MINAS GER;10.207.088/0001-70;1481;SEDESE;SECRETARIA DE ESTADO DE DESENVOLVIMENTO SOCIAL;43;SUBVENCOES SOCIAIS;1;SUBVENCOES SOCIAIS;10;RECURSOS ORDINARIOS - RECURSOS NAO VINCULADOS DE IMPOSTOS;98338,42;98338,42;98338,42
9472788;185;2025-07-23 00:00:00;CENTRO DE REFERENCIA DOS CULTOS AFRO-BRASILEIRO DO NORTE DE MINAS GER;10.207.088/0001-70;1481;SEDESE;SECRETARIA DE ESTADO DE DESENVOLVIMENTO SOCIAL;42;AUXILIOS;1;AUXILIOS;10;RECURSOS ORDINARIOS - RECURSOS NAO VINCULADOS DE IMPOSTOS;2603,02;2603,02;2603,02
9472789;189;2025-07-24 00:00:00;NACAB-NUCLEO DE ASSESSORIA AS COMUNIDADES ATINGIDAS POR BARRAGENS;05.438.306/0001-48;1481;SEDESE;SECRETARIA DE ESTADO DE DESENVOLVIMENTO SOCIAL;43;SUBVENCOES SOCIAIS;1;SUBVENCOES SOCIAIS;10;RECURSOS ORDINARIOS - RECURSOS NAO VINCULADOS DE IMPOSTOS;600000,0;600000,0;600000,0
9472790;313;2025-07-28 00:00:00;CASIB CENTRO ASSISTENCIA SOCIAL INCENTIVO AO BEM;02.971.098/0001-50;1481;SEDESE;SECRETARIA DE ESTADO DE DESENVOLVIMENTO SOCIAL;43;SUBVENCOES SOCIAIS;1;SUBVENCOES SOCIAIS;10;RECURSOS ORDINARIOS - RECURSOS NAO VINCULADOS DE IMPOSTOS;199556,96;199556,96;199556,96
9472791;187;2025-07-24 00:00:00;ASSOCIACAO DESPORTIVA PRO ESPORTE E CIDADANIA;28.402.885/0001-74;1481;SEDESE;SECRETARIA DE ESTADO DE DESENVOLVIMENTO SOCIAL;43;SUBVENCOES SOCIAIS;1;SUBVENCOES SOCIAIS;10;RECURSOS ORDINARIOS - RECURSOS NAO VINCULADOS DE IMPOSTOS;100000,0;100000,0;100000,0
9472792;186;2025-07-24 00:00:00;ASSOCIACAO DOS MARATONISTAS DE TIMOTEO;11.987.519/0001-21;1481;SEDESE;SECRETARIA DE ESTADO DE DESENVOLVIMENTO SOCIAL;43;SUBVENCOES SOCIAIS;1;SUBVENCOES SOCIAIS;10;RECURSOS ORDINARIOS - RECURSOS NAO VINCULADOS DE IMPOSTOS;393164,4;393164,4;393164,4
9472793;181;2025-07-23 00:00:00;ASSOCIACAO BENEFICENTE PROJETO CANAA;04.400.268/0001-71;1481;SEDESE;SECRETARIA DE ESTADO DE DESENVOLVIMENTO SOCIAL;42;AUXILIOS;1;AUXILIOS;10;RECURSOS ORDINARIOS - RECURSOS NAO VINCULADOS DE IMPOSTOS;180000,0;180000,0;180000,0
9472794;180;2025-07-23 00:00:00;ASSOCIACAO COMUNITARIA RURAL PORTEIRA NOVA;26.219.469/0001-00;1481;SEDESE;SECRETARIA DE ESTADO DE DESENVOLVIMENTO SOCIAL;42;AUXILIOS;1;AUXILIOS;10;RECURSOS ORDINARIOS - RECURSOS NAO VINCULADOS DE IMPOSTOS;104278,35;104278,35;104278,35
9472795;178;2025-07-23 00:00:00;ASSOCIACAO DOS CATADORES DE PAPEL, PAPELAO E MATERIAL REAPROVEITAVEL;38.743.035/0001-93;1481;SEDESE;SECRETARIA DE ESTADO DE DESENVOLVIMENTO SOCIAL;43;SUBVENCOES SOCIAIS;1;SUBVENCOES SOCIAIS;10;RECURSOS ORDINARIOS - RECURSOS NAO VINCULADOS DE IMPOSTOS;71500,0;71500,0;71500,0
9472795;179;2025-07-23 00:00:00;ASSOCIACAO DOS CATADORES DE PAPEL, PAPELAO E MATERIAL REAPROVEITAVEL;38.743.035/0001-93;1481;SEDESE;SECRETARIA DE ESTADO DE DESENVOLVIMENTO SOCIAL;42;AUXILIOS;1;AUXILIOS;10;RECURSOS ORDINARIOS - RECURSOS NAO VINCULADOS DE IMPOSTOS;28500,0;28500,0;28500,0
9472796;171;2025-07-23 00:00:00;ASSOCIACAO DE PROMOCAO HUMANA DIVINA PROVIDENCIA;00.981.069/0006-58;1481;SEDESE;SECRETARIA DE ESTADO DE DESENVOLVIMENTO SOCIAL;43;SUBVENCOES SOCIAIS;1;SUBVENCOES SOCIAIS;10;RECURSOS ORDINARIOS - RECURSOS NAO VINCULADOS DE IMPOSTOS;300000,0;300000,0;300000,0
9472797;177;2025-07-23 00:00:00;LAR DE VELHINHOS IRMA MARIETA DO MUNICIPIO DE CAMBUQUIRA;19.071.083/0001-38;1481;SEDESE;SECRETARIA DE ESTADO DE DESENVOLVIMENTO SOCIAL;42;AUXILIOS;1;AUXILIOS;10;RECURSOS ORDINARIOS - RECURSOS NAO VINCULADOS DE IMPOSTOS;99712,04;99712,04;99712,04
9472798;176;2025-07-23 00:00:00;SSVP;17.959.677/0001-54;1481;SEDESE;SECRETARIA DE ESTADO DE DESENVOLVIMENTO SOCIAL;43;SUBVENCOES SOCIAIS;1;SUBVENCOES SOCIAIS;10;RECURSOS ORDINARIOS - RECURSOS NAO VINCULADOS DE IMPOSTOS;99989,13;99989,13;99989,13
9472799;160;2025-07-23 00:00:00;APAE JEQUERI;16.878.977/0001-46;1481;SEDESE;SECRETARIA DE ESTADO DE DESENVOLVIMENTO SOCIAL;43;SUBVENCOES SOCIAIS;1;SUBVENCOES SOCIAIS;10;RECURSOS ORDINARIOS - RECURSOS NAO VINCULADOS DE IMPOSTOS;99974,97;99974,97;99974,97
9472800;174;2025-07-23 00:00:00;ASSOCIACAO CASA LAR DE MUZAMBINHO;10.418.198/0001-81;1481;SEDESE;SECRETARIA DE ESTADO DE DESENVOLVIMENTO SOCIAL;43;SUBVENCOES SOCIAIS;1;SUBVENCOES SOCIAIS;10;RECURSOS ORDINARIOS - RECURSOS NAO VINCULADOS DE IMPOSTOS;99959,95;99959,95;99959,95
9472801;159;2025-07-23 00:00:00;LAR SAO VICENTE DE PAULO DO DIST. DO DIVINO ESPIRITO SANTO;25.657.669/0001-81;1481;SEDESE;SECRETARIA DE ESTADO DE DESENVOLVIMENTO SOCIAL;42;AUXILIOS;1;AUXILIOS;10;RECURSOS ORDINARIOS - RECURSOS NAO VINCULADOS DE IMPOSTOS;100000,0;100000,0;100000,0
9472802;172;2025-07-23 00:00:00;SOCIEDADE SANTO ANTONO DE PADUA;20.740.114/0001-85;1481;SEDESE;SECRETARIA DE ESTADO DE DESENVOLVIMENTO SOCIAL;43;SUBVENCOES SOCIAIS;1;SUBVENCOES SOCIAIS;10;RECURSOS ORDINARIOS - RECURSOS NAO VINCULADOS DE IMPOSTOS;99959,08;99959,08;99959,08
9472803;158;2025-07-23 00:00:00;ASSISTENCIA SOCIAL PIO XII/ FRUTAL;20.549.861/0002-11;1481;SEDESE;SECRETARIA DE ESTADO DE DESENVOLVIMENTO SOCIAL;42;AUXILIOS;1;AUXILIOS;10;RECURSOS ORDINARIOS - RECURSOS NAO VINCULADOS DE IMPOSTOS;284999,95;284999,95;284999,95
9472804;169;2025-07-23 00:00:00;ASSOCIACAO DE PAIS E AMIGOS DOS EXCEPCIONAIS - APAE;17.862.038/0001-76;1481;SEDESE;SECRETARIA DE ESTADO DE DESENVOLVIMENTO SOCIAL;43;SUBVENCOES SOCIAIS;1;SUBVENCOES SOCIAIS;10;RECURSOS ORDINARIOS - RECURSOS NAO VINCULADOS DE IMPOSTOS;169981,36;169981,36;169981,36
9472805;170;2025-07-23 00:00:00;ASSISTENCIA VICENTINA DE TRES PONTAS;01.337.774/0001-75;1481;SEDESE;SECRETARIA DE ESTADO DE DESENVOLVIMENTO SOCIAL;43;SUBVENCOES SOCIAIS;1;SUBVENCOES SOCIAIS;10;RECURSOS ORDINARIOS - RECURSOS NAO VINCULADOS DE IMPOSTOS;199995,22;199995,22;199995,22
9472806;166;2025-07-23 00:00:00;ESQUADRAO DA VIDA DE MONTES CLAROS;25.224.130/0002-10;1481;SEDESE;SECRETARIA DE ESTADO DE DESENVOLVIMENTO SOCIAL;43;SUBVENCOES SOCIAIS;1;SUBVENCOES SOCIAIS;10;RECURSOS ORDINARIOS - RECURSOS NAO VINCULADOS DE IMPOSTOS;100000,0;100000,0;100000,0
9472807;165;2025-07-23 00:00:00;INSTITUTO SOCIAL MAIS VIVO;21.171.012/0001-59;1481;SEDESE;SECRETARIA DE ESTADO DE DESENVOLVIMENTO SOCIAL;43;SUBVENCOES SOCIAIS;1;SUBVENCOES SOCIAIS;10;RECURSOS ORDINARIOS - RECURSOS NAO VINCULADOS DE IMPOSTOS;280000,0;280000,0;280000,0
9472808;161;2025-07-23 00:00:00;ONG POR UMA RIBEIRAO DAS NEVES MELHOR-ESPACO CULTURAL SABER VIVER;14.628.771/0001-32;1481;SEDESE;SECRETARIA DE ESTADO DE DESENVOLVIMENTO SOCIAL;43;SUBVENCOES SOCIAIS;1;SUBVENCOES SOCIAIS;10;RECURSOS ORDINARIOS - RECURSOS NAO VINCULADOS DE IMPOSTOS;300000,0;300000,0;300000,0
9472809;162;2025-07-23 00:00:00;ASSOCIACAO ESPORTIVA MINAS GERAIS QUAD RUGBY;18.104.608/0001-21;1481;SEDESE;SECRETARIA DE ESTADO DE DESENVOLVIMENTO SOCIAL;43;SUBVENCOES SOCIAIS;1;SUBVENCOES SOCIAIS;10;RECURSOS ORDINARIOS - RECURSOS NAO VINCULADOS DE IMPOSTOS;100000,0;100000,0;100000,0
9472811;163;2025-07-23 00:00:00;ASSOCIACAO BENEFICENTE PARA TODOS OS POVOS E NACOES-ABTPN;40.412.706/0001-85;1481;SEDESE;SECRETARIA DE ESTADO DE DESENVOLVIMENTO SOCIAL;43;SUBVENCOES SOCIAIS;1;SUBVENCOES SOCIAIS;10;RECURSOS ORDINARIOS - RECURSOS NAO VINCULADOS DE IMPOSTOS;1049976,0;1049976,0;1049976,0
9472812;262;2025-08-12 00:00:00;PM GOIABEIRA;01.615.421/0001-90;1231;SEAPA;SECRETARIA DE ESTADO DE AGRICULTURA, PECUARIA E ABASTECIMENTO;41;CONTRIBUICOES;1;CONTRIBUICOES;15;RECURSOS ORDINARIOS - OUTROS RECURSOS NAO VINCULADOS;1500000,0;1500000,0;1500000,0
9472813;164;2025-07-23 00:00:00;ASSOCIACAO DOS MORADORES DOS BAIRROS MARISTELA E O MACHADO;25.648.585/0001-81;1481;SEDESE;SECRETARIA DE ESTADO DE DESENVOLVIMENTO SOCIAL;43;SUBVENCOES SOCIAIS;1;SUBVENCOES SOCIAIS;10;RECURSOS ORDINARIOS - RECURSOS NAO VINCULADOS DE IMPOSTOS;100000,0;100000,0;100000,0
9472814;167;2025-07-23 00:00:00;ASSOCIACAO CULTURAL CINE FANON - ACCF;46.799.240/0001-07;1481;SEDESE;SECRETARIA DE ESTADO DE DESENVOLVIMENTO SOCIAL;43;SUBVENCOES SOCIAIS;1;SUBVENCOES SOCIAIS;10;RECURSOS ORDINARIOS - RECURSOS NAO VINCULADOS DE IMPOSTOS;99993,97;99993,97;99993,97
9472815;168;2025-07-23 00:00:00;ASSOCIACAO DOS BAIRROS DE TEOFILO OTONI;21.297.064/0001-76;1481;SEDESE;SECRETARIA DE ESTADO DE DESENVOLVIMENTO SOCIAL;43;SUBVENCOES SOCIAIS;1;SUBVENCOES SOCIAIS;10;RECURSOS ORDINARIOS - RECURSOS NAO VINCULADOS DE IMPOSTOS;160000,0;160000,0;160000,0
9472816;228;2025-07-24 00:00:00;ASSOCIACAO COMUNITARIA DE BRUMAL;18.266.635/0001-09;1481;SEDESE;SECRETARIA DE ESTADO DE DESENVOLVIMENTO SOCIAL;43;SUBVENCOES SOCIAIS;1;SUBVENCOES SOCIAIS;10;RECURSOS ORDINARIOS - RECURSOS NAO VINCULADOS DE IMPOSTOS;93083,98;93083,98;93083,98
9472817;196;2025-07-24 00:00:00;ASSOCIACAO DOS MORADORES DE GOUVEIA;00.089.792/0001-12;1481;SEDESE;SECRETARIA DE ESTADO DE DESENVOLVIMENTO SOCIAL;43;SUBVENCOES SOCIAIS;1;SUBVENCOES SOCIAIS;10;RECURSOS ORDINARIOS - RECURSOS NAO VINCULADOS DE IMPOSTOS;100000,0;100000,0;100000,0
9472818;234;2025-07-24 00:00:00;ASSOCIACAO COMUNITARIA RENOVADORA PEDRAS DE MARIA DA CRUZ;21.372.834/0001-06;1481;SEDESE;SECRETARIA DE ESTADO DE DESENVOLVIMENTO SOCIAL;43;SUBVENCOES SOCIAIS;1;SUBVENCOES SOCIAIS;10;RECURSOS ORDINARIOS - RECURSOS NAO VINCULADOS DE IMPOSTOS;100000,0;100000,0;100000,0
9472819;273;2025-07-25 00:00:00;ASSOCIACAO MINEIRA DE EDUCACAO CONTINUADA ASMEC;05.263.848/0001-27;1481;SEDESE;SECRETARIA DE ESTADO DE DESENVOLVIMENTO SOCIAL;43;SUBVENCOES SOCIAIS;1;SUBVENCOES SOCIAIS;10;RECURSOS ORDINARIOS - RECURSOS NAO VINCULADOS DE IMPOSTOS;96737,65;96737,65;96737,65
9472820;236;2025-07-24 00:00:00;FABRIL ESPORTE CLUBE;18.249.664/0001-54;1481;SEDESE;SECRETARIA DE ESTADO DE DESENVOLVIMENTO SOCIAL;42;AUXILIOS;1;AUXILIOS;10;RECURSOS ORDINARIOS - RECURSOS NAO VINCULADOS DE IMPOSTOS;299787,17;299787,17;299787,17
9472821;252;2025-07-25 00:00:00;ASSOCIACAO MINEIRA DE REABILITACAO;17.221.615/0001-40;1481;SEDESE;SECRETARIA DE ESTADO DE DESENVOLVIMENTO SOCIAL;43;SUBVENCOES SOCIAIS;1;SUBVENCOES SOCIAIS;10;RECURSOS ORDINARIOS - RECURSOS NAO VINCULADOS DE IMPOSTOS;106000,0;106000,0;106000,0
9472822;216;2025-07-24 00:00:00;ASSOCIACAO CUIDAR BEM/MG - ACB;10.626.829/0001-58;1481;SEDESE;SECRETARIA DE ESTADO DE DESENVOLVIMENTO SOCIAL;43;SUBVENCOES SOCIAIS;1;SUBVENCOES SOCIAIS;10;RECURSOS ORDINARIOS - RECURSOS NAO VINCULADOS DE IMPOSTOS;98951,0;98951,0;98951,0
9472823;215;2025-07-24 00:00:00;ASILO NOSSA SENHORA AUXILIADORA;18.191.411/0001-77;1481;SEDESE;SECRETARIA DE ESTADO DE DESENVOLVIMENTO SOCIAL;43;SUBVENCOES SOCIAIS;1;SUBVENCOES SOCIAIS;10;RECURSOS ORDINARIOS - RECURSOS NAO VINCULADOS DE IMPOSTOS;100000,0;100000,0;100000,0
9472824;225;2025-07-24 00:00:00;UNIAO FUTEBOL CLUBE;18.992.263/0001-90;1481;SEDESE;SECRETARIA DE ESTADO DE DESENVOLVIMENTO SOCIAL;42;AUXILIOS;1;AUXILIOS;10;RECURSOS ORDINARIOS - RECURSOS NAO VINCULADOS DE IMPOSTOS;248409,04;248409,04;248409,04
9472825;217;2025-07-24 00:00:00;ASSOCIACAO BENEFICENTE PARA TODOS OS POVOS E NACOES-ABTPN;40.412.706/0001-85;1481;SEDESE;SECRETARIA DE ESTADO DE DESENVOLVIMENTO SOCIAL;43;SUBVENCOES SOCIAIS;1;SUBVENCOES SOCIAIS;10;RECURSOS ORDINARIOS - RECURSOS NAO VINCULADOS DE IMPOSTOS;109966,0;109966,0;109966,0
9472825;238;2025-07-24 00:00:00;ASSOCIACAO BENEFICENTE PARA TODOS OS POVOS E NACOES-ABTPN;40.412.706/0001-85;1481;SEDESE;SECRETARIA DE ESTADO DE DESENVOLVIMENTO SOCIAL;42;AUXILIOS;1;AUXILIOS;10;RECURSOS ORDINARIOS - RECURSOS NAO VINCULADOS DE IMPOSTOS;100000,0;100000,0;100000,0
9472826;224;2025-07-24 00:00:00;ASSOCIACAO ESPIRITA BENEFICIENTE CASA DO CAMINHO BEZERRA DE MENEZES;04.788.018/0001-50;1481;SEDESE;SECRETARIA DE ESTADO DE DESENVOLVIMENTO SOCIAL;42;AUXILIOS;1;AUXILIOS;10;RECURSOS ORDINARIOS - RECURSOS NAO VINCULADOS DE IMPOSTOS;99811,67;99811,67;99811,67
9472827;205;2025-07-24 00:00:00;ASSOCIACAO COMUNITARIA DE PREVENCAO AO USO INDEVIDO DE DROGAS;03.015.043/0001-39;1481;SEDESE;SECRETARIA DE ESTADO DE DESENVOLVIMENTO SOCIAL;43;SUBVENCOES SOCIAIS;1;SUBVENCOES SOCIAIS;10;RECURSOS ORDINARIOS - RECURSOS NAO VINCULADOS DE IMPOSTOS;100000,0;100000,0;100000,0
9472828;219;2025-07-24 00:00:00;ASSOCIACAO DOS CATADORES DE PAPEL, PAPELAO E MATERIAL REAPROVEITAVEL;38.743.035/0001-93;1481;SEDESE;SECRETARIA DE ESTADO DE DESENVOLVIMENTO SOCIAL;43;SUBVENCOES SOCIAIS;1;SUBVENCOES SOCIAIS;10;RECURSOS ORDINARIOS - RECURSOS NAO VINCULADOS DE IMPOSTOS;600000,0;600000,0;600000,0
9472829;221;2025-07-24 00:00:00;ASSOCIACAO DOS PAIS E AMIGOS DOS EXCEPCIONAIS DE VISCONDE DO RIO BRANC;26.140.772/0001-12;1481;SEDESE;SECRETARIA DE ESTADO DE DESENVOLVIMENTO SOCIAL;43;SUBVENCOES SOCIAIS;1;SUBVENCOES SOCIAIS;10;RECURSOS ORDINARIOS - RECURSOS NAO VINCULADOS DE IMPOSTOS;100000,0;100000,0;100000,0
9472830;232;2025-07-24 00:00:00;ASSOCIACAO INSTITUTO BOLA PRETA;09.159.597/0001-96;1481;SEDESE;SECRETARIA DE ESTADO DE DESENVOLVIMENTO SOCIAL;43;SUBVENCOES SOCIAIS;1;SUBVENCOES SOCIAIS;10;RECURSOS ORDINARIOS - RECURSOS NAO VINCULADOS DE IMPOSTOS;100000,0;100000,0;100000,0
9472831;226;2025-07-24 00:00:00;ASSOCIACAO COMUNITARIA SHEKINAH;02.108.947/0001-46;1481;SEDESE;SECRETARIA DE ESTADO DE DESENVOLVIMENTO SOCIAL;43;SUBVENCOES SOCIAIS;1;SUBVENCOES SOCIAIS;10;RECURSOS ORDINARIOS - RECURSOS NAO VINCULADOS DE IMPOSTOS;400000,0;400000,0;400000,0
9472832;220;2025-07-24 00:00:00;ASSOCIACAO COMUNITARIA FEMININA DO BAIRRO ANTONIO DINIZ;16.839.052/0001-96;1481;SEDESE;SECRETARIA DE ESTADO DE DESENVOLVIMENTO SOCIAL;43;SUBVENCOES SOCIAIS;1;SUBVENCOES SOCIAIS;10;RECURSOS ORDINARIOS - RECURSOS NAO VINCULADOS DE IMPOSTOS;99816,0;99816,0;99816,0
9472833;223;2025-07-24 00:00:00;INSTITUTO SOCIAL PROSPERAR;07.261.585/0001-42;1481;SEDESE;SECRETARIA DE ESTADO DE DESENVOLVIMENTO SOCIAL;43;SUBVENCOES SOCIAIS;1;SUBVENCOES SOCIAIS;10;RECURSOS ORDINARIOS - RECURSOS NAO VINCULADOS DE IMPOSTOS;100000,0;100000,0;100000,0
9472834;227;2025-07-24 00:00:00;FUNDACAO COMUNITARIA EDUCACIONAL CULTURAL ESPORTIVA PROFISSIONALIZANTE;04.292.141/0001-86;1481;SEDESE;SECRETARIA DE ESTADO DE DESENVOLVIMENTO SOCIAL;43;SUBVENCOES SOCIAIS;1;SUBVENCOES SOCIAIS;10;RECURSOS ORDINARIOS - RECURSOS NAO VINCULADOS DE IMPOSTOS;115000,0;115000,0;115000,0
9472835;211;2025-07-24 00:00:00;ASSOCIACAO TINGUI;03.235.662/0001-39;1481;SEDESE;SECRETARIA DE ESTADO DE DESENVOLVIMENTO SOCIAL;43;SUBVENCOES SOCIAIS;1;SUBVENCOES SOCIAIS;10;RECURSOS ORDINARIOS - RECURSOS NAO VINCULADOS DE IMPOSTOS;224932,8;224932,8;224932,8
9472835;212;2025-07-24 00:00:00;ASSOCIACAO TINGUI;03.235.662/0001-39;1481;SEDESE;SECRETARIA DE ESTADO DE DESENVOLVIMENTO SOCIAL;42;AUXILIOS;1;AUXILIOS;10;RECURSOS ORDINARIOS - RECURSOS NAO VINCULADOS DE IMPOSTOS;24978,22;24978,22;24978,22
9472836;213;2025-07-24 00:00:00;CENTRO DE FORMACAO ATLETA CIDADAO - CEFAC;05.252.737/0001-15;1481;SEDESE;SECRETARIA DE ESTADO DE DESENVOLVIMENTO SOCIAL;43;SUBVENCOES SOCIAIS;1;SUBVENCOES SOCIAIS;10;RECURSOS ORDINARIOS - RECURSOS NAO VINCULADOS DE IMPOSTOS;850000,0;850000,0;850000,0
9472850;4658;2025-08-01 00:00:00;INSTITUTO CAFE SOLIDARIO;14.538.188/0001-30;1271;SECULT;SECRETARIA DE ESTADO DE CULTURA E TURISMO;41;CONTRIBUICOES;1;CONTRIBUICOES;10;RECURSOS ORDINARIOS - RECURSOS NAO VINCULADOS DE IMPOSTOS;100000,0;100000,0;100000,0
9472852;4660;2025-08-01 00:00:00;INSTITUTO ARUNA;41.384.515/0001-10;1271;SECULT;SECRETARIA DE ESTADO DE CULTURA E TURISMO;41;CONTRIBUICOES;1;CONTRIBUICOES;10;RECURSOS ORDINARIOS - RECURSOS NAO VINCULADOS DE IMPOSTOS;100000,0;100000,0;100000,0
9472853;4653;2025-08-01 00:00:00;GRUPO CULTURAL SEMENTE DO VALE;20.210.860/0001-67;1271;SECULT;SECRETARIA DE ESTADO DE CULTURA E TURISMO;41;CONTRIBUICOES;1;CONTRIBUICOES;10;RECURSOS ORDINARIOS - RECURSOS NAO VINCULADOS DE IMPOSTOS;120000,0;120000,0;120000,0
9472854;253;2025-07-29 00:00:00;ALIANCA EM PROL DA APA DE PEDRA BRANCA;27.389.178/0001-22;1371;SEMAD;SECRETARIA DE ESTADO DE MEIO AMBIENTE E DESENVOLVIMENTO SUSTENTAVEL;41;CONTRIBUICOES;1;CONTRIBUICOES;10;RECURSOS ORDINARIOS - RECURSOS NAO VINCULADOS DE IMPOSTOS;100000,0;100000,0;100000,0
9472855;4655;2025-08-01 00:00:00;APJ APRENDER PRODUZIR JUNTOS;22.057.335/0001-89;1271;SECULT;SECRETARIA DE ESTADO DE CULTURA E TURISMO;42;AUXILIOS;1;AUXILIOS;10;RECURSOS ORDINARIOS - RECURSOS NAO VINCULADOS DE IMPOSTOS;30000,0;30000,0;30000,0
9472855;4657;2025-08-01 00:00:00;APJ APRENDER PRODUZIR JUNTOS;22.057.335/0001-89;1271;SECULT;SECRETARIA DE ESTADO DE CULTURA E TURISMO;42;AUXILIOS;1;AUXILIOS;10;RECURSOS ORDINARIOS - RECURSOS NAO VINCULADOS DE IMPOSTOS;50000,0;50000,0;50000,0
9472856;4654;2025-08-01 00:00:00;ASSOCIACAO DE DESENVOLVIMENTO COMUNITARIO DE DOURAD.;01.479.969/0001-50;1271;SECULT;SECRETARIA DE ESTADO DE CULTURA E TURISMO;42;AUXILIOS;1;AUXILIOS;10;RECURSOS ORDINARIOS - RECURSOS NAO VINCULADOS DE IMPOSTOS;100000,0;100000,0;100000,0
9472858;4661;2025-08-01 00:00:00;PM ARINOS;18.125.120/0001-80;1271;SECULT;SECRETARIA DE ESTADO DE CULTURA E TURISMO;42;AUXILIOS;1;AUXILIOS;10;RECURSOS ORDINARIOS - RECURSOS NAO VINCULADOS DE IMPOSTOS;130000,0;130000,0;130000,0
9472859;4656;2025-08-01 00:00:00;CENTRO DE FORMACAO DE PROFISSIONAIS DE MINAS GERAIS - CEPROSMIG;03.127.855/0001-76;1271;SECULT;SECRETARIA DE ESTADO DE CULTURA E TURISMO;41;CONTRIBUICOES;1;CONTRIBUICOES;10;RECURSOS ORDINARIOS - RECURSOS NAO VINCULADOS DE IMPOSTOS;199946,0;199946,0;199946,0
9472860;4666;2025-08-01 00:00:00;ASSOCIACAO HISTORICO CULTURAL MUCURY;09.432.891/0001-20;1271;SECULT;SECRETARIA DE ESTADO DE CULTURA E TURISMO;41;CONTRIBUICOES;1;CONTRIBUICOES;10;RECURSOS ORDINARIOS - RECURSOS NAO VINCULADOS DE IMPOSTOS;150000,0;150000,0;150000,0
9472861;256;2025-07-25 00:00:00;ASSOCIACAO DE MORADORES DE BRUMADO;64.478.381/0001-00;1481;SEDESE;SECRETARIA DE ESTADO DE DESENVOLVIMENTO SOCIAL;43;SUBVENCOES SOCIAIS;1;SUBVENCOES SOCIAIS;10;RECURSOS ORDINARIOS - RECURSOS NAO VINCULADOS DE IMPOSTOS;100000,0;100000,0;100000,0
9472862;275;2025-07-25 00:00:00;APAE DE MONTE AZUL;02.957.941/0001-43;1481;SEDESE;SECRETARIA DE ESTADO DE DESENVOLVIMENTO SOCIAL;43;SUBVENCOES SOCIAIS;1;SUBVENCOES SOCIAIS;10;RECURSOS ORDINARIOS - RECURSOS NAO VINCULADOS DE IMPOSTOS;99995,29;99995,29;99995,29
9472863;229;2025-07-24 00:00:00;LAR DOS IDOSOS PEDRO DINIZ;20.376.828/0001-56;1481;SEDESE;SECRETARIA DE ESTADO DE DESENVOLVIMENTO SOCIAL;42;AUXILIOS;1;AUXILIOS;10;RECURSOS ORDINARIOS - RECURSOS NAO VINCULADOS DE IMPOSTOS;100000,0;100000,0;100000,0
9472864;218;2025-07-24 00:00:00;ASSOCIACAO CASA SAO FRANCISCO;05.105.131/0001-57;1481;SEDESE;SECRETARIA DE ESTADO DE DESENVOLVIMENTO SOCIAL;43;SUBVENCOES SOCIAIS;1;SUBVENCOES SOCIAIS;10;RECURSOS ORDINARIOS - RECURSOS NAO VINCULADOS DE IMPOSTOS;99982,79;99982,79;99982,79
9472866;255;2025-07-25 00:00:00;INSTITUTO DE APOIO A PESSOAS EM SITUACO DE RUA - INAPER;24.053.111/0001-24;1481;SEDESE;SECRETARIA DE ESTADO DE DESENVOLVIMENTO SOCIAL;42;AUXILIOS;1;AUXILIOS;10;RECURSOS ORDINARIOS - RECURSOS NAO VINCULADOS DE IMPOSTOS;100000,0;100000,0;100000,0
9472868;274;2025-07-25 00:00:00;ASSOCIACAO DEFICIENTES MONTE CARMELO;22.229.389/0001-84;1481;SEDESE;SECRETARIA DE ESTADO DE DESENVOLVIMENTO SOCIAL;42;AUXILIOS;1;AUXILIOS;10;RECURSOS ORDINARIOS - RECURSOS NAO VINCULADOS DE IMPOSTOS;99566,47;99566,47;99566,47
9472870;263;2025-07-25 00:00:00;INSTITUTO YOU CAN FLY;12.838.671/0001-05;1481;SEDESE;SECRETARIA DE ESTADO DE DESENVOLVIMENTO SOCIAL;43;SUBVENCOES SOCIAIS;1;SUBVENCOES SOCIAIS;10;RECURSOS ORDINARIOS - RECURSOS NAO VINCULADOS DE IMPOSTOS;100000,0;100000,0;100000,0
9472871;266;2025-07-25 00:00:00;ASILO SAO VICENTE DE PAULO DE RODEIRO/RODEIRO;02.224.162/0001-39;1481;SEDESE;SECRETARIA DE ESTADO DE DESENVOLVIMENTO SOCIAL;42;AUXILIOS;1;AUXILIOS;10;RECURSOS ORDINARIOS - RECURSOS NAO VINCULADOS DE IMPOSTOS;99914,69;99914,69;99914,69
9472872;271;2025-07-25 00:00:00;ONG ALEGRIA DE VIVER;10.765.734/0001-15;1481;SEDESE;SECRETARIA DE ESTADO DE DESENVOLVIMENTO SOCIAL;43;SUBVENCOES SOCIAIS;1;SUBVENCOES SOCIAIS;10;RECURSOS ORDINARIOS - RECURSOS NAO VINCULADOS DE IMPOSTOS;100000,0;100000,0;100000,0
9472873;262;2025-07-25 00:00:00;LAR ABRIGO DR. MARIO DE SOUZA BARROS DE JEQUERI;06.061.841/0001-95;1481;SEDESE;SECRETARIA DE ESTADO DE DESENVOLVIMENTO SOCIAL;42;AUXILIOS;1;AUXILIOS;10;RECURSOS ORDINARIOS - RECURSOS NAO VINCULADOS DE IMPOSTOS;150000,0;150000,0;150000,0
9472874;272;2025-07-25 00:00:00;ASSOCIACAO DE AUXILIO AO DEFICIENTE FISICO;20.920.252/0001-46;1481;SEDESE;SECRETARIA DE ESTADO DE DESENVOLVIMENTO SOCIAL;43;SUBVENCOES SOCIAIS;1;SUBVENCOES SOCIAIS;10;RECURSOS ORDINARIOS - RECURSOS NAO VINCULADOS DE IMPOSTOS;99984,6;99984,6;99984,6
9472875;265;2025-07-25 00:00:00;APAE/IBIRITE;03.341.446/0001-78;1481;SEDESE;SECRETARIA DE ESTADO DE DESENVOLVIMENTO SOCIAL;43;SUBVENCOES SOCIAIS;1;SUBVENCOES SOCIAIS;10;RECURSOS ORDINARIOS - RECURSOS NAO VINCULADOS DE IMPOSTOS;100000,0;100000,0;100000,0
9472876;276;2025-07-25 00:00:00;INSTITUTO ASSISTENCIAL PLURIVIDAS;30.269.950/0001-87;1481;SEDESE;SECRETARIA DE ESTADO DE DESENVOLVIMENTO SOCIAL;43;SUBVENCOES SOCIAIS;1;SUBVENCOES SOCIAIS;10;RECURSOS ORDINARIOS - RECURSOS NAO VINCULADOS DE IMPOSTOS;200000,0;200000,0;200000,0
9472877;267;2025-07-25 00:00:00;ASSOCIACAO BENEFICENTE DE AMPARO SOCIAL;10.624.654/0001-40;1481;SEDESE;SECRETARIA DE ESTADO DE DESENVOLVIMENTO SOCIAL;42;AUXILIOS;1;AUXILIOS;10;RECURSOS ORDINARIOS - RECURSOS NAO VINCULADOS DE IMPOSTOS;90210,08;90210,08;90210,08
9472878;268;2025-07-25 00:00:00;ASSOCIACAO VOLUNTARIOS NO APOIO COMBATE CANCER EM ITAUNA;04.530.015/0001-12;1481;SEDESE;SECRETARIA DE ESTADO DE DESENVOLVIMENTO SOCIAL;43;SUBVENCOES SOCIAIS;1;SUBVENCOES SOCIAIS;10;RECURSOS ORDINARIOS - RECURSOS NAO VINCULADOS DE IMPOSTOS;63400,0;63400,0;63400,0
9472878;269;2025-07-25 00:00:00;ASSOCIACAO VOLUNTARIOS NO APOIO COMBATE CANCER EM ITAUNA;04.530.015/0001-12;1481;SEDESE;SECRETARIA DE ESTADO DE DESENVOLVIMENTO SOCIAL;42;AUXILIOS;1;AUXILIOS;10;RECURSOS ORDINARIOS - RECURSOS NAO VINCULADOS DE IMPOSTOS;136600,0;136600,0;136600,0
9472880;270;2025-07-25 00:00:00;ASSOCIACAO DE PAIS E AMIGOS DOS EXCEPCIONAIS DE JAIBA - APAE;02.997.221/0001-01;1481;SEDESE;SECRETARIA DE ESTADO DE DESENVOLVIMENTO SOCIAL;42;AUXILIOS;1;AUXILIOS;10;RECURSOS ORDINARIOS - RECURSOS NAO VINCULADOS DE IMPOSTOS;100000,0;100000,0;100000,0
9472881;253;2025-07-25 00:00:00;APAE DE NOVA RESENDE;02.111.585/0001-42;1481;SEDESE;SECRETARIA DE ESTADO DE DESENVOLVIMENTO SOCIAL;43;SUBVENCOES SOCIAIS;1;SUBVENCOES SOCIAIS;10;RECURSOS ORDINARIOS - RECURSOS NAO VINCULADOS DE IMPOSTOS;200000,0;200000,0;200000,0
9472882;230;2025-07-24 00:00:00;APAE;02.498.895/0001-61;1481;SEDESE;SECRETARIA DE ESTADO DE DESENVOLVIMENTO SOCIAL;42;AUXILIOS;1;AUXILIOS;10;RECURSOS ORDINARIOS - RECURSOS NAO VINCULADOS DE IMPOSTOS;99663,8;99663,8;99663,8
9472883;260;2025-07-25 00:00:00;ASSOCIACAO DE DESENVOLVIMENTO DOS GERAIS;01.970.975/0001-05;1481;SEDESE;SECRETARIA DE ESTADO DE DESENVOLVIMENTO SOCIAL;43;SUBVENCOES SOCIAIS;1;SUBVENCOES SOCIAIS;10;RECURSOS ORDINARIOS - RECURSOS NAO VINCULADOS DE IMPOSTOS;199999,96;199999,96;199999,96
9472884;257;2025-07-25 00:00:00;CENTRO DE APOIO E CONVIVENCIA;00.831.055/0001-43;1481;SEDESE;SECRETARIA DE ESTADO DE DESENVOLVIMENTO SOCIAL;43;SUBVENCOES SOCIAIS;1;SUBVENCOES SOCIAIS;10;RECURSOS ORDINARIOS - RECURSOS NAO VINCULADOS DE IMPOSTOS;100000,0;100000,0;100000,0
9472885;254;2025-07-25 00:00:00;ORDEM RELIGIOSA DAS ESCOLAS PIAS - PADRES ESCOLAPIOS;17.218.991/0004-29;1481;SEDESE;SECRETARIA DE ESTADO DE DESENVOLVIMENTO SOCIAL;43;SUBVENCOES SOCIAIS;1;SUBVENCOES SOCIAIS;10;RECURSOS ORDINARIOS - RECURSOS NAO VINCULADOS DE IMPOSTOS;100000,0;100000,0;100000,0
9472886;231;2025-07-24 00:00:00;ASSOCIACAO DE PAIS E AMIGOS DOS EXCEPCIONAIS DE NEPOMUCENO;19.016.211/0001-40;1481;SEDESE;SECRETARIA DE ESTADO DE DESENVOLVIMENTO SOCIAL;43;SUBVENCOES SOCIAIS;1;SUBVENCOES SOCIAIS;10;RECURSOS ORDINARIOS - RECURSOS NAO VINCULADOS DE IMPOSTOS;100000,0;100000,0;100000,0
9472887;258;2025-07-25 00:00:00;ASILO SAO VICENTE DE PAULO/ PARAISOPOLIS;23.195.001/0001-34;1481;SEDESE;SECRETARIA DE ESTADO DE DESENVOLVIMENTO SOCIAL;43;SUBVENCOES SOCIAIS;1;SUBVENCOES SOCIAIS;10;RECURSOS ORDINARIOS - RECURSOS NAO VINCULADOS DE IMPOSTOS;100000,0;100000,0;100000,0
9472888;259;2025-07-25 00:00:00;ACAO SOCIAL IBITIURENSE;25.646.837/0001-33;1481;SEDESE;SECRETARIA DE ESTADO DE DESENVOLVIMENTO SOCIAL;42;AUXILIOS;1;AUXILIOS;10;RECURSOS ORDINARIOS - RECURSOS NAO VINCULADOS DE IMPOSTOS;100000,0;100000,0;100000,0
9472889;235;2025-07-24 00:00:00;ASSOCIACAO PROTETORA DE DIVISA NOVA;20.282.166/0001-55;1481;SEDESE;SECRETARIA DE ESTADO DE DESENVOLVIMENTO SOCIAL;43;SUBVENCOES SOCIAIS;1;SUBVENCOES SOCIAIS;10;RECURSOS ORDINARIOS - RECURSOS NAO VINCULADOS DE IMPOSTOS;99362,76;99362,76;99362,76
9472890;411;2025-07-30 00:00:00;LAR DO IDOSO SAO BENEDITO;17.898.503/0001-29;1481;SEDESE;SECRETARIA DE ESTADO DE DESENVOLVIMENTO SOCIAL;43;SUBVENCOES SOCIAIS;1;SUBVENCOES SOCIAIS;10;RECURSOS ORDINARIOS - RECURSOS NAO VINCULADOS DE IMPOSTOS;99966,86;99966,86;99966,86
9472891;233;2025-07-24 00:00:00;CENTRO COMUNITARIO DE MATIAS BARBOSA;05.362.635/0001-52;1481;SEDESE;SECRETARIA DE ESTADO DE DESENVOLVIMENTO SOCIAL;42;AUXILIOS;1;AUXILIOS;10;RECURSOS ORDINARIOS - RECURSOS NAO VINCULADOS DE IMPOSTOS;100000,0;100000,0;100000,0
9472893;250;2025-07-25 00:00:00;ASSOCIACAO ARCA DE ASSISTENCIA SOCIAL - AAAS;30.676.907/0001-36;1481;SEDESE;SECRETARIA DE ESTADO DE DESENVOLVIMENTO SOCIAL;43;SUBVENCOES SOCIAIS;1;SUBVENCOES SOCIAIS;10;RECURSOS ORDINARIOS - RECURSOS NAO VINCULADOS DE IMPOSTOS;150000,0;150000,0;150000,0
9472894;241;2025-07-24 00:00:00;RECANTO OZANAN DA SOCIED.SAO VICENTE DE PAULO;02.947.058/0001-72;1481;SEDESE;SECRETARIA DE ESTADO DE DESENVOLVIMENTO SOCIAL;42;AUXILIOS;1;AUXILIOS;10;RECURSOS ORDINARIOS - RECURSOS NAO VINCULADOS DE IMPOSTOS;217560,2;217560,2;217560,2
9472895;249;2025-07-25 00:00:00;LAR DOS IDOSOS NOSSA SENHORA AUXILIADORA;04.670.459/0001-53;1481;SEDESE;SECRETARIA DE ESTADO DE DESENVOLVIMENTO SOCIAL;42;AUXILIOS;1;AUXILIOS;10;RECURSOS ORDINARIOS - RECURSOS NAO VINCULADOS DE IMPOSTOS;150000,0;150000,0;150000,0
9472896;237;2025-07-24 00:00:00;APJ APRENDER PRODUZIR JUNTOS;22.057.335/0001-89;1481;SEDESE;SECRETARIA DE ESTADO DE DESENVOLVIMENTO SOCIAL;43;SUBVENCOES SOCIAIS;1;SUBVENCOES SOCIAIS;10;RECURSOS ORDINARIOS - RECURSOS NAO VINCULADOS DE IMPOSTOS;249993,62;249993,62;249993,62
9472897;248;2025-07-24 00:00:00;INST PADRE ANTONIO FERREIRA MARTINS-CENTRO DE ACAO SOCIAL E CIDADANIA;08.576.487/0001-67;1481;SEDESE;SECRETARIA DE ESTADO DE DESENVOLVIMENTO SOCIAL;42;AUXILIOS;1;AUXILIOS;10;RECURSOS ORDINARIOS - RECURSOS NAO VINCULADOS DE IMPOSTOS;96346,93;96346,93;96346,93
9472898;242;2025-07-24 00:00:00;ACAO SOCIAL IBITIURENSE;25.646.837/0001-33;1481;SEDESE;SECRETARIA DE ESTADO DE DESENVOLVIMENTO SOCIAL;42;AUXILIOS;1;AUXILIOS;10;RECURSOS ORDINARIOS - RECURSOS NAO VINCULADOS DE IMPOSTOS;144140,7;144140,7;144140,7
9472899;243;2025-07-24 00:00:00;INSTITUTO CORY DE EDUCACAO E CULTURA;11.304.308/0001-47;1481;SEDESE;SECRETARIA DE ESTADO DE DESENVOLVIMENTO SOCIAL;43;SUBVENCOES SOCIAIS;1;SUBVENCOES SOCIAIS;10;RECURSOS ORDINARIOS - RECURSOS NAO VINCULADOS DE IMPOSTOS;100000,0;100000,0;100000,0
9472900;244;2025-07-24 00:00:00;ASILO SAO VICENTE DE PAULO;03.868.609/0001-75;1481;SEDESE;SECRETARIA DE ESTADO DE DESENVOLVIMENTO SOCIAL;43;SUBVENCOES SOCIAIS;1;SUBVENCOES SOCIAIS;10;RECURSOS ORDINARIOS - RECURSOS NAO VINCULADOS DE IMPOSTOS;100000,0;100000,0;100000,0
9472901;245;2025-07-24 00:00:00;INSTITUTO RAMACRISNA;17.283.532/0001-86;1481;SEDESE;SECRETARIA DE ESTADO DE DESENVOLVIMENTO SOCIAL;43;SUBVENCOES SOCIAIS;1;SUBVENCOES SOCIAIS;10;RECURSOS ORDINARIOS - RECURSOS NAO VINCULADOS DE IMPOSTOS;249311,68;249311,68;249311,68
9472902;246;2025-07-24 00:00:00;ASSOCIACAO DE PAIS E AMIGOS DOS EXCEPCIONAIS-APAE;22.737.464/0001-18;1481;SEDESE;SECRETARIA DE ESTADO DE DESENVOLVIMENTO SOCIAL;42;AUXILIOS;1;AUXILIOS;10;RECURSOS ORDINARIOS - RECURSOS NAO VINCULADOS DE IMPOSTOS;100000,0;100000,0;100000,0
9472904;247;2025-07-24 00:00:00;ASSOCIACAO DE PAIS E AMIGOS DOS EXCEPCIONAIS;02.053.800/0001-04;1481;SEDESE;SECRETARIA DE ESTADO DE DESENVOLVIMENTO SOCIAL;42;AUXILIOS;1;AUXILIOS;10;RECURSOS ORDINARIOS - RECURSOS NAO VINCULADOS DE IMPOSTOS;249990,44;249990,44;249990,44
9472905;240;2025-07-24 00:00:00;ASSOCIACAO IMACULADA CONCEICAO;04.195.503/0001-10;1481;SEDESE;SECRETARIA DE ESTADO DE DESENVOLVIMENTO SOCIAL;42;AUXILIOS;1;AUXILIOS;10;RECURSOS ORDINARIOS - RECURSOS NAO VINCULADOS DE IMPOSTOS;239978,43;239978,43;239978,43
9472910;239;2025-07-24 00:00:00;ASSOCIACAO DE PAIS E AMIGOS DOS EXCEPCIONAIS DE LONTRA/MG;13.519.073/0001-36;1481;SEDESE;SECRETARIA DE ESTADO DE DESENVOLVIMENTO SOCIAL;43;SUBVENCOES SOCIAIS;1;SUBVENCOES SOCIAIS;10;RECURSOS ORDINARIOS - RECURSOS NAO VINCULADOS DE IMPOSTOS;100000,0;100000,0;100000,0
9472911;1497;2025-07-25 00:00:00;ABRIGO ANTONIA DUARTE CAIXETA;22.243.356/0001-99;4251;FEAS;FUNDO ESTADUAL DE ASSISTENCIA SOCIAL;42;AUXILIOS;1;AUXILIOS;10;RECURSOS ORDINARIOS - RECURSOS NAO VINCULADOS DE IMPOSTOS;300000,0;300000,0;300000,0
9472912;251;2025-07-25 00:00:00;ASILO SO JOS DA CONFERNCIA SO VICENTE DE PAULO;19.308.980/0001-12;1481;SEDESE;SECRETARIA DE ESTADO DE DESENVOLVIMENTO SOCIAL;43;SUBVENCOES SOCIAIS;1;SUBVENCOES SOCIAIS;10;RECURSOS ORDINARIOS - RECURSOS NAO VINCULADOS DE IMPOSTOS;100000,0;100000,0;100000,0
9472913;312;2025-07-25 00:00:00;ONG  REDE COLABORATIVA BRASIL;23.454.514/0001-12;1481;SEDESE;SECRETARIA DE ESTADO DE DESENVOLVIMENTO SOCIAL;43;SUBVENCOES SOCIAIS;1;SUBVENCOES SOCIAIS;10;RECURSOS ORDINARIOS - RECURSOS NAO VINCULADOS DE IMPOSTOS;106969,98;106969,98;106969,98
9472928;407;2025-07-30 00:00:00;CENTRO SOCIAL VEM COM A GENTE;36.282.594/0001-18;1481;SEDESE;SECRETARIA DE ESTADO DE DESENVOLVIMENTO SOCIAL;43;SUBVENCOES SOCIAIS;1;SUBVENCOES SOCIAIS;10;RECURSOS ORDINARIOS - RECURSOS NAO VINCULADOS DE IMPOSTOS;250000,0;250000,0;250000,0
9472930;4662;2025-08-01 00:00:00;SCOLA DE SAMBA UNIDOS DO ZQ;06.086.463/0001-02;1271;SECULT;SECRETARIA DE ESTADO DE CULTURA E TURISMO;41;CONTRIBUICOES;1;CONTRIBUICOES;10;RECURSOS ORDINARIOS - RECURSOS NAO VINCULADOS DE IMPOSTOS;100000,0;100000,0;100000,0
9472932;413;2025-07-30 00:00:00;ASSOCIACAO COMUNITARIA SHEKINAH;02.108.947/0001-46;1481;SEDESE;SECRETARIA DE ESTADO DE DESENVOLVIMENTO SOCIAL;43;SUBVENCOES SOCIAIS;1;SUBVENCOES SOCIAIS;10;RECURSOS ORDINARIOS - RECURSOS NAO VINCULADOS DE IMPOSTOS;150000,0;150000,0;150000,0
9472933;277;2025-07-25 00:00:00;INSTITUTO DE PESQUISA E INTERVENCAO EM PROJETOS DE GENERO - CDP;48.342.580/0001-21;1481;SEDESE;SECRETARIA DE ESTADO DE DESENVOLVIMENTO SOCIAL;43;SUBVENCOES SOCIAIS;1;SUBVENCOES SOCIAIS;10;RECURSOS ORDINARIOS - RECURSOS NAO VINCULADOS DE IMPOSTOS;99990,0;99990,0;99990,0
9472934;261;2025-07-25 00:00:00;CRECHE COMUNITARIA SAO DOMINGOS SAVIO;18.258.640/0001-61;1481;SEDESE;SECRETARIA DE ESTADO DE DESENVOLVIMENTO SOCIAL;43;SUBVENCOES SOCIAIS;1;SUBVENCOES SOCIAIS;10;RECURSOS ORDINARIOS - RECURSOS NAO VINCULADOS DE IMPOSTOS;2360000,0;2360000,0;2360000,0
9472935;278;2025-07-25 00:00:00;ASSOCIACAO DA ASSISTENCIA SOCIAL REVIVER;03.736.012/0001-77;1481;SEDESE;SECRETARIA DE ESTADO DE DESENVOLVIMENTO SOCIAL;42;AUXILIOS;1;AUXILIOS;10;RECURSOS ORDINARIOS - RECURSOS NAO VINCULADOS DE IMPOSTOS;75000,0;75000,0;75000,0
9472936;465;2025-08-01 00:00:00;ASSOCIACAO DA ESCOLINHA DE FUTEBOL DO MUNIC.FRANCISCO SA;08.646.303/0001-98;1481;SEDESE;SECRETARIA DE ESTADO DE DESENVOLVIMENTO SOCIAL;43;SUBVENCOES SOCIAIS;1;SUBVENCOES SOCIAIS;10;RECURSOS ORDINARIOS - RECURSOS NAO VINCULADOS DE IMPOSTOS;399976,68;399976,68;399976,68
9472937;289;2025-07-25 00:00:00;LAR DO IDOSO SAO VICENTE DE PAULO;03.225.467/0001-28;1481;SEDESE;SECRETARIA DE ESTADO DE DESENVOLVIMENTO SOCIAL;42;AUXILIOS;1;AUXILIOS;10;RECURSOS ORDINARIOS - RECURSOS NAO VINCULADOS DE IMPOSTOS;100000,0;100000,0;100000,0
9472938;414;2025-07-30 00:00:00;PM TAIOBEIRAS;18.017.384/0001-10;1481;SEDESE;SECRETARIA DE ESTADO DE DESENVOLVIMENTO SOCIAL;42;AUXILIOS;1;AUXILIOS;10;RECURSOS ORDINARIOS - RECURSOS NAO VINCULADOS DE IMPOSTOS;89280,08;89280,08;89280,08
9472939;286;2025-07-25 00:00:00;ASSOC. DE PAIS E AMIGOS EXCEPCIONAIS ITAPAGIPE;02.123.161/0001-06;1481;SEDESE;SECRETARIA DE ESTADO DE DESENVOLVIMENTO SOCIAL;42;AUXILIOS;1;AUXILIOS;10;RECURSOS ORDINARIOS - RECURSOS NAO VINCULADOS DE IMPOSTOS;100000,0;100000,0;100000,0
9472940;412;2025-07-30 00:00:00;CENTRO SOCIAL VEM COM A GENTE;36.282.594/0001-18;1481;SEDESE;SECRETARIA DE ESTADO DE DESENVOLVIMENTO SOCIAL;43;SUBVENCOES SOCIAIS;1;SUBVENCOES SOCIAIS;10;RECURSOS ORDINARIOS - RECURSOS NAO VINCULADOS DE IMPOSTOS;199999,92;199999,92;199999,92
9472941;284;2025-07-25 00:00:00;ASSOCIACAO EU ESCOLHI AMAR;28.221.997/0001-29;1481;SEDESE;SECRETARIA DE ESTADO DE DESENVOLVIMENTO SOCIAL;43;SUBVENCOES SOCIAIS;1;SUBVENCOES SOCIAIS;10;RECURSOS ORDINARIOS - RECURSOS NAO VINCULADOS DE IMPOSTOS;167232,0;167232,0;167232,0
9472942;287;2025-07-25 00:00:00;CASA DA CRIANCA DE DELFINOPOLIS;07.158.848/0001-92;1481;SEDESE;SECRETARIA DE ESTADO DE DESENVOLVIMENTO SOCIAL;42;AUXILIOS;1;AUXILIOS;10;RECURSOS ORDINARIOS - RECURSOS NAO VINCULADOS DE IMPOSTOS;249913,67;249913,67;249913,67
9472943;281;2025-07-25 00:00:00;CASA DE ASSISTENCIA AOS IDOSOS LEDIA TANUS BRAS;00.309.851/0001-10;1481;SEDESE;SECRETARIA DE ESTADO DE DESENVOLVIMENTO SOCIAL;42;AUXILIOS;1;AUXILIOS;10;RECURSOS ORDINARIOS - RECURSOS NAO VINCULADOS DE IMPOSTOS;98820,7;98820,7;98820,7
9472944;309;2025-07-25 00:00:00;NGB ASSOCIACO NOVA GERACO BRASIL;21.405.164/0001-79;1481;SEDESE;SECRETARIA DE ESTADO DE DESENVOLVIMENTO SOCIAL;43;SUBVENCOES SOCIAIS;1;SUBVENCOES SOCIAIS;10;RECURSOS ORDINARIOS - RECURSOS NAO VINCULADOS DE IMPOSTOS;100000,0;100000,0;100000,0
9472945;282;2025-07-25 00:00:00;LAR S. VICENTE DE PAULO DE ALFENAS;16.651.838/0001-85;1481;SEDESE;SECRETARIA DE ESTADO DE DESENVOLVIMENTO SOCIAL;43;SUBVENCOES SOCIAIS;1;SUBVENCOES SOCIAIS;10;RECURSOS ORDINARIOS - RECURSOS NAO VINCULADOS DE IMPOSTOS;99998,05;99998,05;99998,05
9472946;402;2025-07-30 00:00:00;ASSOCIACAO DOS PAIS E AMIGOS DOS EXCEPCIONAIS DE VISCONDE DO RIO BRANC;26.140.772/0001-12;1481;SEDESE;SECRETARIA DE ESTADO DE DESENVOLVIMENTO SOCIAL;43;SUBVENCOES SOCIAIS;1;SUBVENCOES SOCIAIS;10;RECURSOS ORDINARIOS - RECURSOS NAO VINCULADOS DE IMPOSTOS;100000,0;100000,0;100000,0
9472947;279;2025-07-25 00:00:00;LAR SAO VICENTE DE PAULO DE PRATAPOLIS;17.946.534/0001-08;1481;SEDESE;SECRETARIA DE ESTADO DE DESENVOLVIMENTO SOCIAL;42;AUXILIOS;1;AUXILIOS;10;RECURSOS ORDINARIOS - RECURSOS NAO VINCULADOS DE IMPOSTOS;150000,0;150000,0;150000,0
9472948;461;2025-08-01 00:00:00;ASSOC.PAIS AMIGOS DOS EXCEPCIONAIS B.VISTA DE MINAS;00.401.780/0001-81;1481;SEDESE;SECRETARIA DE ESTADO DE DESENVOLVIMENTO SOCIAL;43;SUBVENCOES SOCIAIS;1;SUBVENCOES SOCIAIS;10;RECURSOS ORDINARIOS - RECURSOS NAO VINCULADOS DE IMPOSTOS;100000,0;100000,0;100000,0
9472949;415;2025-07-30 00:00:00;ACAO SOCIAL VILLAREGIA;27.825.112/0001-38;1481;SEDESE;SECRETARIA DE ESTADO DE DESENVOLVIMENTO SOCIAL;43;SUBVENCOES SOCIAIS;1;SUBVENCOES SOCIAIS;10;RECURSOS ORDINARIOS - RECURSOS NAO VINCULADOS DE IMPOSTOS;120000,0;120000,0;120000,0
9472950;401;2025-07-30 00:00:00;PROJETO SOCIAL EVA VIANA E AMIGOS;46.512.006/0001-49;1481;SEDESE;SECRETARIA DE ESTADO DE DESENVOLVIMENTO SOCIAL;43;SUBVENCOES SOCIAIS;1;SUBVENCOES SOCIAIS;10;RECURSOS ORDINARIOS - RECURSOS NAO VINCULADOS DE IMPOSTOS;147731,15;147731,15;147731,15
9472951;310;2025-07-25 00:00:00;ASSOCIACAO DA ESCOLINHA DE FUTEBOL DO MUNIC.FRANCISCO SA;08.646.303/0001-98;1481;SEDESE;SECRETARIA DE ESTADO DE DESENVOLVIMENTO SOCIAL;43;SUBVENCOES SOCIAIS;1;SUBVENCOES SOCIAIS;10;RECURSOS ORDINARIOS - RECURSOS NAO VINCULADOS DE IMPOSTOS;200000,0;200000,0;200000,0
9472952;318;2025-07-28 00:00:00;APAE SACRAMENTO;17.807.751/0001-17;1481;SEDESE;SECRETARIA DE ESTADO DE DESENVOLVIMENTO SOCIAL;42;AUXILIOS;1;AUXILIOS;10;RECURSOS ORDINARIOS - RECURSOS NAO VINCULADOS DE IMPOSTOS;100000,0;100000,0;100000,0
9472954;316;2025-07-28 00:00:00;ASSOC COMUNITARIA DO B. PEDRA BRANCA E ADJ ASCOPEBA;17.398.553/0001-47;1481;SEDESE;SECRETARIA DE ESTADO DE DESENVOLVIMENTO SOCIAL;43;SUBVENCOES SOCIAIS;1;SUBVENCOES SOCIAIS;10;RECURSOS ORDINARIOS - RECURSOS NAO VINCULADOS DE IMPOSTOS;50000,0;50000,0;50000,0
9472954;317;2025-07-28 00:00:00;ASSOC COMUNITARIA DO B. PEDRA BRANCA E ADJ ASCOPEBA;17.398.553/0001-47;1481;SEDESE;SECRETARIA DE ESTADO DE DESENVOLVIMENTO SOCIAL;42;AUXILIOS;1;AUXILIOS;10;RECURSOS ORDINARIOS - RECURSOS NAO VINCULADOS DE IMPOSTOS;100000,0;100000,0;100000,0
9472955;419;2025-07-30 00:00:00;LAR SAO VICENTE DE PAULA;21.407.275/0001-14;1481;SEDESE;SECRETARIA DE ESTADO DE DESENVOLVIMENTO SOCIAL;42;AUXILIOS;1;AUXILIOS;10;RECURSOS ORDINARIOS - RECURSOS NAO VINCULADOS DE IMPOSTOS;299999,79;299999,79;299999,79
9472956;292;2025-07-25 00:00:00;CASA CENTRO DE ASSISTENCIA SOCIAL ADONAI;07.096.527/0001-00;1481;SEDESE;SECRETARIA DE ESTADO DE DESENVOLVIMENTO SOCIAL;42;AUXILIOS;1;AUXILIOS;10;RECURSOS ORDINARIOS - RECURSOS NAO VINCULADOS DE IMPOSTOS;150089,47;150089,47;150089,47
9472957;430;2025-07-31 00:00:00;ASSOCIACAO COMUNITARIA NOSSA SENHORA DA ROSA MISTICA;03.999.569/0001-09;1481;SEDESE;SECRETARIA DE ESTADO DE DESENVOLVIMENTO SOCIAL;43;SUBVENCOES SOCIAIS;1;SUBVENCOES SOCIAIS;10;RECURSOS ORDINARIOS - RECURSOS NAO VINCULADOS DE IMPOSTOS;100000,0;100000,0;100000,0
9472959;291;2025-07-25 00:00:00;APAE DE IJACI;09.048.313/0001-94;1481;SEDESE;SECRETARIA DE ESTADO DE DESENVOLVIMENTO SOCIAL;43;SUBVENCOES SOCIAIS;1;SUBVENCOES SOCIAIS;10;RECURSOS ORDINARIOS - RECURSOS NAO VINCULADOS DE IMPOSTOS;100000,0;100000,0;100000,0
9472961;417;2025-07-30 00:00:00;ASSOCIACAO DE PAIS E AMIGOS DOS EXCEPCIONAIS DE GUARANESIA;21.417.837/0001-00;1481;SEDESE;SECRETARIA DE ESTADO DE DESENVOLVIMENTO SOCIAL;43;SUBVENCOES SOCIAIS;1;SUBVENCOES SOCIAIS;10;RECURSOS ORDINARIOS - RECURSOS NAO VINCULADOS DE IMPOSTOS;49994,25;49994,25;49994,25
9472961;418;2025-07-30 00:00:00;ASSOCIACAO DE PAIS E AMIGOS DOS EXCEPCIONAIS DE GUARANESIA;21.417.837/0001-00;1481;SEDESE;SECRETARIA DE ESTADO DE DESENVOLVIMENTO SOCIAL;42;AUXILIOS;1;AUXILIOS;10;RECURSOS ORDINARIOS - RECURSOS NAO VINCULADOS DE IMPOSTOS;50000,0;50000,0;50000,0
9472962;416;2025-07-30 00:00:00;ONG  REDE COLABORATIVA BRASIL;23.454.514/0001-12;1481;SEDESE;SECRETARIA DE ESTADO DE DESENVOLVIMENTO SOCIAL;43;SUBVENCOES SOCIAIS;1;SUBVENCOES SOCIAIS;10;RECURSOS ORDINARIOS - RECURSOS NAO VINCULADOS DE IMPOSTOS;100000,0;100000,0;100000,0
9472963;477;2025-08-01 00:00:00;INSTITUTO HELENA ANTIPOFF;20.167.813/0001-88;1481;SEDESE;SECRETARIA DE ESTADO DE DESENVOLVIMENTO SOCIAL;42;AUXILIOS;1;AUXILIOS;10;RECURSOS ORDINARIOS - RECURSOS NAO VINCULADOS DE IMPOSTOS;100000,0;100000,0;100000,0
9472964;431;2025-07-31 00:00:00;INSTITUTO CULTURAL SEMIFUSA;14.546.793/0001-53;1481;SEDESE;SECRETARIA DE ESTADO DE DESENVOLVIMENTO SOCIAL;43;SUBVENCOES SOCIAIS;1;SUBVENCOES SOCIAIS;10;RECURSOS ORDINARIOS - RECURSOS NAO VINCULADOS DE IMPOSTOS;100000,0;100000,0;100000,0
9472965;400;2025-07-30 00:00:00;LAR SAO JOSE DA SOCIEDADE SAO VICENTE DE PAULO;18.267.179/0001-03;1481;SEDESE;SECRETARIA DE ESTADO DE DESENVOLVIMENTO SOCIAL;43;SUBVENCOES SOCIAIS;1;SUBVENCOES SOCIAIS;10;RECURSOS ORDINARIOS - RECURSOS NAO VINCULADOS DE IMPOSTOS;150000,0;150000,0;150000,0
9472966;326;2025-07-28 00:00:00;ASSOCIACAO PADRE TIAOZINHO DE APOIO A PACIENTES COM CANCER;06.336.300/0001-22;1481;SEDESE;SECRETARIA DE ESTADO DE DESENVOLVIMENTO SOCIAL;42;AUXILIOS;1;AUXILIOS;10;RECURSOS ORDINARIOS - RECURSOS NAO VINCULADOS DE IMPOSTOS;150000,0;150000,0;150000,0
9472967;448;2025-08-01 00:00:00;MARIANAS, MULHERES QUE INSPIRAM;36.180.820/0001-50;1481;SEDESE;SECRETARIA DE ESTADO DE DESENVOLVIMENTO SOCIAL;43;SUBVENCOES SOCIAIS;1;SUBVENCOES SOCIAIS;10;RECURSOS ORDINARIOS - RECURSOS NAO VINCULADOS DE IMPOSTOS;135000,0;135000,0;135000,0
9472968;254;2025-07-29 00:00:00;ASSOCIACAO JANUARENSE UNIDA PELA DEFESA ANIMAL;43.513.943/0001-20;1371;SEMAD;SECRETARIA DE ESTADO DE MEIO AMBIENTE E DESENVOLVIMENTO SUSTENTAVEL;41;CONTRIBUICOES;1;CONTRIBUICOES;10;RECURSOS ORDINARIOS - RECURSOS NAO VINCULADOS DE IMPOSTOS;80000,0;80000,0;80000,0
9472968;255;2025-07-29 00:00:00;ASSOCIACAO JANUARENSE UNIDA PELA DEFESA ANIMAL;43.513.943/0001-20;1371;SEMAD;SECRETARIA DE ESTADO DE MEIO AMBIENTE E DESENVOLVIMENTO SUSTENTAVEL;41;CONTRIBUICOES;1;CONTRIBUICOES;10;RECURSOS ORDINARIOS - RECURSOS NAO VINCULADOS DE IMPOSTOS;20000,0;20000,0;20000,0
9472969;319;2025-07-28 00:00:00;LAR DOS IDOSOS NOSSA SENHORA AUXILIADORA;04.670.459/0001-53;1481;SEDESE;SECRETARIA DE ESTADO DE DESENVOLVIMENTO SOCIAL;42;AUXILIOS;1;AUXILIOS;10;RECURSOS ORDINARIOS - RECURSOS NAO VINCULADOS DE IMPOSTOS;99957,66;99957,66;99957,66
9472970;328;2025-07-28 00:00:00;ASSOCIACAO PROMOTORA DE ASSISTENCIA SOCIAL;02.080.445/0001-54;1481;SEDESE;SECRETARIA DE ESTADO DE DESENVOLVIMENTO SOCIAL;43;SUBVENCOES SOCIAIS;1;SUBVENCOES SOCIAIS;10;RECURSOS ORDINARIOS - RECURSOS NAO VINCULADOS DE IMPOSTOS;150000,0;150000,0;150000,0
9472971;296;2025-07-25 00:00:00;ASSOCIACAO COMUNITARIA SHEKINAH;02.108.947/0001-46;1481;SEDESE;SECRETARIA DE ESTADO DE DESENVOLVIMENTO SOCIAL;43;SUBVENCOES SOCIAIS;1;SUBVENCOES SOCIAIS;10;RECURSOS ORDINARIOS - RECURSOS NAO VINCULADOS DE IMPOSTOS;300000,0;300000,0;300000,0
9472972;323;2025-07-28 00:00:00;APAE DE PARAISOPOLIS;19.014.935/0001-55;1481;SEDESE;SECRETARIA DE ESTADO DE DESENVOLVIMENTO SOCIAL;43;SUBVENCOES SOCIAIS;1;SUBVENCOES SOCIAIS;10;RECURSOS ORDINARIOS - RECURSOS NAO VINCULADOS DE IMPOSTOS;100000,0;100000,0;100000,0
9472973;320;2025-07-28 00:00:00;ASSOCIACAO CASA DA CRIANCA MARIA ANTONIA;20.211.819/0001-05;1481;SEDESE;SECRETARIA DE ESTADO DE DESENVOLVIMENTO SOCIAL;43;SUBVENCOES SOCIAIS;1;SUBVENCOES SOCIAIS;10;RECURSOS ORDINARIOS - RECURSOS NAO VINCULADOS DE IMPOSTOS;35000,0;35000,0;35000,0
9472973;321;2025-07-28 00:00:00;ASSOCIACAO CASA DA CRIANCA MARIA ANTONIA;20.211.819/0001-05;1481;SEDESE;SECRETARIA DE ESTADO DE DESENVOLVIMENTO SOCIAL;42;AUXILIOS;1;AUXILIOS;10;RECURSOS ORDINARIOS - RECURSOS NAO VINCULADOS DE IMPOSTOS;70000,0;70000,0;70000,0
9472974;327;2025-07-28 00:00:00;LAR DOS IDOSOS MONSENHOR OTAVIANO DA SSVP DE LADAINHA;21.297.148/0001-00;1481;SEDESE;SECRETARIA DE ESTADO DE DESENVOLVIMENTO SOCIAL;43;SUBVENCOES SOCIAIS;1;SUBVENCOES SOCIAIS;10;RECURSOS ORDINARIOS - RECURSOS NAO VINCULADOS DE IMPOSTOS;100000,0;100000,0;100000,0
9472977;434;2025-07-31 00:00:00;ASSOCIACAO CUIDAR BEM/MG - ACB;10.626.829/0001-58;1481;SEDESE;SECRETARIA DE ESTADO DE DESENVOLVIMENTO SOCIAL;43;SUBVENCOES SOCIAIS;1;SUBVENCOES SOCIAIS;10;RECURSOS ORDINARIOS - RECURSOS NAO VINCULADOS DE IMPOSTOS;246361,36;246361,36;246361,36
9472978;294;2025-07-25 00:00:00;ASSOCIACAO DE PAIS E AMIGOS DOS EXCEPXIONAIS-APAE;70.918.834/0001-66;1481;SEDESE;SECRETARIA DE ESTADO DE DESENVOLVIMENTO SOCIAL;42;AUXILIOS;1;AUXILIOS;10;RECURSOS ORDINARIOS - RECURSOS NAO VINCULADOS DE IMPOSTOS;100000,0;100000,0;100000,0
9472979;322;2025-07-28 00:00:00;APAE FRUTAL;20.043.493/0001-54;1481;SEDESE;SECRETARIA DE ESTADO DE DESENVOLVIMENTO SOCIAL;42;AUXILIOS;1;AUXILIOS;10;RECURSOS ORDINARIOS - RECURSOS NAO VINCULADOS DE IMPOSTOS;99963,0;99963,0;99963,0
9472980;325;2025-07-28 00:00:00;ASSOCIACAO DOS AGRICULTORES FAMILIARES DE PONTE DOS CIGANOS;21.371.067/0001-02;1481;SEDESE;SECRETARIA DE ESTADO DE DESENVOLVIMENTO SOCIAL;42;AUXILIOS;1;AUXILIOS;10;RECURSOS ORDINARIOS - RECURSOS NAO VINCULADOS DE IMPOSTOS;125737,7;125737,7;125737,7
9472981;324;2025-07-28 00:00:00;LAR DOS IDOSOS NOSSA SENHORA AUXILIADORA;04.670.459/0001-53;1481;SEDESE;SECRETARIA DE ESTADO DE DESENVOLVIMENTO SOCIAL;42;AUXILIOS;1;AUXILIOS;10;RECURSOS ORDINARIOS - RECURSOS NAO VINCULADOS DE IMPOSTOS;99986,5;99986,5;99986,5
9472982;299;2025-07-25 00:00:00;ASSOCIACAO COMUNITARIA SANTO EXPEDITO DOS MORADORE DA VENTOSA;04.613.888/0001-99;1481;SEDESE;SECRETARIA DE ESTADO DE DESENVOLVIMENTO SOCIAL;43;SUBVENCOES SOCIAIS;1;SUBVENCOES SOCIAIS;10;RECURSOS ORDINARIOS - RECURSOS NAO VINCULADOS DE IMPOSTOS;100000,0;100000,0;100000,0
9472983;308;2025-07-25 00:00:00;FUNDACAO OASIS;01.030.958/0001-98;1481;SEDESE;SECRETARIA DE ESTADO DE DESENVOLVIMENTO SOCIAL;42;AUXILIOS;1;AUXILIOS;10;RECURSOS ORDINARIOS - RECURSOS NAO VINCULADOS DE IMPOSTOS;200000,0;200000,0;200000,0
9472984;445;2025-08-01 00:00:00;ASSOCIACAO CULTURAL RECREATIVA BLOCO MACULELE;26.670.290/0001-74;1481;SEDESE;SECRETARIA DE ESTADO DE DESENVOLVIMENTO SOCIAL;43;SUBVENCOES SOCIAIS;1;SUBVENCOES SOCIAIS;10;RECURSOS ORDINARIOS - RECURSOS NAO VINCULADOS DE IMPOSTOS;115000,0;115000,0;115000,0
9472985;453;2025-08-01 00:00:00;APAE / NOVA SERRANA;00.121.538/0001-54;1481;SEDESE;SECRETARIA DE ESTADO DE DESENVOLVIMENTO SOCIAL;43;SUBVENCOES SOCIAIS;1;SUBVENCOES SOCIAIS;10;RECURSOS ORDINARIOS - RECURSOS NAO VINCULADOS DE IMPOSTOS;300000,0;300000,0;300000,0
9472986;297;2025-07-25 00:00:00;LAR DA CRIANCA ADEODATO DOS REIS MEIRELHES;19.127.372/0001-01;1481;SEDESE;SECRETARIA DE ESTADO DE DESENVOLVIMENTO SOCIAL;43;SUBVENCOES SOCIAIS;1;SUBVENCOES SOCIAIS;10;RECURSOS ORDINARIOS - RECURSOS NAO VINCULADOS DE IMPOSTOS;97139,68;97139,68;97139,68
9472987;280;2025-07-25 00:00:00;INSTITUTO EDUCACIONAL PARA CONSCIENTIZACAO E REALIZACAO DE POLITICAS P;08.600.544/0001-04;1481;SEDESE;SECRETARIA DE ESTADO DE DESENVOLVIMENTO SOCIAL;43;SUBVENCOES SOCIAIS;1;SUBVENCOES SOCIAIS;10;RECURSOS ORDINARIOS - RECURSOS NAO VINCULADOS DE IMPOSTOS;139400,0;139400,0;139400,0
9472988;435;2025-07-31 00:00:00;INSTITUTO PARA O DESENVOLVIMENTO SUSTENTAVEL - IDES;09.563.068/0001-53;1481;SEDESE;SECRETARIA DE ESTADO DE DESENVOLVIMENTO SOCIAL;43;SUBVENCOES SOCIAIS;1;SUBVENCOES SOCIAIS;10;RECURSOS ORDINARIOS - RECURSOS NAO VINCULADOS DE IMPOSTOS;80000,0;80000,0;80000,0
9472988;436;2025-07-31 00:00:00;INSTITUTO PARA O DESENVOLVIMENTO SUSTENTAVEL - IDES;09.563.068/0001-53;1481;SEDESE;SECRETARIA DE ESTADO DE DESENVOLVIMENTO SOCIAL;42;AUXILIOS;1;AUXILIOS;10;RECURSOS ORDINARIOS - RECURSOS NAO VINCULADOS DE IMPOSTOS;20000,0;20000,0;20000,0
9472989;449;2025-08-01 00:00:00;ONG CIDADANIA;09.377.853/0001-11;1481;SEDESE;SECRETARIA DE ESTADO DE DESENVOLVIMENTO SOCIAL;43;SUBVENCOES SOCIAIS;1;SUBVENCOES SOCIAIS;10;RECURSOS ORDINARIOS - RECURSOS NAO VINCULADOS DE IMPOSTOS;169920,0;169920,0;169920,0
9472991;283;2025-07-25 00:00:00;CIDADE OZANAN DE PARA DE MINAS;20.898.458/0001-17;1481;SEDESE;SECRETARIA DE ESTADO DE DESENVOLVIMENTO SOCIAL;43;SUBVENCOES SOCIAIS;1;SUBVENCOES SOCIAIS;10;RECURSOS ORDINARIOS - RECURSOS NAO VINCULADOS DE IMPOSTOS;100000,0;100000,0;100000,0
9472992;456;2025-08-01 00:00:00;ASSOCIACAO COMUNITARIA SANTA TEREZA DO BURAQUINHO;03.727.986/0001-94;1481;SEDESE;SECRETARIA DE ESTADO DE DESENVOLVIMENTO SOCIAL;42;AUXILIOS;1;AUXILIOS;10;RECURSOS ORDINARIOS - RECURSOS NAO VINCULADOS DE IMPOSTOS;100000,0;100000,0;100000,0
9472993;450;2025-08-01 00:00:00;PROJETO EBENEZER;22.997.041/0001-37;1481;SEDESE;SECRETARIA DE ESTADO DE DESENVOLVIMENTO SOCIAL;43;SUBVENCOES SOCIAIS;1;SUBVENCOES SOCIAIS;10;RECURSOS ORDINARIOS - RECURSOS NAO VINCULADOS DE IMPOSTOS;30000,0;30000,0;30000,0
9472993;451;2025-08-01 00:00:00;PROJETO EBENEZER;22.997.041/0001-37;1481;SEDESE;SECRETARIA DE ESTADO DE DESENVOLVIMENTO SOCIAL;42;AUXILIOS;1;AUXILIOS;10;RECURSOS ORDINARIOS - RECURSOS NAO VINCULADOS DE IMPOSTOS;69994,69;69994,69;69994,69
9472994;452;2025-08-01 00:00:00;APJ APRENDER PRODUZIR JUNTOS;22.057.335/0001-89;1481;SEDESE;SECRETARIA DE ESTADO DE DESENVOLVIMENTO SOCIAL;42;AUXILIOS;1;AUXILIOS;10;RECURSOS ORDINARIOS - RECURSOS NAO VINCULADOS DE IMPOSTOS;100000,0;100000,0;100000,0
9472995;433;2025-07-31 00:00:00;ASSOCIACAO BRASILEIRA DE PACIENTES DE CANNABIS MEDICINAL;24.532.173/0001-19;1481;SEDESE;SECRETARIA DE ESTADO DE DESENVOLVIMENTO SOCIAL;42;AUXILIOS;1;AUXILIOS;10;RECURSOS ORDINARIOS - RECURSOS NAO VINCULADOS DE IMPOSTOS;100000,0;100000,0;100000,0
9472996;577;2025-08-06 00:00:00;INSTITUTO NUTRI BRASIL;07.979.270/0001-35;1481;SEDESE;SECRETARIA DE ESTADO DE DESENVOLVIMENTO SOCIAL;43;SUBVENCOES SOCIAIS;1;SUBVENCOES SOCIAIS;10;RECURSOS ORDINARIOS - RECURSOS NAO VINCULADOS DE IMPOSTOS;199980,4;199980,4;199980,4
9472997;596;2025-08-07 00:00:00;ASSOCIACAO COMUNITARIA DE PREVENCAO AO USO INDEVIDO DE DROGAS;03.015.043/0001-39;1481;SEDESE;SECRETARIA DE ESTADO DE DESENVOLVIMENTO SOCIAL;43;SUBVENCOES SOCIAIS;1;SUBVENCOES SOCIAIS;10;RECURSOS ORDINARIOS - RECURSOS NAO VINCULADOS DE IMPOSTOS;200000,0;200000,0;200000,0
9472998;598;2025-08-07 00:00:00;INSTITUTO SOCIAL PROSPERAR;07.261.585/0001-42;1481;SEDESE;SECRETARIA DE ESTADO DE DESENVOLVIMENTO SOCIAL;43;SUBVENCOES SOCIAIS;1;SUBVENCOES SOCIAIS;10;RECURSOS ORDINARIOS - RECURSOS NAO VINCULADOS DE IMPOSTOS;173616,0;173616,0;173616,0
9472998;599;2025-08-07 00:00:00;INSTITUTO SOCIAL PROSPERAR;07.261.585/0001-42;1481;SEDESE;SECRETARIA DE ESTADO DE DESENVOLVIMENTO SOCIAL;42;AUXILIOS;1;AUXILIOS;10;RECURSOS ORDINARIOS - RECURSOS NAO VINCULADOS DE IMPOSTOS;30000,0;30000,0;30000,0
9472999;1579;2025-09-03 00:00:00;APAE;02.498.895/0001-61;4251;FEAS;FUNDO ESTADUAL DE ASSISTENCIA SOCIAL;43;SUBVENCOES SOCIAIS;1;SUBVENCOES SOCIAIS;10;RECURSOS ORDINARIOS - RECURSOS NAO VINCULADOS DE IMPOSTOS;99904,61;99904,61;99904,61
9473000;594;2025-08-07 00:00:00;ASSOCIACAO DOS ASSENTADOS FAMILIAR DO ASSENTAMENTO 1 DO SUL DE CAMPO D;02.046.165/0001-20;1481;SEDESE;SECRETARIA DE ESTADO DE DESENVOLVIMENTO SOCIAL;43;SUBVENCOES SOCIAIS;1;SUBVENCOES SOCIAIS;10;RECURSOS ORDINARIOS - RECURSOS NAO VINCULADOS DE IMPOSTOS;100000,0;100000,0;100000,0
9473001;593;2025-08-07 00:00:00;ASSOCIACAO JUNTOS FAZENDO O BEM;37.210.900/0001-73;1481;SEDESE;SECRETARIA DE ESTADO DE DESENVOLVIMENTO SOCIAL;43;SUBVENCOES SOCIAIS;1;SUBVENCOES SOCIAIS;10;RECURSOS ORDINARIOS - RECURSOS NAO VINCULADOS DE IMPOSTOS;99988,56;99988,56;99988,56
9473002;591;2025-08-07 00:00:00;ASILO SAO VICENTE DE PAULO GUARANESIA;19.055.193/0001-06;1481;SEDESE;SECRETARIA DE ESTADO DE DESENVOLVIMENTO SOCIAL;42;AUXILIOS;1;AUXILIOS;10;RECURSOS ORDINARIOS - RECURSOS NAO VINCULADOS DE IMPOSTOS;100000,0;100000,0;100000,0
9473003;590;2025-08-07 00:00:00;SOCIEDADE UBAENSE DE ARTES E OFICIOS;25.337.908/0001-16;1481;SEDESE;SECRETARIA DE ESTADO DE DESENVOLVIMENTO SOCIAL;42;AUXILIOS;1;AUXILIOS;10;RECURSOS ORDINARIOS - RECURSOS NAO VINCULADOS DE IMPOSTOS;132763,33;132763,33;132763,33
9473005;578;2025-08-06 00:00:00;ASSOCIACAO DOS MORADORES DO BAIRRO NOVO PROGRESSO II;16.684.664/0001-57;1481;SEDESE;SECRETARIA DE ESTADO DE DESENVOLVIMENTO SOCIAL;43;SUBVENCOES SOCIAIS;1;SUBVENCOES SOCIAIS;10;RECURSOS ORDINARIOS - RECURSOS NAO VINCULADOS DE IMPOSTOS;400000,0;400000,0;400000,0
9473006;589;2025-08-07 00:00:00;INSTITUTO OPORTUNIDADES E EMPODERAMENTO SOCIAL;24.021.009/0001-47;1481;SEDESE;SECRETARIA DE ESTADO DE DESENVOLVIMENTO SOCIAL;43;SUBVENCOES SOCIAIS;1;SUBVENCOES SOCIAIS;10;RECURSOS ORDINARIOS - RECURSOS NAO VINCULADOS DE IMPOSTOS;99999,98;99999,98;99999,98
9473007;579;2025-08-06 00:00:00;ALIANCA EM PROL DA APA DE PEDRA BRANCA;27.389.178/0001-22;1481;SEDESE;SECRETARIA DE ESTADO DE DESENVOLVIMENTO SOCIAL;43;SUBVENCOES SOCIAIS;1;SUBVENCOES SOCIAIS;10;RECURSOS ORDINARIOS - RECURSOS NAO VINCULADOS DE IMPOSTOS;99998,4;99998,4;99998,4
9473008;302;2025-07-25 00:00:00;LAR DA CRIANCA ADEODATO DOS REIS MEIRELHES;19.127.372/0001-01;1481;SEDESE;SECRETARIA DE ESTADO DE DESENVOLVIMENTO SOCIAL;43;SUBVENCOES SOCIAIS;1;SUBVENCOES SOCIAIS;10;RECURSOS ORDINARIOS - RECURSOS NAO VINCULADOS DE IMPOSTOS;0,0;0,0;0,0
9473008;303;2025-07-25 00:00:00;LAR DA CRIANCA ADEODATO DOS REIS MEIRELHES;19.127.372/0001-01;1481;SEDESE;SECRETARIA DE ESTADO DE DESENVOLVIMENTO SOCIAL;43;SUBVENCOES SOCIAIS;1;SUBVENCOES SOCIAIS;10;RECURSOS ORDINARIOS - RECURSOS NAO VINCULADOS DE IMPOSTOS;99999,99;99999,99;99999,99
9473009;285;2025-07-25 00:00:00;ASSOCIACAO PRO-AUTISTAS;34.606.864/0001-73;1481;SEDESE;SECRETARIA DE ESTADO DE DESENVOLVIMENTO SOCIAL;43;SUBVENCOES SOCIAIS;1;SUBVENCOES SOCIAIS;10;RECURSOS ORDINARIOS - RECURSOS NAO VINCULADOS DE IMPOSTOS;250000,0;250000,0;250000,0
9473010;295;2025-07-25 00:00:00;PM CACHOEIRA DO PAJEU;18.414.599/0001-75;1481;SEDESE;SECRETARIA DE ESTADO DE DESENVOLVIMENTO SOCIAL;42;AUXILIOS;1;AUXILIOS;10;RECURSOS ORDINARIOS - RECURSOS NAO VINCULADOS DE IMPOSTOS;90210,08;90210,08;90210,08
9473011;581;2025-08-06 00:00:00;ASSOCIACAO NACIONAL DOS ATINGIDOS POR BARRAGENS;73.316.457/0001-83;1481;SEDESE;SECRETARIA DE ESTADO DE DESENVOLVIMENTO SOCIAL;43;SUBVENCOES SOCIAIS;1;SUBVENCOES SOCIAIS;10;RECURSOS ORDINARIOS - RECURSOS NAO VINCULADOS DE IMPOSTOS;150000,0;150000,0;150000,0
9473011;582;2025-08-06 00:00:00;ASSOCIACAO NACIONAL DOS ATINGIDOS POR BARRAGENS;73.316.457/0001-83;1481;SEDESE;SECRETARIA DE ESTADO DE DESENVOLVIMENTO SOCIAL;42;AUXILIOS;1;AUXILIOS;10;RECURSOS ORDINARIOS - RECURSOS NAO VINCULADOS DE IMPOSTOS;0,0;0,0;0,0
9473011;606;2025-08-11 00:00:00;ASSOCIACAO NACIONAL DOS ATINGIDOS POR BARRAGENS;73.316.457/0001-83;1481;SEDESE;SECRETARIA DE ESTADO DE DESENVOLVIMENTO SOCIAL;42;AUXILIOS;1;AUXILIOS;10;RECURSOS ORDINARIOS - RECURSOS NAO VINCULADOS DE IMPOSTOS;50000,0;50000,0;50000,0
9473012;288;2025-07-25 00:00:00;ASSOCIACAO RELIGIOSA E CULTURAL DA TRADICAO DE MATRIZ AFRICANA ROCA KO;21.359.211/0001-95;1481;SEDESE;SECRETARIA DE ESTADO DE DESENVOLVIMENTO SOCIAL;43;SUBVENCOES SOCIAIS;1;SUBVENCOES SOCIAIS;10;RECURSOS ORDINARIOS - RECURSOS NAO VINCULADOS DE IMPOSTOS;0,0;0,0;0,0
9473012;290;2025-07-25 00:00:00;ASSOCIACAO RELIGIOSA E CULTURAL DA TRADICAO DE MATRIZ AFRICANA ROCA KO;21.359.211/0001-95;1481;SEDESE;SECRETARIA DE ESTADO DE DESENVOLVIMENTO SOCIAL;43;SUBVENCOES SOCIAIS;1;SUBVENCOES SOCIAIS;10;RECURSOS ORDINARIOS - RECURSOS NAO VINCULADOS DE IMPOSTOS;100000,0;100000,0;100000,0
9473014;304;2025-07-25 00:00:00;INSTITUTO EDUCACIONAL PARA CONSCIENTIZACAO E REALIZACAO DE POLITICAS P;08.600.544/0001-04;1481;SEDESE;SECRETARIA DE ESTADO DE DESENVOLVIMENTO SOCIAL;43;SUBVENCOES SOCIAIS;1;SUBVENCOES SOCIAIS;10;RECURSOS ORDINARIOS - RECURSOS NAO VINCULADOS DE IMPOSTOS;249996,0;249996,0;249996,0
9473015;305;2025-07-25 00:00:00;ASSOCIACAO ESCOLA FAMILIA AGRICOLA DA REGIAO DO VALE DO SAO FRANCISCO;07.355.853/0001-95;1481;SEDESE;SECRETARIA DE ESTADO DE DESENVOLVIMENTO SOCIAL;42;AUXILIOS;1;AUXILIOS;10;RECURSOS ORDINARIOS - RECURSOS NAO VINCULADOS DE IMPOSTOS;130000,0;130000,0;130000,0
9473017;293;2025-07-25 00:00:00;ASSOCIACAO CUIDAR BEM/MG - ACB;10.626.829/0001-58;1481;SEDESE;SECRETARIA DE ESTADO DE DESENVOLVIMENTO SOCIAL;43;SUBVENCOES SOCIAIS;1;SUBVENCOES SOCIAIS;10;RECURSOS ORDINARIOS - RECURSOS NAO VINCULADOS DE IMPOSTOS;699968,52;699968,52;699968,52
9473018;306;2025-07-25 00:00:00;APAE DE MONTE SANTO DE MINAS;45.826.496/0001-95;1481;SEDESE;SECRETARIA DE ESTADO DE DESENVOLVIMENTO SOCIAL;43;SUBVENCOES SOCIAIS;1;SUBVENCOES SOCIAIS;10;RECURSOS ORDINARIOS - RECURSOS NAO VINCULADOS DE IMPOSTOS;100000,0;100000,0;100000,0
9473019;307;2025-07-25 00:00:00;ASSOCIACAO COMUNITARIA DE PREVENCAO AO USO INDEVIDO DE DROGAS;03.015.043/0001-39;1481;SEDESE;SECRETARIA DE ESTADO DE DESENVOLVIMENTO SOCIAL;43;SUBVENCOES SOCIAIS;1;SUBVENCOES SOCIAIS;10;RECURSOS ORDINARIOS - RECURSOS NAO VINCULADOS DE IMPOSTOS;468000,0;468000,0;468000,0
9473020;301;2025-07-25 00:00:00;APAE ITURAMA;23.368.145/0001-45;1481;SEDESE;SECRETARIA DE ESTADO DE DESENVOLVIMENTO SOCIAL;42;AUXILIOS;1;AUXILIOS;10;RECURSOS ORDINARIOS - RECURSOS NAO VINCULADOS DE IMPOSTOS;99766,46;99766,46;99766,46
9473021;300;2025-07-25 00:00:00;ASSOCIACAO DOS BAIRROS DE TEOFILO OTONI;21.297.064/0001-76;1481;SEDESE;SECRETARIA DE ESTADO DE DESENVOLVIMENTO SOCIAL;43;SUBVENCOES SOCIAIS;1;SUBVENCOES SOCIAIS;10;RECURSOS ORDINARIOS - RECURSOS NAO VINCULADOS DE IMPOSTOS;180000,0;180000,0;180000,0
9473022;601;2025-08-07 00:00:00;SOCIEDADE ESPORTIVA SENHORA CARMO SESC;44.625.492/0001-86;1481;SEDESE;SECRETARIA DE ESTADO DE DESENVOLVIMENTO SOCIAL;43;SUBVENCOES SOCIAIS;1;SUBVENCOES SOCIAIS;10;RECURSOS ORDINARIOS - RECURSOS NAO VINCULADOS DE IMPOSTOS;99998,4;99998,4;99998,4
9473023;298;2025-07-25 00:00:00;UNIAO SOCIAL DESPORTIVA E CULTURAL KJMAR;35.457.881/0001-59;1481;SEDESE;SECRETARIA DE ESTADO DE DESENVOLVIMENTO SOCIAL;43;SUBVENCOES SOCIAIS;1;SUBVENCOES SOCIAIS;10;RECURSOS ORDINARIOS - RECURSOS NAO VINCULADOS DE IMPOSTOS;215524,66;215524,66;215524,66
9473024;576;2025-08-06 00:00:00;ASSOCIACAO DO LAR DO IDOSO IRMA GIOVANNA;11.899.819/0001-59;1481;SEDESE;SECRETARIA DE ESTADO DE DESENVOLVIMENTO SOCIAL;42;AUXILIOS;1;AUXILIOS;10;RECURSOS ORDINARIOS - RECURSOS NAO VINCULADOS DE IMPOSTOS;100000,0;100000,0;100000,0
9473025;575;2025-08-06 00:00:00;G.A.S GUARACIABA ASSISTENCIA SOCIAL;17.459.314/0001-50;1481;SEDESE;SECRETARIA DE ESTADO DE DESENVOLVIMENTO SOCIAL;43;SUBVENCOES SOCIAIS;1;SUBVENCOES SOCIAIS;10;RECURSOS ORDINARIOS - RECURSOS NAO VINCULADOS DE IMPOSTOS;100000,0;100000,0;100000,0
9473026;595;2025-08-07 00:00:00;ASSOCIACAO COMUNITARIA DE PREVENCAO AO USO INDEVIDO DE DROGAS;03.015.043/0001-39;1481;SEDESE;SECRETARIA DE ESTADO DE DESENVOLVIMENTO SOCIAL;43;SUBVENCOES SOCIAIS;1;SUBVENCOES SOCIAIS;10;RECURSOS ORDINARIOS - RECURSOS NAO VINCULADOS DE IMPOSTOS;150000,0;150000,0;150000,0
9473027;592;2025-08-07 00:00:00;ASSOCIACAO ESPORTIVA DA COMUNIDADE DO QUILOMBO;47.016.232/0001-00;1481;SEDESE;SECRETARIA DE ESTADO DE DESENVOLVIMENTO SOCIAL;43;SUBVENCOES SOCIAIS;1;SUBVENCOES SOCIAIS;10;RECURSOS ORDINARIOS - RECURSOS NAO VINCULADOS DE IMPOSTOS;200000,0;200000,0;200000,0
9473028;600;2025-08-07 00:00:00;A ASSOCIACAO DOS AMIGOS DA CRIANCA ADOLESC.E DO IDOSO-ACAI;08.888.070/0001-30;1481;SEDESE;SECRETARIA DE ESTADO DE DESENVOLVIMENTO SOCIAL;43;SUBVENCOES SOCIAIS;1;SUBVENCOES SOCIAIS;10;RECURSOS ORDINARIOS - RECURSOS NAO VINCULADOS DE IMPOSTOS;199999,86;199999,86;199999,86
9473029;337;2025-07-28 00:00:00;CONS. DE AMIGOS DAS CRIANCAS DE JEQUITINHONHA;22.705.537/0001-90;1481;SEDESE;SECRETARIA DE ESTADO DE DESENVOLVIMENTO SOCIAL;43;SUBVENCOES SOCIAIS;1;SUBVENCOES SOCIAIS;10;RECURSOS ORDINARIOS - RECURSOS NAO VINCULADOS DE IMPOSTOS;96000,0;96000,0;96000,0
9473030;472;2025-08-01 00:00:00;ASSOCIACAO ARCA DE ASSISTENCIA SOCIAL - AAAS;30.676.907/0001-36;1481;SEDESE;SECRETARIA DE ESTADO DE DESENVOLVIMENTO SOCIAL;42;AUXILIOS;1;AUXILIOS;10;RECURSOS ORDINARIOS - RECURSOS NAO VINCULADOS DE IMPOSTOS;149708,24;149708,24;149708,24
9473031;333;2025-07-28 00:00:00;ASSOCIACAO CASA DE ACOLHIMENTO NOSSA SENHORA ROSA MISTICA;30.103.997/0001-76;1481;SEDESE;SECRETARIA DE ESTADO DE DESENVOLVIMENTO SOCIAL;43;SUBVENCOES SOCIAIS;1;SUBVENCOES SOCIAIS;10;RECURSOS ORDINARIOS - RECURSOS NAO VINCULADOS DE IMPOSTOS;150000,0;150000,0;150000,0
9473032;329;2025-07-28 00:00:00;CARITAS DIOCESANA DE ARACUAI;20.817.755/0001-90;1481;SEDESE;SECRETARIA DE ESTADO DE DESENVOLVIMENTO SOCIAL;43;SUBVENCOES SOCIAIS;1;SUBVENCOES SOCIAIS;10;RECURSOS ORDINARIOS - RECURSOS NAO VINCULADOS DE IMPOSTOS;102895,04;102895,04;102895,04
9473033;474;2025-08-01 00:00:00;ASSOCIACAO DA ASSEMBLEIA DE DEUS MISSAO AGAPE;33.837.789/0001-99;1481;SEDESE;SECRETARIA DE ESTADO DE DESENVOLVIMENTO SOCIAL;42;AUXILIOS;1;AUXILIOS;10;RECURSOS ORDINARIOS - RECURSOS NAO VINCULADOS DE IMPOSTOS;79990,0;79990,0;79990,0
9473034;1501;2025-07-30 00:00:00;FUNDACAO SARA ALBUQUERQUE COSTA;02.663.494/0001-10;4251;FEAS;FUNDO ESTADUAL DE ASSISTENCIA SOCIAL;43;SUBVENCOES SOCIAIS;1;SUBVENCOES SOCIAIS;10;RECURSOS ORDINARIOS - RECURSOS NAO VINCULADOS DE IMPOSTOS;100000,0;100000,0;100000,0
9473036;394;2025-07-30 00:00:00;ASSOCIACAO COMUNITARIA DOS MORADORES DO BAIRRO CELVIA;38.728.101/0001-56;1481;SEDESE;SECRETARIA DE ESTADO DE DESENVOLVIMENTO SOCIAL;42;AUXILIOS;1;AUXILIOS;10;RECURSOS ORDINARIOS - RECURSOS NAO VINCULADOS DE IMPOSTOS;100000,0;100000,0;100000,0
9473038;369;2025-07-29 00:00:00;APAE DE DIVINESIA;04.158.528/0001-44;1481;SEDESE;SECRETARIA DE ESTADO DE DESENVOLVIMENTO SOCIAL;42;AUXILIOS;1;AUXILIOS;10;RECURSOS ORDINARIOS - RECURSOS NAO VINCULADOS DE IMPOSTOS;74210,47;74210,47;74210,47
9473039;444;2025-08-01 00:00:00;ASSOCIACAO NORTE MINEIRA DE APOIO AO AUTISTA;10.905.455/0001-00;1481;SEDESE;SECRETARIA DE ESTADO DE DESENVOLVIMENTO SOCIAL;43;SUBVENCOES SOCIAIS;1;SUBVENCOES SOCIAIS;10;RECURSOS ORDINARIOS - RECURSOS NAO VINCULADOS DE IMPOSTOS;100000,0;100000,0;100000,0
9473040;332;2025-07-28 00:00:00;ASSOCIACAO DE PAIS E AMIGOS DOS EXCEPCIONAIS;00.902.515/0001-87;1481;SEDESE;SECRETARIA DE ESTADO DE DESENVOLVIMENTO SOCIAL;42;AUXILIOS;1;AUXILIOS;10;RECURSOS ORDINARIOS - RECURSOS NAO VINCULADOS DE IMPOSTOS;100000,0;100000,0;100000,0
9473041;442;2025-08-01 00:00:00;CENTRO INFANTIL PEDACINHO DO CEU;22.731.871/0001-18;1481;SEDESE;SECRETARIA DE ESTADO DE DESENVOLVIMENTO SOCIAL;42;AUXILIOS;1;AUXILIOS;10;RECURSOS ORDINARIOS - RECURSOS NAO VINCULADOS DE IMPOSTOS;144564,0;144564,0;144564,0
9473042;331;2025-07-28 00:00:00;ASSOCIACAO PRO VIDA OASIS DA IMACULADA - CENTRO DE DEFESA NASCITURO;27.829.347/0001-06;1481;SEDESE;SECRETARIA DE ESTADO DE DESENVOLVIMENTO SOCIAL;43;SUBVENCOES SOCIAIS;1;SUBVENCOES SOCIAIS;10;RECURSOS ORDINARIOS - RECURSOS NAO VINCULADOS DE IMPOSTOS;200000,0;200000,0;200000,0
9473043;344;2025-07-29 00:00:00;APAE UNAI;20.210.522/0001-25;1481;SEDESE;SECRETARIA DE ESTADO DE DESENVOLVIMENTO SOCIAL;42;AUXILIOS;1;AUXILIOS;10;RECURSOS ORDINARIOS - RECURSOS NAO VINCULADOS DE IMPOSTOS;100000,0;100000,0;100000,0
9473044;420;2025-07-30 00:00:00;INSTITUTO NOSSA BH;10.907.809/0001-55;1481;SEDESE;SECRETARIA DE ESTADO DE DESENVOLVIMENTO SOCIAL;43;SUBVENCOES SOCIAIS;1;SUBVENCOES SOCIAIS;10;RECURSOS ORDINARIOS - RECURSOS NAO VINCULADOS DE IMPOSTOS;500000,0;500000,0;500000,0
9473045;330;2025-07-28 00:00:00;INSTITUTO PARA O DESENVOLVIMENTO SUSTENTAVEL - IDES;09.563.068/0001-53;1481;SEDESE;SECRETARIA DE ESTADO DE DESENVOLVIMENTO SOCIAL;42;AUXILIOS;1;AUXILIOS;10;RECURSOS ORDINARIOS - RECURSOS NAO VINCULADOS DE IMPOSTOS;90000,0;90000,0;90000,0
9473046;339;2025-07-28 00:00:00;JS MUDANDO VIDAS;45.356.913/0001-83;1481;SEDESE;SECRETARIA DE ESTADO DE DESENVOLVIMENTO SOCIAL;43;SUBVENCOES SOCIAIS;1;SUBVENCOES SOCIAIS;10;RECURSOS ORDINARIOS - RECURSOS NAO VINCULADOS DE IMPOSTOS;149910,0;149910,0;149910,0
9473047;338;2025-07-28 00:00:00;ASSOCIACAO DE PAIS E AMIGOS DOS EXCEPCIONAIS DE S.S DO PARAISO;19.098.326/0001-21;1481;SEDESE;SECRETARIA DE ESTADO DE DESENVOLVIMENTO SOCIAL;42;AUXILIOS;1;AUXILIOS;10;RECURSOS ORDINARIOS - RECURSOS NAO VINCULADOS DE IMPOSTOS;98945,6;98945,6;98945,6
9473048;334;2025-07-28 00:00:00;FABRIL ESPORTE CLUBE;18.249.664/0001-54;1481;SEDESE;SECRETARIA DE ESTADO DE DESENVOLVIMENTO SOCIAL;43;SUBVENCOES SOCIAIS;1;SUBVENCOES SOCIAIS;10;RECURSOS ORDINARIOS - RECURSOS NAO VINCULADOS DE IMPOSTOS;100000,0;100000,0;100000,0
9473049;483;2025-08-01 00:00:00;LAR DOS IDOSOS SANTA TEREZINHA DA SSVP DE SAO JOSE DA LAPA;03.673.920/0001-69;1481;SEDESE;SECRETARIA DE ESTADO DE DESENVOLVIMENTO SOCIAL;43;SUBVENCOES SOCIAIS;1;SUBVENCOES SOCIAIS;10;RECURSOS ORDINARIOS - RECURSOS NAO VINCULADOS DE IMPOSTOS;99984,07;99984,07;99984,07
9473050;340;2025-07-28 00:00:00;ASSOCIACAO RENOVACAO CIDADA ORGANIZADA DE MEMBROS DA SOCIEDADE CIVIL;13.808.874/0001-11;1481;SEDESE;SECRETARIA DE ESTADO DE DESENVOLVIMENTO SOCIAL;43;SUBVENCOES SOCIAIS;1;SUBVENCOES SOCIAIS;10;RECURSOS ORDINARIOS - RECURSOS NAO VINCULADOS DE IMPOSTOS;99995,97;99995,97;99995,97
9473051;426;2025-07-31 00:00:00;LAR SAO VICNETE DE PAULO DE DESTERRO DO MELO;13.599.665/0001-05;1481;SEDESE;SECRETARIA DE ESTADO DE DESENVOLVIMENTO SOCIAL;43;SUBVENCOES SOCIAIS;1;SUBVENCOES SOCIAIS;10;RECURSOS ORDINARIOS - RECURSOS NAO VINCULADOS DE IMPOSTOS;99245,8;99245,8;99245,8
9473052;395;2025-07-30 00:00:00;ASSOCIACAO COMUNITARIA DE PREVENCAO AO USO INDEVIDO DE DROGAS;03.015.043/0001-39;1481;SEDESE;SECRETARIA DE ESTADO DE DESENVOLVIMENTO SOCIAL;43;SUBVENCOES SOCIAIS;1;SUBVENCOES SOCIAIS;10;RECURSOS ORDINARIOS - RECURSOS NAO VINCULADOS DE IMPOSTOS;80000,0;80000,0;80000,0
9473052;396;2025-07-30 00:00:00;ASSOCIACAO COMUNITARIA DE PREVENCAO AO USO INDEVIDO DE DROGAS;03.015.043/0001-39;1481;SEDESE;SECRETARIA DE ESTADO DE DESENVOLVIMENTO SOCIAL;42;AUXILIOS;1;AUXILIOS;10;RECURSOS ORDINARIOS - RECURSOS NAO VINCULADOS DE IMPOSTOS;220000,0;220000,0;220000,0
9473054;421;2025-07-31 00:00:00;CENTRO DE VOLUNTARIADO DE APOIO AO MENOR;22.196.299/0001-34;1481;SEDESE;SECRETARIA DE ESTADO DE DESENVOLVIMENTO SOCIAL;43;SUBVENCOES SOCIAIS;1;SUBVENCOES SOCIAIS;10;RECURSOS ORDINARIOS - RECURSOS NAO VINCULADOS DE IMPOSTOS;100000,0;100000,0;100000,0
9473055;475;2025-08-01 00:00:00;APAE FRUTAL;20.043.493/0001-54;1481;SEDESE;SECRETARIA DE ESTADO DE DESENVOLVIMENTO SOCIAL;42;AUXILIOS;1;AUXILIOS;10;RECURSOS ORDINARIOS - RECURSOS NAO VINCULADOS DE IMPOSTOS;300000,0;300000,0;300000,0
9473057;422;2025-07-31 00:00:00;ASSOC. INTERNACIONAL CAPOEIRA ARTES DAS GERAIS;06.289.837/0001-89;1481;SEDESE;SECRETARIA DE ESTADO DE DESENVOLVIMENTO SOCIAL;43;SUBVENCOES SOCIAIS;1;SUBVENCOES SOCIAIS;10;RECURSOS ORDINARIOS - RECURSOS NAO VINCULADOS DE IMPOSTOS;100000,0;100000,0;100000,0
9473058;343;2025-07-28 00:00:00;ASSOCIACAO COMUNITARIA DO MUNICIPIO DE MEDINA;22.692.289/0001-90;1481;SEDESE;SECRETARIA DE ESTADO DE DESENVOLVIMENTO SOCIAL;43;SUBVENCOES SOCIAIS;1;SUBVENCOES SOCIAIS;10;RECURSOS ORDINARIOS - RECURSOS NAO VINCULADOS DE IMPOSTOS;358691,14;358691,14;358691,14
9473058;403;2025-07-30 00:00:00;ASSOCIACAO COMUNITARIA DO MUNICIPIO DE MEDINA;22.692.289/0001-90;1481;SEDESE;SECRETARIA DE ESTADO DE DESENVOLVIMENTO SOCIAL;42;AUXILIOS;1;AUXILIOS;10;RECURSOS ORDINARIOS - RECURSOS NAO VINCULADOS DE IMPOSTOS;41067,61;41067,61;41067,61
9473059;335;2025-07-28 00:00:00;AGENCIA DE INICIATIVAS CIDADAS;02.291.981/0001-07;1481;SEDESE;SECRETARIA DE ESTADO DE DESENVOLVIMENTO SOCIAL;43;SUBVENCOES SOCIAIS;1;SUBVENCOES SOCIAIS;10;RECURSOS ORDINARIOS - RECURSOS NAO VINCULADOS DE IMPOSTOS;562395,83;562395,83;562395,83
9473059;336;2025-07-28 00:00:00;AGENCIA DE INICIATIVAS CIDADAS;02.291.981/0001-07;1481;SEDESE;SECRETARIA DE ESTADO DE DESENVOLVIMENTO SOCIAL;42;AUXILIOS;1;AUXILIOS;10;RECURSOS ORDINARIOS - RECURSOS NAO VINCULADOS DE IMPOSTOS;37604,17;37604,17;37604,17
9473060;423;2025-07-31 00:00:00;PROJETO SOCIAL GAROTOS E GAROTAS DA VILA;33.361.862/0001-07;1481;SEDESE;SECRETARIA DE ESTADO DE DESENVOLVIMENTO SOCIAL;43;SUBVENCOES SOCIAIS;1;SUBVENCOES SOCIAIS;10;RECURSOS ORDINARIOS - RECURSOS NAO VINCULADOS DE IMPOSTOS;200000,0;200000,0;200000,0
9473062;476;2025-08-01 00:00:00;PM CARANDAI;18.094.797/0001-07;1481;SEDESE;SECRETARIA DE ESTADO DE DESENVOLVIMENTO SOCIAL;42;AUXILIOS;1;AUXILIOS;10;RECURSOS ORDINARIOS - RECURSOS NAO VINCULADOS DE IMPOSTOS;250000,0;250000,0;250000,0
9473063;443;2025-08-01 00:00:00;PM PIUMHI;16.781.346/0001-04;1481;SEDESE;SECRETARIA DE ESTADO DE DESENVOLVIMENTO SOCIAL;42;AUXILIOS;1;AUXILIOS;10;RECURSOS ORDINARIOS - RECURSOS NAO VINCULADOS DE IMPOSTOS;320807,53;320807,53;320807,53
9473065;259;2025-08-08 00:00:00;INSTITUTO IRRIGANOR;43.858.824/0001-00;1231;SEAPA;SECRETARIA DE ESTADO DE AGRICULTURA, PECUARIA E ABASTECIMENTO;41;CONTRIBUICOES;1;CONTRIBUICOES;10;RECURSOS ORDINARIOS - RECURSOS NAO VINCULADOS DE IMPOSTOS;100000,0;100000,0;100000,0
9473066;305;2025-09-10 00:00:00;PM PIMENTA;16.725.962/0001-48;1231;SEAPA;SECRETARIA DE ESTADO DE AGRICULTURA, PECUARIA E ABASTECIMENTO;41;CONTRIBUICOES;1;CONTRIBUICOES;15;RECURSOS ORDINARIOS - OUTROS RECURSOS NAO VINCULADOS;500000,0;500000,0;500000,0
9473075;314;2025-07-28 00:00:00;ASSOC DE PROMOCAO E ACAO SOCIAL CINIRA SILVA;19.129.402/0001-19;1481;SEDESE;SECRETARIA DE ESTADO DE DESENVOLVIMENTO SOCIAL;42;AUXILIOS;1;AUXILIOS;10;RECURSOS ORDINARIOS - RECURSOS NAO VINCULADOS DE IMPOSTOS;99963,3;99963,3;99963,3
9473076;315;2025-07-28 00:00:00;ASSOCIACAO COMUNITARIA SANTO EXPEDITO DOS MORADORE DA VENTOSA;04.613.888/0001-99;1481;SEDESE;SECRETARIA DE ESTADO DE DESENVOLVIMENTO SOCIAL;43;SUBVENCOES SOCIAIS;1;SUBVENCOES SOCIAIS;10;RECURSOS ORDINARIOS - RECURSOS NAO VINCULADOS DE IMPOSTOS;150000,0;150000,0;150000,0
9473077;341;2025-07-28 00:00:00;INSTITUTO DE ASSESSORIA A MULHERES E INOVACAO;31.651.957/0001-21;1481;SEDESE;SECRETARIA DE ESTADO DE DESENVOLVIMENTO SOCIAL;43;SUBVENCOES SOCIAIS;1;SUBVENCOES SOCIAIS;10;RECURSOS ORDINARIOS - RECURSOS NAO VINCULADOS DE IMPOSTOS;250000,0;250000,0;250000,0
9473078;515;2025-08-05 00:00:00;ASSOCIACAO BENEFICENTE CATOLICA CASA DO GURI;29.526.924/0001-08;1481;SEDESE;SECRETARIA DE ESTADO DE DESENVOLVIMENTO SOCIAL;42;AUXILIOS;1;AUXILIOS;10;RECURSOS ORDINARIOS - RECURSOS NAO VINCULADOS DE IMPOSTOS;100000,0;100000,0;100000,0
9473079;424;2025-07-31 00:00:00;INSTITUTO PARA O DESENVOLVIMENTO SUSTENTAVEL - IDES;09.563.068/0001-53;1481;SEDESE;SECRETARIA DE ESTADO DE DESENVOLVIMENTO SOCIAL;43;SUBVENCOES SOCIAIS;1;SUBVENCOES SOCIAIS;10;RECURSOS ORDINARIOS - RECURSOS NAO VINCULADOS DE IMPOSTOS;30000,0;30000,0;30000,0
9473079;425;2025-07-31 00:00:00;INSTITUTO PARA O DESENVOLVIMENTO SUSTENTAVEL - IDES;09.563.068/0001-53;1481;SEDESE;SECRETARIA DE ESTADO DE DESENVOLVIMENTO SOCIAL;42;AUXILIOS;1;AUXILIOS;10;RECURSOS ORDINARIOS - RECURSOS NAO VINCULADOS DE IMPOSTOS;80000,0;80000,0;80000,0
9473080;566;2025-08-05 00:00:00;ASSOCIACAO DA ESCOLINHA DE FUTEBOL DO MUNIC.FRANCISCO SA;08.646.303/0001-98;1481;SEDESE;SECRETARIA DE ESTADO DE DESENVOLVIMENTO SOCIAL;43;SUBVENCOES SOCIAIS;1;SUBVENCOES SOCIAIS;10;RECURSOS ORDINARIOS - RECURSOS NAO VINCULADOS DE IMPOSTOS;100000,0;100000,0;100000,0
9473081;562;2025-08-05 00:00:00;ASSOCIACAO MARIA DE PROTECAO E APOIO AOS RAROS - AMPARA;33.113.744/0001-71;1481;SEDESE;SECRETARIA DE ESTADO DE DESENVOLVIMENTO SOCIAL;43;SUBVENCOES SOCIAIS;1;SUBVENCOES SOCIAIS;10;RECURSOS ORDINARIOS - RECURSOS NAO VINCULADOS DE IMPOSTOS;399455,1;399455,1;399455,1
9473081;563;2025-08-05 00:00:00;ASSOCIACAO MARIA DE PROTECAO E APOIO AOS RAROS - AMPARA;33.113.744/0001-71;1481;SEDESE;SECRETARIA DE ESTADO DE DESENVOLVIMENTO SOCIAL;42;AUXILIOS;1;AUXILIOS;10;RECURSOS ORDINARIOS - RECURSOS NAO VINCULADOS DE IMPOSTOS;399405,56;399405,56;399405,56
9473082;4663;2025-08-01 00:00:00;INSTITUTO MACUNAIMA DE CULTURA - ESCOLA DE CIDADANIA - IMC-EC;27.777.581/0001-29;1271;SECULT;SECRETARIA DE ESTADO DE CULTURA E TURISMO;41;CONTRIBUICOES;1;CONTRIBUICOES;10;RECURSOS ORDINARIOS - RECURSOS NAO VINCULADOS DE IMPOSTOS;100000,0;100000,0;100000,0
9473083;580;2025-08-06 00:00:00;ASSOCIACAO COMUNITARIA SHEKINAH;02.108.947/0001-46;1481;SEDESE;SECRETARIA DE ESTADO DE DESENVOLVIMENTO SOCIAL;43;SUBVENCOES SOCIAIS;1;SUBVENCOES SOCIAIS;10;RECURSOS ORDINARIOS - RECURSOS NAO VINCULADOS DE IMPOSTOS;1000000,0;1000000,0;1000000,0
9473085;560;2025-08-05 00:00:00;FUNDACAO DOM BOSCO;17.278.904/0001-86;1481;SEDESE;SECRETARIA DE ESTADO DE DESENVOLVIMENTO SOCIAL;43;SUBVENCOES SOCIAIS;1;SUBVENCOES SOCIAIS;10;RECURSOS ORDINARIOS - RECURSOS NAO VINCULADOS DE IMPOSTOS;100000,0;100000,0;100000,0
9473086;484;2025-08-01 00:00:00;LAR SAO VICENTE DE PAULO;19.626.191/0001-20;1481;SEDESE;SECRETARIA DE ESTADO DE DESENVOLVIMENTO SOCIAL;42;AUXILIOS;1;AUXILIOS;10;RECURSOS ORDINARIOS - RECURSOS NAO VINCULADOS DE IMPOSTOS;100000,0;100000,0;100000,0
9473088;478;2025-08-01 00:00:00;ASSOCIACAO PROTETORA DE DIVISA NOVA;20.282.166/0001-55;1481;SEDESE;SECRETARIA DE ESTADO DE DESENVOLVIMENTO SOCIAL;43;SUBVENCOES SOCIAIS;1;SUBVENCOES SOCIAIS;10;RECURSOS ORDINARIOS - RECURSOS NAO VINCULADOS DE IMPOSTOS;100000,0;100000,0;100000,0
9473089;481;2025-08-01 00:00:00;ASSOPOC - ASSOCIACAO DOS PROTETORES DOS POBRES E CARENTES;01.286.108/0001-55;1481;SEDESE;SECRETARIA DE ESTADO DE DESENVOLVIMENTO SOCIAL;43;SUBVENCOES SOCIAIS;1;SUBVENCOES SOCIAIS;10;RECURSOS ORDINARIOS - RECURSOS NAO VINCULADOS DE IMPOSTOS;90000,0;90000,0;90000,0
9473089;482;2025-08-01 00:00:00;ASSOPOC - ASSOCIACAO DOS PROTETORES DOS POBRES E CARENTES;01.286.108/0001-55;1481;SEDESE;SECRETARIA DE ESTADO DE DESENVOLVIMENTO SOCIAL;42;AUXILIOS;1;AUXILIOS;10;RECURSOS ORDINARIOS - RECURSOS NAO VINCULADOS DE IMPOSTOS;10000,0;10000,0;10000,0
9473092;76;2025-09-01 00:00:00;ACAO SOCIAL CENTRO DE REINTEGRACAO A SOCIEDADE MAIS QUE VENCEDORES;16.801.598/0001-58;1451;SEJUSP;SECRETARIA DE ESTADO DE JUSTICA E SEGURANCA PUBLICA;42;AUXILIOS;1;AUXILIOS;10;RECURSOS ORDINARIOS - RECURSOS NAO VINCULADOS DE IMPOSTOS;90210,08;90210,08;90210,08
9473093;446;2025-08-01 00:00:00;ASSOCIACAO COMUNITARIA DE PREVENCAO AO USO INDEVIDO DE DROGAS;03.015.043/0001-39;1481;SEDESE;SECRETARIA DE ESTADO DE DESENVOLVIMENTO SOCIAL;43;SUBVENCOES SOCIAIS;1;SUBVENCOES SOCIAIS;10;RECURSOS ORDINARIOS - RECURSOS NAO VINCULADOS DE IMPOSTOS;1812000,0;1812000,0;1812000,0
9473093;447;2025-08-01 00:00:00;ASSOCIACAO COMUNITARIA DE PREVENCAO AO USO INDEVIDO DE DROGAS;03.015.043/0001-39;1481;SEDESE;SECRETARIA DE ESTADO DE DESENVOLVIMENTO SOCIAL;42;AUXILIOS;1;AUXILIOS;10;RECURSOS ORDINARIOS - RECURSOS NAO VINCULADOS DE IMPOSTOS;220000,0;220000,0;220000,0
9473094;586;2025-08-06 00:00:00;ASSOCIACAO APICULTORES DE LADAINHA;08.993.080/0001-35;1481;SEDESE;SECRETARIA DE ESTADO DE DESENVOLVIMENTO SOCIAL;43;SUBVENCOES SOCIAIS;1;SUBVENCOES SOCIAIS;10;RECURSOS ORDINARIOS - RECURSOS NAO VINCULADOS DE IMPOSTOS;72935,6;72935,6;72935,6
9473094;587;2025-08-06 00:00:00;ASSOCIACAO APICULTORES DE LADAINHA;08.993.080/0001-35;1481;SEDESE;SECRETARIA DE ESTADO DE DESENVOLVIMENTO SOCIAL;42;AUXILIOS;1;AUXILIOS;10;RECURSOS ORDINARIOS - RECURSOS NAO VINCULADOS DE IMPOSTOS;26806,82;26806,82;26806,82
9473095;74;2025-08-22 00:00:00;ASSOCIACAO TERAPEUTICA CASA DA ESPERANCA;22.964.848/0001-73;1451;SEJUSP;SECRETARIA DE ESTADO DE JUSTICA E SEGURANCA PUBLICA;42;AUXILIOS;1;AUXILIOS;10;RECURSOS ORDINARIOS - RECURSOS NAO VINCULADOS DE IMPOSTOS;90210,08;90210,08;90210,08
9473096;342;2025-07-28 00:00:00;LAR DOS IDOSOS SAO VICENTE DE PAULO;20.933.198/0001-73;1481;SEDESE;SECRETARIA DE ESTADO DE DESENVOLVIMENTO SOCIAL;43;SUBVENCOES SOCIAIS;1;SUBVENCOES SOCIAIS;10;RECURSOS ORDINARIOS - RECURSOS NAO VINCULADOS DE IMPOSTOS;200000,0;200000,0;200000,0
9473097;567;2025-08-05 00:00:00;INSTITUTO ASSISTENCIAL EDUCACIONAL NOSSA SENHORA DAS NEVES;22.057.491/0001-40;1481;SEDESE;SECRETARIA DE ESTADO DE DESENVOLVIMENTO SOCIAL;42;AUXILIOS;1;AUXILIOS;10;RECURSOS ORDINARIOS - RECURSOS NAO VINCULADOS DE IMPOSTOS;100000,0;100000,0;100000,0
9473098;568;2025-08-05 00:00:00;LAR BENEFICENTE SAO VICENTE DE PAULO DE CACHOEIRA DE MINAS;17.418.906/0001-23;1481;SEDESE;SECRETARIA DE ESTADO DE DESENVOLVIMENTO SOCIAL;42;AUXILIOS;1;AUXILIOS;10;RECURSOS ORDINARIOS - RECURSOS NAO VINCULADOS DE IMPOSTOS;100000,0;100000,0;100000,0
9473099;548;2025-08-05 00:00:00;FUNDACAO DIRCE DA SILVEIRA FIGUEIREDO;08.194.112/0001-32;1481;SEDESE;SECRETARIA DE ESTADO DE DESENVOLVIMENTO SOCIAL;43;SUBVENCOES SOCIAIS;1;SUBVENCOES SOCIAIS;10;RECURSOS ORDINARIOS - RECURSOS NAO VINCULADOS DE IMPOSTOS;500000,0;500000,0;500000,0
9473099;549;2025-08-05 00:00:00;FUNDACAO DIRCE DA SILVEIRA FIGUEIREDO;08.194.112/0001-32;1481;SEDESE;SECRETARIA DE ESTADO DE DESENVOLVIMENTO SOCIAL;42;AUXILIOS;1;AUXILIOS;10;RECURSOS ORDINARIOS - RECURSOS NAO VINCULADOS DE IMPOSTOS;100000,0;100000,0;100000,0
9473100;583;2025-08-06 00:00:00;ASSOCIACAO DOS MORADORES DO BAIRRO NOVO PROGRESSO II;16.684.664/0001-57;1481;SEDESE;SECRETARIA DE ESTADO DE DESENVOLVIMENTO SOCIAL;43;SUBVENCOES SOCIAIS;1;SUBVENCOES SOCIAIS;10;RECURSOS ORDINARIOS - RECURSOS NAO VINCULADOS DE IMPOSTOS;150000,0;150000,0;150000,0
9473101;569;2025-08-05 00:00:00;ASSOCIACAO CASA DE ACOLHIMENTO NOSSA SENHORA ROSA MISTICA;30.103.997/0001-76;1481;SEDESE;SECRETARIA DE ESTADO DE DESENVOLVIMENTO SOCIAL;43;SUBVENCOES SOCIAIS;1;SUBVENCOES SOCIAIS;10;RECURSOS ORDINARIOS - RECURSOS NAO VINCULADOS DE IMPOSTOS;100000,0;100000,0;100000,0
9473102;564;2025-08-05 00:00:00;DEPARTAMENTO INTERSINDICAL DE EST ESTS SOCIO ECONOMICOS;60.964.996/0001-87;1481;SEDESE;SECRETARIA DE ESTADO DE DESENVOLVIMENTO SOCIAL;43;SUBVENCOES SOCIAIS;1;SUBVENCOES SOCIAIS;10;RECURSOS ORDINARIOS - RECURSOS NAO VINCULADOS DE IMPOSTOS;250000,0;250000,0;250000,0
9473104;502;2025-08-04 00:00:00;CENTRO DE APOIO FAMILIAR ESPECIALIZADO EM ALCOOL E DROGAS - CAFE-AD;33.812.095/0001-05;1481;SEDESE;SECRETARIA DE ESTADO DE DESENVOLVIMENTO SOCIAL;42;AUXILIOS;1;AUXILIOS;10;RECURSOS ORDINARIOS - RECURSOS NAO VINCULADOS DE IMPOSTOS;299574,7;299574,7;299574,7
9473105;504;2025-08-04 00:00:00;PROJETO REESCREVENDO HISTORIA INSTITUTO POLITRIZ;08.996.857/0001-15;1481;SEDESE;SECRETARIA DE ESTADO DE DESENVOLVIMENTO SOCIAL;42;AUXILIOS;1;AUXILIOS;10;RECURSOS ORDINARIOS - RECURSOS NAO VINCULADOS DE IMPOSTOS;200000,0;200000,0;200000,0
9473106;508;2025-08-05 00:00:00;LAR SAO VICENTE DE PAULO DE TEIXEIRAS;25.091.240/0001-70;1481;SEDESE;SECRETARIA DE ESTADO DE DESENVOLVIMENTO SOCIAL;43;SUBVENCOES SOCIAIS;1;SUBVENCOES SOCIAIS;10;RECURSOS ORDINARIOS - RECURSOS NAO VINCULADOS DE IMPOSTOS;99997,96;99997,96;99997,96
9473107;584;2025-08-06 00:00:00;LEGIAO DE ASSISTENCIA RECUPERADORA;21.353.974/0001-29;1481;SEDESE;SECRETARIA DE ESTADO DE DESENVOLVIMENTO SOCIAL;43;SUBVENCOES SOCIAIS;1;SUBVENCOES SOCIAIS;10;RECURSOS ORDINARIOS - RECURSOS NAO VINCULADOS DE IMPOSTOS;70000,0;70000,0;70000,0
9473107;585;2025-08-06 00:00:00;LEGIAO DE ASSISTENCIA RECUPERADORA;21.353.974/0001-29;1481;SEDESE;SECRETARIA DE ESTADO DE DESENVOLVIMENTO SOCIAL;42;AUXILIOS;1;AUXILIOS;10;RECURSOS ORDINARIOS - RECURSOS NAO VINCULADOS DE IMPOSTOS;374268,72;374268,72;374268,72
9473108;506;2025-08-04 00:00:00;ACO SOCIAL PAROQUIA NOSSA SENHORA DO PERPETUO SOCORRO;19.257.187/0001-31;1481;SEDESE;SECRETARIA DE ESTADO DE DESENVOLVIMENTO SOCIAL;43;SUBVENCOES SOCIAIS;1;SUBVENCOES SOCIAIS;10;RECURSOS ORDINARIOS - RECURSOS NAO VINCULADOS DE IMPOSTOS;10000,0;10000,0;10000,0
9473108;507;2025-08-04 00:00:00;ACO SOCIAL PAROQUIA NOSSA SENHORA DO PERPETUO SOCORRO;19.257.187/0001-31;1481;SEDESE;SECRETARIA DE ESTADO DE DESENVOLVIMENTO SOCIAL;42;AUXILIOS;1;AUXILIOS;10;RECURSOS ORDINARIOS - RECURSOS NAO VINCULADOS DE IMPOSTOS;89918,48;89918,48;89918,48
9473109;509;2025-08-05 00:00:00;ASSOCIACAO INOVA SABARA;17.085.816/0001-68;1481;SEDESE;SECRETARIA DE ESTADO DE DESENVOLVIMENTO SOCIAL;43;SUBVENCOES SOCIAIS;1;SUBVENCOES SOCIAIS;10;RECURSOS ORDINARIOS - RECURSOS NAO VINCULADOS DE IMPOSTOS;91000,0;91000,0;91000,0
9473109;510;2025-08-05 00:00:00;ASSOCIACAO INOVA SABARA;17.085.816/0001-68;1481;SEDESE;SECRETARIA DE ESTADO DE DESENVOLVIMENTO SOCIAL;42;AUXILIOS;1;AUXILIOS;10;RECURSOS ORDINARIOS - RECURSOS NAO VINCULADOS DE IMPOSTOS;9789,92;9789,92;9789,92
9473110;558;2025-08-05 00:00:00;LAR DOS VELHINHOS/ PASSA QUATRO;25.644.394/0001-41;1481;SEDESE;SECRETARIA DE ESTADO DE DESENVOLVIMENTO SOCIAL;43;SUBVENCOES SOCIAIS;1;SUBVENCOES SOCIAIS;10;RECURSOS ORDINARIOS - RECURSOS NAO VINCULADOS DE IMPOSTOS;300000,0;300000,0;300000,0
9473111;572;2025-08-05 00:00:00;CONSELHO METROPOLITANO DE POUSO ALEGRE DA SOC DE SAO VICENTE DE PAULO;41.774.894/0001-54;1481;SEDESE;SECRETARIA DE ESTADO DE DESENVOLVIMENTO SOCIAL;43;SUBVENCOES SOCIAIS;1;SUBVENCOES SOCIAIS;10;RECURSOS ORDINARIOS - RECURSOS NAO VINCULADOS DE IMPOSTOS;100000,0;100000,0;100000,0
9473112;602;2025-08-07 00:00:00;APAE DE DOM VICOSO;07.793.799/0001-60;1481;SEDESE;SECRETARIA DE ESTADO DE DESENVOLVIMENTO SOCIAL;43;SUBVENCOES SOCIAIS;1;SUBVENCOES SOCIAIS;10;RECURSOS ORDINARIOS - RECURSOS NAO VINCULADOS DE IMPOSTOS;100000,0;100000,0;100000,0
9473113;505;2025-08-04 00:00:00;ASSOCIACAO DAS OBRAS PAVONIANAS DE ASSISTENCIA;62.382.395/0011-63;1481;SEDESE;SECRETARIA DE ESTADO DE DESENVOLVIMENTO SOCIAL;42;AUXILIOS;1;AUXILIOS;10;RECURSOS ORDINARIOS - RECURSOS NAO VINCULADOS DE IMPOSTOS;100000,0;100000,0;100000,0
9473114;479;2025-08-01 00:00:00;ASSOCIACAO DE PAIS E AMIGOS DOS EXCEPCIONAIS;01.978.837/0001-72;1481;SEDESE;SECRETARIA DE ESTADO DE DESENVOLVIMENTO SOCIAL;43;SUBVENCOES SOCIAIS;1;SUBVENCOES SOCIAIS;10;RECURSOS ORDINARIOS - RECURSOS NAO VINCULADOS DE IMPOSTOS;50000,0;50000,0;50000,0
9473114;480;2025-08-01 00:00:00;ASSOCIACAO DE PAIS E AMIGOS DOS EXCEPCIONAIS;01.978.837/0001-72;1481;SEDESE;SECRETARIA DE ESTADO DE DESENVOLVIMENTO SOCIAL;42;AUXILIOS;1;AUXILIOS;10;RECURSOS ORDINARIOS - RECURSOS NAO VINCULADOS DE IMPOSTOS;50000,0;50000,0;50000,0
9473115;360;2025-07-29 00:00:00;ASSOCIACAO AFETO DE AMPARO A GESTANTE - RAEL E OS PEQUENOS GUERREIROS;41.513.999/0001-50;1481;SEDESE;SECRETARIA DE ESTADO DE DESENVOLVIMENTO SOCIAL;42;AUXILIOS;1;AUXILIOS;10;RECURSOS ORDINARIOS - RECURSOS NAO VINCULADOS DE IMPOSTOS;132763,33;132763,33;132763,33
9473116;486;2025-08-04 00:00:00;ASILO SAO VICENTE DE PAULO - BOM JESUS DA PENHA;19.125.780/0001-24;1481;SEDESE;SECRETARIA DE ESTADO DE DESENVOLVIMENTO SOCIAL;43;SUBVENCOES SOCIAIS;1;SUBVENCOES SOCIAIS;10;RECURSOS ORDINARIOS - RECURSOS NAO VINCULADOS DE IMPOSTOS;99368,84;99368,84;99368,84
9473117;359;2025-07-29 00:00:00;LAR SAO VICENTE DE PAULO;22.957.567/0001-93;1481;SEDESE;SECRETARIA DE ESTADO DE DESENVOLVIMENTO SOCIAL;43;SUBVENCOES SOCIAIS;1;SUBVENCOES SOCIAIS;10;RECURSOS ORDINARIOS - RECURSOS NAO VINCULADOS DE IMPOSTOS;100000,0;100000,0;100000,0
9473118;393;2025-07-29 00:00:00;OBRA UNIDA ABRIGO SAO VICENTE DE PAULO;17.734.534/0001-44;1481;SEDESE;SECRETARIA DE ESTADO DE DESENVOLVIMENTO SOCIAL;42;AUXILIOS;1;AUXILIOS;10;RECURSOS ORDINARIOS - RECURSOS NAO VINCULADOS DE IMPOSTOS;100000,0;100000,0;100000,0
9473119;349;2025-07-29 00:00:00;ASSOCIACAO DE PROMOCAO E ASSISTENCIA NOSSA SENHORA DE GUADALUPE;08.035.444/0001-74;1481;SEDESE;SECRETARIA DE ESTADO DE DESENVOLVIMENTO SOCIAL;42;AUXILIOS;1;AUXILIOS;10;RECURSOS ORDINARIOS - RECURSOS NAO VINCULADOS DE IMPOSTOS;100000,0;100000,0;100000,0
9473120;356;2025-07-29 00:00:00;INSTITUTO DIREITO NA ESCOLA;24.439.819/0001-18;1481;SEDESE;SECRETARIA DE ESTADO DE DESENVOLVIMENTO SOCIAL;43;SUBVENCOES SOCIAIS;1;SUBVENCOES SOCIAIS;10;RECURSOS ORDINARIOS - RECURSOS NAO VINCULADOS DE IMPOSTOS;25001,41;25001,41;25001,41
9473120;357;2025-07-29 00:00:00;INSTITUTO DIREITO NA ESCOLA;24.439.819/0001-18;1481;SEDESE;SECRETARIA DE ESTADO DE DESENVOLVIMENTO SOCIAL;42;AUXILIOS;1;AUXILIOS;10;RECURSOS ORDINARIOS - RECURSOS NAO VINCULADOS DE IMPOSTOS;224900,0;224900,0;224900,0
9473121;527;2025-08-05 00:00:00;GRUPO FOLCLORICO DE CONGADO SAO SEBASTIAO DE TIMOTEO;21.085.154/0001-01;1481;SEDESE;SECRETARIA DE ESTADO DE DESENVOLVIMENTO SOCIAL;42;AUXILIOS;1;AUXILIOS;10;RECURSOS ORDINARIOS - RECURSOS NAO VINCULADOS DE IMPOSTOS;136590,0;136590,0;136590,0
9473122;544;2025-08-05 00:00:00;ASSOCIACAO DE CARIDADE DE POUSO ALEGRE;23.953.730/0002-93;1481;SEDESE;SECRETARIA DE ESTADO DE DESENVOLVIMENTO SOCIAL;43;SUBVENCOES SOCIAIS;1;SUBVENCOES SOCIAIS;10;RECURSOS ORDINARIOS - RECURSOS NAO VINCULADOS DE IMPOSTOS;0,0;0,0;0,0
9473122;545;2025-08-05 00:00:00;ASSOCIACAO DE CARIDADE DE POUSO ALEGRE;23.953.730/0002-93;1481;SEDESE;SECRETARIA DE ESTADO DE DESENVOLVIMENTO SOCIAL;43;SUBVENCOES SOCIAIS;1;SUBVENCOES SOCIAIS;10;RECURSOS ORDINARIOS - RECURSOS NAO VINCULADOS DE IMPOSTOS;100000,0;100000,0;100000,0
9473123;345;2025-07-29 00:00:00;INSTITUTO RAMACRISNA;17.283.532/0001-86;1481;SEDESE;SECRETARIA DE ESTADO DE DESENVOLVIMENTO SOCIAL;43;SUBVENCOES SOCIAIS;1;SUBVENCOES SOCIAIS;10;RECURSOS ORDINARIOS - RECURSOS NAO VINCULADOS DE IMPOSTOS;200000,0;200000,0;200000,0
9473124;348;2025-07-29 00:00:00;CONSELHO PARTICULAR DE NEPOMUCENO DA S S V P;19.084.458/0001-02;1481;SEDESE;SECRETARIA DE ESTADO DE DESENVOLVIMENTO SOCIAL;43;SUBVENCOES SOCIAIS;1;SUBVENCOES SOCIAIS;10;RECURSOS ORDINARIOS - RECURSOS NAO VINCULADOS DE IMPOSTOS;100000,0;100000,0;100000,0
9473125;358;2025-07-29 00:00:00;COMUNIDADE KOLPING N.SRA. DO CARMO;08.212.336/0001-20;1481;SEDESE;SECRETARIA DE ESTADO DE DESENVOLVIMENTO SOCIAL;43;SUBVENCOES SOCIAIS;1;SUBVENCOES SOCIAIS;10;RECURSOS ORDINARIOS - RECURSOS NAO VINCULADOS DE IMPOSTOS;99858,98;99858,98;99858,98
9473126;347;2025-07-29 00:00:00;TINA - SORRISO QUE CURA - ASSOCIACAO DE APOIO AS PESSOAS COM CANCER;43.973.944/0001-58;1481;SEDESE;SECRETARIA DE ESTADO DE DESENVOLVIMENTO SOCIAL;42;AUXILIOS;1;AUXILIOS;10;RECURSOS ORDINARIOS - RECURSOS NAO VINCULADOS DE IMPOSTOS;97741,0;97741,0;97741,0
9473127;512;2025-08-05 00:00:00;ASSOCIACAO COMUNITARIA CULTURAL REFUGIO 90;13.616.937/0001-38;1481;SEDESE;SECRETARIA DE ESTADO DE DESENVOLVIMENTO SOCIAL;43;SUBVENCOES SOCIAIS;1;SUBVENCOES SOCIAIS;10;RECURSOS ORDINARIOS - RECURSOS NAO VINCULADOS DE IMPOSTOS;100000,0;100000,0;100000,0
9473128;366;2025-07-29 00:00:00;LIGA MUNICIPAL DE DESPORTOS DE VESPASIANO;19.175.355/0001-40;1481;SEDESE;SECRETARIA DE ESTADO DE DESENVOLVIMENTO SOCIAL;43;SUBVENCOES SOCIAIS;1;SUBVENCOES SOCIAIS;10;RECURSOS ORDINARIOS - RECURSOS NAO VINCULADOS DE IMPOSTOS;148860,0;148860,0;148860,0
9473129;350;2025-07-29 00:00:00;CONSELHO CENTRAL DE ARCOS DA SSVP;01.677.381/0001-00;1481;SEDESE;SECRETARIA DE ESTADO DE DESENVOLVIMENTO SOCIAL;42;AUXILIOS;1;AUXILIOS;10;RECURSOS ORDINARIOS - RECURSOS NAO VINCULADOS DE IMPOSTOS;125737,7;125737,7;125737,7
9473130;547;2025-08-05 00:00:00;ASSOCIACAO DOS AMIGOS E USUARIOS DE MEDICAMENTOS EXCEPCIONAIS;20.474.488/0001-04;1481;SEDESE;SECRETARIA DE ESTADO DE DESENVOLVIMENTO SOCIAL;43;SUBVENCOES SOCIAIS;1;SUBVENCOES SOCIAIS;10;RECURSOS ORDINARIOS - RECURSOS NAO VINCULADOS DE IMPOSTOS;100000,0;100000,0;100000,0
9473131;346;2025-07-29 00:00:00;INSTITUTO RAMACRISNA;17.283.532/0001-86;1481;SEDESE;SECRETARIA DE ESTADO DE DESENVOLVIMENTO SOCIAL;43;SUBVENCOES SOCIAIS;1;SUBVENCOES SOCIAIS;10;RECURSOS ORDINARIOS - RECURSOS NAO VINCULADOS DE IMPOSTOS;300000,0;300000,0;300000,0
9473132;534;2025-08-05 00:00:00;ASSOCIACAO DE PAIS E AMIGOS DOS EXCEPCIONAIS - APAE;01.503.605/0001-68;1481;SEDESE;SECRETARIA DE ESTADO DE DESENVOLVIMENTO SOCIAL;43;SUBVENCOES SOCIAIS;1;SUBVENCOES SOCIAIS;10;RECURSOS ORDINARIOS - RECURSOS NAO VINCULADOS DE IMPOSTOS;100000,0;100000,0;100000,0
9473133;514;2025-08-05 00:00:00;ASSOCIACAO COMUNITARIA SHEKINAH;02.108.947/0001-46;1481;SEDESE;SECRETARIA DE ESTADO DE DESENVOLVIMENTO SOCIAL;43;SUBVENCOES SOCIAIS;1;SUBVENCOES SOCIAIS;10;RECURSOS ORDINARIOS - RECURSOS NAO VINCULADOS DE IMPOSTOS;250000,0;250000,0;250000,0
9473134;511;2025-08-05 00:00:00;ASSOCIACAO DE PAIS E AMIGOS DOS EXCEPCIONAIS DE RIO PARDO DE MINAS;07.069.406/0001-70;1481;SEDESE;SECRETARIA DE ESTADO DE DESENVOLVIMENTO SOCIAL;43;SUBVENCOES SOCIAIS;1;SUBVENCOES SOCIAIS;10;RECURSOS ORDINARIOS - RECURSOS NAO VINCULADOS DE IMPOSTOS;100000,0;100000,0;100000,0
9473135;377;2025-07-29 00:00:00;CASA DE MARIA ASILO ESP.DA VELHICE  DESAMPARADA S.LOUREN$O;24.826.836/0001-08;1481;SEDESE;SECRETARIA DE ESTADO DE DESENVOLVIMENTO SOCIAL;42;AUXILIOS;1;AUXILIOS;10;RECURSOS ORDINARIOS - RECURSOS NAO VINCULADOS DE IMPOSTOS;99674,5;99674,5;99674,5
9473136;529;2025-08-05 00:00:00;SERVICO DE OBRAS SOCIAIS DE LAGOA DA PRATA;21.995.683/0001-34;1481;SEDESE;SECRETARIA DE ESTADO DE DESENVOLVIMENTO SOCIAL;42;AUXILIOS;1;AUXILIOS;10;RECURSOS ORDINARIOS - RECURSOS NAO VINCULADOS DE IMPOSTOS;350000,0;350000,0;350000,0
9473137;531;2025-08-05 00:00:00;CONSELHO CENTRAL DE MONTE CARMELO DA SSVP;22.604.680/0002-76;1481;SEDESE;SECRETARIA DE ESTADO DE DESENVOLVIMENTO SOCIAL;42;AUXILIOS;1;AUXILIOS;10;RECURSOS ORDINARIOS - RECURSOS NAO VINCULADOS DE IMPOSTOS;98895,2;98895,2;98895,2
9473138;551;2025-08-05 00:00:00;ASSOCIACAO DE PAIS E AMIGOS DOS EXCEPCIONAIS DE CAPINOPOLIS;02.319.426/0001-38;1481;SEDESE;SECRETARIA DE ESTADO DE DESENVOLVIMENTO SOCIAL;42;AUXILIOS;1;AUXILIOS;10;RECURSOS ORDINARIOS - RECURSOS NAO VINCULADOS DE IMPOSTOS;149800,0;149800,0;149800,0
9473139;373;2025-07-29 00:00:00;ASSOCIACAO DE PAIS E AMIGOS DOS EXCEPCIONAIS;20.204.400/0001-26;1481;SEDESE;SECRETARIA DE ESTADO DE DESENVOLVIMENTO SOCIAL;42;AUXILIOS;1;AUXILIOS;10;RECURSOS ORDINARIOS - RECURSOS NAO VINCULADOS DE IMPOSTOS;99998,26;99998,26;99998,26
9473141;372;2025-07-29 00:00:00;ASSOCIACAO DE PROMOCAO HUMANA DIVINA PROVIDENCIA;00.981.069/0001-43;1481;SEDESE;SECRETARIA DE ESTADO DE DESENVOLVIMENTO SOCIAL;43;SUBVENCOES SOCIAIS;1;SUBVENCOES SOCIAIS;10;RECURSOS ORDINARIOS - RECURSOS NAO VINCULADOS DE IMPOSTOS;150000,0;150000,0;150000,0
9473142;354;2025-07-29 00:00:00;APAE DE SANTA LUZIA;65.149.734/0001-82;1481;SEDESE;SECRETARIA DE ESTADO DE DESENVOLVIMENTO SOCIAL;43;SUBVENCOES SOCIAIS;1;SUBVENCOES SOCIAIS;10;RECURSOS ORDINARIOS - RECURSOS NAO VINCULADOS DE IMPOSTOS;100000,0;100000,0;100000,0
9473143;518;2025-08-05 00:00:00;INSTITUTO PLUS;30.261.959/0001-41;1481;SEDESE;SECRETARIA DE ESTADO DE DESENVOLVIMENTO SOCIAL;43;SUBVENCOES SOCIAIS;1;SUBVENCOES SOCIAIS;10;RECURSOS ORDINARIOS - RECURSOS NAO VINCULADOS DE IMPOSTOS;100000,0;100000,0;100000,0
9473144;553;2025-08-05 00:00:00;VILA VICENTINA MONSENHOR CASTRO;20.929.303/0001-09;1481;SEDESE;SECRETARIA DE ESTADO DE DESENVOLVIMENTO SOCIAL;42;AUXILIOS;1;AUXILIOS;10;RECURSOS ORDINARIOS - RECURSOS NAO VINCULADOS DE IMPOSTOS;99439,8;99439,8;99439,8
9473145;102;2025-08-28 00:00:00;INSTITUTO JURIDICO PARA EFETIVACAO DA CIDADANIA - MINAS GERAIS IJUCI/M;03.893.350/0001-12;1481;SEDESE;SECRETARIA DE ESTADO DE DESENVOLVIMENTO SOCIAL;43;SUBVENCOES SOCIAIS;1;SUBVENCOES SOCIAIS;71;RECURSOS DO FUNDO ESTADUAL DE ERRADICACAO DA MISERIA;1337241,68;1337241,68;1337241,68
9473145;103;2025-08-28 00:00:00;INSTITUTO JURIDICO PARA EFETIVACAO DA CIDADANIA - MINAS GERAIS IJUCI/M;03.893.350/0001-12;1481;SEDESE;SECRETARIA DE ESTADO DE DESENVOLVIMENTO SOCIAL;42;AUXILIOS;1;AUXILIOS;71;RECURSOS DO FUNDO ESTADUAL DE ERRADICACAO DA MISERIA;163077,21;163077,21;163077,21
9473145;122;2025-12-10 00:00:00;INSTITUTO JURIDICO PARA EFETIVACAO DA CIDADANIA - MINAS GERAIS IJUCI/M;03.893.350/0001-12;1481;SEDESE;SECRETARIA DE ESTADO DE DESENVOLVIMENTO SOCIAL;43;SUBVENCOES SOCIAIS;1;SUBVENCOES SOCIAIS;71;RECURSOS DO FUNDO ESTADUAL DE ERRADICACAO DA MISERIA;1500318,89;1500318,89;1500318,89
9473145;123;2025-12-10 00:00:00;INSTITUTO JURIDICO PARA EFETIVACAO DA CIDADANIA - MINAS GERAIS IJUCI/M;03.893.350/0001-12;1481;SEDESE;SECRETARIA DE ESTADO DE DESENVOLVIMENTO SOCIAL;43;SUBVENCOES SOCIAIS;1;SUBVENCOES SOCIAIS;24;CONVENIOS COM A UNIAO E SUAS ENTIDADES - EXCETO EMENDAS INDIVIDUAIS E DE BANCADA;1000000,0;1000000,0;1000000,0
9473146;370;2025-07-29 00:00:00;CASA DE REPOUSO NOSSA SENHORA APARECIDA;15.596.002/0001-62;1481;SEDESE;SECRETARIA DE ESTADO DE DESENVOLVIMENTO SOCIAL;43;SUBVENCOES SOCIAIS;1;SUBVENCOES SOCIAIS;10;RECURSOS ORDINARIOS - RECURSOS NAO VINCULADOS DE IMPOSTOS;100000,0;100000,0;100000,0
9473147;440;2025-07-31 00:00:00;ASSOCIACAO COMUNITARIA DE PREVENCAO AO USO INDEVIDO DE DROGAS;03.015.043/0001-39;1481;SEDESE;SECRETARIA DE ESTADO DE DESENVOLVIMENTO SOCIAL;43;SUBVENCOES SOCIAIS;1;SUBVENCOES SOCIAIS;10;RECURSOS ORDINARIOS - RECURSOS NAO VINCULADOS DE IMPOSTOS;250000,0;250000,0;250000,0
9473148;353;2025-07-29 00:00:00;ASSOCIACAO DE RESGATE DA DIGNIDADE HUMANA PROVIDENCIA DIVINA;22.643.399/0001-61;1481;SEDESE;SECRETARIA DE ESTADO DE DESENVOLVIMENTO SOCIAL;43;SUBVENCOES SOCIAIS;1;SUBVENCOES SOCIAIS;10;RECURSOS ORDINARIOS - RECURSOS NAO VINCULADOS DE IMPOSTOS;449998,16;449998,16;449998,16
9473149;352;2025-07-29 00:00:00;LAR SAO VICENTE DE PAULO DE TEIXEIRAS;25.091.240/0001-70;1481;SEDESE;SECRETARIA DE ESTADO DE DESENVOLVIMENTO SOCIAL;43;SUBVENCOES SOCIAIS;1;SUBVENCOES SOCIAIS;10;RECURSOS ORDINARIOS - RECURSOS NAO VINCULADOS DE IMPOSTOS;99999,92;99999,92;99999,92
9473150;520;2025-08-05 00:00:00;INSTITUTO TROCA;28.948.682/0001-88;1481;SEDESE;SECRETARIA DE ESTADO DE DESENVOLVIMENTO SOCIAL;43;SUBVENCOES SOCIAIS;1;SUBVENCOES SOCIAIS;10;RECURSOS ORDINARIOS - RECURSOS NAO VINCULADOS DE IMPOSTOS;570000,0;570000,0;570000,0
9473150;523;2025-08-05 00:00:00;INSTITUTO TROCA;28.948.682/0001-88;1481;SEDESE;SECRETARIA DE ESTADO DE DESENVOLVIMENTO SOCIAL;42;AUXILIOS;1;AUXILIOS;10;RECURSOS ORDINARIOS - RECURSOS NAO VINCULADOS DE IMPOSTOS;30000,0;30000,0;30000,0
9473151;525;2025-08-05 00:00:00;ASSOCIACAO DE PAIS E AMIGOS DOS EXCEPCIONAIS;41.876.996/0001-80;1481;SEDESE;SECRETARIA DE ESTADO DE DESENVOLVIMENTO SOCIAL;42;AUXILIOS;1;AUXILIOS;10;RECURSOS ORDINARIOS - RECURSOS NAO VINCULADOS DE IMPOSTOS;149945,06;149945,06;149945,06
9473152;388;2025-07-29 00:00:00;ASSOCIACAO COMUNITARIA SHEKINAH;02.108.947/0001-46;1481;SEDESE;SECRETARIA DE ESTADO DE DESENVOLVIMENTO SOCIAL;43;SUBVENCOES SOCIAIS;1;SUBVENCOES SOCIAIS;10;RECURSOS ORDINARIOS - RECURSOS NAO VINCULADOS DE IMPOSTOS;200000,0;200000,0;200000,0
9473153;351;2025-07-29 00:00:00;LAR DE VELHINHOS IRMA MARIETA DO MUNICIPIO DE CAMBUQUIRA;19.071.083/0001-38;1481;SEDESE;SECRETARIA DE ESTADO DE DESENVOLVIMENTO SOCIAL;43;SUBVENCOES SOCIAIS;1;SUBVENCOES SOCIAIS;10;RECURSOS ORDINARIOS - RECURSOS NAO VINCULADOS DE IMPOSTOS;100000,0;100000,0;100000,0
9473154;571;2025-08-05 00:00:00;ASSOCIACAO SOLIDARIA AMIGOS DO BEM - ASABE;30.033.611/0001-05;1481;SEDESE;SECRETARIA DE ESTADO DE DESENVOLVIMENTO SOCIAL;42;AUXILIOS;1;AUXILIOS;10;RECURSOS ORDINARIOS - RECURSOS NAO VINCULADOS DE IMPOSTOS;100000,0;100000,0;100000,0
9473155;390;2025-07-29 00:00:00;NCLEO DE APRENDIZADO VIDA ETERNA;31.133.526/0001-73;1481;SEDESE;SECRETARIA DE ESTADO DE DESENVOLVIMENTO SOCIAL;43;SUBVENCOES SOCIAIS;1;SUBVENCOES SOCIAIS;10;RECURSOS ORDINARIOS - RECURSOS NAO VINCULADOS DE IMPOSTOS;200000,0;200000,0;200000,0
9473156;391;2025-07-29 00:00:00;APAE DE JOAO MONLEVADE;19.155.282/0001-24;1481;SEDESE;SECRETARIA DE ESTADO DE DESENVOLVIMENTO SOCIAL;43;SUBVENCOES SOCIAIS;1;SUBVENCOES SOCIAIS;10;RECURSOS ORDINARIOS - RECURSOS NAO VINCULADOS DE IMPOSTOS;100000,0;100000,0;100000,0
9473159;439;2025-07-31 00:00:00;INSTITUTO SOCIAL MAIS VIVO;21.171.012/0001-59;1481;SEDESE;SECRETARIA DE ESTADO DE DESENVOLVIMENTO SOCIAL;42;AUXILIOS;1;AUXILIOS;10;RECURSOS ORDINARIOS - RECURSOS NAO VINCULADOS DE IMPOSTOS;100000,0;100000,0;100000,0
9473161;438;2025-07-31 00:00:00;CANTINHO DOS IDOSOS PARAISO;04.982.986/0001-01;1481;SEDESE;SECRETARIA DE ESTADO DE DESENVOLVIMENTO SOCIAL;42;AUXILIOS;1;AUXILIOS;10;RECURSOS ORDINARIOS - RECURSOS NAO VINCULADOS DE IMPOSTOS;100000,0;100000,0;100000,0
9473165;410;2025-07-30 00:00:00;LIGA ARAGUARINA DE FUTSAL - LAFS;12.652.445/0001-35;1481;SEDESE;SECRETARIA DE ESTADO DE DESENVOLVIMENTO SOCIAL;43;SUBVENCOES SOCIAIS;1;SUBVENCOES SOCIAIS;10;RECURSOS ORDINARIOS - RECURSOS NAO VINCULADOS DE IMPOSTOS;249998,23;249998,23;249998,23
9473167;355;2025-07-29 00:00:00;ASSOCIACAO COMUNITARIA SHEKINAH;02.108.947/0001-46;1481;SEDESE;SECRETARIA DE ESTADO DE DESENVOLVIMENTO SOCIAL;43;SUBVENCOES SOCIAIS;1;SUBVENCOES SOCIAIS;10;RECURSOS ORDINARIOS - RECURSOS NAO VINCULADOS DE IMPOSTOS;300000,0;300000,0;300000,0
9473168;513;2025-08-05 00:00:00;REDE DE INTERCAMBIO DE TECNOLOGIAS ALTERNATIVAS;25.572.868/0001-97;1481;SEDESE;SECRETARIA DE ESTADO DE DESENVOLVIMENTO SOCIAL;43;SUBVENCOES SOCIAIS;1;SUBVENCOES SOCIAIS;10;RECURSOS ORDINARIOS - RECURSOS NAO VINCULADOS DE IMPOSTOS;250000,0;250000,0;250000,0
9473169;368;2025-07-29 00:00:00;ASILO DIVINO ESPIRITO SANTO;21.419.502/0001-21;1481;SEDESE;SECRETARIA DE ESTADO DE DESENVOLVIMENTO SOCIAL;42;AUXILIOS;1;AUXILIOS;10;RECURSOS ORDINARIOS - RECURSOS NAO VINCULADOS DE IMPOSTOS;74210,47;74210,47;74210,47
9473182;597;2025-08-07 00:00:00;PM BARAO DE MONTE ALTO;17.947.649/0001-17;1481;SEDESE;SECRETARIA DE ESTADO DE DESENVOLVIMENTO SOCIAL;42;AUXILIOS;1;AUXILIOS;10;RECURSOS ORDINARIOS - RECURSOS NAO VINCULADOS DE IMPOSTOS;89307,08;89307,08;89307,08
9473197;441;2025-07-31 00:00:00;AGENCIA DE DESENVOLVIMENTO DE BIORREGIOES DO VALE DO RIO URUCUIA;04.290.751/0001-40;1481;SEDESE;SECRETARIA DE ESTADO DE DESENVOLVIMENTO SOCIAL;42;AUXILIOS;1;AUXILIOS;10;RECURSOS ORDINARIOS - RECURSOS NAO VINCULADOS DE IMPOSTOS;100000,0;100000,0;100000,0
9473198;365;2025-07-29 00:00:00;LIGA DO ESPORTE;05.250.244/0001-46;1481;SEDESE;SECRETARIA DE ESTADO DE DESENVOLVIMENTO SOCIAL;43;SUBVENCOES SOCIAIS;1;SUBVENCOES SOCIAIS;10;RECURSOS ORDINARIOS - RECURSOS NAO VINCULADOS DE IMPOSTOS;300000,0;300000,0;300000,0
9473199;362;2025-07-29 00:00:00;ASSOCIACAO DE PAIS E AMIGOS DOS EXCEPCIONAIS;03.558.755/0001-02;1481;SEDESE;SECRETARIA DE ESTADO DE DESENVOLVIMENTO SOCIAL;43;SUBVENCOES SOCIAIS;1;SUBVENCOES SOCIAIS;10;RECURSOS ORDINARIOS - RECURSOS NAO VINCULADOS DE IMPOSTOS;80000,0;80000,0;80000,0
9473199;363;2025-07-29 00:00:00;ASSOCIACAO DE PAIS E AMIGOS DOS EXCEPCIONAIS;03.558.755/0001-02;1481;SEDESE;SECRETARIA DE ESTADO DE DESENVOLVIMENTO SOCIAL;42;AUXILIOS;1;AUXILIOS;10;RECURSOS ORDINARIOS - RECURSOS NAO VINCULADOS DE IMPOSTOS;20000,0;20000,0;20000,0
9473200;487;2025-08-04 00:00:00;ASSOCIACAO MINEIRA DE EDUCACAO CONTINUADA ASMEC;05.263.848/0001-27;1481;SEDESE;SECRETARIA DE ESTADO DE DESENVOLVIMENTO SOCIAL;43;SUBVENCOES SOCIAIS;1;SUBVENCOES SOCIAIS;10;RECURSOS ORDINARIOS - RECURSOS NAO VINCULADOS DE IMPOSTOS;998400,0;998400,0;998400,0
9473201;361;2025-07-29 00:00:00;ASSOCIACAO BENEFICENTE BOM RETIRO E NEGRO ALVORADA N VISTA N STA INES;21.854.377/0001-88;1481;SEDESE;SECRETARIA DE ESTADO DE DESENVOLVIMENTO SOCIAL;43;SUBVENCOES SOCIAIS;1;SUBVENCOES SOCIAIS;10;RECURSOS ORDINARIOS - RECURSOS NAO VINCULADOS DE IMPOSTOS;100000,0;100000,0;100000,0
9473202;488;2025-08-04 00:00:00;ASSOCIACAO LA PELOTA;45.703.487/0001-07;1481;SEDESE;SECRETARIA DE ESTADO DE DESENVOLVIMENTO SOCIAL;43;SUBVENCOES SOCIAIS;1;SUBVENCOES SOCIAIS;10;RECURSOS ORDINARIOS - RECURSOS NAO VINCULADOS DE IMPOSTOS;150000,0;150000,0;150000,0
9473206;364;2025-07-29 00:00:00;ASAFE- ASSOCIACO SOMOS AMIGOS DO FUTEBOL E ESPORTE;13.769.318/0001-83;1481;SEDESE;SECRETARIA DE ESTADO DE DESENVOLVIMENTO SOCIAL;43;SUBVENCOES SOCIAIS;1;SUBVENCOES SOCIAIS;10;RECURSOS ORDINARIOS - RECURSOS NAO VINCULADOS DE IMPOSTOS;100000,0;100000,0;100000,0
9473207;489;2025-08-04 00:00:00;ASSOCIACAO MINEIRA DE EDUCACAO CONTINUADA ASMEC;05.263.848/0001-27;1481;SEDESE;SECRETARIA DE ESTADO DE DESENVOLVIMENTO SOCIAL;43;SUBVENCOES SOCIAIS;1;SUBVENCOES SOCIAIS;10;RECURSOS ORDINARIOS - RECURSOS NAO VINCULADOS DE IMPOSTOS;169992,0;169992,0;169992,0
9473208;367;2025-07-29 00:00:00;ASSOCIACAO DE CORREDORES DE RUA ITABIRA;08.625.960/0001-59;1481;SEDESE;SECRETARIA DE ESTADO DE DESENVOLVIMENTO SOCIAL;43;SUBVENCOES SOCIAIS;1;SUBVENCOES SOCIAIS;10;RECURSOS ORDINARIOS - RECURSOS NAO VINCULADOS DE IMPOSTOS;150000,0;150000,0;150000,0
9473209;387;2025-07-29 00:00:00;ASSOCIACAO COMUNITARIA SHEKINAH;02.108.947/0001-46;1481;SEDESE;SECRETARIA DE ESTADO DE DESENVOLVIMENTO SOCIAL;43;SUBVENCOES SOCIAIS;1;SUBVENCOES SOCIAIS;10;RECURSOS ORDINARIOS - RECURSOS NAO VINCULADOS DE IMPOSTOS;750000,0;750000,0;750000,0
9473210;532;2025-08-05 00:00:00;ASSOCIACAO DIREITO A SONHAR;21.948.417/0001-50;1481;SEDESE;SECRETARIA DE ESTADO DE DESENVOLVIMENTO SOCIAL;43;SUBVENCOES SOCIAIS;1;SUBVENCOES SOCIAIS;10;RECURSOS ORDINARIOS - RECURSOS NAO VINCULADOS DE IMPOSTOS;99993,42;99993,42;99993,42
9473211;541;2025-08-05 00:00:00;ASSOCIACAO CUIDAR BEM/MG - ACB;10.626.829/0001-58;1481;SEDESE;SECRETARIA DE ESTADO DE DESENVOLVIMENTO SOCIAL;43;SUBVENCOES SOCIAIS;1;SUBVENCOES SOCIAIS;10;RECURSOS ORDINARIOS - RECURSOS NAO VINCULADOS DE IMPOSTOS;149857,12;149857,12;149857,12
9473212;557;2025-08-05 00:00:00;INSTITUTO GUAICUY SOS RIO DAS VELHAS;04.518.749/0001-86;1481;SEDESE;SECRETARIA DE ESTADO DE DESENVOLVIMENTO SOCIAL;43;SUBVENCOES SOCIAIS;1;SUBVENCOES SOCIAIS;10;RECURSOS ORDINARIOS - RECURSOS NAO VINCULADOS DE IMPOSTOS;799999,68;799999,68;799999,68
9473213;490;2025-08-04 00:00:00;ASSOCIACAO DE PAIS E AMIGOS DOS EXCEPCIONAIS;02.469.191/0001-60;1481;SEDESE;SECRETARIA DE ESTADO DE DESENVOLVIMENTO SOCIAL;43;SUBVENCOES SOCIAIS;1;SUBVENCOES SOCIAIS;10;RECURSOS ORDINARIOS - RECURSOS NAO VINCULADOS DE IMPOSTOS;199998,99;199998,99;199998,99
9473214;386;2025-07-29 00:00:00;AGENCIA ADV DESENV. E REC ASS. SUDESTE BRASILEIRO;16.524.054/0004-39;1481;SEDESE;SECRETARIA DE ESTADO DE DESENVOLVIMENTO SOCIAL;43;SUBVENCOES SOCIAIS;1;SUBVENCOES SOCIAIS;10;RECURSOS ORDINARIOS - RECURSOS NAO VINCULADOS DE IMPOSTOS;200000,0;200000,0;200000,0
9473215;467;2025-08-01 00:00:00;ACAO SOCIAL VILLAREGIA;27.825.112/0001-38;1481;SEDESE;SECRETARIA DE ESTADO DE DESENVOLVIMENTO SOCIAL;43;SUBVENCOES SOCIAIS;1;SUBVENCOES SOCIAIS;10;RECURSOS ORDINARIOS - RECURSOS NAO VINCULADOS DE IMPOSTOS;180000,0;180000,0;180000,0
9473216;491;2025-08-04 00:00:00;ASSOCIACO DE PROMOCO HUMANA E ACO SOCIAL DE POCOS DE CALDAS;08.933.374/0001-71;1481;SEDESE;SECRETARIA DE ESTADO DE DESENVOLVIMENTO SOCIAL;43;SUBVENCOES SOCIAIS;1;SUBVENCOES SOCIAIS;10;RECURSOS ORDINARIOS - RECURSOS NAO VINCULADOS DE IMPOSTOS;99909,9;99909,9;99909,9
9473216;492;2025-08-04 00:00:00;ASSOCIACO DE PROMOCO HUMANA E ACO SOCIAL DE POCOS DE CALDAS;08.933.374/0001-71;1481;SEDESE;SECRETARIA DE ESTADO DE DESENVOLVIMENTO SOCIAL;42;AUXILIOS;1;AUXILIOS;10;RECURSOS ORDINARIOS - RECURSOS NAO VINCULADOS DE IMPOSTOS;19796,28;19796,28;19796,28
9473217;485;2025-08-01 00:00:00;ABRIGO SANTA HELENA DE JUIZ DE FORA;21.609.045/0001-38;1481;SEDESE;SECRETARIA DE ESTADO DE DESENVOLVIMENTO SOCIAL;42;AUXILIOS;1;AUXILIOS;10;RECURSOS ORDINARIOS - RECURSOS NAO VINCULADOS DE IMPOSTOS;125737,7;125737,7;125737,7
9473218;493;2025-08-04 00:00:00;AMERICA AMARANTINA FUTEBOL CLUBE;18.347.757/0001-11;1481;SEDESE;SECRETARIA DE ESTADO DE DESENVOLVIMENTO SOCIAL;43;SUBVENCOES SOCIAIS;1;SUBVENCOES SOCIAIS;10;RECURSOS ORDINARIOS - RECURSOS NAO VINCULADOS DE IMPOSTOS;100000,0;100000,0;100000,0
9473219;522;2025-08-05 00:00:00;ASSOCIACAO DE PAIS DE AMIGOS DOS EXCEPCIONAIS;02.364.111/0001-02;1481;SEDESE;SECRETARIA DE ESTADO DE DESENVOLVIMENTO SOCIAL;42;AUXILIOS;1;AUXILIOS;10;RECURSOS ORDINARIOS - RECURSOS NAO VINCULADOS DE IMPOSTOS;100000,0;100000,0;100000,0
9473220;516;2025-08-05 00:00:00;CASA DE REPOUSO DA SOCIEDADE SAO VICENTE DE PAULO/PAINS;20.876.462/0001-84;1481;SEDESE;SECRETARIA DE ESTADO DE DESENVOLVIMENTO SOCIAL;43;SUBVENCOES SOCIAIS;1;SUBVENCOES SOCIAIS;10;RECURSOS ORDINARIOS - RECURSOS NAO VINCULADOS DE IMPOSTOS;59676,5;59676,5;59676,5
9473220;517;2025-08-05 00:00:00;CASA DE REPOUSO DA SOCIEDADE SAO VICENTE DE PAULO/PAINS;20.876.462/0001-84;1481;SEDESE;SECRETARIA DE ESTADO DE DESENVOLVIMENTO SOCIAL;42;AUXILIOS;1;AUXILIOS;10;RECURSOS ORDINARIOS - RECURSOS NAO VINCULADOS DE IMPOSTOS;40000,0;40000,0;40000,0
9473221;494;2025-08-04 00:00:00;SOCIEDADE SAO VICENTE DE PAULO;17.414.210/0001-29;1481;SEDESE;SECRETARIA DE ESTADO DE DESENVOLVIMENTO SOCIAL;42;AUXILIOS;1;AUXILIOS;10;RECURSOS ORDINARIOS - RECURSOS NAO VINCULADOS DE IMPOSTOS;99231,98;99231,98;99231,98
9473222;495;2025-08-04 00:00:00;COMUNIDADE SANTO ANTONIO;65.156.408/0001-00;1481;SEDESE;SECRETARIA DE ESTADO DE DESENVOLVIMENTO SOCIAL;43;SUBVENCOES SOCIAIS;1;SUBVENCOES SOCIAIS;10;RECURSOS ORDINARIOS - RECURSOS NAO VINCULADOS DE IMPOSTOS;109989,21;109989,21;109989,21
9473222;496;2025-08-04 00:00:00;COMUNIDADE SANTO ANTONIO;65.156.408/0001-00;1481;SEDESE;SECRETARIA DE ESTADO DE DESENVOLVIMENTO SOCIAL;42;AUXILIOS;1;AUXILIOS;10;RECURSOS ORDINARIOS - RECURSOS NAO VINCULADOS DE IMPOSTOS;29865,39;29865,39;29865,39
9473223;376;2025-07-29 00:00:00;ASSOCIACAO DIREITO A SONHAR;21.948.417/0001-50;1481;SEDESE;SECRETARIA DE ESTADO DE DESENVOLVIMENTO SOCIAL;43;SUBVENCOES SOCIAIS;1;SUBVENCOES SOCIAIS;10;RECURSOS ORDINARIOS - RECURSOS NAO VINCULADOS DE IMPOSTOS;100000,0;100000,0;100000,0
9473223;378;2025-07-29 00:00:00;ASSOCIACAO DIREITO A SONHAR;21.948.417/0001-50;1481;SEDESE;SECRETARIA DE ESTADO DE DESENVOLVIMENTO SOCIAL;42;AUXILIOS;1;AUXILIOS;10;RECURSOS ORDINARIOS - RECURSOS NAO VINCULADOS DE IMPOSTOS;149967,74;149967,74;149967,74
9473225;383;2025-07-29 00:00:00;ASSOCIACAO DOS DEFICIENTES FISICOS DE POCOS DE CALDAS;19.057.462/0001-73;1481;SEDESE;SECRETARIA DE ESTADO DE DESENVOLVIMENTO SOCIAL;42;AUXILIOS;1;AUXILIOS;10;RECURSOS ORDINARIOS - RECURSOS NAO VINCULADOS DE IMPOSTOS;100000,0;100000,0;100000,0
9473226;526;2025-08-05 00:00:00;FEDERACAO MINEIRA DE KARATE;20.112.058/0001-34;1481;SEDESE;SECRETARIA DE ESTADO DE DESENVOLVIMENTO SOCIAL;43;SUBVENCOES SOCIAIS;1;SUBVENCOES SOCIAIS;10;RECURSOS ORDINARIOS - RECURSOS NAO VINCULADOS DE IMPOSTOS;500000,0;500000,0;500000,0
9473227;384;2025-07-29 00:00:00;ASSOCIACAO AREBELDIA CULTURAL;10.956.372/0001-40;1481;SEDESE;SECRETARIA DE ESTADO DE DESENVOLVIMENTO SOCIAL;43;SUBVENCOES SOCIAIS;1;SUBVENCOES SOCIAIS;10;RECURSOS ORDINARIOS - RECURSOS NAO VINCULADOS DE IMPOSTOS;200000,0;200000,0;200000,0
9473228;497;2025-08-04 00:00:00;ASSOCIACAO DOS MORADORES DO BAIRRO NOVO PROGRESSO II;16.684.664/0001-57;1481;SEDESE;SECRETARIA DE ESTADO DE DESENVOLVIMENTO SOCIAL;43;SUBVENCOES SOCIAIS;1;SUBVENCOES SOCIAIS;10;RECURSOS ORDINARIOS - RECURSOS NAO VINCULADOS DE IMPOSTOS;500000,0;500000,0;500000,0
9473229;374;2025-07-29 00:00:00;ONCOPOCOS - ASSOCIACAO DE APOIO E ASSISTENCIA A PACIENTES ONCOLOGICOS;31.539.242/0001-81;1481;SEDESE;SECRETARIA DE ESTADO DE DESENVOLVIMENTO SOCIAL;43;SUBVENCOES SOCIAIS;1;SUBVENCOES SOCIAIS;10;RECURSOS ORDINARIOS - RECURSOS NAO VINCULADOS DE IMPOSTOS;50000,0;50000,0;50000,0
9473229;375;2025-07-29 00:00:00;ONCOPOCOS - ASSOCIACAO DE APOIO E ASSISTENCIA A PACIENTES ONCOLOGICOS;31.539.242/0001-81;1481;SEDESE;SECRETARIA DE ESTADO DE DESENVOLVIMENTO SOCIAL;42;AUXILIOS;1;AUXILIOS;10;RECURSOS ORDINARIOS - RECURSOS NAO VINCULADOS DE IMPOSTOS;50000,0;50000,0;50000,0
9473230;371;2025-07-29 00:00:00;APAE DOM SILVERIO;23.947.294/0001-69;1481;SEDESE;SECRETARIA DE ESTADO DE DESENVOLVIMENTO SOCIAL;43;SUBVENCOES SOCIAIS;1;SUBVENCOES SOCIAIS;10;RECURSOS ORDINARIOS - RECURSOS NAO VINCULADOS DE IMPOSTOS;100000,0;100000,0;100000,0
9473231;498;2025-08-04 00:00:00;MARIANAS, MULHERES QUE INSPIRAM;36.180.820/0001-50;1481;SEDESE;SECRETARIA DE ESTADO DE DESENVOLVIMENTO SOCIAL;43;SUBVENCOES SOCIAIS;1;SUBVENCOES SOCIAIS;10;RECURSOS ORDINARIOS - RECURSOS NAO VINCULADOS DE IMPOSTOS;400000,0;400000,0;400000,0
9473232;381;2025-07-29 00:00:00;ASSOCIACAO DE PAIS E AMIGOS DOS EXCEPCIONAIS DE BORDA DA MATA;21.416.987/0001-08;1481;SEDESE;SECRETARIA DE ESTADO DE DESENVOLVIMENTO SOCIAL;43;SUBVENCOES SOCIAIS;1;SUBVENCOES SOCIAIS;10;RECURSOS ORDINARIOS - RECURSOS NAO VINCULADOS DE IMPOSTOS;100000,0;100000,0;100000,0
9473233;499;2025-08-04 00:00:00;ASSOCIACAO DE PROMOCAO HUMANA DIVINA PROVIDENCIA;00.981.069/0001-43;1481;SEDESE;SECRETARIA DE ESTADO DE DESENVOLVIMENTO SOCIAL;43;SUBVENCOES SOCIAIS;1;SUBVENCOES SOCIAIS;10;RECURSOS ORDINARIOS - RECURSOS NAO VINCULADOS DE IMPOSTOS;100000,0;100000,0;100000,0
9473234;692;2025-07-29 00:00:00;PM PARACATU;18.278.051/0001-45;1261;SEE;SECRETARIA DE ESTADO DE EDUCACAO;42;AUXILIOS;1;AUXILIOS;10;RECURSOS ORDINARIOS - RECURSOS NAO VINCULADOS DE IMPOSTOS;412000,0;412000,0;412000,0
9473235;1389;2025-07-29 00:00:00;PM PIRAPETINGA;18.092.825/0001-49;1261;SEE;SECRETARIA DE ESTADO DE EDUCACAO;42;AUXILIOS;1;AUXILIOS;10;RECURSOS ORDINARIOS - RECURSOS NAO VINCULADOS DE IMPOSTOS;250000,0;250000,0;250000,0
9473236;500;2025-08-04 00:00:00;INSTITUTO ORIGEM;41.013.492/0001-37;1481;SEDESE;SECRETARIA DE ESTADO DE DESENVOLVIMENTO SOCIAL;43;SUBVENCOES SOCIAIS;1;SUBVENCOES SOCIAIS;10;RECURSOS ORDINARIOS - RECURSOS NAO VINCULADOS DE IMPOSTOS;120000,0;120000,0;120000,0
9473237;379;2025-07-29 00:00:00;ASSOCIACAO VOO AZUL AUTISMO;48.532.061/0001-26;1481;SEDESE;SECRETARIA DE ESTADO DE DESENVOLVIMENTO SOCIAL;42;AUXILIOS;1;AUXILIOS;10;RECURSOS ORDINARIOS - RECURSOS NAO VINCULADOS DE IMPOSTOS;132763,33;132763,33;132763,33
9473239;501;2025-08-04 00:00:00;ESCOLA DE JUDO DE SAO GONCALO DO SAPUCAI;34.713.918/0001-08;1481;SEDESE;SECRETARIA DE ESTADO DE DESENVOLVIMENTO SOCIAL;43;SUBVENCOES SOCIAIS;1;SUBVENCOES SOCIAIS;10;RECURSOS ORDINARIOS - RECURSOS NAO VINCULADOS DE IMPOSTOS;149999,7;149999,7;149999,7
9473240;535;2025-08-05 00:00:00;ASSOCIACAO CUIDAR BEM/MG - ACB;10.626.829/0001-58;1481;SEDESE;SECRETARIA DE ESTADO DE DESENVOLVIMENTO SOCIAL;43;SUBVENCOES SOCIAIS;1;SUBVENCOES SOCIAIS;10;RECURSOS ORDINARIOS - RECURSOS NAO VINCULADOS DE IMPOSTOS;299757,12;299757,12;299757,12
9473241;528;2025-08-05 00:00:00;CENTRO ESPECIALIZADO UNIDOS PELO AUTISMO-CU AZUL;03.496.980/0001-53;1481;SEDESE;SECRETARIA DE ESTADO DE DESENVOLVIMENTO SOCIAL;43;SUBVENCOES SOCIAIS;1;SUBVENCOES SOCIAIS;10;RECURSOS ORDINARIOS - RECURSOS NAO VINCULADOS DE IMPOSTOS;100000,0;100000,0;100000,0
9473242;385;2025-07-29 00:00:00;LAR SAO VICENTE DE PAULA;21.407.275/0001-14;1481;SEDESE;SECRETARIA DE ESTADO DE DESENVOLVIMENTO SOCIAL;43;SUBVENCOES SOCIAIS;1;SUBVENCOES SOCIAIS;10;RECURSOS ORDINARIOS - RECURSOS NAO VINCULADOS DE IMPOSTOS;99999,26;99999,26;99999,26
9473243;530;2025-08-05 00:00:00;ACADEMIA DE COMERCIO SAO JOSE;20.773.644/0001-20;1481;SEDESE;SECRETARIA DE ESTADO DE DESENVOLVIMENTO SOCIAL;43;SUBVENCOES SOCIAIS;1;SUBVENCOES SOCIAIS;10;RECURSOS ORDINARIOS - RECURSOS NAO VINCULADOS DE IMPOSTOS;199350,0;199350,0;199350,0
9473244;382;2025-07-29 00:00:00;PEQUI ESPORTE CLUBE;20.915.674/0001-23;1481;SEDESE;SECRETARIA DE ESTADO DE DESENVOLVIMENTO SOCIAL;43;SUBVENCOES SOCIAIS;1;SUBVENCOES SOCIAIS;10;RECURSOS ORDINARIOS - RECURSOS NAO VINCULADOS DE IMPOSTOS;149865,67;149865,67;149865,67
9473246;533;2025-08-05 00:00:00;FRATERNIDADE CRISTA DOENTES DEFICIENTES DE ALFENAS - FCDA;02.560.679/0001-07;1481;SEDESE;SECRETARIA DE ESTADO DE DESENVOLVIMENTO SOCIAL;43;SUBVENCOES SOCIAIS;1;SUBVENCOES SOCIAIS;10;RECURSOS ORDINARIOS - RECURSOS NAO VINCULADOS DE IMPOSTOS;100000,0;100000,0;100000,0
9473250;380;2025-07-29 00:00:00;ASSOCIACAO DOS AGRICULTORES FAMILIARES DE CATUTI;13.843.326/0001-22;1481;SEDESE;SECRETARIA DE ESTADO DE DESENVOLVIMENTO SOCIAL;43;SUBVENCOES SOCIAIS;1;SUBVENCOES SOCIAIS;10;RECURSOS ORDINARIOS - RECURSOS NAO VINCULADOS DE IMPOSTOS;100000,0;100000,0;100000,0
9473253;473;2025-08-01 00:00:00;VILA NOVA FUTEBOL CLUBE;18.266.247/0001-10;1481;SEDESE;SECRETARIA DE ESTADO DE DESENVOLVIMENTO SOCIAL;43;SUBVENCOES SOCIAIS;1;SUBVENCOES SOCIAIS;10;RECURSOS ORDINARIOS - RECURSOS NAO VINCULADOS DE IMPOSTOS;100754,0;100754,0;100754,0
9473254;471;2025-08-01 00:00:00;VILA NOVA FUTEBOL CLUBE;18.266.247/0001-10;1481;SEDESE;SECRETARIA DE ESTADO DE DESENVOLVIMENTO SOCIAL;43;SUBVENCOES SOCIAIS;1;SUBVENCOES SOCIAIS;10;RECURSOS ORDINARIOS - RECURSOS NAO VINCULADOS DE IMPOSTOS;100000,0;100000,0;100000,0
9473255;536;2025-08-05 00:00:00;ASSOCIACAO AVANTE MINAS;38.080.361/0001-68;1481;SEDESE;SECRETARIA DE ESTADO DE DESENVOLVIMENTO SOCIAL;43;SUBVENCOES SOCIAIS;1;SUBVENCOES SOCIAIS;10;RECURSOS ORDINARIOS - RECURSOS NAO VINCULADOS DE IMPOSTOS;100000,0;100000,0;100000,0
9473256;470;2025-08-01 00:00:00;ASSOCIACAO COM.DES.SOCIAL VALE SAO FRANCISCO;06.316.684/0001-11;1481;SEDESE;SECRETARIA DE ESTADO DE DESENVOLVIMENTO SOCIAL;43;SUBVENCOES SOCIAIS;1;SUBVENCOES SOCIAIS;10;RECURSOS ORDINARIOS - RECURSOS NAO VINCULADOS DE IMPOSTOS;169577,4;169577,4;169577,4
9473257;538;2025-08-05 00:00:00;INSTITUTO CULTURAL SEMIFUSA;14.546.793/0001-53;1481;SEDESE;SECRETARIA DE ESTADO DE DESENVOLVIMENTO SOCIAL;43;SUBVENCOES SOCIAIS;1;SUBVENCOES SOCIAIS;10;RECURSOS ORDINARIOS - RECURSOS NAO VINCULADOS DE IMPOSTOS;485000,0;485000,0;485000,0
9473257;540;2025-08-05 00:00:00;INSTITUTO CULTURAL SEMIFUSA;14.546.793/0001-53;1481;SEDESE;SECRETARIA DE ESTADO DE DESENVOLVIMENTO SOCIAL;42;AUXILIOS;1;AUXILIOS;10;RECURSOS ORDINARIOS - RECURSOS NAO VINCULADOS DE IMPOSTOS;15000,0;15000,0;15000,0
9473259;469;2025-08-01 00:00:00;SOCIEDADE DE PROTECAO DE ASSIST.A INFANCIA;19.278.449/0001-44;1481;SEDESE;SECRETARIA DE ESTADO DE DESENVOLVIMENTO SOCIAL;42;AUXILIOS;1;AUXILIOS;10;RECURSOS ORDINARIOS - RECURSOS NAO VINCULADOS DE IMPOSTOS;100000,0;100000,0;100000,0
9473260;561;2025-08-05 00:00:00;ASSOCIACAO LUZENSE DE EQUOTERAPIA;17.709.282/0001-01;1481;SEDESE;SECRETARIA DE ESTADO DE DESENVOLVIMENTO SOCIAL;43;SUBVENCOES SOCIAIS;1;SUBVENCOES SOCIAIS;10;RECURSOS ORDINARIOS - RECURSOS NAO VINCULADOS DE IMPOSTOS;99990,0;99990,0;99990,0
9473261;468;2025-08-01 00:00:00;INSTITUTO SOCIAL PROSPERAR;07.261.585/0001-42;1481;SEDESE;SECRETARIA DE ESTADO DE DESENVOLVIMENTO SOCIAL;43;SUBVENCOES SOCIAIS;1;SUBVENCOES SOCIAIS;10;RECURSOS ORDINARIOS - RECURSOS NAO VINCULADOS DE IMPOSTOS;100000,0;100000,0;100000,0
9473262;556;2025-08-05 00:00:00;INSTITUTO DE ASSISTENCIA A CRIANCA E ADOLECENTE VILLAGE ATIVO;05.147.386/0001-82;1481;SEDESE;SECRETARIA DE ESTADO DE DESENVOLVIMENTO SOCIAL;43;SUBVENCOES SOCIAIS;1;SUBVENCOES SOCIAIS;10;RECURSOS ORDINARIOS - RECURSOS NAO VINCULADOS DE IMPOSTOS;99997,0;99997,0;99997,0
9473263;546;2025-08-05 00:00:00;ASSOCIACAO BENEFICENTE CUIDAR;17.524.594/0001-32;1481;SEDESE;SECRETARIA DE ESTADO DE DESENVOLVIMENTO SOCIAL;43;SUBVENCOES SOCIAIS;1;SUBVENCOES SOCIAIS;10;RECURSOS ORDINARIOS - RECURSOS NAO VINCULADOS DE IMPOSTOS;1496999,92;1496999,92;1496999,92
9473264;554;2025-08-05 00:00:00;OBRA ASSISTENCIAL MONSENHOR ALDERIGI;17.857.236/0001-41;1481;SEDESE;SECRETARIA DE ESTADO DE DESENVOLVIMENTO SOCIAL;43;SUBVENCOES SOCIAIS;1;SUBVENCOES SOCIAIS;10;RECURSOS ORDINARIOS - RECURSOS NAO VINCULADOS DE IMPOSTOS;99999,05;99999,05;99999,05
9473265;542;2025-08-05 00:00:00;INSTITUTO MAIS ACAO;30.926.461/0001-50;1481;SEDESE;SECRETARIA DE ESTADO DE DESENVOLVIMENTO SOCIAL;43;SUBVENCOES SOCIAIS;1;SUBVENCOES SOCIAIS;10;RECURSOS ORDINARIOS - RECURSOS NAO VINCULADOS DE IMPOSTOS;50000,0;50000,0;50000,0
9473265;543;2025-08-05 00:00:00;INSTITUTO MAIS ACAO;30.926.461/0001-50;1481;SEDESE;SECRETARIA DE ESTADO DE DESENVOLVIMENTO SOCIAL;42;AUXILIOS;1;AUXILIOS;10;RECURSOS ORDINARIOS - RECURSOS NAO VINCULADOS DE IMPOSTOS;49994,8;49994,8;49994,8
9473267;389;2025-07-29 00:00:00;ASSOCIACAO BURITIS DE ESPORTE E CULTURA;12.382.472/0001-35;1481;SEDESE;SECRETARIA DE ESTADO DE DESENVOLVIMENTO SOCIAL;42;AUXILIOS;1;AUXILIOS;10;RECURSOS ORDINARIOS - RECURSOS NAO VINCULADOS DE IMPOSTOS;843231,32;843231,32;843231,32
9473268;503;2025-08-04 00:00:00;ASSOCIACAO DOS AMIGOS DO BUGRE;01.176.626/0001-16;1481;SEDESE;SECRETARIA DE ESTADO DE DESENVOLVIMENTO SOCIAL;43;SUBVENCOES SOCIAIS;1;SUBVENCOES SOCIAIS;10;RECURSOS ORDINARIOS - RECURSOS NAO VINCULADOS DE IMPOSTOS;100000,0;100000,0;100000,0
9473270;537;2025-08-05 00:00:00;AEPP ASSOCIACAO ESPORTE PELA PAZ;22.345.593/0002-41;1481;SEDESE;SECRETARIA DE ESTADO DE DESENVOLVIMENTO SOCIAL;43;SUBVENCOES SOCIAIS;1;SUBVENCOES SOCIAIS;10;RECURSOS ORDINARIOS - RECURSOS NAO VINCULADOS DE IMPOSTOS;114255,05;114255,05;114255,05
9473270;539;2025-08-05 00:00:00;AEPP ASSOCIACAO ESPORTE PELA PAZ;22.345.593/0002-41;1481;SEDESE;SECRETARIA DE ESTADO DE DESENVOLVIMENTO SOCIAL;42;AUXILIOS;1;AUXILIOS;10;RECURSOS ORDINARIOS - RECURSOS NAO VINCULADOS DE IMPOSTOS;35358,4;35358,4;35358,4
9473271;588;2025-08-06 00:00:00;FRATERNIDADE CRISTA DOENTES DEFICIENTES DE ALFENAS - FCDA;02.560.679/0001-07;1481;SEDESE;SECRETARIA DE ESTADO DE DESENVOLVIMENTO SOCIAL;43;SUBVENCOES SOCIAIS;1;SUBVENCOES SOCIAIS;10;RECURSOS ORDINARIOS - RECURSOS NAO VINCULADOS DE IMPOSTOS;200000,0;200000,0;200000,0
9473274;432;2025-07-31 00:00:00;ASSOCIACAO DA CRIANCA E DO ADOLESCENTE DE ITAOBIM;04.021.055/0001-39;1481;SEDESE;SECRETARIA DE ESTADO DE DESENVOLVIMENTO SOCIAL;42;AUXILIOS;1;AUXILIOS;10;RECURSOS ORDINARIOS - RECURSOS NAO VINCULADOS DE IMPOSTOS;99914,8;99914,8;99914,8
9473276;464;2025-08-01 00:00:00;LAR SAO VICENTE DE PAULO DO DIST. DO DIVINO ESPIRITO SANTO;25.657.669/0001-81;1481;SEDESE;SECRETARIA DE ESTADO DE DESENVOLVIMENTO SOCIAL;43;SUBVENCOES SOCIAIS;1;SUBVENCOES SOCIAIS;10;RECURSOS ORDINARIOS - RECURSOS NAO VINCULADOS DE IMPOSTOS;99999,97;99999,97;99999,97
9473277;462;2025-08-01 00:00:00;ORGANIZACAO LGBT DE MURIAE;15.131.903/0001-89;1481;SEDESE;SECRETARIA DE ESTADO DE DESENVOLVIMENTO SOCIAL;43;SUBVENCOES SOCIAIS;1;SUBVENCOES SOCIAIS;10;RECURSOS ORDINARIOS - RECURSOS NAO VINCULADOS DE IMPOSTOS;110000,0;110000,0;110000,0
9473277;463;2025-08-01 00:00:00;ORGANIZACAO LGBT DE MURIAE;15.131.903/0001-89;1481;SEDESE;SECRETARIA DE ESTADO DE DESENVOLVIMENTO SOCIAL;42;AUXILIOS;1;AUXILIOS;10;RECURSOS ORDINARIOS - RECURSOS NAO VINCULADOS DE IMPOSTOS;40000,0;40000,0;40000,0
9473278;460;2025-08-01 00:00:00;NACIONAL ATLETICO CLUBE;18.138.560/0001-72;1481;SEDESE;SECRETARIA DE ESTADO DE DESENVOLVIMENTO SOCIAL;42;AUXILIOS;1;AUXILIOS;10;RECURSOS ORDINARIOS - RECURSOS NAO VINCULADOS DE IMPOSTOS;250000,0;250000,0;250000,0
9473279;399;2025-07-30 00:00:00;ASSOCIACAO DAS VILAS REUNIDAS, NUCLEO ESPORTIVO & CULTURAL;19.702.851/0001-04;1481;SEDESE;SECRETARIA DE ESTADO DE DESENVOLVIMENTO SOCIAL;43;SUBVENCOES SOCIAIS;1;SUBVENCOES SOCIAIS;10;RECURSOS ORDINARIOS - RECURSOS NAO VINCULADOS DE IMPOSTOS;129992,51;129992,51;129992,51
9473281;398;2025-07-30 00:00:00;NUCLEO ASSISTENCIAL CASA DO VOVO;05.599.078/0001-98;1481;SEDESE;SECRETARIA DE ESTADO DE DESENVOLVIMENTO SOCIAL;42;AUXILIOS;1;AUXILIOS;10;RECURSOS ORDINARIOS - RECURSOS NAO VINCULADOS DE IMPOSTOS;250000,0;250000,0;250000,0
9473283;397;2025-07-30 00:00:00;FUNDACAO EDUCACIOBAL CLARICE ALBUQUERQUE;25.218.462/0001-00;1481;SEDESE;SECRETARIA DE ESTADO DE DESENVOLVIMENTO SOCIAL;43;SUBVENCOES SOCIAIS;1;SUBVENCOES SOCIAIS;10;RECURSOS ORDINARIOS - RECURSOS NAO VINCULADOS DE IMPOSTOS;100000,0;100000,0;100000,0
9473284;559;2025-08-05 00:00:00;ASSOCIACAO DAS AMIGAS DO BAIRRO SANTO ANTONIO;05.978.074/0001-10;1481;SEDESE;SECRETARIA DE ESTADO DE DESENVOLVIMENTO SOCIAL;43;SUBVENCOES SOCIAIS;1;SUBVENCOES SOCIAIS;10;RECURSOS ORDINARIOS - RECURSOS NAO VINCULADOS DE IMPOSTOS;99811,8;99811,8;99811,8
9473285;406;2025-07-30 00:00:00;NUCLEO BENEFICENTE MIRANDINHA;08.068.822/0001-16;1481;SEDESE;SECRETARIA DE ESTADO DE DESENVOLVIMENTO SOCIAL;43;SUBVENCOES SOCIAIS;1;SUBVENCOES SOCIAIS;10;RECURSOS ORDINARIOS - RECURSOS NAO VINCULADOS DE IMPOSTOS;100000,0;100000,0;100000,0
9473286;573;2025-08-05 00:00:00;PROJETO DE APOIO A CRIANCA;04.137.910/0001-71;1481;SEDESE;SECRETARIA DE ESTADO DE DESENVOLVIMENTO SOCIAL;43;SUBVENCOES SOCIAIS;1;SUBVENCOES SOCIAIS;10;RECURSOS ORDINARIOS - RECURSOS NAO VINCULADOS DE IMPOSTOS;100000,0;100000,0;100000,0
9473288;521;2025-08-05 00:00:00;PROJETO COMUNITARIO CRESCER;24.545.370/0001-72;1481;SEDESE;SECRETARIA DE ESTADO DE DESENVOLVIMENTO SOCIAL;43;SUBVENCOES SOCIAIS;1;SUBVENCOES SOCIAIS;10;RECURSOS ORDINARIOS - RECURSOS NAO VINCULADOS DE IMPOSTOS;99995,0;99995,0;99995,0
9473289;427;2025-07-31 00:00:00;ASSOCIACAO INSTITUTO BOLA PRETA;09.159.597/0001-96;1481;SEDESE;SECRETARIA DE ESTADO DE DESENVOLVIMENTO SOCIAL;43;SUBVENCOES SOCIAIS;1;SUBVENCOES SOCIAIS;10;RECURSOS ORDINARIOS - RECURSOS NAO VINCULADOS DE IMPOSTOS;40000,0;40000,0;40000,0
9473289;428;2025-07-31 00:00:00;ASSOCIACAO INSTITUTO BOLA PRETA;09.159.597/0001-96;1481;SEDESE;SECRETARIA DE ESTADO DE DESENVOLVIMENTO SOCIAL;42;AUXILIOS;1;AUXILIOS;10;RECURSOS ORDINARIOS - RECURSOS NAO VINCULADOS DE IMPOSTOS;60000,0;60000,0;60000,0
9473290;565;2025-08-05 00:00:00;COMUNA DO REINO;49.065.177/0001-65;1481;SEDESE;SECRETARIA DE ESTADO DE DESENVOLVIMENTO SOCIAL;43;SUBVENCOES SOCIAIS;1;SUBVENCOES SOCIAIS;10;RECURSOS ORDINARIOS - RECURSOS NAO VINCULADOS DE IMPOSTOS;249000,0;249000,0;249000,0
9473292;405;2025-07-30 00:00:00;ASSOCIACAO CULTURAL BLOCO AFRO ILU ASE MUVUKA;48.461.486/0001-91;1481;SEDESE;SECRETARIA DE ESTADO DE DESENVOLVIMENTO SOCIAL;43;SUBVENCOES SOCIAIS;1;SUBVENCOES SOCIAIS;10;RECURSOS ORDINARIOS - RECURSOS NAO VINCULADOS DE IMPOSTOS;100000,0;100000,0;100000,0
9473293;458;2025-08-01 00:00:00;LIGA DO ESPORTE;05.250.244/0001-46;1481;SEDESE;SECRETARIA DE ESTADO DE DESENVOLVIMENTO SOCIAL;43;SUBVENCOES SOCIAIS;1;SUBVENCOES SOCIAIS;10;RECURSOS ORDINARIOS - RECURSOS NAO VINCULADOS DE IMPOSTOS;440000,0;440000,0;440000,0
9473293;459;2025-08-01 00:00:00;LIGA DO ESPORTE;05.250.244/0001-46;1481;SEDESE;SECRETARIA DE ESTADO DE DESENVOLVIMENTO SOCIAL;42;AUXILIOS;1;AUXILIOS;10;RECURSOS ORDINARIOS - RECURSOS NAO VINCULADOS DE IMPOSTOS;159680,0;159680,0;159680,0
9473294;555;2025-08-05 00:00:00;LAR DOS IDOSOS IMACULADA CONCEICAO DE MONTE BELO;18.706.713/0001-30;1481;SEDESE;SECRETARIA DE ESTADO DE DESENVOLVIMENTO SOCIAL;43;SUBVENCOES SOCIAIS;1;SUBVENCOES SOCIAIS;10;RECURSOS ORDINARIOS - RECURSOS NAO VINCULADOS DE IMPOSTOS;99989,16;99989,16;99989,16
9473295;524;2025-08-05 00:00:00;INSTITUTO HELENA ANTIPOFF;20.167.813/0001-88;1481;SEDESE;SECRETARIA DE ESTADO DE DESENVOLVIMENTO SOCIAL;42;AUXILIOS;1;AUXILIOS;10;RECURSOS ORDINARIOS - RECURSOS NAO VINCULADOS DE IMPOSTOS;130000,0;130000,0;130000,0
9473297;392;2025-07-29 00:00:00;FUNDACAO FE E ALEGRIA DO BRASIL;46.250.411/0014-50;1481;SEDESE;SECRETARIA DE ESTADO DE DESENVOLVIMENTO SOCIAL;42;AUXILIOS;1;AUXILIOS;10;RECURSOS ORDINARIOS - RECURSOS NAO VINCULADOS DE IMPOSTOS;104278,35;104278,35;104278,35
9473298;466;2025-08-01 00:00:00;GALO DO OESTE FLAMENGO ESPORTE CLUBE;20.938.536/0001-60;1481;SEDESE;SECRETARIA DE ESTADO DE DESENVOLVIMENTO SOCIAL;43;SUBVENCOES SOCIAIS;1;SUBVENCOES SOCIAIS;10;RECURSOS ORDINARIOS - RECURSOS NAO VINCULADOS DE IMPOSTOS;98240,0;98240,0;98240,0
9473300;519;2025-08-05 00:00:00;UNIAO SOCIAL DESPORTIVA E CULTURAL KJMAR;35.457.881/0001-59;1481;SEDESE;SECRETARIA DE ESTADO DE DESENVOLVIMENTO SOCIAL;43;SUBVENCOES SOCIAIS;1;SUBVENCOES SOCIAIS;10;RECURSOS ORDINARIOS - RECURSOS NAO VINCULADOS DE IMPOSTOS;99999,1;99999,1;99999,1
9473301;429;2025-07-31 00:00:00;CARITAS BRASILEIRA;33.654.419/0008-92;1481;SEDESE;SECRETARIA DE ESTADO DE DESENVOLVIMENTO SOCIAL;43;SUBVENCOES SOCIAIS;1;SUBVENCOES SOCIAIS;10;RECURSOS ORDINARIOS - RECURSOS NAO VINCULADOS DE IMPOSTOS;100000,0;100000,0;100000,0
9473302;454;2025-08-01 00:00:00;ASSOCIACAO MUNICIPAL AMIGOS DE SALINAS;07.411.040/0001-75;1481;SEDESE;SECRETARIA DE ESTADO DE DESENVOLVIMENTO SOCIAL;43;SUBVENCOES SOCIAIS;1;SUBVENCOES SOCIAIS;10;RECURSOS ORDINARIOS - RECURSOS NAO VINCULADOS DE IMPOSTOS;0,0;0,0;0,0
9473302;455;2025-08-01 00:00:00;ASSOCIACAO MUNICIPAL AMIGOS DE SALINAS;07.411.040/0001-75;1481;SEDESE;SECRETARIA DE ESTADO DE DESENVOLVIMENTO SOCIAL;43;SUBVENCOES SOCIAIS;1;SUBVENCOES SOCIAIS;10;RECURSOS ORDINARIOS - RECURSOS NAO VINCULADOS DE IMPOSTOS;151520,0;151520,0;151520,0
9473302;457;2025-08-01 00:00:00;ASSOCIACAO MUNICIPAL AMIGOS DE SALINAS;07.411.040/0001-75;1481;SEDESE;SECRETARIA DE ESTADO DE DESENVOLVIMENTO SOCIAL;42;AUXILIOS;1;AUXILIOS;10;RECURSOS ORDINARIOS - RECURSOS NAO VINCULADOS DE IMPOSTOS;125737,7;125737,7;125737,7
9473303;404;2025-07-30 00:00:00;ASILO SAO VICENTE DE PAULO;20.208.393/0001-30;1481;SEDESE;SECRETARIA DE ESTADO DE DESENVOLVIMENTO SOCIAL;42;AUXILIOS;1;AUXILIOS;10;RECURSOS ORDINARIOS - RECURSOS NAO VINCULADOS DE IMPOSTOS;100000,0;100000,0;100000,0
9473306;437;2025-07-31 00:00:00;ASSOCIACAO DE PAIS E AMIGOS DOS EXCEPIONAIS;04.131.814/0001-16;1481;SEDESE;SECRETARIA DE ESTADO DE DESENVOLVIMENTO SOCIAL;42;AUXILIOS;1;AUXILIOS;10;RECURSOS ORDINARIOS - RECURSOS NAO VINCULADOS DE IMPOSTOS;90210,08;90210,08;90210,08
9473307;552;2025-08-05 00:00:00;ASSOCIACAO DE PROMOCAO DA CIDADANIA DO BAIRRO SANTA LUCIA PA;05.659.499/0001-67;1481;SEDESE;SECRETARIA DE ESTADO DE DESENVOLVIMENTO SOCIAL;43;SUBVENCOES SOCIAIS;1;SUBVENCOES SOCIAIS;10;RECURSOS ORDINARIOS - RECURSOS NAO VINCULADOS DE IMPOSTOS;100000,0;100000,0;100000,0
9473308;574;2025-08-05 00:00:00;ASSOCIACAO DOS DEFICIENTES DO OESTE DE MINAS;20.926.275/0001-68;1481;SEDESE;SECRETARIA DE ESTADO DE DESENVOLVIMENTO SOCIAL;43;SUBVENCOES SOCIAIS;1;SUBVENCOES SOCIAIS;10;RECURSOS ORDINARIOS - RECURSOS NAO VINCULADOS DE IMPOSTOS;250000,0;250000,0;250000,0
9473325;357;2025-10-31 00:00:00;SIND.DOS TRABALHADORES E TRABALHADORAS RURAIS ITAMARANDIBA;20.209.532/0001-40;1231;SEAPA;SECRETARIA DE ESTADO DE AGRICULTURA, PECUARIA E ABASTECIMENTO;41;CONTRIBUICOES;1;CONTRIBUICOES;10;RECURSOS ORDINARIOS - RECURSOS NAO VINCULADOS DE IMPOSTOS;90210,08;90210,08;90210,08
9473326;260;2025-08-08 00:00:00;PM SANTA MARGARIDA;18.385.112/0001-73;1231;SEAPA;SECRETARIA DE ESTADO DE AGRICULTURA, PECUARIA E ABASTECIMENTO;41;CONTRIBUICOES;1;CONTRIBUICOES;15;RECURSOS ORDINARIOS - OUTROS RECURSOS NAO VINCULADOS;500000,0;500000,0;500000,0
9473405;3658;2025-08-08 00:00:00;PM CASSIA;17.894.049/0001-38;1491;SEGOV;SECRETARIA DE ESTADO DE GOVERNO;42;AUXILIOS;1;AUXILIOS;15;RECURSOS ORDINARIOS - OUTROS RECURSOS NAO VINCULADOS;500000,0;500000,0;500000,0
9473406;3657;2025-07-31 00:00:00;PM JESUANIA;18.188.227/0001-78;1491;SEGOV;SECRETARIA DE ESTADO DE GOVERNO;42;AUXILIOS;1;AUXILIOS;15;RECURSOS ORDINARIOS - OUTROS RECURSOS NAO VINCULADOS;117492,0;117492,0;117492,0
9473409;550;2025-08-05 00:00:00;PM BOCAIUVA;18.803.072/0001-32;1481;SEDESE;SECRETARIA DE ESTADO DE DESENVOLVIMENTO SOCIAL;41;CONTRIBUICOES;1;CONTRIBUICOES;10;RECURSOS ORDINARIOS - RECURSOS NAO VINCULADOS DE IMPOSTOS;150028,0;150028,0;150028,0
9473893;264;2025-08-12 00:00:00;PM VIRGOLANDIA;18.409.185/0001-58;1231;SEAPA;SECRETARIA DE ESTADO DE AGRICULTURA, PECUARIA E ABASTECIMENTO;41;CONTRIBUICOES;1;CONTRIBUICOES;15;RECURSOS ORDINARIOS - OUTROS RECURSOS NAO VINCULADOS;1500000,0;1500000,0;1500000,0
9473910;353;2025-10-30 00:00:00;ASSOCIACAO DOS PEQUENOS PRODUTORES RURAIS DE AREIAS;25.244.422/0001-33;1231;SEAPA;SECRETARIA DE ESTADO DE AGRICULTURA, PECUARIA E ABASTECIMENTO;41;CONTRIBUICOES;1;CONTRIBUICOES;10;RECURSOS ORDINARIOS - RECURSOS NAO VINCULADOS DE IMPOSTOS;100000,0;100000,0;100000,0
9473944;605;2025-08-08 00:00:00;PM NATERCIA;17.935.412/0001-16;1481;SEDESE;SECRETARIA DE ESTADO DE DESENVOLVIMENTO SOCIAL;42;AUXILIOS;1;AUXILIOS;15;RECURSOS ORDINARIOS - OUTROS RECURSOS NAO VINCULADOS;400000,0;400000,0;400000,0
9474039;698;2025-08-06 00:00:00;PM CANAA;18.132.712/0001-20;1261;SEE;SECRETARIA DE ESTADO DE EDUCACAO;42;AUXILIOS;1;AUXILIOS;10;RECURSOS ORDINARIOS - RECURSOS NAO VINCULADOS DE IMPOSTOS;1827154,11;1827154,11;1827154,11
9474041;603;2025-08-07 00:00:00;SERVICO VOLUNTARIO DE ASSISTENCIA SOCIAL SERVAS;17.385.840/0001-12;1481;SEDESE;SECRETARIA DE ESTADO DE DESENVOLVIMENTO SOCIAL;43;SUBVENCOES SOCIAIS;1;SUBVENCOES SOCIAIS;10;RECURSOS ORDINARIOS - RECURSOS NAO VINCULADOS DE IMPOSTOS;749976,0;749976,0;749976,0
9474051;95;2025-10-23 00:00:00;FUNDACAO DE DESENVOLVIMENTO DA PESQUISA;18.720.938/0001-41;1451;SEJUSP;SECRETARIA DE ESTADO DE JUSTICA E SEGURANCA PUBLICA;43;SUBVENCOES SOCIAIS;1;SUBVENCOES SOCIAIS;10;RECURSOS ORDINARIOS - RECURSOS NAO VINCULADOS DE IMPOSTOS;300000,0;300000,0;300000,0
9474225;245;2025-08-07 00:00:00;ASSOCIACAO DOS PAIS E AMIGOS DOS EXCEPCIONAIS-;17.839.937/0001-58;1481;SEDESE;SECRETARIA DE ESTADO DE DESENVOLVIMENTO SOCIAL;43;SUBVENCOES SOCIAIS;1;SUBVENCOES SOCIAIS;38;TRANSFERENCIAS DA UNIAO VINCULADAS AO ESPORTE;98406,44;98406,44;98406,44
9474248;265;2025-08-12 00:00:00;PM DIVINO;18.114.272/0001-88;1231;SEAPA;SECRETARIA DE ESTADO DE AGRICULTURA, PECUARIA E ABASTECIMENTO;41;CONTRIBUICOES;1;CONTRIBUICOES;15;RECURSOS ORDINARIOS - OUTROS RECURSOS NAO VINCULADOS;1300000,0;1300000,0;1300000,0
9474662;701;2025-08-13 00:00:00;PM SERRA DO SALITRE;18.468.058/0001-20;1261;SEE;SECRETARIA DE ESTADO DE EDUCACAO;42;AUXILIOS;1;AUXILIOS;10;RECURSOS ORDINARIOS - RECURSOS NAO VINCULADOS DE IMPOSTOS;267708,0;267708,0;267708,0
9474705;267;2025-08-14 00:00:00;PM SAO GERALDO DA PIEDADE;18.307.470/0001-68;1231;SEAPA;SECRETARIA DE ESTADO DE AGRICULTURA, PECUARIA E ABASTECIMENTO;41;CONTRIBUICOES;1;CONTRIBUICOES;15;RECURSOS ORDINARIOS - OUTROS RECURSOS NAO VINCULADOS;3200000,0;3200000,0;3200000,0
9475105;363;2025-08-26 00:00:00;PM ESTRELA DO INDAIA;18.301.028/0001-24;1301;SEINFRA;SECRETARIA DE ESTADO DE INFRAESTRUTURA, MOBILIDADE E PARCERIAS;42;AUXILIOS;1;AUXILIOS;15;RECURSOS ORDINARIOS - OUTROS RECURSOS NAO VINCULADOS;1000000,0;1000000,0;1000000,0
9475174;354;2025-10-30 00:00:00;AGENCIA DESENV.ECON.SOC.SUST.INT.VALE RIO PARACATU;07.853.964/0001-21;1231;SEAPA;SECRETARIA DE ESTADO DE AGRICULTURA, PECUARIA E ABASTECIMENTO;41;CONTRIBUICOES;1;CONTRIBUICOES;10;RECURSOS ORDINARIOS - RECURSOS NAO VINCULADOS DE IMPOSTOS;100000,0;100000,0;100000,0
9475175;365;2025-11-03 00:00:00;CARITAS DIOCESANA DE LEOPOLDINA;04.829.428/0001-00;1231;SEAPA;SECRETARIA DE ESTADO DE AGRICULTURA, PECUARIA E ABASTECIMENTO;41;CONTRIBUICOES;1;CONTRIBUICOES;10;RECURSOS ORDINARIOS - RECURSOS NAO VINCULADOS DE IMPOSTOS;107920,98;107920,98;107920,98
9475176;366;2025-11-03 00:00:00;PM SAO JOSE DO JACURI;18.409.201/0001-02;1231;SEAPA;SECRETARIA DE ESTADO DE AGRICULTURA, PECUARIA E ABASTECIMENTO;41;CONTRIBUICOES;1;CONTRIBUICOES;15;RECURSOS ORDINARIOS - OUTROS RECURSOS NAO VINCULADOS;600000,0;600000,0;600000,0
9475311;707;2025-08-25 00:00:00;PM CAPARAO;18.114.249/0001-93;1261;SEE;SECRETARIA DE ESTADO DE EDUCACAO;42;AUXILIOS;1;AUXILIOS;10;RECURSOS ORDINARIOS - RECURSOS NAO VINCULADOS DE IMPOSTOS;650000,0;650000,0;650000,0
9475321;362;2025-08-26 00:00:00;PM SAO JOAO DE MANTENINHA;22.705.248/0001-90;1301;SEINFRA;SECRETARIA DE ESTADO DE INFRAESTRUTURA, MOBILIDADE E PARCERIAS;42;AUXILIOS;1;AUXILIOS;15;RECURSOS ORDINARIOS - OUTROS RECURSOS NAO VINCULADOS;1000000,0;1000000,0;1000000,0
9475330;303;2025-09-10 00:00:00;PM LAJINHA;18.392.522/0001-41;1231;SEAPA;SECRETARIA DE ESTADO DE AGRICULTURA, PECUARIA E ABASTECIMENTO;41;CONTRIBUICOES;1;CONTRIBUICOES;15;RECURSOS ORDINARIOS - OUTROS RECURSOS NAO VINCULADOS;3500000,0;3500000,0;3500000,0
9475331;306;2025-09-10 00:00:00;PM PRATAPOLIS;18.241.356/0001-82;1231;SEAPA;SECRETARIA DE ESTADO DE AGRICULTURA, PECUARIA E ABASTECIMENTO;41;CONTRIBUICOES;1;CONTRIBUICOES;15;RECURSOS ORDINARIOS - OUTROS RECURSOS NAO VINCULADOS;514631,43;514631,43;514631,43
9475339;394;2025-11-13 00:00:00;PM CABECEIRA GRANDE;01.603.707/0001-55;1231;SEAPA;SECRETARIA DE ESTADO DE AGRICULTURA, PECUARIA E ABASTECIMENTO;41;CONTRIBUICOES;1;CONTRIBUICOES;15;RECURSOS ORDINARIOS - OUTROS RECURSOS NAO VINCULADOS;500000,0;500000,0;500000,0
9476442;382;2025-09-10 00:00:00;PM MUTUM;18.348.086/0001-03;1301;SEINFRA;SECRETARIA DE ESTADO DE INFRAESTRUTURA, MOBILIDADE E PARCERIAS;42;AUXILIOS;1;AUXILIOS;15;RECURSOS ORDINARIOS - OUTROS RECURSOS NAO VINCULADOS;2500000,0;2500000,0;2500000,0
9476445;4721;2025-08-29 00:00:00;PM ITABIRITO;18.307.835/0001-54;1271;SECULT;SECRETARIA DE ESTADO DE CULTURA E TURISMO;41;CONTRIBUICOES;1;CONTRIBUICOES;15;RECURSOS ORDINARIOS - OUTROS RECURSOS NAO VINCULADOS;230000,0;230000,0;230000,0
9476445;4722;2025-08-29 00:00:00;PM ITABIRITO;18.307.835/0001-54;1271;SECULT;SECRETARIA DE ESTADO DE CULTURA E TURISMO;41;CONTRIBUICOES;1;CONTRIBUICOES;15;RECURSOS ORDINARIOS - OUTROS RECURSOS NAO VINCULADOS;2750,0;2750,0;2750,0
9476500;304;2025-09-10 00:00:00;PM LAVRAS;18.244.376/0001-07;1231;SEAPA;SECRETARIA DE ESTADO DE AGRICULTURA, PECUARIA E ABASTECIMENTO;41;CONTRIBUICOES;1;CONTRIBUICOES;15;RECURSOS ORDINARIOS - OUTROS RECURSOS NAO VINCULADOS;500000,0;500000,0;500000,0
9476514;1493;2025-10-15 00:00:00;PM CAPARAO;18.114.249/0001-93;1261;SEE;SECRETARIA DE ESTADO DE EDUCACAO;42;AUXILIOS;1;AUXILIOS;10;RECURSOS ORDINARIOS - RECURSOS NAO VINCULADOS DE IMPOSTOS;250000,0;250000,0;250000,0
9476515;713;2025-08-27 00:00:00;PM BUGRE;01.613.126/0001-02;1261;SEE;SECRETARIA DE ESTADO DE EDUCACAO;42;AUXILIOS;1;AUXILIOS;10;RECURSOS ORDINARIOS - RECURSOS NAO VINCULADOS DE IMPOSTOS;0,0;0,0;0,0
9476515;1249;2025-09-18 00:00:00;PM BUGRE;01.613.126/0001-02;1261;SEE;SECRETARIA DE ESTADO DE EDUCACAO;42;AUXILIOS;1;AUXILIOS;10;RECURSOS ORDINARIOS - RECURSOS NAO VINCULADOS DE IMPOSTOS;1480905,33;1480905,33;1480905,33
9476543;368;2025-11-03 00:00:00;ASSOC.DOS PEQUENOS PRODUTORES E TRABALHADORES RURAIS DE OLARIA;01.736.613/0001-54;1231;SEAPA;SECRETARIA DE ESTADO DE AGRICULTURA, PECUARIA E ABASTECIMENTO;41;CONTRIBUICOES;1;CONTRIBUICOES;10;RECURSOS ORDINARIOS - RECURSOS NAO VINCULADOS DE IMPOSTOS;99999,99;99999,99;99999,99
9476550;714;2025-08-28 00:00:00;PM PRUDENTE DE MORAIS;18.314.625/0001-93;1261;SEE;SECRETARIA DE ESTADO DE EDUCACAO;41;CONTRIBUICOES;1;CONTRIBUICOES;21;COTA ESTADUAL DO SALARIO EDUCACAO - QESE;85416,72;85416,72;85416,72
9476550;715;2025-08-28 00:00:00;PM PRUDENTE DE MORAIS;18.314.625/0001-93;1261;SEE;SECRETARIA DE ESTADO DE EDUCACAO;41;CONTRIBUICOES;1;CONTRIBUICOES;36;TRANSFERENCIAS DO FNDE VINCULADAS A EDUCACAO - EXCETO EMENDAS INDIVIDUAIS E DE BANCADA;16280,0;16280,0;16280,0
9476550;716;2025-09-01 00:00:00;PM PRUDENTE DE MORAIS;18.314.625/0001-93;1261;SEE;SECRETARIA DE ESTADO DE EDUCACAO;41;CONTRIBUICOES;1;CONTRIBUICOES;10;RECURSOS ORDINARIOS - RECURSOS NAO VINCULADOS DE IMPOSTOS;932405,92;932405,92;932405,92
9476551;1425;2025-08-29 00:00:00;PM JUATUBA;64.487.614/0001-22;1261;SEE;SECRETARIA DE ESTADO DE EDUCACAO;41;CONTRIBUICOES;1;CONTRIBUICOES;10;RECURSOS ORDINARIOS - RECURSOS NAO VINCULADOS DE IMPOSTOS;0,0;0,0;0,0
9476551;1429;2025-09-08 00:00:00;PM JUATUBA;64.487.614/0001-22;1261;SEE;SECRETARIA DE ESTADO DE EDUCACAO;41;CONTRIBUICOES;1;CONTRIBUICOES;10;RECURSOS ORDINARIOS - RECURSOS NAO VINCULADOS DE IMPOSTOS;1775596,75;1775596,75;1775596,75
9477311;1491;2025-10-14 00:00:00;PM SENADOR FIRMINO;18.128.231/0001-40;1261;SEE;SECRETARIA DE ESTADO DE EDUCACAO;42;AUXILIOS;1;AUXILIOS;10;RECURSOS ORDINARIOS - RECURSOS NAO VINCULADOS DE IMPOSTOS;592033,33;592033,33;592033,33
9477313;1494;2025-10-15 00:00:00;PM ABRE CAMPO;18.837.278/0001-83;1261;SEE;SECRETARIA DE ESTADO DE EDUCACAO;42;AUXILIOS;1;AUXILIOS;10;RECURSOS ORDINARIOS - RECURSOS NAO VINCULADOS DE IMPOSTOS;250000,0;250000,0;250000,0
9477325;360;2025-10-31 00:00:00;PM PALMA;17.734.906/0001-32;1231;SEAPA;SECRETARIA DE ESTADO DE AGRICULTURA, PECUARIA E ABASTECIMENTO;41;CONTRIBUICOES;1;CONTRIBUICOES;15;RECURSOS ORDINARIOS - OUTROS RECURSOS NAO VINCULADOS;500000,0;500000,0;500000,0
9478109;3662;2025-09-01 00:00:00;PM CORONEL PACHECO;18.338.152/0001-64;1491;SEGOV;SECRETARIA DE ESTADO DE GOVERNO;42;AUXILIOS;1;AUXILIOS;15;RECURSOS ORDINARIOS - OUTROS RECURSOS NAO VINCULADOS;500000,0;500000,0;500000,0
9478112;474;2025-09-03 00:00:00;PM BARAO DE MONTE ALTO;17.947.649/0001-17;1261;SEE;SECRETARIA DE ESTADO DE EDUCACAO;42;AUXILIOS;1;AUXILIOS;10;RECURSOS ORDINARIOS - RECURSOS NAO VINCULADOS DE IMPOSTOS;648096,02;648096,02;648096,02
9478199;381;2025-09-10 00:00:00;PM RAUL SOARES;18.836.965/0001-84;1301;SEINFRA;SECRETARIA DE ESTADO DE INFRAESTRUTURA, MOBILIDADE E PARCERIAS;42;AUXILIOS;1;AUXILIOS;15;RECURSOS ORDINARIOS - OUTROS RECURSOS NAO VINCULADOS;3120000,0;3120000,0;3120000,0
9478202;3664;2025-09-03 00:00:00;PM FUNILANDIA;18.062.414/0001-00;1491;SEGOV;SECRETARIA DE ESTADO DE GOVERNO;42;AUXILIOS;1;AUXILIOS;15;RECURSOS ORDINARIOS - OUTROS RECURSOS NAO VINCULADOS;124479,92;124479,92;124479,92
9478203;3663;2025-09-03 00:00:00;PM JACUI;18.186.056/0001-48;1491;SEGOV;SECRETARIA DE ESTADO DE GOVERNO;42;AUXILIOS;1;AUXILIOS;15;RECURSOS ORDINARIOS - OUTROS RECURSOS NAO VINCULADOS;500000,0;500000,0;500000,0
9478204;1765;2025-09-08 00:00:00;PM FELICIO DOS SANTOS;17.754.201/0001-87;1261;SEE;SECRETARIA DE ESTADO DE EDUCACAO;42;AUXILIOS;1;AUXILIOS;10;RECURSOS ORDINARIOS - RECURSOS NAO VINCULADOS DE IMPOSTOS;324048,01;324048,01;324048,01
9478205;1768;2025-09-09 00:00:00;PM CAPELINHA;19.229.921/0001-59;1261;SEE;SECRETARIA DE ESTADO DE EDUCACAO;42;AUXILIOS;1;AUXILIOS;10;RECURSOS ORDINARIOS - RECURSOS NAO VINCULADOS DE IMPOSTOS;1179058,09;1179058,09;1179058,09
9478206;1769;2025-09-09 00:00:00;PM RIO VERMELHO;18.303.255/0001-99;1261;SEE;SECRETARIA DE ESTADO DE EDUCACAO;42;AUXILIOS;1;AUXILIOS;10;RECURSOS ORDINARIOS - RECURSOS NAO VINCULADOS DE IMPOSTOS;972144,03;972144,03;972144,03
9478207;1770;2025-09-09 00:00:00;PM VEREDINHA;01.614.685/0001-29;1261;SEE;SECRETARIA DE ESTADO DE EDUCACAO;42;AUXILIOS;1;AUXILIOS;10;RECURSOS ORDINARIOS - RECURSOS NAO VINCULADOS DE IMPOSTOS;324048,01;324048,01;324048,01
9478208;1766;2025-09-08 00:00:00;PM MONJOLOS;17.754.169/0001-30;1261;SEE;SECRETARIA DE ESTADO DE EDUCACAO;42;AUXILIOS;1;AUXILIOS;10;RECURSOS ORDINARIOS - RECURSOS NAO VINCULADOS DE IMPOSTOS;324048,01;324048,01;324048,01
9478209;1399;2025-09-16 00:00:00;PM LIMEIRA DO OESTE;26.042.556/0001-34;1261;SEE;SECRETARIA DE ESTADO DE EDUCACAO;42;AUXILIOS;1;AUXILIOS;10;RECURSOS ORDINARIOS - RECURSOS NAO VINCULADOS DE IMPOSTOS;778841,09;778841,09;778841,09
9478210;436;2025-09-22 00:00:00;PM ESPERA FELIZ;18.114.264/0001-31;1261;SEE;SECRETARIA DE ESTADO DE EDUCACAO;42;AUXILIOS;1;AUXILIOS;10;RECURSOS ORDINARIOS - RECURSOS NAO VINCULADOS DE IMPOSTOS;324048,01;324048,01;324048,01
9478211;1974;2025-09-18 00:00:00;PM BONITO DE MINAS;01.612.493/0001-83;1261;SEE;SECRETARIA DE ESTADO DE EDUCACAO;42;AUXILIOS;1;AUXILIOS;10;RECURSOS ORDINARIOS - RECURSOS NAO VINCULADOS DE IMPOSTOS;550000,0;550000,0;550000,0
9478212;636;2025-09-05 00:00:00;PM SENADOR AMARAL;41.778.556/0001-90;1261;SEE;SECRETARIA DE ESTADO DE EDUCACAO;42;AUXILIOS;1;AUXILIOS;10;RECURSOS ORDINARIOS - RECURSOS NAO VINCULADOS DE IMPOSTOS;564312,55;564312,55;564312,55
9478225;4778;2025-09-10 00:00:00;INSTITUTO GRANDE SERTAO - IGS;03.638.206/0001-30;1271;SECULT;SECRETARIA DE ESTADO DE CULTURA E TURISMO;41;CONTRIBUICOES;1;CONTRIBUICOES;10;RECURSOS ORDINARIOS - RECURSOS NAO VINCULADOS DE IMPOSTOS;10000,0;10000,0;10000,0
9478225;4779;2025-09-10 00:00:00;INSTITUTO GRANDE SERTAO - IGS;03.638.206/0001-30;1271;SECULT;SECRETARIA DE ESTADO DE CULTURA E TURISMO;41;CONTRIBUICOES;1;CONTRIBUICOES;10;RECURSOS ORDINARIOS - RECURSOS NAO VINCULADOS DE IMPOSTOS;69999,92;69999,92;69999,92
9478225;4780;2025-09-10 00:00:00;INSTITUTO GRANDE SERTAO - IGS;03.638.206/0001-30;1271;SECULT;SECRETARIA DE ESTADO DE CULTURA E TURISMO;42;AUXILIOS;1;AUXILIOS;10;RECURSOS ORDINARIOS - RECURSOS NAO VINCULADOS DE IMPOSTOS;19996,85;19996,85;19996,85
9478227;4731;2025-09-05 00:00:00;PM SAO SEBASTIAO DO RIO PRETO;18.303.263/0001-35;1271;SECULT;SECRETARIA DE ESTADO DE CULTURA E TURISMO;41;CONTRIBUICOES;1;CONTRIBUICOES;15;RECURSOS ORDINARIOS - OUTROS RECURSOS NAO VINCULADOS;138600,0;138600,0;138600,0
9478228;1400;2025-09-16 00:00:00;PM PEDRINOPOLIS;18.140.335/0001-70;1261;SEE;SECRETARIA DE ESTADO DE EDUCACAO;42;AUXILIOS;1;AUXILIOS;10;RECURSOS ORDINARIOS - RECURSOS NAO VINCULADOS DE IMPOSTOS;324048,01;324048,01;324048,01
9478229;1827;2025-09-08 00:00:00;PM CARMO DA CACHOEIRA;18.240.135/0001-90;1261;SEE;SECRETARIA DE ESTADO DE EDUCACAO;42;AUXILIOS;1;AUXILIOS;10;RECURSOS ORDINARIOS - RECURSOS NAO VINCULADOS DE IMPOSTOS;324048,01;324048,01;324048,01
9478230;1953;2025-09-23 00:00:00;PM ARICANDUVA;01.608.511/0001-53;1261;SEE;SECRETARIA DE ESTADO DE EDUCACAO;42;AUXILIOS;1;AUXILIOS;10;RECURSOS ORDINARIOS - RECURSOS NAO VINCULADOS DE IMPOSTOS;888360,56;888360,56;888360,56
9478231;1461;2025-09-23 00:00:00;PM PIRAUBA;18.554.147/0001-99;1261;SEE;SECRETARIA DE ESTADO DE EDUCACAO;42;AUXILIOS;1;AUXILIOS;10;RECURSOS ORDINARIOS - RECURSOS NAO VINCULADOS DE IMPOSTOS;888360,56;888360,56;888360,56
9478629;1462;2025-09-23 00:00:00;PM SAO GERALDO;18.137.935/0001-80;1261;SEE;SECRETARIA DE ESTADO DE EDUCACAO;42;AUXILIOS;1;AUXILIOS;10;RECURSOS ORDINARIOS - RECURSOS NAO VINCULADOS DE IMPOSTOS;1262841,56;1262841,56;1262841,56
9478630;1310;2025-09-10 00:00:00;PM CACHOEIRA DO PAJEU;18.414.599/0001-75;1261;SEE;SECRETARIA DE ESTADO DE EDUCACAO;42;AUXILIOS;1;AUXILIOS;10;RECURSOS ORDINARIOS - RECURSOS NAO VINCULADOS DE IMPOSTOS;564312,55;564312,55;564312,55
9478631;1312;2025-09-10 00:00:00;PM FELISBURGO;18.083.071/0001-60;1261;SEE;SECRETARIA DE ESTADO DE EDUCACAO;42;AUXILIOS;1;AUXILIOS;10;RECURSOS ORDINARIOS - RECURSOS NAO VINCULADOS DE IMPOSTOS;200000,0;200000,0;200000,0
9478633;1311;2025-09-10 00:00:00;PM SANTA MARIA DO SALTO;18.347.419/0001-80;1261;SEE;SECRETARIA DE ESTADO DE EDUCACAO;42;AUXILIOS;1;AUXILIOS;10;RECURSOS ORDINARIOS - RECURSOS NAO VINCULADOS DE IMPOSTOS;835007,94;835007,94;835007,94
9478634;832;2025-09-23 00:00:00;PM ARAPUA;19.942.895/0001-01;1261;SEE;SECRETARIA DE ESTADO DE EDUCACAO;42;AUXILIOS;1;AUXILIOS;10;RECURSOS ORDINARIOS - RECURSOS NAO VINCULADOS DE IMPOSTOS;324048,01;324048,01;324048,01
9478635;638;2025-09-08 00:00:00;PM ESTIVA;18.675.918/0001-04;1261;SEE;SECRETARIA DE ESTADO DE EDUCACAO;42;AUXILIOS;1;AUXILIOS;10;RECURSOS ORDINARIOS - RECURSOS NAO VINCULADOS DE IMPOSTOS;324048,01;324048,01;324048,01
9478636;1020;2025-09-23 00:00:00;PM SANTO ANTONIO DO RETIRO;01.612.484/0001-92;1261;SEE;SECRETARIA DE ESTADO DE EDUCACAO;42;AUXILIOS;1;AUXILIOS;10;RECURSOS ORDINARIOS - RECURSOS NAO VINCULADOS DE IMPOSTOS;564312,55;564312,55;564312,55
9478638;1430;2025-09-08 00:00:00;PM CARLOS CHAGAS;18.477.315/0001-90;1261;SEE;SECRETARIA DE ESTADO DE EDUCACAO;41;CONTRIBUICOES;1;CONTRIBUICOES;10;RECURSOS ORDINARIOS - RECURSOS NAO VINCULADOS DE IMPOSTOS;850000,0;850000,0;850000,0
9478639;1207;2025-09-09 00:00:00;PM TAPARUBA;01.616.741/0001-64;1261;SEE;SECRETARIA DE ESTADO DE EDUCACAO;42;AUXILIOS;1;AUXILIOS;10;RECURSOS ORDINARIOS - RECURSOS NAO VINCULADOS DE IMPOSTOS;250000,0;250000,0;250000,0
9478640;1206;2025-09-09 00:00:00;PM ENTRE FOLHAS;66.229.626/0001-82;1261;SEE;SECRETARIA DE ESTADO DE EDUCACAO;42;AUXILIOS;1;AUXILIOS;10;RECURSOS ORDINARIOS - RECURSOS NAO VINCULADOS DE IMPOSTOS;564312,55;564312,55;564312,55
9478641;1382;2025-09-19 00:00:00;PM SERICITA;19.243.518/0001-84;1261;SEE;SECRETARIA DE ESTADO DE EDUCACAO;42;AUXILIOS;1;AUXILIOS;10;RECURSOS ORDINARIOS - RECURSOS NAO VINCULADOS DE IMPOSTOS;1229491,08;1229491,08;1229491,08
9478645;3665;2025-09-17 00:00:00;PM CUPARAQUE;01.615.422/0001-34;1491;SEGOV;SECRETARIA DE ESTADO DE GOVERNO;42;AUXILIOS;1;AUXILIOS;15;RECURSOS ORDINARIOS - OUTROS RECURSOS NAO VINCULADOS;1000000,0;1000000,0;1000000,0
9478681;383;2025-09-10 00:00:00;PM SAO JOAO DA PONTE;16.928.483/0001-29;1301;SEINFRA;SECRETARIA DE ESTADO DE INFRAESTRUTURA, MOBILIDADE E PARCERIAS;42;AUXILIOS;1;AUXILIOS;15;RECURSOS ORDINARIOS - OUTROS RECURSOS NAO VINCULADOS;600000,0;600000,0;600000,0
9478682;2073;2025-09-19 00:00:00;PM CUPARAQUE;01.615.422/0001-34;1261;SEE;SECRETARIA DE ESTADO DE EDUCACAO;42;AUXILIOS;1;AUXILIOS;10;RECURSOS ORDINARIOS - RECURSOS NAO VINCULADOS DE IMPOSTOS;324048,01;324048,01;324048,01
9478683;650;2025-09-09 00:00:00;PM ALBERTINA;17.912.015/0001-29;1261;SEE;SECRETARIA DE ESTADO DE EDUCACAO;42;AUXILIOS;1;AUXILIOS;10;RECURSOS ORDINARIOS - RECURSOS NAO VINCULADOS DE IMPOSTOS;972144,03;972144,03;972144,03
9478684;3651;2025-09-11 00:00:00;PM ARCOS;18.306.662/0001-50;1261;SEE;SECRETARIA DE ESTADO DE EDUCACAO;42;AUXILIOS;1;AUXILIOS;10;RECURSOS ORDINARIOS - RECURSOS NAO VINCULADOS DE IMPOSTOS;1179058,09;1179058,09;1179058,09
9478685;4786;2025-09-11 00:00:00;PM BAMBUI;20.920.567/0001-93;1271;SECULT;SECRETARIA DE ESTADO DE CULTURA E TURISMO;41;CONTRIBUICOES;1;CONTRIBUICOES;15;RECURSOS ORDINARIOS - OUTROS RECURSOS NAO VINCULADOS;138600,0;138600,0;138600,0
9478686;1620;2025-09-09 00:00:00;PM RUBELITA;24.363.590/0001-85;1261;SEE;SECRETARIA DE ESTADO DE EDUCACAO;42;AUXILIOS;1;AUXILIOS;10;RECURSOS ORDINARIOS - RECURSOS NAO VINCULADOS DE IMPOSTOS;200000,0;200000,0;200000,0
9478687;1333;2025-09-19 00:00:00;PM MONTE FORMOSO;01.615.007/0001-80;1261;SEE;SECRETARIA DE ESTADO DE EDUCACAO;42;AUXILIOS;1;AUXILIOS;10;RECURSOS ORDINARIOS - RECURSOS NAO VINCULADOS DE IMPOSTOS;648096,02;648096,02;648096,02
9478688;651;2025-09-09 00:00:00;PM CAMBUI;18.675.975/0001-85;1261;SEE;SECRETARIA DE ESTADO DE EDUCACAO;42;AUXILIOS;1;AUXILIOS;10;RECURSOS ORDINARIOS - RECURSOS NAO VINCULADOS DE IMPOSTOS;614745,54;614745,54;614745,54
9478689;1494;2025-09-23 00:00:00;PM LUISBURGO;01.615.423/0001-89;1261;SEE;SECRETARIA DE ESTADO DE EDUCACAO;42;AUXILIOS;1;AUXILIOS;10;RECURSOS ORDINARIOS - RECURSOS NAO VINCULADOS DE IMPOSTOS;1298096,02;1298096,02;1298096,02
9478700;351;2025-10-29 00:00:00;PM VARGEM GRANDE DO RIO PARDO;01.612.885/0001-42;1231;SEAPA;SECRETARIA DE ESTADO DE AGRICULTURA, PECUARIA E ABASTECIMENTO;41;CONTRIBUICOES;1;CONTRIBUICOES;15;RECURSOS ORDINARIOS - OUTROS RECURSOS NAO VINCULADOS;390000,0;390000,0;390000,0
9478708;358;2025-10-31 00:00:00;PM FELIXLANDIA;17.695.032/0001-51;1231;SEAPA;SECRETARIA DE ESTADO DE AGRICULTURA, PECUARIA E ABASTECIMENTO;41;CONTRIBUICOES;1;CONTRIBUICOES;15;RECURSOS ORDINARIOS - OUTROS RECURSOS NAO VINCULADOS;1000000,0;1000000,0;1000000,0
9478723;1798;2025-09-22 00:00:00;PM DESTERRO DE ENTRE RIOS;20.356.762/0001-32;1261;SEE;SECRETARIA DE ESTADO DE EDUCACAO;42;AUXILIOS;1;AUXILIOS;10;RECURSOS ORDINARIOS - RECURSOS NAO VINCULADOS DE IMPOSTOS;324048,01;324048,01;324048,01
9478724;295;2025-09-19 00:00:00;PM ABADIA DOS DOURADOS;18.593.111/0001-14;1261;SEE;SECRETARIA DE ESTADO DE EDUCACAO;42;AUXILIOS;1;AUXILIOS;10;RECURSOS ORDINARIOS - RECURSOS NAO VINCULADOS DE IMPOSTOS;324048,01;324048,01;324048,01
9478731;5004;2025-09-22 00:00:00;ABRACO ASSOCIACAO BRASILEIRA COMUNITARIA PARA A PREVENCAO DO ABUSO DE;25.572.199/0001-53;1271;SECULT;SECRETARIA DE ESTADO DE CULTURA E TURISMO;41;CONTRIBUICOES;1;CONTRIBUICOES;10;RECURSOS ORDINARIOS - RECURSOS NAO VINCULADOS DE IMPOSTOS;314920,0;314920,0;314920,0
9478737;1383;2025-09-19 00:00:00;PM BARRA LONGA;18.316.182/0001-70;1261;SEE;SECRETARIA DE ESTADO DE EDUCACAO;42;AUXILIOS;1;AUXILIOS;10;RECURSOS ORDINARIOS - RECURSOS NAO VINCULADOS DE IMPOSTOS;1262841,56;1262841,56;1262841,56
9478738;296;2025-09-19 00:00:00;PM GRUPIARA;17.827.858/0001-27;1261;SEE;SECRETARIA DE ESTADO DE EDUCACAO;42;AUXILIOS;1;AUXILIOS;10;RECURSOS ORDINARIOS - RECURSOS NAO VINCULADOS DE IMPOSTOS;324048,01;324048,01;324048,01
9478739;1463;2025-09-23 00:00:00;PM DONA EUZEBIA;17.706.656/0001-27;1261;SEE;SECRETARIA DE ESTADO DE EDUCACAO;42;AUXILIOS;1;AUXILIOS;10;RECURSOS ORDINARIOS - RECURSOS NAO VINCULADOS DE IMPOSTOS;1212408,57;1212408,57;1212408,57
9478740;4785;2025-09-11 00:00:00;PM PASSA VINTE;18.338.210/0001-50;1271;SECULT;SECRETARIA DE ESTADO DE CULTURA E TURISMO;41;CONTRIBUICOES;1;CONTRIBUICOES;15;RECURSOS ORDINARIOS - OUTROS RECURSOS NAO VINCULADOS;138600,0;138600,0;138600,0
9478741;833;2025-09-23 00:00:00;PM PRESIDENTE OLEGARIO;18.602.060/0001-40;1261;SEE;SECRETARIA DE ESTADO DE EDUCACAO;42;AUXILIOS;1;AUXILIOS;10;RECURSOS ORDINARIOS - RECURSOS NAO VINCULADOS DE IMPOSTOS;564312,55;564312,55;564312,55
9478742;4792;2025-09-17 00:00:00;PM ARACAI;18.116.111/0001-23;1271;SECULT;SECRETARIA DE ESTADO DE CULTURA E TURISMO;41;CONTRIBUICOES;1;CONTRIBUICOES;15;RECURSOS ORDINARIOS - OUTROS RECURSOS NAO VINCULADOS;138600,0;138600,0;138600,0
9478751;364;2025-11-03 00:00:00;PM SERRO;18.303.271/0001-81;1231;SEAPA;SECRETARIA DE ESTADO DE AGRICULTURA, PECUARIA E ABASTECIMENTO;41;CONTRIBUICOES;1;CONTRIBUICOES;15;RECURSOS ORDINARIOS - OUTROS RECURSOS NAO VINCULADOS;499664,7;499664,7;499664,7
9478764;655;2025-09-11 00:00:00;PM ESPIRITO SANTO DO DOURADO;18.675.900/0001-02;1261;SEE;SECRETARIA DE ESTADO DE EDUCACAO;42;AUXILIOS;1;AUXILIOS;10;RECURSOS ORDINARIOS - RECURSOS NAO VINCULADOS DE IMPOSTOS;972144,03;972144,03;972144,03
9478765;656;2025-09-11 00:00:00;PM IPUIUNA;18.179.226/0001-67;1261;SEE;SECRETARIA DE ESTADO DE EDUCACAO;42;AUXILIOS;1;AUXILIOS;10;RECURSOS ORDINARIOS - RECURSOS NAO VINCULADOS DE IMPOSTOS;1553539,09;1553539,09;1553539,09
9478766;435;2025-09-19 00:00:00;PM FARIA LEMOS;18.114.280/0001-24;1261;SEE;SECRETARIA DE ESTADO DE EDUCACAO;42;AUXILIOS;1;AUXILIOS;10;RECURSOS ORDINARIOS - RECURSOS NAO VINCULADOS DE IMPOSTOS;1075272,48;1075272,48;1075272,48
9478767;434;2025-09-19 00:00:00;PM CAIANA;18.114.256/0001-95;1261;SEE;SECRETARIA DE ESTADO DE EDUCACAO;42;AUXILIOS;1;AUXILIOS;10;RECURSOS ORDINARIOS - RECURSOS NAO VINCULADOS DE IMPOSTOS;835007,94;835007,94;835007,94
9478768;733;2025-09-15 00:00:00;PM PIMENTA;16.725.962/0001-48;1261;SEE;SECRETARIA DE ESTADO DE EDUCACAO;42;AUXILIOS;1;AUXILIOS;10;RECURSOS ORDINARIOS - RECURSOS NAO VINCULADOS DE IMPOSTOS;614745,54;614745,54;614745,54
9478769;734;2025-09-15 00:00:00;PM SAO ROQUE DE MINAS;18.306.670/0001-04;1261;SEE;SECRETARIA DE ESTADO DE EDUCACAO;42;AUXILIOS;1;AUXILIOS;10;RECURSOS ORDINARIOS - RECURSOS NAO VINCULADOS DE IMPOSTOS;1452673,11;1452673,11;1452673,11
9478770;519;2025-09-19 00:00:00;PM ALTEROSA;18.243.238/0001-03;1261;SEE;SECRETARIA DE ESTADO DE EDUCACAO;42;AUXILIOS;1;AUXILIOS;10;RECURSOS ORDINARIOS - RECURSOS NAO VINCULADOS DE IMPOSTOS;564312,55;564312,55;564312,55
9478794;254;2025-09-15 00:00:00;ASSOCIACAO DE PAIS E AMIGOS DOS EXCEPCIONAIS DE TIMOTEO;20.183.976/0001-54;1481;SEDESE;SECRETARIA DE ESTADO DE DESENVOLVIMENTO SOCIAL;43;SUBVENCOES SOCIAIS;1;SUBVENCOES SOCIAIS;38;TRANSFERENCIAS DA UNIAO VINCULADAS AO ESPORTE;99473,81;99473,81;99473,81
9478798;255;2025-09-16 00:00:00;ASSOCIACAO DOS SURDOS DE CONTAGEM;26.047.928/0001-15;1481;SEDESE;SECRETARIA DE ESTADO DE DESENVOLVIMENTO SOCIAL;43;SUBVENCOES SOCIAIS;1;SUBVENCOES SOCIAIS;38;TRANSFERENCIAS DA UNIAO VINCULADAS AO ESPORTE;99955,59;99955,59;99955,59
9478813;1021;2025-09-23 00:00:00;PM MONTE AZUL;18.650.945/0001-14;1261;SEE;SECRETARIA DE ESTADO DE EDUCACAO;42;AUXILIOS;1;AUXILIOS;10;RECURSOS ORDINARIOS - RECURSOS NAO VINCULADOS DE IMPOSTOS;1000000,0;1000000,0;1000000,0
9478814;1380;2025-09-19 00:00:00;PM SAO PEDRO DOS FERROS;19.243.500/0001-82;1261;SEE;SECRETARIA DE ESTADO DE EDUCACAO;42;AUXILIOS;1;AUXILIOS;10;RECURSOS ORDINARIOS - RECURSOS NAO VINCULADOS DE IMPOSTOS;1424048,01;1424048,01;1424048,01
9478815;3811;2025-09-19 00:00:00;PM MEDEIROS;20.920.617/0001-32;1261;SEE;SECRETARIA DE ESTADO DE EDUCACAO;42;AUXILIOS;1;AUXILIOS;10;RECURSOS ORDINARIOS - RECURSOS NAO VINCULADOS DE IMPOSTOS;641615,06;641615,06;641615,06
9478816;1235;2025-09-15 00:00:00;PM TARUMIRIM;18.338.855/0001-92;1261;SEE;SECRETARIA DE ESTADO DE EDUCACAO;42;AUXILIOS;1;AUXILIOS;10;RECURSOS ORDINARIOS - RECURSOS NAO VINCULADOS DE IMPOSTOS;1278096,02;1278096,02;1278096,02
9478817;1401;2025-09-16 00:00:00;PM PEDRINOPOLIS;18.140.335/0001-70;1261;SEE;SECRETARIA DE ESTADO DE EDUCACAO;42;AUXILIOS;1;AUXILIOS;10;RECURSOS ORDINARIOS - RECURSOS NAO VINCULADOS DE IMPOSTOS;1229491,08;1229491,08;1229491,08
9478818;835;2025-09-23 00:00:00;PM TIROS;18.602.094/0001-34;1261;SEE;SECRETARIA DE ESTADO DE EDUCACAO;42;AUXILIOS;1;AUXILIOS;10;RECURSOS ORDINARIOS - RECURSOS NAO VINCULADOS DE IMPOSTOS;510959,93;510959,93;510959,93
9478819;1381;2025-09-19 00:00:00;PM DOM SILVERIO;18.297.226/0001-61;1261;SEE;SECRETARIA DE ESTADO DE EDUCACAO;42;AUXILIOS;1;AUXILIOS;10;RECURSOS ORDINARIOS - RECURSOS NAO VINCULADOS DE IMPOSTOS;648096,02;648096,02;648096,02
9478820;428;2025-09-12 00:00:00;PM IRAI DE MINAS;18.158.642/0001-89;1261;SEE;SECRETARIA DE ESTADO DE EDUCACAO;42;AUXILIOS;1;AUXILIOS;10;RECURSOS ORDINARIOS - RECURSOS NAO VINCULADOS DE IMPOSTOS;1179058,09;1179058,09;1179058,09
9478821;1852;2025-09-12 00:00:00;PM CARVALHOPOLIS;18.242.800/0001-84;1261;SEE;SECRETARIA DE ESTADO DE EDUCACAO;42;AUXILIOS;1;AUXILIOS;10;RECURSOS ORDINARIOS - RECURSOS NAO VINCULADOS DE IMPOSTOS;972144,03;972144,03;972144,03
9478841;398;2025-09-19 00:00:00;PM ITANHOMI;18.493.239/0001-06;1301;SEINFRA;SECRETARIA DE ESTADO DE INFRAESTRUTURA, MOBILIDADE E PARCERIAS;42;AUXILIOS;1;AUXILIOS;15;RECURSOS ORDINARIOS - OUTROS RECURSOS NAO VINCULADOS;1500000,0;1500000,0;1500000,0
9478843;3666;2025-09-17 00:00:00;PM BOM JESUS DA PENHA;18.187.815/0001-97;1491;SEGOV;SECRETARIA DE ESTADO DE GOVERNO;42;AUXILIOS;1;AUXILIOS;15;RECURSOS ORDINARIOS - OUTROS RECURSOS NAO VINCULADOS;564312,54;564312,54;564312,54
9478850;2072;2025-09-19 00:00:00;PM SOBRALIA;18.083.055/0001-78;1261;SEE;SECRETARIA DE ESTADO DE EDUCACAO;42;AUXILIOS;1;AUXILIOS;10;RECURSOS ORDINARIOS - RECURSOS NAO VINCULADOS DE IMPOSTOS;1029220,08;1029220,08;1029220,08
9478851;2047;2025-09-15 00:00:00;PM NOVA MODICA;18.404.939/0001-87;1261;SEE;SECRETARIA DE ESTADO DE EDUCACAO;42;AUXILIOS;1;AUXILIOS;10;RECURSOS ORDINARIOS - RECURSOS NAO VINCULADOS DE IMPOSTOS;1449753,48;1449753,48;1449753,48
9478852;2061;2025-09-17 00:00:00;PM SAO JOSE DA SAFIRA;18.409.235/0001-05;1261;SEE;SECRETARIA DE ESTADO DE EDUCACAO;42;AUXILIOS;1;AUXILIOS;10;RECURSOS ORDINARIOS - RECURSOS NAO VINCULADOS DE IMPOSTOS;612936,87;612936,87;612936,87
9478853;1797;2025-09-22 00:00:00;PM CARANAIBA;18.094.789/0001-52;1261;SEE;SECRETARIA DE ESTADO DE EDUCACAO;42;AUXILIOS;1;AUXILIOS;10;RECURSOS ORDINARIOS - RECURSOS NAO VINCULADOS DE IMPOSTOS;324048,01;324048,01;324048,01
9478854;1800;2025-09-22 00:00:00;PM RIO ESPERA;24.179.665/0001-72;1261;SEE;SECRETARIA DE ESTADO DE EDUCACAO;42;AUXILIOS;1;AUXILIOS;10;RECURSOS ORDINARIOS - RECURSOS NAO VINCULADOS DE IMPOSTOS;614745,54;614745,54;614745,54
9478855;1801;2025-09-22 00:00:00;PM CATAS ALTAS DA NORUEGA;19.718.378/0001-53;1261;SEE;SECRETARIA DE ESTADO DE EDUCACAO;42;AUXILIOS;1;AUXILIOS;10;RECURSOS ORDINARIOS - RECURSOS NAO VINCULADOS DE IMPOSTOS;100000,0;100000,0;100000,0
9478857;1802;2025-09-22 00:00:00;PM CATAS ALTAS DA NORUEGA;19.718.378/0001-53;1261;SEE;SECRETARIA DE ESTADO DE EDUCACAO;42;AUXILIOS;1;AUXILIOS;10;RECURSOS ORDINARIOS - RECURSOS NAO VINCULADOS DE IMPOSTOS;648096,02;648096,02;648096,02
9478858;1402;2025-09-16 00:00:00;PM CAMPOS ALTOS;18.298.190/0001-30;1261;SEE;SECRETARIA DE ESTADO DE EDUCACAO;42;AUXILIOS;1;AUXILIOS;10;RECURSOS ORDINARIOS - RECURSOS NAO VINCULADOS DE IMPOSTOS;324048,01;324048,01;324048,01
9478859;749;2025-09-29 00:00:00;PM BONFINOPOLIS DE MINAS;18.125.138/0001-82;1261;SEE;SECRETARIA DE ESTADO DE EDUCACAO;42;AUXILIOS;1;AUXILIOS;10;RECURSOS ORDINARIOS - RECURSOS NAO VINCULADOS DE IMPOSTOS;527000,0;527000,0;527000,0
9478860;961;2025-09-23 00:00:00;PM CARRANCAS;17.953.332/0001-93;1261;SEE;SECRETARIA DE ESTADO DE EDUCACAO;42;AUXILIOS;1;AUXILIOS;10;RECURSOS ORDINARIOS - RECURSOS NAO VINCULADOS DE IMPOSTOS;888360,56;888360,56;888360,56
9478861;831;2025-09-23 00:00:00;PM ARAPUA;19.942.895/0001-01;1261;SEE;SECRETARIA DE ESTADO DE EDUCACAO;42;AUXILIOS;1;AUXILIOS;10;RECURSOS ORDINARIOS - RECURSOS NAO VINCULADOS DE IMPOSTOS;510959,93;510959,93;510959,93
9478862;663;2025-09-15 00:00:00;PM SAO SEBASTIAO DA BELA VISTA;17.935.370/0001-13;1261;SEE;SECRETARIA DE ESTADO DE EDUCACAO;42;AUXILIOS;1;AUXILIOS;10;RECURSOS ORDINARIOS - RECURSOS NAO VINCULADOS DE IMPOSTOS;1296192,04;1296192,04;1296192,04
9478863;664;2025-09-15 00:00:00;PM INCONFIDENTES;18.028.829/0001-68;1261;SEE;SECRETARIA DE ESTADO DE EDUCACAO;42;AUXILIOS;1;AUXILIOS;10;RECURSOS ORDINARIOS - RECURSOS NAO VINCULADOS DE IMPOSTOS;1128625,1;1128625,1;1128625,1
9478868;348;2025-10-29 00:00:00;PM FORTALEZA DE MINAS;18.241.760/0001-56;1231;SEAPA;SECRETARIA DE ESTADO DE AGRICULTURA, PECUARIA E ABASTECIMENTO;41;CONTRIBUICOES;1;CONTRIBUICOES;15;RECURSOS ORDINARIOS - OUTROS RECURSOS NAO VINCULADOS;386000,0;386000,0;386000,0
9478868;349;2025-10-29 00:00:00;PM FORTALEZA DE MINAS;18.241.760/0001-56;1231;SEAPA;SECRETARIA DE ESTADO DE AGRICULTURA, PECUARIA E ABASTECIMENTO;41;CONTRIBUICOES;1;CONTRIBUICOES;15;RECURSOS ORDINARIOS - OUTROS RECURSOS NAO VINCULADOS;647918,69;647918,69;647918,69
9478874;5018;2025-09-22 00:00:00;ASSOC. CULTURAL SOCIAL ESPORTIVA TURISTICA ESCOLA DE SAMBA COISA NOSSA;21.419.122/0001-97;1271;SECULT;SECRETARIA DE ESTADO DE CULTURA E TURISMO;42;AUXILIOS;1;AUXILIOS;10;RECURSOS ORDINARIOS - RECURSOS NAO VINCULADOS DE IMPOSTOS;50000,0;50000,0;50000,0
9478874;5019;2025-09-22 00:00:00;ASSOC. CULTURAL SOCIAL ESPORTIVA TURISTICA ESCOLA DE SAMBA COISA NOSSA;21.419.122/0001-97;1271;SECULT;SECRETARIA DE ESTADO DE CULTURA E TURISMO;42;AUXILIOS;1;AUXILIOS;10;RECURSOS ORDINARIOS - RECURSOS NAO VINCULADOS DE IMPOSTOS;49890,63;49890,63;49890,63
9478875;946;2025-09-17 00:00:00;PM COLUNA;18.307.397/0001-24;1261;SEE;SECRETARIA DE ESTADO DE EDUCACAO;42;AUXILIOS;1;AUXILIOS;10;RECURSOS ORDINARIOS - RECURSOS NAO VINCULADOS DE IMPOSTOS;324048,01;324048,01;324048,01
9478876;1852;2025-09-16 00:00:00;PM PIRAPORA;23.539.463/0001-21;1261;SEE;SECRETARIA DE ESTADO DE EDUCACAO;42;AUXILIOS;1;AUXILIOS;10;RECURSOS ORDINARIOS - RECURSOS NAO VINCULADOS DE IMPOSTOS;1128625,1;1128625,1;1128625,1
9478877;1332;2025-09-19 00:00:00;PM SANTO ANTONIO DO JACINTO;18.349.951/0001-36;1261;SEE;SECRETARIA DE ESTADO DE EDUCACAO;42;AUXILIOS;1;AUXILIOS;10;RECURSOS ORDINARIOS - RECURSOS NAO VINCULADOS DE IMPOSTOS;843943,3;843943,3;843943,3
9478878;947;2025-09-17 00:00:00;PM DIVINOLANDIA DE MINAS;18.307.405/0001-32;1261;SEE;SECRETARIA DE ESTADO DE EDUCACAO;42;AUXILIOS;1;AUXILIOS;10;RECURSOS ORDINARIOS - RECURSOS NAO VINCULADOS DE IMPOSTOS;324048,01;324048,01;324048,01
9478879;1403;2025-09-16 00:00:00;PM PRATINHA;18.585.570/0001-56;1261;SEE;SECRETARIA DE ESTADO DE EDUCACAO;42;AUXILIOS;1;AUXILIOS;10;RECURSOS ORDINARIOS - RECURSOS NAO VINCULADOS DE IMPOSTOS;1296192,04;1296192,04;1296192,04
9478880;768;2025-10-08 00:00:00;PM SACRAMENTO;18.140.764/0001-48;1261;SEE;SECRETARIA DE ESTADO DE EDUCACAO;42;AUXILIOS;1;AUXILIOS;10;RECURSOS ORDINARIOS - RECURSOS NAO VINCULADOS DE IMPOSTOS;527000,0;527000,0;527000,0
9478881;1384;2025-09-19 00:00:00;PM URUCANIA;18.316.281/0001-51;1261;SEE;SECRETARIA DE ESTADO DE EDUCACAO;42;AUXILIOS;1;AUXILIOS;10;RECURSOS ORDINARIOS - RECURSOS NAO VINCULADOS DE IMPOSTOS;510959,93;510959,93;510959,93
9478882;5005;2025-09-22 00:00:00;PM VAZANTE;18.278.069/0001-47;1271;SECULT;SECRETARIA DE ESTADO DE CULTURA E TURISMO;41;CONTRIBUICOES;1;CONTRIBUICOES;15;RECURSOS ORDINARIOS - OUTROS RECURSOS NAO VINCULADOS;200000,0;200000,0;200000,0
9478883;670;2025-09-16 00:00:00;PM HELIODORA;18.712.133/0001-56;1261;SEE;SECRETARIA DE ESTADO DE EDUCACAO;42;AUXILIOS;1;AUXILIOS;10;RECURSOS ORDINARIOS - RECURSOS NAO VINCULADOS DE IMPOSTOS;324048,01;324048,01;324048,01
9478884;518;2025-09-19 00:00:00;PM CALDAS;18.625.129/0001-50;1261;SEE;SECRETARIA DE ESTADO DE EDUCACAO;42;AUXILIOS;1;AUXILIOS;10;RECURSOS ORDINARIOS - RECURSOS NAO VINCULADOS DE IMPOSTOS;0,0;0,0;0,0
9478884;520;2025-09-22 00:00:00;PM CALDAS;18.625.129/0001-50;1261;SEE;SECRETARIA DE ESTADO DE EDUCACAO;42;AUXILIOS;1;AUXILIOS;10;RECURSOS ORDINARIOS - RECURSOS NAO VINCULADOS DE IMPOSTOS;324048,01;324048,01;324048,01
9478885;948;2025-09-17 00:00:00;PM DORES DE GUANHAES;18.307.413/0001-89;1261;SEE;SECRETARIA DE ESTADO DE EDUCACAO;42;AUXILIOS;1;AUXILIOS;10;RECURSOS ORDINARIOS - RECURSOS NAO VINCULADOS DE IMPOSTOS;648096,02;648096,02;648096,02
9478911;834;2025-09-23 00:00:00;PM LAGOA GRANDE;23.097.454/0001-28;1261;SEE;SECRETARIA DE ESTADO DE EDUCACAO;42;AUXILIOS;1;AUXILIOS;10;RECURSOS ORDINARIOS - RECURSOS NAO VINCULADOS DE IMPOSTOS;510959,93;510959,93;510959,93
9478912;1855;2025-09-17 00:00:00;PM PONTO CHIQUE;01.612.500/0001-47;1261;SEE;SECRETARIA DE ESTADO DE EDUCACAO;42;AUXILIOS;1;AUXILIOS;10;RECURSOS ORDINARIOS - RECURSOS NAO VINCULADOS DE IMPOSTOS;510959,93;510959,93;510959,93
9478914;3667;2025-09-29 00:00:00;PM FRONTEIRA DOS VALES;18.404.954/0001-25;1491;SEGOV;SECRETARIA DE ESTADO DE GOVERNO;42;AUXILIOS;1;AUXILIOS;10;RECURSOS ORDINARIOS - RECURSOS NAO VINCULADOS DE IMPOSTOS;73460,47;73460,47;73460,47
9478917;393;2025-09-17 00:00:00;PM PECANHA;18.409.227/0001-50;1301;SEINFRA;SECRETARIA DE ESTADO DE INFRAESTRUTURA, MOBILIDADE E PARCERIAS;42;AUXILIOS;1;AUXILIOS;15;RECURSOS ORDINARIOS - OUTROS RECURSOS NAO VINCULADOS;0,0;0,0;0,0
9478917;403;2025-09-25 00:00:00;PM PECANHA;18.409.227/0001-50;1301;SEINFRA;SECRETARIA DE ESTADO DE INFRAESTRUTURA, MOBILIDADE E PARCERIAS;42;AUXILIOS;1;AUXILIOS;15;RECURSOS ORDINARIOS - OUTROS RECURSOS NAO VINCULADOS;1500000,0;1500000,0;1500000,0
9478919;256;2025-09-18 00:00:00;CENTRO INTEGRADO DE DESENVOLVIMENTO DO ESPORTE PARALIMPICO;00.832.668/0001-03;1481;SEDESE;SECRETARIA DE ESTADO DE DESENVOLVIMENTO SOCIAL;43;SUBVENCOES SOCIAIS;1;SUBVENCOES SOCIAIS;38;TRANSFERENCIAS DA UNIAO VINCULADAS AO ESPORTE;99751,48;99751,48;99751,48
9478920;394;2025-09-17 00:00:00;PM AGUAS VERMELHAS;18.414.581/0001-73;1301;SEINFRA;SECRETARIA DE ESTADO DE INFRAESTRUTURA, MOBILIDADE E PARCERIAS;42;AUXILIOS;1;AUXILIOS;15;RECURSOS ORDINARIOS - OUTROS RECURSOS NAO VINCULADOS;1000000,0;1000000,0;1000000,0
9478942;5008;2025-09-22 00:00:00;CORPORACAO MUSICAL SANTA CECILIA;20.459.178/0001-02;1271;SECULT;SECRETARIA DE ESTADO DE CULTURA E TURISMO;42;AUXILIOS;1;AUXILIOS;10;RECURSOS ORDINARIOS - RECURSOS NAO VINCULADOS DE IMPOSTOS;100000,0;100000,0;100000,0
9478943;1799;2025-09-22 00:00:00;PM ENTRE RIOS DE MINAS;20.356.747/0001-94;1261;SEE;SECRETARIA DE ESTADO DE EDUCACAO;42;AUXILIOS;1;AUXILIOS;10;RECURSOS ORDINARIOS - RECURSOS NAO VINCULADOS DE IMPOSTOS;648096,02;648096,02;648096,02
9478944;297;2025-09-19 00:00:00;PM DOURADOQUARA;18.158.261/0001-08;1261;SEE;SECRETARIA DE ESTADO DE EDUCACAO;42;AUXILIOS;1;AUXILIOS;10;RECURSOS ORDINARIOS - RECURSOS NAO VINCULADOS DE IMPOSTOS;324048,01;324048,01;324048,01
9478945;517;2025-09-19 00:00:00;PM BOTELHOS;17.847.641/0001-89;1261;SEE;SECRETARIA DE ESTADO DE EDUCACAO;42;AUXILIOS;1;AUXILIOS;10;RECURSOS ORDINARIOS - RECURSOS NAO VINCULADOS DE IMPOSTOS;324048,01;324048,01;324048,01
9478946;1289;2025-09-19 00:00:00;PM CEDRO DO ABAETE;18.296.657/0001-03;1261;SEE;SECRETARIA DE ESTADO DE EDUCACAO;42;AUXILIOS;1;AUXILIOS;10;RECURSOS ORDINARIOS - RECURSOS NAO VINCULADOS DE IMPOSTOS;324048,01;324048,01;324048,01
9478947;2071;2025-09-18 00:00:00;PM GOIABEIRA;01.615.421/0001-90;1261;SEE;SECRETARIA DE ESTADO DE EDUCACAO;42;AUXILIOS;1;AUXILIOS;10;RECURSOS ORDINARIOS - RECURSOS NAO VINCULADOS DE IMPOSTOS;320548,01;320548,01;320548,01
9478948;962;2025-09-23 00:00:00;PM IBITURUNA;18.244.418/0001-00;1261;SEE;SECRETARIA DE ESTADO DE EDUCACAO;42;AUXILIOS;1;AUXILIOS;10;RECURSOS ORDINARIOS - RECURSOS NAO VINCULADOS DE IMPOSTOS;650000,0;650000,0;650000,0
9478949;1014;2025-09-19 00:00:00;PM GAMELEIRA;01.612.482/0001-01;1261;SEE;SECRETARIA DE ESTADO DE EDUCACAO;42;AUXILIOS;1;AUXILIOS;10;RECURSOS ORDINARIOS - RECURSOS NAO VINCULADOS DE IMPOSTOS;778841,09;778841,09;778841,09
9479061;421;2025-11-26 00:00:00;ASSOCIACAO DOS SINDICATOS DOS PRODUTORES RURAIS DO SUL DE MINAS;23.771.504/0001-00;1231;SEAPA;SECRETARIA DE ESTADO DE AGRICULTURA, PECUARIA E ABASTECIMENTO;41;CONTRIBUICOES;1;CONTRIBUICOES;10;RECURSOS ORDINARIOS - RECURSOS NAO VINCULADOS DE IMPOSTOS;110689,77;110689,77;110689,77
9479080;298;2025-09-22 00:00:00;PM ABADIA DOS DOURADOS;18.593.111/0001-14;1261;SEE;SECRETARIA DE ESTADO DE EDUCACAO;42;AUXILIOS;1;AUXILIOS;10;RECURSOS ORDINARIOS - RECURSOS NAO VINCULADOS DE IMPOSTOS;564312,55;564312,55;564312,55
9479081;299;2025-09-22 00:00:00;PM ESTRELA DO SUL;18.592.162/0001-21;1261;SEE;SECRETARIA DE ESTADO DE EDUCACAO;42;AUXILIOS;1;AUXILIOS;10;RECURSOS ORDINARIOS - RECURSOS NAO VINCULADOS DE IMPOSTOS;324048,01;324048,01;324048,01
9479082;1938;2025-09-22 00:00:00;PM MINAS NOVAS;22.516.405/0001-10;1261;SEE;SECRETARIA DE ESTADO DE EDUCACAO;42;AUXILIOS;1;AUXILIOS;10;RECURSOS ORDINARIOS - RECURSOS NAO VINCULADOS DE IMPOSTOS;604400,0;604400,0;604400,0
9479083;1290;2025-09-19 00:00:00;PM SERRA DA SAUDADE;18.301.069/0001-10;1261;SEE;SECRETARIA DE ESTADO DE EDUCACAO;42;AUXILIOS;1;AUXILIOS;10;RECURSOS ORDINARIOS - RECURSOS NAO VINCULADOS DE IMPOSTOS;324048,01;324048,01;324048,01
9479084;743;2025-09-19 00:00:00;PM DORESOPOLIS;18.306.647/0001-01;1261;SEE;SECRETARIA DE ESTADO DE EDUCACAO;42;AUXILIOS;1;AUXILIOS;10;RECURSOS ORDINARIOS - RECURSOS NAO VINCULADOS DE IMPOSTOS;324048,01;324048,01;324048,01
9479085;438;2025-09-19 00:00:00;PM PERDIZES;18.140.772/0001-94;1261;SEE;SECRETARIA DE ESTADO DE EDUCACAO;42;AUXILIOS;1;AUXILIOS;10;RECURSOS ORDINARIOS - RECURSOS NAO VINCULADOS DE IMPOSTOS;614745,54;614745,54;614745,54
9479086;1336;2025-09-22 00:00:00;PM DIVISA ALEGRE;01.613.073/0001-11;1261;SEE;SECRETARIA DE ESTADO DE EDUCACAO;42;AUXILIOS;1;AUXILIOS;10;RECURSOS ORDINARIOS - RECURSOS NAO VINCULADOS DE IMPOSTOS;972144,03;972144,03;972144,03
9479087;1337;2025-09-22 00:00:00;PM FELISBURGO;18.083.071/0001-60;1261;SEE;SECRETARIA DE ESTADO DE EDUCACAO;42;AUXILIOS;1;AUXILIOS;10;RECURSOS ORDINARIOS - RECURSOS NAO VINCULADOS DE IMPOSTOS;648096,02;648096,02;648096,02
9479088;1338;2025-09-22 00:00:00;PM MATA VERDE;66.234.360/0001-66;1261;SEE;SECRETARIA DE ESTADO DE EDUCACAO;42;AUXILIOS;1;AUXILIOS;10;RECURSOS ORDINARIOS - RECURSOS NAO VINCULADOS DE IMPOSTOS;564312,55;564312,55;564312,55
9479125;404;2025-10-22 00:00:00;PM CUPARAQUE;01.615.422/0001-34;1371;SEMAD;SECRETARIA DE ESTADO DE MEIO AMBIENTE E DESENVOLVIMENTO SUSTENTAVEL;41;CONTRIBUICOES;1;CONTRIBUICOES;15;RECURSOS ORDINARIOS - OUTROS RECURSOS NAO VINCULADOS;623700,0;623700,0;623700,0
9479142;367;2025-11-03 00:00:00;INSTITUTO SHIRLEY DJUKURNA KRENAK;37.851.560/0001-60;1231;SEAPA;SECRETARIA DE ESTADO DE AGRICULTURA, PECUARIA E ABASTECIMENTO;41;CONTRIBUICOES;1;CONTRIBUICOES;10;RECURSOS ORDINARIOS - RECURSOS NAO VINCULADOS DE IMPOSTOS;199990,0;199990,0;199990,0
9479151;712;2025-09-23 00:00:00;PM PIRANGUCU;18.025.981/0001-97;1261;SEE;SECRETARIA DE ESTADO DE EDUCACAO;42;AUXILIOS;1;AUXILIOS;10;RECURSOS ORDINARIOS - RECURSOS NAO VINCULADOS DE IMPOSTOS;564312,55;564312,55;564312,55
9479157;404;2025-09-25 00:00:00;PM CARAI;18.404.848/0001-41;1301;SEINFRA;SECRETARIA DE ESTADO DE INFRAESTRUTURA, MOBILIDADE E PARCERIAS;42;AUXILIOS;1;AUXILIOS;15;RECURSOS ORDINARIOS - OUTROS RECURSOS NAO VINCULADOS;1000000,0;1000000,0;1000000,0
9479160;257;2025-09-22 00:00:00;FEDERACAO DE ESPORTES ESTUDANTIS DE MINAS GERAIS;04.070.420/0001-03;1481;SEDESE;SECRETARIA DE ESTADO DE DESENVOLVIMENTO SOCIAL;39;OUTROS SERVICOS DE TERCEIROS - PESSOA JURIDICA;46;TERMO DE PARCERIA COM ORGANIZACAO DA SOCIEDADE CIVIL DE INTERESSE PUBL;38;TRANSFERENCIAS DA UNIAO VINCULADAS AO ESPORTE;13302495,68;13302495,68;13302495,68
9479188;1281;2025-09-24 00:00:00;PM SAO DOMINGOS DAS DORES;01.613.129/0001-38;1261;SEE;SECRETARIA DE ESTADO DE EDUCACAO;42;AUXILIOS;1;AUXILIOS;10;RECURSOS ORDINARIOS - RECURSOS NAO VINCULADOS DE IMPOSTOS;324048,01;324048,01;324048,01
9479203;2227;2025-09-26 00:00:00;PM CUPARAQUE;01.615.422/0001-34;1261;SEE;SECRETARIA DE ESTADO DE EDUCACAO;42;AUXILIOS;1;AUXILIOS;10;RECURSOS ORDINARIOS - RECURSOS NAO VINCULADOS DE IMPOSTOS;380000,0;380000,0;380000,0
9479204;1492;2025-10-14 00:00:00;PM VAZANTE;18.278.069/0001-47;1261;SEE;SECRETARIA DE ESTADO DE EDUCACAO;42;AUXILIOS;1;AUXILIOS;10;RECURSOS ORDINARIOS - RECURSOS NAO VINCULADOS DE IMPOSTOS;614745,54;614745,54;614745,54
9479329;1758;2025-09-25 00:00:00;PM GOIANA;01.611.137/0001-45;1261;SEE;SECRETARIA DE ESTADO DE EDUCACAO;42;AUXILIOS;1;AUXILIOS;10;RECURSOS ORDINARIOS - RECURSOS NAO VINCULADOS DE IMPOSTOS;700000,0;700000,0;700000,0
9479528;1488;2025-10-13 00:00:00;PM IAPU;18.338.830/0001-99;1261;SEE;SECRETARIA DE ESTADO DE EDUCACAO;42;AUXILIOS;1;AUXILIOS;10;RECURSOS ORDINARIOS - RECURSOS NAO VINCULADOS DE IMPOSTOS;630000,0;630000,0;630000,0
9479529;4076;2025-09-29 00:00:00;PM JAPARAIBA;18.306.654/0001-03;1261;SEE;SECRETARIA DE ESTADO DE EDUCACAO;42;AUXILIOS;1;AUXILIOS;10;RECURSOS ORDINARIOS - RECURSOS NAO VINCULADOS DE IMPOSTOS;1262841,56;1262841,56;1262841,56
9479616;3668;2025-09-29 00:00:00;PM JEQUITAI;18.279.083/0001-65;1491;SEGOV;SECRETARIA DE ESTADO DE GOVERNO;42;AUXILIOS;1;AUXILIOS;15;RECURSOS ORDINARIOS - OUTROS RECURSOS NAO VINCULADOS;496476,59;496476,59;496476,59
9479617;3669;2025-09-29 00:00:00;PM ARINOS;18.125.120/0001-80;1491;SEGOV;SECRETARIA DE ESTADO DE GOVERNO;42;AUXILIOS;1;AUXILIOS;10;RECURSOS ORDINARIOS - RECURSOS NAO VINCULADOS DE IMPOSTOS;89299,08;89299,08;89299,08
9479618;3670;2025-09-30 00:00:00;PM ARAPONGA;18.132.167/0001-71;1491;SEGOV;SECRETARIA DE ESTADO DE GOVERNO;42;AUXILIOS;1;AUXILIOS;10;RECURSOS ORDINARIOS - RECURSOS NAO VINCULADOS DE IMPOSTOS;74210,47;74210,47;74210,47
9479620;350;2025-10-29 00:00:00;ASSOCIACAO COM.DES.SOCIAL VALE SAO FRANCISCO;06.316.684/0001-11;1231;SEAPA;SECRETARIA DE ESTADO DE AGRICULTURA, PECUARIA E ABASTECIMENTO;41;CONTRIBUICOES;1;CONTRIBUICOES;10;RECURSOS ORDINARIOS - RECURSOS NAO VINCULADOS DE IMPOSTOS;100000,0;100000,0;100000,0
9479674;5450;2025-10-01 00:00:00;PM BONFIM;18.363.945/0001-33;1271;SECULT;SECRETARIA DE ESTADO DE CULTURA E TURISMO;41;CONTRIBUICOES;1;CONTRIBUICOES;15;RECURSOS ORDINARIOS - OUTROS RECURSOS NAO VINCULADOS;137940,84;137940,84;138600,0
9479688;272;2025-10-03 00:00:00;PM PATIS;01.612.478/0001-35;1481;SEDESE;SECRETARIA DE ESTADO DE DESENVOLVIMENTO SOCIAL;41;CONTRIBUICOES;1;CONTRIBUICOES;38;TRANSFERENCIAS DA UNIAO VINCULADAS AO ESPORTE;264215,86;264215,86;264215,86
9479690;270;2025-10-03 00:00:00;PM CHAPADA GAUCHA;01.612.489/0001-15;1481;SEDESE;SECRETARIA DE ESTADO DE DESENVOLVIMENTO SOCIAL;41;CONTRIBUICOES;1;CONTRIBUICOES;38;TRANSFERENCIAS DA UNIAO VINCULADAS AO ESPORTE;264215,86;264215,86;264215,86
9479691;269;2025-10-03 00:00:00;PM CLARO DOS POCOES;21.498.274/0001-22;1481;SEDESE;SECRETARIA DE ESTADO DE DESENVOLVIMENTO SOCIAL;41;CONTRIBUICOES;1;CONTRIBUICOES;38;TRANSFERENCIAS DA UNIAO VINCULADAS AO ESPORTE;264215,86;264215,86;264215,86
9479693;271;2025-10-03 00:00:00;PM UBAI;18.017.459/0001-63;1481;SEDESE;SECRETARIA DE ESTADO DE DESENVOLVIMENTO SOCIAL;41;CONTRIBUICOES;1;CONTRIBUICOES;38;TRANSFERENCIAS DA UNIAO VINCULADAS AO ESPORTE;264215,86;264215,86;264215,86
9479695;273;2025-10-03 00:00:00;PM VARGEM GRANDE DO RIO PARDO;01.612.885/0001-42;1481;SEDESE;SECRETARIA DE ESTADO DE DESENVOLVIMENTO SOCIAL;41;CONTRIBUICOES;1;CONTRIBUICOES;38;TRANSFERENCIAS DA UNIAO VINCULADAS AO ESPORTE;264215,86;264215,86;264215,86
9479696;260;2025-10-01 00:00:00;PM URUCUIA;25.223.850/0001-80;1481;SEDESE;SECRETARIA DE ESTADO DE DESENVOLVIMENTO SOCIAL;41;CONTRIBUICOES;1;CONTRIBUICOES;38;TRANSFERENCIAS DA UNIAO VINCULADAS AO ESPORTE;264215,86;264215,86;264215,86
9479697;268;2025-10-03 00:00:00;PM JURAMENTO;18.017.368/0001-28;1481;SEDESE;SECRETARIA DE ESTADO DE DESENVOLVIMENTO SOCIAL;41;CONTRIBUICOES;1;CONTRIBUICOES;38;TRANSFERENCIAS DA UNIAO VINCULADAS AO ESPORTE;264215,86;264215,86;264215,86
9479698;274;2025-10-03 00:00:00;PM MONTALVANIA;17.097.791/0001-12;1481;SEDESE;SECRETARIA DE ESTADO DE DESENVOLVIMENTO SOCIAL;41;CONTRIBUICOES;1;CONTRIBUICOES;38;TRANSFERENCIAS DA UNIAO VINCULADAS AO ESPORTE;264215,86;264215,86;264215,86
9479699;261;2025-10-01 00:00:00;PM JEQUITAI;18.279.083/0001-65;1481;SEDESE;SECRETARIA DE ESTADO DE DESENVOLVIMENTO SOCIAL;41;CONTRIBUICOES;1;CONTRIBUICOES;38;TRANSFERENCIAS DA UNIAO VINCULADAS AO ESPORTE;264215,86;264215,86;264215,86
9479700;267;2025-10-03 00:00:00;PM SANTA FE DE MINAS;18.279.075/0001-19;1481;SEDESE;SECRETARIA DE ESTADO DE DESENVOLVIMENTO SOCIAL;41;CONTRIBUICOES;1;CONTRIBUICOES;38;TRANSFERENCIAS DA UNIAO VINCULADAS AO ESPORTE;264215,86;264215,86;264215,86
9479701;423;2025-10-03 00:00:00;PM BERILO;17.700.758/0001-35;1481;SEDESE;SECRETARIA DE ESTADO DE DESENVOLVIMENTO SOCIAL;41;CONTRIBUICOES;1;CONTRIBUICOES;71;RECURSOS DO FUNDO ESTADUAL DE ERRADICACAO DA MISERIA;18730,84;18730,84;18730,84
9479703;419;2025-10-03 00:00:00;PM VARGEM GRANDE DO RIO PARDO;01.612.885/0001-42;1481;SEDESE;SECRETARIA DE ESTADO DE DESENVOLVIMENTO SOCIAL;41;CONTRIBUICOES;1;CONTRIBUICOES;71;RECURSOS DO FUNDO ESTADUAL DE ERRADICACAO DA MISERIA;19194,75;19194,75;19194,75
9479704;418;2025-10-03 00:00:00;PM MATO VERDE;17.782.616/0001-64;1481;SEDESE;SECRETARIA DE ESTADO DE DESENVOLVIMENTO SOCIAL;41;CONTRIBUICOES;1;CONTRIBUICOES;71;RECURSOS DO FUNDO ESTADUAL DE ERRADICACAO DA MISERIA;19194,72;19194,72;19194,72
9479705;416;2025-10-02 00:00:00;PM JENIPAPO DE MINAS;01.613.376/0001-34;1481;SEDESE;SECRETARIA DE ESTADO DE DESENVOLVIMENTO SOCIAL;41;CONTRIBUICOES;1;CONTRIBUICOES;71;RECURSOS DO FUNDO ESTADUAL DE ERRADICACAO DA MISERIA;19194,75;19194,75;19194,75
9479706;424;2025-10-03 00:00:00;PM DIVISOPOLIS;66.234.311/0001-23;1481;SEDESE;SECRETARIA DE ESTADO DE DESENVOLVIMENTO SOCIAL;41;CONTRIBUICOES;1;CONTRIBUICOES;71;RECURSOS DO FUNDO ESTADUAL DE ERRADICACAO DA MISERIA;19194,75;19194,75;19194,75
9479707;420;2025-10-03 00:00:00;PM LEME DO PRADO;01.587.109/0001-30;1481;SEDESE;SECRETARIA DE ESTADO DE DESENVOLVIMENTO SOCIAL;41;CONTRIBUICOES;1;CONTRIBUICOES;71;RECURSOS DO FUNDO ESTADUAL DE ERRADICACAO DA MISERIA;19194,72;19194,72;19194,72
9479709;415;2025-10-02 00:00:00;PM FRANCISCO DUMONT;16.885.485/0001-88;1481;SEDESE;SECRETARIA DE ESTADO DE DESENVOLVIMENTO SOCIAL;41;CONTRIBUICOES;1;CONTRIBUICOES;71;RECURSOS DO FUNDO ESTADUAL DE ERRADICACAO DA MISERIA;19194,75;19194,75;19194,75
9479710;409;2025-10-02 00:00:00;PM JACINTO;18.349.910/0001-40;1481;SEDESE;SECRETARIA DE ESTADO DE DESENVOLVIMENTO SOCIAL;41;CONTRIBUICOES;1;CONTRIBUICOES;71;RECURSOS DO FUNDO ESTADUAL DE ERRADICACAO DA MISERIA;19194,75;19194,75;19194,75
9479712;412;2025-10-02 00:00:00;PM CORONEL MURTA;18.348.722/0001-05;1481;SEDESE;SECRETARIA DE ESTADO DE DESENVOLVIMENTO SOCIAL;41;CONTRIBUICOES;1;CONTRIBUICOES;71;RECURSOS DO FUNDO ESTADUAL DE ERRADICACAO DA MISERIA;19194,75;19194,75;19194,75
9479713;417;2025-10-03 00:00:00;PM JOSE GONCALVES DE MINAS;01.613.372/0001-56;1481;SEDESE;SECRETARIA DE ESTADO DE DESENVOLVIMENTO SOCIAL;41;CONTRIBUICOES;1;CONTRIBUICOES;71;RECURSOS DO FUNDO ESTADUAL DE ERRADICACAO DA MISERIA;19194,75;19194,75;19194,75
9479714;413;2025-10-02 00:00:00;PM AGUAS VERMELHAS;18.414.581/0001-73;1481;SEDESE;SECRETARIA DE ESTADO DE DESENVOLVIMENTO SOCIAL;41;CONTRIBUICOES;1;CONTRIBUICOES;71;RECURSOS DO FUNDO ESTADUAL DE ERRADICACAO DA MISERIA;19194,75;19194,75;19194,75
9479727;5451;2025-10-01 00:00:00;PM CARANDAI;18.094.797/0001-07;1271;SECULT;SECRETARIA DE ESTADO DE CULTURA E TURISMO;41;CONTRIBUICOES;1;CONTRIBUICOES;15;RECURSOS ORDINARIOS - OUTROS RECURSOS NAO VINCULADOS;138600,0;138600,0;138600,0
9479728;5698;2025-10-20 00:00:00;PM LAGOA SANTA;73.357.469/0001-56;1271;SECULT;SECRETARIA DE ESTADO DE CULTURA E TURISMO;41;CONTRIBUICOES;1;CONTRIBUICOES;15;RECURSOS ORDINARIOS - OUTROS RECURSOS NAO VINCULADOS;315000,0;315000,0;315000,0
9479858;1466;2025-10-03 00:00:00;PM CAMACHO;18.308.726/0001-51;1261;SEE;SECRETARIA DE ESTADO DE EDUCACAO;42;AUXILIOS;1;AUXILIOS;10;RECURSOS ORDINARIOS - RECURSOS NAO VINCULADOS DE IMPOSTOS;1179058,09;1179058,09;1179058,09
9479859;3671;2025-10-03 00:00:00;CONSORCIO INTERMUNICIPAL DE INFRAESTRUTURA DOS MUNICIPIOS DA AMAJE;22.835.076/0001-70;1491;SEGOV;SECRETARIA DE ESTADO DE GOVERNO;42;AUXILIOS;1;AUXILIOS;10;RECURSOS ORDINARIOS - RECURSOS NAO VINCULADOS DE IMPOSTOS;250000,0;250000,0;250000,0
9480257;105;2025-10-03 00:00:00;ASSOC. DE PROT. E ASSIST. AO CONDENADO DE ALFENAS;04.926.925/0001-19;1451;SEJUSP;SECRETARIA DE ESTADO DE JUSTICA E SEGURANCA PUBLICA;43;SUBVENCOES SOCIAIS;1;SUBVENCOES SOCIAIS;60;RECURSOS DIRETAMENTE ARRECADADOS;702790,2;702790,2;702790,2
9480352;275;2025-10-06 00:00:00;PM FRANCISCO DUMONT;16.885.485/0001-88;1481;SEDESE;SECRETARIA DE ESTADO DE DESENVOLVIMENTO SOCIAL;41;CONTRIBUICOES;1;CONTRIBUICOES;38;TRANSFERENCIAS DA UNIAO VINCULADAS AO ESPORTE;264215,86;264215,86;264215,86
9480365;276;2025-10-06 00:00:00;PM BERILO;17.700.758/0001-35;1481;SEDESE;SECRETARIA DE ESTADO DE DESENVOLVIMENTO SOCIAL;41;CONTRIBUICOES;1;CONTRIBUICOES;38;TRANSFERENCIAS DA UNIAO VINCULADAS AO ESPORTE;264215,86;264215,86;264215,86
9480366;277;2025-10-06 00:00:00;PM JAPONVAR;01.612.476/0001-46;1481;SEDESE;SECRETARIA DE ESTADO DE DESENVOLVIMENTO SOCIAL;41;CONTRIBUICOES;1;CONTRIBUICOES;38;TRANSFERENCIAS DA UNIAO VINCULADAS AO ESPORTE;264215,86;264215,86;264215,86
9480429;1473;2025-10-09 00:00:00;PM ROCHEDO DE MINAS;18.558.080/0001-60;1261;SEE;SECRETARIA DE ESTADO DE EDUCACAO;42;AUXILIOS;1;AUXILIOS;10;RECURSOS ORDINARIOS - RECURSOS NAO VINCULADOS DE IMPOSTOS;617836,0;617836,0;617836,0
9480432;278;2025-10-07 00:00:00;PM GUARACIAMA;01.612.549/0001-08;1481;SEDESE;SECRETARIA DE ESTADO DE DESENVOLVIMENTO SOCIAL;41;CONTRIBUICOES;1;CONTRIBUICOES;38;TRANSFERENCIAS DA UNIAO VINCULADAS AO ESPORTE;264215,86;264215,86;264215,86
9480434;281;2025-10-09 00:00:00;PM GAMELEIRA;01.612.482/0001-01;1481;SEDESE;SECRETARIA DE ESTADO DE DESENVOLVIMENTO SOCIAL;41;CONTRIBUICOES;1;CONTRIBUICOES;38;TRANSFERENCIAS DA UNIAO VINCULADAS AO ESPORTE;264215,86;264215,86;264215,86
9480436;280;2025-10-09 00:00:00;PM MATO VERDE;17.782.616/0001-64;1481;SEDESE;SECRETARIA DE ESTADO DE DESENVOLVIMENTO SOCIAL;41;CONTRIBUICOES;1;CONTRIBUICOES;38;TRANSFERENCIAS DA UNIAO VINCULADAS AO ESPORTE;264215,86;264215,86;264215,86
9480470;1468;2025-10-09 00:00:00;PM RIO NOVO;18.338.244/0001-44;1261;SEE;SECRETARIA DE ESTADO DE EDUCACAO;42;AUXILIOS;1;AUXILIOS;10;RECURSOS ORDINARIOS - RECURSOS NAO VINCULADOS DE IMPOSTOS;160000,0;160000,0;160000,0
9480471;1474;2025-10-09 00:00:00;PM RIO PIRACICABA;18.400.945/0001-66;1261;SEE;SECRETARIA DE ESTADO DE EDUCACAO;42;AUXILIOS;1;AUXILIOS;10;RECURSOS ORDINARIOS - RECURSOS NAO VINCULADOS DE IMPOSTOS;1199897,89;1199897,89;1199897,89
9480472;1475;2025-10-09 00:00:00;PM JOAIMA;18.495.812/0001-10;1261;SEE;SECRETARIA DE ESTADO DE EDUCACAO;42;AUXILIOS;1;AUXILIOS;10;RECURSOS ORDINARIOS - RECURSOS NAO VINCULADOS DE IMPOSTOS;630000,0;630000,0;630000,0
9480473;1476;2025-10-09 00:00:00;PM DIAMANTINA;17.754.136/0001-90;1261;SEE;SECRETARIA DE ESTADO DE EDUCACAO;42;AUXILIOS;1;AUXILIOS;10;RECURSOS ORDINARIOS - RECURSOS NAO VINCULADOS DE IMPOSTOS;1128625,1;1128625,1;1128625,1
9480474;1477;2025-10-09 00:00:00;PM PIRACEMA;17.980.392/0001-03;1261;SEE;SECRETARIA DE ESTADO DE EDUCACAO;42;AUXILIOS;1;AUXILIOS;10;RECURSOS ORDINARIOS - RECURSOS NAO VINCULADOS DE IMPOSTOS;1262841,56;1262841,56;1262841,56
9480475;1478;2025-10-09 00:00:00;PM PEDRA BONITA;01.640.429/0001-06;1261;SEE;SECRETARIA DE ESTADO DE EDUCACAO;42;AUXILIOS;1;AUXILIOS;10;RECURSOS ORDINARIOS - RECURSOS NAO VINCULADOS DE IMPOSTOS;648096,02;648096,02;648096,02
9480476;1469;2025-10-09 00:00:00;PM ALTO CAPARAO;01.616.270/0001-94;1261;SEE;SECRETARIA DE ESTADO DE EDUCACAO;42;AUXILIOS;1;AUXILIOS;10;RECURSOS ORDINARIOS - RECURSOS NAO VINCULADOS DE IMPOSTOS;200000,0;200000,0;200000,0
9480477;1470;2025-10-09 00:00:00;PM PEDRA DO INDAIA;18.308.759/0001-00;1261;SEE;SECRETARIA DE ESTADO DE EDUCACAO;42;AUXILIOS;1;AUXILIOS;10;RECURSOS ORDINARIOS - RECURSOS NAO VINCULADOS DE IMPOSTOS;350000,0;350000,0;350000,0
9480478;5697;2025-10-20 00:00:00;PM NANUQUE;18.398.974/0001-30;1271;SECULT;SECRETARIA DE ESTADO DE CULTURA E TURISMO;41;CONTRIBUICOES;1;CONTRIBUICOES;15;RECURSOS ORDINARIOS - OUTROS RECURSOS NAO VINCULADOS;346505,0;346505,0;346505,0
9480580;1489;2025-10-13 00:00:00;PM CAMPO AZUL;01.612.551/0001-79;1261;SEE;SECRETARIA DE ESTADO DE EDUCACAO;42;AUXILIOS;1;AUXILIOS;10;RECURSOS ORDINARIOS - RECURSOS NAO VINCULADOS DE IMPOSTOS;300000,0;300000,0;300000,0
9480581;285;2025-10-10 00:00:00;PM IBIAI;16.899.700/0001-08;1481;SEDESE;SECRETARIA DE ESTADO DE DESENVOLVIMENTO SOCIAL;41;CONTRIBUICOES;1;CONTRIBUICOES;38;TRANSFERENCIAS DA UNIAO VINCULADAS AO ESPORTE;264215,86;264215,86;264215,86
9480583;284;2025-10-10 00:00:00;PM SAO JOAO DO PACUI;01.612.474/0001-57;1481;SEDESE;SECRETARIA DE ESTADO DE DESENVOLVIMENTO SOCIAL;41;CONTRIBUICOES;1;CONTRIBUICOES;38;TRANSFERENCIAS DA UNIAO VINCULADAS AO ESPORTE;264215,86;264215,86;264215,86
9480587;286;2025-10-10 00:00:00;PM SAO JOAO DA LAGOA;01.612.494/0001-28;1481;SEDESE;SECRETARIA DE ESTADO DE DESENVOLVIMENTO SOCIAL;41;CONTRIBUICOES;1;CONTRIBUICOES;38;TRANSFERENCIAS DA UNIAO VINCULADAS AO ESPORTE;264215,86;264215,86;264215,86
9480588;287;2025-10-10 00:00:00;PM PONTO CHIQUE;01.612.500/0001-47;1481;SEDESE;SECRETARIA DE ESTADO DE DESENVOLVIMENTO SOCIAL;41;CONTRIBUICOES;1;CONTRIBUICOES;38;TRANSFERENCIAS DA UNIAO VINCULADAS AO ESPORTE;264215,86;264215,86;264215,86
9480589;282;2025-10-10 00:00:00;PM CORACAO DE JESUS;22.680.672/0001-28;1481;SEDESE;SECRETARIA DE ESTADO DE DESENVOLVIMENTO SOCIAL;41;CONTRIBUICOES;1;CONTRIBUICOES;38;TRANSFERENCIAS DA UNIAO VINCULADAS AO ESPORTE;264215,86;264215,86;264215,86
9480591;283;2025-10-10 00:00:00;PM BERIZAL;01.614.602/0001-00;1481;SEDESE;SECRETARIA DE ESTADO DE DESENVOLVIMENTO SOCIAL;41;CONTRIBUICOES;1;CONTRIBUICOES;38;TRANSFERENCIAS DA UNIAO VINCULADAS AO ESPORTE;264215,86;264215,86;264215,86
9480656;1490;2025-10-13 00:00:00;PM CAPIM BRANCO;18.314.617/0001-47;1261;SEE;SECRETARIA DE ESTADO DE EDUCACAO;42;AUXILIOS;1;AUXILIOS;10;RECURSOS ORDINARIOS - RECURSOS NAO VINCULADOS DE IMPOSTOS;324048,01;324048,01;324048,01
9480659;1520;2025-10-15 00:00:00;PM BAMBUI;20.920.567/0001-93;1261;SEE;SECRETARIA DE ESTADO DE EDUCACAO;42;AUXILIOS;1;AUXILIOS;10;RECURSOS ORDINARIOS - RECURSOS NAO VINCULADOS DE IMPOSTOS;5598596,28;5598596,28;5598596,28
9480660;1518;2025-10-15 00:00:00;PM OLARIA;18.338.202/0001-03;1261;SEE;SECRETARIA DE ESTADO DE EDUCACAO;42;AUXILIOS;1;AUXILIOS;10;RECURSOS ORDINARIOS - RECURSOS NAO VINCULADOS DE IMPOSTOS;650000,0;650000,0;650000,0
9480661;1513;2025-10-15 00:00:00;PM CAREACU;17.935.388/0001-15;1261;SEE;SECRETARIA DE ESTADO DE EDUCACAO;42;AUXILIOS;1;AUXILIOS;10;RECURSOS ORDINARIOS - RECURSOS NAO VINCULADOS DE IMPOSTOS;778841,09;778841,09;778841,09
9480662;1515;2025-10-15 00:00:00;PM ARAXA;18.140.756/0001-00;1261;SEE;SECRETARIA DE ESTADO DE EDUCACAO;42;AUXILIOS;1;AUXILIOS;10;RECURSOS ORDINARIOS - RECURSOS NAO VINCULADOS DE IMPOSTOS;1480905,33;1480905,33;1480905,33
9480663;1516;2025-10-15 00:00:00;PM ARAXA;18.140.756/0001-00;1261;SEE;SECRETARIA DE ESTADO DE EDUCACAO;42;AUXILIOS;1;AUXILIOS;10;RECURSOS ORDINARIOS - RECURSOS NAO VINCULADOS DE IMPOSTOS;778841,09;778841,09;778841,09
9480664;1517;2025-10-15 00:00:00;PM CURRAL DE DENTRO;01.613.076/0001-55;1261;SEE;SECRETARIA DE ESTADO DE EDUCACAO;42;AUXILIOS;1;AUXILIOS;10;RECURSOS ORDINARIOS - RECURSOS NAO VINCULADOS DE IMPOSTOS;324048,01;324048,01;324048,01
9480665;1519;2025-10-15 00:00:00;PM FORTALEZA DE MINAS;18.241.760/0001-56;1261;SEE;SECRETARIA DE ESTADO DE EDUCACAO;42;AUXILIOS;1;AUXILIOS;10;RECURSOS ORDINARIOS - RECURSOS NAO VINCULADOS DE IMPOSTOS;0,0;0,0;0,0
9480665;1742;2025-10-30 00:00:00;PM FORTALEZA DE MINAS;18.241.760/0001-56;1261;SEE;SECRETARIA DE ESTADO DE EDUCACAO;42;AUXILIOS;1;AUXILIOS;10;RECURSOS ORDINARIOS - RECURSOS NAO VINCULADOS DE IMPOSTOS;778841,49;778841,49;778841,49
9480666;1514;2025-10-15 00:00:00;PM MENDES PIMENTEL;18.505.347/0001-51;1261;SEE;SECRETARIA DE ESTADO DE EDUCACAO;42;AUXILIOS;1;AUXILIOS;10;RECURSOS ORDINARIOS - RECURSOS NAO VINCULADOS DE IMPOSTOS;1260000,0;1260000,0;1260000,0
9480677;288;2025-10-10 00:00:00;PM LAGOA DOS PATOS;16.901.381/0001-10;1481;SEDESE;SECRETARIA DE ESTADO DE DESENVOLVIMENTO SOCIAL;41;CONTRIBUICOES;1;CONTRIBUICOES;38;TRANSFERENCIAS DA UNIAO VINCULADAS AO ESPORTE;264215,86;264215,86;264215,86
9480697;1496;2025-10-15 00:00:00;PM JOAO PINHEIRO;16.930.299/0001-13;1261;SEE;SECRETARIA DE ESTADO DE EDUCACAO;42;AUXILIOS;1;AUXILIOS;10;RECURSOS ORDINARIOS - RECURSOS NAO VINCULADOS DE IMPOSTOS;558669,42;558669,42;558669,42
9480698;1495;2025-10-15 00:00:00;PM JOANESIA;17.111.626/0001-78;1261;SEE;SECRETARIA DE ESTADO DE EDUCACAO;42;AUXILIOS;1;AUXILIOS;10;RECURSOS ORDINARIOS - RECURSOS NAO VINCULADOS DE IMPOSTOS;888360,56;888360,56;888360,56
9480699;1512;2025-10-15 00:00:00;PM CAMACHO;18.308.726/0001-51;1261;SEE;SECRETARIA DE ESTADO DE EDUCACAO;42;AUXILIOS;1;AUXILIOS;10;RECURSOS ORDINARIOS - RECURSOS NAO VINCULADOS DE IMPOSTOS;570000,0;570000,0;570000,0
9480710;291;2025-10-16 00:00:00;PM NOVORIZONTE;01.616.420/0001-60;1481;SEDESE;SECRETARIA DE ESTADO DE DESENVOLVIMENTO SOCIAL;41;CONTRIBUICOES;1;CONTRIBUICOES;38;TRANSFERENCIAS DA UNIAO VINCULADAS AO ESPORTE;261573,7;261573,7;261573,7
9480713;290;2025-10-16 00:00:00;PM BOTUMIRIM;18.017.418/0001-77;1481;SEDESE;SECRETARIA DE ESTADO DE DESENVOLVIMENTO SOCIAL;41;CONTRIBUICOES;1;CONTRIBUICOES;38;TRANSFERENCIAS DA UNIAO VINCULADAS AO ESPORTE;264215,86;264215,86;264215,86
9480716;1497;2025-10-15 00:00:00;PM UNIAO DE MINAS;01.051.819/0001-40;1261;SEE;SECRETARIA DE ESTADO DE EDUCACAO;42;AUXILIOS;1;AUXILIOS;10;RECURSOS ORDINARIOS - RECURSOS NAO VINCULADOS DE IMPOSTOS;324048,01;324048,01;324048,01
9480717;1498;2025-10-15 00:00:00;PM MONTE BELO;18.668.376/0001-34;1261;SEE;SECRETARIA DE ESTADO DE EDUCACAO;42;AUXILIOS;1;AUXILIOS;10;RECURSOS ORDINARIOS - RECURSOS NAO VINCULADOS DE IMPOSTOS;1229491,08;1229491,08;1229491,08
9480719;1499;2025-10-15 00:00:00;PM DIAMANTINA;17.754.136/0001-90;1261;SEE;SECRETARIA DE ESTADO DE EDUCACAO;42;AUXILIOS;1;AUXILIOS;10;RECURSOS ORDINARIOS - RECURSOS NAO VINCULADOS DE IMPOSTOS;249830,47;249830,47;249830,47
9480720;1500;2025-10-15 00:00:00;PM SALTO DA DIVISA;18.347.401/0001-88;1261;SEE;SECRETARIA DE ESTADO DE EDUCACAO;42;AUXILIOS;1;AUXILIOS;10;RECURSOS ORDINARIOS - RECURSOS NAO VINCULADOS DE IMPOSTOS;94366,03;94366,03;94366,03
9480721;1502;2025-10-15 00:00:00;PM ARANTINA;17.952.508/0001-92;1261;SEE;SECRETARIA DE ESTADO DE EDUCACAO;42;AUXILIOS;1;AUXILIOS;10;RECURSOS ORDINARIOS - RECURSOS NAO VINCULADOS DE IMPOSTOS;324048,01;324048,01;324048,01
9480722;1501;2025-10-15 00:00:00;PM ARANTINA;17.952.508/0001-92;1261;SEE;SECRETARIA DE ESTADO DE EDUCACAO;42;AUXILIOS;1;AUXILIOS;10;RECURSOS ORDINARIOS - RECURSOS NAO VINCULADOS DE IMPOSTOS;510959,93;510959,93;510959,93
9480723;1504;2025-10-15 00:00:00;PM DELFIM MOREIRA;18.025.924/0001-08;1261;SEE;SECRETARIA DE ESTADO DE EDUCACAO;42;AUXILIOS;1;AUXILIOS;10;RECURSOS ORDINARIOS - RECURSOS NAO VINCULADOS DE IMPOSTOS;324048,01;324048,01;324048,01
9480724;1505;2025-10-15 00:00:00;PM MARIPA DE MINAS;17.724.162/0001-75;1261;SEE;SECRETARIA DE ESTADO DE EDUCACAO;42;AUXILIOS;1;AUXILIOS;10;RECURSOS ORDINARIOS - RECURSOS NAO VINCULADOS DE IMPOSTOS;941884,01;941884,01;941884,01
9480725;1506;2025-10-15 00:00:00;PM PADRE CARVALHO;01.612.490/0001-40;1261;SEE;SECRETARIA DE ESTADO DE EDUCACAO;42;AUXILIOS;1;AUXILIOS;10;RECURSOS ORDINARIOS - RECURSOS NAO VINCULADOS DE IMPOSTOS;648096,02;648096,02;648096,02
9480726;1507;2025-10-15 00:00:00;PM PAPAGAIOS;18.313.866/0001-18;1261;SEE;SECRETARIA DE ESTADO DE EDUCACAO;42;AUXILIOS;1;AUXILIOS;10;RECURSOS ORDINARIOS - RECURSOS NAO VINCULADOS DE IMPOSTOS;650000,0;650000,0;650000,0
9480727;1508;2025-10-15 00:00:00;PM POMPEU;18.296.681/0001-42;1261;SEE;SECRETARIA DE ESTADO DE EDUCACAO;42;AUXILIOS;1;AUXILIOS;10;RECURSOS ORDINARIOS - RECURSOS NAO VINCULADOS DE IMPOSTOS;1235967,08;1235967,08;1235967,08
9480728;1509;2025-10-15 00:00:00;PM SENADOR MODESTINO GONCALVES;17.754.110/0001-41;1261;SEE;SECRETARIA DE ESTADO DE EDUCACAO;42;AUXILIOS;1;AUXILIOS;10;RECURSOS ORDINARIOS - RECURSOS NAO VINCULADOS DE IMPOSTOS;888360,56;888360,56;888360,56
9480729;1510;2025-10-15 00:00:00;PM SERRANOS;18.008.912/0001-75;1261;SEE;SECRETARIA DE ESTADO DE EDUCACAO;42;AUXILIOS;1;AUXILIOS;10;RECURSOS ORDINARIOS - RECURSOS NAO VINCULADOS DE IMPOSTOS;1029202,08;1029202,08;1029202,08
9480730;1511;2025-10-15 00:00:00;PM CORREGO DANTA;18.298.174/0001-48;1261;SEE;SECRETARIA DE ESTADO DE EDUCACAO;42;AUXILIOS;1;AUXILIOS;10;RECURSOS ORDINARIOS - RECURSOS NAO VINCULADOS DE IMPOSTOS;500000,0;500000,0;500000,0
9480761;1521;2025-10-15 00:00:00;PM PRUDENTE DE MORAIS;18.314.625/0001-93;1261;SEE;SECRETARIA DE ESTADO DE EDUCACAO;42;AUXILIOS;1;AUXILIOS;10;RECURSOS ORDINARIOS - RECURSOS NAO VINCULADOS DE IMPOSTOS;778841,09;778841,09;778841,09
9480762;1522;2025-10-15 00:00:00;PM AGUANIL;17.888.108/0001-65;1261;SEE;SECRETARIA DE ESTADO DE EDUCACAO;42;AUXILIOS;1;AUXILIOS;10;RECURSOS ORDINARIOS - RECURSOS NAO VINCULADOS DE IMPOSTOS;778841,09;778841,09;778841,09
9480763;1523;2025-10-15 00:00:00;PM AGUANIL;17.888.108/0001-65;1261;SEE;SECRETARIA DE ESTADO DE EDUCACAO;42;AUXILIOS;1;AUXILIOS;10;RECURSOS ORDINARIOS - RECURSOS NAO VINCULADOS DE IMPOSTOS;796824,99;796824,99;796824,99
9480764;1524;2025-10-15 00:00:00;PM GUARACIAMA;01.612.549/0001-08;1261;SEE;SECRETARIA DE ESTADO DE EDUCACAO;42;AUXILIOS;1;AUXILIOS;10;RECURSOS ORDINARIOS - RECURSOS NAO VINCULADOS DE IMPOSTOS;564312,55;564312,55;564312,55
9480765;1525;2025-10-15 00:00:00;PM PAINEIRAS;18.296.673/0001-04;1261;SEE;SECRETARIA DE ESTADO DE EDUCACAO;42;AUXILIOS;1;AUXILIOS;10;RECURSOS ORDINARIOS - RECURSOS NAO VINCULADOS DE IMPOSTOS;400000,0;400000,0;400000,0
9480766;1526;2025-10-15 00:00:00;PM CHAPADA DO NORTE;16.886.608/0001-03;1261;SEE;SECRETARIA DE ESTADO DE EDUCACAO;42;AUXILIOS;1;AUXILIOS;10;RECURSOS ORDINARIOS - RECURSOS NAO VINCULADOS DE IMPOSTOS;600000,0;600000,0;600000,0
9480767;1527;2025-10-15 00:00:00;PM PARAISOPOLIS;18.025.965/0001-02;1261;SEE;SECRETARIA DE ESTADO DE EDUCACAO;42;AUXILIOS;1;AUXILIOS;10;RECURSOS ORDINARIOS - RECURSOS NAO VINCULADOS DE IMPOSTOS;648096,02;648096,02;648096,02
9480768;1528;2025-10-15 00:00:00;PM SAPUCAI-MIRIM;18.026.005/0001-59;1261;SEE;SECRETARIA DE ESTADO DE EDUCACAO;42;AUXILIOS;1;AUXILIOS;10;RECURSOS ORDINARIOS - RECURSOS NAO VINCULADOS DE IMPOSTOS;614745,54;614745,54;614745,54
9480769;1529;2025-10-15 00:00:00;PM BRASILIA DE MINAS;18.017.442/0001-06;1261;SEE;SECRETARIA DE ESTADO DE EDUCACAO;42;AUXILIOS;1;AUXILIOS;10;RECURSOS ORDINARIOS - RECURSOS NAO VINCULADOS DE IMPOSTOS;324048,01;324048,01;324048,01
9480770;1530;2025-10-15 00:00:00;PM CAPIM BRANCO;18.314.617/0001-47;1261;SEE;SECRETARIA DE ESTADO DE EDUCACAO;42;AUXILIOS;1;AUXILIOS;10;RECURSOS ORDINARIOS - RECURSOS NAO VINCULADOS DE IMPOSTOS;650000,0;650000,0;650000,0
9480771;1531;2025-10-15 00:00:00;PM COIMBRA;18.132.464/0001-17;1261;SEE;SECRETARIA DE ESTADO DE EDUCACAO;42;AUXILIOS;1;AUXILIOS;10;RECURSOS ORDINARIOS - RECURSOS NAO VINCULADOS DE IMPOSTOS;564312,55;564312,55;564312,55
9480772;1532;2025-10-15 00:00:00;PM DIVINESIA;18.128.280/0001-83;1261;SEE;SECRETARIA DE ESTADO DE EDUCACAO;42;AUXILIOS;1;AUXILIOS;10;RECURSOS ORDINARIOS - RECURSOS NAO VINCULADOS DE IMPOSTOS;1128625,1;1128625,1;1128625,1
9480773;1533;2025-10-15 00:00:00;PM DIVISA NOVA;18.243.279/0001-08;1261;SEE;SECRETARIA DE ESTADO DE EDUCACAO;42;AUXILIOS;1;AUXILIOS;10;RECURSOS ORDINARIOS - RECURSOS NAO VINCULADOS DE IMPOSTOS;1212408,57;1212408,57;1212408,57
9480774;1534;2025-10-15 00:00:00;PM ERVALIA;18.133.306/0001-81;1261;SEE;SECRETARIA DE ESTADO DE EDUCACAO;42;AUXILIOS;1;AUXILIOS;10;RECURSOS ORDINARIOS - RECURSOS NAO VINCULADOS DE IMPOSTOS;564312,55;564312,55;564312,55
9480775;1535;2025-10-15 00:00:00;PM GUARARA;17.723.172/0001-96;1261;SEE;SECRETARIA DE ESTADO DE EDUCACAO;42;AUXILIOS;1;AUXILIOS;10;RECURSOS ORDINARIOS - RECURSOS NAO VINCULADOS DE IMPOSTOS;938793,55;938793,55;938793,55
9480776;1536;2025-10-15 00:00:00;PM IGUATAMA;18.306.688/0001-06;1261;SEE;SECRETARIA DE ESTADO DE EDUCACAO;42;AUXILIOS;1;AUXILIOS;10;RECURSOS ORDINARIOS - RECURSOS NAO VINCULADOS DE IMPOSTOS;324048,01;324048,01;324048,01
9480777;1537;2025-10-15 00:00:00;PM LUZ;18.301.036/0001-70;1261;SEE;SECRETARIA DE ESTADO DE EDUCACAO;42;AUXILIOS;1;AUXILIOS;10;RECURSOS ORDINARIOS - RECURSOS NAO VINCULADOS DE IMPOSTOS;1910280,42;1910280,42;1910280,42
9480778;1538;2025-10-15 00:00:00;PM PAINS;20.920.575/0001-30;1261;SEE;SECRETARIA DE ESTADO DE EDUCACAO;42;AUXILIOS;1;AUXILIOS;10;RECURSOS ORDINARIOS - RECURSOS NAO VINCULADOS DE IMPOSTOS;324048,01;324048,01;324048,01
9480779;1539;2025-10-15 00:00:00;PM PEDRO TEIXEIRA;18.338.228/0001-51;1261;SEE;SECRETARIA DE ESTADO DE EDUCACAO;42;AUXILIOS;1;AUXILIOS;10;RECURSOS ORDINARIOS - RECURSOS NAO VINCULADOS DE IMPOSTOS;324048,01;324048,01;324048,01
9480780;1540;2025-10-15 00:00:00;PM SAO GONCALO DO PARA;18.291.369/0001-66;1261;SEE;SECRETARIA DE ESTADO DE EDUCACAO;42;AUXILIOS;1;AUXILIOS;10;RECURSOS ORDINARIOS - RECURSOS NAO VINCULADOS DE IMPOSTOS;1190000,0;1190000,0;1190000,0
9480781;1541;2025-10-15 00:00:00;PM VERMELHO NOVO;01.620.744/0001-71;1261;SEE;SECRETARIA DE ESTADO DE EDUCACAO;42;AUXILIOS;1;AUXILIOS;10;RECURSOS ORDINARIOS - RECURSOS NAO VINCULADOS DE IMPOSTOS;564312,55;564312,55;564312,55
9480782;1542;2025-10-15 00:00:00;PM BARROSO;18.094.755/0001-68;1261;SEE;SECRETARIA DE ESTADO DE EDUCACAO;42;AUXILIOS;1;AUXILIOS;10;RECURSOS ORDINARIOS - RECURSOS NAO VINCULADOS DE IMPOSTOS;630000,0;630000,0;630000,0
9480783;1543;2025-10-15 00:00:00;PM CENTRAL DE MINAS;17.990.714/0001-97;1261;SEE;SECRETARIA DE ESTADO DE EDUCACAO;42;AUXILIOS;1;AUXILIOS;10;RECURSOS ORDINARIOS - RECURSOS NAO VINCULADOS DE IMPOSTOS;630000,0;630000,0;630000,0
9480784;1544;2025-10-15 00:00:00;PM RESSAQUINHA;18.094.847/0001-48;1261;SEE;SECRETARIA DE ESTADO DE EDUCACAO;42;AUXILIOS;1;AUXILIOS;10;RECURSOS ORDINARIOS - RECURSOS NAO VINCULADOS DE IMPOSTOS;1212408,57;1212408,57;1212408,57
9480785;1546;2025-10-15 00:00:00;PM BRAS PIRES;18.128.272/0001-37;1261;SEE;SECRETARIA DE ESTADO DE EDUCACAO;42;AUXILIOS;1;AUXILIOS;10;RECURSOS ORDINARIOS - RECURSOS NAO VINCULADOS DE IMPOSTOS;510959,93;510959,93;510959,93
9480786;1545;2025-10-15 00:00:00;PM PARAGUACU;18.008.193/0001-92;1261;SEE;SECRETARIA DE ESTADO DE EDUCACAO;42;AUXILIOS;1;AUXILIOS;10;RECURSOS ORDINARIOS - RECURSOS NAO VINCULADOS DE IMPOSTOS;2184552,6;2184552,6;2184552,6
9480787;1547;2025-10-15 00:00:00;PM BRAUNAS;18.307.389/0001-88;1261;SEE;SECRETARIA DE ESTADO DE EDUCACAO;42;AUXILIOS;1;AUXILIOS;10;RECURSOS ORDINARIOS - RECURSOS NAO VINCULADOS DE IMPOSTOS;1331927,81;1331927,81;1331927,81
9480788;1548;2025-10-15 00:00:00;PM RESSAQUINHA;18.094.847/0001-48;1261;SEE;SECRETARIA DE ESTADO DE EDUCACAO;42;AUXILIOS;1;AUXILIOS;10;RECURSOS ORDINARIOS - RECURSOS NAO VINCULADOS DE IMPOSTOS;778841,09;778841,09;778841,09
9480873;1550;2025-10-16 00:00:00;PM CACHOEIRA DOURADA;18.457.267/0001-78;1261;SEE;SECRETARIA DE ESTADO DE EDUCACAO;42;AUXILIOS;1;AUXILIOS;10;RECURSOS ORDINARIOS - RECURSOS NAO VINCULADOS DE IMPOSTOS;630000,0;630000,0;630000,0
9480874;1549;2025-10-16 00:00:00;PM GLAUCILANDIA;01.612.496/0001-17;1261;SEE;SECRETARIA DE ESTADO DE EDUCACAO;42;AUXILIOS;1;AUXILIOS;10;RECURSOS ORDINARIOS - RECURSOS NAO VINCULADOS DE IMPOSTOS;1055000,0;1055000,0;1055000,0
9480875;1552;2025-10-16 00:00:00;PM BIQUINHAS;18.296.640/0001-56;1261;SEE;SECRETARIA DE ESTADO DE EDUCACAO;42;AUXILIOS;1;AUXILIOS;10;RECURSOS ORDINARIOS - RECURSOS NAO VINCULADOS DE IMPOSTOS;648096,02;648096,02;648096,02
9480876;1551;2025-10-16 00:00:00;PM SAO ROMAO;24.891.418/0001-02;1261;SEE;SECRETARIA DE ESTADO DE EDUCACAO;42;AUXILIOS;1;AUXILIOS;10;RECURSOS ORDINARIOS - RECURSOS NAO VINCULADOS DE IMPOSTOS;500000,0;500000,0;500000,0
9480877;1553;2025-10-16 00:00:00;PM CONFINS;01.006.232/0001-10;1261;SEE;SECRETARIA DE ESTADO DE EDUCACAO;42;AUXILIOS;1;AUXILIOS;10;RECURSOS ORDINARIOS - RECURSOS NAO VINCULADOS DE IMPOSTOS;324048,01;324048,01;324048,01
9480878;1554;2025-10-16 00:00:00;PM NOVA RESENDE;18.187.823/0001-33;1261;SEE;SECRETARIA DE ESTADO DE EDUCACAO;42;AUXILIOS;1;AUXILIOS;10;RECURSOS ORDINARIOS - RECURSOS NAO VINCULADOS DE IMPOSTOS;324048,01;324048,01;324048,01
9480879;1555;2025-10-16 00:00:00;PM INDAIABIRA;01.614.599/0001-16;1261;SEE;SECRETARIA DE ESTADO DE EDUCACAO;42;AUXILIOS;1;AUXILIOS;10;RECURSOS ORDINARIOS - RECURSOS NAO VINCULADOS DE IMPOSTOS;1877587,1;1877587,1;1877587,1
9480880;1556;2025-10-16 00:00:00;PM LASSANCE;18.279.125/0001-68;1261;SEE;SECRETARIA DE ESTADO DE EDUCACAO;42;AUXILIOS;1;AUXILIOS;10;RECURSOS ORDINARIOS - RECURSOS NAO VINCULADOS DE IMPOSTOS;324048,01;324048,01;324048,01
9480882;1557;2025-10-16 00:00:00;PM SAO GERALDO DO BAIXIO;01.613.075/0001-00;1261;SEE;SECRETARIA DE ESTADO DE EDUCACAO;42;AUXILIOS;1;AUXILIOS;10;RECURSOS ORDINARIOS - RECURSOS NAO VINCULADOS DE IMPOSTOS;1100000,0;1100000,0;1100000,0
9480883;1558;2025-10-16 00:00:00;PM ITAOBIM;18.414.573/0001-27;1261;SEE;SECRETARIA DE ESTADO DE EDUCACAO;42;AUXILIOS;1;AUXILIOS;10;RECURSOS ORDINARIOS - RECURSOS NAO VINCULADOS DE IMPOSTOS;510959,93;510959,93;510959,93
9480884;1559;2025-10-16 00:00:00;PM SANTA CRUZ DE SALINAS;01.612.497/0001-61;1261;SEE;SECRETARIA DE ESTADO DE EDUCACAO;42;AUXILIOS;1;AUXILIOS;10;RECURSOS ORDINARIOS - RECURSOS NAO VINCULADOS DE IMPOSTOS;1128625,1;1128625,1;1128625,1
9480885;1560;2025-10-16 00:00:00;PM MATA VERDE;66.234.360/0001-66;1261;SEE;SECRETARIA DE ESTADO DE EDUCACAO;42;AUXILIOS;1;AUXILIOS;10;RECURSOS ORDINARIOS - RECURSOS NAO VINCULADOS DE IMPOSTOS;100000,0;100000,0;100000,0
9480886;1562;2025-10-16 00:00:00;PM FRANCISCOPOLIS;01.613.394/0001-16;1261;SEE;SECRETARIA DE ESTADO DE EDUCACAO;42;AUXILIOS;1;AUXILIOS;10;RECURSOS ORDINARIOS - RECURSOS NAO VINCULADOS DE IMPOSTOS;250000,0;250000,0;250000,0
9480887;1561;2025-10-16 00:00:00;PM ITAOBIM;18.414.573/0001-27;1261;SEE;SECRETARIA DE ESTADO DE EDUCACAO;42;AUXILIOS;1;AUXILIOS;10;RECURSOS ORDINARIOS - RECURSOS NAO VINCULADOS DE IMPOSTOS;600000,0;600000,0;600000,0
9480888;1564;2025-10-16 00:00:00;PM CARANDAI;18.094.797/0001-07;1261;SEE;SECRETARIA DE ESTADO DE EDUCACAO;42;AUXILIOS;1;AUXILIOS;10;RECURSOS ORDINARIOS - RECURSOS NAO VINCULADOS DE IMPOSTOS;324048,01;324048,01;324048,01
9480889;1563;2025-10-16 00:00:00;PM BUENO BRANDAO;18.940.098/0001-22;1261;SEE;SECRETARIA DE ESTADO DE EDUCACAO;42;AUXILIOS;1;AUXILIOS;10;RECURSOS ORDINARIOS - RECURSOS NAO VINCULADOS DE IMPOSTOS;648096,02;648096,02;648096,02
9480890;1565;2025-10-16 00:00:00;PM FUNILANDIA;18.062.414/0001-00;1261;SEE;SECRETARIA DE ESTADO DE EDUCACAO;42;AUXILIOS;1;AUXILIOS;10;RECURSOS ORDINARIOS - RECURSOS NAO VINCULADOS DE IMPOSTOS;564312,55;564312,55;564312,55
9480891;1566;2025-10-16 00:00:00;PM SENHORA DOS REMEDIOS;18.094.870/0001-32;1261;SEE;SECRETARIA DE ESTADO DE EDUCACAO;42;AUXILIOS;1;AUXILIOS;10;RECURSOS ORDINARIOS - RECURSOS NAO VINCULADOS DE IMPOSTOS;564312,55;564312,55;564312,55
9480892;1567;2025-10-16 00:00:00;PM PEDRA AZUL;18.414.565/0001-80;1261;SEE;SECRETARIA DE ESTADO DE EDUCACAO;42;AUXILIOS;1;AUXILIOS;10;RECURSOS ORDINARIOS - RECURSOS NAO VINCULADOS DE IMPOSTOS;250000,0;250000,0;250000,0
9480893;1568;2025-10-16 00:00:00;PM VIRGEM DA LAPA;18.348.730/0001-43;1261;SEE;SECRETARIA DE ESTADO DE EDUCACAO;42;AUXILIOS;1;AUXILIOS;10;RECURSOS ORDINARIOS - RECURSOS NAO VINCULADOS DE IMPOSTOS;324048,01;324048,01;324048,01
9480894;1569;2025-10-16 00:00:00;PM CONSELHEIRO PENA;19.769.660/0001-60;1261;SEE;SECRETARIA DE ESTADO DE EDUCACAO;42;AUXILIOS;1;AUXILIOS;10;RECURSOS ORDINARIOS - RECURSOS NAO VINCULADOS DE IMPOSTOS;648096,02;648096,02;648096,02
9480895;1570;2025-10-16 00:00:00;PM CORONEL MURTA;18.348.722/0001-05;1261;SEE;SECRETARIA DE ESTADO DE EDUCACAO;42;AUXILIOS;1;AUXILIOS;10;RECURSOS ORDINARIOS - RECURSOS NAO VINCULADOS DE IMPOSTOS;320000,0;320000,0;320000,0
9480896;1571;2025-10-16 00:00:00;PM SAO GERALDO DO BAIXIO;01.613.075/0001-00;1261;SEE;SECRETARIA DE ESTADO DE EDUCACAO;42;AUXILIOS;1;AUXILIOS;10;RECURSOS ORDINARIOS - RECURSOS NAO VINCULADOS DE IMPOSTOS;300000,0;300000,0;300000,0
9480897;1572;2025-10-16 00:00:00;PM PIEDADE DOS GERAIS;18.363.960/0001-81;1261;SEE;SECRETARIA DE ESTADO DE EDUCACAO;42;AUXILIOS;1;AUXILIOS;10;RECURSOS ORDINARIOS - RECURSOS NAO VINCULADOS DE IMPOSTOS;1049219,84;1049219,84;1049219,84
9480898;1573;2025-10-16 00:00:00;PM UMBURATIBA;18.404.996/0001-66;1261;SEE;SECRETARIA DE ESTADO DE EDUCACAO;42;AUXILIOS;1;AUXILIOS;10;RECURSOS ORDINARIOS - RECURSOS NAO VINCULADOS DE IMPOSTOS;324048,01;324048,01;324048,01
9480899;1574;2025-10-16 00:00:00;PM DOM JOAQUIM;18.303.198/0001-48;1261;SEE;SECRETARIA DE ESTADO DE EDUCACAO;42;AUXILIOS;1;AUXILIOS;10;RECURSOS ORDINARIOS - RECURSOS NAO VINCULADOS DE IMPOSTOS;614745,54;614745,54;614745,54
9480900;1575;2025-10-16 00:00:00;PM MANHUACU;18.385.088/0001-72;1261;SEE;SECRETARIA DE ESTADO DE EDUCACAO;42;AUXILIOS;1;AUXILIOS;10;RECURSOS ORDINARIOS - RECURSOS NAO VINCULADOS DE IMPOSTOS;564312,55;564312,55;564312,55
9480901;1576;2025-10-16 00:00:00;PM PASSABEM;18.299.511/0001-11;1261;SEE;SECRETARIA DE ESTADO DE EDUCACAO;42;AUXILIOS;1;AUXILIOS;10;RECURSOS ORDINARIOS - RECURSOS NAO VINCULADOS DE IMPOSTOS;1483103,96;1483103,96;1483103,96
9480902;1577;2025-10-16 00:00:00;PM VISCONDE DO RIO BRANCO;18.137.927/0001-33;1261;SEE;SECRETARIA DE ESTADO DE EDUCACAO;42;AUXILIOS;1;AUXILIOS;10;RECURSOS ORDINARIOS - RECURSOS NAO VINCULADOS DE IMPOSTOS;324048,01;324048,01;324048,01
9480903;1578;2025-10-16 00:00:00;PM CORREGO DANTA;18.298.174/0001-48;1261;SEE;SECRETARIA DE ESTADO DE EDUCACAO;42;AUXILIOS;1;AUXILIOS;10;RECURSOS ORDINARIOS - RECURSOS NAO VINCULADOS DE IMPOSTOS;778841,09;778841,09;778841,09
9480904;1579;2025-10-16 00:00:00;PM PEDRA DO INDAIA;18.308.759/0001-00;1261;SEE;SECRETARIA DE ESTADO DE EDUCACAO;42;AUXILIOS;1;AUXILIOS;10;RECURSOS ORDINARIOS - RECURSOS NAO VINCULADOS DE IMPOSTOS;888360,56;888360,56;888360,56
9480905;1580;2025-10-16 00:00:00;PM SAO GONCALO DO RIO PRETO;17.754.151/0001-38;1261;SEE;SECRETARIA DE ESTADO DE EDUCACAO;42;AUXILIOS;1;AUXILIOS;10;RECURSOS ORDINARIOS - RECURSOS NAO VINCULADOS DE IMPOSTOS;888360,56;888360,56;888360,56
9480906;1581;2025-10-16 00:00:00;PM SAO JOAO DO PACUI;01.612.474/0001-57;1261;SEE;SECRETARIA DE ESTADO DE EDUCACAO;42;AUXILIOS;1;AUXILIOS;10;RECURSOS ORDINARIOS - RECURSOS NAO VINCULADOS DE IMPOSTOS;888360,56;888360,56;888360,56
9480907;1582;2025-10-16 00:00:00;PM SAO MIGUEL DO ANTA;18.133.926/0001-10;1261;SEE;SECRETARIA DE ESTADO DE EDUCACAO;42;AUXILIOS;1;AUXILIOS;10;RECURSOS ORDINARIOS - RECURSOS NAO VINCULADOS DE IMPOSTOS;1229491,08;1229491,08;1229491,08
9480908;5710;2025-10-23 00:00:00;INSTITUICAO BENEFICENTE MARTIM LUTERO;38.729.331/0001-30;1271;SECULT;SECRETARIA DE ESTADO DE CULTURA E TURISMO;41;CONTRIBUICOES;1;CONTRIBUICOES;10;RECURSOS ORDINARIOS - RECURSOS NAO VINCULADOS DE IMPOSTOS;100000,0;100000,0;100000,0
9480909;5708;2025-10-23 00:00:00;CORPORACAO MUSICAL SANTA CECILIA;19.103.027/0001-38;1271;SECULT;SECRETARIA DE ESTADO DE CULTURA E TURISMO;41;CONTRIBUICOES;1;CONTRIBUICOES;10;RECURSOS ORDINARIOS - RECURSOS NAO VINCULADOS DE IMPOSTOS;12000,0;12000,0;12000,0
9480909;5709;2025-10-23 00:00:00;CORPORACAO MUSICAL SANTA CECILIA;19.103.027/0001-38;1271;SECULT;SECRETARIA DE ESTADO DE CULTURA E TURISMO;42;AUXILIOS;1;AUXILIOS;10;RECURSOS ORDINARIOS - RECURSOS NAO VINCULADOS DE IMPOSTOS;88000,0;88000,0;88000,0
9480910;5716;2025-10-23 00:00:00;NPOSUL- ASSOCIACAO DE NUCLEOS PEDAGOGICOS DE ORQUESTRA DO SUL DE MINAS;04.982.141/0001-08;1271;SECULT;SECRETARIA DE ESTADO DE CULTURA E TURISMO;41;CONTRIBUICOES;1;CONTRIBUICOES;10;RECURSOS ORDINARIOS - RECURSOS NAO VINCULADOS DE IMPOSTOS;100000,0;100000,0;100000,0
9480911;1583;2025-10-16 00:00:00;PM ITAMOGI;18.241.380/0001-11;1261;SEE;SECRETARIA DE ESTADO DE EDUCACAO;42;AUXILIOS;1;AUXILIOS;10;RECURSOS ORDINARIOS - RECURSOS NAO VINCULADOS DE IMPOSTOS;1029220,08;1029220,08;1029220,08
9480912;1584;2025-10-16 00:00:00;PM DORES DO INDAIA;18.301.010/0001-22;1261;SEE;SECRETARIA DE ESTADO DE EDUCACAO;42;AUXILIOS;1;AUXILIOS;10;RECURSOS ORDINARIOS - RECURSOS NAO VINCULADOS DE IMPOSTOS;1300000,0;1300000,0;1300000,0
9480913;1585;2025-10-16 00:00:00;PM COROACI;18.085.647/0001-29;1261;SEE;SECRETARIA DE ESTADO DE EDUCACAO;42;AUXILIOS;1;AUXILIOS;10;RECURSOS ORDINARIOS - RECURSOS NAO VINCULADOS DE IMPOSTOS;400000,0;400000,0;400000,0
9480914;1587;2025-10-16 00:00:00;PM RESPLENDOR;18.413.161/0001-72;1261;SEE;SECRETARIA DE ESTADO DE EDUCACAO;42;AUXILIOS;1;AUXILIOS;10;RECURSOS ORDINARIOS - RECURSOS NAO VINCULADOS DE IMPOSTOS;1766781,46;1766781,46;1766781,46
9480915;1586;2025-10-16 00:00:00;PM IPIACU;18.457.259/0001-21;1261;SEE;SECRETARIA DE ESTADO DE EDUCACAO;42;AUXILIOS;1;AUXILIOS;10;RECURSOS ORDINARIOS - RECURSOS NAO VINCULADOS DE IMPOSTOS;641596,02;641596,02;641596,02
9480932;452;2025-10-16 00:00:00;PM CAMPO AZUL;01.612.551/0001-79;1481;SEDESE;SECRETARIA DE ESTADO DE DESENVOLVIMENTO SOCIAL;41;CONTRIBUICOES;1;CONTRIBUICOES;71;RECURSOS DO FUNDO ESTADUAL DE ERRADICACAO DA MISERIA;19194,75;19194,75;19194,75
9480933;453;2025-10-16 00:00:00;PM CATUTI;01.612.502/0001-36;1481;SEDESE;SECRETARIA DE ESTADO DE DESENVOLVIMENTO SOCIAL;41;CONTRIBUICOES;1;CONTRIBUICOES;71;RECURSOS DO FUNDO ESTADUAL DE ERRADICACAO DA MISERIA;19194,72;19194,72;19194,72
9480935;462;2025-10-16 00:00:00;PM CHAPADA GAUCHA;01.612.489/0001-15;1481;SEDESE;SECRETARIA DE ESTADO DE DESENVOLVIMENTO SOCIAL;41;CONTRIBUICOES;1;CONTRIBUICOES;71;RECURSOS DO FUNDO ESTADUAL DE ERRADICACAO DA MISERIA;19194,75;19194,75;19194,75
9480936;459;2025-10-16 00:00:00;PM CLARO DOS POCOES;21.498.274/0001-22;1481;SEDESE;SECRETARIA DE ESTADO DE DESENVOLVIMENTO SOCIAL;41;CONTRIBUICOES;1;CONTRIBUICOES;71;RECURSOS DO FUNDO ESTADUAL DE ERRADICACAO DA MISERIA;19194,0;19194,0;19194,0
9480938;448;2025-10-16 00:00:00;PM CORACAO DE JESUS;22.680.672/0001-28;1481;SEDESE;SECRETARIA DE ESTADO DE DESENVOLVIMENTO SOCIAL;41;CONTRIBUICOES;1;CONTRIBUICOES;71;RECURSOS DO FUNDO ESTADUAL DE ERRADICACAO DA MISERIA;0,0;0,0;0,0
9480938;451;2025-10-16 00:00:00;PM CORACAO DE JESUS;22.680.672/0001-28;1481;SEDESE;SECRETARIA DE ESTADO DE DESENVOLVIMENTO SOCIAL;41;CONTRIBUICOES;1;CONTRIBUICOES;71;RECURSOS DO FUNDO ESTADUAL DE ERRADICACAO DA MISERIA;19194,75;19194,75;19194,75
9480940;455;2025-10-16 00:00:00;PM ENGENHEIRO NAVARRO;17.697.152/0001-98;1481;SEDESE;SECRETARIA DE ESTADO DE DESENVOLVIMENTO SOCIAL;41;CONTRIBUICOES;1;CONTRIBUICOES;71;RECURSOS DO FUNDO ESTADUAL DE ERRADICACAO DA MISERIA;19194,75;19194,75;19194,75
9480941;465;2025-10-16 00:00:00;PM GAMELEIRA;01.612.482/0001-01;1481;SEDESE;SECRETARIA DE ESTADO DE DESENVOLVIMENTO SOCIAL;41;CONTRIBUICOES;1;CONTRIBUICOES;71;RECURSOS DO FUNDO ESTADUAL DE ERRADICACAO DA MISERIA;19098,75;19098,75;19098,75
9480944;456;2025-10-16 00:00:00;PM BERIZAL;01.614.602/0001-00;1481;SEDESE;SECRETARIA DE ESTADO DE DESENVOLVIMENTO SOCIAL;41;CONTRIBUICOES;1;CONTRIBUICOES;71;RECURSOS DO FUNDO ESTADUAL DE ERRADICACAO DA MISERIA;19192,49;19192,49;19192,49
9480950;458;2025-10-16 00:00:00;PM IBIAI;16.899.700/0001-08;1481;SEDESE;SECRETARIA DE ESTADO DE DESENVOLVIMENTO SOCIAL;41;CONTRIBUICOES;1;CONTRIBUICOES;71;RECURSOS DO FUNDO ESTADUAL DE ERRADICACAO DA MISERIA;19194,75;19194,75;19194,75
9480951;454;2025-10-16 00:00:00;PM JEQUITAI;18.279.083/0001-65;1481;SEDESE;SECRETARIA DE ESTADO DE DESENVOLVIMENTO SOCIAL;41;CONTRIBUICOES;1;CONTRIBUICOES;71;RECURSOS DO FUNDO ESTADUAL DE ERRADICACAO DA MISERIA;0,0;0,0;0,0
9480951;457;2025-10-16 00:00:00;PM JEQUITAI;18.279.083/0001-65;1481;SEDESE;SECRETARIA DE ESTADO DE DESENVOLVIMENTO SOCIAL;41;CONTRIBUICOES;1;CONTRIBUICOES;71;RECURSOS DO FUNDO ESTADUAL DE ERRADICACAO DA MISERIA;19120,0;19120,0;19120,0
9480955;471;2025-10-17 00:00:00;PM JURAMENTO;18.017.368/0001-28;1481;SEDESE;SECRETARIA DE ESTADO DE DESENVOLVIMENTO SOCIAL;41;CONTRIBUICOES;1;CONTRIBUICOES;71;RECURSOS DO FUNDO ESTADUAL DE ERRADICACAO DA MISERIA;19004,67;19004,67;19004,67
9480957;474;2025-10-17 00:00:00;PM LUISLANDIA;01.612.887/0001-31;1481;SEDESE;SECRETARIA DE ESTADO DE DESENVOLVIMENTO SOCIAL;41;CONTRIBUICOES;1;CONTRIBUICOES;71;RECURSOS DO FUNDO ESTADUAL DE ERRADICACAO DA MISERIA;19194,75;19194,75;19194,75
9480959;466;2025-10-16 00:00:00;PM MIRABELA;18.017.376/0001-74;1481;SEDESE;SECRETARIA DE ESTADO DE DESENVOLVIMENTO SOCIAL;41;CONTRIBUICOES;1;CONTRIBUICOES;71;RECURSOS DO FUNDO ESTADUAL DE ERRADICACAO DA MISERIA;19194,75;19194,75;19194,75
9480960;461;2025-10-16 00:00:00;PM MONTALVANIA;17.097.791/0001-12;1481;SEDESE;SECRETARIA DE ESTADO DE DESENVOLVIMENTO SOCIAL;41;CONTRIBUICOES;1;CONTRIBUICOES;71;RECURSOS DO FUNDO ESTADUAL DE ERRADICACAO DA MISERIA;19194,75;19194,75;19194,75
9480961;464;2025-10-16 00:00:00;PM PATIS;01.612.478/0001-35;1481;SEDESE;SECRETARIA DE ESTADO DE DESENVOLVIMENTO SOCIAL;41;CONTRIBUICOES;1;CONTRIBUICOES;71;RECURSOS DO FUNDO ESTADUAL DE ERRADICACAO DA MISERIA;19098,78;19098,78;19098,78
9480962;469;2025-10-16 00:00:00;PM PORTEIRINHA;18.013.326/0001-19;1481;SEDESE;SECRETARIA DE ESTADO DE DESENVOLVIMENTO SOCIAL;41;CONTRIBUICOES;1;CONTRIBUICOES;71;RECURSOS DO FUNDO ESTADUAL DE ERRADICACAO DA MISERIA;19194,75;19194,75;19194,75
9480963;473;2025-10-17 00:00:00;PM SANTA MARIA DO SALTO;18.347.419/0001-80;1481;SEDESE;SECRETARIA DE ESTADO DE DESENVOLVIMENTO SOCIAL;41;CONTRIBUICOES;1;CONTRIBUICOES;71;RECURSOS DO FUNDO ESTADUAL DE ERRADICACAO DA MISERIA;18956,05;18956,05;18956,05
9480964;460;2025-10-16 00:00:00;PM SAO JOAO DA LAGOA;01.612.494/0001-28;1481;SEDESE;SECRETARIA DE ESTADO DE DESENVOLVIMENTO SOCIAL;41;CONTRIBUICOES;1;CONTRIBUICOES;71;RECURSOS DO FUNDO ESTADUAL DE ERRADICACAO DA MISERIA;19194,75;19194,75;19194,75
9480972;472;2025-10-17 00:00:00;PM SAO JOAO DO PACUI;01.612.474/0001-57;1481;SEDESE;SECRETARIA DE ESTADO DE DESENVOLVIMENTO SOCIAL;41;CONTRIBUICOES;1;CONTRIBUICOES;71;RECURSOS DO FUNDO ESTADUAL DE ERRADICACAO DA MISERIA;19002,8;19002,8;19002,8
9480973;470;2025-10-17 00:00:00;PM SAO JOAO DO PARAISO;24.791.154/0001-07;1481;SEDESE;SECRETARIA DE ESTADO DE DESENVOLVIMENTO SOCIAL;41;CONTRIBUICOES;1;CONTRIBUICOES;71;RECURSOS DO FUNDO ESTADUAL DE ERRADICACAO DA MISERIA;19194,75;19194,75;19194,75
9480976;5711;2025-10-23 00:00:00;INECAP - INSTITUTO NACIONAL DE EDUCACAO, CULTURA E ATIVIDADES PSICOPED;05.852.571/0001-78;1271;SECULT;SECRETARIA DE ESTADO DE CULTURA E TURISMO;41;CONTRIBUICOES;1;CONTRIBUICOES;10;RECURSOS ORDINARIOS - RECURSOS NAO VINCULADOS DE IMPOSTOS;100000,0;100000,0;100000,0
9480981;1588;2025-10-16 00:00:00;PM PRUDENTE DE MORAIS;18.314.625/0001-93;1261;SEE;SECRETARIA DE ESTADO DE EDUCACAO;42;AUXILIOS;1;AUXILIOS;10;RECURSOS ORDINARIOS - RECURSOS NAO VINCULADOS DE IMPOSTOS;1262841,56;1262841,56;1262841,56
9480982;1589;2025-10-16 00:00:00;PM IGUATAMA;18.306.688/0001-06;1261;SEE;SECRETARIA DE ESTADO DE EDUCACAO;42;AUXILIOS;1;AUXILIOS;10;RECURSOS ORDINARIOS - RECURSOS NAO VINCULADOS DE IMPOSTOS;392000,0;392000,0;392000,0
9480983;1590;2025-10-16 00:00:00;PM PINTOPOLIS;01.612.481/0001-59;1261;SEE;SECRETARIA DE ESTADO DE EDUCACAO;42;AUXILIOS;1;AUXILIOS;10;RECURSOS ORDINARIOS - RECURSOS NAO VINCULADOS DE IMPOSTOS;600000,0;600000,0;600000,0
9480984;1591;2025-10-16 00:00:00;PM CAXAMBU;18.008.870/0001-72;1261;SEE;SECRETARIA DE ESTADO DE EDUCACAO;42;AUXILIOS;1;AUXILIOS;10;RECURSOS ORDINARIOS - RECURSOS NAO VINCULADOS DE IMPOSTOS;324048,01;324048,01;324048,01
9480985;1592;2025-10-16 00:00:00;PM ITAMONTE;18.666.750/0001-62;1261;SEE;SECRETARIA DE ESTADO DE EDUCACAO;42;AUXILIOS;1;AUXILIOS;10;RECURSOS ORDINARIOS - RECURSOS NAO VINCULADOS DE IMPOSTOS;564312,55;564312,55;564312,55
9480986;1593;2025-10-16 00:00:00;PM OLIMPIO NORONHA;18.188.276/0001-00;1261;SEE;SECRETARIA DE ESTADO DE EDUCACAO;42;AUXILIOS;1;AUXILIOS;10;RECURSOS ORDINARIOS - RECURSOS NAO VINCULADOS DE IMPOSTOS;324048,01;324048,01;324048,01
9480988;467;2025-10-16 00:00:00;PM UBAI;18.017.459/0001-63;1481;SEDESE;SECRETARIA DE ESTADO DE DESENVOLVIMENTO SOCIAL;41;CONTRIBUICOES;1;CONTRIBUICOES;71;RECURSOS DO FUNDO ESTADUAL DE ERRADICACAO DA MISERIA;19194,72;19194,72;19194,72
9480989;468;2025-10-16 00:00:00;PM URUCUIA;25.223.850/0001-80;1481;SEDESE;SECRETARIA DE ESTADO DE DESENVOLVIMENTO SOCIAL;41;CONTRIBUICOES;1;CONTRIBUICOES;71;RECURSOS DO FUNDO ESTADUAL DE ERRADICACAO DA MISERIA;19194,75;19194,75;19194,75
9480990;1594;2025-10-16 00:00:00;PM SAO TOME DAS LETRAS;18.008.920/0001-11;1261;SEE;SECRETARIA DE ESTADO DE EDUCACAO;42;AUXILIOS;1;AUXILIOS;10;RECURSOS ORDINARIOS - RECURSOS NAO VINCULADOS DE IMPOSTOS;564312,55;564312,55;564312,55
9480991;1595;2025-10-16 00:00:00;PM SAO PEDRO DA UNIAO;18.666.172/0001-64;1261;SEE;SECRETARIA DE ESTADO DE EDUCACAO;42;AUXILIOS;1;AUXILIOS;10;RECURSOS ORDINARIOS - RECURSOS NAO VINCULADOS DE IMPOSTOS;564312,55;564312,55;564312,55
9480993;5244;2025-10-29 00:00:00;SANTA CASA DE CARIDADE DE FORMIGA;20.499.893/0001-79;4291;FES;FUNDO ESTADUAL DE SAUDE;42;AUXILIOS;1;AUXILIOS;10;RECURSOS ORDINARIOS - RECURSOS NAO VINCULADOS DE IMPOSTOS;2650000,0;2650000,0;2650000,0
9480994;1596;2025-10-16 00:00:00;PM NOVA PONTE;18.159.905/0001-74;1261;SEE;SECRETARIA DE ESTADO DE EDUCACAO;42;AUXILIOS;1;AUXILIOS;10;RECURSOS ORDINARIOS - RECURSOS NAO VINCULADOS DE IMPOSTOS;564312,55;564312,55;564312,55
9480995;1597;2025-10-16 00:00:00;PM ORIZANIA;01.616.271/0001-39;1261;SEE;SECRETARIA DE ESTADO DE EDUCACAO;42;AUXILIOS;1;AUXILIOS;10;RECURSOS ORDINARIOS - RECURSOS NAO VINCULADOS DE IMPOSTOS;150000,0;150000,0;150000,0
9480997;1598;2025-10-16 00:00:00;PM DIOGO DE VASCONCELOS;18.295.311/0001-90;1261;SEE;SECRETARIA DE ESTADO DE EDUCACAO;42;AUXILIOS;1;AUXILIOS;10;RECURSOS ORDINARIOS - RECURSOS NAO VINCULADOS DE IMPOSTOS;972144,03;972144,03;972144,03
9480998;1599;2025-10-16 00:00:00;PM GONZAGA;18.307.421/0001-25;1261;SEE;SECRETARIA DE ESTADO DE EDUCACAO;42;AUXILIOS;1;AUXILIOS;10;RECURSOS ORDINARIOS - RECURSOS NAO VINCULADOS DE IMPOSTOS;570000,0;570000,0;570000,0
9481000;1600;2025-10-16 00:00:00;PM BELO VALE;18.363.937/0001-97;1261;SEE;SECRETARIA DE ESTADO DE EDUCACAO;42;AUXILIOS;1;AUXILIOS;10;RECURSOS ORDINARIOS - RECURSOS NAO VINCULADOS DE IMPOSTOS;564312,55;564312,55;564312,55
9481001;1601;2025-10-16 00:00:00;PM SAO SEBASTIAO DO RIO VERDE;17.906.314/0001-50;1261;SEE;SECRETARIA DE ESTADO DE EDUCACAO;42;AUXILIOS;1;AUXILIOS;10;RECURSOS ORDINARIOS - RECURSOS NAO VINCULADOS DE IMPOSTOS;324048,01;324048,01;324048,01
9481002;438;2025-10-20 00:00:00;PM CONSELHEIRO PENA;19.769.660/0001-60;1301;SEINFRA;SECRETARIA DE ESTADO DE INFRAESTRUTURA, MOBILIDADE E PARCERIAS;42;AUXILIOS;1;AUXILIOS;15;RECURSOS ORDINARIOS - OUTROS RECURSOS NAO VINCULADOS;0,0;0,0;0,0
9481002;440;2025-10-22 00:00:00;PM CONSELHEIRO PENA;19.769.660/0001-60;1301;SEINFRA;SECRETARIA DE ESTADO DE INFRAESTRUTURA, MOBILIDADE E PARCERIAS;42;AUXILIOS;1;AUXILIOS;15;RECURSOS ORDINARIOS - OUTROS RECURSOS NAO VINCULADOS;500000,0;500000,0;500000,0
9481004;1602;2025-10-16 00:00:00;PM FERNANDES TOURINHO;18.080.887/0001-30;1261;SEE;SECRETARIA DE ESTADO DE EDUCACAO;42;AUXILIOS;1;AUXILIOS;10;RECURSOS ORDINARIOS - RECURSOS NAO VINCULADOS DE IMPOSTOS;827987,91;827987,91;827987,91
9481005;1603;2025-10-16 00:00:00;PM GUARACIAMA;01.612.549/0001-08;1261;SEE;SECRETARIA DE ESTADO DE EDUCACAO;42;AUXILIOS;1;AUXILIOS;10;RECURSOS ORDINARIOS - RECURSOS NAO VINCULADOS DE IMPOSTOS;200000,0;200000,0;200000,0
9481006;1604;2025-10-16 00:00:00;PM TUMIRITINGA;21.078.563/0001-72;1261;SEE;SECRETARIA DE ESTADO DE EDUCACAO;42;AUXILIOS;1;AUXILIOS;10;RECURSOS ORDINARIOS - RECURSOS NAO VINCULADOS DE IMPOSTOS;564312,55;564312,55;564312,55
9481007;1605;2025-10-16 00:00:00;PM MATOZINHOS;18.771.238/0001-86;1261;SEE;SECRETARIA DE ESTADO DE EDUCACAO;42;AUXILIOS;1;AUXILIOS;10;RECURSOS ORDINARIOS - RECURSOS NAO VINCULADOS DE IMPOSTOS;324048,01;324048,01;324048,01
9481009;1606;2025-10-16 00:00:00;PM SANTA EFIGENIA DE MINAS;18.307.462/0001-11;1261;SEE;SECRETARIA DE ESTADO DE EDUCACAO;42;AUXILIOS;1;AUXILIOS;10;RECURSOS ORDINARIOS - RECURSOS NAO VINCULADOS DE IMPOSTOS;324048,01;324048,01;324048,01
9481010;1607;2025-10-16 00:00:00;PM MARIA DA FE;18.025.957/0001-58;1261;SEE;SECRETARIA DE ESTADO DE EDUCACAO;42;AUXILIOS;1;AUXILIOS;10;RECURSOS ORDINARIOS - RECURSOS NAO VINCULADOS DE IMPOSTOS;1856927,8;1856927,8;1856927,8
9481022;1608;2025-10-16 00:00:00;PM MARMELOPOLIS;18.026.021/0001-41;1261;SEE;SECRETARIA DE ESTADO DE EDUCACAO;42;AUXILIOS;1;AUXILIOS;10;RECURSOS ORDINARIOS - RECURSOS NAO VINCULADOS DE IMPOSTOS;600000,0;600000,0;600000,0
9481023;1609;2025-10-16 00:00:00;PM BALDIM;18.116.129/0001-25;1261;SEE;SECRETARIA DE ESTADO DE EDUCACAO;42;AUXILIOS;1;AUXILIOS;10;RECURSOS ORDINARIOS - RECURSOS NAO VINCULADOS DE IMPOSTOS;1606058,09;1606058,09;1606058,09
9481029;1610;2025-10-16 00:00:00;PM MACHACALIS;18.404.921/0001-85;1261;SEE;SECRETARIA DE ESTADO DE EDUCACAO;42;AUXILIOS;1;AUXILIOS;10;RECURSOS ORDINARIOS - RECURSOS NAO VINCULADOS DE IMPOSTOS;250000,0;250000,0;250000,0
9481030;1611;2025-10-16 00:00:00;PM FRONTEIRA DOS VALES;18.404.954/0001-25;1261;SEE;SECRETARIA DE ESTADO DE EDUCACAO;42;AUXILIOS;1;AUXILIOS;10;RECURSOS ORDINARIOS - RECURSOS NAO VINCULADOS DE IMPOSTOS;1200284,48;1200284,48;1200284,48
9481031;1612;2025-10-16 00:00:00;PM PALMOPOLIS;66.234.345/0001-18;1261;SEE;SECRETARIA DE ESTADO DE EDUCACAO;42;AUXILIOS;1;AUXILIOS;10;RECURSOS ORDINARIOS - RECURSOS NAO VINCULADOS DE IMPOSTOS;510959,93;510959,93;510959,93
9481032;1613;2025-10-16 00:00:00;PM SAO DOMINGOS DO PRATA;18.401.018/0001-60;1261;SEE;SECRETARIA DE ESTADO DE EDUCACAO;42;AUXILIOS;1;AUXILIOS;10;RECURSOS ORDINARIOS - RECURSOS NAO VINCULADOS DE IMPOSTOS;324048,01;324048,01;324048,01
9481035;1614;2025-10-16 00:00:00;PM CLARO DOS POCOES;21.498.274/0001-22;1261;SEE;SECRETARIA DE ESTADO DE EDUCACAO;42;AUXILIOS;1;AUXILIOS;10;RECURSOS ORDINARIOS - RECURSOS NAO VINCULADOS DE IMPOSTOS;503939,9;503939,9;503939,9
9481036;1615;2025-10-16 00:00:00;PM SAO JOAO EVANGELISTA;18.307.488/0001-60;1261;SEE;SECRETARIA DE ESTADO DE EDUCACAO;42;AUXILIOS;1;AUXILIOS;10;RECURSOS ORDINARIOS - RECURSOS NAO VINCULADOS DE IMPOSTOS;835007,94;835007,94;835007,94
9481040;1616;2025-10-16 00:00:00;PM BONFINOPOLIS DE MINAS;18.125.138/0001-82;1261;SEE;SECRETARIA DE ESTADO DE EDUCACAO;42;AUXILIOS;1;AUXILIOS;10;RECURSOS ORDINARIOS - RECURSOS NAO VINCULADOS DE IMPOSTOS;564312,55;564312,55;564312,55
9481041;1617;2025-10-16 00:00:00;PM ALVARENGA;19.770.288/0001-01;1261;SEE;SECRETARIA DE ESTADO DE EDUCACAO;42;AUXILIOS;1;AUXILIOS;10;RECURSOS ORDINARIOS - RECURSOS NAO VINCULADOS DE IMPOSTOS;801000,0;801000,0;801000,0
9481043;1618;2025-10-16 00:00:00;PM LAGAMAR;18.192.260/0001-71;1261;SEE;SECRETARIA DE ESTADO DE EDUCACAO;42;AUXILIOS;1;AUXILIOS;10;RECURSOS ORDINARIOS - RECURSOS NAO VINCULADOS DE IMPOSTOS;641615,06;641615,06;641615,06
9481044;1619;2025-10-16 00:00:00;PM CARMO DO RIO CLARO;18.243.287/0001-46;1261;SEE;SECRETARIA DE ESTADO DE EDUCACAO;42;AUXILIOS;1;AUXILIOS;10;RECURSOS ORDINARIOS - RECURSOS NAO VINCULADOS DE IMPOSTOS;648096,02;648096,02;648096,02
9481046;1620;2025-10-16 00:00:00;PM REDUTO;01.614.977/0001-61;1261;SEE;SECRETARIA DE ESTADO DE EDUCACAO;42;AUXILIOS;1;AUXILIOS;10;RECURSOS ORDINARIOS - RECURSOS NAO VINCULADOS DE IMPOSTOS;630000,0;630000,0;630000,0
9481047;1621;2025-10-16 00:00:00;PM MORRO DO PILAR;18.303.214/0001-00;1261;SEE;SECRETARIA DE ESTADO DE EDUCACAO;42;AUXILIOS;1;AUXILIOS;10;RECURSOS ORDINARIOS - RECURSOS NAO VINCULADOS DE IMPOSTOS;324048,01;324048,01;324048,01
9481070;1622;2025-10-16 00:00:00;PM PORTEIRINHA;18.013.326/0001-19;1261;SEE;SECRETARIA DE ESTADO DE EDUCACAO;42;AUXILIOS;1;AUXILIOS;10;RECURSOS ORDINARIOS - RECURSOS NAO VINCULADOS DE IMPOSTOS;2500000,0;2500000,0;2500000,0
9481071;1623;2025-10-16 00:00:00;PM LUMINARIAS;18.244.301/0001-26;1261;SEE;SECRETARIA DE ESTADO DE EDUCACAO;42;AUXILIOS;1;AUXILIOS;10;RECURSOS ORDINARIOS - RECURSOS NAO VINCULADOS DE IMPOSTOS;1262841,56;1262841,56;1262841,56
9481072;1624;2025-10-16 00:00:00;PM MONSENHOR PAULO;22.541.874/0001-99;1261;SEE;SECRETARIA DE ESTADO DE EDUCACAO;42;AUXILIOS;1;AUXILIOS;10;RECURSOS ORDINARIOS - RECURSOS NAO VINCULADOS DE IMPOSTOS;650000,0;650000,0;650000,0
9481073;1625;2025-10-16 00:00:00;PM TURVOLANDIA;18.712.141/0001-00;1261;SEE;SECRETARIA DE ESTADO DE EDUCACAO;42;AUXILIOS;1;AUXILIOS;10;RECURSOS ORDINARIOS - RECURSOS NAO VINCULADOS DE IMPOSTOS;1128625,1;1128625,1;1128625,1
9481075;1626;2025-10-16 00:00:00;PM ARAPUA;19.942.895/0001-01;1261;SEE;SECRETARIA DE ESTADO DE EDUCACAO;42;AUXILIOS;1;AUXILIOS;10;RECURSOS ORDINARIOS - RECURSOS NAO VINCULADOS DE IMPOSTOS;249953,34;249953,34;249953,34
9481076;1627;2025-10-16 00:00:00;PM CORREGO NOVO;18.334.284/0001-18;1261;SEE;SECRETARIA DE ESTADO DE EDUCACAO;42;AUXILIOS;1;AUXILIOS;10;RECURSOS ORDINARIOS - RECURSOS NAO VINCULADOS DE IMPOSTOS;500000,0;500000,0;500000,0
9481078;1628;2025-10-16 00:00:00;PM FRANCISCO DUMONT;16.885.485/0001-88;1261;SEE;SECRETARIA DE ESTADO DE EDUCACAO;42;AUXILIOS;1;AUXILIOS;10;RECURSOS ORDINARIOS - RECURSOS NAO VINCULADOS DE IMPOSTOS;778841,09;778841,09;778841,09
9481160;5199;2025-10-22 00:00:00;ASSOCIACAO MARIO PENNA;17.513.235/0001-80;4291;FES;FUNDO ESTADUAL DE SAUDE;42;AUXILIOS;1;AUXILIOS;95;RECURSOS RECEBIDOS POR DANOS ADVINDOS DE DESASTRES SOCIOAMBIENTAIS;89375103,21;89375103,21;89375103,21
9481160;5246;2025-11-03 00:00:00;ASSOCIACAO MARIO PENNA;17.513.235/0001-80;4291;FES;FUNDO ESTADUAL DE SAUDE;42;AUXILIOS;1;AUXILIOS;95;RECURSOS RECEBIDOS POR DANOS ADVINDOS DE DESASTRES SOCIOAMBIENTAIS;12305014,32;12305014,32;12305014,32
9481160;6748;2025-12-17 00:00:00;ASSOCIACAO MARIO PENNA;17.513.235/0001-80;4291;FES;FUNDO ESTADUAL DE SAUDE;42;AUXILIOS;1;AUXILIOS;95;RECURSOS RECEBIDOS POR DANOS ADVINDOS DE DESASTRES SOCIOAMBIENTAIS;4456024,04;4456024,04;4456024,04
9481165;441;2025-10-23 00:00:00;PM VIRGOLANDIA;18.409.185/0001-58;1301;SEINFRA;SECRETARIA DE ESTADO DE INFRAESTRUTURA, MOBILIDADE E PARCERIAS;42;AUXILIOS;1;AUXILIOS;15;RECURSOS ORDINARIOS - OUTROS RECURSOS NAO VINCULADOS;800000,0;800000,0;800000,0
9481170;442;2025-10-23 00:00:00;PM FELICIO DOS SANTOS;17.754.201/0001-87;1301;SEINFRA;SECRETARIA DE ESTADO DE INFRAESTRUTURA, MOBILIDADE E PARCERIAS;42;AUXILIOS;1;AUXILIOS;15;RECURSOS ORDINARIOS - OUTROS RECURSOS NAO VINCULADOS;300000,0;300000,0;300000,0
9481183;295;2025-10-28 00:00:00;ASSOCIACAO CRESCENDO COM AMOR;00.971.062/0001-40;1481;SEDESE;SECRETARIA DE ESTADO DE DESENVOLVIMENTO SOCIAL;43;SUBVENCOES SOCIAIS;1;SUBVENCOES SOCIAIS;38;TRANSFERENCIAS DA UNIAO VINCULADAS AO ESPORTE;71357,3;71357,3;71357,3
9481202;500;2025-10-28 00:00:00;PM GLAUCILANDIA;01.612.496/0001-17;1481;SEDESE;SECRETARIA DE ESTADO DE DESENVOLVIMENTO SOCIAL;41;CONTRIBUICOES;1;CONTRIBUICOES;71;RECURSOS DO FUNDO ESTADUAL DE ERRADICACAO DA MISERIA;19194,75;19194,75;19194,75
9481226;1630;2025-10-21 00:00:00;PM SANTA BARBARA DO TUGURIO;18.094.854/0001-40;1261;SEE;SECRETARIA DE ESTADO DE EDUCACAO;42;AUXILIOS;1;AUXILIOS;10;RECURSOS ORDINARIOS - RECURSOS NAO VINCULADOS DE IMPOSTOS;430000,0;430000,0;430000,0
9481227;1631;2025-10-21 00:00:00;PM CONGONHAS DO NORTE;18.303.180/0001-46;1261;SEE;SECRETARIA DE ESTADO DE EDUCACAO;42;AUXILIOS;1;AUXILIOS;10;RECURSOS ORDINARIOS - RECURSOS NAO VINCULADOS DE IMPOSTOS;614745,54;614745,54;614745,54
9481228;1632;2025-10-21 00:00:00;PM DIVINO DAS LARANJEIRAS;18.357.079/0001-78;1261;SEE;SECRETARIA DE ESTADO DE EDUCACAO;42;AUXILIOS;1;AUXILIOS;10;RECURSOS ORDINARIOS - RECURSOS NAO VINCULADOS DE IMPOSTOS;614745,54;614745,54;614745,54
9481229;1633;2025-10-21 00:00:00;PM CASSIA;17.894.049/0001-38;1261;SEE;SECRETARIA DE ESTADO DE EDUCACAO;42;AUXILIOS;1;AUXILIOS;10;RECURSOS ORDINARIOS - RECURSOS NAO VINCULADOS DE IMPOSTOS;324048,01;324048,01;324048,01
9481230;1634;2025-10-21 00:00:00;PM SAO PEDRO DA UNIAO;18.666.172/0001-64;1261;SEE;SECRETARIA DE ESTADO DE EDUCACAO;42;AUXILIOS;1;AUXILIOS;10;RECURSOS ORDINARIOS - RECURSOS NAO VINCULADOS DE IMPOSTOS;324048,01;324048,01;324048,01
9481231;1635;2025-10-21 00:00:00;PM ARAPONGA;18.132.167/0001-71;1261;SEE;SECRETARIA DE ESTADO DE EDUCACAO;42;AUXILIOS;1;AUXILIOS;10;RECURSOS ORDINARIOS - RECURSOS NAO VINCULADOS DE IMPOSTOS;614745,54;614745,54;614745,54
9481232;1636;2025-10-21 00:00:00;PM ASTOLFO DUTRA;17.702.507/0001-90;1261;SEE;SECRETARIA DE ESTADO DE EDUCACAO;42;AUXILIOS;1;AUXILIOS;10;RECURSOS ORDINARIOS - RECURSOS NAO VINCULADOS DE IMPOSTOS;2631731,2;2631731,2;2631731,2
9481233;1637;2025-10-21 00:00:00;PM CARBONITA;21.154.174/0001-89;1261;SEE;SECRETARIA DE ESTADO DE EDUCACAO;42;AUXILIOS;1;AUXILIOS;10;RECURSOS ORDINARIOS - RECURSOS NAO VINCULADOS DE IMPOSTOS;1670015,88;1670015,88;1670015,88
9481234;1638;2025-10-21 00:00:00;PM SAO GONCALO DO ABAETE;18.602.086/0001-98;1261;SEE;SECRETARIA DE ESTADO DE EDUCACAO;42;AUXILIOS;1;AUXILIOS;10;RECURSOS ORDINARIOS - RECURSOS NAO VINCULADOS DE IMPOSTOS;778841,09;778841,09;778841,09
9481235;1639;2025-10-21 00:00:00;PM RIO MANSO;18.363.978/0001-83;1261;SEE;SECRETARIA DE ESTADO DE EDUCACAO;42;AUXILIOS;1;AUXILIOS;10;RECURSOS ORDINARIOS - RECURSOS NAO VINCULADOS DE IMPOSTOS;888360,56;888360,56;888360,56
9481236;1640;2025-10-21 00:00:00;PM SARDOA;18.307.496/0001-06;1261;SEE;SECRETARIA DE ESTADO DE EDUCACAO;42;AUXILIOS;1;AUXILIOS;10;RECURSOS ORDINARIOS - RECURSOS NAO VINCULADOS DE IMPOSTOS;324048,01;324048,01;324048,01
9481237;1641;2025-10-21 00:00:00;PM RESENDE COSTA;17.749.912/0001-63;1261;SEE;SECRETARIA DE ESTADO DE EDUCACAO;42;AUXILIOS;1;AUXILIOS;10;RECURSOS ORDINARIOS - RECURSOS NAO VINCULADOS DE IMPOSTOS;564312,55;564312,55;564312,55
9481238;1642;2025-10-21 00:00:00;PM SAO JOSE DO GOIABAL;18.402.552/0001-91;1261;SEE;SECRETARIA DE ESTADO DE EDUCACAO;42;AUXILIOS;1;AUXILIOS;10;RECURSOS ORDINARIOS - RECURSOS NAO VINCULADOS DE IMPOSTOS;614745,54;614745,54;614745,54
9481239;1643;2025-10-21 00:00:00;PM SAO BRAS DO SUACUI;20.356.754/0001-96;1261;SEE;SECRETARIA DE ESTADO DE EDUCACAO;42;AUXILIOS;1;AUXILIOS;10;RECURSOS ORDINARIOS - RECURSOS NAO VINCULADOS DE IMPOSTOS;324048,01;324048,01;324048,01
9481240;1644;2025-10-21 00:00:00;PM CURVELO;17.695.024/0001-05;1261;SEE;SECRETARIA DE ESTADO DE EDUCACAO;42;AUXILIOS;1;AUXILIOS;10;RECURSOS ORDINARIOS - RECURSOS NAO VINCULADOS DE IMPOSTOS;650000,0;650000,0;650000,0
9481241;1645;2025-10-21 00:00:00;PM IBIRACI;17.894.072/0001-22;1261;SEE;SECRETARIA DE ESTADO DE EDUCACAO;42;AUXILIOS;1;AUXILIOS;10;RECURSOS ORDINARIOS - RECURSOS NAO VINCULADOS DE IMPOSTOS;564312,55;564312,55;564312,55
9481242;1646;2025-10-21 00:00:00;PM BONFIM;18.363.945/0001-33;1261;SEE;SECRETARIA DE ESTADO DE EDUCACAO;42;AUXILIOS;1;AUXILIOS;10;RECURSOS ORDINARIOS - RECURSOS NAO VINCULADOS DE IMPOSTOS;900000,0;900000,0;900000,0
9481243;1647;2025-10-21 00:00:00;PM JACINTO;18.349.910/0001-40;1261;SEE;SECRETARIA DE ESTADO DE EDUCACAO;42;AUXILIOS;1;AUXILIOS;10;RECURSOS ORDINARIOS - RECURSOS NAO VINCULADOS DE IMPOSTOS;427000,0;427000,0;427000,0
9481244;1648;2025-10-21 00:00:00;PM JACINTO;18.349.910/0001-40;1261;SEE;SECRETARIA DE ESTADO DE EDUCACAO;42;AUXILIOS;1;AUXILIOS;10;RECURSOS ORDINARIOS - RECURSOS NAO VINCULADOS DE IMPOSTOS;641615,0;641615,0;641615,0
9481245;1649;2025-10-21 00:00:00;PM BOCAIUVA;18.803.072/0001-32;1261;SEE;SECRETARIA DE ESTADO DE EDUCACAO;42;AUXILIOS;1;AUXILIOS;10;RECURSOS ORDINARIOS - RECURSOS NAO VINCULADOS DE IMPOSTOS;200000,0;200000,0;200000,0
9481246;1650;2025-10-21 00:00:00;PM OURO BRANCO;18.295.329/0001-92;1261;SEE;SECRETARIA DE ESTADO DE EDUCACAO;42;AUXILIOS;1;AUXILIOS;10;RECURSOS ORDINARIOS - RECURSOS NAO VINCULADOS DE IMPOSTOS;564312,55;564312,55;564312,55
9481247;1651;2025-10-21 00:00:00;PM ANTONIO DIAS;16.796.575/0001-00;1261;SEE;SECRETARIA DE ESTADO DE EDUCACAO;42;AUXILIOS;1;AUXILIOS;10;RECURSOS ORDINARIOS - RECURSOS NAO VINCULADOS DE IMPOSTOS;648096,02;648096,02;648096,02
9481249;5715;2025-10-23 00:00:00;INECAP - INSTITUTO NACIONAL DE EDUCACAO, CULTURA E ATIVIDADES PSICOPED;05.852.571/0001-78;1271;SECULT;SECRETARIA DE ESTADO DE CULTURA E TURISMO;41;CONTRIBUICOES;1;CONTRIBUICOES;10;RECURSOS ORDINARIOS - RECURSOS NAO VINCULADOS DE IMPOSTOS;100000,0;100000,0;100000,0
9481250;5712;2025-10-23 00:00:00;ASSOCIACAO DE DESENVOLVIMENTO DO ALTO SAPUCAI;40.566.892/0001-07;1271;SECULT;SECRETARIA DE ESTADO DE CULTURA E TURISMO;41;CONTRIBUICOES;1;CONTRIBUICOES;10;RECURSOS ORDINARIOS - RECURSOS NAO VINCULADOS DE IMPOSTOS;70000,0;70000,0;70000,0
9481250;5713;2025-10-23 00:00:00;ASSOCIACAO DE DESENVOLVIMENTO DO ALTO SAPUCAI;40.566.892/0001-07;1271;SECULT;SECRETARIA DE ESTADO DE CULTURA E TURISMO;41;CONTRIBUICOES;1;CONTRIBUICOES;10;RECURSOS ORDINARIOS - RECURSOS NAO VINCULADOS DE IMPOSTOS;15000,0;15000,0;15000,0
9481250;5714;2025-10-23 00:00:00;ASSOCIACAO DE DESENVOLVIMENTO DO ALTO SAPUCAI;40.566.892/0001-07;1271;SECULT;SECRETARIA DE ESTADO DE CULTURA E TURISMO;42;AUXILIOS;1;AUXILIOS;10;RECURSOS ORDINARIOS - RECURSOS NAO VINCULADOS DE IMPOSTOS;15000,0;15000,0;15000,0
9481275;607;2025-10-28 00:00:00;APAE;19.177.005/0001-12;1481;SEDESE;SECRETARIA DE ESTADO DE DESENVOLVIMENTO SOCIAL;42;AUXILIOS;1;AUXILIOS;10;RECURSOS ORDINARIOS - RECURSOS NAO VINCULADOS DE IMPOSTOS;100000,0;100000,0;100000,0
9481298;3805;2025-10-21 00:00:00;PM BOM JESUS DO GALHO;18.334.276/0001-71;1491;SEGOV;SECRETARIA DE ESTADO DE GOVERNO;42;AUXILIOS;1;AUXILIOS;10;RECURSOS ORDINARIOS - RECURSOS NAO VINCULADOS DE IMPOSTOS;73410,47;73410,47;73410,47
9481299;147;2025-10-21 00:00:00;INSTITUTO CABECA FEITA;30.461.488/0001-15;1491;SEGOV;SECRETARIA DE ESTADO DE GOVERNO;42;AUXILIOS;1;AUXILIOS;10;RECURSOS ORDINARIOS - RECURSOS NAO VINCULADOS DE IMPOSTOS;104278,35;104278,35;104278,35
9481301;1811;2025-10-31 00:00:00;PM FREI GASPAR;18.404.913/0001-39;1261;SEE;SECRETARIA DE ESTADO DE EDUCACAO;42;AUXILIOS;1;AUXILIOS;21;COTA ESTADUAL DO SALARIO EDUCACAO - QESE;360000,0;360000,0;360000,0
9481317;1677;2025-10-22 00:00:00;PM OURO PRETO;18.295.295/0001-36;1261;SEE;SECRETARIA DE ESTADO DE EDUCACAO;42;AUXILIOS;1;AUXILIOS;10;RECURSOS ORDINARIOS - RECURSOS NAO VINCULADOS DE IMPOSTOS;0,0;0,0;0,0
9481317;1766;2025-10-30 00:00:00;PM OURO PRETO;18.295.295/0001-36;1261;SEE;SECRETARIA DE ESTADO DE EDUCACAO;42;AUXILIOS;1;AUXILIOS;10;RECURSOS ORDINARIOS - RECURSOS NAO VINCULADOS DE IMPOSTOS;1100000,0;1100000,0;1100000,0
9481318;1678;2025-10-22 00:00:00;PM CAMPANARIO;18.404.905/0001-92;1261;SEE;SECRETARIA DE ESTADO DE EDUCACAO;42;AUXILIOS;1;AUXILIOS;10;RECURSOS ORDINARIOS - RECURSOS NAO VINCULADOS DE IMPOSTOS;0,0;0,0;0,0
9481318;1767;2025-10-30 00:00:00;PM CAMPANARIO;18.404.905/0001-92;1261;SEE;SECRETARIA DE ESTADO DE EDUCACAO;42;AUXILIOS;1;AUXILIOS;10;RECURSOS ORDINARIOS - RECURSOS NAO VINCULADOS DE IMPOSTOS;324048,01;324048,01;324048,01
9481320;1679;2025-10-22 00:00:00;PM TOMBOS;18.114.223/0001-45;1261;SEE;SECRETARIA DE ESTADO DE EDUCACAO;42;AUXILIOS;1;AUXILIOS;10;RECURSOS ORDINARIOS - RECURSOS NAO VINCULADOS DE IMPOSTOS;0,0;0,0;0,0
9481320;1768;2025-10-30 00:00:00;PM TOMBOS;18.114.223/0001-45;1261;SEE;SECRETARIA DE ESTADO DE EDUCACAO;42;AUXILIOS;1;AUXILIOS;10;RECURSOS ORDINARIOS - RECURSOS NAO VINCULADOS DE IMPOSTOS;1860504,59;1860504,59;1860504,59
9481321;1680;2025-10-22 00:00:00;PM NINHEIRA;01.612.495/0001-72;1261;SEE;SECRETARIA DE ESTADO DE EDUCACAO;42;AUXILIOS;1;AUXILIOS;10;RECURSOS ORDINARIOS - RECURSOS NAO VINCULADOS DE IMPOSTOS;0,0;0,0;0,0
9481321;1769;2025-10-30 00:00:00;PM NINHEIRA;01.612.495/0001-72;1261;SEE;SECRETARIA DE ESTADO DE EDUCACAO;42;AUXILIOS;1;AUXILIOS;10;RECURSOS ORDINARIOS - RECURSOS NAO VINCULADOS DE IMPOSTOS;324048,01;324048,01;324048,01
9481322;1681;2025-10-22 00:00:00;PM TRES MARIAS;17.695.008/0001-12;1261;SEE;SECRETARIA DE ESTADO DE EDUCACAO;42;AUXILIOS;1;AUXILIOS;10;RECURSOS ORDINARIOS - RECURSOS NAO VINCULADOS DE IMPOSTOS;0,0;0,0;0,0
9481322;1770;2025-10-30 00:00:00;PM TRES MARIAS;17.695.008/0001-12;1261;SEE;SECRETARIA DE ESTADO DE EDUCACAO;42;AUXILIOS;1;AUXILIOS;10;RECURSOS ORDINARIOS - RECURSOS NAO VINCULADOS DE IMPOSTOS;1160959,93;1160959,93;1160959,93
9481323;1682;2025-10-22 00:00:00;PM SAO JOSE DO MANTIMENTO;18.392.514/0001-03;1261;SEE;SECRETARIA DE ESTADO DE EDUCACAO;42;AUXILIOS;1;AUXILIOS;10;RECURSOS ORDINARIOS - RECURSOS NAO VINCULADOS DE IMPOSTOS;0,0;0,0;0,0
9481323;1771;2025-10-30 00:00:00;PM SAO JOSE DO MANTIMENTO;18.392.514/0001-03;1261;SEE;SECRETARIA DE ESTADO DE EDUCACAO;42;AUXILIOS;1;AUXILIOS;10;RECURSOS ORDINARIOS - RECURSOS NAO VINCULADOS DE IMPOSTOS;1128625,1;1128625,1;1128625,1
9481324;1683;2025-10-22 00:00:00;PM ESTRELA DALVA;17.710.096/0001-84;1261;SEE;SECRETARIA DE ESTADO DE EDUCACAO;42;AUXILIOS;1;AUXILIOS;10;RECURSOS ORDINARIOS - RECURSOS NAO VINCULADOS DE IMPOSTOS;0,0;0,0;0,0
9481324;1772;2025-10-30 00:00:00;PM ESTRELA DALVA;17.710.096/0001-84;1261;SEE;SECRETARIA DE ESTADO DE EDUCACAO;42;AUXILIOS;1;AUXILIOS;10;RECURSOS ORDINARIOS - RECURSOS NAO VINCULADOS DE IMPOSTOS;972144,03;972144,03;972144,03
9481325;1684;2025-10-22 00:00:00;PM RIO ESPERA;24.179.665/0001-72;1261;SEE;SECRETARIA DE ESTADO DE EDUCACAO;42;AUXILIOS;1;AUXILIOS;10;RECURSOS ORDINARIOS - RECURSOS NAO VINCULADOS DE IMPOSTOS;0,0;0,0;0,0
9481325;1773;2025-10-30 00:00:00;PM RIO ESPERA;24.179.665/0001-72;1261;SEE;SECRETARIA DE ESTADO DE EDUCACAO;42;AUXILIOS;1;AUXILIOS;10;RECURSOS ORDINARIOS - RECURSOS NAO VINCULADOS DE IMPOSTOS;648096,02;648096,02;648096,02
9481326;1685;2025-10-22 00:00:00;PM JENIPAPO DE MINAS;01.613.376/0001-34;1261;SEE;SECRETARIA DE ESTADO DE EDUCACAO;42;AUXILIOS;1;AUXILIOS;10;RECURSOS ORDINARIOS - RECURSOS NAO VINCULADOS DE IMPOSTOS;0,0;0,0;0,0
9481326;1774;2025-10-30 00:00:00;PM JENIPAPO DE MINAS;01.613.376/0001-34;1261;SEE;SECRETARIA DE ESTADO DE EDUCACAO;42;AUXILIOS;1;AUXILIOS;10;RECURSOS ORDINARIOS - RECURSOS NAO VINCULADOS DE IMPOSTOS;324048,01;324048,01;324048,01
9481327;1686;2025-10-22 00:00:00;PM DATAS;17.754.193/0001-79;1261;SEE;SECRETARIA DE ESTADO DE EDUCACAO;42;AUXILIOS;1;AUXILIOS;10;RECURSOS ORDINARIOS - RECURSOS NAO VINCULADOS DE IMPOSTOS;0,0;0,0;0,0
9481327;1775;2025-10-30 00:00:00;PM DATAS;17.754.193/0001-79;1261;SEE;SECRETARIA DE ESTADO DE EDUCACAO;42;AUXILIOS;1;AUXILIOS;10;RECURSOS ORDINARIOS - RECURSOS NAO VINCULADOS DE IMPOSTOS;324048,01;324048,01;324048,01
9481328;1687;2025-10-22 00:00:00;PM IBIAI;16.899.700/0001-08;1261;SEE;SECRETARIA DE ESTADO DE EDUCACAO;42;AUXILIOS;1;AUXILIOS;10;RECURSOS ORDINARIOS - RECURSOS NAO VINCULADOS DE IMPOSTOS;0,0;0,0;0,0
9481328;1776;2025-10-30 00:00:00;PM IBIAI;16.899.700/0001-08;1261;SEE;SECRETARIA DE ESTADO DE EDUCACAO;42;AUXILIOS;1;AUXILIOS;10;RECURSOS ORDINARIOS - RECURSOS NAO VINCULADOS DE IMPOSTOS;648096,02;648096,02;648096,02
9481336;1688;2025-10-22 00:00:00;PM SANTA RITA DO IBITIPOCA;18.094.862/0001-96;1261;SEE;SECRETARIA DE ESTADO DE EDUCACAO;42;AUXILIOS;1;AUXILIOS;10;RECURSOS ORDINARIOS - RECURSOS NAO VINCULADOS DE IMPOSTOS;0,0;0,0;0,0
9481336;1777;2025-10-30 00:00:00;PM SANTA RITA DO IBITIPOCA;18.094.862/0001-96;1261;SEE;SECRETARIA DE ESTADO DE EDUCACAO;42;AUXILIOS;1;AUXILIOS;10;RECURSOS ORDINARIOS - RECURSOS NAO VINCULADOS DE IMPOSTOS;1029202,08;1029202,08;1029202,08
9481337;1689;2025-10-22 00:00:00;PM JOAQUIM FELICIO;17.694.878/0001-77;1261;SEE;SECRETARIA DE ESTADO DE EDUCACAO;42;AUXILIOS;1;AUXILIOS;10;RECURSOS ORDINARIOS - RECURSOS NAO VINCULADOS DE IMPOSTOS;0,0;0,0;0,0
9481337;1778;2025-10-30 00:00:00;PM JOAQUIM FELICIO;17.694.878/0001-77;1261;SEE;SECRETARIA DE ESTADO DE EDUCACAO;42;AUXILIOS;1;AUXILIOS;10;RECURSOS ORDINARIOS - RECURSOS NAO VINCULADOS DE IMPOSTOS;1212408,57;1212408,57;1212408,57
9481342;1690;2025-10-22 00:00:00;PM LAGOA DOURADA;18.557.595/0001-46;1261;SEE;SECRETARIA DE ESTADO DE EDUCACAO;42;AUXILIOS;1;AUXILIOS;10;RECURSOS ORDINARIOS - RECURSOS NAO VINCULADOS DE IMPOSTOS;0,0;0,0;0,0
9481342;1779;2025-10-30 00:00:00;PM LAGOA DOURADA;18.557.595/0001-46;1261;SEE;SECRETARIA DE ESTADO DE EDUCACAO;42;AUXILIOS;1;AUXILIOS;10;RECURSOS ORDINARIOS - RECURSOS NAO VINCULADOS DE IMPOSTOS;974048,01;974048,01;974048,01
9481344;1696;2025-10-23 00:00:00;PM NAZARENO;18.557.561/0001-51;1261;SEE;SECRETARIA DE ESTADO DE EDUCACAO;42;AUXILIOS;1;AUXILIOS;10;RECURSOS ORDINARIOS - RECURSOS NAO VINCULADOS DE IMPOSTOS;0,0;0,0;0,0
9481344;1780;2025-10-30 00:00:00;PM NAZARENO;18.557.561/0001-51;1261;SEE;SECRETARIA DE ESTADO DE EDUCACAO;42;AUXILIOS;1;AUXILIOS;10;RECURSOS ORDINARIOS - RECURSOS NAO VINCULADOS DE IMPOSTOS;1128625,1;1128625,1;1128625,1
9481345;1697;2025-10-23 00:00:00;PM OURO VERDE DE MINAS;18.404.947/0001-23;1261;SEE;SECRETARIA DE ESTADO DE EDUCACAO;42;AUXILIOS;1;AUXILIOS;10;RECURSOS ORDINARIOS - RECURSOS NAO VINCULADOS DE IMPOSTOS;0,0;0,0;0,0
9481345;1781;2025-10-30 00:00:00;PM OURO VERDE DE MINAS;18.404.947/0001-23;1261;SEE;SECRETARIA DE ESTADO DE EDUCACAO;42;AUXILIOS;1;AUXILIOS;10;RECURSOS ORDINARIOS - RECURSOS NAO VINCULADOS DE IMPOSTOS;648096,02;648096,02;648096,02
9481347;1698;2025-10-23 00:00:00;PM JACUI;18.186.056/0001-48;1261;SEE;SECRETARIA DE ESTADO DE EDUCACAO;42;AUXILIOS;1;AUXILIOS;10;RECURSOS ORDINARIOS - RECURSOS NAO VINCULADOS DE IMPOSTOS;0,0;0,0;0,0
9481347;1782;2025-10-30 00:00:00;PM JACUI;18.186.056/0001-48;1261;SEE;SECRETARIA DE ESTADO DE EDUCACAO;42;AUXILIOS;1;AUXILIOS;10;RECURSOS ORDINARIOS - RECURSOS NAO VINCULADOS DE IMPOSTOS;648096,02;648096,02;648096,02
9481348;1699;2025-10-23 00:00:00;PM SAO SEBASTIAO DO RIO PRETO;18.303.263/0001-35;1261;SEE;SECRETARIA DE ESTADO DE EDUCACAO;42;AUXILIOS;1;AUXILIOS;10;RECURSOS ORDINARIOS - RECURSOS NAO VINCULADOS DE IMPOSTOS;0,0;0,0;0,0
9481348;1783;2025-10-30 00:00:00;PM SAO SEBASTIAO DO RIO PRETO;18.303.263/0001-35;1261;SEE;SECRETARIA DE ESTADO DE EDUCACAO;42;AUXILIOS;1;AUXILIOS;10;RECURSOS ORDINARIOS - RECURSOS NAO VINCULADOS DE IMPOSTOS;564312,55;564312,55;564312,55
9481351;1712;2025-10-23 00:00:00;PM SANTA EFIGENIA DE MINAS;18.307.462/0001-11;1261;SEE;SECRETARIA DE ESTADO DE EDUCACAO;42;AUXILIOS;1;AUXILIOS;10;RECURSOS ORDINARIOS - RECURSOS NAO VINCULADOS DE IMPOSTOS;0,0;0,0;0,0
9481351;1796;2025-10-30 00:00:00;PM SANTA EFIGENIA DE MINAS;18.307.462/0001-11;1261;SEE;SECRETARIA DE ESTADO DE EDUCACAO;42;AUXILIOS;1;AUXILIOS;10;RECURSOS ORDINARIOS - RECURSOS NAO VINCULADOS DE IMPOSTOS;100000,0;100000,0;100000,0
9481355;1700;2025-10-23 00:00:00;PM VARGEM GRANDE DO RIO PARDO;01.612.885/0001-42;1261;SEE;SECRETARIA DE ESTADO DE EDUCACAO;42;AUXILIOS;1;AUXILIOS;10;RECURSOS ORDINARIOS - RECURSOS NAO VINCULADOS DE IMPOSTOS;0,0;0,0;0,0
9481355;1784;2025-10-30 00:00:00;PM VARGEM GRANDE DO RIO PARDO;01.612.885/0001-42;1261;SEE;SECRETARIA DE ESTADO DE EDUCACAO;42;AUXILIOS;1;AUXILIOS;10;RECURSOS ORDINARIOS - RECURSOS NAO VINCULADOS DE IMPOSTOS;1021919,86;1021919,86;1021919,86
9481356;1660;2025-10-22 00:00:00;PM GUIRICEMA;18.137.943/0001-26;1261;SEE;SECRETARIA DE ESTADO DE EDUCACAO;42;AUXILIOS;1;AUXILIOS;10;RECURSOS ORDINARIOS - RECURSOS NAO VINCULADOS DE IMPOSTOS;0,0;0,0;0,0
9481356;1749;2025-10-30 00:00:00;PM GUIRICEMA;18.137.943/0001-26;1261;SEE;SECRETARIA DE ESTADO DE EDUCACAO;42;AUXILIOS;1;AUXILIOS;10;RECURSOS ORDINARIOS - RECURSOS NAO VINCULADOS DE IMPOSTOS;1692937,65;1692937,65;1692937,65
9481357;1715;2025-10-24 00:00:00;PM NEPOMUCENO;18.244.350/0001-69;1261;SEE;SECRETARIA DE ESTADO DE EDUCACAO;42;AUXILIOS;1;AUXILIOS;10;RECURSOS ORDINARIOS - RECURSOS NAO VINCULADOS DE IMPOSTOS;260660,0;260660,0;260660,0
9481358;1701;2025-10-23 00:00:00;PM LAGOA DA PRATA;18.318.618/0001-60;1261;SEE;SECRETARIA DE ESTADO DE EDUCACAO;42;AUXILIOS;1;AUXILIOS;10;RECURSOS ORDINARIOS - RECURSOS NAO VINCULADOS DE IMPOSTOS;0,0;0,0;0,0
9481358;1785;2025-10-30 00:00:00;PM LAGOA DA PRATA;18.318.618/0001-60;1261;SEE;SECRETARIA DE ESTADO DE EDUCACAO;42;AUXILIOS;1;AUXILIOS;10;RECURSOS ORDINARIOS - RECURSOS NAO VINCULADOS DE IMPOSTOS;520000,0;520000,0;520000,0
9481359;1661;2025-10-22 00:00:00;PM COMENDADOR GOMES;18.449.173/0001-57;1261;SEE;SECRETARIA DE ESTADO DE EDUCACAO;42;AUXILIOS;1;AUXILIOS;10;RECURSOS ORDINARIOS - RECURSOS NAO VINCULADOS DE IMPOSTOS;0,0;0,0;0,0
9481359;1750;2025-10-30 00:00:00;PM COMENDADOR GOMES;18.449.173/0001-57;1261;SEE;SECRETARIA DE ESTADO DE EDUCACAO;42;AUXILIOS;1;AUXILIOS;10;RECURSOS ORDINARIOS - RECURSOS NAO VINCULADOS DE IMPOSTOS;324048,01;324048,01;324048,01
9481360;1662;2025-10-22 00:00:00;PM SENADOR AMARAL;41.778.556/0001-90;1261;SEE;SECRETARIA DE ESTADO DE EDUCACAO;42;AUXILIOS;1;AUXILIOS;10;RECURSOS ORDINARIOS - RECURSOS NAO VINCULADOS DE IMPOSTOS;0,0;0,0;0,0
9481360;1751;2025-10-30 00:00:00;PM SENADOR AMARAL;41.778.556/0001-90;1261;SEE;SECRETARIA DE ESTADO DE EDUCACAO;42;AUXILIOS;1;AUXILIOS;10;RECURSOS ORDINARIOS - RECURSOS NAO VINCULADOS DE IMPOSTOS;324048,01;324048,01;324048,01
9481362;1702;2025-10-23 00:00:00;PM PATIS;01.612.478/0001-35;1261;SEE;SECRETARIA DE ESTADO DE EDUCACAO;42;AUXILIOS;1;AUXILIOS;10;RECURSOS ORDINARIOS - RECURSOS NAO VINCULADOS DE IMPOSTOS;0,0;0,0;0,0
9481362;1786;2025-10-30 00:00:00;PM PATIS;01.612.478/0001-35;1261;SEE;SECRETARIA DE ESTADO DE EDUCACAO;42;AUXILIOS;1;AUXILIOS;10;RECURSOS ORDINARIOS - RECURSOS NAO VINCULADOS DE IMPOSTOS;200000,0;200000,0;200000,0
9481363;1703;2025-10-23 00:00:00;PM BOTUMIRIM;18.017.418/0001-77;1261;SEE;SECRETARIA DE ESTADO DE EDUCACAO;42;AUXILIOS;1;AUXILIOS;10;RECURSOS ORDINARIOS - RECURSOS NAO VINCULADOS DE IMPOSTOS;0,0;0,0;0,0
9481363;1787;2025-10-30 00:00:00;PM BOTUMIRIM;18.017.418/0001-77;1261;SEE;SECRETARIA DE ESTADO DE EDUCACAO;42;AUXILIOS;1;AUXILIOS;10;RECURSOS ORDINARIOS - RECURSOS NAO VINCULADOS DE IMPOSTOS;200000,0;200000,0;200000,0
9481364;1664;2025-10-22 00:00:00;PM MARILAC;18.409.193/0001-02;1261;SEE;SECRETARIA DE ESTADO DE EDUCACAO;42;AUXILIOS;1;AUXILIOS;10;RECURSOS ORDINARIOS - RECURSOS NAO VINCULADOS DE IMPOSTOS;0,0;0,0;0,0
9481364;1753;2025-10-30 00:00:00;PM MARILAC;18.409.193/0001-02;1261;SEE;SECRETARIA DE ESTADO DE EDUCACAO;42;AUXILIOS;1;AUXILIOS;10;RECURSOS ORDINARIOS - RECURSOS NAO VINCULADOS DE IMPOSTOS;500000,0;500000,0;500000,0
9481365;1798;2025-10-31 00:00:00;PM VARZEA DA PALMA;18.279.059/0001-26;1261;SEE;SECRETARIA DE ESTADO DE EDUCACAO;42;AUXILIOS;1;AUXILIOS;21;COTA ESTADUAL DO SALARIO EDUCACAO - QESE;1743370,64;1743370,64;1743370,64
9481366;1663;2025-10-22 00:00:00;PM PONTO DOS VOLANTES;01.613.377/0001-89;1261;SEE;SECRETARIA DE ESTADO DE EDUCACAO;42;AUXILIOS;1;AUXILIOS;10;RECURSOS ORDINARIOS - RECURSOS NAO VINCULADOS DE IMPOSTOS;0,0;0,0;0,0
9481366;1752;2025-10-30 00:00:00;PM PONTO DOS VOLANTES;01.613.377/0001-89;1261;SEE;SECRETARIA DE ESTADO DE EDUCACAO;42;AUXILIOS;1;AUXILIOS;10;RECURSOS ORDINARIOS - RECURSOS NAO VINCULADOS DE IMPOSTOS;1300000,0;1300000,0;1300000,0
9481367;1799;2025-10-31 00:00:00;PM PORTO FIRME;18.567.354/0001-88;1261;SEE;SECRETARIA DE ESTADO DE EDUCACAO;42;AUXILIOS;1;AUXILIOS;21;COTA ESTADUAL DO SALARIO EDUCACAO - QESE;1159055,95;1159055,95;1159055,95
9481369;1800;2025-10-31 00:00:00;PM VERISSIMO;18.428.946/0001-19;1261;SEE;SECRETARIA DE ESTADO DE EDUCACAO;42;AUXILIOS;1;AUXILIOS;21;COTA ESTADUAL DO SALARIO EDUCACAO - QESE;778841,09;778841,09;778841,09
9481370;1801;2025-10-31 00:00:00;PM DELTA;01.020.881/0001-75;1261;SEE;SECRETARIA DE ESTADO DE EDUCACAO;42;AUXILIOS;1;AUXILIOS;21;COTA ESTADUAL DO SALARIO EDUCACAO - QESE;1212408,57;1212408,57;1212408,57
9481371;1802;2025-10-31 00:00:00;PM PEDRA DOURADA;18.114.215/0001-07;1261;SEE;SECRETARIA DE ESTADO DE EDUCACAO;42;AUXILIOS;1;AUXILIOS;21;COTA ESTADUAL DO SALARIO EDUCACAO - QESE;888360,56;888360,56;888360,56
9481372;1704;2025-10-23 00:00:00;PM PAULISTAS;18.307.447/0001-73;1261;SEE;SECRETARIA DE ESTADO DE EDUCACAO;42;AUXILIOS;1;AUXILIOS;10;RECURSOS ORDINARIOS - RECURSOS NAO VINCULADOS DE IMPOSTOS;0,0;0,0;0,0
9481372;1788;2025-10-30 00:00:00;PM PAULISTAS;18.307.447/0001-73;1261;SEE;SECRETARIA DE ESTADO DE EDUCACAO;42;AUXILIOS;1;AUXILIOS;10;RECURSOS ORDINARIOS - RECURSOS NAO VINCULADOS DE IMPOSTOS;324048,01;324048,01;324048,01
9481373;1665;2025-10-22 00:00:00;PM CRISTIANO OTONI;19.718.402/0001-54;1261;SEE;SECRETARIA DE ESTADO DE EDUCACAO;42;AUXILIOS;1;AUXILIOS;10;RECURSOS ORDINARIOS - RECURSOS NAO VINCULADOS DE IMPOSTOS;0,0;0,0;0,0
9481373;1754;2025-10-30 00:00:00;PM CRISTIANO OTONI;19.718.402/0001-54;1261;SEE;SECRETARIA DE ESTADO DE EDUCACAO;42;AUXILIOS;1;AUXILIOS;10;RECURSOS ORDINARIOS - RECURSOS NAO VINCULADOS DE IMPOSTOS;564312,55;564312,55;564312,55
9481374;1666;2025-10-22 00:00:00;PM CORREGO DO BOM JESUS;18.677.633/0001-02;1261;SEE;SECRETARIA DE ESTADO DE EDUCACAO;42;AUXILIOS;1;AUXILIOS;10;RECURSOS ORDINARIOS - RECURSOS NAO VINCULADOS DE IMPOSTOS;0,0;0,0;0,0
9481374;1755;2025-10-30 00:00:00;PM CORREGO DO BOM JESUS;18.677.633/0001-02;1261;SEE;SECRETARIA DE ESTADO DE EDUCACAO;42;AUXILIOS;1;AUXILIOS;10;RECURSOS ORDINARIOS - RECURSOS NAO VINCULADOS DE IMPOSTOS;564312,55;564312,55;564312,55
9481375;1705;2025-10-23 00:00:00;PM JOSE GONCALVES DE MINAS;01.613.372/0001-56;1261;SEE;SECRETARIA DE ESTADO DE EDUCACAO;42;AUXILIOS;1;AUXILIOS;10;RECURSOS ORDINARIOS - RECURSOS NAO VINCULADOS DE IMPOSTOS;0,0;0,0;0,0
9481375;1789;2025-10-30 00:00:00;PM JOSE GONCALVES DE MINAS;01.613.372/0001-56;1261;SEE;SECRETARIA DE ESTADO DE EDUCACAO;42;AUXILIOS;1;AUXILIOS;10;RECURSOS ORDINARIOS - RECURSOS NAO VINCULADOS DE IMPOSTOS;324048,01;324048,01;324048,01
9481376;1706;2025-10-23 00:00:00;PM SANTO ANTONIO DO AMPARO;18.244.335/0001-10;1261;SEE;SECRETARIA DE ESTADO DE EDUCACAO;42;AUXILIOS;1;AUXILIOS;10;RECURSOS ORDINARIOS - RECURSOS NAO VINCULADOS DE IMPOSTOS;0,0;0,0;0,0
9481376;1790;2025-10-30 00:00:00;PM SANTO ANTONIO DO AMPARO;18.244.335/0001-10;1261;SEE;SECRETARIA DE ESTADO DE EDUCACAO;42;AUXILIOS;1;AUXILIOS;10;RECURSOS ORDINARIOS - RECURSOS NAO VINCULADOS DE IMPOSTOS;324048,01;324048,01;324048,01
9481377;1707;2025-10-23 00:00:00;PM PADRE PARAISO;18.404.764/0001-08;1261;SEE;SECRETARIA DE ESTADO DE EDUCACAO;42;AUXILIOS;1;AUXILIOS;10;RECURSOS ORDINARIOS - RECURSOS NAO VINCULADOS DE IMPOSTOS;0,0;0,0;0,0
9481377;1791;2025-10-30 00:00:00;PM PADRE PARAISO;18.404.764/0001-08;1261;SEE;SECRETARIA DE ESTADO DE EDUCACAO;42;AUXILIOS;1;AUXILIOS;10;RECURSOS ORDINARIOS - RECURSOS NAO VINCULADOS DE IMPOSTOS;324048,01;324048,01;324048,01
9481379;1708;2025-10-23 00:00:00;PM CAMPOS ALTOS;18.298.190/0001-30;1261;SEE;SECRETARIA DE ESTADO DE EDUCACAO;42;AUXILIOS;1;AUXILIOS;10;RECURSOS ORDINARIOS - RECURSOS NAO VINCULADOS DE IMPOSTOS;0,0;0,0;0,0
9481379;1792;2025-10-30 00:00:00;PM CAMPOS ALTOS;18.298.190/0001-30;1261;SEE;SECRETARIA DE ESTADO DE EDUCACAO;42;AUXILIOS;1;AUXILIOS;10;RECURSOS ORDINARIOS - RECURSOS NAO VINCULADOS DE IMPOSTOS;199907,53;199907,53;199907,53
9481381;1803;2025-10-31 00:00:00;PM TUPACIGUARA;18.260.489/0001-04;1261;SEE;SECRETARIA DE ESTADO DE EDUCACAO;42;AUXILIOS;1;AUXILIOS;21;COTA ESTADUAL DO SALARIO EDUCACAO - QESE;648096,02;648096,02;648096,02
9481382;1804;2025-10-31 00:00:00;PM LARANJAL;17.947.615/0001-22;1261;SEE;SECRETARIA DE ESTADO DE EDUCACAO;42;AUXILIOS;1;AUXILIOS;21;COTA ESTADUAL DO SALARIO EDUCACAO - QESE;1658793,55;1658793,55;1658793,55
9481383;1668;2025-10-22 00:00:00;PM JAMPRUCA;66.230.384/0001-47;1261;SEE;SECRETARIA DE ESTADO DE EDUCACAO;42;AUXILIOS;1;AUXILIOS;10;RECURSOS ORDINARIOS - RECURSOS NAO VINCULADOS DE IMPOSTOS;0,0;0,0;0,0
9481383;1757;2025-10-30 00:00:00;PM JAMPRUCA;66.230.384/0001-47;1261;SEE;SECRETARIA DE ESTADO DE EDUCACAO;42;AUXILIOS;1;AUXILIOS;10;RECURSOS ORDINARIOS - RECURSOS NAO VINCULADOS DE IMPOSTOS;324048,01;324048,01;324048,01
9481384;1667;2025-10-22 00:00:00;PM NOVO ORIENTE DE MINAS;01.613.373/0001-09;1261;SEE;SECRETARIA DE ESTADO DE EDUCACAO;42;AUXILIOS;1;AUXILIOS;10;RECURSOS ORDINARIOS - RECURSOS NAO VINCULADOS DE IMPOSTOS;0,0;0,0;0,0
9481384;1756;2025-10-30 00:00:00;PM NOVO ORIENTE DE MINAS;01.613.373/0001-09;1261;SEE;SECRETARIA DE ESTADO DE EDUCACAO;42;AUXILIOS;1;AUXILIOS;10;RECURSOS ORDINARIOS - RECURSOS NAO VINCULADOS DE IMPOSTOS;1128625,1;1128625,1;1128625,1
9481385;1805;2025-10-31 00:00:00;PM DOURADOQUARA;18.158.261/0001-08;1261;SEE;SECRETARIA DE ESTADO DE EDUCACAO;42;AUXILIOS;1;AUXILIOS;21;COTA ESTADUAL DO SALARIO EDUCACAO - QESE;614745,54;614745,54;614745,54
9481387;1806;2025-10-31 00:00:00;PM ITUMIRIM;18.244.392/0001-08;1261;SEE;SECRETARIA DE ESTADO DE EDUCACAO;42;AUXILIOS;1;AUXILIOS;21;COTA ESTADUAL DO SALARIO EDUCACAO - QESE;888360,56;888360,56;888360,56
9481388;1709;2025-10-23 00:00:00;PM SIMAO PEREIRA;18.338.293/0001-87;1261;SEE;SECRETARIA DE ESTADO DE EDUCACAO;42;AUXILIOS;1;AUXILIOS;10;RECURSOS ORDINARIOS - RECURSOS NAO VINCULADOS DE IMPOSTOS;0,0;0,0;0,0
9481388;1793;2025-10-30 00:00:00;PM SIMAO PEREIRA;18.338.293/0001-87;1261;SEE;SECRETARIA DE ESTADO DE EDUCACAO;42;AUXILIOS;1;AUXILIOS;10;RECURSOS ORDINARIOS - RECURSOS NAO VINCULADOS DE IMPOSTOS;324048,01;324048,01;324048,01
9481389;1710;2025-10-23 00:00:00;PM SANTA BARBARA DO MONTE VERDE;01.611.138/0001-90;1261;SEE;SECRETARIA DE ESTADO DE EDUCACAO;42;AUXILIOS;1;AUXILIOS;10;RECURSOS ORDINARIOS - RECURSOS NAO VINCULADOS DE IMPOSTOS;0,0;0,0;0,0
9481389;1794;2025-10-30 00:00:00;PM SANTA BARBARA DO MONTE VERDE;01.611.138/0001-90;1261;SEE;SECRETARIA DE ESTADO DE EDUCACAO;42;AUXILIOS;1;AUXILIOS;10;RECURSOS ORDINARIOS - RECURSOS NAO VINCULADOS DE IMPOSTOS;199941,98;199941,98;199941,98
9481390;1672;2025-10-22 00:00:00;PM ITAMARATI DE MINAS;17.706.813/0001-02;1261;SEE;SECRETARIA DE ESTADO DE EDUCACAO;42;AUXILIOS;1;AUXILIOS;10;RECURSOS ORDINARIOS - RECURSOS NAO VINCULADOS DE IMPOSTOS;0,0;0,0;0,0
9481390;1761;2025-10-30 00:00:00;PM ITAMARATI DE MINAS;17.706.813/0001-02;1261;SEE;SECRETARIA DE ESTADO DE EDUCACAO;42;AUXILIOS;1;AUXILIOS;10;RECURSOS ORDINARIOS - RECURSOS NAO VINCULADOS DE IMPOSTOS;324048,01;324048,01;324048,01
9481391;1671;2025-10-22 00:00:00;PM ITAPEVA;18.677.625/0001-58;1261;SEE;SECRETARIA DE ESTADO DE EDUCACAO;42;AUXILIOS;1;AUXILIOS;10;RECURSOS ORDINARIOS - RECURSOS NAO VINCULADOS DE IMPOSTOS;0,0;0,0;0,0
9481391;1760;2025-10-30 00:00:00;PM ITAPEVA;18.677.625/0001-58;1261;SEE;SECRETARIA DE ESTADO DE EDUCACAO;42;AUXILIOS;1;AUXILIOS;10;RECURSOS ORDINARIOS - RECURSOS NAO VINCULADOS DE IMPOSTOS;1300000,0;1300000,0;1300000,0
9481392;1711;2025-10-23 00:00:00;PM RIO NOVO;18.338.244/0001-44;1261;SEE;SECRETARIA DE ESTADO DE EDUCACAO;42;AUXILIOS;1;AUXILIOS;10;RECURSOS ORDINARIOS - RECURSOS NAO VINCULADOS DE IMPOSTOS;0,0;0,0;0,0
9481392;1795;2025-10-30 00:00:00;PM RIO NOVO;18.338.244/0001-44;1261;SEE;SECRETARIA DE ESTADO DE EDUCACAO;42;AUXILIOS;1;AUXILIOS;10;RECURSOS ORDINARIOS - RECURSOS NAO VINCULADOS DE IMPOSTOS;160000,0;160000,0;160000,0
9481393;1670;2025-10-22 00:00:00;PM IBIA;18.584.961/0001-56;1261;SEE;SECRETARIA DE ESTADO DE EDUCACAO;42;AUXILIOS;1;AUXILIOS;10;RECURSOS ORDINARIOS - RECURSOS NAO VINCULADOS DE IMPOSTOS;0,0;0,0;0,0
9481393;1759;2025-10-30 00:00:00;PM IBIA;18.584.961/0001-56;1261;SEE;SECRETARIA DE ESTADO DE EDUCACAO;42;AUXILIOS;1;AUXILIOS;10;RECURSOS ORDINARIOS - RECURSOS NAO VINCULADOS DE IMPOSTOS;801000,0;801000,0;801000,0
9481394;1669;2025-10-22 00:00:00;PM HELIODORA;18.712.133/0001-56;1261;SEE;SECRETARIA DE ESTADO DE EDUCACAO;42;AUXILIOS;1;AUXILIOS;10;RECURSOS ORDINARIOS - RECURSOS NAO VINCULADOS DE IMPOSTOS;0,0;0,0;0,0
9481394;1758;2025-10-30 00:00:00;PM HELIODORA;18.712.133/0001-56;1261;SEE;SECRETARIA DE ESTADO DE EDUCACAO;42;AUXILIOS;1;AUXILIOS;10;RECURSOS ORDINARIOS - RECURSOS NAO VINCULADOS DE IMPOSTOS;100000,0;100000,0;100000,0
9481395;1807;2025-10-31 00:00:00;PM CORONEL PACHECO;18.338.152/0001-64;1261;SEE;SECRETARIA DE ESTADO DE EDUCACAO;42;AUXILIOS;1;AUXILIOS;21;COTA ESTADUAL DO SALARIO EDUCACAO - QESE;648096,02;648096,02;648096,02
9481396;1808;2025-10-31 00:00:00;PM SANTOS DUMONT;17.747.924/0001-59;1261;SEE;SECRETARIA DE ESTADO DE EDUCACAO;42;AUXILIOS;1;AUXILIOS;21;COTA ESTADUAL DO SALARIO EDUCACAO - QESE;1179058,09;1179058,09;1179058,09
9481397;1673;2025-10-22 00:00:00;PM SANTANA DE CATAGUASES;17.702.515/0001-36;1261;SEE;SECRETARIA DE ESTADO DE EDUCACAO;42;AUXILIOS;1;AUXILIOS;10;RECURSOS ORDINARIOS - RECURSOS NAO VINCULADOS DE IMPOSTOS;0,0;0,0;0,0
9481397;1762;2025-10-30 00:00:00;PM SANTANA DE CATAGUASES;17.702.515/0001-36;1261;SEE;SECRETARIA DE ESTADO DE EDUCACAO;42;AUXILIOS;1;AUXILIOS;10;RECURSOS ORDINARIOS - RECURSOS NAO VINCULADOS DE IMPOSTOS;1400000,0;1400000,0;1400000,0
9481398;1809;2025-10-31 00:00:00;PM FREI GASPAR;18.404.913/0001-39;1261;SEE;SECRETARIA DE ESTADO DE EDUCACAO;42;AUXILIOS;1;AUXILIOS;21;COTA ESTADUAL DO SALARIO EDUCACAO - QESE;564312,55;564312,55;564312,55
9481399;1674;2025-10-22 00:00:00;PM SANTA RITA DO ITUETO;18.413.187/0001-10;1261;SEE;SECRETARIA DE ESTADO DE EDUCACAO;42;AUXILIOS;1;AUXILIOS;10;RECURSOS ORDINARIOS - RECURSOS NAO VINCULADOS DE IMPOSTOS;0,0;0,0;0,0
9481399;1763;2025-10-30 00:00:00;PM SANTA RITA DO ITUETO;18.413.187/0001-10;1261;SEE;SECRETARIA DE ESTADO DE EDUCACAO;42;AUXILIOS;1;AUXILIOS;10;RECURSOS ORDINARIOS - RECURSOS NAO VINCULADOS DE IMPOSTOS;778841,09;778841,09;778841,09
9481401;1810;2025-10-31 00:00:00;PM ITAMOGI;18.241.380/0001-11;1261;SEE;SECRETARIA DE ESTADO DE EDUCACAO;42;AUXILIOS;1;AUXILIOS;21;COTA ESTADUAL DO SALARIO EDUCACAO - QESE;558669,42;558669,42;558669,42
9481402;1676;2025-10-22 00:00:00;PM BERIZAL;01.614.602/0001-00;1261;SEE;SECRETARIA DE ESTADO DE EDUCACAO;42;AUXILIOS;1;AUXILIOS;10;RECURSOS ORDINARIOS - RECURSOS NAO VINCULADOS DE IMPOSTOS;0,0;0,0;0,0
9481402;1765;2025-10-30 00:00:00;PM BERIZAL;01.614.602/0001-00;1261;SEE;SECRETARIA DE ESTADO DE EDUCACAO;42;AUXILIOS;1;AUXILIOS;10;RECURSOS ORDINARIOS - RECURSOS NAO VINCULADOS DE IMPOSTOS;801000,0;801000,0;801000,0
9481403;1675;2025-10-22 00:00:00;PM JECEABA;20.356.739/0001-48;1261;SEE;SECRETARIA DE ESTADO DE EDUCACAO;42;AUXILIOS;1;AUXILIOS;10;RECURSOS ORDINARIOS - RECURSOS NAO VINCULADOS DE IMPOSTOS;0,0;0,0;0,0
9481403;1764;2025-10-30 00:00:00;PM JECEABA;20.356.739/0001-48;1261;SEE;SECRETARIA DE ESTADO DE EDUCACAO;42;AUXILIOS;1;AUXILIOS;10;RECURSOS ORDINARIOS - RECURSOS NAO VINCULADOS DE IMPOSTOS;1503106,1;1503106,1;1503106,1
9481404;1655;2025-10-22 00:00:00;PM RIO PRETO;18.338.251/0001-46;1261;SEE;SECRETARIA DE ESTADO DE EDUCACAO;42;AUXILIOS;1;AUXILIOS;10;RECURSOS ORDINARIOS - RECURSOS NAO VINCULADOS DE IMPOSTOS;0,0;0,0;0,0
9481404;1744;2025-10-30 00:00:00;PM RIO PRETO;18.338.251/0001-46;1261;SEE;SECRETARIA DE ESTADO DE EDUCACAO;42;AUXILIOS;1;AUXILIOS;10;RECURSOS ORDINARIOS - RECURSOS NAO VINCULADOS DE IMPOSTOS;324048,01;324048,01;324048,01
9481405;1654;2025-10-22 00:00:00;PM MATERLANDIA;18.303.206/0001-56;1261;SEE;SECRETARIA DE ESTADO DE EDUCACAO;42;AUXILIOS;1;AUXILIOS;10;RECURSOS ORDINARIOS - RECURSOS NAO VINCULADOS DE IMPOSTOS;0,0;0,0;0,0
9481405;1743;2025-10-30 00:00:00;PM MATERLANDIA;18.303.206/0001-56;1261;SEE;SECRETARIA DE ESTADO DE EDUCACAO;42;AUXILIOS;1;AUXILIOS;10;RECURSOS ORDINARIOS - RECURSOS NAO VINCULADOS DE IMPOSTOS;1262841,56;1262841,56;1262841,56
9481406;1657;2025-10-22 00:00:00;PM SANTA MARIA DO SUACUI;18.409.219/0001-04;1261;SEE;SECRETARIA DE ESTADO DE EDUCACAO;42;AUXILIOS;1;AUXILIOS;10;RECURSOS ORDINARIOS - RECURSOS NAO VINCULADOS DE IMPOSTOS;0,0;0,0;0,0
9481406;1746;2025-10-30 00:00:00;PM SANTA MARIA DO SUACUI;18.409.219/0001-04;1261;SEE;SECRETARIA DE ESTADO DE EDUCACAO;42;AUXILIOS;1;AUXILIOS;10;RECURSOS ORDINARIOS - RECURSOS NAO VINCULADOS DE IMPOSTOS;1212408,57;1212408,57;1212408,57
9481407;1656;2025-10-22 00:00:00;PM JOSE RAYDAN;01.613.072/0001-77;1261;SEE;SECRETARIA DE ESTADO DE EDUCACAO;42;AUXILIOS;1;AUXILIOS;10;RECURSOS ORDINARIOS - RECURSOS NAO VINCULADOS DE IMPOSTOS;0,0;0,0;0,0
9481407;1745;2025-10-30 00:00:00;PM JOSE RAYDAN;01.613.072/0001-77;1261;SEE;SECRETARIA DE ESTADO DE EDUCACAO;42;AUXILIOS;1;AUXILIOS;10;RECURSOS ORDINARIOS - RECURSOS NAO VINCULADOS DE IMPOSTOS;648096,02;648096,02;648096,02
9481408;1659;2025-10-22 00:00:00;PM SAO ROMAO;24.891.418/0001-02;1261;SEE;SECRETARIA DE ESTADO DE EDUCACAO;42;AUXILIOS;1;AUXILIOS;10;RECURSOS ORDINARIOS - RECURSOS NAO VINCULADOS DE IMPOSTOS;0,0;0,0;0,0
9481408;1748;2025-10-30 00:00:00;PM SAO ROMAO;24.891.418/0001-02;1261;SEE;SECRETARIA DE ESTADO DE EDUCACAO;42;AUXILIOS;1;AUXILIOS;10;RECURSOS ORDINARIOS - RECURSOS NAO VINCULADOS DE IMPOSTOS;564312,55;564312,55;564312,55
9481409;1658;2025-10-22 00:00:00;PM SAO ROMAO;24.891.418/0001-02;1261;SEE;SECRETARIA DE ESTADO DE EDUCACAO;42;AUXILIOS;1;AUXILIOS;10;RECURSOS ORDINARIOS - RECURSOS NAO VINCULADOS DE IMPOSTOS;0,0;0,0;0,0
9481409;1747;2025-10-30 00:00:00;PM SAO ROMAO;24.891.418/0001-02;1261;SEE;SECRETARIA DE ESTADO DE EDUCACAO;42;AUXILIOS;1;AUXILIOS;10;RECURSOS ORDINARIOS - RECURSOS NAO VINCULADOS DE IMPOSTOS;99998,68;99998,68;99998,68
9481413;1813;2025-10-31 00:00:00;PM CATUGI;26.218.636/0001-06;1261;SEE;SECRETARIA DE ESTADO DE EDUCACAO;42;AUXILIOS;1;AUXILIOS;21;COTA ESTADUAL DO SALARIO EDUCACAO - QESE;647000,0;647000,0;647000,0
9481414;1812;2025-10-31 00:00:00;PM CATUTI;01.612.502/0001-36;1261;SEE;SECRETARIA DE ESTADO DE EDUCACAO;42;AUXILIOS;1;AUXILIOS;21;COTA ESTADUAL DO SALARIO EDUCACAO - QESE;500000,0;500000,0;500000,0
9481415;1814;2025-10-31 00:00:00;PM SAO JOSE DO DIVINO;18.404.988/0001-10;1261;SEE;SECRETARIA DE ESTADO DE EDUCACAO;42;AUXILIOS;1;AUXILIOS;21;COTA ESTADUAL DO SALARIO EDUCACAO - QESE;585069,71;585069,71;585069,71
9481416;1815;2025-10-31 00:00:00;PM SAO JOAO DAS MISSOES;01.612.486/0001-81;1261;SEE;SECRETARIA DE ESTADO DE EDUCACAO;42;AUXILIOS;1;AUXILIOS;21;COTA ESTADUAL DO SALARIO EDUCACAO - QESE;888360,56;888360,56;888360,56
9481417;1816;2025-10-31 00:00:00;PM CRUZEIRO DA FORTALEZA;18.468.041/0001-72;1261;SEE;SECRETARIA DE ESTADO DE EDUCACAO;42;AUXILIOS;1;AUXILIOS;21;COTA ESTADUAL DO SALARIO EDUCACAO - QESE;1776721,12;1776721,12;1776721,12
9481418;1817;2025-10-31 00:00:00;PM VIRGEM DA LAPA;18.348.730/0001-43;1261;SEE;SECRETARIA DE ESTADO DE EDUCACAO;42;AUXILIOS;1;AUXILIOS;21;COTA ESTADUAL DO SALARIO EDUCACAO - QESE;300000,0;300000,0;300000,0
9481420;1818;2025-10-31 00:00:00;PM ALAGOA;18.186.346/0001-91;1261;SEE;SECRETARIA DE ESTADO DE EDUCACAO;42;AUXILIOS;1;AUXILIOS;21;COTA ESTADUAL DO SALARIO EDUCACAO - QESE;564312,55;564312,55;564312,55
9481421;1819;2025-10-31 00:00:00;PM MESQUITA;17.112.061/0001-43;1261;SEE;SECRETARIA DE ESTADO DE EDUCACAO;42;AUXILIOS;1;AUXILIOS;21;COTA ESTADUAL DO SALARIO EDUCACAO - QESE;324048,01;324048,01;324048,01
9481422;1717;2025-10-24 00:00:00;PM SANTO ANTONIO DO AMPARO;18.244.335/0001-10;1261;SEE;SECRETARIA DE ESTADO DE EDUCACAO;42;AUXILIOS;1;AUXILIOS;10;RECURSOS ORDINARIOS - RECURSOS NAO VINCULADOS DE IMPOSTOS;400000,0;400000,0;400000,0
9481423;1820;2025-10-31 00:00:00;PM PEDRA DO ANTA;18.133.439/0001-58;1261;SEE;SECRETARIA DE ESTADO DE EDUCACAO;42;AUXILIOS;1;AUXILIOS;21;COTA ESTADUAL DO SALARIO EDUCACAO - QESE;648096,02;648096,02;648096,02
9481424;1821;2025-10-31 00:00:00;PM HELIODORA;18.712.133/0001-56;1261;SEE;SECRETARIA DE ESTADO DE EDUCACAO;42;AUXILIOS;1;AUXILIOS;21;COTA ESTADUAL DO SALARIO EDUCACAO - QESE;1128625,1;1128625,1;1128625,1
9481426;1713;2025-10-23 00:00:00;PM CRUZEIRO DA FORTALEZA;18.468.041/0001-72;1261;SEE;SECRETARIA DE ESTADO DE EDUCACAO;42;AUXILIOS;1;AUXILIOS;10;RECURSOS ORDINARIOS - RECURSOS NAO VINCULADOS DE IMPOSTOS;0,0;0,0;0,0
9481426;1797;2025-10-30 00:00:00;PM CRUZEIRO DA FORTALEZA;18.468.041/0001-72;1261;SEE;SECRETARIA DE ESTADO DE EDUCACAO;42;AUXILIOS;1;AUXILIOS;10;RECURSOS ORDINARIOS - RECURSOS NAO VINCULADOS DE IMPOSTOS;99751,78;99751,78;99751,78
9481427;1951;2025-11-05 00:00:00;PM IMBE DE MINAS;01.613.233/0001-22;1261;SEE;SECRETARIA DE ESTADO DE EDUCACAO;42;AUXILIOS;1;AUXILIOS;21;COTA ESTADUAL DO SALARIO EDUCACAO - QESE;888360,56;888360,56;888360,56
9481428;1952;2025-11-05 00:00:00;PM BANDEIRA;18.349.902/0001-01;1261;SEE;SECRETARIA DE ESTADO DE EDUCACAO;42;AUXILIOS;1;AUXILIOS;21;COTA ESTADUAL DO SALARIO EDUCACAO - QESE;614745,54;614745,54;614745,54
9481429;1953;2025-11-05 00:00:00;PM ARAPORA;23.098.510/0001-49;1261;SEE;SECRETARIA DE ESTADO DE EDUCACAO;42;AUXILIOS;1;AUXILIOS;21;COTA ESTADUAL DO SALARIO EDUCACAO - QESE;1159055,95;1159055,95;1159055,95
9481431;148;2025-10-22 00:00:00;ASSOC. PRIMEIRO DE MAIO DA VILA VISTA ALEGRE;21.127.840/0001-90;1491;SEGOV;SECRETARIA DE ESTADO DE GOVERNO;42;AUXILIOS;1;AUXILIOS;10;RECURSOS ORDINARIOS - RECURSOS NAO VINCULADOS DE IMPOSTOS;99577,17;99577,17;99577,17
9481432;150;2025-10-22 00:00:00;ASSOCIACAO CIRCUITO TURISTICO CAMINHOS GERAIS;05.112.783/0001-19;1491;SEGOV;SECRETARIA DE ESTADO DE GOVERNO;42;AUXILIOS;1;AUXILIOS;10;RECURSOS ORDINARIOS - RECURSOS NAO VINCULADOS DE IMPOSTOS;104278,35;104278,35;104278,35
9481434;149;2025-10-22 00:00:00;ASSOCIACAO DOS MORADORES DOS BAIRROS DIAMANTINA E CARIOCA AMADEC;42.382.337/0001-50;1491;SEGOV;SECRETARIA DE ESTADO DE GOVERNO;42;AUXILIOS;1;AUXILIOS;10;RECURSOS ORDINARIOS - RECURSOS NAO VINCULADOS DE IMPOSTOS;132232,0;132232,0;132232,0
9481435;486;2025-10-24 00:00:00;PM GUARACIAMA;01.612.549/0001-08;1481;SEDESE;SECRETARIA DE ESTADO DE DESENVOLVIMENTO SOCIAL;41;CONTRIBUICOES;1;CONTRIBUICOES;71;RECURSOS DO FUNDO ESTADUAL DE ERRADICACAO DA MISERIA;19002,8;19002,8;19002,8
9481436;488;2025-10-24 00:00:00;PM JAPONVAR;01.612.476/0001-46;1481;SEDESE;SECRETARIA DE ESTADO DE DESENVOLVIMENTO SOCIAL;41;CONTRIBUICOES;1;CONTRIBUICOES;71;RECURSOS DO FUNDO ESTADUAL DE ERRADICACAO DA MISERIA;19194,75;19194,75;19194,75
9481437;1823;2025-11-03 00:00:00;PM AREADO;18.243.246/0001-50;1261;SEE;SECRETARIA DE ESTADO DE EDUCACAO;42;AUXILIOS;1;AUXILIOS;21;COTA ESTADUAL DO SALARIO EDUCACAO - QESE;1212408,57;1212408,57;1212408,57
9481439;1824;2025-11-03 00:00:00;PM PEDRA DO ANTA;18.133.439/0001-58;1261;SEE;SECRETARIA DE ESTADO DE EDUCACAO;42;AUXILIOS;1;AUXILIOS;21;COTA ESTADUAL DO SALARIO EDUCACAO - QESE;229973,61;229973,61;229973,61
9481440;489;2025-10-24 00:00:00;PM ITACAMBIRA;18.017.400/0001-75;1481;SEDESE;SECRETARIA DE ESTADO DE DESENVOLVIMENTO SOCIAL;41;CONTRIBUICOES;1;CONTRIBUICOES;71;RECURSOS DO FUNDO ESTADUAL DE ERRADICACAO DA MISERIA;19194,75;19194,75;19194,75
9481447;487;2025-10-24 00:00:00;PM SERRANOPOLIS DE MINAS;01.612.501/0001-91;1481;SEDESE;SECRETARIA DE ESTADO DE DESENVOLVIMENTO SOCIAL;41;CONTRIBUICOES;1;CONTRIBUICOES;71;RECURSOS DO FUNDO ESTADUAL DE ERRADICACAO DA MISERIA;19194,75;19194,75;19194,75
9481459;1873;2025-11-03 00:00:00;PM SANTA BARBARA DO MONTE VERDE;01.611.138/0001-90;1261;SEE;SECRETARIA DE ESTADO DE EDUCACAO;42;AUXILIOS;1;AUXILIOS;21;COTA ESTADUAL DO SALARIO EDUCACAO - QESE;564312,55;564312,55;564312,55
9481460;1874;2025-11-03 00:00:00;PM BELA VISTA DE MINAS;18.311.043/0001-53;1261;SEE;SECRETARIA DE ESTADO DE EDUCACAO;42;AUXILIOS;1;AUXILIOS;21;COTA ESTADUAL DO SALARIO EDUCACAO - QESE;888360,56;888360,56;888360,56
9481462;1825;2025-11-03 00:00:00;PM SENHORA DO PORTO;18.307.504/0001-14;1261;SEE;SECRETARIA DE ESTADO DE EDUCACAO;42;AUXILIOS;1;AUXILIOS;21;COTA ESTADUAL DO SALARIO EDUCACAO - QESE;938793,55;938793,55;938793,55
9481463;1826;2025-11-03 00:00:00;PM PATROCINIO DO MURIAE;17.947.607/0001-86;1261;SEE;SECRETARIA DE ESTADO DE EDUCACAO;42;AUXILIOS;1;AUXILIOS;21;COTA ESTADUAL DO SALARIO EDUCACAO - QESE;827987,91;827987,91;827987,91
9481464;1833;2025-11-03 00:00:00;PM RECREIO;17.735.754/0001-92;1261;SEE;SECRETARIA DE ESTADO DE EDUCACAO;42;AUXILIOS;1;AUXILIOS;21;COTA ESTADUAL DO SALARIO EDUCACAO - QESE;505850,0;505850,0;505850,0
9481465;1827;2025-11-03 00:00:00;PM SEM PEIXE;01.625.189/0001-70;1261;SEE;SECRETARIA DE ESTADO DE EDUCACAO;42;AUXILIOS;1;AUXILIOS;21;COTA ESTADUAL DO SALARIO EDUCACAO - QESE;648096,02;648096,02;648096,02
9481466;1828;2025-11-03 00:00:00;PM SABINOPOLIS;18.307.454/0001-75;1261;SEE;SECRETARIA DE ESTADO DE EDUCACAO;42;AUXILIOS;1;AUXILIOS;21;COTA ESTADUAL DO SALARIO EDUCACAO - QESE;1075272,48;1075272,48;1075272,48
9481467;1829;2025-11-03 00:00:00;PM JAPONVAR;01.612.476/0001-46;1261;SEE;SECRETARIA DE ESTADO DE EDUCACAO;42;AUXILIOS;1;AUXILIOS;21;COTA ESTADUAL DO SALARIO EDUCACAO - QESE;1262841,56;1262841,56;1262841,56
9481468;3020;2025-12-23 00:00:00;PM JURUAIA;18.668.368/0001-98;1261;SEE;SECRETARIA DE ESTADO DE EDUCACAO;42;AUXILIOS;1;AUXILIOS;21;COTA ESTADUAL DO SALARIO EDUCACAO - QESE;1200283,57;1200283,57;1200283,57
9481469;1830;2025-11-03 00:00:00;PM FORMOSO;18.125.153/0001-20;1261;SEE;SECRETARIA DE ESTADO DE EDUCACAO;42;AUXILIOS;1;AUXILIOS;21;COTA ESTADUAL DO SALARIO EDUCACAO - QESE;510959,93;510959,93;510959,93
9481470;1831;2025-11-03 00:00:00;PM DORES DO TURVO;18.128.249/0001-42;1261;SEE;SECRETARIA DE ESTADO DE EDUCACAO;42;AUXILIOS;1;AUXILIOS;21;COTA ESTADUAL DO SALARIO EDUCACAO - QESE;324048,01;324048,01;324048,01
9481471;1832;2025-11-03 00:00:00;PM JURUAIA;18.668.368/0001-98;1261;SEE;SECRETARIA DE ESTADO DE EDUCACAO;42;AUXILIOS;1;AUXILIOS;21;COTA ESTADUAL DO SALARIO EDUCACAO - QESE;1480905,33;1480905,33;1480905,33
9481475;1834;2025-11-03 00:00:00;PM MARTINHO CAMPOS;18.315.234/0001-93;1261;SEE;SECRETARIA DE ESTADO DE EDUCACAO;42;AUXILIOS;1;AUXILIOS;21;COTA ESTADUAL DO SALARIO EDUCACAO - QESE;1520000,0;1520000,0;1520000,0
9481476;1835;2025-11-03 00:00:00;PM CAMANDUCAIA;17.935.396/0001-61;1261;SEE;SECRETARIA DE ESTADO DE EDUCACAO;42;AUXILIOS;1;AUXILIOS;21;COTA ESTADUAL DO SALARIO EDUCACAO - QESE;250000,0;250000,0;250000,0
9481477;1836;2025-11-03 00:00:00;PM ALTEROSA;18.243.238/0001-03;1261;SEE;SECRETARIA DE ESTADO DE EDUCACAO;42;AUXILIOS;1;AUXILIOS;21;COTA ESTADUAL DO SALARIO EDUCACAO - QESE;550000,0;550000,0;550000,0
9481478;1837;2025-11-03 00:00:00;PM ARANTINA;17.952.508/0001-92;1261;SEE;SECRETARIA DE ESTADO DE EDUCACAO;42;AUXILIOS;1;AUXILIOS;21;COTA ESTADUAL DO SALARIO EDUCACAO - QESE;199843,67;199843,67;199843,67
9481479;492;2025-10-24 00:00:00;PM NOVORIZONTE;01.616.420/0001-60;1481;SEDESE;SECRETARIA DE ESTADO DE DESENVOLVIMENTO SOCIAL;41;CONTRIBUICOES;1;CONTRIBUICOES;71;RECURSOS DO FUNDO ESTADUAL DE ERRADICACAO DA MISERIA;18904,03;18904,03;18904,03
9481480;1838;2025-11-03 00:00:00;PM GUARDA-MOR;18.277.947/0001-00;1261;SEE;SECRETARIA DE ESTADO DE EDUCACAO;42;AUXILIOS;1;AUXILIOS;21;COTA ESTADUAL DO SALARIO EDUCACAO - QESE;1827154,11;1827154,11;1827154,11
9481481;1839;2025-11-03 00:00:00;PM CONCEICAO DO RIO VERDE;18.008.888/0001-74;1261;SEE;SECRETARIA DE ESTADO DE EDUCACAO;42;AUXILIOS;1;AUXILIOS;21;COTA ESTADUAL DO SALARIO EDUCACAO - QESE;1264745,54;1264745,54;1264745,54
9481483;1840;2025-11-03 00:00:00;PM JESUANIA;18.188.227/0001-78;1261;SEE;SECRETARIA DE ESTADO DE EDUCACAO;42;AUXILIOS;1;AUXILIOS;21;COTA ESTADUAL DO SALARIO EDUCACAO - QESE;648096,02;648096,02;648096,02
9481484;1841;2025-11-03 00:00:00;PM POUSO ALTO;18.667.212/0001-92;1261;SEE;SECRETARIA DE ESTADO DE EDUCACAO;42;AUXILIOS;1;AUXILIOS;21;COTA ESTADUAL DO SALARIO EDUCACAO - QESE;648096,02;648096,02;648096,02
9481485;493;2025-10-28 00:00:00;PM RIO PARDO DE MINAS;24.212.862/0001-46;1481;SEDESE;SECRETARIA DE ESTADO DE DESENVOLVIMENTO SOCIAL;41;CONTRIBUICOES;1;CONTRIBUICOES;71;RECURSOS DO FUNDO ESTADUAL DE ERRADICACAO DA MISERIA;19098,78;19098,78;19098,78
9481486;1842;2025-11-03 00:00:00;PM SAO TOME DAS LETRAS;18.008.920/0001-11;1261;SEE;SECRETARIA DE ESTADO DE EDUCACAO;42;AUXILIOS;1;AUXILIOS;21;COTA ESTADUAL DO SALARIO EDUCACAO - QESE;614745,54;614745,54;614745,54
9481487;1843;2025-11-03 00:00:00;PM CARMESIA;18.303.172/0001-08;1261;SEE;SECRETARIA DE ESTADO DE EDUCACAO;42;AUXILIOS;1;AUXILIOS;21;COTA ESTADUAL DO SALARIO EDUCACAO - QESE;1128625,1;1128625,1;1128625,1
9481488;1844;2025-11-03 00:00:00;PM IBIA;18.584.961/0001-56;1261;SEE;SECRETARIA DE ESTADO DE EDUCACAO;42;AUXILIOS;1;AUXILIOS;21;COTA ESTADUAL DO SALARIO EDUCACAO - QESE;801000,0;801000,0;801000,0
9481489;1845;2025-11-03 00:00:00;PM MIRAVANIA;01.612.491/0001-94;1261;SEE;SECRETARIA DE ESTADO DE EDUCACAO;42;AUXILIOS;1;AUXILIOS;21;COTA ESTADUAL DO SALARIO EDUCACAO - QESE;324048,01;324048,01;324048,01
9481490;1847;2025-11-03 00:00:00;PM SANTANA DO PARAISO;38.515.573/0001-20;1261;SEE;SECRETARIA DE ESTADO DE EDUCACAO;42;AUXILIOS;1;AUXILIOS;21;COTA ESTADUAL DO SALARIO EDUCACAO - QESE;1179058,09;1179058,09;1179058,09
9481491;1848;2025-11-03 00:00:00;PM SANTANA DO RIACHO;18.715.458/0001-92;1261;SEE;SECRETARIA DE ESTADO DE EDUCACAO;42;AUXILIOS;1;AUXILIOS;21;COTA ESTADUAL DO SALARIO EDUCACAO - QESE;324048,01;324048,01;324048,01
9481492;496;2025-10-28 00:00:00;PM PONTO CHIQUE;01.612.500/0001-47;1481;SEDESE;SECRETARIA DE ESTADO DE DESENVOLVIMENTO SOCIAL;41;CONTRIBUICOES;1;CONTRIBUICOES;71;RECURSOS DO FUNDO ESTADUAL DE ERRADICACAO DA MISERIA;19194,75;19194,75;19194,75
9481493;1849;2025-11-03 00:00:00;PM BOM JARDIM DE MINAS;18.684.217/0001-23;1261;SEE;SECRETARIA DE ESTADO DE EDUCACAO;42;AUXILIOS;1;AUXILIOS;21;COTA ESTADUAL DO SALARIO EDUCACAO - QESE;1212408,57;1212408,57;1212408,57
9481494;1850;2025-11-03 00:00:00;PM CAJURI;18.132.456/0001-70;1261;SEE;SECRETARIA DE ESTADO DE EDUCACAO;42;AUXILIOS;1;AUXILIOS;21;COTA ESTADUAL DO SALARIO EDUCACAO - QESE;564312,55;564312,55;564312,55
9481495;497;2025-10-28 00:00:00;PM ICARAI DE MINAS;25.224.304/0001-63;1481;SEDESE;SECRETARIA DE ESTADO DE DESENVOLVIMENTO SOCIAL;41;CONTRIBUICOES;1;CONTRIBUICOES;71;RECURSOS DO FUNDO ESTADUAL DE ERRADICACAO DA MISERIA;19194,75;19194,75;19194,75
9481496;1851;2025-11-03 00:00:00;PM ATALEIA;16.971.376/0001-83;1261;SEE;SECRETARIA DE ESTADO DE EDUCACAO;42;AUXILIOS;1;AUXILIOS;21;COTA ESTADUAL DO SALARIO EDUCACAO - QESE;324048,01;324048,01;324048,01
9481497;1852;2025-11-03 00:00:00;PM ORATORIOS;01.616.836/0001-88;1261;SEE;SECRETARIA DE ESTADO DE EDUCACAO;42;AUXILIOS;1;AUXILIOS;21;COTA ESTADUAL DO SALARIO EDUCACAO - QESE;564312,55;564312,55;564312,55
9481498;1853;2025-11-03 00:00:00;PM TAQUARACU DE MINAS;18.302.315/0001-59;1261;SEE;SECRETARIA DE ESTADO DE EDUCACAO;42;AUXILIOS;1;AUXILIOS;21;COTA ESTADUAL DO SALARIO EDUCACAO - QESE;564312,55;564312,55;564312,55
9481499;1854;2025-11-03 00:00:00;PM JOAO PINHEIRO;16.930.299/0001-13;1261;SEE;SECRETARIA DE ESTADO DE EDUCACAO;42;AUXILIOS;1;AUXILIOS;21;COTA ESTADUAL DO SALARIO EDUCACAO - QESE;1000000,0;1000000,0;1000000,0
9481500;491;2025-10-24 00:00:00;PM MATIAS CARDOSO;25.209.115/0001-11;1481;SEDESE;SECRETARIA DE ESTADO DE DESENVOLVIMENTO SOCIAL;41;CONTRIBUICOES;1;CONTRIBUICOES;71;RECURSOS DO FUNDO ESTADUAL DE ERRADICACAO DA MISERIA;19137,17;19137,17;19137,17
9481501;1855;2025-11-03 00:00:00;PM CARNEIRINHO;26.042.515/0001-48;1261;SEE;SECRETARIA DE ESTADO DE EDUCACAO;42;AUXILIOS;1;AUXILIOS;21;COTA ESTADUAL DO SALARIO EDUCACAO - QESE;1296192,04;1296192,04;1296192,04
9481502;1856;2025-11-03 00:00:00;PM CORONEL XAVIER CHAVES;18.557.546/0001-03;1261;SEE;SECRETARIA DE ESTADO DE EDUCACAO;42;AUXILIOS;1;AUXILIOS;21;COTA ESTADUAL DO SALARIO EDUCACAO - QESE;888360,56;888360,56;888360,56
9481503;1857;2025-11-03 00:00:00;PM PIEDADE DOS GERAIS;18.363.960/0001-81;1261;SEE;SECRETARIA DE ESTADO DE EDUCACAO;42;AUXILIOS;1;AUXILIOS;21;COTA ESTADUAL DO SALARIO EDUCACAO - QESE;400000,0;400000,0;400000,0
9481504;1858;2025-11-03 00:00:00;PM BICAS;17.722.935/0001-84;1261;SEE;SECRETARIA DE ESTADO DE EDUCACAO;42;AUXILIOS;1;AUXILIOS;21;COTA ESTADUAL DO SALARIO EDUCACAO - QESE;324048,01;324048,01;324048,01
9481506;490;2025-10-24 00:00:00;PM LAGOA DOS PATOS;16.901.381/0001-10;1481;SEDESE;SECRETARIA DE ESTADO DE DESENVOLVIMENTO SOCIAL;41;CONTRIBUICOES;1;CONTRIBUICOES;71;RECURSOS DO FUNDO ESTADUAL DE ERRADICACAO DA MISERIA;19194,75;19194,75;19194,75
9481507;1859;2025-11-03 00:00:00;PM SAO GONCALO DO ABAETE;18.602.086/0001-98;1261;SEE;SECRETARIA DE ESTADO DE EDUCACAO;42;AUXILIOS;1;AUXILIOS;21;COTA ESTADUAL DO SALARIO EDUCACAO - QESE;400000,0;400000,0;400000,0
9481508;1860;2025-11-03 00:00:00;PM BICAS;17.722.935/0001-84;1261;SEE;SECRETARIA DE ESTADO DE EDUCACAO;42;AUXILIOS;1;AUXILIOS;21;COTA ESTADUAL DO SALARIO EDUCACAO - QESE;564312,55;564312,55;564312,55
9481510;1861;2025-11-03 00:00:00;PM SIMAO PEREIRA;18.338.293/0001-87;1261;SEE;SECRETARIA DE ESTADO DE EDUCACAO;42;AUXILIOS;1;AUXILIOS;21;COTA ESTADUAL DO SALARIO EDUCACAO - QESE;360000,0;360000,0;360000,0
9481511;1862;2025-11-03 00:00:00;PM ITAGUARA;18.313.015/0001-75;1261;SEE;SECRETARIA DE ESTADO DE EDUCACAO;42;AUXILIOS;1;AUXILIOS;21;COTA ESTADUAL DO SALARIO EDUCACAO - QESE;1029202,08;1029202,08;1029202,08
9481513;1864;2025-11-03 00:00:00;PM CUPARAQUE;01.615.422/0001-34;1261;SEE;SECRETARIA DE ESTADO DE EDUCACAO;42;AUXILIOS;1;AUXILIOS;21;COTA ESTADUAL DO SALARIO EDUCACAO - QESE;778841,09;778841,09;778841,09
9481514;1863;2025-11-03 00:00:00;PM IJACI;18.244.400/0001-08;1261;SEE;SECRETARIA DE ESTADO DE EDUCACAO;42;AUXILIOS;1;AUXILIOS;21;COTA ESTADUAL DO SALARIO EDUCACAO - QESE;1503106,1;1503106,1;1503106,1
9481515;1865;2025-11-03 00:00:00;PM FREI INOCENCIO;16.945.990/0001-70;1261;SEE;SECRETARIA DE ESTADO DE EDUCACAO;42;AUXILIOS;1;AUXILIOS;21;COTA ESTADUAL DO SALARIO EDUCACAO - QESE;1553539,09;1553539,09;1553539,09
9481516;1866;2025-11-03 00:00:00;PM EWBANK DA CAMARA;17.747.932/0001-03;1261;SEE;SECRETARIA DE ESTADO DE EDUCACAO;42;AUXILIOS;1;AUXILIOS;21;COTA ESTADUAL DO SALARIO EDUCACAO - QESE;250000,0;250000,0;250000,0
9481517;1867;2025-11-03 00:00:00;PM BAEPENDI;18.008.862/0001-26;1261;SEE;SECRETARIA DE ESTADO DE EDUCACAO;42;AUXILIOS;1;AUXILIOS;21;COTA ESTADUAL DO SALARIO EDUCACAO - QESE;1229491,08;1229491,08;1229491,08
9481518;1868;2025-11-03 00:00:00;PM BOCAINA DE MINAS;18.194.076/0001-60;1261;SEE;SECRETARIA DE ESTADO DE EDUCACAO;42;AUXILIOS;1;AUXILIOS;21;COTA ESTADUAL DO SALARIO EDUCACAO - QESE;648096,02;648096,02;648096,02
9481519;1926;2025-11-05 00:00:00;PM LIBERDADE;18.029.165/0001-51;1261;SEE;SECRETARIA DE ESTADO DE EDUCACAO;42;AUXILIOS;1;AUXILIOS;21;COTA ESTADUAL DO SALARIO EDUCACAO - QESE;648096,02;648096,02;648096,02
9481520;1869;2025-11-03 00:00:00;PM PASSA QUATRO;23.245.806/0001-45;1261;SEE;SECRETARIA DE ESTADO DE EDUCACAO;42;AUXILIOS;1;AUXILIOS;21;COTA ESTADUAL DO SALARIO EDUCACAO - QESE;888360,56;888360,56;888360,56
9481521;1870;2025-11-03 00:00:00;PM CACHOEIRA DE MINAS;18.675.959/0001-92;1261;SEE;SECRETARIA DE ESTADO DE EDUCACAO;42;AUXILIOS;1;AUXILIOS;21;COTA ESTADUAL DO SALARIO EDUCACAO - QESE;324048,01;324048,01;324048,01
9481522;1871;2025-11-03 00:00:00;PM SILVIANOPOLIS;18.675.942/0001-35;1261;SEE;SECRETARIA DE ESTADO DE EDUCACAO;42;AUXILIOS;1;AUXILIOS;21;COTA ESTADUAL DO SALARIO EDUCACAO - QESE;510959,93;510959,93;510959,93
9481523;1872;2025-11-03 00:00:00;PM SANTO ANTONIO DO AVENTUREIRO;17.710.476/0001-19;1261;SEE;SECRETARIA DE ESTADO DE EDUCACAO;42;AUXILIOS;1;AUXILIOS;21;COTA ESTADUAL DO SALARIO EDUCACAO - QESE;648096,02;648096,02;648096,02
9481541;1875;2025-11-03 00:00:00;PM BRASILANDIA DE MINAS;01.602.009/0001-35;1261;SEE;SECRETARIA DE ESTADO DE EDUCACAO;42;AUXILIOS;1;AUXILIOS;21;COTA ESTADUAL DO SALARIO EDUCACAO - QESE;778841,09;778841,09;778841,09
9481542;1876;2025-11-03 00:00:00;PM ANTONIO CARLOS;18.094.763/0001-04;1261;SEE;SECRETARIA DE ESTADO DE EDUCACAO;42;AUXILIOS;1;AUXILIOS;21;COTA ESTADUAL DO SALARIO EDUCACAO - QESE;1536456,58;1536456,58;1536456,58
9481543;1877;2025-11-03 00:00:00;PM MONTES CLAROS;22.678.874/0001-35;1261;SEE;SECRETARIA DE ESTADO DE EDUCACAO;42;AUXILIOS;1;AUXILIOS;21;COTA ESTADUAL DO SALARIO EDUCACAO - QESE;249979,18;249979,18;249979,18
9481544;1878;2025-11-03 00:00:00;PM ENTRE FOLHAS;66.229.626/0001-82;1261;SEE;SECRETARIA DE ESTADO DE EDUCACAO;42;AUXILIOS;1;AUXILIOS;21;COTA ESTADUAL DO SALARIO EDUCACAO - QESE;200000,0;200000,0;200000,0
9481545;1879;2025-11-03 00:00:00;PM CRISTIANO OTONI;19.718.402/0001-54;1261;SEE;SECRETARIA DE ESTADO DE EDUCACAO;42;AUXILIOS;1;AUXILIOS;21;COTA ESTADUAL DO SALARIO EDUCACAO - QESE;500000,0;500000,0;500000,0
9481546;1880;2025-11-03 00:00:00;PM SANTO ANTONIO DO AMPARO;18.244.335/0001-10;1261;SEE;SECRETARIA DE ESTADO DE EDUCACAO;42;AUXILIOS;1;AUXILIOS;21;COTA ESTADUAL DO SALARIO EDUCACAO - QESE;778841,09;778841,09;778841,09
9481547;1822;2025-11-03 00:00:00;PM GUARDA-MOR;18.277.947/0001-00;1261;SEE;SECRETARIA DE ESTADO DE EDUCACAO;42;AUXILIOS;1;AUXILIOS;10;RECURSOS ORDINARIOS - RECURSOS NAO VINCULADOS DE IMPOSTOS;100000,0;100000,0;100000,0
9481603;498;2025-10-28 00:00:00;PM ITINGA;18.348.748/0001-45;1481;SEDESE;SECRETARIA DE ESTADO DE DESENVOLVIMENTO SOCIAL;41;CONTRIBUICOES;1;CONTRIBUICOES;71;RECURSOS DO FUNDO ESTADUAL DE ERRADICACAO DA MISERIA;19194,75;19194,75;19194,75
9481604;499;2025-10-28 00:00:00;PM MAMONAS;25.212.242/0001-70;1481;SEDESE;SECRETARIA DE ESTADO DE DESENVOLVIMENTO SOCIAL;41;CONTRIBUICOES;1;CONTRIBUICOES;71;RECURSOS DO FUNDO ESTADUAL DE ERRADICACAO DA MISERIA;19194,75;19194,75;19194,75
9481605;1680;2025-10-30 00:00:00;ASSOCIACAO DE PAIS E AMIGOS DOS EXCEPCIONAIS;06.101.579/0001-65;4251;FEAS;FUNDO ESTADUAL DE ASSISTENCIA SOCIAL;43;SUBVENCOES SOCIAIS;1;SUBVENCOES SOCIAIS;10;RECURSOS ORDINARIOS - RECURSOS NAO VINCULADOS DE IMPOSTOS;99999,66;99999,66;99999,66
9481623;1884;2025-11-03 00:00:00;PM SAO JOSE DO GOIABAL;18.402.552/0001-91;1261;SEE;SECRETARIA DE ESTADO DE EDUCACAO;42;AUXILIOS;1;AUXILIOS;21;COTA ESTADUAL DO SALARIO EDUCACAO - QESE;229963,49;229963,49;229963,49
9481624;1891;2025-11-04 00:00:00;PM RIO NOVO;18.338.244/0001-44;1261;SEE;SECRETARIA DE ESTADO DE EDUCACAO;42;AUXILIOS;1;AUXILIOS;21;COTA ESTADUAL DO SALARIO EDUCACAO - QESE;525000,0;525000,0;525000,0
9481625;1885;2025-11-04 00:00:00;PM CAMPO BELO;18.659.334/0001-37;1261;SEE;SECRETARIA DE ESTADO DE EDUCACAO;42;AUXILIOS;1;AUXILIOS;21;COTA ESTADUAL DO SALARIO EDUCACAO - QESE;525000,0;525000,0;525000,0
9481626;1886;2025-11-04 00:00:00;PM CRUZILIA;18.008.904/0001-29;1261;SEE;SECRETARIA DE ESTADO DE EDUCACAO;42;AUXILIOS;1;AUXILIOS;21;COTA ESTADUAL DO SALARIO EDUCACAO - QESE;648096,02;648096,02;648096,02
9481627;1887;2025-11-04 00:00:00;PM CATUGI;26.218.636/0001-06;1261;SEE;SECRETARIA DE ESTADO DE EDUCACAO;42;AUXILIOS;1;AUXILIOS;21;COTA ESTADUAL DO SALARIO EDUCACAO - QESE;650000,0;650000,0;650000,0
9481628;1888;2025-11-04 00:00:00;PM CANDEIAS;17.888.090/0001-00;1261;SEE;SECRETARIA DE ESTADO DE EDUCACAO;42;AUXILIOS;1;AUXILIOS;21;COTA ESTADUAL DO SALARIO EDUCACAO - QESE;564312,55;564312,55;564312,55
9481629;1889;2025-11-04 00:00:00;PM VERMELHO NOVO;01.620.744/0001-71;1261;SEE;SECRETARIA DE ESTADO DE EDUCACAO;42;AUXILIOS;1;AUXILIOS;21;COTA ESTADUAL DO SALARIO EDUCACAO - QESE;700000,0;700000,0;700000,0
9481630;1890;2025-11-04 00:00:00;PM ITUTINGA;18.244.384/0001-53;1261;SEE;SECRETARIA DE ESTADO DE EDUCACAO;42;AUXILIOS;1;AUXILIOS;21;COTA ESTADUAL DO SALARIO EDUCACAO - QESE;972144,03;972144,03;972144,03
9481631;1892;2025-11-04 00:00:00;PM ARACITABA;17.747.940/0001-41;1261;SEE;SECRETARIA DE ESTADO DE EDUCACAO;42;AUXILIOS;1;AUXILIOS;21;COTA ESTADUAL DO SALARIO EDUCACAO - QESE;2388286,27;2388286,27;2388286,27
9481632;1883;2025-11-03 00:00:00;PM BOCAIUVA;18.803.072/0001-32;1261;SEE;SECRETARIA DE ESTADO DE EDUCACAO;42;AUXILIOS;1;AUXILIOS;21;COTA ESTADUAL DO SALARIO EDUCACAO - QESE;324048,01;324048,01;324048,01
9481633;448;2025-10-31 00:00:00;PM CONCEICAO DE IPANEMA;18.334.300/0001-72;1301;SEINFRA;SECRETARIA DE ESTADO DE INFRAESTRUTURA, MOBILIDADE E PARCERIAS;42;AUXILIOS;1;AUXILIOS;15;RECURSOS ORDINARIOS - OUTROS RECURSOS NAO VINCULADOS;1900000,0;1900000,0;1900000,0
9481634;5545;2025-11-24 00:00:00;FUNDACAO BENJAMIN GUIMARAES;17.200.429/0001-25;4291;FES;FUNDO ESTADUAL DE SAUDE;42;AUXILIOS;1;AUXILIOS;10;RECURSOS ORDINARIOS - RECURSOS NAO VINCULADOS DE IMPOSTOS;6373623,15;6373623,15;6373623,15
9481635;153;2025-10-28 00:00:00;ASSOCIACAO PAIS AMIGOS DOS EXCEPCIONAIS;21.426.044/0001-58;1491;SEGOV;SECRETARIA DE ESTADO DE GOVERNO;42;AUXILIOS;1;AUXILIOS;10;RECURSOS ORDINARIOS - RECURSOS NAO VINCULADOS DE IMPOSTOS;74210,47;74210,47;74210,47
9481636;151;2025-10-28 00:00:00;CENTRO DE FORMACAO DE PROFISSIONAIS DE MINAS GERAIS - CEPROSMIG;03.127.855/0001-76;1491;SEGOV;SECRETARIA DE ESTADO DE GOVERNO;42;AUXILIOS;1;AUXILIOS;10;RECURSOS ORDINARIOS - RECURSOS NAO VINCULADOS DE IMPOSTOS;90210,08;90210,08;90210,08
9481637;152;2025-10-28 00:00:00;ASSOCIACAO DE PAIS E AMIGOS EXCEPCIONAIS DE SIMONESIA;66.233.024/0001-07;1491;SEGOV;SECRETARIA DE ESTADO DE GOVERNO;42;AUXILIOS;1;AUXILIOS;10;RECURSOS ORDINARIOS - RECURSOS NAO VINCULADOS DE IMPOSTOS;90210,08;90210,08;90210,08
9481638;3812;2025-11-14 00:00:00;PM LEME DO PRADO;01.587.109/0001-30;1491;SEGOV;SECRETARIA DE ESTADO DE GOVERNO;42;AUXILIOS;1;AUXILIOS;15;RECURSOS ORDINARIOS - OUTROS RECURSOS NAO VINCULADOS;1000000,0;1000000,0;1000000,0
9481639;154;2025-10-28 00:00:00;ASSOCIACAO MISSAO E VIDA;20.163.865/0001-86;1491;SEGOV;SECRETARIA DE ESTADO DE GOVERNO;42;AUXILIOS;1;AUXILIOS;10;RECURSOS ORDINARIOS - RECURSOS NAO VINCULADOS DE IMPOSTOS;74210,47;74210,47;74210,47
9481640;155;2025-10-28 00:00:00;ASSOCIACAO FRATERNA CORINA NOVELINO;02.235.393/0001-48;1491;SEGOV;SECRETARIA DE ESTADO DE GOVERNO;42;AUXILIOS;1;AUXILIOS;10;RECURSOS ORDINARIOS - RECURSOS NAO VINCULADOS DE IMPOSTOS;74210,47;74210,47;74210,47
9481641;508;2025-10-30 00:00:00;PM JAIBA;25.209.149/0001-06;1481;SEDESE;SECRETARIA DE ESTADO DE DESENVOLVIMENTO SOCIAL;41;CONTRIBUICOES;1;CONTRIBUICOES;71;RECURSOS DO FUNDO ESTADUAL DE ERRADICACAO DA MISERIA;19194,75;19194,75;19194,75
9481642;1893;2025-11-04 00:00:00;PM SAO FRANCISCO DE SALES;18.457.283/0001-60;1261;SEE;SECRETARIA DE ESTADO DE EDUCACAO;42;AUXILIOS;1;AUXILIOS;21;COTA ESTADUAL DO SALARIO EDUCACAO - QESE;324048,01;324048,01;324048,01
9481643;1894;2025-11-04 00:00:00;PM MALACACHETA;18.404.871/0001-36;1261;SEE;SECRETARIA DE ESTADO DE EDUCACAO;42;AUXILIOS;1;AUXILIOS;21;COTA ESTADUAL DO SALARIO EDUCACAO - QESE;778841,09;778841,09;778841,09
9481644;1895;2025-11-04 00:00:00;PM GURINHATA;18.457.192/0001-25;1261;SEE;SECRETARIA DE ESTADO DE EDUCACAO;42;AUXILIOS;1;AUXILIOS;21;COTA ESTADUAL DO SALARIO EDUCACAO - QESE;1159055,95;1159055,95;1159055,95
9481645;1896;2025-11-04 00:00:00;PM NOVA RESENDE;18.187.823/0001-33;1261;SEE;SECRETARIA DE ESTADO DE EDUCACAO;42;AUXILIOS;1;AUXILIOS;21;COTA ESTADUAL DO SALARIO EDUCACAO - QESE;200000,0;200000,0;200000,0
9481646;1897;2025-11-04 00:00:00;PM FREI LAGONEGRO;01.615.008/0001-25;1261;SEE;SECRETARIA DE ESTADO DE EDUCACAO;42;AUXILIOS;1;AUXILIOS;21;COTA ESTADUAL DO SALARIO EDUCACAO - QESE;1229491,08;1229491,08;1229491,08
9481647;1898;2025-11-04 00:00:00;PM ITAPECERICA;18.308.742/0001-44;1261;SEE;SECRETARIA DE ESTADO DE EDUCACAO;42;AUXILIOS;1;AUXILIOS;21;COTA ESTADUAL DO SALARIO EDUCACAO - QESE;200000,0;200000,0;200000,0
9481648;1899;2025-11-04 00:00:00;PM PRESIDENTE BERNARDES;23.515.695/0001-40;1261;SEE;SECRETARIA DE ESTADO DE EDUCACAO;42;AUXILIOS;1;AUXILIOS;21;COTA ESTADUAL DO SALARIO EDUCACAO - QESE;648096,02;648096,02;648096,02
9481649;1900;2025-11-04 00:00:00;PM CHAPADA GAUCHA;01.612.489/0001-15;1261;SEE;SECRETARIA DE ESTADO DE EDUCACAO;42;AUXILIOS;1;AUXILIOS;21;COTA ESTADUAL DO SALARIO EDUCACAO - QESE;564312,55;564312,55;564312,55
9481650;1901;2025-11-04 00:00:00;PM GUIMARANIA;18.602.052/0001-01;1261;SEE;SECRETARIA DE ESTADO DE EDUCACAO;42;AUXILIOS;1;AUXILIOS;21;COTA ESTADUAL DO SALARIO EDUCACAO - QESE;2016985,66;2016985,66;2016985,66
9481651;1902;2025-11-04 00:00:00;PM GUAXUPE;18.663.401/0001-97;1261;SEE;SECRETARIA DE ESTADO DE EDUCACAO;42;AUXILIOS;1;AUXILIOS;21;COTA ESTADUAL DO SALARIO EDUCACAO - QESE;3500000,0;3500000,0;3500000,0
9481652;1903;2025-11-04 00:00:00;PM MEDINA;18.414.607/0001-83;1261;SEE;SECRETARIA DE ESTADO DE EDUCACAO;42;AUXILIOS;1;AUXILIOS;21;COTA ESTADUAL DO SALARIO EDUCACAO - QESE;600000,0;600000,0;600000,0
9481653;449;2025-10-31 00:00:00;PM SAO ROQUE DE MINAS;18.306.670/0001-04;1301;SEINFRA;SECRETARIA DE ESTADO DE INFRAESTRUTURA, MOBILIDADE E PARCERIAS;42;AUXILIOS;1;AUXILIOS;15;RECURSOS ORDINARIOS - OUTROS RECURSOS NAO VINCULADOS;500000,0;500000,0;500000,0
9481654;1904;2025-11-04 00:00:00;PM SAO TOMAS DE AQUINO;18.241.364/0001-29;1261;SEE;SECRETARIA DE ESTADO DE EDUCACAO;42;AUXILIOS;1;AUXILIOS;21;COTA ESTADUAL DO SALARIO EDUCACAO - QESE;1296192,04;1296192,04;1296192,04
9481655;1905;2025-11-04 00:00:00;PM BERTOPOLIS;18.404.897/0001-84;1261;SEE;SECRETARIA DE ESTADO DE EDUCACAO;42;AUXILIOS;1;AUXILIOS;21;COTA ESTADUAL DO SALARIO EDUCACAO - QESE;888360,56;888360,56;888360,56
9481656;1906;2025-11-04 00:00:00;PM GOIANA;01.611.137/0001-45;1261;SEE;SECRETARIA DE ESTADO DE EDUCACAO;42;AUXILIOS;1;AUXILIOS;21;COTA ESTADUAL DO SALARIO EDUCACAO - QESE;888360,56;888360,56;888360,56
9481657;1909;2025-11-04 00:00:00;PM BELA VISTA DE MINAS;18.311.043/0001-53;1261;SEE;SECRETARIA DE ESTADO DE EDUCACAO;42;AUXILIOS;1;AUXILIOS;21;COTA ESTADUAL DO SALARIO EDUCACAO - QESE;200000,0;200000,0;200000,0
9481658;1910;2025-11-04 00:00:00;PM COMENDADOR GOMES;18.449.173/0001-57;1261;SEE;SECRETARIA DE ESTADO DE EDUCACAO;42;AUXILIOS;1;AUXILIOS;21;COTA ESTADUAL DO SALARIO EDUCACAO - QESE;778841,09;778841,09;778841,09
9481659;1912;2025-11-04 00:00:00;PM EUGENOPOLIS;17.947.656/0001-19;1261;SEE;SECRETARIA DE ESTADO DE EDUCACAO;42;AUXILIOS;1;AUXILIOS;21;COTA ESTADUAL DO SALARIO EDUCACAO - QESE;564312,55;564312,55;564312,55
9481660;1913;2025-11-04 00:00:00;PM SARDOA;18.307.496/0001-06;1261;SEE;SECRETARIA DE ESTADO DE EDUCACAO;42;AUXILIOS;1;AUXILIOS;21;COTA ESTADUAL DO SALARIO EDUCACAO - QESE;801000,0;801000,0;801000,0
9481661;1914;2025-11-04 00:00:00;PM CAMBUI;18.675.975/0001-85;1261;SEE;SECRETARIA DE ESTADO DE EDUCACAO;42;AUXILIOS;1;AUXILIOS;21;COTA ESTADUAL DO SALARIO EDUCACAO - QESE;778841,49;778841,49;778841,49
9481662;1915;2025-11-04 00:00:00;PM QUARTEL GERAL;18.296.699/0001-44;1261;SEE;SECRETARIA DE ESTADO DE EDUCACAO;42;AUXILIOS;1;AUXILIOS;21;COTA ESTADUAL DO SALARIO EDUCACAO - QESE;1586889,57;1586889,57;1586889,57
9481663;1916;2025-11-04 00:00:00;PM SERRA AZUL DE MINAS;18.303.230/0001-95;1261;SEE;SECRETARIA DE ESTADO DE EDUCACAO;42;AUXILIOS;1;AUXILIOS;21;COTA ESTADUAL DO SALARIO EDUCACAO - QESE;324048,01;324048,01;324048,01
9481664;1917;2025-11-04 00:00:00;PM ITUTINGA;18.244.384/0001-53;1261;SEE;SECRETARIA DE ESTADO DE EDUCACAO;42;AUXILIOS;1;AUXILIOS;21;COTA ESTADUAL DO SALARIO EDUCACAO - QESE;199975,64;199975,64;199975,64
9481665;1918;2025-11-04 00:00:00;PM TRES PONTAS;18.245.167/0001-88;1261;SEE;SECRETARIA DE ESTADO DE EDUCACAO;42;AUXILIOS;1;AUXILIOS;21;COTA ESTADUAL DO SALARIO EDUCACAO - QESE;1776721,12;1776721,12;1776721,12
9481666;1919;2025-11-04 00:00:00;PM CHACARA;18.338.137/0001-16;1261;SEE;SECRETARIA DE ESTADO DE EDUCACAO;42;AUXILIOS;1;AUXILIOS;21;COTA ESTADUAL DO SALARIO EDUCACAO - QESE;2626721,12;2626721,12;2626721,12
9481667;1920;2025-11-04 00:00:00;PM CHALE;18.392.548/0001-90;1261;SEE;SECRETARIA DE ESTADO DE EDUCACAO;42;AUXILIOS;1;AUXILIOS;21;COTA ESTADUAL DO SALARIO EDUCACAO - QESE;1262841,56;1262841,56;1262841,56
9481668;1921;2025-11-04 00:00:00;PM MACHADO;18.242.784/0001-20;1261;SEE;SECRETARIA DE ESTADO DE EDUCACAO;42;AUXILIOS;1;AUXILIOS;21;COTA ESTADUAL DO SALARIO EDUCACAO - QESE;1055000,0;1055000,0;1055000,0
9481669;1923;2025-11-04 00:00:00;PM IBERTIOGA;18.094.839/0001-00;1261;SEE;SECRETARIA DE ESTADO DE EDUCACAO;42;AUXILIOS;1;AUXILIOS;21;COTA ESTADUAL DO SALARIO EDUCACAO - QESE;972144,03;972144,03;972144,03
9481670;1922;2025-11-04 00:00:00;PM BANDEIRA;18.349.902/0001-01;1261;SEE;SECRETARIA DE ESTADO DE EDUCACAO;42;AUXILIOS;1;AUXILIOS;21;COTA ESTADUAL DO SALARIO EDUCACAO - QESE;324048,01;324048,01;324048,01
9481671;1924;2025-11-04 00:00:00;PM CACHOEIRA DO PAJEU;18.414.599/0001-75;1261;SEE;SECRETARIA DE ESTADO DE EDUCACAO;42;AUXILIOS;1;AUXILIOS;21;COTA ESTADUAL DO SALARIO EDUCACAO - QESE;400000,0;400000,0;400000,0
9481672;450;2025-10-31 00:00:00;PM CABECEIRA GRANDE;01.603.707/0001-55;1301;SEINFRA;SECRETARIA DE ESTADO DE INFRAESTRUTURA, MOBILIDADE E PARCERIAS;42;AUXILIOS;1;AUXILIOS;15;RECURSOS ORDINARIOS - OUTROS RECURSOS NAO VINCULADOS;300000,0;300000,0;300000,0
9481673;156;2025-10-29 00:00:00;LAR DA BOA ESPERANCA DE SAO VICENTE DE PAULO DE BALDIM;01.522.825/0001-39;1491;SEGOV;SECRETARIA DE ESTADO DE GOVERNO;42;AUXILIOS;1;AUXILIOS;10;RECURSOS ORDINARIOS - RECURSOS NAO VINCULADOS DE IMPOSTOS;99634,31;99634,31;99634,31
9481674;157;2025-10-29 00:00:00;INSTITUTO SOCIAL AGUIA DE OURO DAS REGIOES DE MARIANA E OURO PRETO;07.198.873/0001-08;1491;SEGOV;SECRETARIA DE ESTADO DE GOVERNO;42;AUXILIOS;1;AUXILIOS;10;RECURSOS ORDINARIOS - RECURSOS NAO VINCULADOS DE IMPOSTOS;100000,0;100000,0;100000,0
9481675;158;2025-10-29 00:00:00;ASSOCIACO DE PAIS E AMIGOS DOS EXCEPCIONAIS DE RIO PIRACICABA;23.943.194/0001-64;1491;SEGOV;SECRETARIA DE ESTADO DE GOVERNO;42;AUXILIOS;1;AUXILIOS;10;RECURSOS ORDINARIOS - RECURSOS NAO VINCULADOS DE IMPOSTOS;100000,0;100000,0;100000,0
9481676;1925;2025-11-04 00:00:00;PM IPANEMA;18.334.292/0001-64;1261;SEE;SECRETARIA DE ESTADO DE EDUCACAO;42;AUXILIOS;1;AUXILIOS;21;COTA ESTADUAL DO SALARIO EDUCACAO - QESE;324048,01;324048,01;324048,01
9481677;1927;2025-11-05 00:00:00;PM SAO JOAO DO ORIENTE;18.338.848/0001-90;1261;SEE;SECRETARIA DE ESTADO DE EDUCACAO;42;AUXILIOS;1;AUXILIOS;21;COTA ESTADUAL DO SALARIO EDUCACAO - QESE;400000,0;400000,0;400000,0
9481678;1928;2025-11-05 00:00:00;PM PASSA VINTE;18.338.210/0001-50;1261;SEE;SECRETARIA DE ESTADO DE EDUCACAO;42;AUXILIOS;1;AUXILIOS;21;COTA ESTADUAL DO SALARIO EDUCACAO - QESE;938793,55;938793,55;938793,55
9481679;1929;2025-11-05 00:00:00;PM SANTA BARBARA DO LESTE;66.229.634/0001-29;1261;SEE;SECRETARIA DE ESTADO DE EDUCACAO;42;AUXILIOS;1;AUXILIOS;21;COTA ESTADUAL DO SALARIO EDUCACAO - QESE;1134312,55;1134312,55;1134312,55
9481680;1930;2025-11-05 00:00:00;PM SANTANA DO MANHUACU;18.385.146/0001-68;1261;SEE;SECRETARIA DE ESTADO DE EDUCACAO;42;AUXILIOS;1;AUXILIOS;21;COTA ESTADUAL DO SALARIO EDUCACAO - QESE;1021959,93;1021959,93;1021959,93
9481681;1931;2025-11-05 00:00:00;PM SAO SEBASTIAO DO RIO VERDE;17.906.314/0001-50;1261;SEE;SECRETARIA DE ESTADO DE EDUCACAO;42;AUXILIOS;1;AUXILIOS;21;COTA ESTADUAL DO SALARIO EDUCACAO - QESE;1200000,0;1200000,0;1200000,0
9481682;1932;2025-11-05 00:00:00;PM JAIBA;25.209.149/0001-06;1261;SEE;SECRETARIA DE ESTADO DE EDUCACAO;42;AUXILIOS;1;AUXILIOS;21;COTA ESTADUAL DO SALARIO EDUCACAO - QESE;564312,55;564312,55;564312,55
9481683;1933;2025-11-05 00:00:00;PM CAPELA NOVA;19.259.951/0001-08;1261;SEE;SECRETARIA DE ESTADO DE EDUCACAO;42;AUXILIOS;1;AUXILIOS;21;COTA ESTADUAL DO SALARIO EDUCACAO - QESE;564312,55;564312,55;564312,55
9481684;1934;2025-11-05 00:00:00;PM FORTALEZA DE MINAS;18.241.760/0001-56;1261;SEE;SECRETARIA DE ESTADO DE EDUCACAO;42;AUXILIOS;1;AUXILIOS;21;COTA ESTADUAL DO SALARIO EDUCACAO - QESE;972144,03;972144,03;972144,03
9481685;1935;2025-11-05 00:00:00;PM SANTO HIPOLITO;17.694.886/0001-13;1261;SEE;SECRETARIA DE ESTADO DE EDUCACAO;42;AUXILIOS;1;AUXILIOS;21;COTA ESTADUAL DO SALARIO EDUCACAO - QESE;324048,01;324048,01;324048,01
9481686;1936;2025-11-05 00:00:00;PM BAMBUI;20.920.567/0001-93;1261;SEE;SECRETARIA DE ESTADO DE EDUCACAO;42;AUXILIOS;1;AUXILIOS;21;COTA ESTADUAL DO SALARIO EDUCACAO - QESE;350000,0;350000,0;350000,0
9481687;1937;2025-11-05 00:00:00;PM CONQUISTA;18.428.888/0001-23;1261;SEE;SECRETARIA DE ESTADO DE EDUCACAO;42;AUXILIOS;1;AUXILIOS;21;COTA ESTADUAL DO SALARIO EDUCACAO - QESE;888360,56;888360,56;888360,56
9481688;1938;2025-11-05 00:00:00;PM SANTA JULIANA;18.140.780/0001-30;1261;SEE;SECRETARIA DE ESTADO DE EDUCACAO;42;AUXILIOS;1;AUXILIOS;21;COTA ESTADUAL DO SALARIO EDUCACAO - QESE;564312,55;564312,55;564312,55
9481689;1939;2025-11-05 00:00:00;PM SIMAO PEREIRA;18.338.293/0001-87;1261;SEE;SECRETARIA DE ESTADO DE EDUCACAO;42;AUXILIOS;1;AUXILIOS;21;COTA ESTADUAL DO SALARIO EDUCACAO - QESE;564312,55;564312,55;564312,55
9481690;1940;2025-11-05 00:00:00;PM VARZEA DA PALMA;18.279.059/0001-26;1261;SEE;SECRETARIA DE ESTADO DE EDUCACAO;42;AUXILIOS;1;AUXILIOS;21;COTA ESTADUAL DO SALARIO EDUCACAO - QESE;1000000,0;1000000,0;1000000,0
9481691;1941;2025-11-05 00:00:00;PM ITAMOGI;18.241.380/0001-11;1261;SEE;SECRETARIA DE ESTADO DE EDUCACAO;42;AUXILIOS;1;AUXILIOS;21;COTA ESTADUAL DO SALARIO EDUCACAO - QESE;635000,0;635000,0;635000,0
9481692;1908;2025-11-04 00:00:00;PM BOCAINA DE MINAS;18.194.076/0001-60;1261;SEE;SECRETARIA DE ESTADO DE EDUCACAO;42;AUXILIOS;1;AUXILIOS;21;COTA ESTADUAL DO SALARIO EDUCACAO - QESE;99049,96;99049,96;99049,96
9481693;1942;2025-11-05 00:00:00;PM CIPOTANEA;18.094.805/0001-07;1261;SEE;SECRETARIA DE ESTADO DE EDUCACAO;42;AUXILIOS;1;AUXILIOS;21;COTA ESTADUAL DO SALARIO EDUCACAO - QESE;1212408,57;1212408,57;1212408,57
9481694;1943;2025-11-05 00:00:00;PM CONSOLACAO;18.025.916/0001-61;1261;SEE;SECRETARIA DE ESTADO DE EDUCACAO;42;AUXILIOS;1;AUXILIOS;21;COTA ESTADUAL DO SALARIO EDUCACAO - QESE;1117338,8;1117338,8;1117338,8
9481695;1944;2025-11-05 00:00:00;PM GUIDOVAL;18.128.215/0001-58;1261;SEE;SECRETARIA DE ESTADO DE EDUCACAO;42;AUXILIOS;1;AUXILIOS;21;COTA ESTADUAL DO SALARIO EDUCACAO - QESE;324048,01;324048,01;324048,01
9481697;1907;2025-11-04 00:00:00;PM SANTANA DO GARAMBEU;18.338.285/0001-30;1261;SEE;SECRETARIA DE ESTADO DE EDUCACAO;42;AUXILIOS;1;AUXILIOS;21;COTA ESTADUAL DO SALARIO EDUCACAO - QESE;200000,0;200000,0;200000,0
9481698;512;2025-10-31 00:00:00;PM RIACHO DOS MACHADOS;16.925.208/0001-51;1481;SEDESE;SECRETARIA DE ESTADO DE DESENVOLVIMENTO SOCIAL;41;CONTRIBUICOES;1;CONTRIBUICOES;71;RECURSOS DO FUNDO ESTADUAL DE ERRADICACAO DA MISERIA;19194,75;19194,75;19194,75
9481699;513;2025-10-31 00:00:00;PM JORDANIA;18.349.928/0001-41;1481;SEDESE;SECRETARIA DE ESTADO DE DESENVOLVIMENTO SOCIAL;41;CONTRIBUICOES;1;CONTRIBUICOES;71;RECURSOS DO FUNDO ESTADUAL DE ERRADICACAO DA MISERIA;19002,8;19002,8;19002,8
9481701;1946;2025-11-05 00:00:00;PM SANTO ANTONIO DO GRAMA;18.836.973/0001-20;1261;SEE;SECRETARIA DE ESTADO DE EDUCACAO;42;AUXILIOS;1;AUXILIOS;21;COTA ESTADUAL DO SALARIO EDUCACAO - QESE;324048,01;324048,01;324048,01
9481702;1947;2025-11-05 00:00:00;PM RIO CASCA;18.836.957/0001-38;1261;SEE;SECRETARIA DE ESTADO DE EDUCACAO;42;AUXILIOS;1;AUXILIOS;21;COTA ESTADUAL DO SALARIO EDUCACAO - QESE;564312,55;564312,55;564312,55
9481703;1948;2025-11-05 00:00:00;PM RIO PARANAIBA;18.602.045/0001-00;1261;SEE;SECRETARIA DE ESTADO DE EDUCACAO;42;AUXILIOS;1;AUXILIOS;21;COTA ESTADUAL DO SALARIO EDUCACAO - QESE;614745,54;614745,54;614745,54
9481704;1949;2025-11-05 00:00:00;PM INHAUMA;18.116.152/0001-10;1261;SEE;SECRETARIA DE ESTADO DE EDUCACAO;42;AUXILIOS;1;AUXILIOS;21;COTA ESTADUAL DO SALARIO EDUCACAO - QESE;888360,56;888360,56;888360,56
9481705;1950;2025-11-05 00:00:00;PM JOAO PINHEIRO;16.930.299/0001-13;1261;SEE;SECRETARIA DE ESTADO DE EDUCACAO;42;AUXILIOS;1;AUXILIOS;21;COTA ESTADUAL DO SALARIO EDUCACAO - QESE;1029202,08;1029202,08;1029202,08
9481706;159;2025-10-31 00:00:00;ASSOCIACAO MINEIRA DE HABITACAO - AMH;17.708.211/0001-86;1491;SEGOV;SECRETARIA DE ESTADO DE GOVERNO;42;AUXILIOS;1;AUXILIOS;10;RECURSOS ORDINARIOS - RECURSOS NAO VINCULADOS DE IMPOSTOS;150000,0;150000,0;150000,0
9481707;1945;2025-11-05 00:00:00;PM BAMBUI;20.920.567/0001-93;1261;SEE;SECRETARIA DE ESTADO DE EDUCACAO;42;AUXILIOS;1;AUXILIOS;21;COTA ESTADUAL DO SALARIO EDUCACAO - QESE;600000,0;600000,0;600000,0
9481822;608;2025-11-03 00:00:00;ASSEEMG ASSOCIACAO ESPORTIVA E EVENTOS DE MINAS GERAIS;18.772.031/0001-26;1481;SEDESE;SECRETARIA DE ESTADO DE DESENVOLVIMENTO SOCIAL;43;SUBVENCOES SOCIAIS;1;SUBVENCOES SOCIAIS;10;RECURSOS ORDINARIOS - RECURSOS NAO VINCULADOS DE IMPOSTOS;199860,0;199860,0;199860,0
9481830;1954;2025-11-05 00:00:00;PM ROSARIO DA LIMEIRA;01.616.837/0001-22;1261;SEE;SECRETARIA DE ESTADO DE EDUCACAO;42;AUXILIOS;1;AUXILIOS;21;COTA ESTADUAL DO SALARIO EDUCACAO - QESE;324048,01;324048,01;324048,01
9481831;1955;2025-11-05 00:00:00;PM SAO FRANCISCO DO GLORIA;18.114.231/0001-91;1261;SEE;SECRETARIA DE ESTADO DE EDUCACAO;42;AUXILIOS;1;AUXILIOS;21;COTA ESTADUAL DO SALARIO EDUCACAO - QESE;1296192,04;1296192,04;1296192,04
9481832;1956;2025-11-06 00:00:00;PM ESTIVA;18.675.918/0001-04;1261;SEE;SECRETARIA DE ESTADO DE EDUCACAO;42;AUXILIOS;1;AUXILIOS;21;COTA ESTADUAL DO SALARIO EDUCACAO - QESE;800000,0;800000,0;800000,0
9481833;1990;2025-11-07 00:00:00;PM IGARAPE;18.715.474/0001-85;1261;SEE;SECRETARIA DE ESTADO DE EDUCACAO;41;CONTRIBUICOES;1;CONTRIBUICOES;21;COTA ESTADUAL DO SALARIO EDUCACAO - QESE;3000000,0;3000000,0;3000000,0
9481876;162;2025-11-03 00:00:00;ASSOCIACAO RENASCER MYLENA VITORIA;45.202.927/0001-42;1491;SEGOV;SECRETARIA DE ESTADO DE GOVERNO;42;AUXILIOS;1;AUXILIOS;10;RECURSOS ORDINARIOS - RECURSOS NAO VINCULADOS DE IMPOSTOS;101134,08;101134,08;101134,08
9481889;3806;2025-11-14 00:00:00;PM CARATINGA;18.334.268/0001-25;1491;SEGOV;SECRETARIA DE ESTADO DE GOVERNO;42;AUXILIOS;1;AUXILIOS;15;RECURSOS ORDINARIOS - OUTROS RECURSOS NAO VINCULADOS;89307,98;89307,98;89307,98
9481893;3807;2025-11-14 00:00:00;PM ARACUAI;17.963.083/0001-17;1491;SEGOV;SECRETARIA DE ESTADO DE GOVERNO;42;AUXILIOS;1;AUXILIOS;15;RECURSOS ORDINARIOS - OUTROS RECURSOS NAO VINCULADOS;985514,75;985514,75;985514,75
9481911;160;2025-11-03 00:00:00;ASSOCIACAO BENEFICENTE DE ITAPORE;21.025.580/0001-41;1491;SEGOV;SECRETARIA DE ESTADO DE GOVERNO;42;AUXILIOS;1;AUXILIOS;10;RECURSOS ORDINARIOS - RECURSOS NAO VINCULADOS DE IMPOSTOS;0,0;0,0;0,0
9481911;161;2025-11-03 00:00:00;ASSOCIACAO BENEFICENTE DE ITAPORE;21.025.580/0001-41;1491;SEGOV;SECRETARIA DE ESTADO DE GOVERNO;42;AUXILIOS;1;AUXILIOS;10;RECURSOS ORDINARIOS - RECURSOS NAO VINCULADOS DE IMPOSTOS;104278,35;104278,35;104278,35
9481914;163;2025-11-03 00:00:00;CENTRO SOCIAL DO RIACHO;34.876.823/0001-05;1491;SEGOV;SECRETARIA DE ESTADO DE GOVERNO;42;AUXILIOS;1;AUXILIOS;10;RECURSOS ORDINARIOS - RECURSOS NAO VINCULADOS DE IMPOSTOS;97828,43;97828,43;97828,43
9481920;5751;2025-11-13 00:00:00;SOCIEDADE DE ACAO COMUNITARIA CANAA;01.940.015/0001-00;1271;SECULT;SECRETARIA DE ESTADO DE CULTURA E TURISMO;42;AUXILIOS;1;AUXILIOS;10;RECURSOS ORDINARIOS - RECURSOS NAO VINCULADOS DE IMPOSTOS;100000,0;100000,0;100000,0
9481923;5752;2025-11-13 00:00:00;ASSOCIACAO ESTRELA DO ORIENTE;10.579.644/0001-30;1271;SECULT;SECRETARIA DE ESTADO DE CULTURA E TURISMO;42;AUXILIOS;1;AUXILIOS;10;RECURSOS ORDINARIOS - RECURSOS NAO VINCULADOS DE IMPOSTOS;100000,0;100000,0;100000,0
9482019;5739;2025-11-07 00:00:00;PM CONCEICAO DO MATO DENTRO;18.303.156/0001-07;1271;SECULT;SECRETARIA DE ESTADO DE CULTURA E TURISMO;41;CONTRIBUICOES;1;CONTRIBUICOES;15;RECURSOS ORDINARIOS - OUTROS RECURSOS NAO VINCULADOS;150000,0;150000,0;150000,0
9482021;1969;2025-11-06 00:00:00;PM AIURUOCA;18.008.896/0001-10;1261;SEE;SECRETARIA DE ESTADO DE EDUCACAO;42;AUXILIOS;1;AUXILIOS;21;COTA ESTADUAL DO SALARIO EDUCACAO - QESE;1452673,11;1452673,11;1452673,11
9482022;1970;2025-11-06 00:00:00;PM PIRAPETINGA;18.092.825/0001-49;1261;SEE;SECRETARIA DE ESTADO DE EDUCACAO;42;AUXILIOS;1;AUXILIOS;21;COTA ESTADUAL DO SALARIO EDUCACAO - QESE;1128625,1;1128625,1;1128625,1
9482023;1971;2025-11-06 00:00:00;PM SANTANA DO GARAMBEU;18.338.285/0001-30;1261;SEE;SECRETARIA DE ESTADO DE EDUCACAO;42;AUXILIOS;1;AUXILIOS;21;COTA ESTADUAL DO SALARIO EDUCACAO - QESE;1212408,57;1212408,57;1212408,57
9482026;1972;2025-11-06 00:00:00;PM AGUA BOA;18.085.563/0001-95;1261;SEE;SECRETARIA DE ESTADO DE EDUCACAO;42;AUXILIOS;1;AUXILIOS;21;COTA ESTADUAL DO SALARIO EDUCACAO - QESE;324048,01;324048,01;324048,01
9482027;1973;2025-11-06 00:00:00;PM AGUANIL;17.888.108/0001-65;1261;SEE;SECRETARIA DE ESTADO DE EDUCACAO;42;AUXILIOS;1;AUXILIOS;21;COTA ESTADUAL DO SALARIO EDUCACAO - QESE;324048,01;324048,01;324048,01
9482028;1974;2025-11-06 00:00:00;PM ILICINEA;18.239.608/0001-39;1261;SEE;SECRETARIA DE ESTADO DE EDUCACAO;42;AUXILIOS;1;AUXILIOS;21;COTA ESTADUAL DO SALARIO EDUCACAO - QESE;648096,02;648096,02;648096,02
9482029;1975;2025-11-06 00:00:00;PM VARGEM BONITA;16.788.309/0001-28;1261;SEE;SECRETARIA DE ESTADO DE EDUCACAO;42;AUXILIOS;1;AUXILIOS;21;COTA ESTADUAL DO SALARIO EDUCACAO - QESE;2391466,66;2391466,66;2391466,66
9482030;1976;2025-11-06 00:00:00;PM NEPOMUCENO;18.244.350/0001-69;1261;SEE;SECRETARIA DE ESTADO DE EDUCACAO;42;AUXILIOS;1;AUXILIOS;21;COTA ESTADUAL DO SALARIO EDUCACAO - QESE;564312,55;564312,55;564312,55
9482031;1977;2025-11-06 00:00:00;PM MONTE SIAO;22.646.525/0001-31;1261;SEE;SECRETARIA DE ESTADO DE EDUCACAO;42;AUXILIOS;1;AUXILIOS;21;COTA ESTADUAL DO SALARIO EDUCACAO - QESE;3017557,08;3017557,08;3017557,08
9482033;1978;2025-11-06 00:00:00;PM VEREDINHA;01.614.685/0001-29;1261;SEE;SECRETARIA DE ESTADO DE EDUCACAO;42;AUXILIOS;1;AUXILIOS;21;COTA ESTADUAL DO SALARIO EDUCACAO - QESE;400000,0;400000,0;400000,0
9482034;1979;2025-11-06 00:00:00;PM SANTA VITORIA;18.457.226/0001-81;1261;SEE;SECRETARIA DE ESTADO DE EDUCACAO;42;AUXILIOS;1;AUXILIOS;21;COTA ESTADUAL DO SALARIO EDUCACAO - QESE;1055000,0;1055000,0;1055000,0
9482035;1980;2025-11-06 00:00:00;PM MOEDA;18.363.952/0001-35;1261;SEE;SECRETARIA DE ESTADO DE EDUCACAO;42;AUXILIOS;1;AUXILIOS;21;COTA ESTADUAL DO SALARIO EDUCACAO - QESE;564312,55;564312,55;564312,55
9482037;609;2025-11-06 00:00:00;ASSOCIACAO DIREITO A SONHAR;21.948.417/0001-50;1481;SEDESE;SECRETARIA DE ESTADO DE DESENVOLVIMENTO SOCIAL;43;SUBVENCOES SOCIAIS;1;SUBVENCOES SOCIAIS;10;RECURSOS ORDINARIOS - RECURSOS NAO VINCULADOS DE IMPOSTOS;49999,92;49999,92;49999,92
9482037;610;2025-11-06 00:00:00;ASSOCIACAO DIREITO A SONHAR;21.948.417/0001-50;1481;SEDESE;SECRETARIA DE ESTADO DE DESENVOLVIMENTO SOCIAL;42;AUXILIOS;1;AUXILIOS;10;RECURSOS ORDINARIOS - RECURSOS NAO VINCULADOS DE IMPOSTOS;50000,0;50000,0;50000,0
9482039;1957;2025-11-06 00:00:00;PM ALTO JEQUITIBA;18.392.506/0001-59;1261;SEE;SECRETARIA DE ESTADO DE EDUCACAO;42;AUXILIOS;1;AUXILIOS;21;COTA ESTADUAL DO SALARIO EDUCACAO - QESE;648096,02;648096,02;648096,02
9482040;1958;2025-11-06 00:00:00;PM PIEDADE DE PONTE NOVA;18.316.257/0001-12;1261;SEE;SECRETARIA DE ESTADO DE EDUCACAO;42;AUXILIOS;1;AUXILIOS;21;COTA ESTADUAL DO SALARIO EDUCACAO - QESE;324048,01;324048,01;324048,01
9482043;1959;2025-11-06 00:00:00;PM JEQUITAI;18.279.083/0001-65;1261;SEE;SECRETARIA DE ESTADO DE EDUCACAO;42;AUXILIOS;1;AUXILIOS;21;COTA ESTADUAL DO SALARIO EDUCACAO - QESE;800910,07;800910,07;800910,07
9482044;1960;2025-11-06 00:00:00;PM BOM JARDIM DE MINAS;18.684.217/0001-23;1261;SEE;SECRETARIA DE ESTADO DE EDUCACAO;42;AUXILIOS;1;AUXILIOS;21;COTA ESTADUAL DO SALARIO EDUCACAO - QESE;150000,0;150000,0;150000,0
9482045;1961;2025-11-06 00:00:00;PM SACRAMENTO;18.140.764/0001-48;1261;SEE;SECRETARIA DE ESTADO DE EDUCACAO;42;AUXILIOS;1;AUXILIOS;21;COTA ESTADUAL DO SALARIO EDUCACAO - QESE;1296192,04;1296192,04;1296192,04
9482047;1962;2025-11-06 00:00:00;PM CAMPO FLORIDO;18.428.862/0001-85;1261;SEE;SECRETARIA DE ESTADO DE EDUCACAO;42;AUXILIOS;1;AUXILIOS;21;COTA ESTADUAL DO SALARIO EDUCACAO - QESE;1054644,49;1054644,49;1054644,49
9482048;1963;2025-11-06 00:00:00;PM EXTREMA;18.677.591/0001-00;1261;SEE;SECRETARIA DE ESTADO DE EDUCACAO;42;AUXILIOS;1;AUXILIOS;21;COTA ESTADUAL DO SALARIO EDUCACAO - QESE;324048,01;324048,01;324048,01
9482049;1964;2025-11-06 00:00:00;PM CHIADOR;18.338.145/0001-62;1261;SEE;SECRETARIA DE ESTADO DE EDUCACAO;42;AUXILIOS;1;AUXILIOS;21;COTA ESTADUAL DO SALARIO EDUCACAO - QESE;938793,55;938793,55;938793,55
9482050;1965;2025-11-06 00:00:00;PM SAO JOAO DA LAGOA;01.612.494/0001-28;1261;SEE;SECRETARIA DE ESTADO DE EDUCACAO;42;AUXILIOS;1;AUXILIOS;21;COTA ESTADUAL DO SALARIO EDUCACAO - QESE;2500000,0;2500000,0;2500000,0
9482051;1966;2025-11-06 00:00:00;PM TOCANTINS;18.128.223/0001-02;1261;SEE;SECRETARIA DE ESTADO DE EDUCACAO;42;AUXILIOS;1;AUXILIOS;21;COTA ESTADUAL DO SALARIO EDUCACAO - QESE;1128625,1;1128625,1;1128625,1
9482052;1967;2025-11-06 00:00:00;PM MONTALVANIA;17.097.791/0001-12;1261;SEE;SECRETARIA DE ESTADO DE EDUCACAO;42;AUXILIOS;1;AUXILIOS;21;COTA ESTADUAL DO SALARIO EDUCACAO - QESE;1179058,09;1179058,09;1179058,09
9482054;1968;2025-11-06 00:00:00;PM VARZEA DA PALMA;18.279.059/0001-26;1261;SEE;SECRETARIA DE ESTADO DE EDUCACAO;42;AUXILIOS;1;AUXILIOS;21;COTA ESTADUAL DO SALARIO EDUCACAO - QESE;801000,0;801000,0;801000,0
9482083;1981;2025-11-06 00:00:00;PM AUGUSTO DE LIMA;17.694.845/0001-27;1261;SEE;SECRETARIA DE ESTADO DE EDUCACAO;42;AUXILIOS;1;AUXILIOS;21;COTA ESTADUAL DO SALARIO EDUCACAO - QESE;1179058,09;1179058,09;1179058,09
9482084;1982;2025-11-06 00:00:00;PM SANTANA DO JACARE;17.888.116/0001-01;1261;SEE;SECRETARIA DE ESTADO DE EDUCACAO;42;AUXILIOS;1;AUXILIOS;21;COTA ESTADUAL DO SALARIO EDUCACAO - QESE;778841,09;778841,09;778841,09
9482085;1983;2025-11-06 00:00:00;PM NOVA UNIAO;18.302.307/0001-02;1261;SEE;SECRETARIA DE ESTADO DE EDUCACAO;42;AUXILIOS;1;AUXILIOS;21;COTA ESTADUAL DO SALARIO EDUCACAO - QESE;938793,55;938793,55;938793,55
9482088;164;2025-11-05 00:00:00;ASSOCIACAO DE ARBITROS DE JUIZ DE FORA E REGIOES AAIJFR;65.251.431/0001-76;1491;SEGOV;SECRETARIA DE ESTADO DE GOVERNO;42;AUXILIOS;1;AUXILIOS;10;RECURSOS ORDINARIOS - RECURSOS NAO VINCULADOS DE IMPOSTOS;132759,0;132759,0;132759,0
9482089;612;2025-11-06 00:00:00;ASSOCIACAO JUNTOS POR CONTAGEM;12.607.580/0001-69;1481;SEDESE;SECRETARIA DE ESTADO DE DESENVOLVIMENTO SOCIAL;43;SUBVENCOES SOCIAIS;1;SUBVENCOES SOCIAIS;10;RECURSOS ORDINARIOS - RECURSOS NAO VINCULADOS DE IMPOSTOS;300000,0;300000,0;300000,0
9482090;611;2025-11-06 00:00:00;ASSOCIACO CASA DA COMUNIDADE;44.966.905/0001-96;1481;SEDESE;SECRETARIA DE ESTADO DE DESENVOLVIMENTO SOCIAL;43;SUBVENCOES SOCIAIS;1;SUBVENCOES SOCIAIS;10;RECURSOS ORDINARIOS - RECURSOS NAO VINCULADOS DE IMPOSTOS;99999,9;99999,9;99999,9
9482956;1984;2025-11-07 00:00:00;PM MATHIAS LOBATO;18.332.619/0001-69;1261;SEE;SECRETARIA DE ESTADO DE EDUCACAO;42;AUXILIOS;1;AUXILIOS;21;COTA ESTADUAL DO SALARIO EDUCACAO - QESE;650000,0;650000,0;650000,0
9482957;1985;2025-11-07 00:00:00;PM CAMBUI;18.675.975/0001-85;1261;SEE;SECRETARIA DE ESTADO DE EDUCACAO;42;AUXILIOS;1;AUXILIOS;21;COTA ESTADUAL DO SALARIO EDUCACAO - QESE;324048,01;324048,01;324048,01
9482958;1986;2025-11-07 00:00:00;PM JORDANIA;18.349.928/0001-41;1261;SEE;SECRETARIA DE ESTADO DE EDUCACAO;42;AUXILIOS;1;AUXILIOS;21;COTA ESTADUAL DO SALARIO EDUCACAO - QESE;1212408,57;1212408,57;1212408,57
9482960;1987;2025-11-07 00:00:00;PM NATALANDIA;01.593.752/0001-76;1261;SEE;SECRETARIA DE ESTADO DE EDUCACAO;42;AUXILIOS;1;AUXILIOS;21;COTA ESTADUAL DO SALARIO EDUCACAO - QESE;888360,56;888360,56;888360,56
9482961;1991;2025-11-07 00:00:00;PM CATUTI;01.612.502/0001-36;1261;SEE;SECRETARIA DE ESTADO DE EDUCACAO;42;AUXILIOS;1;AUXILIOS;21;COTA ESTADUAL DO SALARIO EDUCACAO - QESE;2000000,0;2000000,0;2000000,0
9482962;1988;2025-11-07 00:00:00;PM CORACAO DE JESUS;22.680.672/0001-28;1261;SEE;SECRETARIA DE ESTADO DE EDUCACAO;42;AUXILIOS;1;AUXILIOS;21;COTA ESTADUAL DO SALARIO EDUCACAO - QESE;778841,09;778841,09;778841,09
9482965;1989;2025-11-07 00:00:00;PM LUISLANDIA;01.612.887/0001-31;1261;SEE;SECRETARIA DE ESTADO DE EDUCACAO;42;AUXILIOS;1;AUXILIOS;21;COTA ESTADUAL DO SALARIO EDUCACAO - QESE;888360,56;888360,56;888360,56
9482966;1992;2025-11-07 00:00:00;PM DORES DE CAMPOS;18.094.821/0001-08;1261;SEE;SECRETARIA DE ESTADO DE EDUCACAO;42;AUXILIOS;1;AUXILIOS;21;COTA ESTADUAL DO SALARIO EDUCACAO - QESE;1055000,0;1055000,0;1055000,0
9482967;1993;2025-11-07 00:00:00;PM DATAS;17.754.193/0001-79;1261;SEE;SECRETARIA DE ESTADO DE EDUCACAO;42;AUXILIOS;1;AUXILIOS;21;COTA ESTADUAL DO SALARIO EDUCACAO - QESE;700000,0;700000,0;700000,0
9482968;1994;2025-11-07 00:00:00;PM BARROSO;18.094.755/0001-68;1261;SEE;SECRETARIA DE ESTADO DE EDUCACAO;42;AUXILIOS;1;AUXILIOS;21;COTA ESTADUAL DO SALARIO EDUCACAO - QESE;778841,09;778841,09;778841,09
9482969;1995;2025-11-07 00:00:00;PM CLARO DOS POCOES;21.498.274/0001-22;1261;SEE;SECRETARIA DE ESTADO DE EDUCACAO;42;AUXILIOS;1;AUXILIOS;21;COTA ESTADUAL DO SALARIO EDUCACAO - QESE;1790000,0;1790000,0;1790000,0
9482981;613;2025-11-06 00:00:00;GRUPO DAS SAMARITANAS;20.705.968/0001-20;1481;SEDESE;SECRETARIA DE ESTADO DE DESENVOLVIMENTO SOCIAL;42;AUXILIOS;1;AUXILIOS;10;RECURSOS ORDINARIOS - RECURSOS NAO VINCULADOS DE IMPOSTOS;99976,0;99976,0;99976,0
9482986;614;2025-11-06 00:00:00;ASSOPOC - ASSOCIACAO DOS PROTETORES DOS POBRES E CARENTES;01.286.108/0001-55;1481;SEDESE;SECRETARIA DE ESTADO DE DESENVOLVIMENTO SOCIAL;42;AUXILIOS;1;AUXILIOS;10;RECURSOS ORDINARIOS - RECURSOS NAO VINCULADOS DE IMPOSTOS;200792,24;200792,24;200792,24
9482996;5745;2025-11-12 00:00:00;ASSOCIACAO DE DESENVOLVIMENTO CULTURAL REGIONAL;14.341.793/0001-17;1271;SECULT;SECRETARIA DE ESTADO DE CULTURA E TURISMO;41;CONTRIBUICOES;1;CONTRIBUICOES;10;RECURSOS ORDINARIOS - RECURSOS NAO VINCULADOS DE IMPOSTOS;100000,0;100000,0;100000,0
9482997;5744;2025-11-12 00:00:00;INSTITUTO CIRCULAR CULTURAL;05.827.725/0001-71;1271;SECULT;SECRETARIA DE ESTADO DE CULTURA E TURISMO;41;CONTRIBUICOES;1;CONTRIBUICOES;10;RECURSOS ORDINARIOS - RECURSOS NAO VINCULADOS DE IMPOSTOS;250000,0;250000,0;250000,0
9482998;5758;2025-11-24 00:00:00;PM CONCEICAO DO PARA;18.315.200/0001-07;1271;SECULT;SECRETARIA DE ESTADO DE CULTURA E TURISMO;41;CONTRIBUICOES;1;CONTRIBUICOES;15;RECURSOS ORDINARIOS - OUTROS RECURSOS NAO VINCULADOS;138600,0;138600,0;138600,0
9482999;5746;2025-11-12 00:00:00;FUNDACAO CONSCIENCIARTE;00.521.168/0001-42;1271;SECULT;SECRETARIA DE ESTADO DE CULTURA E TURISMO;41;CONTRIBUICOES;1;CONTRIBUICOES;10;RECURSOS ORDINARIOS - RECURSOS NAO VINCULADOS DE IMPOSTOS;250000,0;250000,0;250000,0
9483000;5755;2025-11-13 00:00:00;FUNDACAO DE APOIO AO DESENVOLVIMENTO DO ENSINO SUPERIOR DO NORTE DE MI;01.440.615/0001-00;1271;SECULT;SECRETARIA DE ESTADO DE CULTURA E TURISMO;41;CONTRIBUICOES;1;CONTRIBUICOES;10;RECURSOS ORDINARIOS - RECURSOS NAO VINCULADOS DE IMPOSTOS;150000,0;150000,0;150000,0
9483001;5749;2025-11-13 00:00:00;CORPORACAO MUSICAL SAO SEBASTIAO;09.360.312/0001-80;1271;SECULT;SECRETARIA DE ESTADO DE CULTURA E TURISMO;41;CONTRIBUICOES;1;CONTRIBUICOES;10;RECURSOS ORDINARIOS - RECURSOS NAO VINCULADOS DE IMPOSTOS;9990,0;9990,0;9990,0
9483001;5750;2025-11-13 00:00:00;CORPORACAO MUSICAL SAO SEBASTIAO;09.360.312/0001-80;1271;SECULT;SECRETARIA DE ESTADO DE CULTURA E TURISMO;42;AUXILIOS;1;AUXILIOS;10;RECURSOS ORDINARIOS - RECURSOS NAO VINCULADOS DE IMPOSTOS;90000,0;90000,0;90000,0
9483002;5753;2025-11-13 00:00:00;CENTRO DE REFERENCIA DOS CULTOS AFRO-BRASILEIRO DO NORTE DE MINAS GER;10.207.088/0001-70;1271;SECULT;SECRETARIA DE ESTADO DE CULTURA E TURISMO;41;CONTRIBUICOES;1;CONTRIBUICOES;10;RECURSOS ORDINARIOS - RECURSOS NAO VINCULADOS DE IMPOSTOS;50000,0;50000,0;50000,0
9483002;5754;2025-11-13 00:00:00;CENTRO DE REFERENCIA DOS CULTOS AFRO-BRASILEIRO DO NORTE DE MINAS GER;10.207.088/0001-70;1271;SECULT;SECRETARIA DE ESTADO DE CULTURA E TURISMO;42;AUXILIOS;1;AUXILIOS;10;RECURSOS ORDINARIOS - RECURSOS NAO VINCULADOS DE IMPOSTOS;50000,0;50000,0;50000,0
9483003;5748;2025-11-13 00:00:00;FUNDACAO DIRCE DA SILVEIRA FIGUEIREDO;08.194.112/0001-32;1271;SECULT;SECRETARIA DE ESTADO DE CULTURA E TURISMO;41;CONTRIBUICOES;1;CONTRIBUICOES;10;RECURSOS ORDINARIOS - RECURSOS NAO VINCULADOS DE IMPOSTOS;506732,67;506732,67;506732,67
9483015;166;2025-11-07 00:00:00;LAR SAO VICENTE DE PAULO DE VARGINHA;05.019.043/0001-32;1491;SEGOV;SECRETARIA DE ESTADO DE GOVERNO;42;AUXILIOS;1;AUXILIOS;10;RECURSOS ORDINARIOS - RECURSOS NAO VINCULADOS DE IMPOSTOS;100000,0;100000,0;100000,0
9483016;165;2025-11-07 00:00:00;INSTITUTO ECOAGENTE;09.069.190/0001-78;1491;SEGOV;SECRETARIA DE ESTADO DE GOVERNO;42;AUXILIOS;1;AUXILIOS;10;RECURSOS ORDINARIOS - RECURSOS NAO VINCULADOS DE IMPOSTOS;74210,47;74210,47;74210,47
9483017;167;2025-11-07 00:00:00;NUCLEO DE DESENVOLVIMENTO DOS MORADORES DO MUNICIPIO DE MONTE AZUL MG;22.337.853/0001-56;1491;SEGOV;SECRETARIA DE ESTADO DE GOVERNO;42;AUXILIOS;1;AUXILIOS;10;RECURSOS ORDINARIOS - RECURSOS NAO VINCULADOS DE IMPOSTOS;132763,33;132763,33;132763,33
9483018;168;2025-11-07 00:00:00;APAE DE TOMBOS;01.793.523/0001-03;1491;SEGOV;SECRETARIA DE ESTADO DE GOVERNO;42;AUXILIOS;1;AUXILIOS;10;RECURSOS ORDINARIOS - RECURSOS NAO VINCULADOS DE IMPOSTOS;99777,02;99777,02;99777,02
9483019;1996;2025-11-11 00:00:00;PM PAULISTAS;18.307.447/0001-73;1261;SEE;SECRETARIA DE ESTADO DE EDUCACAO;42;AUXILIOS;1;AUXILIOS;21;COTA ESTADUAL DO SALARIO EDUCACAO - QESE;100000,0;100000,0;100000,0
9483022;1997;2025-11-11 00:00:00;PM ITACARAMBI;18.283.101/0001-82;1261;SEE;SECRETARIA DE ESTADO DE EDUCACAO;42;AUXILIOS;1;AUXILIOS;21;COTA ESTADUAL DO SALARIO EDUCACAO - QESE;564312,55;564312,55;564312,55
9483023;1998;2025-11-11 00:00:00;PM VARZEA DA PALMA;18.279.059/0001-26;1261;SEE;SECRETARIA DE ESTADO DE EDUCACAO;42;AUXILIOS;1;AUXILIOS;21;COTA ESTADUAL DO SALARIO EDUCACAO - QESE;801000,0;801000,0;801000,0
9483024;1999;2025-11-11 00:00:00;PM PRESIDENTE KUBITSCHEK;17.754.185/0001-22;1261;SEE;SECRETARIA DE ESTADO DE EDUCACAO;42;AUXILIOS;1;AUXILIOS;21;COTA ESTADUAL DO SALARIO EDUCACAO - QESE;835007,94;835007,94;835007,94
9483025;2000;2025-11-11 00:00:00;PM GUARANESIA;17.900.473/0001-48;1261;SEE;SECRETARIA DE ESTADO DE EDUCACAO;42;AUXILIOS;1;AUXILIOS;21;COTA ESTADUAL DO SALARIO EDUCACAO - QESE;1345967,87;1345967,87;1345967,87
9483026;2001;2025-11-11 00:00:00;PM SOBRALIA;18.083.055/0001-78;1261;SEE;SECRETARIA DE ESTADO DE EDUCACAO;42;AUXILIOS;1;AUXILIOS;21;COTA ESTADUAL DO SALARIO EDUCACAO - QESE;564312,55;564312,55;564312,55
9483027;2002;2025-11-11 00:00:00;PM BOM JESUS DO AMPARO;18.317.693/0001-06;1261;SEE;SECRETARIA DE ESTADO DE EDUCACAO;42;AUXILIOS;1;AUXILIOS;21;COTA ESTADUAL DO SALARIO EDUCACAO - QESE;1128625,1;1128625,1;1128625,1
9483028;2003;2025-11-11 00:00:00;PM COROMANDEL;18.591.149/0001-58;1261;SEE;SECRETARIA DE ESTADO DE EDUCACAO;42;AUXILIOS;1;AUXILIOS;21;COTA ESTADUAL DO SALARIO EDUCACAO - QESE;938793,55;938793,55;938793,55
9483029;2004;2025-11-11 00:00:00;PM SABARA;18.715.441/0001-35;1261;SEE;SECRETARIA DE ESTADO DE EDUCACAO;42;AUXILIOS;1;AUXILIOS;21;COTA ESTADUAL DO SALARIO EDUCACAO - QESE;320807,53;320807,53;320807,53
9483030;2005;2025-11-11 00:00:00;PM PRADOS;18.557.538/0001-67;1261;SEE;SECRETARIA DE ESTADO DE EDUCACAO;42;AUXILIOS;1;AUXILIOS;21;COTA ESTADUAL DO SALARIO EDUCACAO - QESE;1128625,1;1128625,1;1128625,1
9483031;2006;2025-11-11 00:00:00;PM CONCEICAO DAS ALAGOAS;18.428.854/0001-39;1261;SEE;SECRETARIA DE ESTADO DE EDUCACAO;42;AUXILIOS;1;AUXILIOS;21;COTA ESTADUAL DO SALARIO EDUCACAO - QESE;200000,0;200000,0;200000,0
9483032;2007;2025-11-11 00:00:00;PM BRAS PIRES;18.128.272/0001-37;1261;SEE;SECRETARIA DE ESTADO DE EDUCACAO;42;AUXILIOS;1;AUXILIOS;21;COTA ESTADUAL DO SALARIO EDUCACAO - QESE;200000,0;200000,0;200000,0
9483033;2008;2025-11-11 00:00:00;PM MAR DE ESPANHA;18.535.658/0001-63;1261;SEE;SECRETARIA DE ESTADO DE EDUCACAO;42;AUXILIOS;1;AUXILIOS;21;COTA ESTADUAL DO SALARIO EDUCACAO - QESE;1480905,33;1480905,33;1480905,33
9483036;2009;2025-11-11 00:00:00;PM CATAGUASES;17.702.499/0001-81;1261;SEE;SECRETARIA DE ESTADO DE EDUCACAO;42;AUXILIOS;1;AUXILIOS;21;COTA ESTADUAL DO SALARIO EDUCACAO - QESE;250000,0;250000,0;250000,0
9483037;2010;2025-11-11 00:00:00;PM IMBE DE MINAS;01.613.233/0001-22;1261;SEE;SECRETARIA DE ESTADO DE EDUCACAO;42;AUXILIOS;1;AUXILIOS;21;COTA ESTADUAL DO SALARIO EDUCACAO - QESE;150000,0;150000,0;150000,0
9483076;2011;2025-11-11 00:00:00;PM JOSE GONCALVES DE MINAS;01.613.372/0001-56;1261;SEE;SECRETARIA DE ESTADO DE EDUCACAO;42;AUXILIOS;1;AUXILIOS;21;COTA ESTADUAL DO SALARIO EDUCACAO - QESE;800000,0;800000,0;800000,0
9483077;2012;2025-11-11 00:00:00;PM ITINGA;18.348.748/0001-45;1261;SEE;SECRETARIA DE ESTADO DE EDUCACAO;42;AUXILIOS;1;AUXILIOS;21;COTA ESTADUAL DO SALARIO EDUCACAO - QESE;778841,09;778841,09;778841,09
9483078;2013;2025-11-11 00:00:00;PM NOVORIZONTE;01.616.420/0001-60;1261;SEE;SECRETARIA DE ESTADO DE EDUCACAO;42;AUXILIOS;1;AUXILIOS;21;COTA ESTADUAL DO SALARIO EDUCACAO - QESE;297000,0;297000,0;297000,0
9483079;2014;2025-11-11 00:00:00;PM SAO JOSE DO JACURI;18.409.201/0001-02;1261;SEE;SECRETARIA DE ESTADO DE EDUCACAO;42;AUXILIOS;1;AUXILIOS;21;COTA ESTADUAL DO SALARIO EDUCACAO - QESE;324048,01;324048,01;324048,01
9483080;2015;2025-11-11 00:00:00;PM BANDEIRA DO SUL;18.175.794/0001-90;1261;SEE;SECRETARIA DE ESTADO DE EDUCACAO;42;AUXILIOS;1;AUXILIOS;21;COTA ESTADUAL DO SALARIO EDUCACAO - QESE;1200000,0;1200000,0;1200000,0
9483089;387;2025-11-11 00:00:00;ASSOCIACAO DOS AGRICULTORES FAMILIARES DA COMUNIDADE DO LIMOEIRO;08.486.410/0001-04;1231;SEAPA;SECRETARIA DE ESTADO DE AGRICULTURA, PECUARIA E ABASTECIMENTO;41;CONTRIBUICOES;1;CONTRIBUICOES;10;RECURSOS ORDINARIOS - RECURSOS NAO VINCULADOS DE IMPOSTOS;120000,0;120000,0;120000,0
9483113;389;2025-11-12 00:00:00;PM JEQUITAI;18.279.083/0001-65;1231;SEAPA;SECRETARIA DE ESTADO DE AGRICULTURA, PECUARIA E ABASTECIMENTO;41;CONTRIBUICOES;1;CONTRIBUICOES;15;RECURSOS ORDINARIOS - OUTROS RECURSOS NAO VINCULADOS;450000,0;450000,0;450000,0
9483645;388;2025-11-11 00:00:00;PM UNAI;18.125.161/0001-77;1231;SEAPA;SECRETARIA DE ESTADO DE AGRICULTURA, PECUARIA E ABASTECIMENTO;41;CONTRIBUICOES;1;CONTRIBUICOES;10;RECURSOS ORDINARIOS - RECURSOS NAO VINCULADOS DE IMPOSTOS;126125,16;126125,16;126125,16
9483893;390;2025-11-12 00:00:00;PM SAO JOAO DA PONTE;16.928.483/0001-29;1231;SEAPA;SECRETARIA DE ESTADO DE AGRICULTURA, PECUARIA E ABASTECIMENTO;41;CONTRIBUICOES;1;CONTRIBUICOES;15;RECURSOS ORDINARIOS - OUTROS RECURSOS NAO VINCULADOS;544500,0;544500,0;544500,0
9483894;391;2025-11-12 00:00:00;PM MACHACALIS;18.404.921/0001-85;1231;SEAPA;SECRETARIA DE ESTADO DE AGRICULTURA, PECUARIA E ABASTECIMENTO;41;CONTRIBUICOES;1;CONTRIBUICOES;15;RECURSOS ORDINARIOS - OUTROS RECURSOS NAO VINCULADOS;26994,0;26994,0;26994,0
9483895;392;2025-11-12 00:00:00;PM BARROSO;18.094.755/0001-68;1231;SEAPA;SECRETARIA DE ESTADO DE AGRICULTURA, PECUARIA E ABASTECIMENTO;41;CONTRIBUICOES;1;CONTRIBUICOES;15;RECURSOS ORDINARIOS - OUTROS RECURSOS NAO VINCULADOS;388050,0;388050,0;388050,0
9483899;2016;2025-11-11 00:00:00;PM SANTANA DO DESERTO;18.338.277/0001-94;1261;SEE;SECRETARIA DE ESTADO DE EDUCACAO;42;AUXILIOS;1;AUXILIOS;21;COTA ESTADUAL DO SALARIO EDUCACAO - QESE;888360,56;888360,56;888360,56
9483900;2017;2025-11-11 00:00:00;PM ALEM PARAIBA;17.709.197/0001-35;1261;SEE;SECRETARIA DE ESTADO DE EDUCACAO;42;AUXILIOS;1;AUXILIOS;21;COTA ESTADUAL DO SALARIO EDUCACAO - QESE;614745,54;614745,54;614745,54
9483901;2018;2025-11-11 00:00:00;PM MADRE DE DEUS DE MINAS;18.029.371/0001-61;1261;SEE;SECRETARIA DE ESTADO DE EDUCACAO;42;AUXILIOS;1;AUXILIOS;21;COTA ESTADUAL DO SALARIO EDUCACAO - QESE;882717,43;882717,43;882717,43
9483905;615;2025-11-11 00:00:00;ASSOCIACAO DOS VOLUNTARIOS VIDA VIVA DE CAMPOS GERAIS;08.116.754/0001-13;1481;SEDESE;SECRETARIA DE ESTADO DE DESENVOLVIMENTO SOCIAL;42;AUXILIOS;1;AUXILIOS;10;RECURSOS ORDINARIOS - RECURSOS NAO VINCULADOS DE IMPOSTOS;100000,0;100000,0;100000,0
9483922;393;2025-11-12 00:00:00;PM SAO JOAO BATISTA DO GLORIA;18.241.778/0001-58;1231;SEAPA;SECRETARIA DE ESTADO DE AGRICULTURA, PECUARIA E ABASTECIMENTO;41;CONTRIBUICOES;1;CONTRIBUICOES;15;RECURSOS ORDINARIOS - OUTROS RECURSOS NAO VINCULADOS;408500,0;408500,0;408500,0
9483926;2019;2025-11-12 00:00:00;PM BOM REPOUSO;18.675.892/0001-96;1261;SEE;SECRETARIA DE ESTADO DE EDUCACAO;42;AUXILIOS;1;AUXILIOS;21;COTA ESTADUAL DO SALARIO EDUCACAO - QESE;648096,02;648096,02;648096,02
9483927;170;2025-11-12 00:00:00;OBRA SOCIAL NOSSA SENHORA DA GLORIA FAZENDA DA ESPERANCA;48.555.775/0001-50;1491;SEGOV;SECRETARIA DE ESTADO DE GOVERNO;42;AUXILIOS;1;AUXILIOS;10;RECURSOS ORDINARIOS - RECURSOS NAO VINCULADOS DE IMPOSTOS;100000,0;100000,0;100000,0
9483928;171;2025-11-12 00:00:00;ASSOCIACAO DE PAIS E AMIGOS DOS EXCEPCIONAIS DE ALEM PARAIBA;17.707.274/0001-18;1491;SEGOV;SECRETARIA DE ESTADO DE GOVERNO;42;AUXILIOS;1;AUXILIOS;10;RECURSOS ORDINARIOS - RECURSOS NAO VINCULADOS DE IMPOSTOS;100000,0;100000,0;100000,0
9483929;169;2025-11-12 00:00:00;AMEI ASSOCIACAO DE MULHERES EMPREENDEDORAS DE IBIRITE;37.094.073/0001-08;1491;SEGOV;SECRETARIA DE ESTADO DE GOVERNO;42;AUXILIOS;1;AUXILIOS;10;RECURSOS ORDINARIOS - RECURSOS NAO VINCULADOS DE IMPOSTOS;99430,6;99430,6;99430,6
9483935;531;2025-11-13 00:00:00;PM SANTA FE DE MINAS;18.279.075/0001-19;1481;SEDESE;SECRETARIA DE ESTADO DE DESENVOLVIMENTO SOCIAL;41;CONTRIBUICOES;1;CONTRIBUICOES;71;RECURSOS DO FUNDO ESTADUAL DE ERRADICACAO DA MISERIA;19194,72;19194,72;19194,72
9484071;172;2025-11-13 00:00:00;ASSOCIACAO VOLUNTARIA DE COMBATE AO CANCER DE FRUTAL-AVCC FRUTAL;11.254.420/0001-10;1491;SEGOV;SECRETARIA DE ESTADO DE GOVERNO;42;AUXILIOS;1;AUXILIOS;10;RECURSOS ORDINARIOS - RECURSOS NAO VINCULADOS DE IMPOSTOS;124337,33;124337,33;124337,33
9484074;3808;2025-11-14 00:00:00;PM ATALEIA;16.971.376/0001-83;1491;SEGOV;SECRETARIA DE ESTADO DE GOVERNO;42;AUXILIOS;1;AUXILIOS;15;RECURSOS ORDINARIOS - OUTROS RECURSOS NAO VINCULADOS;400000,0;400000,0;400000,0
9484075;3809;2025-11-14 00:00:00;PM CACHOEIRA DA PRATA;25.004.532/0001-28;1491;SEGOV;SECRETARIA DE ESTADO DE GOVERNO;42;AUXILIOS;1;AUXILIOS;15;RECURSOS ORDINARIOS - OUTROS RECURSOS NAO VINCULADOS;600000,0;600000,0;600000,0
9484076;3810;2025-11-14 00:00:00;PM SALTO DA DIVISA;18.347.401/0001-88;1491;SEGOV;SECRETARIA DE ESTADO DE GOVERNO;42;AUXILIOS;1;AUXILIOS;15;RECURSOS ORDINARIOS - OUTROS RECURSOS NAO VINCULADOS;89210,08;89210,08;0,0
9484180;2028;2025-11-14 00:00:00;PM RIO ACIMA;18.312.108/0001-85;1261;SEE;SECRETARIA DE ESTADO DE EDUCACAO;42;AUXILIOS;1;AUXILIOS;21;COTA ESTADUAL DO SALARIO EDUCACAO - QESE;888360,56;888360,56;888360,56
9484181;2029;2025-11-14 00:00:00;PM CLAUDIO;18.308.775/0001-94;1261;SEE;SECRETARIA DE ESTADO DE EDUCACAO;42;AUXILIOS;1;AUXILIOS;21;COTA ESTADUAL DO SALARIO EDUCACAO - QESE;100000,0;100000,0;100000,0
9484182;2027;2025-11-14 00:00:00;PM CARVALHOS;18.194.217/0001-45;1261;SEE;SECRETARIA DE ESTADO DE EDUCACAO;42;AUXILIOS;1;AUXILIOS;21;COTA ESTADUAL DO SALARIO EDUCACAO - QESE;324048,01;324048,01;324048,01
9484183;2030;2025-11-14 00:00:00;PM SANTA CRUZ DE MINAS;01.615.371/0001-40;1261;SEE;SECRETARIA DE ESTADO DE EDUCACAO;42;AUXILIOS;1;AUXILIOS;21;COTA ESTADUAL DO SALARIO EDUCACAO - QESE;1200000,0;1200000,0;1200000,0
9484184;2031;2025-11-14 00:00:00;PM PESCADOR;18.404.962/0001-71;1261;SEE;SECRETARIA DE ESTADO DE EDUCACAO;42;AUXILIOS;1;AUXILIOS;21;COTA ESTADUAL DO SALARIO EDUCACAO - QESE;324048,01;324048,01;324048,01
9484185;2032;2025-11-14 00:00:00;PM AGUAS FORMOSAS;18.404.749/0001-60;1261;SEE;SECRETARIA DE ESTADO DE EDUCACAO;42;AUXILIOS;1;AUXILIOS;21;COTA ESTADUAL DO SALARIO EDUCACAO - QESE;324048,01;324048,01;324048,01
9484186;469;2025-11-17 00:00:00;PM SAO JOAO DE MANTENINHA;22.705.248/0001-90;1301;SEINFRA;SECRETARIA DE ESTADO DE INFRAESTRUTURA, MOBILIDADE E PARCERIAS;42;AUXILIOS;1;AUXILIOS;15;RECURSOS ORDINARIOS - OUTROS RECURSOS NAO VINCULADOS;500000,0;500000,0;500000,0
9484187;2033;2025-11-14 00:00:00;PM ONCA DE PITANGUI;18.313.858/0001-71;1261;SEE;SECRETARIA DE ESTADO DE EDUCACAO;42;AUXILIOS;1;AUXILIOS;21;COTA ESTADUAL DO SALARIO EDUCACAO - QESE;614745,54;614745,54;614745,54
9484188;2034;2025-11-14 00:00:00;PM SAO JOAO DA PONTE;16.928.483/0001-29;1261;SEE;SECRETARIA DE ESTADO DE EDUCACAO;42;AUXILIOS;1;AUXILIOS;21;COTA ESTADUAL DO SALARIO EDUCACAO - QESE;809143,05;809143,05;809143,05
9484189;2035;2025-11-14 00:00:00;PM RIO NOVO;18.338.244/0001-44;1261;SEE;SECRETARIA DE ESTADO DE EDUCACAO;42;AUXILIOS;1;AUXILIOS;21;COTA ESTADUAL DO SALARIO EDUCACAO - QESE;324048,01;324048,01;324048,01
9484190;468;2025-11-17 00:00:00;PM CARAI;18.404.848/0001-41;1301;SEINFRA;SECRETARIA DE ESTADO DE INFRAESTRUTURA, MOBILIDADE E PARCERIAS;42;AUXILIOS;1;AUXILIOS;15;RECURSOS ORDINARIOS - OUTROS RECURSOS NAO VINCULADOS;1000000,0;1000000,0;1000000,0
9484191;5543;2025-11-24 00:00:00;PM CORONEL FABRICIANO;19.875.046/0001-82;4291;FES;FUNDO ESTADUAL DE SAUDE;42;AUXILIOS;1;AUXILIOS;10;RECURSOS ORDINARIOS - RECURSOS NAO VINCULADOS DE IMPOSTOS;1806666,67;1806666,67;1806666,67
9484192;2036;2025-11-14 00:00:00;PM ITABIRA;18.299.446/0001-24;1261;SEE;SECRETARIA DE ESTADO DE EDUCACAO;42;AUXILIOS;1;AUXILIOS;21;COTA ESTADUAL DO SALARIO EDUCACAO - QESE;614745,54;614745,54;614745,54
9484193;2037;2025-11-14 00:00:00;PM TURMALINA;25.324.187/0001-00;1261;SEE;SECRETARIA DE ESTADO DE EDUCACAO;42;AUXILIOS;1;AUXILIOS;21;COTA ESTADUAL DO SALARIO EDUCACAO - QESE;778841,09;778841,09;778841,09
9484194;2038;2025-11-14 00:00:00;PM ITUMIRIM;18.244.392/0001-08;1261;SEE;SECRETARIA DE ESTADO DE EDUCACAO;42;AUXILIOS;1;AUXILIOS;21;COTA ESTADUAL DO SALARIO EDUCACAO - QESE;199973,17;199973,17;199973,17
9484195;467;2025-11-17 00:00:00;PM PERDIZES;18.140.772/0001-94;1301;SEINFRA;SECRETARIA DE ESTADO DE INFRAESTRUTURA, MOBILIDADE E PARCERIAS;42;AUXILIOS;1;AUXILIOS;15;RECURSOS ORDINARIOS - OUTROS RECURSOS NAO VINCULADOS;500000,0;500000,0;500000,0
9484196;2039;2025-11-14 00:00:00;PM ARACAI;18.116.111/0001-23;1261;SEE;SECRETARIA DE ESTADO DE EDUCACAO;42;AUXILIOS;1;AUXILIOS;21;COTA ESTADUAL DO SALARIO EDUCACAO - QESE;1179058,09;1179058,09;1179058,09
9484197;2040;2025-11-14 00:00:00;PM CAETE;18.302.299/0001-02;1261;SEE;SECRETARIA DE ESTADO DE EDUCACAO;42;AUXILIOS;1;AUXILIOS;21;COTA ESTADUAL DO SALARIO EDUCACAO - QESE;324048,01;324048,01;324048,01
9484198;2041;2025-11-14 00:00:00;PM PONTO CHIQUE;01.612.500/0001-47;1261;SEE;SECRETARIA DE ESTADO DE EDUCACAO;42;AUXILIOS;1;AUXILIOS;21;COTA ESTADUAL DO SALARIO EDUCACAO - QESE;614745,54;614745,54;614745,54
9484199;2042;2025-11-14 00:00:00;PM CONCEICAO DA APARECIDA;18.243.295/0001-92;1261;SEE;SECRETARIA DE ESTADO DE EDUCACAO;42;AUXILIOS;1;AUXILIOS;21;COTA ESTADUAL DO SALARIO EDUCACAO - QESE;1229491,08;1229491,08;1229491,08
9484200;2043;2025-11-14 00:00:00;PM CABECEIRA GRANDE;01.603.707/0001-55;1261;SEE;SECRETARIA DE ESTADO DE EDUCACAO;42;AUXILIOS;1;AUXILIOS;21;COTA ESTADUAL DO SALARIO EDUCACAO - QESE;1807151,97;1807151,97;1807151,97
9484202;2044;2025-11-14 00:00:00;PM FRANCISCO DUMONT;16.885.485/0001-88;1261;SEE;SECRETARIA DE ESTADO DE EDUCACAO;42;AUXILIOS;1;AUXILIOS;21;COTA ESTADUAL DO SALARIO EDUCACAO - QESE;324048,01;324048,01;324048,01
9484203;2045;2025-11-14 00:00:00;PM SAO BRAS DO SUACUI;20.356.754/0001-96;1261;SEE;SECRETARIA DE ESTADO DE EDUCACAO;42;AUXILIOS;1;AUXILIOS;21;COTA ESTADUAL DO SALARIO EDUCACAO - QESE;800910,07;800910,07;800910,07
9484204;2046;2025-11-14 00:00:00;PM BIQUINHAS;18.296.640/0001-56;1261;SEE;SECRETARIA DE ESTADO DE EDUCACAO;42;AUXILIOS;1;AUXILIOS;21;COTA ESTADUAL DO SALARIO EDUCACAO - QESE;100000,0;100000,0;100000,0
9484205;2047;2025-11-14 00:00:00;PM SAO LOURENCO;18.188.219/0001-21;1261;SEE;SECRETARIA DE ESTADO DE EDUCACAO;42;AUXILIOS;1;AUXILIOS;21;COTA ESTADUAL DO SALARIO EDUCACAO - QESE;1296192,04;1296192,04;1296192,04
9484206;2051;2025-11-17 00:00:00;PM POCRANE;18.334.318/0001-74;1261;SEE;SECRETARIA DE ESTADO DE EDUCACAO;42;AUXILIOS;1;AUXILIOS;21;COTA ESTADUAL DO SALARIO EDUCACAO - QESE;888360,56;888360,56;888360,56
9484207;2048;2025-11-14 00:00:00;PM SAO GONCALO DO PARA;18.291.369/0001-66;1261;SEE;SECRETARIA DE ESTADO DE EDUCACAO;42;AUXILIOS;1;AUXILIOS;21;COTA ESTADUAL DO SALARIO EDUCACAO - QESE;321651,0;321651,0;321651,0
9484208;2052;2025-11-17 00:00:00;PM SAO JOSE DA SAFIRA;18.409.235/0001-05;1261;SEE;SECRETARIA DE ESTADO DE EDUCACAO;42;AUXILIOS;1;AUXILIOS;21;COTA ESTADUAL DO SALARIO EDUCACAO - QESE;324048,01;324048,01;324048,01
9484209;2049;2025-11-14 00:00:00;PM SAO JOAQUIM DE BICAS;01.612.516/0001-50;1261;SEE;SECRETARIA DE ESTADO DE EDUCACAO;42;AUXILIOS;1;AUXILIOS;21;COTA ESTADUAL DO SALARIO EDUCACAO - QESE;99184,5;99184,5;99184,5
9484210;2053;2025-11-17 00:00:00;PM TAPIRAI;20.920.625/0001-89;1261;SEE;SECRETARIA DE ESTADO DE EDUCACAO;42;AUXILIOS;1;AUXILIOS;21;COTA ESTADUAL DO SALARIO EDUCACAO - QESE;250000,0;250000,0;250000,0
9484211;2054;2025-11-17 00:00:00;PM ORATORIOS;01.616.836/0001-88;1261;SEE;SECRETARIA DE ESTADO DE EDUCACAO;42;AUXILIOS;1;AUXILIOS;21;COTA ESTADUAL DO SALARIO EDUCACAO - QESE;250000,0;250000,0;250000,0
9484212;3811;2025-11-14 00:00:00;PM CAMPANHA;18.712.174/0001-42;1491;SEGOV;SECRETARIA DE ESTADO DE GOVERNO;42;AUXILIOS;1;AUXILIOS;15;RECURSOS ORDINARIOS - OUTROS RECURSOS NAO VINCULADOS;86000,0;86000,0;86000,0
9484213;2055;2025-11-17 00:00:00;PM BAMBUI;20.920.567/0001-93;1261;SEE;SECRETARIA DE ESTADO DE EDUCACAO;42;AUXILIOS;1;AUXILIOS;21;COTA ESTADUAL DO SALARIO EDUCACAO - QESE;579470,32;579470,32;579470,32
9484214;2056;2025-11-17 00:00:00;PM BAMBUI;20.920.567/0001-93;1261;SEE;SECRETARIA DE ESTADO DE EDUCACAO;42;AUXILIOS;1;AUXILIOS;21;COTA ESTADUAL DO SALARIO EDUCACAO - QESE;3500000,0;3500000,0;3500000,0
9484215;2057;2025-11-17 00:00:00;PM SAO BRAS DO SUACUI;20.356.754/0001-96;1261;SEE;SECRETARIA DE ESTADO DE EDUCACAO;42;AUXILIOS;1;AUXILIOS;21;COTA ESTADUAL DO SALARIO EDUCACAO - QESE;300000,0;300000,0;300000,0
9484216;2058;2025-11-17 00:00:00;PM CAPITOLIO;16.726.028/0001-40;1261;SEE;SECRETARIA DE ESTADO DE EDUCACAO;42;AUXILIOS;1;AUXILIOS;21;COTA ESTADUAL DO SALARIO EDUCACAO - QESE;938793,55;938793,55;938793,55
9484217;2050;2025-11-14 00:00:00;PM CEDRO DO ABAETE;18.296.657/0001-03;1261;SEE;SECRETARIA DE ESTADO DE EDUCACAO;42;AUXILIOS;1;AUXILIOS;21;COTA ESTADUAL DO SALARIO EDUCACAO - QESE;99791,9;99791,9;99791,9
9484218;2059;2025-11-17 00:00:00;PM MORADA NOVA DE MINAS;18.296.665/0001-50;1261;SEE;SECRETARIA DE ESTADO DE EDUCACAO;42;AUXILIOS;1;AUXILIOS;21;COTA ESTADUAL DO SALARIO EDUCACAO - QESE;250000,0;250000,0;250000,0
9484219;2060;2025-11-17 00:00:00;PM SAO SEBASTIAO DO MARANHAO;18.409.177/0001-01;1261;SEE;SECRETARIA DE ESTADO DE EDUCACAO;42;AUXILIOS;1;AUXILIOS;21;COTA ESTADUAL DO SALARIO EDUCACAO - QESE;510959,93;510959,93;510959,93
9484220;2061;2025-11-17 00:00:00;PM FERVEDOURO;26.139.790/0001-84;1261;SEE;SECRETARIA DE ESTADO DE EDUCACAO;42;AUXILIOS;1;AUXILIOS;21;COTA ESTADUAL DO SALARIO EDUCACAO - QESE;1000000,0;1000000,0;1000000,0
9484221;2062;2025-11-17 00:00:00;PM FRUTAL;18.449.132/0001-60;1261;SEE;SECRETARIA DE ESTADO DE EDUCACAO;42;AUXILIOS;1;AUXILIOS;21;COTA ESTADUAL DO SALARIO EDUCACAO - QESE;250000,0;250000,0;250000,0
9484223;2063;2025-11-17 00:00:00;PM ITAPAGIPE;21.226.840/0001-47;1261;SEE;SECRETARIA DE ESTADO DE EDUCACAO;42;AUXILIOS;1;AUXILIOS;21;COTA ESTADUAL DO SALARIO EDUCACAO - QESE;510959,93;510959,93;510959,93
9484224;2064;2025-11-17 00:00:00;PM SANTA MARGARIDA;18.385.112/0001-73;1261;SEE;SECRETARIA DE ESTADO DE EDUCACAO;42;AUXILIOS;1;AUXILIOS;21;COTA ESTADUAL DO SALARIO EDUCACAO - QESE;324048,01;324048,01;324048,01
9484225;2065;2025-11-17 00:00:00;PM FLORESTAL;18.313.833/0001-78;1261;SEE;SECRETARIA DE ESTADO DE EDUCACAO;42;AUXILIOS;1;AUXILIOS;21;COTA ESTADUAL DO SALARIO EDUCACAO - QESE;450000,0;450000,0;450000,0
9484226;2066;2025-11-17 00:00:00;PM PARAGUACU;18.008.193/0001-92;1261;SEE;SECRETARIA DE ESTADO DE EDUCACAO;42;AUXILIOS;1;AUXILIOS;21;COTA ESTADUAL DO SALARIO EDUCACAO - QESE;100000,0;100000,0;100000,0
9484227;2067;2025-11-17 00:00:00;PM MIRABELA;18.017.376/0001-74;1261;SEE;SECRETARIA DE ESTADO DE EDUCACAO;42;AUXILIOS;1;AUXILIOS;21;COTA ESTADUAL DO SALARIO EDUCACAO - QESE;600000,0;600000,0;600000,0
9484235;617;2025-11-17 00:00:00;VILA VICENTINA FURTADA DE MENEZES/CAMPO BELO;18.656.025/0001-03;1481;SEDESE;SECRETARIA DE ESTADO DE DESENVOLVIMENTO SOCIAL;43;SUBVENCOES SOCIAIS;1;SUBVENCOES SOCIAIS;10;RECURSOS ORDINARIOS - RECURSOS NAO VINCULADOS DE IMPOSTOS;99981,5;99981,5;99981,5
9484239;623;2025-11-18 00:00:00;SOCIEDADE SANTO ANTONO DE PADUA;20.740.114/0001-85;1481;SEDESE;SECRETARIA DE ESTADO DE DESENVOLVIMENTO SOCIAL;43;SUBVENCOES SOCIAIS;1;SUBVENCOES SOCIAIS;10;RECURSOS ORDINARIOS - RECURSOS NAO VINCULADOS DE IMPOSTOS;97539,0;97539,0;97539,0
9484241;624;2025-11-18 00:00:00;ASSOCIACAO DE PAIS E AMIGOS DOS EXCEPCIONAIS;20.067.328/0001-32;1481;SEDESE;SECRETARIA DE ESTADO DE DESENVOLVIMENTO SOCIAL;43;SUBVENCOES SOCIAIS;1;SUBVENCOES SOCIAIS;10;RECURSOS ORDINARIOS - RECURSOS NAO VINCULADOS DE IMPOSTOS;100000,0;100000,0;100000,0
9484242;429;2025-11-28 00:00:00;ASSOCIACAO GUARDIOES DO NORTE DE MINAS - GNM;42.623.996/0001-31;1231;SEAPA;SECRETARIA DE ESTADO DE AGRICULTURA, PECUARIA E ABASTECIMENTO;41;CONTRIBUICOES;1;CONTRIBUICOES;10;RECURSOS ORDINARIOS - RECURSOS NAO VINCULADOS DE IMPOSTOS;90210,08;90210,08;90210,08
9484248;419;2025-11-26 00:00:00;ASSOCIACAO ESCOLA FAMILIA AGRICOLA DO MEDIO E BAIXO JEQUITINHONHA;03.593.777/0001-03;1231;SEAPA;SECRETARIA DE ESTADO DE AGRICULTURA, PECUARIA E ABASTECIMENTO;41;CONTRIBUICOES;1;CONTRIBUICOES;10;RECURSOS ORDINARIOS - RECURSOS NAO VINCULADOS DE IMPOSTOS;117385,5;117385,5;117385,5
9484251;618;2025-11-17 00:00:00;ASSOCIACAO JAIBENSE DE APOIO AO MENOR;03.220.331/0001-25;1481;SEDESE;SECRETARIA DE ESTADO DE DESENVOLVIMENTO SOCIAL;42;AUXILIOS;1;AUXILIOS;10;RECURSOS ORDINARIOS - RECURSOS NAO VINCULADOS DE IMPOSTOS;100000,0;100000,0;100000,0
9484278;481;2025-11-24 00:00:00;PM ITABIRINHA;17.125.444/0001-56;1301;SEINFRA;SECRETARIA DE ESTADO DE INFRAESTRUTURA, MOBILIDADE E PARCERIAS;42;AUXILIOS;1;AUXILIOS;15;RECURSOS ORDINARIOS - OUTROS RECURSOS NAO VINCULADOS;500000,0;500000,0;500000,0
9484280;616;2025-11-17 00:00:00;ASSOCIACAO ATLETICA DE UBAPORANGA;35.796.728/0001-56;1481;SEDESE;SECRETARIA DE ESTADO DE DESENVOLVIMENTO SOCIAL;43;SUBVENCOES SOCIAIS;1;SUBVENCOES SOCIAIS;10;RECURSOS ORDINARIOS - RECURSOS NAO VINCULADOS DE IMPOSTOS;99939,0;99939,0;99939,0
9484281;620;2025-11-18 00:00:00;ASSOCIACAO QUILOMBOLADO MATO DO TICAO;08.078.599/0001-98;1481;SEDESE;SECRETARIA DE ESTADO DE DESENVOLVIMENTO SOCIAL;43;SUBVENCOES SOCIAIS;1;SUBVENCOES SOCIAIS;10;RECURSOS ORDINARIOS - RECURSOS NAO VINCULADOS DE IMPOSTOS;70000,0;70000,0;70000,0
9484281;621;2025-11-18 00:00:00;ASSOCIACAO QUILOMBOLADO MATO DO TICAO;08.078.599/0001-98;1481;SEDESE;SECRETARIA DE ESTADO DE DESENVOLVIMENTO SOCIAL;42;AUXILIOS;1;AUXILIOS;10;RECURSOS ORDINARIOS - RECURSOS NAO VINCULADOS DE IMPOSTOS;30000,0;30000,0;30000,0
9484282;622;2025-11-18 00:00:00;ASSOCIACAO DESPORTIVA RENASCENDO VIDAS;46.744.186/0001-94;1481;SEDESE;SECRETARIA DE ESTADO DE DESENVOLVIMENTO SOCIAL;43;SUBVENCOES SOCIAIS;1;SUBVENCOES SOCIAIS;10;RECURSOS ORDINARIOS - RECURSOS NAO VINCULADOS DE IMPOSTOS;100000,0;100000,0;100000,0
9484283;480;2025-11-24 00:00:00;PM CONCEICAO DE IPANEMA;18.334.300/0001-72;1301;SEINFRA;SECRETARIA DE ESTADO DE INFRAESTRUTURA, MOBILIDADE E PARCERIAS;42;AUXILIOS;1;AUXILIOS;15;RECURSOS ORDINARIOS - OUTROS RECURSOS NAO VINCULADOS;600000,0;600000,0;600000,0
9484284;619;2025-11-18 00:00:00;FEDERACAO MINEIRA DE FUTEBOL AMERICANO;18.119.443/0001-61;1481;SEDESE;SECRETARIA DE ESTADO DE DESENVOLVIMENTO SOCIAL;42;AUXILIOS;1;AUXILIOS;10;RECURSOS ORDINARIOS - RECURSOS NAO VINCULADOS DE IMPOSTOS;125000,0;125000,0;125000,0
9484286;485;2025-11-27 00:00:00;PM CONCEICAO DE IPANEMA;18.334.300/0001-72;1301;SEINFRA;SECRETARIA DE ESTADO DE INFRAESTRUTURA, MOBILIDADE E PARCERIAS;42;AUXILIOS;1;AUXILIOS;15;RECURSOS ORDINARIOS - OUTROS RECURSOS NAO VINCULADOS;1000000,0;1000000,0;1000000,0
9484287;627;2025-11-19 00:00:00;INSTITUTO PROJETO COMPARTILHAR;37.396.373/0001-33;1481;SEDESE;SECRETARIA DE ESTADO DE DESENVOLVIMENTO SOCIAL;43;SUBVENCOES SOCIAIS;1;SUBVENCOES SOCIAIS;10;RECURSOS ORDINARIOS - RECURSOS NAO VINCULADOS DE IMPOSTOS;120000,0;120000,0;120000,0
9484352;479;2025-11-24 00:00:00;PM MATIPO;18.385.104/0001-27;1301;SEINFRA;SECRETARIA DE ESTADO DE INFRAESTRUTURA, MOBILIDADE E PARCERIAS;42;AUXILIOS;1;AUXILIOS;15;RECURSOS ORDINARIOS - OUTROS RECURSOS NAO VINCULADOS;7000000,0;7000000,0;7000000,0
9484355;3813;2025-11-17 00:00:00;PM JESUANIA;18.188.227/0001-78;1491;SEGOV;SECRETARIA DE ESTADO DE GOVERNO;42;AUXILIOS;1;AUXILIOS;15;RECURSOS ORDINARIOS - OUTROS RECURSOS NAO VINCULADOS;300000,0;300000,0;300000,0
9484361;420;2025-11-26 00:00:00;ASSOCIACAO DOS PRODUTORES RURAIS DE LEITE DE JUVENILIA;52.307.819/0001-08;1231;SEAPA;SECRETARIA DE ESTADO DE AGRICULTURA, PECUARIA E ABASTECIMENTO;41;CONTRIBUICOES;1;CONTRIBUICOES;10;RECURSOS ORDINARIOS - RECURSOS NAO VINCULADOS DE IMPOSTOS;90210,08;90210,08;90210,08
9484363;413;2025-11-26 00:00:00;PM SAO JOSE DA BARRA;01.616.458/0001-32;1231;SEAPA;SECRETARIA DE ESTADO DE AGRICULTURA, PECUARIA E ABASTECIMENTO;41;CONTRIBUICOES;1;CONTRIBUICOES;15;RECURSOS ORDINARIOS - OUTROS RECURSOS NAO VINCULADOS;237493,66;237493,66;237493,66
9484368;414;2025-11-26 00:00:00;PM CANAPOLIS;18.457.200/0001-33;1231;SEAPA;SECRETARIA DE ESTADO DE AGRICULTURA, PECUARIA E ABASTECIMENTO;41;CONTRIBUICOES;1;CONTRIBUICOES;15;RECURSOS ORDINARIOS - OUTROS RECURSOS NAO VINCULADOS;621740,5;621740,5;621740,5
9484370;415;2025-11-26 00:00:00;PM GUARANI;18.338.160/0001-00;1231;SEAPA;SECRETARIA DE ESTADO DE AGRICULTURA, PECUARIA E ABASTECIMENTO;41;CONTRIBUICOES;1;CONTRIBUICOES;15;RECURSOS ORDINARIOS - OUTROS RECURSOS NAO VINCULADOS;247493,39;247493,39;247493,39
9484371;416;2025-11-26 00:00:00;PM CAPITOLIO;16.726.028/0001-40;1231;SEAPA;SECRETARIA DE ESTADO DE AGRICULTURA, PECUARIA E ABASTECIMENTO;41;CONTRIBUICOES;1;CONTRIBUICOES;15;RECURSOS ORDINARIOS - OUTROS RECURSOS NAO VINCULADOS;247493,33;247493,33;247493,33
9484372;2620;2025-11-18 00:00:00;PM TAQUARACU DE MINAS;18.302.315/0001-59;1261;SEE;SECRETARIA DE ESTADO DE EDUCACAO;42;AUXILIOS;1;AUXILIOS;21;COTA ESTADUAL DO SALARIO EDUCACAO - QESE;1000000,0;1000000,0;1000000,0
9484373;2609;2025-11-18 00:00:00;PM MIRAI;17.966.201/0001-40;1261;SEE;SECRETARIA DE ESTADO DE EDUCACAO;42;AUXILIOS;1;AUXILIOS;21;COTA ESTADUAL DO SALARIO EDUCACAO - QESE;100000,0;100000,0;100000,0
9484374;2622;2025-11-18 00:00:00;PM SANTANA DOS MONTES;19.718.394/0001-46;1261;SEE;SECRETARIA DE ESTADO DE EDUCACAO;42;AUXILIOS;1;AUXILIOS;21;COTA ESTADUAL DO SALARIO EDUCACAO - QESE;1029202,08;1029202,08;1029202,08
9484377;2621;2025-11-18 00:00:00;PM URUCUIA;25.223.850/0001-80;1261;SEE;SECRETARIA DE ESTADO DE EDUCACAO;42;AUXILIOS;1;AUXILIOS;21;COTA ESTADUAL DO SALARIO EDUCACAO - QESE;860000,0;860000,0;860000,0
9484378;2623;2025-11-18 00:00:00;PM SANTA ROSA DA SERRA;18.192.252/0001-25;1261;SEE;SECRETARIA DE ESTADO DE EDUCACAO;42;AUXILIOS;1;AUXILIOS;21;COTA ESTADUAL DO SALARIO EDUCACAO - QESE;1483103,96;1483103,96;1483103,96
9484379;2624;2025-11-18 00:00:00;PM SAO TIAGO;17.749.904/0001-17;1261;SEE;SECRETARIA DE ESTADO DE EDUCACAO;42;AUXILIOS;1;AUXILIOS;21;COTA ESTADUAL DO SALARIO EDUCACAO - QESE;888360,56;888360,56;888360,56
9484381;2610;2025-11-18 00:00:00;PM GUIDOVAL;18.128.215/0001-58;1261;SEE;SECRETARIA DE ESTADO DE EDUCACAO;42;AUXILIOS;1;AUXILIOS;21;COTA ESTADUAL DO SALARIO EDUCACAO - QESE;451519,9;451519,9;451519,9
9484382;2625;2025-11-18 00:00:00;PM TEOFILO OTONI;18.404.780/0001-09;1261;SEE;SECRETARIA DE ESTADO DE EDUCACAO;42;AUXILIOS;1;AUXILIOS;21;COTA ESTADUAL DO SALARIO EDUCACAO - QESE;1229491,08;1229491,08;1229491,08
9484383;2611;2025-11-18 00:00:00;PM ARAUJOS;18.300.996/0001-16;1261;SEE;SECRETARIA DE ESTADO DE EDUCACAO;42;AUXILIOS;1;AUXILIOS;21;COTA ESTADUAL DO SALARIO EDUCACAO - QESE;324048,01;324048,01;324048,01
9484385;2626;2025-11-18 00:00:00;PM SAO JOAO DA PONTE;16.928.483/0001-29;1261;SEE;SECRETARIA DE ESTADO DE EDUCACAO;42;AUXILIOS;1;AUXILIOS;21;COTA ESTADUAL DO SALARIO EDUCACAO - QESE;1000000,0;1000000,0;1000000,0
9484386;2627;2025-11-18 00:00:00;PM PIRAPORA;23.539.463/0001-21;1261;SEE;SECRETARIA DE ESTADO DE EDUCACAO;42;AUXILIOS;1;AUXILIOS;21;COTA ESTADUAL DO SALARIO EDUCACAO - QESE;2956876,79;2956876,79;2956876,79
9484387;2612;2025-11-18 00:00:00;PM ITAMBE DO MATO DENTRO;18.299.537/0001-60;1261;SEE;SECRETARIA DE ESTADO DE EDUCACAO;42;AUXILIOS;1;AUXILIOS;21;COTA ESTADUAL DO SALARIO EDUCACAO - QESE;324048,01;324048,01;324048,01
9484389;2613;2025-11-18 00:00:00;PM TRES CORACOES;17.955.535/0001-19;1261;SEE;SECRETARIA DE ESTADO DE EDUCACAO;42;AUXILIOS;1;AUXILIOS;21;COTA ESTADUAL DO SALARIO EDUCACAO - QESE;564312,55;564312,55;564312,55
9484390;2614;2025-11-18 00:00:00;PM AREADO;18.243.246/0001-50;1261;SEE;SECRETARIA DE ESTADO DE EDUCACAO;42;AUXILIOS;1;AUXILIOS;21;COTA ESTADUAL DO SALARIO EDUCACAO - QESE;300000,0;300000,0;300000,0
9484391;2628;2025-11-18 00:00:00;PM MAMONAS;25.212.242/0001-70;1261;SEE;SECRETARIA DE ESTADO DE EDUCACAO;42;AUXILIOS;1;AUXILIOS;21;COTA ESTADUAL DO SALARIO EDUCACAO - QESE;1488103,45;1488103,45;1488103,45
9484392;2629;2025-11-18 00:00:00;PM SAO GONCALO DO RIO ABAIXO;24.380.651/0001-12;1261;SEE;SECRETARIA DE ESTADO DE EDUCACAO;42;AUXILIOS;1;AUXILIOS;21;COTA ESTADUAL DO SALARIO EDUCACAO - QESE;1179058,09;1179058,09;1179058,09
9484393;2615;2025-11-18 00:00:00;PM RAUL SOARES;18.836.965/0001-84;1261;SEE;SECRETARIA DE ESTADO DE EDUCACAO;42;AUXILIOS;1;AUXILIOS;21;COTA ESTADUAL DO SALARIO EDUCACAO - QESE;564312,55;564312,55;564312,55
9484394;2616;2025-11-18 00:00:00;PM ROCHEDO DE MINAS;18.558.080/0001-60;1261;SEE;SECRETARIA DE ESTADO DE EDUCACAO;42;AUXILIOS;1;AUXILIOS;21;COTA ESTADUAL DO SALARIO EDUCACAO - QESE;324048,01;324048,01;324048,01
9484395;2630;2025-11-18 00:00:00;PM PONTE NOVA;23.804.149/0001-29;1261;SEE;SECRETARIA DE ESTADO DE EDUCACAO;42;AUXILIOS;1;AUXILIOS;21;COTA ESTADUAL DO SALARIO EDUCACAO - QESE;1128625,1;1128625,1;1128625,1
9484396;2631;2025-11-18 00:00:00;PM IPABA;66.229.543/0001-93;1261;SEE;SECRETARIA DE ESTADO DE EDUCACAO;42;AUXILIOS;1;AUXILIOS;21;COTA ESTADUAL DO SALARIO EDUCACAO - QESE;1200000,0;1200000,0;1200000,0
9484397;2617;2025-11-18 00:00:00;PM DESCOBERTO;18.558.098/0001-62;1261;SEE;SECRETARIA DE ESTADO DE EDUCACAO;42;AUXILIOS;1;AUXILIOS;21;COTA ESTADUAL DO SALARIO EDUCACAO - QESE;938793,55;938793,55;938793,55
9484398;2632;2025-11-18 00:00:00;PM SANTA RITA DO IBITIPOCA;18.094.862/0001-96;1261;SEE;SECRETARIA DE ESTADO DE EDUCACAO;42;AUXILIOS;1;AUXILIOS;21;COTA ESTADUAL DO SALARIO EDUCACAO - QESE;1021919,86;1021919,86;1021919,86
9484399;2618;2025-11-18 00:00:00;PM CANDEIAS;17.888.090/0001-00;1261;SEE;SECRETARIA DE ESTADO DE EDUCACAO;42;AUXILIOS;1;AUXILIOS;21;COTA ESTADUAL DO SALARIO EDUCACAO - QESE;230000,0;230000,0;230000,0
9484400;2619;2025-11-18 00:00:00;PM SAO JOAO BATISTA DO GLORIA;18.241.778/0001-58;1261;SEE;SECRETARIA DE ESTADO DE EDUCACAO;42;AUXILIOS;1;AUXILIOS;21;COTA ESTADUAL DO SALARIO EDUCACAO - QESE;319904,3;319904,3;319904,3
9484408;418;2025-11-26 00:00:00;PM SAO SEBASTIAO DO RIO PRETO;18.303.263/0001-35;1231;SEAPA;SECRETARIA DE ESTADO DE AGRICULTURA, PECUARIA E ABASTECIMENTO;41;CONTRIBUICOES;1;CONTRIBUICOES;15;RECURSOS ORDINARIOS - OUTROS RECURSOS NAO VINCULADOS;647900,0;647900,0;647900,0
9484409;417;2025-11-26 00:00:00;PM SANTA JULIANA;18.140.780/0001-30;1231;SEAPA;SECRETARIA DE ESTADO DE AGRICULTURA, PECUARIA E ABASTECIMENTO;41;CONTRIBUICOES;1;CONTRIBUICOES;15;RECURSOS ORDINARIOS - OUTROS RECURSOS NAO VINCULADOS;237493,66;237493,66;237493,66
9484416;2633;2025-11-18 00:00:00;PM CORONEL MURTA;18.348.722/0001-05;1261;SEE;SECRETARIA DE ESTADO DE EDUCACAO;42;AUXILIOS;1;AUXILIOS;21;COTA ESTADUAL DO SALARIO EDUCACAO - QESE;324048,01;324048,01;324048,01
9484417;2634;2025-11-18 00:00:00;PM SAO VICENTE DE MINAS;17.954.546/0001-84;1261;SEE;SECRETARIA DE ESTADO DE EDUCACAO;42;AUXILIOS;1;AUXILIOS;21;COTA ESTADUAL DO SALARIO EDUCACAO - QESE;778841,09;778841,09;778841,09
9484418;2635;2025-11-18 00:00:00;PM ITAU DE MINAS;23.767.031/0001-78;1261;SEE;SECRETARIA DE ESTADO DE EDUCACAO;42;AUXILIOS;1;AUXILIOS;21;COTA ESTADUAL DO SALARIO EDUCACAO - QESE;1200000,0;1200000,0;1200000,0
9484419;2636;2025-11-18 00:00:00;PM ITAU DE MINAS;23.767.031/0001-78;1261;SEE;SECRETARIA DE ESTADO DE EDUCACAO;42;AUXILIOS;1;AUXILIOS;21;COTA ESTADUAL DO SALARIO EDUCACAO - QESE;564312,55;564312,55;564312,55
9484420;2637;2025-11-18 00:00:00;PM ARCEBURGO;17.899.717/0001-10;1261;SEE;SECRETARIA DE ESTADO DE EDUCACAO;42;AUXILIOS;1;AUXILIOS;21;COTA ESTADUAL DO SALARIO EDUCACAO - QESE;1200000,0;1200000,0;1200000,0
9484421;2638;2025-11-18 00:00:00;PM CAPETINGA;17.894.031/0001-36;1261;SEE;SECRETARIA DE ESTADO DE EDUCACAO;42;AUXILIOS;1;AUXILIOS;21;COTA ESTADUAL DO SALARIO EDUCACAO - QESE;770813,55;770813,55;770813,55
9484422;2639;2025-11-18 00:00:00;PM CARMO DO CAJURU;18.291.377/0001-02;1261;SEE;SECRETARIA DE ESTADO DE EDUCACAO;42;AUXILIOS;1;AUXILIOS;21;COTA ESTADUAL DO SALARIO EDUCACAO - QESE;647648,64;647648,64;647648,64
9484423;2640;2025-11-18 00:00:00;PM LAGOA DOS PATOS;16.901.381/0001-10;1261;SEE;SECRETARIA DE ESTADO DE EDUCACAO;42;AUXILIOS;1;AUXILIOS;21;COTA ESTADUAL DO SALARIO EDUCACAO - QESE;600000,0;600000,0;600000,0
9484428;478;2025-11-24 00:00:00;PM DURANDE;66.232.547/0001-20;1301;SEINFRA;SECRETARIA DE ESTADO DE INFRAESTRUTURA, MOBILIDADE E PARCERIAS;42;AUXILIOS;1;AUXILIOS;15;RECURSOS ORDINARIOS - OUTROS RECURSOS NAO VINCULADOS;2000000,0;2000000,0;2000000,0
9484431;106;2025-11-19 00:00:00;APAC JANAUBA;23.119.309/0001-09;1451;SEJUSP;SECRETARIA DE ESTADO DE JUSTICA E SEGURANCA PUBLICA;43;SUBVENCOES SOCIAIS;1;SUBVENCOES SOCIAIS;60;RECURSOS DIRETAMENTE ARRECADADOS;353598,71;353598,71;353598,71
9484432;625;2025-11-18 00:00:00;ASSOCIACAO DE TRABALHOS ARTESANAIS E SOCIAIS DE BETIM E CONTAGEM AMIGO;13.441.789/0001-68;1481;SEDESE;SECRETARIA DE ESTADO DE DESENVOLVIMENTO SOCIAL;43;SUBVENCOES SOCIAIS;1;SUBVENCOES SOCIAIS;10;RECURSOS ORDINARIOS - RECURSOS NAO VINCULADOS DE IMPOSTOS;96744,0;96744,0;96744,0
9484432;626;2025-11-18 00:00:00;ASSOCIACAO DE TRABALHOS ARTESANAIS E SOCIAIS DE BETIM E CONTAGEM AMIGO;13.441.789/0001-68;1481;SEDESE;SECRETARIA DE ESTADO DE DESENVOLVIMENTO SOCIAL;42;AUXILIOS;1;AUXILIOS;10;RECURSOS ORDINARIOS - RECURSOS NAO VINCULADOS DE IMPOSTOS;3256,0;3256,0;3256,0
9485321;2641;2025-11-24 00:00:00;PM MARLIERIA;16.796.872/0001-48;1261;SEE;SECRETARIA DE ESTADO DE EDUCACAO;42;AUXILIOS;1;AUXILIOS;21;COTA ESTADUAL DO SALARIO EDUCACAO - QESE;1200000,0;1200000,0;1200000,0
9485322;2642;2025-11-24 00:00:00;PM CORACAO DE JESUS;22.680.672/0001-28;1261;SEE;SECRETARIA DE ESTADO DE EDUCACAO;42;AUXILIOS;1;AUXILIOS;21;COTA ESTADUAL DO SALARIO EDUCACAO - QESE;564312,55;564312,55;564312,55
9485323;2643;2025-11-24 00:00:00;PM RIO DO PRADO;18.349.936/0001-98;1261;SEE;SECRETARIA DE ESTADO DE EDUCACAO;42;AUXILIOS;1;AUXILIOS;21;COTA ESTADUAL DO SALARIO EDUCACAO - QESE;1030000,0;1030000,0;1030000,0
9485324;2644;2025-11-24 00:00:00;PM SANTANA DA VARGEM;18.245.183/0001-70;1261;SEE;SECRETARIA DE ESTADO DE EDUCACAO;42;AUXILIOS;1;AUXILIOS;21;COTA ESTADUAL DO SALARIO EDUCACAO - QESE;1449753,48;1449753,48;1449753,48
9485325;2646;2025-11-24 00:00:00;PM CARMO DO PARANAIBA;18.602.029/0001-09;1261;SEE;SECRETARIA DE ESTADO DE EDUCACAO;42;AUXILIOS;1;AUXILIOS;21;COTA ESTADUAL DO SALARIO EDUCACAO - QESE;835007,94;835007,94;835007,94
9485326;2645;2025-11-24 00:00:00;PM SARZEDO;01.612.509/0001-58;1261;SEE;SECRETARIA DE ESTADO DE EDUCACAO;42;AUXILIOS;1;AUXILIOS;21;COTA ESTADUAL DO SALARIO EDUCACAO - QESE;938793,55;938793,55;938793,55
9485328;2647;2025-11-24 00:00:00;PM JEQUITINHONHA;18.083.659/0001-14;1261;SEE;SECRETARIA DE ESTADO DE EDUCACAO;42;AUXILIOS;1;AUXILIOS;21;COTA ESTADUAL DO SALARIO EDUCACAO - QESE;564312,55;564312,55;564312,55
9485329;2648;2025-11-24 00:00:00;PM DIONISIO;20.126.439/0001-72;1261;SEE;SECRETARIA DE ESTADO DE EDUCACAO;42;AUXILIOS;1;AUXILIOS;21;COTA ESTADUAL DO SALARIO EDUCACAO - QESE;510959,93;510959,93;510959,93
9485330;2649;2025-11-24 00:00:00;PM UBERLANDIA;18.431.312/0001-15;1261;SEE;SECRETARIA DE ESTADO DE EDUCACAO;42;AUXILIOS;1;AUXILIOS;21;COTA ESTADUAL DO SALARIO EDUCACAO - QESE;1519369,28;1519369,28;1519369,28
9485331;2650;2025-11-24 00:00:00;PM UBERLANDIA;18.431.312/0001-15;1261;SEE;SECRETARIA DE ESTADO DE EDUCACAO;42;AUXILIOS;1;AUXILIOS;21;COTA ESTADUAL DO SALARIO EDUCACAO - QESE;1519369,28;1519369,28;1519369,28
9485332;2651;2025-11-24 00:00:00;PM LAMIM;24.179.426/0001-12;1261;SEE;SECRETARIA DE ESTADO DE EDUCACAO;42;AUXILIOS;1;AUXILIOS;21;COTA ESTADUAL DO SALARIO EDUCACAO - QESE;564312,55;564312,55;564312,55
9485333;2652;2025-11-24 00:00:00;PM SANTA RITA DE MINAS;66.229.584/0001-80;1261;SEE;SECRETARIA DE ESTADO DE EDUCACAO;42;AUXILIOS;1;AUXILIOS;21;COTA ESTADUAL DO SALARIO EDUCACAO - QESE;564312,55;564312,55;564312,55
9485335;2653;2025-11-24 00:00:00;PM SERRA DO SALITRE;18.468.058/0001-20;1261;SEE;SECRETARIA DE ESTADO DE EDUCACAO;42;AUXILIOS;1;AUXILIOS;21;COTA ESTADUAL DO SALARIO EDUCACAO - QESE;2016985,66;2016985,66;2016985,66
9485336;2654;2025-11-24 00:00:00;PM JURAMENTO;18.017.368/0001-28;1261;SEE;SECRETARIA DE ESTADO DE EDUCACAO;42;AUXILIOS;1;AUXILIOS;21;COTA ESTADUAL DO SALARIO EDUCACAO - QESE;1600000,0;1600000,0;1600000,0
9485337;2655;2025-11-24 00:00:00;PM MURIAE;17.947.581/0001-76;1261;SEE;SECRETARIA DE ESTADO DE EDUCACAO;42;AUXILIOS;1;AUXILIOS;21;COTA ESTADUAL DO SALARIO EDUCACAO - QESE;1200000,0;1200000,0;1200000,0
9485338;2656;2025-11-24 00:00:00;PM PONTO CHIQUE;01.612.500/0001-47;1261;SEE;SECRETARIA DE ESTADO DE EDUCACAO;42;AUXILIOS;1;AUXILIOS;21;COTA ESTADUAL DO SALARIO EDUCACAO - QESE;150000,0;150000,0;150000,0
9485339;2657;2025-11-24 00:00:00;PM CATAS ALTAS;01.612.370/0001-42;1261;SEE;SECRETARIA DE ESTADO DE EDUCACAO;42;AUXILIOS;1;AUXILIOS;21;COTA ESTADUAL DO SALARIO EDUCACAO - QESE;564312,55;564312,55;564312,55
9485340;2658;2025-11-24 00:00:00;PM ESTRELA DO INDAIA;18.301.028/0001-24;1261;SEE;SECRETARIA DE ESTADO DE EDUCACAO;42;AUXILIOS;1;AUXILIOS;21;COTA ESTADUAL DO SALARIO EDUCACAO - QESE;614745,54;614745,54;614745,54
9485341;2659;2025-11-24 00:00:00;PM ALPERCATA;18.332.627/0001-05;1261;SEE;SECRETARIA DE ESTADO DE EDUCACAO;42;AUXILIOS;1;AUXILIOS;21;COTA ESTADUAL DO SALARIO EDUCACAO - QESE;800000,0;800000,0;800000,0
9485342;2660;2025-11-24 00:00:00;PM AIMORES;18.348.094/0001-50;1261;SEE;SECRETARIA DE ESTADO DE EDUCACAO;42;AUXILIOS;1;AUXILIOS;21;COTA ESTADUAL DO SALARIO EDUCACAO - QESE;1449753,48;1449753,48;1449753,48
9485343;2661;2025-11-24 00:00:00;PM FORMIGA;16.784.720/0001-25;1261;SEE;SECRETARIA DE ESTADO DE EDUCACAO;42;AUXILIOS;1;AUXILIOS;21;COTA ESTADUAL DO SALARIO EDUCACAO - QESE;900000,0;900000,0;900000,0
9485345;2662;2025-11-24 00:00:00;PM VIRGOLANDIA;18.409.185/0001-58;1261;SEE;SECRETARIA DE ESTADO DE EDUCACAO;42;AUXILIOS;1;AUXILIOS;21;COTA ESTADUAL DO SALARIO EDUCACAO - QESE;400000,0;400000,0;400000,0
9485346;2663;2025-11-24 00:00:00;PM IGARATINGA;18.313.825/0001-21;1261;SEE;SECRETARIA DE ESTADO DE EDUCACAO;42;AUXILIOS;1;AUXILIOS;21;COTA ESTADUAL DO SALARIO EDUCACAO - QESE;564312,55;564312,55;564312,55
9485347;2664;2025-11-24 00:00:00;PM JAGUARACU;16.816.522/0001-04;1261;SEE;SECRETARIA DE ESTADO DE EDUCACAO;42;AUXILIOS;1;AUXILIOS;21;COTA ESTADUAL DO SALARIO EDUCACAO - QESE;1536456,58;1536456,58;1536456,58
9485348;2665;2025-11-24 00:00:00;PM NAQUE;01.613.208/0001-49;1261;SEE;SECRETARIA DE ESTADO DE EDUCACAO;42;AUXILIOS;1;AUXILIOS;21;COTA ESTADUAL DO SALARIO EDUCACAO - QESE;614745,54;614745,54;614745,54
9485349;2666;2025-11-24 00:00:00;PM SOLEDADE DE MINAS;18.188.235/0001-14;1261;SEE;SECRETARIA DE ESTADO DE EDUCACAO;42;AUXILIOS;1;AUXILIOS;21;COTA ESTADUAL DO SALARIO EDUCACAO - QESE;400000,0;400000,0;400000,0
9485350;2667;2025-11-24 00:00:00;PM MORRO DA GARCA;17.695.040/0001-06;1261;SEE;SECRETARIA DE ESTADO DE EDUCACAO;42;AUXILIOS;1;AUXILIOS;21;COTA ESTADUAL DO SALARIO EDUCACAO - QESE;614745,54;614745,54;614745,54
9485352;2668;2025-11-24 00:00:00;PM MORRO DA GARCA;17.695.040/0001-06;1261;SEE;SECRETARIA DE ESTADO DE EDUCACAO;42;AUXILIOS;1;AUXILIOS;21;COTA ESTADUAL DO SALARIO EDUCACAO - QESE;368515,31;368515,31;368515,31
9485353;2669;2025-11-24 00:00:00;PM ALBERTINA;17.912.015/0001-29;1261;SEE;SECRETARIA DE ESTADO DE EDUCACAO;42;AUXILIOS;1;AUXILIOS;21;COTA ESTADUAL DO SALARIO EDUCACAO - QESE;200000,0;200000,0;200000,0
9485354;2670;2025-11-24 00:00:00;PM CAPETINGA;17.894.031/0001-36;1261;SEE;SECRETARIA DE ESTADO DE EDUCACAO;42;AUXILIOS;1;AUXILIOS;21;COTA ESTADUAL DO SALARIO EDUCACAO - QESE;2681154,11;2681154,11;2681154,11
9485358;628;2025-11-19 00:00:00;INSTITUTO SOCIAL AGUIA DE OURO DAS REGIOES DE MARIANA E OURO PRETO;07.198.873/0001-08;1481;SEDESE;SECRETARIA DE ESTADO DE DESENVOLVIMENTO SOCIAL;43;SUBVENCOES SOCIAIS;1;SUBVENCOES SOCIAIS;10;RECURSOS ORDINARIOS - RECURSOS NAO VINCULADOS DE IMPOSTOS;57000,0;57000,0;57000,0
9485358;629;2025-11-19 00:00:00;INSTITUTO SOCIAL AGUIA DE OURO DAS REGIOES DE MARIANA E OURO PRETO;07.198.873/0001-08;1481;SEDESE;SECRETARIA DE ESTADO DE DESENVOLVIMENTO SOCIAL;42;AUXILIOS;1;AUXILIOS;10;RECURSOS ORDINARIOS - RECURSOS NAO VINCULADOS DE IMPOSTOS;43000,0;43000,0;43000,0
9485360;426;2025-11-27 00:00:00;PM PITANGUI;18.315.226/0001-47;1231;SEAPA;SECRETARIA DE ESTADO DE AGRICULTURA, PECUARIA E ABASTECIMENTO;41;CONTRIBUICOES;1;CONTRIBUICOES;15;RECURSOS ORDINARIOS - OUTROS RECURSOS NAO VINCULADOS;386100,0;386100,0;386100,0
9485363;595;2025-12-29 00:00:00;PM CAPITAO ANDRADE;66.229.105/0001-25;1231;SEAPA;SECRETARIA DE ESTADO DE AGRICULTURA, PECUARIA E ABASTECIMENTO;41;CONTRIBUICOES;1;CONTRIBUICOES;15;RECURSOS ORDINARIOS - OUTROS RECURSOS NAO VINCULADOS;482323,14;0,0;0,0
9485365;477;2025-11-24 00:00:00;PM CAPITOLIO;16.726.028/0001-40;1301;SEINFRA;SECRETARIA DE ESTADO DE INFRAESTRUTURA, MOBILIDADE E PARCERIAS;42;AUXILIOS;1;AUXILIOS;15;RECURSOS ORDINARIOS - OUTROS RECURSOS NAO VINCULADOS;500000,0;500000,0;500000,0
9485366;543;2025-12-19 00:00:00;PM DIVINOLANDIA DE MINAS;18.307.405/0001-32;1231;SEAPA;SECRETARIA DE ESTADO DE AGRICULTURA, PECUARIA E ABASTECIMENTO;41;CONTRIBUICOES;1;CONTRIBUICOES;15;RECURSOS ORDINARIOS - OUTROS RECURSOS NAO VINCULADOS;546380,0;546380,0;546380,0
9485433;425;2025-11-27 00:00:00;PM NOVA PONTE;18.159.905/0001-74;1231;SEAPA;SECRETARIA DE ESTADO DE AGRICULTURA, PECUARIA E ABASTECIMENTO;41;CONTRIBUICOES;1;CONTRIBUICOES;15;RECURSOS ORDINARIOS - OUTROS RECURSOS NAO VINCULADOS;237493,67;237493,67;237493,67
9485434;424;2025-11-27 00:00:00;PM SAO GERALDO DO BAIXIO;01.613.075/0001-00;1231;SEAPA;SECRETARIA DE ESTADO DE AGRICULTURA, PECUARIA E ABASTECIMENTO;41;CONTRIBUICOES;1;CONTRIBUICOES;15;RECURSOS ORDINARIOS - OUTROS RECURSOS NAO VINCULADOS;260000,0;260000,0;260000,0
9485436;484;2025-11-26 00:00:00;PM JAPONVAR;01.612.476/0001-46;1301;SEINFRA;SECRETARIA DE ESTADO DE INFRAESTRUTURA, MOBILIDADE E PARCERIAS;42;AUXILIOS;1;AUXILIOS;15;RECURSOS ORDINARIOS - OUTROS RECURSOS NAO VINCULADOS;400000,0;400000,0;400000,0
9485437;5763;2025-11-27 00:00:00;ASSOCIACAO CULTURAL E ESPORTIVA ARTE MINAS;05.137.463/0001-13;1271;SECULT;SECRETARIA DE ESTADO DE CULTURA E TURISMO;41;CONTRIBUICOES;1;CONTRIBUICOES;10;RECURSOS ORDINARIOS - RECURSOS NAO VINCULADOS DE IMPOSTOS;123462,04;123462,04;123462,04
9485439;483;2025-11-26 00:00:00;PM SIMONESIA;18.385.120/0001-10;1301;SEINFRA;SECRETARIA DE ESTADO DE INFRAESTRUTURA, MOBILIDADE E PARCERIAS;42;AUXILIOS;1;AUXILIOS;15;RECURSOS ORDINARIOS - OUTROS RECURSOS NAO VINCULADOS;10000000,0;10000000,0;10000000,0
9485441;174;2025-11-24 00:00:00;ASSOCIACAO DEFICIENTES MONTE CARMELO;22.229.389/0001-84;1491;SEGOV;SECRETARIA DE ESTADO DE GOVERNO;42;AUXILIOS;1;AUXILIOS;10;RECURSOS ORDINARIOS - RECURSOS NAO VINCULADOS DE IMPOSTOS;99842,33;99842,33;99842,33
9485442;5761;2025-11-25 00:00:00;INSTITUTO EDUCACIONAL PARA CONSCIENTIZACAO E REALIZACAO DE POLITICAS P;08.600.544/0001-04;1271;SECULT;SECRETARIA DE ESTADO DE CULTURA E TURISMO;41;CONTRIBUICOES;1;CONTRIBUICOES;10;RECURSOS ORDINARIOS - RECURSOS NAO VINCULADOS DE IMPOSTOS;200000,0;200000,0;200000,0
9485443;173;2025-11-24 00:00:00;SOCIEDADE DE ASSISTENCIA AOS POBRES;24.492.290/0001-04;1491;SEGOV;SECRETARIA DE ESTADO DE GOVERNO;42;AUXILIOS;1;AUXILIOS;10;RECURSOS ORDINARIOS - RECURSOS NAO VINCULADOS DE IMPOSTOS;97486,9;97486,9;97486,9
9485444;5762;2025-11-25 00:00:00;INSTITUTO EDUCACIONAL PARA CONSCIENTIZACAO E REALIZACAO DE POLITICAS P;08.600.544/0001-04;1271;SECULT;SECRETARIA DE ESTADO DE CULTURA E TURISMO;41;CONTRIBUICOES;1;CONTRIBUICOES;10;RECURSOS ORDINARIOS - RECURSOS NAO VINCULADOS DE IMPOSTOS;1551633,84;1551633,84;1551633,84
9485445;3814;2025-11-24 00:00:00;PM BAMBUI;20.920.567/0001-93;1491;SEGOV;SECRETARIA DE ESTADO DE GOVERNO;42;AUXILIOS;1;AUXILIOS;15;RECURSOS ORDINARIOS - OUTROS RECURSOS NAO VINCULADOS;500000,0;500000,0;500000,0
9485446;3815;2025-11-24 00:00:00;PM CANAPOLIS;18.457.200/0001-33;1491;SEGOV;SECRETARIA DE ESTADO DE GOVERNO;42;AUXILIOS;1;AUXILIOS;15;RECURSOS ORDINARIOS - OUTROS RECURSOS NAO VINCULADOS;248960,65;248960,65;248960,65
9485447;5764;2025-11-27 00:00:00;ASSOCIACAO DE RESISTENCIA CULTURAL DA COMUNIDADE QUILOMBOLA MANZO NGUN;07.981.042/0001-08;1271;SECULT;SECRETARIA DE ESTADO DE CULTURA E TURISMO;41;CONTRIBUICOES;1;CONTRIBUICOES;10;RECURSOS ORDINARIOS - RECURSOS NAO VINCULADOS DE IMPOSTOS;60000,0;60000,0;60000,0
9485447;5765;2025-11-27 00:00:00;ASSOCIACAO DE RESISTENCIA CULTURAL DA COMUNIDADE QUILOMBOLA MANZO NGUN;07.981.042/0001-08;1271;SECULT;SECRETARIA DE ESTADO DE CULTURA E TURISMO;42;AUXILIOS;1;AUXILIOS;10;RECURSOS ORDINARIOS - RECURSOS NAO VINCULADOS DE IMPOSTOS;40000,0;40000,0;40000,0
9485448;175;2025-11-24 00:00:00;CENTRO SOCIAL DO RIACHO;34.876.823/0001-05;1491;SEGOV;SECRETARIA DE ESTADO DE GOVERNO;42;AUXILIOS;1;AUXILIOS;10;RECURSOS ORDINARIOS - RECURSOS NAO VINCULADOS DE IMPOSTOS;99557,33;99557,33;99557,33
9485454;108;2025-12-01 00:00:00;APAC JAIBA;09.594.489/0001-41;1451;SEJUSP;SECRETARIA DE ESTADO DE JUSTICA E SEGURANCA PUBLICA;43;SUBVENCOES SOCIAIS;1;SUBVENCOES SOCIAIS;60;RECURSOS DIRETAMENTE ARRECADADOS;353598,71;353598,71;353598,71
9485470;309;2025-11-25 00:00:00;ASSOCIACAO DOS SURDOS DE BETIM;02.566.745/0001-48;1481;SEDESE;SECRETARIA DE ESTADO DE DESENVOLVIMENTO SOCIAL;43;SUBVENCOES SOCIAIS;1;SUBVENCOES SOCIAIS;38;TRANSFERENCIAS DA UNIAO VINCULADAS AO ESPORTE;99964,11;99964,11;99964,11
9485471;308;2025-11-25 00:00:00;ASSOCIACAO DEFICIENTES FISICOS DE UBERABA;26.040.691/0001-40;1481;SEDESE;SECRETARIA DE ESTADO DE DESENVOLVIMENTO SOCIAL;43;SUBVENCOES SOCIAIS;1;SUBVENCOES SOCIAIS;38;TRANSFERENCIAS DA UNIAO VINCULADAS AO ESPORTE;99983,15;99983,15;99983,15
9485480;176;2025-11-25 00:00:00;ASSOCIACAO COMUNITARIA DA COMUNIDADE DE SANTA CRUZ;00.134.047/0001-48;1491;SEGOV;SECRETARIA DE ESTADO DE GOVERNO;42;AUXILIOS;1;AUXILIOS;10;RECURSOS ORDINARIOS - RECURSOS NAO VINCULADOS DE IMPOSTOS;90210,08;90210,08;90210,08
9485520;2674;2025-11-27 00:00:00;PM ANDRELANDIA;18.682.930/0001-38;1261;SEE;SECRETARIA DE ESTADO DE EDUCACAO;42;AUXILIOS;1;AUXILIOS;21;COTA ESTADUAL DO SALARIO EDUCACAO - QESE;500000,0;500000,0;500000,0
9485521;2675;2025-11-27 00:00:00;PM BURITIS;18.125.146/0001-29;1261;SEE;SECRETARIA DE ESTADO DE EDUCACAO;42;AUXILIOS;1;AUXILIOS;21;COTA ESTADUAL DO SALARIO EDUCACAO - QESE;350000,0;350000,0;350000,0
9485522;2676;2025-11-27 00:00:00;PM INGAI;18.244.319/0001-28;1261;SEE;SECRETARIA DE ESTADO DE EDUCACAO;42;AUXILIOS;1;AUXILIOS;21;COTA ESTADUAL DO SALARIO EDUCACAO - QESE;324048,01;324048,01;324048,01
9485523;2677;2025-11-27 00:00:00;PM ITAPEVA;18.677.625/0001-58;1261;SEE;SECRETARIA DE ESTADO DE EDUCACAO;42;AUXILIOS;1;AUXILIOS;21;COTA ESTADUAL DO SALARIO EDUCACAO - QESE;100000,0;100000,0;100000,0
9485524;2678;2025-11-27 00:00:00;PM AIURUOCA;18.008.896/0001-10;1261;SEE;SECRETARIA DE ESTADO DE EDUCACAO;42;AUXILIOS;1;AUXILIOS;21;COTA ESTADUAL DO SALARIO EDUCACAO - QESE;199808,36;199808,36;199808,36
9485525;2679;2025-11-27 00:00:00;PM ALPINOPOLIS;18.241.752/0001-00;1261;SEE;SECRETARIA DE ESTADO DE EDUCACAO;42;AUXILIOS;1;AUXILIOS;21;COTA ESTADUAL DO SALARIO EDUCACAO - QESE;600000,0;600000,0;600000,0
9485526;2680;2025-11-27 00:00:00;PM SENADOR CORTES;17.724.576/0001-02;1261;SEE;SECRETARIA DE ESTADO DE EDUCACAO;42;AUXILIOS;1;AUXILIOS;21;COTA ESTADUAL DO SALARIO EDUCACAO - QESE;564312,55;564312,55;564312,55
9485527;2681;2025-11-27 00:00:00;PM SAO JOAO NEPOMUCENO;18.558.072/0001-14;1261;SEE;SECRETARIA DE ESTADO DE EDUCACAO;42;AUXILIOS;1;AUXILIOS;21;COTA ESTADUAL DO SALARIO EDUCACAO - QESE;324048,01;324048,01;324048,01
9485528;486;2025-12-01 00:00:00;PM SAO SEBASTIAO DO OESTE;18.308.734/0001-06;1301;SEINFRA;SECRETARIA DE ESTADO DE INFRAESTRUTURA, MOBILIDADE E PARCERIAS;42;AUXILIOS;1;AUXILIOS;15;RECURSOS ORDINARIOS - OUTROS RECURSOS NAO VINCULADOS;500000,0;500000,0;500000,0
9485529;2682;2025-11-27 00:00:00;PM CAPINOPOLIS;18.457.234/0001-28;1261;SEE;SECRETARIA DE ESTADO DE EDUCACAO;42;AUXILIOS;1;AUXILIOS;21;COTA ESTADUAL DO SALARIO EDUCACAO - QESE;1452673,11;1452673,11;1452673,11
9485530;2683;2025-11-27 00:00:00;PM RESENDE COSTA;17.749.912/0001-63;1261;SEE;SECRETARIA DE ESTADO DE EDUCACAO;42;AUXILIOS;1;AUXILIOS;21;COTA ESTADUAL DO SALARIO EDUCACAO - QESE;555619,93;555619,93;555619,93
9485531;2684;2025-11-27 00:00:00;PM WENCESLAU BRAZ;18.026.013/0001-03;1261;SEE;SECRETARIA DE ESTADO DE EDUCACAO;42;AUXILIOS;1;AUXILIOS;21;COTA ESTADUAL DO SALARIO EDUCACAO - QESE;1159055,95;1159055,95;1159055,95
9485532;2685;2025-11-27 00:00:00;PM URUCUIA;25.223.850/0001-80;1261;SEE;SECRETARIA DE ESTADO DE EDUCACAO;42;AUXILIOS;1;AUXILIOS;21;COTA ESTADUAL DO SALARIO EDUCACAO - QESE;324048,01;324048,01;324048,01
9485533;2686;2025-11-27 00:00:00;PM PESCADOR;18.404.962/0001-71;1261;SEE;SECRETARIA DE ESTADO DE EDUCACAO;42;AUXILIOS;1;AUXILIOS;21;COTA ESTADUAL DO SALARIO EDUCACAO - QESE;801000,0;801000,0;801000,0
9485534;2687;2025-11-27 00:00:00;PM POTE;18.404.970/0001-18;1261;SEE;SECRETARIA DE ESTADO DE EDUCACAO;42;AUXILIOS;1;AUXILIOS;21;COTA ESTADUAL DO SALARIO EDUCACAO - QESE;180000,0;180000,0;180000,0
9485535;2688;2025-11-27 00:00:00;PM CARLOS CHAGAS;18.477.315/0001-90;1261;SEE;SECRETARIA DE ESTADO DE EDUCACAO;42;AUXILIOS;1;AUXILIOS;21;COTA ESTADUAL DO SALARIO EDUCACAO - QESE;1635007,94;1635007,94;1635007,94
9485536;2689;2025-11-27 00:00:00;PM CONFINS;01.006.232/0001-10;1261;SEE;SECRETARIA DE ESTADO DE EDUCACAO;42;AUXILIOS;1;AUXILIOS;21;COTA ESTADUAL DO SALARIO EDUCACAO - QESE;500000,0;500000,0;500000,0
9485537;2690;2025-11-27 00:00:00;PM CARBONITA;21.154.174/0001-89;1261;SEE;SECRETARIA DE ESTADO DE EDUCACAO;42;AUXILIOS;1;AUXILIOS;21;COTA ESTADUAL DO SALARIO EDUCACAO - QESE;420000,0;420000,0;420000,0
9485538;2691;2025-11-27 00:00:00;PM LADAINHA;18.404.863/0001-90;1261;SEE;SECRETARIA DE ESTADO DE EDUCACAO;42;AUXILIOS;1;AUXILIOS;21;COTA ESTADUAL DO SALARIO EDUCACAO - QESE;1029202,08;1029202,08;1029202,08
9485539;3026;2025-12-23 00:00:00;PM POTE;18.404.970/0001-18;1261;SEE;SECRETARIA DE ESTADO DE EDUCACAO;42;AUXILIOS;1;AUXILIOS;21;COTA ESTADUAL DO SALARIO EDUCACAO - QESE;700000,0;700000,0;700000,0
9485540;3027;2025-12-23 00:00:00;PM JAIBA;25.209.149/0001-06;1261;SEE;SECRETARIA DE ESTADO DE EDUCACAO;42;AUXILIOS;1;AUXILIOS;21;COTA ESTADUAL DO SALARIO EDUCACAO - QESE;700000,0;700000,0;700000,0
9485541;3036;2025-12-23 00:00:00;PM ROSARIO DA LIMEIRA;01.616.837/0001-22;1261;SEE;SECRETARIA DE ESTADO DE EDUCACAO;42;AUXILIOS;1;AUXILIOS;21;COTA ESTADUAL DO SALARIO EDUCACAO - QESE;100000,0;100000,0;100000,0
9485546;3040;2025-12-23 00:00:00;PM ALPINOPOLIS;18.241.752/0001-00;1261;SEE;SECRETARIA DE ESTADO DE EDUCACAO;42;AUXILIOS;1;AUXILIOS;21;COTA ESTADUAL DO SALARIO EDUCACAO - QESE;900000,0;900000,0;900000,0
9485547;3022;2025-12-23 00:00:00;PM CONCEICAO DA BARRA DE MINAS;18.557.587/0001-08;1261;SEE;SECRETARIA DE ESTADO DE EDUCACAO;42;AUXILIOS;1;AUXILIOS;21;COTA ESTADUAL DO SALARIO EDUCACAO - QESE;570000,0;570000,0;570000,0
9485548;3024;2025-12-23 00:00:00;PM CONGONHAS DO NORTE;18.303.180/0001-46;1261;SEE;SECRETARIA DE ESTADO DE EDUCACAO;42;AUXILIOS;1;AUXILIOS;21;COTA ESTADUAL DO SALARIO EDUCACAO - QESE;1300000,0;1300000,0;1300000,0
9485550;3039;2025-12-23 00:00:00;PM UBAPORANGA;66.229.717/0001-18;1261;SEE;SECRETARIA DE ESTADO DE EDUCACAO;42;AUXILIOS;1;AUXILIOS;21;COTA ESTADUAL DO SALARIO EDUCACAO - QESE;700000,0;700000,0;700000,0
9485551;3035;2025-12-23 00:00:00;PM SETUBINHA;01.613.375/0001-90;1261;SEE;SECRETARIA DE ESTADO DE EDUCACAO;42;AUXILIOS;1;AUXILIOS;21;COTA ESTADUAL DO SALARIO EDUCACAO - QESE;324048,01;324048,01;324048,01
9485552;3032;2025-12-23 00:00:00;PM MATEUS LEME;18.715.433/0001-99;1261;SEE;SECRETARIA DE ESTADO DE EDUCACAO;42;AUXILIOS;1;AUXILIOS;21;COTA ESTADUAL DO SALARIO EDUCACAO - QESE;324048,01;324048,01;324048,01
9485554;3023;2025-12-23 00:00:00;PM PEQUERI;17.724.360/0001-39;1261;SEE;SECRETARIA DE ESTADO DE EDUCACAO;42;AUXILIOS;1;AUXILIOS;21;COTA ESTADUAL DO SALARIO EDUCACAO - QESE;632583,54;632583,54;632583,54
9485555;3025;2025-12-23 00:00:00;PM TIROS;18.602.094/0001-34;1261;SEE;SECRETARIA DE ESTADO DE EDUCACAO;42;AUXILIOS;1;AUXILIOS;21;COTA ESTADUAL DO SALARIO EDUCACAO - QESE;648096,02;648096,02;648096,02
9485556;3030;2025-12-23 00:00:00;PM PLANURA;18.449.157/0001-64;1261;SEE;SECRETARIA DE ESTADO DE EDUCACAO;42;AUXILIOS;1;AUXILIOS;21;COTA ESTADUAL DO SALARIO EDUCACAO - QESE;614745,54;614745,54;614745,54
9485557;3038;2025-12-23 00:00:00;PM MINDURI;17.954.041/0001-10;1261;SEE;SECRETARIA DE ESTADO DE EDUCACAO;42;AUXILIOS;1;AUXILIOS;21;COTA ESTADUAL DO SALARIO EDUCACAO - QESE;564312,55;564312,55;564312,55
9485558;3021;2025-12-23 00:00:00;PM RIO CASCA;18.836.957/0001-38;1261;SEE;SECRETARIA DE ESTADO DE EDUCACAO;42;AUXILIOS;1;AUXILIOS;21;COTA ESTADUAL DO SALARIO EDUCACAO - QESE;600000,0;600000,0;600000,0
9485559;630;2025-11-25 00:00:00;ASSOCIACAO CASA DA CRIANCA MARIA ANTONIA;20.211.819/0001-05;1481;SEDESE;SECRETARIA DE ESTADO DE DESENVOLVIMENTO SOCIAL;43;SUBVENCOES SOCIAIS;1;SUBVENCOES SOCIAIS;10;RECURSOS ORDINARIOS - RECURSOS NAO VINCULADOS DE IMPOSTOS;63000,0;63000,0;63000,0
9485559;631;2025-11-25 00:00:00;ASSOCIACAO CASA DA CRIANCA MARIA ANTONIA;20.211.819/0001-05;1481;SEDESE;SECRETARIA DE ESTADO DE DESENVOLVIMENTO SOCIAL;42;AUXILIOS;1;AUXILIOS;10;RECURSOS ORDINARIOS - RECURSOS NAO VINCULADOS DE IMPOSTOS;40000,0;40000,0;40000,0
9485587;210;2025-11-26 00:00:00;AFS INTERCULTURA BRASIL;72.036.825/0001-77;2151;FHA;FUNDACAO HELENA ANTIPOFF;43;SUBVENCOES SOCIAIS;1;SUBVENCOES SOCIAIS;10;RECURSOS ORDINARIOS - RECURSOS NAO VINCULADOS DE IMPOSTOS;13627601,0;13627601,0;13627601,0
9485593;2692;2025-11-27 00:00:00;PM ANDRELANDIA;18.682.930/0001-38;1261;SEE;SECRETARIA DE ESTADO DE EDUCACAO;42;AUXILIOS;1;AUXILIOS;21;COTA ESTADUAL DO SALARIO EDUCACAO - QESE;564312,55;564312,55;564312,55
9485594;2693;2025-11-27 00:00:00;PM BURITIS;18.125.146/0001-29;1261;SEE;SECRETARIA DE ESTADO DE EDUCACAO;42;AUXILIOS;1;AUXILIOS;21;COTA ESTADUAL DO SALARIO EDUCACAO - QESE;1500000,0;1500000,0;1500000,0
9485595;2694;2025-11-27 00:00:00;PM SERRANIA;18.243.261/0001-06;1261;SEE;SECRETARIA DE ESTADO DE EDUCACAO;42;AUXILIOS;1;AUXILIOS;21;COTA ESTADUAL DO SALARIO EDUCACAO - QESE;648096,02;648096,02;648096,02
9485597;2695;2025-11-27 00:00:00;PM CABO VERDE;17.909.599/0001-83;1261;SEE;SECRETARIA DE ESTADO DE EDUCACAO;42;AUXILIOS;1;AUXILIOS;21;COTA ESTADUAL DO SALARIO EDUCACAO - QESE;1200000,0;1200000,0;1200000,0
9485598;2696;2025-11-27 00:00:00;PM NACIP RAYDAN;18.507.079/0001-07;1261;SEE;SECRETARIA DE ESTADO DE EDUCACAO;42;AUXILIOS;1;AUXILIOS;21;COTA ESTADUAL DO SALARIO EDUCACAO - QESE;564312,55;564312,55;564312,55
9485599;2697;2025-11-27 00:00:00;PM UBERLANDIA;18.431.312/0001-15;1261;SEE;SECRETARIA DE ESTADO DE EDUCACAO;42;AUXILIOS;1;AUXILIOS;21;COTA ESTADUAL DO SALARIO EDUCACAO - QESE;1519369,28;1519369,28;1519369,28
9485600;2698;2025-11-27 00:00:00;PM BOM SUCESSO;18.244.368/0001-60;1261;SEE;SECRETARIA DE ESTADO DE EDUCACAO;42;AUXILIOS;1;AUXILIOS;21;COTA ESTADUAL DO SALARIO EDUCACAO - QESE;1296192,04;1296192,04;1296192,04
9485601;2699;2025-11-27 00:00:00;PM CARMO DO CAJURU;18.291.377/0001-02;1261;SEE;SECRETARIA DE ESTADO DE EDUCACAO;42;AUXILIOS;1;AUXILIOS;21;COTA ESTADUAL DO SALARIO EDUCACAO - QESE;641615,06;641615,06;641615,06
9485602;2700;2025-11-27 00:00:00;PM ALFREDO VASCONCELOS;26.130.617/0001-15;1261;SEE;SECRETARIA DE ESTADO DE EDUCACAO;42;AUXILIOS;1;AUXILIOS;21;COTA ESTADUAL DO SALARIO EDUCACAO - QESE;564312,55;564312,55;564312,55
9485603;2701;2025-11-27 00:00:00;PM UBERLANDIA;18.431.312/0001-15;1261;SEE;SECRETARIA DE ESTADO DE EDUCACAO;42;AUXILIOS;1;AUXILIOS;21;COTA ESTADUAL DO SALARIO EDUCACAO - QESE;800910,07;800910,07;800910,07
9485604;2730;2025-11-27 00:00:00;PM UBERLANDIA;18.431.312/0001-15;1261;SEE;SECRETARIA DE ESTADO DE EDUCACAO;42;AUXILIOS;1;AUXILIOS;10;RECURSOS ORDINARIOS - RECURSOS NAO VINCULADOS DE IMPOSTOS;741558,95;741558,95;741558,95
9485605;2702;2025-11-27 00:00:00;PM PERDIZES;18.140.772/0001-94;1261;SEE;SECRETARIA DE ESTADO DE EDUCACAO;42;AUXILIOS;1;AUXILIOS;21;COTA ESTADUAL DO SALARIO EDUCACAO - QESE;888360,56;888360,56;888360,56
9485607;2703;2025-11-27 00:00:00;PM SABINOPOLIS;18.307.454/0001-75;1261;SEE;SECRETARIA DE ESTADO DE EDUCACAO;42;AUXILIOS;1;AUXILIOS;21;COTA ESTADUAL DO SALARIO EDUCACAO - QESE;249557,36;249557,36;249557,36
9485608;2704;2025-11-27 00:00:00;PM SANTA RITA DE MINAS;66.229.584/0001-80;1261;SEE;SECRETARIA DE ESTADO DE EDUCACAO;42;AUXILIOS;1;AUXILIOS;21;COTA ESTADUAL DO SALARIO EDUCACAO - QESE;400000,0;400000,0;400000,0
9485609;2705;2025-11-27 00:00:00;PM SILVEIRANIA;17.744.558/0001-84;1261;SEE;SECRETARIA DE ESTADO DE EDUCACAO;42;AUXILIOS;1;AUXILIOS;21;COTA ESTADUAL DO SALARIO EDUCACAO - QESE;888360,56;888360,56;888360,56
9485616;632;2025-11-26 00:00:00;VILA VICENTINA DR. OLINTO FONSECA;17.891.607/0001-01;1481;SEDESE;SECRETARIA DE ESTADO DE DESENVOLVIMENTO SOCIAL;43;SUBVENCOES SOCIAIS;1;SUBVENCOES SOCIAIS;10;RECURSOS ORDINARIOS - RECURSOS NAO VINCULADOS DE IMPOSTOS;50000,0;50000,0;50000,0
9485616;633;2025-11-26 00:00:00;VILA VICENTINA DR. OLINTO FONSECA;17.891.607/0001-01;1481;SEDESE;SECRETARIA DE ESTADO DE DESENVOLVIMENTO SOCIAL;42;AUXILIOS;1;AUXILIOS;10;RECURSOS ORDINARIOS - RECURSOS NAO VINCULADOS DE IMPOSTOS;50000,0;50000,0;50000,0
9485617;634;2025-11-26 00:00:00;ASSOCIACAO JOAO PAULO II;08.027.860/0001-20;1481;SEDESE;SECRETARIA DE ESTADO DE DESENVOLVIMENTO SOCIAL;42;AUXILIOS;1;AUXILIOS;10;RECURSOS ORDINARIOS - RECURSOS NAO VINCULADOS DE IMPOSTOS;104278,35;104278,35;104278,35
9485625;637;2025-11-26 00:00:00;CONSELHO CENTRAL DE MONTE CARMELO DA SSVP;22.604.680/0002-76;1481;SEDESE;SECRETARIA DE ESTADO DE DESENVOLVIMENTO SOCIAL;42;AUXILIOS;1;AUXILIOS;10;RECURSOS ORDINARIOS - RECURSOS NAO VINCULADOS DE IMPOSTOS;99456,0;99456,0;99456,0
9485626;640;2025-11-26 00:00:00;FUNDACAO EDUCACIOBAL CLARICE ALBUQUERQUE;25.218.462/0001-00;1481;SEDESE;SECRETARIA DE ESTADO DE DESENVOLVIMENTO SOCIAL;42;AUXILIOS;1;AUXILIOS;10;RECURSOS ORDINARIOS - RECURSOS NAO VINCULADOS DE IMPOSTOS;100000,0;100000,0;100000,0
9485627;639;2025-11-26 00:00:00;ASSOCIACAO COMUNITARIA DE PREVENCAO AO USO INDEVIDO DE DROGAS;03.015.043/0001-39;1481;SEDESE;SECRETARIA DE ESTADO DE DESENVOLVIMENTO SOCIAL;43;SUBVENCOES SOCIAIS;1;SUBVENCOES SOCIAIS;10;RECURSOS ORDINARIOS - RECURSOS NAO VINCULADOS DE IMPOSTOS;100000,0;100000,0;100000,0
9485629;635;2025-11-26 00:00:00;UNIAO DA REGIAO VENEZA;24.174.847/0001-50;1481;SEDESE;SECRETARIA DE ESTADO DE DESENVOLVIMENTO SOCIAL;43;SUBVENCOES SOCIAIS;1;SUBVENCOES SOCIAIS;10;RECURSOS ORDINARIOS - RECURSOS NAO VINCULADOS DE IMPOSTOS;200000,0;200000,0;200000,0
9485629;636;2025-11-26 00:00:00;UNIAO DA REGIAO VENEZA;24.174.847/0001-50;1481;SEDESE;SECRETARIA DE ESTADO DE DESENVOLVIMENTO SOCIAL;42;AUXILIOS;1;AUXILIOS;10;RECURSOS ORDINARIOS - RECURSOS NAO VINCULADOS DE IMPOSTOS;50000,0;50000,0;50000,0
9485630;641;2025-11-26 00:00:00;ASILO SAO VICENTE DE PAULO;22.682.173/0001-70;1481;SEDESE;SECRETARIA DE ESTADO DE DESENVOLVIMENTO SOCIAL;43;SUBVENCOES SOCIAIS;1;SUBVENCOES SOCIAIS;10;RECURSOS ORDINARIOS - RECURSOS NAO VINCULADOS DE IMPOSTOS;100000,0;100000,0;100000,0
9485632;428;2025-11-27 00:00:00;PM BOM JARDIM DE MINAS;18.684.217/0001-23;1231;SEAPA;SECRETARIA DE ESTADO DE AGRICULTURA, PECUARIA E ABASTECIMENTO;41;CONTRIBUICOES;1;CONTRIBUICOES;15;RECURSOS ORDINARIOS - OUTROS RECURSOS NAO VINCULADOS;247493,4;247493,4;247493,4
9485633;638;2025-11-26 00:00:00;UNIAO ALLAN KARDEC LAR DOS IDOSOS;00.068.985/0001-97;1481;SEDESE;SECRETARIA DE ESTADO DE DESENVOLVIMENTO SOCIAL;42;AUXILIOS;1;AUXILIOS;10;RECURSOS ORDINARIOS - RECURSOS NAO VINCULADOS DE IMPOSTOS;100000,0;100000,0;100000,0
9485634;427;2025-11-27 00:00:00;PM MATUTINA;18.602.102/0001-42;1231;SEAPA;SECRETARIA DE ESTADO DE AGRICULTURA, PECUARIA E ABASTECIMENTO;41;CONTRIBUICOES;1;CONTRIBUICOES;15;RECURSOS ORDINARIOS - OUTROS RECURSOS NAO VINCULADOS;386100,0;386100,0;386100,0
9485634;434;2025-12-02 00:00:00;PM MATUTINA;18.602.102/0001-42;1231;SEAPA;SECRETARIA DE ESTADO DE AGRICULTURA, PECUARIA E ABASTECIMENTO;41;CONTRIBUICOES;1;CONTRIBUICOES;15;RECURSOS ORDINARIOS - OUTROS RECURSOS NAO VINCULADOS;519033,34;519033,34;519033,34
9485641;643;2025-11-27 00:00:00;INSTITUTO DE DESENVOLVIMENTO SUSTENTAVEL CONEXAO;19.643.045/0001-02;1481;SEDESE;SECRETARIA DE ESTADO DE DESENVOLVIMENTO SOCIAL;43;SUBVENCOES SOCIAIS;1;SUBVENCOES SOCIAIS;10;RECURSOS ORDINARIOS - RECURSOS NAO VINCULADOS DE IMPOSTOS;172816,16;172816,16;172816,16
9485642;642;2025-11-27 00:00:00;LAR BENEFICENTE SAO VICENTE DE PAULO DE CACHOEIRA DE MINAS;17.418.906/0001-23;1481;SEDESE;SECRETARIA DE ESTADO DE DESENVOLVIMENTO SOCIAL;43;SUBVENCOES SOCIAIS;1;SUBVENCOES SOCIAIS;10;RECURSOS ORDINARIOS - RECURSOS NAO VINCULADOS DE IMPOSTOS;100000,0;100000,0;100000,0
9485644;431;2025-12-01 00:00:00;PM ARAPUA;19.942.895/0001-01;1231;SEAPA;SECRETARIA DE ESTADO DE AGRICULTURA, PECUARIA E ABASTECIMENTO;41;CONTRIBUICOES;1;CONTRIBUICOES;15;RECURSOS ORDINARIOS - OUTROS RECURSOS NAO VINCULADOS;654463,69;654463,69;654463,69
9485648;488;2025-12-01 00:00:00;PM TIMOTEO;19.875.020/0001-34;1301;SEINFRA;SECRETARIA DE ESTADO DE INFRAESTRUTURA, MOBILIDADE E PARCERIAS;42;AUXILIOS;1;AUXILIOS;15;RECURSOS ORDINARIOS - OUTROS RECURSOS NAO VINCULADOS;2100000,0;2100000,0;2100000,0
9485649;5780;2025-12-03 00:00:00;GUARANESIA FUTEBOL CLUBE;17.900.333/0001-70;1271;SECULT;SECRETARIA DE ESTADO DE CULTURA E TURISMO;41;CONTRIBUICOES;1;CONTRIBUICOES;10;RECURSOS ORDINARIOS - RECURSOS NAO VINCULADOS DE IMPOSTOS;80000,0;80000,0;80000,0
9485650;487;2025-12-01 00:00:00;PM DORESOPOLIS;18.306.647/0001-01;1301;SEINFRA;SECRETARIA DE ESTADO DE INFRAESTRUTURA, MOBILIDADE E PARCERIAS;42;AUXILIOS;1;AUXILIOS;15;RECURSOS ORDINARIOS - OUTROS RECURSOS NAO VINCULADOS;500000,0;500000,0;500000,0
9485651;5781;2025-12-03 00:00:00;ASSOCIACAO DE FOMENTO ARTISTICO E CULTURAL MUNDO CENICO;30.781.566/0001-69;1271;SECULT;SECRETARIA DE ESTADO DE CULTURA E TURISMO;41;CONTRIBUICOES;1;CONTRIBUICOES;10;RECURSOS ORDINARIOS - RECURSOS NAO VINCULADOS DE IMPOSTOS;158414,05;158414,05;158414,05
9485652;5779;2025-12-02 00:00:00;ASSOC. CULT. E ASSIST. PROJETO USINA DOS SONHOS;05.551.378/0001-05;1271;SECULT;SECRETARIA DE ESTADO DE CULTURA E TURISMO;41;CONTRIBUICOES;1;CONTRIBUICOES;10;RECURSOS ORDINARIOS - RECURSOS NAO VINCULADOS DE IMPOSTOS;0,0;0,0;0,0
9485652;5797;2025-12-09 00:00:00;ASSOC. CULT. E ASSIST. PROJETO USINA DOS SONHOS;05.551.378/0001-05;1271;SECULT;SECRETARIA DE ESTADO DE CULTURA E TURISMO;41;CONTRIBUICOES;1;CONTRIBUICOES;10;RECURSOS ORDINARIOS - RECURSOS NAO VINCULADOS DE IMPOSTOS;15000,0;15000,0;15000,0
9485652;5798;2025-12-09 00:00:00;ASSOC. CULT. E ASSIST. PROJETO USINA DOS SONHOS;05.551.378/0001-05;1271;SECULT;SECRETARIA DE ESTADO DE CULTURA E TURISMO;41;CONTRIBUICOES;1;CONTRIBUICOES;10;RECURSOS ORDINARIOS - RECURSOS NAO VINCULADOS DE IMPOSTOS;135000,0;135000,0;135000,0
9485653;5784;2025-12-04 00:00:00;INSTITUTO BATEIA;10.307.318/0001-73;1271;SECULT;SECRETARIA DE ESTADO DE CULTURA E TURISMO;41;CONTRIBUICOES;1;CONTRIBUICOES;10;RECURSOS ORDINARIOS - RECURSOS NAO VINCULADOS DE IMPOSTOS;150000,0;150000,0;150000,0
9485654;5776;2025-12-02 00:00:00;INSTITUTO SOCIOCULTURAL BRUTAFLOR;50.453.971/0001-65;1271;SECULT;SECRETARIA DE ESTADO DE CULTURA E TURISMO;41;CONTRIBUICOES;1;CONTRIBUICOES;10;RECURSOS ORDINARIOS - RECURSOS NAO VINCULADOS DE IMPOSTOS;200000,0;200000,0;200000,0
9485655;3817;2025-11-27 00:00:00;PM ALTO RIO DOCE;18.094.748/0001-66;1491;SEGOV;SECRETARIA DE ESTADO DE GOVERNO;42;AUXILIOS;1;AUXILIOS;15;RECURSOS ORDINARIOS - OUTROS RECURSOS NAO VINCULADOS;1280000,0;1280000,0;1280000,0
9485656;3816;2025-11-27 00:00:00;PM BRASILIA DE MINAS;18.017.442/0001-06;1491;SEGOV;SECRETARIA DE ESTADO DE GOVERNO;42;AUXILIOS;1;AUXILIOS;15;RECURSOS ORDINARIOS - OUTROS RECURSOS NAO VINCULADOS;400000,0;400000,0;400000,0
9485657;177;2025-11-27 00:00:00;ASSOCIACAO DA FOLIA DO CORREGO FUNDO;47.735.135/0001-69;1491;SEGOV;SECRETARIA DE ESTADO DE GOVERNO;42;AUXILIOS;1;AUXILIOS;10;RECURSOS ORDINARIOS - RECURSOS NAO VINCULADOS DE IMPOSTOS;99718,14;99718,14;99718,14
9485676;2737;2025-11-28 00:00:00;PM ENTRE RIOS DE MINAS;20.356.747/0001-94;1261;SEE;SECRETARIA DE ESTADO DE EDUCACAO;42;AUXILIOS;1;AUXILIOS;10;RECURSOS ORDINARIOS - RECURSOS NAO VINCULADOS DE IMPOSTOS;1029202,08;1029202,08;1029202,08
9485678;2739;2025-11-28 00:00:00;PM TURMALINA;25.324.187/0001-00;1261;SEE;SECRETARIA DE ESTADO DE EDUCACAO;42;AUXILIOS;1;AUXILIOS;10;RECURSOS ORDINARIOS - RECURSOS NAO VINCULADOS DE IMPOSTOS;400000,0;400000,0;400000,0
9485679;2738;2025-11-28 00:00:00;PM QUELUZITO;19.718.410/0001-09;1261;SEE;SECRETARIA DE ESTADO DE EDUCACAO;42;AUXILIOS;1;AUXILIOS;10;RECURSOS ORDINARIOS - RECURSOS NAO VINCULADOS DE IMPOSTOS;938793,55;938793,55;938793,55
9485681;2740;2025-11-28 00:00:00;PM MAR DE ESPANHA;18.535.658/0001-63;1261;SEE;SECRETARIA DE ESTADO DE EDUCACAO;42;AUXILIOS;1;AUXILIOS;10;RECURSOS ORDINARIOS - RECURSOS NAO VINCULADOS DE IMPOSTOS;324048,01;324048,01;324048,01
9485682;2741;2025-11-28 00:00:00;PM GALILEIA;17.005.000/0001-87;1261;SEE;SECRETARIA DE ESTADO DE EDUCACAO;42;AUXILIOS;1;AUXILIOS;10;RECURSOS ORDINARIOS - RECURSOS NAO VINCULADOS DE IMPOSTOS;778841,09;778841,09;778841,09
9485683;2742;2025-11-28 00:00:00;PM BRUMADINHO;18.363.929/0001-40;1261;SEE;SECRETARIA DE ESTADO DE EDUCACAO;42;AUXILIOS;1;AUXILIOS;10;RECURSOS ORDINARIOS - RECURSOS NAO VINCULADOS DE IMPOSTOS;324048,01;324048,01;324048,01
9485684;2743;2025-11-28 00:00:00;PM SAO JOAO BATISTA DO GLORIA;18.241.778/0001-58;1261;SEE;SECRETARIA DE ESTADO DE EDUCACAO;42;AUXILIOS;1;AUXILIOS;10;RECURSOS ORDINARIOS - RECURSOS NAO VINCULADOS DE IMPOSTOS;564312,55;564312,55;564312,55
9485685;2744;2025-11-28 00:00:00;PM PEDRALVA;18.025.973/0001-40;1261;SEE;SECRETARIA DE ESTADO DE EDUCACAO;42;AUXILIOS;1;AUXILIOS;10;RECURSOS ORDINARIOS - RECURSOS NAO VINCULADOS DE IMPOSTOS;938793,55;938793,55;938793,55
9485686;2745;2025-11-28 00:00:00;PM JUATUBA;64.487.614/0001-22;1261;SEE;SECRETARIA DE ESTADO DE EDUCACAO;42;AUXILIOS;1;AUXILIOS;10;RECURSOS ORDINARIOS - RECURSOS NAO VINCULADOS DE IMPOSTOS;642648,7;642648,7;642648,7
9485692;2746;2025-11-28 00:00:00;PM SAO JOAO DO PACUI;01.612.474/0001-57;1261;SEE;SECRETARIA DE ESTADO DE EDUCACAO;42;AUXILIOS;1;AUXILIOS;10;RECURSOS ORDINARIOS - RECURSOS NAO VINCULADOS DE IMPOSTOS;300000,0;300000,0;300000,0
9485693;2747;2025-11-28 00:00:00;PM ALFREDO VASCONCELOS;26.130.617/0001-15;1261;SEE;SECRETARIA DE ESTADO DE EDUCACAO;42;AUXILIOS;1;AUXILIOS;10;RECURSOS ORDINARIOS - RECURSOS NAO VINCULADOS DE IMPOSTOS;440000,0;440000,0;440000,0
9485694;2748;2025-11-28 00:00:00;PM PINGO D'AGUA;01.613.204/0001-60;1261;SEE;SECRETARIA DE ESTADO DE EDUCACAO;42;AUXILIOS;1;AUXILIOS;10;RECURSOS ORDINARIOS - RECURSOS NAO VINCULADOS DE IMPOSTOS;1179058,09;1179058,09;1179058,09
9485695;2749;2025-11-28 00:00:00;PM SANTO ANTONIO DO RIO ABAIXO;18.303.248/0001-97;1261;SEE;SECRETARIA DE ESTADO DE EDUCACAO;42;AUXILIOS;1;AUXILIOS;10;RECURSOS ORDINARIOS - RECURSOS NAO VINCULADOS DE IMPOSTOS;1399320,49;1399320,49;1399320,49
9485696;2750;2025-11-28 00:00:00;PM SANTA RITA DE JACUTINGA;18.338.269/0001-48;1261;SEE;SECRETARIA DE ESTADO DE EDUCACAO;42;AUXILIOS;1;AUXILIOS;10;RECURSOS ORDINARIOS - RECURSOS NAO VINCULADOS DE IMPOSTOS;250000,0;250000,0;250000,0
9485700;644;2025-11-27 00:00:00;ASSOC. DO PROJETO PARCEIROS DO FUTURO;04.848.973/0001-36;1481;SEDESE;SECRETARIA DE ESTADO DE DESENVOLVIMENTO SOCIAL;42;AUXILIOS;1;AUXILIOS;10;RECURSOS ORDINARIOS - RECURSOS NAO VINCULADOS DE IMPOSTOS;100000,0;100000,0;100000,0
9485707;645;2025-11-27 00:00:00;INSTITUTO RECONSTRUIR;08.666.461/0001-00;1481;SEDESE;SECRETARIA DE ESTADO DE DESENVOLVIMENTO SOCIAL;43;SUBVENCOES SOCIAIS;1;SUBVENCOES SOCIAIS;10;RECURSOS ORDINARIOS - RECURSOS NAO VINCULADOS DE IMPOSTOS;200000,0;200000,0;200000,0
9485710;647;2025-11-27 00:00:00;ACADEMIA DO VOLEI;01.240.844/0001-72;1481;SEDESE;SECRETARIA DE ESTADO DE DESENVOLVIMENTO SOCIAL;43;SUBVENCOES SOCIAIS;1;SUBVENCOES SOCIAIS;10;RECURSOS ORDINARIOS - RECURSOS NAO VINCULADOS DE IMPOSTOS;99995,31;99995,31;99995,31
9485711;646;2025-11-27 00:00:00;VILA VICENTINA FURTADA DE MENEZES/CAMPO BELO;18.656.025/0001-03;1481;SEDESE;SECRETARIA DE ESTADO DE DESENVOLVIMENTO SOCIAL;43;SUBVENCOES SOCIAIS;1;SUBVENCOES SOCIAIS;10;RECURSOS ORDINARIOS - RECURSOS NAO VINCULADOS DE IMPOSTOS;99991,55;99991,55;99991,55
9486567;650;2025-11-27 00:00:00;LAR DO IDOSO SAO VICENTE DE PAULO;03.225.467/0001-28;1481;SEDESE;SECRETARIA DE ESTADO DE DESENVOLVIMENTO SOCIAL;42;AUXILIOS;1;AUXILIOS;10;RECURSOS ORDINARIOS - RECURSOS NAO VINCULADOS DE IMPOSTOS;72928,35;72928,35;72928,35
9486568;649;2025-11-27 00:00:00;LAR DA BOA ESPERANCA DE SAO VICENTE DE PAULO DE BALDIM;01.522.825/0001-39;1481;SEDESE;SECRETARIA DE ESTADO DE DESENVOLVIMENTO SOCIAL;42;AUXILIOS;1;AUXILIOS;10;RECURSOS ORDINARIOS - RECURSOS NAO VINCULADOS DE IMPOSTOS;97950,35;97950,35;97950,35
9486569;648;2025-11-27 00:00:00;ASSISTENCIA SOCIAL PIO XII;20.549.861/0003-00;1481;SEDESE;SECRETARIA DE ESTADO DE DESENVOLVIMENTO SOCIAL;42;AUXILIOS;1;AUXILIOS;10;RECURSOS ORDINARIOS - RECURSOS NAO VINCULADOS DE IMPOSTOS;0,0;0,0;0,0
9486569;707;2025-12-11 00:00:00;ASSISTENCIA SOCIAL PIO XII;20.549.861/0003-00;1481;SEDESE;SECRETARIA DE ESTADO DE DESENVOLVIMENTO SOCIAL;43;SUBVENCOES SOCIAIS;1;SUBVENCOES SOCIAIS;10;RECURSOS ORDINARIOS - RECURSOS NAO VINCULADOS DE IMPOSTOS;100000,0;100000,0;100000,0
9486572;651;2025-11-27 00:00:00;APAE ARCOS;20.876.579/0001-68;1481;SEDESE;SECRETARIA DE ESTADO DE DESENVOLVIMENTO SOCIAL;43;SUBVENCOES SOCIAIS;1;SUBVENCOES SOCIAIS;10;RECURSOS ORDINARIOS - RECURSOS NAO VINCULADOS DE IMPOSTOS;100000,0;100000,0;100000,0
9486573;430;2025-12-01 00:00:00;PM BOCAIUVA;18.803.072/0001-32;1231;SEAPA;SECRETARIA DE ESTADO DE AGRICULTURA, PECUARIA E ABASTECIMENTO;41;CONTRIBUICOES;1;CONTRIBUICOES;15;RECURSOS ORDINARIOS - OUTROS RECURSOS NAO VINCULADOS;104278,35;104278,35;104278,35
9486573;432;2025-12-01 00:00:00;PM BOCAIUVA;18.803.072/0001-32;1231;SEAPA;SECRETARIA DE ESTADO DE AGRICULTURA, PECUARIA E ABASTECIMENTO;41;CONTRIBUICOES;1;CONTRIBUICOES;15;RECURSOS ORDINARIOS - OUTROS RECURSOS NAO VINCULADOS;390000,0;390000,0;390000,0
9486574;433;2025-12-01 00:00:00;PM VIRGINOPOLIS;18.307.512/0001-60;1231;SEAPA;SECRETARIA DE ESTADO DE AGRICULTURA, PECUARIA E ABASTECIMENTO;41;CONTRIBUICOES;1;CONTRIBUICOES;15;RECURSOS ORDINARIOS - OUTROS RECURSOS NAO VINCULADOS;2000000,0;2000000,0;2000000,0
9486580;652;2025-11-28 00:00:00;PM TRES MARIAS;17.695.008/0001-12;1481;SEDESE;SECRETARIA DE ESTADO DE DESENVOLVIMENTO SOCIAL;42;AUXILIOS;1;AUXILIOS;10;RECURSOS ORDINARIOS - RECURSOS NAO VINCULADOS DE IMPOSTOS;130000,0;130000,0;130000,0
9486589;3818;2025-12-01 00:00:00;PM ESPINOSA;18.650.952/0001-16;1491;SEGOV;SECRETARIA DE ESTADO DE GOVERNO;42;AUXILIOS;1;AUXILIOS;15;RECURSOS ORDINARIOS - OUTROS RECURSOS NAO VINCULADOS;267923,24;267923,24;267923,24
9486608;179;2025-12-01 00:00:00;BRIGADA 1;05.840.482/0001-01;1491;SEGOV;SECRETARIA DE ESTADO DE GOVERNO;42;AUXILIOS;1;AUXILIOS;10;RECURSOS ORDINARIOS - RECURSOS NAO VINCULADOS DE IMPOSTOS;124258,0;124258,0;124258,0
9486609;178;2025-12-01 00:00:00;GRUPO DAS SAMARITANAS;20.705.968/0001-20;1491;SEGOV;SECRETARIA DE ESTADO DE GOVERNO;42;AUXILIOS;1;AUXILIOS;10;RECURSOS ORDINARIOS - RECURSOS NAO VINCULADOS DE IMPOSTOS;106041,59;106041,59;106041,59
9486611;2751;2025-11-28 00:00:00;PM PAI PEDRO;01.612.479/0001-80;1261;SEE;SECRETARIA DE ESTADO DE EDUCACAO;42;AUXILIOS;1;AUXILIOS;10;RECURSOS ORDINARIOS - RECURSOS NAO VINCULADOS DE IMPOSTOS;564312,55;564312,55;564312,55
9486612;2752;2025-11-28 00:00:00;PM CAMPANARIO;18.404.905/0001-92;1261;SEE;SECRETARIA DE ESTADO DE EDUCACAO;42;AUXILIOS;1;AUXILIOS;10;RECURSOS ORDINARIOS - RECURSOS NAO VINCULADOS DE IMPOSTOS;100000,0;100000,0;100000,0
9486613;2753;2025-11-28 00:00:00;PM TEOFILO OTONI;18.404.780/0001-09;1261;SEE;SECRETARIA DE ESTADO DE EDUCACAO;42;AUXILIOS;1;AUXILIOS;10;RECURSOS ORDINARIOS - RECURSOS NAO VINCULADOS DE IMPOSTOS;3017557,08;3017557,08;3017557,08
9486674;493;2025-12-04 00:00:00;PM MUTUM;18.348.086/0001-03;1301;SEINFRA;SECRETARIA DE ESTADO DE INFRAESTRUTURA, MOBILIDADE E PARCERIAS;42;AUXILIOS;1;AUXILIOS;15;RECURSOS ORDINARIOS - OUTROS RECURSOS NAO VINCULADOS;2500000,0;2500000,0;2500000,0
9486675;6031;2025-12-09 00:00:00;PM CENTRAL DE MINAS;17.990.714/0001-97;4291;FES;FUNDO ESTADUAL DE SAUDE;42;AUXILIOS;1;AUXILIOS;10;RECURSOS ORDINARIOS - RECURSOS NAO VINCULADOS DE IMPOSTOS;576000,0;576000,0;576000,0
9486676;6030;2025-12-09 00:00:00;IRMANDADE DA SANTA CASA DE MISERICORDIA DE PASSOS;23.278.898/0001-60;4291;FES;FUNDO ESTADUAL DE SAUDE;42;AUXILIOS;1;AUXILIOS;10;RECURSOS ORDINARIOS - RECURSOS NAO VINCULADOS DE IMPOSTOS;4075000,0;4075000,0;4075000,0
9486678;180;2025-12-01 00:00:00;BRIGADA 1;05.840.482/0001-01;1491;SEGOV;SECRETARIA DE ESTADO DE GOVERNO;42;AUXILIOS;1;AUXILIOS;10;RECURSOS ORDINARIOS - RECURSOS NAO VINCULADOS DE IMPOSTOS;124258,0;124258,0;124258,0
9486680;183;2025-12-01 00:00:00;ASSOCIACAO BENEFICENTE CAMINHO VERDADE E VIDA;28.094.972/0001-01;1491;SEGOV;SECRETARIA DE ESTADO DE GOVERNO;42;AUXILIOS;1;AUXILIOS;10;RECURSOS ORDINARIOS - RECURSOS NAO VINCULADOS DE IMPOSTOS;149970,0;149970,0;149970,0
9486681;182;2025-12-01 00:00:00;CONSELHO ASSISTENCIAL DE BAIRROS DE BOCAIUVA - CABB;13.584.472/0001-80;1491;SEGOV;SECRETARIA DE ESTADO DE GOVERNO;42;AUXILIOS;1;AUXILIOS;10;RECURSOS ORDINARIOS - RECURSOS NAO VINCULADOS DE IMPOSTOS;90210,08;90210,08;90210,08
9486682;181;2025-12-01 00:00:00;(AMBAC)ASSOCIACAO DE MORADORES DO BAIRRO AGUAS DE CRISTAIS;18.403.641/0001-52;1491;SEGOV;SECRETARIA DE ESTADO DE GOVERNO;42;AUXILIOS;1;AUXILIOS;10;RECURSOS ORDINARIOS - RECURSOS NAO VINCULADOS DE IMPOSTOS;100000,0;100000,0;100000,0
9486854;2754;2025-12-01 00:00:00;PM SETE LAGOAS;24.996.969/0001-22;1261;SEE;SECRETARIA DE ESTADO DE EDUCACAO;42;AUXILIOS;1;AUXILIOS;10;RECURSOS ORDINARIOS - RECURSOS NAO VINCULADOS DE IMPOSTOS;5470207,7;5470207,7;5470207,7
9486855;2755;2025-12-01 00:00:00;PM UNIAO DE MINAS;01.051.819/0001-40;1261;SEE;SECRETARIA DE ESTADO DE EDUCACAO;42;AUXILIOS;1;AUXILIOS;10;RECURSOS ORDINARIOS - RECURSOS NAO VINCULADOS DE IMPOSTOS;600000,0;600000,0;600000,0
9486856;2756;2025-12-01 00:00:00;PM CRISOLITA;01.614.283/0001-24;1261;SEE;SECRETARIA DE ESTADO DE EDUCACAO;42;AUXILIOS;1;AUXILIOS;10;RECURSOS ORDINARIOS - RECURSOS NAO VINCULADOS DE IMPOSTOS;1029202,08;1029202,08;1029202,08
9486858;657;2025-12-02 00:00:00;ASSOCIACAO COMUNIT. DOS PEQ. PRODUTORES DE CAMPO VERDE;04.787.597/0001-17;1481;SEDESE;SECRETARIA DE ESTADO DE DESENVOLVIMENTO SOCIAL;42;AUXILIOS;1;AUXILIOS;10;RECURSOS ORDINARIOS - RECURSOS NAO VINCULADOS DE IMPOSTOS;100000,0;100000,0;100000,0
9486861;653;2025-12-02 00:00:00;INSTITUTO CULTURAL E SOCIAL MARANATA;03.108.751/0001-14;1481;SEDESE;SECRETARIA DE ESTADO DE DESENVOLVIMENTO SOCIAL;43;SUBVENCOES SOCIAIS;1;SUBVENCOES SOCIAIS;10;RECURSOS ORDINARIOS - RECURSOS NAO VINCULADOS DE IMPOSTOS;150000,0;150000,0;150000,0
9486861;654;2025-12-02 00:00:00;INSTITUTO CULTURAL E SOCIAL MARANATA;03.108.751/0001-14;1481;SEDESE;SECRETARIA DE ESTADO DE DESENVOLVIMENTO SOCIAL;42;AUXILIOS;1;AUXILIOS;10;RECURSOS ORDINARIOS - RECURSOS NAO VINCULADOS DE IMPOSTOS;50000,0;50000,0;50000,0
9486862;655;2025-12-02 00:00:00;APAE DE VIRGINOPOLIS;01.814.873/0001-09;1481;SEDESE;SECRETARIA DE ESTADO DE DESENVOLVIMENTO SOCIAL;43;SUBVENCOES SOCIAIS;1;SUBVENCOES SOCIAIS;10;RECURSOS ORDINARIOS - RECURSOS NAO VINCULADOS DE IMPOSTOS;100000,0;100000,0;100000,0
9486865;656;2025-12-02 00:00:00;FUNDACAO GERIATRICA E EDUCACIONAL PADRE ANT.PASCHOAL/CAMBUI;18.900.902/0001-40;1481;SEDESE;SECRETARIA DE ESTADO DE DESENVOLVIMENTO SOCIAL;43;SUBVENCOES SOCIAIS;1;SUBVENCOES SOCIAIS;10;RECURSOS ORDINARIOS - RECURSOS NAO VINCULADOS DE IMPOSTOS;99996,5;99996,5;99996,5
9486866;659;2025-12-02 00:00:00;FUNDACAO DE APOIO AO DESENVOLVIMENTO DO ENSINO SUPERIOR DO NORTE DE MI;01.440.615/0001-00;1481;SEDESE;SECRETARIA DE ESTADO DE DESENVOLVIMENTO SOCIAL;43;SUBVENCOES SOCIAIS;1;SUBVENCOES SOCIAIS;10;RECURSOS ORDINARIOS - RECURSOS NAO VINCULADOS DE IMPOSTOS;322000,0;322000,0;322000,0
9486867;658;2025-12-02 00:00:00;ASSOCIACAO DE PROMOCAO HUMANA DIVINA PROVIDENCIA;00.981.069/0006-58;1481;SEDESE;SECRETARIA DE ESTADO DE DESENVOLVIMENTO SOCIAL;43;SUBVENCOES SOCIAIS;1;SUBVENCOES SOCIAIS;10;RECURSOS ORDINARIOS - RECURSOS NAO VINCULADOS DE IMPOSTOS;100000,0;100000,0;100000,0
9486868;607;2025-12-16 00:00:00;PM ENGENHEIRO NAVARRO;17.697.152/0001-98;1481;SEDESE;SECRETARIA DE ESTADO DE DESENVOLVIMENTO SOCIAL;41;CONTRIBUICOES;1;CONTRIBUICOES;38;TRANSFERENCIAS DA UNIAO VINCULADAS AO ESPORTE;264215,86;264215,86;264215,86
9486881;439;2025-12-05 00:00:00;PM CANDEIAS;17.888.090/0001-00;1231;SEAPA;SECRETARIA DE ESTADO DE AGRICULTURA, PECUARIA E ABASTECIMENTO;41;CONTRIBUICOES;1;CONTRIBUICOES;15;RECURSOS ORDINARIOS - OUTROS RECURSOS NAO VINCULADOS;247493,39;247493,39;247493,39
9486892;450;2025-12-14 00:00:00;PM CAPARAO;18.114.249/0001-93;1231;SEAPA;SECRETARIA DE ESTADO DE AGRICULTURA, PECUARIA E ABASTECIMENTO;41;CONTRIBUICOES;1;CONTRIBUICOES;15;RECURSOS ORDINARIOS - OUTROS RECURSOS NAO VINCULADOS;854865,0;854865,0;854865,0
9486896;184;2025-12-02 00:00:00;ASSOCIACAO DOS PRODUTORES RURAIS INDEPENDENTES DE TOMBOS;04.746.408/0001-68;1491;SEGOV;SECRETARIA DE ESTADO DE GOVERNO;42;AUXILIOS;1;AUXILIOS;10;RECURSOS ORDINARIOS - RECURSOS NAO VINCULADOS DE IMPOSTOS;74210,47;74210,47;74210,47
9486908;2757;2025-12-02 00:00:00;PM SAO PEDRO DOS FERROS;19.243.500/0001-82;1261;SEE;SECRETARIA DE ESTADO DE EDUCACAO;42;AUXILIOS;1;AUXILIOS;10;RECURSOS ORDINARIOS - RECURSOS NAO VINCULADOS DE IMPOSTOS;250000,0;250000,0;250000,0
9486934;2758;2025-12-02 00:00:00;PM RIO MANSO;18.363.978/0001-83;1261;SEE;SECRETARIA DE ESTADO DE EDUCACAO;42;AUXILIOS;1;AUXILIOS;10;RECURSOS ORDINARIOS - RECURSOS NAO VINCULADOS DE IMPOSTOS;320000,0;320000,0;320000,0
9486985;2759;2025-12-02 00:00:00;PM VARJAO DE MINAS;01.609.780/0001-34;1261;SEE;SECRETARIA DE ESTADO DE EDUCACAO;42;AUXILIOS;1;AUXILIOS;10;RECURSOS ORDINARIOS - RECURSOS NAO VINCULADOS DE IMPOSTOS;1000000,0;1000000,0;1000000,0
9487754;2760;2025-12-02 00:00:00;PM VAZANTE;18.278.069/0001-47;1261;SEE;SECRETARIA DE ESTADO DE EDUCACAO;42;AUXILIOS;1;AUXILIOS;10;RECURSOS ORDINARIOS - RECURSOS NAO VINCULADOS DE IMPOSTOS;324048,01;324048,01;324048,01
9487755;2761;2025-12-02 00:00:00;PM SAO JOAO DA PONTE;16.928.483/0001-29;1261;SEE;SECRETARIA DE ESTADO DE EDUCACAO;42;AUXILIOS;1;AUXILIOS;10;RECURSOS ORDINARIOS - RECURSOS NAO VINCULADOS DE IMPOSTOS;801000,0;801000,0;801000,0
9487756;492;2025-12-03 00:00:00;PM SARZEDO;01.612.509/0001-58;1301;SEINFRA;SECRETARIA DE ESTADO DE INFRAESTRUTURA, MOBILIDADE E PARCERIAS;42;AUXILIOS;1;AUXILIOS;95;RECURSOS RECEBIDOS POR DANOS ADVINDOS DE DESASTRES SOCIOAMBIENTAIS;11477617,06;11477617,06;11477617,06
9487763;660;2025-12-02 00:00:00;ASSOCIACAO BENEFICENTE MENINO JESUS;02.225.872/0001-83;1481;SEDESE;SECRETARIA DE ESTADO DE DESENVOLVIMENTO SOCIAL;43;SUBVENCOES SOCIAIS;1;SUBVENCOES SOCIAIS;10;RECURSOS ORDINARIOS - RECURSOS NAO VINCULADOS DE IMPOSTOS;150000,0;150000,0;150000,0
9487764;312;2025-12-09 00:00:00;PM SAO ROMAO;24.891.418/0001-02;1481;SEDESE;SECRETARIA DE ESTADO DE DESENVOLVIMENTO SOCIAL;41;CONTRIBUICOES;1;CONTRIBUICOES;38;TRANSFERENCIAS DA UNIAO VINCULADAS AO ESPORTE;264215,86;264215,86;264215,86
9487765;663;2025-12-02 00:00:00;APAE SAO LOURENCO;17.942.111/0001-10;1481;SEDESE;SECRETARIA DE ESTADO DE DESENVOLVIMENTO SOCIAL;43;SUBVENCOES SOCIAIS;1;SUBVENCOES SOCIAIS;10;RECURSOS ORDINARIOS - RECURSOS NAO VINCULADOS DE IMPOSTOS;99999,84;99999,84;99999,84
9487768;664;2025-12-02 00:00:00;ASSOCIACAO DE RECREACAO SOCIO CULTURAL E BLOCO PREVENIR E PRESERVAR;11.364.921/0001-50;1481;SEDESE;SECRETARIA DE ESTADO DE DESENVOLVIMENTO SOCIAL;42;AUXILIOS;1;AUXILIOS;10;RECURSOS ORDINARIOS - RECURSOS NAO VINCULADOS DE IMPOSTOS;74210,47;74210,47;74210,47
9487797;661;2025-12-02 00:00:00;NUCLEO DE INCENTIVO A CULTURA;06.986.035/0001-28;1481;SEDESE;SECRETARIA DE ESTADO DE DESENVOLVIMENTO SOCIAL;43;SUBVENCOES SOCIAIS;1;SUBVENCOES SOCIAIS;10;RECURSOS ORDINARIOS - RECURSOS NAO VINCULADOS DE IMPOSTOS;100000,0;100000,0;100000,0
9487799;665;2025-12-03 00:00:00;LAR DAS CRIANCAS PEDACINHO DO CEU;17.889.726/0001-20;1481;SEDESE;SECRETARIA DE ESTADO DE DESENVOLVIMENTO SOCIAL;42;AUXILIOS;1;AUXILIOS;10;RECURSOS ORDINARIOS - RECURSOS NAO VINCULADOS DE IMPOSTOS;100000,0;100000,0;100000,0
9487801;666;2025-12-03 00:00:00;APAE/MIRAI;01.014.905/0001-83;1481;SEDESE;SECRETARIA DE ESTADO DE DESENVOLVIMENTO SOCIAL;43;SUBVENCOES SOCIAIS;1;SUBVENCOES SOCIAIS;10;RECURSOS ORDINARIOS - RECURSOS NAO VINCULADOS DE IMPOSTOS;99324,0;99324,0;99324,0
9487804;662;2025-12-02 00:00:00;CENTRO POPULAR DE CULTURA E DESENVOLVIMENTO;19.212.117/0004-00;1481;SEDESE;SECRETARIA DE ESTADO DE DESENVOLVIMENTO SOCIAL;43;SUBVENCOES SOCIAIS;1;SUBVENCOES SOCIAIS;10;RECURSOS ORDINARIOS - RECURSOS NAO VINCULADOS DE IMPOSTOS;99958,68;99958,68;99958,68
9488015;608;2025-12-16 00:00:00;PM FRANCISCO BADARO;18.051.524/0001-77;1481;SEDESE;SECRETARIA DE ESTADO DE DESENVOLVIMENTO SOCIAL;41;CONTRIBUICOES;1;CONTRIBUICOES;38;TRANSFERENCIAS DA UNIAO VINCULADAS AO ESPORTE;264215,86;264215,86;264215,86
9488016;5799;2025-12-09 00:00:00;INSTITUTO ALBERTO SABIN;31.746.494/0001-81;1271;SECULT;SECRETARIA DE ESTADO DE CULTURA E TURISMO;41;CONTRIBUICOES;1;CONTRIBUICOES;10;RECURSOS ORDINARIOS - RECURSOS NAO VINCULADOS DE IMPOSTOS;110000,0;110000,0;110000,0
9488016;5800;2025-12-09 00:00:00;INSTITUTO ALBERTO SABIN;31.746.494/0001-81;1271;SECULT;SECRETARIA DE ESTADO DE CULTURA E TURISMO;42;AUXILIOS;1;AUXILIOS;10;RECURSOS ORDINARIOS - RECURSOS NAO VINCULADOS DE IMPOSTOS;40000,0;40000,0;40000,0
9488017;5801;2025-12-09 00:00:00;ASSOCIACAO DO CONGADO DE NOSSA SENHORA DO ROSARIO ABAETE;20.917.696/0001-22;1271;SECULT;SECRETARIA DE ESTADO DE CULTURA E TURISMO;41;CONTRIBUICOES;1;CONTRIBUICOES;10;RECURSOS ORDINARIOS - RECURSOS NAO VINCULADOS DE IMPOSTOS;70000,0;70000,0;70000,0
9488018;5803;2025-12-11 00:00:00;ASSOCIACAO ARCO-IRIS DO AMOR;47.329.274/0001-92;1271;SECULT;SECRETARIA DE ESTADO DE CULTURA E TURISMO;41;CONTRIBUICOES;1;CONTRIBUICOES;10;RECURSOS ORDINARIOS - RECURSOS NAO VINCULADOS DE IMPOSTOS;55000,0;55000,0;55000,0
9488018;5804;2025-12-11 00:00:00;ASSOCIACAO ARCO-IRIS DO AMOR;47.329.274/0001-92;1271;SECULT;SECRETARIA DE ESTADO DE CULTURA E TURISMO;42;AUXILIOS;1;AUXILIOS;10;RECURSOS ORDINARIOS - RECURSOS NAO VINCULADOS DE IMPOSTOS;145000,0;145000,0;145000,0
9488023;2763;2025-12-03 00:00:00;PM JABOTICATUBAS;18.715.417/0001-04;1261;SEE;SECRETARIA DE ESTADO DE EDUCACAO;42;AUXILIOS;1;AUXILIOS;10;RECURSOS ORDINARIOS - RECURSOS NAO VINCULADOS DE IMPOSTOS;1700000,0;1700000,0;1700000,0
9488024;2764;2025-12-03 00:00:00;PM CACHOEIRA DA PRATA;25.004.532/0001-28;1261;SEE;SECRETARIA DE ESTADO DE EDUCACAO;42;AUXILIOS;1;AUXILIOS;10;RECURSOS ORDINARIOS - RECURSOS NAO VINCULADOS DE IMPOSTOS;3017557,08;3017557,08;3017557,08
9488025;2765;2025-12-03 00:00:00;PM FORMIGA;16.784.720/0001-25;1261;SEE;SECRETARIA DE ESTADO DE EDUCACAO;42;AUXILIOS;1;AUXILIOS;10;RECURSOS ORDINARIOS - RECURSOS NAO VINCULADOS DE IMPOSTOS;1749999,95;1749999,95;1749999,95
9488027;2768;2025-12-04 00:00:00;PM SETE LAGOAS;24.996.969/0001-22;1261;SEE;SECRETARIA DE ESTADO DE EDUCACAO;42;AUXILIOS;1;AUXILIOS;21;COTA ESTADUAL DO SALARIO EDUCACAO - QESE;5470207,7;5470207,7;5470207,7
9488028;2766;2025-12-03 00:00:00;PM BRASILIA DE MINAS;18.017.442/0001-06;1261;SEE;SECRETARIA DE ESTADO DE EDUCACAO;42;AUXILIOS;1;AUXILIOS;10;RECURSOS ORDINARIOS - RECURSOS NAO VINCULADOS DE IMPOSTOS;370098,0;370098,0;370098,0
9488046;445;2025-12-09 00:00:00;ASSOCIACAO DOS PEQ. PROD. DA COMUNIDADE DE RIACHO DOCE;01.334.653/0001-70;1231;SEAPA;SECRETARIA DE ESTADO DE AGRICULTURA, PECUARIA E ABASTECIMENTO;41;CONTRIBUICOES;1;CONTRIBUICOES;10;RECURSOS ORDINARIOS - RECURSOS NAO VINCULADOS DE IMPOSTOS;150000,0;150000,0;150000,0
9488047;466;2025-12-15 00:00:00;ASSOCIACAO ESCOLA FAMILIA AGRICOLA DA REGIAO DO VALE DO SAO FRANCISCO;07.355.853/0001-95;1231;SEAPA;SECRETARIA DE ESTADO DE AGRICULTURA, PECUARIA E ABASTECIMENTO;41;CONTRIBUICOES;1;CONTRIBUICOES;10;RECURSOS ORDINARIOS - RECURSOS NAO VINCULADOS DE IMPOSTOS;114542,1;114542,1;114542,1
9488048;444;2025-12-09 00:00:00;NUCLEO GESTOR DA CADEIA PRODUTIVA DO PEQUI E OUTROS FRUTOS DO CERRADO;16.921.242/0001-58;1231;SEAPA;SECRETARIA DE ESTADO DE AGRICULTURA, PECUARIA E ABASTECIMENTO;41;CONTRIBUICOES;1;CONTRIBUICOES;10;RECURSOS ORDINARIOS - RECURSOS NAO VINCULADOS DE IMPOSTOS;100000,0;100000,0;100000,0
9488049;440;2025-12-05 00:00:00;PM ITABIRINHA;17.125.444/0001-56;1231;SEAPA;SECRETARIA DE ESTADO DE AGRICULTURA, PECUARIA E ABASTECIMENTO;41;CONTRIBUICOES;1;CONTRIBUICOES;15;RECURSOS ORDINARIOS - OUTROS RECURSOS NAO VINCULADOS;3000000,0;3000000,0;3000000,0
9488050;438;2025-12-05 00:00:00;PM SAO GOTARDO;18.602.037/0001-55;1231;SEAPA;SECRETARIA DE ESTADO DE AGRICULTURA, PECUARIA E ABASTECIMENTO;41;CONTRIBUICOES;1;CONTRIBUICOES;15;RECURSOS ORDINARIOS - OUTROS RECURSOS NAO VINCULADOS;789993,33;789993,33;789993,33
9488509;115;2025-12-12 00:00:00;PROJETO VIDA NOVA - PROVIN;04.490.453/0001-02;1451;SEJUSP;SECRETARIA DE ESTADO DE JUSTICA E SEGURANCA PUBLICA;42;AUXILIOS;1;AUXILIOS;10;RECURSOS ORDINARIOS - RECURSOS NAO VINCULADOS DE IMPOSTOS;84368,0;84368,0;84368,0
9488519;2771;2025-12-04 00:00:00;PM RITAPOLIS;18.557.553/0001-05;1261;SEE;SECRETARIA DE ESTADO DE EDUCACAO;42;AUXILIOS;1;AUXILIOS;10;RECURSOS ORDINARIOS - RECURSOS NAO VINCULADOS DE IMPOSTOS;835007,94;835007,94;835007,94
9488520;2772;2025-12-04 00:00:00;PM LAJINHA;18.392.522/0001-41;1261;SEE;SECRETARIA DE ESTADO DE EDUCACAO;42;AUXILIOS;1;AUXILIOS;10;RECURSOS ORDINARIOS - RECURSOS NAO VINCULADOS DE IMPOSTOS;324048,01;324048,01;324048,01
9488521;2773;2025-12-04 00:00:00;PM SANTANA DE PIRAPAMA;18.116.178/0001-68;1261;SEE;SECRETARIA DE ESTADO DE EDUCACAO;42;AUXILIOS;1;AUXILIOS;10;RECURSOS ORDINARIOS - RECURSOS NAO VINCULADOS DE IMPOSTOS;324048,01;324048,01;324048,01
9488522;2769;2025-12-04 00:00:00;PM MONTALVANIA;17.097.791/0001-12;1261;SEE;SECRETARIA DE ESTADO DE EDUCACAO;42;AUXILIOS;1;AUXILIOS;10;RECURSOS ORDINARIOS - RECURSOS NAO VINCULADOS DE IMPOSTOS;250000,0;250000,0;250000,0
9488523;2774;2025-12-04 00:00:00;PM FORTUNA DE MINAS;18.116.145/0001-18;1261;SEE;SECRETARIA DE ESTADO DE EDUCACAO;42;AUXILIOS;1;AUXILIOS;10;RECURSOS ORDINARIOS - RECURSOS NAO VINCULADOS DE IMPOSTOS;249862,92;249862,92;249862,92
9488524;2775;2025-12-04 00:00:00;PM SAO JOSE DO ALEGRE;18.025.999/0001-99;1261;SEE;SECRETARIA DE ESTADO DE EDUCACAO;42;AUXILIOS;1;AUXILIOS;10;RECURSOS ORDINARIOS - RECURSOS NAO VINCULADOS DE IMPOSTOS;324048,01;324048,01;324048,01
9488526;2777;2025-12-05 00:00:00;PM CARMOPOLIS DE MINAS;18.312.983/0001-67;1261;SEE;SECRETARIA DE ESTADO DE EDUCACAO;42;AUXILIOS;1;AUXILIOS;21;COTA ESTADUAL DO SALARIO EDUCACAO - QESE;222208,0;222208,0;222208,0
9488527;2778;2025-12-05 00:00:00;PM JORDANIA;18.349.928/0001-41;1261;SEE;SECRETARIA DE ESTADO DE EDUCACAO;42;AUXILIOS;1;AUXILIOS;21;COTA ESTADUAL DO SALARIO EDUCACAO - QESE;400000,0;400000,0;400000,0
9488528;2779;2025-12-05 00:00:00;PM UBERLANDIA;18.431.312/0001-15;1261;SEE;SECRETARIA DE ESTADO DE EDUCACAO;42;AUXILIOS;1;AUXILIOS;21;COTA ESTADUAL DO SALARIO EDUCACAO - QESE;2999913,09;2999913,09;2999913,09
9488531;667;2025-12-04 00:00:00;ASSOCIACO BATISTA DE ASSISTNCIA SOCIAL;19.780.332/0001-64;1481;SEDESE;SECRETARIA DE ESTADO DE DESENVOLVIMENTO SOCIAL;42;AUXILIOS;1;AUXILIOS;10;RECURSOS ORDINARIOS - RECURSOS NAO VINCULADOS DE IMPOSTOS;79065,53;79065,53;79065,53
9488534;668;2025-12-04 00:00:00;ESCOLA E CRECHE SANTO TOMAZ DE AQUINO;04.210.428/0001-10;1481;SEDESE;SECRETARIA DE ESTADO DE DESENVOLVIMENTO SOCIAL;43;SUBVENCOES SOCIAIS;1;SUBVENCOES SOCIAIS;10;RECURSOS ORDINARIOS - RECURSOS NAO VINCULADOS DE IMPOSTOS;200000,0;200000,0;200000,0
9488538;2780;2025-12-05 00:00:00;PM ACAIACA;18.295.287/0001-90;1261;SEE;SECRETARIA DE ESTADO DE EDUCACAO;42;AUXILIOS;1;AUXILIOS;21;COTA ESTADUAL DO SALARIO EDUCACAO - QESE;648096,02;648096,02;648096,02
9488539;2776;2025-12-04 00:00:00;PM CAMPO FLORIDO;18.428.862/0001-85;1261;SEE;SECRETARIA DE ESTADO DE EDUCACAO;42;AUXILIOS;1;AUXILIOS;10;RECURSOS ORDINARIOS - RECURSOS NAO VINCULADOS DE IMPOSTOS;324048,01;324048,01;324048,01
9488540;672;2025-12-04 00:00:00;ASSOCIACAO CUIDAR BEM/MG - ACB;10.626.829/0001-58;1481;SEDESE;SECRETARIA DE ESTADO DE DESENVOLVIMENTO SOCIAL;42;AUXILIOS;1;AUXILIOS;10;RECURSOS ORDINARIOS - RECURSOS NAO VINCULADOS DE IMPOSTOS;99998,06;99998,06;99998,06
9488541;2781;2025-12-05 00:00:00;PM DIVINO;18.114.272/0001-88;1261;SEE;SECRETARIA DE ESTADO DE EDUCACAO;42;AUXILIOS;1;AUXILIOS;21;COTA ESTADUAL DO SALARIO EDUCACAO - QESE;888360,56;888360,56;888360,56
9488542;2770;2025-12-04 00:00:00;PM MUZAMBINHO;18.668.624/0001-47;1261;SEE;SECRETARIA DE ESTADO DE EDUCACAO;42;AUXILIOS;1;AUXILIOS;10;RECURSOS ORDINARIOS - RECURSOS NAO VINCULADOS DE IMPOSTOS;324048,01;324048,01;324048,01
9488544;2782;2025-12-05 00:00:00;PM OLARIA;18.338.202/0001-03;1261;SEE;SECRETARIA DE ESTADO DE EDUCACAO;42;AUXILIOS;1;AUXILIOS;21;COTA ESTADUAL DO SALARIO EDUCACAO - QESE;324048,01;324048,01;324048,01
9488545;2783;2025-12-05 00:00:00;PM CENTRALINA;18.260.497/0001-42;1261;SEE;SECRETARIA DE ESTADO DE EDUCACAO;42;AUXILIOS;1;AUXILIOS;21;COTA ESTADUAL DO SALARIO EDUCACAO - QESE;1500000,0;1500000,0;1500000,0
9488546;2784;2025-12-05 00:00:00;PM ITURAMA;18.457.242/0001-74;1261;SEE;SECRETARIA DE ESTADO DE EDUCACAO;42;AUXILIOS;1;AUXILIOS;21;COTA ESTADUAL DO SALARIO EDUCACAO - QESE;1055000,0;1055000,0;1055000,0
9488548;2785;2025-12-05 00:00:00;PM FRANCISCO DUMONT;16.885.485/0001-88;1261;SEE;SECRETARIA DE ESTADO DE EDUCACAO;42;AUXILIOS;1;AUXILIOS;21;COTA ESTADUAL DO SALARIO EDUCACAO - QESE;400000,0;400000,0;400000,0
9488549;671;2025-12-04 00:00:00;ASSOCIACAO AMIGOS AUTISTA PSICOTICOS SAO SEBASTIAO PARAISO;23.767.585/0001-75;1481;SEDESE;SECRETARIA DE ESTADO DE DESENVOLVIMENTO SOCIAL;42;AUXILIOS;1;AUXILIOS;10;RECURSOS ORDINARIOS - RECURSOS NAO VINCULADOS DE IMPOSTOS;99211,5;99211,5;99211,5
9488764;669;2025-12-04 00:00:00;CONFERENCIA SAO VICENTE DE PAULO;20.678.322/0001-00;1481;SEDESE;SECRETARIA DE ESTADO DE DESENVOLVIMENTO SOCIAL;43;SUBVENCOES SOCIAIS;1;SUBVENCOES SOCIAIS;10;RECURSOS ORDINARIOS - RECURSOS NAO VINCULADOS DE IMPOSTOS;80000,0;80000,0;80000,0
9488764;670;2025-12-04 00:00:00;CONFERENCIA SAO VICENTE DE PAULO;20.678.322/0001-00;1481;SEDESE;SECRETARIA DE ESTADO DE DESENVOLVIMENTO SOCIAL;42;AUXILIOS;1;AUXILIOS;10;RECURSOS ORDINARIOS - RECURSOS NAO VINCULADOS DE IMPOSTOS;20000,0;20000,0;20000,0
9488767;679;2025-12-05 00:00:00;SAO LOURENCO RUGBY;18.966.915/0001-11;1481;SEDESE;SECRETARIA DE ESTADO DE DESENVOLVIMENTO SOCIAL;43;SUBVENCOES SOCIAIS;1;SUBVENCOES SOCIAIS;10;RECURSOS ORDINARIOS - RECURSOS NAO VINCULADOS DE IMPOSTOS;200000,0;200000,0;200000,0
9488768;117;2025-12-15 00:00:00;C.R.J.F.C.D.-CENTRO DE RECUPERACAO JUIZ DE FORA CONTRA AS DROGAS;05.467.433/0001-75;1451;SEJUSP;SECRETARIA DE ESTADO DE JUSTICA E SEGURANCA PUBLICA;42;AUXILIOS;1;AUXILIOS;10;RECURSOS ORDINARIOS - RECURSOS NAO VINCULADOS DE IMPOSTOS;99945,83;99945,83;99945,83
9488769;673;2025-12-04 00:00:00;ASSOCIACAO BENEFICENTE BOM RETIRO E NEGRO ALVORADA N VISTA N STA INES;21.854.377/0001-88;1481;SEDESE;SECRETARIA DE ESTADO DE DESENVOLVIMENTO SOCIAL;43;SUBVENCOES SOCIAIS;1;SUBVENCOES SOCIAIS;10;RECURSOS ORDINARIOS - RECURSOS NAO VINCULADOS DE IMPOSTOS;50156,92;50156,92;50156,92
9488769;674;2025-12-04 00:00:00;ASSOCIACAO BENEFICENTE BOM RETIRO E NEGRO ALVORADA N VISTA N STA INES;21.854.377/0001-88;1481;SEDESE;SECRETARIA DE ESTADO DE DESENVOLVIMENTO SOCIAL;42;AUXILIOS;1;AUXILIOS;10;RECURSOS ORDINARIOS - RECURSOS NAO VINCULADOS DE IMPOSTOS;50000,0;50000,0;50000,0
9488770;118;2025-12-15 00:00:00;COMUNIDADE TERAPEUTICA NOVA VIDA;30.973.588/0001-20;1451;SEJUSP;SECRETARIA DE ESTADO DE JUSTICA E SEGURANCA PUBLICA;42;AUXILIOS;1;AUXILIOS;10;RECURSOS ORDINARIOS - RECURSOS NAO VINCULADOS DE IMPOSTOS;125737,7;125737,7;125737,7
9488772;675;2025-12-04 00:00:00;ASSOCIACAO COMUNITARIA SHEKINAH;02.108.947/0001-46;1481;SEDESE;SECRETARIA DE ESTADO DE DESENVOLVIMENTO SOCIAL;43;SUBVENCOES SOCIAIS;1;SUBVENCOES SOCIAIS;10;RECURSOS ORDINARIOS - RECURSOS NAO VINCULADOS DE IMPOSTOS;75000,0;75000,0;75000,0
9488772;676;2025-12-04 00:00:00;ASSOCIACAO COMUNITARIA SHEKINAH;02.108.947/0001-46;1481;SEDESE;SECRETARIA DE ESTADO DE DESENVOLVIMENTO SOCIAL;42;AUXILIOS;1;AUXILIOS;10;RECURSOS ORDINARIOS - RECURSOS NAO VINCULADOS DE IMPOSTOS;75000,0;75000,0;75000,0
9488773;677;2025-12-04 00:00:00;OBRAS SOCIAIS EURIPEDES BARSANULFO;22.099.995/0001-22;1481;SEDESE;SECRETARIA DE ESTADO DE DESENVOLVIMENTO SOCIAL;43;SUBVENCOES SOCIAIS;1;SUBVENCOES SOCIAIS;10;RECURSOS ORDINARIOS - RECURSOS NAO VINCULADOS DE IMPOSTOS;100000,0;100000,0;100000,0
9488775;694;2025-12-10 00:00:00;ASSOCIACAO MINEIRA DE HABITACAO;06.295.432/0001-53;1481;SEDESE;SECRETARIA DE ESTADO DE DESENVOLVIMENTO SOCIAL;42;AUXILIOS;1;AUXILIOS;10;RECURSOS ORDINARIOS - RECURSOS NAO VINCULADOS DE IMPOSTOS;619372,25;619372,25;619372,25
9488776;678;2025-12-04 00:00:00;ASSOCIACAO DE PROMOCAO HUMANA DIVINA PROVIDENCIA;00.981.069/0006-58;1481;SEDESE;SECRETARIA DE ESTADO DE DESENVOLVIMENTO SOCIAL;43;SUBVENCOES SOCIAIS;1;SUBVENCOES SOCIAIS;10;RECURSOS ORDINARIOS - RECURSOS NAO VINCULADOS DE IMPOSTOS;100000,0;100000,0;100000,0
9488781;1740;2025-12-05 00:00:00;ASSOCIACAO DE PAIS E AMIGOS DOS EXCEPCIONAIS DE NOVA PONTE;02.397.858/0001-67;4251;FEAS;FUNDO ESTADUAL DE ASSISTENCIA SOCIAL;42;AUXILIOS;1;AUXILIOS;10;RECURSOS ORDINARIOS - RECURSOS NAO VINCULADOS DE IMPOSTOS;150000,0;150000,0;150000,0
9488785;114;2025-12-12 00:00:00;ASSOCIACAO WILSON DE SOUZA LOPES;73.869.877/0001-97;1451;SEJUSP;SECRETARIA DE ESTADO DE JUSTICA E SEGURANCA PUBLICA;42;AUXILIOS;1;AUXILIOS;10;RECURSOS ORDINARIOS - RECURSOS NAO VINCULADOS DE IMPOSTOS;120000,0;120000,0;120000,0
9488802;3819;2025-12-05 00:00:00;CONSORCIO INTERMUNICIPAL MULTIFINALITARIO DA AREA MINEIRA DA SUDENE;21.505.692/0001-08;1491;SEGOV;SECRETARIA DE ESTADO DE GOVERNO;42;AUXILIOS;1;AUXILIOS;10;RECURSOS ORDINARIOS - RECURSOS NAO VINCULADOS DE IMPOSTOS;295722,14;295722,14;295722,14
9488803;185;2025-12-05 00:00:00;ASILO SAO VICENTE DE PAULO DE BOM SUCESSO;05.231.629/0001-66;1491;SEGOV;SECRETARIA DE ESTADO DE GOVERNO;42;AUXILIOS;1;AUXILIOS;10;RECURSOS ORDINARIOS - RECURSOS NAO VINCULADOS DE IMPOSTOS;181633,33;181633,33;181633,33
9488806;2786;2025-12-05 00:00:00;PM DELFIM MOREIRA;18.025.924/0001-08;1261;SEE;SECRETARIA DE ESTADO DE EDUCACAO;42;AUXILIOS;1;AUXILIOS;21;COTA ESTADUAL DO SALARIO EDUCACAO - QESE;735000,0;735000,0;735000,0
9488807;5858;2025-12-16 00:00:00;CENTRO DE AGRICULTURA ALTERNATIVA DO NORTE DE MINAS;25.206.285/0001-42;1271;SECULT;SECRETARIA DE ESTADO DE CULTURA E TURISMO;41;CONTRIBUICOES;1;CONTRIBUICOES;10;RECURSOS ORDINARIOS - RECURSOS NAO VINCULADOS DE IMPOSTOS;70000,0;70000,0;70000,0
9488807;5859;2025-12-16 00:00:00;CENTRO DE AGRICULTURA ALTERNATIVA DO NORTE DE MINAS;25.206.285/0001-42;1271;SECULT;SECRETARIA DE ESTADO DE CULTURA E TURISMO;41;CONTRIBUICOES;1;CONTRIBUICOES;10;RECURSOS ORDINARIOS - RECURSOS NAO VINCULADOS DE IMPOSTOS;30000,0;30000,0;30000,0
9488810;696;2025-12-10 00:00:00;GRUPO PROJETOS COMUNITARIOS DO BAIRRO FAZENDA CASTRO;07.272.928/0001-74;1481;SEDESE;SECRETARIA DE ESTADO DE DESENVOLVIMENTO SOCIAL;43;SUBVENCOES SOCIAIS;1;SUBVENCOES SOCIAIS;10;RECURSOS ORDINARIOS - RECURSOS NAO VINCULADOS DE IMPOSTOS;300000,0;300000,0;300000,0
9488810;697;2025-12-10 00:00:00;GRUPO PROJETOS COMUNITARIOS DO BAIRRO FAZENDA CASTRO;07.272.928/0001-74;1481;SEDESE;SECRETARIA DE ESTADO DE DESENVOLVIMENTO SOCIAL;42;AUXILIOS;1;AUXILIOS;10;RECURSOS ORDINARIOS - RECURSOS NAO VINCULADOS DE IMPOSTOS;50000,0;50000,0;50000,0
9488811;680;2025-12-05 00:00:00;INSTITUTO SOCIAL PROSPERAR;07.261.585/0001-42;1481;SEDESE;SECRETARIA DE ESTADO DE DESENVOLVIMENTO SOCIAL;43;SUBVENCOES SOCIAIS;1;SUBVENCOES SOCIAIS;10;RECURSOS ORDINARIOS - RECURSOS NAO VINCULADOS DE IMPOSTOS;200000,0;200000,0;200000,0
9488813;449;2025-12-14 00:00:00;PM MONTES CLAROS;22.678.874/0001-35;1231;SEAPA;SECRETARIA DE ESTADO DE AGRICULTURA, PECUARIA E ABASTECIMENTO;41;CONTRIBUICOES;1;CONTRIBUICOES;15;RECURSOS ORDINARIOS - OUTROS RECURSOS NAO VINCULADOS;25902,67;25902,67;25902,67
9488814;686;2025-12-09 00:00:00;LIGA ECLETICA DESPORTIVA SETELAGOANA;18.451.690/0001-60;1481;SEDESE;SECRETARIA DE ESTADO DE DESENVOLVIMENTO SOCIAL;43;SUBVENCOES SOCIAIS;1;SUBVENCOES SOCIAIS;10;RECURSOS ORDINARIOS - RECURSOS NAO VINCULADOS DE IMPOSTOS;250000,0;250000,0;250000,0
9488817;627;2025-12-12 00:00:00;INSTITUTO SOCIO AMBIENTAL DAS VERTENTES;04.621.427/0001-68;1371;SEMAD;SECRETARIA DE ESTADO DE MEIO AMBIENTE E DESENVOLVIMENTO SUSTENTAVEL;41;CONTRIBUICOES;1;CONTRIBUICOES;10;RECURSOS ORDINARIOS - RECURSOS NAO VINCULADOS DE IMPOSTOS;50000,0;50000,0;50000,0
9488818;683;2025-12-09 00:00:00;MOVART INSTITUTO DAS ARTES E MOVIMENTO;28.124.487/0001-33;1481;SEDESE;SECRETARIA DE ESTADO DE DESENVOLVIMENTO SOCIAL;43;SUBVENCOES SOCIAIS;1;SUBVENCOES SOCIAIS;10;RECURSOS ORDINARIOS - RECURSOS NAO VINCULADOS DE IMPOSTOS;99996,0;99996,0;99996,0
9488818;684;2025-12-09 00:00:00;MOVART INSTITUTO DAS ARTES E MOVIMENTO;28.124.487/0001-33;1481;SEDESE;SECRETARIA DE ESTADO DE DESENVOLVIMENTO SOCIAL;42;AUXILIOS;1;AUXILIOS;10;RECURSOS ORDINARIOS - RECURSOS NAO VINCULADOS DE IMPOSTOS;88792,0;88792,0;88792,0
9488819;682;2025-12-05 00:00:00;CARITAS ARQUIDIOCESANA DE MONTES CLAROS;07.487.008/0001-73;1481;SEDESE;SECRETARIA DE ESTADO DE DESENVOLVIMENTO SOCIAL;43;SUBVENCOES SOCIAIS;1;SUBVENCOES SOCIAIS;10;RECURSOS ORDINARIOS - RECURSOS NAO VINCULADOS DE IMPOSTOS;100000,0;100000,0;100000,0
9488820;681;2025-12-05 00:00:00;INSTITUTO SOCIAL AMOR E VIDA DE NOVA PONTE;43.608.365/0001-06;1481;SEDESE;SECRETARIA DE ESTADO DE DESENVOLVIMENTO SOCIAL;43;SUBVENCOES SOCIAIS;1;SUBVENCOES SOCIAIS;10;RECURSOS ORDINARIOS - RECURSOS NAO VINCULADOS DE IMPOSTOS;100000,0;100000,0;100000,0
9488823;626;2025-12-12 00:00:00;ASSOCIACAO DOS PROTETORES UNIDOS PELOS ANIMAIS - APUPA;31.714.014/0001-09;1371;SEMAD;SECRETARIA DE ESTADO DE MEIO AMBIENTE E DESENVOLVIMENTO SUSTENTAVEL;41;CONTRIBUICOES;1;CONTRIBUICOES;10;RECURSOS ORDINARIOS - RECURSOS NAO VINCULADOS DE IMPOSTOS;74210,47;74210,47;74210,47
9489089;625;2025-12-12 00:00:00;ASSOCACAO PARCERIA DE JUIZ DE FORA;09.442.308/0001-61;1371;SEMAD;SECRETARIA DE ESTADO DE MEIO AMBIENTE E DESENVOLVIMENTO SUSTENTAVEL;41;CONTRIBUICOES;1;CONTRIBUICOES;10;RECURSOS ORDINARIOS - RECURSOS NAO VINCULADOS DE IMPOSTOS;209210,47;209210,47;209210,47
9489090;637;2025-12-17 00:00:00;ASSOCIACAO BETINENSE DE REABILITACAO ASSISTENCIAL SOCIAL,CULTURA E ESP;04.463.336/0001-41;1371;SEMAD;SECRETARIA DE ESTADO DE MEIO AMBIENTE E DESENVOLVIMENTO SUSTENTAVEL;41;CONTRIBUICOES;1;CONTRIBUICOES;10;RECURSOS ORDINARIOS - RECURSOS NAO VINCULADOS DE IMPOSTOS;104278,35;104278,35;104278,35
9489091;634;2025-12-16 00:00:00;ASSOCIACAO DE PROTECAO AOS ANIMAIS ORCINO GUIMARAES;10.830.337/0001-80;1371;SEMAD;SECRETARIA DE ESTADO DE MEIO AMBIENTE E DESENVOLVIMENTO SUSTENTAVEL;41;CONTRIBUICOES;1;CONTRIBUICOES;10;RECURSOS ORDINARIOS - RECURSOS NAO VINCULADOS DE IMPOSTOS;150000,0;150000,0;150000,0
9489097;186;2025-12-16 00:00:00;ASSOCIACAO DE COMUNICACAO E CULTURA DE FLORESTAL;09.445.987/0001-22;1491;SEGOV;SECRETARIA DE ESTADO DE GOVERNO;42;AUXILIOS;1;AUXILIOS;10;RECURSOS ORDINARIOS - RECURSOS NAO VINCULADOS DE IMPOSTOS;90210,08;90210,08;90210,08
9489099;2789;2025-12-12 00:00:00;PM NOVA SERRANA;18.291.385/0001-59;1261;SEE;SECRETARIA DE ESTADO DE EDUCACAO;42;AUXILIOS;1;AUXILIOS;21;COTA ESTADUAL DO SALARIO EDUCACAO - QESE;500000,0;500000,0;500000,0
9489100;2790;2025-12-12 00:00:00;PM SANTA MARIA DE ITABIRA;18.299.453/0001-26;1261;SEE;SECRETARIA DE ESTADO DE EDUCACAO;42;AUXILIOS;1;AUXILIOS;21;COTA ESTADUAL DO SALARIO EDUCACAO - QESE;1350000,0;1350000,0;1350000,0
9489101;2791;2025-12-12 00:00:00;PM ABRE CAMPO;18.837.278/0001-83;1261;SEE;SECRETARIA DE ESTADO DE EDUCACAO;42;AUXILIOS;1;AUXILIOS;21;COTA ESTADUAL DO SALARIO EDUCACAO - QESE;1179058,09;1179058,09;1179058,09
9489103;2792;2025-12-12 00:00:00;PM CLARAVAL;17.894.056/0001-30;1261;SEE;SECRETARIA DE ESTADO DE EDUCACAO;42;AUXILIOS;1;AUXILIOS;21;COTA ESTADUAL DO SALARIO EDUCACAO - QESE;1262841,56;1262841,56;1262841,56
9489104;2793;2025-12-12 00:00:00;PM DIVISA ALEGRE;01.613.073/0001-11;1261;SEE;SECRETARIA DE ESTADO DE EDUCACAO;42;AUXILIOS;1;AUXILIOS;21;COTA ESTADUAL DO SALARIO EDUCACAO - QESE;400000,0;400000,0;400000,0
9489105;2794;2025-12-12 00:00:00;PM ITAMBACURI;18.404.855/0001-43;1261;SEE;SECRETARIA DE ESTADO DE EDUCACAO;42;AUXILIOS;1;AUXILIOS;21;COTA ESTADUAL DO SALARIO EDUCACAO - QESE;835007,94;835007,94;835007,94
9489106;2795;2025-12-12 00:00:00;PM SAO FRANCISCO DE PAULA;18.312.975/0001-10;1261;SEE;SECRETARIA DE ESTADO DE EDUCACAO;42;AUXILIOS;1;AUXILIOS;21;COTA ESTADUAL DO SALARIO EDUCACAO - QESE;324048,01;324048,01;324048,01
9489107;2796;2025-12-12 00:00:00;PM POCO FUNDO;18.242.792/0001-76;1261;SEE;SECRETARIA DE ESTADO DE EDUCACAO;42;AUXILIOS;1;AUXILIOS;21;COTA ESTADUAL DO SALARIO EDUCACAO - QESE;1128625,1;1128625,1;1128625,1
9489108;2797;2025-12-12 00:00:00;PM NACIP RAYDAN;18.507.079/0001-07;1261;SEE;SECRETARIA DE ESTADO DE EDUCACAO;42;AUXILIOS;1;AUXILIOS;21;COTA ESTADUAL DO SALARIO EDUCACAO - QESE;250000,0;250000,0;250000,0
9489109;2798;2025-12-12 00:00:00;PM CARMOPOLIS DE MINAS;18.312.983/0001-67;1261;SEE;SECRETARIA DE ESTADO DE EDUCACAO;42;AUXILIOS;1;AUXILIOS;21;COTA ESTADUAL DO SALARIO EDUCACAO - QESE;648096,02;648096,02;648096,02
9489110;2799;2025-12-12 00:00:00;PM CATAS ALTAS;01.612.370/0001-42;1261;SEE;SECRETARIA DE ESTADO DE EDUCACAO;42;AUXILIOS;1;AUXILIOS;21;COTA ESTADUAL DO SALARIO EDUCACAO - QESE;198936,92;198936,92;198936,92
9489111;2800;2025-12-12 00:00:00;PM CAMACHO;18.308.726/0001-51;1261;SEE;SECRETARIA DE ESTADO DE EDUCACAO;42;AUXILIOS;1;AUXILIOS;21;COTA ESTADUAL DO SALARIO EDUCACAO - QESE;324048,01;324048,01;324048,01
9489114;2801;2025-12-12 00:00:00;PM DELFINOPOLIS;17.894.064/0001-86;1261;SEE;SECRETARIA DE ESTADO DE EDUCACAO;42;AUXILIOS;1;AUXILIOS;21;COTA ESTADUAL DO SALARIO EDUCACAO - QESE;648096,02;648096,02;648096,02
9489115;2802;2025-12-12 00:00:00;PM CRUCILANDIA;18.313.007/0001-29;1261;SEE;SECRETARIA DE ESTADO DE EDUCACAO;42;AUXILIOS;1;AUXILIOS;21;COTA ESTADUAL DO SALARIO EDUCACAO - QESE;938793,55;938793,55;938793,55
9489117;693;2025-12-10 00:00:00;PM ENGENHEIRO CALDAS;18.080.655/0001-82;1481;SEDESE;SECRETARIA DE ESTADO DE DESENVOLVIMENTO SOCIAL;42;AUXILIOS;1;AUXILIOS;10;RECURSOS ORDINARIOS - RECURSOS NAO VINCULADOS DE IMPOSTOS;125766,99;125766,99;125766,99
9489130;691;2025-12-09 00:00:00;ASSOCIACAO KALEB;30.278.029/0001-09;1481;SEDESE;SECRETARIA DE ESTADO DE DESENVOLVIMENTO SOCIAL;42;AUXILIOS;1;AUXILIOS;10;RECURSOS ORDINARIOS - RECURSOS NAO VINCULADOS DE IMPOSTOS;74990,0;74990,0;74990,0
9489133;688;2025-12-09 00:00:00;"ASSOCIACAO DO CENTRO DE REABILITACAO NEUROLOGICA E EQUOTERAPIA """"AMORE";10.547.080/0001-53;1481;SEDESE;SECRETARIA DE ESTADO DE DESENVOLVIMENTO SOCIAL;43;SUBVENCOES SOCIAIS;1;SUBVENCOES SOCIAIS;10;RECURSOS ORDINARIOS - RECURSOS NAO VINCULADOS DE IMPOSTOS;100000,0;100000,0;100000,0
9489135;687;2025-12-09 00:00:00;PEQUENAS COMUNIDADE DE NOSSA SENORA DO CARMO;20.260.451/0001-75;1481;SEDESE;SECRETARIA DE ESTADO DE DESENVOLVIMENTO SOCIAL;42;AUXILIOS;1;AUXILIOS;10;RECURSOS ORDINARIOS - RECURSOS NAO VINCULADOS DE IMPOSTOS;100000,0;100000,0;100000,0
9489137;695;2025-12-10 00:00:00;CONSELHO CENTRAL DE BOA ESPERANCA DA SOCIEDADE SAO VICENTE DE PAULO;05.056.343/0001-91;1481;SEDESE;SECRETARIA DE ESTADO DE DESENVOLVIMENTO SOCIAL;43;SUBVENCOES SOCIAIS;1;SUBVENCOES SOCIAIS;10;RECURSOS ORDINARIOS - RECURSOS NAO VINCULADOS DE IMPOSTOS;99952,4;99952,4;99952,4
9489139;692;2025-12-09 00:00:00;ASSOCIACAO MONTESCLARENSE DE ESPORTES - AME;34.234.420/0001-54;1481;SEDESE;SECRETARIA DE ESTADO DE DESENVOLVIMENTO SOCIAL;43;SUBVENCOES SOCIAIS;1;SUBVENCOES SOCIAIS;10;RECURSOS ORDINARIOS - RECURSOS NAO VINCULADOS DE IMPOSTOS;123817,31;123817,31;123817,31
9489235;689;2025-12-09 00:00:00;ASSOCIACAO DO COLETIVO DE MULHERES ORGANIZADAS DO NORTE DE MINAS;14.313.873/0001-69;1481;SEDESE;SECRETARIA DE ESTADO DE DESENVOLVIMENTO SOCIAL;43;SUBVENCOES SOCIAIS;1;SUBVENCOES SOCIAIS;10;RECURSOS ORDINARIOS - RECURSOS NAO VINCULADOS DE IMPOSTOS;80000,0;80000,0;80000,0
9489235;690;2025-12-09 00:00:00;ASSOCIACAO DO COLETIVO DE MULHERES ORGANIZADAS DO NORTE DE MINAS;14.313.873/0001-69;1481;SEDESE;SECRETARIA DE ESTADO DE DESENVOLVIMENTO SOCIAL;42;AUXILIOS;1;AUXILIOS;10;RECURSOS ORDINARIOS - RECURSOS NAO VINCULADOS DE IMPOSTOS;19880,67;19880,67;19880,67
9489236;685;2025-12-09 00:00:00;ASSOCIACAO CASA DE DEUS DE TUPACIGUARA;48.785.845/0001-66;1481;SEDESE;SECRETARIA DE ESTADO DE DESENVOLVIMENTO SOCIAL;42;AUXILIOS;1;AUXILIOS;10;RECURSOS ORDINARIOS - RECURSOS NAO VINCULADOS DE IMPOSTOS;90210,08;90210,08;90210,08
9489244;722;2025-12-15 00:00:00;PM CARMO DA CACHOEIRA;18.240.135/0001-90;1481;SEDESE;SECRETARIA DE ESTADO DE DESENVOLVIMENTO SOCIAL;42;AUXILIOS;1;AUXILIOS;10;RECURSOS ORDINARIOS - RECURSOS NAO VINCULADOS DE IMPOSTOS;74210,47;74210,47;74210,47
9490283;2803;2025-12-12 00:00:00;PM VOLTA GRANDE;17.710.690/0001-75;1261;SEE;SECRETARIA DE ESTADO DE EDUCACAO;42;AUXILIOS;1;AUXILIOS;21;COTA ESTADUAL DO SALARIO EDUCACAO - QESE;1229491,08;1229491,08;1229491,08
9490284;2804;2025-12-12 00:00:00;PM PRUDENTE DE MORAIS;18.314.625/0001-93;1261;SEE;SECRETARIA DE ESTADO DE EDUCACAO;42;AUXILIOS;1;AUXILIOS;21;COTA ESTADUAL DO SALARIO EDUCACAO - QESE;300000,0;300000,0;300000,0
9490285;2805;2025-12-12 00:00:00;PM ENGENHEIRO NAVARRO;17.697.152/0001-98;1261;SEE;SECRETARIA DE ESTADO DE EDUCACAO;42;AUXILIOS;1;AUXILIOS;21;COTA ESTADUAL DO SALARIO EDUCACAO - QESE;350000,0;350000,0;350000,0
9490289;5802;2025-12-10 00:00:00;PM DOM JOAQUIM;18.303.198/0001-48;1271;SECULT;SECRETARIA DE ESTADO DE CULTURA E TURISMO;41;CONTRIBUICOES;1;CONTRIBUICOES;15;RECURSOS ORDINARIOS - OUTROS RECURSOS NAO VINCULADOS;150450,0;150450,0;150450,0
9490310;699;2025-12-10 00:00:00;LIGA ARCOENSE DE DESPORTOS;23.782.675/0001-35;1481;SEDESE;SECRETARIA DE ESTADO DE DESENVOLVIMENTO SOCIAL;43;SUBVENCOES SOCIAIS;1;SUBVENCOES SOCIAIS;10;RECURSOS ORDINARIOS - RECURSOS NAO VINCULADOS DE IMPOSTOS;100000,0;100000,0;100000,0
9490312;698;2025-12-10 00:00:00;LIGA MONLEVADENSE DE FUTEBOL;18.401.588/0001-50;1481;SEDESE;SECRETARIA DE ESTADO DE DESENVOLVIMENTO SOCIAL;43;SUBVENCOES SOCIAIS;1;SUBVENCOES SOCIAIS;10;RECURSOS ORDINARIOS - RECURSOS NAO VINCULADOS DE IMPOSTOS;100000,0;100000,0;100000,0
9490316;3821;2025-12-11 00:00:00;PM BELO VALE;18.363.937/0001-97;1491;SEGOV;SECRETARIA DE ESTADO DE GOVERNO;42;AUXILIOS;1;AUXILIOS;15;RECURSOS ORDINARIOS - OUTROS RECURSOS NAO VINCULADOS;119450,81;119450,81;119450,81
9490319;3822;2025-12-11 00:00:00;PM DORESOPOLIS;18.306.647/0001-01;1491;SEGOV;SECRETARIA DE ESTADO DE GOVERNO;42;AUXILIOS;1;AUXILIOS;15;RECURSOS ORDINARIOS - OUTROS RECURSOS NAO VINCULADOS;249993,33;249993,33;249993,33
9490320;3820;2025-12-11 00:00:00;PM MUNHOZ;18.675.934/0001-99;1491;SEGOV;SECRETARIA DE ESTADO DE GOVERNO;42;AUXILIOS;1;AUXILIOS;15;RECURSOS ORDINARIOS - OUTROS RECURSOS NAO VINCULADOS;124480,32;124480,32;124480,32
9490321;2806;2025-12-12 00:00:00;PM MONTEZUMA;25.223.983/0001-56;1261;SEE;SECRETARIA DE ESTADO DE EDUCACAO;42;AUXILIOS;1;AUXILIOS;21;COTA ESTADUAL DO SALARIO EDUCACAO - QESE;324048,01;324048,01;324048,01
9490322;2807;2025-12-12 00:00:00;PM ENGENHEIRO NAVARRO;17.697.152/0001-98;1261;SEE;SECRETARIA DE ESTADO DE EDUCACAO;42;AUXILIOS;1;AUXILIOS;21;COTA ESTADUAL DO SALARIO EDUCACAO - QESE;801000,0;801000,0;801000,0
9490323;700;2025-12-10 00:00:00;ASSOCIACAO DAS OBRAS PAVONIANAS DE ASSISTENCIA;62.382.395/0009-49;1481;SEDESE;SECRETARIA DE ESTADO DE DESENVOLVIMENTO SOCIAL;43;SUBVENCOES SOCIAIS;1;SUBVENCOES SOCIAIS;10;RECURSOS ORDINARIOS - RECURSOS NAO VINCULADOS DE IMPOSTOS;99652,16;99652,16;99652,16
9490379;704;2025-12-10 00:00:00;ASSOCIACAO COM.DES.SOCIAL VALE SAO FRANCISCO;06.316.684/0001-11;1481;SEDESE;SECRETARIA DE ESTADO DE DESENVOLVIMENTO SOCIAL;43;SUBVENCOES SOCIAIS;1;SUBVENCOES SOCIAIS;10;RECURSOS ORDINARIOS - RECURSOS NAO VINCULADOS DE IMPOSTOS;99900,0;99900,0;99900,0
9490380;703;2025-12-10 00:00:00;ASSOCIACAO COMUNITARIA LUZ DO EVANGELHO DE COROMANDEL;22.234.330/0001-84;1481;SEDESE;SECRETARIA DE ESTADO DE DESENVOLVIMENTO SOCIAL;42;AUXILIOS;1;AUXILIOS;10;RECURSOS ORDINARIOS - RECURSOS NAO VINCULADOS DE IMPOSTOS;100000,0;100000,0;100000,0
9490383;702;2025-12-10 00:00:00;CENTRO DE RECUPERACAO VIDA NOVA;04.597.747/0002-00;1481;SEDESE;SECRETARIA DE ESTADO DE DESENVOLVIMENTO SOCIAL;42;AUXILIOS;1;AUXILIOS;10;RECURSOS ORDINARIOS - RECURSOS NAO VINCULADOS DE IMPOSTOS;74950,0;74950,0;74950,0
9490384;701;2025-12-10 00:00:00;INECAP - INSTITUTO NACIONAL DE EDUCACAO, CULTURA E ATIVIDADES PSICOPED;05.852.571/0001-78;1481;SEDESE;SECRETARIA DE ESTADO DE DESENVOLVIMENTO SOCIAL;43;SUBVENCOES SOCIAIS;1;SUBVENCOES SOCIAIS;10;RECURSOS ORDINARIOS - RECURSOS NAO VINCULADOS DE IMPOSTOS;100000,0;100000,0;100000,0
9490667;3826;2025-12-11 00:00:00;PM TOLEDO;18.677.617/0001-01;1491;SEGOV;SECRETARIA DE ESTADO DE GOVERNO;42;AUXILIOS;1;AUXILIOS;15;RECURSOS ORDINARIOS - OUTROS RECURSOS NAO VINCULADOS;124467,61;124467,61;124467,61
9490674;2809;2025-12-12 00:00:00;PM UBERLANDIA;18.431.312/0001-15;1261;SEE;SECRETARIA DE ESTADO DE EDUCACAO;42;AUXILIOS;1;AUXILIOS;21;COTA ESTADUAL DO SALARIO EDUCACAO - QESE;995114,55;995114,55;995114,55
9490676;2810;2025-12-12 00:00:00;PM PERIQUITO;01.613.077/0001-08;1261;SEE;SECRETARIA DE ESTADO DE EDUCACAO;42;AUXILIOS;1;AUXILIOS;21;COTA ESTADUAL DO SALARIO EDUCACAO - QESE;614745,54;614745,54;614745,54
9490677;2811;2025-12-12 00:00:00;PM POUSO ALEGRE;18.675.983/0001-21;1261;SEE;SECRETARIA DE ESTADO DE EDUCACAO;42;AUXILIOS;1;AUXILIOS;21;COTA ESTADUAL DO SALARIO EDUCACAO - QESE;393967,0;393967,0;393967,0
9490680;2808;2025-12-12 00:00:00;PM TOLEDO;18.677.617/0001-01;1261;SEE;SECRETARIA DE ESTADO DE EDUCACAO;42;AUXILIOS;1;AUXILIOS;21;COTA ESTADUAL DO SALARIO EDUCACAO - QESE;1229491,08;1229491,08;1229491,08
9490682;451;2025-12-14 00:00:00;PM SAO JOAO DO ORIENTE;18.338.848/0001-90;1231;SEAPA;SECRETARIA DE ESTADO DE AGRICULTURA, PECUARIA E ABASTECIMENTO;41;CONTRIBUICOES;1;CONTRIBUICOES;15;RECURSOS ORDINARIOS - OUTROS RECURSOS NAO VINCULADOS;400000,0;400000,0;400000,0
9490684;2812;2025-12-12 00:00:00;PM NOVA PORTEIRINHA;01.612.499/0001-50;1261;SEE;SECRETARIA DE ESTADO DE EDUCACAO;42;AUXILIOS;1;AUXILIOS;21;COTA ESTADUAL DO SALARIO EDUCACAO - QESE;801000,0;801000,0;801000,0
9490685;2813;2025-12-12 00:00:00;PM ROMARIA;18.160.044/0001-44;1261;SEE;SECRETARIA DE ESTADO DE EDUCACAO;42;AUXILIOS;1;AUXILIOS;21;COTA ESTADUAL DO SALARIO EDUCACAO - QESE;100000,0;100000,0;100000,0
9490686;452;2025-12-14 00:00:00;PM URUCUIA;25.223.850/0001-80;1231;SEAPA;SECRETARIA DE ESTADO DE AGRICULTURA, PECUARIA E ABASTECIMENTO;41;CONTRIBUICOES;1;CONTRIBUICOES;15;RECURSOS ORDINARIOS - OUTROS RECURSOS NAO VINCULADOS;520674,0;520674,0;520674,0
9490687;2814;2025-12-12 00:00:00;PM CONCEICAO DE IPANEMA;18.334.300/0001-72;1261;SEE;SECRETARIA DE ESTADO DE EDUCACAO;42;AUXILIOS;1;AUXILIOS;21;COTA ESTADUAL DO SALARIO EDUCACAO - QESE;400000,0;400000,0;400000,0
9490688;2815;2025-12-12 00:00:00;PM FELICIO DOS SANTOS;17.754.201/0001-87;1261;SEE;SECRETARIA DE ESTADO DE EDUCACAO;42;AUXILIOS;1;AUXILIOS;21;COTA ESTADUAL DO SALARIO EDUCACAO - QESE;700000,0;700000,0;700000,0
9490689;2816;2025-12-12 00:00:00;PM SANTOS DUMONT;17.747.924/0001-59;1261;SEE;SECRETARIA DE ESTADO DE EDUCACAO;42;AUXILIOS;1;AUXILIOS;21;COTA ESTADUAL DO SALARIO EDUCACAO - QESE;249707,7;249707,7;249707,7
9490733;453;2025-12-14 00:00:00;PM NOVA BELEM;01.613.169/0001-80;1231;SEAPA;SECRETARIA DE ESTADO DE AGRICULTURA, PECUARIA E ABASTECIMENTO;41;CONTRIBUICOES;1;CONTRIBUICOES;15;RECURSOS ORDINARIOS - OUTROS RECURSOS NAO VINCULADOS;3198473,97;3198473,97;3198473,97
9490735;2817;2025-12-12 00:00:00;PM FERROS;18.299.529/0001-13;1261;SEE;SECRETARIA DE ESTADO DE EDUCACAO;42;AUXILIOS;1;AUXILIOS;21;COTA ESTADUAL DO SALARIO EDUCACAO - QESE;1100000,0;1100000,0;1100000,0
9490737;5850;2025-12-16 00:00:00;FUNDACAO EDUCATIVA E CULTURAL DO ALTO PARANAIBA;23.089.402/0001-00;1271;SECULT;SECRETARIA DE ESTADO DE CULTURA E TURISMO;42;AUXILIOS;1;AUXILIOS;10;RECURSOS ORDINARIOS - RECURSOS NAO VINCULADOS DE IMPOSTOS;302236,48;302236,48;302236,48
9490737;5851;2025-12-16 00:00:00;FUNDACAO EDUCATIVA E CULTURAL DO ALTO PARANAIBA;23.089.402/0001-00;1271;SECULT;SECRETARIA DE ESTADO DE CULTURA E TURISMO;42;AUXILIOS;1;AUXILIOS;10;RECURSOS ORDINARIOS - RECURSOS NAO VINCULADOS DE IMPOSTOS;100000,0;100000,0;100000,0
9490737;5852;2025-12-16 00:00:00;FUNDACAO EDUCATIVA E CULTURAL DO ALTO PARANAIBA;23.089.402/0001-00;1271;SECULT;SECRETARIA DE ESTADO DE CULTURA E TURISMO;42;AUXILIOS;1;AUXILIOS;10;RECURSOS ORDINARIOS - RECURSOS NAO VINCULADOS DE IMPOSTOS;123462,04;123462,04;123462,04
9490739;454;2025-12-14 00:00:00;PM GOIABEIRA;01.615.421/0001-90;1231;SEAPA;SECRETARIA DE ESTADO DE AGRICULTURA, PECUARIA E ABASTECIMENTO;41;CONTRIBUICOES;1;CONTRIBUICOES;15;RECURSOS ORDINARIOS - OUTROS RECURSOS NAO VINCULADOS;1500000,0;1500000,0;1500000,0
9490740;502;2025-12-19 00:00:00;PM CENTRAL DE MINAS;17.990.714/0001-97;1231;SEAPA;SECRETARIA DE ESTADO DE AGRICULTURA, PECUARIA E ABASTECIMENTO;41;CONTRIBUICOES;1;CONTRIBUICOES;15;RECURSOS ORDINARIOS - OUTROS RECURSOS NAO VINCULADOS;1500000,0;1500000,0;1500000,0
9490741;3827;2025-12-11 00:00:00;PM SENADOR AMARAL;41.778.556/0001-90;1491;SEGOV;SECRETARIA DE ESTADO DE GOVERNO;42;AUXILIOS;1;AUXILIOS;15;RECURSOS ORDINARIOS - OUTROS RECURSOS NAO VINCULADOS;124480,32;124480,32;124480,32
9490742;455;2025-12-14 00:00:00;PM SIMAO PEREIRA;18.338.293/0001-87;1231;SEAPA;SECRETARIA DE ESTADO DE AGRICULTURA, PECUARIA E ABASTECIMENTO;41;CONTRIBUICOES;1;CONTRIBUICOES;15;RECURSOS ORDINARIOS - OUTROS RECURSOS NAO VINCULADOS;854865,0;854865,0;854865,0
9490744;3823;2025-12-11 00:00:00;PM FREI INOCENCIO;16.945.990/0001-70;1491;SEGOV;SECRETARIA DE ESTADO DE GOVERNO;42;AUXILIOS;1;AUXILIOS;15;RECURSOS ORDINARIOS - OUTROS RECURSOS NAO VINCULADOS;1200000,0;1200000,0;1200000,0
9490745;460;2025-12-14 00:00:00;PM DELFINOPOLIS;17.894.064/0001-86;1231;SEAPA;SECRETARIA DE ESTADO DE AGRICULTURA, PECUARIA E ABASTECIMENTO;41;CONTRIBUICOES;1;CONTRIBUICOES;15;RECURSOS ORDINARIOS - OUTROS RECURSOS NAO VINCULADOS;386100,0;386100,0;386100,0
9490747;456;2025-12-14 00:00:00;PM CARRANCAS;17.953.332/0001-93;1231;SEAPA;SECRETARIA DE ESTADO DE AGRICULTURA, PECUARIA E ABASTECIMENTO;41;CONTRIBUICOES;1;CONTRIBUICOES;15;RECURSOS ORDINARIOS - OUTROS RECURSOS NAO VINCULADOS;854865,0;854865,0;854865,0
9490748;3824;2025-12-11 00:00:00;PM BOM REPOUSO;18.675.892/0001-96;1491;SEGOV;SECRETARIA DE ESTADO DE GOVERNO;42;AUXILIOS;1;AUXILIOS;15;RECURSOS ORDINARIOS - OUTROS RECURSOS NAO VINCULADOS;124477,7;124477,7;124477,7
9490749;5853;2025-12-16 00:00:00;ASS CULT AFRO-BRASILEIRA CENTRO ESPIRITA PAI MANOEL DE ARUANDA;52.317.353/0001-13;1271;SECULT;SECRETARIA DE ESTADO DE CULTURA E TURISMO;41;CONTRIBUICOES;1;CONTRIBUICOES;10;RECURSOS ORDINARIOS - RECURSOS NAO VINCULADOS DE IMPOSTOS;250000,0;250000,0;250000,0
9490750;457;2025-12-14 00:00:00;PM TAQUARACU DE MINAS;18.302.315/0001-59;1231;SEAPA;SECRETARIA DE ESTADO DE AGRICULTURA, PECUARIA E ABASTECIMENTO;41;CONTRIBUICOES;1;CONTRIBUICOES;15;RECURSOS ORDINARIOS - OUTROS RECURSOS NAO VINCULADOS;647919,05;647919,05;647919,05
9490751;3825;2025-12-11 00:00:00;PM SANTO ANTONIO DO RIO ABAIXO;18.303.248/0001-97;1491;SEGOV;SECRETARIA DE ESTADO DE GOVERNO;42;AUXILIOS;1;AUXILIOS;15;RECURSOS ORDINARIOS - OUTROS RECURSOS NAO VINCULADOS;89210,08;89210,08;89210,08
9490752;459;2025-12-14 00:00:00;PM HELIODORA;18.712.133/0001-56;1231;SEAPA;SECRETARIA DE ESTADO DE AGRICULTURA, PECUARIA E ABASTECIMENTO;41;CONTRIBUICOES;1;CONTRIBUICOES;15;RECURSOS ORDINARIOS - OUTROS RECURSOS NAO VINCULADOS;386100,0;386100,0;386100,0
9490753;458;2025-12-14 00:00:00;PM PARAGUACU;18.008.193/0001-92;1231;SEAPA;SECRETARIA DE ESTADO DE AGRICULTURA, PECUARIA E ABASTECIMENTO;41;CONTRIBUICOES;1;CONTRIBUICOES;15;RECURSOS ORDINARIOS - OUTROS RECURSOS NAO VINCULADOS;854865,0;854865,0;854865,0
9490755;635;2025-12-16 00:00:00;ASSOCIACAO DE PROTETORES DE ANIMAIS DE MANGA;38.366.493/0001-50;1371;SEMAD;SECRETARIA DE ESTADO DE MEIO AMBIENTE E DESENVOLVIMENTO SUSTENTAVEL;41;CONTRIBUICOES;1;CONTRIBUICOES;10;RECURSOS ORDINARIOS - RECURSOS NAO VINCULADOS DE IMPOSTOS;50000,0;50000,0;50000,0
9490756;705;2025-12-11 00:00:00;GRUPO EDUCACAO, ETICA E CIDADANIA;05.543.739/0001-63;1481;SEDESE;SECRETARIA DE ESTADO DE DESENVOLVIMENTO SOCIAL;43;SUBVENCOES SOCIAIS;1;SUBVENCOES SOCIAIS;10;RECURSOS ORDINARIOS - RECURSOS NAO VINCULADOS DE IMPOSTOS;130000,0;130000,0;130000,0
9490756;706;2025-12-11 00:00:00;GRUPO EDUCACAO, ETICA E CIDADANIA;05.543.739/0001-63;1481;SEDESE;SECRETARIA DE ESTADO DE DESENVOLVIMENTO SOCIAL;42;AUXILIOS;1;AUXILIOS;10;RECURSOS ORDINARIOS - RECURSOS NAO VINCULADOS DE IMPOSTOS;70000,0;70000,0;70000,0
9490759;677;2025-12-19 00:00:00;PM BOTUMIRIM;18.017.418/0001-77;1481;SEDESE;SECRETARIA DE ESTADO DE DESENVOLVIMENTO SOCIAL;41;CONTRIBUICOES;1;CONTRIBUICOES;71;RECURSOS DO FUNDO ESTADUAL DE ERRADICACAO DA MISERIA;19194,75;19194,75;19194,75
9490761;709;2025-12-12 00:00:00;ASSOCIACAO NOVA ALIANCA JUIZ DE FORA;15.624.392/0001-37;1481;SEDESE;SECRETARIA DE ESTADO DE DESENVOLVIMENTO SOCIAL;42;AUXILIOS;1;AUXILIOS;10;RECURSOS ORDINARIOS - RECURSOS NAO VINCULADOS DE IMPOSTOS;398790,0;398790,0;398790,0
9490766;721;2025-12-15 00:00:00;PM BUGRE;01.613.126/0001-02;1481;SEDESE;SECRETARIA DE ESTADO DE DESENVOLVIMENTO SOCIAL;42;AUXILIOS;1;AUXILIOS;10;RECURSOS ORDINARIOS - RECURSOS NAO VINCULADOS DE IMPOSTOS;126921,99;126921,99;126921,99
9490768;717;2025-12-15 00:00:00;ASSOCIACAO MUNICIPAL AMIGOS DE SALINAS;07.411.040/0001-75;1481;SEDESE;SECRETARIA DE ESTADO DE DESENVOLVIMENTO SOCIAL;43;SUBVENCOES SOCIAIS;1;SUBVENCOES SOCIAIS;10;RECURSOS ORDINARIOS - RECURSOS NAO VINCULADOS DE IMPOSTOS;100000,0;100000,0;100000,0
9490769;708;2025-12-12 00:00:00;INSTITUTO BRASILEIRO DE ASSISTENCIA A SAUDE;10.318.819/0001-55;1481;SEDESE;SECRETARIA DE ESTADO DE DESENVOLVIMENTO SOCIAL;43;SUBVENCOES SOCIAIS;1;SUBVENCOES SOCIAIS;10;RECURSOS ORDINARIOS - RECURSOS NAO VINCULADOS DE IMPOSTOS;149000,0;149000,0;149000,0
9490793;2818;2025-12-12 00:00:00;PM BAMBUI;20.920.567/0001-93;1261;SEE;SECRETARIA DE ESTADO DE EDUCACAO;42;AUXILIOS;1;AUXILIOS;21;COTA ESTADUAL DO SALARIO EDUCACAO - QESE;800000,0;800000,0;800000,0
9490815;2847;2025-12-16 00:00:00;PM PALMOPOLIS;66.234.345/0001-18;1261;SEE;SECRETARIA DE ESTADO DE EDUCACAO;42;AUXILIOS;1;AUXILIOS;21;COTA ESTADUAL DO SALARIO EDUCACAO - QESE;400000,0;400000,0;400000,0
9490820;502;2025-12-15 00:00:00;PM IBIAI;16.899.700/0001-08;1301;SEINFRA;SECRETARIA DE ESTADO DE INFRAESTRUTURA, MOBILIDADE E PARCERIAS;42;AUXILIOS;1;AUXILIOS;15;RECURSOS ORDINARIOS - OUTROS RECURSOS NAO VINCULADOS;300000,0;300000,0;300000,0
9490823;501;2025-12-15 00:00:00;PM CORREGO FUNDO;01.614.862/0001-77;1301;SEINFRA;SECRETARIA DE ESTADO DE INFRAESTRUTURA, MOBILIDADE E PARCERIAS;42;AUXILIOS;1;AUXILIOS;15;RECURSOS ORDINARIOS - OUTROS RECURSOS NAO VINCULADOS;1000000,0;1000000,0;1000000,0
9490826;3828;2025-12-15 00:00:00;PM ALVARENGA;19.770.288/0001-01;1491;SEGOV;SECRETARIA DE ESTADO DE GOVERNO;42;AUXILIOS;1;AUXILIOS;15;RECURSOS ORDINARIOS - OUTROS RECURSOS NAO VINCULADOS;124480,32;124480,32;124480,32
9490829;650;2025-12-15 00:00:00;PM SAO ROMAO;24.891.418/0001-02;1481;SEDESE;SECRETARIA DE ESTADO DE DESENVOLVIMENTO SOCIAL;41;CONTRIBUICOES;1;CONTRIBUICOES;71;RECURSOS DO FUNDO ESTADUAL DE ERRADICACAO DA MISERIA;19194,72;19194,72;19194,72
9490831;711;2025-12-12 00:00:00;ASSOCIACAO ARQUITETAS SEM FRONTEIRAS - ASF BRASIL;06.290.177/0001-56;1481;SEDESE;SECRETARIA DE ESTADO DE DESENVOLVIMENTO SOCIAL;43;SUBVENCOES SOCIAIS;1;SUBVENCOES SOCIAIS;10;RECURSOS ORDINARIOS - RECURSOS NAO VINCULADOS DE IMPOSTOS;168147,9;168147,9;168147,9
9490834;713;2025-12-15 00:00:00;ASSOCIACAO CHAPADENSE ASSIST. AS NECES.TRAB.E DA INFANCIA;21.225.776/0001-80;1481;SEDESE;SECRETARIA DE ESTADO DE DESENVOLVIMENTO SOCIAL;43;SUBVENCOES SOCIAIS;1;SUBVENCOES SOCIAIS;10;RECURSOS ORDINARIOS - RECURSOS NAO VINCULADOS DE IMPOSTOS;98508,0;98508,0;98508,0
9490836;714;2025-12-15 00:00:00;UNIAO DOS PARAPLEGICOS DE BELO HORIZONTE;21.020.987/0001-86;1481;SEDESE;SECRETARIA DE ESTADO DE DESENVOLVIMENTO SOCIAL;43;SUBVENCOES SOCIAIS;1;SUBVENCOES SOCIAIS;10;RECURSOS ORDINARIOS - RECURSOS NAO VINCULADOS DE IMPOSTOS;199585,44;199585,44;199585,44
9490839;2835;2025-12-16 00:00:00;PM SAO JOSE DA BARRA;01.616.458/0001-32;1261;SEE;SECRETARIA DE ESTADO DE EDUCACAO;42;AUXILIOS;1;AUXILIOS;21;COTA ESTADUAL DO SALARIO EDUCACAO - QESE;1200000,0;1200000,0;1200000,0
9490840;712;2025-12-15 00:00:00;SOCIEDADE DOS AMIGOS DE MARIA DA FE;18.643.825/0001-90;1481;SEDESE;SECRETARIA DE ESTADO DE DESENVOLVIMENTO SOCIAL;42;AUXILIOS;1;AUXILIOS;10;RECURSOS ORDINARIOS - RECURSOS NAO VINCULADOS DE IMPOSTOS;100000,0;100000,0;100000,0
9490841;2836;2025-12-16 00:00:00;PM BIAS FORTES;18.094.771/0001-50;1261;SEE;SECRETARIA DE ESTADO DE EDUCACAO;42;AUXILIOS;1;AUXILIOS;21;COTA ESTADUAL DO SALARIO EDUCACAO - QESE;149463,34;149463,34;149463,34
9490842;2837;2025-12-16 00:00:00;PM ITACARAMBI;18.283.101/0001-82;1261;SEE;SECRETARIA DE ESTADO DE EDUCACAO;42;AUXILIOS;1;AUXILIOS;21;COTA ESTADUAL DO SALARIO EDUCACAO - QESE;801000,0;801000,0;801000,0
9490844;2838;2025-12-16 00:00:00;PM ITACARAMBI;18.283.101/0001-82;1261;SEE;SECRETARIA DE ESTADO DE EDUCACAO;42;AUXILIOS;1;AUXILIOS;21;COTA ESTADUAL DO SALARIO EDUCACAO - QESE;300000,0;300000,0;300000,0
9490847;710;2025-12-12 00:00:00;JARDIM ESCOLA TEREZA DE JESUS;17.411.828/0001-35;1481;SEDESE;SECRETARIA DE ESTADO DE DESENVOLVIMENTO SOCIAL;43;SUBVENCOES SOCIAIS;1;SUBVENCOES SOCIAIS;10;RECURSOS ORDINARIOS - RECURSOS NAO VINCULADOS DE IMPOSTOS;100000,0;100000,0;100000,0
9490851;2839;2025-12-16 00:00:00;PM ESMERALDAS;18.715.466/0001-39;1261;SEE;SECRETARIA DE ESTADO DE EDUCACAO;42;AUXILIOS;1;AUXILIOS;21;COTA ESTADUAL DO SALARIO EDUCACAO - QESE;100000,0;100000,0;100000,0
9490852;2840;2025-12-16 00:00:00;PM RAPOSOS;18.312.132/0001-14;1261;SEE;SECRETARIA DE ESTADO DE EDUCACAO;42;AUXILIOS;1;AUXILIOS;21;COTA ESTADUAL DO SALARIO EDUCACAO - QESE;1125705,47;1125705,47;1125705,47
9490853;461;2025-12-14 00:00:00;PM SABARA;18.715.441/0001-35;1231;SEAPA;SECRETARIA DE ESTADO DE AGRICULTURA, PECUARIA E ABASTECIMENTO;41;CONTRIBUICOES;1;CONTRIBUICOES;15;RECURSOS ORDINARIOS - OUTROS RECURSOS NAO VINCULADOS;247493,4;247493,4;247493,4
9490854;2841;2025-12-16 00:00:00;PM BRUMADINHO;18.363.929/0001-40;1261;SEE;SECRETARIA DE ESTADO DE EDUCACAO;42;AUXILIOS;1;AUXILIOS;21;COTA ESTADUAL DO SALARIO EDUCACAO - QESE;800000,0;800000,0;800000,0
9490855;715;2025-12-15 00:00:00;ASSOCIACAO DOS DIABETICOS DE SANTOS DUMONT;26.125.682/0001-52;1481;SEDESE;SECRETARIA DE ESTADO DE DESENVOLVIMENTO SOCIAL;43;SUBVENCOES SOCIAIS;1;SUBVENCOES SOCIAIS;10;RECURSOS ORDINARIOS - RECURSOS NAO VINCULADOS DE IMPOSTOS;85470,08;85470,08;85470,08
9490855;716;2025-12-15 00:00:00;ASSOCIACAO DOS DIABETICOS DE SANTOS DUMONT;26.125.682/0001-52;1481;SEDESE;SECRETARIA DE ESTADO DE DESENVOLVIMENTO SOCIAL;42;AUXILIOS;1;AUXILIOS;10;RECURSOS ORDINARIOS - RECURSOS NAO VINCULADOS DE IMPOSTOS;14980,0;14980,0;14980,0
9490856;2842;2025-12-16 00:00:00;PM FARIA LEMOS;18.114.280/0001-24;1261;SEE;SECRETARIA DE ESTADO DE EDUCACAO;42;AUXILIOS;1;AUXILIOS;21;COTA ESTADUAL DO SALARIO EDUCACAO - QESE;200000,0;200000,0;200000,0
9490857;2843;2025-12-16 00:00:00;PM PARA DE MINAS;18.313.817/0001-85;1261;SEE;SECRETARIA DE ESTADO DE EDUCACAO;42;AUXILIOS;1;AUXILIOS;21;COTA ESTADUAL DO SALARIO EDUCACAO - QESE;3017557,08;3017557,08;3017557,08
9490858;2844;2025-12-16 00:00:00;PM ABADIA DOS DOURADOS;18.593.111/0001-14;1261;SEE;SECRETARIA DE ESTADO DE EDUCACAO;42;AUXILIOS;1;AUXILIOS;21;COTA ESTADUAL DO SALARIO EDUCACAO - QESE;250000,0;250000,0;250000,0
9490859;2845;2025-12-16 00:00:00;PM ITUETA;18.413.179/0001-74;1261;SEE;SECRETARIA DE ESTADO DE EDUCACAO;42;AUXILIOS;1;AUXILIOS;21;COTA ESTADUAL DO SALARIO EDUCACAO - QESE;324048,01;324048,01;324048,01
9490860;2846;2025-12-16 00:00:00;PM MATOZINHOS;18.771.238/0001-86;1261;SEE;SECRETARIA DE ESTADO DE EDUCACAO;42;AUXILIOS;1;AUXILIOS;21;COTA ESTADUAL DO SALARIO EDUCACAO - QESE;778841,09;778841,09;778841,09
9490867;462;2025-12-14 00:00:00;PM TUMIRITINGA;21.078.563/0001-72;1231;SEAPA;SECRETARIA DE ESTADO DE AGRICULTURA, PECUARIA E ABASTECIMENTO;41;CONTRIBUICOES;1;CONTRIBUICOES;15;RECURSOS ORDINARIOS - OUTROS RECURSOS NAO VINCULADOS;1000000,0;1000000,0;0,0
9490868;477;2025-12-16 00:00:00;PM CAMBUQUIRA;17.955.386/0001-98;1231;SEAPA;SECRETARIA DE ESTADO DE AGRICULTURA, PECUARIA E ABASTECIMENTO;41;CONTRIBUICOES;1;CONTRIBUICOES;15;RECURSOS ORDINARIOS - OUTROS RECURSOS NAO VINCULADOS;386100,0;386100,0;386100,0
9490870;464;2025-12-14 00:00:00;PM TIROS;18.602.094/0001-34;1231;SEAPA;SECRETARIA DE ESTADO DE AGRICULTURA, PECUARIA E ABASTECIMENTO;41;CONTRIBUICOES;1;CONTRIBUICOES;15;RECURSOS ORDINARIOS - OUTROS RECURSOS NAO VINCULADOS;621740,5;621740,5;621740,5
9490872;467;2025-12-16 00:00:00;PM ABADIA DOS DOURADOS;18.593.111/0001-14;1231;SEAPA;SECRETARIA DE ESTADO DE AGRICULTURA, PECUARIA E ABASTECIMENTO;41;CONTRIBUICOES;1;CONTRIBUICOES;15;RECURSOS ORDINARIOS - OUTROS RECURSOS NAO VINCULADOS;1204463,69;1204463,69;1204463,69
9490873;463;2025-12-14 00:00:00;PM POCRANE;18.334.318/0001-74;1231;SEAPA;SECRETARIA DE ESTADO DE AGRICULTURA, PECUARIA E ABASTECIMENTO;41;CONTRIBUICOES;1;CONTRIBUICOES;15;RECURSOS ORDINARIOS - OUTROS RECURSOS NAO VINCULADOS;1000000,0;1000000,0;1000000,0
9490874;476;2025-12-16 00:00:00;PM ESTRELA DO INDAIA;18.301.028/0001-24;1231;SEAPA;SECRETARIA DE ESTADO DE AGRICULTURA, PECUARIA E ABASTECIMENTO;41;CONTRIBUICOES;1;CONTRIBUICOES;15;RECURSOS ORDINARIOS - OUTROS RECURSOS NAO VINCULADOS;390000,0;390000,0;390000,0
9490875;470;2025-12-16 00:00:00;PM CARMO DO CAJURU;18.291.377/0001-02;1231;SEAPA;SECRETARIA DE ESTADO DE AGRICULTURA, PECUARIA E ABASTECIMENTO;41;CONTRIBUICOES;1;CONTRIBUICOES;15;RECURSOS ORDINARIOS - OUTROS RECURSOS NAO VINCULADOS;390000,0;390000,0;390000,0
9490878;469;2025-12-16 00:00:00;PM VIRGINIA;25.970.260/0001-10;1231;SEAPA;SECRETARIA DE ESTADO DE AGRICULTURA, PECUARIA E ABASTECIMENTO;41;CONTRIBUICOES;1;CONTRIBUICOES;15;RECURSOS ORDINARIOS - OUTROS RECURSOS NAO VINCULADOS;342000,0;342000,0;342000,0
9490884;472;2025-12-16 00:00:00;PM VARZEA DA PALMA;18.279.059/0001-26;1231;SEAPA;SECRETARIA DE ESTADO DE AGRICULTURA, PECUARIA E ABASTECIMENTO;41;CONTRIBUICOES;1;CONTRIBUICOES;15;RECURSOS ORDINARIOS - OUTROS RECURSOS NAO VINCULADOS;863500,0;863500,0;863500,0
9490885;465;2025-12-15 00:00:00;PM CORREGO FUNDO;01.614.862/0001-77;1231;SEAPA;SECRETARIA DE ESTADO DE AGRICULTURA, PECUARIA E ABASTECIMENTO;41;CONTRIBUICOES;1;CONTRIBUICOES;15;RECURSOS ORDINARIOS - OUTROS RECURSOS NAO VINCULADOS;390000,0;390000,0;390000,0
9490886;473;2025-12-16 00:00:00;PM DIAMANTINA;17.754.136/0001-90;1231;SEAPA;SECRETARIA DE ESTADO DE AGRICULTURA, PECUARIA E ABASTECIMENTO;41;CONTRIBUICOES;1;CONTRIBUICOES;15;RECURSOS ORDINARIOS - OUTROS RECURSOS NAO VINCULADOS;854865,0;854865,0;854865,0
9490887;474;2025-12-16 00:00:00;PM LAGOA FORMOSA;18.602.078/0001-41;1231;SEAPA;SECRETARIA DE ESTADO DE AGRICULTURA, PECUARIA E ABASTECIMENTO;41;CONTRIBUICOES;1;CONTRIBUICOES;15;RECURSOS ORDINARIOS - OUTROS RECURSOS NAO VINCULADOS;854865,0;854865,0;854865,0
9490888;471;2025-12-16 00:00:00;PM DIOGO DE VASCONCELOS;18.295.311/0001-90;1231;SEAPA;SECRETARIA DE ESTADO DE AGRICULTURA, PECUARIA E ABASTECIMENTO;41;CONTRIBUICOES;1;CONTRIBUICOES;15;RECURSOS ORDINARIOS - OUTROS RECURSOS NAO VINCULADOS;390000,0;390000,0;390000,0
9490889;475;2025-12-16 00:00:00;PM RIO MANSO;18.363.978/0001-83;1231;SEAPA;SECRETARIA DE ESTADO DE AGRICULTURA, PECUARIA E ABASTECIMENTO;41;CONTRIBUICOES;1;CONTRIBUICOES;15;RECURSOS ORDINARIOS - OUTROS RECURSOS NAO VINCULADOS;647919,0;647919,0;647919,0
9490890;468;2025-12-16 00:00:00;PM ROSARIO DA LIMEIRA;01.616.837/0001-22;1231;SEAPA;SECRETARIA DE ESTADO DE AGRICULTURA, PECUARIA E ABASTECIMENTO;41;CONTRIBUICOES;1;CONTRIBUICOES;15;RECURSOS ORDINARIOS - OUTROS RECURSOS NAO VINCULADOS;386100,0;386100,0;386100,0
9490891;2848;2025-12-16 00:00:00;PM CRISOLITA;01.614.283/0001-24;1261;SEE;SECRETARIA DE ESTADO DE EDUCACAO;42;AUXILIOS;1;AUXILIOS;21;COTA ESTADUAL DO SALARIO EDUCACAO - QESE;250000,0;250000,0;250000,0
9490892;2849;2025-12-16 00:00:00;PM CONEGO MARINHO;01.612.492/0001-39;1261;SEE;SECRETARIA DE ESTADO DE EDUCACAO;42;AUXILIOS;1;AUXILIOS;21;COTA ESTADUAL DO SALARIO EDUCACAO - QESE;100000,0;100000,0;100000,0
9490893;2850;2025-12-16 00:00:00;PM ITUETA;18.413.179/0001-74;1261;SEE;SECRETARIA DE ESTADO DE EDUCACAO;42;AUXILIOS;1;AUXILIOS;21;COTA ESTADUAL DO SALARIO EDUCACAO - QESE;350000,0;350000,0;350000,0
9490894;2851;2025-12-16 00:00:00;PM CUPARAQUE;01.615.422/0001-34;1261;SEE;SECRETARIA DE ESTADO DE EDUCACAO;42;AUXILIOS;1;AUXILIOS;21;COTA ESTADUAL DO SALARIO EDUCACAO - QESE;800000,0;800000,0;800000,0
9490895;2852;2025-12-16 00:00:00;PM CONCEICAO DE IPANEMA;18.334.300/0001-72;1261;SEE;SECRETARIA DE ESTADO DE EDUCACAO;42;AUXILIOS;1;AUXILIOS;21;COTA ESTADUAL DO SALARIO EDUCACAO - QESE;800000,0;800000,0;800000,0
9490896;3041;2025-12-23 00:00:00;PM SAO JOAO DA PONTE;16.928.483/0001-29;1261;SEE;SECRETARIA DE ESTADO DE EDUCACAO;42;AUXILIOS;1;AUXILIOS;21;COTA ESTADUAL DO SALARIO EDUCACAO - QESE;801000,0;801000,0;801000,0
9490897;641;2025-12-17 00:00:00;SALVAGUARDA ZOOBOTANICA;51.868.837/0001-98;1371;SEMAD;SECRETARIA DE ESTADO DE MEIO AMBIENTE E DESENVOLVIMENTO SUSTENTAVEL;41;CONTRIBUICOES;1;CONTRIBUICOES;10;RECURSOS ORDINARIOS - RECURSOS NAO VINCULADOS DE IMPOSTOS;400000,0;400000,0;400000,0
9490897;642;2025-12-17 00:00:00;SALVAGUARDA ZOOBOTANICA;51.868.837/0001-98;1371;SEMAD;SECRETARIA DE ESTADO DE MEIO AMBIENTE E DESENVOLVIMENTO SUSTENTAVEL;41;CONTRIBUICOES;1;CONTRIBUICOES;10;RECURSOS ORDINARIOS - RECURSOS NAO VINCULADOS DE IMPOSTOS;300000,0;300000,0;300000,0
9490900;6749;2025-12-18 00:00:00;FUNDACAO BENJAMIN GUIMARAES;17.200.429/0001-25;4291;FES;FUNDO ESTADUAL DE SAUDE;42;AUXILIOS;1;AUXILIOS;10;RECURSOS ORDINARIOS - RECURSOS NAO VINCULADOS DE IMPOSTOS;751466,0;751466,0;751466,0
9490900;6750;2025-12-18 00:00:00;FUNDACAO BENJAMIN GUIMARAES;17.200.429/0001-25;4291;FES;FUNDO ESTADUAL DE SAUDE;42;AUXILIOS;1;AUXILIOS;10;RECURSOS ORDINARIOS - RECURSOS NAO VINCULADOS DE IMPOSTOS;518534,0;518534,0;518534,0
9490901;505;2025-12-17 00:00:00;PM ENTRE RIOS DE MINAS;20.356.747/0001-94;1301;SEINFRA;SECRETARIA DE ESTADO DE INFRAESTRUTURA, MOBILIDADE E PARCERIAS;42;AUXILIOS;1;AUXILIOS;15;RECURSOS ORDINARIOS - OUTROS RECURSOS NAO VINCULADOS;600000,0;600000,0;600000,0
9490902;6753;2025-12-18 00:00:00;PM ALMENARA;18.349.894/0001-95;4291;FES;FUNDO ESTADUAL DE SAUDE;42;AUXILIOS;1;AUXILIOS;10;RECURSOS ORDINARIOS - RECURSOS NAO VINCULADOS DE IMPOSTOS;1995519,25;1995519,25;1995519,25
9490907;6752;2025-12-18 00:00:00;FUNDACAO CRISTIANO VARELLA;00.961.315/0001-03;4291;FES;FUNDO ESTADUAL DE SAUDE;42;AUXILIOS;1;AUXILIOS;10;RECURSOS ORDINARIOS - RECURSOS NAO VINCULADOS DE IMPOSTOS;7953110,38;7953110,38;7953110,38
9490908;719;2025-12-15 00:00:00;ASSOCIACAO CUIDAR BEM/MG - ACB;10.626.829/0001-58;1481;SEDESE;SECRETARIA DE ESTADO DE DESENVOLVIMENTO SOCIAL;43;SUBVENCOES SOCIAIS;1;SUBVENCOES SOCIAIS;10;RECURSOS ORDINARIOS - RECURSOS NAO VINCULADOS DE IMPOSTOS;93557,4;93557,4;93557,4
9490913;109;2025-12-15 00:00:00;APAC DE POUSO ALEGRE FEMININO;34.843.762/0001-71;1451;SEJUSP;SECRETARIA DE ESTADO DE JUSTICA E SEGURANCA PUBLICA;42;AUXILIOS;1;AUXILIOS;10;RECURSOS ORDINARIOS - RECURSOS NAO VINCULADOS DE IMPOSTOS;100000,0;100000,0;100000,0
9490917;723;2025-12-16 00:00:00;ASSOCIACAO CUIDAR BEM/MG - ACB;10.626.829/0001-58;1481;SEDESE;SECRETARIA DE ESTADO DE DESENVOLVIMENTO SOCIAL;43;SUBVENCOES SOCIAIS;1;SUBVENCOES SOCIAIS;10;RECURSOS ORDINARIOS - RECURSOS NAO VINCULADOS DE IMPOSTOS;154232,0;154232,0;154232,0
9490918;718;2025-12-15 00:00:00;ASSOC. PRIMEIRO DE MAIO DA VILA VISTA ALEGRE;21.127.840/0001-90;1481;SEDESE;SECRETARIA DE ESTADO DE DESENVOLVIMENTO SOCIAL;42;AUXILIOS;1;AUXILIOS;10;RECURSOS ORDINARIOS - RECURSOS NAO VINCULADOS DE IMPOSTOS;150000,0;150000,0;150000,0
9490920;720;2025-12-15 00:00:00;FUNDACAO MOVIMENTO DIREITO E CIDADANIA - FUNDACAO MDC;02.475.083/0001-09;1481;SEDESE;SECRETARIA DE ESTADO DE DESENVOLVIMENTO SOCIAL;43;SUBVENCOES SOCIAIS;1;SUBVENCOES SOCIAIS;10;RECURSOS ORDINARIOS - RECURSOS NAO VINCULADOS DE IMPOSTOS;100000,0;100000,0;100000,0
9490923;1752;2025-12-16 00:00:00;LAR DOS IDOSOS PADRE PANFILIO NOVA PONTE;02.210.221/0001-10;4251;FEAS;FUNDO ESTADUAL DE ASSISTENCIA SOCIAL;42;AUXILIOS;1;AUXILIOS;10;RECURSOS ORDINARIOS - RECURSOS NAO VINCULADOS DE IMPOSTOS;150000,0;150000,0;150000,0
9490925;506;2025-12-17 00:00:00;PM RIACHO DOS MACHADOS;16.925.208/0001-51;1301;SEINFRA;SECRETARIA DE ESTADO DE INFRAESTRUTURA, MOBILIDADE E PARCERIAS;42;AUXILIOS;1;AUXILIOS;15;RECURSOS ORDINARIOS - OUTROS RECURSOS NAO VINCULADOS;1000000,0;1000000,0;1000000,0
9490947;731;2025-12-18 00:00:00;PM TIRADENTES;18.557.579/0001-53;1371;SEMAD;SECRETARIA DE ESTADO DE MEIO AMBIENTE E DESENVOLVIMENTO SUSTENTAVEL;41;CONTRIBUICOES;1;CONTRIBUICOES;10;RECURSOS ORDINARIOS - RECURSOS NAO VINCULADOS DE IMPOSTOS;100000,0;100000,0;100000,0
9490950;730;2025-12-18 00:00:00;ASORIPA ASSOCIACAO RIO-BRANQUENSE DE PROTECAO AOS ANIMAIS;03.784.082/0001-09;1371;SEMAD;SECRETARIA DE ESTADO DE MEIO AMBIENTE E DESENVOLVIMENTO SUSTENTAVEL;41;CONTRIBUICOES;1;CONTRIBUICOES;10;RECURSOS ORDINARIOS - RECURSOS NAO VINCULADOS DE IMPOSTOS;150000,0;150000,0;150000,0
9490951;5855;2025-12-16 00:00:00;VALEMAIS- INSTITUTO SOCIOCULTURAL DO JEQUITINHONHA;06.036.527/0001-52;1271;SECULT;SECRETARIA DE ESTADO DE CULTURA E TURISMO;41;CONTRIBUICOES;1;CONTRIBUICOES;10;RECURSOS ORDINARIOS - RECURSOS NAO VINCULADOS DE IMPOSTOS;250000,0;250000,0;250000,0
9490952;5854;2025-12-16 00:00:00;VALEMAIS- INSTITUTO SOCIOCULTURAL DO JEQUITINHONHA;06.036.527/0001-52;1271;SECULT;SECRETARIA DE ESTADO DE CULTURA E TURISMO;41;CONTRIBUICOES;1;CONTRIBUICOES;10;RECURSOS ORDINARIOS - RECURSOS NAO VINCULADOS DE IMPOSTOS;400000,0;400000,0;400000,0
9490958;724;2025-12-16 00:00:00;ASSOCIACAO DE DESENVOLVIMENTO COMUNITARIO DE SAO LOURENCO;42.169.835/0001-10;1481;SEDESE;SECRETARIA DE ESTADO DE DESENVOLVIMENTO SOCIAL;42;AUXILIOS;1;AUXILIOS;10;RECURSOS ORDINARIOS - RECURSOS NAO VINCULADOS DE IMPOSTOS;59975,04;59975,04;59975,04
9490960;5860;2025-12-17 00:00:00;PM SANTA RITA DE JACUTINGA;18.338.269/0001-48;1271;SECULT;SECRETARIA DE ESTADO DE CULTURA E TURISMO;41;CONTRIBUICOES;1;CONTRIBUICOES;15;RECURSOS ORDINARIOS - OUTROS RECURSOS NAO VINCULADOS;150480,0;150480,0;150480,0
9490962;725;2025-12-16 00:00:00;PM CARATINGA;18.334.268/0001-25;1481;SEDESE;SECRETARIA DE ESTADO DE DESENVOLVIMENTO SOCIAL;42;AUXILIOS;1;AUXILIOS;10;RECURSOS ORDINARIOS - RECURSOS NAO VINCULADOS DE IMPOSTOS;130000,0;130000,0;130000,0
9490965;2857;2025-12-17 00:00:00;PM PADRE PARAISO;18.404.764/0001-08;1261;SEE;SECRETARIA DE ESTADO DE EDUCACAO;42;AUXILIOS;1;AUXILIOS;21;COTA ESTADUAL DO SALARIO EDUCACAO - QESE;100000,0;100000,0;100000,0
9490966;5861;2025-12-17 00:00:00;VALEMAIS- INSTITUTO SOCIOCULTURAL DO JEQUITINHONHA;06.036.527/0001-52;1271;SECULT;SECRETARIA DE ESTADO DE CULTURA E TURISMO;41;CONTRIBUICOES;1;CONTRIBUICOES;10;RECURSOS ORDINARIOS - RECURSOS NAO VINCULADOS DE IMPOSTOS;180000,0;180000,0;180000,0
9490967;728;2025-12-16 00:00:00;ASSOCIACAO BENEFICENTE PARA TODOS OS POVOS E NACOES-ABTPN;40.412.706/0001-85;1481;SEDESE;SECRETARIA DE ESTADO DE DESENVOLVIMENTO SOCIAL;43;SUBVENCOES SOCIAIS;1;SUBVENCOES SOCIAIS;10;RECURSOS ORDINARIOS - RECURSOS NAO VINCULADOS DE IMPOSTOS;99997,5;99997,5;99997,5
9490970;726;2025-12-16 00:00:00;ASSOCIACAO DONA DE LEITE;10.897.990/0001-66;1481;SEDESE;SECRETARIA DE ESTADO DE DESENVOLVIMENTO SOCIAL;43;SUBVENCOES SOCIAIS;1;SUBVENCOES SOCIAIS;10;RECURSOS ORDINARIOS - RECURSOS NAO VINCULADOS DE IMPOSTOS;199932,0;199932,0;199932,0
9490971;2858;2025-12-17 00:00:00;PM CARANAIBA;18.094.789/0001-52;1261;SEE;SECRETARIA DE ESTADO DE EDUCACAO;42;AUXILIOS;1;AUXILIOS;21;COTA ESTADUAL DO SALARIO EDUCACAO - QESE;500000,0;500000,0;500000,0
9490972;2859;2025-12-17 00:00:00;PM TEOFILO OTONI;18.404.780/0001-09;1261;SEE;SECRETARIA DE ESTADO DE EDUCACAO;42;AUXILIOS;1;AUXILIOS;21;COTA ESTADUAL DO SALARIO EDUCACAO - QESE;3017557,08;3017557,08;3017557,08
9490973;3831;2025-12-16 00:00:00;PM OLHOS-D'AGUA;01.612.547/0001-00;1491;SEGOV;SECRETARIA DE ESTADO DE GOVERNO;42;AUXILIOS;1;AUXILIOS;15;RECURSOS ORDINARIOS - OUTROS RECURSOS NAO VINCULADOS;267923,94;267923,94;267923,94
9490975;2861;2025-12-17 00:00:00;PM ANTONIO DIAS;16.796.575/0001-00;1261;SEE;SECRETARIA DE ESTADO DE EDUCACAO;42;AUXILIOS;1;AUXILIOS;21;COTA ESTADUAL DO SALARIO EDUCACAO - QESE;1055000,0;1055000,0;1055000,0
9490976;3830;2025-12-16 00:00:00;PM MORRO DA GARCA;17.695.040/0001-06;1491;SEGOV;SECRETARIA DE ESTADO DE GOVERNO;42;AUXILIOS;1;AUXILIOS;15;RECURSOS ORDINARIOS - OUTROS RECURSOS NAO VINCULADOS;600000,0;600000,0;600000,0
9490977;729;2025-12-16 00:00:00;IGREJA PENTECOSTAL APENAS UM TOQUE DO ESPIRITO SANTO;25.039.216/0001-91;1481;SEDESE;SECRETARIA DE ESTADO DE DESENVOLVIMENTO SOCIAL;43;SUBVENCOES SOCIAIS;1;SUBVENCOES SOCIAIS;10;RECURSOS ORDINARIOS - RECURSOS NAO VINCULADOS DE IMPOSTOS;150000,0;150000,0;150000,0
9490978;2862;2025-12-17 00:00:00;PM AGUA COMPRIDA;18.428.953/0001-10;1261;SEE;SECRETARIA DE ESTADO DE EDUCACAO;42;AUXILIOS;1;AUXILIOS;21;COTA ESTADUAL DO SALARIO EDUCACAO - QESE;1480905,33;1480905,33;1480905,33
9490979;3834;2025-12-16 00:00:00;PM CACHOEIRA DE MINAS;18.675.959/0001-92;1491;SEGOV;SECRETARIA DE ESTADO DE GOVERNO;42;AUXILIOS;1;AUXILIOS;15;RECURSOS ORDINARIOS - OUTROS RECURSOS NAO VINCULADOS;124480,3;124480,3;124480,3
9490980;2863;2025-12-17 00:00:00;PM BOM JESUS DA PENHA;18.187.815/0001-97;1261;SEE;SECRETARIA DE ESTADO DE EDUCACAO;42;AUXILIOS;1;AUXILIOS;21;COTA ESTADUAL DO SALARIO EDUCACAO - QESE;650000,0;650000,0;650000,0
9490981;3833;2025-12-16 00:00:00;PM SAO JOAO NEPOMUCENO;18.558.072/0001-14;1491;SEGOV;SECRETARIA DE ESTADO DE GOVERNO;42;AUXILIOS;1;AUXILIOS;15;RECURSOS ORDINARIOS - OUTROS RECURSOS NAO VINCULADOS;500000,0;500000,0;500000,0
9490982;3829;2025-12-16 00:00:00;PM SANTO ANTONIO DO MONTE;16.870.974/0001-66;1491;SEGOV;SECRETARIA DE ESTADO DE GOVERNO;42;AUXILIOS;1;AUXILIOS;15;RECURSOS ORDINARIOS - OUTROS RECURSOS NAO VINCULADOS;124480,3;124480,3;124480,3
9490983;2864;2025-12-17 00:00:00;PM MONTE SIAO;22.646.525/0001-31;1261;SEE;SECRETARIA DE ESTADO DE EDUCACAO;42;AUXILIOS;1;AUXILIOS;21;COTA ESTADUAL DO SALARIO EDUCACAO - QESE;400000,0;400000,0;400000,0
9490984;727;2025-12-16 00:00:00;VILA NOVA FUTEBOL CLUBE;18.266.247/0001-10;1481;SEDESE;SECRETARIA DE ESTADO DE DESENVOLVIMENTO SOCIAL;43;SUBVENCOES SOCIAIS;1;SUBVENCOES SOCIAIS;10;RECURSOS ORDINARIOS - RECURSOS NAO VINCULADOS DE IMPOSTOS;199999,92;199999,92;199999,92
9490985;2865;2025-12-18 00:00:00;PM DELFINOPOLIS;17.894.064/0001-86;1261;SEE;SECRETARIA DE ESTADO DE EDUCACAO;42;AUXILIOS;1;AUXILIOS;21;COTA ESTADUAL DO SALARIO EDUCACAO - QESE;700000,0;700000,0;700000,0
9490986;3832;2025-12-16 00:00:00;PM ALPERCATA;18.332.627/0001-05;1491;SEGOV;SECRETARIA DE ESTADO DE GOVERNO;42;AUXILIOS;1;AUXILIOS;15;RECURSOS ORDINARIOS - OUTROS RECURSOS NAO VINCULADOS;558312,55;558312,55;558312,55
9490987;2866;2025-12-18 00:00:00;PM CASA GRANDE;18.667.477/0001-90;1261;SEE;SECRETARIA DE ESTADO DE EDUCACAO;42;AUXILIOS;1;AUXILIOS;21;COTA ESTADUAL DO SALARIO EDUCACAO - QESE;386637,03;386637,03;386637,03
9490989;2867;2025-12-18 00:00:00;PM SAO JOAO DO PACUI;01.612.474/0001-57;1261;SEE;SECRETARIA DE ESTADO DE EDUCACAO;42;AUXILIOS;1;AUXILIOS;21;COTA ESTADUAL DO SALARIO EDUCACAO - QESE;200000,0;200000,0;200000,0
9490991;2868;2025-12-18 00:00:00;PM ALTO RIO DOCE;18.094.748/0001-66;1261;SEE;SECRETARIA DE ESTADO DE EDUCACAO;42;AUXILIOS;1;AUXILIOS;21;COTA ESTADUAL DO SALARIO EDUCACAO - QESE;1029220,08;1029220,08;1029220,08
9490992;730;2025-12-16 00:00:00;ASSOCIACAO UNIR;43.230.794/0001-92;1481;SEDESE;SECRETARIA DE ESTADO DE DESENVOLVIMENTO SOCIAL;43;SUBVENCOES SOCIAIS;1;SUBVENCOES SOCIAIS;10;RECURSOS ORDINARIOS - RECURSOS NAO VINCULADOS DE IMPOSTOS;100000,0;100000,0;100000,0
9490993;2869;2025-12-18 00:00:00;PM RIO PRETO;18.338.251/0001-46;1261;SEE;SECRETARIA DE ESTADO DE EDUCACAO;42;AUXILIOS;1;AUXILIOS;21;COTA ESTADUAL DO SALARIO EDUCACAO - QESE;399772,32;399772,32;399772,32
9490994;2860;2025-12-17 00:00:00;PM BOCAINA DE MINAS;18.194.076/0001-60;1261;SEE;SECRETARIA DE ESTADO DE EDUCACAO;42;AUXILIOS;1;AUXILIOS;21;COTA ESTADUAL DO SALARIO EDUCACAO - QESE;495635,7;495635,7;495635,7
9490996;731;2025-12-16 00:00:00;PENHAROL FUTEBOL CLUBE;14.963.654/0001-25;1481;SEDESE;SECRETARIA DE ESTADO DE DESENVOLVIMENTO SOCIAL;43;SUBVENCOES SOCIAIS;1;SUBVENCOES SOCIAIS;10;RECURSOS ORDINARIOS - RECURSOS NAO VINCULADOS DE IMPOSTOS;250000,0;250000,0;250000,0
9491006;732;2025-12-16 00:00:00;PM CAMPANHA;18.712.174/0001-42;1481;SEDESE;SECRETARIA DE ESTADO DE DESENVOLVIMENTO SOCIAL;42;AUXILIOS;1;AUXILIOS;15;RECURSOS ORDINARIOS - OUTROS RECURSOS NAO VINCULADOS;320798,01;320798,01;320798,01
9491023;137;2025-12-16 00:00:00;COMVIDA - COMUNIDADE TERAPEUTICA FAZENDA VIDA NOVA;02.970.363/0001-85;1451;SEJUSP;SECRETARIA DE ESTADO DE JUSTICA E SEGURANCA PUBLICA;43;SUBVENCOES SOCIAIS;1;SUBVENCOES SOCIAIS;10;RECURSOS ORDINARIOS - RECURSOS NAO VINCULADOS DE IMPOSTOS;100000,0;100000,0;100000,0
9491026;136;2025-12-16 00:00:00;ASSOCIACAO DE ASSISTENCIA A TOXICOMANOS E ALCOOLATRAS;01.559.201/0001-96;1451;SEJUSP;SECRETARIA DE ESTADO DE JUSTICA E SEGURANCA PUBLICA;42;AUXILIOS;1;AUXILIOS;10;RECURSOS ORDINARIOS - RECURSOS NAO VINCULADOS DE IMPOSTOS;100000,0;100000,0;100000,0
9491182;483;2025-12-18 00:00:00;PM SAO JOAO DO MANHUACU;66.232.521/0001-82;1231;SEAPA;SECRETARIA DE ESTADO DE AGRICULTURA, PECUARIA E ABASTECIMENTO;41;CONTRIBUICOES;1;CONTRIBUICOES;15;RECURSOS ORDINARIOS - OUTROS RECURSOS NAO VINCULADOS;2000000,0;2000000,0;2000000,0
9491427;484;2025-12-18 00:00:00;PM FRANCISCOPOLIS;01.613.394/0001-16;1231;SEAPA;SECRETARIA DE ESTADO DE AGRICULTURA, PECUARIA E ABASTECIMENTO;41;CONTRIBUICOES;1;CONTRIBUICOES;15;RECURSOS ORDINARIOS - OUTROS RECURSOS NAO VINCULADOS;5000000,0;5000000,0;5000000,0
9491728;479;2025-12-17 00:00:00;PM FORMIGA;16.784.720/0001-25;1231;SEAPA;SECRETARIA DE ESTADO DE AGRICULTURA, PECUARIA E ABASTECIMENTO;41;CONTRIBUICOES;1;CONTRIBUICOES;15;RECURSOS ORDINARIOS - OUTROS RECURSOS NAO VINCULADOS;249993,33;249993,33;249993,33
9491793;488;2025-12-18 00:00:00;PM CARANDAI;18.094.797/0001-07;1231;SEAPA;SECRETARIA DE ESTADO DE AGRICULTURA, PECUARIA E ABASTECIMENTO;41;CONTRIBUICOES;1;CONTRIBUICOES;15;RECURSOS ORDINARIOS - OUTROS RECURSOS NAO VINCULADOS;854777,77;854777,77;854777,77
9491794;481;2025-12-17 00:00:00;PM ALEM PARAIBA;17.709.197/0001-35;1231;SEAPA;SECRETARIA DE ESTADO DE AGRICULTURA, PECUARIA E ABASTECIMENTO;41;CONTRIBUICOES;1;CONTRIBUICOES;15;RECURSOS ORDINARIOS - OUTROS RECURSOS NAO VINCULADOS;386100,0;386100,0;386100,0
9491795;480;2025-12-17 00:00:00;PM OLIVEIRA FORTES;17.747.957/0001-07;1231;SEAPA;SECRETARIA DE ESTADO DE AGRICULTURA, PECUARIA E ABASTECIMENTO;41;CONTRIBUICOES;1;CONTRIBUICOES;15;RECURSOS ORDINARIOS - OUTROS RECURSOS NAO VINCULADOS;732000,0;732000,0;732000,0
9491796;493;2025-12-18 00:00:00;PM CRUZEIRO DA FORTALEZA;18.468.041/0001-72;1231;SEAPA;SECRETARIA DE ESTADO DE AGRICULTURA, PECUARIA E ABASTECIMENTO;41;CONTRIBUICOES;1;CONTRIBUICOES;15;RECURSOS ORDINARIOS - OUTROS RECURSOS NAO VINCULADOS;854865,0;854865,0;854865,0
9491797;492;2025-12-18 00:00:00;PM SANTA RITA DE JACUTINGA;18.338.269/0001-48;1231;SEAPA;SECRETARIA DE ESTADO DE AGRICULTURA, PECUARIA E ABASTECIMENTO;41;CONTRIBUICOES;1;CONTRIBUICOES;15;RECURSOS ORDINARIOS - OUTROS RECURSOS NAO VINCULADOS;386100,0;386100,0;386100,0
9491798;490;2025-12-18 00:00:00;PM CABO VERDE;17.909.599/0001-83;1231;SEAPA;SECRETARIA DE ESTADO DE AGRICULTURA, PECUARIA E ABASTECIMENTO;41;CONTRIBUICOES;1;CONTRIBUICOES;15;RECURSOS ORDINARIOS - OUTROS RECURSOS NAO VINCULADOS;386100,0;386100,0;386100,0
9491799;489;2025-12-18 00:00:00;PM RIACHO DOS MACHADOS;16.925.208/0001-51;1231;SEAPA;SECRETARIA DE ESTADO DE AGRICULTURA, PECUARIA E ABASTECIMENTO;41;CONTRIBUICOES;1;CONTRIBUICOES;15;RECURSOS ORDINARIOS - OUTROS RECURSOS NAO VINCULADOS;863500,0;863500,0;863500,0
9491803;478;2025-12-17 00:00:00;PM ESPERA FELIZ;18.114.264/0001-31;1231;SEAPA;SECRETARIA DE ESTADO DE AGRICULTURA, PECUARIA E ABASTECIMENTO;41;CONTRIBUICOES;1;CONTRIBUICOES;15;RECURSOS ORDINARIOS - OUTROS RECURSOS NAO VINCULADOS;1000000,0;1000000,0;1000000,0
9491804;487;2025-12-18 00:00:00;PM RIO NOVO;18.338.244/0001-44;1231;SEAPA;SECRETARIA DE ESTADO DE AGRICULTURA, PECUARIA E ABASTECIMENTO;41;CONTRIBUICOES;1;CONTRIBUICOES;15;RECURSOS ORDINARIOS - OUTROS RECURSOS NAO VINCULADOS;854865,0;854865,0;854865,0
9491805;485;2025-12-18 00:00:00;PM ELOI MENDES;20.347.225/0001-26;1231;SEAPA;SECRETARIA DE ESTADO DE AGRICULTURA, PECUARIA E ABASTECIMENTO;41;CONTRIBUICOES;1;CONTRIBUICOES;15;RECURSOS ORDINARIOS - OUTROS RECURSOS NAO VINCULADOS;647919,05;647919,05;647919,05
9491806;491;2025-12-18 00:00:00;PM ALPERCATA;18.332.627/0001-05;1231;SEAPA;SECRETARIA DE ESTADO DE AGRICULTURA, PECUARIA E ABASTECIMENTO;41;CONTRIBUICOES;1;CONTRIBUICOES;15;RECURSOS ORDINARIOS - OUTROS RECURSOS NAO VINCULADOS;386000,0;386000,0;386000,0
9491807;486;2025-12-18 00:00:00;PM SENADOR JOSE BENTO;18.675.926/0001-42;1231;SEAPA;SECRETARIA DE ESTADO DE AGRICULTURA, PECUARIA E ABASTECIMENTO;41;CONTRIBUICOES;1;CONTRIBUICOES;15;RECURSOS ORDINARIOS - OUTROS RECURSOS NAO VINCULADOS;2228763,34;2228763,34;2228763,34
9491809;3835;2025-12-18 00:00:00;PM MEDEIROS;20.920.617/0001-32;1491;SEGOV;SECRETARIA DE ESTADO DE GOVERNO;42;AUXILIOS;1;AUXILIOS;15;RECURSOS ORDINARIOS - OUTROS RECURSOS NAO VINCULADOS;124480,32;124480,32;124480,32
9491812;110;2025-12-17 00:00:00;FRATERNIDADE BRASILEIRA DE ASSISTENCIA AOS CONDENADOS;01.528.418/0001-39;1451;SEJUSP;SECRETARIA DE ESTADO DE JUSTICA E SEGURANCA PUBLICA;42;AUXILIOS;1;AUXILIOS;10;RECURSOS ORDINARIOS - RECURSOS NAO VINCULADOS DE IMPOSTOS;170000,0;170000,0;170000,0
9491816;2870;2025-12-19 00:00:00;PM TAPIRA;18.140.806/0001-40;1261;SEE;SECRETARIA DE ESTADO DE EDUCACAO;42;AUXILIOS;1;AUXILIOS;10;RECURSOS ORDINARIOS - RECURSOS NAO VINCULADOS DE IMPOSTOS;299400,0;299400,0;299400,0
9491817;2871;2025-12-19 00:00:00;PM ITAPAGIPE;21.226.840/0001-47;1261;SEE;SECRETARIA DE ESTADO DE EDUCACAO;42;AUXILIOS;1;AUXILIOS;10;RECURSOS ORDINARIOS - RECURSOS NAO VINCULADOS DE IMPOSTOS;778841,09;778841,09;778841,09
9491818;2872;2025-12-19 00:00:00;PM NOVA PORTEIRINHA;01.612.499/0001-50;1261;SEE;SECRETARIA DE ESTADO DE EDUCACAO;42;AUXILIOS;1;AUXILIOS;10;RECURSOS ORDINARIOS - RECURSOS NAO VINCULADOS DE IMPOSTOS;801000,0;801000,0;801000,0
9491819;2873;2025-12-19 00:00:00;PM PIEDADE DO RIO GRANDE;18.685.438/0001-16;1261;SEE;SECRETARIA DE ESTADO DE EDUCACAO;42;AUXILIOS;1;AUXILIOS;10;RECURSOS ORDINARIOS - RECURSOS NAO VINCULADOS DE IMPOSTOS;888360,56;888360,56;888360,56
9491820;2874;2025-12-19 00:00:00;PM CAMPO AZUL;01.612.551/0001-79;1261;SEE;SECRETARIA DE ESTADO DE EDUCACAO;42;AUXILIOS;1;AUXILIOS;10;RECURSOS ORDINARIOS - RECURSOS NAO VINCULADOS DE IMPOSTOS;220000,0;220000,0;220000,0
9491821;2875;2025-12-19 00:00:00;PM CHAPADA DO NORTE;16.886.608/0001-03;1261;SEE;SECRETARIA DE ESTADO DE EDUCACAO;42;AUXILIOS;1;AUXILIOS;10;RECURSOS ORDINARIOS - RECURSOS NAO VINCULADOS DE IMPOSTOS;100000,0;100000,0;100000,0
9491825;2876;2025-12-19 00:00:00;PM CHAPADA DO NORTE;16.886.608/0001-03;1261;SEE;SECRETARIA DE ESTADO DE EDUCACAO;42;AUXILIOS;1;AUXILIOS;10;RECURSOS ORDINARIOS - RECURSOS NAO VINCULADOS DE IMPOSTOS;324048,01;324048,01;324048,01
9491826;2877;2025-12-19 00:00:00;PM PARA DE MINAS;18.313.817/0001-85;1261;SEE;SECRETARIA DE ESTADO DE EDUCACAO;42;AUXILIOS;1;AUXILIOS;10;RECURSOS ORDINARIOS - RECURSOS NAO VINCULADOS DE IMPOSTOS;3017557,08;3017557,08;3017557,08
9491827;2878;2025-12-19 00:00:00;PM ESPERA FELIZ;18.114.264/0001-31;1261;SEE;SECRETARIA DE ESTADO DE EDUCACAO;42;AUXILIOS;1;AUXILIOS;10;RECURSOS ORDINARIOS - RECURSOS NAO VINCULADOS DE IMPOSTOS;564312,55;564312,55;564312,55
9491829;2880;2025-12-19 00:00:00;PM GOUVEA;17.754.144/0001-36;1261;SEE;SECRETARIA DE ESTADO DE EDUCACAO;42;AUXILIOS;1;AUXILIOS;10;RECURSOS ORDINARIOS - RECURSOS NAO VINCULADOS DE IMPOSTOS;250000,0;250000,0;250000,0
9491830;2881;2025-12-19 00:00:00;PM DOM CAVATI;18.080.283/0001-94;1261;SEE;SECRETARIA DE ESTADO DE EDUCACAO;42;AUXILIOS;1;AUXILIOS;10;RECURSOS ORDINARIOS - RECURSOS NAO VINCULADOS DE IMPOSTOS;864000,0;864000,0;864000,0
9491831;2879;2025-12-19 00:00:00;PM ALEM PARAIBA;17.709.197/0001-35;1261;SEE;SECRETARIA DE ESTADO DE EDUCACAO;42;AUXILIOS;1;AUXILIOS;10;RECURSOS ORDINARIOS - RECURSOS NAO VINCULADOS DE IMPOSTOS;370000,0;370000,0;370000,0
9491832;2882;2025-12-19 00:00:00;PM PIRAJUBA;18.428.847/0001-37;1261;SEE;SECRETARIA DE ESTADO DE EDUCACAO;42;AUXILIOS;1;AUXILIOS;10;RECURSOS ORDINARIOS - RECURSOS NAO VINCULADOS DE IMPOSTOS;564312,55;564312,55;564312,55
9491833;2883;2025-12-19 00:00:00;PM RODEIRO;18.128.256/0001-44;1261;SEE;SECRETARIA DE ESTADO DE EDUCACAO;42;AUXILIOS;1;AUXILIOS;10;RECURSOS ORDINARIOS - RECURSOS NAO VINCULADOS DE IMPOSTOS;1128625,1;1128625,1;1128625,1
9491834;2884;2025-12-19 00:00:00;PM DURANDE;66.232.547/0001-20;1261;SEE;SECRETARIA DE ESTADO DE EDUCACAO;42;AUXILIOS;1;AUXILIOS;10;RECURSOS ORDINARIOS - RECURSOS NAO VINCULADOS DE IMPOSTOS;150000,0;150000,0;150000,0
9491836;517;2025-12-22 00:00:00;PM TRES MARIAS;17.695.008/0001-12;1301;SEINFRA;SECRETARIA DE ESTADO DE INFRAESTRUTURA, MOBILIDADE E PARCERIAS;42;AUXILIOS;1;AUXILIOS;15;RECURSOS ORDINARIOS - OUTROS RECURSOS NAO VINCULADOS;500000,0;500000,0;500000,0
9491837;2885;2025-12-19 00:00:00;PM MINDURI;17.954.041/0001-10;1261;SEE;SECRETARIA DE ESTADO DE EDUCACAO;42;AUXILIOS;1;AUXILIOS;10;RECURSOS ORDINARIOS - RECURSOS NAO VINCULADOS DE IMPOSTOS;150000,0;150000,0;150000,0
9491838;2886;2025-12-19 00:00:00;PM ARAUJOS;18.300.996/0001-16;1261;SEE;SECRETARIA DE ESTADO DE EDUCACAO;42;AUXILIOS;1;AUXILIOS;10;RECURSOS ORDINARIOS - RECURSOS NAO VINCULADOS DE IMPOSTOS;510959,93;510959,93;510959,93
9491839;2887;2025-12-19 00:00:00;PM HELIODORA;18.712.133/0001-56;1261;SEE;SECRETARIA DE ESTADO DE EDUCACAO;42;AUXILIOS;1;AUXILIOS;10;RECURSOS ORDINARIOS - RECURSOS NAO VINCULADOS DE IMPOSTOS;324048,01;324048,01;324048,01
9491842;2888;2025-12-19 00:00:00;PM OLIVEIRA;16.854.531/0001-81;1261;SEE;SECRETARIA DE ESTADO DE EDUCACAO;42;AUXILIOS;1;AUXILIOS;10;RECURSOS ORDINARIOS - RECURSOS NAO VINCULADOS DE IMPOSTOS;150000,0;150000,0;150000,0
9491843;2889;2025-12-19 00:00:00;PM CARANGOLA;19.279.827/0001-04;1261;SEE;SECRETARIA DE ESTADO DE EDUCACAO;42;AUXILIOS;1;AUXILIOS;10;RECURSOS ORDINARIOS - RECURSOS NAO VINCULADOS DE IMPOSTOS;324048,01;324048,01;324048,01
9491844;2890;2025-12-19 00:00:00;PM AGUAS FORMOSAS;18.404.749/0001-60;1261;SEE;SECRETARIA DE ESTADO DE EDUCACAO;42;AUXILIOS;1;AUXILIOS;10;RECURSOS ORDINARIOS - RECURSOS NAO VINCULADOS DE IMPOSTOS;1000000,0;1000000,0;1000000,0
9491845;2891;2025-12-19 00:00:00;PM VIRGINOPOLIS;18.307.512/0001-60;1261;SEE;SECRETARIA DE ESTADO DE EDUCACAO;42;AUXILIOS;1;AUXILIOS;10;RECURSOS ORDINARIOS - RECURSOS NAO VINCULADOS DE IMPOSTOS;648096,02;648096,02;648096,02
9491846;2892;2025-12-19 00:00:00;PM PRATA;18.260.505/0001-50;1261;SEE;SECRETARIA DE ESTADO DE EDUCACAO;42;AUXILIOS;1;AUXILIOS;10;RECURSOS ORDINARIOS - RECURSOS NAO VINCULADOS DE IMPOSTOS;400000,0;400000,0;400000,0
9491847;2893;2025-12-19 00:00:00;PM BONFIM;18.363.945/0001-33;1261;SEE;SECRETARIA DE ESTADO DE EDUCACAO;42;AUXILIOS;1;AUXILIOS;10;RECURSOS ORDINARIOS - RECURSOS NAO VINCULADOS DE IMPOSTOS;614745,54;614745,54;614745,54
9491849;2894;2025-12-19 00:00:00;PM CARMO DA MATA;18.312.967/0001-74;1261;SEE;SECRETARIA DE ESTADO DE EDUCACAO;42;AUXILIOS;1;AUXILIOS;10;RECURSOS ORDINARIOS - RECURSOS NAO VINCULADOS DE IMPOSTOS;324048,01;324048,01;324048,01
9491850;2895;2025-12-19 00:00:00;PM VESPASIANO;18.715.425/0001-42;1261;SEE;SECRETARIA DE ESTADO DE EDUCACAO;42;AUXILIOS;1;AUXILIOS;10;RECURSOS ORDINARIOS - RECURSOS NAO VINCULADOS DE IMPOSTOS;1054644,47;1054644,47;1054644,47
9491851;2896;2025-12-19 00:00:00;PM DESCOBERTO;18.558.098/0001-62;1261;SEE;SECRETARIA DE ESTADO DE EDUCACAO;42;AUXILIOS;1;AUXILIOS;10;RECURSOS ORDINARIOS - RECURSOS NAO VINCULADOS DE IMPOSTOS;150000,0;150000,0;150000,0
9491854;516;2025-12-22 00:00:00;PM MARILAC;18.409.193/0001-02;1301;SEINFRA;SECRETARIA DE ESTADO DE INFRAESTRUTURA, MOBILIDADE E PARCERIAS;42;AUXILIOS;1;AUXILIOS;15;RECURSOS ORDINARIOS - OUTROS RECURSOS NAO VINCULADOS;2000000,0;2000000,0;2000000,0
9491855;2897;2025-12-19 00:00:00;PM UBA;18.128.207/0001-01;1261;SEE;SECRETARIA DE ESTADO DE EDUCACAO;42;AUXILIOS;1;AUXILIOS;10;RECURSOS ORDINARIOS - RECURSOS NAO VINCULADOS DE IMPOSTOS;117851,34;117851,34;117851,34
9491865;733;2025-12-17 00:00:00;ASSOCIACAO E PROJETO AGUIA;30.222.023/0001-01;1481;SEDESE;SECRETARIA DE ESTADO DE DESENVOLVIMENTO SOCIAL;43;SUBVENCOES SOCIAIS;1;SUBVENCOES SOCIAIS;10;RECURSOS ORDINARIOS - RECURSOS NAO VINCULADOS DE IMPOSTOS;79900,0;79900,0;79900,0
9491866;661;2025-12-17 00:00:00;PM MINAS NOVAS;22.516.405/0001-10;1481;SEDESE;SECRETARIA DE ESTADO DE DESENVOLVIMENTO SOCIAL;41;CONTRIBUICOES;1;CONTRIBUICOES;71;RECURSOS DO FUNDO ESTADUAL DE ERRADICACAO DA MISERIA;19194,75;19194,75;19194,75
9491876;662;2025-12-17 00:00:00;PM FRANCISCO BADARO;18.051.524/0001-77;1481;SEDESE;SECRETARIA DE ESTADO DE DESENVOLVIMENTO SOCIAL;41;CONTRIBUICOES;1;CONTRIBUICOES;71;RECURSOS DO FUNDO ESTADUAL DE ERRADICACAO DA MISERIA;19194,75;19194,75;19194,75
9491879;611;2025-12-17 00:00:00;PM SANTA MARGARIDA;18.385.112/0001-73;1481;SEDESE;SECRETARIA DE ESTADO DE DESENVOLVIMENTO SOCIAL;41;CONTRIBUICOES;1;CONTRIBUICOES;38;TRANSFERENCIAS DA UNIAO VINCULADAS AO ESPORTE;99218,9;99218,9;99218,9
9491885;495;2025-12-18 00:00:00;PM SERITINGA;18.008.854/0001-80;1231;SEAPA;SECRETARIA DE ESTADO DE AGRICULTURA, PECUARIA E ABASTECIMENTO;41;CONTRIBUICOES;1;CONTRIBUICOES;15;RECURSOS ORDINARIOS - OUTROS RECURSOS NAO VINCULADOS;164500,0;164500,0;164500,0
9491887;503;2025-12-19 00:00:00;PM BUGRE;01.613.126/0001-02;1231;SEAPA;SECRETARIA DE ESTADO DE AGRICULTURA, PECUARIA E ABASTECIMENTO;41;CONTRIBUICOES;1;CONTRIBUICOES;15;RECURSOS ORDINARIOS - OUTROS RECURSOS NAO VINCULADOS;2000000,0;2000000,0;0,0
9491888;482;2025-12-17 00:00:00;PM CHALE;18.392.548/0001-90;1231;SEAPA;SECRETARIA DE ESTADO DE AGRICULTURA, PECUARIA E ABASTECIMENTO;41;CONTRIBUICOES;1;CONTRIBUICOES;15;RECURSOS ORDINARIOS - OUTROS RECURSOS NAO VINCULADOS;1500000,0;1500000,0;1500000,0
9491891;496;2025-12-18 00:00:00;PM BOCAIUVA;18.803.072/0001-32;1231;SEAPA;SECRETARIA DE ESTADO DE AGRICULTURA, PECUARIA E ABASTECIMENTO;41;CONTRIBUICOES;1;CONTRIBUICOES;15;RECURSOS ORDINARIOS - OUTROS RECURSOS NAO VINCULADOS;53988,0;53988,0;53988,0
9491892;494;2025-12-18 00:00:00;PM DORES DO INDAIA;18.301.010/0001-22;1231;SEAPA;SECRETARIA DE ESTADO DE AGRICULTURA, PECUARIA E ABASTECIMENTO;41;CONTRIBUICOES;1;CONTRIBUICOES;15;RECURSOS ORDINARIOS - OUTROS RECURSOS NAO VINCULADOS;73468,37;73468,37;73468,37
9491893;504;2025-12-19 00:00:00;PM POCO FUNDO;18.242.792/0001-76;1231;SEAPA;SECRETARIA DE ESTADO DE AGRICULTURA, PECUARIA E ABASTECIMENTO;41;CONTRIBUICOES;1;CONTRIBUICOES;15;RECURSOS ORDINARIOS - OUTROS RECURSOS NAO VINCULADOS;854865,0;854865,0;0,0
9491894;498;2025-12-18 00:00:00;PM CORONEL PACHECO;18.338.152/0001-64;1231;SEAPA;SECRETARIA DE ESTADO DE AGRICULTURA, PECUARIA E ABASTECIMENTO;41;CONTRIBUICOES;1;CONTRIBUICOES;15;RECURSOS ORDINARIOS - OUTROS RECURSOS NAO VINCULADOS;386100,0;386100,0;386100,0
9491895;736;2025-12-17 00:00:00;ESPORTE CLUBE NOVA LAVRAS;07.845.727/0001-19;1481;SEDESE;SECRETARIA DE ESTADO DE DESENVOLVIMENTO SOCIAL;43;SUBVENCOES SOCIAIS;1;SUBVENCOES SOCIAIS;10;RECURSOS ORDINARIOS - RECURSOS NAO VINCULADOS DE IMPOSTOS;100000,0;100000,0;100000,0
9491896;506;2025-12-19 00:00:00;PM DIVISOPOLIS;66.234.311/0001-23;1231;SEAPA;SECRETARIA DE ESTADO DE AGRICULTURA, PECUARIA E ABASTECIMENTO;41;CONTRIBUICOES;1;CONTRIBUICOES;15;RECURSOS ORDINARIOS - OUTROS RECURSOS NAO VINCULADOS;390000,0;390000,0;0,0
9491897;497;2025-12-18 00:00:00;PM RIO PARDO DE MINAS;24.212.862/0001-46;1231;SEAPA;SECRETARIA DE ESTADO DE AGRICULTURA, PECUARIA E ABASTECIMENTO;41;CONTRIBUICOES;1;CONTRIBUICOES;15;RECURSOS ORDINARIOS - OUTROS RECURSOS NAO VINCULADOS;53988,0;53988,0;53988,0
9491898;499;2025-12-18 00:00:00;PM OLIVEIRA;16.854.531/0001-81;1231;SEAPA;SECRETARIA DE ESTADO DE AGRICULTURA, PECUARIA E ABASTECIMENTO;41;CONTRIBUICOES;1;CONTRIBUICOES;15;RECURSOS ORDINARIOS - OUTROS RECURSOS NAO VINCULADOS;580000,0;580000,0;580000,0
9491899;505;2025-12-19 00:00:00;PM JABOTICATUBAS;18.715.417/0001-04;1231;SEAPA;SECRETARIA DE ESTADO DE AGRICULTURA, PECUARIA E ABASTECIMENTO;41;CONTRIBUICOES;1;CONTRIBUICOES;15;RECURSOS ORDINARIOS - OUTROS RECURSOS NAO VINCULADOS;390000,0;390000,0;0,0
9491901;734;2025-12-17 00:00:00;PM ITAPEVA;18.677.625/0001-58;1481;SEDESE;SECRETARIA DE ESTADO DE DESENVOLVIMENTO SOCIAL;42;AUXILIOS;1;AUXILIOS;15;RECURSOS ORDINARIOS - OUTROS RECURSOS NAO VINCULADOS;295448,84;295448,84;295448,84
9491902;507;2025-12-19 00:00:00;PM CURRAL DE DENTRO;01.613.076/0001-55;1231;SEAPA;SECRETARIA DE ESTADO DE AGRICULTURA, PECUARIA E ABASTECIMENTO;41;CONTRIBUICOES;1;CONTRIBUICOES;15;RECURSOS ORDINARIOS - OUTROS RECURSOS NAO VINCULADOS;386100,0;386100,0;386100,0
9491904;735;2025-12-17 00:00:00;ASSOCIACAO CACHOEIRINHA;01.683.526/0001-86;1481;SEDESE;SECRETARIA DE ESTADO DE DESENVOLVIMENTO SOCIAL;42;AUXILIOS;1;AUXILIOS;10;RECURSOS ORDINARIOS - RECURSOS NAO VINCULADOS DE IMPOSTOS;100000,0;100000,0;100000,0
9491905;140;2025-12-17 00:00:00;CENTRO DE RECUPERACAO RESGATANDO VIDAS;03.551.218/0001-22;1451;SEJUSP;SECRETARIA DE ESTADO DE JUSTICA E SEGURANCA PUBLICA;43;SUBVENCOES SOCIAIS;1;SUBVENCOES SOCIAIS;10;RECURSOS ORDINARIOS - RECURSOS NAO VINCULADOS DE IMPOSTOS;100000,0;100000,0;100000,0
9491913;138;2025-12-17 00:00:00;ASSOCIACAO CAMINHO DA SOBRIEDADE;08.626.823/0001-39;1451;SEJUSP;SECRETARIA DE ESTADO DE JUSTICA E SEGURANCA PUBLICA;43;SUBVENCOES SOCIAIS;1;SUBVENCOES SOCIAIS;10;RECURSOS ORDINARIOS - RECURSOS NAO VINCULADOS DE IMPOSTOS;27495,84;27495,84;27495,84
9491913;139;2025-12-17 00:00:00;ASSOCIACAO CAMINHO DA SOBRIEDADE;08.626.823/0001-39;1451;SEJUSP;SECRETARIA DE ESTADO DE JUSTICA E SEGURANCA PUBLICA;42;AUXILIOS;1;AUXILIOS;10;RECURSOS ORDINARIOS - RECURSOS NAO VINCULADOS DE IMPOSTOS;72504,16;72504,16;72504,16
9491916;729;2025-12-18 00:00:00;SOCIEDADE PALMENSE DE PROTECAO AOS ANIMAIS TIA JO;36.230.101/0001-04;1371;SEMAD;SECRETARIA DE ESTADO DE MEIO AMBIENTE E DESENVOLVIMENTO SUSTENTAVEL;41;CONTRIBUICOES;1;CONTRIBUICOES;10;RECURSOS ORDINARIOS - RECURSOS NAO VINCULADOS DE IMPOSTOS;90210,08;90210,08;90210,08
9491961;5863;2025-12-19 00:00:00;SALCIO JULIANO DE MORAIS DEL DUCA;73.627.960/0001-50;1271;SECULT;SECRETARIA DE ESTADO DE CULTURA E TURISMO;41;CONTRIBUICOES;1;CONTRIBUICOES;10;RECURSOS ORDINARIOS - RECURSOS NAO VINCULADOS DE IMPOSTOS;300000,0;300000,0;300000,0
9491965;3842;2025-12-18 00:00:00;PM VIRGINOPOLIS;18.307.512/0001-60;1491;SEGOV;SECRETARIA DE ESTADO DE GOVERNO;42;AUXILIOS;1;AUXILIOS;15;RECURSOS ORDINARIOS - OUTROS RECURSOS NAO VINCULADOS;146936,74;146936,74;146936,74
9491967;3836;2025-12-18 00:00:00;PM MIRABELA;18.017.376/0001-74;1491;SEGOV;SECRETARIA DE ESTADO DE GOVERNO;42;AUXILIOS;1;AUXILIOS;15;RECURSOS ORDINARIOS - OUTROS RECURSOS NAO VINCULADOS;400000,0;400000,0;400000,0
9491969;3840;2025-12-18 00:00:00;PM PERDOES;18.244.343/0001-67;1491;SEGOV;SECRETARIA DE ESTADO DE GOVERNO;42;AUXILIOS;1;AUXILIOS;15;RECURSOS ORDINARIOS - OUTROS RECURSOS NAO VINCULADOS;124480,32;124480,32;124480,32
9491970;3838;2025-12-18 00:00:00;PM ITAPEVA;18.677.625/0001-58;1491;SEGOV;SECRETARIA DE ESTADO DE GOVERNO;42;AUXILIOS;1;AUXILIOS;15;RECURSOS ORDINARIOS - OUTROS RECURSOS NAO VINCULADOS;119450,81;119450,81;119450,81
9491971;3839;2025-12-18 00:00:00;PM GONCALVES;18.025.932/0001-54;1491;SEGOV;SECRETARIA DE ESTADO DE GOVERNO;42;AUXILIOS;1;AUXILIOS;15;RECURSOS ORDINARIOS - OUTROS RECURSOS NAO VINCULADOS;124480,32;124480,32;124480,32
9491972;3837;2025-12-18 00:00:00;PM RESPLENDOR;18.413.161/0001-72;1491;SEGOV;SECRETARIA DE ESTADO DE GOVERNO;42;AUXILIOS;1;AUXILIOS;15;RECURSOS ORDINARIOS - OUTROS RECURSOS NAO VINCULADOS;600000,0;600000,0;600000,0
9491973;3841;2025-12-18 00:00:00;PM SEM PEIXE;01.625.189/0001-70;1491;SEGOV;SECRETARIA DE ESTADO DE GOVERNO;42;AUXILIOS;1;AUXILIOS;15;RECURSOS ORDINARIOS - OUTROS RECURSOS NAO VINCULADOS;550000,0;550000,0;550000,0
9491974;187;2025-12-18 00:00:00;ASSOCIACAO DE PAIS E AMIGOS DOS EXCEPCIONAIS;26.136.523/0001-53;1491;SEGOV;SECRETARIA DE ESTADO DE GOVERNO;42;AUXILIOS;1;AUXILIOS;10;RECURSOS ORDINARIOS - RECURSOS NAO VINCULADOS DE IMPOSTOS;106718,45;106718,45;106718,45
9491975;3843;2025-12-18 00:00:00;PM DIVINESIA;18.128.280/0001-83;1491;SEGOV;SECRETARIA DE ESTADO DE GOVERNO;42;AUXILIOS;1;AUXILIOS;15;RECURSOS ORDINARIOS - OUTROS RECURSOS NAO VINCULADOS;600000,0;600000,0;600000,0
9491976;518;2025-12-22 00:00:00;PM ITAMARANDIBA;16.886.871/0001-94;1301;SEINFRA;SECRETARIA DE ESTADO DE INFRAESTRUTURA, MOBILIDADE E PARCERIAS;42;AUXILIOS;1;AUXILIOS;15;RECURSOS ORDINARIOS - OUTROS RECURSOS NAO VINCULADOS;400000,0;400000,0;400000,0
9491977;189;2025-12-22 00:00:00;ASSOCIACAO DE AMIGOS E DESPORTISTAS DE ROSEIRAL;06.141.990/0001-64;1491;SEGOV;SECRETARIA DE ESTADO DE GOVERNO;42;AUXILIOS;1;AUXILIOS;10;RECURSOS ORDINARIOS - RECURSOS NAO VINCULADOS DE IMPOSTOS;118993,33;118993,33;118993,33
9491978;3849;2025-12-18 00:00:00;PM SAO FRANCISCO DE PAULA;18.312.975/0001-10;1491;SEGOV;SECRETARIA DE ESTADO DE GOVERNO;42;AUXILIOS;1;AUXILIOS;15;RECURSOS ORDINARIOS - OUTROS RECURSOS NAO VINCULADOS;338987,52;338987,52;338987,52
9491980;3846;2025-12-18 00:00:00;PM ALVORADA DE MINAS;18.303.164/0001-53;1491;SEGOV;SECRETARIA DE ESTADO DE GOVERNO;42;AUXILIOS;1;AUXILIOS;15;RECURSOS ORDINARIOS - OUTROS RECURSOS NAO VINCULADOS;119450,8;119450,8;119450,8
9491981;3845;2025-12-18 00:00:00;PM OLARIA;18.338.202/0001-03;1491;SEGOV;SECRETARIA DE ESTADO DE GOVERNO;42;AUXILIOS;1;AUXILIOS;15;RECURSOS ORDINARIOS - OUTROS RECURSOS NAO VINCULADOS;550000,0;550000,0;550000,0
9491982;3853;2025-12-18 00:00:00;PM SENADOR JOSE BENTO;18.675.926/0001-42;1491;SEGOV;SECRETARIA DE ESTADO DE GOVERNO;42;AUXILIOS;1;AUXILIOS;15;RECURSOS ORDINARIOS - OUTROS RECURSOS NAO VINCULADOS;73468,37;73468,37;73468,37
9491984;3848;2025-12-18 00:00:00;PM CANAPOLIS;18.457.200/0001-33;1491;SEGOV;SECRETARIA DE ESTADO DE GOVERNO;42;AUXILIOS;1;AUXILIOS;15;RECURSOS ORDINARIOS - OUTROS RECURSOS NAO VINCULADOS;307845,01;307845,01;307845,01
9491986;3852;2025-12-18 00:00:00;PM DORES DO TURVO;18.128.249/0001-42;1491;SEGOV;SECRETARIA DE ESTADO DE GOVERNO;42;AUXILIOS;1;AUXILIOS;15;RECURSOS ORDINARIOS - OUTROS RECURSOS NAO VINCULADOS;550000,0;550000,0;550000,0
9491987;519;2025-12-22 00:00:00;PM SAO ROMAO;24.891.418/0001-02;1301;SEINFRA;SECRETARIA DE ESTADO DE INFRAESTRUTURA, MOBILIDADE E PARCERIAS;42;AUXILIOS;1;AUXILIOS;15;RECURSOS ORDINARIOS - OUTROS RECURSOS NAO VINCULADOS;400000,0;400000,0;400000,0
9491988;2898;2025-12-19 00:00:00;PM SAO SEBASTIAO DO OESTE;18.308.734/0001-06;1261;SEE;SECRETARIA DE ESTADO DE EDUCACAO;42;AUXILIOS;1;AUXILIOS;10;RECURSOS ORDINARIOS - RECURSOS NAO VINCULADOS DE IMPOSTOS;1250000,0;1250000,0;1250000,0
9491989;3850;2025-12-18 00:00:00;PM PINGO D'AGUA;01.613.204/0001-60;1491;SEGOV;SECRETARIA DE ESTADO DE GOVERNO;42;AUXILIOS;1;AUXILIOS;15;RECURSOS ORDINARIOS - OUTROS RECURSOS NAO VINCULADOS;496333,3;496333,3;496333,3
9491990;3847;2025-12-18 00:00:00;PM PIMENTA;16.725.962/0001-48;1491;SEGOV;SECRETARIA DE ESTADO DE GOVERNO;42;AUXILIOS;1;AUXILIOS;15;RECURSOS ORDINARIOS - OUTROS RECURSOS NAO VINCULADOS;125737,7;125737,7;125737,7
9491991;2899;2025-12-19 00:00:00;PM CONCEICAO DE IPANEMA;18.334.300/0001-72;1261;SEE;SECRETARIA DE ESTADO DE EDUCACAO;42;AUXILIOS;1;AUXILIOS;10;RECURSOS ORDINARIOS - RECURSOS NAO VINCULADOS DE IMPOSTOS;250000,0;250000,0;250000,0
9491992;3844;2025-12-18 00:00:00;PM LAMIM;24.179.426/0001-12;1491;SEGOV;SECRETARIA DE ESTADO DE GOVERNO;42;AUXILIOS;1;AUXILIOS;15;RECURSOS ORDINARIOS - OUTROS RECURSOS NAO VINCULADOS;2000000,0;2000000,0;2000000,0
9491993;3851;2025-12-18 00:00:00;PM ESTIVA;18.675.918/0001-04;1491;SEGOV;SECRETARIA DE ESTADO DE GOVERNO;42;AUXILIOS;1;AUXILIOS;15;RECURSOS ORDINARIOS - OUTROS RECURSOS NAO VINCULADOS;124480,33;124480,33;124480,33
9491994;2900;2025-12-19 00:00:00;PM NATERCIA;17.935.412/0001-16;1261;SEE;SECRETARIA DE ESTADO DE EDUCACAO;42;AUXILIOS;1;AUXILIOS;10;RECURSOS ORDINARIOS - RECURSOS NAO VINCULADOS DE IMPOSTOS;1300000,0;1300000,0;1300000,0
9491996;2901;2025-12-19 00:00:00;PM OLIVEIRA;16.854.531/0001-81;1261;SEE;SECRETARIA DE ESTADO DE EDUCACAO;42;AUXILIOS;1;AUXILIOS;10;RECURSOS ORDINARIOS - RECURSOS NAO VINCULADOS DE IMPOSTOS;1000000,0;1000000,0;1000000,0
9491997;2902;2025-12-19 00:00:00;PM ERVALIA;18.133.306/0001-81;1261;SEE;SECRETARIA DE ESTADO DE EDUCACAO;42;AUXILIOS;1;AUXILIOS;10;RECURSOS ORDINARIOS - RECURSOS NAO VINCULADOS DE IMPOSTOS;550000,0;550000,0;550000,0
9491998;2903;2025-12-19 00:00:00;PM JENIPAPO DE MINAS;01.613.376/0001-34;1261;SEE;SECRETARIA DE ESTADO DE EDUCACAO;42;AUXILIOS;1;AUXILIOS;10;RECURSOS ORDINARIOS - RECURSOS NAO VINCULADOS DE IMPOSTOS;200000,0;200000,0;200000,0
9492002;2918;2025-12-19 00:00:00;PM TAPIRAI;20.920.625/0001-89;1261;SEE;SECRETARIA DE ESTADO DE EDUCACAO;42;AUXILIOS;1;AUXILIOS;10;RECURSOS ORDINARIOS - RECURSOS NAO VINCULADOS DE IMPOSTOS;510959,93;510959,93;510959,93
9492003;2919;2025-12-19 00:00:00;PM DESTERRO DE ENTRE RIOS;20.356.762/0001-32;1261;SEE;SECRETARIA DE ESTADO DE EDUCACAO;42;AUXILIOS;1;AUXILIOS;10;RECURSOS ORDINARIOS - RECURSOS NAO VINCULADOS DE IMPOSTOS;324048,01;324048,01;324048,01
9492004;2920;2025-12-19 00:00:00;PM IGARAPE;18.715.474/0001-85;1261;SEE;SECRETARIA DE ESTADO DE EDUCACAO;42;AUXILIOS;1;AUXILIOS;10;RECURSOS ORDINARIOS - RECURSOS NAO VINCULADOS DE IMPOSTOS;1000000,0;1000000,0;1000000,0
9492005;2904;2025-12-19 00:00:00;PM MONTE CARMELO;18.593.103/0001-78;1261;SEE;SECRETARIA DE ESTADO DE EDUCACAO;42;AUXILIOS;1;AUXILIOS;10;RECURSOS ORDINARIOS - RECURSOS NAO VINCULADOS DE IMPOSTOS;324048,01;324048,01;324048,01
9492006;2905;2025-12-19 00:00:00;PM BOCAINA DE MINAS;18.194.076/0001-60;1261;SEE;SECRETARIA DE ESTADO DE EDUCACAO;42;AUXILIOS;1;AUXILIOS;10;RECURSOS ORDINARIOS - RECURSOS NAO VINCULADOS DE IMPOSTOS;1603977,51;1603977,51;1603977,51
9492007;2921;2025-12-19 00:00:00;PM SAO GOTARDO;18.602.037/0001-55;1261;SEE;SECRETARIA DE ESTADO DE EDUCACAO;42;AUXILIOS;1;AUXILIOS;10;RECURSOS ORDINARIOS - RECURSOS NAO VINCULADOS DE IMPOSTOS;324048,01;324048,01;324048,01
9492008;2922;2025-12-19 00:00:00;PM PORTEIRINHA;18.013.326/0001-19;1261;SEE;SECRETARIA DE ESTADO DE EDUCACAO;42;AUXILIOS;1;AUXILIOS;10;RECURSOS ORDINARIOS - RECURSOS NAO VINCULADOS DE IMPOSTOS;324048,01;324048,01;324048,01
9492009;2923;2025-12-19 00:00:00;PM PONTE NOVA;23.804.149/0001-29;1261;SEE;SECRETARIA DE ESTADO DE EDUCACAO;42;AUXILIOS;1;AUXILIOS;10;RECURSOS ORDINARIOS - RECURSOS NAO VINCULADOS DE IMPOSTOS;648096,02;648096,02;648096,02
9492010;2924;2025-12-19 00:00:00;PM PIRACEMA;17.980.392/0001-03;1261;SEE;SECRETARIA DE ESTADO DE EDUCACAO;42;AUXILIOS;1;AUXILIOS;10;RECURSOS ORDINARIOS - RECURSOS NAO VINCULADOS DE IMPOSTOS;888360,56;888360,56;888360,56
9492011;2925;2025-12-19 00:00:00;PM PERDIGAO;18.301.051/0001-19;1261;SEE;SECRETARIA DE ESTADO DE EDUCACAO;42;AUXILIOS;1;AUXILIOS;10;RECURSOS ORDINARIOS - RECURSOS NAO VINCULADOS DE IMPOSTOS;324048,01;324048,01;324048,01
9492012;2926;2025-12-19 00:00:00;PM PALMA;17.734.906/0001-32;1261;SEE;SECRETARIA DE ESTADO DE EDUCACAO;42;AUXILIOS;1;AUXILIOS;10;RECURSOS ORDINARIOS - RECURSOS NAO VINCULADOS DE IMPOSTOS;1128625,1;1128625,1;1128625,1
9492013;2906;2025-12-19 00:00:00;PM ALAGOA;18.186.346/0001-91;1261;SEE;SECRETARIA DE ESTADO DE EDUCACAO;42;AUXILIOS;1;AUXILIOS;10;RECURSOS ORDINARIOS - RECURSOS NAO VINCULADOS DE IMPOSTOS;149986,83;149986,83;149986,83
9492015;2927;2025-12-19 00:00:00;PM MIRABELA;18.017.376/0001-74;1261;SEE;SECRETARIA DE ESTADO DE EDUCACAO;42;AUXILIOS;1;AUXILIOS;10;RECURSOS ORDINARIOS - RECURSOS NAO VINCULADOS DE IMPOSTOS;648096,02;648096,02;648096,02
9492016;2928;2025-12-19 00:00:00;PM MATERLANDIA;18.303.206/0001-56;1261;SEE;SECRETARIA DE ESTADO DE EDUCACAO;42;AUXILIOS;1;AUXILIOS;10;RECURSOS ORDINARIOS - RECURSOS NAO VINCULADOS DE IMPOSTOS;510959,93;510959,93;510959,93
9492017;2929;2025-12-19 00:00:00;PM MARTINS SOARES;01.615.420/0001-45;1261;SEE;SECRETARIA DE ESTADO DE EDUCACAO;42;AUXILIOS;1;AUXILIOS;10;RECURSOS ORDINARIOS - RECURSOS NAO VINCULADOS DE IMPOSTOS;614745,54;614745,54;614745,54
9492018;2907;2025-12-19 00:00:00;PM SAO JOAO DA PONTE;16.928.483/0001-29;1261;SEE;SECRETARIA DE ESTADO DE EDUCACAO;42;AUXILIOS;1;AUXILIOS;10;RECURSOS ORDINARIOS - RECURSOS NAO VINCULADOS DE IMPOSTOS;2000000,0;2000000,0;2000000,0
9492019;2908;2025-12-19 00:00:00;PM PAINEIRAS;18.296.673/0001-04;1261;SEE;SECRETARIA DE ESTADO DE EDUCACAO;42;AUXILIOS;1;AUXILIOS;10;RECURSOS ORDINARIOS - RECURSOS NAO VINCULADOS DE IMPOSTOS;250000,0;250000,0;250000,0
9492020;2930;2025-12-19 00:00:00;PM ITATIAIUCU;18.691.766/0001-25;1261;SEE;SECRETARIA DE ESTADO DE EDUCACAO;42;AUXILIOS;1;AUXILIOS;10;RECURSOS ORDINARIOS - RECURSOS NAO VINCULADOS DE IMPOSTOS;1399320,49;1399320,49;1399320,49
9492021;2931;2025-12-19 00:00:00;PM GOIABEIRA;01.615.421/0001-90;1261;SEE;SECRETARIA DE ESTADO DE EDUCACAO;42;AUXILIOS;1;AUXILIOS;10;RECURSOS ORDINARIOS - RECURSOS NAO VINCULADOS DE IMPOSTOS;324048,01;324048,01;324048,01
9492022;2932;2025-12-19 00:00:00;PM CONEGO MARINHO;01.612.492/0001-39;1261;SEE;SECRETARIA DE ESTADO DE EDUCACAO;42;AUXILIOS;1;AUXILIOS;10;RECURSOS ORDINARIOS - RECURSOS NAO VINCULADOS DE IMPOSTOS;324048,01;324048,01;324048,01
9492023;2909;2025-12-19 00:00:00;PM PIRAUBA;18.554.147/0001-99;1261;SEE;SECRETARIA DE ESTADO DE EDUCACAO;42;AUXILIOS;1;AUXILIOS;10;RECURSOS ORDINARIOS - RECURSOS NAO VINCULADOS DE IMPOSTOS;99637,93;99637,93;99637,93
9492025;2933;2025-12-19 00:00:00;PM CONCEICAO DO PARA;18.315.200/0001-07;1261;SEE;SECRETARIA DE ESTADO DE EDUCACAO;42;AUXILIOS;1;AUXILIOS;10;RECURSOS ORDINARIOS - RECURSOS NAO VINCULADOS DE IMPOSTOS;888360,56;888360,56;888360,56
9492026;2934;2025-12-19 00:00:00;PM POCRANE;18.334.318/0001-74;1261;SEE;SECRETARIA DE ESTADO DE EDUCACAO;42;AUXILIOS;1;AUXILIOS;10;RECURSOS ORDINARIOS - RECURSOS NAO VINCULADOS DE IMPOSTOS;250000,0;250000,0;250000,0
9492027;2910;2025-12-19 00:00:00;PM MONTE AZUL;18.650.945/0001-14;1261;SEE;SECRETARIA DE ESTADO DE EDUCACAO;42;AUXILIOS;1;AUXILIOS;10;RECURSOS ORDINARIOS - RECURSOS NAO VINCULADOS DE IMPOSTOS;801000,0;801000,0;801000,0
9492028;2935;2025-12-19 00:00:00;PM PATIS;01.612.478/0001-35;1261;SEE;SECRETARIA DE ESTADO DE EDUCACAO;42;AUXILIOS;1;AUXILIOS;10;RECURSOS ORDINARIOS - RECURSOS NAO VINCULADOS DE IMPOSTOS;200000,0;200000,0;200000,0
9492030;2911;2025-12-19 00:00:00;PM CAPELA NOVA;19.259.951/0001-08;1261;SEE;SECRETARIA DE ESTADO DE EDUCACAO;42;AUXILIOS;1;AUXILIOS;10;RECURSOS ORDINARIOS - RECURSOS NAO VINCULADOS DE IMPOSTOS;564312,55;564312,55;564312,55
9492031;2912;2025-12-19 00:00:00;PM JOAO PINHEIRO;16.930.299/0001-13;1261;SEE;SECRETARIA DE ESTADO DE EDUCACAO;42;AUXILIOS;1;AUXILIOS;10;RECURSOS ORDINARIOS - RECURSOS NAO VINCULADOS DE IMPOSTOS;400000,0;400000,0;400000,0
9492035;2913;2025-12-19 00:00:00;PM SANTANA DOS MONTES;19.718.394/0001-46;1261;SEE;SECRETARIA DE ESTADO DE EDUCACAO;42;AUXILIOS;1;AUXILIOS;10;RECURSOS ORDINARIOS - RECURSOS NAO VINCULADOS DE IMPOSTOS;768642,51;768642,51;768642,51
9492037;2914;2025-12-19 00:00:00;PM ROMARIA;18.160.044/0001-44;1261;SEE;SECRETARIA DE ESTADO DE EDUCACAO;42;AUXILIOS;1;AUXILIOS;10;RECURSOS ORDINARIOS - RECURSOS NAO VINCULADOS DE IMPOSTOS;400000,0;400000,0;400000,0
9492039;2936;2025-12-19 00:00:00;PM UBERLANDIA;18.431.312/0001-15;1261;SEE;SECRETARIA DE ESTADO DE EDUCACAO;42;AUXILIOS;1;AUXILIOS;10;RECURSOS ORDINARIOS - RECURSOS NAO VINCULADOS DE IMPOSTOS;400000,0;400000,0;400000,0
9492040;2937;2025-12-19 00:00:00;PM BURITIS;18.125.146/0001-29;1261;SEE;SECRETARIA DE ESTADO DE EDUCACAO;42;AUXILIOS;1;AUXILIOS;10;RECURSOS ORDINARIOS - RECURSOS NAO VINCULADOS DE IMPOSTOS;1029202,08;1029202,08;1029202,08
9492041;2938;2025-12-19 00:00:00;PM SANTO ANTONIO DO RIO ABAIXO;18.303.248/0001-97;1261;SEE;SECRETARIA DE ESTADO DE EDUCACAO;42;AUXILIOS;1;AUXILIOS;10;RECURSOS ORDINARIOS - RECURSOS NAO VINCULADOS DE IMPOSTOS;614745,54;614745,54;614745,54
9492042;2916;2025-12-19 00:00:00;PM BOA ESPERANCA;18.239.590/0001-75;1261;SEE;SECRETARIA DE ESTADO DE EDUCACAO;42;AUXILIOS;1;AUXILIOS;10;RECURSOS ORDINARIOS - RECURSOS NAO VINCULADOS DE IMPOSTOS;797513,2;797513,2;797513,2
9492043;2917;2025-12-19 00:00:00;PM VERDELANDIA;01.612.505/0001-70;1261;SEE;SECRETARIA DE ESTADO DE EDUCACAO;42;AUXILIOS;1;AUXILIOS;10;RECURSOS ORDINARIOS - RECURSOS NAO VINCULADOS DE IMPOSTOS;801000,0;801000,0;801000,0
9492044;2939;2025-12-19 00:00:00;PM PRESIDENTE JUSCELINO;17.695.057/0001-55;1261;SEE;SECRETARIA DE ESTADO DE EDUCACAO;42;AUXILIOS;1;AUXILIOS;10;RECURSOS ORDINARIOS - RECURSOS NAO VINCULADOS DE IMPOSTOS;648096,02;648096,02;648096,02
9492045;2940;2025-12-19 00:00:00;PM SAO SEBASTIAO DA VARGEM ALEGRE;01.616.854/0001-60;1261;SEE;SECRETARIA DE ESTADO DE EDUCACAO;42;AUXILIOS;1;AUXILIOS;10;RECURSOS ORDINARIOS - RECURSOS NAO VINCULADOS DE IMPOSTOS;350000,0;350000,0;350000,0
9492046;2941;2025-12-19 00:00:00;PM SANTA ROSA DA SERRA;18.192.252/0001-25;1261;SEE;SECRETARIA DE ESTADO DE EDUCACAO;42;AUXILIOS;1;AUXILIOS;10;RECURSOS ORDINARIOS - RECURSOS NAO VINCULADOS DE IMPOSTOS;260000,0;260000,0;260000,0
9492047;2942;2025-12-19 00:00:00;PM IGARAPE;18.715.474/0001-85;1261;SEE;SECRETARIA DE ESTADO DE EDUCACAO;42;AUXILIOS;1;AUXILIOS;10;RECURSOS ORDINARIOS - RECURSOS NAO VINCULADOS DE IMPOSTOS;150000,0;150000,0;150000,0
9492048;2943;2025-12-19 00:00:00;PM IBIAI;16.899.700/0001-08;1261;SEE;SECRETARIA DE ESTADO DE EDUCACAO;42;AUXILIOS;1;AUXILIOS;10;RECURSOS ORDINARIOS - RECURSOS NAO VINCULADOS DE IMPOSTOS;801000,0;801000,0;801000,0
9492049;2944;2025-12-19 00:00:00;PM SANTA HELENA DE MINAS;01.613.395/0001-60;1261;SEE;SECRETARIA DE ESTADO DE EDUCACAO;42;AUXILIOS;1;AUXILIOS;10;RECURSOS ORDINARIOS - RECURSOS NAO VINCULADOS DE IMPOSTOS;1536456,58;1536456,58;1536456,58
9492050;737;2025-12-18 00:00:00;ONG - JUVENTUDE VIRACAO;11.127.240/0001-78;1481;SEDESE;SECRETARIA DE ESTADO DE DESENVOLVIMENTO SOCIAL;43;SUBVENCOES SOCIAIS;1;SUBVENCOES SOCIAIS;10;RECURSOS ORDINARIOS - RECURSOS NAO VINCULADOS DE IMPOSTOS;180000,0;180000,0;180000,0
9492052;2945;2025-12-19 00:00:00;PM BARRA LONGA;18.316.182/0001-70;1261;SEE;SECRETARIA DE ESTADO DE EDUCACAO;42;AUXILIOS;1;AUXILIOS;10;RECURSOS ORDINARIOS - RECURSOS NAO VINCULADOS DE IMPOSTOS;324048,01;324048,01;324048,01
9492053;2946;2025-12-19 00:00:00;PM TEIXEIRAS;18.134.056/0001-02;1261;SEE;SECRETARIA DE ESTADO DE EDUCACAO;42;AUXILIOS;1;AUXILIOS;10;RECURSOS ORDINARIOS - RECURSOS NAO VINCULADOS DE IMPOSTOS;324048,01;324048,01;324048,01
9492054;2947;2025-12-19 00:00:00;PM LAGOA DA PRATA;18.318.618/0001-60;1261;SEE;SECRETARIA DE ESTADO DE EDUCACAO;42;AUXILIOS;1;AUXILIOS;10;RECURSOS ORDINARIOS - RECURSOS NAO VINCULADOS DE IMPOSTOS;1000000,0;1000000,0;1000000,0
9492055;2948;2025-12-19 00:00:00;PM MARAVILHAS;18.313.841/0001-14;1261;SEE;SECRETARIA DE ESTADO DE EDUCACAO;42;AUXILIOS;1;AUXILIOS;10;RECURSOS ORDINARIOS - RECURSOS NAO VINCULADOS DE IMPOSTOS;835007,94;835007,94;835007,94
9492059;740;2025-12-18 00:00:00;CENTRO DE AGRICUTURA ALTERNATIVA VICENTE NICA;00.411.372/0001-00;1481;SEDESE;SECRETARIA DE ESTADO DE DESENVOLVIMENTO SOCIAL;43;SUBVENCOES SOCIAIS;1;SUBVENCOES SOCIAIS;10;RECURSOS ORDINARIOS - RECURSOS NAO VINCULADOS DE IMPOSTOS;67236,55;67236,55;67236,55
9492059;741;2025-12-18 00:00:00;CENTRO DE AGRICUTURA ALTERNATIVA VICENTE NICA;00.411.372/0001-00;1481;SEDESE;SECRETARIA DE ESTADO DE DESENVOLVIMENTO SOCIAL;42;AUXILIOS;1;AUXILIOS;10;RECURSOS ORDINARIOS - RECURSOS NAO VINCULADOS DE IMPOSTOS;132763,33;132763,33;132763,33
9492061;743;2025-12-18 00:00:00;ASSOCIACAO BENEFICENTE EVANGELICA EM ASSISTENCIA SOCIAL;23.090.475/0001-11;1481;SEDESE;SECRETARIA DE ESTADO DE DESENVOLVIMENTO SOCIAL;42;AUXILIOS;1;AUXILIOS;10;RECURSOS ORDINARIOS - RECURSOS NAO VINCULADOS DE IMPOSTOS;100000,0;100000,0;100000,0
9492064;738;2025-12-18 00:00:00;ASSOCIACAO DONA DE LEITE;10.897.990/0001-66;1481;SEDESE;SECRETARIA DE ESTADO DE DESENVOLVIMENTO SOCIAL;43;SUBVENCOES SOCIAIS;1;SUBVENCOES SOCIAIS;10;RECURSOS ORDINARIOS - RECURSOS NAO VINCULADOS DE IMPOSTOS;69948,0;69948,0;69948,0
9492064;739;2025-12-18 00:00:00;ASSOCIACAO DONA DE LEITE;10.897.990/0001-66;1481;SEDESE;SECRETARIA DE ESTADO DE DESENVOLVIMENTO SOCIAL;42;AUXILIOS;1;AUXILIOS;10;RECURSOS ORDINARIOS - RECURSOS NAO VINCULADOS DE IMPOSTOS;29939,19;29939,19;29939,19
9492066;742;2025-12-18 00:00:00;ASSOCIACAO DE PAIS E AMIGOS DO EXCEPCIONAL -APAE DE RIBEIRAO DAS NEVES;01.367.181/0001-51;1481;SEDESE;SECRETARIA DE ESTADO DE DESENVOLVIMENTO SOCIAL;43;SUBVENCOES SOCIAIS;1;SUBVENCOES SOCIAIS;10;RECURSOS ORDINARIOS - RECURSOS NAO VINCULADOS DE IMPOSTOS;200000,0;200000,0;200000,0
9492078;734;2025-12-19 00:00:00;COOPERT COOPERATIVA DE RECICLAGEM E TRABALHO;03.154.785/0001-45;1371;SEMAD;SECRETARIA DE ESTADO DE MEIO AMBIENTE E DESENVOLVIMENTO SUSTENTAVEL;41;CONTRIBUICOES;1;CONTRIBUICOES;10;RECURSOS ORDINARIOS - RECURSOS NAO VINCULADOS DE IMPOSTOS;500000,0;500000,0;500000,0
9492094;519;2025-12-19 00:00:00;PM CAREACU;17.935.388/0001-15;1231;SEAPA;SECRETARIA DE ESTADO DE AGRICULTURA, PECUARIA E ABASTECIMENTO;41;CONTRIBUICOES;1;CONTRIBUICOES;15;RECURSOS ORDINARIOS - OUTROS RECURSOS NAO VINCULADOS;647919,06;647919,06;647919,06
9492095;581;2025-12-25 00:00:00;PM CAMPANHA;18.712.174/0001-42;1231;SEAPA;SECRETARIA DE ESTADO DE AGRICULTURA, PECUARIA E ABASTECIMENTO;41;CONTRIBUICOES;1;CONTRIBUICOES;15;RECURSOS ORDINARIOS - OUTROS RECURSOS NAO VINCULADOS;590000,0;590000,0;590000,0
9492097;522;2025-12-19 00:00:00;PM TAPARUBA;01.616.741/0001-64;1231;SEAPA;SECRETARIA DE ESTADO DE AGRICULTURA, PECUARIA E ABASTECIMENTO;41;CONTRIBUICOES;1;CONTRIBUICOES;15;RECURSOS ORDINARIOS - OUTROS RECURSOS NAO VINCULADOS;1985896,78;1985896,78;1985896,78
9492111;5867;2025-12-22 00:00:00;INSTITUTO CURA - CIRCUITO URBANO DE ARTE;52.965.501/0001-06;1271;SECULT;SECRETARIA DE ESTADO DE CULTURA E TURISMO;41;CONTRIBUICOES;1;CONTRIBUICOES;10;RECURSOS ORDINARIOS - RECURSOS NAO VINCULADOS DE IMPOSTOS;250000,0;250000,0;250000,0
9492114;5864;2025-12-19 00:00:00;PM NOVA RESENDE;18.187.823/0001-33;1271;SECULT;SECRETARIA DE ESTADO DE CULTURA E TURISMO;41;CONTRIBUICOES;1;CONTRIBUICOES;15;RECURSOS ORDINARIOS - OUTROS RECURSOS NAO VINCULADOS;350000,0;350000,0;350000,0
9492115;5869;2025-12-22 00:00:00;INSTITUTO DOS GERAIS;27.493.330/0001-12;1271;SECULT;SECRETARIA DE ESTADO DE CULTURA E TURISMO;41;CONTRIBUICOES;1;CONTRIBUICOES;10;RECURSOS ORDINARIOS - RECURSOS NAO VINCULADOS DE IMPOSTOS;200000,0;200000,0;200000,0
9492119;6817;2025-12-22 00:00:00;PM ITAMARANDIBA;16.886.871/0001-94;4291;FES;FUNDO ESTADUAL DE SAUDE;42;AUXILIOS;1;AUXILIOS;10;RECURSOS ORDINARIOS - RECURSOS NAO VINCULADOS DE IMPOSTOS;2570000,0;2570000,0;2570000,0
9492121;3855;2025-12-19 00:00:00;PM SAO JOSE DA LAPA;42.774.281/0001-80;1491;SEGOV;SECRETARIA DE ESTADO DE GOVERNO;42;AUXILIOS;1;AUXILIOS;15;RECURSOS ORDINARIOS - OUTROS RECURSOS NAO VINCULADOS;88623,86;88623,86;88623,86
9492124;3854;2025-12-19 00:00:00;PM FAMA;18.243.253/0001-51;1491;SEGOV;SECRETARIA DE ESTADO DE GOVERNO;42;AUXILIOS;1;AUXILIOS;15;RECURSOS ORDINARIOS - OUTROS RECURSOS NAO VINCULADOS;500000,0;500000,0;500000,0
9492130;735;2025-12-19 00:00:00;AMIGOS REUNIDOS PELA CAUSA ANIMAL;28.025.871/0001-89;1371;SEMAD;SECRETARIA DE ESTADO DE MEIO AMBIENTE E DESENVOLVIMENTO SUSTENTAVEL;41;CONTRIBUICOES;1;CONTRIBUICOES;10;RECURSOS ORDINARIOS - RECURSOS NAO VINCULADOS DE IMPOSTOS;100000,0;100000,0;100000,0
9492131;3856;2025-12-19 00:00:00;PM CONCEICAO DA BARRA DE MINAS;18.557.587/0001-08;1491;SEGOV;SECRETARIA DE ESTADO DE GOVERNO;42;AUXILIOS;1;AUXILIOS;15;RECURSOS ORDINARIOS - OUTROS RECURSOS NAO VINCULADOS;124480,32;124480,32;124480,32
9492132;6831;2025-12-29 00:00:00;PM JUIZ DE FORA;18.338.178/0001-02;4291;FES;FUNDO ESTADUAL DE SAUDE;42;AUXILIOS;1;AUXILIOS;95;RECURSOS RECEBIDOS POR DANOS ADVINDOS DE DESASTRES SOCIOAMBIENTAIS;4999731,34;4999731,34;4999731,34
9492133;3857;2025-12-19 00:00:00;PM BELMIRO BRAGA;18.338.129/0001-70;1491;SEGOV;SECRETARIA DE ESTADO DE GOVERNO;42;AUXILIOS;1;AUXILIOS;15;RECURSOS ORDINARIOS - OUTROS RECURSOS NAO VINCULADOS;550000,0;550000,0;550000,0
9492135;3862;2025-12-19 00:00:00;PM MATOZINHOS;18.771.238/0001-86;1491;SEGOV;SECRETARIA DE ESTADO DE GOVERNO;42;AUXILIOS;1;AUXILIOS;15;RECURSOS ORDINARIOS - OUTROS RECURSOS NAO VINCULADOS;124480,32;124480,32;124480,32
9492136;2970;2025-12-23 00:00:00;PM EUGENOPOLIS;17.947.656/0001-19;1261;SEE;SECRETARIA DE ESTADO DE EDUCACAO;42;AUXILIOS;1;AUXILIOS;21;COTA ESTADUAL DO SALARIO EDUCACAO - QESE;500000,0;500000,0;500000,0
9492137;2971;2025-12-23 00:00:00;PM PIEDADE DO RIO GRANDE;18.685.438/0001-16;1261;SEE;SECRETARIA DE ESTADO DE EDUCACAO;42;AUXILIOS;1;AUXILIOS;21;COTA ESTADUAL DO SALARIO EDUCACAO - QESE;564312,55;564312,55;564312,55
9492138;2972;2025-12-23 00:00:00;PM SANTO ANTONIO DO JACINTO;18.349.951/0001-36;1261;SEE;SECRETARIA DE ESTADO DE EDUCACAO;42;AUXILIOS;1;AUXILIOS;21;COTA ESTADUAL DO SALARIO EDUCACAO - QESE;778841,49;778841,49;778841,49
9492139;3861;2025-12-19 00:00:00;PM SERRA DA SAUDADE;18.301.069/0001-10;1491;SEGOV;SECRETARIA DE ESTADO DE GOVERNO;42;AUXILIOS;1;AUXILIOS;15;RECURSOS ORDINARIOS - OUTROS RECURSOS NAO VINCULADOS;550000,0;550000,0;550000,0
9492140;3860;2025-12-19 00:00:00;PM LIMA DUARTE;18.338.186/0001-59;1491;SEGOV;SECRETARIA DE ESTADO DE GOVERNO;42;AUXILIOS;1;AUXILIOS;15;RECURSOS ORDINARIOS - OUTROS RECURSOS NAO VINCULADOS;600000,0;600000,0;600000,0
9492141;3858;2025-12-19 00:00:00;PM VARZEA DA PALMA;18.279.059/0001-26;1491;SEGOV;SECRETARIA DE ESTADO DE GOVERNO;42;AUXILIOS;1;AUXILIOS;15;RECURSOS ORDINARIOS - OUTROS RECURSOS NAO VINCULADOS;1000000,0;1000000,0;1000000,0
9492142;2973;2025-12-23 00:00:00;PM CONCEICAO DE IPANEMA;18.334.300/0001-72;1261;SEE;SECRETARIA DE ESTADO DE EDUCACAO;42;AUXILIOS;1;AUXILIOS;21;COTA ESTADUAL DO SALARIO EDUCACAO - QESE;648096,02;648096,02;648096,02
9492143;2974;2025-12-23 00:00:00;PM SAO GONCALO DO PARA;18.291.369/0001-66;1261;SEE;SECRETARIA DE ESTADO DE EDUCACAO;42;AUXILIOS;1;AUXILIOS;21;COTA ESTADUAL DO SALARIO EDUCACAO - QESE;564312,55;564312,55;564312,55
9492144;2975;2025-12-23 00:00:00;PM SANTA RITA DO ITUETO;18.413.187/0001-10;1261;SEE;SECRETARIA DE ESTADO DE EDUCACAO;42;AUXILIOS;1;AUXILIOS;21;COTA ESTADUAL DO SALARIO EDUCACAO - QESE;400000,0;400000,0;400000,0
9492146;3859;2025-12-19 00:00:00;PM BALDIM;18.116.129/0001-25;1491;SEGOV;SECRETARIA DE ESTADO DE GOVERNO;42;AUXILIOS;1;AUXILIOS;15;RECURSOS ORDINARIOS - OUTROS RECURSOS NAO VINCULADOS;500000,0;500000,0;500000,0
9492149;511;2025-12-19 00:00:00;PM ENGENHEIRO CALDAS;18.080.655/0001-82;1301;SEINFRA;SECRETARIA DE ESTADO DE INFRAESTRUTURA, MOBILIDADE E PARCERIAS;42;AUXILIOS;1;AUXILIOS;15;RECURSOS ORDINARIOS - OUTROS RECURSOS NAO VINCULADOS;1500000,0;1500000,0;1500000,0
9492150;6826;2025-12-22 00:00:00;SANTA CASA DE MISERICORDIA SAO VICENTE DE PAULO;19.128.248/0001-60;4291;FES;FUNDO ESTADUAL DE SAUDE;42;AUXILIOS;1;AUXILIOS;10;RECURSOS ORDINARIOS - RECURSOS NAO VINCULADOS DE IMPOSTOS;8662693,77;8662693,77;8662693,77
9492151;3864;2025-12-19 00:00:00;PM CONGONHAS DO NORTE;18.303.180/0001-46;1491;SEGOV;SECRETARIA DE ESTADO DE GOVERNO;42;AUXILIOS;1;AUXILIOS;15;RECURSOS ORDINARIOS - OUTROS RECURSOS NAO VINCULADOS;124480,32;124480,32;124480,32
9492152;2976;2025-12-23 00:00:00;PM ACUCENA;17.005.216/0001-42;1261;SEE;SECRETARIA DE ESTADO DE EDUCACAO;42;AUXILIOS;1;AUXILIOS;21;COTA ESTADUAL DO SALARIO EDUCACAO - QESE;400000,0;400000,0;400000,0
9492153;2977;2025-12-23 00:00:00;PM AMPARO DA SERRA;18.316.174/0001-23;1261;SEE;SECRETARIA DE ESTADO DE EDUCACAO;42;AUXILIOS;1;AUXILIOS;21;COTA ESTADUAL DO SALARIO EDUCACAO - QESE;1050000,0;1050000,0;1050000,0
9492154;2979;2025-12-23 00:00:00;PM CONCEICAO DOS OUROS;18.677.609/0001-65;1261;SEE;SECRETARIA DE ESTADO DE EDUCACAO;42;AUXILIOS;1;AUXILIOS;21;COTA ESTADUAL DO SALARIO EDUCACAO - QESE;1300000,0;1300000,0;1300000,0
9492155;3863;2025-12-19 00:00:00;PM SAO PEDRO DOS FERROS;19.243.500/0001-82;1491;SEGOV;SECRETARIA DE ESTADO DE GOVERNO;42;AUXILIOS;1;AUXILIOS;15;RECURSOS ORDINARIOS - OUTROS RECURSOS NAO VINCULADOS;249993,33;249993,33;249993,33
9492156;592;2025-12-29 00:00:00;ASSOCIACAO REGIONAL DE COOPERACAO AGRICOLA DA ZONA DA MATA DE MINAS GE;09.372.995/0001-96;1231;SEAPA;SECRETARIA DE ESTADO DE AGRICULTURA, PECUARIA E ABASTECIMENTO;41;CONTRIBUICOES;1;CONTRIBUICOES;10;RECURSOS ORDINARIOS - RECURSOS NAO VINCULADOS DE IMPOSTOS;99826,4;99826,4;99826,4
9492157;2980;2025-12-23 00:00:00;PM CRISTAIS;17.888.082/0001-55;1261;SEE;SECRETARIA DE ESTADO DE EDUCACAO;42;AUXILIOS;1;AUXILIOS;21;COTA ESTADUAL DO SALARIO EDUCACAO - QESE;1000000,0;1000000,0;1000000,0
9492158;2982;2025-12-23 00:00:00;PM BICAS;17.722.935/0001-84;1261;SEE;SECRETARIA DE ESTADO DE EDUCACAO;42;AUXILIOS;1;AUXILIOS;21;COTA ESTADUAL DO SALARIO EDUCACAO - QESE;500000,0;500000,0;500000,0
9492159;2984;2025-12-23 00:00:00;PM ARACAI;18.116.111/0001-23;1261;SEE;SECRETARIA DE ESTADO DE EDUCACAO;42;AUXILIOS;1;AUXILIOS;21;COTA ESTADUAL DO SALARIO EDUCACAO - QESE;510959,93;510959,93;510959,93
9492160;3865;2025-12-19 00:00:00;PM IPANEMA;18.334.292/0001-64;1491;SEGOV;SECRETARIA DE ESTADO DE GOVERNO;42;AUXILIOS;1;AUXILIOS;15;RECURSOS ORDINARIOS - OUTROS RECURSOS NAO VINCULADOS;1500000,0;1500000,0;1500000,0
9492161;2986;2025-12-23 00:00:00;PM SANTO ANTONIO DO GRAMA;18.836.973/0001-20;1261;SEE;SECRETARIA DE ESTADO DE EDUCACAO;42;AUXILIOS;1;AUXILIOS;21;COTA ESTADUAL DO SALARIO EDUCACAO - QESE;276000,0;276000,0;276000,0
9492162;2988;2025-12-23 00:00:00;PM PALMA;17.734.906/0001-32;1261;SEE;SECRETARIA DE ESTADO DE EDUCACAO;42;AUXILIOS;1;AUXILIOS;21;COTA ESTADUAL DO SALARIO EDUCACAO - QESE;200000,0;200000,0;200000,0
9492163;520;2025-12-19 00:00:00;PM TAPARUBA;01.616.741/0001-64;1231;SEAPA;SECRETARIA DE ESTADO DE AGRICULTURA, PECUARIA E ABASTECIMENTO;41;CONTRIBUICOES;1;CONTRIBUICOES;15;RECURSOS ORDINARIOS - OUTROS RECURSOS NAO VINCULADOS;1000000,0;1000000,0;1000000,0
9492164;2990;2025-12-23 00:00:00;PM CONCEICAO DA BARRA DE MINAS;18.557.587/0001-08;1261;SEE;SECRETARIA DE ESTADO DE EDUCACAO;42;AUXILIOS;1;AUXILIOS;21;COTA ESTADUAL DO SALARIO EDUCACAO - QESE;199980,22;199980,22;199980,22
9492165;3866;2025-12-19 00:00:00;PM PEDRA DO ANTA;18.133.439/0001-58;1491;SEGOV;SECRETARIA DE ESTADO DE GOVERNO;42;AUXILIOS;1;AUXILIOS;15;RECURSOS ORDINARIOS - OUTROS RECURSOS NAO VINCULADOS;73468,3;73468,3;73468,3
9492167;534;2025-12-19 00:00:00;PM FELIXLANDIA;17.695.032/0001-51;1231;SEAPA;SECRETARIA DE ESTADO DE AGRICULTURA, PECUARIA E ABASTECIMENTO;41;CONTRIBUICOES;1;CONTRIBUICOES;15;RECURSOS ORDINARIOS - OUTROS RECURSOS NAO VINCULADOS;854750,0;854750,0;854750,0
9492169;2994;2025-12-23 00:00:00;PM UBERLANDIA;18.431.312/0001-15;1261;SEE;SECRETARIA DE ESTADO DE EDUCACAO;42;AUXILIOS;1;AUXILIOS;21;COTA ESTADUAL DO SALARIO EDUCACAO - QESE;400000,0;400000,0;400000,0
9492170;2996;2025-12-23 00:00:00;PM SAO PEDRO DOS FERROS;19.243.500/0001-82;1261;SEE;SECRETARIA DE ESTADO DE EDUCACAO;42;AUXILIOS;1;AUXILIOS;21;COTA ESTADUAL DO SALARIO EDUCACAO - QESE;564312,55;564312,55;564312,55
9492171;2992;2025-12-23 00:00:00;PM COIMBRA;18.132.464/0001-17;1261;SEE;SECRETARIA DE ESTADO DE EDUCACAO;42;AUXILIOS;1;AUXILIOS;21;COTA ESTADUAL DO SALARIO EDUCACAO - QESE;564312,55;564312,55;564312,55
9492172;3869;2025-12-19 00:00:00;PM SOLEDADE DE MINAS;18.188.235/0001-14;1491;SEGOV;SECRETARIA DE ESTADO DE GOVERNO;42;AUXILIOS;1;AUXILIOS;15;RECURSOS ORDINARIOS - OUTROS RECURSOS NAO VINCULADOS;550000,0;550000,0;550000,0
9492174;2968;2025-12-23 00:00:00;PM BERILO;17.700.758/0001-35;1261;SEE;SECRETARIA DE ESTADO DE EDUCACAO;42;AUXILIOS;1;AUXILIOS;21;COTA ESTADUAL DO SALARIO EDUCACAO - QESE;1400000,0;1400000,0;1400000,0
9492175;527;2025-12-19 00:00:00;PM SAO JOSE DA SAFIRA;18.409.235/0001-05;1231;SEAPA;SECRETARIA DE ESTADO DE AGRICULTURA, PECUARIA E ABASTECIMENTO;41;CONTRIBUICOES;1;CONTRIBUICOES;15;RECURSOS ORDINARIOS - OUTROS RECURSOS NAO VINCULADOS;2000000,0;2000000,0;2000000,0
9492176;2997;2025-12-23 00:00:00;PM JUVENILIA;01.612.485/0001-37;1261;SEE;SECRETARIA DE ESTADO DE EDUCACAO;42;AUXILIOS;1;AUXILIOS;21;COTA ESTADUAL DO SALARIO EDUCACAO - QESE;1000000,0;1000000,0;1000000,0
9492178;2957;2025-12-23 00:00:00;PM JOAO PINHEIRO;16.930.299/0001-13;1261;SEE;SECRETARIA DE ESTADO DE EDUCACAO;42;AUXILIOS;1;AUXILIOS;21;COTA ESTADUAL DO SALARIO EDUCACAO - QESE;1054644,47;1054644,47;1054644,47
9492179;3868;2025-12-19 00:00:00;PM SERRANIA;18.243.261/0001-06;1491;SEGOV;SECRETARIA DE ESTADO DE GOVERNO;42;AUXILIOS;1;AUXILIOS;15;RECURSOS ORDINARIOS - OUTROS RECURSOS NAO VINCULADOS;854865,0;854865,0;854865,0
9492183;2959;2025-12-23 00:00:00;PM PAIVA;17.747.965/0001-45;1261;SEE;SECRETARIA DE ESTADO DE EDUCACAO;42;AUXILIOS;1;AUXILIOS;21;COTA ESTADUAL DO SALARIO EDUCACAO - QESE;1000000,0;1000000,0;1000000,0
9492184;3867;2025-12-19 00:00:00;PM CRUCILANDIA;18.313.007/0001-29;1491;SEGOV;SECRETARIA DE ESTADO DE GOVERNO;42;AUXILIOS;1;AUXILIOS;15;RECURSOS ORDINARIOS - OUTROS RECURSOS NAO VINCULADOS;550000,0;550000,0;550000,0
9492185;744;2025-12-19 00:00:00;PM DURANDE;66.232.547/0001-20;1481;SEDESE;SECRETARIA DE ESTADO DE DESENVOLVIMENTO SOCIAL;42;AUXILIOS;1;AUXILIOS;15;RECURSOS ORDINARIOS - OUTROS RECURSOS NAO VINCULADOS;500000,0;500000,0;500000,0
9492189;2960;2025-12-23 00:00:00;PM CATAGUASES;17.702.499/0001-81;1261;SEE;SECRETARIA DE ESTADO DE EDUCACAO;42;AUXILIOS;1;AUXILIOS;21;COTA ESTADUAL DO SALARIO EDUCACAO - QESE;510959,93;510959,93;510959,93
9492191;2961;2025-12-23 00:00:00;PM CANAPOLIS;18.457.200/0001-33;1261;SEE;SECRETARIA DE ESTADO DE EDUCACAO;42;AUXILIOS;1;AUXILIOS;21;COTA ESTADUAL DO SALARIO EDUCACAO - QESE;1200000,0;1200000,0;1200000,0
9492194;2962;2025-12-23 00:00:00;PM SENHORA DE OLIVEIRA;23.515.703/0001-58;1261;SEE;SECRETARIA DE ESTADO DE EDUCACAO;42;AUXILIOS;1;AUXILIOS;21;COTA ESTADUAL DO SALARIO EDUCACAO - QESE;1054644,47;1054644,47;1054644,47
9492196;2964;2025-12-23 00:00:00;PM SAO SEBASTIAO DO MARANHAO;18.409.177/0001-01;1261;SEE;SECRETARIA DE ESTADO DE EDUCACAO;42;AUXILIOS;1;AUXILIOS;21;COTA ESTADUAL DO SALARIO EDUCACAO - QESE;778841,09;778841,09;778841,09
9492197;3873;2025-12-19 00:00:00;PM SERITINGA;18.008.854/0001-80;1491;SEGOV;SECRETARIA DE ESTADO DE GOVERNO;42;AUXILIOS;1;AUXILIOS;15;RECURSOS ORDINARIOS - OUTROS RECURSOS NAO VINCULADOS;550000,0;550000,0;550000,0
9492198;671;2025-12-19 00:00:00;PM CAPITAO ENEAS;18.017.426/0001-13;1481;SEDESE;SECRETARIA DE ESTADO DE DESENVOLVIMENTO SOCIAL;41;CONTRIBUICOES;1;CONTRIBUICOES;71;RECURSOS DO FUNDO ESTADUAL DE ERRADICACAO DA MISERIA;19194,75;19194,75;19194,75
9492200;3874;2025-12-19 00:00:00;PM PAPAGAIOS;18.313.866/0001-18;1491;SEGOV;SECRETARIA DE ESTADO DE GOVERNO;42;AUXILIOS;1;AUXILIOS;15;RECURSOS ORDINARIOS - OUTROS RECURSOS NAO VINCULADOS;74210,47;74210,47;74210,47
9492203;3871;2025-12-19 00:00:00;PM PRATA;18.260.505/0001-50;1491;SEGOV;SECRETARIA DE ESTADO DE GOVERNO;42;AUXILIOS;1;AUXILIOS;15;RECURSOS ORDINARIOS - OUTROS RECURSOS NAO VINCULADOS;307845,61;307845,61;307845,61
9492204;3870;2025-12-19 00:00:00;PM ESTRELA DO INDAIA;18.301.028/0001-24;1491;SEGOV;SECRETARIA DE ESTADO DE GOVERNO;42;AUXILIOS;1;AUXILIOS;15;RECURSOS ORDINARIOS - OUTROS RECURSOS NAO VINCULADOS;524276,0;524276,0;524276,0
9492218;2966;2025-12-23 00:00:00;PM CONSELHEIRO LAFAIETE;19.718.360/0001-51;1261;SEE;SECRETARIA DE ESTADO DE EDUCACAO;42;AUXILIOS;1;AUXILIOS;21;COTA ESTADUAL DO SALARIO EDUCACAO - QESE;400000,0;400000,0;400000,0
9492219;614;2025-12-19 00:00:00;PM CAPITAO ENEAS;18.017.426/0001-13;1481;SEDESE;SECRETARIA DE ESTADO DE DESENVOLVIMENTO SOCIAL;41;CONTRIBUICOES;1;CONTRIBUICOES;38;TRANSFERENCIAS DA UNIAO VINCULADAS AO ESPORTE;264215,86;264215,86;264215,86
9492223;3872;2025-12-19 00:00:00;PM RIO CASCA;18.836.957/0001-38;1491;SEGOV;SECRETARIA DE ESTADO DE GOVERNO;42;AUXILIOS;1;AUXILIOS;15;RECURSOS ORDINARIOS - OUTROS RECURSOS NAO VINCULADOS;249993,33;249993,33;249993,33
9492224;3876;2025-12-19 00:00:00;PM ITAGUARA;18.313.015/0001-75;1491;SEGOV;SECRETARIA DE ESTADO DE GOVERNO;42;AUXILIOS;1;AUXILIOS;15;RECURSOS ORDINARIOS - OUTROS RECURSOS NAO VINCULADOS;320807,51;320807,51;320807,51
9492225;3875;2025-12-19 00:00:00;PM ARACAI;18.116.111/0001-23;1491;SEGOV;SECRETARIA DE ESTADO DE GOVERNO;42;AUXILIOS;1;AUXILIOS;15;RECURSOS ORDINARIOS - OUTROS RECURSOS NAO VINCULADOS;73468,37;73468,37;73468,37
9492226;530;2025-12-19 00:00:00;PM ESPINOSA;18.650.952/0001-16;1231;SEAPA;SECRETARIA DE ESTADO DE AGRICULTURA, PECUARIA E ABASTECIMENTO;41;CONTRIBUICOES;1;CONTRIBUICOES;15;RECURSOS ORDINARIOS - OUTROS RECURSOS NAO VINCULADOS;134970,01;134970,01;134970,01
9492227;541;2025-12-23 00:00:00;PM CAMPANHA;18.712.174/0001-42;1301;SEINFRA;SECRETARIA DE ESTADO DE INFRAESTRUTURA, MOBILIDADE E PARCERIAS;42;AUXILIOS;1;AUXILIOS;15;RECURSOS ORDINARIOS - OUTROS RECURSOS NAO VINCULADOS;1000000,0;1000000,0;1000000,0
9492229;750;2025-12-19 00:00:00;INSTITUTO IVAN GUEDES;07.560.755/0001-90;1481;SEDESE;SECRETARIA DE ESTADO DE DESENVOLVIMENTO SOCIAL;43;SUBVENCOES SOCIAIS;1;SUBVENCOES SOCIAIS;10;RECURSOS ORDINARIOS - RECURSOS NAO VINCULADOS DE IMPOSTOS;49004,02;49004,02;49004,02
9492229;751;2025-12-19 00:00:00;INSTITUTO IVAN GUEDES;07.560.755/0001-90;1481;SEDESE;SECRETARIA DE ESTADO DE DESENVOLVIMENTO SOCIAL;42;AUXILIOS;1;AUXILIOS;10;RECURSOS ORDINARIOS - RECURSOS NAO VINCULADOS DE IMPOSTOS;111001,67;111001,67;111001,67
9492233;555;2025-12-23 00:00:00;ASSOCIACAO PEQ. PRODUTORES RURAIS DE GERAIS VELHO;21.360.086/0001-33;1231;SEAPA;SECRETARIA DE ESTADO DE AGRICULTURA, PECUARIA E ABASTECIMENTO;41;CONTRIBUICOES;1;CONTRIBUICOES;59;OUTROS RECURSOS VINCULADOS;330992,05;330992,05;330992,05
9492234;553;2025-12-23 00:00:00;ASS. COMUN. PEQ. PROD. RURAIS RIACHO D'ANTA E ADJACENCIAS;01.213.311/0001-00;1231;SEAPA;SECRETARIA DE ESTADO DE AGRICULTURA, PECUARIA E ABASTECIMENTO;41;CONTRIBUICOES;1;CONTRIBUICOES;59;OUTROS RECURSOS VINCULADOS;488684,99;488684,99;488684,99
9492236;536;2025-12-19 00:00:00;PM SANTA RITA DO SAPUCAI;18.192.898/0001-02;1231;SEAPA;SECRETARIA DE ESTADO DE AGRICULTURA, PECUARIA E ABASTECIMENTO;41;CONTRIBUICOES;1;CONTRIBUICOES;15;RECURSOS ORDINARIOS - OUTROS RECURSOS NAO VINCULADOS;854865,0;854865,0;854865,0
9492237;532;2025-12-19 00:00:00;PM VICOSA;18.132.449/0001-79;1231;SEAPA;SECRETARIA DE ESTADO DE AGRICULTURA, PECUARIA E ABASTECIMENTO;41;CONTRIBUICOES;1;CONTRIBUICOES;15;RECURSOS ORDINARIOS - OUTROS RECURSOS NAO VINCULADOS;854865,0;854865,0;854865,0
9492238;540;2025-12-19 00:00:00;PM GUIMARANIA;18.602.052/0001-01;1231;SEAPA;SECRETARIA DE ESTADO DE AGRICULTURA, PECUARIA E ABASTECIMENTO;41;CONTRIBUICOES;1;CONTRIBUICOES;15;RECURSOS ORDINARIOS - OUTROS RECURSOS NAO VINCULADOS;647919,05;647919,05;647919,05
9492239;748;2025-12-19 00:00:00;ASSOC COMUNITARIA JOAO NOGUEIRA DUARTE;23.334.097/0001-74;1481;SEDESE;SECRETARIA DE ESTADO DE DESENVOLVIMENTO SOCIAL;43;SUBVENCOES SOCIAIS;1;SUBVENCOES SOCIAIS;10;RECURSOS ORDINARIOS - RECURSOS NAO VINCULADOS DE IMPOSTOS;50000,0;50000,0;50000,0
9492239;749;2025-12-19 00:00:00;ASSOC COMUNITARIA JOAO NOGUEIRA DUARTE;23.334.097/0001-74;1481;SEDESE;SECRETARIA DE ESTADO DE DESENVOLVIMENTO SOCIAL;42;AUXILIOS;1;AUXILIOS;10;RECURSOS ORDINARIOS - RECURSOS NAO VINCULADOS DE IMPOSTOS;50000,0;50000,0;50000,0
9492240;529;2025-12-19 00:00:00;PM JAIBA;25.209.149/0001-06;1231;SEAPA;SECRETARIA DE ESTADO DE AGRICULTURA, PECUARIA E ABASTECIMENTO;41;CONTRIBUICOES;1;CONTRIBUICOES;15;RECURSOS ORDINARIOS - OUTROS RECURSOS NAO VINCULADOS;53988,01;53988,01;53988,01
9492244;745;2025-12-19 00:00:00;PM IGUATAMA;18.306.688/0001-06;1481;SEDESE;SECRETARIA DE ESTADO DE DESENVOLVIMENTO SOCIAL;42;AUXILIOS;1;AUXILIOS;15;RECURSOS ORDINARIOS - OUTROS RECURSOS NAO VINCULADOS;74210,47;74210,47;74210,47
9492245;747;2025-12-19 00:00:00;INSTITUTO DE ASSESSORIA E PESQUISA E APOIO AO DESENVOLVIMENTO REGIONAL;11.395.677/0001-92;1481;SEDESE;SECRETARIA DE ESTADO DE DESENVOLVIMENTO SOCIAL;43;SUBVENCOES SOCIAIS;1;SUBVENCOES SOCIAIS;10;RECURSOS ORDINARIOS - RECURSOS NAO VINCULADOS DE IMPOSTOS;910000,0;910000,0;910000,0
9492247;531;2025-12-19 00:00:00;PM VARJAO DE MINAS;01.609.780/0001-34;1231;SEAPA;SECRETARIA DE ESTADO DE AGRICULTURA, PECUARIA E ABASTECIMENTO;41;CONTRIBUICOES;1;CONTRIBUICOES;15;RECURSOS ORDINARIOS - OUTROS RECURSOS NAO VINCULADOS;386100,0;386100,0;0,0
9492248;541;2025-12-19 00:00:00;PM SANTA RITA DE MINAS;66.229.584/0001-80;1231;SEAPA;SECRETARIA DE ESTADO DE AGRICULTURA, PECUARIA E ABASTECIMENTO;41;CONTRIBUICOES;1;CONTRIBUICOES;15;RECURSOS ORDINARIOS - OUTROS RECURSOS NAO VINCULADOS;854865,0;854865,0;854865,0
9492250;746;2025-12-19 00:00:00;PM RIO VERMELHO;18.303.255/0001-99;1481;SEDESE;SECRETARIA DE ESTADO DE DESENVOLVIMENTO SOCIAL;42;AUXILIOS;1;AUXILIOS;15;RECURSOS ORDINARIOS - OUTROS RECURSOS NAO VINCULADOS;1000000,0;1000000,0;1000000,0
9492251;539;2025-12-19 00:00:00;PM ITANHANDU;18.186.718/0001-80;1231;SEAPA;SECRETARIA DE ESTADO DE AGRICULTURA, PECUARIA E ABASTECIMENTO;41;CONTRIBUICOES;1;CONTRIBUICOES;15;RECURSOS ORDINARIOS - OUTROS RECURSOS NAO VINCULADOS;1032463,69;1032463,69;1032463,69
9492253;613;2025-12-19 00:00:00;PM MONTES CLAROS;22.678.874/0001-35;1481;SEDESE;SECRETARIA DE ESTADO DE DESENVOLVIMENTO SOCIAL;41;CONTRIBUICOES;1;CONTRIBUICOES;38;TRANSFERENCIAS DA UNIAO VINCULADAS AO ESPORTE;91904,37;91904,37;91904,37
9492255;542;2025-12-19 00:00:00;PM IBITIURA DE MINAS;18.178.962/0001-09;1231;SEAPA;SECRETARIA DE ESTADO DE AGRICULTURA, PECUARIA E ABASTECIMENTO;41;CONTRIBUICOES;1;CONTRIBUICOES;15;RECURSOS ORDINARIOS - OUTROS RECURSOS NAO VINCULADOS;1166739,79;1166739,79;1166739,79
9492258;538;2025-12-19 00:00:00;PM SAO JOAO DEL REI;17.749.896/0001-09;1231;SEAPA;SECRETARIA DE ESTADO DE AGRICULTURA, PECUARIA E ABASTECIMENTO;41;CONTRIBUICOES;1;CONTRIBUICOES;15;RECURSOS ORDINARIOS - OUTROS RECURSOS NAO VINCULADOS;3129849,05;3129849,05;3129849,05
9492271;526;2025-12-19 00:00:00;PM BIAS FORTES;18.094.771/0001-50;1231;SEAPA;SECRETARIA DE ESTADO DE AGRICULTURA, PECUARIA E ABASTECIMENTO;41;CONTRIBUICOES;1;CONTRIBUICOES;15;RECURSOS ORDINARIOS - OUTROS RECURSOS NAO VINCULADOS;342000,0;342000,0;342000,0
9492274;537;2025-12-19 00:00:00;PM VARZELANDIA;18.017.467/0001-00;1231;SEAPA;SECRETARIA DE ESTADO DE AGRICULTURA, PECUARIA E ABASTECIMENTO;41;CONTRIBUICOES;1;CONTRIBUICOES;15;RECURSOS ORDINARIOS - OUTROS RECURSOS NAO VINCULADOS;1102358,4;1102358,4;1102358,4
9492281;533;2025-12-19 00:00:00;PM RESENDE COSTA;17.749.912/0001-63;1231;SEAPA;SECRETARIA DE ESTADO DE AGRICULTURA, PECUARIA E ABASTECIMENTO;41;CONTRIBUICOES;1;CONTRIBUICOES;15;RECURSOS ORDINARIOS - OUTROS RECURSOS NAO VINCULADOS;1000000,0;1000000,0;1000000,0
9492283;589;2025-12-29 00:00:00;FEDERACAO MONTEAZULENSE ASSIST ASSOC BAIRROS, RURAIS CONS COMUNIT;49.445.930/0001-48;1231;SEAPA;SECRETARIA DE ESTADO DE AGRICULTURA, PECUARIA E ABASTECIMENTO;41;CONTRIBUICOES;1;CONTRIBUICOES;10;RECURSOS ORDINARIOS - RECURSOS NAO VINCULADOS DE IMPOSTOS;212303,0;212303,0;212303,0
9492284;552;2025-12-23 00:00:00;COOPERATIVA DOS AF E AGROEXTRATIVISTAS DO VALE DO PERUACU LTDA;27.893.201/0001-11;1231;SEAPA;SECRETARIA DE ESTADO DE AGRICULTURA, PECUARIA E ABASTECIMENTO;41;CONTRIBUICOES;1;CONTRIBUICOES;59;OUTROS RECURSOS VINCULADOS;401796,52;401796,52;401796,52
9492285;574;2025-12-24 00:00:00;COOPERATIVA DOS AGRICULTORES FAMILIARES E AGROEXTRATIVISTAS GRANDE SER;05.866.105/0001-41;1231;SEAPA;SECRETARIA DE ESTADO DE AGRICULTURA, PECUARIA E ABASTECIMENTO;41;CONTRIBUICOES;1;CONTRIBUICOES;59;OUTROS RECURSOS VINCULADOS;477000,0;477000,0;477000,0
9492286;535;2025-12-19 00:00:00;PM DIVINESIA;18.128.280/0001-83;1231;SEAPA;SECRETARIA DE ESTADO DE AGRICULTURA, PECUARIA E ABASTECIMENTO;41;CONTRIBUICOES;1;CONTRIBUICOES;15;RECURSOS ORDINARIOS - OUTROS RECURSOS NAO VINCULADOS;857020,23;857020,23;857020,23
9492287;528;2025-12-19 00:00:00;PM CORDISLANDIA;18.712.166/0001-04;1231;SEAPA;SECRETARIA DE ESTADO DE AGRICULTURA, PECUARIA E ABASTECIMENTO;41;CONTRIBUICOES;1;CONTRIBUICOES;15;RECURSOS ORDINARIOS - OUTROS RECURSOS NAO VINCULADOS;772200,0;772200,0;772200,0
9492288;525;2025-12-19 00:00:00;PM OLARIA;18.338.202/0001-03;1231;SEAPA;SECRETARIA DE ESTADO DE AGRICULTURA, PECUARIA E ABASTECIMENTO;41;CONTRIBUICOES;1;CONTRIBUICOES;15;RECURSOS ORDINARIOS - OUTROS RECURSOS NAO VINCULADOS;337637,64;337637,64;337637,64
9492289;554;2025-12-23 00:00:00;NUCLEO GESTOR DA CADEIA PRODUTIVA DO PEQUI E OUTROS FRUTOS DO CERRADO;16.921.242/0001-58;1231;SEAPA;SECRETARIA DE ESTADO DE AGRICULTURA, PECUARIA E ABASTECIMENTO;41;CONTRIBUICOES;1;CONTRIBUICOES;59;OUTROS RECURSOS VINCULADOS;455411,62;455411,62;455411,62
9492291;580;2025-12-25 00:00:00;PM ANDRADAS;17.884.412/0001-34;1231;SEAPA;SECRETARIA DE ESTADO DE AGRICULTURA, PECUARIA E ABASTECIMENTO;41;CONTRIBUICOES;1;CONTRIBUICOES;10;RECURSOS ORDINARIOS - RECURSOS NAO VINCULADOS DE IMPOSTOS;516259,3;516259,3;516259,3
9492292;523;2025-12-19 00:00:00;PM MURIAE;17.947.581/0001-76;1231;SEAPA;SECRETARIA DE ESTADO DE AGRICULTURA, PECUARIA E ABASTECIMENTO;41;CONTRIBUICOES;1;CONTRIBUICOES;15;RECURSOS ORDINARIOS - OUTROS RECURSOS NAO VINCULADOS;5000000,0;5000000,0;5000000,0
9492293;524;2025-12-19 00:00:00;PM LUZ;18.301.036/0001-70;1231;SEAPA;SECRETARIA DE ESTADO DE AGRICULTURA, PECUARIA E ABASTECIMENTO;41;CONTRIBUICOES;1;CONTRIBUICOES;15;RECURSOS ORDINARIOS - OUTROS RECURSOS NAO VINCULADOS;342000,0;342000,0;342000,0
9492295;521;2025-12-19 00:00:00;PM FREI GASPAR;18.404.913/0001-39;1231;SEAPA;SECRETARIA DE ESTADO DE AGRICULTURA, PECUARIA E ABASTECIMENTO;41;CONTRIBUICOES;1;CONTRIBUICOES;15;RECURSOS ORDINARIOS - OUTROS RECURSOS NAO VINCULADOS;3000000,0;3000000,0;3000000,0
9492296;579;2025-12-25 00:00:00;PM FAMA;18.243.253/0001-51;1231;SEAPA;SECRETARIA DE ESTADO DE AGRICULTURA, PECUARIA E ABASTECIMENTO;41;CONTRIBUICOES;1;CONTRIBUICOES;10;RECURSOS ORDINARIOS - RECURSOS NAO VINCULADOS DE IMPOSTOS;600000,0;600000,0;0,0
9492325;752;2025-12-22 00:00:00;PM RIBEIRAO DAS NEVES;18.314.609/0001-09;1481;SEDESE;SECRETARIA DE ESTADO DE DESENVOLVIMENTO SOCIAL;42;AUXILIOS;1;AUXILIOS;15;RECURSOS ORDINARIOS - OUTROS RECURSOS NAO VINCULADOS;400000,0;400000,0;400000,0
9492327;3877;2025-12-22 00:00:00;PM CARMO DA MATA;18.312.967/0001-74;1491;SEGOV;SECRETARIA DE ESTADO DE GOVERNO;42;AUXILIOS;1;AUXILIOS;15;RECURSOS ORDINARIOS - OUTROS RECURSOS NAO VINCULADOS;550000,0;550000,0;550000,0
9492328;3880;2025-12-22 00:00:00;PM DOM JOAQUIM;18.303.198/0001-48;1491;SEGOV;SECRETARIA DE ESTADO DE GOVERNO;42;AUXILIOS;1;AUXILIOS;15;RECURSOS ORDINARIOS - OUTROS RECURSOS NAO VINCULADOS;124480,32;124480,32;124480,32
9492329;3879;2025-12-22 00:00:00;PM CENTRAL DE MINAS;17.990.714/0001-97;1491;SEGOV;SECRETARIA DE ESTADO DE GOVERNO;42;AUXILIOS;1;AUXILIOS;15;RECURSOS ORDINARIOS - OUTROS RECURSOS NAO VINCULADOS;1000000,0;1000000,0;1000000,0
9492330;3878;2025-12-22 00:00:00;PM CONCEICAO DOS OUROS;18.677.609/0001-65;1491;SEGOV;SECRETARIA DE ESTADO DE GOVERNO;42;AUXILIOS;1;AUXILIOS;15;RECURSOS ORDINARIOS - OUTROS RECURSOS NAO VINCULADOS;124475,4;124475,4;124475,4
9492331;188;2025-12-22 00:00:00;INSTITUTO DE PARTICIPACAO E EDUCACAO;20.216.131/0001-18;1491;SEGOV;SECRETARIA DE ESTADO DE GOVERNO;42;AUXILIOS;1;AUXILIOS;10;RECURSOS ORDINARIOS - RECURSOS NAO VINCULADOS DE IMPOSTOS;100000,0;100000,0;100000,0
9492332;3881;2025-12-22 00:00:00;PM ITABIRITO;18.307.835/0001-54;1491;SEGOV;SECRETARIA DE ESTADO DE GOVERNO;42;AUXILIOS;1;AUXILIOS;15;RECURSOS ORDINARIOS - OUTROS RECURSOS NAO VINCULADOS;307845,61;307845,61;307845,61
9492333;3882;2025-12-22 00:00:00;PM TAPIRAI;20.920.625/0001-89;1491;SEGOV;SECRETARIA DE ESTADO DE GOVERNO;42;AUXILIOS;1;AUXILIOS;15;RECURSOS ORDINARIOS - OUTROS RECURSOS NAO VINCULADOS;124480,32;124480,32;124480,32
9492334;2999;2025-12-23 00:00:00;PM PEDRA BONITA;01.640.429/0001-06;1261;SEE;SECRETARIA DE ESTADO DE EDUCACAO;42;AUXILIOS;1;AUXILIOS;21;COTA ESTADUAL DO SALARIO EDUCACAO - QESE;200000,0;200000,0;200000,0
9492335;3000;2025-12-23 00:00:00;PM FORMOSO;18.125.153/0001-20;1261;SEE;SECRETARIA DE ESTADO DE EDUCACAO;42;AUXILIOS;1;AUXILIOS;21;COTA ESTADUAL DO SALARIO EDUCACAO - QESE;324048,01;324048,01;324048,01
9492336;3004;2025-12-23 00:00:00;PM ARGIRITA;17.730.011/0001-20;1261;SEE;SECRETARIA DE ESTADO DE EDUCACAO;42;AUXILIOS;1;AUXILIOS;21;COTA ESTADUAL DO SALARIO EDUCACAO - QESE;198311,68;198311,68;198311,68
9492337;3005;2025-12-23 00:00:00;PM NOVA PONTE;18.159.905/0001-74;1261;SEE;SECRETARIA DE ESTADO DE EDUCACAO;42;AUXILIOS;1;AUXILIOS;21;COTA ESTADUAL DO SALARIO EDUCACAO - QESE;400000,0;400000,0;400000,0
9492338;3008;2025-12-23 00:00:00;PM INIMUTABA;17.694.860/0001-75;1261;SEE;SECRETARIA DE ESTADO DE EDUCACAO;42;AUXILIOS;1;AUXILIOS;21;COTA ESTADUAL DO SALARIO EDUCACAO - QESE;324048,01;324048,01;324048,01
9492339;3007;2025-12-23 00:00:00;PM MEDEIROS;20.920.617/0001-32;1261;SEE;SECRETARIA DE ESTADO DE EDUCACAO;42;AUXILIOS;1;AUXILIOS;21;COTA ESTADUAL DO SALARIO EDUCACAO - QESE;648096,02;648096,02;648096,02
9492340;3009;2025-12-23 00:00:00;PM MOEDA;18.363.952/0001-35;1261;SEE;SECRETARIA DE ESTADO DE EDUCACAO;42;AUXILIOS;1;AUXILIOS;21;COTA ESTADUAL DO SALARIO EDUCACAO - QESE;564312,55;564312,55;564312,55
9492341;3010;2025-12-23 00:00:00;PM RIO MANSO;18.363.978/0001-83;1261;SEE;SECRETARIA DE ESTADO DE EDUCACAO;42;AUXILIOS;1;AUXILIOS;21;COTA ESTADUAL DO SALARIO EDUCACAO - QESE;510959,93;510959,93;510959,93
9492342;3011;2025-12-23 00:00:00;PM BUENOPOLIS;17.694.852/0001-29;1261;SEE;SECRETARIA DE ESTADO DE EDUCACAO;42;AUXILIOS;1;AUXILIOS;21;COTA ESTADUAL DO SALARIO EDUCACAO - QESE;510959,93;510959,93;510959,93
9492343;3012;2025-12-23 00:00:00;PM DORES DE GUANHAES;18.307.413/0001-89;1261;SEE;SECRETARIA DE ESTADO DE EDUCACAO;42;AUXILIOS;1;AUXILIOS;21;COTA ESTADUAL DO SALARIO EDUCACAO - QESE;324048,01;324048,01;324048,01
9492344;3013;2025-12-23 00:00:00;PM MADRE DE DEUS DE MINAS;18.029.371/0001-61;1261;SEE;SECRETARIA DE ESTADO DE EDUCACAO;42;AUXILIOS;1;AUXILIOS;21;COTA ESTADUAL DO SALARIO EDUCACAO - QESE;564312,55;564312,55;564312,55
9492345;3014;2025-12-23 00:00:00;PM PAINEIRAS;18.296.673/0001-04;1261;SEE;SECRETARIA DE ESTADO DE EDUCACAO;42;AUXILIOS;1;AUXILIOS;21;COTA ESTADUAL DO SALARIO EDUCACAO - QESE;510959,93;510959,93;510959,93
9492346;3019;2025-12-23 00:00:00;PM DOM VICOSO;18.188.268/0001-64;1261;SEE;SECRETARIA DE ESTADO DE EDUCACAO;42;AUXILIOS;1;AUXILIOS;21;COTA ESTADUAL DO SALARIO EDUCACAO - QESE;972144,03;972144,03;972144,03
9492347;3015;2025-12-23 00:00:00;PM ELOI MENDES;20.347.225/0001-26;1261;SEE;SECRETARIA DE ESTADO DE EDUCACAO;42;AUXILIOS;1;AUXILIOS;21;COTA ESTADUAL DO SALARIO EDUCACAO - QESE;650000,0;650000,0;650000,0
9492348;3017;2025-12-23 00:00:00;PM NOVA UNIAO;18.302.307/0001-02;1261;SEE;SECRETARIA DE ESTADO DE EDUCACAO;42;AUXILIOS;1;AUXILIOS;21;COTA ESTADUAL DO SALARIO EDUCACAO - QESE;510959,93;510959,93;510959,93
9492349;3018;2025-12-23 00:00:00;PM IBIA;18.584.961/0001-56;1261;SEE;SECRETARIA DE ESTADO DE EDUCACAO;42;AUXILIOS;1;AUXILIOS;21;COTA ESTADUAL DO SALARIO EDUCACAO - QESE;1054644,49;1054644,49;1054644,49
9492350;3016;2025-12-23 00:00:00;PM ESTRELA DO SUL;18.592.162/0001-21;1261;SEE;SECRETARIA DE ESTADO DE EDUCACAO;42;AUXILIOS;1;AUXILIOS;21;COTA ESTADUAL DO SALARIO EDUCACAO - QESE;564312,55;564312,55;564312,55
9492351;3006;2025-12-23 00:00:00;PM POCOS DE CALDAS;18.629.840/0001-83;1261;SEE;SECRETARIA DE ESTADO DE EDUCACAO;42;AUXILIOS;1;AUXILIOS;21;COTA ESTADUAL DO SALARIO EDUCACAO - QESE;200000,0;200000,0;200000,0
9492352;537;2025-12-23 00:00:00;PM CAMPOS ALTOS;18.298.190/0001-30;1301;SEINFRA;SECRETARIA DE ESTADO DE INFRAESTRUTURA, MOBILIDADE E PARCERIAS;42;AUXILIOS;1;AUXILIOS;32;EXPLORACAO DE RECURSOS MINERAIS;2800000,0;2800000,0;2800000,0
9492379;538;2025-12-23 00:00:00;PM RIO CASCA;18.836.957/0001-38;1301;SEINFRA;SECRETARIA DE ESTADO DE INFRAESTRUTURA, MOBILIDADE E PARCERIAS;42;AUXILIOS;1;AUXILIOS;15;RECURSOS ORDINARIOS - OUTROS RECURSOS NAO VINCULADOS;1042823,4;1042823,4;1042823,4
9492380;539;2025-12-23 00:00:00;PM BURITIS;18.125.146/0001-29;1301;SEINFRA;SECRETARIA DE ESTADO DE INFRAESTRUTURA, MOBILIDADE E PARCERIAS;42;AUXILIOS;1;AUXILIOS;15;RECURSOS ORDINARIOS - OUTROS RECURSOS NAO VINCULADOS;300000,0;300000,0;300000,0
9492381;540;2025-12-23 00:00:00;PM UBAI;18.017.459/0001-63;1301;SEINFRA;SECRETARIA DE ESTADO DE INFRAESTRUTURA, MOBILIDADE E PARCERIAS;42;AUXILIOS;1;AUXILIOS;15;RECURSOS ORDINARIOS - OUTROS RECURSOS NAO VINCULADOS;500000,0;500000,0;500000,0
9492385;5868;2025-12-22 00:00:00;PM RIO MANSO;18.363.978/0001-83;1271;SECULT;SECRETARIA DE ESTADO DE CULTURA E TURISMO;41;CONTRIBUICOES;1;CONTRIBUICOES;15;RECURSOS ORDINARIOS - OUTROS RECURSOS NAO VINCULADOS;150000,0;150000,0;150000,0
9492386;5870;2025-12-22 00:00:00;PM FERROS;18.299.529/0001-13;1271;SECULT;SECRETARIA DE ESTADO DE CULTURA E TURISMO;41;CONTRIBUICOES;1;CONTRIBUICOES;15;RECURSOS ORDINARIOS - OUTROS RECURSOS NAO VINCULADOS;140000,0;140000,0;140000,0
9492388;5866;2025-12-22 00:00:00;VALEMAIS- INSTITUTO SOCIOCULTURAL DO JEQUITINHONHA;06.036.527/0001-52;1271;SECULT;SECRETARIA DE ESTADO DE CULTURA E TURISMO;41;CONTRIBUICOES;1;CONTRIBUICOES;10;RECURSOS ORDINARIOS - RECURSOS NAO VINCULADOS DE IMPOSTOS;400000,0;400000,0;400000,0
9492410;753;2025-12-22 00:00:00;PM SAO GONCALO DO SAPUCAI;18.712.158/0001-50;1481;SEDESE;SECRETARIA DE ESTADO DE DESENVOLVIMENTO SOCIAL;42;AUXILIOS;1;AUXILIOS;15;RECURSOS ORDINARIOS - OUTROS RECURSOS NAO VINCULADOS;305054,51;305054,51;305054,51
9492413;759;2025-12-22 00:00:00;ASSOC. DOS DEFICIENTES VISUAIS DE SETE LAGOAS;18.272.211/0001-49;1481;SEDESE;SECRETARIA DE ESTADO DE DESENVOLVIMENTO SOCIAL;43;SUBVENCOES SOCIAIS;1;SUBVENCOES SOCIAIS;10;RECURSOS ORDINARIOS - RECURSOS NAO VINCULADOS DE IMPOSTOS;249999,0;249999,0;0,0
9492422;760;2025-12-22 00:00:00;INSTITUTO SOCIAL E CULTURAL DE ASSISTENCIA COMUNITARIA;23.264.439/0001-27;1481;SEDESE;SECRETARIA DE ESTADO DE DESENVOLVIMENTO SOCIAL;43;SUBVENCOES SOCIAIS;1;SUBVENCOES SOCIAIS;10;RECURSOS ORDINARIOS - RECURSOS NAO VINCULADOS DE IMPOSTOS;200000,0;200000,0;200000,0
9492425;755;2025-12-22 00:00:00;ASSOCIACAO MINEIRA PRO-VIDA AMIPRO;06.965.821/0001-49;1481;SEDESE;SECRETARIA DE ESTADO DE DESENVOLVIMENTO SOCIAL;43;SUBVENCOES SOCIAIS;1;SUBVENCOES SOCIAIS;10;RECURSOS ORDINARIOS - RECURSOS NAO VINCULADOS DE IMPOSTOS;49993,47;49993,47;49993,47
9492425;757;2025-12-22 00:00:00;ASSOCIACAO MINEIRA PRO-VIDA AMIPRO;06.965.821/0001-49;1481;SEDESE;SECRETARIA DE ESTADO DE DESENVOLVIMENTO SOCIAL;42;AUXILIOS;1;AUXILIOS;10;RECURSOS ORDINARIOS - RECURSOS NAO VINCULADOS DE IMPOSTOS;199941,98;199941,98;199941,98
9492428;754;2025-12-22 00:00:00;AMPARO MATERNAL EURIPEDES NOVELINO;23.097.645/0001-90;1481;SEDESE;SECRETARIA DE ESTADO DE DESENVOLVIMENTO SOCIAL;43;SUBVENCOES SOCIAIS;1;SUBVENCOES SOCIAIS;10;RECURSOS ORDINARIOS - RECURSOS NAO VINCULADOS DE IMPOSTOS;99748,73;99748,73;99748,73
9492442;758;2025-12-22 00:00:00;INSTITUTO INSPIRAR;22.569.758/0001-88;1481;SEDESE;SECRETARIA DE ESTADO DE DESENVOLVIMENTO SOCIAL;43;SUBVENCOES SOCIAIS;1;SUBVENCOES SOCIAIS;10;RECURSOS ORDINARIOS - RECURSOS NAO VINCULADOS DE IMPOSTOS;92290,6;92290,6;92290,6
9492443;756;2025-12-22 00:00:00;ASSOCIACAO DO COLETIVO DE MULHERES ORGANIZADAS DO NORTE DE MINAS;14.313.873/0001-69;1481;SEDESE;SECRETARIA DE ESTADO DE DESENVOLVIMENTO SOCIAL;43;SUBVENCOES SOCIAIS;1;SUBVENCOES SOCIAIS;10;RECURSOS ORDINARIOS - RECURSOS NAO VINCULADOS DE IMPOSTOS;109937,0;109937,0;109937,0
9492445;682;2025-12-22 00:00:00;PM INDAIABIRA;01.614.599/0001-16;1481;SEDESE;SECRETARIA DE ESTADO DE DESENVOLVIMENTO SOCIAL;41;CONTRIBUICOES;1;CONTRIBUICOES;71;RECURSOS DO FUNDO ESTADUAL DE ERRADICACAO DA MISERIA;19194,75;19194,75;19194,75
9492528;823;2025-12-23 00:00:00;ASSOCIACAO UNIDOS PELA SAUDE ANIMAL;50.010.598/0001-78;1371;SEMAD;SECRETARIA DE ESTADO DE MEIO AMBIENTE E DESENVOLVIMENTO SUSTENTAVEL;41;CONTRIBUICOES;1;CONTRIBUICOES;10;RECURSOS ORDINARIOS - RECURSOS NAO VINCULADOS DE IMPOSTOS;200000,0;200000,0;200000,0
9492529;558;2025-12-24 00:00:00;PM ICARAI DE MINAS;25.224.304/0001-63;1301;SEINFRA;SECRETARIA DE ESTADO DE INFRAESTRUTURA, MOBILIDADE E PARCERIAS;42;AUXILIOS;1;AUXILIOS;15;RECURSOS ORDINARIOS - OUTROS RECURSOS NAO VINCULADOS;300000,0;300000,0;300000,0
9492530;557;2025-12-24 00:00:00;PM MONTALVANIA;17.097.791/0001-12;1301;SEINFRA;SECRETARIA DE ESTADO DE INFRAESTRUTURA, MOBILIDADE E PARCERIAS;42;AUXILIOS;1;AUXILIOS;15;RECURSOS ORDINARIOS - OUTROS RECURSOS NAO VINCULADOS;300000,0;300000,0;300000,0
9492531;556;2025-12-24 00:00:00;PM SAO JOAO DE MANTENINHA;22.705.248/0001-90;1301;SEINFRA;SECRETARIA DE ESTADO DE INFRAESTRUTURA, MOBILIDADE E PARCERIAS;42;AUXILIOS;1;AUXILIOS;15;RECURSOS ORDINARIOS - OUTROS RECURSOS NAO VINCULADOS;1000000,0;1000000,0;1000000,0
9492532;555;2025-12-24 00:00:00;PM CAMPO DO MEIO;18.239.582/0001-29;1301;SEINFRA;SECRETARIA DE ESTADO DE INFRAESTRUTURA, MOBILIDADE E PARCERIAS;42;AUXILIOS;1;AUXILIOS;15;RECURSOS ORDINARIOS - OUTROS RECURSOS NAO VINCULADOS;500000,0;500000,0;0,0
9492534;5873;2025-12-23 00:00:00;PM MORRO DO PILAR;18.303.214/0001-00;1271;SECULT;SECRETARIA DE ESTADO DE CULTURA E TURISMO;41;CONTRIBUICOES;1;CONTRIBUICOES;15;RECURSOS ORDINARIOS - OUTROS RECURSOS NAO VINCULADOS;150480,0;150480,0;150480,0
9492536;634;2025-12-23 00:00:00;CENTRO INTEGRADO DE DESENVOLVIMENTO DO ESPORTE PARALIMPICO;00.832.668/0001-03;1481;SEDESE;SECRETARIA DE ESTADO DE DESENVOLVIMENTO SOCIAL;43;SUBVENCOES SOCIAIS;1;SUBVENCOES SOCIAIS;38;TRANSFERENCIAS DA UNIAO VINCULADAS AO ESPORTE;99932,16;99932,16;0,0
9492537;627;2025-12-23 00:00:00;ASSOCIACAO DE PAIS E AMIGOS DOS EXCEPCIONAIS - APAE;17.805.524/0001-52;1481;SEDESE;SECRETARIA DE ESTADO DE DESENVOLVIMENTO SOCIAL;43;SUBVENCOES SOCIAIS;1;SUBVENCOES SOCIAIS;38;TRANSFERENCIAS DA UNIAO VINCULADAS AO ESPORTE;91329,63;91329,63;91329,63
9492538;636;2025-12-23 00:00:00;LIGA IPATINGUENSE DE ESPORTES ESPECIALIZADOS;26.201.400/0001-59;1481;SEDESE;SECRETARIA DE ESTADO DE DESENVOLVIMENTO SOCIAL;43;SUBVENCOES SOCIAIS;1;SUBVENCOES SOCIAIS;38;TRANSFERENCIAS DA UNIAO VINCULADAS AO ESPORTE;99662,32;99662,32;0,0
9492539;542;2025-12-23 00:00:00;PM MONTES CLAROS;22.678.874/0001-35;1301;SEINFRA;SECRETARIA DE ESTADO DE INFRAESTRUTURA, MOBILIDADE E PARCERIAS;42;AUXILIOS;1;AUXILIOS;32;EXPLORACAO DE RECURSOS MINERAIS;1200000,0;1200000,0;1200000,0
9492540;763;2025-12-23 00:00:00;ASSOC. COM. SEMEANDO B.V.HASA,STA CLARA II JD. GLORIA E ADJ.;07.608.255/0001-80;1481;SEDESE;SECRETARIA DE ESTADO DE DESENVOLVIMENTO SOCIAL;42;AUXILIOS;1;AUXILIOS;10;RECURSOS ORDINARIOS - RECURSOS NAO VINCULADOS DE IMPOSTOS;327000,0;327000,0;327000,0
9492541;549;2025-12-23 00:00:00;PM ESPINOSA;18.650.952/0001-16;1301;SEINFRA;SECRETARIA DE ESTADO DE INFRAESTRUTURA, MOBILIDADE E PARCERIAS;42;AUXILIOS;1;AUXILIOS;15;RECURSOS ORDINARIOS - OUTROS RECURSOS NAO VINCULADOS;600000,0;600000,0;600000,0
9492542;631;2025-12-23 00:00:00;PM PASSABEM;18.299.511/0001-11;1481;SEDESE;SECRETARIA DE ESTADO DE DESENVOLVIMENTO SOCIAL;41;CONTRIBUICOES;1;CONTRIBUICOES;38;TRANSFERENCIAS DA UNIAO VINCULADAS AO ESPORTE;98841,6;98841,6;0,0
9492543;6829;2025-12-23 00:00:00;SANTA CASA DA MISERICORDIA DE SAO JOAO DEL REI;24.729.097/0001-36;4291;FES;FUNDO ESTADUAL DE SAUDE;42;AUXILIOS;1;AUXILIOS;10;RECURSOS ORDINARIOS - RECURSOS NAO VINCULADOS DE IMPOSTOS;3590000,0;3590000,0;3590000,0
9492544;761;2025-12-23 00:00:00;ASSOCIACAO INSTITUTO SOCIOAMBIENTAL DE VICOSA;09.242.409/0001-99;1481;SEDESE;SECRETARIA DE ESTADO DE DESENVOLVIMENTO SOCIAL;43;SUBVENCOES SOCIAIS;1;SUBVENCOES SOCIAIS;10;RECURSOS ORDINARIOS - RECURSOS NAO VINCULADOS DE IMPOSTOS;100000,0;100000,0;100000,0
9492545;626;2025-12-23 00:00:00;PM SANTO ANTONIO DO RIO ABAIXO;18.303.248/0001-97;1481;SEDESE;SECRETARIA DE ESTADO DE DESENVOLVIMENTO SOCIAL;41;CONTRIBUICOES;1;CONTRIBUICOES;38;TRANSFERENCIAS DA UNIAO VINCULADAS AO ESPORTE;98849,4;98849,4;0,0
9492546;6828;2025-12-23 00:00:00;PM JANUARIA;21.461.546/0001-10;4291;FES;FUNDO ESTADUAL DE SAUDE;42;AUXILIOS;1;AUXILIOS;10;RECURSOS ORDINARIOS - RECURSOS NAO VINCULADOS DE IMPOSTOS;5500000,0;5500000,0;5500000,0
9492547;3042;2025-12-23 00:00:00;PM GONCALVES;18.025.932/0001-54;1261;SEE;SECRETARIA DE ESTADO DE EDUCACAO;42;AUXILIOS;1;AUXILIOS;21;COTA ESTADUAL DO SALARIO EDUCACAO - QESE;871450,16;871450,16;871450,16
9492548;3043;2025-12-23 00:00:00;PM BOM REPOUSO;18.675.892/0001-96;1261;SEE;SECRETARIA DE ESTADO DE EDUCACAO;42;AUXILIOS;1;AUXILIOS;21;COTA ESTADUAL DO SALARIO EDUCACAO - QESE;564312,55;564312,55;564312,55
9492549;3044;2025-12-23 00:00:00;PM IBIRACATU;01.612.477/0001-90;1261;SEE;SECRETARIA DE ESTADO DE EDUCACAO;42;AUXILIOS;1;AUXILIOS;21;COTA ESTADUAL DO SALARIO EDUCACAO - QESE;510959,93;510959,93;510959,93
9492550;639;2025-12-23 00:00:00;ASSOCIACAO DOS SURDOS MUDOS DE UBERLANDIA ASUL;21.247.010/0001-04;1481;SEDESE;SECRETARIA DE ESTADO DE DESENVOLVIMENTO SOCIAL;43;SUBVENCOES SOCIAIS;1;SUBVENCOES SOCIAIS;38;TRANSFERENCIAS DA UNIAO VINCULADAS AO ESPORTE;71058,0;71058,0;71058,0
9492551;6830;2025-12-27 00:00:00;BENEFICENCIA SOCIAL BOM SAMARITANO;22.709.109/0001-35;4291;FES;FUNDO ESTADUAL DE SAUDE;42;AUXILIOS;1;AUXILIOS;10;RECURSOS ORDINARIOS - RECURSOS NAO VINCULADOS DE IMPOSTOS;2211000,0;2211000,0;2211000,0
9492552;3045;2025-12-23 00:00:00;PM FRANCISCO SA;22.681.423/0001-57;1261;SEE;SECRETARIA DE ESTADO DE EDUCACAO;42;AUXILIOS;1;AUXILIOS;21;COTA ESTADUAL DO SALARIO EDUCACAO - QESE;778841,09;778841,09;778841,09
9492553;3046;2025-12-23 00:00:00;PM ITACARAMBI;18.283.101/0001-82;1261;SEE;SECRETARIA DE ESTADO DE EDUCACAO;42;AUXILIOS;1;AUXILIOS;21;COTA ESTADUAL DO SALARIO EDUCACAO - QESE;800000,0;800000,0;800000,0
9492554;3048;2025-12-23 00:00:00;PM SAO ROQUE DE MINAS;18.306.670/0001-04;1261;SEE;SECRETARIA DE ESTADO DE EDUCACAO;42;AUXILIOS;1;AUXILIOS;21;COTA ESTADUAL DO SALARIO EDUCACAO - QESE;888360,56;888360,56;888360,56
9492555;628;2025-12-23 00:00:00;ASSOCIACAO DOS SURDOS DE BETIM;02.566.745/0001-48;1481;SEDESE;SECRETARIA DE ESTADO DE DESENVOLVIMENTO SOCIAL;43;SUBVENCOES SOCIAIS;1;SUBVENCOES SOCIAIS;38;TRANSFERENCIAS DA UNIAO VINCULADAS AO ESPORTE;99981,38;99981,38;0,0
9492556;764;2025-12-23 00:00:00;GRUPO DE AMIGOS DA CRIAN$A;26.386.425/0001-74;1481;SEDESE;SECRETARIA DE ESTADO DE DESENVOLVIMENTO SOCIAL;43;SUBVENCOES SOCIAIS;1;SUBVENCOES SOCIAIS;10;RECURSOS ORDINARIOS - RECURSOS NAO VINCULADOS DE IMPOSTOS;124038,16;124038,16;124038,16
9492556;766;2025-12-23 00:00:00;GRUPO DE AMIGOS DA CRIAN$A;26.386.425/0001-74;1481;SEDESE;SECRETARIA DE ESTADO DE DESENVOLVIMENTO SOCIAL;42;AUXILIOS;1;AUXILIOS;10;RECURSOS ORDINARIOS - RECURSOS NAO VINCULADOS DE IMPOSTOS;24974,34;24974,34;24974,34
9492558;624;2025-12-23 00:00:00;ASSOCIACAO DOS PAIS E AMIGOS DOS EXCEPCIONAIS-;17.839.937/0001-58;1481;SEDESE;SECRETARIA DE ESTADO DE DESENVOLVIMENTO SOCIAL;43;SUBVENCOES SOCIAIS;1;SUBVENCOES SOCIAIS;38;TRANSFERENCIAS DA UNIAO VINCULADAS AO ESPORTE;100000,0;100000,0;0,0
9492559;3049;2025-12-23 00:00:00;PM CATUGI;26.218.636/0001-06;1261;SEE;SECRETARIA DE ESTADO DE EDUCACAO;42;AUXILIOS;1;AUXILIOS;21;COTA ESTADUAL DO SALARIO EDUCACAO - QESE;778841,49;778841,49;778841,49
9492560;765;2025-12-23 00:00:00;ASSOCIACAO BENEFICENTE MENINO JESUS;02.225.872/0001-83;1481;SEDESE;SECRETARIA DE ESTADO DE DESENVOLVIMENTO SOCIAL;43;SUBVENCOES SOCIAIS;1;SUBVENCOES SOCIAIS;10;RECURSOS ORDINARIOS - RECURSOS NAO VINCULADOS DE IMPOSTOS;100000,0;100000,0;100000,0
9492561;3050;2025-12-23 00:00:00;PM CATUGI;26.218.636/0001-06;1261;SEE;SECRETARIA DE ESTADO DE EDUCACAO;42;AUXILIOS;1;AUXILIOS;21;COTA ESTADUAL DO SALARIO EDUCACAO - QESE;778841,49;778841,49;778841,49
9492562;3051;2025-12-23 00:00:00;PM SENADOR FIRMINO;18.128.231/0001-40;1261;SEE;SECRETARIA DE ESTADO DE EDUCACAO;42;AUXILIOS;1;AUXILIOS;21;COTA ESTADUAL DO SALARIO EDUCACAO - QESE;564312,55;564312,55;564312,55
9492563;629;2025-12-23 00:00:00;ASSOCIACAO DEFICIENTES FISICOS DE UBERABA;26.040.691/0001-40;1481;SEDESE;SECRETARIA DE ESTADO DE DESENVOLVIMENTO SOCIAL;43;SUBVENCOES SOCIAIS;1;SUBVENCOES SOCIAIS;38;TRANSFERENCIAS DA UNIAO VINCULADAS AO ESPORTE;99580,26;99580,26;0,0
9492564;630;2025-12-23 00:00:00;SPARTAN SPORT;46.199.148/0001-06;1481;SEDESE;SECRETARIA DE ESTADO DE DESENVOLVIMENTO SOCIAL;43;SUBVENCOES SOCIAIS;1;SUBVENCOES SOCIAIS;38;TRANSFERENCIAS DA UNIAO VINCULADAS AO ESPORTE;97716,44;97716,44;97716,44
9492565;623;2025-12-23 00:00:00;ASSOCIACAO MINEIRA DE REABILITACAO;17.221.615/0001-40;1481;SEDESE;SECRETARIA DE ESTADO DE DESENVOLVIMENTO SOCIAL;43;SUBVENCOES SOCIAIS;1;SUBVENCOES SOCIAIS;38;TRANSFERENCIAS DA UNIAO VINCULADAS AO ESPORTE;99980,64;99980,64;0,0
9492566;768;2025-12-23 00:00:00;ASSOCIACAO MARIA DE PROTECAO E APOIO AOS RAROS - AMPARA;33.113.744/0001-71;1481;SEDESE;SECRETARIA DE ESTADO DE DESENVOLVIMENTO SOCIAL;42;AUXILIOS;1;AUXILIOS;10;RECURSOS ORDINARIOS - RECURSOS NAO VINCULADOS DE IMPOSTOS;4751758,76;4751758,76;4751758,76
9492567;767;2025-12-23 00:00:00;ASSOCIACAO DE MORADORES DA COMUNIDADE QUILOMBOLA DE SAO SEBASTIAO DA B;01.804.856/0001-82;1481;SEDESE;SECRETARIA DE ESTADO DE DESENVOLVIMENTO SOCIAL;42;AUXILIOS;1;AUXILIOS;10;RECURSOS ORDINARIOS - RECURSOS NAO VINCULADOS DE IMPOSTOS;100000,0;100000,0;100000,0
9492568;3052;2025-12-23 00:00:00;PM CONCEICAO DO MATO DENTRO;18.303.156/0001-07;1261;SEE;SECRETARIA DE ESTADO DE EDUCACAO;42;AUXILIOS;1;AUXILIOS;21;COTA ESTADUAL DO SALARIO EDUCACAO - QESE;3211426,3;3211426,3;3211426,3
9492569;3053;2025-12-23 00:00:00;PM INDIANOPOLIS;18.259.390/0001-84;1261;SEE;SECRETARIA DE ESTADO DE EDUCACAO;42;AUXILIOS;1;AUXILIOS;21;COTA ESTADUAL DO SALARIO EDUCACAO - QESE;1128625,1;1128625,1;1128625,1
9492570;3054;2025-12-24 00:00:00;PM MONJOLOS;17.754.169/0001-30;1261;SEE;SECRETARIA DE ESTADO DE EDUCACAO;42;AUXILIOS;1;AUXILIOS;21;COTA ESTADUAL DO SALARIO EDUCACAO - QESE;645468,02;645468,02;645468,02
9492571;190;2025-12-23 00:00:00;APAE / NOVA SERRANA;00.121.538/0001-54;1491;SEGOV;SECRETARIA DE ESTADO DE GOVERNO;42;AUXILIOS;1;AUXILIOS;10;RECURSOS ORDINARIOS - RECURSOS NAO VINCULADOS DE IMPOSTOS;100000,0;100000,0;100000,0
9492572;3883;2025-12-23 00:00:00;PM MORRO DA GARCA;17.695.040/0001-06;1491;SEGOV;SECRETARIA DE ESTADO DE GOVERNO;42;AUXILIOS;1;AUXILIOS;15;RECURSOS ORDINARIOS - OUTROS RECURSOS NAO VINCULADOS;73468,37;73468,37;73468,37
9492574;762;2025-12-23 00:00:00;CENTRO DE TECNOLOGIAS ALTERNATIVAS DA ZONA DA MATA;20.323.796/0001-20;1481;SEDESE;SECRETARIA DE ESTADO DE DESENVOLVIMENTO SOCIAL;43;SUBVENCOES SOCIAIS;1;SUBVENCOES SOCIAIS;10;RECURSOS ORDINARIOS - RECURSOS NAO VINCULADOS DE IMPOSTOS;99997,38;99997,38;99997,38
9492575;3899;2025-12-23 00:00:00;PM SAO JOAO DE MANTENINHA;22.705.248/0001-90;1491;SEGOV;SECRETARIA DE ESTADO DE GOVERNO;42;AUXILIOS;1;AUXILIOS;15;RECURSOS ORDINARIOS - OUTROS RECURSOS NAO VINCULADOS;1200000,0;1200000,0;1200000,0
9492576;635;2025-12-23 00:00:00;PM CONCEICAO DE IPANEMA;18.334.300/0001-72;1481;SEDESE;SECRETARIA DE ESTADO DE DESENVOLVIMENTO SOCIAL;41;CONTRIBUICOES;1;CONTRIBUICOES;38;TRANSFERENCIAS DA UNIAO VINCULADAS AO ESPORTE;98604,0;98604,0;0,0
9492578;771;2025-12-23 00:00:00;INSTITUTO NACIONAL PARA O DESENVOLVIMENTO DA EDUCACAO;08.595.229/0001-28;1481;SEDESE;SECRETARIA DE ESTADO DE DESENVOLVIMENTO SOCIAL;43;SUBVENCOES SOCIAIS;1;SUBVENCOES SOCIAIS;10;RECURSOS ORDINARIOS - RECURSOS NAO VINCULADOS DE IMPOSTOS;188503,7;188503,7;188503,7
9492579;3897;2025-12-23 00:00:00;PM BOA ESPERANCA;18.239.590/0001-75;1491;SEGOV;SECRETARIA DE ESTADO DE GOVERNO;42;AUXILIOS;1;AUXILIOS;15;RECURSOS ORDINARIOS - OUTROS RECURSOS NAO VINCULADOS;705752,33;705752,33;705752,33
9492580;3919;2025-12-23 00:00:00;PM CAMPESTRE;18.178.400/0001-57;1491;SEGOV;SECRETARIA DE ESTADO DE GOVERNO;42;AUXILIOS;1;AUXILIOS;15;RECURSOS ORDINARIOS - OUTROS RECURSOS NAO VINCULADOS;1029402,0;1029402,0;1029402,0
9492581;637;2025-12-23 00:00:00;PM TRES CORACOES;17.955.535/0001-19;1481;SEDESE;SECRETARIA DE ESTADO DE DESENVOLVIMENTO SOCIAL;41;CONTRIBUICOES;1;CONTRIBUICOES;38;TRANSFERENCIAS DA UNIAO VINCULADAS AO ESPORTE;0,0;0,0;0,0
9492581;638;2025-12-23 00:00:00;PM TRES CORACOES;17.955.535/0001-19;1481;SEDESE;SECRETARIA DE ESTADO DE DESENVOLVIMENTO SOCIAL;41;CONTRIBUICOES;1;CONTRIBUICOES;38;TRANSFERENCIAS DA UNIAO VINCULADAS AO ESPORTE;88675,36;88675,36;88675,36
9492583;625;2025-12-23 00:00:00;APARU ASSOCIACAO DOS PARAPLEGICOS DE UBERLANDIA;21.296.249/0001-66;1481;SEDESE;SECRETARIA DE ESTADO DE DESENVOLVIMENTO SOCIAL;43;SUBVENCOES SOCIAIS;1;SUBVENCOES SOCIAIS;38;TRANSFERENCIAS DA UNIAO VINCULADAS AO ESPORTE;99998,84;99998,84;0,0
9492584;633;2025-12-23 00:00:00;PM JABOTICATUBAS;18.715.417/0001-04;1481;SEDESE;SECRETARIA DE ESTADO DE DESENVOLVIMENTO SOCIAL;42;AUXILIOS;1;AUXILIOS;38;TRANSFERENCIAS DA UNIAO VINCULADAS AO ESPORTE;200000,0;200000,0;0,0
9492585;3898;2025-12-23 00:00:00;PM BOM JARDIM DE MINAS;18.684.217/0001-23;1491;SEGOV;SECRETARIA DE ESTADO DE GOVERNO;42;AUXILIOS;1;AUXILIOS;15;RECURSOS ORDINARIOS - OUTROS RECURSOS NAO VINCULADOS;550000,0;550000,0;550000,0
9492586;3055;2025-12-24 00:00:00;PM IBIRACI;17.894.072/0001-22;1261;SEE;SECRETARIA DE ESTADO DE EDUCACAO;42;AUXILIOS;1;AUXILIOS;21;COTA ESTADUAL DO SALARIO EDUCACAO - QESE;1500000,0;1500000,0;1500000,0
9492587;3056;2025-12-24 00:00:00;PM CORONEL PACHECO;18.338.152/0001-64;1261;SEE;SECRETARIA DE ESTADO DE EDUCACAO;42;AUXILIOS;1;AUXILIOS;21;COTA ESTADUAL DO SALARIO EDUCACAO - QESE;324048,01;324048,01;324048,01
9492588;3057;2025-12-24 00:00:00;PM CAPIM BRANCO;18.314.617/0001-47;1261;SEE;SECRETARIA DE ESTADO DE EDUCACAO;42;AUXILIOS;1;AUXILIOS;21;COTA ESTADUAL DO SALARIO EDUCACAO - QESE;564312,55;564312,55;564312,55
9492590;552;2025-12-24 00:00:00;PM MATO VERDE;17.782.616/0001-64;1301;SEINFRA;SECRETARIA DE ESTADO DE INFRAESTRUTURA, MOBILIDADE E PARCERIAS;42;AUXILIOS;1;AUXILIOS;15;RECURSOS ORDINARIOS - OUTROS RECURSOS NAO VINCULADOS;300000,0;300000,0;300000,0
9492593;3058;2025-12-24 00:00:00;PM SANTA LUZIA;18.715.409/0001-50;1261;SEE;SECRETARIA DE ESTADO DE EDUCACAO;42;AUXILIOS;1;AUXILIOS;21;COTA ESTADUAL DO SALARIO EDUCACAO - QESE;3017557,02;3017557,02;3017557,02
9492594;3059;2025-12-24 00:00:00;PM SAO ROMAO;24.891.418/0001-02;1261;SEE;SECRETARIA DE ESTADO DE EDUCACAO;42;AUXILIOS;1;AUXILIOS;21;COTA ESTADUAL DO SALARIO EDUCACAO - QESE;400000,0;400000,0;400000,0
9492595;3060;2025-12-24 00:00:00;PM CARMO DA MATA;18.312.967/0001-74;1261;SEE;SECRETARIA DE ESTADO DE EDUCACAO;42;AUXILIOS;1;AUXILIOS;21;COTA ESTADUAL DO SALARIO EDUCACAO - QESE;564312,55;564312,55;564312,55
9492596;3884;2025-12-23 00:00:00;PM SERRO;18.303.271/0001-81;1491;SEGOV;SECRETARIA DE ESTADO DE GOVERNO;42;AUXILIOS;1;AUXILIOS;15;RECURSOS ORDINARIOS - OUTROS RECURSOS NAO VINCULADOS;320807,53;320807,53;320807,53
9492597;564;2025-12-23 00:00:00;PM MONTE SIAO;22.646.525/0001-31;1231;SEAPA;SECRETARIA DE ESTADO DE AGRICULTURA, PECUARIA E ABASTECIMENTO;41;CONTRIBUICOES;1;CONTRIBUICOES;15;RECURSOS ORDINARIOS - OUTROS RECURSOS NAO VINCULADOS;854865,0;854865,0;854865,0
9492598;769;2025-12-23 00:00:00;CARITAS BRASILEIRA;33.654.419/0008-92;1481;SEDESE;SECRETARIA DE ESTADO DE DESENVOLVIMENTO SOCIAL;43;SUBVENCOES SOCIAIS;1;SUBVENCOES SOCIAIS;10;RECURSOS ORDINARIOS - RECURSOS NAO VINCULADOS DE IMPOSTOS;200000,0;200000,0;200000,0
9492598;770;2025-12-23 00:00:00;CARITAS BRASILEIRA;33.654.419/0008-92;1481;SEDESE;SECRETARIA DE ESTADO DE DESENVOLVIMENTO SOCIAL;42;AUXILIOS;1;AUXILIOS;10;RECURSOS ORDINARIOS - RECURSOS NAO VINCULADOS DE IMPOSTOS;100000,0;100000,0;100000,0
9492599;3885;2025-12-23 00:00:00;PM RAUL SOARES;18.836.965/0001-84;1491;SEGOV;SECRETARIA DE ESTADO DE GOVERNO;42;AUXILIOS;1;AUXILIOS;15;RECURSOS ORDINARIOS - OUTROS RECURSOS NAO VINCULADOS;320807,53;320807,53;320807,53
9492600;3886;2025-12-23 00:00:00;PM DIVINOLANDIA DE MINAS;18.307.405/0001-32;1491;SEGOV;SECRETARIA DE ESTADO DE GOVERNO;42;AUXILIOS;1;AUXILIOS;15;RECURSOS ORDINARIOS - OUTROS RECURSOS NAO VINCULADOS;500000,0;500000,0;500000,0
9492601;3073;2025-12-26 00:00:00;PM CAPITAO ENEAS;18.017.426/0001-13;1261;SEE;SECRETARIA DE ESTADO DE EDUCACAO;42;AUXILIOS;1;AUXILIOS;21;COTA ESTADUAL DO SALARIO EDUCACAO - QESE;700000,0;700000,0;700000,0
9492602;3074;2025-12-26 00:00:00;PM JACUI;18.186.056/0001-48;1261;SEE;SECRETARIA DE ESTADO DE EDUCACAO;42;AUXILIOS;1;AUXILIOS;21;COTA ESTADUAL DO SALARIO EDUCACAO - QESE;1000000,0;1000000,0;1000000,0
9492603;553;2025-12-24 00:00:00;PM MARILAC;18.409.193/0001-02;1301;SEINFRA;SECRETARIA DE ESTADO DE INFRAESTRUTURA, MOBILIDADE E PARCERIAS;42;AUXILIOS;1;AUXILIOS;15;RECURSOS ORDINARIOS - OUTROS RECURSOS NAO VINCULADOS;3000000,0;3000000,0;3000000,0
9492604;3932;2025-12-29 00:00:00;PM PIEDADE DE PONTE NOVA;18.316.257/0001-12;1491;SEGOV;SECRETARIA DE ESTADO DE GOVERNO;42;AUXILIOS;1;AUXILIOS;80;RECURSOS DO ACORDO DE REPACTUACAO DO RIO DOCE;5000000,0;5000000,0;0,0
9492605;632;2025-12-23 00:00:00;ASSOCIACAO SUPERE;48.573.051/0001-39;1481;SEDESE;SECRETARIA DE ESTADO DE DESENVOLVIMENTO SOCIAL;43;SUBVENCOES SOCIAIS;1;SUBVENCOES SOCIAIS;38;TRANSFERENCIAS DA UNIAO VINCULADAS AO ESPORTE;95355,0;95355,0;95355,0
9492606;3892;2025-12-23 00:00:00;PM BANDEIRA;18.349.902/0001-01;1491;SEGOV;SECRETARIA DE ESTADO DE GOVERNO;42;AUXILIOS;1;AUXILIOS;15;RECURSOS ORDINARIOS - OUTROS RECURSOS NAO VINCULADOS;549945,0;549945,0;549945,0
9492607;3893;2025-12-23 00:00:00;PM IBIRACI;17.894.072/0001-22;1491;SEGOV;SECRETARIA DE ESTADO DE GOVERNO;42;AUXILIOS;1;AUXILIOS;15;RECURSOS ORDINARIOS - OUTROS RECURSOS NAO VINCULADOS;249993,33;249993,33;249993,33
9492608;3894;2025-12-23 00:00:00;PM CARMO DO PARANAIBA;18.602.029/0001-09;1491;SEGOV;SECRETARIA DE ESTADO DE GOVERNO;42;AUXILIOS;1;AUXILIOS;15;RECURSOS ORDINARIOS - OUTROS RECURSOS NAO VINCULADOS;550000,0;550000,0;550000,0
9492609;554;2025-12-24 00:00:00;PM SENADOR CORTES;17.724.576/0001-02;1301;SEINFRA;SECRETARIA DE ESTADO DE INFRAESTRUTURA, MOBILIDADE E PARCERIAS;42;AUXILIOS;1;AUXILIOS;15;RECURSOS ORDINARIOS - OUTROS RECURSOS NAO VINCULADOS;600000,0;600000,0;600000,0
9492610;3075;2025-12-26 00:00:00;PM CARMO DO RIO CLARO;18.243.287/0001-46;1261;SEE;SECRETARIA DE ESTADO DE EDUCACAO;42;AUXILIOS;1;AUXILIOS;21;COTA ESTADUAL DO SALARIO EDUCACAO - QESE;801000,0;801000,0;801000,0
9492611;3895;2025-12-23 00:00:00;PM CARNEIRINHO;26.042.515/0001-48;1491;SEGOV;SECRETARIA DE ESTADO DE GOVERNO;42;AUXILIOS;1;AUXILIOS;15;RECURSOS ORDINARIOS - OUTROS RECURSOS NAO VINCULADOS;0,0;0,0;0,0
9492611;3896;2025-12-23 00:00:00;PM CARNEIRINHO;26.042.515/0001-48;1491;SEGOV;SECRETARIA DE ESTADO DE GOVERNO;42;AUXILIOS;1;AUXILIOS;15;RECURSOS ORDINARIOS - OUTROS RECURSOS NAO VINCULADOS;118737,7;118737,7;118737,7
9492613;3905;2025-12-23 00:00:00;PM MONTE AZUL;18.650.945/0001-14;1491;SEGOV;SECRETARIA DE ESTADO DE GOVERNO;42;AUXILIOS;1;AUXILIOS;15;RECURSOS ORDINARIOS - OUTROS RECURSOS NAO VINCULADOS;973179,83;973179,83;973179,83
9492616;3887;2025-12-23 00:00:00;PM MATO VERDE;17.782.616/0001-64;1491;SEGOV;SECRETARIA DE ESTADO DE GOVERNO;42;AUXILIOS;1;AUXILIOS;15;RECURSOS ORDINARIOS - OUTROS RECURSOS NAO VINCULADOS;750000,0;750000,0;750000,0
9492617;3061;2025-12-26 00:00:00;PM DELFINOPOLIS;17.894.064/0001-86;1261;SEE;SECRETARIA DE ESTADO DE EDUCACAO;42;AUXILIOS;1;AUXILIOS;21;COTA ESTADUAL DO SALARIO EDUCACAO - QESE;400000,0;400000,0;400000,0
9492618;3062;2025-12-26 00:00:00;PM GURINHATA;18.457.192/0001-25;1261;SEE;SECRETARIA DE ESTADO DE EDUCACAO;42;AUXILIOS;1;AUXILIOS;21;COTA ESTADUAL DO SALARIO EDUCACAO - QESE;324048,01;324048,01;324048,01
9492619;3063;2025-12-26 00:00:00;PM MONTE SANTO DE MINAS;18.241.372/0001-75;1261;SEE;SECRETARIA DE ESTADO DE EDUCACAO;42;AUXILIOS;1;AUXILIOS;21;COTA ESTADUAL DO SALARIO EDUCACAO - QESE;510959,93;510959,93;510959,93
9492620;3889;2025-12-23 00:00:00;PM PRATAPOLIS;18.241.356/0001-82;1491;SEGOV;SECRETARIA DE ESTADO DE GOVERNO;42;AUXILIOS;1;AUXILIOS;15;RECURSOS ORDINARIOS - OUTROS RECURSOS NAO VINCULADOS;249993,33;249993,33;249993,33
9492621;3891;2025-12-23 00:00:00;PM ARGIRITA;17.730.011/0001-20;1491;SEGOV;SECRETARIA DE ESTADO DE GOVERNO;42;AUXILIOS;1;AUXILIOS;15;RECURSOS ORDINARIOS - OUTROS RECURSOS NAO VINCULADOS;550000,0;550000,0;550000,0
9492622;3890;2025-12-23 00:00:00;PM MENDES PIMENTEL;18.505.347/0001-51;1491;SEGOV;SECRETARIA DE ESTADO DE GOVERNO;42;AUXILIOS;1;AUXILIOS;15;RECURSOS ORDINARIOS - OUTROS RECURSOS NAO VINCULADOS;1000000,0;1000000,0;1000000,0
9492623;3064;2025-12-26 00:00:00;PM INIMUTABA;17.694.860/0001-75;1261;SEE;SECRETARIA DE ESTADO DE EDUCACAO;42;AUXILIOS;1;AUXILIOS;21;COTA ESTADUAL DO SALARIO EDUCACAO - QESE;400000,0;400000,0;400000,0
9492624;3065;2025-12-26 00:00:00;PM BARAO DE COCAIS;18.317.685/0001-60;1261;SEE;SECRETARIA DE ESTADO DE EDUCACAO;42;AUXILIOS;1;AUXILIOS;21;COTA ESTADUAL DO SALARIO EDUCACAO - QESE;100000,0;100000,0;100000,0
9492625;3066;2025-12-26 00:00:00;PM CONCEICAO DAS ALAGOAS;18.428.854/0001-39;1261;SEE;SECRETARIA DE ESTADO DE EDUCACAO;42;AUXILIOS;1;AUXILIOS;21;COTA ESTADUAL DO SALARIO EDUCACAO - QESE;370000,0;370000,0;370000,0
9492626;3888;2025-12-23 00:00:00;PM SAO JOSE DA LAPA;42.774.281/0001-80;1491;SEGOV;SECRETARIA DE ESTADO DE GOVERNO;42;AUXILIOS;1;AUXILIOS;15;RECURSOS ORDINARIOS - OUTROS RECURSOS NAO VINCULADOS;2000000,0;2000000,0;1000000,0
9492627;576;2025-12-24 00:00:00;COOP.REGIONAL DE PRODUTORES AGRISSILVIEXTRATIVISTAS SERTAO VEREDAS;08.831.726/0001-88;1231;SEAPA;SECRETARIA DE ESTADO DE AGRICULTURA, PECUARIA E ABASTECIMENTO;41;CONTRIBUICOES;1;CONTRIBUICOES;59;OUTROS RECURSOS VINCULADOS;467717,0;467717,0;467717,0
9492630;3906;2025-12-23 00:00:00;PM GALILEIA;17.005.000/0001-87;1491;SEGOV;SECRETARIA DE ESTADO DE GOVERNO;42;AUXILIOS;1;AUXILIOS;15;RECURSOS ORDINARIOS - OUTROS RECURSOS NAO VINCULADOS;320807,5;320807,5;320807,5
9492631;3901;2025-12-23 00:00:00;PM CONSELHEIRO PENA;19.769.660/0001-60;1491;SEGOV;SECRETARIA DE ESTADO DE GOVERNO;42;AUXILIOS;1;AUXILIOS;15;RECURSOS ORDINARIOS - OUTROS RECURSOS NAO VINCULADOS;1000000,0;1000000,0;1000000,0
9492632;559;2025-12-23 00:00:00;PM BOCAINA DE MINAS;18.194.076/0001-60;1231;SEAPA;SECRETARIA DE ESTADO DE AGRICULTURA, PECUARIA E ABASTECIMENTO;41;CONTRIBUICOES;1;CONTRIBUICOES;15;RECURSOS ORDINARIOS - OUTROS RECURSOS NAO VINCULADOS;164500,0;164500,0;164500,0
9492633;3902;2025-12-23 00:00:00;PM PEDRO TEIXEIRA;18.338.228/0001-51;1491;SEGOV;SECRETARIA DE ESTADO DE GOVERNO;42;AUXILIOS;1;AUXILIOS;15;RECURSOS ORDINARIOS - OUTROS RECURSOS NAO VINCULADOS;550000,0;550000,0;550000,0
9492635;3068;2025-12-26 00:00:00;PM SANTA LUZIA;18.715.409/0001-50;1261;SEE;SECRETARIA DE ESTADO DE EDUCACAO;42;AUXILIOS;1;AUXILIOS;21;COTA ESTADUAL DO SALARIO EDUCACAO - QESE;3017557,02;3017557,02;3017557,02
9492636;3069;2025-12-26 00:00:00;PM OLIVEIRA;16.854.531/0001-81;1261;SEE;SECRETARIA DE ESTADO DE EDUCACAO;42;AUXILIOS;1;AUXILIOS;21;COTA ESTADUAL DO SALARIO EDUCACAO - QESE;1000000,0;1000000,0;1000000,0
9492637;3067;2025-12-26 00:00:00;PM PINTOPOLIS;01.612.481/0001-59;1261;SEE;SECRETARIA DE ESTADO DE EDUCACAO;42;AUXILIOS;1;AUXILIOS;21;COTA ESTADUAL DO SALARIO EDUCACAO - QESE;648096,02;648096,02;648096,02
9492638;3900;2025-12-23 00:00:00;PM GOIANA;01.611.137/0001-45;1491;SEGOV;SECRETARIA DE ESTADO DE GOVERNO;42;AUXILIOS;1;AUXILIOS;15;RECURSOS ORDINARIOS - OUTROS RECURSOS NAO VINCULADOS;550000,0;550000,0;550000,0
9492639;566;2025-12-23 00:00:00;PM CONCEICAO DO MATO DENTRO;18.303.156/0001-07;1231;SEAPA;SECRETARIA DE ESTADO DE AGRICULTURA, PECUARIA E ABASTECIMENTO;41;CONTRIBUICOES;1;CONTRIBUICOES;15;RECURSOS ORDINARIOS - OUTROS RECURSOS NAO VINCULADOS;820325,0;820325,0;820325,0
9492641;3903;2025-12-23 00:00:00;PM LIMA DUARTE;18.338.186/0001-59;1491;SEGOV;SECRETARIA DE ESTADO DE GOVERNO;42;AUXILIOS;1;AUXILIOS;15;RECURSOS ORDINARIOS - OUTROS RECURSOS NAO VINCULADOS;1300000,0;1300000,0;1300000,0
9492642;3070;2025-12-26 00:00:00;PM IPIACU;18.457.259/0001-21;1261;SEE;SECRETARIA DE ESTADO DE EDUCACAO;42;AUXILIOS;1;AUXILIOS;21;COTA ESTADUAL DO SALARIO EDUCACAO - QESE;320798,01;320798,01;320798,01
9492643;3071;2025-12-26 00:00:00;PM CALDAS;18.625.129/0001-50;1261;SEE;SECRETARIA DE ESTADO DE EDUCACAO;42;AUXILIOS;1;AUXILIOS;21;COTA ESTADUAL DO SALARIO EDUCACAO - QESE;1200000,0;1200000,0;1200000,0
9492644;3072;2025-12-26 00:00:00;PM FRUTAL;18.449.132/0001-60;1261;SEE;SECRETARIA DE ESTADO DE EDUCACAO;42;AUXILIOS;1;AUXILIOS;21;COTA ESTADUAL DO SALARIO EDUCACAO - QESE;1513966,98;1513966,98;1513966,98
9492646;556;2025-12-23 00:00:00;PM IBIRITE;18.715.490/0001-78;1231;SEAPA;SECRETARIA DE ESTADO DE AGRICULTURA, PECUARIA E ABASTECIMENTO;41;CONTRIBUICOES;1;CONTRIBUICOES;15;RECURSOS ORDINARIOS - OUTROS RECURSOS NAO VINCULADOS;386100,0;386100,0;386100,0
9492647;3904;2025-12-23 00:00:00;PM PITANGUI;18.315.226/0001-47;1491;SEGOV;SECRETARIA DE ESTADO DE GOVERNO;42;AUXILIOS;1;AUXILIOS;15;RECURSOS ORDINARIOS - OUTROS RECURSOS NAO VINCULADOS;73460,86;73460,86;73460,86
9492648;3907;2025-12-23 00:00:00;PM CANDEIAS;17.888.090/0001-00;1491;SEGOV;SECRETARIA DE ESTADO DE GOVERNO;42;AUXILIOS;1;AUXILIOS;15;RECURSOS ORDINARIOS - OUTROS RECURSOS NAO VINCULADOS;550000,0;550000,0;550000,0
9492649;3910;2025-12-23 00:00:00;PM NOVO CRUZEIRO;18.404.889/0001-38;1491;SEGOV;SECRETARIA DE ESTADO DE GOVERNO;42;AUXILIOS;1;AUXILIOS;15;RECURSOS ORDINARIOS - OUTROS RECURSOS NAO VINCULADOS;500000,0;500000,0;500000,0
9492650;558;2025-12-23 00:00:00;PM ENGENHEIRO CALDAS;18.080.655/0001-82;1231;SEAPA;SECRETARIA DE ESTADO DE AGRICULTURA, PECUARIA E ABASTECIMENTO;41;CONTRIBUICOES;1;CONTRIBUICOES;15;RECURSOS ORDINARIOS - OUTROS RECURSOS NAO VINCULADOS;1000000,0;1000000,0;1000000,0
9492651;3908;2025-12-23 00:00:00;PM BAMBUI;20.920.567/0001-93;1491;SEGOV;SECRETARIA DE ESTADO DE GOVERNO;42;AUXILIOS;1;AUXILIOS;15;RECURSOS ORDINARIOS - OUTROS RECURSOS NAO VINCULADOS;580000,0;580000,0;580000,0
9492652;3914;2025-12-23 00:00:00;PM BOCAINA DE MINAS;18.194.076/0001-60;1491;SEGOV;SECRETARIA DE ESTADO DE GOVERNO;42;AUXILIOS;1;AUXILIOS;15;RECURSOS ORDINARIOS - OUTROS RECURSOS NAO VINCULADOS;550000,0;550000,0;550000,0
9492653;3909;2025-12-23 00:00:00;PM PIAU;18.338.236/0001-06;1491;SEGOV;SECRETARIA DE ESTADO DE GOVERNO;42;AUXILIOS;1;AUXILIOS;15;RECURSOS ORDINARIOS - OUTROS RECURSOS NAO VINCULADOS;550000,0;550000,0;550000,0
9492654;578;2025-12-24 00:00:00;COOPERATIVA DE AGRICULTORES FAMILIARES AGRO EXTRATIVISTAS E DOS TRABAL;30.685.509/0001-86;1231;SEAPA;SECRETARIA DE ESTADO DE AGRICULTURA, PECUARIA E ABASTECIMENTO;41;CONTRIBUICOES;1;CONTRIBUICOES;59;OUTROS RECURSOS VINCULADOS;370287,77;370287,77;370287,77
9492656;3913;2025-12-23 00:00:00;PM SAO GONCALO DO ABAETE;18.602.086/0001-98;1491;SEGOV;SECRETARIA DE ESTADO DE GOVERNO;42;AUXILIOS;1;AUXILIOS;15;RECURSOS ORDINARIOS - OUTROS RECURSOS NAO VINCULADOS;550000,0;550000,0;550000,0
9492657;3911;2025-12-23 00:00:00;PM ESMERALDAS;18.715.466/0001-39;1491;SEGOV;SECRETARIA DE ESTADO DE GOVERNO;42;AUXILIOS;1;AUXILIOS;15;RECURSOS ORDINARIOS - OUTROS RECURSOS NAO VINCULADOS;320807,5;320807,5;320807,5
9492658;3912;2025-12-23 00:00:00;PM UBAPORANGA;66.229.717/0001-18;1491;SEGOV;SECRETARIA DE ESTADO DE GOVERNO;42;AUXILIOS;1;AUXILIOS;15;RECURSOS ORDINARIOS - OUTROS RECURSOS NAO VINCULADOS;500000,0;500000,0;500000,0
9492659;3918;2025-12-23 00:00:00;PM MORRO DO PILAR;18.303.214/0001-00;1491;SEGOV;SECRETARIA DE ESTADO DE GOVERNO;42;AUXILIOS;1;AUXILIOS;15;RECURSOS ORDINARIOS - OUTROS RECURSOS NAO VINCULADOS;124480,32;124480,32;124480,32
9492660;557;2025-12-23 00:00:00;PM ACUCENA;17.005.216/0001-42;1231;SEAPA;SECRETARIA DE ESTADO DE AGRICULTURA, PECUARIA E ABASTECIMENTO;41;CONTRIBUICOES;1;CONTRIBUICOES;15;RECURSOS ORDINARIOS - OUTROS RECURSOS NAO VINCULADOS;1000000,0;1000000,0;1000000,0
9492661;3915;2025-12-23 00:00:00;PM QUARTEL GERAL;18.296.699/0001-44;1491;SEGOV;SECRETARIA DE ESTADO DE GOVERNO;42;AUXILIOS;1;AUXILIOS;15;RECURSOS ORDINARIOS - OUTROS RECURSOS NAO VINCULADOS;124437,7;124437,7;124437,7
9492662;3916;2025-12-23 00:00:00;PM IGUATAMA;18.306.688/0001-06;1491;SEGOV;SECRETARIA DE ESTADO DE GOVERNO;42;AUXILIOS;1;AUXILIOS;15;RECURSOS ORDINARIOS - OUTROS RECURSOS NAO VINCULADOS;606474,0;606474,0;606474,0
9492663;3917;2025-12-23 00:00:00;PM PERDIZES;18.140.772/0001-94;1491;SEGOV;SECRETARIA DE ESTADO DE GOVERNO;42;AUXILIOS;1;AUXILIOS;15;RECURSOS ORDINARIOS - OUTROS RECURSOS NAO VINCULADOS;973828,18;973828,18;973828,18
9492664;603;2025-12-30 00:00:00;PM MIRABELA;18.017.376/0001-74;1231;SEAPA;SECRETARIA DE ESTADO DE AGRICULTURA, PECUARIA E ABASTECIMENTO;41;CONTRIBUICOES;1;CONTRIBUICOES;79;RECURSOS DECORRENTES DA CONVERSAO DE MULTAS AMBIENTAIS;234432,0;234432,0;0,0
9492667;560;2025-12-23 00:00:00;PM PORTEIRINHA;18.013.326/0001-19;1231;SEAPA;SECRETARIA DE ESTADO DE AGRICULTURA, PECUARIA E ABASTECIMENTO;41;CONTRIBUICOES;1;CONTRIBUICOES;15;RECURSOS ORDINARIOS - OUTROS RECURSOS NAO VINCULADOS;804533,34;804533,34;804533,34
9492668;575;2025-12-24 00:00:00;COPABASE - COOP.REG.DE BASE NA AGRICULTURA FAMILIAR E EXTRATIVISMO;10.502.010/0001-89;1231;SEAPA;SECRETARIA DE ESTADO DE AGRICULTURA, PECUARIA E ABASTECIMENTO;41;CONTRIBUICOES;1;CONTRIBUICOES;59;OUTROS RECURSOS VINCULADOS;489983,4;489983,4;489983,4
9492672;562;2025-12-23 00:00:00;PM SANTA BARBARA DO MONTE VERDE;01.611.138/0001-90;1231;SEAPA;SECRETARIA DE ESTADO DE AGRICULTURA, PECUARIA E ABASTECIMENTO;41;CONTRIBUICOES;1;CONTRIBUICOES;15;RECURSOS ORDINARIOS - OUTROS RECURSOS NAO VINCULADOS;854865,0;854865,0;854865,0
9492673;563;2025-12-23 00:00:00;PM PERDIGAO;18.301.051/0001-19;1231;SEAPA;SECRETARIA DE ESTADO DE AGRICULTURA, PECUARIA E ABASTECIMENTO;41;CONTRIBUICOES;1;CONTRIBUICOES;15;RECURSOS ORDINARIOS - OUTROS RECURSOS NAO VINCULADOS;750000,0;750000,0;750000,0
9492674;568;2025-12-23 00:00:00;ASSOCIACAO COMUNITARIA DO SALTO E ADJACENCIAS;00.753.192/0001-07;1231;SEAPA;SECRETARIA DE ESTADO DE AGRICULTURA, PECUARIA E ABASTECIMENTO;41;CONTRIBUICOES;1;CONTRIBUICOES;59;OUTROS RECURSOS VINCULADOS;257370,98;257370,98;257370,98
9492675;594;2025-12-29 00:00:00;PM RESENDE COSTA;17.749.912/0001-63;1231;SEAPA;SECRETARIA DE ESTADO DE AGRICULTURA, PECUARIA E ABASTECIMENTO;41;CONTRIBUICOES;1;CONTRIBUICOES;15;RECURSOS ORDINARIOS - OUTROS RECURSOS NAO VINCULADOS;863500,0;863500,0;863500,0
9492677;565;2025-12-23 00:00:00;PM ESTRELA DALVA;17.710.096/0001-84;1231;SEAPA;SECRETARIA DE ESTADO DE AGRICULTURA, PECUARIA E ABASTECIMENTO;41;CONTRIBUICOES;1;CONTRIBUICOES;15;RECURSOS ORDINARIOS - OUTROS RECURSOS NAO VINCULADOS;386100,0;386100,0;386100,0
9492679;567;2025-12-23 00:00:00;PM NOVA BELEM;01.613.169/0001-80;1231;SEAPA;SECRETARIA DE ESTADO DE AGRICULTURA, PECUARIA E ABASTECIMENTO;41;CONTRIBUICOES;1;CONTRIBUICOES;15;RECURSOS ORDINARIOS - OUTROS RECURSOS NAO VINCULADOS;647913,69;647913,69;647913,69
9492680;582;2025-12-25 00:00:00;ASSOCIACAO DOS AGRICULTORES FAMILIARES SAO PEDRO ITIMIRIM;18.974.231/0001-61;1231;SEAPA;SECRETARIA DE ESTADO DE AGRICULTURA, PECUARIA E ABASTECIMENTO;41;CONTRIBUICOES;1;CONTRIBUICOES;10;RECURSOS ORDINARIOS - RECURSOS NAO VINCULADOS DE IMPOSTOS;212303,0;212303,0;212303,0
9492681;602;2025-12-30 00:00:00;PM PERIQUITO;01.613.077/0001-08;1231;SEAPA;SECRETARIA DE ESTADO DE AGRICULTURA, PECUARIA E ABASTECIMENTO;41;CONTRIBUICOES;1;CONTRIBUICOES;79;RECURSOS DECORRENTES DA CONVERSAO DE MULTAS AMBIENTAIS;236666,67;236666,67;0,0
9492682;561;2025-12-23 00:00:00;PM PONTE NOVA;23.804.149/0001-29;1231;SEAPA;SECRETARIA DE ESTADO DE AGRICULTURA, PECUARIA E ABASTECIMENTO;41;CONTRIBUICOES;1;CONTRIBUICOES;15;RECURSOS ORDINARIOS - OUTROS RECURSOS NAO VINCULADOS;386100,0;386100,0;0,0
9492684;601;2025-12-30 00:00:00;PM VIRGEM DA LAPA;18.348.730/0001-43;1231;SEAPA;SECRETARIA DE ESTADO DE AGRICULTURA, PECUARIA E ABASTECIMENTO;41;CONTRIBUICOES;1;CONTRIBUICOES;79;RECURSOS DECORRENTES DA CONVERSAO DE MULTAS AMBIENTAIS;236800,0;236800,0;0,0
9492688;295;2025-12-23 00:00:00;SERVICO DE APOIO AS MICRO E PEQUENAS EMPRESAS DE MINAS GERAIS - SEBRAE;16.589.137/0001-63;1221;SEDE;SECRETARIA DE ESTADO DE DESENVOLVIMENTO ECONOMICO;41;CONTRIBUICOES;1;CONTRIBUICOES;80;RECURSOS DO ACORDO DE REPACTUACAO DO RIO DOCE;4085000,0;4085000,0;4085000,0
9492772;830;2025-12-30 00:00:00;PM SARZEDO;01.612.509/0001-58;1371;SEMAD;SECRETARIA DE ESTADO DE MEIO AMBIENTE E DESENVOLVIMENTO SUSTENTAVEL;41;CONTRIBUICOES;1;CONTRIBUICOES;95;RECURSOS RECEBIDOS POR DANOS ADVINDOS DE DESASTRES SOCIOAMBIENTAIS;3230631,81;3230631,81;0,0
9492773;828;2025-12-29 00:00:00;PM CHACARA;18.338.137/0001-16;1371;SEMAD;SECRETARIA DE ESTADO DE MEIO AMBIENTE E DESENVOLVIMENTO SUSTENTAVEL;41;CONTRIBUICOES;1;CONTRIBUICOES;15;RECURSOS ORDINARIOS - OUTROS RECURSOS NAO VINCULADOS;555000,0;555000,0;0,0
9492774;3921;2025-12-24 00:00:00;PM CASSIA;17.894.049/0001-38;1491;SEGOV;SECRETARIA DE ESTADO DE GOVERNO;42;AUXILIOS;1;AUXILIOS;15;RECURSOS ORDINARIOS - OUTROS RECURSOS NAO VINCULADOS;249993,33;249993,33;249993,33
9492775;3924;2025-12-24 00:00:00;PM BIAS FORTES;18.094.771/0001-50;1491;SEGOV;SECRETARIA DE ESTADO DE GOVERNO;42;AUXILIOS;1;AUXILIOS;15;RECURSOS ORDINARIOS - OUTROS RECURSOS NAO VINCULADOS;550000,0;550000,0;550000,0
9492776;3920;2025-12-24 00:00:00;PM AREADO;18.243.246/0001-50;1491;SEGOV;SECRETARIA DE ESTADO DE GOVERNO;42;AUXILIOS;1;AUXILIOS;15;RECURSOS ORDINARIOS - OUTROS RECURSOS NAO VINCULADOS;73468,36;73468,36;73468,36
9492777;3923;2025-12-24 00:00:00;PM MORRO DO PILAR;18.303.214/0001-00;1491;SEGOV;SECRETARIA DE ESTADO DE GOVERNO;42;AUXILIOS;1;AUXILIOS;15;RECURSOS ORDINARIOS - OUTROS RECURSOS NAO VINCULADOS;73468,37;73468,37;73468,37
9492778;3922;2025-12-24 00:00:00;PM CHACARA;18.338.137/0001-16;1491;SEGOV;SECRETARIA DE ESTADO DE GOVERNO;42;AUXILIOS;1;AUXILIOS;15;RECURSOS ORDINARIOS - OUTROS RECURSOS NAO VINCULADOS;550000,0;550000,0;550000,0
9492779;3925;2025-12-24 00:00:00;PM CORREGO DANTA;18.298.174/0001-48;1491;SEGOV;SECRETARIA DE ESTADO DE GOVERNO;42;AUXILIOS;1;AUXILIOS;15;RECURSOS ORDINARIOS - OUTROS RECURSOS NAO VINCULADOS;124467,61;124467,61;0,0
9492780;3926;2025-12-24 00:00:00;PM SAO JOAO NEPOMUCENO;18.558.072/0001-14;1491;SEGOV;SECRETARIA DE ESTADO DE GOVERNO;42;AUXILIOS;1;AUXILIOS;15;RECURSOS ORDINARIOS - OUTROS RECURSOS NAO VINCULADOS;300000,0;300000,0;300000,0
9492781;3927;2025-12-24 00:00:00;PM SAO FELIX DE MINAS;01.613.121/0001-71;1491;SEGOV;SECRETARIA DE ESTADO DE GOVERNO;42;AUXILIOS;1;AUXILIOS;15;RECURSOS ORDINARIOS - OUTROS RECURSOS NAO VINCULADOS;1000000,0;1000000,0;1000000,0
9492782;3928;2025-12-24 00:00:00;PM ARACITABA;17.747.940/0001-41;1491;SEGOV;SECRETARIA DE ESTADO DE GOVERNO;42;AUXILIOS;1;AUXILIOS;15;RECURSOS ORDINARIOS - OUTROS RECURSOS NAO VINCULADOS;550000,0;550000,0;550000,0
9492783;3929;2025-12-24 00:00:00;PM PRESIDENTE OLEGARIO;18.602.060/0001-40;1491;SEGOV;SECRETARIA DE ESTADO DE GOVERNO;42;AUXILIOS;1;AUXILIOS;15;RECURSOS ORDINARIOS - OUTROS RECURSOS NAO VINCULADOS;96800,47;96800,47;96800,47
9492784;3930;2025-12-24 00:00:00;PM BARBACENA;17.095.043/0001-09;1491;SEGOV;SECRETARIA DE ESTADO DE GOVERNO;42;AUXILIOS;1;AUXILIOS;15;RECURSOS ORDINARIOS - OUTROS RECURSOS NAO VINCULADOS;550000,0;550000,0;550000,0
9492785;150;2025-12-24 00:00:00;ASSOCIACAO RENASCER PARA VIDA;03.638.128/0001-73;1451;SEJUSP;SECRETARIA DE ESTADO DE JUSTICA E SEGURANCA PUBLICA;42;AUXILIOS;1;AUXILIOS;10;RECURSOS ORDINARIOS - RECURSOS NAO VINCULADOS DE IMPOSTOS;90210,08;90210,08;90210,08
9492786;370;2025-12-29 00:00:00;ASSOCIACAO PARA A GESTAO SOCIOAMBIENTAL DO TRIANGULO MINEIRO;09.336.577/0001-43;2101;IEF;INSTITUTO ESTADUAL DE FLORESTAS;41;CONTRIBUICOES;1;CONTRIBUICOES;10;RECURSOS ORDINARIOS - RECURSOS NAO VINCULADOS DE IMPOSTOS;220000,0;220000,0;220000,0
9492786;371;2025-12-29 00:00:00;ASSOCIACAO PARA A GESTAO SOCIOAMBIENTAL DO TRIANGULO MINEIRO;09.336.577/0001-43;2101;IEF;INSTITUTO ESTADUAL DE FLORESTAS;41;CONTRIBUICOES;1;CONTRIBUICOES;10;RECURSOS ORDINARIOS - RECURSOS NAO VINCULADOS DE IMPOSTOS;130000,0;130000,0;130000,0
9492787;568;2025-12-26 00:00:00;PM BAMBUI;20.920.567/0001-93;1301;SEINFRA;SECRETARIA DE ESTADO DE INFRAESTRUTURA, MOBILIDADE E PARCERIAS;42;AUXILIOS;1;AUXILIOS;15;RECURSOS ORDINARIOS - OUTROS RECURSOS NAO VINCULADOS;1000000,0;1000000,0;1000000,0
9492788;640;2025-12-24 00:00:00;ASSOCIACAO DE PAIS E AMIGOS DOS EXCEPCIONAIS DE TIMOTEO;20.183.976/0001-54;1481;SEDESE;SECRETARIA DE ESTADO DE DESENVOLVIMENTO SOCIAL;43;SUBVENCOES SOCIAIS;1;SUBVENCOES SOCIAIS;38;TRANSFERENCIAS DA UNIAO VINCULADAS AO ESPORTE;100000,0;100000,0;0,0
9492789;772;2025-12-24 00:00:00;CENTRO DE AGRICUTURA ALTERNATIVA VICENTE NICA;00.411.372/0001-00;1481;SEDESE;SECRETARIA DE ESTADO DE DESENVOLVIMENTO SOCIAL;43;SUBVENCOES SOCIAIS;1;SUBVENCOES SOCIAIS;10;RECURSOS ORDINARIOS - RECURSOS NAO VINCULADOS DE IMPOSTOS;29999,86;29999,86;29999,86
9492789;773;2025-12-24 00:00:00;CENTRO DE AGRICUTURA ALTERNATIVA VICENTE NICA;00.411.372/0001-00;1481;SEDESE;SECRETARIA DE ESTADO DE DESENVOLVIMENTO SOCIAL;42;AUXILIOS;1;AUXILIOS;10;RECURSOS ORDINARIOS - RECURSOS NAO VINCULADOS DE IMPOSTOS;170000,0;170000,0;170000,0
9492790;40;2025-12-24 00:00:00;PM SAO GONCALO DO PARA;18.291.369/0001-66;1481;SEDESE;SECRETARIA DE ESTADO DE DESENVOLVIMENTO SOCIAL;42;AUXILIOS;1;AUXILIOS;71;RECURSOS DO FUNDO ESTADUAL DE ERRADICACAO DA MISERIA;1527828,66;1527828,66;0,0
9492791;642;2025-12-24 00:00:00;ASS DE PAIS E AMIGOS DOS EXCEPCIONAIS DE PARA DE MINAS;18.416.891/0001-27;1481;SEDESE;SECRETARIA DE ESTADO DE DESENVOLVIMENTO SOCIAL;43;SUBVENCOES SOCIAIS;1;SUBVENCOES SOCIAIS;38;TRANSFERENCIAS DA UNIAO VINCULADAS AO ESPORTE;99869,12;99869,12;0,0
9492792;641;2025-12-24 00:00:00;PM NOVA SERRANA;18.291.385/0001-59;1481;SEDESE;SECRETARIA DE ESTADO DE DESENVOLVIMENTO SOCIAL;41;CONTRIBUICOES;1;CONTRIBUICOES;38;TRANSFERENCIAS DA UNIAO VINCULADAS AO ESPORTE;100000,0;100000,0;0,0
9492796;569;2025-12-26 00:00:00;PM JEQUITINHONHA;18.083.659/0001-14;1301;SEINFRA;SECRETARIA DE ESTADO DE INFRAESTRUTURA, MOBILIDADE E PARCERIAS;42;AUXILIOS;1;AUXILIOS;15;RECURSOS ORDINARIOS - OUTROS RECURSOS NAO VINCULADOS;1500000,0;1500000,0;1500000,0
9492799;151;2025-12-24 00:00:00;ASSOCIACAO MUNICIPAL ASSISTENCIAL ITABIRANA;01.088.664/0001-17;1451;SEJUSP;SECRETARIA DE ESTADO DE JUSTICA E SEGURANCA PUBLICA;43;SUBVENCOES SOCIAIS;1;SUBVENCOES SOCIAIS;10;RECURSOS ORDINARIOS - RECURSOS NAO VINCULADOS DE IMPOSTOS;200000,0;200000,0;200000,0
9492800;372;2025-12-29 00:00:00;BRIGADA VOLUNTARIA LOBO GUARA DE COMBATE A INCENDIOS FLORESTAIS;18.153.519/0001-75;2101;IEF;INSTITUTO ESTADUAL DE FLORESTAS;41;CONTRIBUICOES;1;CONTRIBUICOES;10;RECURSOS ORDINARIOS - RECURSOS NAO VINCULADOS DE IMPOSTOS;273513,27;273513,27;273513,27
9492801;373;2025-12-29 00:00:00;ASSOCIACAO DOS MORADORES E AMIGOS DE ALAGOA E SERRA DA MANTIQUEIRA;48.255.310/0001-83;2101;IEF;INSTITUTO ESTADUAL DE FLORESTAS;41;CONTRIBUICOES;1;CONTRIBUICOES;10;RECURSOS ORDINARIOS - RECURSOS NAO VINCULADOS DE IMPOSTOS;100528,0;100528,0;100528,0
9492801;374;2025-12-29 00:00:00;ASSOCIACAO DOS MORADORES E AMIGOS DE ALAGOA E SERRA DA MANTIQUEIRA;48.255.310/0001-83;2101;IEF;INSTITUTO ESTADUAL DE FLORESTAS;41;CONTRIBUICOES;1;CONTRIBUICOES;10;RECURSOS ORDINARIOS - RECURSOS NAO VINCULADOS DE IMPOSTOS;150185,0;150185,0;150185,0
9492804;567;2025-12-26 00:00:00;PM CAMPO AZUL;01.612.551/0001-79;1301;SEINFRA;SECRETARIA DE ESTADO DE INFRAESTRUTURA, MOBILIDADE E PARCERIAS;42;AUXILIOS;1;AUXILIOS;15;RECURSOS ORDINARIOS - OUTROS RECURSOS NAO VINCULADOS;300000,0;300000,0;300000,0
9492805;566;2025-12-26 00:00:00;PM MANTENA;18.504.167/0001-55;1301;SEINFRA;SECRETARIA DE ESTADO DE INFRAESTRUTURA, MOBILIDADE E PARCERIAS;42;AUXILIOS;1;AUXILIOS;15;RECURSOS ORDINARIOS - OUTROS RECURSOS NAO VINCULADOS;2000000,0;2000000,0;2000000,0
9492809;585;2025-12-29 00:00:00;REDE DE INTERCAMBIO DE TECNOLOGIAS ALTERNATIVAS;25.572.868/0001-97;1231;SEAPA;SECRETARIA DE ESTADO DE AGRICULTURA, PECUARIA E ABASTECIMENTO;41;CONTRIBUICOES;1;CONTRIBUICOES;10;RECURSOS ORDINARIOS - RECURSOS NAO VINCULADOS DE IMPOSTOS;100000,0;100000,0;100000,0
9492810;586;2025-12-29 00:00:00;CENTRO DE TECNOLOGIAS ALTERNATIVAS DA ZONA DA MATA;20.323.796/0001-20;1231;SEAPA;SECRETARIA DE ESTADO DE AGRICULTURA, PECUARIA E ABASTECIMENTO;41;CONTRIBUICOES;1;CONTRIBUICOES;10;RECURSOS ORDINARIOS - RECURSOS NAO VINCULADOS DE IMPOSTOS;99977,0;99977,0;99977,0
9492811;584;2025-12-26 00:00:00;MONTE DE GENTE INTERESSADA EM CULTIVO ORGANICO;21.837.780/0001-07;1231;SEAPA;SECRETARIA DE ESTADO DE AGRICULTURA, PECUARIA E ABASTECIMENTO;41;CONTRIBUICOES;1;CONTRIBUICOES;10;RECURSOS ORDINARIOS - RECURSOS NAO VINCULADOS DE IMPOSTOS;300000,0;0,0;0,0
9492812;596;2025-12-29 00:00:00;PM BERTOPOLIS;18.404.897/0001-84;1231;SEAPA;SECRETARIA DE ESTADO DE AGRICULTURA, PECUARIA E ABASTECIMENTO;41;CONTRIBUICOES;1;CONTRIBUICOES;10;RECURSOS ORDINARIOS - RECURSOS NAO VINCULADOS DE IMPOSTOS;212303,0;212303,0;0,0
9492813;590;2025-12-29 00:00:00;FEDERACAO DE COOPERATIVAS DA AGRICULTURA FAMILIAR E ECONOMIA SOLIDARIA;30.549.459/0001-00;1231;SEAPA;SECRETARIA DE ESTADO DE AGRICULTURA, PECUARIA E ABASTECIMENTO;41;CONTRIBUICOES;1;CONTRIBUICOES;10;RECURSOS ORDINARIOS - RECURSOS NAO VINCULADOS DE IMPOSTOS;369800,0;369800,0;369800,0
9492814;583;2025-12-26 00:00:00;PM MORRO DO PILAR;18.303.214/0001-00;1231;SEAPA;SECRETARIA DE ESTADO DE AGRICULTURA, PECUARIA E ABASTECIMENTO;41;CONTRIBUICOES;1;CONTRIBUICOES;15;RECURSOS ORDINARIOS - OUTROS RECURSOS NAO VINCULADOS;647919,0;647919,0;647919,0
9492815;827;2025-12-29 00:00:00;ASSOCACAO PARCERIA DE JUIZ DE FORA;09.442.308/0001-61;1371;SEMAD;SECRETARIA DE ESTADO DE MEIO AMBIENTE E DESENVOLVIMENTO SUSTENTAVEL;41;CONTRIBUICOES;1;CONTRIBUICOES;10;RECURSOS ORDINARIOS - RECURSOS NAO VINCULADOS DE IMPOSTOS;532000,34;532000,34;532000,34
9492817;41;2025-12-29 00:00:00;PM SANTO ANTONIO DO MONTE;16.870.974/0001-66;1481;SEDESE;SECRETARIA DE ESTADO DE DESENVOLVIMENTO SOCIAL;42;AUXILIOS;1;AUXILIOS;71;RECURSOS DO FUNDO ESTADUAL DE ERRADICACAO DA MISERIA;4950000,0;4950000,0;0,0
9492818;575;2025-12-29 00:00:00;PM JABOTICATUBAS;18.715.417/0001-04;1301;SEINFRA;SECRETARIA DE ESTADO DE INFRAESTRUTURA, MOBILIDADE E PARCERIAS;42;AUXILIOS;1;AUXILIOS;10;RECURSOS ORDINARIOS - RECURSOS NAO VINCULADOS DE IMPOSTOS;700000,0;700000,0;700000,0
9492819;3931;2025-12-26 00:00:00;PM SAO JOAO DAS MISSOES;01.612.486/0001-81;1491;SEGOV;SECRETARIA DE ESTADO DE GOVERNO;42;AUXILIOS;1;AUXILIOS;15;RECURSOS ORDINARIOS - OUTROS RECURSOS NAO VINCULADOS;191882,4;191882,4;191882,4
9492821;573;2025-12-26 00:00:00;PM SAO JOAO DE MANTENINHA;22.705.248/0001-90;1301;SEINFRA;SECRETARIA DE ESTADO DE INFRAESTRUTURA, MOBILIDADE E PARCERIAS;42;AUXILIOS;1;AUXILIOS;15;RECURSOS ORDINARIOS - OUTROS RECURSOS NAO VINCULADOS;3000000,0;3000000,0;3000000,0
9492822;3080;2025-12-26 00:00:00;PM BOCAINA DE MINAS;18.194.076/0001-60;1261;SEE;SECRETARIA DE ESTADO DE EDUCACAO;42;AUXILIOS;1;AUXILIOS;21;COTA ESTADUAL DO SALARIO EDUCACAO - QESE;550000,0;550000,0;550000,0
9492823;3083;2025-12-26 00:00:00;PM NINHEIRA;01.612.495/0001-72;1261;SEE;SECRETARIA DE ESTADO DE EDUCACAO;42;AUXILIOS;1;AUXILIOS;21;COTA ESTADUAL DO SALARIO EDUCACAO - QESE;778841,09;778841,09;778841,09
9492824;3084;2025-12-26 00:00:00;PM TAPIRAI;20.920.625/0001-89;1261;SEE;SECRETARIA DE ESTADO DE EDUCACAO;42;AUXILIOS;1;AUXILIOS;21;COTA ESTADUAL DO SALARIO EDUCACAO - QESE;1100000,0;1100000,0;1100000,0
9492825;3085;2025-12-26 00:00:00;PM FUNILANDIA;18.062.414/0001-00;1261;SEE;SECRETARIA DE ESTADO DE EDUCACAO;42;AUXILIOS;1;AUXILIOS;21;COTA ESTADUAL DO SALARIO EDUCACAO - QESE;650000,0;650000,0;650000,0
9492826;3081;2025-12-26 00:00:00;PM MATIAS BARBOSA;18.338.194/0001-03;1261;SEE;SECRETARIA DE ESTADO DE EDUCACAO;42;AUXILIOS;1;AUXILIOS;21;COTA ESTADUAL DO SALARIO EDUCACAO - QESE;250000,0;250000,0;250000,0
9492827;3086;2025-12-26 00:00:00;PM CEDRO DO ABAETE;18.296.657/0001-03;1261;SEE;SECRETARIA DE ESTADO DE EDUCACAO;42;AUXILIOS;1;AUXILIOS;21;COTA ESTADUAL DO SALARIO EDUCACAO - QESE;489724,82;489724,82;489724,82
9492828;3087;2025-12-26 00:00:00;PM CARATINGA;18.334.268/0001-25;1261;SEE;SECRETARIA DE ESTADO DE EDUCACAO;42;AUXILIOS;1;AUXILIOS;21;COTA ESTADUAL DO SALARIO EDUCACAO - QESE;6050832,86;6050832,86;6050832,86
9492829;3088;2025-12-26 00:00:00;PM PAULISTAS;18.307.447/0001-73;1261;SEE;SECRETARIA DE ESTADO DE EDUCACAO;42;AUXILIOS;1;AUXILIOS;21;COTA ESTADUAL DO SALARIO EDUCACAO - QESE;600000,0;600000,0;600000,0
9492830;3089;2025-12-26 00:00:00;PM JEQUITINHONHA;18.083.659/0001-14;1261;SEE;SECRETARIA DE ESTADO DE EDUCACAO;42;AUXILIOS;1;AUXILIOS;21;COTA ESTADUAL DO SALARIO EDUCACAO - QESE;801000,0;801000,0;801000,0
9492831;3090;2025-12-26 00:00:00;PM NOVA SERRANA;18.291.385/0001-59;1261;SEE;SECRETARIA DE ESTADO DE EDUCACAO;42;AUXILIOS;1;AUXILIOS;21;COTA ESTADUAL DO SALARIO EDUCACAO - QESE;500000,0;500000,0;500000,0
9492832;3091;2025-12-26 00:00:00;PM BONITO DE MINAS;01.612.493/0001-83;1261;SEE;SECRETARIA DE ESTADO DE EDUCACAO;42;AUXILIOS;1;AUXILIOS;21;COTA ESTADUAL DO SALARIO EDUCACAO - QESE;400000,0;400000,0;400000,0
9492833;3092;2025-12-26 00:00:00;PM CARMO DO CAJURU;18.291.377/0001-02;1261;SEE;SECRETARIA DE ESTADO DE EDUCACAO;42;AUXILIOS;1;AUXILIOS;21;COTA ESTADUAL DO SALARIO EDUCACAO - QESE;582994,99;582994,99;582994,99
9492835;3093;2025-12-26 00:00:00;PM CARMO DO PARANAIBA;18.602.029/0001-09;1261;SEE;SECRETARIA DE ESTADO DE EDUCACAO;42;AUXILIOS;1;AUXILIOS;21;COTA ESTADUAL DO SALARIO EDUCACAO - QESE;600000,0;600000,0;600000,0
9492836;3094;2025-12-26 00:00:00;PM PERIQUITO;01.613.077/0001-08;1261;SEE;SECRETARIA DE ESTADO DE EDUCACAO;42;AUXILIOS;1;AUXILIOS;21;COTA ESTADUAL DO SALARIO EDUCACAO - QESE;680000,0;680000,0;680000,0
9492837;3095;2025-12-26 00:00:00;PM MONTES CLAROS;22.678.874/0001-35;1261;SEE;SECRETARIA DE ESTADO DE EDUCACAO;42;AUXILIOS;1;AUXILIOS;21;COTA ESTADUAL DO SALARIO EDUCACAO - QESE;801000,0;801000,0;801000,0
9492838;3096;2025-12-26 00:00:00;PM CABECEIRA GRANDE;01.603.707/0001-55;1261;SEE;SECRETARIA DE ESTADO DE EDUCACAO;42;AUXILIOS;1;AUXILIOS;21;COTA ESTADUAL DO SALARIO EDUCACAO - QESE;300000,0;300000,0;300000,0
9492839;3082;2025-12-26 00:00:00;PM MARTINS SOARES;01.615.420/0001-45;1261;SEE;SECRETARIA DE ESTADO DE EDUCACAO;42;AUXILIOS;1;AUXILIOS;21;COTA ESTADUAL DO SALARIO EDUCACAO - QESE;134965,07;134965,07;134965,07
9492840;3097;2025-12-26 00:00:00;PM PERDIZES;18.140.772/0001-94;1261;SEE;SECRETARIA DE ESTADO DE EDUCACAO;42;AUXILIOS;1;AUXILIOS;21;COTA ESTADUAL DO SALARIO EDUCACAO - QESE;400000,0;400000,0;400000,0
9492842;3098;2025-12-26 00:00:00;PM FORMOSO;18.125.153/0001-20;1261;SEE;SECRETARIA DE ESTADO DE EDUCACAO;42;AUXILIOS;1;AUXILIOS;21;COTA ESTADUAL DO SALARIO EDUCACAO - QESE;200000,0;200000,0;200000,0
9492844;3099;2025-12-26 00:00:00;PM DOM BOSCO;01.602.782/0001-00;1261;SEE;SECRETARIA DE ESTADO DE EDUCACAO;42;AUXILIOS;1;AUXILIOS;21;COTA ESTADUAL DO SALARIO EDUCACAO - QESE;1200000,0;1200000,0;0,0
9492852;574;2025-12-29 00:00:00;PM ACUCENA;17.005.216/0001-42;1301;SEINFRA;SECRETARIA DE ESTADO DE INFRAESTRUTURA, MOBILIDADE E PARCERIAS;42;AUXILIOS;1;AUXILIOS;15;RECURSOS ORDINARIOS - OUTROS RECURSOS NAO VINCULADOS;1000000,0;1000000,0;0,0
9492866;643;2025-12-29 00:00:00;APAE;04.427.949/0001-23;1481;SEDESE;SECRETARIA DE ESTADO DE DESENVOLVIMENTO SOCIAL;43;SUBVENCOES SOCIAIS;1;SUBVENCOES SOCIAIS;38;TRANSFERENCIAS DA UNIAO VINCULADAS AO ESPORTE;99955,2;99955,2;0,0
9492943;3933;2025-12-30 00:00:00;PM SAO SEBASTIAO DO PARAISO;18.241.349/0001-80;1491;SEGOV;SECRETARIA DE ESTADO DE GOVERNO;42;AUXILIOS;1;AUXILIOS;15;RECURSOS ORDINARIOS - OUTROS RECURSOS NAO VINCULADOS;550000,0;550000,0;0,0
9492945;582;2025-12-30 00:00:00;PM SAO JOAO DO PACUI;01.612.474/0001-57;1301;SEINFRA;SECRETARIA DE ESTADO DE INFRAESTRUTURA, MOBILIDADE E PARCERIAS;42;AUXILIOS;1;AUXILIOS;15;RECURSOS ORDINARIOS - OUTROS RECURSOS NAO VINCULADOS;300000,0;300000,0;0,0
9492946;581;2025-12-30 00:00:00;PM BAMBUI;20.920.567/0001-93;1301;SEINFRA;SECRETARIA DE ESTADO DE INFRAESTRUTURA, MOBILIDADE E PARCERIAS;42;AUXILIOS;1;AUXILIOS;15;RECURSOS ORDINARIOS - OUTROS RECURSOS NAO VINCULADOS;600000,0;600000,0;0,0
9492948;580;2025-12-30 00:00:00;PM SAO ROMAO;24.891.418/0001-02;1301;SEINFRA;SECRETARIA DE ESTADO DE INFRAESTRUTURA, MOBILIDADE E PARCERIAS;42;AUXILIOS;1;AUXILIOS;10;RECURSOS ORDINARIOS - RECURSOS NAO VINCULADOS DE IMPOSTOS;4700000,0;4700000,0;0,0
9492955;605;2025-12-30 00:00:00;PM MANHUACU;18.385.088/0001-72;1231;SEAPA;SECRETARIA DE ESTADO DE AGRICULTURA, PECUARIA E ABASTECIMENTO;41;CONTRIBUICOES;1;CONTRIBUICOES;15;RECURSOS ORDINARIOS - OUTROS RECURSOS NAO VINCULADOS;647919,05;0,0;0,0
9492956;606;2025-12-30 00:00:00;PM JOAQUIM FELICIO;17.694.878/0001-77;1231;SEAPA;SECRETARIA DE ESTADO DE AGRICULTURA, PECUARIA E ABASTECIMENTO;41;CONTRIBUICOES;1;CONTRIBUICOES;15;RECURSOS ORDINARIOS - OUTROS RECURSOS NAO VINCULADOS;854865,0;0,0;0,0
9492958;604;2025-12-30 00:00:00;PM PEQUI;18.313.874/0001-64;1231;SEAPA;SECRETARIA DE ESTADO DE AGRICULTURA, PECUARIA E ABASTECIMENTO;41;CONTRIBUICOES;1;CONTRIBUICOES;15;RECURSOS ORDINARIOS - OUTROS RECURSOS NAO VINCULADOS;247493,4;0,0;0,0
9492960;608;2025-12-30 00:00:00;PM ITAMBACURI;18.404.855/0001-43;1231;SEAPA;SECRETARIA DE ESTADO DE AGRICULTURA, PECUARIA E ABASTECIMENTO;41;CONTRIBUICOES;1;CONTRIBUICOES;15;RECURSOS ORDINARIOS - OUTROS RECURSOS NAO VINCULADOS;647919,05;0,0;0,0
9492962;607;2025-12-30 00:00:00;PM ITAMBACURI;18.404.855/0001-43;1231;SEAPA;SECRETARIA DE ESTADO DE AGRICULTURA, PECUARIA E ABASTECIMENTO;41;CONTRIBUICOES;1;CONTRIBUICOES;15;RECURSOS ORDINARIOS - OUTROS RECURSOS NAO VINCULADOS;386100,0;0,0;0,0
9492963;3101;2025-12-30 00:00:00;PM CRISTINA;18.188.250/0001-62;1261;SEE;SECRETARIA DE ESTADO DE EDUCACAO;42;AUXILIOS;1;AUXILIOS;21;COTA ESTADUAL DO SALARIO EDUCACAO - QESE;614745,54;614745,54;0,0
9492964;3102;2025-12-30 00:00:00;PM ANTONIO CARLOS;18.094.763/0001-04;1261;SEE;SECRETARIA DE ESTADO DE EDUCACAO;42;AUXILIOS;1;AUXILIOS;21;COTA ESTADUAL DO SALARIO EDUCACAO - QESE;564312,55;564312,55;0,0
9492965;3115;2025-12-30 00:00:00;PM SANTA LUZIA;18.715.409/0001-50;1261;SEE;SECRETARIA DE ESTADO DE EDUCACAO;42;AUXILIOS;1;AUXILIOS;21;COTA ESTADUAL DO SALARIO EDUCACAO - QESE;3017557,02;3017557,02;0,0
9492966;3103;2025-12-30 00:00:00;PM GONCALVES;18.025.932/0001-54;1261;SEE;SECRETARIA DE ESTADO DE EDUCACAO;42;AUXILIOS;1;AUXILIOS;21;COTA ESTADUAL DO SALARIO EDUCACAO - QESE;300000,0;300000,0;0,0
9492967;3104;2025-12-30 00:00:00;PM PEDRAS DE MARIA DA CRUZ;25.209.156/0001-08;1261;SEE;SECRETARIA DE ESTADO DE EDUCACAO;42;AUXILIOS;1;AUXILIOS;21;COTA ESTADUAL DO SALARIO EDUCACAO - QESE;725000,0;725000,0;0,0
9492968;3105;2025-12-30 00:00:00;PM CAMPOS ALTOS;18.298.190/0001-30;1261;SEE;SECRETARIA DE ESTADO DE EDUCACAO;42;AUXILIOS;1;AUXILIOS;21;COTA ESTADUAL DO SALARIO EDUCACAO - QESE;800000,0;800000,0;0,0
9492969;3106;2025-12-30 00:00:00;PM RIO ACIMA;18.312.108/0001-85;1261;SEE;SECRETARIA DE ESTADO DE EDUCACAO;42;AUXILIOS;1;AUXILIOS;21;COTA ESTADUAL DO SALARIO EDUCACAO - QESE;350000,0;350000,0;0,0
9492970;3107;2025-12-30 00:00:00;PM GUARACIABA;19.382.647/0001-53;1261;SEE;SECRETARIA DE ESTADO DE EDUCACAO;42;AUXILIOS;1;AUXILIOS;21;COTA ESTADUAL DO SALARIO EDUCACAO - QESE;1229491,08;1229491,08;0,0
9492971;3108;2025-12-30 00:00:00;PM ALVORADA DE MINAS;18.303.164/0001-53;1261;SEE;SECRETARIA DE ESTADO DE EDUCACAO;42;AUXILIOS;1;AUXILIOS;21;COTA ESTADUAL DO SALARIO EDUCACAO - QESE;564312,55;564312,55;0,0
9492972;3109;2025-12-30 00:00:00;PM EWBANK DA CAMARA;17.747.932/0001-03;1261;SEE;SECRETARIA DE ESTADO DE EDUCACAO;42;AUXILIOS;1;AUXILIOS;21;COTA ESTADUAL DO SALARIO EDUCACAO - QESE;440254,52;440254,52;0,0
9492973;3110;2025-12-30 00:00:00;PM DIVISOPOLIS;66.234.311/0001-23;1261;SEE;SECRETARIA DE ESTADO DE EDUCACAO;42;AUXILIOS;1;AUXILIOS;21;COTA ESTADUAL DO SALARIO EDUCACAO - QESE;2000000,0;2000000,0;0,0
9492974;3111;2025-12-30 00:00:00;PM PIRAUBA;18.554.147/0001-99;1261;SEE;SECRETARIA DE ESTADO DE EDUCACAO;42;AUXILIOS;1;AUXILIOS;21;COTA ESTADUAL DO SALARIO EDUCACAO - QESE;400000,0;400000,0;0,0
9492975;3112;2025-12-30 00:00:00;PM JEQUITAI;18.279.083/0001-65;1261;SEE;SECRETARIA DE ESTADO DE EDUCACAO;42;AUXILIOS;1;AUXILIOS;21;COTA ESTADUAL DO SALARIO EDUCACAO - QESE;999389,01;999389,01;0,0
9492976;3113;2025-12-30 00:00:00;PM NOVA RESENDE;18.187.823/0001-33;1261;SEE;SECRETARIA DE ESTADO DE EDUCACAO;42;AUXILIOS;1;AUXILIOS;21;COTA ESTADUAL DO SALARIO EDUCACAO - QESE;200000,0;200000,0;0,0
9492978;3116;2025-12-30 00:00:00;PM RIO PARDO DE MINAS;24.212.862/0001-46;1261;SEE;SECRETARIA DE ESTADO DE EDUCACAO;42;AUXILIOS;1;AUXILIOS;21;COTA ESTADUAL DO SALARIO EDUCACAO - QESE;324048,01;324048,01;0,0
9492979;3117;2025-12-30 00:00:00;PM SANTA LUZIA;18.715.409/0001-50;1261;SEE;SECRETARIA DE ESTADO DE EDUCACAO;42;AUXILIOS;1;AUXILIOS;21;COTA ESTADUAL DO SALARIO EDUCACAO - QESE;564312,55;564312,55;0,0
9492980;3118;2025-12-30 00:00:00;PM SAO DOMINGOS DO PRATA;18.401.018/0001-60;1261;SEE;SECRETARIA DE ESTADO DE EDUCACAO;42;AUXILIOS;1;AUXILIOS;21;COTA ESTADUAL DO SALARIO EDUCACAO - QESE;564312,55;564312,55;0,0
9492981;3128;2025-12-30 00:00:00;PM LEANDRO FERREIRA;18.315.218/0001-09;1261;SEE;SECRETARIA DE ESTADO DE EDUCACAO;42;AUXILIOS;1;AUXILIOS;21;COTA ESTADUAL DO SALARIO EDUCACAO - QESE;564312,55;564312,55;0,0
9492982;3119;2025-12-30 00:00:00;PM LAGOA DA PRATA;18.318.618/0001-60;1261;SEE;SECRETARIA DE ESTADO DE EDUCACAO;42;AUXILIOS;1;AUXILIOS;21;COTA ESTADUAL DO SALARIO EDUCACAO - QESE;778841,09;778841,09;0,0
9492983;3120;2025-12-30 00:00:00;PM SAO JOAO DA MATA;17.935.206/0001-06;1261;SEE;SECRETARIA DE ESTADO DE EDUCACAO;42;AUXILIOS;1;AUXILIOS;21;COTA ESTADUAL DO SALARIO EDUCACAO - QESE;614745,54;614745,54;0,0
9492984;3129;2025-12-30 00:00:00;PM ICARAI DE MINAS;25.224.304/0001-63;1261;SEE;SECRETARIA DE ESTADO DE EDUCACAO;42;AUXILIOS;1;AUXILIOS;21;COTA ESTADUAL DO SALARIO EDUCACAO - QESE;1499805,96;1499805,96;0,0
9492985;3121;2025-12-30 00:00:00;PM VESPASIANO;18.715.425/0001-42;1261;SEE;SECRETARIA DE ESTADO DE EDUCACAO;42;AUXILIOS;1;AUXILIOS;21;COTA ESTADUAL DO SALARIO EDUCACAO - QESE;1999805,0;1999805,0;0,0
9492986;3122;2025-12-30 00:00:00;PM LONTRA;25.223.009/0001-92;1261;SEE;SECRETARIA DE ESTADO DE EDUCACAO;42;AUXILIOS;1;AUXILIOS;21;COTA ESTADUAL DO SALARIO EDUCACAO - QESE;324048,01;324048,01;0,0
9492987;3123;2025-12-30 00:00:00;PM PADRE CARVALHO;01.612.490/0001-40;1261;SEE;SECRETARIA DE ESTADO DE EDUCACAO;42;AUXILIOS;1;AUXILIOS;21;COTA ESTADUAL DO SALARIO EDUCACAO - QESE;778000,0;778000,0;0,0
9492988;3124;2025-12-30 00:00:00;PM BRUMADINHO;18.363.929/0001-40;1261;SEE;SECRETARIA DE ESTADO DE EDUCACAO;42;AUXILIOS;1;AUXILIOS;21;COTA ESTADUAL DO SALARIO EDUCACAO - QESE;500000,0;500000,0;0,0
9492989;3125;2025-12-30 00:00:00;PM CORINTO;17.695.016/0001-69;1261;SEE;SECRETARIA DE ESTADO DE EDUCACAO;42;AUXILIOS;1;AUXILIOS;21;COTA ESTADUAL DO SALARIO EDUCACAO - QESE;1055000,0;1055000,0;0,0
9492991;3127;2025-12-30 00:00:00;PM CARANDAI;18.094.797/0001-07;1261;SEE;SECRETARIA DE ESTADO DE EDUCACAO;42;AUXILIOS;1;AUXILIOS;21;COTA ESTADUAL DO SALARIO EDUCACAO - QESE;2000000,0;2000000,0;0,0
9492992;3130;2025-12-30 00:00:00;PM PAVAO;18.404.772/0001-54;1261;SEE;SECRETARIA DE ESTADO DE EDUCACAO;42;AUXILIOS;1;AUXILIOS;21;COTA ESTADUAL DO SALARIO EDUCACAO - QESE;324048,01;324048,01;0,0
9492994;3126;2025-12-30 00:00:00;PM PAPAGAIOS;18.313.866/0001-18;1261;SEE;SECRETARIA DE ESTADO DE EDUCACAO;42;AUXILIOS;1;AUXILIOS;21;COTA ESTADUAL DO SALARIO EDUCACAO - QESE;510959,93;510959,93;0,0
9493001;3131;2025-12-30 00:00:00;PM MIRADOURO;17.947.623/0001-79;1261;SEE;SECRETARIA DE ESTADO DE EDUCACAO;42;AUXILIOS;1;AUXILIOS;21;COTA ESTADUAL DO SALARIO EDUCACAO - QESE;648096,02;648096,02;0,0
9493052;3934;2025-12-30 00:00:00;PM ALTO CAPARAO;01.616.270/0001-94;1491;SEGOV;SECRETARIA DE ESTADO DE GOVERNO;42;AUXILIOS;1;AUXILIOS;15;RECURSOS ORDINARIOS - OUTROS RECURSOS NAO VINCULADOS;550000,0;550000,0;0,0
9493057;624;2025-12-30 00:00:00;PM PECANHA;18.409.227/0001-50;1231;SEAPA;SECRETARIA DE ESTADO DE AGRICULTURA, PECUARIA E ABASTECIMENTO;41;CONTRIBUICOES;1;CONTRIBUICOES;15;RECURSOS ORDINARIOS - OUTROS RECURSOS NAO VINCULADOS;22270,24;0,0;0,0
9493060;620;2025-12-30 00:00:00;PM COLUNA;18.307.397/0001-24;1231;SEAPA;SECRETARIA DE ESTADO DE AGRICULTURA, PECUARIA E ABASTECIMENTO;41;CONTRIBUICOES;1;CONTRIBUICOES;15;RECURSOS ORDINARIOS - OUTROS RECURSOS NAO VINCULADOS;26986,67;0,0;0,0
9493064;623;2025-12-30 00:00:00;PM LADAINHA;18.404.863/0001-90;1231;SEAPA;SECRETARIA DE ESTADO DE AGRICULTURA, PECUARIA E ABASTECIMENTO;41;CONTRIBUICOES;1;CONTRIBUICOES;15;RECURSOS ORDINARIOS - OUTROS RECURSOS NAO VINCULADOS;2540850,71;0,0;0,0
9493065;622;2025-12-30 00:00:00;PM MEDINA;18.414.607/0001-83;1231;SEAPA;SECRETARIA DE ESTADO DE AGRICULTURA, PECUARIA E ABASTECIMENTO;41;CONTRIBUICOES;1;CONTRIBUICOES;15;RECURSOS ORDINARIOS - OUTROS RECURSOS NAO VINCULADOS;2157957,02;0,0;0,0
9493068;621;2025-12-30 00:00:00;PM PEDRA AZUL;18.414.565/0001-80;1231;SEAPA;SECRETARIA DE ESTADO DE AGRICULTURA, PECUARIA E ABASTECIMENTO;41;CONTRIBUICOES;1;CONTRIBUICOES;15;RECURSOS ORDINARIOS - OUTROS RECURSOS NAO VINCULADOS;1240965,0;0,0;0,0
9493090;586;2025-12-31 00:00:00;PM PINGO D'AGUA;01.613.204/0001-60;1301;SEINFRA;SECRETARIA DE ESTADO DE INFRAESTRUTURA, MOBILIDADE E PARCERIAS;42;AUXILIOS;1;AUXILIOS;15;RECURSOS ORDINARIOS - OUTROS RECURSOS NAO VINCULADOS;5000000,0;5000000,0;0,0
