contratoconvenio_saida;numero_empenho;data_registro_doc_empenho;razao_social_credor;cnpj_cpf_credor_formatado;unidade_orcamentaria_codigo;unidade_orcamentaria_sigla;unidade_orcamentaria_nome;elemento_despesa_codigo;elemento_despesa_descricao;item_despesa_codigo;item_despesa_descricao;fonte_recurso_codigo;fonte_recurso_descricao;valor_despesa_empenhada;valor_despesa_liquidada;valor_pago_financeiro
9164711;48;2022-05-09 00:00:00;CARITAS BRASILEIRA;33.654.419/0008-92;1481;SEDESE;SECRETARIA DE ESTADO DE DESENVOLVIMENTO SOCIAL;43;SUBVENCOES SOCIAIS;1;SUBVENCOES SOCIAIS;71;RECURSOS DO FUNDO ESTADUAL DE ERRADICACAO DA MISERIA;91113,44;91113,44;91113,44
9165300;7;2022-02-14 00:00:00;ASSOC. DE PROT. E ASSIST. A CONDENADA DE CONS. LAFAIETE FEM.;26.397.050/0001-48;1451;SEJUSP;SECRETARIA DE ESTADO DE JUSTICA E SEGURANCA PUBLICA;43;SUBVENCOES SOCIAIS;1;SUBVENCOES SOCIAIS;10;RECURSOS ORDINARIOS;1021319,29;1021319,29;1021319,29
9174422;50;2022-05-10 00:00:00;ASSOCIACAO DOS BAIRROS DE TEOFILO OTONI;21.297.064/0001-76;1481;SEDESE;SECRETARIA DE ESTADO DE DESENVOLVIMENTO SOCIAL;43;SUBVENCOES SOCIAIS;1;SUBVENCOES SOCIAIS;71;RECURSOS DO FUNDO ESTADUAL DE ERRADICACAO DA MISERIA;83888,8;83888,8;83888,8
9177599;177;2022-05-05 00:00:00;INSTITUTO JURIDICO PARA EFETIVACAO DA CIDADANIA - MINAS GERAIS IJUCI/M;03.893.350/0001-12;1451;SEJUSP;SECRETARIA DE ESTADO DE JUSTICA E SEGURANCA PUBLICA;43;SUBVENCOES SOCIAIS;1;SUBVENCOES SOCIAIS;10;RECURSOS ORDINARIOS;1192642,12;1192642,12;1192642,12
9177599;225;2022-07-15 00:00:00;INSTITUTO JURIDICO PARA EFETIVACAO DA CIDADANIA - MINAS GERAIS IJUCI/M;03.893.350/0001-12;1451;SEJUSP;SECRETARIA DE ESTADO DE JUSTICA E SEGURANCA PUBLICA;43;SUBVENCOES SOCIAIS;1;SUBVENCOES SOCIAIS;10;RECURSOS ORDINARIOS;1170495,63;1170495,63;1170495,63
9177599;303;2022-10-05 00:00:00;INSTITUTO JURIDICO PARA EFETIVACAO DA CIDADANIA - MINAS GERAIS IJUCI/M;03.893.350/0001-12;1451;SEJUSP;SECRETARIA DE ESTADO DE JUSTICA E SEGURANCA PUBLICA;43;SUBVENCOES SOCIAIS;1;SUBVENCOES SOCIAIS;10;RECURSOS ORDINARIOS;1434224,78;1434224,78;1434224,78
9178062;148;2022-04-04 00:00:00;DE PEITO ABERTO INCENTIVO AO ESPORTE, CULTURA E LAZER;07.952.460/0001-69;1451;SEJUSP;SECRETARIA DE ESTADO DE JUSTICA E SEGURANCA PUBLICA;43;SUBVENCOES SOCIAIS;1;SUBVENCOES SOCIAIS;10;RECURSOS ORDINARIOS;604111,98;604111,98;604111,98
9178062;294;2022-09-27 00:00:00;DE PEITO ABERTO INCENTIVO AO ESPORTE, CULTURA E LAZER;07.952.460/0001-69;1451;SEJUSP;SECRETARIA DE ESTADO DE JUSTICA E SEGURANCA PUBLICA;43;SUBVENCOES SOCIAIS;1;SUBVENCOES SOCIAIS;10;RECURSOS ORDINARIOS;580051,08;580051,08;580051,08
9193995;233;2022-06-28 00:00:00;PM VEREDINHA;01.614.685/0001-29;1301;SEINFRA;SECRETARIA DE ESTADO DE INFRAESTRUTURA E MOBILIDADE;42;AUXILIOS;1;AUXILIOS;32;EXPLORACAO DE RECURSOS MINERAIS;200000,0;200000,0;140000,0
9195557;1;2022-12-28 00:00:00;PM DONA EUZEBIA;17.706.656/0001-27;4341;FHIDRO;FUNDO DE RECUPERACAO, PROTECAO E DESENVOLVIMENTO SUSTENTAVEL DAS BACIAS HIDROGRAFICAS DO ESTADO DE M;41;CONTRIBUICOES;1;CONTRIBUICOES;31;UTILIZACAO DE RECURSOS HIDRICOS;53814,21;53814,21;0,0
9197093;285;2022-03-10 00:00:00;ASSOCIACAO DE PAIS E AMIGOS DOS EXCEPCIONAIS - APAE;17.862.038/0001-76;4251;FEAS;FUNDO ESTADUAL DE ASSISTENCIA SOCIAL;43;SUBVENCOES SOCIAIS;1;SUBVENCOES SOCIAIS;71;RECURSOS DO FUNDO ESTADUAL DE ERRADICACAO DA MISERIA;126000,0;126000,0;126000,0
9197093;1649;2022-09-15 00:00:00;ASSOCIACAO DE PAIS E AMIGOS DOS EXCEPCIONAIS - APAE;17.862.038/0001-76;4251;FEAS;FUNDO ESTADUAL DE ASSISTENCIA SOCIAL;43;SUBVENCOES SOCIAIS;1;SUBVENCOES SOCIAIS;71;RECURSOS DO FUNDO ESTADUAL DE ERRADICACAO DA MISERIA;126000,0;126000,0;126000,0
9197093;2556;2022-12-07 00:00:00;ASSOCIACAO DE PAIS E AMIGOS DOS EXCEPCIONAIS - APAE;17.862.038/0001-76;4251;FEAS;FUNDO ESTADUAL DE ASSISTENCIA SOCIAL;43;SUBVENCOES SOCIAIS;1;SUBVENCOES SOCIAIS;71;RECURSOS DO FUNDO ESTADUAL DE ERRADICACAO DA MISERIA;25200,0;25200,0;25200,0
9197094;302;2022-03-11 00:00:00;ASSOCIACAO DE PAIS E AMIGOS DOS EXCEPCIONAIS DE BELO HORIZONTE - APAE;18.216.366/0001-68;4251;FEAS;FUNDO ESTADUAL DE ASSISTENCIA SOCIAL;43;SUBVENCOES SOCIAIS;1;SUBVENCOES SOCIAIS;71;RECURSOS DO FUNDO ESTADUAL DE ERRADICACAO DA MISERIA;1108800,0;1108800,0;1108800,0
9197095;294;2022-03-10 00:00:00;ASSOCIACAO DE PAIS E AMIGOS DOS EXCEPCIONAIS DE NEPOMUCENO;19.016.211/0001-40;4251;FEAS;FUNDO ESTADUAL DE ASSISTENCIA SOCIAL;43;SUBVENCOES SOCIAIS;1;SUBVENCOES SOCIAIS;71;RECURSOS DO FUNDO ESTADUAL DE ERRADICACAO DA MISERIA;54000,0;54000,0;54000,0
9197095;1657;2022-09-15 00:00:00;ASSOCIACAO DE PAIS E AMIGOS DOS EXCEPCIONAIS DE NEPOMUCENO;19.016.211/0001-40;4251;FEAS;FUNDO ESTADUAL DE ASSISTENCIA SOCIAL;43;SUBVENCOES SOCIAIS;1;SUBVENCOES SOCIAIS;71;RECURSOS DO FUNDO ESTADUAL DE ERRADICACAO DA MISERIA;54000,0;54000,0;54000,0
9197095;2568;2022-12-07 00:00:00;ASSOCIACAO DE PAIS E AMIGOS DOS EXCEPCIONAIS DE NEPOMUCENO;19.016.211/0001-40;4251;FEAS;FUNDO ESTADUAL DE ASSISTENCIA SOCIAL;43;SUBVENCOES SOCIAIS;1;SUBVENCOES SOCIAIS;71;RECURSOS DO FUNDO ESTADUAL DE ERRADICACAO DA MISERIA;10800,0;10800,0;10800,0
9197096;291;2022-03-10 00:00:00;ASSOC PAIS E AMIGOS DOS EXCEPCIONAIS;20.900.981/0001-30;4251;FEAS;FUNDO ESTADUAL DE ASSISTENCIA SOCIAL;43;SUBVENCOES SOCIAIS;1;SUBVENCOES SOCIAIS;71;RECURSOS DO FUNDO ESTADUAL DE ERRADICACAO DA MISERIA;54000,0;54000,0;54000,0
9197096;1654;2022-09-15 00:00:00;ASSOC PAIS E AMIGOS DOS EXCEPCIONAIS;20.900.981/0001-30;4251;FEAS;FUNDO ESTADUAL DE ASSISTENCIA SOCIAL;43;SUBVENCOES SOCIAIS;1;SUBVENCOES SOCIAIS;71;RECURSOS DO FUNDO ESTADUAL DE ERRADICACAO DA MISERIA;54000,0;54000,0;54000,0
9197096;2565;2022-12-07 00:00:00;ASSOC PAIS E AMIGOS DOS EXCEPCIONAIS;20.900.981/0001-30;4251;FEAS;FUNDO ESTADUAL DE ASSISTENCIA SOCIAL;43;SUBVENCOES SOCIAIS;1;SUBVENCOES SOCIAIS;71;RECURSOS DO FUNDO ESTADUAL DE ERRADICACAO DA MISERIA;10800,0;10800,0;10800,0
9197099;284;2022-03-10 00:00:00;ASSOCIACAO DOS PAIS E AMIGOS DOS EXCEPCIONAIS;18.299.354/0001-44;4251;FEAS;FUNDO ESTADUAL DE ASSISTENCIA SOCIAL;43;SUBVENCOES SOCIAIS;1;SUBVENCOES SOCIAIS;71;RECURSOS DO FUNDO ESTADUAL DE ERRADICACAO DA MISERIA;144000,0;144000,0;144000,0
9197099;1648;2022-09-15 00:00:00;ASSOCIACAO DOS PAIS E AMIGOS DOS EXCEPCIONAIS;18.299.354/0001-44;4251;FEAS;FUNDO ESTADUAL DE ASSISTENCIA SOCIAL;43;SUBVENCOES SOCIAIS;1;SUBVENCOES SOCIAIS;71;RECURSOS DO FUNDO ESTADUAL DE ERRADICACAO DA MISERIA;144000,0;144000,0;144000,0
9197099;2554;2022-12-07 00:00:00;ASSOCIACAO DOS PAIS E AMIGOS DOS EXCEPCIONAIS;18.299.354/0001-44;4251;FEAS;FUNDO ESTADUAL DE ASSISTENCIA SOCIAL;43;SUBVENCOES SOCIAIS;1;SUBVENCOES SOCIAIS;71;RECURSOS DO FUNDO ESTADUAL DE ERRADICACAO DA MISERIA;28800,0;28800,0;28800,0
9197100;301;2022-03-10 00:00:00;ASSOCIACAO DE PAIS E AMIGOS DOS EXCEPCIONAIS - APAE;23.098.924/0001-78;4251;FEAS;FUNDO ESTADUAL DE ASSISTENCIA SOCIAL;43;SUBVENCOES SOCIAIS;1;SUBVENCOES SOCIAIS;71;RECURSOS DO FUNDO ESTADUAL DE ERRADICACAO DA MISERIA;126000,0;126000,0;126000,0
9197100;1663;2022-09-15 00:00:00;ASSOCIACAO DE PAIS E AMIGOS DOS EXCEPCIONAIS - APAE;23.098.924/0001-78;4251;FEAS;FUNDO ESTADUAL DE ASSISTENCIA SOCIAL;43;SUBVENCOES SOCIAIS;1;SUBVENCOES SOCIAIS;71;RECURSOS DO FUNDO ESTADUAL DE ERRADICACAO DA MISERIA;126000,0;126000,0;126000,0
9197100;2574;2022-12-12 00:00:00;ASSOCIACAO DE PAIS E AMIGOS DOS EXCEPCIONAIS - APAE;23.098.924/0001-78;4251;FEAS;FUNDO ESTADUAL DE ASSISTENCIA SOCIAL;43;SUBVENCOES SOCIAIS;1;SUBVENCOES SOCIAIS;71;RECURSOS DO FUNDO ESTADUAL DE ERRADICACAO DA MISERIA;25200,0;25200,0;25200,0
9197101;286;2022-03-10 00:00:00;INSTITUTO SANTA MONICA;16.813.263/0001-50;4251;FEAS;FUNDO ESTADUAL DE ASSISTENCIA SOCIAL;43;SUBVENCOES SOCIAIS;1;SUBVENCOES SOCIAIS;71;RECURSOS DO FUNDO ESTADUAL DE ERRADICACAO DA MISERIA;144000,0;144000,0;144000,0
9197101;1650;2022-09-15 00:00:00;INSTITUTO SANTA MONICA;16.813.263/0001-50;4251;FEAS;FUNDO ESTADUAL DE ASSISTENCIA SOCIAL;43;SUBVENCOES SOCIAIS;1;SUBVENCOES SOCIAIS;71;RECURSOS DO FUNDO ESTADUAL DE ERRADICACAO DA MISERIA;144000,0;144000,0;144000,0
9197101;2561;2022-12-07 00:00:00;INSTITUTO SANTA MONICA;16.813.263/0001-50;4251;FEAS;FUNDO ESTADUAL DE ASSISTENCIA SOCIAL;43;SUBVENCOES SOCIAIS;1;SUBVENCOES SOCIAIS;71;RECURSOS DO FUNDO ESTADUAL DE ERRADICACAO DA MISERIA;28800,0;28800,0;28800,0
9197102;298;2022-03-10 00:00:00;ASSOCIACAO DE PAIS E AMIGOS DOS EXCEPCIONAIS;73.874.646/0001-71;4251;FEAS;FUNDO ESTADUAL DE ASSISTENCIA SOCIAL;43;SUBVENCOES SOCIAIS;1;SUBVENCOES SOCIAIS;71;RECURSOS DO FUNDO ESTADUAL DE ERRADICACAO DA MISERIA;144000,0;144000,0;144000,0
9197102;1661;2022-09-15 00:00:00;ASSOCIACAO DE PAIS E AMIGOS DOS EXCEPCIONAIS;73.874.646/0001-71;4251;FEAS;FUNDO ESTADUAL DE ASSISTENCIA SOCIAL;43;SUBVENCOES SOCIAIS;1;SUBVENCOES SOCIAIS;71;RECURSOS DO FUNDO ESTADUAL DE ERRADICACAO DA MISERIA;144000,0;144000,0;144000,0
9197102;2572;2022-12-07 00:00:00;ASSOCIACAO DE PAIS E AMIGOS DOS EXCEPCIONAIS;73.874.646/0001-71;4251;FEAS;FUNDO ESTADUAL DE ASSISTENCIA SOCIAL;43;SUBVENCOES SOCIAIS;1;SUBVENCOES SOCIAIS;71;RECURSOS DO FUNDO ESTADUAL DE ERRADICACAO DA MISERIA;28800,0;28800,0;28800,0
9197103;303;2022-03-11 00:00:00;ASSOCIACAO DE PAIS E AMIGOS DOS EXCEPCIONAIS;20.288.940/0001-35;4251;FEAS;FUNDO ESTADUAL DE ASSISTENCIA SOCIAL;43;SUBVENCOES SOCIAIS;1;SUBVENCOES SOCIAIS;71;RECURSOS DO FUNDO ESTADUAL DE ERRADICACAO DA MISERIA;63000,0;63000,0;63000,0
9197103;1644;2022-09-15 00:00:00;ASSOCIACAO DE PAIS E AMIGOS DOS EXCEPCIONAIS;20.288.940/0001-35;4251;FEAS;FUNDO ESTADUAL DE ASSISTENCIA SOCIAL;43;SUBVENCOES SOCIAIS;1;SUBVENCOES SOCIAIS;71;RECURSOS DO FUNDO ESTADUAL DE ERRADICACAO DA MISERIA;63000,0;63000,0;63000,0
9197103;2550;2022-12-07 00:00:00;ASSOCIACAO DE PAIS E AMIGOS DOS EXCEPCIONAIS;20.288.940/0001-35;4251;FEAS;FUNDO ESTADUAL DE ASSISTENCIA SOCIAL;43;SUBVENCOES SOCIAIS;1;SUBVENCOES SOCIAIS;71;RECURSOS DO FUNDO ESTADUAL DE ERRADICACAO DA MISERIA;12600,0;12600,0;12600,0
9197104;296;2022-03-10 00:00:00;ASSOCIACAO DE PAIS E AMIGOS DOS EXCEPCIONAIS DE PRADOS;26.118.448/0001-06;4251;FEAS;FUNDO ESTADUAL DE ASSISTENCIA SOCIAL;43;SUBVENCOES SOCIAIS;1;SUBVENCOES SOCIAIS;71;RECURSOS DO FUNDO ESTADUAL DE ERRADICACAO DA MISERIA;63000,0;63000,0;63000,0
9197104;1659;2022-09-15 00:00:00;ASSOCIACAO DE PAIS E AMIGOS DOS EXCEPCIONAIS DE PRADOS;26.118.448/0001-06;4251;FEAS;FUNDO ESTADUAL DE ASSISTENCIA SOCIAL;43;SUBVENCOES SOCIAIS;1;SUBVENCOES SOCIAIS;71;RECURSOS DO FUNDO ESTADUAL DE ERRADICACAO DA MISERIA;63000,0;63000,0;63000,0
9197104;2570;2022-12-07 00:00:00;ASSOCIACAO DE PAIS E AMIGOS DOS EXCEPCIONAIS DE PRADOS;26.118.448/0001-06;4251;FEAS;FUNDO ESTADUAL DE ASSISTENCIA SOCIAL;43;SUBVENCOES SOCIAIS;1;SUBVENCOES SOCIAIS;71;RECURSOS DO FUNDO ESTADUAL DE ERRADICACAO DA MISERIA;12600,0;12600,0;12600,0
9197105;281;2022-03-10 00:00:00;ASSOCIACAO DOS PAIS E AMIGOS DOS EXCEPCIONAIS;00.298.396/0001-03;4251;FEAS;FUNDO ESTADUAL DE ASSISTENCIA SOCIAL;43;SUBVENCOES SOCIAIS;1;SUBVENCOES SOCIAIS;71;RECURSOS DO FUNDO ESTADUAL DE ERRADICACAO DA MISERIA;144000,0;144000,0;144000,0
9197105;1646;2022-09-15 00:00:00;ASSOCIACAO DOS PAIS E AMIGOS DOS EXCEPCIONAIS;00.298.396/0001-03;4251;FEAS;FUNDO ESTADUAL DE ASSISTENCIA SOCIAL;43;SUBVENCOES SOCIAIS;1;SUBVENCOES SOCIAIS;71;RECURSOS DO FUNDO ESTADUAL DE ERRADICACAO DA MISERIA;144000,0;144000,0;144000,0
9197105;2552;2022-12-07 00:00:00;ASSOCIACAO DOS PAIS E AMIGOS DOS EXCEPCIONAIS;00.298.396/0001-03;4251;FEAS;FUNDO ESTADUAL DE ASSISTENCIA SOCIAL;43;SUBVENCOES SOCIAIS;1;SUBVENCOES SOCIAIS;71;RECURSOS DO FUNDO ESTADUAL DE ERRADICACAO DA MISERIA;28800,0;28800,0;28800,0
9197106;293;2022-03-10 00:00:00;APAE ASSOCIACAO DE PAIS E AMIGOS DE EXCEPCIONAIS DE MONTES CLAROS;21.353.925/0001-96;4251;FEAS;FUNDO ESTADUAL DE ASSISTENCIA SOCIAL;43;SUBVENCOES SOCIAIS;1;SUBVENCOES SOCIAIS;71;RECURSOS DO FUNDO ESTADUAL DE ERRADICACAO DA MISERIA;90000,0;90000,0;90000,0
9197106;1656;2022-09-15 00:00:00;APAE ASSOCIACAO DE PAIS E AMIGOS DE EXCEPCIONAIS DE MONTES CLAROS;21.353.925/0001-96;4251;FEAS;FUNDO ESTADUAL DE ASSISTENCIA SOCIAL;43;SUBVENCOES SOCIAIS;1;SUBVENCOES SOCIAIS;71;RECURSOS DO FUNDO ESTADUAL DE ERRADICACAO DA MISERIA;90000,0;90000,0;90000,0
9197106;2567;2022-12-07 00:00:00;APAE ASSOCIACAO DE PAIS E AMIGOS DE EXCEPCIONAIS DE MONTES CLAROS;21.353.925/0001-96;4251;FEAS;FUNDO ESTADUAL DE ASSISTENCIA SOCIAL;43;SUBVENCOES SOCIAIS;1;SUBVENCOES SOCIAIS;71;RECURSOS DO FUNDO ESTADUAL DE ERRADICACAO DA MISERIA;18000,0;18000,0;18000,0
9197107;288;2022-03-10 00:00:00;AASOCIACAO DE PAIS E AMIGOS DOS EXCEPCIONAIS DE LAGOA DA PRATA;20.897.203/0001-30;4251;FEAS;FUNDO ESTADUAL DE ASSISTENCIA SOCIAL;43;SUBVENCOES SOCIAIS;1;SUBVENCOES SOCIAIS;71;RECURSOS DO FUNDO ESTADUAL DE ERRADICACAO DA MISERIA;135000,0;135000,0;135000,0
9197107;1652;2022-09-15 00:00:00;AASOCIACAO DE PAIS E AMIGOS DOS EXCEPCIONAIS DE LAGOA DA PRATA;20.897.203/0001-30;4251;FEAS;FUNDO ESTADUAL DE ASSISTENCIA SOCIAL;43;SUBVENCOES SOCIAIS;1;SUBVENCOES SOCIAIS;71;RECURSOS DO FUNDO ESTADUAL DE ERRADICACAO DA MISERIA;135000,0;135000,0;135000,0
9197107;2563;2022-12-07 00:00:00;AASOCIACAO DE PAIS E AMIGOS DOS EXCEPCIONAIS DE LAGOA DA PRATA;20.897.203/0001-30;4251;FEAS;FUNDO ESTADUAL DE ASSISTENCIA SOCIAL;43;SUBVENCOES SOCIAIS;1;SUBVENCOES SOCIAIS;71;RECURSOS DO FUNDO ESTADUAL DE ERRADICACAO DA MISERIA;27000,0;27000,0;27000,0
9197108;289;2022-03-10 00:00:00;APAE LAGOA DOURADA;04.448.905/0001-80;4251;FEAS;FUNDO ESTADUAL DE ASSISTENCIA SOCIAL;43;SUBVENCOES SOCIAIS;1;SUBVENCOES SOCIAIS;71;RECURSOS DO FUNDO ESTADUAL DE ERRADICACAO DA MISERIA;72000,0;72000,0;72000,0
9197108;1653;2022-09-15 00:00:00;APAE LAGOA DOURADA;04.448.905/0001-80;4251;FEAS;FUNDO ESTADUAL DE ASSISTENCIA SOCIAL;43;SUBVENCOES SOCIAIS;1;SUBVENCOES SOCIAIS;71;RECURSOS DO FUNDO ESTADUAL DE ERRADICACAO DA MISERIA;72000,0;72000,0;72000,0
9197108;2564;2022-12-07 00:00:00;APAE LAGOA DOURADA;04.448.905/0001-80;4251;FEAS;FUNDO ESTADUAL DE ASSISTENCIA SOCIAL;43;SUBVENCOES SOCIAIS;1;SUBVENCOES SOCIAIS;71;RECURSOS DO FUNDO ESTADUAL DE ERRADICACAO DA MISERIA;14400,0;14400,0;14400,0
9197109;295;2022-03-10 00:00:00;ASS DE PAIS E AMIGOS DOS EXCEPCIONAIS DE PARA DE MINAS;18.416.891/0001-27;4251;FEAS;FUNDO ESTADUAL DE ASSISTENCIA SOCIAL;43;SUBVENCOES SOCIAIS;1;SUBVENCOES SOCIAIS;71;RECURSOS DO FUNDO ESTADUAL DE ERRADICACAO DA MISERIA;54000,0;54000,0;54000,0
9197109;1658;2022-09-15 00:00:00;ASS DE PAIS E AMIGOS DOS EXCEPCIONAIS DE PARA DE MINAS;18.416.891/0001-27;4251;FEAS;FUNDO ESTADUAL DE ASSISTENCIA SOCIAL;43;SUBVENCOES SOCIAIS;1;SUBVENCOES SOCIAIS;71;RECURSOS DO FUNDO ESTADUAL DE ERRADICACAO DA MISERIA;54000,0;54000,0;54000,0
9197109;2569;2022-12-07 00:00:00;ASS DE PAIS E AMIGOS DOS EXCEPCIONAIS DE PARA DE MINAS;18.416.891/0001-27;4251;FEAS;FUNDO ESTADUAL DE ASSISTENCIA SOCIAL;43;SUBVENCOES SOCIAIS;1;SUBVENCOES SOCIAIS;71;RECURSOS DO FUNDO ESTADUAL DE ERRADICACAO DA MISERIA;10800,0;10800,0;10800,0
9197110;297;2022-03-10 00:00:00;ASSOCIACAO DE PAIS E AMIGOS DOS EXCEPCIONAIS DE PRATA;18.475.731/0001-59;4251;FEAS;FUNDO ESTADUAL DE ASSISTENCIA SOCIAL;43;SUBVENCOES SOCIAIS;1;SUBVENCOES SOCIAIS;71;RECURSOS DO FUNDO ESTADUAL DE ERRADICACAO DA MISERIA;72000,0;72000,0;72000,0
9197110;1660;2022-09-15 00:00:00;ASSOCIACAO DE PAIS E AMIGOS DOS EXCEPCIONAIS DE PRATA;18.475.731/0001-59;4251;FEAS;FUNDO ESTADUAL DE ASSISTENCIA SOCIAL;43;SUBVENCOES SOCIAIS;1;SUBVENCOES SOCIAIS;71;RECURSOS DO FUNDO ESTADUAL DE ERRADICACAO DA MISERIA;72000,0;72000,0;72000,0
9197110;2571;2022-12-07 00:00:00;ASSOCIACAO DE PAIS E AMIGOS DOS EXCEPCIONAIS DE PRATA;18.475.731/0001-59;4251;FEAS;FUNDO ESTADUAL DE ASSISTENCIA SOCIAL;43;SUBVENCOES SOCIAIS;1;SUBVENCOES SOCIAIS;71;RECURSOS DO FUNDO ESTADUAL DE ERRADICACAO DA MISERIA;14400,0;14400,0;14400,0
9197112;280;2022-03-10 00:00:00;ASSOCOACAO DE PAIS E AMIGOS DOS EXCEPCIONAIS DE CRISTAIS;23.775.059/0001-57;4251;FEAS;FUNDO ESTADUAL DE ASSISTENCIA SOCIAL;43;SUBVENCOES SOCIAIS;1;SUBVENCOES SOCIAIS;71;RECURSOS DO FUNDO ESTADUAL DE ERRADICACAO DA MISERIA;144000,0;144000,0;144000,0
9197112;1645;2022-09-15 00:00:00;ASSOCOACAO DE PAIS E AMIGOS DOS EXCEPCIONAIS DE CRISTAIS;23.775.059/0001-57;4251;FEAS;FUNDO ESTADUAL DE ASSISTENCIA SOCIAL;43;SUBVENCOES SOCIAIS;1;SUBVENCOES SOCIAIS;71;RECURSOS DO FUNDO ESTADUAL DE ERRADICACAO DA MISERIA;144000,0;144000,0;144000,0
9197112;2551;2022-12-07 00:00:00;ASSOCOACAO DE PAIS E AMIGOS DOS EXCEPCIONAIS DE CRISTAIS;23.775.059/0001-57;4251;FEAS;FUNDO ESTADUAL DE ASSISTENCIA SOCIAL;43;SUBVENCOES SOCIAIS;1;SUBVENCOES SOCIAIS;71;RECURSOS DO FUNDO ESTADUAL DE ERRADICACAO DA MISERIA;28800,0;28800,0;28800,0
9197113;300;2022-03-10 00:00:00;ASSOCIACAO DE PAIS E AMIGOS  DOS EXCEPCIONAIS;86.926.235/0001-24;4251;FEAS;FUNDO ESTADUAL DE ASSISTENCIA SOCIAL;43;SUBVENCOES SOCIAIS;1;SUBVENCOES SOCIAIS;71;RECURSOS DO FUNDO ESTADUAL DE ERRADICACAO DA MISERIA;63000,0;63000,0;63000,0
9197113;1662;2022-09-15 00:00:00;ASSOCIACAO DE PAIS E AMIGOS  DOS EXCEPCIONAIS;86.926.235/0001-24;4251;FEAS;FUNDO ESTADUAL DE ASSISTENCIA SOCIAL;43;SUBVENCOES SOCIAIS;1;SUBVENCOES SOCIAIS;71;RECURSOS DO FUNDO ESTADUAL DE ERRADICACAO DA MISERIA;63000,0;63000,0;63000,0
9197113;2573;2022-12-07 00:00:00;ASSOCIACAO DE PAIS E AMIGOS  DOS EXCEPCIONAIS;86.926.235/0001-24;4251;FEAS;FUNDO ESTADUAL DE ASSISTENCIA SOCIAL;43;SUBVENCOES SOCIAIS;1;SUBVENCOES SOCIAIS;71;RECURSOS DO FUNDO ESTADUAL DE ERRADICACAO DA MISERIA;12600,0;12600,0;12600,0
9197153;292;2022-03-10 00:00:00;ASSOCIACAO DE PAIS E AMIGOS DOS EXCEPCIONAIS;00.662.901/0001-49;4251;FEAS;FUNDO ESTADUAL DE ASSISTENCIA SOCIAL;43;SUBVENCOES SOCIAIS;1;SUBVENCOES SOCIAIS;71;RECURSOS DO FUNDO ESTADUAL DE ERRADICACAO DA MISERIA;90000,0;90000,0;90000,0
9197153;1655;2022-09-15 00:00:00;ASSOCIACAO DE PAIS E AMIGOS DOS EXCEPCIONAIS;00.662.901/0001-49;4251;FEAS;FUNDO ESTADUAL DE ASSISTENCIA SOCIAL;43;SUBVENCOES SOCIAIS;1;SUBVENCOES SOCIAIS;71;RECURSOS DO FUNDO ESTADUAL DE ERRADICACAO DA MISERIA;90000,0;90000,0;90000,0
9197153;2566;2022-12-07 00:00:00;ASSOCIACAO DE PAIS E AMIGOS DOS EXCEPCIONAIS;00.662.901/0001-49;4251;FEAS;FUNDO ESTADUAL DE ASSISTENCIA SOCIAL;43;SUBVENCOES SOCIAIS;1;SUBVENCOES SOCIAIS;71;RECURSOS DO FUNDO ESTADUAL DE ERRADICACAO DA MISERIA;18000,0;18000,0;18000,0
9197154;283;2022-03-10 00:00:00;APAE FRUTAL;20.043.493/0001-54;4251;FEAS;FUNDO ESTADUAL DE ASSISTENCIA SOCIAL;43;SUBVENCOES SOCIAIS;1;SUBVENCOES SOCIAIS;71;RECURSOS DO FUNDO ESTADUAL DE ERRADICACAO DA MISERIA;81000,0;81000,0;81000,0
9197154;1647;2022-09-15 00:00:00;APAE FRUTAL;20.043.493/0001-54;4251;FEAS;FUNDO ESTADUAL DE ASSISTENCIA SOCIAL;43;SUBVENCOES SOCIAIS;1;SUBVENCOES SOCIAIS;71;RECURSOS DO FUNDO ESTADUAL DE ERRADICACAO DA MISERIA;81000,0;81000,0;81000,0
9197154;2553;2022-12-07 00:00:00;APAE FRUTAL;20.043.493/0001-54;4251;FEAS;FUNDO ESTADUAL DE ASSISTENCIA SOCIAL;43;SUBVENCOES SOCIAIS;1;SUBVENCOES SOCIAIS;71;RECURSOS DO FUNDO ESTADUAL DE ERRADICACAO DA MISERIA;16200,0;16200,0;16200,0
9197657;10;2022-02-14 00:00:00;ASSOCIACAO DE PROTECAO E ASSISTENCIA AOS CONDENADOS - FRUTAL/MG;07.409.988/0001-96;1451;SEJUSP;SECRETARIA DE ESTADO DE JUSTICA E SEGURANCA PUBLICA;43;SUBVENCOES SOCIAIS;1;SUBVENCOES SOCIAIS;10;RECURSOS ORDINARIOS;1413974,73;1413974,73;1413974,73
9200921;287;2022-03-10 00:00:00;APAE ITURAMA;23.368.145/0001-45;4251;FEAS;FUNDO ESTADUAL DE ASSISTENCIA SOCIAL;43;SUBVENCOES SOCIAIS;1;SUBVENCOES SOCIAIS;71;RECURSOS DO FUNDO ESTADUAL DE ERRADICACAO DA MISERIA;72000,0;72000,0;72000,0
9200921;1651;2022-09-15 00:00:00;APAE ITURAMA;23.368.145/0001-45;4251;FEAS;FUNDO ESTADUAL DE ASSISTENCIA SOCIAL;43;SUBVENCOES SOCIAIS;1;SUBVENCOES SOCIAIS;71;RECURSOS DO FUNDO ESTADUAL DE ERRADICACAO DA MISERIA;72000,0;72000,0;72000,0
9200921;2562;2022-12-07 00:00:00;APAE ITURAMA;23.368.145/0001-45;4251;FEAS;FUNDO ESTADUAL DE ASSISTENCIA SOCIAL;43;SUBVENCOES SOCIAIS;1;SUBVENCOES SOCIAIS;71;RECURSOS DO FUNDO ESTADUAL DE ERRADICACAO DA MISERIA;14400,0;14400,0;14400,0
9206609;1190;2022-04-13 00:00:00;FUNDACAO GREGORIO F. BAREMBLITT;26.034.397/0001-26;4251;FEAS;FUNDO ESTADUAL DE ASSISTENCIA SOCIAL;43;SUBVENCOES SOCIAIS;1;SUBVENCOES SOCIAIS;71;RECURSOS DO FUNDO ESTADUAL DE ERRADICACAO DA MISERIA;361438,92;361438,92;361438,92
9206609;2576;2022-12-12 00:00:00;FUNDACAO GREGORIO F. BAREMBLITT;26.034.397/0001-26;4251;FEAS;FUNDO ESTADUAL DE ASSISTENCIA SOCIAL;43;SUBVENCOES SOCIAIS;1;SUBVENCOES SOCIAIS;56;TRANSFERENCIAS DE RECURSOS DA UNIAO VINCULADOS A ASSISTENCIA SOCIAL;109525,08;109525,08;109525,08
9206610;282;2022-03-10 00:00:00;APAE DE FLORESTAL;00.215.385/0001-04;4251;FEAS;FUNDO ESTADUAL DE ASSISTENCIA SOCIAL;43;SUBVENCOES SOCIAIS;1;SUBVENCOES SOCIAIS;71;RECURSOS DO FUNDO ESTADUAL DE ERRADICACAO DA MISERIA;158400,0;158400,0;144000,0
9208384;290;2022-03-10 00:00:00;APAE DE LAMBARI;21.404.397/0001-57;4251;FEAS;FUNDO ESTADUAL DE ASSISTENCIA SOCIAL;43;SUBVENCOES SOCIAIS;1;SUBVENCOES SOCIAIS;71;RECURSOS DO FUNDO ESTADUAL DE ERRADICACAO DA MISERIA;118800,0;118800,0;118800,0
9208920;1188;2022-04-13 00:00:00;NUCLEO ASSISTENCIAL CAMINHOS PARA JESUS;17.391.822/0001-43;4251;FEAS;FUNDO ESTADUAL DE ASSISTENCIA SOCIAL;43;SUBVENCOES SOCIAIS;1;SUBVENCOES SOCIAIS;71;RECURSOS DO FUNDO ESTADUAL DE ERRADICACAO DA MISERIA;270400,0;270400,0;270400,0
9208925;101;2022-02-23 00:00:00;POLO DE EVOLUCAO DAS MEDIDAS SOCIO-EDUCATIVAS;07.372.649/0001-82;1451;SEJUSP;SECRETARIA DE ESTADO DE JUSTICA E SEGURANCA PUBLICA;43;SUBVENCOES SOCIAIS;1;SUBVENCOES SOCIAIS;10;RECURSOS ORDINARIOS;2619248,47;2619248,47;2619248,47
9208925;175;2022-05-04 00:00:00;POLO DE EVOLUCAO DAS MEDIDAS SOCIO-EDUCATIVAS;07.372.649/0001-82;1451;SEJUSP;SECRETARIA DE ESTADO DE JUSTICA E SEGURANCA PUBLICA;43;SUBVENCOES SOCIAIS;1;SUBVENCOES SOCIAIS;10;RECURSOS ORDINARIOS;1910356,89;1910356,89;1910356,89
9208925;228;2022-07-15 00:00:00;POLO DE EVOLUCAO DAS MEDIDAS SOCIO-EDUCATIVAS;07.372.649/0001-82;1451;SEJUSP;SECRETARIA DE ESTADO DE JUSTICA E SEGURANCA PUBLICA;43;SUBVENCOES SOCIAIS;1;SUBVENCOES SOCIAIS;10;RECURSOS ORDINARIOS;1912531,91;1912531,91;1912531,91
9208925;318;2022-10-19 00:00:00;POLO DE EVOLUCAO DAS MEDIDAS SOCIO-EDUCATIVAS;07.372.649/0001-82;1451;SEJUSP;SECRETARIA DE ESTADO DE JUSTICA E SEGURANCA PUBLICA;43;SUBVENCOES SOCIAIS;1;SUBVENCOES SOCIAIS;10;RECURSOS ORDINARIOS;3005439,05;3005439,05;3005439,05
9208926;100;2022-02-23 00:00:00;POLO DE EVOLUCAO DAS MEDIDAS SOCIO-EDUCATIVAS;07.372.649/0001-82;1451;SEJUSP;SECRETARIA DE ESTADO DE JUSTICA E SEGURANCA PUBLICA;43;SUBVENCOES SOCIAIS;1;SUBVENCOES SOCIAIS;10;RECURSOS ORDINARIOS;3405994,7;3405994,7;3405994,7
9208926;174;2022-05-04 00:00:00;POLO DE EVOLUCAO DAS MEDIDAS SOCIO-EDUCATIVAS;07.372.649/0001-82;1451;SEJUSP;SECRETARIA DE ESTADO DE JUSTICA E SEGURANCA PUBLICA;43;SUBVENCOES SOCIAIS;1;SUBVENCOES SOCIAIS;10;RECURSOS ORDINARIOS;2461760,31;2461760,31;2461760,31
9208926;227;2022-07-15 00:00:00;POLO DE EVOLUCAO DAS MEDIDAS SOCIO-EDUCATIVAS;07.372.649/0001-82;1451;SEJUSP;SECRETARIA DE ESTADO DE JUSTICA E SEGURANCA PUBLICA;43;SUBVENCOES SOCIAIS;1;SUBVENCOES SOCIAIS;10;RECURSOS ORDINARIOS;2461716,33;2461716,33;2461716,33
9208926;317;2022-10-19 00:00:00;POLO DE EVOLUCAO DAS MEDIDAS SOCIO-EDUCATIVAS;07.372.649/0001-82;1451;SEJUSP;SECRETARIA DE ESTADO DE JUSTICA E SEGURANCA PUBLICA;43;SUBVENCOES SOCIAIS;1;SUBVENCOES SOCIAIS;10;RECURSOS ORDINARIOS;3307908,76;3307908,76;2405872,05
9208927;98;2022-02-23 00:00:00;POLO DE EVOLUCAO DAS MEDIDAS SOCIO-EDUCATIVAS;07.372.649/0001-82;1451;SEJUSP;SECRETARIA DE ESTADO DE JUSTICA E SEGURANCA PUBLICA;43;SUBVENCOES SOCIAIS;1;SUBVENCOES SOCIAIS;10;RECURSOS ORDINARIOS;2735185,92;2735185,92;2735185,92
9208927;173;2022-05-04 00:00:00;POLO DE EVOLUCAO DAS MEDIDAS SOCIO-EDUCATIVAS;07.372.649/0001-82;1451;SEJUSP;SECRETARIA DE ESTADO DE JUSTICA E SEGURANCA PUBLICA;43;SUBVENCOES SOCIAIS;1;SUBVENCOES SOCIAIS;10;RECURSOS ORDINARIOS;2065207,33;2065207,33;2065207,33
9208927;226;2022-07-15 00:00:00;POLO DE EVOLUCAO DAS MEDIDAS SOCIO-EDUCATIVAS;07.372.649/0001-82;1451;SEJUSP;SECRETARIA DE ESTADO DE JUSTICA E SEGURANCA PUBLICA;43;SUBVENCOES SOCIAIS;1;SUBVENCOES SOCIAIS;10;RECURSOS ORDINARIOS;0,0;0,0;0,0
9208927;229;2022-07-15 00:00:00;POLO DE EVOLUCAO DAS MEDIDAS SOCIO-EDUCATIVAS;07.372.649/0001-82;1451;SEJUSP;SECRETARIA DE ESTADO DE JUSTICA E SEGURANCA PUBLICA;43;SUBVENCOES SOCIAIS;1;SUBVENCOES SOCIAIS;10;RECURSOS ORDINARIOS;2065661,7;2065661,7;1603202,73
9208927;316;2022-10-19 00:00:00;POLO DE EVOLUCAO DAS MEDIDAS SOCIO-EDUCATIVAS;07.372.649/0001-82;1451;SEJUSP;SECRETARIA DE ESTADO DE JUSTICA E SEGURANCA PUBLICA;43;SUBVENCOES SOCIAIS;1;SUBVENCOES SOCIAIS;10;RECURSOS ORDINARIOS;2746635,13;2746635,13;2746635,13
9208930;99;2022-02-23 00:00:00;POLO DE EVOLUCAO DAS MEDIDAS SOCIO-EDUCATIVAS;07.372.649/0001-82;1451;SEJUSP;SECRETARIA DE ESTADO DE JUSTICA E SEGURANCA PUBLICA;43;SUBVENCOES SOCIAIS;1;SUBVENCOES SOCIAIS;10;RECURSOS ORDINARIOS;1980315,48;1980315,48;1980315,48
9208930;172;2022-05-04 00:00:00;POLO DE EVOLUCAO DAS MEDIDAS SOCIO-EDUCATIVAS;07.372.649/0001-82;1451;SEJUSP;SECRETARIA DE ESTADO DE JUSTICA E SEGURANCA PUBLICA;43;SUBVENCOES SOCIAIS;1;SUBVENCOES SOCIAIS;10;RECURSOS ORDINARIOS;1260429,09;1260429,09;1260429,09
9208930;224;2022-07-15 00:00:00;POLO DE EVOLUCAO DAS MEDIDAS SOCIO-EDUCATIVAS;07.372.649/0001-82;1451;SEJUSP;SECRETARIA DE ESTADO DE JUSTICA E SEGURANCA PUBLICA;43;SUBVENCOES SOCIAIS;1;SUBVENCOES SOCIAIS;10;RECURSOS ORDINARIOS;3241194,57;3241194,57;3241194,57
9208930;328;2022-11-04 00:00:00;POLO DE EVOLUCAO DAS MEDIDAS SOCIO-EDUCATIVAS;07.372.649/0001-82;1451;SEJUSP;SECRETARIA DE ESTADO DE JUSTICA E SEGURANCA PUBLICA;43;SUBVENCOES SOCIAIS;1;SUBVENCOES SOCIAIS;10;RECURSOS ORDINARIOS;1927857,07;1927857,07;1927857,07
9210853;231;2022-07-18 00:00:00;INSTITUTO JURIDICO PARA EFETIVACAO DA CIDADANIA - MINAS GERAIS IJUCI/M;03.893.350/0001-12;1451;SEJUSP;SECRETARIA DE ESTADO DE JUSTICA E SEGURANCA PUBLICA;43;SUBVENCOES SOCIAIS;1;SUBVENCOES SOCIAIS;10;RECURSOS ORDINARIOS;2383419,3;2383419,3;2383419,3
9210853;315;2022-10-19 00:00:00;INSTITUTO JURIDICO PARA EFETIVACAO DA CIDADANIA - MINAS GERAIS IJUCI/M;03.893.350/0001-12;1451;SEJUSP;SECRETARIA DE ESTADO DE JUSTICA E SEGURANCA PUBLICA;43;SUBVENCOES SOCIAIS;1;SUBVENCOES SOCIAIS;10;RECURSOS ORDINARIOS;2951326,2;2951326,2;2951326,2
9223785;36;2022-02-14 00:00:00;ASSOC. DE PROT. E ASSIST. AOS CONENADOS DE SANTA LUZIA;05.125.426/0001-95;1451;SEJUSP;SECRETARIA DE ESTADO DE JUSTICA E SEGURANCA PUBLICA;43;SUBVENCOES SOCIAIS;1;SUBVENCOES SOCIAIS;10;RECURSOS ORDINARIOS;2060501,94;2060501,94;2060501,94
9223785;86;2022-11-04 00:00:00;ASSOC. DE PROT. E ASSIST. AOS CONENADOS DE SANTA LUZIA;05.125.426/0001-95;1451;SEJUSP;SECRETARIA DE ESTADO DE JUSTICA E SEGURANCA PUBLICA;43;SUBVENCOES SOCIAIS;1;SUBVENCOES SOCIAIS;27;TAXA DE SEGURANCA PUBLICA;796490,01;796490,01;796490,01
9238262;227;2022-10-04 00:00:00;PM PAVAO;18.404.772/0001-54;1481;SEDESE;SECRETARIA DE ESTADO DE DESENVOLVIMENTO SOCIAL;41;CONTRIBUICOES;1;CONTRIBUICOES;38;TRANSFERENCIAS DE RECURSOS DA UNIAO VINCULADOS AO ESPORTE;15813,42;15813,42;15813,42
9241028;192;2022-12-30 00:00:00;PM RIBEIRAO DAS NEVES;18.314.609/0001-09;1261;SEE;SECRETARIA DE ESTADO DE EDUCACAO;41;CONTRIBUICOES;1;CONTRIBUICOES;10;RECURSOS ORDINARIOS;916630,0;916630,0;0,0
9241744;1186;2022-04-13 00:00:00;CRECHE NOSSO LAR;25.456.757/0001-15;4251;FEAS;FUNDO ESTADUAL DE ASSISTENCIA SOCIAL;43;SUBVENCOES SOCIAIS;1;SUBVENCOES SOCIAIS;71;RECURSOS DO FUNDO ESTADUAL DE ERRADICACAO DA MISERIA;58230,9;58230,9;58230,9
9245688;1187;2022-04-13 00:00:00;CRECHE BOM PASTOR;16.749.426/0001-82;4251;FEAS;FUNDO ESTADUAL DE ASSISTENCIA SOCIAL;43;SUBVENCOES SOCIAIS;1;SUBVENCOES SOCIAIS;71;RECURSOS DO FUNDO ESTADUAL DE ERRADICACAO DA MISERIA;55458,0;55458,0;55458,0
9245691;46;2022-04-19 00:00:00;INSTITUTO JURIDICO PARA EFETIVACAO DA CIDADANIA - MINAS GERAIS IJUCI/M;03.893.350/0001-12;1481;SEDESE;SECRETARIA DE ESTADO DE DESENVOLVIMENTO SOCIAL;43;SUBVENCOES SOCIAIS;1;SUBVENCOES SOCIAIS;24;CONVENIOS, ACORDOS E AJUSTES PROVENIENTES DA UNIAO E SUAS ENTIDADES;825000,0;825000,0;825000,0
9245691;68;2022-07-08 00:00:00;INSTITUTO JURIDICO PARA EFETIVACAO DA CIDADANIA - MINAS GERAIS IJUCI/M;03.893.350/0001-12;1481;SEDESE;SECRETARIA DE ESTADO DE DESENVOLVIMENTO SOCIAL;43;SUBVENCOES SOCIAIS;1;SUBVENCOES SOCIAIS;10;RECURSOS ORDINARIOS;3918011,2;3918011,2;3918011,2
9245735;50;2022-04-11 00:00:00;APAC DE BELO HORIZONTE;26.145.510/0001-40;1451;SEJUSP;SECRETARIA DE ESTADO DE JUSTICA E SEGURANCA PUBLICA;43;SUBVENCOES SOCIAIS;1;SUBVENCOES SOCIAIS;10;RECURSOS ORDINARIOS;974248,73;974248,73;974248,73
9245735;95;2022-12-05 00:00:00;APAC DE BELO HORIZONTE;26.145.510/0001-40;1451;SEJUSP;SECRETARIA DE ESTADO DE JUSTICA E SEGURANCA PUBLICA;43;SUBVENCOES SOCIAIS;1;SUBVENCOES SOCIAIS;27;TAXA DE SEGURANCA PUBLICA;471284,34;471284,34;471284,34
9251212;5953;2022-12-29 00:00:00;PM PATROCINIO;18.468.033/0001-26;1491;SEGOV;SECRETARIA DE ESTADO DE GOVERNO;42;AUXILIOS;1;AUXILIOS;10;RECURSOS ORDINARIOS;9211610,86;0,0;0,0
9251658;5;2022-02-03 00:00:00;PM NOVA SERRANA;18.291.385/0001-59;1261;SEE;SECRETARIA DE ESTADO DE EDUCACAO;42;AUXILIOS;1;AUXILIOS;23;FUNDO DE MANUTENCAO E DESENVOLVIMENTO DA EDUCACAO BASICA - FUNDEB;333708,07;333708,07;333708,07
9261083;2;2022-02-14 00:00:00;ASSOC. DE PROT. E ASSIST. AO CONDENADO DE ALFENAS;04.926.925/0001-19;1451;SEJUSP;SECRETARIA DE ESTADO DE JUSTICA E SEGURANCA PUBLICA;43;SUBVENCOES SOCIAIS;1;SUBVENCOES SOCIAIS;10;RECURSOS ORDINARIOS;1231170,19;1231170,19;1231170,19
9261083;94;2022-11-22 00:00:00;ASSOC. DE PROT. E ASSIST. AO CONDENADO DE ALFENAS;04.926.925/0001-19;1451;SEJUSP;SECRETARIA DE ESTADO DE JUSTICA E SEGURANCA PUBLICA;43;SUBVENCOES SOCIAIS;1;SUBVENCOES SOCIAIS;27;TAXA DE SEGURANCA PUBLICA;309315,97;309315,97;0,0
9261619;42;2022-02-14 00:00:00;APAC DE VARGINHA;20.392.940/0001-80;1451;SEJUSP;SECRETARIA DE ESTADO DE JUSTICA E SEGURANCA PUBLICA;43;SUBVENCOES SOCIAIS;1;SUBVENCOES SOCIAIS;10;RECURSOS ORDINARIOS;657590,67;657590,67;657590,67
9261620;22;2022-02-14 00:00:00;APAC MANHUMIRIM;08.793.992/0001-63;1451;SEJUSP;SECRETARIA DE ESTADO DE JUSTICA E SEGURANCA PUBLICA;43;SUBVENCOES SOCIAIS;1;SUBVENCOES SOCIAIS;10;RECURSOS ORDINARIOS;960497,08;960497,08;960497,08
9261620;96;2022-12-05 00:00:00;APAC MANHUMIRIM;08.793.992/0001-63;1451;SEJUSP;SECRETARIA DE ESTADO DE JUSTICA E SEGURANCA PUBLICA;43;SUBVENCOES SOCIAIS;1;SUBVENCOES SOCIAIS;27;TAXA DE SEGURANCA PUBLICA;651050,1;651050,1;651050,1
9261623;15;2022-02-14 00:00:00;APAC ITABIRITO;07.329.062/0001-90;1451;SEJUSP;SECRETARIA DE ESTADO DE JUSTICA E SEGURANCA PUBLICA;43;SUBVENCOES SOCIAIS;1;SUBVENCOES SOCIAIS;10;RECURSOS ORDINARIOS;875211,95;875211,95;875211,95
9262432;14;2022-02-14 00:00:00;APAC DE ITABIRA;07.412.104/0001-52;1451;SEJUSP;SECRETARIA DE ESTADO DE JUSTICA E SEGURANCA PUBLICA;43;SUBVENCOES SOCIAIS;1;SUBVENCOES SOCIAIS;10;RECURSOS ORDINARIOS;674921,65;674921,65;674921,65
9262900;1189;2022-04-13 00:00:00;ATA CIDADANIA;07.304.229/0001-69;4251;FEAS;FUNDO ESTADUAL DE ASSISTENCIA SOCIAL;43;SUBVENCOES SOCIAIS;1;SUBVENCOES SOCIAIS;71;RECURSOS DO FUNDO ESTADUAL DE ERRADICACAO DA MISERIA;429216,57;429216,57;429216,57
9262900;2575;2022-12-12 00:00:00;ATA CIDADANIA;07.304.229/0001-69;4251;FEAS;FUNDO ESTADUAL DE ASSISTENCIA SOCIAL;43;SUBVENCOES SOCIAIS;1;SUBVENCOES SOCIAIS;56;TRANSFERENCIAS DE RECURSOS DA UNIAO VINCULADOS A ASSISTENCIA SOCIAL;190762,92;190762,92;190762,92
9262946;44;2022-12-30 00:00:00;SERVICO VOLUNTARIO DE ASSISTENCIA SOCIAL SERVAS;17.385.840/0001-12;1481;SEDESE;SECRETARIA DE ESTADO DE DESENVOLVIMENTO SOCIAL;43;SUBVENCOES SOCIAIS;1;SUBVENCOES SOCIAIS;71;RECURSOS DO FUNDO ESTADUAL DE ERRADICACAO DA MISERIA;301336,95;301336,95;0,0
9264963;53;2022-04-11 00:00:00;APAC VISCONDE DO RIO BRANCO;30.471.573/0001-64;1451;SEJUSP;SECRETARIA DE ESTADO DE JUSTICA E SEGURANCA PUBLICA;43;SUBVENCOES SOCIAIS;1;SUBVENCOES SOCIAIS;10;RECURSOS ORDINARIOS;528843,12;528843,12;528843,12
9264963;97;2022-12-05 00:00:00;APAC VISCONDE DO RIO BRANCO;30.471.573/0001-64;1451;SEJUSP;SECRETARIA DE ESTADO DE JUSTICA E SEGURANCA PUBLICA;43;SUBVENCOES SOCIAIS;1;SUBVENCOES SOCIAIS;27;TAXA DE SEGURANCA PUBLICA;401028,96;401028,96;401028,96
9264991;51;2022-04-11 00:00:00;APAC BETIM;12.267.378/0001-35;1451;SEJUSP;SECRETARIA DE ESTADO DE JUSTICA E SEGURANCA PUBLICA;43;SUBVENCOES SOCIAIS;1;SUBVENCOES SOCIAIS;10;RECURSOS ORDINARIOS;1842054,18;1842054,18;1842054,18
9264992;52;2022-04-11 00:00:00;APAC CONCEICAO DAS ALAGOAS;31.983.255/0001-45;1451;SEJUSP;SECRETARIA DE ESTADO DE JUSTICA E SEGURANCA PUBLICA;43;SUBVENCOES SOCIAIS;1;SUBVENCOES SOCIAIS;10;RECURSOS ORDINARIOS;877070,72;877070,72;877070,72
9264992;98;2022-12-05 00:00:00;APAC CONCEICAO DAS ALAGOAS;31.983.255/0001-45;1451;SEJUSP;SECRETARIA DE ESTADO DE JUSTICA E SEGURANCA PUBLICA;43;SUBVENCOES SOCIAIS;1;SUBVENCOES SOCIAIS;27;TAXA DE SEGURANCA PUBLICA;266513,18;266513,18;266513,18
9265473;57;2022-05-23 00:00:00;INSTITUTO DH:PROMOCAO, PESQUISA E INTERVENCAO EM DIREITOS HUMANOS E CI;09.583.515/0001-36;1481;SEDESE;SECRETARIA DE ESTADO DE DESENVOLVIMENTO SOCIAL;43;SUBVENCOES SOCIAIS;1;SUBVENCOES SOCIAIS;24;CONVENIOS, ACORDOS E AJUSTES PROVENIENTES DA UNIAO E SUAS ENTIDADES;250000,0;250000,0;250000,0
9265473;83;2022-09-13 00:00:00;INSTITUTO DH:PROMOCAO, PESQUISA E INTERVENCAO EM DIREITOS HUMANOS E CI;09.583.515/0001-36;1481;SEDESE;SECRETARIA DE ESTADO DE DESENVOLVIMENTO SOCIAL;43;SUBVENCOES SOCIAIS;1;SUBVENCOES SOCIAIS;10;RECURSOS ORDINARIOS;411749,83;411749,83;411749,83
9265473;115;2022-12-26 00:00:00;INSTITUTO DH:PROMOCAO, PESQUISA E INTERVENCAO EM DIREITOS HUMANOS E CI;09.583.515/0001-36;1481;SEDESE;SECRETARIA DE ESTADO DE DESENVOLVIMENTO SOCIAL;43;SUBVENCOES SOCIAIS;1;SUBVENCOES SOCIAIS;10;RECURSOS ORDINARIOS;411749,83;411749,83;0,0
9270028;261;2022-06-29 00:00:00;CONSORCIO INTERMUNICIPAL DE INFRAESTRUTURA DOS MUNICIPIOS DA AMAJE;22.835.076/0001-70;1231;SEAPA;SECRETARIA DE ESTADO DE AGRICULTURA, PECUARIA E ABASTECIMENTO - SEAPA;41;CONTRIBUICOES;1;CONTRIBUICOES;10;RECURSOS ORDINARIOS;500000,0;500000,0;500000,0
9270069;380;2022-12-28 00:00:00;ASSOCIACAO DE PROTECAO E ASSISTENCIA AOS CONDENADOS - FRUTAL/MG;07.409.988/0001-96;1451;SEJUSP;SECRETARIA DE ESTADO DE JUSTICA E SEGURANCA PUBLICA;43;SUBVENCOES SOCIAIS;1;SUBVENCOES SOCIAIS;10;RECURSOS ORDINARIOS;1220454,17;1220454,17;1220454,17
9274491;181;2022-06-28 00:00:00;ASSOCIACAO ESCOLA FAMILIA AGRICOLA DE NATALANDIA;07.395.381/0001-02;1261;SEE;SECRETARIA DE ESTADO DE EDUCACAO;43;SUBVENCOES SOCIAIS;1;SUBVENCOES SOCIAIS;21;COTA ESTADUAL DO SALARIO EDUCACAO - QESE;0,0;0,0;0,0
9274491;206;2022-06-30 00:00:00;ASSOCIACAO ESCOLA FAMILIA AGRICOLA DE NATALANDIA;07.395.381/0001-02;1261;SEE;SECRETARIA DE ESTADO DE EDUCACAO;43;SUBVENCOES SOCIAIS;1;SUBVENCOES SOCIAIS;10;RECURSOS ORDINARIOS;5767433,07;5767433,07;5767433,07
9275473;55;2022-05-19 00:00:00;INSTITUTO DH:PROMOCAO, PESQUISA E INTERVENCAO EM DIREITOS HUMANOS E CI;09.583.515/0001-36;1481;SEDESE;SECRETARIA DE ESTADO DE DESENVOLVIMENTO SOCIAL;43;SUBVENCOES SOCIAIS;1;SUBVENCOES SOCIAIS;24;CONVENIOS, ACORDOS E AJUSTES PROVENIENTES DA UNIAO E SUAS ENTIDADES;1373715,0;1373715,0;1373715,0
9275473;58;2022-05-24 00:00:00;INSTITUTO DH:PROMOCAO, PESQUISA E INTERVENCAO EM DIREITOS HUMANOS E CI;09.583.515/0001-36;1481;SEDESE;SECRETARIA DE ESTADO DE DESENVOLVIMENTO SOCIAL;42;AUXILIOS;1;AUXILIOS;24;CONVENIOS, ACORDOS E AJUSTES PROVENIENTES DA UNIAO E SUAS ENTIDADES;26285,0;26285,0;26285,0
9275473;60;2022-06-03 00:00:00;INSTITUTO DH:PROMOCAO, PESQUISA E INTERVENCAO EM DIREITOS HUMANOS E CI;09.583.515/0001-36;1481;SEDESE;SECRETARIA DE ESTADO DE DESENVOLVIMENTO SOCIAL;42;AUXILIOS;1;AUXILIOS;24;CONVENIOS, ACORDOS E AJUSTES PROVENIENTES DA UNIAO E SUAS ENTIDADES;26285,0;26285,0;26285,0
9275473;61;2022-06-03 00:00:00;INSTITUTO DH:PROMOCAO, PESQUISA E INTERVENCAO EM DIREITOS HUMANOS E CI;09.583.515/0001-36;1481;SEDESE;SECRETARIA DE ESTADO DE DESENVOLVIMENTO SOCIAL;43;SUBVENCOES SOCIAIS;1;SUBVENCOES SOCIAIS;24;CONVENIOS, ACORDOS E AJUSTES PROVENIENTES DA UNIAO E SUAS ENTIDADES;133715,0;133715,0;133715,0
9275473;66;2022-06-30 00:00:00;INSTITUTO DH:PROMOCAO, PESQUISA E INTERVENCAO EM DIREITOS HUMANOS E CI;09.583.515/0001-36;1481;SEDESE;SECRETARIA DE ESTADO DE DESENVOLVIMENTO SOCIAL;43;SUBVENCOES SOCIAIS;1;SUBVENCOES SOCIAIS;10;RECURSOS ORDINARIOS;2513675,84;2513675,84;2513675,84
9279539;174;2022-06-28 00:00:00;ASS. COMUN. DE DESEL. EDUC. FAMILIAR E AGROP. DE VEREDINHA;05.743.998/0001-38;1261;SEE;SECRETARIA DE ESTADO DE EDUCACAO;43;SUBVENCOES SOCIAIS;1;SUBVENCOES SOCIAIS;21;COTA ESTADUAL DO SALARIO EDUCACAO - QESE;0,0;0,0;0,0
9279539;197;2022-06-29 00:00:00;ASS. COMUN. DE DESEL. EDUC. FAMILIAR E AGROP. DE VEREDINHA;05.743.998/0001-38;1261;SEE;SECRETARIA DE ESTADO DE EDUCACAO;43;SUBVENCOES SOCIAIS;1;SUBVENCOES SOCIAIS;23;FUNDO DE MANUTENCAO E DESENVOLVIMENTO DA EDUCACAO BASICA - FUNDEB;1348732,68;1348732,68;1348732,68
9279766;178;2022-06-28 00:00:00;ASSOCIACA ESCOLA FAMILIA AGRICOLA PURIS DE ARAPONGA;01.529.208/0001-65;1261;SEE;SECRETARIA DE ESTADO DE EDUCACAO;43;SUBVENCOES SOCIAIS;1;SUBVENCOES SOCIAIS;21;COTA ESTADUAL DO SALARIO EDUCACAO - QESE;0,0;0,0;0,0
9279766;189;2022-06-29 00:00:00;ASSOCIACA ESCOLA FAMILIA AGRICOLA PURIS DE ARAPONGA;01.529.208/0001-65;1261;SEE;SECRETARIA DE ESTADO DE EDUCACAO;43;SUBVENCOES SOCIAIS;1;SUBVENCOES SOCIAIS;23;FUNDO DE MANUTENCAO E DESENVOLVIMENTO DA EDUCACAO BASICA - FUNDEB;516535,92;516535,92;516535,92
9279884;202;2022-06-30 00:00:00;AEFA DE CRUZILIA;05.586.859/0001-48;1261;SEE;SECRETARIA DE ESTADO DE EDUCACAO;43;SUBVENCOES SOCIAIS;1;SUBVENCOES SOCIAIS;10;RECURSOS ORDINARIOS;918286,08;918286,08;918286,08
9280525;186;2022-06-29 00:00:00;ASSOCIACAO EFA DE CARAI, CATUJI, ITAIPE E LADAINHA;11.562.703/0001-20;1261;SEE;SECRETARIA DE ESTADO DE EDUCACAO;43;SUBVENCOES SOCIAIS;1;SUBVENCOES SOCIAIS;21;COTA ESTADUAL DO SALARIO EDUCACAO - QESE;0,0;0,0;0,0
9280525;194;2022-06-29 00:00:00;ASSOCIACAO EFA DE CARAI, CATUJI, ITAIPE E LADAINHA;11.562.703/0001-20;1261;SEE;SECRETARIA DE ESTADO DE EDUCACAO;43;SUBVENCOES SOCIAIS;1;SUBVENCOES SOCIAIS;23;FUNDO DE MANUTENCAO E DESENVOLVIMENTO DA EDUCACAO BASICA - FUNDEB;918286,08;918286,08;918286,08
9280731;170;2022-06-28 00:00:00;ASSOCIACAO ESCOLA FAMILIA AGRICOLA DE COMERCINHO;22.692.198/0001-54;1261;SEE;SECRETARIA DE ESTADO DE EDUCACAO;43;SUBVENCOES SOCIAIS;1;SUBVENCOES SOCIAIS;21;COTA ESTADUAL DO SALARIO EDUCACAO - QESE;0,0;0,0;0,0
9280731;190;2022-06-29 00:00:00;ASSOCIACAO ESCOLA FAMILIA AGRICOLA DE COMERCINHO;22.692.198/0001-54;1261;SEE;SECRETARIA DE ESTADO DE EDUCACAO;43;SUBVENCOES SOCIAIS;1;SUBVENCOES SOCIAIS;23;FUNDO DE MANUTENCAO E DESENVOLVIMENTO DA EDUCACAO BASICA - FUNDEB;593243,85;593243,85;593243,85
9280733;200;2022-06-30 00:00:00;MOV. PRO-ESCOLA FAMILIA AGRIC. VALE DO JEQUITINHONHA;22.695.209/0001-50;1261;SEE;SECRETARIA DE ESTADO DE EDUCACAO;43;SUBVENCOES SOCIAIS;1;SUBVENCOES SOCIAIS;10;RECURSOS ORDINARIOS;337183,17;337183,17;337183,17
9281647;183;2022-06-29 00:00:00;ASSOCIACAO ESCOLA FAMILIA AGRICOLA DA REGIAO DO VALE DO SAO FRANCISCO;07.355.853/0001-95;1261;SEE;SECRETARIA DE ESTADO DE EDUCACAO;43;SUBVENCOES SOCIAIS;1;SUBVENCOES SOCIAIS;21;COTA ESTADUAL DO SALARIO EDUCACAO - QESE;0,0;0,0;0,0
9281647;205;2022-06-30 00:00:00;ASSOCIACAO ESCOLA FAMILIA AGRICOLA DA REGIAO DO VALE DO SAO FRANCISCO;07.355.853/0001-95;1261;SEE;SECRETARIA DE ESTADO DE EDUCACAO;43;SUBVENCOES SOCIAIS;1;SUBVENCOES SOCIAIS;10;RECURSOS ORDINARIOS;2367456,3;2367456,3;2367456,3
9281662;173;2022-06-28 00:00:00;ASSOCIACAO ESCOLA FAMILIA AGRICOLA DE JACARE;00.853.943/0001-67;1261;SEE;SECRETARIA DE ESTADO DE EDUCACAO;43;SUBVENCOES SOCIAIS;1;SUBVENCOES SOCIAIS;21;COTA ESTADUAL DO SALARIO EDUCACAO - QESE;0,0;0,0;0,0
9281662;196;2022-06-29 00:00:00;ASSOCIACAO ESCOLA FAMILIA AGRICOLA DE JACARE;00.853.943/0001-67;1261;SEE;SECRETARIA DE ESTADO DE EDUCACAO;43;SUBVENCOES SOCIAIS;1;SUBVENCOES SOCIAIS;23;FUNDO DE MANUTENCAO E DESENVOLVIMENTO DA EDUCACAO BASICA - FUNDEB;631321,68;631321,68;631321,68
9281663;182;2022-06-29 00:00:00;ASSOCIACAO ESCOLA FAMILIA AGROECOLOGICA DE ARACUAI;02.653.355/0001-05;1261;SEE;SECRETARIA DE ESTADO DE EDUCACAO;43;SUBVENCOES SOCIAIS;1;SUBVENCOES SOCIAIS;21;COTA ESTADUAL DO SALARIO EDUCACAO - QESE;0,0;0,0;0,0
9281663;198;2022-06-29 00:00:00;ASSOCIACAO ESCOLA FAMILIA AGROECOLOGICA DE ARACUAI;02.653.355/0001-05;1261;SEE;SECRETARIA DE ESTADO DE EDUCACAO;43;SUBVENCOES SOCIAIS;1;SUBVENCOES SOCIAIS;23;FUNDO DE MANUTENCAO E DESENVOLVIMENTO DA EDUCACAO BASICA - FUNDEB;1434822,0;1434822,0;1434822,0
9282809;185;2022-06-29 00:00:00;ASSOCIACAO EFA OESTE DO MUCURI;11.211.251/0001-31;1261;SEE;SECRETARIA DE ESTADO DE EDUCACAO;43;SUBVENCOES SOCIAIS;1;SUBVENCOES SOCIAIS;21;COTA ESTADUAL DO SALARIO EDUCACAO - QESE;0,0;0,0;0,0
9282809;199;2022-06-29 00:00:00;ASSOCIACAO EFA OESTE DO MUCURI;11.211.251/0001-31;1261;SEE;SECRETARIA DE ESTADO DE EDUCACAO;43;SUBVENCOES SOCIAIS;1;SUBVENCOES SOCIAIS;23;FUNDO DE MANUTENCAO E DESENVOLVIMENTO DA EDUCACAO BASICA - FUNDEB;1463518,44;1463518,44;1463518,44
9282810;184;2022-06-29 00:00:00;ASSOCIACAO ESCOLA FAMILIA AGRICOLA DE JEQUERI;03.998.794/0001-12;1261;SEE;SECRETARIA DE ESTADO DE EDUCACAO;43;SUBVENCOES SOCIAIS;1;SUBVENCOES SOCIAIS;21;COTA ESTADUAL DO SALARIO EDUCACAO - QESE;0,0;0,0;0,0
9282810;201;2022-06-30 00:00:00;ASSOCIACAO ESCOLA FAMILIA AGRICOLA DE JEQUERI;03.998.794/0001-12;1261;SEE;SECRETARIA DE ESTADO DE EDUCACAO;43;SUBVENCOES SOCIAIS;1;SUBVENCOES SOCIAIS;10;RECURSOS ORDINARIOS;648981,4;648981,4;648981,4
9282811;179;2022-06-28 00:00:00;ASSOCIACAO DA ESCOLA FAMILIA AGRICOLA DE CAMOES;02.908.563/0001-08;1261;SEE;SECRETARIA DE ESTADO DE EDUCACAO;43;SUBVENCOES SOCIAIS;1;SUBVENCOES SOCIAIS;21;COTA ESTADUAL DO SALARIO EDUCACAO - QESE;0,0;0,0;0,0
9282811;191;2022-06-29 00:00:00;ASSOCIACAO DA ESCOLA FAMILIA AGRICOLA DE CAMOES;02.908.563/0001-08;1261;SEE;SECRETARIA DE ESTADO DE EDUCACAO;43;SUBVENCOES SOCIAIS;1;SUBVENCOES SOCIAIS;23;FUNDO DE MANUTENCAO E DESENVOLVIMENTO DA EDUCACAO BASICA - FUNDEB;682092,54;682092,54;682092,54
9282814;171;2022-06-28 00:00:00;ASSOCIACAO ESCOLA FAMILIA AGRICOLA DO ALTO DO RIO PARDO;13.234.016/0001-00;1261;SEE;SECRETARIA DE ESTADO DE EDUCACAO;43;SUBVENCOES SOCIAIS;1;SUBVENCOES SOCIAIS;21;COTA ESTADUAL DO SALARIO EDUCACAO - QESE;0,0;0,0;0,0
9282814;195;2022-06-29 00:00:00;ASSOCIACAO ESCOLA FAMILIA AGRICOLA DO ALTO DO RIO PARDO;13.234.016/0001-00;1261;SEE;SECRETARIA DE ESTADO DE EDUCACAO;43;SUBVENCOES SOCIAIS;1;SUBVENCOES SOCIAIS;23;FUNDO DE MANUTENCAO E DESENVOLVIMENTO DA EDUCACAO BASICA - FUNDEB;1047420,06;1047420,06;1047420,06
9282815;203;2022-06-30 00:00:00;ASSOC ESC FAMILIA AGRICOLA BAIXO MUCURI;28.963.034/0001-09;1261;SEE;SECRETARIA DE ESTADO DE EDUCACAO;43;SUBVENCOES SOCIAIS;1;SUBVENCOES SOCIAIS;10;RECURSOS ORDINARIOS;1535259,54;1535259,54;1535259,54
9282896;177;2022-06-28 00:00:00;AEFA PAULO FREIRE;05.527.283/0001-48;1261;SEE;SECRETARIA DE ESTADO DE EDUCACAO;43;SUBVENCOES SOCIAIS;1;SUBVENCOES SOCIAIS;21;COTA ESTADUAL DO SALARIO EDUCACAO - QESE;0,0;0,0;0,0
9282896;192;2022-06-29 00:00:00;AEFA PAULO FREIRE;05.527.283/0001-48;1261;SEE;SECRETARIA DE ESTADO DE EDUCACAO;43;SUBVENCOES SOCIAIS;1;SUBVENCOES SOCIAIS;23;FUNDO DE MANUTENCAO E DESENVOLVIMENTO DA EDUCACAO BASICA - FUNDEB;742796,4;742796,4;742796,4
9282922;180;2022-06-28 00:00:00;ASSOCIACAO ESCOLA FAMILIA AGRICOLA DE ERVALIA;05.765.786/0001-51;1261;SEE;SECRETARIA DE ESTADO DE EDUCACAO;43;SUBVENCOES SOCIAIS;1;SUBVENCOES SOCIAIS;21;COTA ESTADUAL DO SALARIO EDUCACAO - QESE;0,0;0,0;0,0
9282922;188;2022-06-29 00:00:00;ASSOCIACAO ESCOLA FAMILIA AGRICOLA DE ERVALIA;05.765.786/0001-51;1261;SEE;SECRETARIA DE ESTADO DE EDUCACAO;43;SUBVENCOES SOCIAIS;1;SUBVENCOES SOCIAIS;23;FUNDO DE MANUTENCAO E DESENVOLVIMENTO DA EDUCACAO BASICA - FUNDEB;466317,15;466317,15;466317,15
9283126;175;2022-06-28 00:00:00;ASSOCIACAO REGIONAL ESCOLA FAMILIA AGRICOLA CARLOS SAAR;18.904.432/0001-92;1261;SEE;SECRETARIA DE ESTADO DE EDUCACAO;43;SUBVENCOES SOCIAIS;1;SUBVENCOES SOCIAIS;21;COTA ESTADUAL DO SALARIO EDUCACAO - QESE;0,0;0,0;0,0
9283126;187;2022-06-29 00:00:00;ASSOCIACAO REGIONAL ESCOLA FAMILIA AGRICOLA CARLOS SAAR;18.904.432/0001-92;1261;SEE;SECRETARIA DE ESTADO DE EDUCACAO;43;SUBVENCOES SOCIAIS;1;SUBVENCOES SOCIAIS;23;FUNDO DE MANUTENCAO E DESENVOLVIMENTO DA EDUCACAO BASICA - FUNDEB;387401,94;387401,94;387401,94
9283228;172;2022-06-28 00:00:00;ASSOCIACAO ESCOLA FAMILIA AGRICOLA DO MEDIO E BAIXO JEQUITINHONHA;03.593.777/0001-03;1261;SEE;SECRETARIA DE ESTADO DE EDUCACAO;43;SUBVENCOES SOCIAIS;1;SUBVENCOES SOCIAIS;21;COTA ESTADUAL DO SALARIO EDUCACAO - QESE;0,0;0,0;0,0
9283228;204;2022-06-30 00:00:00;ASSOCIACAO ESCOLA FAMILIA AGRICOLA DO MEDIO E BAIXO JEQUITINHONHA;03.593.777/0001-03;1261;SEE;SECRETARIA DE ESTADO DE EDUCACAO;43;SUBVENCOES SOCIAIS;1;SUBVENCOES SOCIAIS;10;RECURSOS ORDINARIOS;1736134,62;1736134,62;1736134,62
9283237;176;2022-06-28 00:00:00;ASSOCIACAO REGIONAL ESCOLA FAMILIA AGRICOLA MARGARIDA ALVES;09.604.761/0001-27;1261;SEE;SECRETARIA DE ESTADO DE EDUCACAO;43;SUBVENCOES SOCIAIS;1;SUBVENCOES SOCIAIS;21;COTA ESTADUAL DO SALARIO EDUCACAO - QESE;0,0;0,0;0,0
9283237;193;2022-06-29 00:00:00;ASSOCIACAO REGIONAL ESCOLA FAMILIA AGRICOLA MARGARIDA ALVES;09.604.761/0001-27;1261;SEE;SECRETARIA DE ESTADO DE EDUCACAO;43;SUBVENCOES SOCIAIS;1;SUBVENCOES SOCIAIS;23;FUNDO DE MANUTENCAO E DESENVOLVIMENTO DA EDUCACAO BASICA - FUNDEB;746107,44;746107,44;746107,44
9286423;545;2022-06-29 00:00:00;AJUDA-ALIANCA JUIZFORANA PELA DEFESA DOS ANIMAIS;06.251.518/0001-84;1371;SEMAD;SECRETARIA DE ESTADO DE MEIO AMBIENTE E DESENVOLVIMENTO SUSTENTAVEL;41;CONTRIBUICOES;1;CONTRIBUICOES;10;RECURSOS ORDINARIOS;4149075,56;4149075,56;4149075,56
9288051;1185;2022-03-11 00:00:00;PM TAIOBEIRAS;18.017.384/0001-10;1261;SEE;SECRETARIA DE ESTADO DE EDUCACAO;42;AUXILIOS;1;AUXILIOS;23;FUNDO DE MANUTENCAO E DESENVOLVIMENTO DA EDUCACAO BASICA - FUNDEB;76000,0;76000,0;76000,0
9293786;95;2022-06-23 00:00:00;PM JOSENOPOLIS;01.612.503/0001-80;1261;SEE;SECRETARIA DE ESTADO DE EDUCACAO;42;AUXILIOS;1;AUXILIOS;10;RECURSOS ORDINARIOS;0,0;0,0;0,0
9293786;96;2022-06-23 00:00:00;PM JOSENOPOLIS;01.612.503/0001-80;1261;SEE;SECRETARIA DE ESTADO DE EDUCACAO;42;AUXILIOS;1;AUXILIOS;10;RECURSOS ORDINARIOS;100000,0;100000,0;100000,0
9301439;3743;2022-09-30 00:00:00;ASSOCIACAO CENTRO DE EDUCACAO TECNOLOGICA DO ESTADO DA BAHIA;02.663.026/0001-45;1261;SEE;SECRETARIA DE ESTADO DE EDUCACAO;39;OUTROS SERVICOS DE TERCEIROS - PESSOA JURIDICA;92;CONTRATO DE GESTAO COM ORGANIZACAO SOCIAL - OS;10;RECURSOS ORDINARIOS;2238186,55;2238186,55;2238186,55
9301439;4676;2022-12-15 00:00:00;ASSOCIACAO CENTRO DE EDUCACAO TECNOLOGICA DO ESTADO DA BAHIA;02.663.026/0001-45;1261;SEE;SECRETARIA DE ESTADO DE EDUCACAO;39;OUTROS SERVICOS DE TERCEIROS - PESSOA JURIDICA;92;CONTRATO DE GESTAO COM ORGANIZACAO SOCIAL - OS;10;RECURSOS ORDINARIOS;2500254,46;0,0;0,0
9301441;3744;2022-09-30 00:00:00;ASSOCIACAO CENTRO DE EDUCACAO TECNOLOGICA DO ESTADO DA BAHIA;02.663.026/0001-45;1261;SEE;SECRETARIA DE ESTADO DE EDUCACAO;39;OUTROS SERVICOS DE TERCEIROS - PESSOA JURIDICA;92;CONTRATO DE GESTAO COM ORGANIZACAO SOCIAL - OS;10;RECURSOS ORDINARIOS;2624560,9;2624560,9;2624560,9
9301441;4675;2022-12-15 00:00:00;ASSOCIACAO CENTRO DE EDUCACAO TECNOLOGICA DO ESTADO DA BAHIA;02.663.026/0001-45;1261;SEE;SECRETARIA DE ESTADO DE EDUCACAO;39;OUTROS SERVICOS DE TERCEIROS - PESSOA JURIDICA;92;CONTRATO DE GESTAO COM ORGANIZACAO SOCIAL - OS;10;RECURSOS ORDINARIOS;2056234,63;0,0;0,0
9301442;3914;2022-09-30 00:00:00;ASSOCIACAO CENTRO DE EDUCACAO TECNOLOGICA DO ESTADO DA BAHIA;02.663.026/0001-45;1261;SEE;SECRETARIA DE ESTADO DE EDUCACAO;39;OUTROS SERVICOS DE TERCEIROS - PESSOA JURIDICA;92;CONTRATO DE GESTAO COM ORGANIZACAO SOCIAL - OS;10;RECURSOS ORDINARIOS;1113872,0;1113872,0;1113872,0
9301442;4398;2022-12-15 00:00:00;ASSOCIACAO CENTRO DE EDUCACAO TECNOLOGICA DO ESTADO DA BAHIA;02.663.026/0001-45;1261;SEE;SECRETARIA DE ESTADO DE EDUCACAO;39;OUTROS SERVICOS DE TERCEIROS - PESSOA JURIDICA;92;CONTRATO DE GESTAO COM ORGANIZACAO SOCIAL - OS;10;RECURSOS ORDINARIOS;1585785,06;0,0;0,0
9312334;258;2022-12-26 00:00:00;PM CURVELO;17.695.024/0001-05;1221;SEDE;SECRETARIA DE ESTADO DE DESENVOLVIMENTO ECONOMICO;41;CONTRIBUICOES;1;CONTRIBUICOES;32;EXPLORACAO DE RECURSOS MINERAIS;847972,71;847972,71;847972,71
9315195;231;2022-11-16 00:00:00;PM LAGOA SANTA;73.357.469/0001-56;1221;SEDE;SECRETARIA DE ESTADO DE DESENVOLVIMENTO ECONOMICO;41;CONTRIBUICOES;1;CONTRIBUICOES;32;EXPLORACAO DE RECURSOS MINERAIS;438461,54;438461,54;438461,54
9317395;337;2022-02-02 00:00:00;PM ARACUAI;17.963.083/0001-17;1261;SEE;SECRETARIA DE ESTADO DE EDUCACAO;42;AUXILIOS;1;AUXILIOS;23;FUNDO DE MANUTENCAO E DESENVOLVIMENTO DA EDUCACAO BASICA - FUNDEB;2541100,0;2541100,0;2541100,0
9317396;338;2022-02-02 00:00:00;PM BAEPENDI;18.008.862/0001-26;1261;SEE;SECRETARIA DE ESTADO DE EDUCACAO;42;AUXILIOS;1;AUXILIOS;23;FUNDO DE MANUTENCAO E DESENVOLVIMENTO DA EDUCACAO BASICA - FUNDEB;100000,0;100000,0;100000,0
9317498;339;2022-02-02 00:00:00;PM SANTA JULIANA;18.140.780/0001-30;1261;SEE;SECRETARIA DE ESTADO DE EDUCACAO;42;AUXILIOS;1;AUXILIOS;23;FUNDO DE MANUTENCAO E DESENVOLVIMENTO DA EDUCACAO BASICA - FUNDEB;530000,0;530000,0;530000,0
9317499;340;2022-02-02 00:00:00;PM SERRO;18.303.271/0001-81;1261;SEE;SECRETARIA DE ESTADO DE EDUCACAO;42;AUXILIOS;1;AUXILIOS;23;FUNDO DE MANUTENCAO E DESENVOLVIMENTO DA EDUCACAO BASICA - FUNDEB;572825,09;572825,09;572825,09
9317500;341;2022-02-02 00:00:00;PM SAO JOAO EVANGELISTA;18.307.488/0001-60;1261;SEE;SECRETARIA DE ESTADO DE EDUCACAO;42;AUXILIOS;1;AUXILIOS;23;FUNDO DE MANUTENCAO E DESENVOLVIMENTO DA EDUCACAO BASICA - FUNDEB;1475614,8;1475614,8;1475614,8
9317501;1658;2022-02-14 00:00:00;PM VISCONDE DO RIO BRANCO;18.137.927/0001-33;1261;SEE;SECRETARIA DE ESTADO DE EDUCACAO;42;AUXILIOS;1;AUXILIOS;23;FUNDO DE MANUTENCAO E DESENVOLVIMENTO DA EDUCACAO BASICA - FUNDEB;2232700,0;2232700,0;2232700,0
9317503;342;2022-02-02 00:00:00;PM ABADIA DOS DOURADOS;18.593.111/0001-14;1261;SEE;SECRETARIA DE ESTADO DE EDUCACAO;42;AUXILIOS;1;AUXILIOS;23;FUNDO DE MANUTENCAO E DESENVOLVIMENTO DA EDUCACAO BASICA - FUNDEB;359300,0;359300,0;359300,0
9317504;343;2022-02-02 00:00:00;PM ARAXA;18.140.756/0001-00;1261;SEE;SECRETARIA DE ESTADO DE EDUCACAO;42;AUXILIOS;1;AUXILIOS;23;FUNDO DE MANUTENCAO E DESENVOLVIMENTO DA EDUCACAO BASICA - FUNDEB;1120085,92;1120085,92;1120085,92
9317593;346;2022-02-02 00:00:00;PM ALTO RIO DOCE;18.094.748/0001-66;1261;SEE;SECRETARIA DE ESTADO DE EDUCACAO;42;AUXILIOS;1;AUXILIOS;23;FUNDO DE MANUTENCAO E DESENVOLVIMENTO DA EDUCACAO BASICA - FUNDEB;602800,0;602800,0;602800,0
9317594;347;2022-02-02 00:00:00;PM BONITO DE MINAS;01.612.493/0001-83;1261;SEE;SECRETARIA DE ESTADO DE EDUCACAO;42;AUXILIOS;1;AUXILIOS;23;FUNDO DE MANUTENCAO E DESENVOLVIMENTO DA EDUCACAO BASICA - FUNDEB;2291300,36;2291300,36;2291300,36
9317595;348;2022-02-02 00:00:00;PM ASTOLFO DUTRA;17.702.507/0001-90;1261;SEE;SECRETARIA DE ESTADO DE EDUCACAO;42;AUXILIOS;1;AUXILIOS;23;FUNDO DE MANUTENCAO E DESENVOLVIMENTO DA EDUCACAO BASICA - FUNDEB;1342900,0;1342900,0;1342900,0
9317596;349;2022-02-02 00:00:00;PM BONITO DE MINAS;01.612.493/0001-83;1261;SEE;SECRETARIA DE ESTADO DE EDUCACAO;42;AUXILIOS;1;AUXILIOS;23;FUNDO DE MANUTENCAO E DESENVOLVIMENTO DA EDUCACAO BASICA - FUNDEB;572825,09;572825,09;572825,09
9317597;350;2022-02-02 00:00:00;PM OLHOS-D'AGUA;01.612.547/0001-00;1261;SEE;SECRETARIA DE ESTADO DE EDUCACAO;42;AUXILIOS;1;AUXILIOS;23;FUNDO DE MANUTENCAO E DESENVOLVIMENTO DA EDUCACAO BASICA - FUNDEB;744200,0;744200,0;744200,0
9317598;351;2022-02-02 00:00:00;PM BAEPENDI;18.008.862/0001-26;1261;SEE;SECRETARIA DE ESTADO DE EDUCACAO;42;AUXILIOS;1;AUXILIOS;23;FUNDO DE MANUTENCAO E DESENVOLVIMENTO DA EDUCACAO BASICA - FUNDEB;1633500,0;1633500,0;1633500,0
9317599;352;2022-02-02 00:00:00;PM BELA VISTA DE MINAS;18.311.043/0001-53;1261;SEE;SECRETARIA DE ESTADO DE EDUCACAO;42;AUXILIOS;1;AUXILIOS;23;FUNDO DE MANUTENCAO E DESENVOLVIMENTO DA EDUCACAO BASICA - FUNDEB;1539200,0;1539200,0;1539200,0
9317600;353;2022-02-02 00:00:00;PM CORREGO DANTA;18.298.174/0001-48;1261;SEE;SECRETARIA DE ESTADO DE EDUCACAO;42;AUXILIOS;1;AUXILIOS;23;FUNDO DE MANUTENCAO E DESENVOLVIMENTO DA EDUCACAO BASICA - FUNDEB;867800,0;867800,0;867800,0
9317602;354;2022-02-02 00:00:00;PM CABO VERDE;17.909.599/0001-83;1261;SEE;SECRETARIA DE ESTADO DE EDUCACAO;42;AUXILIOS;1;AUXILIOS;23;FUNDO DE MANUTENCAO E DESENVOLVIMENTO DA EDUCACAO BASICA - FUNDEB;254917,33;254917,33;254917,33
9317603;355;2022-02-02 00:00:00;PM VARGEM GRANDE DO RIO PARDO;01.612.885/0001-42;1261;SEE;SECRETARIA DE ESTADO DE EDUCACAO;42;AUXILIOS;1;AUXILIOS;23;FUNDO DE MANUTENCAO E DESENVOLVIMENTO DA EDUCACAO BASICA - FUNDEB;1222966,67;1222966,67;1222966,67
9317604;356;2022-02-02 00:00:00;PM ARCOS;18.306.662/0001-50;1261;SEE;SECRETARIA DE ESTADO DE EDUCACAO;42;AUXILIOS;1;AUXILIOS;23;FUNDO DE MANUTENCAO E DESENVOLVIMENTO DA EDUCACAO BASICA - FUNDEB;2998400,0;2998400,0;2998400,0
9317605;357;2022-02-02 00:00:00;PM OLIVEIRA;16.854.531/0001-81;1261;SEE;SECRETARIA DE ESTADO DE EDUCACAO;42;AUXILIOS;1;AUXILIOS;23;FUNDO DE MANUTENCAO E DESENVOLVIMENTO DA EDUCACAO BASICA - FUNDEB;1077900,0;1077900,0;1077900,0
9317606;359;2022-02-02 00:00:00;PM ARAUJOS;18.300.996/0001-16;1261;SEE;SECRETARIA DE ESTADO DE EDUCACAO;42;AUXILIOS;1;AUXILIOS;23;FUNDO DE MANUTENCAO E DESENVOLVIMENTO DA EDUCACAO BASICA - FUNDEB;530000,0;530000,0;530000,0
9317607;365;2022-02-02 00:00:00;PM ESTRELA DO INDAIA;18.301.028/0001-24;1261;SEE;SECRETARIA DE ESTADO DE EDUCACAO;42;AUXILIOS;1;AUXILIOS;23;FUNDO DE MANUTENCAO E DESENVOLVIMENTO DA EDUCACAO BASICA - FUNDEB;1223400,0;1223400,0;1223400,0
9317610;8;2022-01-27 00:00:00;PM AGUAS VERMELHAS;18.414.581/0001-73;1261;SEE;SECRETARIA DE ESTADO DE EDUCACAO;42;AUXILIOS;1;AUXILIOS;23;FUNDO DE MANUTENCAO E DESENVOLVIMENTO DA EDUCACAO BASICA - FUNDEB;3170660,76;3170660,76;3170660,76
9317669;252;2022-12-07 00:00:00;PM URUANA DE MINAS;01.609.942/0001-34;1221;SEDE;SECRETARIA DE ESTADO DE DESENVOLVIMENTO ECONOMICO;41;CONTRIBUICOES;1;CONTRIBUICOES;32;EXPLORACAO DE RECURSOS MINERAIS;84442,6;84442,6;84442,6
9317714;7;2022-01-26 00:00:00;PM IPABA;66.229.543/0001-93;1261;SEE;SECRETARIA DE ESTADO DE EDUCACAO;42;AUXILIOS;1;AUXILIOS;23;FUNDO DE MANUTENCAO E DESENVOLVIMENTO DA EDUCACAO BASICA - FUNDEB;2765120,79;2765120,79;2765120,79
9317716;5;2022-01-27 00:00:00;PM NOVA UNIAO;18.302.307/0001-02;1261;SEE;SECRETARIA DE ESTADO DE EDUCACAO;42;AUXILIOS;1;AUXILIOS;23;FUNDO DE MANUTENCAO E DESENVOLVIMENTO DA EDUCACAO BASICA - FUNDEB;1179999,99;1179999,99;1179999,99
9317718;16;2022-01-28 00:00:00;PM CAMPOS ALTOS;18.298.190/0001-30;1261;SEE;SECRETARIA DE ESTADO DE EDUCACAO;42;AUXILIOS;1;AUXILIOS;23;FUNDO DE MANUTENCAO E DESENVOLVIMENTO DA EDUCACAO BASICA - FUNDEB;120908,0;120908,0;120908,0
9317719;7;2022-01-26 00:00:00;PM SALINAS;24.359.333/0001-70;1261;SEE;SECRETARIA DE ESTADO DE EDUCACAO;42;AUXILIOS;1;AUXILIOS;23;FUNDO DE MANUTENCAO E DESENVOLVIMENTO DA EDUCACAO BASICA - FUNDEB;1584666,67;1584666,67;1584666,67
9317726;6;2022-01-27 00:00:00;PM CAETE;18.302.299/0001-02;1261;SEE;SECRETARIA DE ESTADO DE EDUCACAO;42;AUXILIOS;1;AUXILIOS;23;FUNDO DE MANUTENCAO E DESENVOLVIMENTO DA EDUCACAO BASICA - FUNDEB;270000,0;270000,0;270000,0
9317729;12;2022-01-26 00:00:00;PM CAMPOS GERAIS;18.245.175/0001-24;1261;SEE;SECRETARIA DE ESTADO DE EDUCACAO;42;AUXILIOS;1;AUXILIOS;23;FUNDO DE MANUTENCAO E DESENVOLVIMENTO DA EDUCACAO BASICA - FUNDEB;565404,55;565404,55;565404,55
9317734;10;2022-01-26 00:00:00;PM CAMPOS GERAIS;18.245.175/0001-24;1261;SEE;SECRETARIA DE ESTADO DE EDUCACAO;42;AUXILIOS;1;AUXILIOS;23;FUNDO DE MANUTENCAO E DESENVOLVIMENTO DA EDUCACAO BASICA - FUNDEB;1163604,6;1163604,6;1163604,6
9317747;367;2022-02-02 00:00:00;PM ABADIA DOS DOURADOS;18.593.111/0001-14;1261;SEE;SECRETARIA DE ESTADO DE EDUCACAO;42;AUXILIOS;1;AUXILIOS;23;FUNDO DE MANUTENCAO E DESENVOLVIMENTO DA EDUCACAO BASICA - FUNDEB;265000,0;265000,0;265000,0
9317751;368;2022-02-02 00:00:00;PM ESTRELA DO SUL;18.592.162/0001-21;1261;SEE;SECRETARIA DE ESTADO DE EDUCACAO;42;AUXILIOS;1;AUXILIOS;23;FUNDO DE MANUTENCAO E DESENVOLVIMENTO DA EDUCACAO BASICA - FUNDEB;572825,09;572825,09;572825,09
9317752;369;2022-02-02 00:00:00;PM GRUPIARA;17.827.858/0001-27;1261;SEE;SECRETARIA DE ESTADO DE EDUCACAO;42;AUXILIOS;1;AUXILIOS;23;FUNDO DE MANUTENCAO E DESENVOLVIMENTO DA EDUCACAO BASICA - FUNDEB;572825,09;572825,09;572825,09
9317757;371;2022-02-02 00:00:00;PM ALTO JEQUITIBA;18.392.506/0001-59;1261;SEE;SECRETARIA DE ESTADO DE EDUCACAO;42;AUXILIOS;1;AUXILIOS;23;FUNDO DE MANUTENCAO E DESENVOLVIMENTO DA EDUCACAO BASICA - FUNDEB;100000,0;100000,0;100000,0
9317858;372;2022-02-02 00:00:00;PM VEREDINHA;01.614.685/0001-29;1261;SEE;SECRETARIA DE ESTADO DE EDUCACAO;42;AUXILIOS;1;AUXILIOS;23;FUNDO DE MANUTENCAO E DESENVOLVIMENTO DA EDUCACAO BASICA - FUNDEB;602800,0;602800,0;602800,0
9317859;374;2022-02-02 00:00:00;PM VICOSA;18.132.449/0001-79;1261;SEE;SECRETARIA DE ESTADO DE EDUCACAO;42;AUXILIOS;1;AUXILIOS;23;FUNDO DE MANUTENCAO E DESENVOLVIMENTO DA EDUCACAO BASICA - FUNDEB;3507400,0;3507400,0;3507400,0
9317860;376;2022-02-02 00:00:00;PM ALVARENGA;19.770.288/0001-01;1261;SEE;SECRETARIA DE ESTADO DE EDUCACAO;42;AUXILIOS;1;AUXILIOS;23;FUNDO DE MANUTENCAO E DESENVOLVIMENTO DA EDUCACAO BASICA - FUNDEB;337800,0;337800,0;337800,0
9317861;377;2022-02-02 00:00:00;PM BELO ORIENTE;17.005.653/0001-66;1261;SEE;SECRETARIA DE ESTADO DE EDUCACAO;42;AUXILIOS;1;AUXILIOS;23;FUNDO DE MANUTENCAO E DESENVOLVIMENTO DA EDUCACAO BASICA - FUNDEB;359300,0;359300,0;359300,0
9317862;490;2022-02-03 00:00:00;PM DATAS;17.754.193/0001-79;1261;SEE;SECRETARIA DE ESTADO DE EDUCACAO;42;AUXILIOS;1;AUXILIOS;23;FUNDO DE MANUTENCAO E DESENVOLVIMENTO DA EDUCACAO BASICA - FUNDEB;530000,0;530000,0;530000,0
9317863;378;2022-02-02 00:00:00;PM SAO GOTARDO;18.602.037/0001-55;1261;SEE;SECRETARIA DE ESTADO DE EDUCACAO;42;AUXILIOS;1;AUXILIOS;23;FUNDO DE MANUTENCAO E DESENVOLVIMENTO DA EDUCACAO BASICA - FUNDEB;1274200,0;1274200,0;1274200,0
9317864;380;2022-02-02 00:00:00;PM CONQUISTA;18.428.888/0001-23;1261;SEE;SECRETARIA DE ESTADO DE EDUCACAO;42;AUXILIOS;1;AUXILIOS;23;FUNDO DE MANUTENCAO E DESENVOLVIMENTO DA EDUCACAO BASICA - FUNDEB;1060000,0;1060000,0;1060000,0
9318000;9;2022-01-31 00:00:00;PM SANTO ANTONIO DO AMPARO;18.244.335/0001-10;1261;SEE;SECRETARIA DE ESTADO DE EDUCACAO;42;AUXILIOS;1;AUXILIOS;23;FUNDO DE MANUTENCAO E DESENVOLVIMENTO DA EDUCACAO BASICA - FUNDEB;257120,68;257120,68;257120,68
9318002;91;2022-02-09 00:00:00;PM CAMPOS GERAIS;18.245.175/0001-24;1261;SEE;SECRETARIA DE ESTADO DE EDUCACAO;42;AUXILIOS;1;AUXILIOS;23;FUNDO DE MANUTENCAO E DESENVOLVIMENTO DA EDUCACAO BASICA - FUNDEB;670371,74;670371,74;670371,74
9318004;381;2022-02-02 00:00:00;PM CASSIA;17.894.049/0001-38;1261;SEE;SECRETARIA DE ESTADO DE EDUCACAO;42;AUXILIOS;1;AUXILIOS;23;FUNDO DE MANUTENCAO E DESENVOLVIMENTO DA EDUCACAO BASICA - FUNDEB;265000,0;265000,0;265000,0
9318005;382;2022-02-02 00:00:00;PM ARAPORA;23.098.510/0001-49;1261;SEE;SECRETARIA DE ESTADO DE EDUCACAO;42;AUXILIOS;1;AUXILIOS;23;FUNDO DE MANUTENCAO E DESENVOLVIMENTO DA EDUCACAO BASICA - FUNDEB;795000,0;795000,0;795000,0
9318006;384;2022-02-02 00:00:00;PM AMPARO DA SERRA;18.316.174/0001-23;1261;SEE;SECRETARIA DE ESTADO DE EDUCACAO;42;AUXILIOS;1;AUXILIOS;23;FUNDO DE MANUTENCAO E DESENVOLVIMENTO DA EDUCACAO BASICA - FUNDEB;420000,0;420000,0;420000,0
9318008;385;2022-02-02 00:00:00;PM BANDEIRA;18.349.902/0001-01;1261;SEE;SECRETARIA DE ESTADO DE EDUCACAO;42;AUXILIOS;1;AUXILIOS;23;FUNDO DE MANUTENCAO E DESENVOLVIMENTO DA EDUCACAO BASICA - FUNDEB;265000,0;265000,0;265000,0
9318010;386;2022-02-02 00:00:00;PM OLHOS-D'AGUA;01.612.547/0001-00;1261;SEE;SECRETARIA DE ESTADO DE EDUCACAO;42;AUXILIOS;1;AUXILIOS;23;FUNDO DE MANUTENCAO E DESENVOLVIMENTO DA EDUCACAO BASICA - FUNDEB;566933,87;566933,87;566933,87
9318011;39;2022-02-07 00:00:00;PM SANTO ANTONIO DO RETIRO;01.612.484/0001-92;1261;SEE;SECRETARIA DE ESTADO DE EDUCACAO;42;AUXILIOS;1;AUXILIOS;23;FUNDO DE MANUTENCAO E DESENVOLVIMENTO DA EDUCACAO BASICA - FUNDEB;776752,84;776752,84;776752,84
9318013;388;2022-02-02 00:00:00;PM ANTONIO CARLOS;18.094.763/0001-04;1261;SEE;SECRETARIA DE ESTADO DE EDUCACAO;42;AUXILIOS;1;AUXILIOS;23;FUNDO DE MANUTENCAO E DESENVOLVIMENTO DA EDUCACAO BASICA - FUNDEB;1437600,0;1437600,0;1437600,0
9318015;389;2022-02-02 00:00:00;PM VERMELHO NOVO;01.620.744/0001-71;1261;SEE;SECRETARIA DE ESTADO DE EDUCACAO;42;AUXILIOS;1;AUXILIOS;23;FUNDO DE MANUTENCAO E DESENVOLVIMENTO DA EDUCACAO BASICA - FUNDEB;1176300,0;1176300,0;1176300,0
9318016;394;2022-02-03 00:00:00;PM CAPIM BRANCO;18.314.617/0001-47;1261;SEE;SECRETARIA DE ESTADO DE EDUCACAO;42;AUXILIOS;1;AUXILIOS;23;FUNDO DE MANUTENCAO E DESENVOLVIMENTO DA EDUCACAO BASICA - FUNDEB;1248600,0;1248600,0;1248600,0
9318017;395;2022-02-03 00:00:00;PM LAGAMAR;18.192.260/0001-71;1261;SEE;SECRETARIA DE ESTADO DE EDUCACAO;42;AUXILIOS;1;AUXILIOS;23;FUNDO DE MANUTENCAO E DESENVOLVIMENTO DA EDUCACAO BASICA - FUNDEB;265000,0;265000,0;265000,0
9318020;397;2022-02-03 00:00:00;PM SAO JOSE DA SAFIRA;18.409.235/0001-05;1261;SEE;SECRETARIA DE ESTADO DE EDUCACAO;42;AUXILIOS;1;AUXILIOS;23;FUNDO DE MANUTENCAO E DESENVOLVIMENTO DA EDUCACAO BASICA - FUNDEB;687800,0;687800,0;687800,0
9318021;398;2022-02-03 00:00:00;PM SETE LAGOAS;24.996.969/0001-22;1261;SEE;SECRETARIA DE ESTADO DE EDUCACAO;42;AUXILIOS;1;AUXILIOS;23;FUNDO DE MANUTENCAO E DESENVOLVIMENTO DA EDUCACAO BASICA - FUNDEB;1607900,0;1607900,0;1607900,0
9318024;399;2022-02-03 00:00:00;PM TEOFILO OTONI;18.404.780/0001-09;1261;SEE;SECRETARIA DE ESTADO DE EDUCACAO;42;AUXILIOS;1;AUXILIOS;23;FUNDO DE MANUTENCAO E DESENVOLVIMENTO DA EDUCACAO BASICA - FUNDEB;838500,0;838500,0;838500,0
9318026;400;2022-02-03 00:00:00;PM DIVINO;18.114.272/0001-88;1261;SEE;SECRETARIA DE ESTADO DE EDUCACAO;42;AUXILIOS;1;AUXILIOS;23;FUNDO DE MANUTENCAO E DESENVOLVIMENTO DA EDUCACAO BASICA - FUNDEB;838500,0;838500,0;838500,0
9318028;9;2022-02-01 00:00:00;PM FERVEDOURO;26.139.790/0001-84;1261;SEE;SECRETARIA DE ESTADO DE EDUCACAO;42;AUXILIOS;1;AUXILIOS;23;FUNDO DE MANUTENCAO E DESENVOLVIMENTO DA EDUCACAO BASICA - FUNDEB;600000,0;600000,0;600000,0
9318029;402;2022-02-03 00:00:00;PM MATA VERDE;66.234.360/0001-66;1261;SEE;SECRETARIA DE ESTADO DE EDUCACAO;42;AUXILIOS;1;AUXILIOS;23;FUNDO DE MANUTENCAO E DESENVOLVIMENTO DA EDUCACAO BASICA - FUNDEB;1317700,0;1317700,0;1317700,0
9318032;403;2022-02-03 00:00:00;PM GOUVEA;17.754.144/0001-36;1261;SEE;SECRETARIA DE ESTADO DE EDUCACAO;42;AUXILIOS;1;AUXILIOS;23;FUNDO DE MANUTENCAO E DESENVOLVIMENTO DA EDUCACAO BASICA - FUNDEB;1205600,0;1205600,0;1205600,0
9318094;42;2022-06-21 00:00:00;ASSOCIACAO COMUNIDADE TERAPEUTICA MAES & FILHOS;17.246.772/0001-00;1481;SEDESE;SECRETARIA DE ESTADO DE DESENVOLVIMENTO SOCIAL;43;SUBVENCOES SOCIAIS;1;SUBVENCOES SOCIAIS;10;RECURSOS ORDINARIOS;173907,6;173907,6;173907,6
9318105;61;2022-06-29 00:00:00;COMUNIDADE REVIVER;26.232.447/0002-60;1481;SEDESE;SECRETARIA DE ESTADO DE DESENVOLVIMENTO SOCIAL;43;SUBVENCOES SOCIAIS;1;SUBVENCOES SOCIAIS;10;RECURSOS ORDINARIOS;173908,0;173908,0;173908,0
9318117;52;2022-06-28 00:00:00;ASSOCIACAO MAE ADMIRAVEL;22.691.398/0001-92;1481;SEDESE;SECRETARIA DE ESTADO DE DESENVOLVIMENTO SOCIAL;43;SUBVENCOES SOCIAIS;1;SUBVENCOES SOCIAIS;10;RECURSOS ORDINARIOS;173898,6;173898,6;173898,6
9318121;48;2022-06-28 00:00:00;ASSOCIACAO COMUNITARIA DE PREVENCAO AO USO INDEVIDO DE DROGAS;03.015.043/0001-39;1481;SEDESE;SECRETARIA DE ESTADO DE DESENVOLVIMENTO SOCIAL;43;SUBVENCOES SOCIAIS;1;SUBVENCOES SOCIAIS;10;RECURSOS ORDINARIOS;156999,96;156999,96;156999,96
9318123;60;2022-06-29 00:00:00;SER SERVICO EVANGELICO DE REABILITACAO;20.734.505/0002-78;1481;SEDESE;SECRETARIA DE ESTADO DE DESENVOLVIMENTO SOCIAL;43;SUBVENCOES SOCIAIS;1;SUBVENCOES SOCIAIS;10;RECURSOS ORDINARIOS;173908,0;173908,0;86954,0
9318125;63;2022-06-29 00:00:00;FUNDACAO MARIANENSE DE EDUCACAO;22.390.686/0001-07;1481;SEDESE;SECRETARIA DE ESTADO DE DESENVOLVIMENTO SOCIAL;43;SUBVENCOES SOCIAIS;1;SUBVENCOES SOCIAIS;10;RECURSOS ORDINARIOS;173908,0;173908,0;173908,0
9318128;77;2022-09-09 00:00:00;COMUNIDADE TERAPEUTICA FAMILIA EM CRISTO;19.215.751/0001-53;1481;SEDESE;SECRETARIA DE ESTADO DE DESENVOLVIMENTO SOCIAL;43;SUBVENCOES SOCIAIS;1;SUBVENCOES SOCIAIS;10;RECURSOS ORDINARIOS;173907,84;173907,84;173907,84
9318129;67;2022-06-29 00:00:00;GRUPO SALVA VIDAS;23.098.718/0003-20;1481;SEDESE;SECRETARIA DE ESTADO DE DESENVOLVIMENTO SOCIAL;43;SUBVENCOES SOCIAIS;1;SUBVENCOES SOCIAIS;10;RECURSOS ORDINARIOS;173908,0;173908,0;173908,0
9318133;53;2022-06-28 00:00:00;ASSOCIACAO GRUPO SARAI;03.782.573/0001-02;1481;SEDESE;SECRETARIA DE ESTADO DE DESENVOLVIMENTO SOCIAL;43;SUBVENCOES SOCIAIS;1;SUBVENCOES SOCIAIS;10;RECURSOS ORDINARIOS;173908,0;173908,0;173908,0
9318134;74;2022-08-04 00:00:00;C.R.J.F.C.D.-CENTRO DE RECUPERACAO JUIZ DE FORA CONTRA AS DROGAS;05.467.433/0001-75;1481;SEDESE;SECRETARIA DE ESTADO DE DESENVOLVIMENTO SOCIAL;43;SUBVENCOES SOCIAIS;1;SUBVENCOES SOCIAIS;10;RECURSOS ORDINARIOS;173904,84;173904,84;173904,84
9318145;75;2022-08-12 00:00:00;SER SERVICO EVANGELICO DE REABILITACAO;20.734.505/0003-59;1481;SEDESE;SECRETARIA DE ESTADO DE DESENVOLVIMENTO SOCIAL;43;SUBVENCOES SOCIAIS;1;SUBVENCOES SOCIAIS;10;RECURSOS ORDINARIOS;157000,0;157000,0;78500,0
9318146;68;2022-06-29 00:00:00;OBRAS SOCIAIS AGUA VIVA;06.951.814/0001-98;1481;SEDESE;SECRETARIA DE ESTADO DE DESENVOLVIMENTO SOCIAL;43;SUBVENCOES SOCIAIS;1;SUBVENCOES SOCIAIS;10;RECURSOS ORDINARIOS;173908,0;173908,0;173908,0
9318149;32;2022-06-20 00:00:00;COMVIDA - COMUNIDADE TERAPEUTICA FAZENDA VIDA NOVA;02.970.363/0001-85;1481;SEDESE;SECRETARIA DE ESTADO DE DESENVOLVIMENTO SOCIAL;43;SUBVENCOES SOCIAIS;1;SUBVENCOES SOCIAIS;10;RECURSOS ORDINARIOS;173908,0;173908,0;173908,0
9318151;64;2022-06-29 00:00:00;FUNDACAO MARIANENSE DE EDUCACAO;22.390.686/0006-11;1481;SEDESE;SECRETARIA DE ESTADO DE DESENVOLVIMENTO SOCIAL;43;SUBVENCOES SOCIAIS;1;SUBVENCOES SOCIAIS;10;RECURSOS ORDINARIOS;173908,0;173908,0;173908,0
9318152;65;2022-06-29 00:00:00;ESQUADRAO DA VIDA DE MONTES CLAROS;25.224.130/0001-39;1481;SEDESE;SECRETARIA DE ESTADO DE DESENVOLVIMENTO SOCIAL;43;SUBVENCOES SOCIAIS;1;SUBVENCOES SOCIAIS;10;RECURSOS ORDINARIOS;173907,36;173907,36;173907,36
9318155;47;2022-06-28 00:00:00;ACAO SOCIAL CENTRO DE REINTEGRACAO A SOCIEDADE MAIS QUE VENCEDORES;16.801.598/0001-58;1481;SEDESE;SECRETARIA DE ESTADO DE DESENVOLVIMENTO SOCIAL;43;SUBVENCOES SOCIAIS;1;SUBVENCOES SOCIAIS;10;RECURSOS ORDINARIOS;173396,52;173396,52;173396,52
9318246;59;2022-06-28 00:00:00;SER - SERVICO EVANGELICO DE REABILITACAO DE ARAGUARI;03.424.768/0001-80;1481;SEDESE;SECRETARIA DE ESTADO DE DESENVOLVIMENTO SOCIAL;43;SUBVENCOES SOCIAIS;1;SUBVENCOES SOCIAIS;10;RECURSOS ORDINARIOS;173908,0;173908,0;173908,0
9318341;50;2022-06-28 00:00:00;ASSOCIACAO CRISTA BANCO DA SOLIDARIEDADE;10.320.290/0001-04;1481;SEDESE;SECRETARIA DE ESTADO DE DESENVOLVIMENTO SOCIAL;43;SUBVENCOES SOCIAIS;1;SUBVENCOES SOCIAIS;10;RECURSOS ORDINARIOS;173677,08;173677,08;173677,08
9318347;55;2022-06-28 00:00:00;COMUNIDADE TERAPEUTICA CASA DIA;04.970.973/0001-04;1481;SEDESE;SECRETARIA DE ESTADO DE DESENVOLVIMENTO SOCIAL;43;SUBVENCOES SOCIAIS;1;SUBVENCOES SOCIAIS;10;RECURSOS ORDINARIOS;173908,0;173908,0;173908,0
9318350;62;2022-06-29 00:00:00;COMUNIDADE TERAPEUTICA FILHOS DO REI;13.134.031/0001-87;1481;SEDESE;SECRETARIA DE ESTADO DE DESENVOLVIMENTO SOCIAL;43;SUBVENCOES SOCIAIS;1;SUBVENCOES SOCIAIS;10;RECURSOS ORDINARIOS;173908,0;173908,0;173908,0
9318405;66;2022-06-29 00:00:00;INSTITUTO EMANUEL ALFA - IEA;19.140.533/0001-05;1481;SEDESE;SECRETARIA DE ESTADO DE DESENVOLVIMENTO SOCIAL;43;SUBVENCOES SOCIAIS;1;SUBVENCOES SOCIAIS;10;RECURSOS ORDINARIOS;173908,0;173908,0;86954,0
9318441;58;2022-06-28 00:00:00;CENTRO DE REINTEGRACAO SOCIAL BEIJA-FLOR;04.327.366/0002-01;1481;SEDESE;SECRETARIA DE ESTADO DE DESENVOLVIMENTO SOCIAL;43;SUBVENCOES SOCIAIS;1;SUBVENCOES SOCIAIS;10;RECURSOS ORDINARIOS;173907,96;173907,96;173907,96
9318481;35;2022-06-20 00:00:00;CEAMI - REABILITACAO PARA A VIDA;03.744.116/0001-23;1481;SEDESE;SECRETARIA DE ESTADO DE DESENVOLVIMENTO SOCIAL;43;SUBVENCOES SOCIAIS;1;SUBVENCOES SOCIAIS;10;RECURSOS ORDINARIOS;173908,0;173908,0;173908,0
9318496;6;2022-01-26 00:00:00;PM SALINAS;24.359.333/0001-70;1261;SEE;SECRETARIA DE ESTADO DE EDUCACAO;42;AUXILIOS;1;AUXILIOS;23;FUNDO DE MANUTENCAO E DESENVOLVIMENTO DA EDUCACAO BASICA - FUNDEB;1641535,74;1641535,74;1641535,74
9318500;5;2022-01-28 00:00:00;PM MACHACALIS;18.404.921/0001-85;1261;SEE;SECRETARIA DE ESTADO DE EDUCACAO;42;AUXILIOS;1;AUXILIOS;23;FUNDO DE MANUTENCAO E DESENVOLVIMENTO DA EDUCACAO BASICA - FUNDEB;44256,0;44256,0;44256,0
9318501;11;2022-01-26 00:00:00;PM CAMPOS GERAIS;18.245.175/0001-24;1261;SEE;SECRETARIA DE ESTADO DE EDUCACAO;42;AUXILIOS;1;AUXILIOS;23;FUNDO DE MANUTENCAO E DESENVOLVIMENTO DA EDUCACAO BASICA - FUNDEB;2343966,32;2343966,32;2343966,32
9318503;5;2022-01-26 00:00:00;PM INHAPIM;20.905.865/0001-04;1261;SEE;SECRETARIA DE ESTADO DE EDUCACAO;42;AUXILIOS;1;AUXILIOS;23;FUNDO DE MANUTENCAO E DESENVOLVIMENTO DA EDUCACAO BASICA - FUNDEB;3165000,0;3165000,0;3165000,0
9318504;405;2022-02-03 00:00:00;PM ARAPUA;19.942.895/0001-01;1261;SEE;SECRETARIA DE ESTADO DE EDUCACAO;42;AUXILIOS;1;AUXILIOS;23;FUNDO DE MANUTENCAO E DESENVOLVIMENTO DA EDUCACAO BASICA - FUNDEB;359300,0;359300,0;359300,0
9318506;406;2022-02-03 00:00:00;PM BOM REPOUSO;18.675.892/0001-96;1261;SEE;SECRETARIA DE ESTADO DE EDUCACAO;42;AUXILIOS;1;AUXILIOS;23;FUNDO DE MANUTENCAO E DESENVOLVIMENTO DA EDUCACAO BASICA - FUNDEB;763439,23;763439,23;763439,23
9318507;408;2022-02-03 00:00:00;PM SETE LAGOAS;24.996.969/0001-22;1261;SEE;SECRETARIA DE ESTADO DE EDUCACAO;42;AUXILIOS;1;AUXILIOS;23;FUNDO DE MANUTENCAO E DESENVOLVIMENTO DA EDUCACAO BASICA - FUNDEB;572825,09;572825,09;572825,09
9318508;410;2022-02-03 00:00:00;PM TEIXEIRAS;18.134.056/0001-02;1261;SEE;SECRETARIA DE ESTADO DE EDUCACAO;42;AUXILIOS;1;AUXILIOS;23;FUNDO DE MANUTENCAO E DESENVOLVIMENTO DA EDUCACAO BASICA - FUNDEB;359300,0;359300,0;359300,0
9318509;412;2022-02-03 00:00:00;PM SETUBINHA;01.613.375/0001-90;1261;SEE;SECRETARIA DE ESTADO DE EDUCACAO;42;AUXILIOS;1;AUXILIOS;23;FUNDO DE MANUTENCAO E DESENVOLVIMENTO DA EDUCACAO BASICA - FUNDEB;479200,0;479200,0;479200,0
9318511;416;2022-02-03 00:00:00;PM MARILAC;18.409.193/0001-02;1261;SEE;SECRETARIA DE ESTADO DE EDUCACAO;42;AUXILIOS;1;AUXILIOS;23;FUNDO DE MANUTENCAO E DESENVOLVIMENTO DA EDUCACAO BASICA - FUNDEB;763439,23;763439,23;763439,23
9318512;414;2022-02-03 00:00:00;PM PATOS DE MINAS;18.602.011/0001-07;1261;SEE;SECRETARIA DE ESTADO DE EDUCACAO;42;AUXILIOS;1;AUXILIOS;23;FUNDO DE MANUTENCAO E DESENVOLVIMENTO DA EDUCACAO BASICA - FUNDEB;602800,0;602800,0;602800,0
9318514;418;2022-02-03 00:00:00;PM BRAZOPOLIS;18.025.890/0001-51;1261;SEE;SECRETARIA DE ESTADO DE EDUCACAO;42;AUXILIOS;1;AUXILIOS;23;FUNDO DE MANUTENCAO E DESENVOLVIMENTO DA EDUCACAO BASICA - FUNDEB;564033,58;564033,58;564033,58
9318515;419;2022-02-03 00:00:00;PM VARJAO DE MINAS;01.609.780/0001-34;1261;SEE;SECRETARIA DE ESTADO DE EDUCACAO;42;AUXILIOS;1;AUXILIOS;23;FUNDO DE MANUTENCAO E DESENVOLVIMENTO DA EDUCACAO BASICA - FUNDEB;572825,09;572825,09;572825,09
9318517;420;2022-02-03 00:00:00;PM SABINOPOLIS;18.307.454/0001-75;1261;SEE;SECRETARIA DE ESTADO DE EDUCACAO;42;AUXILIOS;1;AUXILIOS;23;FUNDO DE MANUTENCAO E DESENVOLVIMENTO DA EDUCACAO BASICA - FUNDEB;337800,0;337800,0;337800,0
9318518;421;2022-02-03 00:00:00;PM LUZ;18.301.036/0001-70;1261;SEE;SECRETARIA DE ESTADO DE EDUCACAO;42;AUXILIOS;1;AUXILIOS;23;FUNDO DE MANUTENCAO E DESENVOLVIMENTO DA EDUCACAO BASICA - FUNDEB;359300,0;359300,0;359300,0
9318520;423;2022-02-03 00:00:00;PM ABAETE;18.296.632/0001-00;1261;SEE;SECRETARIA DE ESTADO DE EDUCACAO;42;AUXILIOS;1;AUXILIOS;23;FUNDO DE MANUTENCAO E DESENVOLVIMENTO DA EDUCACAO BASICA - FUNDEB;1745900,0;1745900,0;1745900,0
9318521;424;2022-02-03 00:00:00;PM VESPASIANO;18.715.425/0001-42;1261;SEE;SECRETARIA DE ESTADO DE EDUCACAO;42;AUXILIOS;1;AUXILIOS;23;FUNDO DE MANUTENCAO E DESENVOLVIMENTO DA EDUCACAO BASICA - FUNDEB;718600,0;718600,0;718600,0
9318523;427;2022-02-03 00:00:00;PM VIRGEM DA LAPA;18.348.730/0001-43;1261;SEE;SECRETARIA DE ESTADO DE EDUCACAO;42;AUXILIOS;1;AUXILIOS;23;FUNDO DE MANUTENCAO E DESENVOLVIMENTO DA EDUCACAO BASICA - FUNDEB;694028,64;694028,64;694028,64
9318524;429;2022-02-03 00:00:00;PM PIRANGUINHO;18.192.906/0001-10;1261;SEE;SECRETARIA DE ESTADO DE EDUCACAO;42;AUXILIOS;1;AUXILIOS;23;FUNDO DE MANUTENCAO E DESENVOLVIMENTO DA EDUCACAO BASICA - FUNDEB;1419800,0;1419800,0;1419800,0
9318525;430;2022-02-03 00:00:00;PM CAETE;18.302.299/0001-02;1261;SEE;SECRETARIA DE ESTADO DE EDUCACAO;42;AUXILIOS;1;AUXILIOS;23;FUNDO DE MANUTENCAO E DESENVOLVIMENTO DA EDUCACAO BASICA - FUNDEB;100000,0;100000,0;100000,0
9318526;6;2022-01-26 00:00:00;PM IPABA;66.229.543/0001-93;1261;SEE;SECRETARIA DE ESTADO DE EDUCACAO;42;AUXILIOS;1;AUXILIOS;23;FUNDO DE MANUTENCAO E DESENVOLVIMENTO DA EDUCACAO BASICA - FUNDEB;3119241,47;3119241,47;3119241,47
9318528;9;2022-01-26 00:00:00;PM SALINAS;24.359.333/0001-70;1261;SEE;SECRETARIA DE ESTADO DE EDUCACAO;42;AUXILIOS;1;AUXILIOS;10;RECURSOS ORDINARIOS;13484978,14;13484978,14;13484978,14
9318528;10;2022-01-26 00:00:00;PM SALINAS;24.359.333/0001-70;1261;SEE;SECRETARIA DE ESTADO DE EDUCACAO;42;AUXILIOS;1;AUXILIOS;23;FUNDO DE MANUTENCAO E DESENVOLVIMENTO DA EDUCACAO BASICA - FUNDEB;6442272,81;6442272,81;6442272,81
9318532;31;2022-06-20 00:00:00;COMUNIDADE TERAPEUTICA ETM;09.405.431/0001-02;1481;SEDESE;SECRETARIA DE ESTADO DE DESENVOLVIMENTO SOCIAL;43;SUBVENCOES SOCIAIS;1;SUBVENCOES SOCIAIS;10;RECURSOS ORDINARIOS;173908,0;173908,0;86954,0
9318533;18;2022-02-01 00:00:00;PM ARAXA;18.140.756/0001-00;1261;SEE;SECRETARIA DE ESTADO DE EDUCACAO;42;AUXILIOS;1;AUXILIOS;23;FUNDO DE MANUTENCAO E DESENVOLVIMENTO DA EDUCACAO BASICA - FUNDEB;397980,81;397980,81;397980,81
9318534;8;2022-01-26 00:00:00;PM NINHEIRA;01.612.495/0001-72;1261;SEE;SECRETARIA DE ESTADO DE EDUCACAO;42;AUXILIOS;1;AUXILIOS;23;FUNDO DE MANUTENCAO E DESENVOLVIMENTO DA EDUCACAO BASICA - FUNDEB;622695,31;622695,31;622695,31
9318539;8;2022-02-01 00:00:00;PM SANTA MARGARIDA;18.385.112/0001-73;1261;SEE;SECRETARIA DE ESTADO DE EDUCACAO;42;AUXILIOS;1;AUXILIOS;23;FUNDO DE MANUTENCAO E DESENVOLVIMENTO DA EDUCACAO BASICA - FUNDEB;572825,09;572825,09;572825,09
9318540;8;2022-01-26 00:00:00;PM COQUEIRAL;18.239.624/0001-21;1261;SEE;SECRETARIA DE ESTADO DE EDUCACAO;42;AUXILIOS;1;AUXILIOS;23;FUNDO DE MANUTENCAO E DESENVOLVIMENTO DA EDUCACAO BASICA - FUNDEB;113402,8;113402,8;113402,8
9318542;8;2022-02-01 00:00:00;PM ESPERA FELIZ;18.114.264/0001-31;1261;SEE;SECRETARIA DE ESTADO DE EDUCACAO;42;AUXILIOS;1;AUXILIOS;23;FUNDO DE MANUTENCAO E DESENVOLVIMENTO DA EDUCACAO BASICA - FUNDEB;271711,32;271711,32;271711,32
9318544;432;2022-02-03 00:00:00;PM DORES DO INDAIA;18.301.010/0001-22;1261;SEE;SECRETARIA DE ESTADO DE EDUCACAO;42;AUXILIOS;1;AUXILIOS;23;FUNDO DE MANUTENCAO E DESENVOLVIMENTO DA EDUCACAO BASICA - FUNDEB;1586400,0;1586400,0;1586400,0
9318545;433;2022-02-03 00:00:00;PM PEDRA AZUL;18.414.565/0001-80;1261;SEE;SECRETARIA DE ESTADO DE EDUCACAO;42;AUXILIOS;1;AUXILIOS;23;FUNDO DE MANUTENCAO E DESENVOLVIMENTO DA EDUCACAO BASICA - FUNDEB;723287,33;723287,33;723287,33
9318546;434;2022-02-03 00:00:00;PM RODEIRO;18.128.256/0001-44;1261;SEE;SECRETARIA DE ESTADO DE EDUCACAO;42;AUXILIOS;1;AUXILIOS;23;FUNDO DE MANUTENCAO E DESENVOLVIMENTO DA EDUCACAO BASICA - FUNDEB;1500633,33;1500633,33;1500633,33
9318547;436;2022-02-03 00:00:00;PM MACHACALIS;18.404.921/0001-85;1261;SEE;SECRETARIA DE ESTADO DE EDUCACAO;42;AUXILIOS;1;AUXILIOS;23;FUNDO DE MANUTENCAO E DESENVOLVIMENTO DA EDUCACAO BASICA - FUNDEB;1317700,0;1317700,0;1317700,0
9318548;437;2022-02-03 00:00:00;PM BOM REPOUSO;18.675.892/0001-96;1261;SEE;SECRETARIA DE ESTADO DE EDUCACAO;42;AUXILIOS;1;AUXILIOS;23;FUNDO DE MANUTENCAO E DESENVOLVIMENTO DA EDUCACAO BASICA - FUNDEB;1971300,0;1971300,0;1971300,0
9318549;439;2022-02-03 00:00:00;PM GAMELEIRA;01.612.482/0001-01;1261;SEE;SECRETARIA DE ESTADO DE EDUCACAO;42;AUXILIOS;1;AUXILIOS;23;FUNDO DE MANUTENCAO E DESENVOLVIMENTO DA EDUCACAO BASICA - FUNDEB;962100,0;962100,0;962100,0
9318550;441;2022-02-03 00:00:00;PM GOIANA;01.611.137/0001-45;1261;SEE;SECRETARIA DE ESTADO DE EDUCACAO;42;AUXILIOS;1;AUXILIOS;23;FUNDO DE MANUTENCAO E DESENVOLVIMENTO DA EDUCACAO BASICA - FUNDEB;1132800,0;1132800,0;1132800,0
9318551;489;2022-02-03 00:00:00;PM GUIMARANIA;18.602.052/0001-01;1261;SEE;SECRETARIA DE ESTADO DE EDUCACAO;42;AUXILIOS;1;AUXILIOS;23;FUNDO DE MANUTENCAO E DESENVOLVIMENTO DA EDUCACAO BASICA - FUNDEB;889300,0;889300,0;889300,0
9318552;447;2022-02-03 00:00:00;PM GUARANESIA;17.900.473/0001-48;1261;SEE;SECRETARIA DE ESTADO DE EDUCACAO;42;AUXILIOS;1;AUXILIOS;23;FUNDO DE MANUTENCAO E DESENVOLVIMENTO DA EDUCACAO BASICA - FUNDEB;470000,0;470000,0;470000,0
9318553;449;2022-02-03 00:00:00;PM JURAMENTO;18.017.368/0001-28;1261;SEE;SECRETARIA DE ESTADO DE EDUCACAO;42;AUXILIOS;1;AUXILIOS;23;FUNDO DE MANUTENCAO E DESENVOLVIMENTO DA EDUCACAO BASICA - FUNDEB;479200,0;479200,0;479200,0
9318554;450;2022-02-03 00:00:00;PM ITANHANDU;18.186.718/0001-80;1261;SEE;SECRETARIA DE ESTADO DE EDUCACAO;42;AUXILIOS;1;AUXILIOS;23;FUNDO DE MANUTENCAO E DESENVOLVIMENTO DA EDUCACAO BASICA - FUNDEB;1787600,0;1787600,0;1787600,0
9318555;453;2022-02-03 00:00:00;PM FELIXLANDIA;17.695.032/0001-51;1261;SEE;SECRETARIA DE ESTADO DE EDUCACAO;42;AUXILIOS;1;AUXILIOS;23;FUNDO DE MANUTENCAO E DESENVOLVIMENTO DA EDUCACAO BASICA - FUNDEB;744200,0;744200,0;744200,0
9318556;452;2022-02-03 00:00:00;PM SAO TIAGO;17.749.904/0001-17;1261;SEE;SECRETARIA DE ESTADO DE EDUCACAO;42;AUXILIOS;1;AUXILIOS;23;FUNDO DE MANUTENCAO E DESENVOLVIMENTO DA EDUCACAO BASICA - FUNDEB;817000,0;817000,0;817000,0
9318557;491;2022-02-03 00:00:00;PM DIVISA ALEGRE;01.613.073/0001-11;1261;SEE;SECRETARIA DE ESTADO DE EDUCACAO;42;AUXILIOS;1;AUXILIOS;23;FUNDO DE MANUTENCAO E DESENVOLVIMENTO DA EDUCACAO BASICA - FUNDEB;1182166,66;1182166,66;1182166,66
9318558;454;2022-02-03 00:00:00;PM CARMO DO PARANAIBA;18.602.029/0001-09;1261;SEE;SECRETARIA DE ESTADO DE EDUCACAO;42;AUXILIOS;1;AUXILIOS;23;FUNDO DE MANUTENCAO E DESENVOLVIMENTO DA EDUCACAO BASICA - FUNDEB;889300,0;889300,0;889300,0
9318589;45;2022-06-21 00:00:00;ASSOCIACAO BATISTA DE ASSISTENCIA SOCIAL;17.177.874/0001-11;1481;SEDESE;SECRETARIA DE ESTADO DE DESENVOLVIMENTO SOCIAL;43;SUBVENCOES SOCIAIS;1;SUBVENCOES SOCIAIS;10;RECURSOS ORDINARIOS;156960,36;156960,36;156960,36
9318616;38;2022-06-21 00:00:00;ASSOCIACAO TEMPLO DE ISRAEL;11.423.964/0001-69;1481;SEDESE;SECRETARIA DE ESTADO DE DESENVOLVIMENTO SOCIAL;43;SUBVENCOES SOCIAIS;1;SUBVENCOES SOCIAIS;10;RECURSOS ORDINARIOS;173520,72;173520,72;173520,72
9318638;40;2022-06-21 00:00:00;ASSOCIACAO ESPORTIVA FUTEBOL E VIDA;20.628.142/0001-05;1481;SEDESE;SECRETARIA DE ESTADO DE DESENVOLVIMENTO SOCIAL;43;SUBVENCOES SOCIAIS;1;SUBVENCOES SOCIAIS;10;RECURSOS ORDINARIOS;149913,16;149913,16;149913,16
9318643;56;2022-06-28 00:00:00;COMUNIDADE NOVA JERUSALEM;70.934.914/0001-05;1481;SEDESE;SECRETARIA DE ESTADO DE DESENVOLVIMENTO SOCIAL;43;SUBVENCOES SOCIAIS;1;SUBVENCOES SOCIAIS;10;RECURSOS ORDINARIOS;173908,0;173908,0;173908,0
9318645;29;2022-06-20 00:00:00;PROJETO EBENEZER;22.997.041/0001-37;1481;SEDESE;SECRETARIA DE ESTADO DE DESENVOLVIMENTO SOCIAL;43;SUBVENCOES SOCIAIS;1;SUBVENCOES SOCIAIS;10;RECURSOS ORDINARIOS;173015,04;173015,04;173015,04
9318649;46;2022-06-21 00:00:00;ACAO SOCIAL CENTRO DE REINTEGRACAO A SOCIEDADE MAIS QUE VENCEDORES;16.801.598/0002-39;1481;SEDESE;SECRETARIA DE ESTADO DE DESENVOLVIMENTO SOCIAL;43;SUBVENCOES SOCIAIS;1;SUBVENCOES SOCIAIS;10;RECURSOS ORDINARIOS;173291,16;173291,16;173291,16
9318686;57;2022-06-28 00:00:00;CENTRO MADRE TEREZA;03.759.408/0001-30;1481;SEDESE;SECRETARIA DE ESTADO DE DESENVOLVIMENTO SOCIAL;43;SUBVENCOES SOCIAIS;1;SUBVENCOES SOCIAIS;10;RECURSOS ORDINARIOS;173908,0;173908,0;86954,0
9318688;39;2022-06-21 00:00:00;ASSOCIACAO JOAO PAULO II;08.027.860/0001-20;1481;SEDESE;SECRETARIA DE ESTADO DE DESENVOLVIMENTO SOCIAL;43;SUBVENCOES SOCIAIS;1;SUBVENCOES SOCIAIS;10;RECURSOS ORDINARIOS;173907,96;173907,96;173907,96
9318691;34;2022-06-20 00:00:00;CENTRO DE RECUPERACAO RESGATANDO VIDAS;03.551.218/0001-22;1481;SEDESE;SECRETARIA DE ESTADO DE DESENVOLVIMENTO SOCIAL;43;SUBVENCOES SOCIAIS;1;SUBVENCOES SOCIAIS;10;RECURSOS ORDINARIOS;173908,0;173908,0;173908,0
9318693;37;2022-06-21 00:00:00;CASA DE RECUPERACAO JUNTOS PODEMOS;10.326.600/0001-06;1481;SEDESE;SECRETARIA DE ESTADO DE DESENVOLVIMENTO SOCIAL;43;SUBVENCOES SOCIAIS;1;SUBVENCOES SOCIAIS;10;RECURSOS ORDINARIOS;173066,64;173066,64;173066,64
9318696;1341;2022-05-24 00:00:00;VILA VICENTINA DE BRAZOPOLIS;18.922.948/0001-60;4251;FEAS;FUNDO ESTADUAL DE ASSISTENCIA SOCIAL;42;AUXILIOS;1;AUXILIOS;71;RECURSOS DO FUNDO ESTADUAL DE ERRADICACAO DA MISERIA;112837,56;112837,56;112837,56
9318697;36;2022-06-21 00:00:00;CEAMI - REABILITACAO PARA A VIDA;03.744.116/0002-04;1481;SEDESE;SECRETARIA DE ESTADO DE DESENVOLVIMENTO SOCIAL;43;SUBVENCOES SOCIAIS;1;SUBVENCOES SOCIAIS;10;RECURSOS ORDINARIOS;173908,0;173908,0;173908,0
9318698;17;2022-01-31 00:00:00;PM FRUTAL;18.449.132/0001-60;1261;SEE;SECRETARIA DE ESTADO DE EDUCACAO;42;AUXILIOS;1;AUXILIOS;23;FUNDO DE MANUTENCAO E DESENVOLVIMENTO DA EDUCACAO BASICA - FUNDEB;473973,73;473973,73;473973,73
9318700;114;2022-02-08 00:00:00;PM RIBEIRAO DAS NEVES;18.314.609/0001-09;1261;SEE;SECRETARIA DE ESTADO DE EDUCACAO;42;AUXILIOS;1;AUXILIOS;10;RECURSOS ORDINARIOS;3614356,44;3614356,44;3614356,44
9318700;115;2022-02-08 00:00:00;PM RIBEIRAO DAS NEVES;18.314.609/0001-09;1261;SEE;SECRETARIA DE ESTADO DE EDUCACAO;42;AUXILIOS;1;AUXILIOS;23;FUNDO DE MANUTENCAO E DESENVOLVIMENTO DA EDUCACAO BASICA - FUNDEB;6786045,24;6786045,24;6786045,24
9318703;3;2022-01-27 00:00:00;PM RIBEIRAO DAS NEVES;18.314.609/0001-09;1261;SEE;SECRETARIA DE ESTADO DE EDUCACAO;42;AUXILIOS;1;AUXILIOS;23;FUNDO DE MANUTENCAO E DESENVOLVIMENTO DA EDUCACAO BASICA - FUNDEB;3473382,93;3473382,93;3473382,93
9318704;2;2022-01-27 00:00:00;PM RIBEIRAO DAS NEVES;18.314.609/0001-09;1261;SEE;SECRETARIA DE ESTADO DE EDUCACAO;42;AUXILIOS;1;AUXILIOS;23;FUNDO DE MANUTENCAO E DESENVOLVIMENTO DA EDUCACAO BASICA - FUNDEB;6441202,63;6441202,63;6441202,63
9318705;51;2022-06-28 00:00:00;ASS NUCLEO DE APOIO TOXICOM E ALCOOL FAZ AGUA VIVA-;22.706.287/0001-02;1481;SEDESE;SECRETARIA DE ESTADO DE DESENVOLVIMENTO SOCIAL;43;SUBVENCOES SOCIAIS;1;SUBVENCOES SOCIAIS;10;RECURSOS ORDINARIOS;168863,04;168863,04;168863,04
9318706;54;2022-06-28 00:00:00;ASSOCIACAO WILSON DE SOUZA LOPES;73.869.877/0001-97;1481;SEDESE;SECRETARIA DE ESTADO DE DESENVOLVIMENTO SOCIAL;43;SUBVENCOES SOCIAIS;1;SUBVENCOES SOCIAIS;10;RECURSOS ORDINARIOS;173908,0;173908,0;173908,0
9318708;1;2022-01-27 00:00:00;PM RIBEIRAO DAS NEVES;18.314.609/0001-09;1261;SEE;SECRETARIA DE ESTADO DE EDUCACAO;42;AUXILIOS;1;AUXILIOS;23;FUNDO DE MANUTENCAO E DESENVOLVIMENTO DA EDUCACAO BASICA - FUNDEB;5372852,88;5372852,88;5372852,88
9318722;41;2022-06-21 00:00:00;ASSOCIACAO FAZENDA RENASCER;17.515.115/0001-11;1481;SEDESE;SECRETARIA DE ESTADO DE DESENVOLVIMENTO SOCIAL;43;SUBVENCOES SOCIAIS;1;SUBVENCOES SOCIAIS;10;RECURSOS ORDINARIOS;173907,96;173907,96;173907,96
9318855;1339;2022-05-24 00:00:00;ASSOCIACAO ASSISTENCIAL PROMOCIONAL E EDUCACIONAL RESSURREICAO;47.073.911/0027-41;4251;FEAS;FUNDO ESTADUAL DE ASSISTENCIA SOCIAL;43;SUBVENCOES SOCIAIS;1;SUBVENCOES SOCIAIS;71;RECURSOS DO FUNDO ESTADUAL DE ERRADICACAO DA MISERIA;30094,0;30094,0;30094,0
9318855;1340;2022-05-24 00:00:00;ASSOCIACAO ASSISTENCIAL PROMOCIONAL E EDUCACIONAL RESSURREICAO;47.073.911/0027-41;4251;FEAS;FUNDO ESTADUAL DE ASSISTENCIA SOCIAL;42;AUXILIOS;1;AUXILIOS;71;RECURSOS DO FUNDO ESTADUAL DE ERRADICACAO DA MISERIA;82898,0;82898,0;82898,0
9318860;30;2022-06-20 00:00:00;GRUPO EDUCACAO, ETICA E CIDADANIA;05.543.739/0001-63;1481;SEDESE;SECRETARIA DE ESTADO DE DESENVOLVIMENTO SOCIAL;43;SUBVENCOES SOCIAIS;1;SUBVENCOES SOCIAIS;10;RECURSOS ORDINARIOS;157000,0;157000,0;157000,0
9318885;43;2022-06-21 00:00:00;ASSOCIACAO COMUNIDADE NOVA CRIATURA;11.088.620/0001-40;1481;SEDESE;SECRETARIA DE ESTADO DE DESENVOLVIMENTO SOCIAL;43;SUBVENCOES SOCIAIS;1;SUBVENCOES SOCIAIS;10;RECURSOS ORDINARIOS;173908,0;173908,0;173908,0
9318888;44;2022-06-21 00:00:00;CENTRO DE RESTAURACAO VIDA NOVA;09.219.152/0001-54;1481;SEDESE;SECRETARIA DE ESTADO DE DESENVOLVIMENTO SOCIAL;43;SUBVENCOES SOCIAIS;1;SUBVENCOES SOCIAIS;10;RECURSOS ORDINARIOS;173783,52;173783,52;173783,52
9318896;6;2022-01-28 00:00:00;PM OURO VERDE DE MINAS;18.404.947/0001-23;1261;SEE;SECRETARIA DE ESTADO DE EDUCACAO;42;AUXILIOS;1;AUXILIOS;23;FUNDO DE MANUTENCAO E DESENVOLVIMENTO DA EDUCACAO BASICA - FUNDEB;1908559,07;1908559,07;1908559,07
9318897;9;2022-01-26 00:00:00;PM COQUEIRAL;18.239.624/0001-21;1261;SEE;SECRETARIA DE ESTADO DE EDUCACAO;42;AUXILIOS;1;AUXILIOS;23;FUNDO DE MANUTENCAO E DESENVOLVIMENTO DA EDUCACAO BASICA - FUNDEB;107168,96;107168,96;107168,96
9318898;15;2022-01-26 00:00:00;PM BONITO DE MINAS;01.612.493/0001-83;1261;SEE;SECRETARIA DE ESTADO DE EDUCACAO;41;CONTRIBUICOES;1;CONTRIBUICOES;23;FUNDO DE MANUTENCAO E DESENVOLVIMENTO DA EDUCACAO BASICA - FUNDEB;288545,86;288545,86;288545,86
9318899;16;2022-01-27 00:00:00;PM FRANCISCO BADARO;18.051.524/0001-77;1261;SEE;SECRETARIA DE ESTADO DE EDUCACAO;41;CONTRIBUICOES;1;CONTRIBUICOES;23;FUNDO DE MANUTENCAO E DESENVOLVIMENTO DA EDUCACAO BASICA - FUNDEB;86470,89;86470,89;86470,89
9318900;17;2022-01-27 00:00:00;PM OLIVEIRA;16.854.531/0001-81;1261;SEE;SECRETARIA DE ESTADO DE EDUCACAO;41;CONTRIBUICOES;1;CONTRIBUICOES;23;FUNDO DE MANUTENCAO E DESENVOLVIMENTO DA EDUCACAO BASICA - FUNDEB;321048,4;321048,4;321048,4
9318901;18;2022-01-27 00:00:00;PM ITAJUBA;18.025.940/0001-09;1261;SEE;SECRETARIA DE ESTADO DE EDUCACAO;41;CONTRIBUICOES;1;CONTRIBUICOES;23;FUNDO DE MANUTENCAO E DESENVOLVIMENTO DA EDUCACAO BASICA - FUNDEB;249321,18;249321,18;249321,18
9318902;19;2022-01-27 00:00:00;PM URUCUIA;25.223.850/0001-80;1261;SEE;SECRETARIA DE ESTADO DE EDUCACAO;41;CONTRIBUICOES;1;CONTRIBUICOES;23;FUNDO DE MANUTENCAO E DESENVOLVIMENTO DA EDUCACAO BASICA - FUNDEB;582056,32;582056,32;582056,32
9318903;20;2022-01-27 00:00:00;PM ANDRELANDIA;18.682.930/0001-38;1261;SEE;SECRETARIA DE ESTADO DE EDUCACAO;41;CONTRIBUICOES;1;CONTRIBUICOES;23;FUNDO DE MANUTENCAO E DESENVOLVIMENTO DA EDUCACAO BASICA - FUNDEB;410902,92;410902,92;410902,92
9318904;2;2022-01-26 00:00:00;PM ARINOS;18.125.120/0001-80;1261;SEE;SECRETARIA DE ESTADO DE EDUCACAO;42;AUXILIOS;1;AUXILIOS;23;FUNDO DE MANUTENCAO E DESENVOLVIMENTO DA EDUCACAO BASICA - FUNDEB;1756898,87;1756898,87;1756898,87
9318927;12;2022-01-27 00:00:00;PM SANTA BARBARA DO LESTE;66.229.634/0001-29;1261;SEE;SECRETARIA DE ESTADO DE EDUCACAO;42;AUXILIOS;1;AUXILIOS;23;FUNDO DE MANUTENCAO E DESENVOLVIMENTO DA EDUCACAO BASICA - FUNDEB;1095319,18;1095319,18;1095319,18
9318932;9;2022-01-27 00:00:00;PM GUAXUPE;18.663.401/0001-97;1261;SEE;SECRETARIA DE ESTADO DE EDUCACAO;42;AUXILIOS;1;AUXILIOS;10;RECURSOS ORDINARIOS;1370000,0;1370000,0;1370000,0
9318933;42;2022-02-07 00:00:00;PM SANTA BARBARA DO LESTE;66.229.634/0001-29;1261;SEE;SECRETARIA DE ESTADO DE EDUCACAO;42;AUXILIOS;1;AUXILIOS;23;FUNDO DE MANUTENCAO E DESENVOLVIMENTO DA EDUCACAO BASICA - FUNDEB;440000,0;440000,0;440000,0
9318941;553;2022-02-04 00:00:00;PM SETE LAGOAS;24.996.969/0001-22;1261;SEE;SECRETARIA DE ESTADO DE EDUCACAO;42;AUXILIOS;1;AUXILIOS;23;FUNDO DE MANUTENCAO E DESENVOLVIMENTO DA EDUCACAO BASICA - FUNDEB;1106412,28;1106412,28;1106412,28
9318942;552;2022-02-04 00:00:00;PM CAPELINHA;19.229.921/0001-59;1261;SEE;SECRETARIA DE ESTADO DE EDUCACAO;42;AUXILIOS;1;AUXILIOS;23;FUNDO DE MANUTENCAO E DESENVOLVIMENTO DA EDUCACAO BASICA - FUNDEB;135000,0;135000,0;135000,0
9318944;455;2022-02-03 00:00:00;PM JOAO PINHEIRO;16.930.299/0001-13;1261;SEE;SECRETARIA DE ESTADO DE EDUCACAO;42;AUXILIOS;1;AUXILIOS;23;FUNDO DE MANUTENCAO E DESENVOLVIMENTO DA EDUCACAO BASICA - FUNDEB;300000,0;300000,0;300000,0
9318945;538;2022-02-04 00:00:00;PM JURUAIA;18.668.368/0001-98;1261;SEE;SECRETARIA DE ESTADO DE EDUCACAO;42;AUXILIOS;1;AUXILIOS;10;RECURSOS ORDINARIOS;300000,0;300000,0;300000,0
9318946;457;2022-02-03 00:00:00;PM LAGOA DOS PATOS;16.901.381/0001-10;1261;SEE;SECRETARIA DE ESTADO DE EDUCACAO;42;AUXILIOS;1;AUXILIOS;23;FUNDO DE MANUTENCAO E DESENVOLVIMENTO DA EDUCACAO BASICA - FUNDEB;337800,0;337800,0;337800,0
9318947;459;2022-02-03 00:00:00;PM IPABA;66.229.543/0001-93;1261;SEE;SECRETARIA DE ESTADO DE EDUCACAO;42;AUXILIOS;1;AUXILIOS;23;FUNDO DE MANUTENCAO E DESENVOLVIMENTO DA EDUCACAO BASICA - FUNDEB;473068,23;473068,23;473068,23
9318948;460;2022-02-03 00:00:00;PM RIO NOVO;18.338.244/0001-44;1261;SEE;SECRETARIA DE ESTADO DE EDUCACAO;42;AUXILIOS;1;AUXILIOS;23;FUNDO DE MANUTENCAO E DESENVOLVIMENTO DA EDUCACAO BASICA - FUNDEB;572825,09;572825,09;572825,09
9318949;462;2022-02-03 00:00:00;PM UNAI;18.125.161/0001-77;1261;SEE;SECRETARIA DE ESTADO DE EDUCACAO;42;AUXILIOS;1;AUXILIOS;23;FUNDO DE MANUTENCAO E DESENVOLVIMENTO DA EDUCACAO BASICA - FUNDEB;265000,0;265000,0;265000,0
9318950;469;2022-02-03 00:00:00;PM BIQUINHAS;18.296.640/0001-56;1261;SEE;SECRETARIA DE ESTADO DE EDUCACAO;42;AUXILIOS;1;AUXILIOS;23;FUNDO DE MANUTENCAO E DESENVOLVIMENTO DA EDUCACAO BASICA - FUNDEB;337800,0;337800,0;337800,0
9318951;470;2022-02-03 00:00:00;PM MARIANA;18.295.303/0001-44;1261;SEE;SECRETARIA DE ESTADO DE EDUCACAO;42;AUXILIOS;1;AUXILIOS;23;FUNDO DE MANUTENCAO E DESENVOLVIMENTO DA EDUCACAO BASICA - FUNDEB;244369,16;244369,16;244369,16
9318952;471;2022-02-03 00:00:00;PM PATIS;01.612.478/0001-35;1261;SEE;SECRETARIA DE ESTADO DE EDUCACAO;42;AUXILIOS;1;AUXILIOS;23;FUNDO DE MANUTENCAO E DESENVOLVIMENTO DA EDUCACAO BASICA - FUNDEB;359300,0;359300,0;359300,0
9318953;1657;2022-02-14 00:00:00;PM PATROCINIO;18.468.033/0001-26;1261;SEE;SECRETARIA DE ESTADO DE EDUCACAO;42;AUXILIOS;1;AUXILIOS;23;FUNDO DE MANUTENCAO E DESENVOLVIMENTO DA EDUCACAO BASICA - FUNDEB;265000,0;265000,0;265000,0
9318954;472;2022-02-03 00:00:00;PM ESTIVA;18.675.918/0001-04;1261;SEE;SECRETARIA DE ESTADO DE EDUCACAO;42;AUXILIOS;1;AUXILIOS;23;FUNDO DE MANUTENCAO E DESENVOLVIMENTO DA EDUCACAO BASICA - FUNDEB;718600,0;718600,0;718600,0
9318955;473;2022-02-03 00:00:00;PM TOLEDO;18.677.617/0001-01;1261;SEE;SECRETARIA DE ESTADO DE EDUCACAO;42;AUXILIOS;1;AUXILIOS;23;FUNDO DE MANUTENCAO E DESENVOLVIMENTO DA EDUCACAO BASICA - FUNDEB;718599,82;718599,82;718599,82
9318956;475;2022-02-03 00:00:00;PM SANTANA DO DESERTO;18.338.277/0001-94;1261;SEE;SECRETARIA DE ESTADO DE EDUCACAO;42;AUXILIOS;1;AUXILIOS;23;FUNDO DE MANUTENCAO E DESENVOLVIMENTO DA EDUCACAO BASICA - FUNDEB;405000,0;405000,0;405000,0
9318957;477;2022-02-03 00:00:00;PM RESPLENDOR;18.413.161/0001-72;1261;SEE;SECRETARIA DE ESTADO DE EDUCACAO;42;AUXILIOS;1;AUXILIOS;23;FUNDO DE MANUTENCAO E DESENVOLVIMENTO DA EDUCACAO BASICA - FUNDEB;1321400,0;1321400,0;1321400,0
9318958;478;2022-02-03 00:00:00;PM MATEUS LEME;18.715.433/0001-99;1261;SEE;SECRETARIA DE ESTADO DE EDUCACAO;42;AUXILIOS;1;AUXILIOS;23;FUNDO DE MANUTENCAO E DESENVOLVIMENTO DA EDUCACAO BASICA - FUNDEB;889300,0;889300,0;889300,0
9318959;479;2022-02-03 00:00:00;PM MATERLANDIA;18.303.206/0001-56;1261;SEE;SECRETARIA DE ESTADO DE EDUCACAO;42;AUXILIOS;1;AUXILIOS;23;FUNDO DE MANUTENCAO E DESENVOLVIMENTO DA EDUCACAO BASICA - FUNDEB;359300,0;359300,0;359300,0
9318960;482;2022-02-03 00:00:00;PM PAINEIRAS;18.296.673/0001-04;1261;SEE;SECRETARIA DE ESTADO DE EDUCACAO;42;AUXILIOS;1;AUXILIOS;23;FUNDO DE MANUTENCAO E DESENVOLVIMENTO DA EDUCACAO BASICA - FUNDEB;247000,0;247000,0;247000,0
9318961;483;2022-02-03 00:00:00;PM TOMBOS;18.114.223/0001-45;1261;SEE;SECRETARIA DE ESTADO DE EDUCACAO;42;AUXILIOS;1;AUXILIOS;23;FUNDO DE MANUTENCAO E DESENVOLVIMENTO DA EDUCACAO BASICA - FUNDEB;1684300,0;1684300,0;1684300,0
9318962;484;2022-02-03 00:00:00;PM MENDES PIMENTEL;18.505.347/0001-51;1261;SEE;SECRETARIA DE ESTADO DE EDUCACAO;42;AUXILIOS;1;AUXILIOS;23;FUNDO DE MANUTENCAO E DESENVOLVIMENTO DA EDUCACAO BASICA - FUNDEB;259300,0;259300,0;259300,0
9318963;486;2022-02-03 00:00:00;PM NOVA MODICA;18.404.939/0001-87;1261;SEE;SECRETARIA DE ESTADO DE EDUCACAO;42;AUXILIOS;1;AUXILIOS;23;FUNDO DE MANUTENCAO E DESENVOLVIMENTO DA EDUCACAO BASICA - FUNDEB;0,0;0,0;0,0
9318963;488;2022-02-03 00:00:00;PM NOVA MODICA;18.404.939/0001-87;1261;SEE;SECRETARIA DE ESTADO DE EDUCACAO;42;AUXILIOS;1;AUXILIOS;23;FUNDO DE MANUTENCAO E DESENVOLVIMENTO DA EDUCACAO BASICA - FUNDEB;0,0;0,0;0,0
9318963;539;2022-02-04 00:00:00;PM NOVA MODICA;18.404.939/0001-87;1261;SEE;SECRETARIA DE ESTADO DE EDUCACAO;42;AUXILIOS;1;AUXILIOS;23;FUNDO DE MANUTENCAO E DESENVOLVIMENTO DA EDUCACAO BASICA - FUNDEB;461666,67;461666,67;461666,67
9318964;554;2022-02-04 00:00:00;PM RIO ACIMA;18.312.108/0001-85;1261;SEE;SECRETARIA DE ESTADO DE EDUCACAO;42;AUXILIOS;1;AUXILIOS;23;FUNDO DE MANUTENCAO E DESENVOLVIMENTO DA EDUCACAO BASICA - FUNDEB;889300,0;889300,0;889300,0
9318965;502;2022-02-04 00:00:00;PM ITAMBE DO MATO DENTRO;18.299.537/0001-60;1261;SEE;SECRETARIA DE ESTADO DE EDUCACAO;42;AUXILIOS;1;AUXILIOS;23;FUNDO DE MANUTENCAO E DESENVOLVIMENTO DA EDUCACAO BASICA - FUNDEB;1270300,0;1270300,0;1270300,0
9318966;503;2022-02-04 00:00:00;PM DELTA;01.020.881/0001-75;1261;SEE;SECRETARIA DE ESTADO DE EDUCACAO;42;AUXILIOS;1;AUXILIOS;23;FUNDO DE MANUTENCAO E DESENVOLVIMENTO DA EDUCACAO BASICA - FUNDEB;265000,0;265000,0;265000,0
9318967;504;2022-02-04 00:00:00;PM UBAPORANGA;66.229.717/0001-18;1261;SEE;SECRETARIA DE ESTADO DE EDUCACAO;42;AUXILIOS;1;AUXILIOS;23;FUNDO DE MANUTENCAO E DESENVOLVIMENTO DA EDUCACAO BASICA - FUNDEB;215000,0;215000,0;215000,0
9318971;506;2022-02-04 00:00:00;PM RIO DOCE;18.316.265/0001-69;1261;SEE;SECRETARIA DE ESTADO DE EDUCACAO;42;AUXILIOS;1;AUXILIOS;23;FUNDO DE MANUTENCAO E DESENVOLVIMENTO DA EDUCACAO BASICA - FUNDEB;337800,0;337800,0;337800,0
9318972;507;2022-02-04 00:00:00;PM FARIA LEMOS;18.114.280/0001-24;1261;SEE;SECRETARIA DE ESTADO DE EDUCACAO;42;AUXILIOS;1;AUXILIOS;23;FUNDO DE MANUTENCAO E DESENVOLVIMENTO DA EDUCACAO BASICA - FUNDEB;265000,0;265000,0;265000,0
9318973;509;2022-02-04 00:00:00;PM BERILO;17.700.758/0001-35;1261;SEE;SECRETARIA DE ESTADO DE EDUCACAO;42;AUXILIOS;1;AUXILIOS;23;FUNDO DE MANUTENCAO E DESENVOLVIMENTO DA EDUCACAO BASICA - FUNDEB;697100,0;697100,0;697100,0
9318974;510;2022-02-04 00:00:00;PM ITAGUARA;18.313.015/0001-75;1261;SEE;SECRETARIA DE ESTADO DE EDUCACAO;42;AUXILIOS;1;AUXILIOS;23;FUNDO DE MANUTENCAO E DESENVOLVIMENTO DA EDUCACAO BASICA - FUNDEB;258363,0;258363,0;258363,0
9318975;515;2022-02-04 00:00:00;PM GOIABEIRA;01.615.421/0001-90;1261;SEE;SECRETARIA DE ESTADO DE EDUCACAO;42;AUXILIOS;1;AUXILIOS;23;FUNDO DE MANUTENCAO E DESENVOLVIMENTO DA EDUCACAO BASICA - FUNDEB;265000,0;265000,0;265000,0
9318976;516;2022-02-04 00:00:00;PM IBIRACI;17.894.072/0001-22;1261;SEE;SECRETARIA DE ESTADO DE EDUCACAO;42;AUXILIOS;1;AUXILIOS;23;FUNDO DE MANUTENCAO E DESENVOLVIMENTO DA EDUCACAO BASICA - FUNDEB;337800,0;337800,0;337800,0
9318977;518;2022-02-04 00:00:00;PM JEQUERI;18.316.166/0001-87;1261;SEE;SECRETARIA DE ESTADO DE EDUCACAO;42;AUXILIOS;1;AUXILIOS;23;FUNDO DE MANUTENCAO E DESENVOLVIMENTO DA EDUCACAO BASICA - FUNDEB;337800,0;337800,0;337800,0
9318978;520;2022-02-04 00:00:00;PM SAO JOAO DA LAGOA;01.612.494/0001-28;1261;SEE;SECRETARIA DE ESTADO DE EDUCACAO;42;AUXILIOS;1;AUXILIOS;23;FUNDO DE MANUTENCAO E DESENVOLVIMENTO DA EDUCACAO BASICA - FUNDEB;265000,0;265000,0;265000,0
9318979;521;2022-02-04 00:00:00;PM JOAIMA;18.495.812/0001-10;1261;SEE;SECRETARIA DE ESTADO DE EDUCACAO;42;AUXILIOS;1;AUXILIOS;23;FUNDO DE MANUTENCAO E DESENVOLVIMENTO DA EDUCACAO BASICA - FUNDEB;359300,0;359300,0;359300,0
9318980;523;2022-02-04 00:00:00;PM PASSA VINTE;18.338.210/0001-50;1261;SEE;SECRETARIA DE ESTADO DE EDUCACAO;42;AUXILIOS;1;AUXILIOS;23;FUNDO DE MANUTENCAO E DESENVOLVIMENTO DA EDUCACAO BASICA - FUNDEB;265000,0;265000,0;265000,0
9318981;524;2022-02-04 00:00:00;PM FRUTA DE LEITE;01.612.483/0001-48;1261;SEE;SECRETARIA DE ESTADO DE EDUCACAO;42;AUXILIOS;1;AUXILIOS;23;FUNDO DE MANUTENCAO E DESENVOLVIMENTO DA EDUCACAO BASICA - FUNDEB;337800,0;337800,0;337800,0
9318982;525;2022-02-04 00:00:00;PM JOSE GONCALVES DE MINAS;01.613.372/0001-56;1261;SEE;SECRETARIA DE ESTADO DE EDUCACAO;42;AUXILIOS;1;AUXILIOS;23;FUNDO DE MANUTENCAO E DESENVOLVIMENTO DA EDUCACAO BASICA - FUNDEB;337800,0;337800,0;337800,0
9318983;527;2022-02-04 00:00:00;PM DIVINESIA;18.128.280/0001-83;1261;SEE;SECRETARIA DE ESTADO DE EDUCACAO;42;AUXILIOS;1;AUXILIOS;23;FUNDO DE MANUTENCAO E DESENVOLVIMENTO DA EDUCACAO BASICA - FUNDEB;714600,0;714600,0;714600,0
9318984;528;2022-02-04 00:00:00;PM JUATUBA;64.487.614/0001-22;1261;SEE;SECRETARIA DE ESTADO DE EDUCACAO;42;AUXILIOS;1;AUXILIOS;23;FUNDO DE MANUTENCAO E DESENVOLVIMENTO DA EDUCACAO BASICA - FUNDEB;265000,0;265000,0;265000,0
9318985;530;2022-02-04 00:00:00;PM PEQUERI;17.724.360/0001-39;1261;SEE;SECRETARIA DE ESTADO DE EDUCACAO;42;AUXILIOS;1;AUXILIOS;23;FUNDO DE MANUTENCAO E DESENVOLVIMENTO DA EDUCACAO BASICA - FUNDEB;530000,0;530000,0;530000,0
9318986;532;2022-02-04 00:00:00;PM PERIQUITO;01.613.077/0001-08;1261;SEE;SECRETARIA DE ESTADO DE EDUCACAO;42;AUXILIOS;1;AUXILIOS;23;FUNDO DE MANUTENCAO E DESENVOLVIMENTO DA EDUCACAO BASICA - FUNDEB;408333,33;408333,33;408333,33
9318987;533;2022-02-04 00:00:00;PM PIEDADE DOS GERAIS;18.363.960/0001-81;1261;SEE;SECRETARIA DE ESTADO DE EDUCACAO;42;AUXILIOS;1;AUXILIOS;23;FUNDO DE MANUTENCAO E DESENVOLVIMENTO DA EDUCACAO BASICA - FUNDEB;265000,0;265000,0;265000,0
9318988;540;2022-02-04 00:00:00;PM PIRACEMA;17.980.392/0001-03;1261;SEE;SECRETARIA DE ESTADO DE EDUCACAO;42;AUXILIOS;1;AUXILIOS;23;FUNDO DE MANUTENCAO E DESENVOLVIMENTO DA EDUCACAO BASICA - FUNDEB;983600,0;983600,0;983600,0
9318989;542;2022-02-04 00:00:00;PM ITAVERAVA;19.718.386/0001-08;1261;SEE;SECRETARIA DE ESTADO DE EDUCACAO;42;AUXILIOS;1;AUXILIOS;23;FUNDO DE MANUTENCAO E DESENVOLVIMENTO DA EDUCACAO BASICA - FUNDEB;1223400,0;1223400,0;1223400,0
9318990;544;2022-02-04 00:00:00;PM PERDIGAO;18.301.051/0001-19;1261;SEE;SECRETARIA DE ESTADO DE EDUCACAO;42;AUXILIOS;1;AUXILIOS;23;FUNDO DE MANUTENCAO E DESENVOLVIMENTO DA EDUCACAO BASICA - FUNDEB;1082000,0;1082000,0;1082000,0
9318991;546;2022-02-04 00:00:00;PM CARMO DO CAJURU;18.291.377/0001-02;1261;SEE;SECRETARIA DE ESTADO DE EDUCACAO;42;AUXILIOS;1;AUXILIOS;23;FUNDO DE MANUTENCAO E DESENVOLVIMENTO DA EDUCACAO BASICA - FUNDEB;624300,0;624300,0;624300,0
9318992;547;2022-02-04 00:00:00;PM FLORESTAL;18.313.833/0001-78;1261;SEE;SECRETARIA DE ESTADO DE EDUCACAO;42;AUXILIOS;1;AUXILIOS;23;FUNDO DE MANUTENCAO E DESENVOLVIMENTO DA EDUCACAO BASICA - FUNDEB;337800,0;337800,0;337800,0
9318993;548;2022-02-04 00:00:00;PM CANAA;18.132.712/0001-20;1261;SEE;SECRETARIA DE ESTADO DE EDUCACAO;42;AUXILIOS;1;AUXILIOS;23;FUNDO DE MANUTENCAO E DESENVOLVIMENTO DA EDUCACAO BASICA - FUNDEB;817000,0;817000,0;817000,0
9318994;549;2022-02-04 00:00:00;PM SANTA MARIA DO SUACUI;18.409.219/0001-04;1261;SEE;SECRETARIA DE ESTADO DE EDUCACAO;42;AUXILIOS;1;AUXILIOS;23;FUNDO DE MANUTENCAO E DESENVOLVIMENTO DA EDUCACAO BASICA - FUNDEB;817000,0;817000,0;817000,0
9318995;550;2022-02-04 00:00:00;PM CARANAIBA;18.094.789/0001-52;1261;SEE;SECRETARIA DE ESTADO DE EDUCACAO;42;AUXILIOS;1;AUXILIOS;23;FUNDO DE MANUTENCAO E DESENVOLVIMENTO DA EDUCACAO BASICA - FUNDEB;337800,0;337800,0;337800,0
9318996;551;2022-02-04 00:00:00;PM SANTANA DO GARAMBEU;18.338.285/0001-30;1261;SEE;SECRETARIA DE ESTADO DE EDUCACAO;42;AUXILIOS;1;AUXILIOS;23;FUNDO DE MANUTENCAO E DESENVOLVIMENTO DA EDUCACAO BASICA - FUNDEB;479200,0;479200,0;479200,0
9318997;541;2022-02-04 00:00:00;PM PIAU;18.338.236/0001-06;1261;SEE;SECRETARIA DE ESTADO DE EDUCACAO;42;AUXILIOS;1;AUXILIOS;23;FUNDO DE MANUTENCAO E DESENVOLVIMENTO DA EDUCACAO BASICA - FUNDEB;359300,0;359300,0;359300,0
9318998;537;2022-02-04 00:00:00;PM POUSO ALEGRE;18.675.983/0001-21;1261;SEE;SECRETARIA DE ESTADO DE EDUCACAO;42;AUXILIOS;1;AUXILIOS;23;FUNDO DE MANUTENCAO E DESENVOLVIMENTO DA EDUCACAO BASICA - FUNDEB;2499596,74;2499596,74;2499596,74
9318999;536;2022-02-04 00:00:00;PM MATEUS LEME;18.715.433/0001-99;1261;SEE;SECRETARIA DE ESTADO DE EDUCACAO;42;AUXILIOS;1;AUXILIOS;23;FUNDO DE MANUTENCAO E DESENVOLVIMENTO DA EDUCACAO BASICA - FUNDEB;1133867,74;1133867,74;1133867,74
9319001;535;2022-02-04 00:00:00;PM BRASILANDIA DE MINAS;01.602.009/0001-35;1261;SEE;SECRETARIA DE ESTADO DE EDUCACAO;42;AUXILIOS;1;AUXILIOS;23;FUNDO DE MANUTENCAO E DESENVOLVIMENTO DA EDUCACAO BASICA - FUNDEB;150000,0;150000,0;150000,0
9319002;534;2022-02-04 00:00:00;PM OURO BRANCO;18.295.329/0001-92;1261;SEE;SECRETARIA DE ESTADO DE EDUCACAO;42;AUXILIOS;1;AUXILIOS;23;FUNDO DE MANUTENCAO E DESENVOLVIMENTO DA EDUCACAO BASICA - FUNDEB;350000,0;350000,0;350000,0
9319003;531;2022-02-04 00:00:00;PM BERILO;17.700.758/0001-35;1261;SEE;SECRETARIA DE ESTADO DE EDUCACAO;42;AUXILIOS;1;AUXILIOS;23;FUNDO DE MANUTENCAO E DESENVOLVIMENTO DA EDUCACAO BASICA - FUNDEB;750000,0;750000,0;750000,0
9319004;529;2022-02-04 00:00:00;PM FRANCISCO BADARO;18.051.524/0001-77;1261;SEE;SECRETARIA DE ESTADO DE EDUCACAO;42;AUXILIOS;1;AUXILIOS;23;FUNDO DE MANUTENCAO E DESENVOLVIMENTO DA EDUCACAO BASICA - FUNDEB;200000,0;200000,0;200000,0
9319006;526;2022-02-04 00:00:00;PM ANTONIO DIAS;16.796.575/0001-00;1261;SEE;SECRETARIA DE ESTADO DE EDUCACAO;42;AUXILIOS;1;AUXILIOS;23;FUNDO DE MANUTENCAO E DESENVOLVIMENTO DA EDUCACAO BASICA - FUNDEB;475600,0;475600,0;475600,0
9319007;543;2022-02-04 00:00:00;PM VIRGINIA;25.970.260/0001-10;1261;SEE;SECRETARIA DE ESTADO DE EDUCACAO;42;AUXILIOS;1;AUXILIOS;23;FUNDO DE MANUTENCAO E DESENVOLVIMENTO DA EDUCACAO BASICA - FUNDEB;528000,0;528000,0;528000,0
9319008;522;2022-02-04 00:00:00;PM VAZANTE;18.278.069/0001-47;1261;SEE;SECRETARIA DE ESTADO DE EDUCACAO;42;AUXILIOS;1;AUXILIOS;23;FUNDO DE MANUTENCAO E DESENVOLVIMENTO DA EDUCACAO BASICA - FUNDEB;962100,0;962100,0;962100,0
9319009;519;2022-02-04 00:00:00;PM VARJAO DE MINAS;01.609.780/0001-34;1261;SEE;SECRETARIA DE ESTADO DE EDUCACAO;42;AUXILIOS;1;AUXILIOS;23;FUNDO DE MANUTENCAO E DESENVOLVIMENTO DA EDUCACAO BASICA - FUNDEB;838500,0;838500,0;838500,0
9319010;517;2022-02-04 00:00:00;PM VERISSIMO;18.428.946/0001-19;1261;SEE;SECRETARIA DE ESTADO DE EDUCACAO;42;AUXILIOS;1;AUXILIOS;23;FUNDO DE MANUTENCAO E DESENVOLVIMENTO DA EDUCACAO BASICA - FUNDEB;624300,0;624300,0;624300,0
9319011;514;2022-02-04 00:00:00;PM AIMORES;18.348.094/0001-50;1261;SEE;SECRETARIA DE ESTADO DE EDUCACAO;42;AUXILIOS;1;AUXILIOS;23;FUNDO DE MANUTENCAO E DESENVOLVIMENTO DA EDUCACAO BASICA - FUNDEB;100000,0;100000,0;100000,0
9319012;513;2022-02-04 00:00:00;PM DORES DO INDAIA;18.301.010/0001-22;1261;SEE;SECRETARIA DE ESTADO DE EDUCACAO;42;AUXILIOS;1;AUXILIOS;23;FUNDO DE MANUTENCAO E DESENVOLVIMENTO DA EDUCACAO BASICA - FUNDEB;564033,58;564033,58;564033,58
9319013;789;2022-02-09 00:00:00;PM CAMBUI;18.675.975/0001-85;1261;SEE;SECRETARIA DE ESTADO DE EDUCACAO;42;AUXILIOS;1;AUXILIOS;23;FUNDO DE MANUTENCAO E DESENVOLVIMENTO DA EDUCACAO BASICA - FUNDEB;100000,0;100000,0;100000,0
9319015;512;2022-02-04 00:00:00;PM SAO JOSE DA BARRA;01.616.458/0001-32;1261;SEE;SECRETARIA DE ESTADO DE EDUCACAO;42;AUXILIOS;1;AUXILIOS;23;FUNDO DE MANUTENCAO E DESENVOLVIMENTO DA EDUCACAO BASICA - FUNDEB;265000,0;265000,0;265000,0
9319016;511;2022-02-04 00:00:00;PM URUCANIA;18.316.281/0001-51;1261;SEE;SECRETARIA DE ESTADO DE EDUCACAO;42;AUXILIOS;1;AUXILIOS;23;FUNDO DE MANUTENCAO E DESENVOLVIMENTO DA EDUCACAO BASICA - FUNDEB;265000,0;265000,0;265000,0
9319018;508;2022-02-04 00:00:00;PM DIAMANTINA;17.754.136/0001-90;1261;SEE;SECRETARIA DE ESTADO DE EDUCACAO;42;AUXILIOS;1;AUXILIOS;23;FUNDO DE MANUTENCAO E DESENVOLVIMENTO DA EDUCACAO BASICA - FUNDEB;265000,0;265000,0;265000,0
9319019;505;2022-02-04 00:00:00;PM ROSARIO DA LIMEIRA;01.616.837/0001-22;1261;SEE;SECRETARIA DE ESTADO DE EDUCACAO;42;AUXILIOS;1;AUXILIOS;23;FUNDO DE MANUTENCAO E DESENVOLVIMENTO DA EDUCACAO BASICA - FUNDEB;602800,0;602800,0;602800,0
9319020;545;2022-02-04 00:00:00;PM GONZAGA;18.307.421/0001-25;1261;SEE;SECRETARIA DE ESTADO DE EDUCACAO;42;AUXILIOS;1;AUXILIOS;23;FUNDO DE MANUTENCAO E DESENVOLVIMENTO DA EDUCACAO BASICA - FUNDEB;838500,0;838500,0;838500,0
9319021;501;2022-02-04 00:00:00;PM GURINHATA;18.457.192/0001-25;1261;SEE;SECRETARIA DE ESTADO DE EDUCACAO;42;AUXILIOS;1;AUXILIOS;23;FUNDO DE MANUTENCAO E DESENVOLVIMENTO DA EDUCACAO BASICA - FUNDEB;1347000,0;1347000,0;1347000,0
9319022;500;2022-02-04 00:00:00;PM GUAXUPE;18.663.401/0001-97;1261;SEE;SECRETARIA DE ESTADO DE EDUCACAO;42;AUXILIOS;1;AUXILIOS;23;FUNDO DE MANUTENCAO E DESENVOLVIMENTO DA EDUCACAO BASICA - FUNDEB;962100,0;962100,0;962100,0
9319023;499;2022-02-04 00:00:00;PM SAO JOAO DA MATA;17.935.206/0001-06;1261;SEE;SECRETARIA DE ESTADO DE EDUCACAO;42;AUXILIOS;1;AUXILIOS;23;FUNDO DE MANUTENCAO E DESENVOLVIMENTO DA EDUCACAO BASICA - FUNDEB;530000,0;530000,0;530000,0
9319024;498;2022-02-04 00:00:00;PM JOSE RAYDAN;01.613.072/0001-77;1261;SEE;SECRETARIA DE ESTADO DE EDUCACAO;42;AUXILIOS;1;AUXILIOS;23;FUNDO DE MANUTENCAO E DESENVOLVIMENTO DA EDUCACAO BASICA - FUNDEB;697100,0;697100,0;697100,0
9319025;497;2022-02-04 00:00:00;PM ITAPAGIPE;21.226.840/0001-47;1261;SEE;SECRETARIA DE ESTADO DE EDUCACAO;42;AUXILIOS;1;AUXILIOS;23;FUNDO DE MANUTENCAO E DESENVOLVIMENTO DA EDUCACAO BASICA - FUNDEB;1492100,0;1492100,0;1492100,0
9319026;496;2022-02-04 00:00:00;PM PERDIZES;18.140.772/0001-94;1261;SEE;SECRETARIA DE ESTADO DE EDUCACAO;42;AUXILIOS;1;AUXILIOS;23;FUNDO DE MANUTENCAO E DESENVOLVIMENTO DA EDUCACAO BASICA - FUNDEB;359300,0;359300,0;359300,0
9319027;495;2022-02-03 00:00:00;PM CAPELA NOVA;19.259.951/0001-08;1261;SEE;SECRETARIA DE ESTADO DE EDUCACAO;42;AUXILIOS;1;AUXILIOS;23;FUNDO DE MANUTENCAO E DESENVOLVIMENTO DA EDUCACAO BASICA - FUNDEB;624300,0;624300,0;624300,0
9319028;494;2022-02-03 00:00:00;PM SANTA RITA DO ITUETO;18.413.187/0001-10;1261;SEE;SECRETARIA DE ESTADO DE EDUCACAO;42;AUXILIOS;1;AUXILIOS;23;FUNDO DE MANUTENCAO E DESENVOLVIMENTO DA EDUCACAO BASICA - FUNDEB;350000,0;350000,0;350000,0
9319029;493;2022-02-03 00:00:00;PM ROMARIA;18.160.044/0001-44;1261;SEE;SECRETARIA DE ESTADO DE EDUCACAO;42;AUXILIOS;1;AUXILIOS;23;FUNDO DE MANUTENCAO E DESENVOLVIMENTO DA EDUCACAO BASICA - FUNDEB;359300,0;359300,0;359300,0
9319030;492;2022-02-03 00:00:00;PM ALPERCATA;18.332.627/0001-05;1261;SEE;SECRETARIA DE ESTADO DE EDUCACAO;42;AUXILIOS;1;AUXILIOS;23;FUNDO DE MANUTENCAO E DESENVOLVIMENTO DA EDUCACAO BASICA - FUNDEB;252016,67;252016,67;252016,67
9319031;487;2022-02-03 00:00:00;PM ALAGOA;18.186.346/0001-91;1261;SEE;SECRETARIA DE ESTADO DE EDUCACAO;42;AUXILIOS;1;AUXILIOS;23;FUNDO DE MANUTENCAO E DESENVOLVIMENTO DA EDUCACAO BASICA - FUNDEB;100000,0;100000,0;100000,0
9319032;485;2022-02-03 00:00:00;PM BOCAIUVA;18.803.072/0001-32;1261;SEE;SECRETARIA DE ESTADO DE EDUCACAO;42;AUXILIOS;1;AUXILIOS;23;FUNDO DE MANUTENCAO E DESENVOLVIMENTO DA EDUCACAO BASICA - FUNDEB;100000,0;100000,0;100000,0
9319033;481;2022-02-03 00:00:00;PM BARBACENA;17.095.043/0001-09;1261;SEE;SECRETARIA DE ESTADO DE EDUCACAO;42;AUXILIOS;1;AUXILIOS;23;FUNDO DE MANUTENCAO E DESENVOLVIMENTO DA EDUCACAO BASICA - FUNDEB;600000,0;600000,0;600000,0
9319034;480;2022-02-03 00:00:00;PM PEDRO LEOPOLDO;23.456.650/0001-41;1261;SEE;SECRETARIA DE ESTADO DE EDUCACAO;42;AUXILIOS;1;AUXILIOS;23;FUNDO DE MANUTENCAO E DESENVOLVIMENTO DA EDUCACAO BASICA - FUNDEB;701633,33;701633,33;701633,33
9319035;476;2022-02-03 00:00:00;PM JOAO PINHEIRO;16.930.299/0001-13;1261;SEE;SECRETARIA DE ESTADO DE EDUCACAO;42;AUXILIOS;1;AUXILIOS;23;FUNDO DE MANUTENCAO E DESENVOLVIMENTO DA EDUCACAO BASICA - FUNDEB;566933,87;566933,87;566933,87
9319036;474;2022-02-03 00:00:00;PM MONTE BELO;18.668.376/0001-34;1261;SEE;SECRETARIA DE ESTADO DE EDUCACAO;42;AUXILIOS;1;AUXILIOS;23;FUNDO DE MANUTENCAO E DESENVOLVIMENTO DA EDUCACAO BASICA - FUNDEB;1094876,01;1094876,01;1094876,01
9319037;334;2022-01-31 00:00:00;PM ITUIUTABA;18.457.218/0001-35;1261;SEE;SECRETARIA DE ESTADO DE EDUCACAO;42;AUXILIOS;1;AUXILIOS;23;FUNDO DE MANUTENCAO E DESENVOLVIMENTO DA EDUCACAO BASICA - FUNDEB;2212824,56;2212824,56;2212824,56
9319038;468;2022-02-03 00:00:00;PM ITAMONTE;18.666.750/0001-62;1261;SEE;SECRETARIA DE ESTADO DE EDUCACAO;42;AUXILIOS;1;AUXILIOS;23;FUNDO DE MANUTENCAO E DESENVOLVIMENTO DA EDUCACAO BASICA - FUNDEB;100000,0;100000,0;100000,0
9319039;467;2022-02-03 00:00:00;PM ABADIA DOS DOURADOS;18.593.111/0001-14;1261;SEE;SECRETARIA DE ESTADO DE EDUCACAO;42;AUXILIOS;1;AUXILIOS;23;FUNDO DE MANUTENCAO E DESENVOLVIMENTO DA EDUCACAO BASICA - FUNDEB;100000,0;100000,0;100000,0
9319040;466;2022-02-03 00:00:00;PM BAEPENDI;18.008.862/0001-26;1261;SEE;SECRETARIA DE ESTADO DE EDUCACAO;42;AUXILIOS;1;AUXILIOS;23;FUNDO DE MANUTENCAO E DESENVOLVIMENTO DA EDUCACAO BASICA - FUNDEB;100000,0;100000,0;100000,0
9319042;465;2022-02-03 00:00:00;PM CACHOEIRA DE MINAS;18.675.959/0001-92;1261;SEE;SECRETARIA DE ESTADO DE EDUCACAO;42;AUXILIOS;1;AUXILIOS;23;FUNDO DE MANUTENCAO E DESENVOLVIMENTO DA EDUCACAO BASICA - FUNDEB;100000,0;100000,0;100000,0
9319043;464;2022-02-03 00:00:00;PM CACHOEIRA DE MINAS;18.675.959/0001-92;1261;SEE;SECRETARIA DE ESTADO DE EDUCACAO;42;AUXILIOS;1;AUXILIOS;23;FUNDO DE MANUTENCAO E DESENVOLVIMENTO DA EDUCACAO BASICA - FUNDEB;100000,0;100000,0;100000,0
9319044;463;2022-02-03 00:00:00;PM BIQUINHAS;18.296.640/0001-56;1261;SEE;SECRETARIA DE ESTADO DE EDUCACAO;42;AUXILIOS;1;AUXILIOS;23;FUNDO DE MANUTENCAO E DESENVOLVIMENTO DA EDUCACAO BASICA - FUNDEB;100000,0;100000,0;100000,0
9319045;461;2022-02-03 00:00:00;PM CONTAGEM;18.715.508/0001-31;1261;SEE;SECRETARIA DE ESTADO DE EDUCACAO;42;AUXILIOS;1;AUXILIOS;23;FUNDO DE MANUTENCAO E DESENVOLVIMENTO DA EDUCACAO BASICA - FUNDEB;100000,0;100000,0;100000,0
9319046;458;2022-02-03 00:00:00;PM CONTAGEM;18.715.508/0001-31;1261;SEE;SECRETARIA DE ESTADO DE EDUCACAO;42;AUXILIOS;1;AUXILIOS;23;FUNDO DE MANUTENCAO E DESENVOLVIMENTO DA EDUCACAO BASICA - FUNDEB;100000,0;100000,0;100000,0
9319047;335;2022-02-02 00:00:00;PM ARAPONGA;18.132.167/0001-71;1261;SEE;SECRETARIA DE ESTADO DE EDUCACAO;42;AUXILIOS;1;AUXILIOS;23;FUNDO DE MANUTENCAO E DESENVOLVIMENTO DA EDUCACAO BASICA - FUNDEB;602800,0;602800,0;602800,0
9319048;555;2022-02-04 00:00:00;PM SERRANIA;18.243.261/0001-06;1261;SEE;SECRETARIA DE ESTADO DE EDUCACAO;42;AUXILIOS;1;AUXILIOS;23;FUNDO DE MANUTENCAO E DESENVOLVIMENTO DA EDUCACAO BASICA - FUNDEB;337800,0;337800,0;337800,0
9319049;336;2022-02-02 00:00:00;PM TOCANTINS;18.128.223/0001-02;1261;SEE;SECRETARIA DE ESTADO DE EDUCACAO;42;AUXILIOS;1;AUXILIOS;23;FUNDO DE MANUTENCAO E DESENVOLVIMENTO DA EDUCACAO BASICA - FUNDEB;1321400,0;1321400,0;1321400,0
9319050;456;2022-02-03 00:00:00;PM ITACARAMBI;18.283.101/0001-82;1261;SEE;SECRETARIA DE ESTADO DE EDUCACAO;42;AUXILIOS;1;AUXILIOS;23;FUNDO DE MANUTENCAO E DESENVOLVIMENTO DA EDUCACAO BASICA - FUNDEB;265000,0;265000,0;265000,0
9319051;451;2022-02-03 00:00:00;PM MALACACHETA;18.404.871/0001-36;1261;SEE;SECRETARIA DE ESTADO DE EDUCACAO;42;AUXILIOS;1;AUXILIOS;23;FUNDO DE MANUTENCAO E DESENVOLVIMENTO DA EDUCACAO BASICA - FUNDEB;359300,0;359300,0;359300,0
9319052;448;2022-02-03 00:00:00;PM ITABIRA;18.299.446/0001-24;1261;SEE;SECRETARIA DE ESTADO DE EDUCACAO;42;AUXILIOS;1;AUXILIOS;23;FUNDO DE MANUTENCAO E DESENVOLVIMENTO DA EDUCACAO BASICA - FUNDEB;697100,0;697100,0;697100,0
9319053;446;2022-02-03 00:00:00;PM CAPINOPOLIS;18.457.234/0001-28;1261;SEE;SECRETARIA DE ESTADO DE EDUCACAO;42;AUXILIOS;1;AUXILIOS;23;FUNDO DE MANUTENCAO E DESENVOLVIMENTO DA EDUCACAO BASICA - FUNDEB;265000,0;265000,0;265000,0
9319054;445;2022-02-03 00:00:00;PM BERIZAL;01.614.602/0001-00;1261;SEE;SECRETARIA DE ESTADO DE EDUCACAO;42;AUXILIOS;1;AUXILIOS;23;FUNDO DE MANUTENCAO E DESENVOLVIMENTO DA EDUCACAO BASICA - FUNDEB;100000,0;100000,0;100000,0
9319055;444;2022-02-03 00:00:00;PM DIAMANTINA;17.754.136/0001-90;1261;SEE;SECRETARIA DE ESTADO DE EDUCACAO;42;AUXILIOS;1;AUXILIOS;23;FUNDO DE MANUTENCAO E DESENVOLVIMENTO DA EDUCACAO BASICA - FUNDEB;100000,0;100000,0;100000,0
9319056;443;2022-02-03 00:00:00;PM LUZ;18.301.036/0001-70;1261;SEE;SECRETARIA DE ESTADO DE EDUCACAO;42;AUXILIOS;1;AUXILIOS;23;FUNDO DE MANUTENCAO E DESENVOLVIMENTO DA EDUCACAO BASICA - FUNDEB;100000,0;100000,0;100000,0
9319057;440;2022-02-03 00:00:00;PM CAMBUI;18.675.975/0001-85;1261;SEE;SECRETARIA DE ESTADO DE EDUCACAO;42;AUXILIOS;1;AUXILIOS;23;FUNDO DE MANUTENCAO E DESENVOLVIMENTO DA EDUCACAO BASICA - FUNDEB;100000,0;100000,0;100000,0
9319058;438;2022-02-03 00:00:00;PM MAMONAS;25.212.242/0001-70;1261;SEE;SECRETARIA DE ESTADO DE EDUCACAO;42;AUXILIOS;1;AUXILIOS;23;FUNDO DE MANUTENCAO E DESENVOLVIMENTO DA EDUCACAO BASICA - FUNDEB;100000,0;100000,0;100000,0
9319059;435;2022-02-03 00:00:00;PM CORONEL XAVIER CHAVES;18.557.546/0001-03;1261;SEE;SECRETARIA DE ESTADO DE EDUCACAO;42;AUXILIOS;1;AUXILIOS;23;FUNDO DE MANUTENCAO E DESENVOLVIMENTO DA EDUCACAO BASICA - FUNDEB;100000,0;100000,0;100000,0
9319060;431;2022-02-03 00:00:00;PM ABADIA DOS DOURADOS;18.593.111/0001-14;1261;SEE;SECRETARIA DE ESTADO DE EDUCACAO;42;AUXILIOS;1;AUXILIOS;23;FUNDO DE MANUTENCAO E DESENVOLVIMENTO DA EDUCACAO BASICA - FUNDEB;100000,0;100000,0;100000,0
9319061;428;2022-02-03 00:00:00;PM LAGOA SANTA;73.357.469/0001-56;1261;SEE;SECRETARIA DE ESTADO DE EDUCACAO;42;AUXILIOS;1;AUXILIOS;23;FUNDO DE MANUTENCAO E DESENVOLVIMENTO DA EDUCACAO BASICA - FUNDEB;1106412,28;1106412,28;1106412,28
9319062;426;2022-02-03 00:00:00;PM OURO VERDE DE MINAS;18.404.947/0001-23;1261;SEE;SECRETARIA DE ESTADO DE EDUCACAO;42;AUXILIOS;1;AUXILIOS;23;FUNDO DE MANUTENCAO E DESENVOLVIMENTO DA EDUCACAO BASICA - FUNDEB;572825,09;572825,09;572825,09
9319068;20;2022-02-14 00:00:00;PM SANTA LUZIA;18.715.409/0001-50;1261;SEE;SECRETARIA DE ESTADO DE EDUCACAO;42;AUXILIOS;1;AUXILIOS;10;RECURSOS ORDINARIOS;100000,0;100000,0;100000,0
9319069;19;2022-02-14 00:00:00;PM PATROCINIO;18.468.033/0001-26;1261;SEE;SECRETARIA DE ESTADO DE EDUCACAO;42;AUXILIOS;1;AUXILIOS;10;RECURSOS ORDINARIOS;50000,0;50000,0;50000,0
9319070;425;2022-02-03 00:00:00;PM ANDRADAS;17.884.412/0001-34;1261;SEE;SECRETARIA DE ESTADO DE EDUCACAO;42;AUXILIOS;1;AUXILIOS;23;FUNDO DE MANUTENCAO E DESENVOLVIMENTO DA EDUCACAO BASICA - FUNDEB;100000,0;100000,0;100000,0
9319071;422;2022-02-03 00:00:00;PM BELA VISTA DE MINAS;18.311.043/0001-53;1261;SEE;SECRETARIA DE ESTADO DE EDUCACAO;42;AUXILIOS;1;AUXILIOS;23;FUNDO DE MANUTENCAO E DESENVOLVIMENTO DA EDUCACAO BASICA - FUNDEB;100000,0;100000,0;100000,0
9319072;417;2022-02-03 00:00:00;PM AIMORES;18.348.094/0001-50;1261;SEE;SECRETARIA DE ESTADO DE EDUCACAO;42;AUXILIOS;1;AUXILIOS;23;FUNDO DE MANUTENCAO E DESENVOLVIMENTO DA EDUCACAO BASICA - FUNDEB;100000,0;100000,0;100000,0
9319073;415;2022-02-03 00:00:00;PM ALVORADA DE MINAS;18.303.164/0001-53;1261;SEE;SECRETARIA DE ESTADO DE EDUCACAO;42;AUXILIOS;1;AUXILIOS;23;FUNDO DE MANUTENCAO E DESENVOLVIMENTO DA EDUCACAO BASICA - FUNDEB;100000,0;100000,0;100000,0
9319074;413;2022-02-03 00:00:00;PM VIRGINOPOLIS;18.307.512/0001-60;1261;SEE;SECRETARIA DE ESTADO DE EDUCACAO;42;AUXILIOS;1;AUXILIOS;23;FUNDO DE MANUTENCAO E DESENVOLVIMENTO DA EDUCACAO BASICA - FUNDEB;279200,0;279200,0;279200,0
9319075;383;2022-02-02 00:00:00;PM RIO VERMELHO;18.303.255/0001-99;1261;SEE;SECRETARIA DE ESTADO DE EDUCACAO;42;AUXILIOS;1;AUXILIOS;23;FUNDO DE MANUTENCAO E DESENVOLVIMENTO DA EDUCACAO BASICA - FUNDEB;1034900,0;1034900,0;1034900,0
9319076;411;2022-02-03 00:00:00;PM FRONTEIRA;18.449.140/0001-07;1261;SEE;SECRETARIA DE ESTADO DE EDUCACAO;42;AUXILIOS;1;AUXILIOS;23;FUNDO DE MANUTENCAO E DESENVOLVIMENTO DA EDUCACAO BASICA - FUNDEB;265000,0;265000,0;265000,0
9319077;409;2022-02-03 00:00:00;PM BONFIM;18.363.945/0001-33;1261;SEE;SECRETARIA DE ESTADO DE EDUCACAO;42;AUXILIOS;1;AUXILIOS;23;FUNDO DE MANUTENCAO E DESENVOLVIMENTO DA EDUCACAO BASICA - FUNDEB;100000,0;100000,0;100000,0
9319078;407;2022-02-03 00:00:00;PM CORONEL MURTA;18.348.722/0001-05;1261;SEE;SECRETARIA DE ESTADO DE EDUCACAO;42;AUXILIOS;1;AUXILIOS;23;FUNDO DE MANUTENCAO E DESENVOLVIMENTO DA EDUCACAO BASICA - FUNDEB;100000,0;100000,0;100000,0
9319079;404;2022-02-03 00:00:00;PM CANAPOLIS;18.457.200/0001-33;1261;SEE;SECRETARIA DE ESTADO DE EDUCACAO;42;AUXILIOS;1;AUXILIOS;23;FUNDO DE MANUTENCAO E DESENVOLVIMENTO DA EDUCACAO BASICA - FUNDEB;375900,0;375900,0;375900,0
9319080;379;2022-02-02 00:00:00;PM CORACAO DE JESUS;22.680.672/0001-28;1261;SEE;SECRETARIA DE ESTADO DE EDUCACAO;42;AUXILIOS;1;AUXILIOS;23;FUNDO DE MANUTENCAO E DESENVOLVIMENTO DA EDUCACAO BASICA - FUNDEB;572825,09;572825,09;572825,09
9319081;375;2022-02-02 00:00:00;PM RIACHO DOS MACHADOS;16.925.208/0001-51;1261;SEE;SECRETARIA DE ESTADO DE EDUCACAO;42;AUXILIOS;1;AUXILIOS;23;FUNDO DE MANUTENCAO E DESENVOLVIMENTO DA EDUCACAO BASICA - FUNDEB;1145650,18;1145650,18;1145650,18
9319083;373;2022-02-02 00:00:00;PM BARROSO;18.094.755/0001-68;1261;SEE;SECRETARIA DE ESTADO DE EDUCACAO;42;AUXILIOS;1;AUXILIOS;23;FUNDO DE MANUTENCAO E DESENVOLVIMENTO DA EDUCACAO BASICA - FUNDEB;751638,34;751638,34;751638,34
9319084;370;2022-02-02 00:00:00;PM PIEDADE DE PONTE NOVA;18.316.257/0001-12;1261;SEE;SECRETARIA DE ESTADO DE EDUCACAO;42;AUXILIOS;1;AUXILIOS;23;FUNDO DE MANUTENCAO E DESENVOLVIMENTO DA EDUCACAO BASICA - FUNDEB;317900,0;317900,0;317900,0
9319085;401;2022-02-03 00:00:00;PM ARACUAI;17.963.083/0001-17;1261;SEE;SECRETARIA DE ESTADO DE EDUCACAO;42;AUXILIOS;1;AUXILIOS;23;FUNDO DE MANUTENCAO E DESENVOLVIMENTO DA EDUCACAO BASICA - FUNDEB;150000,0;150000,0;150000,0
9319086;393;2022-02-03 00:00:00;PM VERDELANDIA;01.612.505/0001-70;1261;SEE;SECRETARIA DE ESTADO DE EDUCACAO;42;AUXILIOS;1;AUXILIOS;23;FUNDO DE MANUTENCAO E DESENVOLVIMENTO DA EDUCACAO BASICA - FUNDEB;849333,34;849333,34;849333,34
9319087;392;2022-02-03 00:00:00;PM PATROCINIO DO MURIAE;17.947.607/0001-86;1261;SEE;SECRETARIA DE ESTADO DE EDUCACAO;42;AUXILIOS;1;AUXILIOS;23;FUNDO DE MANUTENCAO E DESENVOLVIMENTO DA EDUCACAO BASICA - FUNDEB;337800,0;337800,0;337800,0
9319088;366;2022-02-02 00:00:00;PM BRUMADINHO;18.363.929/0001-40;1261;SEE;SECRETARIA DE ESTADO DE EDUCACAO;42;AUXILIOS;1;AUXILIOS;23;FUNDO DE MANUTENCAO E DESENVOLVIMENTO DA EDUCACAO BASICA - FUNDEB;247000,0;247000,0;247000,0
9319089;391;2022-02-03 00:00:00;PM CORREGO DANTA;18.298.174/0001-48;1261;SEE;SECRETARIA DE ESTADO DE EDUCACAO;42;AUXILIOS;1;AUXILIOS;23;FUNDO DE MANUTENCAO E DESENVOLVIMENTO DA EDUCACAO BASICA - FUNDEB;100000,0;100000,0;100000,0
9319101;2;2022-01-24 00:00:00;PM COQUEIRAL;18.239.624/0001-21;1261;SEE;SECRETARIA DE ESTADO DE EDUCACAO;42;AUXILIOS;1;AUXILIOS;23;FUNDO DE MANUTENCAO E DESENVOLVIMENTO DA EDUCACAO BASICA - FUNDEB;679046,88;679046,88;679046,88
9319102;7;2022-01-21 00:00:00;PM SAO DOMINGOS DO PRATA;18.401.018/0001-60;1261;SEE;SECRETARIA DE ESTADO DE EDUCACAO;42;AUXILIOS;1;AUXILIOS;23;FUNDO DE MANUTENCAO E DESENVOLVIMENTO DA EDUCACAO BASICA - FUNDEB;400000,0;400000,0;400000,0
9319103;8;2022-01-21 00:00:00;PM SAO DOMINGOS DO PRATA;18.401.018/0001-60;1261;SEE;SECRETARIA DE ESTADO DE EDUCACAO;42;AUXILIOS;1;AUXILIOS;23;FUNDO DE MANUTENCAO E DESENVOLVIMENTO DA EDUCACAO BASICA - FUNDEB;1300000,0;1300000,0;1300000,0
9319104;396;2022-02-03 00:00:00;PM MATUTINA;18.602.102/0001-42;1261;SEE;SECRETARIA DE ESTADO DE EDUCACAO;42;AUXILIOS;1;AUXILIOS;23;FUNDO DE MANUTENCAO E DESENVOLVIMENTO DA EDUCACAO BASICA - FUNDEB;265000,0;265000,0;265000,0
9319105;390;2022-02-02 00:00:00;PM DELTA;01.020.881/0001-75;1261;SEE;SECRETARIA DE ESTADO DE EDUCACAO;42;AUXILIOS;1;AUXILIOS;23;FUNDO DE MANUTENCAO E DESENVOLVIMENTO DA EDUCACAO BASICA - FUNDEB;751638,34;751638,34;751638,34
9319111;6;2022-01-21 00:00:00;PM ITAMBE DO MATO DENTRO;18.299.537/0001-60;1261;SEE;SECRETARIA DE ESTADO DE EDUCACAO;42;AUXILIOS;1;AUXILIOS;23;FUNDO DE MANUTENCAO E DESENVOLVIMENTO DA EDUCACAO BASICA - FUNDEB;1519596,37;1519596,37;1519596,37
9319112;9;2022-01-27 00:00:00;PM LASSANCE;18.279.125/0001-68;1261;SEE;SECRETARIA DE ESTADO DE EDUCACAO;42;AUXILIOS;1;AUXILIOS;23;FUNDO DE MANUTENCAO E DESENVOLVIMENTO DA EDUCACAO BASICA - FUNDEB;518480,6;518480,6;518480,6
9319113;6;2022-01-28 00:00:00;PM PRATA;18.260.505/0001-50;1261;SEE;SECRETARIA DE ESTADO DE EDUCACAO;42;AUXILIOS;1;AUXILIOS;23;FUNDO DE MANUTENCAO E DESENVOLVIMENTO DA EDUCACAO BASICA - FUNDEB;1996792,12;1996792,12;1996792,12
9319114;43;2022-02-08 00:00:00;PM CARATINGA;18.334.268/0001-25;1261;SEE;SECRETARIA DE ESTADO DE EDUCACAO;42;AUXILIOS;1;AUXILIOS;23;FUNDO DE MANUTENCAO E DESENVOLVIMENTO DA EDUCACAO BASICA - FUNDEB;1577567,91;1577567,91;1577567,91
9319115;44;2022-02-08 00:00:00;PM CARATINGA;18.334.268/0001-25;1261;SEE;SECRETARIA DE ESTADO DE EDUCACAO;42;AUXILIOS;1;AUXILIOS;23;FUNDO DE MANUTENCAO E DESENVOLVIMENTO DA EDUCACAO BASICA - FUNDEB;1454307,96;1454307,96;1454307,96
9319116;10;2022-01-27 00:00:00;PM CARATINGA;18.334.268/0001-25;1261;SEE;SECRETARIA DE ESTADO DE EDUCACAO;42;AUXILIOS;1;AUXILIOS;23;FUNDO DE MANUTENCAO E DESENVOLVIMENTO DA EDUCACAO BASICA - FUNDEB;1932965,51;1932965,51;1932965,51
9319117;11;2022-01-27 00:00:00;PM CARATINGA;18.334.268/0001-25;1261;SEE;SECRETARIA DE ESTADO DE EDUCACAO;42;AUXILIOS;1;AUXILIOS;23;FUNDO DE MANUTENCAO E DESENVOLVIMENTO DA EDUCACAO BASICA - FUNDEB;2118409,31;2118409,31;2118409,31
9319118;39;2022-02-07 00:00:00;PM CARATINGA;18.334.268/0001-25;1261;SEE;SECRETARIA DE ESTADO DE EDUCACAO;42;AUXILIOS;1;AUXILIOS;23;FUNDO DE MANUTENCAO E DESENVOLVIMENTO DA EDUCACAO BASICA - FUNDEB;3881957,3;3881957,3;3881957,3
9319119;9;2022-01-27 00:00:00;PM CARATINGA;18.334.268/0001-25;1261;SEE;SECRETARIA DE ESTADO DE EDUCACAO;42;AUXILIOS;1;AUXILIOS;23;FUNDO DE MANUTENCAO E DESENVOLVIMENTO DA EDUCACAO BASICA - FUNDEB;2207918,86;2207918,86;2207918,86
9319120;3;2022-01-24 00:00:00;PM COQUEIRAL;18.239.624/0001-21;1261;SEE;SECRETARIA DE ESTADO DE EDUCACAO;42;AUXILIOS;1;AUXILIOS;23;FUNDO DE MANUTENCAO E DESENVOLVIMENTO DA EDUCACAO BASICA - FUNDEB;307975,53;307975,53;307975,53
9319121;387;2022-02-02 00:00:00;PM CONCEICAO DOS OUROS;18.677.609/0001-65;1261;SEE;SECRETARIA DE ESTADO DE EDUCACAO;42;AUXILIOS;1;AUXILIOS;23;FUNDO DE MANUTENCAO E DESENVOLVIMENTO DA EDUCACAO BASICA - FUNDEB;100000,0;100000,0;100000,0
9319129;362;2022-02-02 00:00:00;PM PEDRA DO ANTA;18.133.439/0001-58;1261;SEE;SECRETARIA DE ESTADO DE EDUCACAO;42;AUXILIOS;1;AUXILIOS;23;FUNDO DE MANUTENCAO E DESENVOLVIMENTO DA EDUCACAO BASICA - FUNDEB;572825,09;572825,09;572825,09
9319130;361;2022-02-02 00:00:00;PM CAETANOPOLIS;23.221.351/0001-28;1261;SEE;SECRETARIA DE ESTADO DE EDUCACAO;42;AUXILIOS;1;AUXILIOS;23;FUNDO DE MANUTENCAO E DESENVOLVIMENTO DA EDUCACAO BASICA - FUNDEB;100000,0;100000,0;100000,0
9319131;360;2022-02-02 00:00:00;PM JAIBA;25.209.149/0001-06;1261;SEE;SECRETARIA DE ESTADO DE EDUCACAO;42;AUXILIOS;1;AUXILIOS;23;FUNDO DE MANUTENCAO E DESENVOLVIMENTO DA EDUCACAO BASICA - FUNDEB;359300,0;359300,0;359300,0
9319132;358;2022-02-02 00:00:00;PM PARAGUACU;18.008.193/0001-92;1261;SEE;SECRETARIA DE ESTADO DE EDUCACAO;42;AUXILIOS;1;AUXILIOS;23;FUNDO DE MANUTENCAO E DESENVOLVIMENTO DA EDUCACAO BASICA - FUNDEB;1094876,01;1094876,01;1094876,01
9319133;7;2022-01-24 00:00:00;PM ITAMARANDIBA;16.886.871/0001-94;1261;SEE;SECRETARIA DE ESTADO DE EDUCACAO;41;CONTRIBUICOES;1;CONTRIBUICOES;23;FUNDO DE MANUTENCAO E DESENVOLVIMENTO DA EDUCACAO BASICA - FUNDEB;388914,71;388914,71;388914,71
9319134;8;2022-01-24 00:00:00;PM PONTE NOVA;23.804.149/0001-29;1261;SEE;SECRETARIA DE ESTADO DE EDUCACAO;41;CONTRIBUICOES;1;CONTRIBUICOES;23;FUNDO DE MANUTENCAO E DESENVOLVIMENTO DA EDUCACAO BASICA - FUNDEB;30202,11;30202,11;30202,11
9319152;9;2022-01-24 00:00:00;PM CAMANDUCAIA;17.935.396/0001-61;1261;SEE;SECRETARIA DE ESTADO DE EDUCACAO;41;CONTRIBUICOES;1;CONTRIBUICOES;23;FUNDO DE MANUTENCAO E DESENVOLVIMENTO DA EDUCACAO BASICA - FUNDEB;83760,98;83760,98;83760,98
9319153;10;2022-01-24 00:00:00;PM RIBEIRAO DAS NEVES;18.314.609/0001-09;1261;SEE;SECRETARIA DE ESTADO DE EDUCACAO;41;CONTRIBUICOES;1;CONTRIBUICOES;23;FUNDO DE MANUTENCAO E DESENVOLVIMENTO DA EDUCACAO BASICA - FUNDEB;600532,25;600532,25;600532,25
9319154;11;2022-01-24 00:00:00;PM RIBEIRAO DAS NEVES;18.314.609/0001-09;1261;SEE;SECRETARIA DE ESTADO DE EDUCACAO;41;CONTRIBUICOES;1;CONTRIBUICOES;23;FUNDO DE MANUTENCAO E DESENVOLVIMENTO DA EDUCACAO BASICA - FUNDEB;771257,82;771257,82;771257,82
9319155;345;2022-02-02 00:00:00;PM CANDEIAS;17.888.090/0001-00;1261;SEE;SECRETARIA DE ESTADO DE EDUCACAO;42;AUXILIOS;1;AUXILIOS;23;FUNDO DE MANUTENCAO E DESENVOLVIMENTO DA EDUCACAO BASICA - FUNDEB;564033,58;564033,58;564033,58
9319156;344;2022-02-02 00:00:00;PM RIO NOVO;18.338.244/0001-44;1261;SEE;SECRETARIA DE ESTADO DE EDUCACAO;42;AUXILIOS;1;AUXILIOS;23;FUNDO DE MANUTENCAO E DESENVOLVIMENTO DA EDUCACAO BASICA - FUNDEB;359300,0;359300,0;359300,0
9319177;2;2022-01-27 00:00:00;PM CAETE;18.302.299/0001-02;1261;SEE;SECRETARIA DE ESTADO DE EDUCACAO;42;AUXILIOS;1;AUXILIOS;23;FUNDO DE MANUTENCAO E DESENVOLVIMENTO DA EDUCACAO BASICA - FUNDEB;235289,45;235289,45;235289,45
9319178;3;2022-01-27 00:00:00;PM CAETE;18.302.299/0001-02;1261;SEE;SECRETARIA DE ESTADO DE EDUCACAO;42;AUXILIOS;1;AUXILIOS;23;FUNDO DE MANUTENCAO E DESENVOLVIMENTO DA EDUCACAO BASICA - FUNDEB;2248028,58;2248028,58;2248028,58
9319197;40;2022-02-07 00:00:00;PM IAPU;18.338.830/0001-99;1261;SEE;SECRETARIA DE ESTADO DE EDUCACAO;42;AUXILIOS;1;AUXILIOS;23;FUNDO DE MANUTENCAO E DESENVOLVIMENTO DA EDUCACAO BASICA - FUNDEB;800000,0;800000,0;800000,0
9319218;1677;2022-02-14 00:00:00;PM VIRGOLANDIA;18.409.185/0001-58;1261;SEE;SECRETARIA DE ESTADO DE EDUCACAO;42;AUXILIOS;1;AUXILIOS;23;FUNDO DE MANUTENCAO E DESENVOLVIMENTO DA EDUCACAO BASICA - FUNDEB;958400,0;958400,0;958400,0
9319219;1659;2022-02-14 00:00:00;PM NANUQUE;18.398.974/0001-30;1261;SEE;SECRETARIA DE ESTADO DE EDUCACAO;42;AUXILIOS;1;AUXILIOS;23;FUNDO DE MANUTENCAO E DESENVOLVIMENTO DA EDUCACAO BASICA - FUNDEB;572825,09;572825,09;572825,09
9319220;1661;2022-02-14 00:00:00;PM SETE LAGOAS;24.996.969/0001-22;1261;SEE;SECRETARIA DE ESTADO DE EDUCACAO;42;AUXILIOS;1;AUXILIOS;23;FUNDO DE MANUTENCAO E DESENVOLVIMENTO DA EDUCACAO BASICA - FUNDEB;572825,09;572825,09;572825,09
9319221;1660;2022-02-14 00:00:00;PM AGUANIL;17.888.108/0001-65;1261;SEE;SECRETARIA DE ESTADO DE EDUCACAO;42;AUXILIOS;1;AUXILIOS;23;FUNDO DE MANUTENCAO E DESENVOLVIMENTO DA EDUCACAO BASICA - FUNDEB;150000,0;150000,0;150000,0
9319222;1662;2022-02-14 00:00:00;PM LONTRA;25.223.009/0001-92;1261;SEE;SECRETARIA DE ESTADO DE EDUCACAO;42;AUXILIOS;1;AUXILIOS;23;FUNDO DE MANUTENCAO E DESENVOLVIMENTO DA EDUCACAO BASICA - FUNDEB;566933,87;566933,87;566933,87
9319223;1681;2022-02-14 00:00:00;PM PRUDENTE DE MORAIS;18.314.625/0001-93;1261;SEE;SECRETARIA DE ESTADO DE EDUCACAO;42;AUXILIOS;1;AUXILIOS;23;FUNDO DE MANUTENCAO E DESENVOLVIMENTO DA EDUCACAO BASICA - FUNDEB;751638,34;751638,34;751638,34
9319305;1685;2022-02-14 00:00:00;PM ALMENARA;18.349.894/0001-95;1261;SEE;SECRETARIA DE ESTADO DE EDUCACAO;42;AUXILIOS;1;AUXILIOS;23;FUNDO DE MANUTENCAO E DESENVOLVIMENTO DA EDUCACAO BASICA - FUNDEB;99809,3;99809,3;99809,3
9319306;1943;2022-02-14 00:00:00;PM CAETE;18.302.299/0001-02;1261;SEE;SECRETARIA DE ESTADO DE EDUCACAO;42;AUXILIOS;1;AUXILIOS;23;FUNDO DE MANUTENCAO E DESENVOLVIMENTO DA EDUCACAO BASICA - FUNDEB;100000,0;100000,0;100000,0
9319307;1670;2022-02-14 00:00:00;PM TABULEIRO;17.744.798/0001-89;1261;SEE;SECRETARIA DE ESTADO DE EDUCACAO;42;AUXILIOS;1;AUXILIOS;23;FUNDO DE MANUTENCAO E DESENVOLVIMENTO DA EDUCACAO BASICA - FUNDEB;755531,42;755531,42;755531,42
9319308;1663;2022-02-14 00:00:00;PM ITAMARANDIBA;16.886.871/0001-94;1261;SEE;SECRETARIA DE ESTADO DE EDUCACAO;42;AUXILIOS;1;AUXILIOS;23;FUNDO DE MANUTENCAO E DESENVOLVIMENTO DA EDUCACAO BASICA - FUNDEB;1145650,18;1145650,18;1145650,18
9319309;1675;2022-02-14 00:00:00;PM ITABIRINHA;17.125.444/0001-56;1261;SEE;SECRETARIA DE ESTADO DE EDUCACAO;42;AUXILIOS;1;AUXILIOS;23;FUNDO DE MANUTENCAO E DESENVOLVIMENTO DA EDUCACAO BASICA - FUNDEB;572825,09;572825,09;572825,09
9319310;1702;2022-02-14 00:00:00;PM CARANAIBA;18.094.789/0001-52;1261;SEE;SECRETARIA DE ESTADO DE EDUCACAO;42;AUXILIOS;1;AUXILIOS;23;FUNDO DE MANUTENCAO E DESENVOLVIMENTO DA EDUCACAO BASICA - FUNDEB;572825,09;572825,09;572825,09
9319311;1706;2022-02-14 00:00:00;PM BARAO DE COCAIS;18.317.685/0001-60;1261;SEE;SECRETARIA DE ESTADO DE EDUCACAO;42;AUXILIOS;1;AUXILIOS;23;FUNDO DE MANUTENCAO E DESENVOLVIMENTO DA EDUCACAO BASICA - FUNDEB;200000,0;200000,0;200000,0
9319312;2314;2022-02-18 00:00:00;PM MATEUS LEME;18.715.433/0001-99;1261;SEE;SECRETARIA DE ESTADO DE EDUCACAO;41;CONTRIBUICOES;1;CONTRIBUICOES;23;FUNDO DE MANUTENCAO E DESENVOLVIMENTO DA EDUCACAO BASICA - FUNDEB;391000,0;391000,0;0,0
9319313;38;2022-02-07 00:00:00;PM CARATINGA;18.334.268/0001-25;1261;SEE;SECRETARIA DE ESTADO DE EDUCACAO;42;AUXILIOS;1;AUXILIOS;23;FUNDO DE MANUTENCAO E DESENVOLVIMENTO DA EDUCACAO BASICA - FUNDEB;3061201,67;3061201,67;3061201,67
9319314;46;2022-02-09 00:00:00;PM CARATINGA;18.334.268/0001-25;1261;SEE;SECRETARIA DE ESTADO DE EDUCACAO;42;AUXILIOS;1;AUXILIOS;23;FUNDO DE MANUTENCAO E DESENVOLVIMENTO DA EDUCACAO BASICA - FUNDEB;924559,41;924559,41;924559,41
9320287;1711;2022-02-14 00:00:00;PM ITAJUBA;18.025.940/0001-09;1261;SEE;SECRETARIA DE ESTADO DE EDUCACAO;42;AUXILIOS;1;AUXILIOS;23;FUNDO DE MANUTENCAO E DESENVOLVIMENTO DA EDUCACAO BASICA - FUNDEB;1077900,0;1077900,0;1077900,0
9320288;1696;2022-02-14 00:00:00;PM MERCES;17.744.442/0001-45;1261;SEE;SECRETARIA DE ESTADO DE EDUCACAO;42;AUXILIOS;1;AUXILIOS;23;FUNDO DE MANUTENCAO E DESENVOLVIMENTO DA EDUCACAO BASICA - FUNDEB;763439,23;763439,23;763439,23
9320289;1715;2022-02-14 00:00:00;PM ITABIRINHA;17.125.444/0001-56;1261;SEE;SECRETARIA DE ESTADO DE EDUCACAO;42;AUXILIOS;1;AUXILIOS;23;FUNDO DE MANUTENCAO E DESENVOLVIMENTO DA EDUCACAO BASICA - FUNDEB;763439,23;763439,23;763439,23
9321154;734;2022-02-25 00:00:00;PM PRESIDENTE OLEGARIO;18.602.060/0001-40;1261;SEE;SECRETARIA DE ESTADO DE EDUCACAO;42;AUXILIOS;1;AUXILIOS;23;FUNDO DE MANUTENCAO E DESENVOLVIMENTO DA EDUCACAO BASICA - FUNDEB;2186573,7;2186573,7;2186573,7
9321155;9;2022-01-31 00:00:00;PM CARLOS CHAGAS;18.477.315/0001-90;1261;SEE;SECRETARIA DE ESTADO DE EDUCACAO;42;AUXILIOS;1;AUXILIOS;23;FUNDO DE MANUTENCAO E DESENVOLVIMENTO DA EDUCACAO BASICA - FUNDEB;219653,92;219653,92;219653,92
9321173;12;2022-02-02 00:00:00;PM PEDRA AZUL;18.414.565/0001-80;1261;SEE;SECRETARIA DE ESTADO DE EDUCACAO;42;AUXILIOS;1;AUXILIOS;23;FUNDO DE MANUTENCAO E DESENVOLVIMENTO DA EDUCACAO BASICA - FUNDEB;885307,56;885307,56;885307,56
9321201;1725;2022-02-14 00:00:00;PM OURO BRANCO;18.295.329/0001-92;1261;SEE;SECRETARIA DE ESTADO DE EDUCACAO;42;AUXILIOS;1;AUXILIOS;23;FUNDO DE MANUTENCAO E DESENVOLVIMENTO DA EDUCACAO BASICA - FUNDEB;265000,0;265000,0;265000,0
9321202;1730;2022-02-14 00:00:00;PM IAPU;18.338.830/0001-99;1261;SEE;SECRETARIA DE ESTADO DE EDUCACAO;42;AUXILIOS;1;AUXILIOS;23;FUNDO DE MANUTENCAO E DESENVOLVIMENTO DA EDUCACAO BASICA - FUNDEB;838500,0;838500,0;838500,0
9321203;11;2022-02-04 00:00:00;PM MATIAS CARDOSO;25.209.115/0001-11;1261;SEE;SECRETARIA DE ESTADO DE EDUCACAO;42;AUXILIOS;1;AUXILIOS;23;FUNDO DE MANUTENCAO E DESENVOLVIMENTO DA EDUCACAO BASICA - FUNDEB;1087905,0;1087905,0;1087905,0
9321214;33;2022-02-14 00:00:00;ASSOC. DE PROT. E ASSIST. AOS CONENADOS DE RIO PIRACICABA;09.420.397/0001-45;1451;SEJUSP;SECRETARIA DE ESTADO DE JUSTICA E SEGURANCA PUBLICA;43;SUBVENCOES SOCIAIS;1;SUBVENCOES SOCIAIS;10;RECURSOS ORDINARIOS;757560,51;757560,51;757560,51
9321214;84;2022-11-04 00:00:00;ASSOC. DE PROT. E ASSIST. AOS CONENADOS DE RIO PIRACICABA;09.420.397/0001-45;1451;SEJUSP;SECRETARIA DE ESTADO DE JUSTICA E SEGURANCA PUBLICA;43;SUBVENCOES SOCIAIS;1;SUBVENCOES SOCIAIS;27;TAXA DE SEGURANCA PUBLICA;268586,85;268586,85;268586,85
9321215;31;2022-02-14 00:00:00;APAC DE POUSO ALEGRE FEMININO;34.843.762/0001-71;1451;SEJUSP;SECRETARIA DE ESTADO DE JUSTICA E SEGURANCA PUBLICA;43;SUBVENCOES SOCIAIS;1;SUBVENCOES SOCIAIS;10;RECURSOS ORDINARIOS;618902,08;618902,08;618902,08
9321215;71;2022-10-18 00:00:00;APAC DE POUSO ALEGRE FEMININO;34.843.762/0001-71;1451;SEJUSP;SECRETARIA DE ESTADO DE JUSTICA E SEGURANCA PUBLICA;43;SUBVENCOES SOCIAIS;1;SUBVENCOES SOCIAIS;27;TAXA DE SEGURANCA PUBLICA;310512,52;310512,52;310512,52
9321217;11;2022-02-14 00:00:00;ASSOCIACAO DE PROTECAO E ASSISTENCIA AOS CONDENADOS - FRUTAL/MG;07.409.988/0001-96;1451;SEJUSP;SECRETARIA DE ESTADO DE JUSTICA E SEGURANCA PUBLICA;43;SUBVENCOES SOCIAIS;1;SUBVENCOES SOCIAIS;10;RECURSOS ORDINARIOS;3473301,98;3473301,98;3473301,98
9321218;39;2022-02-14 00:00:00;ASSOC. DE PROT. E ASSIST. AOS CONENADOS DE S. J. DEL REI MASC.;07.899.489/0001-24;1451;SEJUSP;SECRETARIA DE ESTADO DE JUSTICA E SEGURANCA PUBLICA;43;SUBVENCOES SOCIAIS;1;SUBVENCOES SOCIAIS;10;RECURSOS ORDINARIOS;3115112,81;3115112,81;3115112,81
9321218;89;2022-11-04 00:00:00;ASSOC. DE PROT. E ASSIST. AOS CONENADOS DE S. J. DEL REI MASC.;07.899.489/0001-24;1451;SEJUSP;SECRETARIA DE ESTADO DE JUSTICA E SEGURANCA PUBLICA;43;SUBVENCOES SOCIAIS;1;SUBVENCOES SOCIAIS;27;TAXA DE SEGURANCA PUBLICA;1045382,76;1045382,76;1045382,76
9321219;40;2022-02-14 00:00:00;APAC SETE LAGOAS;04.698.279/0001-80;1451;SEJUSP;SECRETARIA DE ESTADO DE JUSTICA E SEGURANCA PUBLICA;43;SUBVENCOES SOCIAIS;1;SUBVENCOES SOCIAIS;10;RECURSOS ORDINARIOS;1141553,83;1141553,83;1141553,83
9321219;90;2022-11-04 00:00:00;APAC SETE LAGOAS;04.698.279/0001-80;1451;SEJUSP;SECRETARIA DE ESTADO DE JUSTICA E SEGURANCA PUBLICA;43;SUBVENCOES SOCIAIS;1;SUBVENCOES SOCIAIS;27;TAXA DE SEGURANCA PUBLICA;394481,4;394481,4;394481,4
9321220;13;2022-02-14 00:00:00;ASSOC. DE PROT. E ASSIST. AO CONDENADO DE INHAPIM;06.931.578/0001-48;1451;SEJUSP;SECRETARIA DE ESTADO DE JUSTICA E SEGURANCA PUBLICA;43;SUBVENCOES SOCIAIS;1;SUBVENCOES SOCIAIS;10;RECURSOS ORDINARIOS;999768,3;999768,3;999768,3
9321220;62;2022-10-18 00:00:00;ASSOC. DE PROT. E ASSIST. AO CONDENADO DE INHAPIM;06.931.578/0001-48;1451;SEJUSP;SECRETARIA DE ESTADO DE JUSTICA E SEGURANCA PUBLICA;43;SUBVENCOES SOCIAIS;1;SUBVENCOES SOCIAIS;27;TAXA DE SEGURANCA PUBLICA;519188,12;519188,12;519188,12
9321221;30;2022-02-14 00:00:00;ASSOC. DE PROT. E ASSIST. AO CONDENADO DE PIRAPORA;07.677.802/0001-80;1451;SEJUSP;SECRETARIA DE ESTADO DE JUSTICA E SEGURANCA PUBLICA;43;SUBVENCOES SOCIAIS;1;SUBVENCOES SOCIAIS;10;RECURSOS ORDINARIOS;1651009,67;1651009,67;1651009,67
9321221;70;2022-10-18 00:00:00;ASSOC. DE PROT. E ASSIST. AO CONDENADO DE PIRAPORA;07.677.802/0001-80;1451;SEJUSP;SECRETARIA DE ESTADO DE JUSTICA E SEGURANCA PUBLICA;43;SUBVENCOES SOCIAIS;1;SUBVENCOES SOCIAIS;27;TAXA DE SEGURANCA PUBLICA;838320,24;838320,24;838320,24
9321223;4;2022-02-14 00:00:00;ASSOC. DE PROT. E ASSIST. AO CONDENADO DE ARCOS;05.131.480/0001-43;1451;SEJUSP;SECRETARIA DE ESTADO DE JUSTICA E SEGURANCA PUBLICA;43;SUBVENCOES SOCIAIS;1;SUBVENCOES SOCIAIS;10;RECURSOS ORDINARIOS;986957,04;986957,04;986957,04
9321224;16;2022-02-14 00:00:00;ASSOCIACAO DE PROTECAO E ASSISTENCIA AOS CONDENADOS;20.928.032/0001-69;1451;SEJUSP;SECRETARIA DE ESTADO DE JUSTICA E SEGURANCA PUBLICA;43;SUBVENCOES SOCIAIS;1;SUBVENCOES SOCIAIS;10;RECURSOS ORDINARIOS;902406,13;902406,13;902406,13
9321225;17;2022-02-14 00:00:00;ASSOCIACAO DE PROTECAO E ASSISTENCIA AOS CONDENADOS;20.928.032/0001-69;1451;SEJUSP;SECRETARIA DE ESTADO DE JUSTICA E SEGURANCA PUBLICA;43;SUBVENCOES SOCIAIS;1;SUBVENCOES SOCIAIS;10;RECURSOS ORDINARIOS;1953862,9;1953862,9;1953862,9
9321225;78;2022-11-04 00:00:00;ASSOCIACAO DE PROTECAO E ASSISTENCIA AOS CONDENADOS;20.928.032/0001-69;1451;SEJUSP;SECRETARIA DE ESTADO DE JUSTICA E SEGURANCA PUBLICA;43;SUBVENCOES SOCIAIS;1;SUBVENCOES SOCIAIS;27;TAXA DE SEGURANCA PUBLICA;670059,9;670059,9;670059,9
9321226;18;2022-02-14 00:00:00;ASSOC. DE PROT. E ASSIST. AO CONDENADO DE ITUIUTABA;08.669.795/0001-37;1451;SEJUSP;SECRETARIA DE ESTADO DE JUSTICA E SEGURANCA PUBLICA;43;SUBVENCOES SOCIAIS;1;SUBVENCOES SOCIAIS;10;RECURSOS ORDINARIOS;915199,08;915199,08;915199,08
9321226;63;2022-10-18 00:00:00;ASSOC. DE PROT. E ASSIST. AO CONDENADO DE ITUIUTABA;08.669.795/0001-37;1451;SEJUSP;SECRETARIA DE ESTADO DE JUSTICA E SEGURANCA PUBLICA;43;SUBVENCOES SOCIAIS;1;SUBVENCOES SOCIAIS;27;TAXA DE SEGURANCA PUBLICA;465882,92;465882,92;465882,92
9321227;19;2022-02-14 00:00:00;ASSOC. DE PROT. E ASSIST. AO CONDENADO DE JANUARIA;08.358.883/0001-18;1451;SEJUSP;SECRETARIA DE ESTADO DE JUSTICA E SEGURANCA PUBLICA;43;SUBVENCOES SOCIAIS;1;SUBVENCOES SOCIAIS;10;RECURSOS ORDINARIOS;1069421,88;1069421,88;1069421,88
9321227;64;2022-10-18 00:00:00;ASSOC. DE PROT. E ASSIST. AO CONDENADO DE JANUARIA;08.358.883/0001-18;1451;SEJUSP;SECRETARIA DE ESTADO DE JUSTICA E SEGURANCA PUBLICA;43;SUBVENCOES SOCIAIS;1;SUBVENCOES SOCIAIS;27;TAXA DE SEGURANCA PUBLICA;546956,12;546956,12;546956,12
9321228;20;2022-02-14 00:00:00;ASSOC. DE PROT. E ASSIST. AO CONDENADO DE LAGOA DA PRATA;07.472.312/0001-47;1451;SEJUSP;SECRETARIA DE ESTADO DE JUSTICA E SEGURANCA PUBLICA;43;SUBVENCOES SOCIAIS;1;SUBVENCOES SOCIAIS;10;RECURSOS ORDINARIOS;1791817,74;1791817,74;1791817,74
9321228;79;2022-11-04 00:00:00;ASSOC. DE PROT. E ASSIST. AO CONDENADO DE LAGOA DA PRATA;07.472.312/0001-47;1451;SEJUSP;SECRETARIA DE ESTADO DE JUSTICA E SEGURANCA PUBLICA;43;SUBVENCOES SOCIAIS;1;SUBVENCOES SOCIAIS;27;TAXA DE SEGURANCA PUBLICA;615841,71;615841,71;615841,71
9321229;25;2022-02-14 00:00:00;ASSOC. DE PROT. E ASSIST. AO CONDENADO DE PASSOS;03.672.339/0001-22;1451;SEJUSP;SECRETARIA DE ESTADO DE JUSTICA E SEGURANCA PUBLICA;43;SUBVENCOES SOCIAIS;1;SUBVENCOES SOCIAIS;10;RECURSOS ORDINARIOS;1773013,26;1773013,26;1773013,26
9321229;82;2022-11-04 00:00:00;ASSOC. DE PROT. E ASSIST. AO CONDENADO DE PASSOS;03.672.339/0001-22;1451;SEJUSP;SECRETARIA DE ESTADO DE JUSTICA E SEGURANCA PUBLICA;43;SUBVENCOES SOCIAIS;1;SUBVENCOES SOCIAIS;27;TAXA DE SEGURANCA PUBLICA;611967,6;611967,6;611967,6
9321230;26;2022-02-14 00:00:00;ASSOC. DE PROT. E ASSIST. AO CONDENADO DE PATOS DE MINAS;13.570.749/0001-16;1451;SEJUSP;SECRETARIA DE ESTADO DE JUSTICA E SEGURANCA PUBLICA;43;SUBVENCOES SOCIAIS;1;SUBVENCOES SOCIAIS;10;RECURSOS ORDINARIOS;1027119,51;1027119,51;1027119,51
9321230;66;2022-10-18 00:00:00;ASSOC. DE PROT. E ASSIST. AO CONDENADO DE PATOS DE MINAS;13.570.749/0001-16;1451;SEJUSP;SECRETARIA DE ESTADO DE JUSTICA E SEGURANCA PUBLICA;43;SUBVENCOES SOCIAIS;1;SUBVENCOES SOCIAIS;27;TAXA DE SEGURANCA PUBLICA;528255,88;528255,88;528255,88
9321231;27;2022-02-14 00:00:00;ASSOC. DE PROT. E ASSIST. AO CONDENADO DE PATROCINIO;01.349.619/0001-79;1451;SEJUSP;SECRETARIA DE ESTADO DE JUSTICA E SEGURANCA PUBLICA;43;SUBVENCOES SOCIAIS;1;SUBVENCOES SOCIAIS;10;RECURSOS ORDINARIOS;1505095,36;1505095,36;1505095,36
9321231;67;2022-10-18 00:00:00;ASSOC. DE PROT. E ASSIST. AO CONDENADO DE PATROCINIO;01.349.619/0001-79;1451;SEJUSP;SECRETARIA DE ESTADO DE JUSTICA E SEGURANCA PUBLICA;43;SUBVENCOES SOCIAIS;1;SUBVENCOES SOCIAIS;27;TAXA DE SEGURANCA PUBLICA;890341,92;890341,92;890341,92
9321232;29;2022-02-14 00:00:00;ASSOC. DE PROT. E ASSIST. AO CONDENADO DE PERDOES;06.118.334/0001-40;1451;SEJUSP;SECRETARIA DE ESTADO DE JUSTICA E SEGURANCA PUBLICA;43;SUBVENCOES SOCIAIS;1;SUBVENCOES SOCIAIS;10;RECURSOS ORDINARIOS;1138518,27;1138518,27;1138518,27
9321232;69;2022-10-18 00:00:00;ASSOC. DE PROT. E ASSIST. AO CONDENADO DE PERDOES;06.118.334/0001-40;1451;SEJUSP;SECRETARIA DE ESTADO DE JUSTICA E SEGURANCA PUBLICA;43;SUBVENCOES SOCIAIS;1;SUBVENCOES SOCIAIS;27;TAXA DE SEGURANCA PUBLICA;575332,76;575332,76;575332,76
9321233;32;2022-02-14 00:00:00;APAC-ASSOCIACAO DE PROTECAO E ASSISTENCIA AOS CONDENADOS DE POUSO ALEG;06.022.588/0001-60;1451;SEJUSP;SECRETARIA DE ESTADO DE JUSTICA E SEGURANCA PUBLICA;43;SUBVENCOES SOCIAIS;1;SUBVENCOES SOCIAIS;10;RECURSOS ORDINARIOS;2353480,1;2353480,1;2353480,1
9321233;83;2022-11-04 00:00:00;APAC-ASSOCIACAO DE PROTECAO E ASSISTENCIA AOS CONDENADOS DE POUSO ALEG;06.022.588/0001-60;1451;SEJUSP;SECRETARIA DE ESTADO DE JUSTICA E SEGURANCA PUBLICA;43;SUBVENCOES SOCIAIS;1;SUBVENCOES SOCIAIS;27;TAXA DE SEGURANCA PUBLICA;797629,29;797629,29;797629,29
9321234;34;2022-02-14 00:00:00;ASSOC. DE PROT. E ASSIST. AOS CONENADOS DE SALINAS;08.112.569/0001-50;1451;SEJUSP;SECRETARIA DE ESTADO DE JUSTICA E SEGURANCA PUBLICA;43;SUBVENCOES SOCIAIS;1;SUBVENCOES SOCIAIS;10;RECURSOS ORDINARIOS;1059709,46;1059709,46;1059709,46
9321234;85;2022-11-04 00:00:00;ASSOC. DE PROT. E ASSIST. AOS CONENADOS DE SALINAS;08.112.569/0001-50;1451;SEJUSP;SECRETARIA DE ESTADO DE JUSTICA E SEGURANCA PUBLICA;43;SUBVENCOES SOCIAIS;1;SUBVENCOES SOCIAIS;27;TAXA DE SEGURANCA PUBLICA;389158,74;389158,74;389158,74
9321236;35;2022-02-14 00:00:00;ASSOC. DE PROT. E ASSIST. AOS CONENADOS DE SANTA BARBARA;05.134.204/0001-39;1451;SEJUSP;SECRETARIA DE ESTADO DE JUSTICA E SEGURANCA PUBLICA;43;SUBVENCOES SOCIAIS;1;SUBVENCOES SOCIAIS;10;RECURSOS ORDINARIOS;828717,04;828717,04;828717,04
9321236;72;2022-10-18 00:00:00;ASSOC. DE PROT. E ASSIST. AOS CONENADOS DE SANTA BARBARA;05.134.204/0001-39;1451;SEJUSP;SECRETARIA DE ESTADO DE JUSTICA E SEGURANCA PUBLICA;43;SUBVENCOES SOCIAIS;1;SUBVENCOES SOCIAIS;27;TAXA DE SEGURANCA PUBLICA;389561,53;389561,53;389561,53
9321237;41;2022-02-14 00:00:00;ASSOC. DE PROT. E ASSIST. AOS CONENADOS DE TEOFILO OTONI;06.947.893/0001-63;1451;SEJUSP;SECRETARIA DE ESTADO DE JUSTICA E SEGURANCA PUBLICA;43;SUBVENCOES SOCIAIS;1;SUBVENCOES SOCIAIS;10;RECURSOS ORDINARIOS;560981,97;560981,97;560981,97
9321237;91;2022-11-04 00:00:00;ASSOC. DE PROT. E ASSIST. AOS CONENADOS DE TEOFILO OTONI;06.947.893/0001-63;1451;SEJUSP;SECRETARIA DE ESTADO DE JUSTICA E SEGURANCA PUBLICA;43;SUBVENCOES SOCIAIS;1;SUBVENCOES SOCIAIS;27;TAXA DE SEGURANCA PUBLICA;205488,96;205488,96;205488,96
9321238;43;2022-02-14 00:00:00;ASSOC. DE PROT. E ASSIST. AOS CONENADOS DE VICOSA;06.199.788/0001-93;1451;SEJUSP;SECRETARIA DE ESTADO DE JUSTICA E SEGURANCA PUBLICA;43;SUBVENCOES SOCIAIS;1;SUBVENCOES SOCIAIS;10;RECURSOS ORDINARIOS;688055,44;688055,44;688055,44
9321238;92;2022-11-04 00:00:00;ASSOC. DE PROT. E ASSIST. AOS CONENADOS DE VICOSA;06.199.788/0001-93;1451;SEJUSP;SECRETARIA DE ESTADO DE JUSTICA E SEGURANCA PUBLICA;43;SUBVENCOES SOCIAIS;1;SUBVENCOES SOCIAIS;27;TAXA DE SEGURANCA PUBLICA;228626,46;228626,46;228626,46
9321242;24;2022-02-14 00:00:00;ASSOC. DE PROT. E ASSIST. AO CONDENADO DE PARACATU;06.195.998/0001-03;1451;SEJUSP;SECRETARIA DE ESTADO DE JUSTICA E SEGURANCA PUBLICA;43;SUBVENCOES SOCIAIS;1;SUBVENCOES SOCIAIS;10;RECURSOS ORDINARIOS;2151176,84;2151176,84;2151176,84
9321242;81;2022-11-04 00:00:00;ASSOC. DE PROT. E ASSIST. AO CONDENADO DE PARACATU;06.195.998/0001-03;1451;SEJUSP;SECRETARIA DE ESTADO DE JUSTICA E SEGURANCA PUBLICA;43;SUBVENCOES SOCIAIS;1;SUBVENCOES SOCIAIS;27;TAXA DE SEGURANCA PUBLICA;718562,79;718562,79;718562,79
9321243;38;2022-02-14 00:00:00;ASSOC. DE PROT. E ASSIST. AOS CONENADOS DE S. J. DEL REI FEM.;21.325.027/0001-24;1451;SEJUSP;SECRETARIA DE ESTADO DE JUSTICA E SEGURANCA PUBLICA;43;SUBVENCOES SOCIAIS;1;SUBVENCOES SOCIAIS;10;RECURSOS ORDINARIOS;952003,28;952003,28;952000,28
9321243;88;2022-11-04 00:00:00;ASSOC. DE PROT. E ASSIST. AOS CONENADOS DE S. J. DEL REI FEM.;21.325.027/0001-24;1451;SEJUSP;SECRETARIA DE ESTADO DE JUSTICA E SEGURANCA PUBLICA;43;SUBVENCOES SOCIAIS;1;SUBVENCOES SOCIAIS;27;TAXA DE SEGURANCA PUBLICA;322315,8;322315,8;322315,8
9321244;5;2022-02-14 00:00:00;ASSOC. DE PROT. E ASSIST. AO CONDENADO DE CAMPO BELO;07.259.234/0001-05;1451;SEJUSP;SECRETARIA DE ESTADO DE JUSTICA E SEGURANCA PUBLICA;43;SUBVENCOES SOCIAIS;1;SUBVENCOES SOCIAIS;10;RECURSOS ORDINARIOS;1069535,46;1069535,46;1069532,46
9321244;61;2022-10-18 00:00:00;ASSOC. DE PROT. E ASSIST. AO CONDENADO DE CAMPO BELO;07.259.234/0001-05;1451;SEJUSP;SECRETARIA DE ESTADO DE JUSTICA E SEGURANCA PUBLICA;43;SUBVENCOES SOCIAIS;1;SUBVENCOES SOCIAIS;27;TAXA DE SEGURANCA PUBLICA;536020,56;536020,56;536020,56
9321245;37;2022-02-14 00:00:00;ASSOC. DE PROT. E ASSIST. AOS CONENADOS DE SANTA MARIA DO SUACUI;06.289.008/0001-04;1451;SEJUSP;SECRETARIA DE ESTADO DE JUSTICA E SEGURANCA PUBLICA;43;SUBVENCOES SOCIAIS;1;SUBVENCOES SOCIAIS;10;RECURSOS ORDINARIOS;750398,02;750398,02;750398,02
9321245;87;2022-11-04 00:00:00;ASSOC. DE PROT. E ASSIST. AOS CONENADOS DE SANTA MARIA DO SUACUI;06.289.008/0001-04;1451;SEJUSP;SECRETARIA DE ESTADO DE JUSTICA E SEGURANCA PUBLICA;43;SUBVENCOES SOCIAIS;1;SUBVENCOES SOCIAIS;27;TAXA DE SEGURANCA PUBLICA;250198,26;250198,26;250198,26
9321246;23;2022-02-14 00:00:00;ASSOCIACAO DE PROTECAO E ASSISTENCIA AOS CONDENADOS;05.501.573/0001-12;1451;SEJUSP;SECRETARIA DE ESTADO DE JUSTICA E SEGURANCA PUBLICA;43;SUBVENCOES SOCIAIS;1;SUBVENCOES SOCIAIS;10;RECURSOS ORDINARIOS;1701671,92;1701671,92;1701671,92
9321246;65;2022-10-18 00:00:00;ASSOCIACAO DE PROTECAO E ASSISTENCIA AOS CONDENADOS;05.501.573/0001-12;1451;SEJUSP;SECRETARIA DE ESTADO DE JUSTICA E SEGURANCA PUBLICA;43;SUBVENCOES SOCIAIS;1;SUBVENCOES SOCIAIS;27;TAXA DE SEGURANCA PUBLICA;858942,6;858942,6;858942,6
9321247;6;2022-02-14 00:00:00;ASSOCIACAO DE PROTECAO E ASSITENCIA AOS CONDENADOS - APAC - CARATINGA;08.773.437/0001-70;1451;SEJUSP;SECRETARIA DE ESTADO DE JUSTICA E SEGURANCA PUBLICA;43;SUBVENCOES SOCIAIS;1;SUBVENCOES SOCIAIS;10;RECURSOS ORDINARIOS;1838050,68;1838050,68;1838050,68
9321247;76;2022-11-04 00:00:00;ASSOCIACAO DE PROTECAO E ASSITENCIA AOS CONDENADOS - APAC - CARATINGA;08.773.437/0001-70;1451;SEJUSP;SECRETARIA DE ESTADO DE JUSTICA E SEGURANCA PUBLICA;43;SUBVENCOES SOCIAIS;1;SUBVENCOES SOCIAIS;27;TAXA DE SEGURANCA PUBLICA;638257,83;638257,83;638257,83
9321248;28;2022-02-14 00:00:00;ASSOC. DE PROT. E ASSIST. AO CONDENADO DE PEDRA AZUL;10.867.575/0001-60;1451;SEJUSP;SECRETARIA DE ESTADO DE JUSTICA E SEGURANCA PUBLICA;43;SUBVENCOES SOCIAIS;1;SUBVENCOES SOCIAIS;10;RECURSOS ORDINARIOS;568653,47;568653,47;568653,47
9321248;68;2022-10-18 00:00:00;ASSOC. DE PROT. E ASSIST. AO CONDENADO DE PEDRA AZUL;10.867.575/0001-60;1451;SEJUSP;SECRETARIA DE ESTADO DE JUSTICA E SEGURANCA PUBLICA;43;SUBVENCOES SOCIAIS;1;SUBVENCOES SOCIAIS;27;TAXA DE SEGURANCA PUBLICA;315521,36;315521,36;315521,36
9321249;3;2022-02-14 00:00:00;ASSOC. DE PROT. E ASSIST. AO CONDENADO DE ARAXA;23.370.836/0001-83;1451;SEJUSP;SECRETARIA DE ESTADO DE JUSTICA E SEGURANCA PUBLICA;43;SUBVENCOES SOCIAIS;1;SUBVENCOES SOCIAIS;10;RECURSOS ORDINARIOS;1087712,06;1087712,06;1087712,06
9321249;75;2022-11-04 00:00:00;ASSOC. DE PROT. E ASSIST. AO CONDENADO DE ARAXA;23.370.836/0001-83;1451;SEJUSP;SECRETARIA DE ESTADO DE JUSTICA E SEGURANCA PUBLICA;43;SUBVENCOES SOCIAIS;1;SUBVENCOES SOCIAIS;27;TAXA DE SEGURANCA PUBLICA;383068,29;383068,29;383068,29
9321250;12;2022-02-14 00:00:00;ASSOC. DE PROT. E ASSIST. AO CONDENADO DE GOVERNADOR VALDARES;07.828.198/0001-45;1451;SEJUSP;SECRETARIA DE ESTADO DE JUSTICA E SEGURANCA PUBLICA;43;SUBVENCOES SOCIAIS;1;SUBVENCOES SOCIAIS;10;RECURSOS ORDINARIOS;1462700,37;1462700,37;1462700,37
9321254;9;2022-02-03 00:00:00;PM CONCEICAO DE IPANEMA;18.334.300/0001-72;1261;SEE;SECRETARIA DE ESTADO DE EDUCACAO;42;AUXILIOS;1;AUXILIOS;23;FUNDO DE MANUTENCAO E DESENVOLVIMENTO DA EDUCACAO BASICA - FUNDEB;1531811,37;1531811,37;1531811,37
9321255;1848;2022-02-14 00:00:00;PM ENGENHEIRO CALDAS;18.080.655/0001-82;1261;SEE;SECRETARIA DE ESTADO DE EDUCACAO;42;AUXILIOS;1;AUXILIOS;23;FUNDO DE MANUTENCAO E DESENVOLVIMENTO DA EDUCACAO BASICA - FUNDEB;572825,09;572825,09;572825,09
9321256;1851;2022-02-14 00:00:00;PM ITABIRINHA;17.125.444/0001-56;1261;SEE;SECRETARIA DE ESTADO DE EDUCACAO;42;AUXILIOS;1;AUXILIOS;23;FUNDO DE MANUTENCAO E DESENVOLVIMENTO DA EDUCACAO BASICA - FUNDEB;763439,23;763439,23;763439,23
9321257;1858;2022-02-14 00:00:00;PM CRISTALIA;18.017.434/0001-60;1261;SEE;SECRETARIA DE ESTADO DE EDUCACAO;42;AUXILIOS;1;AUXILIOS;23;FUNDO DE MANUTENCAO E DESENVOLVIMENTO DA EDUCACAO BASICA - FUNDEB;566933,87;566933,87;566933,87
9321275;54;2022-02-09 00:00:00;PM PASSABEM;18.299.511/0001-11;1261;SEE;SECRETARIA DE ESTADO DE EDUCACAO;42;AUXILIOS;1;AUXILIOS;23;FUNDO DE MANUTENCAO E DESENVOLVIMENTO DA EDUCACAO BASICA - FUNDEB;765240,78;765240,78;765240,78
9321278;21;2022-02-14 00:00:00;ASSOCIACAO DE PROTECAO E ASSISTENCIA AOS CONDENADOS;07.625.655/0001-02;1451;SEJUSP;SECRETARIA DE ESTADO DE JUSTICA E SEGURANCA PUBLICA;43;SUBVENCOES SOCIAIS;1;SUBVENCOES SOCIAIS;10;RECURSOS ORDINARIOS;1800478,29;1800478,29;1800478,29
9321278;80;2022-11-04 00:00:00;ASSOCIACAO DE PROTECAO E ASSISTENCIA AOS CONDENADOS;07.625.655/0001-02;1451;SEJUSP;SECRETARIA DE ESTADO DE JUSTICA E SEGURANCA PUBLICA;43;SUBVENCOES SOCIAIS;1;SUBVENCOES SOCIAIS;27;TAXA DE SEGURANCA PUBLICA;602235,51;602235,51;602235,51
9321286;55;2022-02-09 00:00:00;PM ITAMBE DO MATO DENTRO;18.299.537/0001-60;1261;SEE;SECRETARIA DE ESTADO DE EDUCACAO;42;AUXILIOS;1;AUXILIOS;23;FUNDO DE MANUTENCAO E DESENVOLVIMENTO DA EDUCACAO BASICA - FUNDEB;280000,0;280000,0;280000,0
9321287;41;2022-02-07 00:00:00;PM SAO JOAO DO ORIENTE;18.338.848/0001-90;1261;SEE;SECRETARIA DE ESTADO DE EDUCACAO;42;AUXILIOS;1;AUXILIOS;23;FUNDO DE MANUTENCAO E DESENVOLVIMENTO DA EDUCACAO BASICA - FUNDEB;519929,59;519929,59;519929,59
9321288;1755;2022-02-14 00:00:00;PM RAUL SOARES;18.836.965/0001-84;1261;SEE;SECRETARIA DE ESTADO DE EDUCACAO;42;AUXILIOS;1;AUXILIOS;23;FUNDO DE MANUTENCAO E DESENVOLVIMENTO DA EDUCACAO BASICA - FUNDEB;1706300,0;1706300,0;1706300,0
9321289;1944;2022-02-14 00:00:00;PM ANDRELANDIA;18.682.930/0001-38;1261;SEE;SECRETARIA DE ESTADO DE EDUCACAO;42;AUXILIOS;1;AUXILIOS;23;FUNDO DE MANUTENCAO E DESENVOLVIMENTO DA EDUCACAO BASICA - FUNDEB;100000,0;100000,0;100000,0
9321290;1852;2022-02-14 00:00:00;PM PADRE CARVALHO;01.612.490/0001-40;1261;SEE;SECRETARIA DE ESTADO DE EDUCACAO;42;AUXILIOS;1;AUXILIOS;23;FUNDO DE MANUTENCAO E DESENVOLVIMENTO DA EDUCACAO BASICA - FUNDEB;572825,09;572825,09;572825,09
9321291;1945;2022-02-14 00:00:00;PM COUTO DE MAGALHAES DE MINAS;17.754.177/0001-86;1261;SEE;SECRETARIA DE ESTADO DE EDUCACAO;42;AUXILIOS;1;AUXILIOS;23;FUNDO DE MANUTENCAO E DESENVOLVIMENTO DA EDUCACAO BASICA - FUNDEB;100000,0;100000,0;100000,0
9321292;1745;2022-02-14 00:00:00;PM CONFINS;01.006.232/0001-10;1261;SEE;SECRETARIA DE ESTADO DE EDUCACAO;42;AUXILIOS;1;AUXILIOS;23;FUNDO DE MANUTENCAO E DESENVOLVIMENTO DA EDUCACAO BASICA - FUNDEB;100000,0;100000,0;100000,0
9321293;1772;2022-02-14 00:00:00;PM RIBEIRAO DAS NEVES;18.314.609/0001-09;1261;SEE;SECRETARIA DE ESTADO DE EDUCACAO;42;AUXILIOS;1;AUXILIOS;23;FUNDO DE MANUTENCAO E DESENVOLVIMENTO DA EDUCACAO BASICA - FUNDEB;1756100,0;1756100,0;1756100,0
9321306;9;2022-02-14 00:00:00;ASSOC. DE PROT. E ASSIST. AO CONDENADO DE CONS. LAFAIETE MASC.;05.890.676/0001-11;1451;SEJUSP;SECRETARIA DE ESTADO DE JUSTICA E SEGURANCA PUBLICA;43;SUBVENCOES SOCIAIS;1;SUBVENCOES SOCIAIS;10;RECURSOS ORDINARIOS;2595813,67;2595813,67;2595813,67
9321306;77;2022-11-04 00:00:00;ASSOC. DE PROT. E ASSIST. AO CONDENADO DE CONS. LAFAIETE MASC.;05.890.676/0001-11;1451;SEJUSP;SECRETARIA DE ESTADO DE JUSTICA E SEGURANCA PUBLICA;43;SUBVENCOES SOCIAIS;1;SUBVENCOES SOCIAIS;27;TAXA DE SEGURANCA PUBLICA;868576,38;868576,38;868576,38
9321309;1948;2022-02-14 00:00:00;PM MEDEIROS;20.920.617/0001-32;1261;SEE;SECRETARIA DE ESTADO DE EDUCACAO;42;AUXILIOS;1;AUXILIOS;23;FUNDO DE MANUTENCAO E DESENVOLVIMENTO DA EDUCACAO BASICA - FUNDEB;100000,0;100000,0;100000,0
9321310;1947;2022-02-14 00:00:00;PM PATOS DE MINAS;18.602.011/0001-07;1261;SEE;SECRETARIA DE ESTADO DE EDUCACAO;42;AUXILIOS;1;AUXILIOS;23;FUNDO DE MANUTENCAO E DESENVOLVIMENTO DA EDUCACAO BASICA - FUNDEB;240000,0;240000,0;240000,0
9321311;15;2022-02-15 00:00:00;PM PERDOES;18.244.343/0001-67;1261;SEE;SECRETARIA DE ESTADO DE EDUCACAO;42;AUXILIOS;1;AUXILIOS;23;FUNDO DE MANUTENCAO E DESENVOLVIMENTO DA EDUCACAO BASICA - FUNDEB;469301,92;469301,92;469301,92
9321312;16;2022-02-15 00:00:00;PM PERDOES;18.244.343/0001-67;1261;SEE;SECRETARIA DE ESTADO DE EDUCACAO;42;AUXILIOS;1;AUXILIOS;23;FUNDO DE MANUTENCAO E DESENVOLVIMENTO DA EDUCACAO BASICA - FUNDEB;353125,46;353125,46;353125,46
9321313;359;2022-02-15 00:00:00;PM RIACHO DOS MACHADOS;16.925.208/0001-51;1261;SEE;SECRETARIA DE ESTADO DE EDUCACAO;42;AUXILIOS;1;AUXILIOS;23;FUNDO DE MANUTENCAO E DESENVOLVIMENTO DA EDUCACAO BASICA - FUNDEB;419817,7;419817,7;419817,7
9321325;1946;2022-02-14 00:00:00;PM DONA EUZEBIA;17.706.656/0001-27;1261;SEE;SECRETARIA DE ESTADO DE EDUCACAO;42;AUXILIOS;1;AUXILIOS;23;FUNDO DE MANUTENCAO E DESENVOLVIMENTO DA EDUCACAO BASICA - FUNDEB;100000,0;100000,0;100000,0
9321326;1787;2022-02-14 00:00:00;PM VIEIRAS;17.947.599/0001-78;1261;SEE;SECRETARIA DE ESTADO DE EDUCACAO;42;AUXILIOS;1;AUXILIOS;23;FUNDO DE MANUTENCAO E DESENVOLVIMENTO DA EDUCACAO BASICA - FUNDEB;1779100,0;1779100,0;1779100,0
9321327;92;2022-02-10 00:00:00;PM CAMPOS GERAIS;18.245.175/0001-24;1261;SEE;SECRETARIA DE ESTADO DE EDUCACAO;42;AUXILIOS;1;AUXILIOS;23;FUNDO DE MANUTENCAO E DESENVOLVIMENTO DA EDUCACAO BASICA - FUNDEB;1311738,0;1311738,0;1311738,0
9321328;87;2022-02-10 00:00:00;PM CLAUDIO;18.308.775/0001-94;1261;SEE;SECRETARIA DE ESTADO DE EDUCACAO;42;AUXILIOS;1;AUXILIOS;10;RECURSOS ORDINARIOS;273621,71;273621,71;273621,71
9321329;449;2022-02-16 00:00:00;PM CARATINGA;18.334.268/0001-25;1261;SEE;SECRETARIA DE ESTADO DE EDUCACAO;42;AUXILIOS;1;AUXILIOS;23;FUNDO DE MANUTENCAO E DESENVOLVIMENTO DA EDUCACAO BASICA - FUNDEB;2118409,31;2118409,31;2118409,31
9321330;392;2022-02-16 00:00:00;PM CARATINGA;18.334.268/0001-25;1261;SEE;SECRETARIA DE ESTADO DE EDUCACAO;42;AUXILIOS;1;AUXILIOS;23;FUNDO DE MANUTENCAO E DESENVOLVIMENTO DA EDUCACAO BASICA - FUNDEB;1454307,96;1454307,96;1454307,96
9321331;93;2022-02-10 00:00:00;PM PARAGUACU;18.008.193/0001-92;1261;SEE;SECRETARIA DE ESTADO DE EDUCACAO;42;AUXILIOS;1;AUXILIOS;23;FUNDO DE MANUTENCAO E DESENVOLVIMENTO DA EDUCACAO BASICA - FUNDEB;251094,41;251094,41;251094,41
9321332;156;2022-02-24 00:00:00;PM SERRA DO SALITRE;18.468.058/0001-20;1261;SEE;SECRETARIA DE ESTADO DE EDUCACAO;42;AUXILIOS;1;AUXILIOS;23;FUNDO DE MANUTENCAO E DESENVOLVIMENTO DA EDUCACAO BASICA - FUNDEB;1708974,24;1708974,24;1708974,24
9321333;63;2022-02-09 00:00:00;PM CARMO DO RIO CLARO;18.243.287/0001-46;1261;SEE;SECRETARIA DE ESTADO DE EDUCACAO;42;AUXILIOS;1;AUXILIOS;23;FUNDO DE MANUTENCAO E DESENVOLVIMENTO DA EDUCACAO BASICA - FUNDEB;289133,67;289133,67;289133,67
9321334;49;2022-02-09 00:00:00;PM VARZEA DA PALMA;18.279.059/0001-26;1261;SEE;SECRETARIA DE ESTADO DE EDUCACAO;42;AUXILIOS;1;AUXILIOS;10;RECURSOS ORDINARIOS;2076141,35;2076141,35;2076141,35
9321335;406;2022-02-16 00:00:00;PM SAO JOAO DO ORIENTE;18.338.848/0001-90;1261;SEE;SECRETARIA DE ESTADO DE EDUCACAO;42;AUXILIOS;1;AUXILIOS;23;FUNDO DE MANUTENCAO E DESENVOLVIMENTO DA EDUCACAO BASICA - FUNDEB;581511,69;581511,69;581511,69
9321336;423;2022-02-18 00:00:00;PM MARIA DA FE;18.025.957/0001-58;1261;SEE;SECRETARIA DE ESTADO DE EDUCACAO;42;AUXILIOS;1;AUXILIOS;23;FUNDO DE MANUTENCAO E DESENVOLVIMENTO DA EDUCACAO BASICA - FUNDEB;102714,88;102714,88;102714,88
9322280;424;2022-02-18 00:00:00;PM MARIA DA FE;18.025.957/0001-58;1261;SEE;SECRETARIA DE ESTADO DE EDUCACAO;42;AUXILIOS;1;AUXILIOS;23;FUNDO DE MANUTENCAO E DESENVOLVIMENTO DA EDUCACAO BASICA - FUNDEB;1640000,0;1640000,0;1640000,0
9322281;403;2022-02-16 00:00:00;PM CARATINGA;18.334.268/0001-25;1261;SEE;SECRETARIA DE ESTADO DE EDUCACAO;42;AUXILIOS;1;AUXILIOS;23;FUNDO DE MANUTENCAO E DESENVOLVIMENTO DA EDUCACAO BASICA - FUNDEB;1162200,95;1162200,95;1162200,95
9322282;424;2022-02-17 00:00:00;PM BARROSO;18.094.755/0001-68;1261;SEE;SECRETARIA DE ESTADO DE EDUCACAO;42;AUXILIOS;1;AUXILIOS;23;FUNDO DE MANUTENCAO E DESENVOLVIMENTO DA EDUCACAO BASICA - FUNDEB;1300000,0;1300000,0;1300000,0
9322283;402;2022-02-16 00:00:00;PM CARATINGA;18.334.268/0001-25;1261;SEE;SECRETARIA DE ESTADO DE EDUCACAO;42;AUXILIOS;1;AUXILIOS;23;FUNDO DE MANUTENCAO E DESENVOLVIMENTO DA EDUCACAO BASICA - FUNDEB;2118409,3;2118409,3;2118409,3
9322284;245;2022-02-14 00:00:00;PM CARATINGA;18.334.268/0001-25;1261;SEE;SECRETARIA DE ESTADO DE EDUCACAO;42;AUXILIOS;1;AUXILIOS;10;RECURSOS ORDINARIOS;894520,9;894520,9;894520,9
9322285;401;2022-02-16 00:00:00;PM CARATINGA;18.334.268/0001-25;1261;SEE;SECRETARIA DE ESTADO DE EDUCACAO;42;AUXILIOS;1;AUXILIOS;23;FUNDO DE MANUTENCAO E DESENVOLVIMENTO DA EDUCACAO BASICA - FUNDEB;3177590,9;3177590,9;3177590,9
9322286;400;2022-02-16 00:00:00;PM CARATINGA;18.334.268/0001-25;1261;SEE;SECRETARIA DE ESTADO DE EDUCACAO;42;AUXILIOS;1;AUXILIOS;23;FUNDO DE MANUTENCAO E DESENVOLVIMENTO DA EDUCACAO BASICA - FUNDEB;2231827,96;2231827,96;2231827,96
9322287;1862;2022-03-10 00:00:00;PM FREI GASPAR;18.404.913/0001-39;1261;SEE;SECRETARIA DE ESTADO DE EDUCACAO;42;AUXILIOS;1;AUXILIOS;23;FUNDO DE MANUTENCAO E DESENVOLVIMENTO DA EDUCACAO BASICA - FUNDEB;65000,0;65000,0;65000,0
9322288;103;2022-02-11 00:00:00;PM BERTOPOLIS;18.404.897/0001-84;1261;SEE;SECRETARIA DE ESTADO DE EDUCACAO;42;AUXILIOS;1;AUXILIOS;10;RECURSOS ORDINARIOS;1638646,69;1638646,69;1638646,69
9322289;397;2022-02-16 00:00:00;PM CARATINGA;18.334.268/0001-25;1261;SEE;SECRETARIA DE ESTADO DE EDUCACAO;42;AUXILIOS;1;AUXILIOS;23;FUNDO DE MANUTENCAO E DESENVOLVIMENTO DA EDUCACAO BASICA - FUNDEB;3602516,91;3602516,91;3602516,91
9322290;829;2022-02-16 00:00:00;PM MEDINA;18.414.607/0001-83;1261;SEE;SECRETARIA DE ESTADO DE EDUCACAO;42;AUXILIOS;1;AUXILIOS;23;FUNDO DE MANUTENCAO E DESENVOLVIMENTO DA EDUCACAO BASICA - FUNDEB;2638795,88;2638795,88;2638795,88
9322291;830;2022-02-16 00:00:00;PM MEDINA;18.414.607/0001-83;1261;SEE;SECRETARIA DE ESTADO DE EDUCACAO;42;AUXILIOS;1;AUXILIOS;23;FUNDO DE MANUTENCAO E DESENVOLVIMENTO DA EDUCACAO BASICA - FUNDEB;2764973,65;2764973,65;2764973,65
9322293;458;2022-02-14 00:00:00;PM DORES DE GUANHAES;18.307.413/0001-89;1261;SEE;SECRETARIA DE ESTADO DE EDUCACAO;42;AUXILIOS;1;AUXILIOS;23;FUNDO DE MANUTENCAO E DESENVOLVIMENTO DA EDUCACAO BASICA - FUNDEB;119798,59;119798,59;119798,59
9322294;337;2022-02-21 00:00:00;PM JEQUITIBA;18.062.208/0001-09;1261;SEE;SECRETARIA DE ESTADO DE EDUCACAO;42;AUXILIOS;1;AUXILIOS;23;FUNDO DE MANUTENCAO E DESENVOLVIMENTO DA EDUCACAO BASICA - FUNDEB;214764,12;214764,12;214764,12
9322294;341;2022-02-21 00:00:00;PM JEQUITIBA;18.062.208/0001-09;1261;SEE;SECRETARIA DE ESTADO DE EDUCACAO;41;CONTRIBUICOES;1;CONTRIBUICOES;23;FUNDO DE MANUTENCAO E DESENVOLVIMENTO DA EDUCACAO BASICA - FUNDEB;87015,97;87015,97;87015,97
9322295;311;2022-02-14 00:00:00;PM DESTERRO DE ENTRE RIOS;20.356.762/0001-32;1261;SEE;SECRETARIA DE ESTADO DE EDUCACAO;42;AUXILIOS;1;AUXILIOS;23;FUNDO DE MANUTENCAO E DESENVOLVIMENTO DA EDUCACAO BASICA - FUNDEB;850000,0;850000,0;850000,0
9322296;831;2022-02-16 00:00:00;PM MEDINA;18.414.607/0001-83;1261;SEE;SECRETARIA DE ESTADO DE EDUCACAO;42;AUXILIOS;1;AUXILIOS;23;FUNDO DE MANUTENCAO E DESENVOLVIMENTO DA EDUCACAO BASICA - FUNDEB;879680,0;879680,0;879680,0
9322297;289;2022-02-14 00:00:00;PM CARMO DO RIO CLARO;18.243.287/0001-46;1261;SEE;SECRETARIA DE ESTADO DE EDUCACAO;42;AUXILIOS;1;AUXILIOS;23;FUNDO DE MANUTENCAO E DESENVOLVIMENTO DA EDUCACAO BASICA - FUNDEB;1408897,11;1408897,11;1408897,11
9322299;547;2022-02-14 00:00:00;PM CEDRO DO ABAETE;18.296.657/0001-03;1261;SEE;SECRETARIA DE ESTADO DE EDUCACAO;42;AUXILIOS;1;AUXILIOS;23;FUNDO DE MANUTENCAO E DESENVOLVIMENTO DA EDUCACAO BASICA - FUNDEB;972721,4;972721,4;972721,4
9322300;413;2022-02-11 00:00:00;PM SANTANA DO MANHUACU;18.385.146/0001-68;1261;SEE;SECRETARIA DE ESTADO DE EDUCACAO;42;AUXILIOS;1;AUXILIOS;23;FUNDO DE MANUTENCAO E DESENVOLVIMENTO DA EDUCACAO BASICA - FUNDEB;1498717,46;1498717,46;1498717,46
9322301;1859;2022-03-10 00:00:00;PM BERTOPOLIS;18.404.897/0001-84;1261;SEE;SECRETARIA DE ESTADO DE EDUCACAO;42;AUXILIOS;1;AUXILIOS;23;FUNDO DE MANUTENCAO E DESENVOLVIMENTO DA EDUCACAO BASICA - FUNDEB;337800,0;337800,0;337800,0
9322302;484;2022-02-15 00:00:00;PM DORES DE GUANHAES;18.307.413/0001-89;1261;SEE;SECRETARIA DE ESTADO DE EDUCACAO;42;AUXILIOS;1;AUXILIOS;10;RECURSOS ORDINARIOS;247000,0;247000,0;247000,0
9322303;1141;2022-02-15 00:00:00;PM PERIQUITO;01.613.077/0001-08;1261;SEE;SECRETARIA DE ESTADO DE EDUCACAO;42;AUXILIOS;1;AUXILIOS;10;RECURSOS ORDINARIOS;474364,99;474364,99;474364,99
9322303;1168;2022-02-16 00:00:00;PM PERIQUITO;01.613.077/0001-08;1261;SEE;SECRETARIA DE ESTADO DE EDUCACAO;42;AUXILIOS;1;AUXILIOS;23;FUNDO DE MANUTENCAO E DESENVOLVIMENTO DA EDUCACAO BASICA - FUNDEB;2493375,17;2493375,17;2493375,17
9322304;265;2022-02-14 00:00:00;PM MOEMA;18.301.044/0001-17;1261;SEE;SECRETARIA DE ESTADO DE EDUCACAO;42;AUXILIOS;1;AUXILIOS;23;FUNDO DE MANUTENCAO E DESENVOLVIMENTO DA EDUCACAO BASICA - FUNDEB;2106009,22;2106009,22;2106009,22
9322306;1407;2022-02-25 00:00:00;PM PARAGUACU;18.008.193/0001-92;1261;SEE;SECRETARIA DE ESTADO DE EDUCACAO;42;AUXILIOS;1;AUXILIOS;23;FUNDO DE MANUTENCAO E DESENVOLVIMENTO DA EDUCACAO BASICA - FUNDEB;224879,99;224879,99;224879,99
9322307;1139;2022-02-15 00:00:00;PM FREI INOCENCIO;16.945.990/0001-70;1261;SEE;SECRETARIA DE ESTADO DE EDUCACAO;42;AUXILIOS;1;AUXILIOS;10;RECURSOS ORDINARIOS;2000000,0;2000000,0;2000000,0
9322308;145;2022-02-16 00:00:00;PM ESPERA FELIZ;18.114.264/0001-31;1261;SEE;SECRETARIA DE ESTADO DE EDUCACAO;42;AUXILIOS;1;AUXILIOS;23;FUNDO DE MANUTENCAO E DESENVOLVIMENTO DA EDUCACAO BASICA - FUNDEB;2830000,0;2830000,0;2830000,0
9322309;471;2022-02-14 00:00:00;PM SAO JOAO EVANGELISTA;18.307.488/0001-60;1261;SEE;SECRETARIA DE ESTADO DE EDUCACAO;42;AUXILIOS;1;AUXILIOS;23;FUNDO DE MANUTENCAO E DESENVOLVIMENTO DA EDUCACAO BASICA - FUNDEB;296840,0;296840,0;296840,0
9322309;912;2022-02-25 00:00:00;PM SAO JOAO EVANGELISTA;18.307.488/0001-60;1261;SEE;SECRETARIA DE ESTADO DE EDUCACAO;41;CONTRIBUICOES;1;CONTRIBUICOES;10;RECURSOS ORDINARIOS;3160,0;3160,0;3160,0
9322310;144;2022-02-16 00:00:00;PM ORIZANIA;01.616.271/0001-39;1261;SEE;SECRETARIA DE ESTADO DE EDUCACAO;42;AUXILIOS;1;AUXILIOS;23;FUNDO DE MANUTENCAO E DESENVOLVIMENTO DA EDUCACAO BASICA - FUNDEB;372998,64;372998,64;372998,64
9322311;143;2022-02-16 00:00:00;PM ORIZANIA;01.616.271/0001-39;1261;SEE;SECRETARIA DE ESTADO DE EDUCACAO;42;AUXILIOS;1;AUXILIOS;23;FUNDO DE MANUTENCAO E DESENVOLVIMENTO DA EDUCACAO BASICA - FUNDEB;1553939,56;1553939,56;1553939,56
9322312;407;2022-02-16 00:00:00;PM SAO JOAO DO ORIENTE;18.338.848/0001-90;1261;SEE;SECRETARIA DE ESTADO DE EDUCACAO;42;AUXILIOS;1;AUXILIOS;23;FUNDO DE MANUTENCAO E DESENVOLVIMENTO DA EDUCACAO BASICA - FUNDEB;652956,14;652956,14;652956,14
9322313;416;2022-02-15 00:00:00;PM CATUTI;01.612.502/0001-36;1261;SEE;SECRETARIA DE ESTADO DE EDUCACAO;42;AUXILIOS;1;AUXILIOS;23;FUNDO DE MANUTENCAO E DESENVOLVIMENTO DA EDUCACAO BASICA - FUNDEB;126000,0;126000,0;126000,0
9322314;17;2022-02-16 00:00:00;PM PERDOES;18.244.343/0001-67;1261;SEE;SECRETARIA DE ESTADO DE EDUCACAO;42;AUXILIOS;1;AUXILIOS;23;FUNDO DE MANUTENCAO E DESENVOLVIMENTO DA EDUCACAO BASICA - FUNDEB;270000,0;270000,0;270000,0
9322315;415;2022-02-15 00:00:00;PM RIACHO DOS MACHADOS;16.925.208/0001-51;1261;SEE;SECRETARIA DE ESTADO DE EDUCACAO;42;AUXILIOS;1;AUXILIOS;23;FUNDO DE MANUTENCAO E DESENVOLVIMENTO DA EDUCACAO BASICA - FUNDEB;880147,6;880147,6;880147,6
9322316;2201;2022-02-15 00:00:00;PM MUZAMBINHO;18.668.624/0001-47;1261;SEE;SECRETARIA DE ESTADO DE EDUCACAO;42;AUXILIOS;1;AUXILIOS;23;FUNDO DE MANUTENCAO E DESENVOLVIMENTO DA EDUCACAO BASICA - FUNDEB;564033,58;564033,58;564033,58
9322317;2202;2022-02-15 00:00:00;PM MESQUITA;17.112.061/0001-43;1261;SEE;SECRETARIA DE ESTADO DE EDUCACAO;42;AUXILIOS;1;AUXILIOS;23;FUNDO DE MANUTENCAO E DESENVOLVIMENTO DA EDUCACAO BASICA - FUNDEB;572825,09;572825,09;572825,09
9322318;2203;2022-02-15 00:00:00;PM CORACAO DE JESUS;22.680.672/0001-28;1261;SEE;SECRETARIA DE ESTADO DE EDUCACAO;42;AUXILIOS;1;AUXILIOS;23;FUNDO DE MANUTENCAO E DESENVOLVIMENTO DA EDUCACAO BASICA - FUNDEB;572825,09;572825,09;572825,09
9322319;2208;2022-02-15 00:00:00;PM ALVORADA DE MINAS;18.303.164/0001-53;1261;SEE;SECRETARIA DE ESTADO DE EDUCACAO;42;AUXILIOS;1;AUXILIOS;23;FUNDO DE MANUTENCAO E DESENVOLVIMENTO DA EDUCACAO BASICA - FUNDEB;100000,0;100000,0;100000,0
9322320;2209;2022-02-15 00:00:00;PM IAPU;18.338.830/0001-99;1261;SEE;SECRETARIA DE ESTADO DE EDUCACAO;42;AUXILIOS;1;AUXILIOS;23;FUNDO DE MANUTENCAO E DESENVOLVIMENTO DA EDUCACAO BASICA - FUNDEB;100000,0;100000,0;100000,0
9322321;565;2022-02-16 00:00:00;PM CAMPOS ALTOS;18.298.190/0001-30;1261;SEE;SECRETARIA DE ESTADO DE EDUCACAO;42;AUXILIOS;1;AUXILIOS;23;FUNDO DE MANUTENCAO E DESENVOLVIMENTO DA EDUCACAO BASICA - FUNDEB;680000,0;680000,0;680000,0
9322322;2199;2022-02-15 00:00:00;PM ALFENAS;18.243.220/0001-01;1261;SEE;SECRETARIA DE ESTADO DE EDUCACAO;42;AUXILIOS;1;AUXILIOS;23;FUNDO DE MANUTENCAO E DESENVOLVIMENTO DA EDUCACAO BASICA - FUNDEB;1197800,0;1197800,0;1197800,0
9322323;2210;2022-02-15 00:00:00;PM CORINTO;17.695.016/0001-69;1261;SEE;SECRETARIA DE ESTADO DE EDUCACAO;42;AUXILIOS;1;AUXILIOS;23;FUNDO DE MANUTENCAO E DESENVOLVIMENTO DA EDUCACAO BASICA - FUNDEB;100000,0;100000,0;100000,0
9322324;2211;2022-02-15 00:00:00;PM CORINTO;17.695.016/0001-69;1261;SEE;SECRETARIA DE ESTADO DE EDUCACAO;42;AUXILIOS;1;AUXILIOS;23;FUNDO DE MANUTENCAO E DESENVOLVIMENTO DA EDUCACAO BASICA - FUNDEB;100000,0;100000,0;100000,0
9322325;2212;2022-02-15 00:00:00;PM ARAGUARI;16.829.640/0001-49;1261;SEE;SECRETARIA DE ESTADO DE EDUCACAO;42;AUXILIOS;1;AUXILIOS;23;FUNDO DE MANUTENCAO E DESENVOLVIMENTO DA EDUCACAO BASICA - FUNDEB;100000,0;100000,0;100000,0
9322326;2204;2022-02-15 00:00:00;PM DOM BOSCO;01.602.782/0001-00;1261;SEE;SECRETARIA DE ESTADO DE EDUCACAO;42;AUXILIOS;1;AUXILIOS;23;FUNDO DE MANUTENCAO E DESENVOLVIMENTO DA EDUCACAO BASICA - FUNDEB;572825,09;572825,09;572825,09
9322327;455;2022-02-14 00:00:00;PM DORES DE GUANHAES;18.307.413/0001-89;1261;SEE;SECRETARIA DE ESTADO DE EDUCACAO;42;AUXILIOS;1;AUXILIOS;23;FUNDO DE MANUTENCAO E DESENVOLVIMENTO DA EDUCACAO BASICA - FUNDEB;1200000,0;1200000,0;1200000,0
9322328;429;2022-02-16 00:00:00;PM MOEMA;18.301.044/0001-17;1261;SEE;SECRETARIA DE ESTADO DE EDUCACAO;42;AUXILIOS;1;AUXILIOS;23;FUNDO DE MANUTENCAO E DESENVOLVIMENTO DA EDUCACAO BASICA - FUNDEB;2332634,78;2332634,78;2332634,78
9322329;758;2022-03-09 00:00:00;PM RIO PARANAIBA;18.602.045/0001-00;1261;SEE;SECRETARIA DE ESTADO DE EDUCACAO;42;AUXILIOS;1;AUXILIOS;23;FUNDO DE MANUTENCAO E DESENVOLVIMENTO DA EDUCACAO BASICA - FUNDEB;0,0;0,0;0,0
9322329;868;2022-04-01 00:00:00;PM RIO PARANAIBA;18.602.045/0001-00;1261;SEE;SECRETARIA DE ESTADO DE EDUCACAO;42;AUXILIOS;1;AUXILIOS;10;RECURSOS ORDINARIOS;700000,0;700000,0;700000,0
9322330;479;2022-02-14 00:00:00;PM FRUTAL;18.449.132/0001-60;1261;SEE;SECRETARIA DE ESTADO DE EDUCACAO;42;AUXILIOS;1;AUXILIOS;23;FUNDO DE MANUTENCAO E DESENVOLVIMENTO DA EDUCACAO BASICA - FUNDEB;1095618,81;1095618,81;1095618,81
9322331;405;2022-02-15 00:00:00;PM PEDRAS DE MARIA DA CRUZ;25.209.156/0001-08;1261;SEE;SECRETARIA DE ESTADO DE EDUCACAO;42;AUXILIOS;1;AUXILIOS;23;FUNDO DE MANUTENCAO E DESENVOLVIMENTO DA EDUCACAO BASICA - FUNDEB;295844,72;295844,72;295844,72
9322331;639;2022-02-18 00:00:00;PM PEDRAS DE MARIA DA CRUZ;25.209.156/0001-08;1261;SEE;SECRETARIA DE ESTADO DE EDUCACAO;42;AUXILIOS;1;AUXILIOS;23;FUNDO DE MANUTENCAO E DESENVOLVIMENTO DA EDUCACAO BASICA - FUNDEB;1295,34;1295,34;1295,34
9322332;164;2022-02-15 00:00:00;PM CAMPESTRE;18.178.400/0001-57;1261;SEE;SECRETARIA DE ESTADO DE EDUCACAO;42;AUXILIOS;1;AUXILIOS;23;FUNDO DE MANUTENCAO E DESENVOLVIMENTO DA EDUCACAO BASICA - FUNDEB;339124,82;339124,82;339124,82
9322333;404;2022-02-15 00:00:00;PM PEDRAS DE MARIA DA CRUZ;25.209.156/0001-08;1261;SEE;SECRETARIA DE ESTADO DE EDUCACAO;42;AUXILIOS;1;AUXILIOS;23;FUNDO DE MANUTENCAO E DESENVOLVIMENTO DA EDUCACAO BASICA - FUNDEB;500000,0;500000,0;500000,0
9322334;257;2022-02-14 00:00:00;PM ITAUNA;18.309.724/0001-87;1261;SEE;SECRETARIA DE ESTADO DE EDUCACAO;42;AUXILIOS;1;AUXILIOS;23;FUNDO DE MANUTENCAO E DESENVOLVIMENTO DA EDUCACAO BASICA - FUNDEB;3302196,0;3302196,0;3302196,0
9322335;1140;2022-02-15 00:00:00;PM PERIQUITO;01.613.077/0001-08;1261;SEE;SECRETARIA DE ESTADO DE EDUCACAO;42;AUXILIOS;1;AUXILIOS;10;RECURSOS ORDINARIOS;579606,48;579606,48;579606,48
9322345;18;2022-02-14 00:00:00;PM NOVO ORIENTE DE MINAS;01.613.373/0001-09;1261;SEE;SECRETARIA DE ESTADO DE EDUCACAO;42;AUXILIOS;1;AUXILIOS;10;RECURSOS ORDINARIOS;100000,0;100000,0;100000,0
9322346;1078;2022-02-24 00:00:00;PM SAO JOAO NEPOMUCENO;18.558.072/0001-14;1261;SEE;SECRETARIA DE ESTADO DE EDUCACAO;42;AUXILIOS;1;AUXILIOS;23;FUNDO DE MANUTENCAO E DESENVOLVIMENTO DA EDUCACAO BASICA - FUNDEB;600000,0;600000,0;600000,0
9322347;2200;2022-02-15 00:00:00;PM FRUTAL;18.449.132/0001-60;1261;SEE;SECRETARIA DE ESTADO DE EDUCACAO;42;AUXILIOS;1;AUXILIOS;23;FUNDO DE MANUTENCAO E DESENVOLVIMENTO DA EDUCACAO BASICA - FUNDEB;718600,0;718600,0;718600,0
9322348;2205;2022-02-15 00:00:00;PM TARUMIRIM;18.338.855/0001-92;1261;SEE;SECRETARIA DE ESTADO DE EDUCACAO;42;AUXILIOS;1;AUXILIOS;23;FUNDO DE MANUTENCAO E DESENVOLVIMENTO DA EDUCACAO BASICA - FUNDEB;755531,42;755531,42;755531,42
9322349;2206;2022-02-15 00:00:00;PM INDAIABIRA;01.614.599/0001-16;1261;SEE;SECRETARIA DE ESTADO DE EDUCACAO;42;AUXILIOS;1;AUXILIOS;23;FUNDO DE MANUTENCAO E DESENVOLVIMENTO DA EDUCACAO BASICA - FUNDEB;572825,09;572825,09;572825,09
9322350;2207;2022-02-15 00:00:00;PM MIRAVANIA;01.612.491/0001-94;1261;SEE;SECRETARIA DE ESTADO DE EDUCACAO;42;AUXILIOS;1;AUXILIOS;23;FUNDO DE MANUTENCAO E DESENVOLVIMENTO DA EDUCACAO BASICA - FUNDEB;1718475,27;1718475,27;1718475,27
9323282;18;2022-02-16 00:00:00;PM PERDOES;18.244.343/0001-67;1261;SEE;SECRETARIA DE ESTADO DE EDUCACAO;42;AUXILIOS;1;AUXILIOS;23;FUNDO DE MANUTENCAO E DESENVOLVIMENTO DA EDUCACAO BASICA - FUNDEB;1664216,15;1664216,15;1664216,15
9323584;1766;2022-02-25 00:00:00;PM RIBEIRAO DAS NEVES;18.314.609/0001-09;1261;SEE;SECRETARIA DE ESTADO DE EDUCACAO;42;AUXILIOS;1;AUXILIOS;23;FUNDO DE MANUTENCAO E DESENVOLVIMENTO DA EDUCACAO BASICA - FUNDEB;3425813,24;3425813,24;3425813,24
9323585;586;2022-02-25 00:00:00;PM MARIA DA FE;18.025.957/0001-58;1261;SEE;SECRETARIA DE ESTADO DE EDUCACAO;42;AUXILIOS;1;AUXILIOS;23;FUNDO DE MANUTENCAO E DESENVOLVIMENTO DA EDUCACAO BASICA - FUNDEB;2735296,95;2735296,95;2735296,95
9323844;152;2022-02-17 00:00:00;PM TOMBOS;18.114.223/0001-45;1261;SEE;SECRETARIA DE ESTADO DE EDUCACAO;42;AUXILIOS;1;AUXILIOS;23;FUNDO DE MANUTENCAO E DESENVOLVIMENTO DA EDUCACAO BASICA - FUNDEB;2744634,44;2744634,44;2744634,44
9323845;21;2022-02-17 00:00:00;PM PERDOES;18.244.343/0001-67;1261;SEE;SECRETARIA DE ESTADO DE EDUCACAO;42;AUXILIOS;1;AUXILIOS;23;FUNDO DE MANUTENCAO E DESENVOLVIMENTO DA EDUCACAO BASICA - FUNDEB;1597399,66;1597399,66;1597399,66
9323846;335;2022-02-21 00:00:00;PM PRUDENTE DE MORAIS;18.314.625/0001-93;1261;SEE;SECRETARIA DE ESTADO DE EDUCACAO;42;AUXILIOS;1;AUXILIOS;23;FUNDO DE MANUTENCAO E DESENVOLVIMENTO DA EDUCACAO BASICA - FUNDEB;415638,57;415638,57;415638,57
9323846;343;2022-02-21 00:00:00;PM PRUDENTE DE MORAIS;18.314.625/0001-93;1261;SEE;SECRETARIA DE ESTADO DE EDUCACAO;41;CONTRIBUICOES;1;CONTRIBUICOES;23;FUNDO DE MANUTENCAO E DESENVOLVIMENTO DA EDUCACAO BASICA - FUNDEB;125,49;125,49;125,49
9323847;832;2022-02-17 00:00:00;PM FRUTAL;18.449.132/0001-60;1261;SEE;SECRETARIA DE ESTADO DE EDUCACAO;42;AUXILIOS;1;AUXILIOS;23;FUNDO DE MANUTENCAO E DESENVOLVIMENTO DA EDUCACAO BASICA - FUNDEB;2123325,99;2123325,99;2123325,99
9323848;333;2022-02-21 00:00:00;PM JEQUITIBA;18.062.208/0001-09;1261;SEE;SECRETARIA DE ESTADO DE EDUCACAO;42;AUXILIOS;1;AUXILIOS;23;FUNDO DE MANUTENCAO E DESENVOLVIMENTO DA EDUCACAO BASICA - FUNDEB;1720000,0;1720000,0;1720000,0
9323849;2232;2022-02-17 00:00:00;PM CAPELINHA;19.229.921/0001-59;1261;SEE;SECRETARIA DE ESTADO DE EDUCACAO;42;AUXILIOS;1;AUXILIOS;23;FUNDO DE MANUTENCAO E DESENVOLVIMENTO DA EDUCACAO BASICA - FUNDEB;763439,23;763439,23;763439,23
9323850;2239;2022-02-17 00:00:00;PM MUZAMBINHO;18.668.624/0001-47;1261;SEE;SECRETARIA DE ESTADO DE EDUCACAO;42;AUXILIOS;1;AUXILIOS;23;FUNDO DE MANUTENCAO E DESENVOLVIMENTO DA EDUCACAO BASICA - FUNDEB;564033,58;564033,58;564033,58
9323851;2240;2022-02-17 00:00:00;PM ITAMBACURI;18.404.855/0001-43;1261;SEE;SECRETARIA DE ESTADO DE EDUCACAO;42;AUXILIOS;1;AUXILIOS;23;FUNDO DE MANUTENCAO E DESENVOLVIMENTO DA EDUCACAO BASICA - FUNDEB;566933,87;566933,87;566933,87
9323852;2216;2022-02-16 00:00:00;PM INDAIABIRA;01.614.599/0001-16;1261;SEE;SECRETARIA DE ESTADO DE EDUCACAO;42;AUXILIOS;1;AUXILIOS;23;FUNDO DE MANUTENCAO E DESENVOLVIMENTO DA EDUCACAO BASICA - FUNDEB;400000,0;400000,0;400000,0
9323853;2241;2022-02-17 00:00:00;PM CRISTINA;18.188.250/0001-62;1261;SEE;SECRETARIA DE ESTADO DE EDUCACAO;42;AUXILIOS;1;AUXILIOS;23;FUNDO DE MANUTENCAO E DESENVOLVIMENTO DA EDUCACAO BASICA - FUNDEB;564033,58;564033,58;564033,58
9323854;2242;2022-02-17 00:00:00;PM COQUEIRAL;18.239.624/0001-21;1261;SEE;SECRETARIA DE ESTADO DE EDUCACAO;42;AUXILIOS;1;AUXILIOS;23;FUNDO DE MANUTENCAO E DESENVOLVIMENTO DA EDUCACAO BASICA - FUNDEB;572825,09;572825,09;572825,09
9323855;2243;2022-02-17 00:00:00;PM CORACAO DE JESUS;22.680.672/0001-28;1261;SEE;SECRETARIA DE ESTADO DE EDUCACAO;42;AUXILIOS;1;AUXILIOS;23;FUNDO DE MANUTENCAO E DESENVOLVIMENTO DA EDUCACAO BASICA - FUNDEB;572825,09;572825,09;572825,09
9323856;2244;2022-02-17 00:00:00;PM MATIPO;18.385.104/0001-27;1261;SEE;SECRETARIA DE ESTADO DE EDUCACAO;42;AUXILIOS;1;AUXILIOS;23;FUNDO DE MANUTENCAO E DESENVOLVIMENTO DA EDUCACAO BASICA - FUNDEB;1106412,28;1106412,28;1106412,28
9323857;2245;2022-02-17 00:00:00;PM GAMELEIRA;01.612.482/0001-01;1261;SEE;SECRETARIA DE ESTADO DE EDUCACAO;42;AUXILIOS;1;AUXILIOS;23;FUNDO DE MANUTENCAO E DESENVOLVIMENTO DA EDUCACAO BASICA - FUNDEB;566933,87;566933,87;566933,87
9323858;2217;2022-02-16 00:00:00;PM SERRO;18.303.271/0001-81;1261;SEE;SECRETARIA DE ESTADO DE EDUCACAO;42;AUXILIOS;1;AUXILIOS;23;FUNDO DE MANUTENCAO E DESENVOLVIMENTO DA EDUCACAO BASICA - FUNDEB;100000,0;100000,0;100000,0
9323859;2218;2022-02-16 00:00:00;PM MATHIAS LOBATO;18.332.619/0001-69;1261;SEE;SECRETARIA DE ESTADO DE EDUCACAO;42;AUXILIOS;1;AUXILIOS;23;FUNDO DE MANUTENCAO E DESENVOLVIMENTO DA EDUCACAO BASICA - FUNDEB;99877,5;99877,5;99877,5
9323860;2246;2022-02-17 00:00:00;PM MATHIAS LOBATO;18.332.619/0001-69;1261;SEE;SECRETARIA DE ESTADO DE EDUCACAO;42;AUXILIOS;1;AUXILIOS;23;FUNDO DE MANUTENCAO E DESENVOLVIMENTO DA EDUCACAO BASICA - FUNDEB;755531,42;755531,42;755531,42
9323861;2219;2022-02-16 00:00:00;PM BRAUNAS;18.307.389/0001-88;1261;SEE;SECRETARIA DE ESTADO DE EDUCACAO;42;AUXILIOS;1;AUXILIOS;23;FUNDO DE MANUTENCAO E DESENVOLVIMENTO DA EDUCACAO BASICA - FUNDEB;100000,0;100000,0;100000,0
9323862;2247;2022-02-17 00:00:00;PM PARAISOPOLIS;18.025.965/0001-02;1261;SEE;SECRETARIA DE ESTADO DE EDUCACAO;42;AUXILIOS;1;AUXILIOS;23;FUNDO DE MANUTENCAO E DESENVOLVIMENTO DA EDUCACAO BASICA - FUNDEB;755531,42;755531,42;755531,42
9323863;2261;2022-02-17 00:00:00;PM ITACAMBIRA;18.017.400/0001-75;1261;SEE;SECRETARIA DE ESTADO DE EDUCACAO;42;AUXILIOS;1;AUXILIOS;23;FUNDO DE MANUTENCAO E DESENVOLVIMENTO DA EDUCACAO BASICA - FUNDEB;566933,87;566933,87;566933,87
9323864;2262;2022-02-17 00:00:00;PM PEDRAS DE MARIA DA CRUZ;25.209.156/0001-08;1261;SEE;SECRETARIA DE ESTADO DE EDUCACAO;42;AUXILIOS;1;AUXILIOS;23;FUNDO DE MANUTENCAO E DESENVOLVIMENTO DA EDUCACAO BASICA - FUNDEB;572825,09;572825,09;572825,09
9323865;2263;2022-02-17 00:00:00;PM SANTA RITA DO IBITIPOCA;18.094.862/0001-96;1261;SEE;SECRETARIA DE ESTADO DE EDUCACAO;42;AUXILIOS;1;AUXILIOS;23;FUNDO DE MANUTENCAO E DESENVOLVIMENTO DA EDUCACAO BASICA - FUNDEB;566933,87;566933,87;566933,87
9323866;2264;2022-02-17 00:00:00;PM FRUTA DE LEITE;01.612.483/0001-48;1261;SEE;SECRETARIA DE ESTADO DE EDUCACAO;42;AUXILIOS;1;AUXILIOS;23;FUNDO DE MANUTENCAO E DESENVOLVIMENTO DA EDUCACAO BASICA - FUNDEB;572825,09;572825,09;572825,09
9323870;2265;2022-02-17 00:00:00;PM QUARTEL GERAL;18.296.699/0001-44;1261;SEE;SECRETARIA DE ESTADO DE EDUCACAO;42;AUXILIOS;1;AUXILIOS;23;FUNDO DE MANUTENCAO E DESENVOLVIMENTO DA EDUCACAO BASICA - FUNDEB;755531,42;755531,42;755531,42
9323871;2220;2022-02-16 00:00:00;PM VIRGINOPOLIS;18.307.512/0001-60;1261;SEE;SECRETARIA DE ESTADO DE EDUCACAO;42;AUXILIOS;1;AUXILIOS;23;FUNDO DE MANUTENCAO E DESENVOLVIMENTO DA EDUCACAO BASICA - FUNDEB;301633,33;301633,33;301633,33
9323872;2221;2022-02-16 00:00:00;PM DIVISOPOLIS;66.234.311/0001-23;1261;SEE;SECRETARIA DE ESTADO DE EDUCACAO;42;AUXILIOS;1;AUXILIOS;23;FUNDO DE MANUTENCAO E DESENVOLVIMENTO DA EDUCACAO BASICA - FUNDEB;100000,0;100000,0;100000,0
9323873;2266;2022-02-17 00:00:00;PM ITUIUTABA;18.457.218/0001-35;1261;SEE;SECRETARIA DE ESTADO DE EDUCACAO;42;AUXILIOS;1;AUXILIOS;23;FUNDO DE MANUTENCAO E DESENVOLVIMENTO DA EDUCACAO BASICA - FUNDEB;763439,23;763439,23;763439,23
9323874;2267;2022-02-17 00:00:00;PM VICOSA;18.132.449/0001-79;1261;SEE;SECRETARIA DE ESTADO DE EDUCACAO;42;AUXILIOS;1;AUXILIOS;23;FUNDO DE MANUTENCAO E DESENVOLVIMENTO DA EDUCACAO BASICA - FUNDEB;572825,09;572825,09;572825,09
9323875;2268;2022-02-17 00:00:00;PM MUZAMBINHO;18.668.624/0001-47;1261;SEE;SECRETARIA DE ESTADO DE EDUCACAO;42;AUXILIOS;1;AUXILIOS;23;FUNDO DE MANUTENCAO E DESENVOLVIMENTO DA EDUCACAO BASICA - FUNDEB;564033,58;564033,58;564033,58
9323876;2269;2022-02-17 00:00:00;PM FORMIGA;16.784.720/0001-25;1261;SEE;SECRETARIA DE ESTADO DE EDUCACAO;42;AUXILIOS;1;AUXILIOS;23;FUNDO DE MANUTENCAO E DESENVOLVIMENTO DA EDUCACAO BASICA - FUNDEB;564033,58;564033,58;564033,58
9323877;2299;2022-02-17 00:00:00;PM JAPONVAR;01.612.476/0001-46;1261;SEE;SECRETARIA DE ESTADO DE EDUCACAO;42;AUXILIOS;1;AUXILIOS;10;RECURSOS ORDINARIOS;569879,49;569879,49;569879,49
9323878;2270;2022-02-17 00:00:00;PM GOUVEA;17.754.144/0001-36;1261;SEE;SECRETARIA DE ESTADO DE EDUCACAO;42;AUXILIOS;1;AUXILIOS;23;FUNDO DE MANUTENCAO E DESENVOLVIMENTO DA EDUCACAO BASICA - FUNDEB;566933,87;566933,87;566933,87
9323879;2271;2022-02-17 00:00:00;PM CARLOS CHAGAS;18.477.315/0001-90;1261;SEE;SECRETARIA DE ESTADO DE EDUCACAO;42;AUXILIOS;1;AUXILIOS;23;FUNDO DE MANUTENCAO E DESENVOLVIMENTO DA EDUCACAO BASICA - FUNDEB;572825,09;572825,09;572825,09
9323880;2272;2022-02-17 00:00:00;PM BOCAIUVA;18.803.072/0001-32;1261;SEE;SECRETARIA DE ESTADO DE EDUCACAO;42;AUXILIOS;1;AUXILIOS;23;FUNDO DE MANUTENCAO E DESENVOLVIMENTO DA EDUCACAO BASICA - FUNDEB;572825,09;572825,09;572825,09
9323881;2273;2022-02-17 00:00:00;PM INDAIABIRA;01.614.599/0001-16;1261;SEE;SECRETARIA DE ESTADO DE EDUCACAO;42;AUXILIOS;1;AUXILIOS;23;FUNDO DE MANUTENCAO E DESENVOLVIMENTO DA EDUCACAO BASICA - FUNDEB;572825,09;572825,09;572825,09
9323882;2222;2022-02-16 00:00:00;PM ARAGUARI;16.829.640/0001-49;1261;SEE;SECRETARIA DE ESTADO DE EDUCACAO;42;AUXILIOS;1;AUXILIOS;23;FUNDO DE MANUTENCAO E DESENVOLVIMENTO DA EDUCACAO BASICA - FUNDEB;522400,0;522400,0;522400,0
9323883;2223;2022-02-16 00:00:00;PM ARAGUARI;16.829.640/0001-49;1261;SEE;SECRETARIA DE ESTADO DE EDUCACAO;42;AUXILIOS;1;AUXILIOS;23;FUNDO DE MANUTENCAO E DESENVOLVIMENTO DA EDUCACAO BASICA - FUNDEB;413800,0;413800,0;413800,0
9323884;2224;2022-02-16 00:00:00;PM ARCOS;18.306.662/0001-50;1261;SEE;SECRETARIA DE ESTADO DE EDUCACAO;42;AUXILIOS;1;AUXILIOS;23;FUNDO DE MANUTENCAO E DESENVOLVIMENTO DA EDUCACAO BASICA - FUNDEB;500000,0;500000,0;500000,0
9323885;2225;2022-02-16 00:00:00;PM CRUCILANDIA;18.313.007/0001-29;1261;SEE;SECRETARIA DE ESTADO DE EDUCACAO;42;AUXILIOS;1;AUXILIOS;23;FUNDO DE MANUTENCAO E DESENVOLVIMENTO DA EDUCACAO BASICA - FUNDEB;239031,15;239031,15;239031,15
9323886;2226;2022-02-16 00:00:00;PM TARUMIRIM;18.338.855/0001-92;1261;SEE;SECRETARIA DE ESTADO DE EDUCACAO;42;AUXILIOS;1;AUXILIOS;23;FUNDO DE MANUTENCAO E DESENVOLVIMENTO DA EDUCACAO BASICA - FUNDEB;250000,0;250000,0;250000,0
9323887;2274;2022-02-17 00:00:00;PM CLARO DOS POCOES;21.498.274/0001-22;1261;SEE;SECRETARIA DE ESTADO DE EDUCACAO;42;AUXILIOS;1;AUXILIOS;23;FUNDO DE MANUTENCAO E DESENVOLVIMENTO DA EDUCACAO BASICA - FUNDEB;566933,87;566933,87;566933,87
9323888;2275;2022-02-17 00:00:00;PM CRISTALIA;18.017.434/0001-60;1261;SEE;SECRETARIA DE ESTADO DE EDUCACAO;42;AUXILIOS;1;AUXILIOS;23;FUNDO DE MANUTENCAO E DESENVOLVIMENTO DA EDUCACAO BASICA - FUNDEB;566933,87;566933,87;566933,87
9323889;2276;2022-02-17 00:00:00;PM CLARO DOS POCOES;21.498.274/0001-22;1261;SEE;SECRETARIA DE ESTADO DE EDUCACAO;42;AUXILIOS;1;AUXILIOS;23;FUNDO DE MANUTENCAO E DESENVOLVIMENTO DA EDUCACAO BASICA - FUNDEB;566933,87;566933,87;566933,87
9323890;2277;2022-02-17 00:00:00;PM BERILO;17.700.758/0001-35;1261;SEE;SECRETARIA DE ESTADO DE EDUCACAO;42;AUXILIOS;1;AUXILIOS;23;FUNDO DE MANUTENCAO E DESENVOLVIMENTO DA EDUCACAO BASICA - FUNDEB;566933,87;566933,87;566933,87
9323891;2278;2022-02-17 00:00:00;PM PIRAPORA;23.539.463/0001-21;1261;SEE;SECRETARIA DE ESTADO DE EDUCACAO;42;AUXILIOS;1;AUXILIOS;23;FUNDO DE MANUTENCAO E DESENVOLVIMENTO DA EDUCACAO BASICA - FUNDEB;1145650,18;1145650,18;1145650,18
9323893;2227;2022-02-16 00:00:00;PM ARAGUARI;16.829.640/0001-49;1261;SEE;SECRETARIA DE ESTADO DE EDUCACAO;42;AUXILIOS;1;AUXILIOS;23;FUNDO DE MANUTENCAO E DESENVOLVIMENTO DA EDUCACAO BASICA - FUNDEB;510000,0;510000,0;510000,0
9323894;2228;2022-02-16 00:00:00;PM ARAGUARI;16.829.640/0001-49;1261;SEE;SECRETARIA DE ESTADO DE EDUCACAO;42;AUXILIOS;1;AUXILIOS;23;FUNDO DE MANUTENCAO E DESENVOLVIMENTO DA EDUCACAO BASICA - FUNDEB;1490000,0;1490000,0;1490000,0
9323895;2279;2022-02-17 00:00:00;PM DATAS;17.754.193/0001-79;1261;SEE;SECRETARIA DE ESTADO DE EDUCACAO;42;AUXILIOS;1;AUXILIOS;23;FUNDO DE MANUTENCAO E DESENVOLVIMENTO DA EDUCACAO BASICA - FUNDEB;564033,58;564033,58;564033,58
9323896;2280;2022-02-17 00:00:00;PM PATIS;01.612.478/0001-35;1261;SEE;SECRETARIA DE ESTADO DE EDUCACAO;42;AUXILIOS;1;AUXILIOS;23;FUNDO DE MANUTENCAO E DESENVOLVIMENTO DA EDUCACAO BASICA - FUNDEB;566933,87;566933,87;566933,87
9323897;2229;2022-02-16 00:00:00;PM CONQUISTA;18.428.888/0001-23;1261;SEE;SECRETARIA DE ESTADO DE EDUCACAO;42;AUXILIOS;1;AUXILIOS;23;FUNDO DE MANUTENCAO E DESENVOLVIMENTO DA EDUCACAO BASICA - FUNDEB;500000,0;500000,0;500000,0
9323899;2281;2022-02-17 00:00:00;PM FRANCISCO DUMONT;16.885.485/0001-88;1261;SEE;SECRETARIA DE ESTADO DE EDUCACAO;42;AUXILIOS;1;AUXILIOS;23;FUNDO DE MANUTENCAO E DESENVOLVIMENTO DA EDUCACAO BASICA - FUNDEB;566933,87;566933,87;566933,87
9323900;2282;2022-02-17 00:00:00;PM ERVALIA;18.133.306/0001-81;1261;SEE;SECRETARIA DE ESTADO DE EDUCACAO;42;AUXILIOS;1;AUXILIOS;23;FUNDO DE MANUTENCAO E DESENVOLVIMENTO DA EDUCACAO BASICA - FUNDEB;1094876,01;1094876,01;1094876,01
9323901;2283;2022-02-17 00:00:00;PM CAPELINHA;19.229.921/0001-59;1261;SEE;SECRETARIA DE ESTADO DE EDUCACAO;42;AUXILIOS;1;AUXILIOS;23;FUNDO DE MANUTENCAO E DESENVOLVIMENTO DA EDUCACAO BASICA - FUNDEB;763439,23;763439,23;763439,23
9323902;2284;2022-02-17 00:00:00;PM CONCEICAO DO RIO VERDE;18.008.888/0001-74;1261;SEE;SECRETARIA DE ESTADO DE EDUCACAO;42;AUXILIOS;1;AUXILIOS;23;FUNDO DE MANUTENCAO E DESENVOLVIMENTO DA EDUCACAO BASICA - FUNDEB;566933,87;566933,87;566933,87
9323903;2285;2022-02-17 00:00:00;PM JOAO PINHEIRO;16.930.299/0001-13;1261;SEE;SECRETARIA DE ESTADO DE EDUCACAO;42;AUXILIOS;1;AUXILIOS;23;FUNDO DE MANUTENCAO E DESENVOLVIMENTO DA EDUCACAO BASICA - FUNDEB;566933,87;566933,87;566933,87
9323904;2286;2022-02-17 00:00:00;PM ALFENAS;18.243.220/0001-01;1261;SEE;SECRETARIA DE ESTADO DE EDUCACAO;42;AUXILIOS;1;AUXILIOS;23;FUNDO DE MANUTENCAO E DESENVOLVIMENTO DA EDUCACAO BASICA - FUNDEB;572825,09;572825,09;572825,09
9323905;2288;2022-02-17 00:00:00;PM SANTANA DO GARAMBEU;18.338.285/0001-30;1261;SEE;SECRETARIA DE ESTADO DE EDUCACAO;42;AUXILIOS;1;AUXILIOS;23;FUNDO DE MANUTENCAO E DESENVOLVIMENTO DA EDUCACAO BASICA - FUNDEB;564033,58;564033,58;564033,58
9323906;2287;2022-02-17 00:00:00;PM ARAPONGA;18.132.167/0001-71;1261;SEE;SECRETARIA DE ESTADO DE EDUCACAO;42;AUXILIOS;1;AUXILIOS;23;FUNDO DE MANUTENCAO E DESENVOLVIMENTO DA EDUCACAO BASICA - FUNDEB;572825,09;572825,09;572825,09
9323907;2230;2022-02-16 00:00:00;PM ITAOBIM;18.414.573/0001-27;1261;SEE;SECRETARIA DE ESTADO DE EDUCACAO;42;AUXILIOS;1;AUXILIOS;23;FUNDO DE MANUTENCAO E DESENVOLVIMENTO DA EDUCACAO BASICA - FUNDEB;299332,0;299332,0;299332,0
9323908;2231;2022-02-16 00:00:00;PM UBERLANDIA;18.431.312/0001-15;1261;SEE;SECRETARIA DE ESTADO DE EDUCACAO;42;AUXILIOS;1;AUXILIOS;23;FUNDO DE MANUTENCAO E DESENVOLVIMENTO DA EDUCACAO BASICA - FUNDEB;1199984,43;1199984,43;1199984,43
9323909;2289;2022-02-17 00:00:00;PM ANDRADAS;17.884.412/0001-34;1261;SEE;SECRETARIA DE ESTADO DE EDUCACAO;42;AUXILIOS;1;AUXILIOS;23;FUNDO DE MANUTENCAO E DESENVOLVIMENTO DA EDUCACAO BASICA - FUNDEB;572825,09;572825,09;572825,09
9323910;2290;2022-02-17 00:00:00;PM AGUAS FORMOSAS;18.404.749/0001-60;1261;SEE;SECRETARIA DE ESTADO DE EDUCACAO;42;AUXILIOS;1;AUXILIOS;23;FUNDO DE MANUTENCAO E DESENVOLVIMENTO DA EDUCACAO BASICA - FUNDEB;572825,09;572825,09;572825,09
9323911;2291;2022-02-17 00:00:00;PM MAMONAS;25.212.242/0001-70;1261;SEE;SECRETARIA DE ESTADO DE EDUCACAO;42;AUXILIOS;1;AUXILIOS;23;FUNDO DE MANUTENCAO E DESENVOLVIMENTO DA EDUCACAO BASICA - FUNDEB;566932,82;566932,82;566932,82
9323912;2292;2022-02-17 00:00:00;PM MONTE CARMELO;18.593.103/0001-78;1261;SEE;SECRETARIA DE ESTADO DE EDUCACAO;42;AUXILIOS;1;AUXILIOS;23;FUNDO DE MANUTENCAO E DESENVOLVIMENTO DA EDUCACAO BASICA - FUNDEB;566933,87;566933,87;566933,87
9323913;2293;2022-02-17 00:00:00;PM MONTE CARMELO;18.593.103/0001-78;1261;SEE;SECRETARIA DE ESTADO DE EDUCACAO;42;AUXILIOS;1;AUXILIOS;23;FUNDO DE MANUTENCAO E DESENVOLVIMENTO DA EDUCACAO BASICA - FUNDEB;566933,87;566933,87;566933,87
9323914;2294;2022-02-17 00:00:00;PM FRUTAL;18.449.132/0001-60;1261;SEE;SECRETARIA DE ESTADO DE EDUCACAO;42;AUXILIOS;1;AUXILIOS;23;FUNDO DE MANUTENCAO E DESENVOLVIMENTO DA EDUCACAO BASICA - FUNDEB;564033,58;564033,58;564033,58
9323915;2295;2022-02-17 00:00:00;PM ALTO RIO DOCE;18.094.748/0001-66;1261;SEE;SECRETARIA DE ESTADO DE EDUCACAO;42;AUXILIOS;1;AUXILIOS;23;FUNDO DE MANUTENCAO E DESENVOLVIMENTO DA EDUCACAO BASICA - FUNDEB;569879,48;569879,48;569879,48
9323916;2296;2022-02-17 00:00:00;PM POMPEU;18.296.681/0001-42;1261;SEE;SECRETARIA DE ESTADO DE EDUCACAO;42;AUXILIOS;1;AUXILIOS;23;FUNDO DE MANUTENCAO E DESENVOLVIMENTO DA EDUCACAO BASICA - FUNDEB;1089196,62;1089196,62;1089196,62
9323917;2233;2022-02-17 00:00:00;PM ITAMARATI DE MINAS;17.706.813/0001-02;1261;SEE;SECRETARIA DE ESTADO DE EDUCACAO;42;AUXILIOS;1;AUXILIOS;23;FUNDO DE MANUTENCAO E DESENVOLVIMENTO DA EDUCACAO BASICA - FUNDEB;222800,0;222800,0;222800,0
9323919;425;2022-02-18 00:00:00;PM MARIA DA FE;18.025.957/0001-58;1261;SEE;SECRETARIA DE ESTADO DE EDUCACAO;42;AUXILIOS;1;AUXILIOS;23;FUNDO DE MANUTENCAO E DESENVOLVIMENTO DA EDUCACAO BASICA - FUNDEB;1865110,8;1865110,8;1865110,8
9323920;855;2022-02-17 00:00:00;PM ARAXA;18.140.756/0001-00;1261;SEE;SECRETARIA DE ESTADO DE EDUCACAO;42;AUXILIOS;1;AUXILIOS;23;FUNDO DE MANUTENCAO E DESENVOLVIMENTO DA EDUCACAO BASICA - FUNDEB;1017798,53;1017798,53;1017798,53
9323921;2297;2022-02-17 00:00:00;PM JUIZ DE FORA;18.338.178/0001-02;1261;SEE;SECRETARIA DE ESTADO DE EDUCACAO;42;AUXILIOS;1;AUXILIOS;23;FUNDO DE MANUTENCAO E DESENVOLVIMENTO DA EDUCACAO BASICA - FUNDEB;566933,87;566933,87;566933,87
9323922;2260;2022-02-17 00:00:00;PM ITANHOMI;18.493.239/0001-06;1261;SEE;SECRETARIA DE ESTADO DE EDUCACAO;42;AUXILIOS;1;AUXILIOS;23;FUNDO DE MANUTENCAO E DESENVOLVIMENTO DA EDUCACAO BASICA - FUNDEB;569879,48;569879,48;569879,48
9323923;2234;2022-02-17 00:00:00;PM CONCEICAO DO RIO VERDE;18.008.888/0001-74;1261;SEE;SECRETARIA DE ESTADO DE EDUCACAO;42;AUXILIOS;1;AUXILIOS;23;FUNDO DE MANUTENCAO E DESENVOLVIMENTO DA EDUCACAO BASICA - FUNDEB;100000,0;100000,0;100000,0
9323924;2259;2022-02-17 00:00:00;PM RIO NOVO;18.338.244/0001-44;1261;SEE;SECRETARIA DE ESTADO DE EDUCACAO;42;AUXILIOS;1;AUXILIOS;23;FUNDO DE MANUTENCAO E DESENVOLVIMENTO DA EDUCACAO BASICA - FUNDEB;572825,09;572825,06;572825,06
9323925;2258;2022-02-17 00:00:00;PM FRANCISCO SA;22.681.423/0001-57;1261;SEE;SECRETARIA DE ESTADO DE EDUCACAO;42;AUXILIOS;1;AUXILIOS;23;FUNDO DE MANUTENCAO E DESENVOLVIMENTO DA EDUCACAO BASICA - FUNDEB;564033,58;564033,58;564033,58
9323926;2257;2022-02-17 00:00:00;PM VESPASIANO;18.715.425/0001-42;1261;SEE;SECRETARIA DE ESTADO DE EDUCACAO;42;AUXILIOS;1;AUXILIOS;23;FUNDO DE MANUTENCAO E DESENVOLVIMENTO DA EDUCACAO BASICA - FUNDEB;566933,87;566933,87;566933,87
9323927;2235;2022-02-17 00:00:00;PM DOM SILVERIO;18.297.226/0001-61;1261;SEE;SECRETARIA DE ESTADO DE EDUCACAO;42;AUXILIOS;1;AUXILIOS;23;FUNDO DE MANUTENCAO E DESENVOLVIMENTO DA EDUCACAO BASICA - FUNDEB;100000,0;100000,0;100000,0
9323928;2256;2022-02-17 00:00:00;PM CABO VERDE;17.909.599/0001-83;1261;SEE;SECRETARIA DE ESTADO DE EDUCACAO;42;AUXILIOS;1;AUXILIOS;23;FUNDO DE MANUTENCAO E DESENVOLVIMENTO DA EDUCACAO BASICA - FUNDEB;564033,58;564033,58;564033,58
9323930;2236;2022-02-17 00:00:00;PM GOIANA;01.611.137/0001-45;1261;SEE;SECRETARIA DE ESTADO DE EDUCACAO;42;AUXILIOS;1;AUXILIOS;23;FUNDO DE MANUTENCAO E DESENVOLVIMENTO DA EDUCACAO BASICA - FUNDEB;100000,0;100000,0;100000,0
9323931;2255;2022-02-17 00:00:00;PM RIO NOVO;18.338.244/0001-44;1261;SEE;SECRETARIA DE ESTADO DE EDUCACAO;42;AUXILIOS;1;AUXILIOS;23;FUNDO DE MANUTENCAO E DESENVOLVIMENTO DA EDUCACAO BASICA - FUNDEB;572825,09;572825,09;572825,09
9323932;2254;2022-02-17 00:00:00;PM AGUAS VERMELHAS;18.414.581/0001-73;1261;SEE;SECRETARIA DE ESTADO DE EDUCACAO;42;AUXILIOS;1;AUXILIOS;23;FUNDO DE MANUTENCAO E DESENVOLVIMENTO DA EDUCACAO BASICA - FUNDEB;572825,09;572825,09;572825,09
9323933;2253;2022-02-17 00:00:00;PM JOAO PINHEIRO;16.930.299/0001-13;1261;SEE;SECRETARIA DE ESTADO DE EDUCACAO;42;AUXILIOS;1;AUXILIOS;23;FUNDO DE MANUTENCAO E DESENVOLVIMENTO DA EDUCACAO BASICA - FUNDEB;755531,42;755531,42;755531,42
9323934;2252;2022-02-17 00:00:00;PM DIAMANTINA;17.754.136/0001-90;1261;SEE;SECRETARIA DE ESTADO DE EDUCACAO;42;AUXILIOS;1;AUXILIOS;23;FUNDO DE MANUTENCAO E DESENVOLVIMENTO DA EDUCACAO BASICA - FUNDEB;572825,09;572825,09;572825,09
9323935;2251;2022-02-17 00:00:00;PM PEDRA AZUL;18.414.565/0001-80;1261;SEE;SECRETARIA DE ESTADO DE EDUCACAO;42;AUXILIOS;1;AUXILIOS;23;FUNDO DE MANUTENCAO E DESENVOLVIMENTO DA EDUCACAO BASICA - FUNDEB;763439,23;763439,23;763439,23
9323936;2237;2022-02-17 00:00:00;PM RIO PARANAIBA;18.602.045/0001-00;1261;SEE;SECRETARIA DE ESTADO DE EDUCACAO;42;AUXILIOS;1;AUXILIOS;23;FUNDO DE MANUTENCAO E DESENVOLVIMENTO DA EDUCACAO BASICA - FUNDEB;100000,0;100000,0;100000,0
9323937;2238;2022-02-17 00:00:00;PM DOM BOSCO;01.602.782/0001-00;1261;SEE;SECRETARIA DE ESTADO DE EDUCACAO;42;AUXILIOS;1;AUXILIOS;23;FUNDO DE MANUTENCAO E DESENVOLVIMENTO DA EDUCACAO BASICA - FUNDEB;150000,0;150000,0;150000,0
9323938;2250;2022-02-17 00:00:00;PM MONTE SANTO DE MINAS;18.241.372/0001-75;1261;SEE;SECRETARIA DE ESTADO DE EDUCACAO;42;AUXILIOS;1;AUXILIOS;23;FUNDO DE MANUTENCAO E DESENVOLVIMENTO DA EDUCACAO BASICA - FUNDEB;566933,87;566933,87;566933,87
9323939;2249;2022-02-17 00:00:00;PM PONTO CHIQUE;01.612.500/0001-47;1261;SEE;SECRETARIA DE ESTADO DE EDUCACAO;42;AUXILIOS;1;AUXILIOS;23;FUNDO DE MANUTENCAO E DESENVOLVIMENTO DA EDUCACAO BASICA - FUNDEB;572825,09;572825,09;572825,09
9323940;2248;2022-02-17 00:00:00;PM ARINOS;18.125.120/0001-80;1261;SEE;SECRETARIA DE ESTADO DE EDUCACAO;42;AUXILIOS;1;AUXILIOS;23;FUNDO DE MANUTENCAO E DESENVOLVIMENTO DA EDUCACAO BASICA - FUNDEB;572825,09;572825,09;572825,09
9323942;2298;2022-02-17 00:00:00;PM BURITIS;18.125.146/0001-29;1261;SEE;SECRETARIA DE ESTADO DE EDUCACAO;42;AUXILIOS;1;AUXILIOS;23;FUNDO DE MANUTENCAO E DESENVOLVIMENTO DA EDUCACAO BASICA - FUNDEB;572825,09;572825,09;572825,09
9323943;2300;2022-02-17 00:00:00;PM CAMPINA VERDE;18.457.291/0001-07;1261;SEE;SECRETARIA DE ESTADO DE EDUCACAO;42;AUXILIOS;1;AUXILIOS;23;FUNDO DE MANUTENCAO E DESENVOLVIMENTO DA EDUCACAO BASICA - FUNDEB;572825,09;572825,09;572825,09
9323944;2302;2022-02-17 00:00:00;PM DIAMANTINA;17.754.136/0001-90;1261;SEE;SECRETARIA DE ESTADO DE EDUCACAO;42;AUXILIOS;1;AUXILIOS;23;FUNDO DE MANUTENCAO E DESENVOLVIMENTO DA EDUCACAO BASICA - FUNDEB;572825,09;572825,09;572825,09
9323945;2303;2022-02-17 00:00:00;PM DIAMANTINA;17.754.136/0001-90;1261;SEE;SECRETARIA DE ESTADO DE EDUCACAO;42;AUXILIOS;1;AUXILIOS;23;FUNDO DE MANUTENCAO E DESENVOLVIMENTO DA EDUCACAO BASICA - FUNDEB;572825,09;572825,09;572825,09
9323946;2305;2022-02-17 00:00:00;PM VARGEM GRANDE DO RIO PARDO;01.612.885/0001-42;1261;SEE;SECRETARIA DE ESTADO DE EDUCACAO;42;AUXILIOS;1;AUXILIOS;23;FUNDO DE MANUTENCAO E DESENVOLVIMENTO DA EDUCACAO BASICA - FUNDEB;763439,23;763439,23;763439,23
9323947;2306;2022-02-17 00:00:00;PM MUTUM;18.348.086/0001-03;1261;SEE;SECRETARIA DE ESTADO DE EDUCACAO;42;AUXILIOS;1;AUXILIOS;23;FUNDO DE MANUTENCAO E DESENVOLVIMENTO DA EDUCACAO BASICA - FUNDEB;566933,87;566933,87;566933,87
9323948;2307;2022-02-17 00:00:00;PM BOTUMIRIM;18.017.418/0001-77;1261;SEE;SECRETARIA DE ESTADO DE EDUCACAO;42;AUXILIOS;1;AUXILIOS;23;FUNDO DE MANUTENCAO E DESENVOLVIMENTO DA EDUCACAO BASICA - FUNDEB;572825,09;572825,09;572825,09
9323949;2308;2022-02-17 00:00:00;PM SOBRALIA;18.083.055/0001-78;1261;SEE;SECRETARIA DE ESTADO DE EDUCACAO;42;AUXILIOS;1;AUXILIOS;23;FUNDO DE MANUTENCAO E DESENVOLVIMENTO DA EDUCACAO BASICA - FUNDEB;566933,87;566933,87;566933,87
9323950;2309;2022-02-17 00:00:00;PM TRES PONTAS;18.245.167/0001-88;1261;SEE;SECRETARIA DE ESTADO DE EDUCACAO;42;AUXILIOS;1;AUXILIOS;23;FUNDO DE MANUTENCAO E DESENVOLVIMENTO DA EDUCACAO BASICA - FUNDEB;566933,87;566933,87;566933,87
9323951;2310;2022-02-17 00:00:00;PM VARZELANDIA;18.017.467/0001-00;1261;SEE;SECRETARIA DE ESTADO DE EDUCACAO;42;AUXILIOS;1;AUXILIOS;23;FUNDO DE MANUTENCAO E DESENVOLVIMENTO DA EDUCACAO BASICA - FUNDEB;566933,87;566933,87;566933,87
9323952;2311;2022-02-17 00:00:00;PM CHAPADA DO NORTE;16.886.608/0001-03;1261;SEE;SECRETARIA DE ESTADO DE EDUCACAO;42;AUXILIOS;1;AUXILIOS;23;FUNDO DE MANUTENCAO E DESENVOLVIMENTO DA EDUCACAO BASICA - FUNDEB;755531,42;755531,42;755531,42
9324002;426;2022-02-21 00:00:00;PM MARIA DA FE;18.025.957/0001-58;1261;SEE;SECRETARIA DE ESTADO DE EDUCACAO;42;AUXILIOS;1;AUXILIOS;23;FUNDO DE MANUTENCAO E DESENVOLVIMENTO DA EDUCACAO BASICA - FUNDEB;1416763,96;1416763,96;1416763,96
9324005;836;2022-02-17 00:00:00;PM SALINAS;24.359.333/0001-70;1261;SEE;SECRETARIA DE ESTADO DE EDUCACAO;42;AUXILIOS;1;AUXILIOS;23;FUNDO DE MANUTENCAO E DESENVOLVIMENTO DA EDUCACAO BASICA - FUNDEB;5446473,96;5446473,96;5446473,96
9324006;691;2022-02-23 00:00:00;PM FREI GASPAR;18.404.913/0001-39;1261;SEE;SECRETARIA DE ESTADO DE EDUCACAO;42;AUXILIOS;1;AUXILIOS;23;FUNDO DE MANUTENCAO E DESENVOLVIMENTO DA EDUCACAO BASICA - FUNDEB;384134,08;384134,08;384134,08
9324007;2313;2022-02-18 00:00:00;PM LASSANCE;18.279.125/0001-68;1261;SEE;SECRETARIA DE ESTADO DE EDUCACAO;42;AUXILIOS;1;AUXILIOS;23;FUNDO DE MANUTENCAO E DESENVOLVIMENTO DA EDUCACAO BASICA - FUNDEB;566933,87;566933,87;566933,87
9324059;1173;2022-03-04 00:00:00;PM INDAIABIRA;01.614.599/0001-16;1261;SEE;SECRETARIA DE ESTADO DE EDUCACAO;42;AUXILIOS;1;AUXILIOS;10;RECURSOS ORDINARIOS;1823667,67;1823667,67;1823667,67
9324060;814;2022-02-25 00:00:00;PM JUATUBA;64.487.614/0001-22;1261;SEE;SECRETARIA DE ESTADO DE EDUCACAO;42;AUXILIOS;1;AUXILIOS;23;FUNDO DE MANUTENCAO E DESENVOLVIMENTO DA EDUCACAO BASICA - FUNDEB;1000000,0;1000000,0;1000000,0
9324061;2367;2022-02-25 00:00:00;PM ARCEBURGO;17.899.717/0001-10;1261;SEE;SECRETARIA DE ESTADO DE EDUCACAO;42;AUXILIOS;1;AUXILIOS;23;FUNDO DE MANUTENCAO E DESENVOLVIMENTO DA EDUCACAO BASICA - FUNDEB;564033,58;564033,58;564033,58
9324062;2368;2022-02-25 00:00:00;PM FUNILANDIA;18.062.414/0001-00;1261;SEE;SECRETARIA DE ESTADO DE EDUCACAO;42;AUXILIOS;1;AUXILIOS;23;FUNDO DE MANUTENCAO E DESENVOLVIMENTO DA EDUCACAO BASICA - FUNDEB;751638,34;751638,34;751638,34
9324063;2369;2022-02-25 00:00:00;PM BOCAIUVA;18.803.072/0001-32;1261;SEE;SECRETARIA DE ESTADO DE EDUCACAO;42;AUXILIOS;1;AUXILIOS;23;FUNDO DE MANUTENCAO E DESENVOLVIMENTO DA EDUCACAO BASICA - FUNDEB;572825,09;572825,09;572825,09
9324064;2370;2022-02-25 00:00:00;PM ITAIPE;18.404.756/0001-61;1261;SEE;SECRETARIA DE ESTADO DE EDUCACAO;42;AUXILIOS;1;AUXILIOS;23;FUNDO DE MANUTENCAO E DESENVOLVIMENTO DA EDUCACAO BASICA - FUNDEB;572825,09;572825,09;572825,09
9324065;2371;2022-02-25 00:00:00;PM ITAIPE;18.404.756/0001-61;1261;SEE;SECRETARIA DE ESTADO DE EDUCACAO;42;AUXILIOS;1;AUXILIOS;23;FUNDO DE MANUTENCAO E DESENVOLVIMENTO DA EDUCACAO BASICA - FUNDEB;572825,09;572825,09;572825,09
9324069;2372;2022-02-25 00:00:00;PM DIVINOPOLIS;18.291.351/0001-64;1261;SEE;SECRETARIA DE ESTADO DE EDUCACAO;42;AUXILIOS;1;AUXILIOS;23;FUNDO DE MANUTENCAO E DESENVOLVIMENTO DA EDUCACAO BASICA - FUNDEB;572825,09;572825,09;572825,09
9324070;2373;2022-02-25 00:00:00;PM DIVINOPOLIS;18.291.351/0001-64;1261;SEE;SECRETARIA DE ESTADO DE EDUCACAO;42;AUXILIOS;1;AUXILIOS;23;FUNDO DE MANUTENCAO E DESENVOLVIMENTO DA EDUCACAO BASICA - FUNDEB;1106412,28;1106412,28;1106412,28
9324071;2366;2022-02-25 00:00:00;PM UNAI;18.125.161/0001-77;1261;SEE;SECRETARIA DE ESTADO DE EDUCACAO;42;AUXILIOS;1;AUXILIOS;23;FUNDO DE MANUTENCAO E DESENVOLVIMENTO DA EDUCACAO BASICA - FUNDEB;572825,09;572825,09;572825,09
9324072;2375;2022-02-25 00:00:00;PM ARINOS;18.125.120/0001-80;1261;SEE;SECRETARIA DE ESTADO DE EDUCACAO;42;AUXILIOS;1;AUXILIOS;23;FUNDO DE MANUTENCAO E DESENVOLVIMENTO DA EDUCACAO BASICA - FUNDEB;572825,09;572825,09;572825,09
9324073;2376;2022-02-25 00:00:00;PM BELO ORIENTE;17.005.653/0001-66;1261;SEE;SECRETARIA DE ESTADO DE EDUCACAO;42;AUXILIOS;1;AUXILIOS;23;FUNDO DE MANUTENCAO E DESENVOLVIMENTO DA EDUCACAO BASICA - FUNDEB;572825,09;572825,09;572825,09
9324074;2377;2022-02-25 00:00:00;PM IGUATAMA;18.306.688/0001-06;1261;SEE;SECRETARIA DE ESTADO DE EDUCACAO;42;AUXILIOS;1;AUXILIOS;23;FUNDO DE MANUTENCAO E DESENVOLVIMENTO DA EDUCACAO BASICA - FUNDEB;751638,34;751638,34;751638,34
9324075;2378;2022-02-25 00:00:00;PM ARINOS;18.125.120/0001-80;1261;SEE;SECRETARIA DE ESTADO DE EDUCACAO;42;AUXILIOS;1;AUXILIOS;23;FUNDO DE MANUTENCAO E DESENVOLVIMENTO DA EDUCACAO BASICA - FUNDEB;572825,09;572825,09;572825,09
9324076;2379;2022-02-25 00:00:00;PM MUZAMBINHO;18.668.624/0001-47;1261;SEE;SECRETARIA DE ESTADO DE EDUCACAO;42;AUXILIOS;1;AUXILIOS;23;FUNDO DE MANUTENCAO E DESENVOLVIMENTO DA EDUCACAO BASICA - FUNDEB;751638,34;751638,34;751638,34
9324078;2380;2022-02-25 00:00:00;PM ERVALIA;18.133.306/0001-81;1261;SEE;SECRETARIA DE ESTADO DE EDUCACAO;42;AUXILIOS;1;AUXILIOS;23;FUNDO DE MANUTENCAO E DESENVOLVIMENTO DA EDUCACAO BASICA - FUNDEB;566933,87;566933,87;566933,87
9324086;2374;2022-02-25 00:00:00;PM VERDELANDIA;01.612.505/0001-70;1261;SEE;SECRETARIA DE ESTADO DE EDUCACAO;42;AUXILIOS;1;AUXILIOS;10;RECURSOS ORDINARIOS;751638,34;751638,34;751638,34
9324087;2365;2022-02-25 00:00:00;PM CORONEL MURTA;18.348.722/0001-05;1261;SEE;SECRETARIA DE ESTADO DE EDUCACAO;42;AUXILIOS;1;AUXILIOS;23;FUNDO DE MANUTENCAO E DESENVOLVIMENTO DA EDUCACAO BASICA - FUNDEB;100000,0;100000,0;100000,0
9324122;2327;2022-02-24 00:00:00;PM SAO SEBASTIAO DO PARAISO;18.241.349/0001-80;1261;SEE;SECRETARIA DE ESTADO DE EDUCACAO;42;AUXILIOS;1;AUXILIOS;23;FUNDO DE MANUTENCAO E DESENVOLVIMENTO DA EDUCACAO BASICA - FUNDEB;566933,87;566933,87;566933,87
9324123;2328;2022-02-24 00:00:00;PM PIRANGUCU;18.025.981/0001-97;1261;SEE;SECRETARIA DE ESTADO DE EDUCACAO;42;AUXILIOS;1;AUXILIOS;23;FUNDO DE MANUTENCAO E DESENVOLVIMENTO DA EDUCACAO BASICA - FUNDEB;564033,57;564033,57;564033,57
9324124;747;2022-03-21 00:00:00;PM CATAS ALTAS DA NORUEGA;19.718.378/0001-53;1261;SEE;SECRETARIA DE ESTADO DE EDUCACAO;42;AUXILIOS;1;AUXILIOS;23;FUNDO DE MANUTENCAO E DESENVOLVIMENTO DA EDUCACAO BASICA - FUNDEB;453108,68;453108,68;453108,68
9324125;1593;2022-02-25 00:00:00;PM PEDRAS DE MARIA DA CRUZ;25.209.156/0001-08;1261;SEE;SECRETARIA DE ESTADO DE EDUCACAO;42;AUXILIOS;1;AUXILIOS;10;RECURSOS ORDINARIOS;240186,66;240186,66;240186,66
9324126;1551;2022-02-25 00:00:00;PM PEDRAS DE MARIA DA CRUZ;25.209.156/0001-08;1261;SEE;SECRETARIA DE ESTADO DE EDUCACAO;42;AUXILIOS;1;AUXILIOS;23;FUNDO DE MANUTENCAO E DESENVOLVIMENTO DA EDUCACAO BASICA - FUNDEB;556715,97;556715,97;556715,97
9324127;499;2022-02-22 00:00:00;PM DESTERRO DE ENTRE RIOS;20.356.762/0001-32;1261;SEE;SECRETARIA DE ESTADO DE EDUCACAO;42;AUXILIOS;1;AUXILIOS;23;FUNDO DE MANUTENCAO E DESENVOLVIMENTO DA EDUCACAO BASICA - FUNDEB;2042958,68;2042958,68;2042958,68
9324128;2329;2022-02-24 00:00:00;PM MIRABELA;18.017.376/0001-74;1261;SEE;SECRETARIA DE ESTADO DE EDUCACAO;42;AUXILIOS;1;AUXILIOS;23;FUNDO DE MANUTENCAO E DESENVOLVIMENTO DA EDUCACAO BASICA - FUNDEB;572825,09;572825,09;572825,09
9324129;2315;2022-02-23 00:00:00;PM DONA EUZEBIA;17.706.656/0001-27;1261;SEE;SECRETARIA DE ESTADO DE EDUCACAO;42;AUXILIOS;1;AUXILIOS;23;FUNDO DE MANUTENCAO E DESENVOLVIMENTO DA EDUCACAO BASICA - FUNDEB;259300,0;259300,0;259300,0
9324130;2317;2022-02-23 00:00:00;PM CAMBUI;18.675.975/0001-85;1261;SEE;SECRETARIA DE ESTADO DE EDUCACAO;42;AUXILIOS;1;AUXILIOS;23;FUNDO DE MANUTENCAO E DESENVOLVIMENTO DA EDUCACAO BASICA - FUNDEB;98198,21;98198,21;98198,21
9324132;2330;2022-02-24 00:00:00;PM LEME DO PRADO;01.587.109/0001-30;1261;SEE;SECRETARIA DE ESTADO DE EDUCACAO;42;AUXILIOS;1;AUXILIOS;23;FUNDO DE MANUTENCAO E DESENVOLVIMENTO DA EDUCACAO BASICA - FUNDEB;569879,48;569879,48;569879,48
9324133;2331;2022-02-24 00:00:00;PM CONSELHEIRO LAFAIETE;19.718.360/0001-51;1261;SEE;SECRETARIA DE ESTADO DE EDUCACAO;42;AUXILIOS;1;AUXILIOS;23;FUNDO DE MANUTENCAO E DESENVOLVIMENTO DA EDUCACAO BASICA - FUNDEB;755531,42;755531,42;755531,42
9324203;1545;2022-02-25 00:00:00;PM PEDRAS DE MARIA DA CRUZ;25.209.156/0001-08;1261;SEE;SECRETARIA DE ESTADO DE EDUCACAO;42;AUXILIOS;1;AUXILIOS;23;FUNDO DE MANUTENCAO E DESENVOLVIMENTO DA EDUCACAO BASICA - FUNDEB;572351,45;572351,45;572351,45
9324204;924;2022-02-24 00:00:00;PM SAO JOAO DO MANHUACU;66.232.521/0001-82;1261;SEE;SECRETARIA DE ESTADO DE EDUCACAO;42;AUXILIOS;1;AUXILIOS;23;FUNDO DE MANUTENCAO E DESENVOLVIMENTO DA EDUCACAO BASICA - FUNDEB;4500000,0;4500000,0;4500000,0
9324205;871;2022-02-25 00:00:00;PM SAO JOAO EVANGELISTA;18.307.488/0001-60;1261;SEE;SECRETARIA DE ESTADO DE EDUCACAO;42;AUXILIOS;1;AUXILIOS;23;FUNDO DE MANUTENCAO E DESENVOLVIMENTO DA EDUCACAO BASICA - FUNDEB;1200000,0;1200000,0;1200000,0
9324206;1129;2022-02-24 00:00:00;PM NOVA UNIAO;18.302.307/0001-02;1261;SEE;SECRETARIA DE ESTADO DE EDUCACAO;42;AUXILIOS;1;AUXILIOS;23;FUNDO DE MANUTENCAO E DESENVOLVIMENTO DA EDUCACAO BASICA - FUNDEB;653591,87;653591,87;653591,87
9324207;2332;2022-02-24 00:00:00;PM SAO ROQUE DE MINAS;18.306.670/0001-04;1261;SEE;SECRETARIA DE ESTADO DE EDUCACAO;42;AUXILIOS;1;AUXILIOS;23;FUNDO DE MANUTENCAO E DESENVOLVIMENTO DA EDUCACAO BASICA - FUNDEB;572825,09;572825,09;572825,09
9324208;2333;2022-02-24 00:00:00;PM MATO VERDE;17.782.616/0001-64;1261;SEE;SECRETARIA DE ESTADO DE EDUCACAO;42;AUXILIOS;1;AUXILIOS;23;FUNDO DE MANUTENCAO E DESENVOLVIMENTO DA EDUCACAO BASICA - FUNDEB;566933,87;566933,87;566933,87
9324209;2334;2022-02-24 00:00:00;PM ALPINOPOLIS;18.241.752/0001-00;1261;SEE;SECRETARIA DE ESTADO DE EDUCACAO;42;AUXILIOS;1;AUXILIOS;23;FUNDO DE MANUTENCAO E DESENVOLVIMENTO DA EDUCACAO BASICA - FUNDEB;566933,87;566933,87;566933,87
9324210;2335;2022-02-24 00:00:00;PM MACHADO;18.242.784/0001-20;1261;SEE;SECRETARIA DE ESTADO DE EDUCACAO;42;AUXILIOS;1;AUXILIOS;23;FUNDO DE MANUTENCAO E DESENVOLVIMENTO DA EDUCACAO BASICA - FUNDEB;566933,87;566933,87;566933,87
9324211;2336;2022-02-24 00:00:00;PM MONTALVANIA;17.097.791/0001-12;1261;SEE;SECRETARIA DE ESTADO DE EDUCACAO;42;AUXILIOS;1;AUXILIOS;23;FUNDO DE MANUTENCAO E DESENVOLVIMENTO DA EDUCACAO BASICA - FUNDEB;1133867,74;1133867,74;1133867,74
9324212;2316;2022-02-23 00:00:00;PM SIMONESIA;18.385.120/0001-10;1261;SEE;SECRETARIA DE ESTADO DE EDUCACAO;42;AUXILIOS;1;AUXILIOS;23;FUNDO DE MANUTENCAO E DESENVOLVIMENTO DA EDUCACAO BASICA - FUNDEB;1103500,0;1103500,0;1103500,0
9324213;2318;2022-02-23 00:00:00;PM GUIMARANIA;18.602.052/0001-01;1261;SEE;SECRETARIA DE ESTADO DE EDUCACAO;42;AUXILIOS;1;AUXILIOS;23;FUNDO DE MANUTENCAO E DESENVOLVIMENTO DA EDUCACAO BASICA - FUNDEB;100000,0;100000,0;100000,0
9324214;2337;2022-02-24 00:00:00;PM CAPINOPOLIS;18.457.234/0001-28;1261;SEE;SECRETARIA DE ESTADO DE EDUCACAO;42;AUXILIOS;1;AUXILIOS;23;FUNDO DE MANUTENCAO E DESENVOLVIMENTO DA EDUCACAO BASICA - FUNDEB;569879,48;569879,48;569879,48
9324215;2338;2022-02-24 00:00:00;PM GUIMARANIA;18.602.052/0001-01;1261;SEE;SECRETARIA DE ESTADO DE EDUCACAO;42;AUXILIOS;1;AUXILIOS;23;FUNDO DE MANUTENCAO E DESENVOLVIMENTO DA EDUCACAO BASICA - FUNDEB;564033,58;564033,58;564033,58
9324216;2339;2022-02-24 00:00:00;PM MARIA DA FE;18.025.957/0001-58;1261;SEE;SECRETARIA DE ESTADO DE EDUCACAO;42;AUXILIOS;1;AUXILIOS;23;FUNDO DE MANUTENCAO E DESENVOLVIMENTO DA EDUCACAO BASICA - FUNDEB;566933,87;566933,87;566933,87
9324217;2340;2022-02-24 00:00:00;PM VARZELANDIA;18.017.467/0001-00;1261;SEE;SECRETARIA DE ESTADO DE EDUCACAO;42;AUXILIOS;1;AUXILIOS;23;FUNDO DE MANUTENCAO E DESENVOLVIMENTO DA EDUCACAO BASICA - FUNDEB;755531,42;755531,42;755531,42
9324218;2341;2022-02-24 00:00:00;PM CURRAL DE DENTRO;01.613.076/0001-55;1261;SEE;SECRETARIA DE ESTADO DE EDUCACAO;42;AUXILIOS;1;AUXILIOS;23;FUNDO DE MANUTENCAO E DESENVOLVIMENTO DA EDUCACAO BASICA - FUNDEB;572825,09;572825,09;572825,09
9324219;2342;2022-02-24 00:00:00;PM PARA DE MINAS;18.313.817/0001-85;1261;SEE;SECRETARIA DE ESTADO DE EDUCACAO;42;AUXILIOS;1;AUXILIOS;23;FUNDO DE MANUTENCAO E DESENVOLVIMENTO DA EDUCACAO BASICA - FUNDEB;759485,32;759485,32;759485,32
9324220;2343;2022-02-24 00:00:00;PM IBIA;18.584.961/0001-56;1261;SEE;SECRETARIA DE ESTADO DE EDUCACAO;42;AUXILIOS;1;AUXILIOS;23;FUNDO DE MANUTENCAO E DESENVOLVIMENTO DA EDUCACAO BASICA - FUNDEB;564033,58;564033,58;564033,58
9324243;696;2022-02-25 00:00:00;PM DESTERRO DE ENTRE RIOS;20.356.762/0001-32;1261;SEE;SECRETARIA DE ESTADO DE EDUCACAO;42;AUXILIOS;1;AUXILIOS;23;FUNDO DE MANUTENCAO E DESENVOLVIMENTO DA EDUCACAO BASICA - FUNDEB;1200000,0;1200000,0;1200000,0
9324245;1451;2022-03-11 00:00:00;PM COQUEIRAL;18.239.624/0001-21;1261;SEE;SECRETARIA DE ESTADO DE EDUCACAO;42;AUXILIOS;1;AUXILIOS;23;FUNDO DE MANUTENCAO E DESENVOLVIMENTO DA EDUCACAO BASICA - FUNDEB;520833,33;520833,33;520833,33
9324246;701;2022-02-25 00:00:00;PM MACHACALIS;18.404.921/0001-85;1261;SEE;SECRETARIA DE ESTADO DE EDUCACAO;42;AUXILIOS;1;AUXILIOS;23;FUNDO DE MANUTENCAO E DESENVOLVIMENTO DA EDUCACAO BASICA - FUNDEB;300000,0;300000,0;300000,0
9324247;852;2022-02-25 00:00:00;PM AGUAS VERMELHAS;18.414.581/0001-73;1261;SEE;SECRETARIA DE ESTADO DE EDUCACAO;42;AUXILIOS;1;AUXILIOS;23;FUNDO DE MANUTENCAO E DESENVOLVIMENTO DA EDUCACAO BASICA - FUNDEB;1689580,78;1689580,78;1689580,78
9324248;446;2022-02-24 00:00:00;PM CAMPESTRE;18.178.400/0001-57;1261;SEE;SECRETARIA DE ESTADO DE EDUCACAO;42;AUXILIOS;1;AUXILIOS;23;FUNDO DE MANUTENCAO E DESENVOLVIMENTO DA EDUCACAO BASICA - FUNDEB;1509196,91;1509196,91;1509196,91
9324249;2350;2022-02-24 00:00:00;PM SANTA BARBARA DO LESTE;66.229.634/0001-29;1261;SEE;SECRETARIA DE ESTADO DE EDUCACAO;42;AUXILIOS;1;AUXILIOS;23;FUNDO DE MANUTENCAO E DESENVOLVIMENTO DA EDUCACAO BASICA - FUNDEB;1133867,74;1133867,74;1133867,74
9324250;2351;2022-02-24 00:00:00;PM OURO VERDE DE MINAS;18.404.947/0001-23;1261;SEE;SECRETARIA DE ESTADO DE EDUCACAO;42;AUXILIOS;1;AUXILIOS;23;FUNDO DE MANUTENCAO E DESENVOLVIMENTO DA EDUCACAO BASICA - FUNDEB;1106412,28;1106412,28;1106412,28
9324251;2352;2022-02-24 00:00:00;PM DIAMANTINA;17.754.136/0001-90;1261;SEE;SECRETARIA DE ESTADO DE EDUCACAO;42;AUXILIOS;1;AUXILIOS;23;FUNDO DE MANUTENCAO E DESENVOLVIMENTO DA EDUCACAO BASICA - FUNDEB;572825,09;572825,09;572825,09
9324252;2388;2022-03-03 00:00:00;PM PATOS DE MINAS;18.602.011/0001-07;1261;SEE;SECRETARIA DE ESTADO DE EDUCACAO;42;AUXILIOS;1;AUXILIOS;10;RECURSOS ORDINARIOS;751638,34;751638,34;751638,34
9324253;2381;2022-03-03 00:00:00;PM SANTA CRUZ DE MINAS;01.615.371/0001-40;1261;SEE;SECRETARIA DE ESTADO DE EDUCACAO;42;AUXILIOS;1;AUXILIOS;23;FUNDO DE MANUTENCAO E DESENVOLVIMENTO DA EDUCACAO BASICA - FUNDEB;569879,48;569879,48;569879,48
9324254;2382;2022-03-03 00:00:00;PM MATO VERDE;17.782.616/0001-64;1261;SEE;SECRETARIA DE ESTADO DE EDUCACAO;42;AUXILIOS;1;AUXILIOS;23;FUNDO DE MANUTENCAO E DESENVOLVIMENTO DA EDUCACAO BASICA - FUNDEB;566932,82;566932,82;566932,82
9324255;2353;2022-02-24 00:00:00;PM TIMOTEO;19.875.020/0001-34;1261;SEE;SECRETARIA DE ESTADO DE EDUCACAO;42;AUXILIOS;1;AUXILIOS;23;FUNDO DE MANUTENCAO E DESENVOLVIMENTO DA EDUCACAO BASICA - FUNDEB;572825,09;572825,09;572825,09
9324257;2383;2022-03-03 00:00:00;PM JACUI;18.186.056/0001-48;1261;SEE;SECRETARIA DE ESTADO DE EDUCACAO;42;AUXILIOS;1;AUXILIOS;23;FUNDO DE MANUTENCAO E DESENVOLVIMENTO DA EDUCACAO BASICA - FUNDEB;763439,23;763439,23;763439,23
9324258;2344;2022-02-24 00:00:00;PM POTE;18.404.970/0001-18;1261;SEE;SECRETARIA DE ESTADO DE EDUCACAO;42;AUXILIOS;1;AUXILIOS;23;FUNDO DE MANUTENCAO E DESENVOLVIMENTO DA EDUCACAO BASICA - FUNDEB;313300,0;313300,0;313300,0
9324259;2345;2022-02-24 00:00:00;PM MARIA DA FE;18.025.957/0001-58;1261;SEE;SECRETARIA DE ESTADO DE EDUCACAO;42;AUXILIOS;1;AUXILIOS;23;FUNDO DE MANUTENCAO E DESENVOLVIMENTO DA EDUCACAO BASICA - FUNDEB;299600,0;299600,0;299600,0
9324261;2346;2022-02-24 00:00:00;PM DIVISA ALEGRE;01.613.073/0001-11;1261;SEE;SECRETARIA DE ESTADO DE EDUCACAO;42;AUXILIOS;1;AUXILIOS;23;FUNDO DE MANUTENCAO E DESENVOLVIMENTO DA EDUCACAO BASICA - FUNDEB;0,0;0,0;0,0
9324261;2364;2022-02-25 00:00:00;PM DIVISA ALEGRE;01.613.073/0001-11;1261;SEE;SECRETARIA DE ESTADO DE EDUCACAO;42;AUXILIOS;1;AUXILIOS;23;FUNDO DE MANUTENCAO E DESENVOLVIMENTO DA EDUCACAO BASICA - FUNDEB;100000,0;100000,0;100000,0
9324262;2347;2022-02-24 00:00:00;PM CARANGOLA;19.279.827/0001-04;1261;SEE;SECRETARIA DE ESTADO DE EDUCACAO;42;AUXILIOS;1;AUXILIOS;23;FUNDO DE MANUTENCAO E DESENVOLVIMENTO DA EDUCACAO BASICA - FUNDEB;199783,62;199783,62;199783,62
9324263;2348;2022-02-24 00:00:00;PM VIEIRAS;17.947.599/0001-78;1261;SEE;SECRETARIA DE ESTADO DE EDUCACAO;42;AUXILIOS;1;AUXILIOS;23;FUNDO DE MANUTENCAO E DESENVOLVIMENTO DA EDUCACAO BASICA - FUNDEB;500000,0;500000,0;500000,0
9324264;2349;2022-02-24 00:00:00;PM CAMPINA VERDE;18.457.291/0001-07;1261;SEE;SECRETARIA DE ESTADO DE EDUCACAO;42;AUXILIOS;1;AUXILIOS;23;FUNDO DE MANUTENCAO E DESENVOLVIMENTO DA EDUCACAO BASICA - FUNDEB;100000,0;100000,0;100000,0
9324265;2384;2022-03-03 00:00:00;PM NOVA SERRANA;18.291.385/0001-59;1261;SEE;SECRETARIA DE ESTADO DE EDUCACAO;42;AUXILIOS;1;AUXILIOS;23;FUNDO DE MANUTENCAO E DESENVOLVIMENTO DA EDUCACAO BASICA - FUNDEB;2099703,55;2099703,55;2099703,55
9324269;2385;2022-03-03 00:00:00;PM GUANHAES;18.307.439/0001-27;1261;SEE;SECRETARIA DE ESTADO DE EDUCACAO;42;AUXILIOS;1;AUXILIOS;23;FUNDO DE MANUTENCAO E DESENVOLVIMENTO DA EDUCACAO BASICA - FUNDEB;1106412,28;1106412,28;1106412,28
9324270;2386;2022-03-03 00:00:00;PM UNAI;18.125.161/0001-77;1261;SEE;SECRETARIA DE ESTADO DE EDUCACAO;42;AUXILIOS;1;AUXILIOS;23;FUNDO DE MANUTENCAO E DESENVOLVIMENTO DA EDUCACAO BASICA - FUNDEB;763439,23;763439,23;763439,23
9324301;47;2022-02-25 00:00:00;FRATERNIDADE BRASILEIRA DE ASSISTENCIA AOS CONDENADOS;01.528.418/0001-39;1451;SEJUSP;SECRETARIA DE ESTADO DE JUSTICA E SEGURANCA PUBLICA;43;SUBVENCOES SOCIAIS;1;SUBVENCOES SOCIAIS;10;RECURSOS ORDINARIOS;2080991,79;2080991,79;2080991,79
9324301;93;2022-11-04 00:00:00;FRATERNIDADE BRASILEIRA DE ASSISTENCIA AOS CONDENADOS;01.528.418/0001-39;1451;SEJUSP;SECRETARIA DE ESTADO DE JUSTICA E SEGURANCA PUBLICA;43;SUBVENCOES SOCIAIS;1;SUBVENCOES SOCIAIS;27;TAXA DE SEGURANCA PUBLICA;660819,45;660819,45;660819,45
9324333;2411;2022-03-04 00:00:00;PM MACHADO;18.242.784/0001-20;1261;SEE;SECRETARIA DE ESTADO DE EDUCACAO;42;AUXILIOS;1;AUXILIOS;23;FUNDO DE MANUTENCAO E DESENVOLVIMENTO DA EDUCACAO BASICA - FUNDEB;755531,42;755531,42;755531,42
9324334;2412;2022-03-04 00:00:00;PM PADRE CARVALHO;01.612.490/0001-40;1261;SEE;SECRETARIA DE ESTADO DE EDUCACAO;42;AUXILIOS;1;AUXILIOS;23;FUNDO DE MANUTENCAO E DESENVOLVIMENTO DA EDUCACAO BASICA - FUNDEB;566933,87;566933,87;566933,87
9324335;2413;2022-03-04 00:00:00;PM ITABIRA;18.299.446/0001-24;1261;SEE;SECRETARIA DE ESTADO DE EDUCACAO;42;AUXILIOS;1;AUXILIOS;23;FUNDO DE MANUTENCAO E DESENVOLVIMENTO DA EDUCACAO BASICA - FUNDEB;1718475,27;1718475,27;1718475,27
9324336;2389;2022-03-04 00:00:00;PM COUTO DE MAGALHAES DE MINAS;17.754.177/0001-86;1261;SEE;SECRETARIA DE ESTADO DE EDUCACAO;42;AUXILIOS;1;AUXILIOS;23;FUNDO DE MANUTENCAO E DESENVOLVIMENTO DA EDUCACAO BASICA - FUNDEB;100000,0;100000,0;100000,0
9324337;2390;2022-03-04 00:00:00;PM PEQUI;18.313.874/0001-64;1261;SEE;SECRETARIA DE ESTADO DE EDUCACAO;42;AUXILIOS;1;AUXILIOS;23;FUNDO DE MANUTENCAO E DESENVOLVIMENTO DA EDUCACAO BASICA - FUNDEB;100000,0;100000,0;100000,0
9324338;2391;2022-03-04 00:00:00;PM DELTA;01.020.881/0001-75;1261;SEE;SECRETARIA DE ESTADO DE EDUCACAO;42;AUXILIOS;1;AUXILIOS;23;FUNDO DE MANUTENCAO E DESENVOLVIMENTO DA EDUCACAO BASICA - FUNDEB;100000,0;100000,0;100000,0
9324341;2414;2022-03-04 00:00:00;PM FRUTAL;18.449.132/0001-60;1261;SEE;SECRETARIA DE ESTADO DE EDUCACAO;42;AUXILIOS;1;AUXILIOS;23;FUNDO DE MANUTENCAO E DESENVOLVIMENTO DA EDUCACAO BASICA - FUNDEB;751638,34;751638,34;751638,34
9324342;2392;2022-03-04 00:00:00;PM FELIXLANDIA;17.695.032/0001-51;1261;SEE;SECRETARIA DE ESTADO DE EDUCACAO;42;AUXILIOS;1;AUXILIOS;23;FUNDO DE MANUTENCAO E DESENVOLVIMENTO DA EDUCACAO BASICA - FUNDEB;100000,0;100000,0;100000,0
9324344;2393;2022-03-04 00:00:00;PM FELIXLANDIA;17.695.032/0001-51;1261;SEE;SECRETARIA DE ESTADO DE EDUCACAO;42;AUXILIOS;1;AUXILIOS;23;FUNDO DE MANUTENCAO E DESENVOLVIMENTO DA EDUCACAO BASICA - FUNDEB;200000,0;200000,0;200000,0
9324345;2415;2022-03-04 00:00:00;PM IPIACU;18.457.259/0001-21;1261;SEE;SECRETARIA DE ESTADO DE EDUCACAO;42;AUXILIOS;1;AUXILIOS;23;FUNDO DE MANUTENCAO E DESENVOLVIMENTO DA EDUCACAO BASICA - FUNDEB;569879,49;569879,49;569879,49
9324346;2387;2022-03-03 00:00:00;PM BANDEIRA DO SUL;18.175.794/0001-90;1261;SEE;SECRETARIA DE ESTADO DE EDUCACAO;42;AUXILIOS;1;AUXILIOS;23;FUNDO DE MANUTENCAO E DESENVOLVIMENTO DA EDUCACAO BASICA - FUNDEB;795000,0;795000,0;795000,0
9324347;2394;2022-03-04 00:00:00;PM JOSE GONCALVES DE MINAS;01.613.372/0001-56;1261;SEE;SECRETARIA DE ESTADO DE EDUCACAO;42;AUXILIOS;1;AUXILIOS;23;FUNDO DE MANUTENCAO E DESENVOLVIMENTO DA EDUCACAO BASICA - FUNDEB;410000,0;410000,0;410000,0
9324351;2416;2022-03-04 00:00:00;PM UBERABA;18.428.839/0001-90;1261;SEE;SECRETARIA DE ESTADO DE EDUCACAO;42;AUXILIOS;1;AUXILIOS;23;FUNDO DE MANUTENCAO E DESENVOLVIMENTO DA EDUCACAO BASICA - FUNDEB;1692100,74;1692100,74;1692100,74
9324352;2429;2022-03-07 00:00:00;PM SAO LOURENCO;18.188.219/0001-21;1261;SEE;SECRETARIA DE ESTADO DE EDUCACAO;42;AUXILIOS;1;AUXILIOS;23;FUNDO DE MANUTENCAO E DESENVOLVIMENTO DA EDUCACAO BASICA - FUNDEB;755531,42;755531,42;755531,42
9324353;2422;2022-03-07 00:00:00;PM ALEM PARAIBA;17.709.197/0001-35;1261;SEE;SECRETARIA DE ESTADO DE EDUCACAO;42;AUXILIOS;1;AUXILIOS;23;FUNDO DE MANUTENCAO E DESENVOLVIMENTO DA EDUCACAO BASICA - FUNDEB;100000,0;100000,0;100000,0
9324355;2423;2022-03-07 00:00:00;PM SAO LOURENCO;18.188.219/0001-21;1261;SEE;SECRETARIA DE ESTADO DE EDUCACAO;42;AUXILIOS;1;AUXILIOS;23;FUNDO DE MANUTENCAO E DESENVOLVIMENTO DA EDUCACAO BASICA - FUNDEB;246440,95;246440,95;246440,95
9324356;2501;2022-03-11 00:00:00;PM BOTUMIRIM;18.017.418/0001-77;1261;SEE;SECRETARIA DE ESTADO DE EDUCACAO;42;AUXILIOS;1;AUXILIOS;23;FUNDO DE MANUTENCAO E DESENVOLVIMENTO DA EDUCACAO BASICA - FUNDEB;100000,0;100000,0;100000,0
9324357;2424;2022-03-07 00:00:00;PM CAPITOLIO;16.726.028/0001-40;1261;SEE;SECRETARIA DE ESTADO DE EDUCACAO;42;AUXILIOS;1;AUXILIOS;23;FUNDO DE MANUTENCAO E DESENVOLVIMENTO DA EDUCACAO BASICA - FUNDEB;200000,0;200000,0;200000,0
9324358;2425;2022-03-07 00:00:00;PM BELO HORIZONTE;18.715.383/0001-40;1261;SEE;SECRETARIA DE ESTADO DE EDUCACAO;42;AUXILIOS;1;AUXILIOS;23;FUNDO DE MANUTENCAO E DESENVOLVIMENTO DA EDUCACAO BASICA - FUNDEB;1019745,71;1019745,71;1019745,71
9324359;2426;2022-03-07 00:00:00;PM CACHOEIRA DA PRATA;25.004.532/0001-28;1261;SEE;SECRETARIA DE ESTADO DE EDUCACAO;42;AUXILIOS;1;AUXILIOS;23;FUNDO DE MANUTENCAO E DESENVOLVIMENTO DA EDUCACAO BASICA - FUNDEB;100000,0;100000,0;100000,0
9324360;2427;2022-03-07 00:00:00;PM AIMORES;18.348.094/0001-50;1261;SEE;SECRETARIA DE ESTADO DE EDUCACAO;42;AUXILIOS;1;AUXILIOS;23;FUNDO DE MANUTENCAO E DESENVOLVIMENTO DA EDUCACAO BASICA - FUNDEB;100000,0;100000,0;100000,0
9324361;13;2022-03-11 00:00:00;CENTRO DE APOIO FAMILIAR ESPECIALIZADO EM ALCOOL E DROGAS - CAFE-AD;33.812.095/0001-05;1481;SEDESE;SECRETARIA DE ESTADO DE DESENVOLVIMENTO SOCIAL;43;SUBVENCOES SOCIAIS;1;SUBVENCOES SOCIAIS;10;RECURSOS ORDINARIOS;156757,32;156757,32;156757,32
9324362;2428;2022-03-07 00:00:00;PM SAO JOAO DE MANTENINHA;22.705.248/0001-90;1261;SEE;SECRETARIA DE ESTADO DE EDUCACAO;42;AUXILIOS;1;AUXILIOS;23;FUNDO DE MANUTENCAO E DESENVOLVIMENTO DA EDUCACAO BASICA - FUNDEB;300000,0;300000,0;300000,0
9325235;2395;2022-03-04 00:00:00;PM DIVINOLANDIA DE MINAS;18.307.405/0001-32;1261;SEE;SECRETARIA DE ESTADO DE EDUCACAO;42;AUXILIOS;1;AUXILIOS;23;FUNDO DE MANUTENCAO E DESENVOLVIMENTO DA EDUCACAO BASICA - FUNDEB;345911,47;345911,47;345911,47
9325236;2396;2022-03-04 00:00:00;PM CACHOEIRA DOURADA;18.457.267/0001-78;1261;SEE;SECRETARIA DE ESTADO DE EDUCACAO;42;AUXILIOS;1;AUXILIOS;23;FUNDO DE MANUTENCAO E DESENVOLVIMENTO DA EDUCACAO BASICA - FUNDEB;96458,01;96458,01;96458,01
9325237;2397;2022-03-04 00:00:00;PM ARACUAI;17.963.083/0001-17;1261;SEE;SECRETARIA DE ESTADO DE EDUCACAO;42;AUXILIOS;1;AUXILIOS;23;FUNDO DE MANUTENCAO E DESENVOLVIMENTO DA EDUCACAO BASICA - FUNDEB;100000,0;100000,0;100000,0
9325238;2398;2022-03-04 00:00:00;PM ARACUAI;17.963.083/0001-17;1261;SEE;SECRETARIA DE ESTADO DE EDUCACAO;42;AUXILIOS;1;AUXILIOS;23;FUNDO DE MANUTENCAO E DESENVOLVIMENTO DA EDUCACAO BASICA - FUNDEB;200000,0;200000,0;200000,0
9325239;2399;2022-03-04 00:00:00;PM FUNILANDIA;18.062.414/0001-00;1261;SEE;SECRETARIA DE ESTADO DE EDUCACAO;42;AUXILIOS;1;AUXILIOS;23;FUNDO DE MANUTENCAO E DESENVOLVIMENTO DA EDUCACAO BASICA - FUNDEB;99985,75;99985,75;99985,75
9325240;2400;2022-03-04 00:00:00;PM PARAOPEBA;18.116.160/0001-66;1261;SEE;SECRETARIA DE ESTADO DE EDUCACAO;42;AUXILIOS;1;AUXILIOS;23;FUNDO DE MANUTENCAO E DESENVOLVIMENTO DA EDUCACAO BASICA - FUNDEB;106102,7;106102,7;106102,7
9325241;2417;2022-03-04 00:00:00;PM INIMUTABA;17.694.860/0001-75;1261;SEE;SECRETARIA DE ESTADO DE EDUCACAO;42;AUXILIOS;1;AUXILIOS;23;FUNDO DE MANUTENCAO E DESENVOLVIMENTO DA EDUCACAO BASICA - FUNDEB;564033,58;564033,58;564033,58
9325242;2418;2022-03-04 00:00:00;PM BRASILANDIA DE MINAS;01.602.009/0001-35;1261;SEE;SECRETARIA DE ESTADO DE EDUCACAO;42;AUXILIOS;1;AUXILIOS;23;FUNDO DE MANUTENCAO E DESENVOLVIMENTO DA EDUCACAO BASICA - FUNDEB;572825,09;572825,09;572825,09
9325243;2419;2022-03-04 00:00:00;PM CONCEICAO DOS OUROS;18.677.609/0001-65;1261;SEE;SECRETARIA DE ESTADO DE EDUCACAO;42;AUXILIOS;1;AUXILIOS;23;FUNDO DE MANUTENCAO E DESENVOLVIMENTO DA EDUCACAO BASICA - FUNDEB;755531,42;755531,42;755531,42
9325244;2420;2022-03-04 00:00:00;PM PORTEIRINHA;18.013.326/0001-19;1261;SEE;SECRETARIA DE ESTADO DE EDUCACAO;42;AUXILIOS;1;AUXILIOS;23;FUNDO DE MANUTENCAO E DESENVOLVIMENTO DA EDUCACAO BASICA - FUNDEB;572825,09;572825,09;572825,09
9325245;2401;2022-03-04 00:00:00;PM MACHADO;18.242.784/0001-20;1261;SEE;SECRETARIA DE ESTADO DE EDUCACAO;42;AUXILIOS;1;AUXILIOS;23;FUNDO DE MANUTENCAO E DESENVOLVIMENTO DA EDUCACAO BASICA - FUNDEB;0,0;0,0;0,0
9325245;2402;2022-03-04 00:00:00;PM MACHADO;18.242.784/0001-20;1261;SEE;SECRETARIA DE ESTADO DE EDUCACAO;42;AUXILIOS;1;AUXILIOS;23;FUNDO DE MANUTENCAO E DESENVOLVIMENTO DA EDUCACAO BASICA - FUNDEB;300000,0;300000,0;300000,0
9325246;2403;2022-03-04 00:00:00;PM CHALE;18.392.548/0001-90;1261;SEE;SECRETARIA DE ESTADO DE EDUCACAO;42;AUXILIOS;1;AUXILIOS;23;FUNDO DE MANUTENCAO E DESENVOLVIMENTO DA EDUCACAO BASICA - FUNDEB;100000,0;100000,0;100000,0
9325247;2404;2022-03-04 00:00:00;PM BUGRE;01.613.126/0001-02;1261;SEE;SECRETARIA DE ESTADO DE EDUCACAO;42;AUXILIOS;1;AUXILIOS;23;FUNDO DE MANUTENCAO E DESENVOLVIMENTO DA EDUCACAO BASICA - FUNDEB;179336,67;179336,67;179336,67
9325248;2405;2022-03-04 00:00:00;PM BRAZOPOLIS;18.025.890/0001-51;1261;SEE;SECRETARIA DE ESTADO DE EDUCACAO;42;AUXILIOS;1;AUXILIOS;23;FUNDO DE MANUTENCAO E DESENVOLVIMENTO DA EDUCACAO BASICA - FUNDEB;200000,0;200000,0;200000,0
9325249;2406;2022-03-04 00:00:00;PM BOM DESPACHO;18.301.002/0001-86;1261;SEE;SECRETARIA DE ESTADO DE EDUCACAO;42;AUXILIOS;1;AUXILIOS;23;FUNDO DE MANUTENCAO E DESENVOLVIMENTO DA EDUCACAO BASICA - FUNDEB;250000,0;250000,0;250000,0
9325250;2407;2022-03-04 00:00:00;PM CASA GRANDE;18.667.477/0001-90;1261;SEE;SECRETARIA DE ESTADO DE EDUCACAO;42;AUXILIOS;1;AUXILIOS;23;FUNDO DE MANUTENCAO E DESENVOLVIMENTO DA EDUCACAO BASICA - FUNDEB;200000,0;200000,0;200000,0
9325251;2408;2022-03-04 00:00:00;PM AREADO;18.243.246/0001-50;1261;SEE;SECRETARIA DE ESTADO DE EDUCACAO;42;AUXILIOS;1;AUXILIOS;23;FUNDO DE MANUTENCAO E DESENVOLVIMENTO DA EDUCACAO BASICA - FUNDEB;99973,13;99973,13;99973,13
9325252;2409;2022-03-04 00:00:00;PM PEDRA AZUL;18.414.565/0001-80;1261;SEE;SECRETARIA DE ESTADO DE EDUCACAO;42;AUXILIOS;1;AUXILIOS;23;FUNDO DE MANUTENCAO E DESENVOLVIMENTO DA EDUCACAO BASICA - FUNDEB;194614,91;194614,91;194614,91
9325253;2410;2022-03-04 00:00:00;PM PESCADOR;18.404.962/0001-71;1261;SEE;SECRETARIA DE ESTADO DE EDUCACAO;42;AUXILIOS;1;AUXILIOS;23;FUNDO DE MANUTENCAO E DESENVOLVIMENTO DA EDUCACAO BASICA - FUNDEB;300000,0;300000,0;300000,0
9325254;2421;2022-03-04 00:00:00;PM LAMIM;24.179.426/0001-12;1261;SEE;SECRETARIA DE ESTADO DE EDUCACAO;42;AUXILIOS;1;AUXILIOS;23;FUNDO DE MANUTENCAO E DESENVOLVIMENTO DA EDUCACAO BASICA - FUNDEB;572825,09;572825,09;572825,09
9325279;2430;2022-03-07 00:00:00;PM SAO FELIX DE MINAS;01.613.121/0001-71;1261;SEE;SECRETARIA DE ESTADO DE EDUCACAO;42;AUXILIOS;1;AUXILIOS;23;FUNDO DE MANUTENCAO E DESENVOLVIMENTO DA EDUCACAO BASICA - FUNDEB;100000,0;100000,0;100000,0
9325281;2431;2022-03-07 00:00:00;PM ALMENARA;18.349.894/0001-95;1261;SEE;SECRETARIA DE ESTADO DE EDUCACAO;42;AUXILIOS;1;AUXILIOS;23;FUNDO DE MANUTENCAO E DESENVOLVIMENTO DA EDUCACAO BASICA - FUNDEB;200000,0;200000,0;200000,0
9325282;2432;2022-03-07 00:00:00;PM SERRO;18.303.271/0001-81;1261;SEE;SECRETARIA DE ESTADO DE EDUCACAO;42;AUXILIOS;1;AUXILIOS;23;FUNDO DE MANUTENCAO E DESENVOLVIMENTO DA EDUCACAO BASICA - FUNDEB;100000,0;100000,0;100000,0
9325283;2445;2022-03-07 00:00:00;PM ARACUAI;17.963.083/0001-17;1261;SEE;SECRETARIA DE ESTADO DE EDUCACAO;42;AUXILIOS;1;AUXILIOS;23;FUNDO DE MANUTENCAO E DESENVOLVIMENTO DA EDUCACAO BASICA - FUNDEB;566933,87;566933,87;566933,87
9325284;2433;2022-03-07 00:00:00;PM ARAGUARI;16.829.640/0001-49;1261;SEE;SECRETARIA DE ESTADO DE EDUCACAO;42;AUXILIOS;1;AUXILIOS;23;FUNDO DE MANUTENCAO E DESENVOLVIMENTO DA EDUCACAO BASICA - FUNDEB;100000,0;100000,0;100000,0
9325289;2434;2022-03-07 00:00:00;PM GUANHAES;18.307.439/0001-27;1261;SEE;SECRETARIA DE ESTADO DE EDUCACAO;42;AUXILIOS;1;AUXILIOS;23;FUNDO DE MANUTENCAO E DESENVOLVIMENTO DA EDUCACAO BASICA - FUNDEB;250000,0;250000,0;250000,0
9325290;2435;2022-03-07 00:00:00;PM CARBONITA;21.154.174/0001-89;1261;SEE;SECRETARIA DE ESTADO DE EDUCACAO;42;AUXILIOS;1;AUXILIOS;23;FUNDO DE MANUTENCAO E DESENVOLVIMENTO DA EDUCACAO BASICA - FUNDEB;100000,0;100000,0;100000,0
9325291;2436;2022-03-07 00:00:00;PM OLIVEIRA;16.854.531/0001-81;1261;SEE;SECRETARIA DE ESTADO DE EDUCACAO;42;AUXILIOS;1;AUXILIOS;23;FUNDO DE MANUTENCAO E DESENVOLVIMENTO DA EDUCACAO BASICA - FUNDEB;560000,0;560000,0;560000,0
9325292;2437;2022-03-07 00:00:00;PM LUISBURGO;01.615.423/0001-89;1261;SEE;SECRETARIA DE ESTADO DE EDUCACAO;42;AUXILIOS;1;AUXILIOS;23;FUNDO DE MANUTENCAO E DESENVOLVIMENTO DA EDUCACAO BASICA - FUNDEB;99507,23;99507,23;99507,23
9325293;2438;2022-03-07 00:00:00;PM SERRA DO SALITRE;18.468.058/0001-20;1261;SEE;SECRETARIA DE ESTADO DE EDUCACAO;42;AUXILIOS;1;AUXILIOS;23;FUNDO DE MANUTENCAO E DESENVOLVIMENTO DA EDUCACAO BASICA - FUNDEB;237147,3;237147,3;237147,3
9325294;2439;2022-03-07 00:00:00;PM CAMBUQUIRA;17.955.386/0001-98;1261;SEE;SECRETARIA DE ESTADO DE EDUCACAO;42;AUXILIOS;1;AUXILIOS;23;FUNDO DE MANUTENCAO E DESENVOLVIMENTO DA EDUCACAO BASICA - FUNDEB;99996,9;99996,9;99996,9
9325295;2440;2022-03-07 00:00:00;PM SAO GOTARDO;18.602.037/0001-55;1261;SEE;SECRETARIA DE ESTADO DE EDUCACAO;42;AUXILIOS;1;AUXILIOS;23;FUNDO DE MANUTENCAO E DESENVOLVIMENTO DA EDUCACAO BASICA - FUNDEB;300000,0;300000,0;300000,0
9325296;2446;2022-03-07 00:00:00;PM JOAO MONLEVADE;18.401.059/0001-57;1261;SEE;SECRETARIA DE ESTADO DE EDUCACAO;42;AUXILIOS;1;AUXILIOS;23;FUNDO DE MANUTENCAO E DESENVOLVIMENTO DA EDUCACAO BASICA - FUNDEB;572825,09;572825,09;572825,09
9325297;2447;2022-03-07 00:00:00;PM TAQUARACU DE MINAS;18.302.315/0001-59;1261;SEE;SECRETARIA DE ESTADO DE EDUCACAO;42;AUXILIOS;1;AUXILIOS;23;FUNDO DE MANUTENCAO E DESENVOLVIMENTO DA EDUCACAO BASICA - FUNDEB;572825,09;572825,09;572825,09
9325299;2448;2022-03-07 00:00:00;PM UBERABA;18.428.839/0001-90;1261;SEE;SECRETARIA DE ESTADO DE EDUCACAO;42;AUXILIOS;1;AUXILIOS;23;FUNDO DE MANUTENCAO E DESENVOLVIMENTO DA EDUCACAO BASICA - FUNDEB;564033,58;564033,58;564033,58
9325300;2449;2022-03-07 00:00:00;PM MONTE FORMOSO;01.615.007/0001-80;1261;SEE;SECRETARIA DE ESTADO DE EDUCACAO;42;AUXILIOS;1;AUXILIOS;23;FUNDO DE MANUTENCAO E DESENVOLVIMENTO DA EDUCACAO BASICA - FUNDEB;564033,58;564033,58;564033,58
9325301;2441;2022-03-07 00:00:00;PM ASTOLFO DUTRA;17.702.507/0001-90;1261;SEE;SECRETARIA DE ESTADO DE EDUCACAO;42;AUXILIOS;1;AUXILIOS;23;FUNDO DE MANUTENCAO E DESENVOLVIMENTO DA EDUCACAO BASICA - FUNDEB;300000,0;300000,0;300000,0
9325302;2442;2022-03-07 00:00:00;PM NEPOMUCENO;18.244.350/0001-69;1261;SEE;SECRETARIA DE ESTADO DE EDUCACAO;42;AUXILIOS;1;AUXILIOS;23;FUNDO DE MANUTENCAO E DESENVOLVIMENTO DA EDUCACAO BASICA - FUNDEB;299906,97;299906,97;299906,97
9325303;2443;2022-03-07 00:00:00;PM FORTALEZA DE MINAS;18.241.760/0001-56;1261;SEE;SECRETARIA DE ESTADO DE EDUCACAO;42;AUXILIOS;1;AUXILIOS;23;FUNDO DE MANUTENCAO E DESENVOLVIMENTO DA EDUCACAO BASICA - FUNDEB;200000,0;200000,0;200000,0
9325304;2444;2022-03-07 00:00:00;PM COROACI;18.085.647/0001-29;1261;SEE;SECRETARIA DE ESTADO DE EDUCACAO;42;AUXILIOS;1;AUXILIOS;23;FUNDO DE MANUTENCAO E DESENVOLVIMENTO DA EDUCACAO BASICA - FUNDEB;100000,0;100000,0;100000,0
9325305;2450;2022-03-07 00:00:00;PM PINTOPOLIS;01.612.481/0001-59;1261;SEE;SECRETARIA DE ESTADO DE EDUCACAO;42;AUXILIOS;1;AUXILIOS;23;FUNDO DE MANUTENCAO E DESENVOLVIMENTO DA EDUCACAO BASICA - FUNDEB;572825,09;572825,09;572825,09
9325306;746;2022-03-21 00:00:00;PM CONGONHAS;16.752.446/0001-02;1261;SEE;SECRETARIA DE ESTADO DE EDUCACAO;42;AUXILIOS;1;AUXILIOS;23;FUNDO DE MANUTENCAO E DESENVOLVIMENTO DA EDUCACAO BASICA - FUNDEB;1500000,0;1500000,0;1500000,0
9325332;2451;2022-03-08 00:00:00;PM SAO JOAO DA PONTE;16.928.483/0001-29;1261;SEE;SECRETARIA DE ESTADO DE EDUCACAO;42;AUXILIOS;1;AUXILIOS;23;FUNDO DE MANUTENCAO E DESENVOLVIMENTO DA EDUCACAO BASICA - FUNDEB;0,0;0,0;0,0
9325332;2457;2022-03-08 00:00:00;PM SAO JOAO DA PONTE;16.928.483/0001-29;1261;SEE;SECRETARIA DE ESTADO DE EDUCACAO;42;AUXILIOS;1;AUXILIOS;23;FUNDO DE MANUTENCAO E DESENVOLVIMENTO DA EDUCACAO BASICA - FUNDEB;572825,09;572825,09;572825,09
9325333;2456;2022-03-08 00:00:00;PM BOCAIUVA;18.803.072/0001-32;1261;SEE;SECRETARIA DE ESTADO DE EDUCACAO;42;AUXILIOS;1;AUXILIOS;23;FUNDO DE MANUTENCAO E DESENVOLVIMENTO DA EDUCACAO BASICA - FUNDEB;100000,0;100000,0;100000,0
9325334;2458;2022-03-08 00:00:00;PM PAINS;20.920.575/0001-30;1261;SEE;SECRETARIA DE ESTADO DE EDUCACAO;42;AUXILIOS;1;AUXILIOS;23;FUNDO DE MANUTENCAO E DESENVOLVIMENTO DA EDUCACAO BASICA - FUNDEB;200000,0;200000,0;200000,0
9325337;2455;2022-03-08 00:00:00;PM CATAGUASES;17.702.499/0001-81;1261;SEE;SECRETARIA DE ESTADO DE EDUCACAO;42;AUXILIOS;1;AUXILIOS;23;FUNDO DE MANUTENCAO E DESENVOLVIMENTO DA EDUCACAO BASICA - FUNDEB;2750000,0;2750000,0;2750000,0
9325339;2459;2022-03-08 00:00:00;PM ALTO RIO DOCE;18.094.748/0001-66;1261;SEE;SECRETARIA DE ESTADO DE EDUCACAO;42;AUXILIOS;1;AUXILIOS;23;FUNDO DE MANUTENCAO E DESENVOLVIMENTO DA EDUCACAO BASICA - FUNDEB;200000,0;200000,0;200000,0
9325340;2452;2022-03-08 00:00:00;PM TEOFILO OTONI;18.404.780/0001-09;1261;SEE;SECRETARIA DE ESTADO DE EDUCACAO;42;AUXILIOS;1;AUXILIOS;23;FUNDO DE MANUTENCAO E DESENVOLVIMENTO DA EDUCACAO BASICA - FUNDEB;566933,87;566933,87;566933,87
9325341;2453;2022-03-08 00:00:00;PM CONCEICAO DO PARA;18.315.200/0001-07;1261;SEE;SECRETARIA DE ESTADO DE EDUCACAO;42;AUXILIOS;1;AUXILIOS;23;FUNDO DE MANUTENCAO E DESENVOLVIMENTO DA EDUCACAO BASICA - FUNDEB;755531,42;755531,42;755531,42
9325342;2460;2022-03-08 00:00:00;PM FRUTA DE LEITE;01.612.483/0001-48;1261;SEE;SECRETARIA DE ESTADO DE EDUCACAO;42;AUXILIOS;1;AUXILIOS;23;FUNDO DE MANUTENCAO E DESENVOLVIMENTO DA EDUCACAO BASICA - FUNDEB;200000,0;200000,0;200000,0
9325343;2454;2022-03-08 00:00:00;PM SETUBINHA;01.613.375/0001-90;1261;SEE;SECRETARIA DE ESTADO DE EDUCACAO;42;AUXILIOS;1;AUXILIOS;23;FUNDO DE MANUTENCAO E DESENVOLVIMENTO DA EDUCACAO BASICA - FUNDEB;1145650,18;1145650,18;1145650,18
9325401;563;2022-03-09 00:00:00;PM VARZEA DA PALMA;18.279.059/0001-26;1261;SEE;SECRETARIA DE ESTADO DE EDUCACAO;42;AUXILIOS;1;AUXILIOS;10;RECURSOS ORDINARIOS;572825,09;572825,09;572825,09
9325402;2467;2022-03-09 00:00:00;PM ITATIAIUCU;18.691.766/0001-25;1261;SEE;SECRETARIA DE ESTADO DE EDUCACAO;42;AUXILIOS;1;AUXILIOS;23;FUNDO DE MANUTENCAO E DESENVOLVIMENTO DA EDUCACAO BASICA - FUNDEB;572825,09;572825,09;572825,09
9325403;2469;2022-03-09 00:00:00;PM NOVA LIMA;22.934.889/0001-17;1261;SEE;SECRETARIA DE ESTADO DE EDUCACAO;42;AUXILIOS;1;AUXILIOS;23;FUNDO DE MANUTENCAO E DESENVOLVIMENTO DA EDUCACAO BASICA - FUNDEB;200000,0;200000,0;200000,0
9325404;2468;2022-03-09 00:00:00;PM RIBEIRAO DAS NEVES;18.314.609/0001-09;1261;SEE;SECRETARIA DE ESTADO DE EDUCACAO;42;AUXILIOS;1;AUXILIOS;23;FUNDO DE MANUTENCAO E DESENVOLVIMENTO DA EDUCACAO BASICA - FUNDEB;1718475,27;1718475,27;1718475,27
9325405;2470;2022-03-09 00:00:00;PM TURMALINA;25.324.187/0001-00;1261;SEE;SECRETARIA DE ESTADO DE EDUCACAO;42;AUXILIOS;1;AUXILIOS;23;FUNDO DE MANUTENCAO E DESENVOLVIMENTO DA EDUCACAO BASICA - FUNDEB;215700,0;215700,0;215700,0
9325406;2471;2022-03-09 00:00:00;PM DELTA;01.020.881/0001-75;1261;SEE;SECRETARIA DE ESTADO DE EDUCACAO;42;AUXILIOS;1;AUXILIOS;23;FUNDO DE MANUTENCAO E DESENVOLVIMENTO DA EDUCACAO BASICA - FUNDEB;100000,0;100000,0;100000,0
9325407;2465;2022-03-09 00:00:00;PM ALAGOA;18.186.346/0001-91;1261;SEE;SECRETARIA DE ESTADO DE EDUCACAO;42;AUXILIOS;1;AUXILIOS;23;FUNDO DE MANUTENCAO E DESENVOLVIMENTO DA EDUCACAO BASICA - FUNDEB;479200,0;479200,0;479200,0
9325408;2466;2022-03-09 00:00:00;PM EWBANK DA CAMARA;17.747.932/0001-03;1261;SEE;SECRETARIA DE ESTADO DE EDUCACAO;42;AUXILIOS;1;AUXILIOS;23;FUNDO DE MANUTENCAO E DESENVOLVIMENTO DA EDUCACAO BASICA - FUNDEB;479200,0;479200,0;479200,0
9325626;2482;2022-03-10 00:00:00;PM MALACACHETA;18.404.871/0001-36;1261;SEE;SECRETARIA DE ESTADO DE EDUCACAO;42;AUXILIOS;1;AUXILIOS;23;FUNDO DE MANUTENCAO E DESENVOLVIMENTO DA EDUCACAO BASICA - FUNDEB;572825,09;572825,09;572825,09
9325627;2489;2022-03-10 00:00:00;PM NOVORIZONTE;01.616.420/0001-60;1261;SEE;SECRETARIA DE ESTADO DE EDUCACAO;42;AUXILIOS;1;AUXILIOS;23;FUNDO DE MANUTENCAO E DESENVOLVIMENTO DA EDUCACAO BASICA - FUNDEB;200000,0;200000,0;200000,0
9325628;2490;2022-03-10 00:00:00;PM BRASILIA DE MINAS;18.017.442/0001-06;1261;SEE;SECRETARIA DE ESTADO DE EDUCACAO;42;AUXILIOS;1;AUXILIOS;23;FUNDO DE MANUTENCAO E DESENVOLVIMENTO DA EDUCACAO BASICA - FUNDEB;200000,0;200000,0;200000,0
9325629;2491;2022-03-10 00:00:00;PM ACUCENA;17.005.216/0001-42;1261;SEE;SECRETARIA DE ESTADO DE EDUCACAO;42;AUXILIOS;1;AUXILIOS;10;RECURSOS ORDINARIOS;100000,0;100000,0;100000,0
9325630;2492;2022-03-10 00:00:00;PM CATAS ALTAS DA NORUEGA;19.718.378/0001-53;1261;SEE;SECRETARIA DE ESTADO DE EDUCACAO;42;AUXILIOS;1;AUXILIOS;23;FUNDO DE MANUTENCAO E DESENVOLVIMENTO DA EDUCACAO BASICA - FUNDEB;0,0;0,0;0,0
9325630;4590;2022-12-19 00:00:00;PM CATAS ALTAS DA NORUEGA;19.718.378/0001-53;1261;SEE;SECRETARIA DE ESTADO DE EDUCACAO;42;AUXILIOS;1;AUXILIOS;10;RECURSOS ORDINARIOS;100000,0;100000,0;0,0
9325631;2493;2022-03-10 00:00:00;PM NOVA SERRANA;18.291.385/0001-59;1261;SEE;SECRETARIA DE ESTADO DE EDUCACAO;42;AUXILIOS;1;AUXILIOS;23;FUNDO DE MANUTENCAO E DESENVOLVIMENTO DA EDUCACAO BASICA - FUNDEB;200000,0;200000,0;200000,0
9325632;2494;2022-03-10 00:00:00;PM PERIQUITO;01.613.077/0001-08;1261;SEE;SECRETARIA DE ESTADO DE EDUCACAO;42;AUXILIOS;1;AUXILIOS;10;RECURSOS ORDINARIOS;99970,43;99970,43;99970,43
9325633;2495;2022-03-10 00:00:00;PM DESTERRO DE ENTRE RIOS;20.356.762/0001-32;1261;SEE;SECRETARIA DE ESTADO DE EDUCACAO;42;AUXILIOS;1;AUXILIOS;23;FUNDO DE MANUTENCAO E DESENVOLVIMENTO DA EDUCACAO BASICA - FUNDEB;100000,0;100000,0;100000,0
9325634;2496;2022-03-10 00:00:00;PM RESENDE COSTA;17.749.912/0001-63;1261;SEE;SECRETARIA DE ESTADO DE EDUCACAO;42;AUXILIOS;1;AUXILIOS;23;FUNDO DE MANUTENCAO E DESENVOLVIMENTO DA EDUCACAO BASICA - FUNDEB;99508,21;99508,21;99508,21
9325635;2497;2022-03-10 00:00:00;PM CONCEICAO DAS ALAGOAS;18.428.854/0001-39;1261;SEE;SECRETARIA DE ESTADO DE EDUCACAO;42;AUXILIOS;1;AUXILIOS;23;FUNDO DE MANUTENCAO E DESENVOLVIMENTO DA EDUCACAO BASICA - FUNDEB;250000,0;250000,0;250000,0
9325636;2483;2022-03-10 00:00:00;PM ACUCENA;17.005.216/0001-42;1261;SEE;SECRETARIA DE ESTADO DE EDUCACAO;42;AUXILIOS;1;AUXILIOS;23;FUNDO DE MANUTENCAO E DESENVOLVIMENTO DA EDUCACAO BASICA - FUNDEB;1441300,0;1441300,0;1441300,0
9325637;2484;2022-03-10 00:00:00;PM AIMORES;18.348.094/0001-50;1261;SEE;SECRETARIA DE ESTADO DE EDUCACAO;42;AUXILIOS;1;AUXILIOS;23;FUNDO DE MANUTENCAO E DESENVOLVIMENTO DA EDUCACAO BASICA - FUNDEB;1835700,0;1835700,0;1835700,0
9325639;2485;2022-03-10 00:00:00;PM ALTO JEQUITIBA;18.392.506/0001-59;1261;SEE;SECRETARIA DE ESTADO DE EDUCACAO;42;AUXILIOS;1;AUXILIOS;23;FUNDO DE MANUTENCAO E DESENVOLVIMENTO DA EDUCACAO BASICA - FUNDEB;675600,0;675600,0;675600,0
9325640;2486;2022-03-10 00:00:00;PM ALVINOPOLIS;16.725.392/0001-96;1261;SEE;SECRETARIA DE ESTADO DE EDUCACAO;42;AUXILIOS;1;AUXILIOS;23;FUNDO DE MANUTENCAO E DESENVOLVIMENTO DA EDUCACAO BASICA - FUNDEB;237800,0;237800,0;237800,0
9325641;2487;2022-03-10 00:00:00;PM ALVORADA DE MINAS;18.303.164/0001-53;1261;SEE;SECRETARIA DE ESTADO DE EDUCACAO;42;AUXILIOS;1;AUXILIOS;23;FUNDO DE MANUTENCAO E DESENVOLVIMENTO DA EDUCACAO BASICA - FUNDEB;337800,0;337800,0;337800,0
9325642;2488;2022-03-10 00:00:00;PM ANGELANDIA;01.113.937/0001-36;1261;SEE;SECRETARIA DE ESTADO DE EDUCACAO;42;AUXILIOS;1;AUXILIOS;23;FUNDO DE MANUTENCAO E DESENVOLVIMENTO DA EDUCACAO BASICA - FUNDEB;1205600,0;1205600,0;1205600,0
9325643;2500;2022-03-11 00:00:00;PM BAMBUI;20.920.567/0001-93;1261;SEE;SECRETARIA DE ESTADO DE EDUCACAO;42;AUXILIOS;1;AUXILIOS;23;FUNDO DE MANUTENCAO E DESENVOLVIMENTO DA EDUCACAO BASICA - FUNDEB;624300,0;624300,0;624300,0
9325644;2499;2022-03-11 00:00:00;PM BARAO DE COCAIS;18.317.685/0001-60;1261;SEE;SECRETARIA DE ESTADO DE EDUCACAO;42;AUXILIOS;1;AUXILIOS;23;FUNDO DE MANUTENCAO E DESENVOLVIMENTO DA EDUCACAO BASICA - FUNDEB;1582700,0;1582700,0;1582700,0
9325828;2507;2022-03-11 00:00:00;PM CAJURI;18.132.456/0001-70;1261;SEE;SECRETARIA DE ESTADO DE EDUCACAO;42;AUXILIOS;1;AUXILIOS;23;FUNDO DE MANUTENCAO E DESENVOLVIMENTO DA EDUCACAO BASICA - FUNDEB;566933,87;566933,87;566933,87
9325829;2502;2022-03-11 00:00:00;PM PORTEIRINHA;18.013.326/0001-19;1261;SEE;SECRETARIA DE ESTADO DE EDUCACAO;42;AUXILIOS;1;AUXILIOS;23;FUNDO DE MANUTENCAO E DESENVOLVIMENTO DA EDUCACAO BASICA - FUNDEB;100000,0;100000,0;100000,0
9325830;2503;2022-03-11 00:00:00;PM PORTEIRINHA;18.013.326/0001-19;1261;SEE;SECRETARIA DE ESTADO DE EDUCACAO;42;AUXILIOS;1;AUXILIOS;23;FUNDO DE MANUTENCAO E DESENVOLVIMENTO DA EDUCACAO BASICA - FUNDEB;100000,0;100000,0;100000,0
9325831;2504;2022-03-11 00:00:00;PM PORTEIRINHA;18.013.326/0001-19;1261;SEE;SECRETARIA DE ESTADO DE EDUCACAO;42;AUXILIOS;1;AUXILIOS;23;FUNDO DE MANUTENCAO E DESENVOLVIMENTO DA EDUCACAO BASICA - FUNDEB;100000,0;100000,0;100000,0
9325832;2505;2022-03-11 00:00:00;PM PORTEIRINHA;18.013.326/0001-19;1261;SEE;SECRETARIA DE ESTADO DE EDUCACAO;42;AUXILIOS;1;AUXILIOS;23;FUNDO DE MANUTENCAO E DESENVOLVIMENTO DA EDUCACAO BASICA - FUNDEB;100000,0;100000,0;100000,0
9325833;2506;2022-03-11 00:00:00;PM ANGELANDIA;01.113.937/0001-36;1261;SEE;SECRETARIA DE ESTADO DE EDUCACAO;42;AUXILIOS;1;AUXILIOS;23;FUNDO DE MANUTENCAO E DESENVOLVIMENTO DA EDUCACAO BASICA - FUNDEB;101633,33;101633,33;101633,33
9325860;1345;2022-03-18 00:00:00;PM ARAXA;18.140.756/0001-00;1261;SEE;SECRETARIA DE ESTADO DE EDUCACAO;42;AUXILIOS;1;AUXILIOS;10;RECURSOS ORDINARIOS;2604543,0;2604543,0;2604543,0
9325861;1854;2022-03-14 00:00:00;PM PERIQUITO;01.613.077/0001-08;1261;SEE;SECRETARIA DE ESTADO DE EDUCACAO;42;AUXILIOS;1;AUXILIOS;23;FUNDO DE MANUTENCAO E DESENVOLVIMENTO DA EDUCACAO BASICA - FUNDEB;592286,03;592286,03;592286,03
9325862;1465;2022-03-15 00:00:00;PM CAMPOS GERAIS;18.245.175/0001-24;1261;SEE;SECRETARIA DE ESTADO DE EDUCACAO;42;AUXILIOS;1;AUXILIOS;23;FUNDO DE MANUTENCAO E DESENVOLVIMENTO DA EDUCACAO BASICA - FUNDEB;2013028,32;2013028,32;2013028,03
9325863;2528;2022-03-15 00:00:00;PM CACHOEIRA DO PAJEU;18.414.599/0001-75;1261;SEE;SECRETARIA DE ESTADO DE EDUCACAO;42;AUXILIOS;1;AUXILIOS;10;RECURSOS ORDINARIOS;1154800,0;1154800,0;1154800,0
9325864;2526;2022-03-14 00:00:00;PM BORDA DA MATA;17.912.023/0001-75;1261;SEE;SECRETARIA DE ESTADO DE EDUCACAO;42;AUXILIOS;1;AUXILIOS;23;FUNDO DE MANUTENCAO E DESENVOLVIMENTO DA EDUCACAO BASICA - FUNDEB;624300,0;624300,0;624300,0
9325865;2509;2022-03-14 00:00:00;PM ALFREDO VASCONCELOS;26.130.617/0001-15;1261;SEE;SECRETARIA DE ESTADO DE EDUCACAO;42;AUXILIOS;1;AUXILIOS;23;FUNDO DE MANUTENCAO E DESENVOLVIMENTO DA EDUCACAO BASICA - FUNDEB;100000,0;100000,0;100000,0
9325866;2512;2022-03-14 00:00:00;PM JAIBA;25.209.149/0001-06;1261;SEE;SECRETARIA DE ESTADO DE EDUCACAO;42;AUXILIOS;1;AUXILIOS;23;FUNDO DE MANUTENCAO E DESENVOLVIMENTO DA EDUCACAO BASICA - FUNDEB;200000,0;200000,0;200000,0
9325867;2515;2022-03-14 00:00:00;PM JAIBA;25.209.149/0001-06;1261;SEE;SECRETARIA DE ESTADO DE EDUCACAO;42;AUXILIOS;1;AUXILIOS;23;FUNDO DE MANUTENCAO E DESENVOLVIMENTO DA EDUCACAO BASICA - FUNDEB;100000,0;100000,0;100000,0
9325868;2558;2022-03-17 00:00:00;PM JAIBA;25.209.149/0001-06;1261;SEE;SECRETARIA DE ESTADO DE EDUCACAO;42;AUXILIOS;1;AUXILIOS;10;RECURSOS ORDINARIOS;100000,0;100000,0;100000,0
9325869;2516;2022-03-14 00:00:00;PM NOVA UNIAO;18.302.307/0001-02;1261;SEE;SECRETARIA DE ESTADO DE EDUCACAO;42;AUXILIOS;1;AUXILIOS;23;FUNDO DE MANUTENCAO E DESENVOLVIMENTO DA EDUCACAO BASICA - FUNDEB;100000,0;100000,0;100000,0
9325870;2529;2022-03-15 00:00:00;PM AGUA BOA;18.085.563/0001-95;1261;SEE;SECRETARIA DE ESTADO DE EDUCACAO;42;AUXILIOS;1;AUXILIOS;10;RECURSOS ORDINARIOS;883340,0;883340,0;883340,0
9325871;2530;2022-03-15 00:00:00;PM ALFREDO VASCONCELOS;26.130.617/0001-15;1261;SEE;SECRETARIA DE ESTADO DE EDUCACAO;42;AUXILIOS;1;AUXILIOS;10;RECURSOS ORDINARIOS;1768556,66;1768556,66;1768556,66
9325872;2525;2022-03-14 00:00:00;PM AREADO;18.243.246/0001-50;1261;SEE;SECRETARIA DE ESTADO DE EDUCACAO;42;AUXILIOS;1;AUXILIOS;23;FUNDO DE MANUTENCAO E DESENVOLVIMENTO DA EDUCACAO BASICA - FUNDEB;962100,0;962100,0;962100,0
9325873;2524;2022-03-14 00:00:00;PM BELO VALE;18.363.937/0001-97;1261;SEE;SECRETARIA DE ESTADO DE EDUCACAO;42;AUXILIOS;1;AUXILIOS;23;FUNDO DE MANUTENCAO E DESENVOLVIMENTO DA EDUCACAO BASICA - FUNDEB;530000,0;530000,0;530000,0
9325874;2531;2022-03-15 00:00:00;PM BERTOPOLIS;18.404.897/0001-84;1261;SEE;SECRETARIA DE ESTADO DE EDUCACAO;42;AUXILIOS;1;AUXILIOS;10;RECURSOS ORDINARIOS;1299900,0;1299900,0;1299900,0
9325875;2532;2022-03-15 00:00:00;PM BOCAIUVA;18.803.072/0001-32;1261;SEE;SECRETARIA DE ESTADO DE EDUCACAO;42;AUXILIOS;1;AUXILIOS;10;RECURSOS ORDINARIOS;2190208,0;2190208,0;2190208,0
9325876;2533;2022-03-15 00:00:00;PM BOM DESPACHO;18.301.002/0001-86;1261;SEE;SECRETARIA DE ESTADO DE EDUCACAO;42;AUXILIOS;1;AUXILIOS;10;RECURSOS ORDINARIOS;1633500,0;1633500,0;1633500,0
9325878;2523;2022-03-14 00:00:00;PM BOTUMIRIM;18.017.418/0001-77;1261;SEE;SECRETARIA DE ESTADO DE EDUCACAO;42;AUXILIOS;1;AUXILIOS;23;FUNDO DE MANUTENCAO E DESENVOLVIMENTO DA EDUCACAO BASICA - FUNDEB;479200,0;479200,0;479200,0
9325879;2522;2022-03-14 00:00:00;PM BRASILIA DE MINAS;18.017.442/0001-06;1261;SEE;SECRETARIA DE ESTADO DE EDUCACAO;42;AUXILIOS;1;AUXILIOS;23;FUNDO DE MANUTENCAO E DESENVOLVIMENTO DA EDUCACAO BASICA - FUNDEB;718600,0;718600,0;718600,0
9325880;2517;2022-03-14 00:00:00;PM JAIBA;25.209.149/0001-06;1261;SEE;SECRETARIA DE ESTADO DE EDUCACAO;42;AUXILIOS;1;AUXILIOS;23;FUNDO DE MANUTENCAO E DESENVOLVIMENTO DA EDUCACAO BASICA - FUNDEB;500000,0;500000,0;500000,0
9325881;2521;2022-03-14 00:00:00;PM CRUCILANDIA;18.313.007/0001-29;1261;SEE;SECRETARIA DE ESTADO DE EDUCACAO;42;AUXILIOS;1;AUXILIOS;23;FUNDO DE MANUTENCAO E DESENVOLVIMENTO DA EDUCACAO BASICA - FUNDEB;1898500,0;1898500,0;1898500,0
9325882;2520;2022-03-14 00:00:00;PM BOM JARDIM DE MINAS;18.684.217/0001-23;1261;SEE;SECRETARIA DE ESTADO DE EDUCACAO;42;AUXILIOS;1;AUXILIOS;23;FUNDO DE MANUTENCAO E DESENVOLVIMENTO DA EDUCACAO BASICA - FUNDEB;359300,0;359300,0;359300,0
9325883;2519;2022-03-14 00:00:00;PM BOM JESUS DO GALHO;18.334.276/0001-71;1261;SEE;SECRETARIA DE ESTADO DE EDUCACAO;42;AUXILIOS;1;AUXILIOS;23;FUNDO DE MANUTENCAO E DESENVOLVIMENTO DA EDUCACAO BASICA - FUNDEB;462333,33;462333,33;462333,33
9325884;2518;2022-03-14 00:00:00;PM CACHOEIRA DA PRATA;25.004.532/0001-28;1261;SEE;SECRETARIA DE ESTADO DE EDUCACAO;42;AUXILIOS;1;AUXILIOS;23;FUNDO DE MANUTENCAO E DESENVOLVIMENTO DA EDUCACAO BASICA - FUNDEB;479200,0;479200,0;479200,0
9325908;775;2022-03-15 00:00:00;PM RIO PIRACICABA;18.400.945/0001-66;1261;SEE;SECRETARIA DE ESTADO DE EDUCACAO;42;AUXILIOS;1;AUXILIOS;23;FUNDO DE MANUTENCAO E DESENVOLVIMENTO DA EDUCACAO BASICA - FUNDEB;125000,0;125000,0;125000,0
9325909;518;2022-03-23 00:00:00;PM ALEM PARAIBA;17.709.197/0001-35;1261;SEE;SECRETARIA DE ESTADO DE EDUCACAO;42;AUXILIOS;1;AUXILIOS;23;FUNDO DE MANUTENCAO E DESENVOLVIMENTO DA EDUCACAO BASICA - FUNDEB;1987905,0;1987905,0;1987905,0
9325910;2527;2022-03-15 00:00:00;PM FRANCISCO SA;22.681.423/0001-57;1261;SEE;SECRETARIA DE ESTADO DE EDUCACAO;42;AUXILIOS;1;AUXILIOS;10;RECURSOS ORDINARIOS;751638,34;751638,34;751638,34
9325911;2534;2022-03-15 00:00:00;PM CACHOEIRA DOURADA;18.457.267/0001-78;1261;SEE;SECRETARIA DE ESTADO DE EDUCACAO;42;AUXILIOS;1;AUXILIOS;10;RECURSOS ORDINARIOS;877905,34;877905,34;877905,34
9325912;2535;2022-03-15 00:00:00;PM AGUAS FORMOSAS;18.404.749/0001-60;1261;SEE;SECRETARIA DE ESTADO DE EDUCACAO;42;AUXILIOS;1;AUXILIOS;10;RECURSOS ORDINARIOS;1205600,0;1205600,0;1205600,0
9325913;5;2022-04-04 00:00:00;PM FORMIGA;16.784.720/0001-25;1261;SEE;SECRETARIA DE ESTADO DE EDUCACAO;41;CONTRIBUICOES;1;CONTRIBUICOES;10;RECURSOS ORDINARIOS;10000,0;10000,0;10000,0
9325914;6;2022-04-04 00:00:00;PM HELIODORA;18.712.133/0001-56;1261;SEE;SECRETARIA DE ESTADO DE EDUCACAO;41;CONTRIBUICOES;1;CONTRIBUICOES;10;RECURSOS ORDINARIOS;10000,0;10000,0;10000,0
9325915;2536;2022-03-15 00:00:00;PM AGUAS VERMELHAS;18.414.581/0001-73;1261;SEE;SECRETARIA DE ESTADO DE EDUCACAO;42;AUXILIOS;1;AUXILIOS;10;RECURSOS ORDINARIOS;1081566,67;1081566,67;1081566,67
9325943;94;2022-03-15 00:00:00;PM SANTA MARIA DE ITABIRA;18.299.453/0001-26;1301;SEINFRA;SECRETARIA DE ESTADO DE INFRAESTRUTURA E MOBILIDADE;42;AUXILIOS;1;AUXILIOS;10;RECURSOS ORDINARIOS;1200000,0;1200000,0;1200000,0
9325947;1349;2022-03-18 00:00:00;PM ARAXA;18.140.756/0001-00;1261;SEE;SECRETARIA DE ESTADO DE EDUCACAO;42;AUXILIOS;1;AUXILIOS;10;RECURSOS ORDINARIOS;2613703,2;2613703,2;2613703,2
9325948;1723;2022-03-22 00:00:00;PM IGARAPE;18.715.474/0001-85;1261;SEE;SECRETARIA DE ESTADO DE EDUCACAO;42;AUXILIOS;1;AUXILIOS;10;RECURSOS ORDINARIOS;3248688,62;3248688,62;3248688,62
9325949;2543;2022-03-16 00:00:00;PM BOM JESUS DO AMPARO;18.317.693/0001-06;1261;SEE;SECRETARIA DE ESTADO DE EDUCACAO;42;AUXILIOS;1;AUXILIOS;10;RECURSOS ORDINARIOS;1154800,0;1154800,0;1154800,0
9325950;2537;2022-03-16 00:00:00;PM PRESIDENTE JUSCELINO;17.695.057/0001-55;1261;SEE;SECRETARIA DE ESTADO DE EDUCACAO;42;AUXILIOS;1;AUXILIOS;10;RECURSOS ORDINARIOS;143500,0;143500,0;143500,0
9325951;2538;2022-03-16 00:00:00;PM CONSELHEIRO PENA;19.769.660/0001-60;1261;SEE;SECRETARIA DE ESTADO DE EDUCACAO;42;AUXILIOS;1;AUXILIOS;10;RECURSOS ORDINARIOS;99851,68;99851,68;99851,68
9325952;2539;2022-03-16 00:00:00;PM POMPEU;18.296.681/0001-42;1261;SEE;SECRETARIA DE ESTADO DE EDUCACAO;42;AUXILIOS;1;AUXILIOS;10;RECURSOS ORDINARIOS;480000,0;480000,0;480000,0
9325953;2540;2022-03-16 00:00:00;PM CANAA;18.132.712/0001-20;1261;SEE;SECRETARIA DE ESTADO DE EDUCACAO;42;AUXILIOS;1;AUXILIOS;10;RECURSOS ORDINARIOS;158400,0;158400,0;158400,0
9325954;2544;2022-03-16 00:00:00;PM FREI INOCENCIO;16.945.990/0001-70;1261;SEE;SECRETARIA DE ESTADO DE EDUCACAO;42;AUXILIOS;1;AUXILIOS;10;RECURSOS ORDINARIOS;2254600,0;2254600,0;2254600,0
9325955;2541;2022-03-16 00:00:00;PM BARRA LONGA;18.316.182/0001-70;1261;SEE;SECRETARIA DE ESTADO DE EDUCACAO;42;AUXILIOS;1;AUXILIOS;10;RECURSOS ORDINARIOS;100000,0;100000,0;100000,0
9325956;2542;2022-03-16 00:00:00;PM OURO VERDE DE MINAS;18.404.947/0001-23;1261;SEE;SECRETARIA DE ESTADO DE EDUCACAO;42;AUXILIOS;1;AUXILIOS;10;RECURSOS ORDINARIOS;100000,0;100000,0;100000,0
9325958;2545;2022-03-16 00:00:00;PM CAETANOPOLIS;23.221.351/0001-28;1261;SEE;SECRETARIA DE ESTADO DE EDUCACAO;42;AUXILIOS;1;AUXILIOS;10;RECURSOS ORDINARIOS;1824600,0;1824600,0;1824600,0
9325959;2546;2022-03-16 00:00:00;PM CAMBUQUIRA;17.955.386/0001-98;1261;SEE;SECRETARIA DE ESTADO DE EDUCACAO;42;AUXILIOS;1;AUXILIOS;10;RECURSOS ORDINARIOS;3910466,67;3910466,67;3910466,67
9325977;2553;2022-03-17 00:00:00;PM PAPAGAIOS;18.313.866/0001-18;1261;SEE;SECRETARIA DE ESTADO DE EDUCACAO;42;AUXILIOS;1;AUXILIOS;10;RECURSOS ORDINARIOS;100000,0;100000,0;100000,0
9325978;2548;2022-03-17 00:00:00;PM BUGRE;01.613.126/0001-02;1261;SEE;SECRETARIA DE ESTADO DE EDUCACAO;42;AUXILIOS;1;AUXILIOS;10;RECURSOS ORDINARIOS;895100,0;895100,0;895100,0
9325979;2547;2022-03-17 00:00:00;PM GRAO MOGOL;20.716.627/0001-50;1261;SEE;SECRETARIA DE ESTADO DE EDUCACAO;42;AUXILIOS;1;AUXILIOS;10;RECURSOS ORDINARIOS;763439,23;763439,23;763439,23
9325980;2554;2022-03-17 00:00:00;PM ARACAI;18.116.111/0001-23;1261;SEE;SECRETARIA DE ESTADO DE EDUCACAO;42;AUXILIOS;1;AUXILIOS;10;RECURSOS ORDINARIOS;100000,0;100000,0;100000,0
9325981;2555;2022-03-17 00:00:00;PM CORONEL MURTA;18.348.722/0001-05;1261;SEE;SECRETARIA DE ESTADO DE EDUCACAO;42;AUXILIOS;1;AUXILIOS;10;RECURSOS ORDINARIOS;200000,0;200000,0;200000,0
9325982;2549;2022-03-17 00:00:00;PM ARGIRITA;17.730.011/0001-20;1261;SEE;SECRETARIA DE ESTADO DE EDUCACAO;42;AUXILIOS;1;AUXILIOS;10;RECURSOS ORDINARIOS;250000,0;250000,0;250000,0
9325983;2550;2022-03-17 00:00:00;PM BONFIM;18.363.945/0001-33;1261;SEE;SECRETARIA DE ESTADO DE EDUCACAO;42;AUXILIOS;1;AUXILIOS;10;RECURSOS ORDINARIOS;602800,0;602800,0;602800,0
9325984;2551;2022-03-17 00:00:00;PM CAMPO BELO;18.659.334/0001-37;1261;SEE;SECRETARIA DE ESTADO DE EDUCACAO;42;AUXILIOS;1;AUXILIOS;10;RECURSOS ORDINARIOS;2174286,64;2174286,64;2174286,64
9325985;2552;2022-03-17 00:00:00;PM CANDEIAS;17.888.090/0001-00;1261;SEE;SECRETARIA DE ESTADO DE EDUCACAO;42;AUXILIOS;1;AUXILIOS;10;RECURSOS ORDINARIOS;788000,0;788000,0;788000,0
9325986;2556;2022-03-17 00:00:00;PM TURMALINA;25.324.187/0001-00;1261;SEE;SECRETARIA DE ESTADO DE EDUCACAO;42;AUXILIOS;1;AUXILIOS;10;RECURSOS ORDINARIOS;733200,0;733200,0;733200,0
9325987;2557;2022-03-17 00:00:00;PM CONTAGEM;18.715.508/0001-31;1261;SEE;SECRETARIA DE ESTADO DE EDUCACAO;42;AUXILIOS;1;AUXILIOS;10;RECURSOS ORDINARIOS;101633,33;101633,33;101633,33
9326058;1033;2022-03-21 00:00:00;PM CATUTI;01.612.502/0001-36;1261;SEE;SECRETARIA DE ESTADO DE EDUCACAO;42;AUXILIOS;1;AUXILIOS;23;FUNDO DE MANUTENCAO E DESENVOLVIMENTO DA EDUCACAO BASICA - FUNDEB;445268,84;445268,84;445268,84
9326059;776;2022-03-21 00:00:00;PM RIO PIRACICABA;18.400.945/0001-66;1261;SEE;SECRETARIA DE ESTADO DE EDUCACAO;42;AUXILIOS;1;AUXILIOS;10;RECURSOS ORDINARIOS;2000000,0;2000000,0;2000000,0
9326060;1722;2022-03-22 00:00:00;PM IGARAPE;18.715.474/0001-85;1261;SEE;SECRETARIA DE ESTADO DE EDUCACAO;42;AUXILIOS;1;AUXILIOS;10;RECURSOS ORDINARIOS;5851311,38;5851311,38;5851311,38
9326061;2559;2022-03-18 00:00:00;PM TAIOBEIRAS;18.017.384/0001-10;1261;SEE;SECRETARIA DE ESTADO DE EDUCACAO;42;AUXILIOS;1;AUXILIOS;10;RECURSOS ORDINARIOS;572825,09;572825,09;572825,09
9326062;2560;2022-03-18 00:00:00;PM BARRA LONGA;18.316.182/0001-70;1261;SEE;SECRETARIA DE ESTADO DE EDUCACAO;42;AUXILIOS;1;AUXILIOS;10;RECURSOS ORDINARIOS;572825,09;572825,09;572825,09
9326063;2561;2022-03-18 00:00:00;PM ANDRADAS;17.884.412/0001-34;1261;SEE;SECRETARIA DE ESTADO DE EDUCACAO;42;AUXILIOS;1;AUXILIOS;10;RECURSOS ORDINARIOS;675600,0;675600,0;675600,0
9326064;2562;2022-03-18 00:00:00;PM CAMPANARIO;18.404.905/0001-92;1261;SEE;SECRETARIA DE ESTADO DE EDUCACAO;42;AUXILIOS;1;AUXILIOS;10;RECURSOS ORDINARIOS;744200,0;744200,0;744200,0
9326065;2563;2022-03-18 00:00:00;PM CONCEICAO DAS ALAGOAS;18.428.854/0001-39;1261;SEE;SECRETARIA DE ESTADO DE EDUCACAO;42;AUXILIOS;1;AUXILIOS;10;RECURSOS ORDINARIOS;624300,0;624300,0;624300,0
9326066;2564;2022-03-18 00:00:00;PM CONCEICAO DOS OUROS;18.677.609/0001-65;1261;SEE;SECRETARIA DE ESTADO DE EDUCACAO;42;AUXILIOS;1;AUXILIOS;10;RECURSOS ORDINARIOS;1342210,0;1342210,0;1342210,0
9326067;2565;2022-03-18 00:00:00;PM BARBACENA;17.095.043/0001-09;1261;SEE;SECRETARIA DE ESTADO DE EDUCACAO;42;AUXILIOS;1;AUXILIOS;10;RECURSOS ORDINARIOS;1248600,0;1248600,0;1248600,0
9326068;2566;2022-03-18 00:00:00;PM CHIADOR;18.338.145/0001-62;1261;SEE;SECRETARIA DE ESTADO DE EDUCACAO;42;AUXILIOS;1;AUXILIOS;10;RECURSOS ORDINARIOS;624300,0;624300,0;624300,0
9326138;588;2022-03-21 00:00:00;PM VARZEA DA PALMA;18.279.059/0001-26;1261;SEE;SECRETARIA DE ESTADO DE EDUCACAO;42;AUXILIOS;1;AUXILIOS;10;RECURSOS ORDINARIOS;710500,0;710500,0;710500,0
9326139;887;2022-03-21 00:00:00;PM CAMBUI;18.675.975/0001-85;1261;SEE;SECRETARIA DE ESTADO DE EDUCACAO;42;AUXILIOS;1;AUXILIOS;23;FUNDO DE MANUTENCAO E DESENVOLVIMENTO DA EDUCACAO BASICA - FUNDEB;3000000,0;3000000,0;3000000,0
9326140;2569;2022-03-21 00:00:00;PM CORACAO DE JESUS;22.680.672/0001-28;1261;SEE;SECRETARIA DE ESTADO DE EDUCACAO;42;AUXILIOS;1;AUXILIOS;10;RECURSOS ORDINARIOS;572825,09;572825,09;572825,09
9326141;2568;2022-03-21 00:00:00;PM CAPIM BRANCO;18.314.617/0001-47;1261;SEE;SECRETARIA DE ESTADO DE EDUCACAO;42;AUXILIOS;1;AUXILIOS;10;RECURSOS ORDINARIOS;100000,0;100000,0;100000,0
9326142;2570;2022-03-21 00:00:00;PM GUANHAES;18.307.439/0001-27;1261;SEE;SECRETARIA DE ESTADO DE EDUCACAO;42;AUXILIOS;1;AUXILIOS;10;RECURSOS ORDINARIOS;763439,23;763439,23;763439,23
9326143;2571;2022-03-21 00:00:00;PM ARCEBURGO;17.899.717/0001-10;1261;SEE;SECRETARIA DE ESTADO DE EDUCACAO;42;AUXILIOS;1;AUXILIOS;10;RECURSOS ORDINARIOS;624300,0;624300,0;624300,0
9326145;2572;2022-03-21 00:00:00;PM BERIZAL;01.614.602/0001-00;1261;SEE;SECRETARIA DE ESTADO DE EDUCACAO;42;AUXILIOS;1;AUXILIOS;10;RECURSOS ORDINARIOS;337800,0;337800,0;337800,0
9326147;2573;2022-03-21 00:00:00;PM CAMBUI;18.675.975/0001-85;1261;SEE;SECRETARIA DE ESTADO DE EDUCACAO;42;AUXILIOS;1;AUXILIOS;10;RECURSOS ORDINARIOS;0,0;0,0;0,0
9326147;2574;2022-03-21 00:00:00;PM CAMBUI;18.675.975/0001-85;1261;SEE;SECRETARIA DE ESTADO DE EDUCACAO;42;AUXILIOS;1;AUXILIOS;10;RECURSOS ORDINARIOS;881979,65;881979,65;881979,65
9326148;2575;2022-03-21 00:00:00;PM CAPELINHA;19.229.921/0001-59;1261;SEE;SECRETARIA DE ESTADO DE EDUCACAO;42;AUXILIOS;1;AUXILIOS;10;RECURSOS ORDINARIOS;744200,0;744200,0;744200,0
9326149;2576;2022-03-21 00:00:00;PM CATAS ALTAS DA NORUEGA;19.718.378/0001-53;1261;SEE;SECRETARIA DE ESTADO DE EDUCACAO;42;AUXILIOS;1;AUXILIOS;10;RECURSOS ORDINARIOS;697100,0;697100,0;697100,0
9326151;2577;2022-03-21 00:00:00;PM CATUGI;26.218.636/0001-06;1261;SEE;SECRETARIA DE ESTADO DE EDUCACAO;42;AUXILIOS;1;AUXILIOS;10;RECURSOS ORDINARIOS;337800,0;337800,0;337800,0
9326152;2578;2022-03-21 00:00:00;PM CORONEL MURTA;18.348.722/0001-05;1261;SEE;SECRETARIA DE ESTADO DE EDUCACAO;42;AUXILIOS;1;AUXILIOS;10;RECURSOS ORDINARIOS;675600,0;675600,0;675600,0
9326153;2579;2022-03-21 00:00:00;PM CRISTINA;18.188.250/0001-62;1261;SEE;SECRETARIA DE ESTADO DE EDUCACAO;42;AUXILIOS;1;AUXILIOS;10;RECURSOS ORDINARIOS;697100,0;697100,0;697100,0
9326154;2580;2022-03-21 00:00:00;PM CRUZEIRO DA FORTALEZA;18.468.041/0001-72;1261;SEE;SECRETARIA DE ESTADO DE EDUCACAO;42;AUXILIOS;1;AUXILIOS;10;RECURSOS ORDINARIOS;867800,0;867800,0;867800,0
9326155;2586;2022-03-22 00:00:00;PM DOM SILVERIO;18.297.226/0001-61;1261;SEE;SECRETARIA DE ESTADO DE EDUCACAO;42;AUXILIOS;1;AUXILIOS;13;FUNDO DE MANUTENCAO E DESENVOLVIMENTO DA EDUCACAO BASICA - FUNDEB - REGULARIZACAO DE EXERCICIOS ANTE;838500,0;838500,0;838500,0
9326157;2587;2022-03-22 00:00:00;PM DOM VICOSO;18.188.268/0001-64;1261;SEE;SECRETARIA DE ESTADO DE EDUCACAO;42;AUXILIOS;1;AUXILIOS;13;FUNDO DE MANUTENCAO E DESENVOLVIMENTO DA EDUCACAO BASICA - FUNDEB - REGULARIZACAO DE EXERCICIOS ANTE;265000,0;265000,0;265000,0
9326158;2581;2022-03-21 00:00:00;PM DESCOBERTO;18.558.098/0001-62;1261;SEE;SECRETARIA DE ESTADO DE EDUCACAO;42;AUXILIOS;1;AUXILIOS;13;FUNDO DE MANUTENCAO E DESENVOLVIMENTO DA EDUCACAO BASICA - FUNDEB - REGULARIZACAO DE EXERCICIOS ANTE;1513600,0;1513600,0;1513600,0
9326159;2588;2022-03-22 00:00:00;PM COUTO DE MAGALHAES DE MINAS;17.754.177/0001-86;1261;SEE;SECRETARIA DE ESTADO DE EDUCACAO;42;AUXILIOS;1;AUXILIOS;13;FUNDO DE MANUTENCAO E DESENVOLVIMENTO DA EDUCACAO BASICA - FUNDEB - REGULARIZACAO DE EXERCICIOS ANTE;337800,0;337800,0;337800,0
9326160;2589;2022-03-22 00:00:00;PM COQUEIRAL;18.239.624/0001-21;1261;SEE;SECRETARIA DE ESTADO DE EDUCACAO;42;AUXILIOS;1;AUXILIOS;13;FUNDO DE MANUTENCAO E DESENVOLVIMENTO DA EDUCACAO BASICA - FUNDEB - REGULARIZACAO DE EXERCICIOS ANTE;337800,0;337800,0;337800,0
9326161;2590;2022-03-22 00:00:00;PM BOCAINA DE MINAS;18.194.076/0001-60;1261;SEE;SECRETARIA DE ESTADO DE EDUCACAO;42;AUXILIOS;1;AUXILIOS;13;FUNDO DE MANUTENCAO E DESENVOLVIMENTO DA EDUCACAO BASICA - FUNDEB - REGULARIZACAO DE EXERCICIOS ANTE;470000,0;470000,0;470000,0
9326162;2582;2022-03-22 00:00:00;PM CONEGO MARINHO;01.612.492/0001-39;1261;SEE;SECRETARIA DE ESTADO DE EDUCACAO;42;AUXILIOS;1;AUXILIOS;13;FUNDO DE MANUTENCAO E DESENVOLVIMENTO DA EDUCACAO BASICA - FUNDEB - REGULARIZACAO DE EXERCICIOS ANTE;755531,42;755531,42;755531,42
9326198;2583;2022-03-22 00:00:00;PM TEOFILO OTONI;18.404.780/0001-09;1261;SEE;SECRETARIA DE ESTADO DE EDUCACAO;42;AUXILIOS;1;AUXILIOS;13;FUNDO DE MANUTENCAO E DESENVOLVIMENTO DA EDUCACAO BASICA - FUNDEB - REGULARIZACAO DE EXERCICIOS ANTE;566933,87;566933,87;566933,87
9326199;2584;2022-03-22 00:00:00;PM TUPACIGUARA;18.260.489/0001-04;1261;SEE;SECRETARIA DE ESTADO DE EDUCACAO;42;AUXILIOS;1;AUXILIOS;13;FUNDO DE MANUTENCAO E DESENVOLVIMENTO DA EDUCACAO BASICA - FUNDEB - REGULARIZACAO DE EXERCICIOS ANTE;763439,23;763439,23;763439,23
9326202;2585;2022-03-22 00:00:00;PM ITACARAMBI;18.283.101/0001-82;1261;SEE;SECRETARIA DE ESTADO DE EDUCACAO;42;AUXILIOS;1;AUXILIOS;13;FUNDO DE MANUTENCAO E DESENVOLVIMENTO DA EDUCACAO BASICA - FUNDEB - REGULARIZACAO DE EXERCICIOS ANTE;572825,09;572825,09;572825,09
9326725;50;2022-04-28 00:00:00;PM JANAUBA;18.017.392/0001-67;4291;FES;FUNDO ESTADUAL DE SAUDE;42;AUXILIOS;1;AUXILIOS;10;RECURSOS ORDINARIOS;275000,0;275000,0;275000,0
9326732;2592;2022-03-23 00:00:00;PM INDAIABIRA;01.614.599/0001-16;1261;SEE;SECRETARIA DE ESTADO DE EDUCACAO;42;AUXILIOS;1;AUXILIOS;13;FUNDO DE MANUTENCAO E DESENVOLVIMENTO DA EDUCACAO BASICA - FUNDEB - REGULARIZACAO DE EXERCICIOS ANTE;962100,0;962100,0;962100,0
9326733;2593;2022-03-23 00:00:00;PM MANTENA;18.504.167/0001-55;1261;SEE;SECRETARIA DE ESTADO DE EDUCACAO;42;AUXILIOS;1;AUXILIOS;13;FUNDO DE MANUTENCAO E DESENVOLVIMENTO DA EDUCACAO BASICA - FUNDEB - REGULARIZACAO DE EXERCICIOS ANTE;1561200,0;1561200,0;1561200,0
9326734;2591;2022-03-23 00:00:00;PM JUIZ DE FORA;18.338.178/0001-02;1261;SEE;SECRETARIA DE ESTADO DE EDUCACAO;42;AUXILIOS;1;AUXILIOS;13;FUNDO DE MANUTENCAO E DESENVOLVIMENTO DA EDUCACAO BASICA - FUNDEB - REGULARIZACAO DE EXERCICIOS ANTE;2097919,96;2097919,96;2097919,96
9326735;2594;2022-03-23 00:00:00;PM ALTO CAPARAO;01.616.270/0001-94;1261;SEE;SECRETARIA DE ESTADO DE EDUCACAO;42;AUXILIOS;1;AUXILIOS;13;FUNDO DE MANUTENCAO E DESENVOLVIMENTO DA EDUCACAO BASICA - FUNDEB - REGULARIZACAO DE EXERCICIOS ANTE;1056400,0;1056400,0;1056400,0
9326736;2595;2022-03-23 00:00:00;PM CARNEIRINHO;26.042.515/0001-48;1261;SEE;SECRETARIA DE ESTADO DE EDUCACAO;42;AUXILIOS;1;AUXILIOS;13;FUNDO DE MANUTENCAO E DESENVOLVIMENTO DA EDUCACAO BASICA - FUNDEB - REGULARIZACAO DE EXERCICIOS ANTE;1044300,0;1044300,0;1044300,0
9326737;2596;2022-03-23 00:00:00;PM DIVINO DAS LARANJEIRAS;18.357.079/0001-78;1261;SEE;SECRETARIA DE ESTADO DE EDUCACAO;42;AUXILIOS;1;AUXILIOS;13;FUNDO DE MANUTENCAO E DESENVOLVIMENTO DA EDUCACAO BASICA - FUNDEB - REGULARIZACAO DE EXERCICIOS ANTE;624300,0;624300,0;624300,0
9326738;2597;2022-03-23 00:00:00;PM DIVINOLANDIA DE MINAS;18.307.405/0001-32;1261;SEE;SECRETARIA DE ESTADO DE EDUCACAO;42;AUXILIOS;1;AUXILIOS;13;FUNDO DE MANUTENCAO E DESENVOLVIMENTO DA EDUCACAO BASICA - FUNDEB - REGULARIZACAO DE EXERCICIOS ANTE;1920500,0;1920500,0;1920500,0
9326739;2598;2022-03-23 00:00:00;PM DOURADOQUARA;18.158.261/0001-08;1261;SEE;SECRETARIA DE ESTADO DE EDUCACAO;42;AUXILIOS;1;AUXILIOS;13;FUNDO DE MANUTENCAO E DESENVOLVIMENTO DA EDUCACAO BASICA - FUNDEB - REGULARIZACAO DE EXERCICIOS ANTE;265000,0;265000,0;265000,0
9326741;2599;2022-03-23 00:00:00;PM GALILEIA;17.005.000/0001-87;1261;SEE;SECRETARIA DE ESTADO DE EDUCACAO;42;AUXILIOS;1;AUXILIOS;13;FUNDO DE MANUTENCAO E DESENVOLVIMENTO DA EDUCACAO BASICA - FUNDEB - REGULARIZACAO DE EXERCICIOS ANTE;359300,0;359300,0;359300,0
9326753;2600;2022-03-23 00:00:00;PM ITUIUTABA;18.457.218/0001-35;1261;SEE;SECRETARIA DE ESTADO DE EDUCACAO;42;AUXILIOS;1;AUXILIOS;13;FUNDO DE MANUTENCAO E DESENVOLVIMENTO DA EDUCACAO BASICA - FUNDEB - REGULARIZACAO DE EXERCICIOS ANTE;9099500,0;9099500,0;9099500,0
9326754;2601;2022-03-23 00:00:00;PM ITUTINGA;18.244.384/0001-53;1261;SEE;SECRETARIA DE ESTADO DE EDUCACAO;42;AUXILIOS;1;AUXILIOS;13;FUNDO DE MANUTENCAO E DESENVOLVIMENTO DA EDUCACAO BASICA - FUNDEB - REGULARIZACAO DE EXERCICIOS ANTE;518600,0;518600,0;518600,0
9326755;2602;2022-03-23 00:00:00;PM JURUAIA;18.668.368/0001-98;1261;SEE;SECRETARIA DE ESTADO DE EDUCACAO;42;AUXILIOS;1;AUXILIOS;13;FUNDO DE MANUTENCAO E DESENVOLVIMENTO DA EDUCACAO BASICA - FUNDEB - REGULARIZACAO DE EXERCICIOS ANTE;867800,0;867800,0;867800,0
9326756;2603;2022-03-23 00:00:00;PM LUISBURGO;01.615.423/0001-89;1261;SEE;SECRETARIA DE ESTADO DE EDUCACAO;42;AUXILIOS;1;AUXILIOS;13;FUNDO DE MANUTENCAO E DESENVOLVIMENTO DA EDUCACAO BASICA - FUNDEB - REGULARIZACAO DE EXERCICIOS ANTE;337800,0;337800,0;337800,0
9326757;2604;2022-03-23 00:00:00;PM NAQUE;01.613.208/0001-49;1261;SEE;SECRETARIA DE ESTADO DE EDUCACAO;42;AUXILIOS;1;AUXILIOS;13;FUNDO DE MANUTENCAO E DESENVOLVIMENTO DA EDUCACAO BASICA - FUNDEB - REGULARIZACAO DE EXERCICIOS ANTE;983600,0;983600,0;983600,0
9326758;2605;2022-03-23 00:00:00;PM NATALANDIA;01.593.752/0001-76;1261;SEE;SECRETARIA DE ESTADO DE EDUCACAO;42;AUXILIOS;1;AUXILIOS;13;FUNDO DE MANUTENCAO E DESENVOLVIMENTO DA EDUCACAO BASICA - FUNDEB - REGULARIZACAO DE EXERCICIOS ANTE;795000,0;795000,0;795000,0
9326759;2606;2022-03-23 00:00:00;PM MUTUM;18.348.086/0001-03;1261;SEE;SECRETARIA DE ESTADO DE EDUCACAO;42;AUXILIOS;1;AUXILIOS;13;FUNDO DE MANUTENCAO E DESENVOLVIMENTO DA EDUCACAO BASICA - FUNDEB - REGULARIZACAO DE EXERCICIOS ANTE;670230,0;670230,0;670230,0
9326780;1905;2022-03-24 00:00:00;PM PERIQUITO;01.613.077/0001-08;1261;SEE;SECRETARIA DE ESTADO DE EDUCACAO;42;AUXILIOS;1;AUXILIOS;23;FUNDO DE MANUTENCAO E DESENVOLVIMENTO DA EDUCACAO BASICA - FUNDEB;795770,27;795770,27;795770,27
9327057;2607;2022-03-25 00:00:00;PM MARMELOPOLIS;18.026.021/0001-41;1261;SEE;SECRETARIA DE ESTADO DE EDUCACAO;42;AUXILIOS;1;AUXILIOS;13;FUNDO DE MANUTENCAO E DESENVOLVIMENTO DA EDUCACAO BASICA - FUNDEB - REGULARIZACAO DE EXERCICIOS ANTE;150000,0;150000,0;150000,0
9327059;2608;2022-03-25 00:00:00;PM SAO JOAO DAS MISSOES;01.612.486/0001-81;1261;SEE;SECRETARIA DE ESTADO DE EDUCACAO;42;AUXILIOS;1;AUXILIOS;13;FUNDO DE MANUTENCAO E DESENVOLVIMENTO DA EDUCACAO BASICA - FUNDEB - REGULARIZACAO DE EXERCICIOS ANTE;1145650,18;1145650,18;1145650,18
9327062;15;2022-04-04 00:00:00;C.T.L.S.P - CENTRO DE TRATAMENTO LAURA SAIA PALOMBO;10.635.949/0001-11;1481;SEDESE;SECRETARIA DE ESTADO DE DESENVOLVIMENTO SOCIAL;43;SUBVENCOES SOCIAIS;1;SUBVENCOES SOCIAIS;10;RECURSOS ORDINARIOS;172389,84;172389,84;172389,84
9327149;1710;2022-04-18 00:00:00;PM NEPOMUCENO;18.244.350/0001-69;1261;SEE;SECRETARIA DE ESTADO DE EDUCACAO;42;AUXILIOS;1;AUXILIOS;23;FUNDO DE MANUTENCAO E DESENVOLVIMENTO DA EDUCACAO BASICA - FUNDEB;762783,16;762783,16;762783,16
9327156;122;2022-04-28 00:00:00;PM PEQUERI;17.724.360/0001-39;1301;SEINFRA;SECRETARIA DE ESTADO DE INFRAESTRUTURA E MOBILIDADE;42;AUXILIOS;1;AUXILIOS;10;RECURSOS ORDINARIOS;250000,0;250000,0;250000,0
9327180;119;2022-04-28 00:00:00;PM GUARACIAMA;01.612.549/0001-08;1301;SEINFRA;SECRETARIA DE ESTADO DE INFRAESTRUTURA E MOBILIDADE;42;AUXILIOS;1;AUXILIOS;10;RECURSOS ORDINARIOS;300000,0;300000,0;300000,0
9327181;2615;2022-03-30 00:00:00;PM BELO HORIZONTE;18.715.383/0001-40;1261;SEE;SECRETARIA DE ESTADO DE EDUCACAO;42;AUXILIOS;1;AUXILIOS;13;FUNDO DE MANUTENCAO E DESENVOLVIMENTO DA EDUCACAO BASICA - FUNDEB - REGULARIZACAO DE EXERCICIOS ANTE;1347785,43;1347785,43;1347785,43
9327182;2617;2022-03-30 00:00:00;PM JAIBA;25.209.149/0001-06;1261;SEE;SECRETARIA DE ESTADO DE EDUCACAO;42;AUXILIOS;1;AUXILIOS;13;FUNDO DE MANUTENCAO E DESENVOLVIMENTO DA EDUCACAO BASICA - FUNDEB - REGULARIZACAO DE EXERCICIOS ANTE;100000,0;100000,0;100000,0
9327183;2643;2022-03-30 00:00:00;PM JEQUITAI;18.279.083/0001-65;1261;SEE;SECRETARIA DE ESTADO DE EDUCACAO;42;AUXILIOS;1;AUXILIOS;13;FUNDO DE MANUTENCAO E DESENVOLVIMENTO DA EDUCACAO BASICA - FUNDEB - REGULARIZACAO DE EXERCICIOS ANTE;851565,97;851565,97;851565,97
9327184;2644;2022-03-30 00:00:00;PM MONTES CLAROS;22.678.874/0001-35;1261;SEE;SECRETARIA DE ESTADO DE EDUCACAO;42;AUXILIOS;1;AUXILIOS;13;FUNDO DE MANUTENCAO E DESENVOLVIMENTO DA EDUCACAO BASICA - FUNDEB - REGULARIZACAO DE EXERCICIOS ANTE;1274200,0;1274200,0;1274200,0
9327185;2640;2022-03-30 00:00:00;PM DOM CAVATI;18.080.283/0001-94;1261;SEE;SECRETARIA DE ESTADO DE EDUCACAO;42;AUXILIOS;1;AUXILIOS;13;FUNDO DE MANUTENCAO E DESENVOLVIMENTO DA EDUCACAO BASICA - FUNDEB - REGULARIZACAO DE EXERCICIOS ANTE;940600,0;940600,0;940600,0
9327186;2636;2022-03-30 00:00:00;PM SAO SEBASTIAO DO PARAISO;18.241.349/0001-80;1261;SEE;SECRETARIA DE ESTADO DE EDUCACAO;42;AUXILIOS;1;AUXILIOS;13;FUNDO DE MANUTENCAO E DESENVOLVIMENTO DA EDUCACAO BASICA - FUNDEB - REGULARIZACAO DE EXERCICIOS ANTE;755531,42;755531,42;755531,42
9327187;2639;2022-03-30 00:00:00;PM VARGEM ALEGRE;01.613.128/0001-93;1261;SEE;SECRETARIA DE ESTADO DE EDUCACAO;42;AUXILIOS;1;AUXILIOS;13;FUNDO DE MANUTENCAO E DESENVOLVIMENTO DA EDUCACAO BASICA - FUNDEB - REGULARIZACAO DE EXERCICIOS ANTE;337800,0;337800,0;337800,0
9327188;2635;2022-03-30 00:00:00;PM VICOSA;18.132.449/0001-79;1261;SEE;SECRETARIA DE ESTADO DE EDUCACAO;42;AUXILIOS;1;AUXILIOS;13;FUNDO DE MANUTENCAO E DESENVOLVIMENTO DA EDUCACAO BASICA - FUNDEB - REGULARIZACAO DE EXERCICIOS ANTE;572825,09;572825,09;572825,09
9327189;2637;2022-03-30 00:00:00;PM PATOS DE MINAS;18.602.011/0001-07;1261;SEE;SECRETARIA DE ESTADO DE EDUCACAO;42;AUXILIOS;1;AUXILIOS;13;FUNDO DE MANUTENCAO E DESENVOLVIMENTO DA EDUCACAO BASICA - FUNDEB - REGULARIZACAO DE EXERCICIOS ANTE;564033,58;564033,58;564033,58
9327190;2638;2022-03-30 00:00:00;PM VISCONDE DO RIO BRANCO;18.137.927/0001-33;1261;SEE;SECRETARIA DE ESTADO DE EDUCACAO;42;AUXILIOS;1;AUXILIOS;13;FUNDO DE MANUTENCAO E DESENVOLVIMENTO DA EDUCACAO BASICA - FUNDEB - REGULARIZACAO DE EXERCICIOS ANTE;564033,58;564033,58;564033,58
9327191;2634;2022-03-30 00:00:00;PM SAO TIAGO;17.749.904/0001-17;1261;SEE;SECRETARIA DE ESTADO DE EDUCACAO;42;AUXILIOS;1;AUXILIOS;13;FUNDO DE MANUTENCAO E DESENVOLVIMENTO DA EDUCACAO BASICA - FUNDEB - REGULARIZACAO DE EXERCICIOS ANTE;566933,87;566933,87;566933,87
9327192;2629;2022-03-30 00:00:00;PM VICOSA;18.132.449/0001-79;1261;SEE;SECRETARIA DE ESTADO DE EDUCACAO;42;AUXILIOS;1;AUXILIOS;13;FUNDO DE MANUTENCAO E DESENVOLVIMENTO DA EDUCACAO BASICA - FUNDEB - REGULARIZACAO DE EXERCICIOS ANTE;1040000,0;1040000,0;1040000,0
9327193;2622;2022-03-30 00:00:00;PM OLHOS-D'AGUA;01.612.547/0001-00;1261;SEE;SECRETARIA DE ESTADO DE EDUCACAO;42;AUXILIOS;1;AUXILIOS;13;FUNDO DE MANUTENCAO E DESENVOLVIMENTO DA EDUCACAO BASICA - FUNDEB - REGULARIZACAO DE EXERCICIOS ANTE;250000,0;250000,0;250000,0
9327194;2625;2022-03-30 00:00:00;PM DIAMANTINA;17.754.136/0001-90;1261;SEE;SECRETARIA DE ESTADO DE EDUCACAO;42;AUXILIOS;1;AUXILIOS;13;FUNDO DE MANUTENCAO E DESENVOLVIMENTO DA EDUCACAO BASICA - FUNDEB - REGULARIZACAO DE EXERCICIOS ANTE;200000,0;200000,0;200000,0
9327195;2633;2022-03-30 00:00:00;PM OLARIA;18.338.202/0001-03;1261;SEE;SECRETARIA DE ESTADO DE EDUCACAO;42;AUXILIOS;1;AUXILIOS;13;FUNDO DE MANUTENCAO E DESENVOLVIMENTO DA EDUCACAO BASICA - FUNDEB - REGULARIZACAO DE EXERCICIOS ANTE;100000,0;100000,0;100000,0
9327196;2632;2022-03-30 00:00:00;PM CARMOPOLIS DE MINAS;18.312.983/0001-67;1261;SEE;SECRETARIA DE ESTADO DE EDUCACAO;42;AUXILIOS;1;AUXILIOS;13;FUNDO DE MANUTENCAO E DESENVOLVIMENTO DA EDUCACAO BASICA - FUNDEB - REGULARIZACAO DE EXERCICIOS ANTE;124805,36;124805,36;124805,36
9327198;2631;2022-03-30 00:00:00;PM BURITIS;18.125.146/0001-29;1261;SEE;SECRETARIA DE ESTADO DE EDUCACAO;42;AUXILIOS;1;AUXILIOS;13;FUNDO DE MANUTENCAO E DESENVOLVIMENTO DA EDUCACAO BASICA - FUNDEB - REGULARIZACAO DE EXERCICIOS ANTE;500000,0;500000,0;500000,0
9327199;2641;2022-03-30 00:00:00;PM CHALE;18.392.548/0001-90;1261;SEE;SECRETARIA DE ESTADO DE EDUCACAO;42;AUXILIOS;1;AUXILIOS;13;FUNDO DE MANUTENCAO E DESENVOLVIMENTO DA EDUCACAO BASICA - FUNDEB - REGULARIZACAO DE EXERCICIOS ANTE;530000,0;530000,0;530000,0
9327200;40;2022-04-01 00:00:00;PM SANTANA DO PARAISO;38.515.573/0001-20;1261;SEE;SECRETARIA DE ESTADO DE EDUCACAO;42;AUXILIOS;1;AUXILIOS;13;FUNDO DE MANUTENCAO E DESENVOLVIMENTO DA EDUCACAO BASICA - FUNDEB - REGULARIZACAO DE EXERCICIOS ANTE;4898211,68;4898211,68;4898211,68
9327202;2623;2022-03-30 00:00:00;PM OLHOS-D'AGUA;01.612.547/0001-00;1261;SEE;SECRETARIA DE ESTADO DE EDUCACAO;42;AUXILIOS;1;AUXILIOS;13;FUNDO DE MANUTENCAO E DESENVOLVIMENTO DA EDUCACAO BASICA - FUNDEB - REGULARIZACAO DE EXERCICIOS ANTE;200000,0;200000,0;200000,0
9327203;2627;2022-03-30 00:00:00;PM COROMANDEL;18.591.149/0001-58;1261;SEE;SECRETARIA DE ESTADO DE EDUCACAO;42;AUXILIOS;1;AUXILIOS;13;FUNDO DE MANUTENCAO E DESENVOLVIMENTO DA EDUCACAO BASICA - FUNDEB - REGULARIZACAO DE EXERCICIOS ANTE;100000,0;100000,0;100000,0
9327204;2628;2022-03-30 00:00:00;PM COROMANDEL;18.591.149/0001-58;1261;SEE;SECRETARIA DE ESTADO DE EDUCACAO;42;AUXILIOS;1;AUXILIOS;13;FUNDO DE MANUTENCAO E DESENVOLVIMENTO DA EDUCACAO BASICA - FUNDEB - REGULARIZACAO DE EXERCICIOS ANTE;100000,0;100000,0;100000,0
9327205;2626;2022-03-30 00:00:00;PM COROMANDEL;18.591.149/0001-58;1261;SEE;SECRETARIA DE ESTADO DE EDUCACAO;42;AUXILIOS;1;AUXILIOS;13;FUNDO DE MANUTENCAO E DESENVOLVIMENTO DA EDUCACAO BASICA - FUNDEB - REGULARIZACAO DE EXERCICIOS ANTE;200000,0;200000,0;200000,0
9327207;2620;2022-03-30 00:00:00;PM CAMPANHA;18.712.174/0001-42;1261;SEE;SECRETARIA DE ESTADO DE EDUCACAO;42;AUXILIOS;1;AUXILIOS;13;FUNDO DE MANUTENCAO E DESENVOLVIMENTO DA EDUCACAO BASICA - FUNDEB - REGULARIZACAO DE EXERCICIOS ANTE;200000,0;200000,0;200000,0
9327208;2624;2022-03-30 00:00:00;PM MORADA NOVA DE MINAS;18.296.665/0001-50;1261;SEE;SECRETARIA DE ESTADO DE EDUCACAO;42;AUXILIOS;1;AUXILIOS;13;FUNDO DE MANUTENCAO E DESENVOLVIMENTO DA EDUCACAO BASICA - FUNDEB - REGULARIZACAO DE EXERCICIOS ANTE;100000,0;100000,0;100000,0
9327209;2630;2022-03-30 00:00:00;PM BONITO DE MINAS;01.612.493/0001-83;1261;SEE;SECRETARIA DE ESTADO DE EDUCACAO;42;AUXILIOS;1;AUXILIOS;13;FUNDO DE MANUTENCAO E DESENVOLVIMENTO DA EDUCACAO BASICA - FUNDEB - REGULARIZACAO DE EXERCICIOS ANTE;350000,0;350000,0;350000,0
9327210;2621;2022-03-30 00:00:00;PM DELTA;01.020.881/0001-75;1261;SEE;SECRETARIA DE ESTADO DE EDUCACAO;42;AUXILIOS;1;AUXILIOS;13;FUNDO DE MANUTENCAO E DESENVOLVIMENTO DA EDUCACAO BASICA - FUNDEB - REGULARIZACAO DE EXERCICIOS ANTE;100000,0;100000,0;100000,0
9327211;2642;2022-03-30 00:00:00;PM SANTA RITA DO SAPUCAI;18.192.898/0001-02;1261;SEE;SECRETARIA DE ESTADO DE EDUCACAO;42;AUXILIOS;1;AUXILIOS;13;FUNDO DE MANUTENCAO E DESENVOLVIMENTO DA EDUCACAO BASICA - FUNDEB - REGULARIZACAO DE EXERCICIOS ANTE;331388,89;331388,89;331388,89
9327226;2648;2022-03-31 00:00:00;PM NOVA PONTE;18.159.905/0001-74;1261;SEE;SECRETARIA DE ESTADO DE EDUCACAO;42;AUXILIOS;1;AUXILIOS;13;FUNDO DE MANUTENCAO E DESENVOLVIMENTO DA EDUCACAO BASICA - FUNDEB - REGULARIZACAO DE EXERCICIOS ANTE;530000,0;530000,0;530000,0
9327227;2649;2022-03-31 00:00:00;PM DIVISOPOLIS;66.234.311/0001-23;1261;SEE;SECRETARIA DE ESTADO DE EDUCACAO;42;AUXILIOS;1;AUXILIOS;13;FUNDO DE MANUTENCAO E DESENVOLVIMENTO DA EDUCACAO BASICA - FUNDEB - REGULARIZACAO DE EXERCICIOS ANTE;1437600,0;1437600,0;1437600,0
9327228;2652;2022-03-31 00:00:00;PM SAO SEBASTIAO DA VARGEM ALEGRE;01.616.854/0001-60;1261;SEE;SECRETARIA DE ESTADO DE EDUCACAO;42;AUXILIOS;1;AUXILIOS;13;FUNDO DE MANUTENCAO E DESENVOLVIMENTO DA EDUCACAO BASICA - FUNDEB - REGULARIZACAO DE EXERCICIOS ANTE;530000,0;530000,0;530000,0
9327229;2650;2022-03-31 00:00:00;PM SAO SEBASTIAO DO OESTE;18.308.734/0001-06;1261;SEE;SECRETARIA DE ESTADO DE EDUCACAO;42;AUXILIOS;1;AUXILIOS;13;FUNDO DE MANUTENCAO E DESENVOLVIMENTO DA EDUCACAO BASICA - FUNDEB - REGULARIZACAO DE EXERCICIOS ANTE;1154800,0;1154800,0;1154800,0
9327230;2651;2022-03-31 00:00:00;PM SENHORA DOS REMEDIOS;18.094.870/0001-32;1261;SEE;SECRETARIA DE ESTADO DE EDUCACAO;42;AUXILIOS;1;AUXILIOS;13;FUNDO DE MANUTENCAO E DESENVOLVIMENTO DA EDUCACAO BASICA - FUNDEB - REGULARIZACAO DE EXERCICIOS ANTE;1296200,0;1296200,0;1296200,0
9327231;2647;2022-03-31 00:00:00;PM CAMPO FLORIDO;18.428.862/0001-85;1261;SEE;SECRETARIA DE ESTADO DE EDUCACAO;42;AUXILIOS;1;AUXILIOS;13;FUNDO DE MANUTENCAO E DESENVOLVIMENTO DA EDUCACAO BASICA - FUNDEB - REGULARIZACAO DE EXERCICIOS ANTE;100000,0;100000,0;100000,0
9327232;2645;2022-03-31 00:00:00;PM JOAO MONLEVADE;18.401.059/0001-57;1261;SEE;SECRETARIA DE ESTADO DE EDUCACAO;42;AUXILIOS;1;AUXILIOS;13;FUNDO DE MANUTENCAO E DESENVOLVIMENTO DA EDUCACAO BASICA - FUNDEB - REGULARIZACAO DE EXERCICIOS ANTE;721633,33;721633,33;721633,33
9327233;2646;2022-03-31 00:00:00;PM JOAO MONLEVADE;18.401.059/0001-57;1261;SEE;SECRETARIA DE ESTADO DE EDUCACAO;42;AUXILIOS;1;AUXILIOS;13;FUNDO DE MANUTENCAO E DESENVOLVIMENTO DA EDUCACAO BASICA - FUNDEB - REGULARIZACAO DE EXERCICIOS ANTE;100000,0;100000,0;100000,0
9327241;18;2022-04-04 00:00:00;FUNDACAO CONSCIENCIARTE;00.521.168/0001-42;1481;SEDESE;SECRETARIA DE ESTADO DE DESENVOLVIMENTO SOCIAL;43;SUBVENCOES SOCIAIS;1;SUBVENCOES SOCIAIS;10;RECURSOS ORDINARIOS;156999,88;156999,88;156999,88
9327243;16;2022-04-04 00:00:00;ASSOCIACAO TATAME DO BEM;18.129.747/0001-00;1481;SEDESE;SECRETARIA DE ESTADO DE DESENVOLVIMENTO SOCIAL;43;SUBVENCOES SOCIAIS;1;SUBVENCOES SOCIAIS;10;RECURSOS ORDINARIOS;103734,6;103734,6;103734,6
9327260;2659;2022-04-01 00:00:00;PM PAVAO;18.404.772/0001-54;1261;SEE;SECRETARIA DE ESTADO DE EDUCACAO;42;AUXILIOS;1;AUXILIOS;13;FUNDO DE MANUTENCAO E DESENVOLVIMENTO DA EDUCACAO BASICA - FUNDEB - REGULARIZACAO DE EXERCICIOS ANTE;265000,0;265000,0;265000,0
9327261;2660;2022-04-01 00:00:00;PM RUBIM;18.349.944/0001-34;1261;SEE;SECRETARIA DE ESTADO DE EDUCACAO;42;AUXILIOS;1;AUXILIOS;13;FUNDO DE MANUTENCAO E DESENVOLVIMENTO DA EDUCACAO BASICA - FUNDEB - REGULARIZACAO DE EXERCICIOS ANTE;1753400,0;1753400,0;1753400,0
9327262;2662;2022-04-01 00:00:00;PM TUMIRITINGA;21.078.563/0001-72;1261;SEE;SECRETARIA DE ESTADO DE EDUCACAO;42;AUXILIOS;1;AUXILIOS;13;FUNDO DE MANUTENCAO E DESENVOLVIMENTO DA EDUCACAO BASICA - FUNDEB - REGULARIZACAO DE EXERCICIOS ANTE;2365000,0;2365000,0;2365000,0
9327263;2653;2022-04-01 00:00:00;PM MENDES PIMENTEL;18.505.347/0001-51;1261;SEE;SECRETARIA DE ESTADO DE EDUCACAO;42;AUXILIOS;1;AUXILIOS;13;FUNDO DE MANUTENCAO E DESENVOLVIMENTO DA EDUCACAO BASICA - FUNDEB - REGULARIZACAO DE EXERCICIOS ANTE;572825,09;572825,09;572825,09
9327265;2656;2022-04-01 00:00:00;PM CAMACHO;18.308.726/0001-51;1261;SEE;SECRETARIA DE ESTADO DE EDUCACAO;42;AUXILIOS;1;AUXILIOS;13;FUNDO DE MANUTENCAO E DESENVOLVIMENTO DA EDUCACAO BASICA - FUNDEB - REGULARIZACAO DE EXERCICIOS ANTE;200000,0;200000,0;200000,0
9327266;2658;2022-04-01 00:00:00;PM ENGENHEIRO CALDAS;18.080.655/0001-82;1261;SEE;SECRETARIA DE ESTADO DE EDUCACAO;42;AUXILIOS;1;AUXILIOS;13;FUNDO DE MANUTENCAO E DESENVOLVIMENTO DA EDUCACAO BASICA - FUNDEB - REGULARIZACAO DE EXERCICIOS ANTE;399834,0;399834,0;399834,0
9327267;2654;2022-04-01 00:00:00;PM PATOS DE MINAS;18.602.011/0001-07;1261;SEE;SECRETARIA DE ESTADO DE EDUCACAO;42;AUXILIOS;1;AUXILIOS;13;FUNDO DE MANUTENCAO E DESENVOLVIMENTO DA EDUCACAO BASICA - FUNDEB - REGULARIZACAO DE EXERCICIOS ANTE;564033,58;564033,58;564033,58
9327268;2657;2022-04-01 00:00:00;PM BARROSO;18.094.755/0001-68;1261;SEE;SECRETARIA DE ESTADO DE EDUCACAO;42;AUXILIOS;1;AUXILIOS;13;FUNDO DE MANUTENCAO E DESENVOLVIMENTO DA EDUCACAO BASICA - FUNDEB - REGULARIZACAO DE EXERCICIOS ANTE;500000,0;500000,0;500000,0
9327269;2655;2022-04-01 00:00:00;PM BARROSO;18.094.755/0001-68;1261;SEE;SECRETARIA DE ESTADO DE EDUCACAO;42;AUXILIOS;1;AUXILIOS;13;FUNDO DE MANUTENCAO E DESENVOLVIMENTO DA EDUCACAO BASICA - FUNDEB - REGULARIZACAO DE EXERCICIOS ANTE;0,0;0,0;0,0
9327269;4588;2022-12-16 00:00:00;PM BARROSO;18.094.755/0001-68;1261;SEE;SECRETARIA DE ESTADO DE EDUCACAO;42;AUXILIOS;1;AUXILIOS;13;FUNDO DE MANUTENCAO E DESENVOLVIMENTO DA EDUCACAO BASICA - FUNDEB - REGULARIZACAO DE EXERCICIOS ANTE;100000,0;100000,0;0,0
9327270;2661;2022-04-01 00:00:00;PM PAPAGAIOS;18.313.866/0001-18;1261;SEE;SECRETARIA DE ESTADO DE EDUCACAO;42;AUXILIOS;1;AUXILIOS;13;FUNDO DE MANUTENCAO E DESENVOLVIMENTO DA EDUCACAO BASICA - FUNDEB - REGULARIZACAO DE EXERCICIOS ANTE;265000,0;265000,0;265000,0
9327297;2664;2022-04-04 00:00:00;PM SANTA CRUZ DO ESCALVADO;18.316.273/0001-05;1261;SEE;SECRETARIA DE ESTADO DE EDUCACAO;42;AUXILIOS;1;AUXILIOS;13;FUNDO DE MANUTENCAO E DESENVOLVIMENTO DA EDUCACAO BASICA - FUNDEB - REGULARIZACAO DE EXERCICIOS ANTE;838500,0;838500,0;838500,0
9327315;17;2022-04-04 00:00:00;SER SERVICO EVANGELICO DE REABILITACAO;20.734.505/0001-97;1481;SEDESE;SECRETARIA DE ESTADO DE DESENVOLVIMENTO SOCIAL;43;SUBVENCOES SOCIAIS;1;SUBVENCOES SOCIAIS;10;RECURSOS ORDINARIOS;173908,0;173908,0;173908,0
9327316;1295;2022-05-11 00:00:00;INSTITUTO DE PROMOCAO SOCIAL E HUMANA DARCY RIBEIRO;00.794.227/0001-56;4251;FEAS;FUNDO ESTADUAL DE ASSISTENCIA SOCIAL;43;SUBVENCOES SOCIAIS;1;SUBVENCOES SOCIAIS;71;RECURSOS DO FUNDO ESTADUAL DE ERRADICACAO DA MISERIA;19500,0;19500,0;19500,0
9327316;1296;2022-05-11 00:00:00;INSTITUTO DE PROMOCAO SOCIAL E HUMANA DARCY RIBEIRO;00.794.227/0001-56;4251;FEAS;FUNDO ESTADUAL DE ASSISTENCIA SOCIAL;42;AUXILIOS;1;AUXILIOS;71;RECURSOS DO FUNDO ESTADUAL DE ERRADICACAO DA MISERIA;95449,29;95449,29;95449,29
9327344;2679;2022-04-06 00:00:00;PM ITAOBIM;18.414.573/0001-27;1261;SEE;SECRETARIA DE ESTADO DE EDUCACAO;42;AUXILIOS;1;AUXILIOS;13;FUNDO DE MANUTENCAO E DESENVOLVIMENTO DA EDUCACAO BASICA - FUNDEB - REGULARIZACAO DE EXERCICIOS ANTE;584800,0;584800,0;584800,0
9327345;2680;2022-04-06 00:00:00;PM PAULISTAS;18.307.447/0001-73;1261;SEE;SECRETARIA DE ESTADO DE EDUCACAO;42;AUXILIOS;1;AUXILIOS;13;FUNDO DE MANUTENCAO E DESENVOLVIMENTO DA EDUCACAO BASICA - FUNDEB - REGULARIZACAO DE EXERCICIOS ANTE;1234733,33;1234733,33;1234733,33
9327346;2681;2022-04-06 00:00:00;PM SANTA BARBARA DO TUGURIO;18.094.854/0001-40;1261;SEE;SECRETARIA DE ESTADO DE EDUCACAO;42;AUXILIOS;1;AUXILIOS;13;FUNDO DE MANUTENCAO E DESENVOLVIMENTO DA EDUCACAO BASICA - FUNDEB - REGULARIZACAO DE EXERCICIOS ANTE;359300,0;359300,0;359300,0
9327348;2666;2022-04-06 00:00:00;PM VISCONDE DO RIO BRANCO;18.137.927/0001-33;1261;SEE;SECRETARIA DE ESTADO DE EDUCACAO;42;AUXILIOS;1;AUXILIOS;13;FUNDO DE MANUTENCAO E DESENVOLVIMENTO DA EDUCACAO BASICA - FUNDEB - REGULARIZACAO DE EXERCICIOS ANTE;564033,58;564033,58;564033,58
9327349;2667;2022-04-06 00:00:00;PM COUTO DE MAGALHAES DE MINAS;17.754.177/0001-86;1261;SEE;SECRETARIA DE ESTADO DE EDUCACAO;42;AUXILIOS;1;AUXILIOS;13;FUNDO DE MANUTENCAO E DESENVOLVIMENTO DA EDUCACAO BASICA - FUNDEB - REGULARIZACAO DE EXERCICIOS ANTE;572825,09;572825,09;572825,09
9327350;2668;2022-04-06 00:00:00;PM COMERCINHO;18.414.615/0001-20;1261;SEE;SECRETARIA DE ESTADO DE EDUCACAO;42;AUXILIOS;1;AUXILIOS;13;FUNDO DE MANUTENCAO E DESENVOLVIMENTO DA EDUCACAO BASICA - FUNDEB - REGULARIZACAO DE EXERCICIOS ANTE;100000,0;100000,0;100000,0
9327351;2669;2022-04-06 00:00:00;PM PEDRINOPOLIS;18.140.335/0001-70;1261;SEE;SECRETARIA DE ESTADO DE EDUCACAO;42;AUXILIOS;1;AUXILIOS;13;FUNDO DE MANUTENCAO E DESENVOLVIMENTO DA EDUCACAO BASICA - FUNDEB - REGULARIZACAO DE EXERCICIOS ANTE;100000,0;100000,0;100000,0
9327352;2670;2022-04-06 00:00:00;PM CARLOS CHAGAS;18.477.315/0001-90;1261;SEE;SECRETARIA DE ESTADO DE EDUCACAO;42;AUXILIOS;1;AUXILIOS;13;FUNDO DE MANUTENCAO E DESENVOLVIMENTO DA EDUCACAO BASICA - FUNDEB - REGULARIZACAO DE EXERCICIOS ANTE;99955,83;99955,83;99955,83
9327354;2671;2022-04-06 00:00:00;PM PEDRINOPOLIS;18.140.335/0001-70;1261;SEE;SECRETARIA DE ESTADO DE EDUCACAO;42;AUXILIOS;1;AUXILIOS;13;FUNDO DE MANUTENCAO E DESENVOLVIMENTO DA EDUCACAO BASICA - FUNDEB - REGULARIZACAO DE EXERCICIOS ANTE;100000,0;100000,0;100000,0
9327355;2672;2022-04-06 00:00:00;PM CARANGOLA;19.279.827/0001-04;1261;SEE;SECRETARIA DE ESTADO DE EDUCACAO;42;AUXILIOS;1;AUXILIOS;13;FUNDO DE MANUTENCAO E DESENVOLVIMENTO DA EDUCACAO BASICA - FUNDEB - REGULARIZACAO DE EXERCICIOS ANTE;49988,05;49988,05;49988,05
9327356;2673;2022-04-06 00:00:00;PM TIMOTEO;19.875.020/0001-34;1261;SEE;SECRETARIA DE ESTADO DE EDUCACAO;42;AUXILIOS;1;AUXILIOS;13;FUNDO DE MANUTENCAO E DESENVOLVIMENTO DA EDUCACAO BASICA - FUNDEB - REGULARIZACAO DE EXERCICIOS ANTE;601608,42;601608,42;601608,42
9327357;2674;2022-04-06 00:00:00;PM PARAOPEBA;18.116.160/0001-66;1261;SEE;SECRETARIA DE ESTADO DE EDUCACAO;42;AUXILIOS;1;AUXILIOS;13;FUNDO DE MANUTENCAO E DESENVOLVIMENTO DA EDUCACAO BASICA - FUNDEB - REGULARIZACAO DE EXERCICIOS ANTE;99689,46;99689,46;99689,46
9327358;2675;2022-04-06 00:00:00;PM DIAMANTINA;17.754.136/0001-90;1261;SEE;SECRETARIA DE ESTADO DE EDUCACAO;42;AUXILIOS;1;AUXILIOS;13;FUNDO DE MANUTENCAO E DESENVOLVIMENTO DA EDUCACAO BASICA - FUNDEB - REGULARIZACAO DE EXERCICIOS ANTE;0,0;0,0;0,0
9327358;4564;2022-12-02 00:00:00;PM DIAMANTINA;17.754.136/0001-90;1261;SEE;SECRETARIA DE ESTADO DE EDUCACAO;42;AUXILIOS;1;AUXILIOS;10;RECURSOS ORDINARIOS;150000,0;150000,0;150000,0
9327361;2676;2022-04-06 00:00:00;PM ALVINOPOLIS;16.725.392/0001-96;1261;SEE;SECRETARIA DE ESTADO DE EDUCACAO;42;AUXILIOS;1;AUXILIOS;13;FUNDO DE MANUTENCAO E DESENVOLVIMENTO DA EDUCACAO BASICA - FUNDEB - REGULARIZACAO DE EXERCICIOS ANTE;200000,0;200000,0;200000,0
9327362;2677;2022-04-06 00:00:00;PM DIAMANTINA;17.754.136/0001-90;1261;SEE;SECRETARIA DE ESTADO DE EDUCACAO;42;AUXILIOS;1;AUXILIOS;13;FUNDO DE MANUTENCAO E DESENVOLVIMENTO DA EDUCACAO BASICA - FUNDEB - REGULARIZACAO DE EXERCICIOS ANTE;100000,0;100000,0;100000,0
9327363;2678;2022-04-06 00:00:00;PM CACHOEIRA DE MINAS;18.675.959/0001-92;1261;SEE;SECRETARIA DE ESTADO DE EDUCACAO;42;AUXILIOS;1;AUXILIOS;13;FUNDO DE MANUTENCAO E DESENVOLVIMENTO DA EDUCACAO BASICA - FUNDEB - REGULARIZACAO DE EXERCICIOS ANTE;100000,0;100000,0;100000,0
9327394;2685;2022-04-08 00:00:00;PM SAO PEDRO DA UNIAO;18.666.172/0001-64;1261;SEE;SECRETARIA DE ESTADO DE EDUCACAO;42;AUXILIOS;1;AUXILIOS;10;RECURSOS ORDINARIOS;867800,0;867800,0;867800,0
9327401;2711;2022-04-08 00:00:00;PM PRATINHA;18.585.570/0001-56;1261;SEE;SECRETARIA DE ESTADO DE EDUCACAO;42;AUXILIOS;1;AUXILIOS;10;RECURSOS ORDINARIOS;867800,0;867800,0;867800,0
9327402;2710;2022-04-08 00:00:00;PM SAO PEDRO DOS FERROS;19.243.500/0001-82;1261;SEE;SECRETARIA DE ESTADO DE EDUCACAO;42;AUXILIOS;1;AUXILIOS;10;RECURSOS ORDINARIOS;337800,0;337800,0;337800,0
9327404;2691;2022-04-08 00:00:00;PM CENTRALINA;18.260.497/0001-42;1261;SEE;SECRETARIA DE ESTADO DE EDUCACAO;42;AUXILIOS;1;AUXILIOS;10;RECURSOS ORDINARIOS;200000,0;200000,0;200000,0
9327405;2687;2022-04-08 00:00:00;PM PASSA TEMPO;18.039.503/0001-36;1261;SEE;SECRETARIA DE ESTADO DE EDUCACAO;42;AUXILIOS;1;AUXILIOS;10;RECURSOS ORDINARIOS;199884,48;199884,48;199884,48
9327406;2706;2022-04-08 00:00:00;PM SAO GOTARDO;18.602.037/0001-55;1261;SEE;SECRETARIA DE ESTADO DE EDUCACAO;42;AUXILIOS;1;AUXILIOS;10;RECURSOS ORDINARIOS;564033,58;564033,58;564033,58
9327407;2705;2022-04-08 00:00:00;PM CAMPOS GERAIS;18.245.175/0001-24;1261;SEE;SECRETARIA DE ESTADO DE EDUCACAO;42;AUXILIOS;1;AUXILIOS;10;RECURSOS ORDINARIOS;566933,87;566933,87;566933,87
9327408;2693;2022-04-08 00:00:00;PM PONTO DOS VOLANTES;01.613.377/0001-89;1261;SEE;SECRETARIA DE ESTADO DE EDUCACAO;42;AUXILIOS;1;AUXILIOS;10;RECURSOS ORDINARIOS;161900,0;161900,0;161900,0
9327409;2688;2022-04-08 00:00:00;PM CABO VERDE;17.909.599/0001-83;1261;SEE;SECRETARIA DE ESTADO DE EDUCACAO;42;AUXILIOS;1;AUXILIOS;10;RECURSOS ORDINARIOS;100000,0;100000,0;100000,0
9327410;2694;2022-04-08 00:00:00;PM PATROCINIO;18.468.033/0001-26;1261;SEE;SECRETARIA DE ESTADO DE EDUCACAO;42;AUXILIOS;1;AUXILIOS;10;RECURSOS ORDINARIOS;700000,0;700000,0;700000,0
9327411;2708;2022-04-08 00:00:00;PM TAPIRAI;20.920.625/0001-89;1261;SEE;SECRETARIA DE ESTADO DE EDUCACAO;42;AUXILIOS;1;AUXILIOS;10;RECURSOS ORDINARIOS;795000,0;795000,0;795000,0
9327412;2707;2022-04-08 00:00:00;PM VOLTA GRANDE;17.710.690/0001-75;1261;SEE;SECRETARIA DE ESTADO DE EDUCACAO;42;AUXILIOS;1;AUXILIOS;10;RECURSOS ORDINARIOS;258166,67;258166,67;258166,67
9327413;2712;2022-04-08 00:00:00;PM JOSENOPOLIS;01.612.503/0001-80;1261;SEE;SECRETARIA DE ESTADO DE EDUCACAO;42;AUXILIOS;1;AUXILIOS;10;RECURSOS ORDINARIOS;337800,0;337800,0;337800,0
9327414;2709;2022-04-08 00:00:00;PM DELFIM MOREIRA;18.025.924/0001-08;1261;SEE;SECRETARIA DE ESTADO DE EDUCACAO;42;AUXILIOS;1;AUXILIOS;10;RECURSOS ORDINARIOS;337800,0;337800,0;337800,0
9327415;2689;2022-04-08 00:00:00;PM SERRA DO SALITRE;18.468.058/0001-20;1261;SEE;SECRETARIA DE ESTADO DE EDUCACAO;42;AUXILIOS;1;AUXILIOS;10;RECURSOS ORDINARIOS;100000,0;100000,0;100000,0
9327416;2692;2022-04-08 00:00:00;PM CARLOS CHAGAS;18.477.315/0001-90;1261;SEE;SECRETARIA DE ESTADO DE EDUCACAO;42;AUXILIOS;1;AUXILIOS;10;RECURSOS ORDINARIOS;199514,13;199514,13;199514,13
9327417;2690;2022-04-08 00:00:00;PM PRESIDENTE JUSCELINO;17.695.057/0001-55;1261;SEE;SECRETARIA DE ESTADO DE EDUCACAO;42;AUXILIOS;1;AUXILIOS;10;RECURSOS ORDINARIOS;100000,0;100000,0;100000,0
9327418;2695;2022-04-08 00:00:00;PM PIRAPORA;23.539.463/0001-21;1261;SEE;SECRETARIA DE ESTADO DE EDUCACAO;42;AUXILIOS;1;AUXILIOS;10;RECURSOS ORDINARIOS;900000,0;900000,0;900000,0
9327427;2718;2022-04-08 00:00:00;PM RAPOSOS;18.312.132/0001-14;1261;SEE;SECRETARIA DE ESTADO DE EDUCACAO;42;AUXILIOS;1;AUXILIOS;10;RECURSOS ORDINARIOS;1586400,0;1586400,0;1586400,0
9327428;2696;2022-04-08 00:00:00;PM TRES PONTAS;18.245.167/0001-88;1261;SEE;SECRETARIA DE ESTADO DE EDUCACAO;42;AUXILIOS;1;AUXILIOS;10;RECURSOS ORDINARIOS;149979,17;149979,17;149979,17
9327429;2702;2022-04-08 00:00:00;PM SAO JOAO DAS MISSOES;01.612.486/0001-81;1261;SEE;SECRETARIA DE ESTADO DE EDUCACAO;42;AUXILIOS;1;AUXILIOS;10;RECURSOS ORDINARIOS;249986,43;249986,43;249986,43
9327430;2703;2022-04-08 00:00:00;PM CANAA;18.132.712/0001-20;1261;SEE;SECRETARIA DE ESTADO DE EDUCACAO;42;AUXILIOS;1;AUXILIOS;10;RECURSOS ORDINARIOS;566933,87;566933,87;566933,87
9327431;2716;2022-04-08 00:00:00;PM TAPARUBA;01.616.741/0001-64;1261;SEE;SECRETARIA DE ESTADO DE EDUCACAO;42;AUXILIOS;1;AUXILIOS;10;RECURSOS ORDINARIOS;359300,0;359300,0;359300,0
9327432;2717;2022-04-08 00:00:00;PM SAO JOAO DE MANTENINHA;22.705.248/0001-90;1261;SEE;SECRETARIA DE ESTADO DE EDUCACAO;42;AUXILIOS;1;AUXILIOS;10;RECURSOS ORDINARIOS;744200,0;744200,0;744200,0
9327433;2719;2022-04-08 00:00:00;PM DIOGO DE VASCONCELOS;18.295.311/0001-90;1261;SEE;SECRETARIA DE ESTADO DE EDUCACAO;42;AUXILIOS;1;AUXILIOS;10;RECURSOS ORDINARIOS;1082000,0;1082000,0;1082000,0
9327434;2699;2022-04-08 00:00:00;PM DIONISIO;20.126.439/0001-72;1261;SEE;SECRETARIA DE ESTADO DE EDUCACAO;42;AUXILIOS;1;AUXILIOS;10;RECURSOS ORDINARIOS;100000,0;100000,0;100000,0
9327435;2701;2022-04-08 00:00:00;PM BOM SUCESSO;18.244.368/0001-60;1261;SEE;SECRETARIA DE ESTADO DE EDUCACAO;42;AUXILIOS;1;AUXILIOS;10;RECURSOS ORDINARIOS;100000,0;100000,0;100000,0
9327436;2715;2022-04-08 00:00:00;PM DORESOPOLIS;18.306.647/0001-01;1261;SEE;SECRETARIA DE ESTADO DE EDUCACAO;42;AUXILIOS;1;AUXILIOS;10;RECURSOS ORDINARIOS;697100,0;697100,0;697100,0
9327437;2704;2022-04-08 00:00:00;PM IGARAPE;18.715.474/0001-85;1261;SEE;SECRETARIA DE ESTADO DE EDUCACAO;42;AUXILIOS;1;AUXILIOS;10;RECURSOS ORDINARIOS;572825,09;572825,09;572825,09
9327438;2698;2022-04-08 00:00:00;PM CATUTI;01.612.502/0001-36;1261;SEE;SECRETARIA DE ESTADO DE EDUCACAO;42;AUXILIOS;1;AUXILIOS;10;RECURSOS ORDINARIOS;100000,0;100000,0;100000,0
9327439;2714;2022-04-08 00:00:00;PM MEDINA;18.414.607/0001-83;1261;SEE;SECRETARIA DE ESTADO DE EDUCACAO;42;AUXILIOS;1;AUXILIOS;10;RECURSOS ORDINARIOS;606300,0;606300,0;606300,0
9327440;2697;2022-04-08 00:00:00;PM JACINTO;18.349.910/0001-40;1261;SEE;SECRETARIA DE ESTADO DE EDUCACAO;42;AUXILIOS;1;AUXILIOS;10;RECURSOS ORDINARIOS;100000,0;100000,0;100000,0
9327441;2700;2022-04-08 00:00:00;PM CAMPO BELO;18.659.334/0001-37;1261;SEE;SECRETARIA DE ESTADO DE EDUCACAO;42;AUXILIOS;1;AUXILIOS;10;RECURSOS ORDINARIOS;49367,9;49367,9;49367,9
9327442;2713;2022-04-08 00:00:00;PM CORINTO;17.695.016/0001-69;1261;SEE;SECRETARIA DE ESTADO DE EDUCACAO;42;AUXILIOS;1;AUXILIOS;10;RECURSOS ORDINARIOS;2933400,0;2933400,0;2933400,0
9327459;1896;2022-04-29 00:00:00;PM NEPOMUCENO;18.244.350/0001-69;1261;SEE;SECRETARIA DE ESTADO DE EDUCACAO;42;AUXILIOS;1;AUXILIOS;10;RECURSOS ORDINARIOS;1279847,5;1279847,5;1279847,5
9327460;2741;2022-04-13 00:00:00;PM BETIM;18.715.391/0001-96;1261;SEE;SECRETARIA DE ESTADO DE EDUCACAO;42;AUXILIOS;1;AUXILIOS;23;FUNDO DE MANUTENCAO E DESENVOLVIMENTO DA EDUCACAO BASICA - FUNDEB;2100000,0;2100000,0;2100000,0
9327461;2761;2022-04-18 00:00:00;PM RIACHO DOS MACHADOS;16.925.208/0001-51;1261;SEE;SECRETARIA DE ESTADO DE EDUCACAO;42;AUXILIOS;1;AUXILIOS;23;FUNDO DE MANUTENCAO E DESENVOLVIMENTO DA EDUCACAO BASICA - FUNDEB;1582700,0;1582700,0;1582700,0
9327462;2752;2022-04-18 00:00:00;PM PRESIDENTE KUBITSCHEK;17.754.185/0001-22;1261;SEE;SECRETARIA DE ESTADO DE EDUCACAO;42;AUXILIOS;1;AUXILIOS;23;FUNDO DE MANUTENCAO E DESENVOLVIMENTO DA EDUCACAO BASICA - FUNDEB;265000,0;265000,0;265000,0
9327463;2760;2022-04-18 00:00:00;PM CAMPINA VERDE;18.457.291/0001-07;1261;SEE;SECRETARIA DE ESTADO DE EDUCACAO;42;AUXILIOS;1;AUXILIOS;23;FUNDO DE MANUTENCAO E DESENVOLVIMENTO DA EDUCACAO BASICA - FUNDEB;1342900,0;1342900,0;1342900,0
9327464;2758;2022-04-18 00:00:00;PM CONSOLACAO;18.025.916/0001-61;1261;SEE;SECRETARIA DE ESTADO DE EDUCACAO;42;AUXILIOS;1;AUXILIOS;23;FUNDO DE MANUTENCAO E DESENVOLVIMENTO DA EDUCACAO BASICA - FUNDEB;1055300,0;1055300,0;1055300,0
9327465;2739;2022-04-13 00:00:00;PM ITANHANDU;18.186.718/0001-80;1261;SEE;SECRETARIA DE ESTADO DE EDUCACAO;42;AUXILIOS;1;AUXILIOS;23;FUNDO DE MANUTENCAO E DESENVOLVIMENTO DA EDUCACAO BASICA - FUNDEB;872786,7;872786,7;872786,7
9327466;2731;2022-04-13 00:00:00;PM DIVINOPOLIS;18.291.351/0001-64;1261;SEE;SECRETARIA DE ESTADO DE EDUCACAO;42;AUXILIOS;1;AUXILIOS;23;FUNDO DE MANUTENCAO E DESENVOLVIMENTO DA EDUCACAO BASICA - FUNDEB;572825,09;572825,09;572825,09
9327497;870;2022-04-19 00:00:00;PM GUIRICEMA;18.137.943/0001-26;1261;SEE;SECRETARIA DE ESTADO DE EDUCACAO;42;AUXILIOS;1;AUXILIOS;23;FUNDO DE MANUTENCAO E DESENVOLVIMENTO DA EDUCACAO BASICA - FUNDEB;400440,52;400440,52;400440,52
9327498;871;2022-04-19 00:00:00;PM GUIRICEMA;18.137.943/0001-26;1261;SEE;SECRETARIA DE ESTADO DE EDUCACAO;42;AUXILIOS;1;AUXILIOS;23;FUNDO DE MANUTENCAO E DESENVOLVIMENTO DA EDUCACAO BASICA - FUNDEB;1238352,33;1238352,33;1238352,33
9327499;872;2022-04-19 00:00:00;PM GUIRICEMA;18.137.943/0001-26;1261;SEE;SECRETARIA DE ESTADO DE EDUCACAO;42;AUXILIOS;1;AUXILIOS;23;FUNDO DE MANUTENCAO E DESENVOLVIMENTO DA EDUCACAO BASICA - FUNDEB;861042,22;861042,22;861042,22
9327500;1505;2022-04-13 00:00:00;PM CAMPOS ALTOS;18.298.190/0001-30;1261;SEE;SECRETARIA DE ESTADO DE EDUCACAO;42;AUXILIOS;1;AUXILIOS;23;FUNDO DE MANUTENCAO E DESENVOLVIMENTO DA EDUCACAO BASICA - FUNDEB;1028181,35;1028181,35;1028181,35
9327501;1690;2022-04-13 00:00:00;PM NEPOMUCENO;18.244.350/0001-69;1261;SEE;SECRETARIA DE ESTADO DE EDUCACAO;42;AUXILIOS;1;AUXILIOS;23;FUNDO DE MANUTENCAO E DESENVOLVIMENTO DA EDUCACAO BASICA - FUNDEB;1895009,03;1895009,03;1895009,03
9327502;2754;2022-04-18 00:00:00;PM GUARARA;17.723.172/0001-96;1261;SEE;SECRETARIA DE ESTADO DE EDUCACAO;42;AUXILIOS;1;AUXILIOS;23;FUNDO DE MANUTENCAO E DESENVOLVIMENTO DA EDUCACAO BASICA - FUNDEB;511924,0;511924,0;511924,0
9327503;2751;2022-04-18 00:00:00;PM ORATORIOS;01.616.836/0001-88;1261;SEE;SECRETARIA DE ESTADO DE EDUCACAO;42;AUXILIOS;1;AUXILIOS;23;FUNDO DE MANUTENCAO E DESENVOLVIMENTO DA EDUCACAO BASICA - FUNDEB;265000,0;265000,0;265000,0
9327504;2756;2022-04-18 00:00:00;PM MORADA NOVA DE MINAS;18.296.665/0001-50;1261;SEE;SECRETARIA DE ESTADO DE EDUCACAO;42;AUXILIOS;1;AUXILIOS;23;FUNDO DE MANUTENCAO E DESENVOLVIMENTO DA EDUCACAO BASICA - FUNDEB;697100,0;697100,0;697100,0
9327505;2757;2022-04-18 00:00:00;PM CAMACHO;18.308.726/0001-51;1261;SEE;SECRETARIA DE ESTADO DE EDUCACAO;42;AUXILIOS;1;AUXILIOS;23;FUNDO DE MANUTENCAO E DESENVOLVIMENTO DA EDUCACAO BASICA - FUNDEB;712499,67;712499,67;712499,67
9327506;2759;2022-04-18 00:00:00;PM CAMPANHA;18.712.174/0001-42;1261;SEE;SECRETARIA DE ESTADO DE EDUCACAO;42;AUXILIOS;1;AUXILIOS;23;FUNDO DE MANUTENCAO E DESENVOLVIMENTO DA EDUCACAO BASICA - FUNDEB;1056400,0;1056400,0;1056400,0
9327507;2740;2022-04-13 00:00:00;PM TRES CORACOES;17.955.535/0001-19;1261;SEE;SECRETARIA DE ESTADO DE EDUCACAO;42;AUXILIOS;1;AUXILIOS;23;FUNDO DE MANUTENCAO E DESENVOLVIMENTO DA EDUCACAO BASICA - FUNDEB;900000,0;900000,0;900000,0
9327508;2762;2022-04-18 00:00:00;PM CARANGOLA;19.279.827/0001-04;1261;SEE;SECRETARIA DE ESTADO DE EDUCACAO;42;AUXILIOS;1;AUXILIOS;23;FUNDO DE MANUTENCAO E DESENVOLVIMENTO DA EDUCACAO BASICA - FUNDEB;1677000,0;1677000,0;1677000,0
9327509;2749;2022-04-13 00:00:00;PM CAMPO BELO;18.659.334/0001-37;1261;SEE;SECRETARIA DE ESTADO DE EDUCACAO;42;AUXILIOS;1;AUXILIOS;13;FUNDO DE MANUTENCAO E DESENVOLVIMENTO DA EDUCACAO BASICA - FUNDEB - REGULARIZACAO DE EXERCICIOS ANTE;399974,91;399974,91;399974,91
9327510;2746;2022-04-13 00:00:00;PM CRISTAIS;17.888.082/0001-55;1261;SEE;SECRETARIA DE ESTADO DE EDUCACAO;42;AUXILIOS;1;AUXILIOS;13;FUNDO DE MANUTENCAO E DESENVOLVIMENTO DA EDUCACAO BASICA - FUNDEB - REGULARIZACAO DE EXERCICIOS ANTE;100000,0;100000,0;100000,0
9327512;2732;2022-04-13 00:00:00;PM PRATINHA;18.585.570/0001-56;1261;SEE;SECRETARIA DE ESTADO DE EDUCACAO;42;AUXILIOS;1;AUXILIOS;23;FUNDO DE MANUTENCAO E DESENVOLVIMENTO DA EDUCACAO BASICA - FUNDEB;751638,34;751638,34;751638,34
9327513;2730;2022-04-13 00:00:00;PM PECANHA;18.409.227/0001-50;1261;SEE;SECRETARIA DE ESTADO DE EDUCACAO;42;AUXILIOS;1;AUXILIOS;23;FUNDO DE MANUTENCAO E DESENVOLVIMENTO DA EDUCACAO BASICA - FUNDEB;572825,09;572825,09;572825,09
9327514;2729;2022-04-13 00:00:00;PM ITAGUARA;18.313.015/0001-75;1261;SEE;SECRETARIA DE ESTADO DE EDUCACAO;42;AUXILIOS;1;AUXILIOS;23;FUNDO DE MANUTENCAO E DESENVOLVIMENTO DA EDUCACAO BASICA - FUNDEB;572825,09;572825,09;572825,09
9327515;2725;2022-04-13 00:00:00;PM ITAPECERICA;18.308.742/0001-44;1261;SEE;SECRETARIA DE ESTADO DE EDUCACAO;42;AUXILIOS;1;AUXILIOS;23;FUNDO DE MANUTENCAO E DESENVOLVIMENTO DA EDUCACAO BASICA - FUNDEB;566933,87;566933,87;566933,87
9327516;2755;2022-04-18 00:00:00;PM SAO BRAS DO SUACUI;20.356.754/0001-96;1261;SEE;SECRETARIA DE ESTADO DE EDUCACAO;42;AUXILIOS;1;AUXILIOS;23;FUNDO DE MANUTENCAO E DESENVOLVIMENTO DA EDUCACAO BASICA - FUNDEB;675600,0;675600,0;675600,0
9327517;2742;2022-04-13 00:00:00;PM RITAPOLIS;18.557.553/0001-05;1261;SEE;SECRETARIA DE ESTADO DE EDUCACAO;42;AUXILIOS;1;AUXILIOS;13;FUNDO DE MANUTENCAO E DESENVOLVIMENTO DA EDUCACAO BASICA - FUNDEB - REGULARIZACAO DE EXERCICIOS ANTE;265000,0;265000,0;265000,0
9327518;2753;2022-04-18 00:00:00;PM CONCEICAO DA PEDRA;18.025.908/0001-15;1261;SEE;SECRETARIA DE ESTADO DE EDUCACAO;42;AUXILIOS;1;AUXILIOS;23;FUNDO DE MANUTENCAO E DESENVOLVIMENTO DA EDUCACAO BASICA - FUNDEB;479200,0;479200,0;479200,0
9327519;2726;2022-04-13 00:00:00;PM JUVENILIA;01.612.485/0001-37;1261;SEE;SECRETARIA DE ESTADO DE EDUCACAO;42;AUXILIOS;1;AUXILIOS;23;FUNDO DE MANUTENCAO E DESENVOLVIMENTO DA EDUCACAO BASICA - FUNDEB;566933,87;566933,87;566933,87
9327520;2745;2022-04-13 00:00:00;PM MARAVILHAS;18.313.841/0001-14;1261;SEE;SECRETARIA DE ESTADO DE EDUCACAO;42;AUXILIOS;1;AUXILIOS;13;FUNDO DE MANUTENCAO E DESENVOLVIMENTO DA EDUCACAO BASICA - FUNDEB - REGULARIZACAO DE EXERCICIOS ANTE;100000,0;100000,0;100000,0
9327521;2734;2022-04-13 00:00:00;PM CAMANDUCAIA;17.935.396/0001-61;1261;SEE;SECRETARIA DE ESTADO DE EDUCACAO;42;AUXILIOS;1;AUXILIOS;23;FUNDO DE MANUTENCAO E DESENVOLVIMENTO DA EDUCACAO BASICA - FUNDEB;99917,11;99917,11;99917,11
9327523;2733;2022-04-13 00:00:00;PM CAMANDUCAIA;17.935.396/0001-61;1261;SEE;SECRETARIA DE ESTADO DE EDUCACAO;42;AUXILIOS;1;AUXILIOS;23;FUNDO DE MANUTENCAO E DESENVOLVIMENTO DA EDUCACAO BASICA - FUNDEB;99802,65;99802,65;99802,65
9327524;2735;2022-04-13 00:00:00;PM CAMANDUCAIA;17.935.396/0001-61;1261;SEE;SECRETARIA DE ESTADO DE EDUCACAO;42;AUXILIOS;1;AUXILIOS;23;FUNDO DE MANUTENCAO E DESENVOLVIMENTO DA EDUCACAO BASICA - FUNDEB;99941,69;99941,69;99941,69
9327525;2748;2022-04-13 00:00:00;PM CAMANDUCAIA;17.935.396/0001-61;1261;SEE;SECRETARIA DE ESTADO DE EDUCACAO;42;AUXILIOS;1;AUXILIOS;13;FUNDO DE MANUTENCAO E DESENVOLVIMENTO DA EDUCACAO BASICA - FUNDEB - REGULARIZACAO DE EXERCICIOS ANTE;299819,38;299819,38;299819,38
9327526;2747;2022-04-13 00:00:00;PM CIPOTANEA;18.094.805/0001-07;1261;SEE;SECRETARIA DE ESTADO DE EDUCACAO;42;AUXILIOS;1;AUXILIOS;13;FUNDO DE MANUTENCAO E DESENVOLVIMENTO DA EDUCACAO BASICA - FUNDEB - REGULARIZACAO DE EXERCICIOS ANTE;100000,0;100000,0;100000,0
9327529;25;2022-04-18 00:00:00;ASSOCIACAO PONTO CULTURAL;05.768.787/0001-50;1481;SEDESE;SECRETARIA DE ESTADO DE DESENVOLVIMENTO SOCIAL;43;SUBVENCOES SOCIAIS;1;SUBVENCOES SOCIAIS;10;RECURSOS ORDINARIOS;157000,0;157000,0;157000,0
9327530;170;2022-04-19 00:00:00;PM RAUL SOARES;18.836.965/0001-84;1481;SEDESE;SECRETARIA DE ESTADO DE DESENVOLVIMENTO SOCIAL;41;CONTRIBUICOES;1;CONTRIBUICOES;38;TRANSFERENCIAS DE RECURSOS DA UNIAO VINCULADOS AO ESPORTE;145624,84;145624,84;145624,84
9327543;858;2022-04-13 00:00:00;PM RAUL SOARES;18.836.965/0001-84;1491;SEGOV;SECRETARIA DE ESTADO DE GOVERNO;42;AUXILIOS;1;AUXILIOS;10;RECURSOS ORDINARIOS;600000,0;600000,0;600000,0
9327544;856;2022-04-13 00:00:00;PM SANTA CRUZ DE SALINAS;01.612.497/0001-61;1491;SEGOV;SECRETARIA DE ESTADO DE GOVERNO;42;AUXILIOS;1;AUXILIOS;10;RECURSOS ORDINARIOS;300000,0;300000,0;300000,0
9327545;857;2022-04-13 00:00:00;PM JOSE GONCALVES DE MINAS;01.613.372/0001-56;1491;SEGOV;SECRETARIA DE ESTADO DE GOVERNO;42;AUXILIOS;1;AUXILIOS;10;RECURSOS ORDINARIOS;300000,0;300000,0;300000,0
9327546;859;2022-04-13 00:00:00;PM ARAPONGA;18.132.167/0001-71;1491;SEGOV;SECRETARIA DE ESTADO DE GOVERNO;42;AUXILIOS;1;AUXILIOS;10;RECURSOS ORDINARIOS;400000,0;400000,0;400000,0
9327547;2743;2022-04-13 00:00:00;PM ARINOS;18.125.120/0001-80;1261;SEE;SECRETARIA DE ESTADO DE EDUCACAO;42;AUXILIOS;1;AUXILIOS;13;FUNDO DE MANUTENCAO E DESENVOLVIMENTO DA EDUCACAO BASICA - FUNDEB - REGULARIZACAO DE EXERCICIOS ANTE;100000,0;100000,0;100000,0
9327549;2727;2022-04-13 00:00:00;PM SANTA BARBARA DO TUGURIO;18.094.854/0001-40;1261;SEE;SECRETARIA DE ESTADO DE EDUCACAO;42;AUXILIOS;1;AUXILIOS;23;FUNDO DE MANUTENCAO E DESENVOLVIMENTO DA EDUCACAO BASICA - FUNDEB;572825,09;572825,09;572825,09
9327550;2737;2022-04-13 00:00:00;PM NOVA PONTE;18.159.905/0001-74;1261;SEE;SECRETARIA DE ESTADO DE EDUCACAO;42;AUXILIOS;1;AUXILIOS;23;FUNDO DE MANUTENCAO E DESENVOLVIMENTO DA EDUCACAO BASICA - FUNDEB;600000,0;600000,0;600000,0
9327551;2744;2022-04-13 00:00:00;PM CAMPO FLORIDO;18.428.862/0001-85;1261;SEE;SECRETARIA DE ESTADO DE EDUCACAO;42;AUXILIOS;1;AUXILIOS;13;FUNDO DE MANUTENCAO E DESENVOLVIMENTO DA EDUCACAO BASICA - FUNDEB - REGULARIZACAO DE EXERCICIOS ANTE;100000,0;100000,0;100000,0
9327552;2736;2022-04-13 00:00:00;PM MUNHOZ;18.675.934/0001-99;1261;SEE;SECRETARIA DE ESTADO DE EDUCACAO;42;AUXILIOS;1;AUXILIOS;23;FUNDO DE MANUTENCAO E DESENVOLVIMENTO DA EDUCACAO BASICA - FUNDEB;99984,52;99984,52;99984,52
9327554;2728;2022-04-13 00:00:00;PM ARINOS;18.125.120/0001-80;1261;SEE;SECRETARIA DE ESTADO DE EDUCACAO;42;AUXILIOS;1;AUXILIOS;23;FUNDO DE MANUTENCAO E DESENVOLVIMENTO DA EDUCACAO BASICA - FUNDEB;572825,09;572825,09;572825,09
9327555;2738;2022-04-13 00:00:00;PM CONTAGEM;18.715.508/0001-31;1261;SEE;SECRETARIA DE ESTADO DE EDUCACAO;42;AUXILIOS;1;AUXILIOS;23;FUNDO DE MANUTENCAO E DESENVOLVIMENTO DA EDUCACAO BASICA - FUNDEB;800000,0;800000,0;800000,0
9327557;2750;2022-04-13 00:00:00;PM CONTAGEM;18.715.508/0001-31;1261;SEE;SECRETARIA DE ESTADO DE EDUCACAO;42;AUXILIOS;1;AUXILIOS;13;FUNDO DE MANUTENCAO E DESENVOLVIMENTO DA EDUCACAO BASICA - FUNDEB - REGULARIZACAO DE EXERCICIOS ANTE;400000,0;400000,0;400000,0
9331755;1693;2022-04-13 00:00:00;PM NEPOMUCENO;18.244.350/0001-69;1261;SEE;SECRETARIA DE ESTADO DE EDUCACAO;42;AUXILIOS;1;AUXILIOS;23;FUNDO DE MANUTENCAO E DESENVOLVIMENTO DA EDUCACAO BASICA - FUNDEB;1278075,43;1278075,43;1278075,43
9331756;2774;2022-04-19 00:00:00;PM SAPUCAI-MIRIM;18.026.005/0001-59;1261;SEE;SECRETARIA DE ESTADO DE EDUCACAO;42;AUXILIOS;1;AUXILIOS;23;FUNDO DE MANUTENCAO E DESENVOLVIMENTO DA EDUCACAO BASICA - FUNDEB;337800,0;337800,0;337800,0
9331757;2768;2022-04-18 00:00:00;PM SERRA AZUL DE MINAS;18.303.230/0001-95;1261;SEE;SECRETARIA DE ESTADO DE EDUCACAO;42;AUXILIOS;1;AUXILIOS;23;FUNDO DE MANUTENCAO E DESENVOLVIMENTO DA EDUCACAO BASICA - FUNDEB;572825,09;572825,09;572825,09
9331758;2764;2022-04-18 00:00:00;PM FORMIGA;16.784.720/0001-25;1261;SEE;SECRETARIA DE ESTADO DE EDUCACAO;42;AUXILIOS;1;AUXILIOS;23;FUNDO DE MANUTENCAO E DESENVOLVIMENTO DA EDUCACAO BASICA - FUNDEB;2564010,01;2564010,01;2564010,01
9331759;2769;2022-04-18 00:00:00;PM CONGONHAS;16.752.446/0001-02;1261;SEE;SECRETARIA DE ESTADO DE EDUCACAO;42;AUXILIOS;1;AUXILIOS;23;FUNDO DE MANUTENCAO E DESENVOLVIMENTO DA EDUCACAO BASICA - FUNDEB;200000,0;200000,0;200000,0
9331760;2770;2022-04-18 00:00:00;PM BORDA DA MATA;17.912.023/0001-75;1261;SEE;SECRETARIA DE ESTADO DE EDUCACAO;42;AUXILIOS;1;AUXILIOS;23;FUNDO DE MANUTENCAO E DESENVOLVIMENTO DA EDUCACAO BASICA - FUNDEB;200000,0;200000,0;200000,0
9331761;2766;2022-04-18 00:00:00;PM ITACARAMBI;18.283.101/0001-82;1261;SEE;SECRETARIA DE ESTADO DE EDUCACAO;42;AUXILIOS;1;AUXILIOS;23;FUNDO DE MANUTENCAO E DESENVOLVIMENTO DA EDUCACAO BASICA - FUNDEB;572825,09;572825,09;572825,09
9331762;2767;2022-04-18 00:00:00;PM VIRGINIA;25.970.260/0001-10;1261;SEE;SECRETARIA DE ESTADO DE EDUCACAO;42;AUXILIOS;1;AUXILIOS;23;FUNDO DE MANUTENCAO E DESENVOLVIMENTO DA EDUCACAO BASICA - FUNDEB;763439,23;763439,23;763439,23
9331763;2765;2022-04-18 00:00:00;PM ITACARAMBI;18.283.101/0001-82;1261;SEE;SECRETARIA DE ESTADO DE EDUCACAO;42;AUXILIOS;1;AUXILIOS;23;FUNDO DE MANUTENCAO E DESENVOLVIMENTO DA EDUCACAO BASICA - FUNDEB;572825,09;572825,09;572825,09
9331766;2771;2022-04-18 00:00:00;PM VERDELANDIA;01.612.505/0001-70;1261;SEE;SECRETARIA DE ESTADO DE EDUCACAO;42;AUXILIOS;1;AUXILIOS;23;FUNDO DE MANUTENCAO E DESENVOLVIMENTO DA EDUCACAO BASICA - FUNDEB;100000,0;100000,0;100000,0
9331767;2772;2022-04-18 00:00:00;PM SANTA JULIANA;18.140.780/0001-30;1261;SEE;SECRETARIA DE ESTADO DE EDUCACAO;42;AUXILIOS;1;AUXILIOS;23;FUNDO DE MANUTENCAO E DESENVOLVIMENTO DA EDUCACAO BASICA - FUNDEB;100000,0;100000,0;100000,0
9331768;2763;2022-04-18 00:00:00;PM LARANJAL;17.947.615/0001-22;1261;SEE;SECRETARIA DE ESTADO DE EDUCACAO;42;AUXILIOS;1;AUXILIOS;23;FUNDO DE MANUTENCAO E DESENVOLVIMENTO DA EDUCACAO BASICA - FUNDEB;1822156,0;1822156,0;1822156,0
9331769;644;2022-04-18 00:00:00;PM SAO ROMAO;24.891.418/0001-02;1261;SEE;SECRETARIA DE ESTADO DE EDUCACAO;42;AUXILIOS;1;AUXILIOS;23;FUNDO DE MANUTENCAO E DESENVOLVIMENTO DA EDUCACAO BASICA - FUNDEB;542203,64;542203,64;542203,64
9331771;861;2022-04-13 00:00:00;PM PAULA CANDIDO;17.763.715/0001-07;1491;SEGOV;SECRETARIA DE ESTADO DE GOVERNO;42;AUXILIOS;1;AUXILIOS;10;RECURSOS ORDINARIOS;300000,0;300000,0;300000,0
9331773;860;2022-04-13 00:00:00;PM ORATORIOS;01.616.836/0001-88;1491;SEGOV;SECRETARIA DE ESTADO DE GOVERNO;42;AUXILIOS;1;AUXILIOS;10;RECURSOS ORDINARIOS;350000,0;350000,0;350000,0
9331900;3507;2022-06-08 00:00:00;PM CARLOS CHAGAS;18.477.315/0001-90;1261;SEE;SECRETARIA DE ESTADO DE EDUCACAO;42;AUXILIOS;1;AUXILIOS;23;FUNDO DE MANUTENCAO E DESENVOLVIMENTO DA EDUCACAO BASICA - FUNDEB;938266,67;938266,67;938266,67
9331901;3508;2022-06-08 00:00:00;PM CARRANCAS;17.953.332/0001-93;1261;SEE;SECRETARIA DE ESTADO DE EDUCACAO;42;AUXILIOS;1;AUXILIOS;23;FUNDO DE MANUTENCAO E DESENVOLVIMENTO DA EDUCACAO BASICA - FUNDEB;2070366,67;2070366,67;2070366,67
9331902;2778;2022-04-19 00:00:00;PM CABECEIRA GRANDE;01.603.707/0001-55;1261;SEE;SECRETARIA DE ESTADO DE EDUCACAO;42;AUXILIOS;1;AUXILIOS;23;FUNDO DE MANUTENCAO E DESENVOLVIMENTO DA EDUCACAO BASICA - FUNDEB;564033,58;564033,58;564033,58
9331903;2782;2022-04-19 00:00:00;PM SAO SEBASTIAO DO PARAISO;18.241.349/0001-80;1261;SEE;SECRETARIA DE ESTADO DE EDUCACAO;42;AUXILIOS;1;AUXILIOS;23;FUNDO DE MANUTENCAO E DESENVOLVIMENTO DA EDUCACAO BASICA - FUNDEB;749892,5;749892,5;749892,5
9331904;2791;2022-04-19 00:00:00;PM PIUMHI;16.781.346/0001-04;1261;SEE;SECRETARIA DE ESTADO DE EDUCACAO;42;AUXILIOS;1;AUXILIOS;23;FUNDO DE MANUTENCAO E DESENVOLVIMENTO DA EDUCACAO BASICA - FUNDEB;300000,0;300000,0;300000,0
9331905;2784;2022-04-19 00:00:00;PM CRISTALIA;18.017.434/0001-60;1261;SEE;SECRETARIA DE ESTADO DE EDUCACAO;42;AUXILIOS;1;AUXILIOS;23;FUNDO DE MANUTENCAO E DESENVOLVIMENTO DA EDUCACAO BASICA - FUNDEB;149999,14;149999,14;149999,14
9331906;2788;2022-04-19 00:00:00;PM MERCES;17.744.442/0001-45;1261;SEE;SECRETARIA DE ESTADO DE EDUCACAO;42;AUXILIOS;1;AUXILIOS;23;FUNDO DE MANUTENCAO E DESENVOLVIMENTO DA EDUCACAO BASICA - FUNDEB;100000,0;100000,0;100000,0
9331907;2787;2022-04-19 00:00:00;PM CABECEIRA GRANDE;01.603.707/0001-55;1261;SEE;SECRETARIA DE ESTADO DE EDUCACAO;42;AUXILIOS;1;AUXILIOS;23;FUNDO DE MANUTENCAO E DESENVOLVIMENTO DA EDUCACAO BASICA - FUNDEB;100000,0;100000,0;100000,0
9331908;2798;2022-04-19 00:00:00;PM JABOTICATUBAS;18.715.417/0001-04;1261;SEE;SECRETARIA DE ESTADO DE EDUCACAO;42;AUXILIOS;1;AUXILIOS;23;FUNDO DE MANUTENCAO E DESENVOLVIMENTO DA EDUCACAO BASICA - FUNDEB;1205600,0;1205600,0;1205600,0
9331909;2800;2022-04-19 00:00:00;PM LAGOA GRANDE;23.097.454/0001-28;1261;SEE;SECRETARIA DE ESTADO DE EDUCACAO;42;AUXILIOS;1;AUXILIOS;23;FUNDO DE MANUTENCAO E DESENVOLVIMENTO DA EDUCACAO BASICA - FUNDEB;962100,0;962100,0;962100,0
9331910;3510;2022-06-08 00:00:00;PM LIBERDADE;18.029.165/0001-51;1261;SEE;SECRETARIA DE ESTADO DE EDUCACAO;42;AUXILIOS;1;AUXILIOS;23;FUNDO DE MANUTENCAO E DESENVOLVIMENTO DA EDUCACAO BASICA - FUNDEB;1046976,42;1046976,42;1046976,42
9331911;2801;2022-04-19 00:00:00;PM MEDEIROS;20.920.617/0001-32;1261;SEE;SECRETARIA DE ESTADO DE EDUCACAO;42;AUXILIOS;1;AUXILIOS;23;FUNDO DE MANUTENCAO E DESENVOLVIMENTO DA EDUCACAO BASICA - FUNDEB;962100,0;962100,0;962100,0
9331912;3529;2022-06-08 00:00:00;PM MERCES;17.744.442/0001-45;1261;SEE;SECRETARIA DE ESTADO DE EDUCACAO;42;AUXILIOS;1;AUXILIOS;23;FUNDO DE MANUTENCAO E DESENVOLVIMENTO DA EDUCACAO BASICA - FUNDEB;958400,0;958400,0;958400,0
9331913;3530;2022-06-08 00:00:00;PM MIRADOURO;17.947.623/0001-79;1261;SEE;SECRETARIA DE ESTADO DE EDUCACAO;42;AUXILIOS;1;AUXILIOS;23;FUNDO DE MANUTENCAO E DESENVOLVIMENTO DA EDUCACAO BASICA - FUNDEB;1514466,67;1514466,67;1514466,67
9331914;2797;2022-04-19 00:00:00;PM ITAMONTE;18.666.750/0001-62;1261;SEE;SECRETARIA DE ESTADO DE EDUCACAO;42;AUXILIOS;1;AUXILIOS;23;FUNDO DE MANUTENCAO E DESENVOLVIMENTO DA EDUCACAO BASICA - FUNDEB;623296,67;623296,67;623296,67
9331915;3531;2022-06-08 00:00:00;PM ALMENARA;18.349.894/0001-95;1261;SEE;SECRETARIA DE ESTADO DE EDUCACAO;42;AUXILIOS;1;AUXILIOS;23;FUNDO DE MANUTENCAO E DESENVOLVIMENTO DA EDUCACAO BASICA - FUNDEB;265000,0;265000,0;265000,0
9331916;2793;2022-04-19 00:00:00;PM CURRAL DE DENTRO;01.613.076/0001-55;1261;SEE;SECRETARIA DE ESTADO DE EDUCACAO;42;AUXILIOS;1;AUXILIOS;23;FUNDO DE MANUTENCAO E DESENVOLVIMENTO DA EDUCACAO BASICA - FUNDEB;1351200,0;1351200,0;1351200,0
9331917;2792;2022-04-19 00:00:00;PM CUPARAQUE;01.615.422/0001-34;1261;SEE;SECRETARIA DE ESTADO DE EDUCACAO;42;AUXILIOS;1;AUXILIOS;23;FUNDO DE MANUTENCAO E DESENVOLVIMENTO DA EDUCACAO BASICA - FUNDEB;2377700,0;2377700,0;2377700,0
9331918;3532;2022-06-08 00:00:00;PM UBERABA;18.428.839/0001-90;1261;SEE;SECRETARIA DE ESTADO DE EDUCACAO;42;AUXILIOS;1;AUXILIOS;23;FUNDO DE MANUTENCAO E DESENVOLVIMENTO DA EDUCACAO BASICA - FUNDEB;2835000,0;2835000,0;2835000,0
9331919;2789;2022-04-19 00:00:00;PM NAQUE;01.613.208/0001-49;1261;SEE;SECRETARIA DE ESTADO DE EDUCACAO;42;AUXILIOS;1;AUXILIOS;23;FUNDO DE MANUTENCAO E DESENVOLVIMENTO DA EDUCACAO BASICA - FUNDEB;100000,0;100000,0;100000,0
9331920;2776;2022-04-19 00:00:00;PM UBERABA;18.428.839/0001-90;1261;SEE;SECRETARIA DE ESTADO DE EDUCACAO;42;AUXILIOS;1;AUXILIOS;23;FUNDO DE MANUTENCAO E DESENVOLVIMENTO DA EDUCACAO BASICA - FUNDEB;1879705,5;1879705,5;1879705,5
9331921;2777;2022-04-19 00:00:00;PM VISCONDE DO RIO BRANCO;18.137.927/0001-33;1261;SEE;SECRETARIA DE ESTADO DE EDUCACAO;42;AUXILIOS;1;AUXILIOS;23;FUNDO DE MANUTENCAO E DESENVOLVIMENTO DA EDUCACAO BASICA - FUNDEB;564033,58;564033,58;564033,58
9331922;3533;2022-06-08 00:00:00;PM SAO FELIX DE MINAS;01.613.121/0001-71;1261;SEE;SECRETARIA DE ESTADO DE EDUCACAO;42;AUXILIOS;1;AUXILIOS;23;FUNDO DE MANUTENCAO E DESENVOLVIMENTO DA EDUCACAO BASICA - FUNDEB;479200,0;479200,0;479200,0
9331923;3152;2022-04-29 00:00:00;PM CANA VERDE;18.244.426/0001-56;1261;SEE;SECRETARIA DE ESTADO DE EDUCACAO;42;AUXILIOS;1;AUXILIOS;13;FUNDO DE MANUTENCAO E DESENVOLVIMENTO DA EDUCACAO BASICA - FUNDEB - REGULARIZACAO DE EXERCICIOS ANTE;262930,0;262930,0;262930,0
9331925;2785;2022-04-19 00:00:00;PM BOM REPOUSO;18.675.892/0001-96;1261;SEE;SECRETARIA DE ESTADO DE EDUCACAO;42;AUXILIOS;1;AUXILIOS;23;FUNDO DE MANUTENCAO E DESENVOLVIMENTO DA EDUCACAO BASICA - FUNDEB;100000,0;100000,0;100000,0
9331926;2781;2022-04-19 00:00:00;PM LIMEIRA DO OESTE;26.042.556/0001-34;1261;SEE;SECRETARIA DE ESTADO DE EDUCACAO;42;AUXILIOS;1;AUXILIOS;23;FUNDO DE MANUTENCAO E DESENVOLVIMENTO DA EDUCACAO BASICA - FUNDEB;100000,0;100000,0;100000,0
9331927;2783;2022-04-19 00:00:00;PM SERRANOS;18.008.912/0001-75;1261;SEE;SECRETARIA DE ESTADO DE EDUCACAO;42;AUXILIOS;1;AUXILIOS;23;FUNDO DE MANUTENCAO E DESENVOLVIMENTO DA EDUCACAO BASICA - FUNDEB;100000,0;100000,0;100000,0
9331928;2786;2022-04-19 00:00:00;PM SETE LAGOAS;24.996.969/0001-22;1261;SEE;SECRETARIA DE ESTADO DE EDUCACAO;42;AUXILIOS;1;AUXILIOS;23;FUNDO DE MANUTENCAO E DESENVOLVIMENTO DA EDUCACAO BASICA - FUNDEB;199955,0;199955,0;199955,0
9331929;3534;2022-06-08 00:00:00;PM LAVRAS;18.244.376/0001-07;1261;SEE;SECRETARIA DE ESTADO DE EDUCACAO;42;AUXILIOS;1;AUXILIOS;23;FUNDO DE MANUTENCAO E DESENVOLVIMENTO DA EDUCACAO BASICA - FUNDEB;1188893,34;1188893,34;1188893,34
9331930;2804;2022-04-19 00:00:00;PM MESQUITA;17.112.061/0001-43;1261;SEE;SECRETARIA DE ESTADO DE EDUCACAO;42;AUXILIOS;1;AUXILIOS;23;FUNDO DE MANUTENCAO E DESENVOLVIMENTO DA EDUCACAO BASICA - FUNDEB;530000,0;530000,0;530000,0
9331931;2794;2022-04-19 00:00:00;PM ELOI MENDES;20.347.225/0001-26;1261;SEE;SECRETARIA DE ESTADO DE EDUCACAO;42;AUXILIOS;1;AUXILIOS;23;FUNDO DE MANUTENCAO E DESENVOLVIMENTO DA EDUCACAO BASICA - FUNDEB;530000,0;530000,0;530000,0
9331932;3535;2022-06-08 00:00:00;PM CORONEL XAVIER CHAVES;18.557.546/0001-03;1261;SEE;SECRETARIA DE ESTADO DE EDUCACAO;42;AUXILIOS;1;AUXILIOS;23;FUNDO DE MANUTENCAO E DESENVOLVIMENTO DA EDUCACAO BASICA - FUNDEB;1037333,33;1037333,33;1037333,33
9331933;3536;2022-06-08 00:00:00;PM SEM PEIXE;01.625.189/0001-70;1261;SEE;SECRETARIA DE ESTADO DE EDUCACAO;42;AUXILIOS;1;AUXILIOS;23;FUNDO DE MANUTENCAO E DESENVOLVIMENTO DA EDUCACAO BASICA - FUNDEB;1535600,0;1535600,0;1535600,0
9331934;2779;2022-04-19 00:00:00;PM JUVENILIA;01.612.485/0001-37;1261;SEE;SECRETARIA DE ESTADO DE EDUCACAO;42;AUXILIOS;1;AUXILIOS;23;FUNDO DE MANUTENCAO E DESENVOLVIMENTO DA EDUCACAO BASICA - FUNDEB;566933,87;566933,87;566933,87
9331935;2790;2022-04-19 00:00:00;PM RIO ESPERA;24.179.665/0001-72;1261;SEE;SECRETARIA DE ESTADO DE EDUCACAO;42;AUXILIOS;1;AUXILIOS;23;FUNDO DE MANUTENCAO E DESENVOLVIMENTO DA EDUCACAO BASICA - FUNDEB;400000,0;400000,0;400000,0
9331936;3515;2022-06-08 00:00:00;PM LAGOA DOURADA;18.557.595/0001-46;1261;SEE;SECRETARIA DE ESTADO DE EDUCACAO;42;AUXILIOS;1;AUXILIOS;23;FUNDO DE MANUTENCAO E DESENVOLVIMENTO DA EDUCACAO BASICA - FUNDEB;264999,44;264999,44;264999,44
9331937;2799;2022-04-19 00:00:00;PM JACINTO;18.349.910/0001-40;1261;SEE;SECRETARIA DE ESTADO DE EDUCACAO;42;AUXILIOS;1;AUXILIOS;23;FUNDO DE MANUTENCAO E DESENVOLVIMENTO DA EDUCACAO BASICA - FUNDEB;817000,0;817000,0;817000,0
9331938;2803;2022-04-19 00:00:00;PM MARTINHO CAMPOS;18.315.234/0001-93;1261;SEE;SECRETARIA DE ESTADO DE EDUCACAO;42;AUXILIOS;1;AUXILIOS;23;FUNDO DE MANUTENCAO E DESENVOLVIMENTO DA EDUCACAO BASICA - FUNDEB;718600,0;718600,0;718600,0
9331939;2780;2022-04-19 00:00:00;PM SALINAS;24.359.333/0001-70;1261;SEE;SECRETARIA DE ESTADO DE EDUCACAO;42;AUXILIOS;1;AUXILIOS;23;FUNDO DE MANUTENCAO E DESENVOLVIMENTO DA EDUCACAO BASICA - FUNDEB;566933,87;566933,87;566933,87
9331940;2775;2022-04-19 00:00:00;PM PIEDADE DOS GERAIS;18.363.960/0001-81;1261;SEE;SECRETARIA DE ESTADO DE EDUCACAO;42;AUXILIOS;1;AUXILIOS;23;FUNDO DE MANUTENCAO E DESENVOLVIMENTO DA EDUCACAO BASICA - FUNDEB;564033,58;564033,58;564033,58
9331941;2795;2022-04-19 00:00:00;PM IRAI DE MINAS;18.158.642/0001-89;1261;SEE;SECRETARIA DE ESTADO DE EDUCACAO;42;AUXILIOS;1;AUXILIOS;23;FUNDO DE MANUTENCAO E DESENVOLVIMENTO DA EDUCACAO BASICA - FUNDEB;1325000,0;1325000,0;1325000,0
9331942;2825;2022-04-25 00:00:00;PM AGUAS VERMELHAS;18.414.581/0001-73;1261;SEE;SECRETARIA DE ESTADO DE EDUCACAO;41;CONTRIBUICOES;1;CONTRIBUICOES;23;FUNDO DE MANUTENCAO E DESENVOLVIMENTO DA EDUCACAO BASICA - FUNDEB;391658,87;391658,87;391658,87
9331954;3484;2022-06-07 00:00:00;PM PORTO FIRME;18.567.354/0001-88;1261;SEE;SECRETARIA DE ESTADO DE EDUCACAO;42;AUXILIOS;1;AUXILIOS;23;FUNDO DE MANUTENCAO E DESENVOLVIMENTO DA EDUCACAO BASICA - FUNDEB;572825,09;572825,09;572825,09
9331956;3506;2022-06-08 00:00:00;PM CONCEICAO DO RIO VERDE;18.008.888/0001-74;1261;SEE;SECRETARIA DE ESTADO DE EDUCACAO;42;AUXILIOS;1;AUXILIOS;23;FUNDO DE MANUTENCAO E DESENVOLVIMENTO DA EDUCACAO BASICA - FUNDEB;838500,0;838500,0;838500,0
9331957;3505;2022-06-08 00:00:00;PM CAMPO FLORIDO;18.428.862/0001-85;1261;SEE;SECRETARIA DE ESTADO DE EDUCACAO;42;AUXILIOS;1;AUXILIOS;23;FUNDO DE MANUTENCAO E DESENVOLVIMENTO DA EDUCACAO BASICA - FUNDEB;317900,0;317900,0;317900,0
9331958;3161;2022-04-29 00:00:00;PM PIUMHI;16.781.346/0001-04;1261;SEE;SECRETARIA DE ESTADO DE EDUCACAO;42;AUXILIOS;1;AUXILIOS;13;FUNDO DE MANUTENCAO E DESENVOLVIMENTO DA EDUCACAO BASICA - FUNDEB - REGULARIZACAO DE EXERCICIOS ANTE;100000,0;100000,0;100000,0
9331959;3504;2022-06-08 00:00:00;PM LIMEIRA DO OESTE;26.042.556/0001-34;1261;SEE;SECRETARIA DE ESTADO DE EDUCACAO;42;AUXILIOS;1;AUXILIOS;23;FUNDO DE MANUTENCAO E DESENVOLVIMENTO DA EDUCACAO BASICA - FUNDEB;265000,0;265000,0;265000,0
9331960;3485;2022-06-07 00:00:00;PM MATIAS CARDOSO;25.209.115/0001-11;1261;SEE;SECRETARIA DE ESTADO DE EDUCACAO;42;AUXILIOS;1;AUXILIOS;23;FUNDO DE MANUTENCAO E DESENVOLVIMENTO DA EDUCACAO BASICA - FUNDEB;1106412,28;1106412,28;1106412,28
9331961;3503;2022-06-08 00:00:00;PM LUMINARIAS;18.244.301/0001-26;1261;SEE;SECRETARIA DE ESTADO DE EDUCACAO;42;AUXILIOS;1;AUXILIOS;23;FUNDO DE MANUTENCAO E DESENVOLVIMENTO DA EDUCACAO BASICA - FUNDEB;695996,67;695996,67;695996,67
9331962;3486;2022-06-07 00:00:00;PM IBIAI;16.899.700/0001-08;1261;SEE;SECRETARIA DE ESTADO DE EDUCACAO;42;AUXILIOS;1;AUXILIOS;23;FUNDO DE MANUTENCAO E DESENVOLVIMENTO DA EDUCACAO BASICA - FUNDEB;572825,09;572825,09;572825,09
9331963;3460;2022-06-07 00:00:00;PM VARGEM GRANDE DO RIO PARDO;01.612.885/0001-42;1261;SEE;SECRETARIA DE ESTADO DE EDUCACAO;42;AUXILIOS;1;AUXILIOS;23;FUNDO DE MANUTENCAO E DESENVOLVIMENTO DA EDUCACAO BASICA - FUNDEB;198079,21;198079,21;198079,21
9331964;3461;2022-06-07 00:00:00;PM CAREACU;17.935.388/0001-15;1261;SEE;SECRETARIA DE ESTADO DE EDUCACAO;42;AUXILIOS;1;AUXILIOS;23;FUNDO DE MANUTENCAO E DESENVOLVIMENTO DA EDUCACAO BASICA - FUNDEB;200000,0;200000,0;200000,0
9331965;3452;2022-06-07 00:00:00;PM PORTO FIRME;18.567.354/0001-88;1261;SEE;SECRETARIA DE ESTADO DE EDUCACAO;42;AUXILIOS;1;AUXILIOS;10;RECURSOS ORDINARIOS;300000,0;300000,0;300000,0
9331966;3162;2022-04-29 00:00:00;PM VERDELANDIA;01.612.505/0001-70;1261;SEE;SECRETARIA DE ESTADO DE EDUCACAO;42;AUXILIOS;1;AUXILIOS;13;FUNDO DE MANUTENCAO E DESENVOLVIMENTO DA EDUCACAO BASICA - FUNDEB - REGULARIZACAO DE EXERCICIOS ANTE;100000,0;100000,0;100000,0
9331967;3476;2022-06-07 00:00:00;PM MONTE CARMELO;18.593.103/0001-78;1261;SEE;SECRETARIA DE ESTADO DE EDUCACAO;42;AUXILIOS;1;AUXILIOS;10;RECURSOS ORDINARIOS;566933,87;566933,87;566933,87
9331968;3477;2022-06-07 00:00:00;PM DIVINOPOLIS;18.291.351/0001-64;1261;SEE;SECRETARIA DE ESTADO DE EDUCACAO;42;AUXILIOS;1;AUXILIOS;10;RECURSOS ORDINARIOS;572825,09;572825,09;572825,09
9331969;3490;2022-06-08 00:00:00;PM MINDURI;17.954.041/0001-10;1261;SEE;SECRETARIA DE ESTADO DE EDUCACAO;42;AUXILIOS;1;AUXILIOS;10;RECURSOS ORDINARIOS;962100,0;962100,0;962100,0
9331970;3450;2022-06-07 00:00:00;PM CRISTIANO OTONI;19.718.402/0001-54;1261;SEE;SECRETARIA DE ESTADO DE EDUCACAO;42;AUXILIOS;1;AUXILIOS;10;RECURSOS ORDINARIOS;100000,0;100000,0;100000,0
9331971;3453;2022-06-07 00:00:00;PM CRUZEIRO DA FORTALEZA;18.468.041/0001-72;1261;SEE;SECRETARIA DE ESTADO DE EDUCACAO;42;AUXILIOS;1;AUXILIOS;10;RECURSOS ORDINARIOS;300000,0;300000,0;300000,0
9331973;3487;2022-06-08 00:00:00;PM VARGEM BONITA;16.788.309/0001-28;1261;SEE;SECRETARIA DE ESTADO DE EDUCACAO;42;AUXILIOS;1;AUXILIOS;10;RECURSOS ORDINARIOS;602800,0;602800,0;602800,0
9331974;3488;2022-06-08 00:00:00;PM CONSELHEIRO LAFAIETE;19.718.360/0001-51;1261;SEE;SECRETARIA DE ESTADO DE EDUCACAO;42;AUXILIOS;1;AUXILIOS;10;RECURSOS ORDINARIOS;0,0;0,0;0,0
9331974;4489;2022-11-29 00:00:00;PM CONSELHEIRO LAFAIETE;19.718.360/0001-51;1261;SEE;SECRETARIA DE ESTADO DE EDUCACAO;42;AUXILIOS;1;AUXILIOS;13;FUNDO DE MANUTENCAO E DESENVOLVIMENTO DA EDUCACAO BASICA - FUNDEB - REGULARIZACAO DE EXERCICIOS ANTE;697100,0;697100,0;697100,0
9331976;3478;2022-06-07 00:00:00;PM PLANURA;18.449.157/0001-64;1261;SEE;SECRETARIA DE ESTADO DE EDUCACAO;42;AUXILIOS;1;AUXILIOS;10;RECURSOS ORDINARIOS;763439,23;763439,23;763439,23
9331977;3717;2022-06-10 00:00:00;PM SANTANA DO PARAISO;38.515.573/0001-20;1261;SEE;SECRETARIA DE ESTADO DE EDUCACAO;42;AUXILIOS;1;AUXILIOS;23;FUNDO DE MANUTENCAO E DESENVOLVIMENTO DA EDUCACAO BASICA - FUNDEB;572825,09;572825,09;572825,09
9331979;3451;2022-06-07 00:00:00;PM VARGEM ALEGRE;01.613.128/0001-93;1261;SEE;SECRETARIA DE ESTADO DE EDUCACAO;42;AUXILIOS;1;AUXILIOS;10;RECURSOS ORDINARIOS;100000,0;100000,0;100000,0
9331980;3489;2022-06-08 00:00:00;PM JACUI;18.186.056/0001-48;1261;SEE;SECRETARIA DE ESTADO DE EDUCACAO;42;AUXILIOS;1;AUXILIOS;10;RECURSOS ORDINARIOS;937833,34;937833,34;937833,34
9332032;134;2022-05-24 00:00:00;PM BARROSO;18.094.755/0001-68;1221;SEDE;SECRETARIA DE ESTADO DE DESENVOLVIMENTO ECONOMICO;41;CONTRIBUICOES;1;CONTRIBUICOES;32;EXPLORACAO DE RECURSOS MINERAIS;61967,0;61967,0;61967,0
9332036;3480;2022-06-07 00:00:00;PM UBERLANDIA;18.431.312/0001-15;1261;SEE;SECRETARIA DE ESTADO DE EDUCACAO;42;AUXILIOS;1;AUXILIOS;10;RECURSOS ORDINARIOS;572825,09;572825,09;572825,09
9332037;3457;2022-06-07 00:00:00;PM CARMO DO CAJURU;18.291.377/0001-02;1261;SEE;SECRETARIA DE ESTADO DE EDUCACAO;42;AUXILIOS;1;AUXILIOS;10;RECURSOS ORDINARIOS;300000,0;300000,0;300000,0
9332040;3491;2022-06-08 00:00:00;PM INHAPIM;20.905.865/0001-04;1261;SEE;SECRETARIA DE ESTADO DE EDUCACAO;42;AUXILIOS;1;AUXILIOS;10;RECURSOS ORDINARIOS;479200,0;479200,0;479200,0
9332041;3673;2022-06-10 00:00:00;PM FRANCISCOPOLIS;01.613.394/0001-16;1261;SEE;SECRETARIA DE ESTADO DE EDUCACAO;42;AUXILIOS;1;AUXILIOS;23;FUNDO DE MANUTENCAO E DESENVOLVIMENTO DA EDUCACAO BASICA - FUNDEB;100000,0;100000,0;100000,0
9332042;3492;2022-06-08 00:00:00;PM SAO FRANCISCO DO GLORIA;18.114.231/0001-91;1261;SEE;SECRETARIA DE ESTADO DE EDUCACAO;42;AUXILIOS;1;AUXILIOS;10;RECURSOS ORDINARIOS;784466,67;784466,67;784466,67
9332043;3502;2022-06-08 00:00:00;PM SANTO ANTONIO DO ITAMBE;18.303.222/0001-49;1261;SEE;SECRETARIA DE ESTADO DE EDUCACAO;42;AUXILIOS;1;AUXILIOS;23;FUNDO DE MANUTENCAO E DESENVOLVIMENTO DA EDUCACAO BASICA - FUNDEB;265000,0;265000,0;265000,0
9332044;3493;2022-06-08 00:00:00;PM SAO ROQUE DE MINAS;18.306.670/0001-04;1261;SEE;SECRETARIA DE ESTADO DE EDUCACAO;42;AUXILIOS;1;AUXILIOS;10;RECURSOS ORDINARIOS;867800,0;867800,0;867800,0
9332045;3458;2022-06-07 00:00:00;PM ITURAMA;18.457.242/0001-74;1261;SEE;SECRETARIA DE ESTADO DE EDUCACAO;42;AUXILIOS;1;AUXILIOS;10;RECURSOS ORDINARIOS;399985,9;399985,9;399985,9
9332046;3153;2022-04-29 00:00:00;PM ARACUAI;17.963.083/0001-17;1261;SEE;SECRETARIA DE ESTADO DE EDUCACAO;42;AUXILIOS;1;AUXILIOS;13;FUNDO DE MANUTENCAO E DESENVOLVIMENTO DA EDUCACAO BASICA - FUNDEB - REGULARIZACAO DE EXERCICIOS ANTE;99218,2;99218,2;99218,2
9332047;3454;2022-06-07 00:00:00;PM LIMEIRA DO OESTE;26.042.556/0001-34;1261;SEE;SECRETARIA DE ESTADO DE EDUCACAO;42;AUXILIOS;1;AUXILIOS;10;RECURSOS ORDINARIOS;100000,0;100000,0;100000,0
9332048;3455;2022-06-07 00:00:00;PM UBAI;18.017.459/0001-63;1261;SEE;SECRETARIA DE ESTADO DE EDUCACAO;42;AUXILIOS;1;AUXILIOS;10;RECURSOS ORDINARIOS;100000,0;100000,0;100000,0
9332049;3456;2022-06-07 00:00:00;PM CHAPADA DO NORTE;16.886.608/0001-03;1261;SEE;SECRETARIA DE ESTADO DE EDUCACAO;42;AUXILIOS;1;AUXILIOS;10;RECURSOS ORDINARIOS;100000,0;100000,0;100000,0
9332056;3459;2022-06-07 00:00:00;PM ARINOS;18.125.120/0001-80;1261;SEE;SECRETARIA DE ESTADO DE EDUCACAO;42;AUXILIOS;1;AUXILIOS;10;RECURSOS ORDINARIOS;100000,0;100000,0;100000,0
9332057;3495;2022-06-08 00:00:00;PM CONCEICAO DO PARA;18.315.200/0001-07;1261;SEE;SECRETARIA DE ESTADO DE EDUCACAO;42;AUXILIOS;1;AUXILIOS;10;RECURSOS ORDINARIOS;624300,0;624300,0;624300,0
9332058;3481;2022-06-07 00:00:00;PM BRASILIA DE MINAS;18.017.442/0001-06;1261;SEE;SECRETARIA DE ESTADO DE EDUCACAO;42;AUXILIOS;1;AUXILIOS;10;RECURSOS ORDINARIOS;566933,87;566933,87;566933,87
9332059;3465;2022-06-07 00:00:00;PM LUMINARIAS;18.244.301/0001-26;1261;SEE;SECRETARIA DE ESTADO DE EDUCACAO;42;AUXILIOS;1;AUXILIOS;10;RECURSOS ORDINARIOS;299895,72;299895,72;299895,72
9332060;3155;2022-04-29 00:00:00;PM SETE LAGOAS;24.996.969/0001-22;1261;SEE;SECRETARIA DE ESTADO DE EDUCACAO;42;AUXILIOS;1;AUXILIOS;13;FUNDO DE MANUTENCAO E DESENVOLVIMENTO DA EDUCACAO BASICA - FUNDEB - REGULARIZACAO DE EXERCICIOS ANTE;99600,0;99600,0;99600,0
9332061;3157;2022-04-29 00:00:00;PM SETE LAGOAS;24.996.969/0001-22;1261;SEE;SECRETARIA DE ESTADO DE EDUCACAO;42;AUXILIOS;1;AUXILIOS;13;FUNDO DE MANUTENCAO E DESENVOLVIMENTO DA EDUCACAO BASICA - FUNDEB - REGULARIZACAO DE EXERCICIOS ANTE;99854,0;99854,0;99854,0
9332062;3462;2022-06-07 00:00:00;PM CAPUTIRA;18.385.138/0001-11;1261;SEE;SECRETARIA DE ESTADO DE EDUCACAO;42;AUXILIOS;1;AUXILIOS;10;RECURSOS ORDINARIOS;100000,0;100000,0;100000,0
9332063;3675;2022-06-10 00:00:00;PM PONTE NOVA;23.804.149/0001-29;1261;SEE;SECRETARIA DE ESTADO DE EDUCACAO;42;AUXILIOS;1;AUXILIOS;23;FUNDO DE MANUTENCAO E DESENVOLVIMENTO DA EDUCACAO BASICA - FUNDEB;198632,29;198632,29;198632,29
9332065;3466;2022-06-07 00:00:00;PM EUGENOPOLIS;17.947.656/0001-19;1261;SEE;SECRETARIA DE ESTADO DE EDUCACAO;42;AUXILIOS;1;AUXILIOS;10;RECURSOS ORDINARIOS;350000,0;350000,0;350000,0
9332066;3677;2022-06-10 00:00:00;PM TEIXEIRAS;18.134.056/0001-02;1261;SEE;SECRETARIA DE ESTADO DE EDUCACAO;42;AUXILIOS;1;AUXILIOS;23;FUNDO DE MANUTENCAO E DESENVOLVIMENTO DA EDUCACAO BASICA - FUNDEB;100000,0;100000,0;100000,0
9332067;3464;2022-06-07 00:00:00;PM CORONEL FABRICIANO;19.875.046/0001-82;1261;SEE;SECRETARIA DE ESTADO DE EDUCACAO;42;AUXILIOS;1;AUXILIOS;10;RECURSOS ORDINARIOS;200000,0;200000,0;200000,0
9332068;3496;2022-06-08 00:00:00;PM SANTO ANTONIO DO JACINTO;18.349.951/0001-36;1261;SEE;SECRETARIA DE ESTADO DE EDUCACAO;42;AUXILIOS;1;AUXILIOS;10;RECURSOS ORDINARIOS;0,0;0,0;0,0
9332068;4534;2022-11-30 00:00:00;PM SANTO ANTONIO DO JACINTO;18.349.951/0001-36;1261;SEE;SECRETARIA DE ESTADO DE EDUCACAO;42;AUXILIOS;1;AUXILIOS;10;RECURSOS ORDINARIOS;744200,0;744200,0;744200,0
9332069;3497;2022-06-08 00:00:00;PM SAO DOMINGOS DAS DORES;01.613.129/0001-38;1261;SEE;SECRETARIA DE ESTADO DE EDUCACAO;42;AUXILIOS;1;AUXILIOS;10;RECURSOS ORDINARIOS;1885399,99;1885399,99;1885399,99
9332070;3494;2022-06-08 00:00:00;PM RESENDE COSTA;17.749.912/0001-63;1261;SEE;SECRETARIA DE ESTADO DE EDUCACAO;42;AUXILIOS;1;AUXILIOS;10;RECURSOS ORDINARIOS;530000,0;530000,0;530000,0
9332071;3463;2022-06-07 00:00:00;PM VISCONDE DO RIO BRANCO;18.137.927/0001-33;1261;SEE;SECRETARIA DE ESTADO DE EDUCACAO;42;AUXILIOS;1;AUXILIOS;10;RECURSOS ORDINARIOS;100000,0;100000,0;100000,0
9332125;3668;2022-06-09 00:00:00;PM POTE;18.404.970/0001-18;1261;SEE;SECRETARIA DE ESTADO DE EDUCACAO;42;AUXILIOS;1;AUXILIOS;10;RECURSOS ORDINARIOS;0,0;0,0;0,0
9332125;3721;2022-06-10 00:00:00;PM POTE;18.404.970/0001-18;1261;SEE;SECRETARIA DE ESTADO DE EDUCACAO;42;AUXILIOS;1;AUXILIOS;10;RECURSOS ORDINARIOS;1106412,28;1106412,28;1106412,28
9332126;3156;2022-04-29 00:00:00;PM SETE LAGOAS;24.996.969/0001-22;1261;SEE;SECRETARIA DE ESTADO DE EDUCACAO;42;AUXILIOS;1;AUXILIOS;13;FUNDO DE MANUTENCAO E DESENVOLVIMENTO DA EDUCACAO BASICA - FUNDEB - REGULARIZACAO DE EXERCICIOS ANTE;99779,0;99779,0;99779,0
9332127;3471;2022-06-07 00:00:00;PM SETE LAGOAS;24.996.969/0001-22;1261;SEE;SECRETARIA DE ESTADO DE EDUCACAO;42;AUXILIOS;1;AUXILIOS;10;RECURSOS ORDINARIOS;199918,0;199918,0;199918,0
9332128;3679;2022-06-10 00:00:00;PM CRISTINA;18.188.250/0001-62;1261;SEE;SECRETARIA DE ESTADO DE EDUCACAO;42;AUXILIOS;1;AUXILIOS;23;FUNDO DE MANUTENCAO E DESENVOLVIMENTO DA EDUCACAO BASICA - FUNDEB;115700,0;115700,0;115700,0
9332129;3467;2022-06-07 00:00:00;PM CRISTINA;18.188.250/0001-62;1261;SEE;SECRETARIA DE ESTADO DE EDUCACAO;42;AUXILIOS;1;AUXILIOS;10;RECURSOS ORDINARIOS;100000,0;100000,0;100000,0
9332130;3139;2022-04-27 00:00:00;PM CRISTINA;18.188.250/0001-62;1261;SEE;SECRETARIA DE ESTADO DE EDUCACAO;42;AUXILIOS;1;AUXILIOS;23;FUNDO DE MANUTENCAO E DESENVOLVIMENTO DA EDUCACAO BASICA - FUNDEB;150000,0;150000,0;150000,0
9332131;3482;2022-06-07 00:00:00;PM TIROS;18.602.094/0001-34;1261;SEE;SECRETARIA DE ESTADO DE EDUCACAO;42;AUXILIOS;1;AUXILIOS;10;RECURSOS ORDINARIOS;566933,87;566933,87;566933,87
9332132;3580;2022-06-09 00:00:00;PM SANTO ANTONIO DO RIO ABAIXO;18.303.248/0001-97;1261;SEE;SECRETARIA DE ESTADO DE EDUCACAO;42;AUXILIOS;1;AUXILIOS;10;RECURSOS ORDINARIOS;1492600,0;1492600,0;1492600,0
9332133;3468;2022-06-07 00:00:00;PM VERISSIMO;18.428.946/0001-19;1261;SEE;SECRETARIA DE ESTADO DE EDUCACAO;42;AUXILIOS;1;AUXILIOS;10;RECURSOS ORDINARIOS;100000,0;100000,0;100000,0
9332134;3469;2022-06-07 00:00:00;PM VERISSIMO;18.428.946/0001-19;1261;SEE;SECRETARIA DE ESTADO DE EDUCACAO;42;AUXILIOS;1;AUXILIOS;10;RECURSOS ORDINARIOS;100000,0;100000,0;100000,0
9332135;3474;2022-06-07 00:00:00;PM PIMENTA;16.725.962/0001-48;1261;SEE;SECRETARIA DE ESTADO DE EDUCACAO;42;AUXILIOS;1;AUXILIOS;10;RECURSOS ORDINARIOS;399703,3;399703,3;399703,3
9332136;3158;2022-04-29 00:00:00;PM SANTANA DO PARAISO;38.515.573/0001-20;1261;SEE;SECRETARIA DE ESTADO DE EDUCACAO;42;AUXILIOS;1;AUXILIOS;13;FUNDO DE MANUTENCAO E DESENVOLVIMENTO DA EDUCACAO BASICA - FUNDEB - REGULARIZACAO DE EXERCICIOS ANTE;105000,0;105000,0;105000,0
9332138;3470;2022-06-07 00:00:00;PM CAIANA;18.114.256/0001-95;1261;SEE;SECRETARIA DE ESTADO DE EDUCACAO;42;AUXILIOS;1;AUXILIOS;10;RECURSOS ORDINARIOS;100000,0;100000,0;100000,0
9332139;3680;2022-06-10 00:00:00;PM TOLEDO;18.677.617/0001-01;1261;SEE;SECRETARIA DE ESTADO DE EDUCACAO;42;AUXILIOS;1;AUXILIOS;23;FUNDO DE MANUTENCAO E DESENVOLVIMENTO DA EDUCACAO BASICA - FUNDEB;100000,0;100000,0;100000,0
9332140;3592;2022-06-09 00:00:00;PM FRANCISCO DUMONT;16.885.485/0001-88;1261;SEE;SECRETARIA DE ESTADO DE EDUCACAO;42;AUXILIOS;1;AUXILIOS;10;RECURSOS ORDINARIOS;2874385,99;2874385,99;2874385,99
9332141;3483;2022-06-07 00:00:00;PM CHAPADA DO NORTE;16.886.608/0001-03;1261;SEE;SECRETARIA DE ESTADO DE EDUCACAO;42;AUXILIOS;1;AUXILIOS;10;RECURSOS ORDINARIOS;566933,87;566933,87;566933,87
9332142;3585;2022-06-09 00:00:00;PM MATO VERDE;17.782.616/0001-64;1261;SEE;SECRETARIA DE ESTADO DE EDUCACAO;42;AUXILIOS;1;AUXILIOS;10;RECURSOS ORDINARIOS;1598400,0;1598400,0;1598400,0
9332143;3588;2022-06-09 00:00:00;PM SAO JOAO DO MANHUACU;66.232.521/0001-82;1261;SEE;SECRETARIA DE ESTADO DE EDUCACAO;42;AUXILIOS;1;AUXILIOS;10;RECURSOS ORDINARIOS;2138400,0;2138400,0;2138400,0
9332146;3472;2022-06-07 00:00:00;PM PIUMHI;16.781.346/0001-04;1261;SEE;SECRETARIA DE ESTADO DE EDUCACAO;42;AUXILIOS;1;AUXILIOS;10;RECURSOS ORDINARIOS;0,0;0,0;0,0
9332146;4490;2022-11-29 00:00:00;PM PIUMHI;16.781.346/0001-04;1261;SEE;SECRETARIA DE ESTADO DE EDUCACAO;42;AUXILIOS;1;AUXILIOS;13;FUNDO DE MANUTENCAO E DESENVOLVIMENTO DA EDUCACAO BASICA - FUNDEB - REGULARIZACAO DE EXERCICIOS ANTE;200000,0;200000,0;200000,0
9332147;3500;2022-06-08 00:00:00;PM IPABA;66.229.543/0001-93;1261;SEE;SECRETARIA DE ESTADO DE EDUCACAO;42;AUXILIOS;1;AUXILIOS;10;RECURSOS ORDINARIOS;752446,67;752446,67;752446,67
9332148;3501;2022-06-08 00:00:00;PM CAETE;18.302.299/0001-02;1261;SEE;SECRETARIA DE ESTADO DE EDUCACAO;42;AUXILIOS;1;AUXILIOS;10;RECURSOS ORDINARIOS;817000,0;817000,0;817000,0
9332150;3498;2022-06-08 00:00:00;PM FRONTEIRA DOS VALES;18.404.954/0001-25;1261;SEE;SECRETARIA DE ESTADO DE EDUCACAO;42;AUXILIOS;1;AUXILIOS;10;RECURSOS ORDINARIOS;332300,0;332300,0;332300,0
9332151;3499;2022-06-08 00:00:00;PM GUARACIABA;19.382.647/0001-53;1261;SEE;SECRETARIA DE ESTADO DE EDUCACAO;42;AUXILIOS;1;AUXILIOS;10;RECURSOS ORDINARIOS;744200,0;744200,0;744200,0
9332152;3578;2022-06-09 00:00:00;PM TABULEIRO;17.744.798/0001-89;1261;SEE;SECRETARIA DE ESTADO DE EDUCACAO;42;AUXILIOS;1;AUXILIOS;10;RECURSOS ORDINARIOS;1321400,0;1321400,0;1321400,0
9332153;3577;2022-06-09 00:00:00;PM SANTA CRUZ DE SALINAS;01.612.497/0001-61;1261;SEE;SECRETARIA DE ESTADO DE EDUCACAO;42;AUXILIOS;1;AUXILIOS;10;RECURSOS ORDINARIOS;940600,0;940600,0;940600,0
9332154;3473;2022-06-07 00:00:00;PM CAMPO BELO;18.659.334/0001-37;1261;SEE;SECRETARIA DE ESTADO DE EDUCACAO;42;AUXILIOS;1;AUXILIOS;10;RECURSOS ORDINARIOS;299963,73;299963,73;299963,73
9332156;3479;2022-06-07 00:00:00;PM ARAPUA;19.942.895/0001-01;1261;SEE;SECRETARIA DE ESTADO DE EDUCACAO;42;AUXILIOS;1;AUXILIOS;10;RECURSOS ORDINARIOS;566933,87;566933,87;566933,87
9332225;3596;2022-06-09 00:00:00;PM IBITURUNA;18.244.418/0001-00;1261;SEE;SECRETARIA DE ESTADO DE EDUCACAO;42;AUXILIOS;1;AUXILIOS;10;RECURSOS ORDINARIOS;259300,0;259300,0;259300,0
9332226;3599;2022-06-09 00:00:00;PM SAO GERALDO DO BAIXIO;01.613.075/0001-00;1261;SEE;SECRETARIA DE ESTADO DE EDUCACAO;42;AUXILIOS;1;AUXILIOS;10;RECURSOS ORDINARIOS;744200,0;744200,0;744200,0
9332228;3475;2022-06-07 00:00:00;PM CARMO DO CAJURU;18.291.377/0001-02;1261;SEE;SECRETARIA DE ESTADO DE EDUCACAO;42;AUXILIOS;1;AUXILIOS;10;RECURSOS ORDINARIOS;100000,0;100000,0;100000,0
9332229;3572;2022-06-09 00:00:00;PM VARGINHA;18.240.119/0001-05;1261;SEE;SECRETARIA DE ESTADO DE EDUCACAO;42;AUXILIOS;1;AUXILIOS;10;RECURSOS ORDINARIOS;100000,0;100000,0;100000,0
9332231;3576;2022-06-09 00:00:00;PM CUPARAQUE;01.615.422/0001-34;1261;SEE;SECRETARIA DE ESTADO DE EDUCACAO;42;AUXILIOS;1;AUXILIOS;10;RECURSOS ORDINARIOS;200000,0;200000,0;200000,0
9332232;3574;2022-06-09 00:00:00;PM JOAQUIM FELICIO;17.694.878/0001-77;1261;SEE;SECRETARIA DE ESTADO DE EDUCACAO;42;AUXILIOS;1;AUXILIOS;10;RECURSOS ORDINARIOS;200000,0;200000,0;200000,0
9332234;3602;2022-06-09 00:00:00;PM PIRAUBA;18.554.147/0001-99;1261;SEE;SECRETARIA DE ESTADO DE EDUCACAO;42;AUXILIOS;1;AUXILIOS;10;RECURSOS ORDINARIOS;1568396,1;1568396,1;1568396,1
9332235;3609;2022-06-09 00:00:00;PM NANUQUE;18.398.974/0001-30;1261;SEE;SECRETARIA DE ESTADO DE EDUCACAO;42;AUXILIOS;1;AUXILIOS;10;RECURSOS ORDINARIOS;4460806,41;4460806,41;4460806,41
9332272;735;2022-04-29 00:00:00;PM CURVELO;17.695.024/0001-05;1261;SEE;SECRETARIA DE ESTADO DE EDUCACAO;42;AUXILIOS;1;AUXILIOS;23;FUNDO DE MANUTENCAO E DESENVOLVIMENTO DA EDUCACAO BASICA - FUNDEB;1000000,0;1000000,0;1000000,0
9332273;3612;2022-06-09 00:00:00;PM LEANDRO FERREIRA;18.315.218/0001-09;1261;SEE;SECRETARIA DE ESTADO DE EDUCACAO;42;AUXILIOS;1;AUXILIOS;10;RECURSOS ORDINARIOS;261808,75;261808,75;261808,75
9332296;3682;2022-06-10 00:00:00;PM ESTIVA;18.675.918/0001-04;1261;SEE;SECRETARIA DE ESTADO DE EDUCACAO;42;AUXILIOS;1;AUXILIOS;23;FUNDO DE MANUTENCAO E DESENVOLVIMENTO DA EDUCACAO BASICA - FUNDEB;100000,0;100000,0;100000,0
9332297;3672;2022-06-09 00:00:00;PM MONTEZUMA;25.223.983/0001-56;1261;SEE;SECRETARIA DE ESTADO DE EDUCACAO;42;AUXILIOS;1;AUXILIOS;10;RECURSOS ORDINARIOS;1145650,18;1145650,18;1145650,18
9332298;3627;2022-06-09 00:00:00;PM SAO JOAO NEPOMUCENO;18.558.072/0001-14;1261;SEE;SECRETARIA DE ESTADO DE EDUCACAO;42;AUXILIOS;1;AUXILIOS;10;RECURSOS ORDINARIOS;1920500,0;1920500,0;1920500,0
9332299;3632;2022-06-09 00:00:00;PM SANTOS DUMONT;17.747.924/0001-59;1261;SEE;SECRETARIA DE ESTADO DE EDUCACAO;42;AUXILIOS;1;AUXILIOS;10;RECURSOS ORDINARIOS;2522800,0;2522800,0;2522800,0
9332300;3619;2022-06-09 00:00:00;PM SERITINGA;18.008.854/0001-80;1261;SEE;SECRETARIA DE ESTADO DE EDUCACAO;42;AUXILIOS;1;AUXILIOS;10;RECURSOS ORDINARIOS;530000,0;530000,0;530000,0
9332301;3624;2022-06-09 00:00:00;PM RIBEIRAO DAS NEVES;18.314.609/0001-09;1261;SEE;SECRETARIA DE ESTADO DE EDUCACAO;42;AUXILIOS;1;AUXILIOS;10;RECURSOS ORDINARIOS;1702200,0;1702200,0;1702200,0
9332302;3616;2022-06-09 00:00:00;PM NATERCIA;17.935.412/0001-16;1261;SEE;SECRETARIA DE ESTADO DE EDUCACAO;42;AUXILIOS;1;AUXILIOS;10;RECURSOS ORDINARIOS;479200,0;479200,0;479200,0
9332303;3581;2022-06-09 00:00:00;PM GUARANESIA;17.900.473/0001-48;1261;SEE;SECRETARIA DE ESTADO DE EDUCACAO;42;AUXILIOS;1;AUXILIOS;10;RECURSOS ORDINARIOS;300000,0;300000,0;300000,0
9332304;3669;2022-06-09 00:00:00;PM SAO JOSE DO DIVINO;18.404.988/0001-10;1261;SEE;SECRETARIA DE ESTADO DE EDUCACAO;42;AUXILIOS;1;AUXILIOS;10;RECURSOS ORDINARIOS;572825,09;572825,09;572825,09
9332305;3579;2022-06-09 00:00:00;PM SANTA FE DE MINAS;18.279.075/0001-19;1261;SEE;SECRETARIA DE ESTADO DE EDUCACAO;42;AUXILIOS;1;AUXILIOS;10;RECURSOS ORDINARIOS;100000,0;100000,0;100000,0
9332306;3684;2022-06-10 00:00:00;PM CHAPADA DO NORTE;16.886.608/0001-03;1261;SEE;SECRETARIA DE ESTADO DE EDUCACAO;42;AUXILIOS;1;AUXILIOS;23;FUNDO DE MANUTENCAO E DESENVOLVIMENTO DA EDUCACAO BASICA - FUNDEB;100000,0;100000,0;100000,0
9332307;3685;2022-06-10 00:00:00;PM CHAPADA DO NORTE;16.886.608/0001-03;1261;SEE;SECRETARIA DE ESTADO DE EDUCACAO;42;AUXILIOS;1;AUXILIOS;23;FUNDO DE MANUTENCAO E DESENVOLVIMENTO DA EDUCACAO BASICA - FUNDEB;100000,0;100000,0;100000,0
9332308;3622;2022-06-09 00:00:00;PM ILICINEA;18.239.608/0001-39;1261;SEE;SECRETARIA DE ESTADO DE EDUCACAO;42;AUXILIOS;1;AUXILIOS;10;RECURSOS ORDINARIOS;1470600,0;1470600,0;1470600,0
9332309;3630;2022-06-09 00:00:00;PM MONTE CARMELO;18.593.103/0001-78;1261;SEE;SECRETARIA DE ESTADO DE EDUCACAO;42;AUXILIOS;1;AUXILIOS;10;RECURSOS ORDINARIOS;1945700,0;1945700,0;1945700,0
9332650;125;2022-05-04 00:00:00;PM CABO VERDE;17.909.599/0001-83;1301;SEINFRA;SECRETARIA DE ESTADO DE INFRAESTRUTURA E MOBILIDADE;42;AUXILIOS;1;AUXILIOS;32;EXPLORACAO DE RECURSOS MINERAIS;2000000,0;2000000,0;2000000,0
9333325;3575;2022-06-09 00:00:00;PM CONCEICAO DA BARRA DE MINAS;18.557.587/0001-08;1261;SEE;SECRETARIA DE ESTADO DE EDUCACAO;42;AUXILIOS;1;AUXILIOS;10;RECURSOS ORDINARIOS;675600,0;675600,0;675600,0
9333326;3665;2022-06-09 00:00:00;PM MONTALVANIA;17.097.791/0001-12;1261;SEE;SECRETARIA DE ESTADO DE EDUCACAO;42;AUXILIOS;1;AUXILIOS;10;RECURSOS ORDINARIOS;1094876,01;1094876,01;1094876,01
9333336;3565;2022-06-09 00:00:00;PM LAMBARI;17.877.200/0001-20;1261;SEE;SECRETARIA DE ESTADO DE EDUCACAO;42;AUXILIOS;1;AUXILIOS;10;RECURSOS ORDINARIOS;2279366,67;2279366,67;2279366,67
9333337;3638;2022-06-09 00:00:00;PM SANTA EFIGENIA DE MINAS;18.307.462/0001-11;1261;SEE;SECRETARIA DE ESTADO DE EDUCACAO;42;AUXILIOS;1;AUXILIOS;10;RECURSOS ORDINARIOS;577800,0;577800,0;577800,0
9333339;3582;2022-06-09 00:00:00;PM SETE LAGOAS;24.996.969/0001-22;1261;SEE;SECRETARIA DE ESTADO DE EDUCACAO;42;AUXILIOS;1;AUXILIOS;10;RECURSOS ORDINARIOS;99779,0;99779,0;99779,0
9333341;3586;2022-06-09 00:00:00;PM GUAXUPE;18.663.401/0001-97;1261;SEE;SECRETARIA DE ESTADO DE EDUCACAO;42;AUXILIOS;1;AUXILIOS;10;RECURSOS ORDINARIOS;850000,0;850000,0;850000,0
9333344;3570;2022-06-09 00:00:00;PM SAO GONCALO DO RIO PRETO;17.754.151/0001-38;1261;SEE;SECRETARIA DE ESTADO DE EDUCACAO;42;AUXILIOS;1;AUXILIOS;10;RECURSOS ORDINARIOS;1034900,0;1034900,0;1034900,0
9333345;3670;2022-06-09 00:00:00;PM DELFIM MOREIRA;18.025.924/0001-08;1261;SEE;SECRETARIA DE ESTADO DE EDUCACAO;42;AUXILIOS;1;AUXILIOS;10;RECURSOS ORDINARIOS;569879,48;569879,48;569879,48
9333348;3587;2022-06-09 00:00:00;PM PONTE NOVA;23.804.149/0001-29;1261;SEE;SECRETARIA DE ESTADO DE EDUCACAO;42;AUXILIOS;1;AUXILIOS;10;RECURSOS ORDINARIOS;0,0;0,0;0,0
9333348;4522;2022-11-30 00:00:00;PM PONTE NOVA;23.804.149/0001-29;1261;SEE;SECRETARIA DE ESTADO DE EDUCACAO;42;AUXILIOS;1;AUXILIOS;10;RECURSOS ORDINARIOS;1549934,22;1549934,22;1549934,22
9333349;3569;2022-06-09 00:00:00;PM DESTERRO DE ENTRE RIOS;20.356.762/0001-32;1261;SEE;SECRETARIA DE ESTADO DE EDUCACAO;42;AUXILIOS;1;AUXILIOS;10;RECURSOS ORDINARIOS;1205600,0;1205600,0;1205600,0
9333350;3566;2022-06-09 00:00:00;PM DORES DO TURVO;18.128.249/0001-42;1261;SEE;SECRETARIA DE ESTADO DE EDUCACAO;42;AUXILIOS;1;AUXILIOS;10;RECURSOS ORDINARIOS;1761600,0;1761600,0;1761600,0
9333351;3562;2022-06-08 00:00:00;PM DOM JOAQUIM;18.303.198/0001-48;1261;SEE;SECRETARIA DE ESTADO DE EDUCACAO;42;AUXILIOS;1;AUXILIOS;10;RECURSOS ORDINARIOS;2366740,0;2366740,0;2366740,0
9333354;3635;2022-06-09 00:00:00;PM CASCALHO RICO;18.259.374/0001-91;1261;SEE;SECRETARIA DE ESTADO DE EDUCACAO;42;AUXILIOS;1;AUXILIOS;10;RECURSOS ORDINARIOS;234363,23;234363,23;234363,23
9333355;3571;2022-06-09 00:00:00;PM SENADOR CORTES;17.724.576/0001-02;1261;SEE;SECRETARIA DE ESTADO DE EDUCACAO;42;AUXILIOS;1;AUXILIOS;10;RECURSOS ORDINARIOS;838800,0;838800,0;838800,0
9333356;3639;2022-06-09 00:00:00;PM OLIVEIRA FORTES;17.747.957/0001-07;1261;SEE;SECRETARIA DE ESTADO DE EDUCACAO;42;AUXILIOS;1;AUXILIOS;10;RECURSOS ORDINARIOS;602524,48;602524,48;602524,48
9333357;3568;2022-06-09 00:00:00;PM PARAISOPOLIS;18.025.965/0001-02;1261;SEE;SECRETARIA DE ESTADO DE EDUCACAO;42;AUXILIOS;1;AUXILIOS;10;RECURSOS ORDINARIOS;1368500,0;1368500,0;1368500,0
9333361;3561;2022-06-08 00:00:00;PM MONTE BELO;18.668.376/0001-34;1261;SEE;SECRETARIA DE ESTADO DE EDUCACAO;42;AUXILIOS;1;AUXILIOS;10;RECURSOS ORDINARIOS;2284300,0;2284300,0;2284300,0
9333362;3560;2022-06-08 00:00:00;PM HELIODORA;18.712.133/0001-56;1261;SEE;SECRETARIA DE ESTADO DE EDUCACAO;42;AUXILIOS;1;AUXILIOS;10;RECURSOS ORDINARIOS;2279800,0;2279800,0;2279800,0
9333364;3667;2022-06-09 00:00:00;PM FRONTEIRA;18.449.140/0001-07;1261;SEE;SECRETARIA DE ESTADO DE EDUCACAO;42;AUXILIOS;1;AUXILIOS;10;RECURSOS ORDINARIOS;572825,09;572825,09;572825,09
9333365;3666;2022-06-09 00:00:00;PM CACHOEIRA DO PAJEU;18.414.599/0001-75;1261;SEE;SECRETARIA DE ESTADO DE EDUCACAO;42;AUXILIOS;1;AUXILIOS;10;RECURSOS ORDINARIOS;572825,09;572825,09;572825,09
9333367;3583;2022-06-09 00:00:00;PM VERMELHO NOVO;01.620.744/0001-71;1261;SEE;SECRETARIA DE ESTADO DE EDUCACAO;42;AUXILIOS;1;AUXILIOS;10;RECURSOS ORDINARIOS;100000,0;100000,0;100000,0
9333368;3584;2022-06-09 00:00:00;PM VARGEM ALEGRE;01.613.128/0001-93;1261;SEE;SECRETARIA DE ESTADO DE EDUCACAO;42;AUXILIOS;1;AUXILIOS;10;RECURSOS ORDINARIOS;100000,0;100000,0;100000,0
9333369;3671;2022-06-09 00:00:00;PM PONTE NOVA;23.804.149/0001-29;1261;SEE;SECRETARIA DE ESTADO DE EDUCACAO;42;AUXILIOS;1;AUXILIOS;10;RECURSOS ORDINARIOS;566933,87;566933,87;566933,87
9333370;3567;2022-06-09 00:00:00;PM PRADOS;18.557.538/0001-67;1261;SEE;SECRETARIA DE ESTADO DE EDUCACAO;42;AUXILIOS;1;AUXILIOS;10;RECURSOS ORDINARIOS;1492100,0;1492100,0;1492100,0
9333371;3573;2022-06-09 00:00:00;PM IPIACU;18.457.259/0001-21;1261;SEE;SECRETARIA DE ESTADO DE EDUCACAO;42;AUXILIOS;1;AUXILIOS;10;RECURSOS ORDINARIOS;802533,3;802533,3;802533,3
9334419;3187;2022-05-06 00:00:00;PM PRATINHA;18.585.570/0001-56;1261;SEE;SECRETARIA DE ESTADO DE EDUCACAO;42;AUXILIOS;1;AUXILIOS;10;RECURSOS ORDINARIOS;283817,0;283817,0;283817,0
9334420;3186;2022-05-06 00:00:00;PM CAPARAO;18.114.249/0001-93;1261;SEE;SECRETARIA DE ESTADO DE EDUCACAO;42;AUXILIOS;1;AUXILIOS;10;RECURSOS ORDINARIOS;360000,0;360000,0;360000,0
9334421;3188;2022-05-06 00:00:00;PM ESTIVA;18.675.918/0001-04;1261;SEE;SECRETARIA DE ESTADO DE EDUCACAO;42;AUXILIOS;1;AUXILIOS;10;RECURSOS ORDINARIOS;150000,0;150000,0;150000,0
9334421;3189;2022-05-06 00:00:00;PM ESTIVA;18.675.918/0001-04;1261;SEE;SECRETARIA DE ESTADO DE EDUCACAO;42;AUXILIOS;1;AUXILIOS;10;RECURSOS ORDINARIOS;50000,0;50000,0;50000,0
9334422;3183;2022-05-06 00:00:00;PM ITAJUBA;18.025.940/0001-09;1261;SEE;SECRETARIA DE ESTADO DE EDUCACAO;42;AUXILIOS;1;AUXILIOS;10;RECURSOS ORDINARIOS;300000,0;300000,0;300000,0
9334423;3563;2022-06-08 00:00:00;PM ITABIRITO;18.307.835/0001-54;1261;SEE;SECRETARIA DE ESTADO DE EDUCACAO;42;AUXILIOS;1;AUXILIOS;10;RECURSOS ORDINARIOS;467593,34;467593,34;467593,34
9334424;3557;2022-06-08 00:00:00;PM ESPINOSA;18.650.952/0001-16;1261;SEE;SECRETARIA DE ESTADO DE EDUCACAO;42;AUXILIOS;1;AUXILIOS;10;RECURSOS ORDINARIOS;940600,0;940600,0;940600,0
9334425;3601;2022-06-09 00:00:00;PM GONZAGA;18.307.421/0001-25;1261;SEE;SECRETARIA DE ESTADO DE EDUCACAO;42;AUXILIOS;1;AUXILIOS;10;RECURSOS ORDINARIOS;100000,0;100000,0;100000,0
9334426;3705;2022-06-10 00:00:00;PM PIRANGUCU;18.025.981/0001-97;1261;SEE;SECRETARIA DE ESTADO DE EDUCACAO;42;AUXILIOS;1;AUXILIOS;23;FUNDO DE MANUTENCAO E DESENVOLVIMENTO DA EDUCACAO BASICA - FUNDEB;337800,0;337800,0;337800,0
9334427;3552;2022-06-08 00:00:00;PM MONTE SANTO DE MINAS;18.241.372/0001-75;1261;SEE;SECRETARIA DE ESTADO DE EDUCACAO;42;AUXILIOS;1;AUXILIOS;10;RECURSOS ORDINARIOS;1967600,0;1967600,0;1967600,0
9334428;3589;2022-06-09 00:00:00;PM VARGINHA;18.240.119/0001-05;1261;SEE;SECRETARIA DE ESTADO DE EDUCACAO;42;AUXILIOS;1;AUXILIOS;10;RECURSOS ORDINARIOS;99603,98;99603,98;99603,98
9334429;3591;2022-06-09 00:00:00;PM SANTA ROSA DA SERRA;18.192.252/0001-25;1261;SEE;SECRETARIA DE ESTADO DE EDUCACAO;42;AUXILIOS;1;AUXILIOS;10;RECURSOS ORDINARIOS;100000,0;100000,0;100000,0
9334430;3593;2022-06-09 00:00:00;PM SANTA ROSA DA SERRA;18.192.252/0001-25;1261;SEE;SECRETARIA DE ESTADO DE EDUCACAO;42;AUXILIOS;1;AUXILIOS;10;RECURSOS ORDINARIOS;100000,0;100000,0;100000,0
9334431;3590;2022-06-09 00:00:00;PM MACHACALIS;18.404.921/0001-85;1261;SEE;SECRETARIA DE ESTADO DE EDUCACAO;42;AUXILIOS;1;AUXILIOS;10;RECURSOS ORDINARIOS;100000,0;100000,0;100000,0
9334432;3664;2022-06-09 00:00:00;PM JOAO PINHEIRO;16.930.299/0001-13;1261;SEE;SECRETARIA DE ESTADO DE EDUCACAO;42;AUXILIOS;1;AUXILIOS;10;RECURSOS ORDINARIOS;566933,87;566933,87;566933,87
9334433;3663;2022-06-09 00:00:00;PM JEQUITAI;18.279.083/0001-65;1261;SEE;SECRETARIA DE ESTADO DE EDUCACAO;42;AUXILIOS;1;AUXILIOS;10;RECURSOS ORDINARIOS;566933,87;566933,87;566933,87
9334434;3662;2022-06-09 00:00:00;PM PIRAPETINGA;18.092.825/0001-49;1261;SEE;SECRETARIA DE ESTADO DE EDUCACAO;42;AUXILIOS;1;AUXILIOS;10;RECURSOS ORDINARIOS;566933,88;566933,88;566933,88
9334435;3661;2022-06-09 00:00:00;PM ARAGUARI;16.829.640/0001-49;1261;SEE;SECRETARIA DE ESTADO DE EDUCACAO;42;AUXILIOS;1;AUXILIOS;10;RECURSOS ORDINARIOS;572825,09;572825,09;572825,09
9334436;3595;2022-06-09 00:00:00;PM SAO ROQUE DE MINAS;18.306.670/0001-04;1261;SEE;SECRETARIA DE ESTADO DE EDUCACAO;42;AUXILIOS;1;AUXILIOS;10;RECURSOS ORDINARIOS;100000,0;100000,0;100000,0
9334437;3558;2022-06-08 00:00:00;PM FELISBURGO;18.083.071/0001-60;1261;SEE;SECRETARIA DE ESTADO DE EDUCACAO;42;AUXILIOS;1;AUXILIOS;10;RECURSOS ORDINARIOS;846480,0;846480,0;846480,0
9334438;3605;2022-06-09 00:00:00;PM CONEGO MARINHO;01.612.492/0001-39;1261;SEE;SECRETARIA DE ESTADO DE EDUCACAO;42;AUXILIOS;1;AUXILIOS;10;RECURSOS ORDINARIOS;200000,0;200000,0;200000,0
9334439;3604;2022-06-09 00:00:00;PM SANTA LUZIA;18.715.409/0001-50;1261;SEE;SECRETARIA DE ESTADO DE EDUCACAO;42;AUXILIOS;1;AUXILIOS;10;RECURSOS ORDINARIOS;0,0;0,0;0,0
9334439;4488;2022-11-29 00:00:00;PM SANTA LUZIA;18.715.409/0001-50;1261;SEE;SECRETARIA DE ESTADO DE EDUCACAO;42;AUXILIOS;1;AUXILIOS;13;FUNDO DE MANUTENCAO E DESENVOLVIMENTO DA EDUCACAO BASICA - FUNDEB - REGULARIZACAO DE EXERCICIOS ANTE;200000,0;200000,0;0,0
9334440;3564;2022-06-08 00:00:00;PM PAIVA;17.747.965/0001-45;1261;SEE;SECRETARIA DE ESTADO DE EDUCACAO;42;AUXILIOS;1;AUXILIOS;10;RECURSOS ORDINARIOS;624300,0;624300,0;624300,0
9334441;3559;2022-06-08 00:00:00;PM PAULA CANDIDO;17.763.715/0001-07;1261;SEE;SECRETARIA DE ESTADO DE EDUCACAO;42;AUXILIOS;1;AUXILIOS;10;RECURSOS ORDINARIOS;744200,0;744200,0;744200,0
9334442;3660;2022-06-09 00:00:00;PM FREI GASPAR;18.404.913/0001-39;1261;SEE;SECRETARIA DE ESTADO DE EDUCACAO;42;AUXILIOS;1;AUXILIOS;10;RECURSOS ORDINARIOS;1133867,74;1133867,74;1133867,74
9334443;3594;2022-06-09 00:00:00;PM SAO SEBASTIAO DO OESTE;18.308.734/0001-06;1261;SEE;SECRETARIA DE ESTADO DE EDUCACAO;42;AUXILIOS;1;AUXILIOS;10;RECURSOS ORDINARIOS;100000,0;100000,0;100000,0
9334444;3688;2022-06-10 00:00:00;PM CAMPOS GERAIS;18.245.175/0001-24;1261;SEE;SECRETARIA DE ESTADO DE EDUCACAO;42;AUXILIOS;1;AUXILIOS;23;FUNDO DE MANUTENCAO E DESENVOLVIMENTO DA EDUCACAO BASICA - FUNDEB;99949,03;99949,03;99949,03
9334445;3606;2022-06-09 00:00:00;PM RAUL SOARES;18.836.965/0001-84;1261;SEE;SECRETARIA DE ESTADO DE EDUCACAO;42;AUXILIOS;1;AUXILIOS;10;RECURSOS ORDINARIOS;600000,0;600000,0;600000,0
9334446;127;2022-05-04 00:00:00;PM ARAUJOS;18.300.996/0001-16;1301;SEINFRA;SECRETARIA DE ESTADO DE INFRAESTRUTURA E MOBILIDADE;42;AUXILIOS;1;AUXILIOS;32;EXPLORACAO DE RECURSOS MINERAIS;6000000,0;6000000,0;6000000,0
9334466;175;2022-05-05 00:00:00;ASSOCIACAO MINEIRA DO PARADESPORTO - AMPADESPORTO;29.335.005/0001-57;1481;SEDESE;SECRETARIA DE ESTADO DE DESENVOLVIMENTO SOCIAL;43;SUBVENCOES SOCIAIS;1;SUBVENCOES SOCIAIS;38;TRANSFERENCIAS DE RECURSOS DA UNIAO VINCULADOS AO ESPORTE;537400,0;537400,0;537400,0
9334498;3657;2022-06-09 00:00:00;PM BOCAIUVA;18.803.072/0001-32;1261;SEE;SECRETARIA DE ESTADO DE EDUCACAO;42;AUXILIOS;1;AUXILIOS;10;RECURSOS ORDINARIOS;763439,23;763439,23;763439,23
9334499;3555;2022-06-08 00:00:00;PM MARIPA DE MINAS;17.724.162/0001-75;1261;SEE;SECRETARIA DE ESTADO DE EDUCACAO;42;AUXILIOS;1;AUXILIOS;10;RECURSOS ORDINARIOS;658633,33;658633,33;658633,33
9334500;3553;2022-06-08 00:00:00;PM CORONEL PACHECO;18.338.152/0001-64;1261;SEE;SECRETARIA DE ESTADO DE EDUCACAO;42;AUXILIOS;1;AUXILIOS;10;RECURSOS ORDINARIOS;337800,0;337800,0;337800,0
9334501;3554;2022-06-08 00:00:00;PM OLARIA;18.338.202/0001-03;1261;SEE;SECRETARIA DE ESTADO DE EDUCACAO;42;AUXILIOS;1;AUXILIOS;10;RECURSOS ORDINARIOS;337800,0;337800,0;337800,0
9334502;3166;2022-05-04 00:00:00;PM VARGINHA;18.240.119/0001-05;1261;SEE;SECRETARIA DE ESTADO DE EDUCACAO;42;AUXILIOS;1;AUXILIOS;13;FUNDO DE MANUTENCAO E DESENVOLVIMENTO DA EDUCACAO BASICA - FUNDEB - REGULARIZACAO DE EXERCICIOS ANTE;50000,0;50000,0;50000,0
9334504;3611;2022-06-09 00:00:00;PM ARAPORA;23.098.510/0001-49;1261;SEE;SECRETARIA DE ESTADO DE EDUCACAO;42;AUXILIOS;1;AUXILIOS;10;RECURSOS ORDINARIOS;600000,0;600000,0;600000,0
9334505;3550;2022-06-08 00:00:00;PM MUNHOZ;18.675.934/0001-99;1261;SEE;SECRETARIA DE ESTADO DE EDUCACAO;42;AUXILIOS;1;AUXILIOS;10;RECURSOS ORDINARIOS;3109666,65;3109666,65;3109666,65
9334506;3556;2022-06-08 00:00:00;PM JEQUITINHONHA;18.083.659/0001-14;1261;SEE;SECRETARIA DE ESTADO DE EDUCACAO;42;AUXILIOS;1;AUXILIOS;10;RECURSOS ORDINARIOS;1013400,0;1013400,0;1013400,0
9334507;3608;2022-06-09 00:00:00;PM MENDES PIMENTEL;18.505.347/0001-51;1261;SEE;SECRETARIA DE ESTADO DE EDUCACAO;42;AUXILIOS;1;AUXILIOS;10;RECURSOS ORDINARIOS;100000,0;100000,0;100000,0
9334508;3610;2022-06-09 00:00:00;PM MENDES PIMENTEL;18.505.347/0001-51;1261;SEE;SECRETARIA DE ESTADO DE EDUCACAO;42;AUXILIOS;1;AUXILIOS;10;RECURSOS ORDINARIOS;105000,0;105000,0;105000,0
9334509;3607;2022-06-09 00:00:00;PM MENDES PIMENTEL;18.505.347/0001-51;1261;SEE;SECRETARIA DE ESTADO DE EDUCACAO;42;AUXILIOS;1;AUXILIOS;10;RECURSOS ORDINARIOS;95000,0;95000,0;95000,0
9334510;128;2022-05-04 00:00:00;PM SANTA RITA DO ITUETO;18.413.187/0001-10;1301;SEINFRA;SECRETARIA DE ESTADO DE INFRAESTRUTURA E MOBILIDADE;42;AUXILIOS;1;AUXILIOS;32;EXPLORACAO DE RECURSOS MINERAIS;747600,8;747600,8;747600,8
9334511;3659;2022-06-09 00:00:00;PM SANTO HIPOLITO;17.694.886/0001-13;1261;SEE;SECRETARIA DE ESTADO DE EDUCACAO;42;AUXILIOS;1;AUXILIOS;10;RECURSOS ORDINARIOS;572825,09;572825,09;572825,09
9334512;3551;2022-06-08 00:00:00;PM IGUATAMA;18.306.688/0001-06;1261;SEE;SECRETARIA DE ESTADO DE EDUCACAO;42;AUXILIOS;1;AUXILIOS;10;RECURSOS ORDINARIOS;1351200,0;1351200,0;1351200,0
9334513;3653;2022-06-09 00:00:00;PM CAETE;18.302.299/0001-02;1261;SEE;SECRETARIA DE ESTADO DE EDUCACAO;42;AUXILIOS;1;AUXILIOS;10;RECURSOS ORDINARIOS;1094876,01;1094876,01;1094876,01
9334514;3658;2022-06-09 00:00:00;PM NOVORIZONTE;01.616.420/0001-60;1261;SEE;SECRETARIA DE ESTADO DE EDUCACAO;42;AUXILIOS;1;AUXILIOS;10;RECURSOS ORDINARIOS;759485,32;759485,32;759485,32
9334515;4074;2022-07-01 00:00:00;PM CARANDAI;18.094.797/0001-07;1261;SEE;SECRETARIA DE ESTADO DE EDUCACAO;42;AUXILIOS;1;AUXILIOS;21;COTA ESTADUAL DO SALARIO EDUCACAO - QESE;100000,0;100000,0;100000,0
9334516;4569;2022-12-13 00:00:00;PM ITAMARANDIBA;16.886.871/0001-94;1261;SEE;SECRETARIA DE ESTADO DE EDUCACAO;42;AUXILIOS;1;AUXILIOS;10;RECURSOS ORDINARIOS;1351200,0;1351200,0;1351200,0
9334517;3656;2022-06-09 00:00:00;PM SAO GONCALO DO PARA;18.291.369/0001-66;1261;SEE;SECRETARIA DE ESTADO DE EDUCACAO;42;AUXILIOS;1;AUXILIOS;10;RECURSOS ORDINARIOS;1094876,01;1094876,01;1094876,01
9334518;3649;2022-06-09 00:00:00;PM PORTEIRINHA;18.013.326/0001-19;1261;SEE;SECRETARIA DE ESTADO DE EDUCACAO;42;AUXILIOS;1;AUXILIOS;10;RECURSOS ORDINARIOS;1145650,18;1145650,18;1145650,18
9334537;3650;2022-06-09 00:00:00;PM CAMPO BELO;18.659.334/0001-37;1261;SEE;SECRETARIA DE ESTADO DE EDUCACAO;42;AUXILIOS;1;AUXILIOS;10;RECURSOS ORDINARIOS;566933,87;566933,87;566933,87
9334538;3547;2022-06-08 00:00:00;PM FRANCISCO BADARO;18.051.524/0001-77;1261;SEE;SECRETARIA DE ESTADO DE EDUCACAO;42;AUXILIOS;1;AUXILIOS;10;RECURSOS ORDINARIOS;1511579,33;1511579,33;1511579,33
9334539;3645;2022-06-09 00:00:00;PM COROMANDEL;18.591.149/0001-58;1261;SEE;SECRETARIA DE ESTADO DE EDUCACAO;42;AUXILIOS;1;AUXILIOS;10;RECURSOS ORDINARIOS;572825,09;572825,09;572825,09
9334540;3549;2022-06-08 00:00:00;PM NINHEIRA;01.612.495/0001-72;1261;SEE;SECRETARIA DE ESTADO DE EDUCACAO;42;AUXILIOS;1;AUXILIOS;10;RECURSOS ORDINARIOS;265000,0;265000,0;265000,0
9334541;3696;2022-06-10 00:00:00;PM NOVO CRUZEIRO;18.404.889/0001-38;1261;SEE;SECRETARIA DE ESTADO DE EDUCACAO;42;AUXILIOS;1;AUXILIOS;23;FUNDO DE MANUTENCAO E DESENVOLVIMENTO DA EDUCACAO BASICA - FUNDEB;100000,0;100000,0;100000,0
9334542;3618;2022-06-09 00:00:00;PM CAMPOS GERAIS;18.245.175/0001-24;1261;SEE;SECRETARIA DE ESTADO DE EDUCACAO;42;AUXILIOS;1;AUXILIOS;10;RECURSOS ORDINARIOS;100000,0;100000,0;100000,0
9334543;3615;2022-06-09 00:00:00;PM VARGINHA;18.240.119/0001-05;1261;SEE;SECRETARIA DE ESTADO DE EDUCACAO;42;AUXILIOS;1;AUXILIOS;10;RECURSOS ORDINARIOS;99962,2;99962,2;99962,2
9334544;3617;2022-06-09 00:00:00;PM DIAMANTINA;17.754.136/0001-90;1261;SEE;SECRETARIA DE ESTADO DE EDUCACAO;42;AUXILIOS;1;AUXILIOS;10;RECURSOS ORDINARIOS;100000,0;100000,0;100000,0
9334545;3613;2022-06-09 00:00:00;PM DIAMANTINA;17.754.136/0001-90;1261;SEE;SECRETARIA DE ESTADO DE EDUCACAO;42;AUXILIOS;1;AUXILIOS;10;RECURSOS ORDINARIOS;50000,0;50000,0;50000,0
9334546;3614;2022-06-09 00:00:00;PM CONGONHAL;18.675.967/0001-39;1261;SEE;SECRETARIA DE ESTADO DE EDUCACAO;42;AUXILIOS;1;AUXILIOS;10;RECURSOS ORDINARIOS;99935,0;99935,0;99935,0
9336915;2751;2022-05-04 00:00:00;PM CORREGO DANTA;18.298.174/0001-48;1491;SEGOV;SECRETARIA DE ESTADO DE GOVERNO;42;AUXILIOS;1;AUXILIOS;10;RECURSOS ORDINARIOS;71258,47;71258,47;71258,47
9336916;2753;2022-05-04 00:00:00;PM BERTOPOLIS;18.404.897/0001-84;1491;SEGOV;SECRETARIA DE ESTADO DE GOVERNO;42;AUXILIOS;1;AUXILIOS;10;RECURSOS ORDINARIOS;78220,27;78220,27;78220,27
9336917;2750;2022-05-04 00:00:00;PM VISCONDE DO RIO BRANCO;18.137.927/0001-33;1491;SEGOV;SECRETARIA DE ESTADO DE GOVERNO;42;AUXILIOS;1;AUXILIOS;10;RECURSOS ORDINARIOS;300000,0;300000,0;300000,0
9336990;3185;2022-05-06 00:00:00;PM CARNEIRINHO;26.042.515/0001-48;1261;SEE;SECRETARIA DE ESTADO DE EDUCACAO;42;AUXILIOS;1;AUXILIOS;10;RECURSOS ORDINARIOS;300000,0;300000,0;300000,0
9336991;3184;2022-05-06 00:00:00;PM TRES CORACOES;17.955.535/0001-19;1261;SEE;SECRETARIA DE ESTADO DE EDUCACAO;42;AUXILIOS;1;AUXILIOS;10;RECURSOS ORDINARIOS;300000,0;300000,0;300000,0
9336992;3642;2022-06-09 00:00:00;PM SAO JOAO DO PARAISO;24.791.154/0001-07;1261;SEE;SECRETARIA DE ESTADO DE EDUCACAO;42;AUXILIOS;1;AUXILIOS;10;RECURSOS ORDINARIOS;566933,88;566933,88;566933,88
9336993;3641;2022-06-09 00:00:00;PM SAO JOAO DO PARAISO;24.791.154/0001-07;1261;SEE;SECRETARIA DE ESTADO DE EDUCACAO;42;AUXILIOS;1;AUXILIOS;10;RECURSOS ORDINARIOS;566933,87;566933,87;566933,87
9336994;3643;2022-06-09 00:00:00;PM PARA DE MINAS;18.313.817/0001-85;1261;SEE;SECRETARIA DE ESTADO DE EDUCACAO;42;AUXILIOS;1;AUXILIOS;10;RECURSOS ORDINARIOS;569879,48;569879,48;569879,48
9336995;3543;2022-06-08 00:00:00;PM SANTA MARIA DE ITABIRA;18.299.453/0001-26;1261;SEE;SECRETARIA DE ESTADO DE EDUCACAO;42;AUXILIOS;1;AUXILIOS;10;RECURSOS ORDINARIOS;1561200,0;1561200,0;1561200,0
9336996;3538;2022-06-08 00:00:00;PM JOAQUIM FELICIO;17.694.878/0001-77;1261;SEE;SECRETARIA DE ESTADO DE EDUCACAO;42;AUXILIOS;1;AUXILIOS;10;RECURSOS ORDINARIOS;2137000,0;2137000,0;2137000,0
9336997;3540;2022-06-08 00:00:00;PM MIRABELA;18.017.376/0001-74;1261;SEE;SECRETARIA DE ESTADO DE EDUCACAO;42;AUXILIOS;1;AUXILIOS;10;RECURSOS ORDINARIOS;1826200,0;1826200,0;1826200,0
9336998;3539;2022-06-08 00:00:00;PM ITAMOGI;18.241.380/0001-11;1261;SEE;SECRETARIA DE ESTADO DE EDUCACAO;42;AUXILIOS;1;AUXILIOS;10;RECURSOS ORDINARIOS;1975500,0;1975500,0;1975500,0
9336999;3544;2022-06-08 00:00:00;PM IBIA;18.584.961/0001-56;1261;SEE;SECRETARIA DE ESTADO DE EDUCACAO;42;AUXILIOS;1;AUXILIOS;10;RECURSOS ORDINARIOS;882553,34;882553,34;882553,34
9337001;3646;2022-06-09 00:00:00;PM FELIXLANDIA;17.695.032/0001-51;1261;SEE;SECRETARIA DE ESTADO DE EDUCACAO;42;AUXILIOS;1;AUXILIOS;10;RECURSOS ORDINARIOS;564033,58;564033,58;564033,58
9337004;3541;2022-06-08 00:00:00;PM BRAUNAS;18.307.389/0001-88;1261;SEE;SECRETARIA DE ESTADO DE EDUCACAO;42;AUXILIOS;1;AUXILIOS;10;RECURSOS ORDINARIOS;1779100,0;1779100,0;1779100,0
9337005;3545;2022-06-08 00:00:00;PM SAO GERALDO DA PIEDADE;18.307.470/0001-68;1261;SEE;SECRETARIA DE ESTADO DE EDUCACAO;42;AUXILIOS;1;AUXILIOS;10;RECURSOS ORDINARIOS;838500,0;838500,0;838500,0
9337006;3546;2022-06-08 00:00:00;PM PASSABEM;18.299.511/0001-11;1261;SEE;SECRETARIA DE ESTADO DE EDUCACAO;42;AUXILIOS;1;AUXILIOS;10;RECURSOS ORDINARIOS;635800,0;635800,0;635800,0
9337007;3644;2022-06-09 00:00:00;PM GRAO MOGOL;20.716.627/0001-50;1261;SEE;SECRETARIA DE ESTADO DE EDUCACAO;42;AUXILIOS;1;AUXILIOS;10;RECURSOS ORDINARIOS;572825,09;572825,09;572825,09
9337008;3625;2022-06-09 00:00:00;PM DIVINO;18.114.272/0001-88;1261;SEE;SECRETARIA DE ESTADO DE EDUCACAO;42;AUXILIOS;1;AUXILIOS;10;RECURSOS ORDINARIOS;100000,0;100000,0;100000,0
9337009;3636;2022-06-09 00:00:00;PM DELFINOPOLIS;17.894.064/0001-86;1261;SEE;SECRETARIA DE ESTADO DE EDUCACAO;42;AUXILIOS;1;AUXILIOS;10;RECURSOS ORDINARIOS;500000,0;500000,0;500000,0
9337010;3623;2022-06-09 00:00:00;PM UNAI;18.125.161/0001-77;1261;SEE;SECRETARIA DE ESTADO DE EDUCACAO;42;AUXILIOS;1;AUXILIOS;10;RECURSOS ORDINARIOS;100000,0;100000,0;100000,0
9337011;3634;2022-06-09 00:00:00;PM ESPINOSA;18.650.952/0001-16;1261;SEE;SECRETARIA DE ESTADO DE EDUCACAO;42;AUXILIOS;1;AUXILIOS;10;RECURSOS ORDINARIOS;487200,0;487200,0;487200,0
9337012;3626;2022-06-09 00:00:00;PM UNAI;18.125.161/0001-77;1261;SEE;SECRETARIA DE ESTADO DE EDUCACAO;42;AUXILIOS;1;AUXILIOS;10;RECURSOS ORDINARIOS;101633,33;101633,33;101633,33
9337014;3628;2022-06-09 00:00:00;PM CONSELHEIRO PENA;19.769.660/0001-60;1261;SEE;SECRETARIA DE ESTADO DE EDUCACAO;42;AUXILIOS;1;AUXILIOS;10;RECURSOS ORDINARIOS;198692,66;198692,66;198692,66
9337015;3631;2022-06-09 00:00:00;PM SOBRALIA;18.083.055/0001-78;1261;SEE;SECRETARIA DE ESTADO DE EDUCACAO;42;AUXILIOS;1;AUXILIOS;10;RECURSOS ORDINARIOS;300000,0;300000,0;300000,0
9337016;3629;2022-06-09 00:00:00;PM ITINGA;18.348.748/0001-45;1261;SEE;SECRETARIA DE ESTADO DE EDUCACAO;42;AUXILIOS;1;AUXILIOS;10;RECURSOS ORDINARIOS;199983,05;199983,05;199983,05
9337017;3633;2022-06-09 00:00:00;PM ITINGA;18.348.748/0001-45;1261;SEE;SECRETARIA DE ESTADO DE EDUCACAO;42;AUXILIOS;1;AUXILIOS;10;RECURSOS ORDINARIOS;100001,65;100001,65;100001,65
9337018;129;2022-05-06 00:00:00;PM LIMA DUARTE;18.338.186/0001-59;1301;SEINFRA;SECRETARIA DE ESTADO DE INFRAESTRUTURA E MOBILIDADE;42;AUXILIOS;1;AUXILIOS;32;EXPLORACAO DE RECURSOS MINERAIS;12000000,0;12000000,0;9644097,04
9337019;3620;2022-06-09 00:00:00;PM CAETE;18.302.299/0001-02;1261;SEE;SECRETARIA DE ESTADO DE EDUCACAO;42;AUXILIOS;1;AUXILIOS;10;RECURSOS ORDINARIOS;100000,0;100000,0;100000,0
9337020;3621;2022-06-09 00:00:00;PM VARJAO DE MINAS;01.609.780/0001-34;1261;SEE;SECRETARIA DE ESTADO DE EDUCACAO;42;AUXILIOS;1;AUXILIOS;10;RECURSOS ORDINARIOS;100000,0;100000,0;100000,0
9337021;3698;2022-06-10 00:00:00;PM VIRGEM DA LAPA;18.348.730/0001-43;1261;SEE;SECRETARIA DE ESTADO DE EDUCACAO;42;AUXILIOS;1;AUXILIOS;23;FUNDO DE MANUTENCAO E DESENVOLVIMENTO DA EDUCACAO BASICA - FUNDEB;100000,0;100000,0;100000,0
9337022;3542;2022-06-08 00:00:00;PM PITANGUI;18.315.226/0001-47;1261;SEE;SECRETARIA DE ESTADO DE EDUCACAO;42;AUXILIOS;1;AUXILIOS;10;RECURSOS ORDINARIOS;1656960,0;1656960,0;1656960,0
9337023;3637;2022-06-09 00:00:00;PM ITAUNA;18.309.724/0001-87;1261;SEE;SECRETARIA DE ESTADO DE EDUCACAO;42;AUXILIOS;1;AUXILIOS;10;RECURSOS ORDINARIOS;3250000,0;3250000,0;3250000,0
9337080;3263;2022-05-16 00:00:00;PM IBIA;18.584.961/0001-56;1261;SEE;SECRETARIA DE ESTADO DE EDUCACAO;42;AUXILIOS;1;AUXILIOS;10;RECURSOS ORDINARIOS;210000,0;210000,0;210000,0
9337080;3264;2022-05-16 00:00:00;PM IBIA;18.584.961/0001-56;1261;SEE;SECRETARIA DE ESTADO DE EDUCACAO;42;AUXILIOS;1;AUXILIOS;10;RECURSOS ORDINARIOS;72320,8;72320,8;72320,8
9337081;983;2022-05-19 00:00:00;PM TOCANTINS;18.128.223/0001-02;1261;SEE;SECRETARIA DE ESTADO DE EDUCACAO;42;AUXILIOS;1;AUXILIOS;10;RECURSOS ORDINARIOS;3124356,66;3124356,66;3124356,66
9337082;3702;2022-06-10 00:00:00;PM DELFINOPOLIS;17.894.064/0001-86;1261;SEE;SECRETARIA DE ESTADO DE EDUCACAO;42;AUXILIOS;1;AUXILIOS;23;FUNDO DE MANUTENCAO E DESENVOLVIMENTO DA EDUCACAO BASICA - FUNDEB;479200,0;479200,0;479200,0
9337083;3697;2022-06-10 00:00:00;PM MOEDA;18.363.952/0001-35;1261;SEE;SECRETARIA DE ESTADO DE EDUCACAO;42;AUXILIOS;1;AUXILIOS;23;FUNDO DE MANUTENCAO E DESENVOLVIMENTO DA EDUCACAO BASICA - FUNDEB;1899000,0;1899000,0;1899000,0
9337084;3640;2022-06-09 00:00:00;PM VAZANTE;18.278.069/0001-47;1261;SEE;SECRETARIA DE ESTADO DE EDUCACAO;42;AUXILIOS;1;AUXILIOS;10;RECURSOS ORDINARIOS;200000,0;200000,0;200000,0
9337085;3537;2022-06-08 00:00:00;PM ARANTINA;17.952.508/0001-92;1261;SEE;SECRETARIA DE ESTADO DE EDUCACAO;42;AUXILIOS;1;AUXILIOS;10;RECURSOS ORDINARIOS;795000,0;795000,0;795000,0
9337096;130;2022-05-09 00:00:00;PM SIMAO PEREIRA;18.338.293/0001-87;1301;SEINFRA;SECRETARIA DE ESTADO DE INFRAESTRUTURA E MOBILIDADE;42;AUXILIOS;1;AUXILIOS;32;EXPLORACAO DE RECURSOS MINERAIS;500000,0;500000,0;500000,0
9337099;131;2022-05-09 00:00:00;PM SOBRALIA;18.083.055/0001-78;1301;SEINFRA;SECRETARIA DE ESTADO DE INFRAESTRUTURA E MOBILIDADE;42;AUXILIOS;1;AUXILIOS;10;RECURSOS ORDINARIOS;500000,0;500000,0;500000,0
9337112;3262;2022-05-16 00:00:00;PM FRUTAL;18.449.132/0001-60;1261;SEE;SECRETARIA DE ESTADO DE EDUCACAO;42;AUXILIOS;1;AUXILIOS;10;RECURSOS ORDINARIOS;600000,0;600000,0;600000,0
9337113;3714;2022-06-10 00:00:00;PM CATAGUASES;17.702.499/0001-81;1261;SEE;SECRETARIA DE ESTADO DE EDUCACAO;42;AUXILIOS;1;AUXILIOS;23;FUNDO DE MANUTENCAO E DESENVOLVIMENTO DA EDUCACAO BASICA - FUNDEB;755531,42;755531,42;755531,42
9337115;3699;2022-06-10 00:00:00;PM ARAXA;18.140.756/0001-00;1261;SEE;SECRETARIA DE ESTADO DE EDUCACAO;42;AUXILIOS;1;AUXILIOS;23;FUNDO DE MANUTENCAO E DESENVOLVIMENTO DA EDUCACAO BASICA - FUNDEB;1749845,59;1749845,59;1749845,59
9337116;3700;2022-06-10 00:00:00;PM SANTA JULIANA;18.140.780/0001-30;1261;SEE;SECRETARIA DE ESTADO DE EDUCACAO;42;AUXILIOS;1;AUXILIOS;23;FUNDO DE MANUTENCAO E DESENVOLVIMENTO DA EDUCACAO BASICA - FUNDEB;400000,0;400000,0;400000,0
9337117;3648;2022-06-09 00:00:00;PM JUATUBA;64.487.614/0001-22;1261;SEE;SECRETARIA DE ESTADO DE EDUCACAO;42;AUXILIOS;1;AUXILIOS;10;RECURSOS ORDINARIOS;250000,0;250000,0;250000,0
9337118;3647;2022-06-09 00:00:00;PM OURO FINO;18.671.271/0001-34;1261;SEE;SECRETARIA DE ESTADO DE EDUCACAO;42;AUXILIOS;1;AUXILIOS;10;RECURSOS ORDINARIOS;99996,6;99996,6;99996,6
9337119;3695;2022-06-10 00:00:00;PM OURO FINO;18.671.271/0001-34;1261;SEE;SECRETARIA DE ESTADO DE EDUCACAO;42;AUXILIOS;1;AUXILIOS;23;FUNDO DE MANUTENCAO E DESENVOLVIMENTO DA EDUCACAO BASICA - FUNDEB;1912907,66;1912907,66;1912907,66
9337120;3694;2022-06-10 00:00:00;PM MATUTINA;18.602.102/0001-42;1261;SEE;SECRETARIA DE ESTADO DE EDUCACAO;42;AUXILIOS;1;AUXILIOS;23;FUNDO DE MANUTENCAO E DESENVOLVIMENTO DA EDUCACAO BASICA - FUNDEB;337800,0;337800,0;337800,0
9337121;3712;2022-06-10 00:00:00;PM CASSIA;17.894.049/0001-38;1261;SEE;SECRETARIA DE ESTADO DE EDUCACAO;42;AUXILIOS;1;AUXILIOS;23;FUNDO DE MANUTENCAO E DESENVOLVIMENTO DA EDUCACAO BASICA - FUNDEB;763439,23;763439,23;763439,23
9337130;55;2022-05-11 00:00:00;PM UNAI;18.125.161/0001-77;4291;FES;FUNDO ESTADUAL DE SAUDE;41;CONTRIBUICOES;1;CONTRIBUICOES;10;RECURSOS ORDINARIOS;3500000,0;3500000,0;3500000,0
9337140;3199;2022-05-13 00:00:00;PM AGUAS VERMELHAS;18.414.581/0001-73;1261;SEE;SECRETARIA DE ESTADO DE EDUCACAO;41;CONTRIBUICOES;1;CONTRIBUICOES;21;COTA ESTADUAL DO SALARIO EDUCACAO - QESE;1428922,94;1428922,94;1428922,94
9337140;3200;2022-05-13 00:00:00;PM AGUAS VERMELHAS;18.414.581/0001-73;1261;SEE;SECRETARIA DE ESTADO DE EDUCACAO;41;CONTRIBUICOES;1;CONTRIBUICOES;21;COTA ESTADUAL DO SALARIO EDUCACAO - QESE;71291,41;71291,41;71291,41
9337140;3201;2022-05-13 00:00:00;PM AGUAS VERMELHAS;18.414.581/0001-73;1261;SEE;SECRETARIA DE ESTADO DE EDUCACAO;41;CONTRIBUICOES;1;CONTRIBUICOES;21;COTA ESTADUAL DO SALARIO EDUCACAO - QESE;18936,0;18936,0;18936,0
9337141;3202;2022-05-13 00:00:00;PM MARIA DA FE;18.025.957/0001-58;1261;SEE;SECRETARIA DE ESTADO DE EDUCACAO;41;CONTRIBUICOES;1;CONTRIBUICOES;21;COTA ESTADUAL DO SALARIO EDUCACAO - QESE;856778,31;856778,31;856778,31
9337141;3203;2022-05-13 00:00:00;PM MARIA DA FE;18.025.957/0001-58;1261;SEE;SECRETARIA DE ESTADO DE EDUCACAO;41;CONTRIBUICOES;1;CONTRIBUICOES;21;COTA ESTADUAL DO SALARIO EDUCACAO - QESE;40389,43;40389,43;40389,43
9337141;3204;2022-05-13 00:00:00;PM MARIA DA FE;18.025.957/0001-58;1261;SEE;SECRETARIA DE ESTADO DE EDUCACAO;41;CONTRIBUICOES;1;CONTRIBUICOES;21;COTA ESTADUAL DO SALARIO EDUCACAO - QESE;10728,0;10728,0;10728,0
9337143;3205;2022-05-13 00:00:00;PM FERVEDOURO;26.139.790/0001-84;1261;SEE;SECRETARIA DE ESTADO DE EDUCACAO;41;CONTRIBUICOES;1;CONTRIBUICOES;21;COTA ESTADUAL DO SALARIO EDUCACAO - QESE;2070070,2;2070070,2;2070070,2
9337143;3206;2022-05-13 00:00:00;PM FERVEDOURO;26.139.790/0001-84;1261;SEE;SECRETARIA DE ESTADO DE EDUCACAO;41;CONTRIBUICOES;1;CONTRIBUICOES;21;COTA ESTADUAL DO SALARIO EDUCACAO - QESE;107343,72;107343,72;107343,72
9337143;3207;2022-05-13 00:00:00;PM FERVEDOURO;26.139.790/0001-84;1261;SEE;SECRETARIA DE ESTADO DE EDUCACAO;41;CONTRIBUICOES;1;CONTRIBUICOES;21;COTA ESTADUAL DO SALARIO EDUCACAO - QESE;28512,0;28512,0;28512,0
9337144;3208;2022-05-13 00:00:00;PM RIO POMBA;17.744.434/0001-07;1261;SEE;SECRETARIA DE ESTADO DE EDUCACAO;41;CONTRIBUICOES;1;CONTRIBUICOES;21;COTA ESTADUAL DO SALARIO EDUCACAO - QESE;569792,05;569792,05;569792,05
9337144;3209;2022-05-13 00:00:00;PM RIO POMBA;17.744.434/0001-07;1261;SEE;SECRETARIA DE ESTADO DE EDUCACAO;41;CONTRIBUICOES;1;CONTRIBUICOES;21;COTA ESTADUAL DO SALARIO EDUCACAO - QESE;29546,63;29546,63;29546,63
9337144;3210;2022-05-13 00:00:00;PM RIO POMBA;17.744.434/0001-07;1261;SEE;SECRETARIA DE ESTADO DE EDUCACAO;41;CONTRIBUICOES;1;CONTRIBUICOES;21;COTA ESTADUAL DO SALARIO EDUCACAO - QESE;7848,0;7848,0;7848,0
9337145;3211;2022-05-13 00:00:00;PM PRATA;18.260.505/0001-50;1261;SEE;SECRETARIA DE ESTADO DE EDUCACAO;41;CONTRIBUICOES;1;CONTRIBUICOES;21;COTA ESTADUAL DO SALARIO EDUCACAO - QESE;1390501,7;1390501,7;1390501,7
9337145;3212;2022-05-13 00:00:00;PM PRATA;18.260.505/0001-50;1261;SEE;SECRETARIA DE ESTADO DE EDUCACAO;41;CONTRIBUICOES;1;CONTRIBUICOES;21;COTA ESTADUAL DO SALARIO EDUCACAO - QESE;72104,62;72104,62;72104,62
9337145;3213;2022-05-13 00:00:00;PM PRATA;18.260.505/0001-50;1261;SEE;SECRETARIA DE ESTADO DE EDUCACAO;41;CONTRIBUICOES;1;CONTRIBUICOES;21;COTA ESTADUAL DO SALARIO EDUCACAO - QESE;19152,0;19152,0;19152,0
9337146;3214;2022-05-13 00:00:00;PM BAMBUI;20.920.567/0001-93;1261;SEE;SECRETARIA DE ESTADO DE EDUCACAO;41;CONTRIBUICOES;1;CONTRIBUICOES;21;COTA ESTADUAL DO SALARIO EDUCACAO - QESE;501835,2;501835,2;501835,2
9337146;3215;2022-05-13 00:00:00;PM BAMBUI;20.920.567/0001-93;1261;SEE;SECRETARIA DE ESTADO DE EDUCACAO;41;CONTRIBUICOES;1;CONTRIBUICOES;21;COTA ESTADUAL DO SALARIO EDUCACAO - QESE;26022,72;26022,72;26022,72
9337146;3216;2022-05-13 00:00:00;PM BAMBUI;20.920.567/0001-93;1261;SEE;SECRETARIA DE ESTADO DE EDUCACAO;41;CONTRIBUICOES;1;CONTRIBUICOES;21;COTA ESTADUAL DO SALARIO EDUCACAO - QESE;6912,0;6912,0;6912,0
9337147;3217;2022-05-13 00:00:00;PM SANTANA DO PARAISO;38.515.573/0001-20;1261;SEE;SECRETARIA DE ESTADO DE EDUCACAO;41;CONTRIBUICOES;1;CONTRIBUICOES;21;COTA ESTADUAL DO SALARIO EDUCACAO - QESE;2890779,85;2890779,85;2890779,85
9337147;3218;2022-05-13 00:00:00;PM SANTANA DO PARAISO;38.515.573/0001-20;1261;SEE;SECRETARIA DE ESTADO DE EDUCACAO;41;CONTRIBUICOES;1;CONTRIBUICOES;21;COTA ESTADUAL DO SALARIO EDUCACAO - QESE;149901,71;149901,71;149901,71
9337147;3219;2022-05-13 00:00:00;PM SANTANA DO PARAISO;38.515.573/0001-20;1261;SEE;SECRETARIA DE ESTADO DE EDUCACAO;41;CONTRIBUICOES;1;CONTRIBUICOES;21;COTA ESTADUAL DO SALARIO EDUCACAO - QESE;39816,0;39816,0;39816,0
9337148;3220;2022-05-13 00:00:00;PM JEQUITAI;18.279.083/0001-65;1261;SEE;SECRETARIA DE ESTADO DE EDUCACAO;41;CONTRIBUICOES;1;CONTRIBUICOES;21;COTA ESTADUAL DO SALARIO EDUCACAO - QESE;250917,6;250917,6;250917,6
9337148;3221;2022-05-13 00:00:00;PM JEQUITAI;18.279.083/0001-65;1261;SEE;SECRETARIA DE ESTADO DE EDUCACAO;41;CONTRIBUICOES;1;CONTRIBUICOES;21;COTA ESTADUAL DO SALARIO EDUCACAO - QESE;13011,36;13011,36;13011,36
9337148;3222;2022-05-13 00:00:00;PM JEQUITAI;18.279.083/0001-65;1261;SEE;SECRETARIA DE ESTADO DE EDUCACAO;41;CONTRIBUICOES;1;CONTRIBUICOES;21;COTA ESTADUAL DO SALARIO EDUCACAO - QESE;3456,0;3456,0;3456,0
9337149;3196;2022-05-13 00:00:00;PM SALINAS;24.359.333/0001-70;1261;SEE;SECRETARIA DE ESTADO DE EDUCACAO;41;CONTRIBUICOES;1;CONTRIBUICOES;21;COTA ESTADUAL DO SALARIO EDUCACAO - QESE;7486492,36;7486492,36;7486492,36
9337149;3197;2022-05-13 00:00:00;PM SALINAS;24.359.333/0001-70;1261;SEE;SECRETARIA DE ESTADO DE EDUCACAO;41;CONTRIBUICOES;1;CONTRIBUICOES;21;COTA ESTADUAL DO SALARIO EDUCACAO - QESE;387359,03;387359,03;387359,03
9337149;3198;2022-05-13 00:00:00;PM SALINAS;24.359.333/0001-70;1261;SEE;SECRETARIA DE ESTADO DE EDUCACAO;41;CONTRIBUICOES;1;CONTRIBUICOES;21;COTA ESTADUAL DO SALARIO EDUCACAO - QESE;102888,0;102888,0;102888,0
9337150;3223;2022-05-13 00:00:00;PM PRUDENTE DE MORAIS;18.314.625/0001-93;1261;SEE;SECRETARIA DE ESTADO DE EDUCACAO;41;CONTRIBUICOES;1;CONTRIBUICOES;21;COTA ESTADUAL DO SALARIO EDUCACAO - QESE;721388,1;721388,1;721388,1
9337150;3224;2022-05-13 00:00:00;PM PRUDENTE DE MORAIS;18.314.625/0001-93;1261;SEE;SECRETARIA DE ESTADO DE EDUCACAO;41;CONTRIBUICOES;1;CONTRIBUICOES;21;COTA ESTADUAL DO SALARIO EDUCACAO - QESE;37407,66;37407,66;37407,66
9337150;3225;2022-05-13 00:00:00;PM PRUDENTE DE MORAIS;18.314.625/0001-93;1261;SEE;SECRETARIA DE ESTADO DE EDUCACAO;41;CONTRIBUICOES;1;CONTRIBUICOES;21;COTA ESTADUAL DO SALARIO EDUCACAO - QESE;9936,0;9936,0;9936,0
9337151;3226;2022-05-13 00:00:00;PM CAMBUI;18.675.975/0001-85;1261;SEE;SECRETARIA DE ESTADO DE EDUCACAO;41;CONTRIBUICOES;1;CONTRIBUICOES;21;COTA ESTADUAL DO SALARIO EDUCACAO - QESE;1035035,1;1035035,1;1035035,1
9337151;3227;2022-05-13 00:00:00;PM CAMBUI;18.675.975/0001-85;1261;SEE;SECRETARIA DE ESTADO DE EDUCACAO;41;CONTRIBUICOES;1;CONTRIBUICOES;21;COTA ESTADUAL DO SALARIO EDUCACAO - QESE;53671,86;53671,86;53671,86
9337151;3228;2022-05-13 00:00:00;PM CAMBUI;18.675.975/0001-85;1261;SEE;SECRETARIA DE ESTADO DE EDUCACAO;41;CONTRIBUICOES;1;CONTRIBUICOES;21;COTA ESTADUAL DO SALARIO EDUCACAO - QESE;14256,0;14256,0;14256,0
9337152;3229;2022-05-13 00:00:00;PM TAIOBEIRAS;18.017.384/0001-10;1261;SEE;SECRETARIA DE ESTADO DE EDUCACAO;41;CONTRIBUICOES;1;CONTRIBUICOES;21;COTA ESTADUAL DO SALARIO EDUCACAO - QESE;4490379,55;4490379,55;4490379,55
9337152;3230;2022-05-13 00:00:00;PM TAIOBEIRAS;18.017.384/0001-10;1261;SEE;SECRETARIA DE ESTADO DE EDUCACAO;41;CONTRIBUICOES;1;CONTRIBUICOES;21;COTA ESTADUAL DO SALARIO EDUCACAO - QESE;232849,13;232849,13;232849,13
9337152;3231;2022-05-13 00:00:00;PM TAIOBEIRAS;18.017.384/0001-10;1261;SEE;SECRETARIA DE ESTADO DE EDUCACAO;41;CONTRIBUICOES;1;CONTRIBUICOES;21;COTA ESTADUAL DO SALARIO EDUCACAO - QESE;61848,0;61848,0;61848,0
9337154;3693;2022-06-10 00:00:00;PM MACHADO;18.242.784/0001-20;1261;SEE;SECRETARIA DE ESTADO DE EDUCACAO;42;AUXILIOS;1;AUXILIOS;23;FUNDO DE MANUTENCAO E DESENVOLVIMENTO DA EDUCACAO BASICA - FUNDEB;1989400,0;1989400,0;1989400,0
9337155;3701;2022-06-10 00:00:00;PM MACHADO;18.242.784/0001-20;1261;SEE;SECRETARIA DE ESTADO DE EDUCACAO;42;AUXILIOS;1;AUXILIOS;23;FUNDO DE MANUTENCAO E DESENVOLVIMENTO DA EDUCACAO BASICA - FUNDEB;500000,0;500000,0;500000,0
9337156;3692;2022-06-10 00:00:00;PM SIMAO PEREIRA;18.338.293/0001-87;1261;SEE;SECRETARIA DE ESTADO DE EDUCACAO;42;AUXILIOS;1;AUXILIOS;23;FUNDO DE MANUTENCAO E DESENVOLVIMENTO DA EDUCACAO BASICA - FUNDEB;1812300,0;1812300,0;1812300,0
9337157;3655;2022-06-09 00:00:00;PM JACUTINGA;17.914.128/0001-63;1261;SEE;SECRETARIA DE ESTADO DE EDUCACAO;42;AUXILIOS;1;AUXILIOS;10;RECURSOS ORDINARIOS;199667,43;199667,43;199667,43
9337158;3703;2022-06-10 00:00:00;PM ITABIRITO;18.307.835/0001-54;1261;SEE;SECRETARIA DE ESTADO DE EDUCACAO;42;AUXILIOS;1;AUXILIOS;23;FUNDO DE MANUTENCAO E DESENVOLVIMENTO DA EDUCACAO BASICA - FUNDEB;200000,0;200000,0;200000,0
9337159;3704;2022-06-10 00:00:00;PM SERRANIA;18.243.261/0001-06;1261;SEE;SECRETARIA DE ESTADO DE EDUCACAO;42;AUXILIOS;1;AUXILIOS;23;FUNDO DE MANUTENCAO E DESENVOLVIMENTO DA EDUCACAO BASICA - FUNDEB;153800,0;153800,0;153800,0
9337160;3706;2022-06-10 00:00:00;PM JACUI;18.186.056/0001-48;1261;SEE;SECRETARIA DE ESTADO DE EDUCACAO;42;AUXILIOS;1;AUXILIOS;23;FUNDO DE MANUTENCAO E DESENVOLVIMENTO DA EDUCACAO BASICA - FUNDEB;399935,76;399935,76;399935,76
9337161;3652;2022-06-09 00:00:00;PM NOVO ORIENTE DE MINAS;01.613.373/0001-09;1261;SEE;SECRETARIA DE ESTADO DE EDUCACAO;42;AUXILIOS;1;AUXILIOS;10;RECURSOS ORDINARIOS;100000,0;100000,0;100000,0
9337163;3707;2022-06-10 00:00:00;PM FELICIO DOS SANTOS;17.754.201/0001-87;1261;SEE;SECRETARIA DE ESTADO DE EDUCACAO;42;AUXILIOS;1;AUXILIOS;23;FUNDO DE MANUTENCAO E DESENVOLVIMENTO DA EDUCACAO BASICA - FUNDEB;100000,0;100000,0;100000,0
9337164;3708;2022-06-10 00:00:00;PM SANTANA DO PARAISO;38.515.573/0001-20;1261;SEE;SECRETARIA DE ESTADO DE EDUCACAO;42;AUXILIOS;1;AUXILIOS;23;FUNDO DE MANUTENCAO E DESENVOLVIMENTO DA EDUCACAO BASICA - FUNDEB;100000,0;100000,0;100000,0
9337165;3709;2022-06-10 00:00:00;PM SANTANA DO PARAISO;38.515.573/0001-20;1261;SEE;SECRETARIA DE ESTADO DE EDUCACAO;42;AUXILIOS;1;AUXILIOS;23;FUNDO DE MANUTENCAO E DESENVOLVIMENTO DA EDUCACAO BASICA - FUNDEB;150000,0;150000,0;150000,0
9337166;3654;2022-06-09 00:00:00;PM PATOS DE MINAS;18.602.011/0001-07;1261;SEE;SECRETARIA DE ESTADO DE EDUCACAO;42;AUXILIOS;1;AUXILIOS;10;RECURSOS ORDINARIOS;198770,1;198770,1;198770,1
9337168;3711;2022-06-10 00:00:00;PM SAO JOAO EVANGELISTA;18.307.488/0001-60;1261;SEE;SECRETARIA DE ESTADO DE EDUCACAO;42;AUXILIOS;1;AUXILIOS;23;FUNDO DE MANUTENCAO E DESENVOLVIMENTO DA EDUCACAO BASICA - FUNDEB;100000,0;100000,0;100000,0
9337169;3691;2022-06-10 00:00:00;PM ARAGUARI;16.829.640/0001-49;1261;SEE;SECRETARIA DE ESTADO DE EDUCACAO;42;AUXILIOS;1;AUXILIOS;23;FUNDO DE MANUTENCAO E DESENVOLVIMENTO DA EDUCACAO BASICA - FUNDEB;1082000,0;1082000,0;1082000,0
9337170;3690;2022-06-10 00:00:00;PM CAMANDUCAIA;17.935.396/0001-61;1261;SEE;SECRETARIA DE ESTADO DE EDUCACAO;42;AUXILIOS;1;AUXILIOS;23;FUNDO DE MANUTENCAO E DESENVOLVIMENTO DA EDUCACAO BASICA - FUNDEB;1767520,67;1767520,67;1767520,67
9337171;3689;2022-06-10 00:00:00;PM CORREGO FUNDO;01.614.862/0001-77;1261;SEE;SECRETARIA DE ESTADO DE EDUCACAO;42;AUXILIOS;1;AUXILIOS;23;FUNDO DE MANUTENCAO E DESENVOLVIMENTO DA EDUCACAO BASICA - FUNDEB;2087100,0;2087100,0;2087100,0
9337172;3687;2022-06-10 00:00:00;PM SAO GONCALO DO ABAETE;18.602.086/0001-98;1261;SEE;SECRETARIA DE ESTADO DE EDUCACAO;42;AUXILIOS;1;AUXILIOS;23;FUNDO DE MANUTENCAO E DESENVOLVIMENTO DA EDUCACAO BASICA - FUNDEB;530000,0;530000,0;530000,0
9337173;3686;2022-06-10 00:00:00;PM TIMOTEO;19.875.020/0001-34;1261;SEE;SECRETARIA DE ESTADO DE EDUCACAO;42;AUXILIOS;1;AUXILIOS;23;FUNDO DE MANUTENCAO E DESENVOLVIMENTO DA EDUCACAO BASICA - FUNDEB;359300,0;359300,0;359300,0
9337174;3651;2022-06-09 00:00:00;PM ARINOS;18.125.120/0001-80;1261;SEE;SECRETARIA DE ESTADO DE EDUCACAO;42;AUXILIOS;1;AUXILIOS;10;RECURSOS ORDINARIOS;100000,0;100000,0;100000,0
9337192;3232;2022-05-13 00:00:00;PM MOEMA;18.301.044/0001-17;1261;SEE;SECRETARIA DE ESTADO DE EDUCACAO;41;CONTRIBUICOES;1;CONTRIBUICOES;21;COTA ESTADUAL DO SALARIO EDUCACAO - QESE;710933,2;710933,2;710933,2
9337192;3233;2022-05-13 00:00:00;PM MOEMA;18.301.044/0001-17;1261;SEE;SECRETARIA DE ESTADO DE EDUCACAO;41;CONTRIBUICOES;1;CONTRIBUICOES;21;COTA ESTADUAL DO SALARIO EDUCACAO - QESE;36865,52;36865,52;36865,52
9337192;3234;2022-05-13 00:00:00;PM MOEMA;18.301.044/0001-17;1261;SEE;SECRETARIA DE ESTADO DE EDUCACAO;41;CONTRIBUICOES;1;CONTRIBUICOES;21;COTA ESTADUAL DO SALARIO EDUCACAO - QESE;9792,0;9792,0;9792,0
9337193;3235;2022-05-13 00:00:00;PM ESPERA FELIZ;18.114.264/0001-31;1261;SEE;SECRETARIA DE ESTADO DE EDUCACAO;41;CONTRIBUICOES;1;CONTRIBUICOES;21;COTA ESTADUAL DO SALARIO EDUCACAO - QESE;510982,6;510982,6;510982,6
9337193;3236;2022-05-13 00:00:00;PM ESPERA FELIZ;18.114.264/0001-31;1261;SEE;SECRETARIA DE ESTADO DE EDUCACAO;41;CONTRIBUICOES;1;CONTRIBUICOES;21;COTA ESTADUAL DO SALARIO EDUCACAO - QESE;23040,95;23040,95;23040,95
9337193;3237;2022-05-13 00:00:00;PM ESPERA FELIZ;18.114.264/0001-31;1261;SEE;SECRETARIA DE ESTADO DE EDUCACAO;41;CONTRIBUICOES;1;CONTRIBUICOES;21;COTA ESTADUAL DO SALARIO EDUCACAO - QESE;6120,0;6120,0;6120,0
9337195;3238;2022-05-13 00:00:00;PM BARROSO;18.094.755/0001-68;1261;SEE;SECRETARIA DE ESTADO DE EDUCACAO;41;CONTRIBUICOES;1;CONTRIBUICOES;21;COTA ESTADUAL DO SALARIO EDUCACAO - QESE;883439,05;883439,05;883439,05
9337195;3239;2022-05-13 00:00:00;PM BARROSO;18.094.755/0001-68;1261;SEE;SECRETARIA DE ESTADO DE EDUCACAO;41;CONTRIBUICOES;1;CONTRIBUICOES;21;COTA ESTADUAL DO SALARIO EDUCACAO - QESE;45810,83;45810,83;45810,83
9337195;3240;2022-05-13 00:00:00;PM BARROSO;18.094.755/0001-68;1261;SEE;SECRETARIA DE ESTADO DE EDUCACAO;41;CONTRIBUICOES;1;CONTRIBUICOES;21;COTA ESTADUAL DO SALARIO EDUCACAO - QESE;12168,0;12168,0;12168,0
9337196;3241;2022-05-13 00:00:00;PM COQUEIRAL;18.239.624/0001-21;1261;SEE;SECRETARIA DE ESTADO DE EDUCACAO;41;CONTRIBUICOES;1;CONTRIBUICOES;21;COTA ESTADUAL DO SALARIO EDUCACAO - QESE;1808697,7;1808697,7;1808697,7
9337196;3242;2022-05-13 00:00:00;PM COQUEIRAL;18.239.624/0001-21;1261;SEE;SECRETARIA DE ESTADO DE EDUCACAO;41;CONTRIBUICOES;1;CONTRIBUICOES;21;COTA ESTADUAL DO SALARIO EDUCACAO - QESE;93790,22;93790,22;93790,22
9337196;3243;2022-05-13 00:00:00;PM COQUEIRAL;18.239.624/0001-21;1261;SEE;SECRETARIA DE ESTADO DE EDUCACAO;41;CONTRIBUICOES;1;CONTRIBUICOES;21;COTA ESTADUAL DO SALARIO EDUCACAO - QESE;24912,0;24912,0;24912,0
9337197;3244;2022-05-13 00:00:00;PM SAO JOSE DO JACURI;18.409.201/0001-02;1261;SEE;SECRETARIA DE ESTADO DE EDUCACAO;41;CONTRIBUICOES;1;CONTRIBUICOES;21;COTA ESTADUAL DO SALARIO EDUCACAO - QESE;1050717,45;1050717,45;1050717,45
9337197;3245;2022-05-13 00:00:00;PM SAO JOSE DO JACURI;18.409.201/0001-02;1261;SEE;SECRETARIA DE ESTADO DE EDUCACAO;41;CONTRIBUICOES;1;CONTRIBUICOES;21;COTA ESTADUAL DO SALARIO EDUCACAO - QESE;54485,07;54485,07;54485,07
9337197;3246;2022-05-13 00:00:00;PM SAO JOSE DO JACURI;18.409.201/0001-02;1261;SEE;SECRETARIA DE ESTADO DE EDUCACAO;41;CONTRIBUICOES;1;CONTRIBUICOES;21;COTA ESTADUAL DO SALARIO EDUCACAO - QESE;14472,0;14472,0;14472,0
9337198;3247;2022-05-13 00:00:00;PM SANTO ANTONIO DO AMPARO;18.244.335/0001-10;1261;SEE;SECRETARIA DE ESTADO DE EDUCACAO;41;CONTRIBUICOES;1;CONTRIBUICOES;21;COTA ESTADUAL DO SALARIO EDUCACAO - QESE;527972,45;527972,45;527972,45
9337198;3248;2022-05-13 00:00:00;PM SANTO ANTONIO DO AMPARO;18.244.335/0001-10;1261;SEE;SECRETARIA DE ESTADO DE EDUCACAO;41;CONTRIBUICOES;1;CONTRIBUICOES;21;COTA ESTADUAL DO SALARIO EDUCACAO - QESE;27378,07;27378,07;27378,07
9337198;3249;2022-05-13 00:00:00;PM SANTO ANTONIO DO AMPARO;18.244.335/0001-10;1261;SEE;SECRETARIA DE ESTADO DE EDUCACAO;41;CONTRIBUICOES;1;CONTRIBUICOES;21;COTA ESTADUAL DO SALARIO EDUCACAO - QESE;7272,0;7272,0;7272,0
9337199;3683;2022-06-10 00:00:00;PM SANTA CRUZ DE MINAS;01.615.371/0001-40;1261;SEE;SECRETARIA DE ESTADO DE EDUCACAO;42;AUXILIOS;1;AUXILIOS;23;FUNDO DE MANUTENCAO E DESENVOLVIMENTO DA EDUCACAO BASICA - FUNDEB;265000,0;265000,0;265000,0
9337200;3713;2022-06-10 00:00:00;PM CORREGO FUNDO;01.614.862/0001-77;1261;SEE;SECRETARIA DE ESTADO DE EDUCACAO;42;AUXILIOS;1;AUXILIOS;23;FUNDO DE MANUTENCAO E DESENVOLVIMENTO DA EDUCACAO BASICA - FUNDEB;200000,0;200000,0;200000,0
9337201;3681;2022-06-10 00:00:00;PM SOBRALIA;18.083.055/0001-78;1261;SEE;SECRETARIA DE ESTADO DE EDUCACAO;42;AUXILIOS;1;AUXILIOS;23;FUNDO DE MANUTENCAO E DESENVOLVIMENTO DA EDUCACAO BASICA - FUNDEB;1717633,33;1717633,33;1717633,33
9337202;3710;2022-06-10 00:00:00;PM JAPONVAR;01.612.476/0001-46;1261;SEE;SECRETARIA DE ESTADO DE EDUCACAO;42;AUXILIOS;1;AUXILIOS;23;FUNDO DE MANUTENCAO E DESENVOLVIMENTO DA EDUCACAO BASICA - FUNDEB;569879,48;569879,48;569879,48
9337218;133;2022-05-12 00:00:00;PM CORACAO DE JESUS;22.680.672/0001-28;1301;SEINFRA;SECRETARIA DE ESTADO DE INFRAESTRUTURA E MOBILIDADE;42;AUXILIOS;1;AUXILIOS;32;EXPLORACAO DE RECURSOS MINERAIS;800000,0;800000,0;800000,0
9337220;134;2022-05-12 00:00:00;PM CRUCILANDIA;18.313.007/0001-29;1301;SEINFRA;SECRETARIA DE ESTADO DE INFRAESTRUTURA E MOBILIDADE;42;AUXILIOS;1;AUXILIOS;10;RECURSOS ORDINARIOS;1000000,0;1000000,0;1000000,0
9337234;3190;2022-05-12 00:00:00;PM BARAO DE MONTE ALTO;17.947.649/0001-17;1261;SEE;SECRETARIA DE ESTADO DE EDUCACAO;41;CONTRIBUICOES;1;CONTRIBUICOES;21;COTA ESTADUAL DO SALARIO EDUCACAO - QESE;1518050,16;1518050,16;1518050,16
9337234;3191;2022-05-12 00:00:00;PM BARAO DE MONTE ALTO;17.947.649/0001-17;1261;SEE;SECRETARIA DE ESTADO DE EDUCACAO;41;CONTRIBUICOES;1;CONTRIBUICOES;21;COTA ESTADUAL DO SALARIO EDUCACAO - QESE;71562,48;71562,48;71562,48
9337234;3192;2022-05-12 00:00:00;PM BARAO DE MONTE ALTO;17.947.649/0001-17;1261;SEE;SECRETARIA DE ESTADO DE EDUCACAO;41;CONTRIBUICOES;1;CONTRIBUICOES;21;COTA ESTADUAL DO SALARIO EDUCACAO - QESE;19008,0;19008,0;19008,0
9337235;3193;2022-05-12 00:00:00;PM IPABA;66.229.543/0001-93;1261;SEE;SECRETARIA DE ESTADO DE EDUCACAO;41;CONTRIBUICOES;1;CONTRIBUICOES;21;COTA ESTADUAL DO SALARIO EDUCACAO - QESE;2275247,2;2275247,2;2275247,2
9337235;3194;2022-05-12 00:00:00;PM IPABA;66.229.543/0001-93;1261;SEE;SECRETARIA DE ESTADO DE EDUCACAO;41;CONTRIBUICOES;1;CONTRIBUICOES;21;COTA ESTADUAL DO SALARIO EDUCACAO - QESE;115746,89;115746,89;115746,89
9337235;3195;2022-05-12 00:00:00;PM IPABA;66.229.543/0001-93;1261;SEE;SECRETARIA DE ESTADO DE EDUCACAO;41;CONTRIBUICOES;1;CONTRIBUICOES;21;COTA ESTADUAL DO SALARIO EDUCACAO - QESE;30744,0;30744,0;30744,0
9337236;3250;2022-05-13 00:00:00;PM CONCEICAO DE IPANEMA;18.334.300/0001-72;1261;SEE;SECRETARIA DE ESTADO DE EDUCACAO;41;CONTRIBUICOES;1;CONTRIBUICOES;21;COTA ESTADUAL DO SALARIO EDUCACAO - QESE;507062,65;507062,65;507062,65
9337236;3251;2022-05-13 00:00:00;PM CONCEICAO DE IPANEMA;18.334.300/0001-72;1261;SEE;SECRETARIA DE ESTADO DE EDUCACAO;41;CONTRIBUICOES;1;CONTRIBUICOES;21;COTA ESTADUAL DO SALARIO EDUCACAO - QESE;26293,79;26293,79;26293,79
9337236;3252;2022-05-13 00:00:00;PM CONCEICAO DE IPANEMA;18.334.300/0001-72;1261;SEE;SECRETARIA DE ESTADO DE EDUCACAO;41;CONTRIBUICOES;1;CONTRIBUICOES;21;COTA ESTADUAL DO SALARIO EDUCACAO - QESE;6984,0;6984,0;6984,0
9337237;3253;2022-05-13 00:00:00;PM CONCEICAO DO RIO VERDE;18.008.888/0001-74;1261;SEE;SECRETARIA DE ESTADO DE EDUCACAO;41;CONTRIBUICOES;1;CONTRIBUICOES;21;COTA ESTADUAL DO SALARIO EDUCACAO - QESE;412968,55;412968,55;412968,55
9337237;3254;2022-05-13 00:00:00;PM CONCEICAO DO RIO VERDE;18.008.888/0001-74;1261;SEE;SECRETARIA DE ESTADO DE EDUCACAO;41;CONTRIBUICOES;1;CONTRIBUICOES;21;COTA ESTADUAL DO SALARIO EDUCACAO - QESE;21414,53;21414,53;21414,53
9337237;3255;2022-05-13 00:00:00;PM CONCEICAO DO RIO VERDE;18.008.888/0001-74;1261;SEE;SECRETARIA DE ESTADO DE EDUCACAO;41;CONTRIBUICOES;1;CONTRIBUICOES;21;COTA ESTADUAL DO SALARIO EDUCACAO - QESE;5688,0;5688,0;5688,0
9337239;3715;2022-06-10 00:00:00;PM CAMPOS GERAIS;18.245.175/0001-24;1261;SEE;SECRETARIA DE ESTADO DE EDUCACAO;42;AUXILIOS;1;AUXILIOS;23;FUNDO DE MANUTENCAO E DESENVOLVIMENTO DA EDUCACAO BASICA - FUNDEB;119992,3;119992,3;119992,3
9337240;3678;2022-06-10 00:00:00;PM SAO TOMAS DE AQUINO;18.241.364/0001-29;1261;SEE;SECRETARIA DE ESTADO DE EDUCACAO;42;AUXILIOS;1;AUXILIOS;23;FUNDO DE MANUTENCAO E DESENVOLVIMENTO DA EDUCACAO BASICA - FUNDEB;1564900,0;1564900,0;1564900,0
9337241;3716;2022-06-10 00:00:00;PM MESQUITA;17.112.061/0001-43;1261;SEE;SECRETARIA DE ESTADO DE EDUCACAO;42;AUXILIOS;1;AUXILIOS;23;FUNDO DE MANUTENCAO E DESENVOLVIMENTO DA EDUCACAO BASICA - FUNDEB;220000,0;220000,0;220000,0
9337242;3720;2022-06-10 00:00:00;PM CARANDAI;18.094.797/0001-07;1261;SEE;SECRETARIA DE ESTADO DE EDUCACAO;42;AUXILIOS;1;AUXILIOS;23;FUNDO DE MANUTENCAO E DESENVOLVIMENTO DA EDUCACAO BASICA - FUNDEB;572825,09;572825,09;572825,09
9337243;3676;2022-06-10 00:00:00;PM SAO SEBASTIAO DO PARAISO;18.241.349/0001-80;1261;SEE;SECRETARIA DE ESTADO DE EDUCACAO;42;AUXILIOS;1;AUXILIOS;23;FUNDO DE MANUTENCAO E DESENVOLVIMENTO DA EDUCACAO BASICA - FUNDEB;1321400,0;1321400,0;1321400,0
9337244;3674;2022-06-10 00:00:00;PM PESCADOR;18.404.962/0001-71;1261;SEE;SECRETARIA DE ESTADO DE EDUCACAO;42;AUXILIOS;1;AUXILIOS;23;FUNDO DE MANUTENCAO E DESENVOLVIMENTO DA EDUCACAO BASICA - FUNDEB;1223400,0;1223400,0;1223400,0
9337245;3718;2022-06-10 00:00:00;PM SAO VICENTE DE MINAS;17.954.546/0001-84;1261;SEE;SECRETARIA DE ESTADO DE EDUCACAO;42;AUXILIOS;1;AUXILIOS;23;FUNDO DE MANUTENCAO E DESENVOLVIMENTO DA EDUCACAO BASICA - FUNDEB;100000,0;100000,0;100000,0
9337246;3719;2022-06-10 00:00:00;PM SAO JOSE DO DIVINO;18.404.988/0001-10;1261;SEE;SECRETARIA DE ESTADO DE EDUCACAO;42;AUXILIOS;1;AUXILIOS;23;FUNDO DE MANUTENCAO E DESENVOLVIMENTO DA EDUCACAO BASICA - FUNDEB;100000,0;100000,0;100000,0
9337276;5225;2022-05-13 00:00:00;PM ALVINOPOLIS;16.725.392/0001-96;1491;SEGOV;SECRETARIA DE ESTADO DE GOVERNO;42;AUXILIOS;1;AUXILIOS;10;RECURSOS ORDINARIOS;77826,33;77826,33;77826,33
9337279;5232;2022-05-13 00:00:00;PM PEDRA DOURADA;18.114.215/0001-07;1491;SEGOV;SECRETARIA DE ESTADO DE GOVERNO;42;AUXILIOS;1;AUXILIOS;10;RECURSOS ORDINARIOS;300000,0;300000,0;300000,0
9337280;5226;2022-05-13 00:00:00;PM ITABIRA;18.299.446/0001-24;1491;SEGOV;SECRETARIA DE ESTADO DE GOVERNO;42;AUXILIOS;1;AUXILIOS;10;RECURSOS ORDINARIOS;149365,36;149365,36;149365,36
9337281;5227;2022-05-13 00:00:00;PM RIO PIRACICABA;18.400.945/0001-66;1491;SEGOV;SECRETARIA DE ESTADO DE GOVERNO;42;AUXILIOS;1;AUXILIOS;10;RECURSOS ORDINARIOS;74682,66;74682,66;74682,66
9337282;3256;2022-05-13 00:00:00;PM ERVALIA;18.133.306/0001-81;1261;SEE;SECRETARIA DE ESTADO DE EDUCACAO;41;CONTRIBUICOES;1;CONTRIBUICOES;21;COTA ESTADUAL DO SALARIO EDUCACAO - QESE;402774,52;402774,52;402774,52
9337282;3257;2022-05-13 00:00:00;PM ERVALIA;18.133.306/0001-81;1261;SEE;SECRETARIA DE ESTADO DE EDUCACAO;41;CONTRIBUICOES;1;CONTRIBUICOES;21;COTA ESTADUAL DO SALARIO EDUCACAO - QESE;18161,69;18161,69;18161,69
9337282;3258;2022-05-13 00:00:00;PM ERVALIA;18.133.306/0001-81;1261;SEE;SECRETARIA DE ESTADO DE EDUCACAO;41;CONTRIBUICOES;1;CONTRIBUICOES;21;COTA ESTADUAL DO SALARIO EDUCACAO - QESE;4824,0;4824,0;4824,0
9337283;3259;2022-05-13 00:00:00;PM MEDINA;18.414.607/0001-83;1261;SEE;SECRETARIA DE ESTADO DE EDUCACAO;41;CONTRIBUICOES;1;CONTRIBUICOES;21;COTA ESTADUAL DO SALARIO EDUCACAO - QESE;1603520,1;1603520,1;1603520,1
9337283;3260;2022-05-13 00:00:00;PM MEDINA;18.414.607/0001-83;1261;SEE;SECRETARIA DE ESTADO DE EDUCACAO;41;CONTRIBUICOES;1;CONTRIBUICOES;21;COTA ESTADUAL DO SALARIO EDUCACAO - QESE;82134,21;82134,21;82134,21
9337283;3261;2022-05-13 00:00:00;PM MEDINA;18.414.607/0001-83;1261;SEE;SECRETARIA DE ESTADO DE EDUCACAO;41;CONTRIBUICOES;1;CONTRIBUICOES;21;COTA ESTADUAL DO SALARIO EDUCACAO - QESE;21816,0;21816,0;21816,0
9337284;5231;2022-05-13 00:00:00;PM SANTA MARIA DE ITABIRA;18.299.453/0001-26;1491;SEGOV;SECRETARIA DE ESTADO DE GOVERNO;42;AUXILIOS;1;AUXILIOS;10;RECURSOS ORDINARIOS;77827,2;77827,2;77827,2
9337286;5229;2022-05-13 00:00:00;PM CARMO DA CACHOEIRA;18.240.135/0001-90;1491;SEGOV;SECRETARIA DE ESTADO DE GOVERNO;42;AUXILIOS;1;AUXILIOS;10;RECURSOS ORDINARIOS;77826,33;77826,33;77826,33
9337287;5228;2022-05-13 00:00:00;PM SAO GONCALO DO RIO ABAIXO;24.380.651/0001-12;1491;SEGOV;SECRETARIA DE ESTADO DE GOVERNO;42;AUXILIOS;1;AUXILIOS;10;RECURSOS ORDINARIOS;74682,68;74682,68;74682,68
9337288;5230;2022-05-13 00:00:00;PM CAPUTIRA;18.385.138/0001-11;1491;SEGOV;SECRETARIA DE ESTADO DE GOVERNO;42;AUXILIOS;1;AUXILIOS;10;RECURSOS ORDINARIOS;77827,2;77827,2;77827,2
9337308;137;2022-05-16 00:00:00;PM SAO JOAO DA LAGOA;01.612.494/0001-28;1301;SEINFRA;SECRETARIA DE ESTADO DE INFRAESTRUTURA E MOBILIDADE;42;AUXILIOS;1;AUXILIOS;32;EXPLORACAO DE RECURSOS MINERAIS;500000,0;500000,0;500000,0
9337332;131;2022-05-18 00:00:00;PM UBA;18.128.207/0001-01;1221;SEDE;SECRETARIA DE ESTADO DE DESENVOLVIMENTO ECONOMICO;41;CONTRIBUICOES;1;CONTRIBUICOES;32;EXPLORACAO DE RECURSOS MINERAIS;389125,0;389125,0;389125,0
9337341;3271;2022-05-18 00:00:00;PM SANTO ANTONIO DO MONTE;16.870.974/0001-66;1261;SEE;SECRETARIA DE ESTADO DE EDUCACAO;41;CONTRIBUICOES;1;CONTRIBUICOES;21;COTA ESTADUAL DO SALARIO EDUCACAO - QESE;1589405,97;1589405,97;1589405,97
9337341;3272;2022-05-18 00:00:00;PM SANTO ANTONIO DO MONTE;16.870.974/0001-66;1261;SEE;SECRETARIA DE ESTADO DE EDUCACAO;41;CONTRIBUICOES;1;CONTRIBUICOES;21;COTA ESTADUAL DO SALARIO EDUCACAO - QESE;81321,0;81321,0;81321,0
9337341;3273;2022-05-18 00:00:00;PM SANTO ANTONIO DO MONTE;16.870.974/0001-66;1261;SEE;SECRETARIA DE ESTADO DE EDUCACAO;41;CONTRIBUICOES;1;CONTRIBUICOES;21;COTA ESTADUAL DO SALARIO EDUCACAO - QESE;21600,0;21600,0;21600,0
9337342;3274;2022-05-18 00:00:00;PM DORES DE GUANHAES;18.307.413/0001-89;1261;SEE;SECRETARIA DE ESTADO DE EDUCACAO;41;CONTRIBUICOES;1;CONTRIBUICOES;21;COTA ESTADUAL DO SALARIO EDUCACAO - QESE;366705,16;366705,16;366705,16
9337342;3275;2022-05-18 00:00:00;PM DORES DE GUANHAES;18.307.413/0001-89;1261;SEE;SECRETARIA DE ESTADO DE EDUCACAO;41;CONTRIBUICOES;1;CONTRIBUICOES;21;COTA ESTADUAL DO SALARIO EDUCACAO - QESE;16535,27;16535,27;16535,27
9337342;3276;2022-05-18 00:00:00;PM DORES DE GUANHAES;18.307.413/0001-89;1261;SEE;SECRETARIA DE ESTADO DE EDUCACAO;41;CONTRIBUICOES;1;CONTRIBUICOES;21;COTA ESTADUAL DO SALARIO EDUCACAO - QESE;4392,0;4392,0;4392,0
9337344;138;2022-05-18 00:00:00;PM PAIVA;17.747.965/0001-45;1301;SEINFRA;SECRETARIA DE ESTADO DE INFRAESTRUTURA E MOBILIDADE;42;AUXILIOS;1;AUXILIOS;10;RECURSOS ORDINARIOS;250000,0;250000,0;250000,0
9337351;141;2022-05-24 00:00:00;PM ITANHANDU;18.186.718/0001-80;1301;SEINFRA;SECRETARIA DE ESTADO DE INFRAESTRUTURA E MOBILIDADE;42;AUXILIOS;1;AUXILIOS;10;RECURSOS ORDINARIOS;250000,0;250000,0;250000,0
9337354;142;2022-05-26 00:00:00;PM TAIOBEIRAS;18.017.384/0001-10;1301;SEINFRA;SECRETARIA DE ESTADO DE INFRAESTRUTURA E MOBILIDADE;42;AUXILIOS;1;AUXILIOS;10;RECURSOS ORDINARIOS;316868,1;316868,1;316868,1
9337356;143;2022-05-27 00:00:00;PM PINTOPOLIS;01.612.481/0001-59;1301;SEINFRA;SECRETARIA DE ESTADO DE INFRAESTRUTURA E MOBILIDADE;42;AUXILIOS;1;AUXILIOS;10;RECURSOS ORDINARIOS;300000,0;300000,0;300000,0
9337372;3277;2022-05-18 00:00:00;PM MONSENHOR PAULO;22.541.874/0001-99;1261;SEE;SECRETARIA DE ESTADO DE EDUCACAO;41;CONTRIBUICOES;1;CONTRIBUICOES;21;COTA ESTADUAL DO SALARIO EDUCACAO - QESE;1071627,25;1071627,25;1071627,25
9337372;3278;2022-05-18 00:00:00;PM MONSENHOR PAULO;22.541.874/0001-99;1261;SEE;SECRETARIA DE ESTADO DE EDUCACAO;41;CONTRIBUICOES;1;CONTRIBUICOES;21;COTA ESTADUAL DO SALARIO EDUCACAO - QESE;55569,35;55569,35;55569,35
9337372;3279;2022-05-18 00:00:00;PM MONSENHOR PAULO;22.541.874/0001-99;1261;SEE;SECRETARIA DE ESTADO DE EDUCACAO;41;CONTRIBUICOES;1;CONTRIBUICOES;21;COTA ESTADUAL DO SALARIO EDUCACAO - QESE;14760,0;14760,0;14760,0
9337373;3280;2022-05-18 00:00:00;PM PASSABEM;18.299.511/0001-11;1261;SEE;SECRETARIA DE ESTADO DE EDUCACAO;41;CONTRIBUICOES;1;CONTRIBUICOES;21;COTA ESTADUAL DO SALARIO EDUCACAO - QESE;151596,05;151596,05;151596,05
9337373;3281;2022-05-18 00:00:00;PM PASSABEM;18.299.511/0001-11;1261;SEE;SECRETARIA DE ESTADO DE EDUCACAO;41;CONTRIBUICOES;1;CONTRIBUICOES;21;COTA ESTADUAL DO SALARIO EDUCACAO - QESE;7861,03;7861,03;7861,03
9337373;3282;2022-05-18 00:00:00;PM PASSABEM;18.299.511/0001-11;1261;SEE;SECRETARIA DE ESTADO DE EDUCACAO;41;CONTRIBUICOES;1;CONTRIBUICOES;21;COTA ESTADUAL DO SALARIO EDUCACAO - QESE;2088,0;2088,0;2088,0
9337374;3283;2022-05-18 00:00:00;PM CARLOS CHAGAS;18.477.315/0001-90;1261;SEE;SECRETARIA DE ESTADO DE EDUCACAO;41;CONTRIBUICOES;1;CONTRIBUICOES;21;COTA ESTADUAL DO SALARIO EDUCACAO - QESE;146368,6;146368,6;146368,6
9337374;3284;2022-05-18 00:00:00;PM CARLOS CHAGAS;18.477.315/0001-90;1261;SEE;SECRETARIA DE ESTADO DE EDUCACAO;41;CONTRIBUICOES;1;CONTRIBUICOES;21;COTA ESTADUAL DO SALARIO EDUCACAO - QESE;7589,96;7589,96;7589,96
9337374;3285;2022-05-18 00:00:00;PM CARLOS CHAGAS;18.477.315/0001-90;1261;SEE;SECRETARIA DE ESTADO DE EDUCACAO;41;CONTRIBUICOES;1;CONTRIBUICOES;21;COTA ESTADUAL DO SALARIO EDUCACAO - QESE;2016,0;2016,0;2016,0
9337393;62;2022-05-19 00:00:00;PM ITUIUTABA;18.457.218/0001-35;1261;SEE;SECRETARIA DE ESTADO DE EDUCACAO;42;AUXILIOS;1;AUXILIOS;10;RECURSOS ORDINARIOS;5503336,42;1650000,0;1650000,0
9337394;3288;2022-05-19 00:00:00;PM CEDRO DO ABAETE;18.296.657/0001-03;1261;SEE;SECRETARIA DE ESTADO DE EDUCACAO;41;CONTRIBUICOES;1;CONTRIBUICOES;21;COTA ESTADUAL DO SALARIO EDUCACAO - QESE;297964,65;297964,65;297964,65
9337394;3289;2022-05-19 00:00:00;PM CEDRO DO ABAETE;18.296.657/0001-03;1261;SEE;SECRETARIA DE ESTADO DE EDUCACAO;41;CONTRIBUICOES;1;CONTRIBUICOES;21;COTA ESTADUAL DO SALARIO EDUCACAO - QESE;15450,99;15450,99;15450,99
9337394;3290;2022-05-19 00:00:00;PM CEDRO DO ABAETE;18.296.657/0001-03;1261;SEE;SECRETARIA DE ESTADO DE EDUCACAO;41;CONTRIBUICOES;1;CONTRIBUICOES;21;COTA ESTADUAL DO SALARIO EDUCACAO - QESE;4104,0;4104,0;4104,0
9337395;3291;2022-05-19 00:00:00;PM SANTO ANTONIO DO RETIRO;01.612.484/0001-92;1261;SEE;SECRETARIA DE ESTADO DE EDUCACAO;41;CONTRIBUICOES;1;CONTRIBUICOES;21;COTA ESTADUAL DO SALARIO EDUCACAO - QESE;334556,8;334556,8;334556,8
9337395;3292;2022-05-19 00:00:00;PM SANTO ANTONIO DO RETIRO;01.612.484/0001-92;1261;SEE;SECRETARIA DE ESTADO DE EDUCACAO;41;CONTRIBUICOES;1;CONTRIBUICOES;21;COTA ESTADUAL DO SALARIO EDUCACAO - QESE;17348,48;17348,48;17348,48
9337395;3293;2022-05-19 00:00:00;PM SANTO ANTONIO DO RETIRO;01.612.484/0001-92;1261;SEE;SECRETARIA DE ESTADO DE EDUCACAO;41;CONTRIBUICOES;1;CONTRIBUICOES;21;COTA ESTADUAL DO SALARIO EDUCACAO - QESE;4608,0;4608,0;4608,0
9337396;3297;2022-05-19 00:00:00;PM ITAOBIM;18.414.573/0001-27;1261;SEE;SECRETARIA DE ESTADO DE EDUCACAO;41;CONTRIBUICOES;1;CONTRIBUICOES;21;COTA ESTADUAL DO SALARIO EDUCACAO - QESE;700478,3;700478,3;700478,3
9337396;3298;2022-05-19 00:00:00;PM ITAOBIM;18.414.573/0001-27;1261;SEE;SECRETARIA DE ESTADO DE EDUCACAO;41;CONTRIBUICOES;1;CONTRIBUICOES;21;COTA ESTADUAL DO SALARIO EDUCACAO - QESE;36323,38;36323,38;36323,38
9337396;3299;2022-05-19 00:00:00;PM ITAOBIM;18.414.573/0001-27;1261;SEE;SECRETARIA DE ESTADO DE EDUCACAO;41;CONTRIBUICOES;1;CONTRIBUICOES;21;COTA ESTADUAL DO SALARIO EDUCACAO - QESE;9648,0;9648,0;9648,0
9337397;517;2022-05-20 00:00:00;PM CAMPOS GERAIS;18.245.175/0001-24;1261;SEE;SECRETARIA DE ESTADO DE EDUCACAO;42;AUXILIOS;1;AUXILIOS;10;RECURSOS ORDINARIOS;179377,27;179377,27;179377,27
9337398;3294;2022-05-19 00:00:00;PM ITAUNA;18.309.724/0001-87;1261;SEE;SECRETARIA DE ESTADO DE EDUCACAO;41;CONTRIBUICOES;1;CONTRIBUICOES;21;COTA ESTADUAL DO SALARIO EDUCACAO - QESE;2462128,95;2462128,95;2462128,95
9337398;3295;2022-05-19 00:00:00;PM ITAUNA;18.309.724/0001-87;1261;SEE;SECRETARIA DE ESTADO DE EDUCACAO;41;CONTRIBUICOES;1;CONTRIBUICOES;21;COTA ESTADUAL DO SALARIO EDUCACAO - QESE;127673,97;127673,97;127673,97
9337398;3296;2022-05-19 00:00:00;PM ITAUNA;18.309.724/0001-87;1261;SEE;SECRETARIA DE ESTADO DE EDUCACAO;41;CONTRIBUICOES;1;CONTRIBUICOES;21;COTA ESTADUAL DO SALARIO EDUCACAO - QESE;33912,0;33912,0;33912,0
9337399;518;2022-05-20 00:00:00;PM ITAPEVA;18.677.625/0001-58;1261;SEE;SECRETARIA DE ESTADO DE EDUCACAO;42;AUXILIOS;1;AUXILIOS;10;RECURSOS ORDINARIOS;149988,6;149988,6;149988,6
9337400;516;2022-05-20 00:00:00;PM PAVAO;18.404.772/0001-54;1261;SEE;SECRETARIA DE ESTADO DE EDUCACAO;42;AUXILIOS;1;AUXILIOS;10;RECURSOS ORDINARIOS;149894,58;149894,58;149894,58
9337401;519;2022-05-20 00:00:00;PM LARANJAL;17.947.615/0001-22;1261;SEE;SECRETARIA DE ESTADO DE EDUCACAO;42;AUXILIOS;1;AUXILIOS;10;RECURSOS ORDINARIOS;149997,97;149997,97;149997,97
9337402;520;2022-05-20 00:00:00;PM ALEM PARAIBA;17.709.197/0001-35;1261;SEE;SECRETARIA DE ESTADO DE EDUCACAO;42;AUXILIOS;1;AUXILIOS;10;RECURSOS ORDINARIOS;149621,6;149621,6;149621,6
9337409;155;2022-05-30 00:00:00;PM CONTAGEM;18.715.508/0001-31;1301;SEINFRA;SECRETARIA DE ESTADO DE INFRAESTRUTURA E MOBILIDADE;42;AUXILIOS;1;AUXILIOS;95;RECURSOS RECEBIDOS POR DANOS ADVINDOS DE DESASTRES SOCIOAMBIENTAIS;53589620,04;53589620,04;53589620,04
9337471;5233;2022-05-20 00:00:00;PM SAO JOSE DO GOIABAL;18.402.552/0001-91;1491;SEGOV;SECRETARIA DE ESTADO DE GOVERNO;42;AUXILIOS;1;AUXILIOS;10;RECURSOS ORDINARIOS;77827,2;77827,2;77827,2
9337473;5235;2022-05-20 00:00:00;PM ITAMBACURI;18.404.855/0001-43;1491;SEGOV;SECRETARIA DE ESTADO DE GOVERNO;42;AUXILIOS;1;AUXILIOS;10;RECURSOS ORDINARIOS;113834,6;113834,6;0,0
9337475;3300;2022-05-20 00:00:00;PM IAPU;18.338.830/0001-99;1261;SEE;SECRETARIA DE ESTADO DE EDUCACAO;41;CONTRIBUICOES;1;CONTRIBUICOES;21;COTA ESTADUAL DO SALARIO EDUCACAO - QESE;334556,8;334556,8;334556,8
9337475;3301;2022-05-20 00:00:00;PM IAPU;18.338.830/0001-99;1261;SEE;SECRETARIA DE ESTADO DE EDUCACAO;41;CONTRIBUICOES;1;CONTRIBUICOES;21;COTA ESTADUAL DO SALARIO EDUCACAO - QESE;17348,48;17348,48;17348,48
9337475;3302;2022-05-20 00:00:00;PM IAPU;18.338.830/0001-99;1261;SEE;SECRETARIA DE ESTADO DE EDUCACAO;41;CONTRIBUICOES;1;CONTRIBUICOES;21;COTA ESTADUAL DO SALARIO EDUCACAO - QESE;4608,0;4608,0;4608,0
9337476;5234;2022-05-20 00:00:00;PM PASSABEM;18.299.511/0001-11;1491;SEGOV;SECRETARIA DE ESTADO DE GOVERNO;42;AUXILIOS;1;AUXILIOS;10;RECURSOS ORDINARIOS;78220,27;78220,27;78220,27
9337478;5236;2022-05-20 00:00:00;PM LEANDRO FERREIRA;18.315.218/0001-09;1491;SEGOV;SECRETARIA DE ESTADO DE GOVERNO;42;AUXILIOS;1;AUXILIOS;10;RECURSOS ORDINARIOS;77827,2;77827,2;77827,2
9337480;5237;2022-05-20 00:00:00;PM SIMAO PEREIRA;18.338.293/0001-87;1491;SEGOV;SECRETARIA DE ESTADO DE GOVERNO;42;AUXILIOS;1;AUXILIOS;10;RECURSOS ORDINARIOS;77827,2;77827,2;77827,2
9337584;67;2022-06-02 00:00:00;PM PARACATU;18.278.051/0001-45;4291;FES;FUNDO ESTADUAL DE SAUDE;42;AUXILIOS;1;AUXILIOS;10;RECURSOS ORDINARIOS;1500000,0;1500000,0;1500000,0
9337592;152;2022-06-07 00:00:00;PM MARIPA DE MINAS;17.724.162/0001-75;1231;SEAPA;SECRETARIA DE ESTADO DE AGRICULTURA, PECUARIA E ABASTECIMENTO - SEAPA;41;CONTRIBUICOES;1;CONTRIBUICOES;10;RECURSOS ORDINARIOS;78613,33;78613,33;78613,33
9337593;153;2022-06-07 00:00:00;PM ARICANDUVA;01.608.511/0001-53;1231;SEAPA;SECRETARIA DE ESTADO DE AGRICULTURA, PECUARIA E ABASTECIMENTO - SEAPA;41;CONTRIBUICOES;1;CONTRIBUICOES;10;RECURSOS ORDINARIOS;77826,33;77826,33;77826,33
9337607;192;2022-06-06 00:00:00;PM GALILEIA;17.005.000/0001-87;1481;SEDESE;SECRETARIA DE ESTADO DE DESENVOLVIMENTO SOCIAL;41;CONTRIBUICOES;1;CONTRIBUICOES;38;TRANSFERENCIAS DE RECURSOS DA UNIAO VINCULADOS AO ESPORTE;145624,84;145624,84;145624,84
9337611;5253;2022-05-31 00:00:00;PM SEM PEIXE;01.625.189/0001-70;1491;SEGOV;SECRETARIA DE ESTADO DE GOVERNO;42;AUXILIOS;1;AUXILIOS;10;RECURSOS ORDINARIOS;77827,2;77827,2;77827,2
9337612;5254;2022-05-31 00:00:00;PM ALVORADA DE MINAS;18.303.164/0001-53;1491;SEGOV;SECRETARIA DE ESTADO DE GOVERNO;42;AUXILIOS;1;AUXILIOS;10;RECURSOS ORDINARIOS;200000,0;200000,0;200000,0
9337644;5255;2022-05-31 00:00:00;PM BARAO DE COCAIS;18.317.685/0001-60;1491;SEGOV;SECRETARIA DE ESTADO DE GOVERNO;42;AUXILIOS;1;AUXILIOS;10;RECURSOS ORDINARIOS;71258,47;71258,47;71258,47
9337735;1419;2022-06-06 00:00:00;ASILO SAO VICENTE DE PAULO;16.893.612/0001-90;4251;FEAS;FUNDO ESTADUAL DE ASSISTENCIA SOCIAL;43;SUBVENCOES SOCIAIS;1;SUBVENCOES SOCIAIS;71;RECURSOS DO FUNDO ESTADUAL DE ERRADICACAO DA MISERIA;99276,17;99276,17;99276,17
9337735;1420;2022-06-06 00:00:00;ASILO SAO VICENTE DE PAULO;16.893.612/0001-90;4251;FEAS;FUNDO ESTADUAL DE ASSISTENCIA SOCIAL;42;AUXILIOS;1;AUXILIOS;71;RECURSOS DO FUNDO ESTADUAL DE ERRADICACAO DA MISERIA;15723,83;15723,83;15723,83
9337746;3343;2022-05-26 00:00:00;PM SAO JOAO NEPOMUCENO;18.558.072/0001-14;1261;SEE;SECRETARIA DE ESTADO DE EDUCACAO;41;CONTRIBUICOES;1;CONTRIBUICOES;21;COTA ESTADUAL DO SALARIO EDUCACAO - QESE;580246,95;580246,95;580246,95
9337746;3344;2022-05-26 00:00:00;PM SAO JOAO NEPOMUCENO;18.558.072/0001-14;1261;SEE;SECRETARIA DE ESTADO DE EDUCACAO;41;CONTRIBUICOES;1;CONTRIBUICOES;21;COTA ESTADUAL DO SALARIO EDUCACAO - QESE;30088,77;30088,77;30088,77
9337746;3345;2022-05-26 00:00:00;PM SAO JOAO NEPOMUCENO;18.558.072/0001-14;1261;SEE;SECRETARIA DE ESTADO DE EDUCACAO;41;CONTRIBUICOES;1;CONTRIBUICOES;21;COTA ESTADUAL DO SALARIO EDUCACAO - QESE;7992,0;7992,0;7992,0
9337747;3346;2022-05-26 00:00:00;PM PRESIDENTE OLEGARIO;18.602.060/0001-40;1261;SEE;SECRETARIA DE ESTADO DE EDUCACAO;41;CONTRIBUICOES;1;CONTRIBUICOES;21;COTA ESTADUAL DO SALARIO EDUCACAO - QESE;1040262,55;1040262,55;1040262,55
9337747;3347;2022-05-26 00:00:00;PM PRESIDENTE OLEGARIO;18.602.060/0001-40;1261;SEE;SECRETARIA DE ESTADO DE EDUCACAO;41;CONTRIBUICOES;1;CONTRIBUICOES;21;COTA ESTADUAL DO SALARIO EDUCACAO - QESE;53942,93;53942,93;53942,93
9337747;3348;2022-05-26 00:00:00;PM PRESIDENTE OLEGARIO;18.602.060/0001-40;1261;SEE;SECRETARIA DE ESTADO DE EDUCACAO;41;CONTRIBUICOES;1;CONTRIBUICOES;21;COTA ESTADUAL DO SALARIO EDUCACAO - QESE;14328,0;14328,0;14328,0
9337748;3349;2022-05-26 00:00:00;PM NINHEIRA;01.612.495/0001-72;1261;SEE;SECRETARIA DE ESTADO DE EDUCACAO;41;CONTRIBUICOES;1;CONTRIBUICOES;21;COTA ESTADUAL DO SALARIO EDUCACAO - QESE;246473,96;246473,96;246473,96
9337748;3350;2022-05-26 00:00:00;PM NINHEIRA;01.612.495/0001-72;1261;SEE;SECRETARIA DE ESTADO DE EDUCACAO;41;CONTRIBUICOES;1;CONTRIBUICOES;21;COTA ESTADUAL DO SALARIO EDUCACAO - QESE;11113,87;11113,87;11113,87
9337748;3351;2022-05-26 00:00:00;PM NINHEIRA;01.612.495/0001-72;1261;SEE;SECRETARIA DE ESTADO DE EDUCACAO;41;CONTRIBUICOES;1;CONTRIBUICOES;21;COTA ESTADUAL DO SALARIO EDUCACAO - QESE;2952,0;2952,0;2952,0
9337749;3352;2022-05-26 00:00:00;PM SANTA MARGARIDA;18.385.112/0001-73;1261;SEE;SECRETARIA DE ESTADO DE EDUCACAO;41;CONTRIBUICOES;1;CONTRIBUICOES;21;COTA ESTADUAL DO SALARIO EDUCACAO - QESE;3094650,4;3094650,4;3094650,4
9337749;3353;2022-05-26 00:00:00;PM SANTA MARGARIDA;18.385.112/0001-73;1261;SEE;SECRETARIA DE ESTADO DE EDUCACAO;41;CONTRIBUICOES;1;CONTRIBUICOES;21;COTA ESTADUAL DO SALARIO EDUCACAO - QESE;160473,44;160473,44;160473,44
9337749;3354;2022-05-26 00:00:00;PM SANTA MARGARIDA;18.385.112/0001-73;1261;SEE;SECRETARIA DE ESTADO DE EDUCACAO;41;CONTRIBUICOES;1;CONTRIBUICOES;21;COTA ESTADUAL DO SALARIO EDUCACAO - QESE;42624,0;42624,0;42624,0
9337750;3355;2022-05-26 00:00:00;PM IPANEMA;18.334.292/0001-64;1261;SEE;SECRETARIA DE ESTADO DE EDUCACAO;41;CONTRIBUICOES;1;CONTRIBUICOES;21;COTA ESTADUAL DO SALARIO EDUCACAO - QESE;2211211,35;2211211,35;2211211,35
9337750;3356;2022-05-26 00:00:00;PM IPANEMA;18.334.292/0001-64;1261;SEE;SECRETARIA DE ESTADO DE EDUCACAO;41;CONTRIBUICOES;1;CONTRIBUICOES;21;COTA ESTADUAL DO SALARIO EDUCACAO - QESE;114662,61;114662,61;114662,61
9337750;3357;2022-05-26 00:00:00;PM IPANEMA;18.334.292/0001-64;1261;SEE;SECRETARIA DE ESTADO DE EDUCACAO;41;CONTRIBUICOES;1;CONTRIBUICOES;21;COTA ESTADUAL DO SALARIO EDUCACAO - QESE;30456,0;30456,0;30456,0
9337751;3358;2022-05-26 00:00:00;PM CAMPO BELO;18.659.334/0001-37;1261;SEE;SECRETARIA DE ESTADO DE EDUCACAO;41;CONTRIBUICOES;1;CONTRIBUICOES;21;COTA ESTADUAL DO SALARIO EDUCACAO - QESE;601156,75;601156,75;601156,75
9337751;3359;2022-05-26 00:00:00;PM CAMPO BELO;18.659.334/0001-37;1261;SEE;SECRETARIA DE ESTADO DE EDUCACAO;41;CONTRIBUICOES;1;CONTRIBUICOES;21;COTA ESTADUAL DO SALARIO EDUCACAO - QESE;31173,05;31173,05;31173,05
9337751;3360;2022-05-26 00:00:00;PM CAMPO BELO;18.659.334/0001-37;1261;SEE;SECRETARIA DE ESTADO DE EDUCACAO;41;CONTRIBUICOES;1;CONTRIBUICOES;21;COTA ESTADUAL DO SALARIO EDUCACAO - QESE;8280,0;8280,0;8280,0
9337752;3361;2022-05-26 00:00:00;PM CABO VERDE;17.909.599/0001-83;1261;SEE;SECRETARIA DE ESTADO DE EDUCACAO;41;CONTRIBUICOES;1;CONTRIBUICOES;21;COTA ESTADUAL DO SALARIO EDUCACAO - QESE;256145,05;256145,05;256145,05
9337752;3362;2022-05-26 00:00:00;PM CABO VERDE;17.909.599/0001-83;1261;SEE;SECRETARIA DE ESTADO DE EDUCACAO;41;CONTRIBUICOES;1;CONTRIBUICOES;21;COTA ESTADUAL DO SALARIO EDUCACAO - QESE;13282,43;13282,43;13282,43
9337752;3363;2022-05-26 00:00:00;PM CABO VERDE;17.909.599/0001-83;1261;SEE;SECRETARIA DE ESTADO DE EDUCACAO;41;CONTRIBUICOES;1;CONTRIBUICOES;21;COTA ESTADUAL DO SALARIO EDUCACAO - QESE;3528,0;3528,0;3528,0
9337753;3364;2022-05-26 00:00:00;PM BETIM;18.715.391/0001-96;1261;SEE;SECRETARIA DE ESTADO DE EDUCACAO;41;CONTRIBUICOES;1;CONTRIBUICOES;21;COTA ESTADUAL DO SALARIO EDUCACAO - QESE;16084863,65;16084863,65;16084863,65
9337753;3365;2022-05-26 00:00:00;PM BETIM;18.715.391/0001-96;1261;SEE;SECRETARIA DE ESTADO DE EDUCACAO;41;CONTRIBUICOES;1;CONTRIBUICOES;21;COTA ESTADUAL DO SALARIO EDUCACAO - QESE;834082,39;834082,39;834082,39
9337753;3366;2022-05-26 00:00:00;PM BETIM;18.715.391/0001-96;1261;SEE;SECRETARIA DE ESTADO DE EDUCACAO;41;CONTRIBUICOES;1;CONTRIBUICOES;21;COTA ESTADUAL DO SALARIO EDUCACAO - QESE;221544,0;221544,0;221544,0
9337755;3367;2022-05-26 00:00:00;PM SAO DOMINGOS DO PRATA;18.401.018/0001-60;1261;SEE;SECRETARIA DE ESTADO DE EDUCACAO;41;CONTRIBUICOES;1;CONTRIBUICOES;21;COTA ESTADUAL DO SALARIO EDUCACAO - QESE;590701,85;590701,85;590701,85
9337755;3368;2022-05-26 00:00:00;PM SAO DOMINGOS DO PRATA;18.401.018/0001-60;1261;SEE;SECRETARIA DE ESTADO DE EDUCACAO;41;CONTRIBUICOES;1;CONTRIBUICOES;21;COTA ESTADUAL DO SALARIO EDUCACAO - QESE;30630,91;30630,91;30630,91
9337755;3369;2022-05-26 00:00:00;PM SAO DOMINGOS DO PRATA;18.401.018/0001-60;1261;SEE;SECRETARIA DE ESTADO DE EDUCACAO;41;CONTRIBUICOES;1;CONTRIBUICOES;21;COTA ESTADUAL DO SALARIO EDUCACAO - QESE;8136,0;8136,0;8136,0
9337756;3370;2022-05-26 00:00:00;PM CLARO DOS POCOES;21.498.274/0001-22;1261;SEE;SECRETARIA DE ESTADO DE EDUCACAO;41;CONTRIBUICOES;1;CONTRIBUICOES;21;COTA ESTADUAL DO SALARIO EDUCACAO - QESE;554109,7;554109,7;554109,7
9337756;3371;2022-05-26 00:00:00;PM CLARO DOS POCOES;21.498.274/0001-22;1261;SEE;SECRETARIA DE ESTADO DE EDUCACAO;41;CONTRIBUICOES;1;CONTRIBUICOES;21;COTA ESTADUAL DO SALARIO EDUCACAO - QESE;28733,42;28733,42;28733,42
9337756;3372;2022-05-26 00:00:00;PM CLARO DOS POCOES;21.498.274/0001-22;1261;SEE;SECRETARIA DE ESTADO DE EDUCACAO;41;CONTRIBUICOES;1;CONTRIBUICOES;21;COTA ESTADUAL DO SALARIO EDUCACAO - QESE;7632,0;7632,0;7632,0
9337757;3373;2022-05-26 00:00:00;PM COMERCINHO;18.414.615/0001-20;1261;SEE;SECRETARIA DE ESTADO DE EDUCACAO;41;CONTRIBUICOES;1;CONTRIBUICOES;21;COTA ESTADUAL DO SALARIO EDUCACAO - QESE;261372,5;261372,5;261372,5
9337757;3374;2022-05-26 00:00:00;PM COMERCINHO;18.414.615/0001-20;1261;SEE;SECRETARIA DE ESTADO DE EDUCACAO;41;CONTRIBUICOES;1;CONTRIBUICOES;21;COTA ESTADUAL DO SALARIO EDUCACAO - QESE;13553,5;13553,5;13553,5
9337757;3375;2022-05-26 00:00:00;PM COMERCINHO;18.414.615/0001-20;1261;SEE;SECRETARIA DE ESTADO DE EDUCACAO;41;CONTRIBUICOES;1;CONTRIBUICOES;21;COTA ESTADUAL DO SALARIO EDUCACAO - QESE;3600,0;3600,0;3600,0
9337758;3313;2022-05-26 00:00:00;PM SANTA BARBARA DO LESTE;66.229.634/0001-29;1261;SEE;SECRETARIA DE ESTADO DE EDUCACAO;41;CONTRIBUICOES;1;CONTRIBUICOES;21;COTA ESTADUAL DO SALARIO EDUCACAO - QESE;1301635,05;1301635,05;1301635,05
9337758;3314;2022-05-26 00:00:00;PM SANTA BARBARA DO LESTE;66.229.634/0001-29;1261;SEE;SECRETARIA DE ESTADO DE EDUCACAO;41;CONTRIBUICOES;1;CONTRIBUICOES;21;COTA ESTADUAL DO SALARIO EDUCACAO - QESE;67496,43;67496,43;67496,43
9337758;3315;2022-05-26 00:00:00;PM SANTA BARBARA DO LESTE;66.229.634/0001-29;1261;SEE;SECRETARIA DE ESTADO DE EDUCACAO;41;CONTRIBUICOES;1;CONTRIBUICOES;21;COTA ESTADUAL DO SALARIO EDUCACAO - QESE;17928,0;17928,0;17928,0
9337760;3316;2022-05-26 00:00:00;PM CARATINGA;18.334.268/0001-25;1261;SEE;SECRETARIA DE ESTADO DE EDUCACAO;41;CONTRIBUICOES;1;CONTRIBUICOES;21;COTA ESTADUAL DO SALARIO EDUCACAO - QESE;12830252,86;12830252,86;12830252,86
9337760;3317;2022-05-26 00:00:00;PM CARATINGA;18.334.268/0001-25;1261;SEE;SECRETARIA DE ESTADO DE EDUCACAO;41;CONTRIBUICOES;1;CONTRIBUICOES;21;COTA ESTADUAL DO SALARIO EDUCACAO - QESE;663037,22;663037,22;663037,22
9337760;3318;2022-05-26 00:00:00;PM CARATINGA;18.334.268/0001-25;1261;SEE;SECRETARIA DE ESTADO DE EDUCACAO;41;CONTRIBUICOES;1;CONTRIBUICOES;21;COTA ESTADUAL DO SALARIO EDUCACAO - QESE;176112,0;176112,0;176112,0
9337761;3319;2022-05-26 00:00:00;PM CATUTI;01.612.502/0001-36;1261;SEE;SECRETARIA DE ESTADO DE EDUCACAO;41;CONTRIBUICOES;1;CONTRIBUICOES;21;COTA ESTADUAL DO SALARIO EDUCACAO - QESE;256145,05;256145,05;256145,05
9337761;3320;2022-05-26 00:00:00;PM CATUTI;01.612.502/0001-36;1261;SEE;SECRETARIA DE ESTADO DE EDUCACAO;41;CONTRIBUICOES;1;CONTRIBUICOES;21;COTA ESTADUAL DO SALARIO EDUCACAO - QESE;13282,43;13282,43;13282,43
9337761;3321;2022-05-26 00:00:00;PM CATUTI;01.612.502/0001-36;1261;SEE;SECRETARIA DE ESTADO DE EDUCACAO;41;CONTRIBUICOES;1;CONTRIBUICOES;21;COTA ESTADUAL DO SALARIO EDUCACAO - QESE;3528,0;3528,0;3528,0
9337763;3322;2022-05-26 00:00:00;PM ARAXA;18.140.756/0001-00;1261;SEE;SECRETARIA DE ESTADO DE EDUCACAO;41;CONTRIBUICOES;1;CONTRIBUICOES;21;COTA ESTADUAL DO SALARIO EDUCACAO - QESE;9555778,6;9555778,6;9555778,6
9337763;3323;2022-05-26 00:00:00;PM ARAXA;18.140.756/0001-00;1261;SEE;SECRETARIA DE ESTADO DE EDUCACAO;41;CONTRIBUICOES;1;CONTRIBUICOES;21;COTA ESTADUAL DO SALARIO EDUCACAO - QESE;495515,96;495515,96;495515,96
9337763;3324;2022-05-26 00:00:00;PM ARAXA;18.140.756/0001-00;1261;SEE;SECRETARIA DE ESTADO DE EDUCACAO;41;CONTRIBUICOES;1;CONTRIBUICOES;21;COTA ESTADUAL DO SALARIO EDUCACAO - QESE;131616,0;131616,0;131616,0
9337764;3325;2022-05-26 00:00:00;PM JOSE GONCALVES DE MINAS;01.613.372/0001-56;1261;SEE;SECRETARIA DE ESTADO DE EDUCACAO;41;CONTRIBUICOES;1;CONTRIBUICOES;21;COTA ESTADUAL DO SALARIO EDUCACAO - QESE;132254,32;132254,32;132254,32
9337764;3326;2022-05-26 00:00:00;PM JOSE GONCALVES DE MINAS;01.613.372/0001-56;1261;SEE;SECRETARIA DE ESTADO DE EDUCACAO;41;CONTRIBUICOES;1;CONTRIBUICOES;21;COTA ESTADUAL DO SALARIO EDUCACAO - QESE;5963,54;5963,54;5963,54
9337764;3327;2022-05-26 00:00:00;PM JOSE GONCALVES DE MINAS;01.613.372/0001-56;1261;SEE;SECRETARIA DE ESTADO DE EDUCACAO;41;CONTRIBUICOES;1;CONTRIBUICOES;21;COTA ESTADUAL DO SALARIO EDUCACAO - QESE;1584,0;1584,0;1584,0
9337765;3328;2022-05-26 00:00:00;PM MACHACALIS;18.404.921/0001-85;1261;SEE;SECRETARIA DE ESTADO DE EDUCACAO;41;CONTRIBUICOES;1;CONTRIBUICOES;21;COTA ESTADUAL DO SALARIO EDUCACAO - QESE;423423,45;423423,45;423423,45
9337765;3329;2022-05-26 00:00:00;PM MACHACALIS;18.404.921/0001-85;1261;SEE;SECRETARIA DE ESTADO DE EDUCACAO;41;CONTRIBUICOES;1;CONTRIBUICOES;21;COTA ESTADUAL DO SALARIO EDUCACAO - QESE;21956,67;21956,67;21956,67
9337765;3330;2022-05-26 00:00:00;PM MACHACALIS;18.404.921/0001-85;1261;SEE;SECRETARIA DE ESTADO DE EDUCACAO;41;CONTRIBUICOES;1;CONTRIBUICOES;21;COTA ESTADUAL DO SALARIO EDUCACAO - QESE;5832,0;5832,0;5832,0
9337766;3331;2022-05-26 00:00:00;PM CAMPOS GERAIS;18.245.175/0001-24;1261;SEE;SECRETARIA DE ESTADO DE EDUCACAO;41;CONTRIBUICOES;1;CONTRIBUICOES;21;COTA ESTADUAL DO SALARIO EDUCACAO - QESE;4919030,45;4919030,45;4919030,45
9337766;3332;2022-05-26 00:00:00;PM CAMPOS GERAIS;18.245.175/0001-24;1261;SEE;SECRETARIA DE ESTADO DE EDUCACAO;41;CONTRIBUICOES;1;CONTRIBUICOES;21;COTA ESTADUAL DO SALARIO EDUCACAO - QESE;255076,87;255076,87;255076,87
9337766;3333;2022-05-26 00:00:00;PM CAMPOS GERAIS;18.245.175/0001-24;1261;SEE;SECRETARIA DE ESTADO DE EDUCACAO;41;CONTRIBUICOES;1;CONTRIBUICOES;21;COTA ESTADUAL DO SALARIO EDUCACAO - QESE;67752,0;67752,0;67752,0
9337767;3334;2022-05-26 00:00:00;PM JEQUITIBA;18.062.208/0001-09;1261;SEE;SECRETARIA DE ESTADO DE EDUCACAO;41;CONTRIBUICOES;1;CONTRIBUICOES;21;COTA ESTADUAL DO SALARIO EDUCACAO - QESE;663886,15;663886,15;663886,15
9337767;3335;2022-05-26 00:00:00;PM JEQUITIBA;18.062.208/0001-09;1261;SEE;SECRETARIA DE ESTADO DE EDUCACAO;41;CONTRIBUICOES;1;CONTRIBUICOES;21;COTA ESTADUAL DO SALARIO EDUCACAO - QESE;34425,89;34425,89;34425,89
9337767;3336;2022-05-26 00:00:00;PM JEQUITIBA;18.062.208/0001-09;1261;SEE;SECRETARIA DE ESTADO DE EDUCACAO;41;CONTRIBUICOES;1;CONTRIBUICOES;21;COTA ESTADUAL DO SALARIO EDUCACAO - QESE;9144,0;9144,0;9144,0
9337768;3337;2022-05-26 00:00:00;PM VARZEA DA PALMA;18.279.059/0001-26;1261;SEE;SECRETARIA DE ESTADO DE EDUCACAO;41;CONTRIBUICOES;1;CONTRIBUICOES;21;COTA ESTADUAL DO SALARIO EDUCACAO - QESE;1745968,3;1745968,3;1745968,3
9337768;3338;2022-05-26 00:00:00;PM VARZEA DA PALMA;18.279.059/0001-26;1261;SEE;SECRETARIA DE ESTADO DE EDUCACAO;41;CONTRIBUICOES;1;CONTRIBUICOES;21;COTA ESTADUAL DO SALARIO EDUCACAO - QESE;90537,38;90537,38;90537,38
9337768;3339;2022-05-26 00:00:00;PM VARZEA DA PALMA;18.279.059/0001-26;1261;SEE;SECRETARIA DE ESTADO DE EDUCACAO;41;CONTRIBUICOES;1;CONTRIBUICOES;21;COTA ESTADUAL DO SALARIO EDUCACAO - QESE;24048,0;24048,0;24048,0
9337769;3340;2022-05-26 00:00:00;PM RIBEIRAO DAS NEVES;18.314.609/0001-09;1261;SEE;SECRETARIA DE ESTADO DE EDUCACAO;41;CONTRIBUICOES;1;CONTRIBUICOES;21;COTA ESTADUAL DO SALARIO EDUCACAO - QESE;35693028,6;35693028,6;35693028,6
9337769;3341;2022-05-26 00:00:00;PM RIBEIRAO DAS NEVES;18.314.609/0001-09;1261;SEE;SECRETARIA DE ESTADO DE EDUCACAO;41;CONTRIBUICOES;1;CONTRIBUICOES;21;COTA ESTADUAL DO SALARIO EDUCACAO - QESE;1850865,96;1850865,96;1850865,96
9337769;3342;2022-05-26 00:00:00;PM RIBEIRAO DAS NEVES;18.314.609/0001-09;1261;SEE;SECRETARIA DE ESTADO DE EDUCACAO;41;CONTRIBUICOES;1;CONTRIBUICOES;21;COTA ESTADUAL DO SALARIO EDUCACAO - QESE;491616,0;491616,0;491616,0
9337770;3312;2022-05-25 00:00:00;PM CARATINGA;18.334.268/0001-25;1261;SEE;SECRETARIA DE ESTADO DE EDUCACAO;42;AUXILIOS;1;AUXILIOS;10;RECURSOS ORDINARIOS;300000,0;300000,0;300000,0
9337771;559;2022-05-25 00:00:00;PM ITAMARATI DE MINAS;17.706.813/0001-02;1261;SEE;SECRETARIA DE ESTADO DE EDUCACAO;42;AUXILIOS;1;AUXILIOS;10;RECURSOS ORDINARIOS;149994,36;149994,36;149994,36
9337772;560;2022-05-25 00:00:00;PM TOMBOS;18.114.223/0001-45;1261;SEE;SECRETARIA DE ESTADO DE EDUCACAO;42;AUXILIOS;1;AUXILIOS;10;RECURSOS ORDINARIOS;149992,88;149992,88;149992,88
9337881;5238;2022-05-27 00:00:00;PM BUGRE;01.613.126/0001-02;1491;SEGOV;SECRETARIA DE ESTADO DE GOVERNO;42;AUXILIOS;1;AUXILIOS;10;RECURSOS ORDINARIOS;113260,67;113260,67;113260,67
9337882;5239;2022-05-27 00:00:00;PM JEQUERI;18.316.166/0001-87;1491;SEGOV;SECRETARIA DE ESTADO DE GOVERNO;42;AUXILIOS;1;AUXILIOS;10;RECURSOS ORDINARIOS;77827,2;77827,2;77827,2
9337883;5240;2022-05-27 00:00:00;PM DIVINO;18.114.272/0001-88;1491;SEGOV;SECRETARIA DE ESTADO DE GOVERNO;42;AUXILIOS;1;AUXILIOS;10;RECURSOS ORDINARIOS;77827,2;77827,2;77827,2
9337884;5241;2022-05-27 00:00:00;PM SIMAO PEREIRA;18.338.293/0001-87;1491;SEGOV;SECRETARIA DE ESTADO DE GOVERNO;42;AUXILIOS;1;AUXILIOS;10;RECURSOS ORDINARIOS;77827,2;77827,2;77827,2
9337886;5242;2022-05-27 00:00:00;PM BOCAIUVA;18.803.072/0001-32;1491;SEGOV;SECRETARIA DE ESTADO DE GOVERNO;42;AUXILIOS;1;AUXILIOS;10;RECURSOS ORDINARIOS;226525,21;226525,21;226525,21
9337889;5243;2022-05-27 00:00:00;PM VEREDINHA;01.614.685/0001-29;1491;SEGOV;SECRETARIA DE ESTADO DE GOVERNO;42;AUXILIOS;1;AUXILIOS;10;RECURSOS ORDINARIOS;77827,2;77827,2;77827,2
9337891;5245;2022-05-27 00:00:00;PM ORATORIOS;01.616.836/0001-88;1491;SEGOV;SECRETARIA DE ESTADO DE GOVERNO;42;AUXILIOS;1;AUXILIOS;10;RECURSOS ORDINARIOS;113261,67;113261,67;113261,67
9337892;3376;2022-05-27 00:00:00;PM FRUTAL;18.449.132/0001-60;1261;SEE;SECRETARIA DE ESTADO DE EDUCACAO;41;CONTRIBUICOES;1;CONTRIBUICOES;21;COTA ESTADUAL DO SALARIO EDUCACAO - QESE;1641419,3;1641419,3;1641419,3
9337892;3377;2022-05-27 00:00:00;PM FRUTAL;18.449.132/0001-60;1261;SEE;SECRETARIA DE ESTADO DE EDUCACAO;41;CONTRIBUICOES;1;CONTRIBUICOES;21;COTA ESTADUAL DO SALARIO EDUCACAO - QESE;85115,98;85115,98;85115,98
9337892;3378;2022-05-27 00:00:00;PM FRUTAL;18.449.132/0001-60;1261;SEE;SECRETARIA DE ESTADO DE EDUCACAO;41;CONTRIBUICOES;1;CONTRIBUICOES;21;COTA ESTADUAL DO SALARIO EDUCACAO - QESE;22608,0;22608,0;22608,0
9337893;3379;2022-05-27 00:00:00;PM SERRA DO SALITRE;18.468.058/0001-20;1261;SEE;SECRETARIA DE ESTADO DE EDUCACAO;41;CONTRIBUICOES;1;CONTRIBUICOES;21;COTA ESTADUAL DO SALARIO EDUCACAO - QESE;376376,4;376376,4;376376,4
9337893;3380;2022-05-27 00:00:00;PM SERRA DO SALITRE;18.468.058/0001-20;1261;SEE;SECRETARIA DE ESTADO DE EDUCACAO;41;CONTRIBUICOES;1;CONTRIBUICOES;21;COTA ESTADUAL DO SALARIO EDUCACAO - QESE;19517,04;19517,04;19517,04
9337893;3381;2022-05-27 00:00:00;PM SERRA DO SALITRE;18.468.058/0001-20;1261;SEE;SECRETARIA DE ESTADO DE EDUCACAO;41;CONTRIBUICOES;1;CONTRIBUICOES;21;COTA ESTADUAL DO SALARIO EDUCACAO - QESE;5184,0;5184,0;5184,0
9337894;5244;2022-05-27 00:00:00;PM ARAPONGA;18.132.167/0001-71;1491;SEGOV;SECRETARIA DE ESTADO DE GOVERNO;42;AUXILIOS;1;AUXILIOS;10;RECURSOS ORDINARIOS;113833,67;113833,67;113833,67
9337895;3382;2022-05-27 00:00:00;PM GUAXUPE;18.663.401/0001-97;1261;SEE;SECRETARIA DE ESTADO DE EDUCACAO;41;CONTRIBUICOES;1;CONTRIBUICOES;21;COTA ESTADUAL DO SALARIO EDUCACAO - QESE;883439,05;883439,05;883439,05
9337895;3383;2022-05-27 00:00:00;PM GUAXUPE;18.663.401/0001-97;1261;SEE;SECRETARIA DE ESTADO DE EDUCACAO;41;CONTRIBUICOES;1;CONTRIBUICOES;21;COTA ESTADUAL DO SALARIO EDUCACAO - QESE;45810,83;45810,83;45810,83
9337895;3384;2022-05-27 00:00:00;PM GUAXUPE;18.663.401/0001-97;1261;SEE;SECRETARIA DE ESTADO DE EDUCACAO;41;CONTRIBUICOES;1;CONTRIBUICOES;21;COTA ESTADUAL DO SALARIO EDUCACAO - QESE;12168,0;12168,0;12168,0
9337896;564;2022-05-27 00:00:00;PM RAUL SOARES;18.836.965/0001-84;1261;SEE;SECRETARIA DE ESTADO DE EDUCACAO;42;AUXILIOS;1;AUXILIOS;10;RECURSOS ORDINARIOS;150000,0;150000,0;150000,0
9337897;565;2022-05-27 00:00:00;PM CONSELHEIRO PENA;19.769.660/0001-60;1261;SEE;SECRETARIA DE ESTADO DE EDUCACAO;42;AUXILIOS;1;AUXILIOS;10;RECURSOS ORDINARIOS;149834,9;149834,9;149834,9
9337898;566;2022-05-27 00:00:00;PM BONFIM;18.363.945/0001-33;1261;SEE;SECRETARIA DE ESTADO DE EDUCACAO;42;AUXILIOS;1;AUXILIOS;10;RECURSOS ORDINARIOS;169000,0;169000,0;169000,0
9337899;149;2022-05-30 00:00:00;PM SIMONESIA;18.385.120/0001-10;1301;SEINFRA;SECRETARIA DE ESTADO DE INFRAESTRUTURA E MOBILIDADE;42;AUXILIOS;1;AUXILIOS;10;RECURSOS ORDINARIOS;1000000,0;1000000,0;1000000,0
9337900;567;2022-05-27 00:00:00;PM BORDA DA MATA;17.912.023/0001-75;1261;SEE;SECRETARIA DE ESTADO DE EDUCACAO;42;AUXILIOS;1;AUXILIOS;10;RECURSOS ORDINARIOS;150000,0;150000,0;150000,0
9337901;148;2022-05-30 00:00:00;PM SIMONESIA;18.385.120/0001-10;1301;SEINFRA;SECRETARIA DE ESTADO DE INFRAESTRUTURA E MOBILIDADE;42;AUXILIOS;1;AUXILIOS;10;RECURSOS ORDINARIOS;2500000,0;2500000,0;2500000,0
9337902;147;2022-05-30 00:00:00;PM PESCADOR;18.404.962/0001-71;1301;SEINFRA;SECRETARIA DE ESTADO DE INFRAESTRUTURA E MOBILIDADE;42;AUXILIOS;1;AUXILIOS;10;RECURSOS ORDINARIOS;500000,0;500000,0;500000,0
9337903;154;2022-05-30 00:00:00;PM JURUAIA;18.668.368/0001-98;1301;SEINFRA;SECRETARIA DE ESTADO DE INFRAESTRUTURA E MOBILIDADE;42;AUXILIOS;1;AUXILIOS;32;EXPLORACAO DE RECURSOS MINERAIS;1000000,0;1000000,0;1000000,0
9337907;150;2022-05-30 00:00:00;PM CORREGO DANTA;18.298.174/0001-48;1301;SEINFRA;SECRETARIA DE ESTADO DE INFRAESTRUTURA E MOBILIDADE;42;AUXILIOS;1;AUXILIOS;10;RECURSOS ORDINARIOS;300000,0;300000,0;300000,0
9337938;158;2022-06-02 00:00:00;PM MANHUACU;18.385.088/0001-72;1301;SEINFRA;SECRETARIA DE ESTADO DE INFRAESTRUTURA E MOBILIDADE;42;AUXILIOS;1;AUXILIOS;32;EXPLORACAO DE RECURSOS MINERAIS;1000000,0;1000000,0;1000000,0
9337941;153;2022-05-30 00:00:00;PM TUMIRITINGA;21.078.563/0001-72;1301;SEINFRA;SECRETARIA DE ESTADO DE INFRAESTRUTURA E MOBILIDADE;42;AUXILIOS;1;AUXILIOS;32;EXPLORACAO DE RECURSOS MINERAIS;750000,0;750000,0;750000,0
9337942;170;2022-06-07 00:00:00;CONSORCIO INTERMUNICIPAL MULTIFINALITARIO  MUNICIPIOS DO EXTREMO SUL;43.863.467/0001-78;1301;SEINFRA;SECRETARIA DE ESTADO DE INFRAESTRUTURA E MOBILIDADE;42;AUXILIOS;1;AUXILIOS;95;RECURSOS RECEBIDOS POR DANOS ADVINDOS DE DESASTRES SOCIOAMBIENTAIS;0,0;0,0;0,0
9337942;172;2022-06-07 00:00:00;CONSORCIO INTERMUNICIPAL MULTIFINALITARIO  MUNICIPIOS DO EXTREMO SUL;43.863.467/0001-78;1301;SEINFRA;SECRETARIA DE ESTADO DE INFRAESTRUTURA E MOBILIDADE;42;AUXILIOS;1;AUXILIOS;10;RECURSOS ORDINARIOS;0,0;0,0;0,0
9337942;190;2022-06-14 00:00:00;CONSORCIO INTERMUNICIPAL MULTIFINALITARIO  MUNICIPIOS DO EXTREMO SUL;43.863.467/0001-78;1301;SEINFRA;SECRETARIA DE ESTADO DE INFRAESTRUTURA E MOBILIDADE;42;AUXILIOS;1;AUXILIOS;95;RECURSOS RECEBIDOS POR DANOS ADVINDOS DE DESASTRES SOCIOAMBIENTAIS;9000000,0;9000000,0;9000000,0
9337942;545;2022-12-30 00:00:00;CONSORCIO INTERMUNICIPAL MULTIFINALITARIO  MUNICIPIOS DO EXTREMO SUL;43.863.467/0001-78;1301;SEINFRA;SECRETARIA DE ESTADO DE INFRAESTRUTURA E MOBILIDADE;42;AUXILIOS;1;AUXILIOS;95;RECURSOS RECEBIDOS POR DANOS ADVINDOS DE DESASTRES SOCIOAMBIENTAIS;9000000,0;9000000,0;0,0
9339670;159;2022-06-02 00:00:00;PM TABULEIRO;17.744.798/0001-89;1301;SEINFRA;SECRETARIA DE ESTADO DE INFRAESTRUTURA E MOBILIDADE;42;AUXILIOS;1;AUXILIOS;10;RECURSOS ORDINARIOS;250000,0;250000,0;250000,0
9339672;162;2022-06-02 00:00:00;PM TURMALINA;25.324.187/0001-00;1301;SEINFRA;SECRETARIA DE ESTADO DE INFRAESTRUTURA E MOBILIDADE;42;AUXILIOS;1;AUXILIOS;32;EXPLORACAO DE RECURSOS MINERAIS;738764,05;738764,05;738764,05
9340124;3426;2022-06-02 00:00:00;PM PERDIZES;18.140.772/0001-94;1261;SEE;SECRETARIA DE ESTADO DE EDUCACAO;41;CONTRIBUICOES;1;CONTRIBUICOES;21;COTA ESTADUAL DO SALARIO EDUCACAO - QESE;622850,06;622850,06;622850,06
9340124;3427;2022-06-02 00:00:00;PM PERDIZES;18.140.772/0001-94;1261;SEE;SECRETARIA DE ESTADO DE EDUCACAO;41;CONTRIBUICOES;1;CONTRIBUICOES;21;COTA ESTADUAL DO SALARIO EDUCACAO - QESE;29004,49;29004,49;29004,49
9340124;3428;2022-06-02 00:00:00;PM PERDIZES;18.140.772/0001-94;1261;SEE;SECRETARIA DE ESTADO DE EDUCACAO;41;CONTRIBUICOES;1;CONTRIBUICOES;21;COTA ESTADUAL DO SALARIO EDUCACAO - QESE;7704,0;7704,0;7704,0
9340126;575;2022-06-02 00:00:00;PM CAMBUI;18.675.975/0001-85;1261;SEE;SECRETARIA DE ESTADO DE EDUCACAO;42;AUXILIOS;1;AUXILIOS;10;RECURSOS ORDINARIOS;0,0;0,0;0,0
9340126;581;2022-06-02 00:00:00;PM CAMBUI;18.675.975/0001-85;1261;SEE;SECRETARIA DE ESTADO DE EDUCACAO;42;AUXILIOS;1;AUXILIOS;10;RECURSOS ORDINARIOS;150000,0;150000,0;150000,0
9340127;576;2022-06-02 00:00:00;PM OURO FINO;18.671.271/0001-34;1261;SEE;SECRETARIA DE ESTADO DE EDUCACAO;42;AUXILIOS;1;AUXILIOS;10;RECURSOS ORDINARIOS;0,0;0,0;0,0
9340127;589;2022-06-02 00:00:00;PM OURO FINO;18.671.271/0001-34;1261;SEE;SECRETARIA DE ESTADO DE EDUCACAO;42;AUXILIOS;1;AUXILIOS;10;RECURSOS ORDINARIOS;168883,07;168883,07;168883,07
9340128;577;2022-06-02 00:00:00;PM CAMANDUCAIA;17.935.396/0001-61;1261;SEE;SECRETARIA DE ESTADO DE EDUCACAO;42;AUXILIOS;1;AUXILIOS;10;RECURSOS ORDINARIOS;0,0;0,0;0,0
9340128;590;2022-06-02 00:00:00;PM CAMANDUCAIA;17.935.396/0001-61;1261;SEE;SECRETARIA DE ESTADO DE EDUCACAO;42;AUXILIOS;1;AUXILIOS;10;RECURSOS ORDINARIOS;149995,65;149995,65;149995,65
9340129;578;2022-06-02 00:00:00;PM SANTANA DE CATAGUASES;17.702.515/0001-36;1261;SEE;SECRETARIA DE ESTADO DE EDUCACAO;42;AUXILIOS;1;AUXILIOS;10;RECURSOS ORDINARIOS;0,0;0,0;0,0
9340129;591;2022-06-02 00:00:00;PM SANTANA DE CATAGUASES;17.702.515/0001-36;1261;SEE;SECRETARIA DE ESTADO DE EDUCACAO;42;AUXILIOS;1;AUXILIOS;10;RECURSOS ORDINARIOS;149730,0;149730,0;149730,0
9340130;579;2022-06-02 00:00:00;PM PINTOPOLIS;01.612.481/0001-59;1261;SEE;SECRETARIA DE ESTADO DE EDUCACAO;42;AUXILIOS;1;AUXILIOS;10;RECURSOS ORDINARIOS;149999,92;149999,92;149999,92
9340131;580;2022-06-02 00:00:00;PM JOAO PINHEIRO;16.930.299/0001-13;1261;SEE;SECRETARIA DE ESTADO DE EDUCACAO;42;AUXILIOS;1;AUXILIOS;10;RECURSOS ORDINARIOS;150000,0;150000,0;150000,0
9340132;592;2022-06-02 00:00:00;PM VICOSA;18.132.449/0001-79;1261;SEE;SECRETARIA DE ESTADO DE EDUCACAO;42;AUXILIOS;1;AUXILIOS;10;RECURSOS ORDINARIOS;72320,8;72320,8;72320,8
9340132;594;2022-06-03 00:00:00;PM VICOSA;18.132.449/0001-79;1261;SEE;SECRETARIA DE ESTADO DE EDUCACAO;42;AUXILIOS;1;AUXILIOS;10;RECURSOS ORDINARIOS;96546,5;96546,5;96546,5
9340133;582;2022-06-02 00:00:00;PM TUPACIGUARA;18.260.489/0001-04;1261;SEE;SECRETARIA DE ESTADO DE EDUCACAO;42;AUXILIOS;1;AUXILIOS;10;RECURSOS ORDINARIOS;0,0;0,0;0,0
9340133;593;2022-06-03 00:00:00;PM TUPACIGUARA;18.260.489/0001-04;1261;SEE;SECRETARIA DE ESTADO DE EDUCACAO;42;AUXILIOS;1;AUXILIOS;10;RECURSOS ORDINARIOS;169900,0;169900,0;169900,0
9340134;583;2022-06-02 00:00:00;PM CAPIM BRANCO;18.314.617/0001-47;1261;SEE;SECRETARIA DE ESTADO DE EDUCACAO;42;AUXILIOS;1;AUXILIOS;10;RECURSOS ORDINARIOS;150000,0;150000,0;150000,0
9340135;584;2022-06-02 00:00:00;PM TIMOTEO;19.875.020/0001-34;1261;SEE;SECRETARIA DE ESTADO DE EDUCACAO;42;AUXILIOS;1;AUXILIOS;10;RECURSOS ORDINARIOS;149920,8;149920,8;149920,8
9340136;585;2022-06-02 00:00:00;PM DELFIM MOREIRA;18.025.924/0001-08;1261;SEE;SECRETARIA DE ESTADO DE EDUCACAO;42;AUXILIOS;1;AUXILIOS;10;RECURSOS ORDINARIOS;200000,0;200000,0;200000,0
9340137;586;2022-06-02 00:00:00;PM SAO GERALDO DO BAIXIO;01.613.075/0001-00;1261;SEE;SECRETARIA DE ESTADO DE EDUCACAO;42;AUXILIOS;1;AUXILIOS;10;RECURSOS ORDINARIOS;150000,0;150000,0;150000,0
9340138;5246;2022-05-30 00:00:00;PM JAMPRUCA;66.230.384/0001-47;1491;SEGOV;SECRETARIA DE ESTADO DE GOVERNO;42;AUXILIOS;1;AUXILIOS;10;RECURSOS ORDINARIOS;300000,0;300000,0;300000,0
9340139;587;2022-06-02 00:00:00;PM MONTE CARMELO;18.593.103/0001-78;1261;SEE;SECRETARIA DE ESTADO DE EDUCACAO;42;AUXILIOS;1;AUXILIOS;10;RECURSOS ORDINARIOS;150000,0;150000,0;150000,0
9340140;588;2022-06-02 00:00:00;PM DONA EUZEBIA;17.706.656/0001-27;1261;SEE;SECRETARIA DE ESTADO DE EDUCACAO;42;AUXILIOS;1;AUXILIOS;10;RECURSOS ORDINARIOS;150000,0;150000,0;150000,0
9340141;87;2022-06-20 00:00:00;PM PIEDADE DOS GERAIS;18.363.960/0001-81;1261;SEE;SECRETARIA DE ESTADO DE EDUCACAO;42;AUXILIOS;1;AUXILIOS;10;RECURSOS ORDINARIOS;150000,0;150000,0;150000,0
9340142;2446;2022-06-14 00:00:00;PM ILICINEA;18.239.608/0001-39;1261;SEE;SECRETARIA DE ESTADO DE EDUCACAO;42;AUXILIOS;1;AUXILIOS;10;RECURSOS ORDINARIOS;244649,48;244649,48;244649,48
9340143;5252;2022-05-30 00:00:00;PM ALVARENGA;19.770.288/0001-01;1491;SEGOV;SECRETARIA DE ESTADO DE GOVERNO;42;AUXILIOS;1;AUXILIOS;10;RECURSOS ORDINARIOS;77113,33;77113,33;77113,33
9340145;5247;2022-05-30 00:00:00;PM BERILO;17.700.758/0001-35;1491;SEGOV;SECRETARIA DE ESTADO DE GOVERNO;42;AUXILIOS;1;AUXILIOS;10;RECURSOS ORDINARIOS;113261,67;113261,67;113261,67
9340167;5248;2022-05-30 00:00:00;PM REDUTO;01.614.977/0001-61;1491;SEGOV;SECRETARIA DE ESTADO DE GOVERNO;42;AUXILIOS;1;AUXILIOS;10;RECURSOS ORDINARIOS;77827,2;77827,2;77827,2
9340281;5249;2022-05-30 00:00:00;PM PEDRA DO ANTA;18.133.439/0001-58;1491;SEGOV;SECRETARIA DE ESTADO DE GOVERNO;42;AUXILIOS;1;AUXILIOS;10;RECURSOS ORDINARIOS;112935,56;112935,56;112935,56
9340282;5251;2022-05-30 00:00:00;PM TAIOBEIRAS;18.017.384/0001-10;1491;SEGOV;SECRETARIA DE ESTADO DE GOVERNO;42;AUXILIOS;1;AUXILIOS;10;RECURSOS ORDINARIOS;77827,2;77827,2;77827,2
9340283;886;2022-06-08 00:00:00;PM CURVELO;17.695.024/0001-05;1261;SEE;SECRETARIA DE ESTADO DE EDUCACAO;42;AUXILIOS;1;AUXILIOS;10;RECURSOS ORDINARIOS;1000000,0;1000000,0;1000000,0
9340284;1046;2022-06-10 00:00:00;PM GUIDOVAL;18.128.215/0001-58;1261;SEE;SECRETARIA DE ESTADO DE EDUCACAO;42;AUXILIOS;1;AUXILIOS;23;FUNDO DE MANUTENCAO E DESENVOLVIMENTO DA EDUCACAO BASICA - FUNDEB;3000000,0;3000000,0;3000000,0
9340285;5250;2022-05-30 00:00:00;PM SAO SEBASTIAO DA VARGEM ALEGRE;01.616.854/0001-60;1491;SEGOV;SECRETARIA DE ESTADO DE GOVERNO;42;AUXILIOS;1;AUXILIOS;10;RECURSOS ORDINARIOS;400000,0;400000,0;400000,0
9340286;2447;2022-06-14 00:00:00;PM ILICINEA;18.239.608/0001-39;1261;SEE;SECRETARIA DE ESTADO DE EDUCACAO;42;AUXILIOS;1;AUXILIOS;10;RECURSOS ORDINARIOS;600288,59;600288,59;600288,59
9340287;1045;2022-06-10 00:00:00;PM UBA;18.128.207/0001-01;1261;SEE;SECRETARIA DE ESTADO DE EDUCACAO;42;AUXILIOS;1;AUXILIOS;23;FUNDO DE MANUTENCAO E DESENVOLVIMENTO DA EDUCACAO BASICA - FUNDEB;19877073,92;19877073,92;19877073,92
9340308;5256;2022-06-01 00:00:00;PM LAJINHA;18.392.522/0001-41;1491;SEGOV;SECRETARIA DE ESTADO DE GOVERNO;42;AUXILIOS;1;AUXILIOS;10;RECURSOS ORDINARIOS;77827,2;77827,2;77827,2
9340310;5257;2022-06-01 00:00:00;PM VICOSA;18.132.449/0001-79;1491;SEGOV;SECRETARIA DE ESTADO DE GOVERNO;42;AUXILIOS;1;AUXILIOS;10;RECURSOS ORDINARIOS;155654,4;155654,4;155654,4
9340311;5259;2022-06-01 00:00:00;PM VEREDINHA;01.614.685/0001-29;1491;SEGOV;SECRETARIA DE ESTADO DE GOVERNO;42;AUXILIOS;1;AUXILIOS;10;RECURSOS ORDINARIOS;113262,6;113262,6;113262,6
9340312;5262;2022-06-01 00:00:00;PM CARBONITA;21.154.174/0001-89;1491;SEGOV;SECRETARIA DE ESTADO DE GOVERNO;42;AUXILIOS;1;AUXILIOS;10;RECURSOS ORDINARIOS;343000,0;343000,0;343000,0
9340315;5264;2022-06-01 00:00:00;PM TOCANTINS;18.128.223/0001-02;1491;SEGOV;SECRETARIA DE ESTADO DE GOVERNO;42;AUXILIOS;1;AUXILIOS;10;RECURSOS ORDINARIOS;613262,61;613262,61;613262,61
9340317;160;2022-06-02 00:00:00;PM LAGAMAR;18.192.260/0001-71;1301;SEINFRA;SECRETARIA DE ESTADO DE INFRAESTRUTURA E MOBILIDADE;42;AUXILIOS;1;AUXILIOS;10;RECURSOS ORDINARIOS;300000,0;300000,0;300000,0
9340319;3429;2022-06-03 00:00:00;PM ITAMBE DO MATO DENTRO;18.299.537/0001-60;1261;SEE;SECRETARIA DE ESTADO DE EDUCACAO;41;CONTRIBUICOES;1;CONTRIBUICOES;21;COTA ESTADUAL DO SALARIO EDUCACAO - QESE;439105,8;439105,8;439105,8
9340319;3430;2022-06-03 00:00:00;PM ITAMBE DO MATO DENTRO;18.299.537/0001-60;1261;SEE;SECRETARIA DE ESTADO DE EDUCACAO;41;CONTRIBUICOES;1;CONTRIBUICOES;21;COTA ESTADUAL DO SALARIO EDUCACAO - QESE;22769,88;22769,88;22769,88
9340319;3431;2022-06-03 00:00:00;PM ITAMBE DO MATO DENTRO;18.299.537/0001-60;1261;SEE;SECRETARIA DE ESTADO DE EDUCACAO;41;CONTRIBUICOES;1;CONTRIBUICOES;21;COTA ESTADUAL DO SALARIO EDUCACAO - QESE;6048,0;6048,0;6048,0
9340321;3432;2022-06-03 00:00:00;PM RIO PARANAIBA;18.602.045/0001-00;1261;SEE;SECRETARIA DE ESTADO DE EDUCACAO;41;CONTRIBUICOES;1;CONTRIBUICOES;21;COTA ESTADUAL DO SALARIO EDUCACAO - QESE;1630964,4;1630964,4;1630964,4
9340321;3433;2022-06-03 00:00:00;PM RIO PARANAIBA;18.602.045/0001-00;1261;SEE;SECRETARIA DE ESTADO DE EDUCACAO;41;CONTRIBUICOES;1;CONTRIBUICOES;21;COTA ESTADUAL DO SALARIO EDUCACAO - QESE;84573,84;84573,84;84573,84
9340321;3434;2022-06-03 00:00:00;PM RIO PARANAIBA;18.602.045/0001-00;1261;SEE;SECRETARIA DE ESTADO DE EDUCACAO;41;CONTRIBUICOES;1;CONTRIBUICOES;21;COTA ESTADUAL DO SALARIO EDUCACAO - QESE;22464,0;22464,0;22464,0
9340322;5266;2022-06-01 00:00:00;PM VICOSA;18.132.449/0001-79;1491;SEGOV;SECRETARIA DE ESTADO DE GOVERNO;42;AUXILIOS;1;AUXILIOS;10;RECURSOS ORDINARIOS;113262,6;113262,6;113262,6
9340324;161;2022-06-02 00:00:00;PM SAO GERALDO;18.137.935/0001-80;1301;SEINFRA;SECRETARIA DE ESTADO DE INFRAESTRUTURA E MOBILIDADE;42;AUXILIOS;1;AUXILIOS;10;RECURSOS ORDINARIOS;500000,0;500000,0;500000,0
9340325;5265;2022-06-01 00:00:00;PM TAIOBEIRAS;18.017.384/0001-10;1491;SEGOV;SECRETARIA DE ESTADO DE GOVERNO;42;AUXILIOS;1;AUXILIOS;10;RECURSOS ORDINARIOS;113256,67;113256,67;113256,67
9340327;5263;2022-06-01 00:00:00;PM CRUZEIRO DA FORTALEZA;18.468.041/0001-72;1491;SEGOV;SECRETARIA DE ESTADO DE GOVERNO;42;AUXILIOS;1;AUXILIOS;10;RECURSOS ORDINARIOS;77827,2;77827,2;77827,2
9340329;5261;2022-06-01 00:00:00;PM SAO PEDRO DO SUACUI;18.409.243/0001-43;1491;SEGOV;SECRETARIA DE ESTADO DE GOVERNO;42;AUXILIOS;1;AUXILIOS;10;RECURSOS ORDINARIOS;199587,2;199587,2;199587,2
9340330;5260;2022-06-01 00:00:00;PM JACINTO;18.349.910/0001-40;1491;SEGOV;SECRETARIA DE ESTADO DE GOVERNO;42;AUXILIOS;1;AUXILIOS;10;RECURSOS ORDINARIOS;272570,0;272570,0;272570,0
9340332;5258;2022-06-01 00:00:00;PM DIAMANTINA;17.754.136/0001-90;1491;SEGOV;SECRETARIA DE ESTADO DE GOVERNO;42;AUXILIOS;1;AUXILIOS;10;RECURSOS ORDINARIOS;77826,86;77826,86;77826,86
9340338;166;2022-06-06 00:00:00;PM TABULEIRO;17.744.798/0001-89;1301;SEINFRA;SECRETARIA DE ESTADO DE INFRAESTRUTURA E MOBILIDADE;42;AUXILIOS;1;AUXILIOS;10;RECURSOS ORDINARIOS;250000,0;250000,0;250000,0
9340347;1570;2022-06-10 00:00:00;PM CORONEL FABRICIANO;19.875.046/0001-82;1261;SEE;SECRETARIA DE ESTADO DE EDUCACAO;42;AUXILIOS;1;AUXILIOS;23;FUNDO DE MANUTENCAO E DESENVOLVIMENTO DA EDUCACAO BASICA - FUNDEB;1094116,0;1094116,0;1094116,0
9340348;1569;2022-06-10 00:00:00;PM CORONEL FABRICIANO;19.875.046/0001-82;1261;SEE;SECRETARIA DE ESTADO DE EDUCACAO;42;AUXILIOS;1;AUXILIOS;23;FUNDO DE MANUTENCAO E DESENVOLVIMENTO DA EDUCACAO BASICA - FUNDEB;20175696,98;20175696,98;20175696,98
9340349;3435;2022-06-03 00:00:00;PM BRAZOPOLIS;18.025.890/0001-51;1261;SEE;SECRETARIA DE ESTADO DE EDUCACAO;41;CONTRIBUICOES;1;CONTRIBUICOES;21;COTA ESTADUAL DO SALARIO EDUCACAO - QESE;264508,64;264508,64;264508,64
9340349;3436;2022-06-03 00:00:00;PM BRAZOPOLIS;18.025.890/0001-51;1261;SEE;SECRETARIA DE ESTADO DE EDUCACAO;41;CONTRIBUICOES;1;CONTRIBUICOES;21;COTA ESTADUAL DO SALARIO EDUCACAO - QESE;11927,08;11927,08;11927,08
9340349;3437;2022-06-03 00:00:00;PM BRAZOPOLIS;18.025.890/0001-51;1261;SEE;SECRETARIA DE ESTADO DE EDUCACAO;41;CONTRIBUICOES;1;CONTRIBUICOES;21;COTA ESTADUAL DO SALARIO EDUCACAO - QESE;3168,0;3168,0;3168,0
9340367;443;2022-06-08 00:00:00;CONSORCIO INTERMUNICIPAL DE INFRAESTRUTURA DOS MUNICIPIOS DA AMAJE;22.835.076/0001-70;1371;SEMAD;SECRETARIA DE ESTADO DE MEIO AMBIENTE E DESENVOLVIMENTO SUSTENTAVEL;41;CONTRIBUICOES;1;CONTRIBUICOES;10;RECURSOS ORDINARIOS;160000,0;160000,0;160000,0
9340368;3438;2022-06-03 00:00:00;PM PEDRAS DE MARIA DA CRUZ;25.209.156/0001-08;1261;SEE;SECRETARIA DE ESTADO DE EDUCACAO;41;CONTRIBUICOES;1;CONTRIBUICOES;21;COTA ESTADUAL DO SALARIO EDUCACAO - QESE;784378,52;784378,52;784378,52
9340368;3439;2022-06-03 00:00:00;PM PEDRAS DE MARIA DA CRUZ;25.209.156/0001-08;1261;SEE;SECRETARIA DE ESTADO DE EDUCACAO;41;CONTRIBUICOES;1;CONTRIBUICOES;21;COTA ESTADUAL DO SALARIO EDUCACAO - QESE;38763,01;38763,01;38763,01
9340368;3440;2022-06-03 00:00:00;PM PEDRAS DE MARIA DA CRUZ;25.209.156/0001-08;1261;SEE;SECRETARIA DE ESTADO DE EDUCACAO;41;CONTRIBUICOES;1;CONTRIBUICOES;21;COTA ESTADUAL DO SALARIO EDUCACAO - QESE;10296,0;10296,0;10296,0
9340369;3441;2022-06-03 00:00:00;PM RIO PIRACICABA;18.400.945/0001-66;1261;SEE;SECRETARIA DE ESTADO DE EDUCACAO;41;CONTRIBUICOES;1;CONTRIBUICOES;21;COTA ESTADUAL DO SALARIO EDUCACAO - QESE;1003670,4;1003670,4;1003670,4
9340369;3442;2022-06-03 00:00:00;PM RIO PIRACICABA;18.400.945/0001-66;1261;SEE;SECRETARIA DE ESTADO DE EDUCACAO;41;CONTRIBUICOES;1;CONTRIBUICOES;21;COTA ESTADUAL DO SALARIO EDUCACAO - QESE;52045,44;52045,44;52045,44
9340369;3443;2022-06-03 00:00:00;PM RIO PIRACICABA;18.400.945/0001-66;1261;SEE;SECRETARIA DE ESTADO DE EDUCACAO;41;CONTRIBUICOES;1;CONTRIBUICOES;21;COTA ESTADUAL DO SALARIO EDUCACAO - QESE;13824,0;13824,0;13824,0
9340370;3444;2022-06-03 00:00:00;PM RUBELITA;24.363.590/0001-85;1261;SEE;SECRETARIA DE ESTADO DE EDUCACAO;41;CONTRIBUICOES;1;CONTRIBUICOES;21;COTA ESTADUAL DO SALARIO EDUCACAO - QESE;224780,35;224780,35;224780,35
9340370;3445;2022-06-03 00:00:00;PM RUBELITA;24.363.590/0001-85;1261;SEE;SECRETARIA DE ESTADO DE EDUCACAO;41;CONTRIBUICOES;1;CONTRIBUICOES;21;COTA ESTADUAL DO SALARIO EDUCACAO - QESE;11656,01;11656,01;11656,01
9340370;3446;2022-06-03 00:00:00;PM RUBELITA;24.363.590/0001-85;1261;SEE;SECRETARIA DE ESTADO DE EDUCACAO;41;CONTRIBUICOES;1;CONTRIBUICOES;21;COTA ESTADUAL DO SALARIO EDUCACAO - QESE;3096,0;3096,0;3096,0
9340371;3447;2022-06-03 00:00:00;PM CARMO DO RIO CLARO;18.243.287/0001-46;1261;SEE;SECRETARIA DE ESTADO DE EDUCACAO;41;CONTRIBUICOES;1;CONTRIBUICOES;21;COTA ESTADUAL DO SALARIO EDUCACAO - QESE;601156,75;601156,75;601156,75
9340371;3448;2022-06-03 00:00:00;PM CARMO DO RIO CLARO;18.243.287/0001-46;1261;SEE;SECRETARIA DE ESTADO DE EDUCACAO;41;CONTRIBUICOES;1;CONTRIBUICOES;21;COTA ESTADUAL DO SALARIO EDUCACAO - QESE;31173,05;31173,05;31173,05
9340371;3449;2022-06-03 00:00:00;PM CARMO DO RIO CLARO;18.243.287/0001-46;1261;SEE;SECRETARIA DE ESTADO DE EDUCACAO;41;CONTRIBUICOES;1;CONTRIBUICOES;21;COTA ESTADUAL DO SALARIO EDUCACAO - QESE;8280,0;8280,0;8280,0
9340372;595;2022-06-03 00:00:00;PM CONTAGEM;18.715.508/0001-31;1261;SEE;SECRETARIA DE ESTADO DE EDUCACAO;42;AUXILIOS;1;AUXILIOS;10;RECURSOS ORDINARIOS;189867,32;189867,32;189867,32
9340373;596;2022-06-03 00:00:00;PM LUISLANDIA;01.612.887/0001-31;1261;SEE;SECRETARIA DE ESTADO DE EDUCACAO;42;AUXILIOS;1;AUXILIOS;10;RECURSOS ORDINARIOS;179372,87;179372,87;179372,87
9340375;597;2022-06-03 00:00:00;PM CURRAL DE DENTRO;01.613.076/0001-55;1261;SEE;SECRETARIA DE ESTADO DE EDUCACAO;42;AUXILIOS;1;AUXILIOS;10;RECURSOS ORDINARIOS;150000,0;150000,0;150000,0
9340376;441;2022-06-08 00:00:00;CONSORCIO INTERMUNICIPAL PARA DES.SUSTENTAVEL DO MEDIO JEQUITINHONHA;20.357.048/0001-69;1371;SEMAD;SECRETARIA DE ESTADO DE MEIO AMBIENTE E DESENVOLVIMENTO SUSTENTAVEL;41;CONTRIBUICOES;1;CONTRIBUICOES;10;RECURSOS ORDINARIOS;160000,0;160000,0;160000,0
9340377;598;2022-06-03 00:00:00;PM SANTANA DO PARAISO;38.515.573/0001-20;1261;SEE;SECRETARIA DE ESTADO DE EDUCACAO;42;AUXILIOS;1;AUXILIOS;10;RECURSOS ORDINARIOS;169900,0;169900,0;169900,0
9340379;599;2022-06-03 00:00:00;PM BARAO DE COCAIS;18.317.685/0001-60;1261;SEE;SECRETARIA DE ESTADO DE EDUCACAO;42;AUXILIOS;1;AUXILIOS;10;RECURSOS ORDINARIOS;150000,0;150000,0;150000,0
9340380;600;2022-06-03 00:00:00;PM SABARA;18.715.441/0001-35;1261;SEE;SECRETARIA DE ESTADO DE EDUCACAO;42;AUXILIOS;1;AUXILIOS;10;RECURSOS ORDINARIOS;150000,0;150000,0;150000,0
9340381;601;2022-06-03 00:00:00;PM CONCEICAO DOS OUROS;18.677.609/0001-65;1261;SEE;SECRETARIA DE ESTADO DE EDUCACAO;42;AUXILIOS;1;AUXILIOS;10;RECURSOS ORDINARIOS;150000,0;150000,0;150000,0
9340382;608;2022-06-03 00:00:00;PM SAO GONCALO DO SAPUCAI;18.712.158/0001-50;1261;SEE;SECRETARIA DE ESTADO DE EDUCACAO;42;AUXILIOS;1;AUXILIOS;10;RECURSOS ORDINARIOS;147975,58;147975,58;147975,58
9340383;602;2022-06-03 00:00:00;PM IBIA;18.584.961/0001-56;1261;SEE;SECRETARIA DE ESTADO DE EDUCACAO;42;AUXILIOS;1;AUXILIOS;10;RECURSOS ORDINARIOS;150000,0;150000,0;150000,0
9340384;603;2022-06-03 00:00:00;PM CONCEICAO DOS OUROS;18.677.609/0001-65;1261;SEE;SECRETARIA DE ESTADO DE EDUCACAO;42;AUXILIOS;1;AUXILIOS;10;RECURSOS ORDINARIOS;150000,0;150000,0;150000,0
9340386;604;2022-06-03 00:00:00;PM CRISOLITA;01.614.283/0001-24;1261;SEE;SECRETARIA DE ESTADO DE EDUCACAO;42;AUXILIOS;1;AUXILIOS;10;RECURSOS ORDINARIOS;150000,0;150000,0;150000,0
9340387;605;2022-06-03 00:00:00;PM MATHIAS LOBATO;18.332.619/0001-69;1261;SEE;SECRETARIA DE ESTADO DE EDUCACAO;42;AUXILIOS;1;AUXILIOS;10;RECURSOS ORDINARIOS;150000,0;150000,0;150000,0
9340389;442;2022-06-08 00:00:00;PM MANHUACU;18.385.088/0001-72;1371;SEMAD;SECRETARIA DE ESTADO DE MEIO AMBIENTE E DESENVOLVIMENTO SUSTENTAVEL;41;CONTRIBUICOES;1;CONTRIBUICOES;10;RECURSOS ORDINARIOS;150000,0;150000,0;150000,0
9340414;5267;2022-06-03 00:00:00;PM DIONISIO;20.126.439/0001-72;1491;SEGOV;SECRETARIA DE ESTADO DE GOVERNO;42;AUXILIOS;1;AUXILIOS;10;RECURSOS ORDINARIOS;78613,33;78613,33;78613,33
9340415;5278;2022-06-03 00:00:00;PM FREI GASPAR;18.404.913/0001-39;1491;SEGOV;SECRETARIA DE ESTADO DE GOVERNO;42;AUXILIOS;1;AUXILIOS;10;RECURSOS ORDINARIOS;77827,0;77827,0;77827,0
9340416;5269;2022-06-03 00:00:00;PM GUARACIAMA;01.612.549/0001-08;1491;SEGOV;SECRETARIA DE ESTADO DE GOVERNO;42;AUXILIOS;1;AUXILIOS;10;RECURSOS ORDINARIOS;113262,61;113262,61;113262,61
9340417;5270;2022-06-03 00:00:00;PM IBIA;18.584.961/0001-56;1491;SEGOV;SECRETARIA DE ESTADO DE GOVERNO;42;AUXILIOS;1;AUXILIOS;10;RECURSOS ORDINARIOS;237310,0;237310,0;237310,0
9340418;3220;2022-06-09 00:00:00;PM LADAINHA;18.404.863/0001-90;1261;SEE;SECRETARIA DE ESTADO DE EDUCACAO;42;AUXILIOS;1;AUXILIOS;10;RECURSOS ORDINARIOS;451596,7;451596,7;451596,7
9340421;1404;2022-06-09 00:00:00;PM ALTO JEQUITIBA;18.392.506/0001-59;1261;SEE;SECRETARIA DE ESTADO DE EDUCACAO;42;AUXILIOS;1;AUXILIOS;23;FUNDO DE MANUTENCAO E DESENVOLVIMENTO DA EDUCACAO BASICA - FUNDEB;460363,08;460363,08;460363,08
9340422;179;2022-06-08 00:00:00;PM VICOSA;18.132.449/0001-79;1301;SEINFRA;SECRETARIA DE ESTADO DE INFRAESTRUTURA E MOBILIDADE;42;AUXILIOS;1;AUXILIOS;10;RECURSOS ORDINARIOS;500000,0;500000,0;500000,0
9340423;5271;2022-06-03 00:00:00;PM MERCES;17.744.442/0001-45;1491;SEGOV;SECRETARIA DE ESTADO DE GOVERNO;42;AUXILIOS;1;AUXILIOS;10;RECURSOS ORDINARIOS;114406,67;114406,67;114406,67
9340424;5272;2022-06-03 00:00:00;PM PAULA CANDIDO;17.763.715/0001-07;1491;SEGOV;SECRETARIA DE ESTADO DE GOVERNO;42;AUXILIOS;1;AUXILIOS;10;RECURSOS ORDINARIOS;113262,61;113262,61;113262,61
9340425;1405;2022-06-09 00:00:00;PM ALTO JEQUITIBA;18.392.506/0001-59;1261;SEE;SECRETARIA DE ESTADO DE EDUCACAO;42;AUXILIOS;1;AUXILIOS;23;FUNDO DE MANUTENCAO E DESENVOLVIMENTO DA EDUCACAO BASICA - FUNDEB;1469640,06;1469640,06;1469640,06
9340427;5273;2022-06-03 00:00:00;PM SANTA CRUZ DE SALINAS;01.612.497/0001-61;1491;SEGOV;SECRETARIA DE ESTADO DE GOVERNO;42;AUXILIOS;1;AUXILIOS;10;RECURSOS ORDINARIOS;950000,0;950000,0;950000,0
9340428;5274;2022-06-03 00:00:00;PM CACHOEIRA DO PAJEU;18.414.599/0001-75;1491;SEGOV;SECRETARIA DE ESTADO DE GOVERNO;42;AUXILIOS;1;AUXILIOS;10;RECURSOS ORDINARIOS;265000,0;265000,0;265000,0
9340429;5275;2022-06-03 00:00:00;PM FELICIO DOS SANTOS;17.754.201/0001-87;1491;SEGOV;SECRETARIA DE ESTADO DE GOVERNO;42;AUXILIOS;1;AUXILIOS;10;RECURSOS ORDINARIOS;525033,33;525033,33;525033,33
9340431;5276;2022-06-03 00:00:00;PM PAI PEDRO;01.612.479/0001-80;1491;SEGOV;SECRETARIA DE ESTADO DE GOVERNO;42;AUXILIOS;1;AUXILIOS;10;RECURSOS ORDINARIOS;113262,61;113262,61;113262,61
9340433;5277;2022-06-03 00:00:00;PM SOBRALIA;18.083.055/0001-78;1491;SEGOV;SECRETARIA DE ESTADO DE GOVERNO;42;AUXILIOS;1;AUXILIOS;10;RECURSOS ORDINARIOS;233478,99;233478,99;233478,99
9340434;5279;2022-06-03 00:00:00;PM VISCONDE DO RIO BRANCO;18.137.927/0001-33;1491;SEGOV;SECRETARIA DE ESTADO DE GOVERNO;42;AUXILIOS;1;AUXILIOS;10;RECURSOS ORDINARIOS;273570,0;273570,0;273570,0
9340436;5280;2022-06-03 00:00:00;PM SANTA ROSA DA SERRA;18.192.252/0001-25;1491;SEGOV;SECRETARIA DE ESTADO DE GOVERNO;42;AUXILIOS;1;AUXILIOS;10;RECURSOS ORDINARIOS;121760,0;121760,0;121760,0
9340437;5281;2022-06-03 00:00:00;PM SAO JOAO EVANGELISTA;18.307.488/0001-60;1491;SEGOV;SECRETARIA DE ESTADO DE GOVERNO;42;AUXILIOS;1;AUXILIOS;10;RECURSOS ORDINARIOS;121760,0;121760,0;121760,0
9340439;5268;2022-06-03 00:00:00;PM SAO GERALDO DA PIEDADE;18.307.470/0001-68;1491;SEGOV;SECRETARIA DE ESTADO DE GOVERNO;42;AUXILIOS;1;AUXILIOS;10;RECURSOS ORDINARIOS;73626,66;73626,66;73626,66
9340455;192;2022-06-14 00:00:00;PM BUGRE;01.613.126/0001-02;1301;SEINFRA;SECRETARIA DE ESTADO DE INFRAESTRUTURA E MOBILIDADE;42;AUXILIOS;1;AUXILIOS;10;RECURSOS ORDINARIOS;0,0;0,0;0,0
9340455;218;2022-06-22 00:00:00;PM BUGRE;01.613.126/0001-02;1301;SEINFRA;SECRETARIA DE ESTADO DE INFRAESTRUTURA E MOBILIDADE;42;AUXILIOS;1;AUXILIOS;10;RECURSOS ORDINARIOS;300000,0;300000,0;300000,0
9340456;169;2022-06-07 00:00:00;PM MANHUACU;18.385.088/0001-72;1301;SEINFRA;SECRETARIA DE ESTADO DE INFRAESTRUTURA E MOBILIDADE;42;AUXILIOS;1;AUXILIOS;32;EXPLORACAO DE RECURSOS MINERAIS;450000,0;450000,0;450000,0
9340468;1044;2022-06-10 00:00:00;PM UBA;18.128.207/0001-01;1261;SEE;SECRETARIA DE ESTADO DE EDUCACAO;42;AUXILIOS;1;AUXILIOS;23;FUNDO DE MANUTENCAO E DESENVOLVIMENTO DA EDUCACAO BASICA - FUNDEB;7028260,74;7028260,74;7028260,74
9340476;619;2022-06-08 00:00:00;PM MONTES CLAROS;22.678.874/0001-35;1261;SEE;SECRETARIA DE ESTADO DE EDUCACAO;42;AUXILIOS;1;AUXILIOS;10;RECURSOS ORDINARIOS;149963,49;149963,49;149963,49
9340477;616;2022-06-08 00:00:00;PM SENADOR JOSE BENTO;18.675.926/0001-42;1261;SEE;SECRETARIA DE ESTADO DE EDUCACAO;42;AUXILIOS;1;AUXILIOS;10;RECURSOS ORDINARIOS;85000,0;85000,0;85000,0
9340477;617;2022-06-08 00:00:00;PM SENADOR JOSE BENTO;18.675.926/0001-42;1261;SEE;SECRETARIA DE ESTADO DE EDUCACAO;42;AUXILIOS;1;AUXILIOS;10;RECURSOS ORDINARIOS;72320,8;72320,8;72320,8
9340478;3548;2022-06-08 00:00:00;PM CATAGUASES;17.702.499/0001-81;1261;SEE;SECRETARIA DE ESTADO DE EDUCACAO;42;AUXILIOS;1;AUXILIOS;10;RECURSOS ORDINARIOS;237800,0;237800,0;237800,0
9340479;618;2022-06-08 00:00:00;PM DONA EUZEBIA;17.706.656/0001-27;1261;SEE;SECRETARIA DE ESTADO DE EDUCACAO;42;AUXILIOS;1;AUXILIOS;10;RECURSOS ORDINARIOS;140000,0;140000,0;140000,0
9340480;614;2022-06-08 00:00:00;PM DESTERRO DE ENTRE RIOS;20.356.762/0001-32;1261;SEE;SECRETARIA DE ESTADO DE EDUCACAO;42;AUXILIOS;1;AUXILIOS;10;RECURSOS ORDINARIOS;150000,0;150000,0;150000,0
9340481;613;2022-06-08 00:00:00;PM TUPACIGUARA;18.260.489/0001-04;1261;SEE;SECRETARIA DE ESTADO DE EDUCACAO;42;AUXILIOS;1;AUXILIOS;10;RECURSOS ORDINARIOS;150000,0;150000,0;150000,0
9340482;615;2022-06-08 00:00:00;PM PARACATU;18.278.051/0001-45;1261;SEE;SECRETARIA DE ESTADO DE EDUCACAO;42;AUXILIOS;1;AUXILIOS;10;RECURSOS ORDINARIOS;150000,0;150000,0;150000,0
9340483;3523;2022-06-08 00:00:00;PM OURO VERDE DE MINAS;18.404.947/0001-23;1261;SEE;SECRETARIA DE ESTADO DE EDUCACAO;41;CONTRIBUICOES;1;CONTRIBUICOES;21;COTA ESTADUAL DO SALARIO EDUCACAO - QESE;946168,45;946168,45;946168,45
9340483;3524;2022-06-08 00:00:00;PM OURO VERDE DE MINAS;18.404.947/0001-23;1261;SEE;SECRETARIA DE ESTADO DE EDUCACAO;41;CONTRIBUICOES;1;CONTRIBUICOES;21;COTA ESTADUAL DO SALARIO EDUCACAO - QESE;49063,67;49063,67;49063,67
9340483;3525;2022-06-08 00:00:00;PM OURO VERDE DE MINAS;18.404.947/0001-23;1261;SEE;SECRETARIA DE ESTADO DE EDUCACAO;41;CONTRIBUICOES;1;CONTRIBUICOES;21;COTA ESTADUAL DO SALARIO EDUCACAO - QESE;13032,0;13032,0;13032,0
9340484;3509;2022-06-08 00:00:00;PM TOMBOS;18.114.223/0001-45;1261;SEE;SECRETARIA DE ESTADO DE EDUCACAO;41;CONTRIBUICOES;1;CONTRIBUICOES;21;COTA ESTADUAL DO SALARIO EDUCACAO - QESE;392058,75;392058,75;392058,75
9340484;3511;2022-06-08 00:00:00;PM TOMBOS;18.114.223/0001-45;1261;SEE;SECRETARIA DE ESTADO DE EDUCACAO;41;CONTRIBUICOES;1;CONTRIBUICOES;21;COTA ESTADUAL DO SALARIO EDUCACAO - QESE;20330,25;20330,25;20330,25
9340484;3512;2022-06-08 00:00:00;PM TOMBOS;18.114.223/0001-45;1261;SEE;SECRETARIA DE ESTADO DE EDUCACAO;41;CONTRIBUICOES;1;CONTRIBUICOES;21;COTA ESTADUAL DO SALARIO EDUCACAO - QESE;5400,0;5400,0;5400,0
9340485;3513;2022-06-08 00:00:00;PM PERDOES;18.244.343/0001-67;1261;SEE;SECRETARIA DE ESTADO DE EDUCACAO;41;CONTRIBUICOES;1;CONTRIBUICOES;21;COTA ESTADUAL DO SALARIO EDUCACAO - QESE;1285952,7;1285952,7;1285952,7
9340485;3514;2022-06-08 00:00:00;PM PERDOES;18.244.343/0001-67;1261;SEE;SECRETARIA DE ESTADO DE EDUCACAO;41;CONTRIBUICOES;1;CONTRIBUICOES;21;COTA ESTADUAL DO SALARIO EDUCACAO - QESE;66683,22;66683,22;66683,22
9340485;3516;2022-06-08 00:00:00;PM PERDOES;18.244.343/0001-67;1261;SEE;SECRETARIA DE ESTADO DE EDUCACAO;41;CONTRIBUICOES;1;CONTRIBUICOES;21;COTA ESTADUAL DO SALARIO EDUCACAO - QESE;17712,0;17712,0;17712,0
9340486;3517;2022-06-08 00:00:00;PM CONGONHAS DO NORTE;18.303.180/0001-46;1261;SEE;SECRETARIA DE ESTADO DE EDUCACAO;41;CONTRIBUICOES;1;CONTRIBUICOES;21;COTA ESTADUAL DO SALARIO EDUCACAO - QESE;648203,8;648203,8;648203,8
9340486;3518;2022-06-08 00:00:00;PM CONGONHAS DO NORTE;18.303.180/0001-46;1261;SEE;SECRETARIA DE ESTADO DE EDUCACAO;41;CONTRIBUICOES;1;CONTRIBUICOES;21;COTA ESTADUAL DO SALARIO EDUCACAO - QESE;33612,68;33612,68;33612,68
9340486;3519;2022-06-08 00:00:00;PM CONGONHAS DO NORTE;18.303.180/0001-46;1261;SEE;SECRETARIA DE ESTADO DE EDUCACAO;41;CONTRIBUICOES;1;CONTRIBUICOES;21;COTA ESTADUAL DO SALARIO EDUCACAO - QESE;8928,0;8928,0;8928,0
9340492;167;2022-06-07 00:00:00;PM SENADOR CORTES;17.724.576/0001-02;1301;SEINFRA;SECRETARIA DE ESTADO DE INFRAESTRUTURA E MOBILIDADE;42;AUXILIOS;1;AUXILIOS;10;RECURSOS ORDINARIOS;500000,0;500000,0;500000,0
9340499;168;2022-06-07 00:00:00;PM TOMBOS;18.114.223/0001-45;1301;SEINFRA;SECRETARIA DE ESTADO DE INFRAESTRUTURA E MOBILIDADE;42;AUXILIOS;1;AUXILIOS;10;RECURSOS ORDINARIOS;300000,0;300000,0;300000,0
9340509;171;2022-06-07 00:00:00;PM GUAXUPE;18.663.401/0001-97;1301;SEINFRA;SECRETARIA DE ESTADO DE INFRAESTRUTURA E MOBILIDADE;42;AUXILIOS;1;AUXILIOS;32;EXPLORACAO DE RECURSOS MINERAIS;1500000,0;1500000,0;1500000,0
9340510;5285;2022-06-07 00:00:00;PM PIAU;18.338.236/0001-06;1491;SEGOV;SECRETARIA DE ESTADO DE GOVERNO;42;AUXILIOS;1;AUXILIOS;10;RECURSOS ORDINARIOS;77827,2;77827,2;77827,2
9340511;5282;2022-06-07 00:00:00;PM NOVA BELEM;01.613.169/0001-80;1491;SEGOV;SECRETARIA DE ESTADO DE GOVERNO;42;AUXILIOS;1;AUXILIOS;10;RECURSOS ORDINARIOS;276333,33;276333,33;276333,33
9340512;5284;2022-06-07 00:00:00;PM GOIANA;01.611.137/0001-45;1491;SEGOV;SECRETARIA DE ESTADO DE GOVERNO;42;AUXILIOS;1;AUXILIOS;10;RECURSOS ORDINARIOS;77826,99;77826,99;77826,99
9340514;5286;2022-06-07 00:00:00;PM NOVORIZONTE;01.616.420/0001-60;1491;SEGOV;SECRETARIA DE ESTADO DE GOVERNO;42;AUXILIOS;1;AUXILIOS;10;RECURSOS ORDINARIOS;351397,2;351397,2;351397,2
9340515;5283;2022-06-07 00:00:00;PM NOVA BELEM;01.613.169/0001-80;1491;SEGOV;SECRETARIA DE ESTADO DE GOVERNO;42;AUXILIOS;1;AUXILIOS;10;RECURSOS ORDINARIOS;77827,2;77827,2;77827,2
9340522;3520;2022-06-08 00:00:00;PM PEDRA AZUL;18.414.565/0001-80;1261;SEE;SECRETARIA DE ESTADO DE EDUCACAO;41;CONTRIBUICOES;1;CONTRIBUICOES;21;COTA ESTADUAL DO SALARIO EDUCACAO - QESE;1092537,05;1092537,05;1092537,05
9340522;3521;2022-06-08 00:00:00;PM PEDRA AZUL;18.414.565/0001-80;1261;SEE;SECRETARIA DE ESTADO DE EDUCACAO;41;CONTRIBUICOES;1;CONTRIBUICOES;21;COTA ESTADUAL DO SALARIO EDUCACAO - QESE;56653,63;56653,63;56653,63
9340522;3522;2022-06-08 00:00:00;PM PEDRA AZUL;18.414.565/0001-80;1261;SEE;SECRETARIA DE ESTADO DE EDUCACAO;41;CONTRIBUICOES;1;CONTRIBUICOES;21;COTA ESTADUAL DO SALARIO EDUCACAO - QESE;15048,0;15048,0;15048,0
9340523;3526;2022-06-08 00:00:00;PM DESTERRO DE ENTRE RIOS;20.356.762/0001-32;1261;SEE;SECRETARIA DE ESTADO DE EDUCACAO;41;CONTRIBUICOES;1;CONTRIBUICOES;21;COTA ESTADUAL DO SALARIO EDUCACAO - QESE;1265042,9;1265042,9;1265042,9
9340523;3527;2022-06-08 00:00:00;PM DESTERRO DE ENTRE RIOS;20.356.762/0001-32;1261;SEE;SECRETARIA DE ESTADO DE EDUCACAO;41;CONTRIBUICOES;1;CONTRIBUICOES;21;COTA ESTADUAL DO SALARIO EDUCACAO - QESE;65598,94;65598,94;65598,94
9340523;3528;2022-06-08 00:00:00;PM DESTERRO DE ENTRE RIOS;20.356.762/0001-32;1261;SEE;SECRETARIA DE ESTADO DE EDUCACAO;41;CONTRIBUICOES;1;CONTRIBUICOES;21;COTA ESTADUAL DO SALARIO EDUCACAO - QESE;17424,0;17424,0;17424,0
9340524;610;2022-06-08 00:00:00;PM MIRADOURO;17.947.623/0001-79;1261;SEE;SECRETARIA DE ESTADO DE EDUCACAO;42;AUXILIOS;1;AUXILIOS;10;RECURSOS ORDINARIOS;150000,0;150000,0;150000,0
9340525;609;2022-06-08 00:00:00;PM VESPASIANO;18.715.425/0001-42;1261;SEE;SECRETARIA DE ESTADO DE EDUCACAO;42;AUXILIOS;1;AUXILIOS;10;RECURSOS ORDINARIOS;150000,0;150000,0;150000,0
9340526;611;2022-06-08 00:00:00;PM TRES PONTAS;18.245.167/0001-88;1261;SEE;SECRETARIA DE ESTADO DE EDUCACAO;42;AUXILIOS;1;AUXILIOS;10;RECURSOS ORDINARIOS;150000,0;150000,0;150000,0
9340527;612;2022-06-08 00:00:00;PM FRUTAL;18.449.132/0001-60;1261;SEE;SECRETARIA DE ESTADO DE EDUCACAO;42;AUXILIOS;1;AUXILIOS;10;RECURSOS ORDINARIOS;148946,91;148946,91;148946,91
9340591;181;2022-06-09 00:00:00;PM JABOTICATUBAS;18.715.417/0001-04;1301;SEINFRA;SECRETARIA DE ESTADO DE INFRAESTRUTURA E MOBILIDADE;42;AUXILIOS;1;AUXILIOS;10;RECURSOS ORDINARIOS;5000000,0;5000000,0;5000000,0
9340592;183;2022-06-09 00:00:00;PM SIMONESIA;18.385.120/0001-10;1301;SEINFRA;SECRETARIA DE ESTADO DE INFRAESTRUTURA E MOBILIDADE;42;AUXILIOS;1;AUXILIOS;10;RECURSOS ORDINARIOS;250000,0;250000,0;250000,0
9340593;5287;2022-06-08 00:00:00;PM SAO JOAO DA LAGOA;01.612.494/0001-28;1491;SEGOV;SECRETARIA DE ESTADO DE GOVERNO;42;AUXILIOS;1;AUXILIOS;10;RECURSOS ORDINARIOS;78613,33;78613,33;78613,33
9340594;5288;2022-06-08 00:00:00;PM ESPERA FELIZ;18.114.264/0001-31;1491;SEGOV;SECRETARIA DE ESTADO DE GOVERNO;42;AUXILIOS;1;AUXILIOS;10;RECURSOS ORDINARIOS;78219,33;78219,33;78219,33
9340595;5290;2022-06-08 00:00:00;PM SAO JOAO DAS MISSOES;01.612.486/0001-81;1491;SEGOV;SECRETARIA DE ESTADO DE GOVERNO;42;AUXILIOS;1;AUXILIOS;10;RECURSOS ORDINARIOS;77827,0;77827,0;77827,0
9340596;5291;2022-06-08 00:00:00;PM SAO JOAO DO MANHUACU;66.232.521/0001-82;1491;SEGOV;SECRETARIA DE ESTADO DE GOVERNO;42;AUXILIOS;1;AUXILIOS;10;RECURSOS ORDINARIOS;312881,06;312881,06;312881,06
9340597;5292;2022-06-08 00:00:00;PM BOM JESUS DA PENHA;18.187.815/0001-97;1491;SEGOV;SECRETARIA DE ESTADO DE GOVERNO;42;AUXILIOS;1;AUXILIOS;10;RECURSOS ORDINARIOS;77827,2;77827,2;77827,2
9340603;5293;2022-06-08 00:00:00;PM PITANGUI;18.315.226/0001-47;1491;SEGOV;SECRETARIA DE ESTADO DE GOVERNO;42;AUXILIOS;1;AUXILIOS;10;RECURSOS ORDINARIOS;113262,6;113262,6;113262,6
9340604;5294;2022-06-08 00:00:00;PM MARAVILHAS;18.313.841/0001-14;1491;SEGOV;SECRETARIA DE ESTADO DE GOVERNO;42;AUXILIOS;1;AUXILIOS;10;RECURSOS ORDINARIOS;77827,2;77827,2;77827,2
9340605;5289;2022-06-08 00:00:00;PM MONTE BELO;18.668.376/0001-34;1491;SEGOV;SECRETARIA DE ESTADO DE GOVERNO;42;AUXILIOS;1;AUXILIOS;10;RECURSOS ORDINARIOS;77813,33;77813,33;77813,33
9340612;176;2022-06-08 00:00:00;PM MONTEZUMA;25.223.983/0001-56;1301;SEINFRA;SECRETARIA DE ESTADO DE INFRAESTRUTURA E MOBILIDADE;42;AUXILIOS;1;AUXILIOS;10;RECURSOS ORDINARIOS;500000,0;500000,0;500000,0
9340613;177;2022-06-08 00:00:00;PM GUIRICEMA;18.137.943/0001-26;1301;SEINFRA;SECRETARIA DE ESTADO DE INFRAESTRUTURA E MOBILIDADE;42;AUXILIOS;1;AUXILIOS;10;RECURSOS ORDINARIOS;250000,0;250000,0;250000,0
9340614;178;2022-06-08 00:00:00;PM DIVINO;18.114.272/0001-88;1301;SEINFRA;SECRETARIA DE ESTADO DE INFRAESTRUTURA E MOBILIDADE;42;AUXILIOS;1;AUXILIOS;10;RECURSOS ORDINARIOS;1000000,0;1000000,0;1000000,0
9340619;180;2022-06-08 00:00:00;PM BONFIM;18.363.945/0001-33;1301;SEINFRA;SECRETARIA DE ESTADO DE INFRAESTRUTURA E MOBILIDADE;42;AUXILIOS;1;AUXILIOS;10;RECURSOS ORDINARIOS;250000,0;250000,0;250000,0
9340779;5295;2022-06-10 00:00:00;PM NATERCIA;17.935.412/0001-16;1491;SEGOV;SECRETARIA DE ESTADO DE GOVERNO;42;AUXILIOS;1;AUXILIOS;10;RECURSOS ORDINARIOS;150000,0;150000,0;150000,0
9340780;5296;2022-06-10 00:00:00;PM CORREGO NOVO;18.334.284/0001-18;1491;SEGOV;SECRETARIA DE ESTADO DE GOVERNO;42;AUXILIOS;1;AUXILIOS;10;RECURSOS ORDINARIOS;155654,39;155654,39;155654,39
9340781;189;2022-06-10 00:00:00;PM BELO HORIZONTE;18.715.383/0001-40;1301;SEINFRA;SECRETARIA DE ESTADO DE INFRAESTRUTURA E MOBILIDADE;42;AUXILIOS;1;AUXILIOS;95;RECURSOS RECEBIDOS POR DANOS ADVINDOS DE DESASTRES SOCIOAMBIENTAIS;0,0;0,0;0,0
9340781;193;2022-06-14 00:00:00;PM BELO HORIZONTE;18.715.383/0001-40;1301;SEINFRA;SECRETARIA DE ESTADO DE INFRAESTRUTURA E MOBILIDADE;42;AUXILIOS;1;AUXILIOS;95;RECURSOS RECEBIDOS POR DANOS ADVINDOS DE DESASTRES SOCIOAMBIENTAIS;35423122,79;35423122,79;35423122,79
9340781;546;2022-12-30 00:00:00;PM BELO HORIZONTE;18.715.383/0001-40;1301;SEINFRA;SECRETARIA DE ESTADO DE INFRAESTRUTURA E MOBILIDADE;42;AUXILIOS;1;AUXILIOS;95;RECURSOS RECEBIDOS POR DANOS ADVINDOS DE DESASTRES SOCIOAMBIENTAIS;35423122,78;35423122,78;0,0
9340782;5297;2022-06-10 00:00:00;PM INDIANOPOLIS;18.259.390/0001-84;1491;SEGOV;SECRETARIA DE ESTADO DE GOVERNO;42;AUXILIOS;1;AUXILIOS;10;RECURSOS ORDINARIOS;121760,0;121760,0;121760,0
9340783;5298;2022-06-10 00:00:00;PM LASSANCE;18.279.125/0001-68;1491;SEGOV;SECRETARIA DE ESTADO DE GOVERNO;42;AUXILIOS;1;AUXILIOS;10;RECURSOS ORDINARIOS;78220,2;78220,2;78220,2
9340784;5299;2022-06-10 00:00:00;PM VISCONDE DO RIO BRANCO;18.137.927/0001-33;1491;SEGOV;SECRETARIA DE ESTADO DE GOVERNO;42;AUXILIOS;1;AUXILIOS;10;RECURSOS ORDINARIOS;500000,0;500000,0;500000,0
9340785;5300;2022-06-10 00:00:00;PM VISCONDE DO RIO BRANCO;18.137.927/0001-33;1491;SEGOV;SECRETARIA DE ESTADO DE GOVERNO;42;AUXILIOS;1;AUXILIOS;10;RECURSOS ORDINARIOS;77827,2;77827,2;77827,2
9340786;72;2022-06-10 00:00:00;PM FELIXLANDIA;17.695.032/0001-51;1261;SEE;SECRETARIA DE ESTADO DE EDUCACAO;42;AUXILIOS;1;AUXILIOS;10;RECURSOS ORDINARIOS;220000,0;220000,0;220000,0
9340787;74;2022-06-10 00:00:00;PM PALMA;17.734.906/0001-32;1261;SEE;SECRETARIA DE ESTADO DE EDUCACAO;42;AUXILIOS;1;AUXILIOS;10;RECURSOS ORDINARIOS;117546,5;117546,5;117546,5
9340787;75;2022-06-10 00:00:00;PM PALMA;17.734.906/0001-32;1261;SEE;SECRETARIA DE ESTADO DE EDUCACAO;42;AUXILIOS;1;AUXILIOS;10;RECURSOS ORDINARIOS;72320,8;72320,8;72320,8
9340788;73;2022-06-10 00:00:00;PM LEOPOLDINA;17.733.643/0001-47;1261;SEE;SECRETARIA DE ESTADO DE EDUCACAO;42;AUXILIOS;1;AUXILIOS;10;RECURSOS ORDINARIOS;150000,0;150000,0;150000,0
9340789;78;2022-06-10 00:00:00;PM SAO JOAO NEPOMUCENO;18.558.072/0001-14;1261;SEE;SECRETARIA DE ESTADO DE EDUCACAO;42;AUXILIOS;1;AUXILIOS;10;RECURSOS ORDINARIOS;150000,0;150000,0;150000,0
9340790;77;2022-06-10 00:00:00;PM SANTA HELENA DE MINAS;01.613.395/0001-60;1261;SEE;SECRETARIA DE ESTADO DE EDUCACAO;42;AUXILIOS;1;AUXILIOS;10;RECURSOS ORDINARIOS;150000,0;150000,0;150000,0
9340791;81;2022-06-10 00:00:00;PM CARVALHOPOLIS;18.242.800/0001-84;1261;SEE;SECRETARIA DE ESTADO DE EDUCACAO;42;AUXILIOS;1;AUXILIOS;10;RECURSOS ORDINARIOS;150000,0;150000,0;150000,0
9340792;82;2022-06-13 00:00:00;PM PIRANGUINHO;18.192.906/0001-10;1261;SEE;SECRETARIA DE ESTADO DE EDUCACAO;42;AUXILIOS;1;AUXILIOS;10;RECURSOS ORDINARIOS;150000,0;150000,0;150000,0
9340793;80;2022-06-10 00:00:00;PM SANTANA DO GARAMBEU;18.338.285/0001-30;1261;SEE;SECRETARIA DE ESTADO DE EDUCACAO;42;AUXILIOS;1;AUXILIOS;10;RECURSOS ORDINARIOS;167546,5;167546,5;167546,5
9340794;79;2022-06-10 00:00:00;PM ASTOLFO DUTRA;17.702.507/0001-90;1261;SEE;SECRETARIA DE ESTADO DE EDUCACAO;42;AUXILIOS;1;AUXILIOS;10;RECURSOS ORDINARIOS;300000,0;300000,0;300000,0
9340795;162;2022-06-20 00:00:00;PM IPATINGA;19.876.424/0001-42;1231;SEAPA;SECRETARIA DE ESTADO DE AGRICULTURA, PECUARIA E ABASTECIMENTO - SEAPA;41;CONTRIBUICOES;1;CONTRIBUICOES;10;RECURSOS ORDINARIOS;78613,33;78613,33;78613,33
9340796;83;2022-06-13 00:00:00;PM PARACATU;18.278.051/0001-45;1261;SEE;SECRETARIA DE ESTADO DE EDUCACAO;42;AUXILIOS;1;AUXILIOS;10;RECURSOS ORDINARIOS;149999,95;149999,95;149999,95
9340797;3254;2022-06-13 00:00:00;PM LADAINHA;18.404.863/0001-90;1261;SEE;SECRETARIA DE ESTADO DE EDUCACAO;42;AUXILIOS;1;AUXILIOS;23;FUNDO DE MANUTENCAO E DESENVOLVIMENTO DA EDUCACAO BASICA - FUNDEB;3344189,12;3344189,12;3344189,12
9340798;3761;2022-06-10 00:00:00;PM PARAGUACU;18.008.193/0001-92;1261;SEE;SECRETARIA DE ESTADO DE EDUCACAO;41;CONTRIBUICOES;1;CONTRIBUICOES;21;COTA ESTADUAL DO SALARIO EDUCACAO - QESE;334556,8;334556,8;334556,8
9340798;3762;2022-06-10 00:00:00;PM PARAGUACU;18.008.193/0001-92;1261;SEE;SECRETARIA DE ESTADO DE EDUCACAO;41;CONTRIBUICOES;1;CONTRIBUICOES;21;COTA ESTADUAL DO SALARIO EDUCACAO - QESE;17348,48;17348,48;17348,48
9340798;3764;2022-06-10 00:00:00;PM PARAGUACU;18.008.193/0001-92;1261;SEE;SECRETARIA DE ESTADO DE EDUCACAO;41;CONTRIBUICOES;1;CONTRIBUICOES;21;COTA ESTADUAL DO SALARIO EDUCACAO - QESE;4608,0;4608,0;4608,0
9340799;3757;2022-06-10 00:00:00;PM SANTANA DO MANHUACU;18.385.146/0001-68;1261;SEE;SECRETARIA DE ESTADO DE EDUCACAO;41;CONTRIBUICOES;1;CONTRIBUICOES;21;COTA ESTADUAL DO SALARIO EDUCACAO - QESE;418196,0;418196,0;418196,0
9340799;3758;2022-06-10 00:00:00;PM SANTANA DO MANHUACU;18.385.146/0001-68;1261;SEE;SECRETARIA DE ESTADO DE EDUCACAO;41;CONTRIBUICOES;1;CONTRIBUICOES;21;COTA ESTADUAL DO SALARIO EDUCACAO - QESE;21685,6;21685,6;21685,6
9340799;3759;2022-06-10 00:00:00;PM SANTANA DO MANHUACU;18.385.146/0001-68;1261;SEE;SECRETARIA DE ESTADO DE EDUCACAO;41;CONTRIBUICOES;1;CONTRIBUICOES;21;COTA ESTADUAL DO SALARIO EDUCACAO - QESE;5760,0;5760,0;5760,0
9340823;3754;2022-06-10 00:00:00;PM NOVA UNIAO;18.302.307/0001-02;1261;SEE;SECRETARIA DE ESTADO DE EDUCACAO;41;CONTRIBUICOES;1;CONTRIBUICOES;21;COTA ESTADUAL DO SALARIO EDUCACAO - QESE;535028,84;535028,84;535028,84
9340823;3755;2022-06-10 00:00:00;PM NOVA UNIAO;18.302.307/0001-02;1261;SEE;SECRETARIA DE ESTADO DE EDUCACAO;41;CONTRIBUICOES;1;CONTRIBUICOES;21;COTA ESTADUAL DO SALARIO EDUCACAO - QESE;24125,23;24125,23;24125,23
9340823;3756;2022-06-10 00:00:00;PM NOVA UNIAO;18.302.307/0001-02;1261;SEE;SECRETARIA DE ESTADO DE EDUCACAO;41;CONTRIBUICOES;1;CONTRIBUICOES;21;COTA ESTADUAL DO SALARIO EDUCACAO - QESE;6408,0;6408,0;6408,0
9340840;3751;2022-06-10 00:00:00;PM CURVELO;17.695.024/0001-05;1261;SEE;SECRETARIA DE ESTADO DE EDUCACAO;41;CONTRIBUICOES;1;CONTRIBUICOES;21;COTA ESTADUAL DO SALARIO EDUCACAO - QESE;622066,55;622066,55;622066,55
9340840;3752;2022-06-10 00:00:00;PM CURVELO;17.695.024/0001-05;1261;SEE;SECRETARIA DE ESTADO DE EDUCACAO;41;CONTRIBUICOES;1;CONTRIBUICOES;21;COTA ESTADUAL DO SALARIO EDUCACAO - QESE;32257,33;32257,33;32257,33
9340840;3753;2022-06-10 00:00:00;PM CURVELO;17.695.024/0001-05;1261;SEE;SECRETARIA DE ESTADO DE EDUCACAO;41;CONTRIBUICOES;1;CONTRIBUICOES;21;COTA ESTADUAL DO SALARIO EDUCACAO - QESE;8568,0;8568,0;8568,0
9340853;3748;2022-06-10 00:00:00;PM PIRACEMA;17.980.392/0001-03;1261;SEE;SECRETARIA DE ESTADO DE EDUCACAO;41;CONTRIBUICOES;1;CONTRIBUICOES;21;COTA ESTADUAL DO SALARIO EDUCACAO - QESE;538427,35;538427,35;538427,35
9340853;3749;2022-06-10 00:00:00;PM PIRACEMA;17.980.392/0001-03;1261;SEE;SECRETARIA DE ESTADO DE EDUCACAO;41;CONTRIBUICOES;1;CONTRIBUICOES;21;COTA ESTADUAL DO SALARIO EDUCACAO - QESE;27920,21;27920,21;27920,21
9340853;3750;2022-06-10 00:00:00;PM PIRACEMA;17.980.392/0001-03;1261;SEE;SECRETARIA DE ESTADO DE EDUCACAO;41;CONTRIBUICOES;1;CONTRIBUICOES;21;COTA ESTADUAL DO SALARIO EDUCACAO - QESE;7416,0;7416,0;7416,0
9340934;3731;2022-06-10 00:00:00;PM BERTOPOLIS;18.404.897/0001-84;1261;SEE;SECRETARIA DE ESTADO DE EDUCACAO;41;CONTRIBUICOES;1;CONTRIBUICOES;21;COTA ESTADUAL DO SALARIO EDUCACAO - QESE;360694,05;360694,05;360694,05
9340934;3732;2022-06-10 00:00:00;PM BERTOPOLIS;18.404.897/0001-84;1261;SEE;SECRETARIA DE ESTADO DE EDUCACAO;41;CONTRIBUICOES;1;CONTRIBUICOES;21;COTA ESTADUAL DO SALARIO EDUCACAO - QESE;18703,83;18703,83;18703,83
9340934;3734;2022-06-10 00:00:00;PM BERTOPOLIS;18.404.897/0001-84;1261;SEE;SECRETARIA DE ESTADO DE EDUCACAO;41;CONTRIBUICOES;1;CONTRIBUICOES;21;COTA ESTADUAL DO SALARIO EDUCACAO - QESE;4968,0;4968,0;4968,0
9340935;3745;2022-06-10 00:00:00;PM UBA;18.128.207/0001-01;1261;SEE;SECRETARIA DE ESTADO DE EDUCACAO;41;CONTRIBUICOES;1;CONTRIBUICOES;21;COTA ESTADUAL DO SALARIO EDUCACAO - QESE;5551551,9;5551551,9;5551551,9
9340935;3746;2022-06-10 00:00:00;PM UBA;18.128.207/0001-01;1261;SEE;SECRETARIA DE ESTADO DE EDUCACAO;41;CONTRIBUICOES;1;CONTRIBUICOES;21;COTA ESTADUAL DO SALARIO EDUCACAO - QESE;287876,34;287876,34;287876,34
9340935;3747;2022-06-10 00:00:00;PM UBA;18.128.207/0001-01;1261;SEE;SECRETARIA DE ESTADO DE EDUCACAO;41;CONTRIBUICOES;1;CONTRIBUICOES;21;COTA ESTADUAL DO SALARIO EDUCACAO - QESE;76464,0;76464,0;76464,0
9340936;3786;2022-06-13 00:00:00;PM ITINGA;18.348.748/0001-45;1261;SEE;SECRETARIA DE ESTADO DE EDUCACAO;42;AUXILIOS;1;AUXILIOS;23;FUNDO DE MANUTENCAO E DESENVOLVIMENTO DA EDUCACAO BASICA - FUNDEB;265000,0;265000,0;265000,0
9340937;3789;2022-06-13 00:00:00;PM POCO FUNDO;18.242.792/0001-76;1261;SEE;SECRETARIA DE ESTADO DE EDUCACAO;42;AUXILIOS;1;AUXILIOS;23;FUNDO DE MANUTENCAO E DESENVOLVIMENTO DA EDUCACAO BASICA - FUNDEB;359300,0;359300,0;359300,0
9340938;3784;2022-06-13 00:00:00;PM MONTE ALEGRE DE MINAS;18.431.155/0001-48;1261;SEE;SECRETARIA DE ESTADO DE EDUCACAO;42;AUXILIOS;1;AUXILIOS;23;FUNDO DE MANUTENCAO E DESENVOLVIMENTO DA EDUCACAO BASICA - FUNDEB;1321400,0;1321400,0;1321400,0
9340940;465;2022-06-20 00:00:00;PM GLAUCILANDIA;01.612.496/0001-17;1371;SEMAD;SECRETARIA DE ESTADO DE MEIO AMBIENTE E DESENVOLVIMENTO SUSTENTAVEL;41;CONTRIBUICOES;1;CONTRIBUICOES;10;RECURSOS ORDINARIOS;550000,0;550000,0;550000,0
9340941;3820;2022-06-13 00:00:00;PM SENADOR JOSE BENTO;18.675.926/0001-42;1261;SEE;SECRETARIA DE ESTADO DE EDUCACAO;42;AUXILIOS;1;AUXILIOS;23;FUNDO DE MANUTENCAO E DESENVOLVIMENTO DA EDUCACAO BASICA - FUNDEB;100000,0;100000,0;100000,0
9340942;3767;2022-06-13 00:00:00;PM POTE;18.404.970/0001-18;1261;SEE;SECRETARIA DE ESTADO DE EDUCACAO;42;AUXILIOS;1;AUXILIOS;23;FUNDO DE MANUTENCAO E DESENVOLVIMENTO DA EDUCACAO BASICA - FUNDEB;1056400,0;1056400,0;1056400,0
9340943;3768;2022-06-13 00:00:00;PM DIVINO;18.114.272/0001-88;1261;SEE;SECRETARIA DE ESTADO DE EDUCACAO;42;AUXILIOS;1;AUXILIOS;23;FUNDO DE MANUTENCAO E DESENVOLVIMENTO DA EDUCACAO BASICA - FUNDEB;100000,0;100000,0;100000,0
9340945;3772;2022-06-13 00:00:00;PM NOVA BELEM;01.613.169/0001-80;1261;SEE;SECRETARIA DE ESTADO DE EDUCACAO;42;AUXILIOS;1;AUXILIOS;23;FUNDO DE MANUTENCAO E DESENVOLVIMENTO DA EDUCACAO BASICA - FUNDEB;200000,0;200000,0;200000,0
9340946;3769;2022-06-13 00:00:00;PM MONTES CLAROS;22.678.874/0001-35;1261;SEE;SECRETARIA DE ESTADO DE EDUCACAO;42;AUXILIOS;1;AUXILIOS;23;FUNDO DE MANUTENCAO E DESENVOLVIMENTO DA EDUCACAO BASICA - FUNDEB;596572,9;596572,9;596572,9
9340947;3771;2022-06-13 00:00:00;PM MONTES CLAROS;22.678.874/0001-35;1261;SEE;SECRETARIA DE ESTADO DE EDUCACAO;42;AUXILIOS;1;AUXILIOS;23;FUNDO DE MANUTENCAO E DESENVOLVIMENTO DA EDUCACAO BASICA - FUNDEB;284932,5;284932,5;284932,5
9340948;3723;2022-06-10 00:00:00;PM CAJURI;18.132.456/0001-70;1261;SEE;SECRETARIA DE ESTADO DE EDUCACAO;42;AUXILIOS;1;AUXILIOS;23;FUNDO DE MANUTENCAO E DESENVOLVIMENTO DA EDUCACAO BASICA - FUNDEB;100000,0;100000,0;100000,0
9340949;3726;2022-06-10 00:00:00;PM SAO JOAO DO MANHUACU;66.232.521/0001-82;1261;SEE;SECRETARIA DE ESTADO DE EDUCACAO;42;AUXILIOS;1;AUXILIOS;23;FUNDO DE MANUTENCAO E DESENVOLVIMENTO DA EDUCACAO BASICA - FUNDEB;100000,0;100000,0;100000,0
9340950;3823;2022-06-13 00:00:00;PM ITUMIRIM;18.244.392/0001-08;1261;SEE;SECRETARIA DE ESTADO DE EDUCACAO;42;AUXILIOS;1;AUXILIOS;23;FUNDO DE MANUTENCAO E DESENVOLVIMENTO DA EDUCACAO BASICA - FUNDEB;300000,0;300000,0;300000,0
9340951;464;2022-06-20 00:00:00;PM SAO JOAO DAS MISSOES;01.612.486/0001-81;1371;SEMAD;SECRETARIA DE ESTADO DE MEIO AMBIENTE E DESENVOLVIMENTO SUSTENTAVEL;41;CONTRIBUICOES;1;CONTRIBUICOES;10;RECURSOS ORDINARIOS;361877,03;361877,03;361877,03
9340953;3825;2022-06-13 00:00:00;PM LAMIM;24.179.426/0001-12;1261;SEE;SECRETARIA DE ESTADO DE EDUCACAO;42;AUXILIOS;1;AUXILIOS;23;FUNDO DE MANUTENCAO E DESENVOLVIMENTO DA EDUCACAO BASICA - FUNDEB;100000,0;100000,0;100000,0
9340954;3815;2022-06-13 00:00:00;PM CORREGO NOVO;18.334.284/0001-18;1261;SEE;SECRETARIA DE ESTADO DE EDUCACAO;42;AUXILIOS;1;AUXILIOS;23;FUNDO DE MANUTENCAO E DESENVOLVIMENTO DA EDUCACAO BASICA - FUNDEB;2278666,66;2278666,66;2278666,66
9340955;3787;2022-06-13 00:00:00;PM FERROS;18.299.529/0001-13;1261;SEE;SECRETARIA DE ESTADO DE EDUCACAO;42;AUXILIOS;1;AUXILIOS;23;FUNDO DE MANUTENCAO E DESENVOLVIMENTO DA EDUCACAO BASICA - FUNDEB;1347000,0;1347000,0;1347000,0
9340957;531;2022-06-23 00:00:00;PM BUGRE;01.613.126/0001-02;1371;SEMAD;SECRETARIA DE ESTADO DE MEIO AMBIENTE E DESENVOLVIMENTO SUSTENTAVEL;41;CONTRIBUICOES;1;CONTRIBUICOES;72;TAXA DE FISCALIZACAO DE RECURSOS MINERARIOS;300000,0;300000,0;300000,0
9340959;3824;2022-06-13 00:00:00;PM LUISLANDIA;01.612.887/0001-31;1261;SEE;SECRETARIA DE ESTADO DE EDUCACAO;42;AUXILIOS;1;AUXILIOS;23;FUNDO DE MANUTENCAO E DESENVOLVIMENTO DA EDUCACAO BASICA - FUNDEB;400000,0;400000,0;400000,0
9340960;3788;2022-06-13 00:00:00;PM SAO JOAO DO ORIENTE;18.338.848/0001-90;1261;SEE;SECRETARIA DE ESTADO DE EDUCACAO;42;AUXILIOS;1;AUXILIOS;23;FUNDO DE MANUTENCAO E DESENVOLVIMENTO DA EDUCACAO BASICA - FUNDEB;100000,0;100000,0;100000,0
9340961;3790;2022-06-13 00:00:00;PM SAO JOAO DO ORIENTE;18.338.848/0001-90;1261;SEE;SECRETARIA DE ESTADO DE EDUCACAO;42;AUXILIOS;1;AUXILIOS;23;FUNDO DE MANUTENCAO E DESENVOLVIMENTO DA EDUCACAO BASICA - FUNDEB;100000,0;100000,0;100000,0
9340962;533;2022-06-23 00:00:00;PM MATIPO;18.385.104/0001-27;1371;SEMAD;SECRETARIA DE ESTADO DE MEIO AMBIENTE E DESENVOLVIMENTO SUSTENTAVEL;41;CONTRIBUICOES;1;CONTRIBUICOES;72;TAXA DE FISCALIZACAO DE RECURSOS MINERARIOS;150000,0;150000,0;150000,0
9340963;3780;2022-06-13 00:00:00;PM PIRAJUBA;18.428.847/0001-37;1261;SEE;SECRETARIA DE ESTADO DE EDUCACAO;42;AUXILIOS;1;AUXILIOS;23;FUNDO DE MANUTENCAO E DESENVOLVIMENTO DA EDUCACAO BASICA - FUNDEB;278000,0;278000,0;278000,0
9340964;3782;2022-06-13 00:00:00;PM PIRAJUBA;18.428.847/0001-37;1261;SEE;SECRETARIA DE ESTADO DE EDUCACAO;42;AUXILIOS;1;AUXILIOS;23;FUNDO DE MANUTENCAO E DESENVOLVIMENTO DA EDUCACAO BASICA - FUNDEB;300000,0;300000,0;300000,0
9340965;3791;2022-06-13 00:00:00;PM SAO JOAO DA LAGOA;01.612.494/0001-28;1261;SEE;SECRETARIA DE ESTADO DE EDUCACAO;42;AUXILIOS;1;AUXILIOS;23;FUNDO DE MANUTENCAO E DESENVOLVIMENTO DA EDUCACAO BASICA - FUNDEB;485000,0;485000,0;485000,0
9340966;3773;2022-06-13 00:00:00;PM SAO JOSE DO DIVINO;18.404.988/0001-10;1261;SEE;SECRETARIA DE ESTADO DE EDUCACAO;42;AUXILIOS;1;AUXILIOS;23;FUNDO DE MANUTENCAO E DESENVOLVIMENTO DA EDUCACAO BASICA - FUNDEB;100000,0;100000,0;100000,0
9340967;3792;2022-06-13 00:00:00;PM POCOS DE CALDAS;18.629.840/0001-83;1261;SEE;SECRETARIA DE ESTADO DE EDUCACAO;42;AUXILIOS;1;AUXILIOS;23;FUNDO DE MANUTENCAO E DESENVOLVIMENTO DA EDUCACAO BASICA - FUNDEB;200000,0;200000,0;200000,0
9340968;3737;2022-06-10 00:00:00;PM UMBURATIBA;18.404.996/0001-66;1261;SEE;SECRETARIA DE ESTADO DE EDUCACAO;42;AUXILIOS;1;AUXILIOS;23;FUNDO DE MANUTENCAO E DESENVOLVIMENTO DA EDUCACAO BASICA - FUNDEB;100000,0;100000,0;100000,0
9340970;3733;2022-06-10 00:00:00;PM CONSELHEIRO LAFAIETE;19.718.360/0001-51;1261;SEE;SECRETARIA DE ESTADO DE EDUCACAO;42;AUXILIOS;1;AUXILIOS;23;FUNDO DE MANUTENCAO E DESENVOLVIMENTO DA EDUCACAO BASICA - FUNDEB;200000,0;200000,0;200000,0
9340971;3735;2022-06-10 00:00:00;PM CONSELHEIRO LAFAIETE;19.718.360/0001-51;1261;SEE;SECRETARIA DE ESTADO DE EDUCACAO;42;AUXILIOS;1;AUXILIOS;23;FUNDO DE MANUTENCAO E DESENVOLVIMENTO DA EDUCACAO BASICA - FUNDEB;100000,0;100000,0;100000,0
9340972;3736;2022-06-10 00:00:00;PM CONSELHEIRO LAFAIETE;19.718.360/0001-51;1261;SEE;SECRETARIA DE ESTADO DE EDUCACAO;42;AUXILIOS;1;AUXILIOS;23;FUNDO DE MANUTENCAO E DESENVOLVIMENTO DA EDUCACAO BASICA - FUNDEB;50000,0;50000,0;50000,0
9340973;3741;2022-06-10 00:00:00;PM TRES MARIAS;17.695.008/0001-12;1261;SEE;SECRETARIA DE ESTADO DE EDUCACAO;42;AUXILIOS;1;AUXILIOS;23;FUNDO DE MANUTENCAO E DESENVOLVIMENTO DA EDUCACAO BASICA - FUNDEB;100000,0;100000,0;100000,0
9340974;3728;2022-06-10 00:00:00;PM CONCEICAO DA PEDRA;18.025.908/0001-15;1261;SEE;SECRETARIA DE ESTADO DE EDUCACAO;42;AUXILIOS;1;AUXILIOS;23;FUNDO DE MANUTENCAO E DESENVOLVIMENTO DA EDUCACAO BASICA - FUNDEB;100000,0;100000,0;100000,0
9340975;3743;2022-06-10 00:00:00;PM TEIXEIRAS;18.134.056/0001-02;1261;SEE;SECRETARIA DE ESTADO DE EDUCACAO;42;AUXILIOS;1;AUXILIOS;23;FUNDO DE MANUTENCAO E DESENVOLVIMENTO DA EDUCACAO BASICA - FUNDEB;270000,0;270000,0;270000,0
9340977;3818;2022-06-13 00:00:00;PM CONEGO MARINHO;01.612.492/0001-39;1261;SEE;SECRETARIA DE ESTADO DE EDUCACAO;42;AUXILIOS;1;AUXILIOS;23;FUNDO DE MANUTENCAO E DESENVOLVIMENTO DA EDUCACAO BASICA - FUNDEB;566933,87;566933,87;566933,87
9340978;3819;2022-06-13 00:00:00;PM BALDIM;18.116.129/0001-25;1261;SEE;SECRETARIA DE ESTADO DE EDUCACAO;42;AUXILIOS;1;AUXILIOS;23;FUNDO DE MANUTENCAO E DESENVOLVIMENTO DA EDUCACAO BASICA - FUNDEB;566933,87;566933,87;566933,87
9340980;3814;2022-06-13 00:00:00;PM NEPOMUCENO;18.244.350/0001-69;1261;SEE;SECRETARIA DE ESTADO DE EDUCACAO;42;AUXILIOS;1;AUXILIOS;23;FUNDO DE MANUTENCAO E DESENVOLVIMENTO DA EDUCACAO BASICA - FUNDEB;2138400,0;2138400,0;2138400,0
9340981;3785;2022-06-13 00:00:00;PM CONSELHEIRO PENA;19.769.660/0001-60;1261;SEE;SECRETARIA DE ESTADO DE EDUCACAO;42;AUXILIOS;1;AUXILIOS;23;FUNDO DE MANUTENCAO E DESENVOLVIMENTO DA EDUCACAO BASICA - FUNDEB;817000,0;817000,0;817000,0
9340982;3781;2022-06-13 00:00:00;PM CARMOPOLIS DE MINAS;18.312.983/0001-67;1261;SEE;SECRETARIA DE ESTADO DE EDUCACAO;42;AUXILIOS;1;AUXILIOS;23;FUNDO DE MANUTENCAO E DESENVOLVIMENTO DA EDUCACAO BASICA - FUNDEB;1423999,99;1423999,99;1423999,99
9340984;3813;2022-06-13 00:00:00;PM CONGONHAL;18.675.967/0001-39;1261;SEE;SECRETARIA DE ESTADO DE EDUCACAO;42;AUXILIOS;1;AUXILIOS;23;FUNDO DE MANUTENCAO E DESENVOLVIMENTO DA EDUCACAO BASICA - FUNDEB;2068166,66;2068166,66;2068166,66
9340988;191;2022-06-14 00:00:00;PM CENTRAL DE MINAS;17.990.714/0001-97;1301;SEINFRA;SECRETARIA DE ESTADO DE INFRAESTRUTURA E MOBILIDADE;42;AUXILIOS;1;AUXILIOS;10;RECURSOS ORDINARIOS;250000,0;250000,0;250000,0
9340989;3770;2022-06-13 00:00:00;PM URUANA DE MINAS;01.609.942/0001-34;1261;SEE;SECRETARIA DE ESTADO DE EDUCACAO;42;AUXILIOS;1;AUXILIOS;23;FUNDO DE MANUTENCAO E DESENVOLVIMENTO DA EDUCACAO BASICA - FUNDEB;1296200,0;1296200,0;1296200,0
9340990;3799;2022-06-13 00:00:00;PM ENTRE FOLHAS;66.229.626/0001-82;1261;SEE;SECRETARIA DE ESTADO DE EDUCACAO;42;AUXILIOS;1;AUXILIOS;23;FUNDO DE MANUTENCAO E DESENVOLVIMENTO DA EDUCACAO BASICA - FUNDEB;1443300,0;1443300,0;1443300,0
9340991;3774;2022-06-13 00:00:00;PM GUIRICEMA;18.137.943/0001-26;1261;SEE;SECRETARIA DE ESTADO DE EDUCACAO;42;AUXILIOS;1;AUXILIOS;23;FUNDO DE MANUTENCAO E DESENVOLVIMENTO DA EDUCACAO BASICA - FUNDEB;3200613,33;3200613,33;3200613,33
9340992;3796;2022-06-13 00:00:00;PM SAO BRAS DO SUACUI;20.356.754/0001-96;1261;SEE;SECRETARIA DE ESTADO DE EDUCACAO;42;AUXILIOS;1;AUXILIOS;23;FUNDO DE MANUTENCAO E DESENVOLVIMENTO DA EDUCACAO BASICA - FUNDEB;100000,0;100000,0;100000,0
9340993;3740;2022-06-10 00:00:00;PM UMBURATIBA;18.404.996/0001-66;1261;SEE;SECRETARIA DE ESTADO DE EDUCACAO;42;AUXILIOS;1;AUXILIOS;23;FUNDO DE MANUTENCAO E DESENVOLVIMENTO DA EDUCACAO BASICA - FUNDEB;100000,0;100000,0;100000,0
9340994;3793;2022-06-13 00:00:00;PM MATO VERDE;17.782.616/0001-64;1261;SEE;SECRETARIA DE ESTADO DE EDUCACAO;42;AUXILIOS;1;AUXILIOS;23;FUNDO DE MANUTENCAO E DESENVOLVIMENTO DA EDUCACAO BASICA - FUNDEB;400000,0;400000,0;400000,0
9340995;3794;2022-06-13 00:00:00;PM MATO VERDE;17.782.616/0001-64;1261;SEE;SECRETARIA DE ESTADO DE EDUCACAO;42;AUXILIOS;1;AUXILIOS;23;FUNDO DE MANUTENCAO E DESENVOLVIMENTO DA EDUCACAO BASICA - FUNDEB;100000,0;100000,0;100000,0
9340996;3777;2022-06-13 00:00:00;PM SAO JOSE DA LAPA;42.774.281/0001-80;1261;SEE;SECRETARIA DE ESTADO DE EDUCACAO;42;AUXILIOS;1;AUXILIOS;23;FUNDO DE MANUTENCAO E DESENVOLVIMENTO DA EDUCACAO BASICA - FUNDEB;399821,25;399821,25;399821,25
9340997;3779;2022-06-13 00:00:00;PM SAO JOSE DA LAPA;42.774.281/0001-80;1261;SEE;SECRETARIA DE ESTADO DE EDUCACAO;42;AUXILIOS;1;AUXILIOS;23;FUNDO DE MANUTENCAO E DESENVOLVIMENTO DA EDUCACAO BASICA - FUNDEB;199831,28;199831,28;199831,28
9340998;3812;2022-06-13 00:00:00;PM ARAGUARI;16.829.640/0001-49;1261;SEE;SECRETARIA DE ESTADO DE EDUCACAO;42;AUXILIOS;1;AUXILIOS;23;FUNDO DE MANUTENCAO E DESENVOLVIMENTO DA EDUCACAO BASICA - FUNDEB;2000000,0;2000000,0;2000000,0
9340999;3729;2022-06-10 00:00:00;PM JUVENILIA;01.612.485/0001-37;1261;SEE;SECRETARIA DE ESTADO DE EDUCACAO;42;AUXILIOS;1;AUXILIOS;23;FUNDO DE MANUTENCAO E DESENVOLVIMENTO DA EDUCACAO BASICA - FUNDEB;99882,0;99882,0;99882,0
9341000;3730;2022-06-10 00:00:00;PM JUVENILIA;01.612.485/0001-37;1261;SEE;SECRETARIA DE ESTADO DE EDUCACAO;42;AUXILIOS;1;AUXILIOS;23;FUNDO DE MANUTENCAO E DESENVOLVIMENTO DA EDUCACAO BASICA - FUNDEB;100000,0;100000,0;100000,0
9341001;3742;2022-06-10 00:00:00;PM ESPERA FELIZ;18.114.264/0001-31;1261;SEE;SECRETARIA DE ESTADO DE EDUCACAO;42;AUXILIOS;1;AUXILIOS;23;FUNDO DE MANUTENCAO E DESENVOLVIMENTO DA EDUCACAO BASICA - FUNDEB;300000,0;300000,0;300000,0
9341002;3766;2022-06-13 00:00:00;PM ITATIAIUCU;18.691.766/0001-25;1261;SEE;SECRETARIA DE ESTADO DE EDUCACAO;42;AUXILIOS;1;AUXILIOS;23;FUNDO DE MANUTENCAO E DESENVOLVIMENTO DA EDUCACAO BASICA - FUNDEB;199999,43;199999,43;199999,43
9341003;3826;2022-06-13 00:00:00;PM ALPINOPOLIS;18.241.752/0001-00;1261;SEE;SECRETARIA DE ESTADO DE EDUCACAO;42;AUXILIOS;1;AUXILIOS;23;FUNDO DE MANUTENCAO E DESENVOLVIMENTO DA EDUCACAO BASICA - FUNDEB;200000,0;200000,0;200000,0
9341005;3827;2022-06-13 00:00:00;PM CORONEL MURTA;18.348.722/0001-05;1261;SEE;SECRETARIA DE ESTADO DE EDUCACAO;42;AUXILIOS;1;AUXILIOS;23;FUNDO DE MANUTENCAO E DESENVOLVIMENTO DA EDUCACAO BASICA - FUNDEB;100000,0;100000,0;100000,0
9341006;3722;2022-06-10 00:00:00;PM COUTO DE MAGALHAES DE MINAS;17.754.177/0001-86;1261;SEE;SECRETARIA DE ESTADO DE EDUCACAO;42;AUXILIOS;1;AUXILIOS;23;FUNDO DE MANUTENCAO E DESENVOLVIMENTO DA EDUCACAO BASICA - FUNDEB;449898,47;449898,47;449898,47
9341008;3795;2022-06-13 00:00:00;PM BOM JESUS DO GALHO;18.334.276/0001-71;1261;SEE;SECRETARIA DE ESTADO DE EDUCACAO;42;AUXILIOS;1;AUXILIOS;23;FUNDO DE MANUTENCAO E DESENVOLVIMENTO DA EDUCACAO BASICA - FUNDEB;100000,0;100000,0;100000,0
9341009;3798;2022-06-13 00:00:00;PM LARANJAL;17.947.615/0001-22;1261;SEE;SECRETARIA DE ESTADO DE EDUCACAO;42;AUXILIOS;1;AUXILIOS;23;FUNDO DE MANUTENCAO E DESENVOLVIMENTO DA EDUCACAO BASICA - FUNDEB;419988,78;419988,78;419988,78
9341010;3724;2022-06-10 00:00:00;PM COMERCINHO;18.414.615/0001-20;1261;SEE;SECRETARIA DE ESTADO DE EDUCACAO;42;AUXILIOS;1;AUXILIOS;23;FUNDO DE MANUTENCAO E DESENVOLVIMENTO DA EDUCACAO BASICA - FUNDEB;92800,0;92800,0;92800,0
9341011;3727;2022-06-10 00:00:00;PM IBIA;18.584.961/0001-56;1261;SEE;SECRETARIA DE ESTADO DE EDUCACAO;42;AUXILIOS;1;AUXILIOS;23;FUNDO DE MANUTENCAO E DESENVOLVIMENTO DA EDUCACAO BASICA - FUNDEB;200000,0;200000,0;200000,0
9341012;3800;2022-06-13 00:00:00;PM PATROCINIO;18.468.033/0001-26;1261;SEE;SECRETARIA DE ESTADO DE EDUCACAO;42;AUXILIOS;1;AUXILIOS;23;FUNDO DE MANUTENCAO E DESENVOLVIMENTO DA EDUCACAO BASICA - FUNDEB;50000,0;50000,0;50000,0
9341013;3744;2022-06-10 00:00:00;PM ITURAMA;18.457.242/0001-74;1261;SEE;SECRETARIA DE ESTADO DE EDUCACAO;42;AUXILIOS;1;AUXILIOS;23;FUNDO DE MANUTENCAO E DESENVOLVIMENTO DA EDUCACAO BASICA - FUNDEB;200000,0;200000,0;200000,0
9341014;3806;2022-06-13 00:00:00;PM JAMPRUCA;66.230.384/0001-47;1261;SEE;SECRETARIA DE ESTADO DE EDUCACAO;42;AUXILIOS;1;AUXILIOS;23;FUNDO DE MANUTENCAO E DESENVOLVIMENTO DA EDUCACAO BASICA - FUNDEB;100000,0;100000,0;100000,0
9341015;3816;2022-06-13 00:00:00;PM TUPACIGUARA;18.260.489/0001-04;1261;SEE;SECRETARIA DE ESTADO DE EDUCACAO;42;AUXILIOS;1;AUXILIOS;23;FUNDO DE MANUTENCAO E DESENVOLVIMENTO DA EDUCACAO BASICA - FUNDEB;600000,0;600000,0;600000,0
9341016;3778;2022-06-13 00:00:00;PM MESQUITA;17.112.061/0001-43;1261;SEE;SECRETARIA DE ESTADO DE EDUCACAO;42;AUXILIOS;1;AUXILIOS;23;FUNDO DE MANUTENCAO E DESENVOLVIMENTO DA EDUCACAO BASICA - FUNDEB;479200,0;479200,0;479200,0
9341017;3776;2022-06-13 00:00:00;PM SANTA JULIANA;18.140.780/0001-30;1261;SEE;SECRETARIA DE ESTADO DE EDUCACAO;42;AUXILIOS;1;AUXILIOS;23;FUNDO DE MANUTENCAO E DESENVOLVIMENTO DA EDUCACAO BASICA - FUNDEB;410400,0;410400,0;410400,0
9341018;3775;2022-06-13 00:00:00;PM SAO JOSE DA LAPA;42.774.281/0001-80;1261;SEE;SECRETARIA DE ESTADO DE EDUCACAO;42;AUXILIOS;1;AUXILIOS;23;FUNDO DE MANUTENCAO E DESENVOLVIMENTO DA EDUCACAO BASICA - FUNDEB;530000,0;530000,0;530000,0
9341019;3765;2022-06-13 00:00:00;PM SANTANA DE CATAGUASES;17.702.515/0001-36;1261;SEE;SECRETARIA DE ESTADO DE EDUCACAO;42;AUXILIOS;1;AUXILIOS;23;FUNDO DE MANUTENCAO E DESENVOLVIMENTO DA EDUCACAO BASICA - FUNDEB;99815,0;99815,0;99815,0
9341022;3811;2022-06-13 00:00:00;PM GOIABEIRA;01.615.421/0001-90;1261;SEE;SECRETARIA DE ESTADO DE EDUCACAO;42;AUXILIOS;1;AUXILIOS;23;FUNDO DE MANUTENCAO E DESENVOLVIMENTO DA EDUCACAO BASICA - FUNDEB;0,0;0,0;0,0
9341022;4553;2022-12-01 00:00:00;PM GOIABEIRA;01.615.421/0001-90;1261;SEE;SECRETARIA DE ESTADO DE EDUCACAO;42;AUXILIOS;1;AUXILIOS;10;RECURSOS ORDINARIOS;100000,0;100000,0;100000,0
9341023;3822;2022-06-13 00:00:00;PM CLAUDIO;18.308.775/0001-94;1261;SEE;SECRETARIA DE ESTADO DE EDUCACAO;42;AUXILIOS;1;AUXILIOS;23;FUNDO DE MANUTENCAO E DESENVOLVIMENTO DA EDUCACAO BASICA - FUNDEB;100000,0;100000,0;100000,0
9341024;3821;2022-06-13 00:00:00;PM CLAUDIO;18.308.775/0001-94;1261;SEE;SECRETARIA DE ESTADO DE EDUCACAO;42;AUXILIOS;1;AUXILIOS;23;FUNDO DE MANUTENCAO E DESENVOLVIMENTO DA EDUCACAO BASICA - FUNDEB;100000,0;100000,0;100000,0
9341025;3809;2022-06-13 00:00:00;PM MUZAMBINHO;18.668.624/0001-47;1261;SEE;SECRETARIA DE ESTADO DE EDUCACAO;42;AUXILIOS;1;AUXILIOS;23;FUNDO DE MANUTENCAO E DESENVOLVIMENTO DA EDUCACAO BASICA - FUNDEB;200000,0;200000,0;200000,0
9341027;3797;2022-06-13 00:00:00;PM MOEDA;18.363.952/0001-35;1261;SEE;SECRETARIA DE ESTADO DE EDUCACAO;42;AUXILIOS;1;AUXILIOS;23;FUNDO DE MANUTENCAO E DESENVOLVIMENTO DA EDUCACAO BASICA - FUNDEB;100000,0;100000,0;100000,0
9341028;3802;2022-06-13 00:00:00;PM MONTE CARMELO;18.593.103/0001-78;1261;SEE;SECRETARIA DE ESTADO DE EDUCACAO;42;AUXILIOS;1;AUXILIOS;23;FUNDO DE MANUTENCAO E DESENVOLVIMENTO DA EDUCACAO BASICA - FUNDEB;300000,0;300000,0;300000,0
9341029;3804;2022-06-13 00:00:00;PM MONTE CARMELO;18.593.103/0001-78;1261;SEE;SECRETARIA DE ESTADO DE EDUCACAO;42;AUXILIOS;1;AUXILIOS;23;FUNDO DE MANUTENCAO E DESENVOLVIMENTO DA EDUCACAO BASICA - FUNDEB;100000,0;100000,0;100000,0
9341030;3805;2022-06-13 00:00:00;PM MONTE CARMELO;18.593.103/0001-78;1261;SEE;SECRETARIA DE ESTADO DE EDUCACAO;42;AUXILIOS;1;AUXILIOS;23;FUNDO DE MANUTENCAO E DESENVOLVIMENTO DA EDUCACAO BASICA - FUNDEB;510000,0;510000,0;510000,0
9341031;3725;2022-06-10 00:00:00;PM ITACAMBIRA;18.017.400/0001-75;1261;SEE;SECRETARIA DE ESTADO DE EDUCACAO;42;AUXILIOS;1;AUXILIOS;23;FUNDO DE MANUTENCAO E DESENVOLVIMENTO DA EDUCACAO BASICA - FUNDEB;199835,42;199835,42;199835,42
9341033;3808;2022-06-13 00:00:00;PM RIO DO PRADO;18.349.936/0001-98;1261;SEE;SECRETARIA DE ESTADO DE EDUCACAO;42;AUXILIOS;1;AUXILIOS;23;FUNDO DE MANUTENCAO E DESENVOLVIMENTO DA EDUCACAO BASICA - FUNDEB;479200,0;479200,0;479200,0
9341034;3783;2022-06-13 00:00:00;PM PECANHA;18.409.227/0001-50;1261;SEE;SECRETARIA DE ESTADO DE EDUCACAO;42;AUXILIOS;1;AUXILIOS;23;FUNDO DE MANUTENCAO E DESENVOLVIMENTO DA EDUCACAO BASICA - FUNDEB;2146200,0;2146200,0;2146200,0
9341035;3810;2022-06-13 00:00:00;PM SAO JOAO BATISTA DO GLORIA;18.241.778/0001-58;1261;SEE;SECRETARIA DE ESTADO DE EDUCACAO;42;AUXILIOS;1;AUXILIOS;23;FUNDO DE MANUTENCAO E DESENVOLVIMENTO DA EDUCACAO BASICA - FUNDEB;1154800,0;1154800,0;1154800,0
9341036;3801;2022-06-13 00:00:00;PM UBAI;18.017.459/0001-63;1261;SEE;SECRETARIA DE ESTADO DE EDUCACAO;42;AUXILIOS;1;AUXILIOS;23;FUNDO DE MANUTENCAO E DESENVOLVIMENTO DA EDUCACAO BASICA - FUNDEB;1034900,0;1034900,0;1034900,0
9341037;3803;2022-06-13 00:00:00;PM UBA;18.128.207/0001-01;1261;SEE;SECRETARIA DE ESTADO DE EDUCACAO;42;AUXILIOS;1;AUXILIOS;23;FUNDO DE MANUTENCAO E DESENVOLVIMENTO DA EDUCACAO BASICA - FUNDEB;1077900,0;1077900,0;1077900,0
9341038;3807;2022-06-13 00:00:00;PM SERICITA;19.243.518/0001-84;1261;SEE;SECRETARIA DE ESTADO DE EDUCACAO;42;AUXILIOS;1;AUXILIOS;23;FUNDO DE MANUTENCAO E DESENVOLVIMENTO DA EDUCACAO BASICA - FUNDEB;796403,33;796403,33;796403,33
9341047;5305;2022-06-10 00:00:00;PM PAPAGAIOS;18.313.866/0001-18;1491;SEGOV;SECRETARIA DE ESTADO DE GOVERNO;42;AUXILIOS;1;AUXILIOS;10;RECURSOS ORDINARIOS;77827,2;77827,2;77827,2
9341048;5303;2022-06-10 00:00:00;PM CRUZEIRO DA FORTALEZA;18.468.041/0001-72;1491;SEGOV;SECRETARIA DE ESTADO DE GOVERNO;42;AUXILIOS;1;AUXILIOS;10;RECURSOS ORDINARIOS;304352,41;304352,41;304352,41
9341049;5304;2022-06-10 00:00:00;PM SANTANA DO RIACHO;18.715.458/0001-92;1491;SEGOV;SECRETARIA DE ESTADO DE GOVERNO;42;AUXILIOS;1;AUXILIOS;10;RECURSOS ORDINARIOS;155654,4;155654,4;155654,4
9341050;5301;2022-06-10 00:00:00;PM SANTA EFIGENIA DE MINAS;18.307.462/0001-11;1491;SEGOV;SECRETARIA DE ESTADO DE GOVERNO;42;AUXILIOS;1;AUXILIOS;10;RECURSOS ORDINARIOS;77827,2;77827,2;77827,2
9341051;5302;2022-06-10 00:00:00;PM CORREGO NOVO;18.334.284/0001-18;1491;SEGOV;SECRETARIA DE ESTADO DE GOVERNO;42;AUXILIOS;1;AUXILIOS;10;RECURSOS ORDINARIOS;351397,19;351397,19;351397,19
9341059;76;2022-06-10 00:00:00;PM UBERABA;18.428.839/0001-90;1261;SEE;SECRETARIA DE ESTADO DE EDUCACAO;42;AUXILIOS;1;AUXILIOS;10;RECURSOS ORDINARIOS;150000,0;150000,0;150000,0
9341060;3817;2022-06-13 00:00:00;PM PASSOS;18.241.745/0001-08;1261;SEE;SECRETARIA DE ESTADO DE EDUCACAO;42;AUXILIOS;1;AUXILIOS;23;FUNDO DE MANUTENCAO E DESENVOLVIMENTO DA EDUCACAO BASICA - FUNDEB;795000,0;795000,0;795000,0
9341112;5307;2022-06-13 00:00:00;PM SERRA DO SALITRE;18.468.058/0001-20;1491;SEGOV;SECRETARIA DE ESTADO DE GOVERNO;42;AUXILIOS;1;AUXILIOS;10;RECURSOS ORDINARIOS;224048,0;224048,0;224048,0
9341114;5311;2022-06-13 00:00:00;PM ARAGUARI;16.829.640/0001-49;1491;SEGOV;SECRETARIA DE ESTADO DE GOVERNO;42;AUXILIOS;1;AUXILIOS;10;RECURSOS ORDINARIOS;74613,33;74613,33;74613,33
9341115;5310;2022-06-13 00:00:00;PM CARANAIBA;18.094.789/0001-52;1491;SEGOV;SECRETARIA DE ESTADO DE GOVERNO;42;AUXILIOS;1;AUXILIOS;10;RECURSOS ORDINARIOS;429224,4;429224,4;429224,4
9341116;5306;2022-06-13 00:00:00;PM NOVA MODICA;18.404.939/0001-87;1491;SEGOV;SECRETARIA DE ESTADO DE GOVERNO;42;AUXILIOS;1;AUXILIOS;10;RECURSOS ORDINARIOS;500000,0;500000,0;500000,0
9341117;5308;2022-06-13 00:00:00;PM MATHIAS LOBATO;18.332.619/0001-69;1491;SEGOV;SECRETARIA DE ESTADO DE GOVERNO;42;AUXILIOS;1;AUXILIOS;10;RECURSOS ORDINARIOS;77813,33;77813,33;77813,33
9341118;5309;2022-06-13 00:00:00;PM SAO FRANCISCO DO GLORIA;18.114.231/0001-91;1491;SEGOV;SECRETARIA DE ESTADO DE GOVERNO;42;AUXILIOS;1;AUXILIOS;10;RECURSOS ORDINARIOS;113834,63;113834,63;113834,63
9341119;5312;2022-06-13 00:00:00;PM ITAGUARA;18.313.015/0001-75;1491;SEGOV;SECRETARIA DE ESTADO DE GOVERNO;42;AUXILIOS;1;AUXILIOS;10;RECURSOS ORDINARIOS;78220,27;78220,27;78220,27
9341120;5314;2022-06-13 00:00:00;PM UBERABA;18.428.839/0001-90;1491;SEGOV;SECRETARIA DE ESTADO DE GOVERNO;42;AUXILIOS;1;AUXILIOS;48;ALIENACAO DE BENS DO TESOURO ESTADUAL;116327,5;116327,5;116327,5
9341121;5313;2022-06-13 00:00:00;PM SAO JOAO DO MANHUACU;66.232.521/0001-82;1491;SEGOV;SECRETARIA DE ESTADO DE GOVERNO;42;AUXILIOS;1;AUXILIOS;10;RECURSOS ORDINARIOS;78219,33;78219,33;78219,33
9341122;5315;2022-06-13 00:00:00;PM BONITO DE MINAS;01.612.493/0001-83;1491;SEGOV;SECRETARIA DE ESTADO DE GOVERNO;42;AUXILIOS;1;AUXILIOS;48;ALIENACAO DE BENS DO TESOURO ESTADUAL;113262,6;113262,6;113262,6
9341123;3828;2022-06-13 00:00:00;PM LIMA DUARTE;18.338.186/0001-59;1261;SEE;SECRETARIA DE ESTADO DE EDUCACAO;42;AUXILIOS;1;AUXILIOS;23;FUNDO DE MANUTENCAO E DESENVOLVIMENTO DA EDUCACAO BASICA - FUNDEB;699533,33;699533,33;699533,33
9341124;3829;2022-06-13 00:00:00;PM VESPASIANO;18.715.425/0001-42;1261;SEE;SECRETARIA DE ESTADO DE EDUCACAO;42;AUXILIOS;1;AUXILIOS;23;FUNDO DE MANUTENCAO E DESENVOLVIMENTO DA EDUCACAO BASICA - FUNDEB;101633,33;101633,33;101633,33
9341125;5316;2022-06-13 00:00:00;PM MIRAVANIA;01.612.491/0001-94;1491;SEGOV;SECRETARIA DE ESTADO DE GOVERNO;42;AUXILIOS;1;AUXILIOS;48;ALIENACAO DE BENS DO TESOURO ESTADUAL;307070,0;307070,0;307070,0
9341126;3830;2022-06-13 00:00:00;PM VESPASIANO;18.715.425/0001-42;1261;SEE;SECRETARIA DE ESTADO DE EDUCACAO;42;AUXILIOS;1;AUXILIOS;23;FUNDO DE MANUTENCAO E DESENVOLVIMENTO DA EDUCACAO BASICA - FUNDEB;200000,0;200000,0;200000,0
9341128;84;2022-06-13 00:00:00;PM SAO SEBASTIAO DO PARAISO;18.241.349/0001-80;1261;SEE;SECRETARIA DE ESTADO DE EDUCACAO;42;AUXILIOS;1;AUXILIOS;10;RECURSOS ORDINARIOS;149310,0;149310,0;149310,0
9341129;3838;2022-06-14 00:00:00;PM SABARA;18.715.441/0001-35;1261;SEE;SECRETARIA DE ESTADO DE EDUCACAO;41;CONTRIBUICOES;1;CONTRIBUICOES;21;COTA ESTADUAL DO SALARIO EDUCACAO - QESE;1944611,4;1944611,4;1944611,4
9341129;3839;2022-06-14 00:00:00;PM SABARA;18.715.441/0001-35;1261;SEE;SECRETARIA DE ESTADO DE EDUCACAO;41;CONTRIBUICOES;1;CONTRIBUICOES;21;COTA ESTADUAL DO SALARIO EDUCACAO - QESE;100838,04;100838,04;100838,04
9341129;3840;2022-06-14 00:00:00;PM SABARA;18.715.441/0001-35;1261;SEE;SECRETARIA DE ESTADO DE EDUCACAO;41;CONTRIBUICOES;1;CONTRIBUICOES;21;COTA ESTADUAL DO SALARIO EDUCACAO - QESE;26784,0;26784,0;26784,0
9341130;3835;2022-06-14 00:00:00;PM IGARAPE;18.715.474/0001-85;1261;SEE;SECRETARIA DE ESTADO DE EDUCACAO;41;CONTRIBUICOES;1;CONTRIBUICOES;21;COTA ESTADUAL DO SALARIO EDUCACAO - QESE;1563007,55;1563007,55;1563007,55
9341130;3836;2022-06-14 00:00:00;PM IGARAPE;18.715.474/0001-85;1261;SEE;SECRETARIA DE ESTADO DE EDUCACAO;41;CONTRIBUICOES;1;CONTRIBUICOES;21;COTA ESTADUAL DO SALARIO EDUCACAO - QESE;81049,93;81049,93;81049,93
9341130;3837;2022-06-14 00:00:00;PM IGARAPE;18.715.474/0001-85;1261;SEE;SECRETARIA DE ESTADO DE EDUCACAO;41;CONTRIBUICOES;1;CONTRIBUICOES;21;COTA ESTADUAL DO SALARIO EDUCACAO - QESE;21528,0;21528,0;21528,0
9341248;194;2022-06-15 00:00:00;PM MONTALVANIA;17.097.791/0001-12;1301;SEINFRA;SECRETARIA DE ESTADO DE INFRAESTRUTURA E MOBILIDADE;42;AUXILIOS;1;AUXILIOS;10;RECURSOS ORDINARIOS;1000000,0;1000000,0;1000000,0
9341251;5325;2022-06-15 00:00:00;PM CAJURI;18.132.456/0001-70;1491;SEGOV;SECRETARIA DE ESTADO DE GOVERNO;42;AUXILIOS;1;AUXILIOS;10;RECURSOS ORDINARIOS;250000,0;250000,0;250000,0
9341252;5324;2022-06-15 00:00:00;PM VIEIRAS;17.947.599/0001-78;1491;SEGOV;SECRETARIA DE ESTADO DE GOVERNO;42;AUXILIOS;1;AUXILIOS;10;RECURSOS ORDINARIOS;113262,6;113262,6;113262,6
9341253;5318;2022-06-15 00:00:00;PM MINAS NOVAS;22.516.405/0001-10;1491;SEGOV;SECRETARIA DE ESTADO DE GOVERNO;42;AUXILIOS;1;AUXILIOS;48;ALIENACAO DE BENS DO TESOURO ESTADUAL;155226,66;155226,66;155226,66
9341254;5319;2022-06-15 00:00:00;PM FREI LAGONEGRO;01.615.008/0001-25;1491;SEGOV;SECRETARIA DE ESTADO DE GOVERNO;42;AUXILIOS;1;AUXILIOS;48;ALIENACAO DE BENS DO TESOURO ESTADUAL;155654,39;155654,39;155654,39
9341255;5320;2022-06-15 00:00:00;PM ARICANDUVA;01.608.511/0001-53;1491;SEGOV;SECRETARIA DE ESTADO DE GOVERNO;42;AUXILIOS;1;AUXILIOS;48;ALIENACAO DE BENS DO TESOURO ESTADUAL;77827,2;77827,2;77827,2
9341256;5321;2022-06-15 00:00:00;PM FREI LAGONEGRO;01.615.008/0001-25;1491;SEGOV;SECRETARIA DE ESTADO DE GOVERNO;42;AUXILIOS;1;AUXILIOS;48;ALIENACAO DE BENS DO TESOURO ESTADUAL;121760,0;121760,0;121760,0
9341257;196;2022-06-15 00:00:00;PM PIRAPORA;23.539.463/0001-21;1301;SEINFRA;SECRETARIA DE ESTADO DE INFRAESTRUTURA E MOBILIDADE;42;AUXILIOS;1;AUXILIOS;10;RECURSOS ORDINARIOS;250000,0;250000,0;250000,0
9341258;5322;2022-06-15 00:00:00;PM IRAI DE MINAS;18.158.642/0001-89;1491;SEGOV;SECRETARIA DE ESTADO DE GOVERNO;42;AUXILIOS;1;AUXILIOS;48;ALIENACAO DE BENS DO TESOURO ESTADUAL;100000,0;100000,0;100000,0
9341260;5323;2022-06-15 00:00:00;PM SANTA JULIANA;18.140.780/0001-30;1491;SEGOV;SECRETARIA DE ESTADO DE GOVERNO;42;AUXILIOS;1;AUXILIOS;48;ALIENACAO DE BENS DO TESOURO ESTADUAL;274951,67;274951,67;274951,67
9341264;85;2022-06-15 00:00:00;PM ANDRADAS;17.884.412/0001-34;1261;SEE;SECRETARIA DE ESTADO DE EDUCACAO;42;AUXILIOS;1;AUXILIOS;10;RECURSOS ORDINARIOS;150000,0;150000,0;150000,0
9341265;3842;2022-06-20 00:00:00;PM CAETE;18.302.299/0001-02;1261;SEE;SECRETARIA DE ESTADO DE EDUCACAO;41;CONTRIBUICOES;1;CONTRIBUICOES;21;COTA ESTADUAL DO SALARIO EDUCACAO - QESE;867756,7;867756,7;867756,7
9341265;3843;2022-06-20 00:00:00;PM CAETE;18.302.299/0001-02;1261;SEE;SECRETARIA DE ESTADO DE EDUCACAO;41;CONTRIBUICOES;1;CONTRIBUICOES;21;COTA ESTADUAL DO SALARIO EDUCACAO - QESE;44997,62;44997,62;44997,62
9341265;3844;2022-06-20 00:00:00;PM CAETE;18.302.299/0001-02;1261;SEE;SECRETARIA DE ESTADO DE EDUCACAO;41;CONTRIBUICOES;1;CONTRIBUICOES;21;COTA ESTADUAL DO SALARIO EDUCACAO - QESE;11952,0;11952,0;11952,0
9341266;3845;2022-06-20 00:00:00;PM ORIZANIA;01.616.271/0001-39;1261;SEE;SECRETARIA DE ESTADO DE EDUCACAO;41;CONTRIBUICOES;1;CONTRIBUICOES;21;COTA ESTADUAL DO SALARIO EDUCACAO - QESE;715375,64;715375,64;715375,64
9341266;3846;2022-06-20 00:00:00;PM ORIZANIA;01.616.271/0001-39;1261;SEE;SECRETARIA DE ESTADO DE EDUCACAO;41;CONTRIBUICOES;1;CONTRIBUICOES;21;COTA ESTADUAL DO SALARIO EDUCACAO - QESE;32257,33;32257,33;32257,33
9341266;3847;2022-06-20 00:00:00;PM ORIZANIA;01.616.271/0001-39;1261;SEE;SECRETARIA DE ESTADO DE EDUCACAO;41;CONTRIBUICOES;1;CONTRIBUICOES;21;COTA ESTADUAL DO SALARIO EDUCACAO - QESE;8568,0;8568,0;8568,0
9341268;93;2022-06-22 00:00:00;PM MARIPA DE MINAS;17.724.162/0001-75;1261;SEE;SECRETARIA DE ESTADO DE EDUCACAO;42;AUXILIOS;1;AUXILIOS;21;COTA ESTADUAL DO SALARIO EDUCACAO - QESE;3326721,52;3326721,52;3326721,52
9341270;195;2022-06-15 00:00:00;PM CORACAO DE JESUS;22.680.672/0001-28;1301;SEINFRA;SECRETARIA DE ESTADO DE INFRAESTRUTURA E MOBILIDADE;42;AUXILIOS;1;AUXILIOS;32;EXPLORACAO DE RECURSOS MINERAIS;300000,0;300000,0;300000,0
9341274;212;2022-06-20 00:00:00;PM DOM BOSCO;01.602.782/0001-00;1301;SEINFRA;SECRETARIA DE ESTADO DE INFRAESTRUTURA E MOBILIDADE;42;AUXILIOS;1;AUXILIOS;10;RECURSOS ORDINARIOS;250000,0;250000,0;250000,0
9341275;197;2022-06-15 00:00:00;PM BUGRE;01.613.126/0001-02;1301;SEINFRA;SECRETARIA DE ESTADO DE INFRAESTRUTURA E MOBILIDADE;42;AUXILIOS;1;AUXILIOS;10;RECURSOS ORDINARIOS;250000,0;250000,0;250000,0
9341297;5333;2022-06-15 00:00:00;PM SABARA;18.715.441/0001-35;1491;SEGOV;SECRETARIA DE ESTADO DE GOVERNO;42;AUXILIOS;1;AUXILIOS;48;ALIENACAO DE BENS DO TESOURO ESTADUAL;343220,01;343220,01;343220,01
9341298;5329;2022-06-15 00:00:00;PM CACHOEIRA DO PAJEU;18.414.599/0001-75;1491;SEGOV;SECRETARIA DE ESTADO DE GOVERNO;42;AUXILIOS;1;AUXILIOS;10;RECURSOS ORDINARIOS;77827,2;77827,2;77827,2
9341300;5336;2022-06-15 00:00:00;PM MONTALVANIA;17.097.791/0001-12;1491;SEGOV;SECRETARIA DE ESTADO DE GOVERNO;42;AUXILIOS;1;AUXILIOS;48;ALIENACAO DE BENS DO TESOURO ESTADUAL;228389,71;228389,71;228389,71
9341301;5340;2022-06-15 00:00:00;PM CAMPO FLORIDO;18.428.862/0001-85;1491;SEGOV;SECRETARIA DE ESTADO DE GOVERNO;42;AUXILIOS;1;AUXILIOS;48;ALIENACAO DE BENS DO TESOURO ESTADUAL;262516,33;262516,33;262516,33
9341302;5334;2022-06-15 00:00:00;PM OURO VERDE DE MINAS;18.404.947/0001-23;1491;SEGOV;SECRETARIA DE ESTADO DE GOVERNO;42;AUXILIOS;1;AUXILIOS;48;ALIENACAO DE BENS DO TESOURO ESTADUAL;200000,0;200000,0;200000,0
9341303;5331;2022-06-15 00:00:00;PM CONCEICAO DO MATO DENTRO;18.303.156/0001-07;1491;SEGOV;SECRETARIA DE ESTADO DE GOVERNO;42;AUXILIOS;1;AUXILIOS;10;RECURSOS ORDINARIOS;74682,67;74682,67;74682,67
9341304;3848;2022-06-20 00:00:00;PM INDAIABIRA;01.614.599/0001-16;1261;SEE;SECRETARIA DE ESTADO DE EDUCACAO;41;CONTRIBUICOES;1;CONTRIBUICOES;21;COTA ESTADUAL DO SALARIO EDUCACAO - QESE;606384,2;606384,2;606384,2
9341304;3849;2022-06-20 00:00:00;PM INDAIABIRA;01.614.599/0001-16;1261;SEE;SECRETARIA DE ESTADO DE EDUCACAO;41;CONTRIBUICOES;1;CONTRIBUICOES;21;COTA ESTADUAL DO SALARIO EDUCACAO - QESE;31444,12;31444,12;31444,12
9341304;3856;2022-06-20 00:00:00;PM INDAIABIRA;01.614.599/0001-16;1261;SEE;SECRETARIA DE ESTADO DE EDUCACAO;41;CONTRIBUICOES;1;CONTRIBUICOES;21;COTA ESTADUAL DO SALARIO EDUCACAO - QESE;8352,0;8352,0;8352,0
9341305;3850;2022-06-20 00:00:00;PM CONGONHAS;16.752.446/0001-02;1261;SEE;SECRETARIA DE ESTADO DE EDUCACAO;41;CONTRIBUICOES;1;CONTRIBUICOES;21;COTA ESTADUAL DO SALARIO EDUCACAO - QESE;1217995,85;1217995,85;1217995,85
9341305;3851;2022-06-20 00:00:00;PM CONGONHAS;16.752.446/0001-02;1261;SEE;SECRETARIA DE ESTADO DE EDUCACAO;41;CONTRIBUICOES;1;CONTRIBUICOES;21;COTA ESTADUAL DO SALARIO EDUCACAO - QESE;63159,31;63159,31;63159,31
9341305;3855;2022-06-20 00:00:00;PM CONGONHAS;16.752.446/0001-02;1261;SEE;SECRETARIA DE ESTADO DE EDUCACAO;41;CONTRIBUICOES;1;CONTRIBUICOES;21;COTA ESTADUAL DO SALARIO EDUCACAO - QESE;16776,0;16776,0;16776,0
9341307;5326;2022-06-15 00:00:00;PM RIACHINHO;25.222.118/0001-95;1491;SEGOV;SECRETARIA DE ESTADO DE GOVERNO;42;AUXILIOS;1;AUXILIOS;10;RECURSOS ORDINARIOS;155654,4;155654,4;155654,4
9341308;3852;2022-06-20 00:00:00;PM SAO SEBASTIAO DO PARAISO;18.241.349/0001-80;1261;SEE;SECRETARIA DE ESTADO DE EDUCACAO;41;CONTRIBUICOES;1;CONTRIBUICOES;21;COTA ESTADUAL DO SALARIO EDUCACAO - QESE;5054944,15;5054944,15;5054944,15
9341308;3853;2022-06-20 00:00:00;PM SAO SEBASTIAO DO PARAISO;18.241.349/0001-80;1261;SEE;SECRETARIA DE ESTADO DE EDUCACAO;41;CONTRIBUICOES;1;CONTRIBUICOES;21;COTA ESTADUAL DO SALARIO EDUCACAO - QESE;262124,69;262124,69;262124,69
9341308;3854;2022-06-20 00:00:00;PM SAO SEBASTIAO DO PARAISO;18.241.349/0001-80;1261;SEE;SECRETARIA DE ESTADO DE EDUCACAO;41;CONTRIBUICOES;1;CONTRIBUICOES;21;COTA ESTADUAL DO SALARIO EDUCACAO - QESE;69624,0;69624,0;69624,0
9341309;5332;2022-06-15 00:00:00;PM ANDRADAS;17.884.412/0001-34;1491;SEGOV;SECRETARIA DE ESTADO DE GOVERNO;42;AUXILIOS;1;AUXILIOS;48;ALIENACAO DE BENS DO TESOURO ESTADUAL;220000,0;220000,0;220000,0
9341310;5327;2022-06-15 00:00:00;PM CHAPADA GAUCHA;01.612.489/0001-15;1491;SEGOV;SECRETARIA DE ESTADO DE GOVERNO;42;AUXILIOS;1;AUXILIOS;10;RECURSOS ORDINARIOS;120542,4;120542,4;120542,4
9341313;5328;2022-06-15 00:00:00;PM ARAPUA;19.942.895/0001-01;1491;SEGOV;SECRETARIA DE ESTADO DE GOVERNO;42;AUXILIOS;1;AUXILIOS;10;RECURSOS ORDINARIOS;121760,0;121760,0;121760,0
9341314;5330;2022-06-15 00:00:00;PM ESPERA FELIZ;18.114.264/0001-31;1491;SEGOV;SECRETARIA DE ESTADO DE GOVERNO;42;AUXILIOS;1;AUXILIOS;10;RECURSOS ORDINARIOS;500000,0;500000,0;500000,0
9341315;5335;2022-06-15 00:00:00;PM ABADIA DOS DOURADOS;18.593.111/0001-14;1491;SEGOV;SECRETARIA DE ESTADO DE GOVERNO;42;AUXILIOS;1;AUXILIOS;48;ALIENACAO DE BENS DO TESOURO ESTADUAL;200000,0;200000,0;200000,0
9341316;5337;2022-06-15 00:00:00;PM IPIACU;18.457.259/0001-21;1491;SEGOV;SECRETARIA DE ESTADO DE GOVERNO;42;AUXILIOS;1;AUXILIOS;48;ALIENACAO DE BENS DO TESOURO ESTADUAL;273570,0;273570,0;273570,0
9341317;169;2022-06-28 00:00:00;PM CACHOEIRA DA PRATA;25.004.532/0001-28;1231;SEAPA;SECRETARIA DE ESTADO DE AGRICULTURA, PECUARIA E ABASTECIMENTO - SEAPA;41;CONTRIBUICOES;1;CONTRIBUICOES;10;RECURSOS ORDINARIOS;220000,0;220000,0;220000,0
9341317;170;2022-06-28 00:00:00;PM CACHOEIRA DA PRATA;25.004.532/0001-28;1231;SEAPA;SECRETARIA DE ESTADO DE AGRICULTURA, PECUARIA E ABASTECIMENTO - SEAPA;41;CONTRIBUICOES;1;CONTRIBUICOES;48;ALIENACAO DE BENS DO TESOURO ESTADUAL;78613,33;78613,33;78613,33
9341318;5338;2022-06-15 00:00:00;PM PAVAO;18.404.772/0001-54;1491;SEGOV;SECRETARIA DE ESTADO DE GOVERNO;42;AUXILIOS;1;AUXILIOS;48;ALIENACAO DE BENS DO TESOURO ESTADUAL;121160,0;121160,0;121160,0
9341319;5339;2022-06-15 00:00:00;PM BERIZAL;01.614.602/0001-00;1491;SEGOV;SECRETARIA DE ESTADO DE GOVERNO;42;AUXILIOS;1;AUXILIOS;48;ALIENACAO DE BENS DO TESOURO ESTADUAL;77827,2;77827,2;0,0
9341320;200;2022-06-15 00:00:00;PM NOVA MODICA;18.404.939/0001-87;1301;SEINFRA;SECRETARIA DE ESTADO DE INFRAESTRUTURA E MOBILIDADE;42;AUXILIOS;1;AUXILIOS;10;RECURSOS ORDINARIOS;600000,0;600000,0;600000,0
9341321;187;2022-06-28 00:00:00;PM MARIO CAMPOS;01.612.508/0001-03;1231;SEAPA;SECRETARIA DE ESTADO DE AGRICULTURA, PECUARIA E ABASTECIMENTO - SEAPA;41;CONTRIBUICOES;1;CONTRIBUICOES;10;RECURSOS ORDINARIOS;77826,33;77826,33;77826,33
9341322;5341;2022-06-15 00:00:00;PM FORTALEZA DE MINAS;18.241.760/0001-56;1491;SEGOV;SECRETARIA DE ESTADO DE GOVERNO;42;AUXILIOS;1;AUXILIOS;48;ALIENACAO DE BENS DO TESOURO ESTADUAL;113256,67;113256,67;113256,67
9341323;5342;2022-06-15 00:00:00;PM CURRAL DE DENTRO;01.613.076/0001-55;1491;SEGOV;SECRETARIA DE ESTADO DE GOVERNO;42;AUXILIOS;1;AUXILIOS;48;ALIENACAO DE BENS DO TESOURO ESTADUAL;77826,33;77826,33;77826,33
9341324;178;2022-06-28 00:00:00;PM FELIXLANDIA;17.695.032/0001-51;1231;SEAPA;SECRETARIA DE ESTADO DE AGRICULTURA, PECUARIA E ABASTECIMENTO - SEAPA;41;CONTRIBUICOES;1;CONTRIBUICOES;10;RECURSOS ORDINARIOS;478613,33;478613,33;478613,33
9341324;180;2022-06-28 00:00:00;PM FELIXLANDIA;17.695.032/0001-51;1231;SEAPA;SECRETARIA DE ESTADO DE AGRICULTURA, PECUARIA E ABASTECIMENTO - SEAPA;41;CONTRIBUICOES;1;CONTRIBUICOES;10;RECURSOS ORDINARIOS;1000000,0;1000000,0;1000000,0
9341326;198;2022-06-15 00:00:00;PM VICOSA;18.132.449/0001-79;1301;SEINFRA;SECRETARIA DE ESTADO DE INFRAESTRUTURA E MOBILIDADE;42;AUXILIOS;1;AUXILIOS;10;RECURSOS ORDINARIOS;300000,0;300000,0;300000,0
9341327;201;2022-06-15 00:00:00;PM MESQUITA;17.112.061/0001-43;1301;SEINFRA;SECRETARIA DE ESTADO DE INFRAESTRUTURA E MOBILIDADE;42;AUXILIOS;1;AUXILIOS;10;RECURSOS ORDINARIOS;250000,0;250000,0;250000,0
9341328;190;2022-06-28 00:00:00;PM RIO MANSO;18.363.978/0001-83;1231;SEAPA;SECRETARIA DE ESTADO DE AGRICULTURA, PECUARIA E ABASTECIMENTO - SEAPA;41;CONTRIBUICOES;1;CONTRIBUICOES;10;RECURSOS ORDINARIOS;78613,33;78613,33;78613,33
9341328;191;2022-06-28 00:00:00;PM RIO MANSO;18.363.978/0001-83;1231;SEAPA;SECRETARIA DE ESTADO DE AGRICULTURA, PECUARIA E ABASTECIMENTO - SEAPA;41;CONTRIBUICOES;1;CONTRIBUICOES;10;RECURSOS ORDINARIOS;220000,0;220000,0;220000,0
9341331;199;2022-06-15 00:00:00;PM DESCOBERTO;18.558.098/0001-62;1301;SEINFRA;SECRETARIA DE ESTADO DE INFRAESTRUTURA E MOBILIDADE;42;AUXILIOS;1;AUXILIOS;10;RECURSOS ORDINARIOS;265000,0;265000,0;265000,0
9341336;210;2022-06-20 00:00:00;PM MONTALVANIA;17.097.791/0001-12;1301;SEINFRA;SECRETARIA DE ESTADO DE INFRAESTRUTURA E MOBILIDADE;42;AUXILIOS;1;AUXILIOS;10;RECURSOS ORDINARIOS;250000,0;250000,0;250000,0
9341385;207;2022-06-17 00:00:00;PM MOEMA;18.301.044/0001-17;1301;SEINFRA;SECRETARIA DE ESTADO DE INFRAESTRUTURA E MOBILIDADE;42;AUXILIOS;1;AUXILIOS;32;EXPLORACAO DE RECURSOS MINERAIS;5000000,0;5000000,0;5000000,0
9341386;202;2022-06-17 00:00:00;PM FREI INOCENCIO;16.945.990/0001-70;1301;SEINFRA;SECRETARIA DE ESTADO DE INFRAESTRUTURA E MOBILIDADE;42;AUXILIOS;1;AUXILIOS;10;RECURSOS ORDINARIOS;550000,0;550000,0;550000,0
9341387;203;2022-06-17 00:00:00;PM CAMPOS GERAIS;18.245.175/0001-24;1301;SEINFRA;SECRETARIA DE ESTADO DE INFRAESTRUTURA E MOBILIDADE;42;AUXILIOS;1;AUXILIOS;10;RECURSOS ORDINARIOS;500000,0;500000,0;500000,0
9341388;204;2022-06-17 00:00:00;PM DIVINO;18.114.272/0001-88;1301;SEINFRA;SECRETARIA DE ESTADO DE INFRAESTRUTURA E MOBILIDADE;42;AUXILIOS;1;AUXILIOS;10;RECURSOS ORDINARIOS;250000,0;250000,0;250000,0
9341389;208;2022-06-17 00:00:00;PM SIMAO PEREIRA;18.338.293/0001-87;1301;SEINFRA;SECRETARIA DE ESTADO DE INFRAESTRUTURA E MOBILIDADE;42;AUXILIOS;1;AUXILIOS;32;EXPLORACAO DE RECURSOS MINERAIS;250000,0;250000,0;250000,0
9341390;209;2022-06-17 00:00:00;PM ITABIRINHA;17.125.444/0001-56;1301;SEINFRA;SECRETARIA DE ESTADO DE INFRAESTRUTURA E MOBILIDADE;42;AUXILIOS;1;AUXILIOS;32;EXPLORACAO DE RECURSOS MINERAIS;1500000,0;1500000,0;1500000,0
9341391;205;2022-06-17 00:00:00;PM LAJINHA;18.392.522/0001-41;1301;SEINFRA;SECRETARIA DE ESTADO DE INFRAESTRUTURA E MOBILIDADE;42;AUXILIOS;1;AUXILIOS;10;RECURSOS ORDINARIOS;300000,0;300000,0;300000,0
9341392;206;2022-06-17 00:00:00;PM CENTRAL DE MINAS;17.990.714/0001-97;1301;SEINFRA;SECRETARIA DE ESTADO DE INFRAESTRUTURA E MOBILIDADE;42;AUXILIOS;1;AUXILIOS;10;RECURSOS ORDINARIOS;250000,0;250000,0;250000,0
9341393;5346;2022-06-20 00:00:00;PM SAO LOURENCO;18.188.219/0001-21;1491;SEGOV;SECRETARIA DE ESTADO DE GOVERNO;42;AUXILIOS;1;AUXILIOS;10;RECURSOS ORDINARIOS;78220,26;78220,26;78220,26
9341394;5345;2022-06-20 00:00:00;PM SANTA CRUZ DO ESCALVADO;18.316.273/0001-05;1491;SEGOV;SECRETARIA DE ESTADO DE GOVERNO;42;AUXILIOS;1;AUXILIOS;10;RECURSOS ORDINARIOS;155653,66;155653,66;155653,66
9341395;5344;2022-06-20 00:00:00;PM PIEDADE DOS GERAIS;18.363.960/0001-81;1491;SEGOV;SECRETARIA DE ESTADO DE GOVERNO;42;AUXILIOS;1;AUXILIOS;10;RECURSOS ORDINARIOS;77827,2;77827,2;77827,2
9341396;5343;2022-06-20 00:00:00;PM NOVA PONTE;18.159.905/0001-74;1491;SEGOV;SECRETARIA DE ESTADO DE GOVERNO;42;AUXILIOS;1;AUXILIOS;48;ALIENACAO DE BENS DO TESOURO ESTADUAL;74682,66;74682,66;74682,66
9341423;182;2022-06-28 00:00:00;PM QUELUZITO;19.718.410/0001-09;1231;SEAPA;SECRETARIA DE ESTADO DE AGRICULTURA, PECUARIA E ABASTECIMENTO - SEAPA;41;CONTRIBUICOES;1;CONTRIBUICOES;10;RECURSOS ORDINARIOS;220000,0;220000,0;220000,0
9341423;183;2022-06-28 00:00:00;PM QUELUZITO;19.718.410/0001-09;1231;SEAPA;SECRETARIA DE ESTADO DE AGRICULTURA, PECUARIA E ABASTECIMENTO - SEAPA;41;CONTRIBUICOES;1;CONTRIBUICOES;10;RECURSOS ORDINARIOS;78613,33;78613,33;78613,33
9341457;222;2022-06-23 00:00:00;PM CARMO DE MINAS;18.188.243/0001-60;1301;SEINFRA;SECRETARIA DE ESTADO DE INFRAESTRUTURA E MOBILIDADE;42;AUXILIOS;1;AUXILIOS;10;RECURSOS ORDINARIOS;500000,0;500000,0;500000,0
9341458;216;2022-06-22 00:00:00;PM TUMIRITINGA;21.078.563/0001-72;1301;SEINFRA;SECRETARIA DE ESTADO DE INFRAESTRUTURA E MOBILIDADE;42;AUXILIOS;1;AUXILIOS;32;EXPLORACAO DE RECURSOS MINERAIS;1000000,0;1000000,0;1000000,0
9341459;215;2022-06-22 00:00:00;PM PORTO FIRME;18.567.354/0001-88;1301;SEINFRA;SECRETARIA DE ESTADO DE INFRAESTRUTURA E MOBILIDADE;42;AUXILIOS;1;AUXILIOS;10;RECURSOS ORDINARIOS;500000,0;500000,0;500000,0
9341460;5368;2022-06-21 00:00:00;PM POCRANE;18.334.318/0001-74;1491;SEGOV;SECRETARIA DE ESTADO DE GOVERNO;42;AUXILIOS;1;AUXILIOS;10;RECURSOS ORDINARIOS;243520,0;243520,0;243520,0
9341461;5379;2022-06-21 00:00:00;PM DORES DE GUANHAES;18.307.413/0001-89;1491;SEGOV;SECRETARIA DE ESTADO DE GOVERNO;42;AUXILIOS;1;AUXILIOS;48;ALIENACAO DE BENS DO TESOURO ESTADUAL;273569,33;273569,33;273569,33
9341463;5369;2022-06-21 00:00:00;PM CAETE;18.302.299/0001-02;1491;SEGOV;SECRETARIA DE ESTADO DE GOVERNO;42;AUXILIOS;1;AUXILIOS;10;RECURSOS ORDINARIOS;77813,33;77813,33;77813,33
9341464;5366;2022-06-21 00:00:00;PM CIPOTANEA;18.094.805/0001-07;1491;SEGOV;SECRETARIA DE ESTADO DE GOVERNO;42;AUXILIOS;1;AUXILIOS;10;RECURSOS ORDINARIOS;78218,33;78218,33;78218,33
9341465;5367;2022-06-21 00:00:00;PM DONA EUZEBIA;17.706.656/0001-27;1491;SEGOV;SECRETARIA DE ESTADO DE GOVERNO;42;AUXILIOS;1;AUXILIOS;10;RECURSOS ORDINARIOS;311293,32;311293,32;311293,32
9341466;5371;2022-06-21 00:00:00;PM ARACITABA;17.747.940/0001-41;1491;SEGOV;SECRETARIA DE ESTADO DE GOVERNO;42;AUXILIOS;1;AUXILIOS;48;ALIENACAO DE BENS DO TESOURO ESTADUAL;385000,0;385000,0;385000,0
9341472;217;2022-06-22 00:00:00;PM IPUIUNA;18.179.226/0001-67;1301;SEINFRA;SECRETARIA DE ESTADO DE INFRAESTRUTURA E MOBILIDADE;42;AUXILIOS;1;AUXILIOS;10;RECURSOS ORDINARIOS;250000,0;250000,0;250000,0
9341492;5372;2022-06-21 00:00:00;PM ITACAMBIRA;18.017.400/0001-75;1491;SEGOV;SECRETARIA DE ESTADO DE GOVERNO;42;AUXILIOS;1;AUXILIOS;48;ALIENACAO DE BENS DO TESOURO ESTADUAL;77826,33;77826,33;77826,33
9341494;3857;2022-06-22 00:00:00;PM MATIAS CARDOSO;25.209.115/0001-11;1261;SEE;SECRETARIA DE ESTADO DE EDUCACAO;41;CONTRIBUICOES;1;CONTRIBUICOES;21;COTA ESTADUAL DO SALARIO EDUCACAO - QESE;1385012,33;1385012,33;1385012,33
9341494;3858;2022-06-22 00:00:00;PM MATIAS CARDOSO;25.209.115/0001-11;1261;SEE;SECRETARIA DE ESTADO DE EDUCACAO;41;CONTRIBUICOES;1;CONTRIBUICOES;21;COTA ESTADUAL DO SALARIO EDUCACAO - QESE;68851,78;68851,78;68851,78
9341494;3859;2022-06-22 00:00:00;PM MATIAS CARDOSO;25.209.115/0001-11;1261;SEE;SECRETARIA DE ESTADO DE EDUCACAO;41;CONTRIBUICOES;1;CONTRIBUICOES;21;COTA ESTADUAL DO SALARIO EDUCACAO - QESE;18288,0;18288,0;18288,0
9341495;3860;2022-06-22 00:00:00;PM ASTOLFO DUTRA;17.702.507/0001-90;1261;SEE;SECRETARIA DE ESTADO DE EDUCACAO;41;CONTRIBUICOES;1;CONTRIBUICOES;21;COTA ESTADUAL DO SALARIO EDUCACAO - QESE;465243,05;465243,05;465243,05
9341495;3861;2022-06-22 00:00:00;PM ASTOLFO DUTRA;17.702.507/0001-90;1261;SEE;SECRETARIA DE ESTADO DE EDUCACAO;41;CONTRIBUICOES;1;CONTRIBUICOES;21;COTA ESTADUAL DO SALARIO EDUCACAO - QESE;24125,23;24125,23;24125,23
9341495;3862;2022-06-22 00:00:00;PM ASTOLFO DUTRA;17.702.507/0001-90;1261;SEE;SECRETARIA DE ESTADO DE EDUCACAO;41;CONTRIBUICOES;1;CONTRIBUICOES;21;COTA ESTADUAL DO SALARIO EDUCACAO - QESE;6408,0;6408,0;6408,0
9341496;3863;2022-06-22 00:00:00;PM ALEM PARAIBA;17.709.197/0001-35;1261;SEE;SECRETARIA DE ESTADO DE EDUCACAO;41;CONTRIBUICOES;1;CONTRIBUICOES;21;COTA ESTADUAL DO SALARIO EDUCACAO - QESE;1071627,25;1071627,25;1071627,25
9341496;3864;2022-06-22 00:00:00;PM ALEM PARAIBA;17.709.197/0001-35;1261;SEE;SECRETARIA DE ESTADO DE EDUCACAO;41;CONTRIBUICOES;1;CONTRIBUICOES;21;COTA ESTADUAL DO SALARIO EDUCACAO - QESE;55569,35;55569,35;55569,35
9341496;3865;2022-06-22 00:00:00;PM ALEM PARAIBA;17.709.197/0001-35;1261;SEE;SECRETARIA DE ESTADO DE EDUCACAO;41;CONTRIBUICOES;1;CONTRIBUICOES;21;COTA ESTADUAL DO SALARIO EDUCACAO - QESE;14760,0;14760,0;14760,0
9341497;3866;2022-06-22 00:00:00;PM JUATUBA;64.487.614/0001-22;1261;SEE;SECRETARIA DE ESTADO DE EDUCACAO;41;CONTRIBUICOES;1;CONTRIBUICOES;21;COTA ESTADUAL DO SALARIO EDUCACAO - QESE;444333,25;444333,25;444333,25
9341497;3867;2022-06-22 00:00:00;PM JUATUBA;64.487.614/0001-22;1261;SEE;SECRETARIA DE ESTADO DE EDUCACAO;41;CONTRIBUICOES;1;CONTRIBUICOES;21;COTA ESTADUAL DO SALARIO EDUCACAO - QESE;23040,95;23040,95;23040,95
9341497;3868;2022-06-22 00:00:00;PM JUATUBA;64.487.614/0001-22;1261;SEE;SECRETARIA DE ESTADO DE EDUCACAO;41;CONTRIBUICOES;1;CONTRIBUICOES;21;COTA ESTADUAL DO SALARIO EDUCACAO - QESE;6120,0;6120,0;6120,0
9341498;5373;2022-06-21 00:00:00;PM LUZ;18.301.036/0001-70;1491;SEGOV;SECRETARIA DE ESTADO DE GOVERNO;42;AUXILIOS;1;AUXILIOS;48;ALIENACAO DE BENS DO TESOURO ESTADUAL;77827,2;77827,2;77827,2
9341499;3869;2022-06-22 00:00:00;PM CAMPOS ALTOS;18.298.190/0001-30;1261;SEE;SECRETARIA DE ESTADO DE EDUCACAO;41;CONTRIBUICOES;1;CONTRIBUICOES;21;COTA ESTADUAL DO SALARIO EDUCACAO - QESE;1589144,8;1589144,8;1589144,8
9341499;3870;2022-06-22 00:00:00;PM CAMPOS ALTOS;18.298.190/0001-30;1261;SEE;SECRETARIA DE ESTADO DE EDUCACAO;41;CONTRIBUICOES;1;CONTRIBUICOES;21;COTA ESTADUAL DO SALARIO EDUCACAO - QESE;82405,28;82405,28;82405,28
9341499;3871;2022-06-22 00:00:00;PM CAMPOS ALTOS;18.298.190/0001-30;1261;SEE;SECRETARIA DE ESTADO DE EDUCACAO;41;CONTRIBUICOES;1;CONTRIBUICOES;21;COTA ESTADUAL DO SALARIO EDUCACAO - QESE;21888,0;21888,0;21888,0
9341500;3872;2022-06-22 00:00:00;PM RIACHO DOS MACHADOS;16.925.208/0001-51;1261;SEE;SECRETARIA DE ESTADO DE EDUCACAO;41;CONTRIBUICOES;1;CONTRIBUICOES;21;COTA ESTADUAL DO SALARIO EDUCACAO - QESE;460015,6;460015,6;460015,6
9341500;3873;2022-06-22 00:00:00;PM RIACHO DOS MACHADOS;16.925.208/0001-51;1261;SEE;SECRETARIA DE ESTADO DE EDUCACAO;41;CONTRIBUICOES;1;CONTRIBUICOES;21;COTA ESTADUAL DO SALARIO EDUCACAO - QESE;23854,16;23854,16;23854,16
9341500;3874;2022-06-22 00:00:00;PM RIACHO DOS MACHADOS;16.925.208/0001-51;1261;SEE;SECRETARIA DE ESTADO DE EDUCACAO;41;CONTRIBUICOES;1;CONTRIBUICOES;21;COTA ESTADUAL DO SALARIO EDUCACAO - QESE;6336,0;6336,0;6336,0
9341501;3875;2022-06-22 00:00:00;PM CAPUTIRA;18.385.138/0001-11;1261;SEE;SECRETARIA DE ESTADO DE EDUCACAO;41;CONTRIBUICOES;1;CONTRIBUICOES;21;COTA ESTADUAL DO SALARIO EDUCACAO - QESE;695250,85;695250,85;695250,85
9341501;3876;2022-06-22 00:00:00;PM CAPUTIRA;18.385.138/0001-11;1261;SEE;SECRETARIA DE ESTADO DE EDUCACAO;41;CONTRIBUICOES;1;CONTRIBUICOES;21;COTA ESTADUAL DO SALARIO EDUCACAO - QESE;36052,31;36052,31;36052,31
9341501;3877;2022-06-22 00:00:00;PM CAPUTIRA;18.385.138/0001-11;1261;SEE;SECRETARIA DE ESTADO DE EDUCACAO;41;CONTRIBUICOES;1;CONTRIBUICOES;21;COTA ESTADUAL DO SALARIO EDUCACAO - QESE;9576,0;9576,0;9576,0
9341502;3878;2022-06-22 00:00:00;PM MONTE SIAO;22.646.525/0001-31;1261;SEE;SECRETARIA DE ESTADO DE EDUCACAO;41;CONTRIBUICOES;1;CONTRIBUICOES;21;COTA ESTADUAL DO SALARIO EDUCACAO - QESE;1479890,39;1479890,39;1479890,39
9341502;3879;2022-06-22 00:00:00;PM MONTE SIAO;22.646.525/0001-31;1261;SEE;SECRETARIA DE ESTADO DE EDUCACAO;41;CONTRIBUICOES;1;CONTRIBUICOES;21;COTA ESTADUAL DO SALARIO EDUCACAO - QESE;72917,83;72917,83;72917,83
9341502;3880;2022-06-22 00:00:00;PM MONTE SIAO;22.646.525/0001-31;1261;SEE;SECRETARIA DE ESTADO DE EDUCACAO;41;CONTRIBUICOES;1;CONTRIBUICOES;21;COTA ESTADUAL DO SALARIO EDUCACAO - QESE;19368,0;19368,0;19368,0
9341503;5374;2022-06-21 00:00:00;PM JANUARIA;21.461.546/0001-10;1491;SEGOV;SECRETARIA DE ESTADO DE GOVERNO;42;AUXILIOS;1;AUXILIOS;48;ALIENACAO DE BENS DO TESOURO ESTADUAL;226525,2;226525,2;226525,2
9341504;5370;2022-06-21 00:00:00;PM TAIOBEIRAS;18.017.384/0001-10;1491;SEGOV;SECRETARIA DE ESTADO DE GOVERNO;42;AUXILIOS;1;AUXILIOS;10;RECURSOS ORDINARIOS;77827,2;77827,2;77827,2
9341505;3881;2022-06-22 00:00:00;PM BERIZAL;01.614.602/0001-00;1261;SEE;SECRETARIA DE ESTADO DE EDUCACAO;41;CONTRIBUICOES;1;CONTRIBUICOES;21;COTA ESTADUAL DO SALARIO EDUCACAO - QESE;288554,88;288554,88;288554,88
9341505;3882;2022-06-22 00:00:00;PM BERIZAL;01.614.602/0001-00;1261;SEE;SECRETARIA DE ESTADO DE EDUCACAO;41;CONTRIBUICOES;1;CONTRIBUICOES;21;COTA ESTADUAL DO SALARIO EDUCACAO - QESE;13011,36;13011,36;13011,36
9341505;3883;2022-06-22 00:00:00;PM BERIZAL;01.614.602/0001-00;1261;SEE;SECRETARIA DE ESTADO DE EDUCACAO;41;CONTRIBUICOES;1;CONTRIBUICOES;21;COTA ESTADUAL DO SALARIO EDUCACAO - QESE;3456,0;3456,0;3456,0
9341506;3884;2022-06-22 00:00:00;PM NOVA SERRANA;18.291.385/0001-59;1261;SEE;SECRETARIA DE ESTADO DE EDUCACAO;41;CONTRIBUICOES;1;CONTRIBUICOES;21;COTA ESTADUAL DO SALARIO EDUCACAO - QESE;935713,55;935713,55;935713,55
9341506;3885;2022-06-22 00:00:00;PM NOVA SERRANA;18.291.385/0001-59;1261;SEE;SECRETARIA DE ESTADO DE EDUCACAO;41;CONTRIBUICOES;1;CONTRIBUICOES;21;COTA ESTADUAL DO SALARIO EDUCACAO - QESE;48521,53;48521,53;48521,53
9341506;3886;2022-06-22 00:00:00;PM NOVA SERRANA;18.291.385/0001-59;1261;SEE;SECRETARIA DE ESTADO DE EDUCACAO;41;CONTRIBUICOES;1;CONTRIBUICOES;21;COTA ESTADUAL DO SALARIO EDUCACAO - QESE;12888,0;12888,0;12888,0
9341507;89;2022-06-22 00:00:00;PM FRUTA DE LEITE;01.612.483/0001-48;1261;SEE;SECRETARIA DE ESTADO DE EDUCACAO;42;AUXILIOS;1;AUXILIOS;10;RECURSOS ORDINARIOS;149516,02;149516,02;149516,02
9341508;88;2022-06-22 00:00:00;PM GUARANESIA;17.900.473/0001-48;1261;SEE;SECRETARIA DE ESTADO DE EDUCACAO;42;AUXILIOS;1;AUXILIOS;10;RECURSOS ORDINARIOS;150000,0;150000,0;150000,0
9341509;213;2022-06-22 00:00:00;PM CAMPESTRE;18.178.400/0001-57;1301;SEINFRA;SECRETARIA DE ESTADO DE INFRAESTRUTURA E MOBILIDADE;42;AUXILIOS;1;AUXILIOS;10;RECURSOS ORDINARIOS;300000,0;300000,0;300000,0
9341510;5375;2022-06-21 00:00:00;PM SANTA FE DE MINAS;18.279.075/0001-19;1491;SEGOV;SECRETARIA DE ESTADO DE GOVERNO;42;AUXILIOS;1;AUXILIOS;48;ALIENACAO DE BENS DO TESOURO ESTADUAL;77827,2;77827,2;0,0
9341511;5376;2022-06-21 00:00:00;PM AREADO;18.243.246/0001-50;1491;SEGOV;SECRETARIA DE ESTADO DE GOVERNO;42;AUXILIOS;1;AUXILIOS;48;ALIENACAO DE BENS DO TESOURO ESTADUAL;77827,2;77827,2;77827,2
9341512;5377;2022-06-21 00:00:00;PM ITAPAGIPE;21.226.840/0001-47;1491;SEGOV;SECRETARIA DE ESTADO DE GOVERNO;42;AUXILIOS;1;AUXILIOS;48;ALIENACAO DE BENS DO TESOURO ESTADUAL;389136,0;389136,0;389136,0
9341513;5378;2022-06-21 00:00:00;PM ALMENARA;18.349.894/0001-95;1491;SEGOV;SECRETARIA DE ESTADO DE GOVERNO;42;AUXILIOS;1;AUXILIOS;48;ALIENACAO DE BENS DO TESOURO ESTADUAL;768866,66;768866,66;768866,66
9341514;214;2022-06-22 00:00:00;PM ABADIA DOS DOURADOS;18.593.111/0001-14;1301;SEINFRA;SECRETARIA DE ESTADO DE INFRAESTRUTURA E MOBILIDADE;42;AUXILIOS;1;AUXILIOS;10;RECURSOS ORDINARIOS;255000,0;255000,0;255000,0
9341517;184;2022-06-28 00:00:00;PM PEDRO TEIXEIRA;18.338.228/0001-51;1231;SEAPA;SECRETARIA DE ESTADO DE AGRICULTURA, PECUARIA E ABASTECIMENTO - SEAPA;41;CONTRIBUICOES;1;CONTRIBUICOES;10;RECURSOS ORDINARIOS;220000,0;220000,0;220000,0
9341517;185;2022-06-28 00:00:00;PM PEDRO TEIXEIRA;18.338.228/0001-51;1231;SEAPA;SECRETARIA DE ESTADO DE AGRICULTURA, PECUARIA E ABASTECIMENTO - SEAPA;41;CONTRIBUICOES;1;CONTRIBUICOES;10;RECURSOS ORDINARIOS;78613,33;78613,33;78613,33
9341522;174;2022-06-28 00:00:00;PM CRUCILANDIA;18.313.007/0001-29;1231;SEAPA;SECRETARIA DE ESTADO DE AGRICULTURA, PECUARIA E ABASTECIMENTO - SEAPA;41;CONTRIBUICOES;1;CONTRIBUICOES;10;RECURSOS ORDINARIOS;78613,33;78613,33;78613,33
9341522;176;2022-06-28 00:00:00;PM CRUCILANDIA;18.313.007/0001-29;1231;SEAPA;SECRETARIA DE ESTADO DE AGRICULTURA, PECUARIA E ABASTECIMENTO - SEAPA;41;CONTRIBUICOES;1;CONTRIBUICOES;10;RECURSOS ORDINARIOS;220000,0;220000,0;220000,0
9341526;535;2022-06-23 00:00:00;PM PAVAO;18.404.772/0001-54;1371;SEMAD;SECRETARIA DE ESTADO DE MEIO AMBIENTE E DESENVOLVIMENTO SUSTENTAVEL;41;CONTRIBUICOES;1;CONTRIBUICOES;10;RECURSOS ORDINARIOS;350000,0;350000,0;350000,0
9341530;193;2022-06-28 00:00:00;PM NOVA MODICA;18.404.939/0001-87;1231;SEAPA;SECRETARIA DE ESTADO DE AGRICULTURA, PECUARIA E ABASTECIMENTO - SEAPA;41;CONTRIBUICOES;1;CONTRIBUICOES;10;RECURSOS ORDINARIOS;500000,0;500000,0;500000,0
9341533;165;2022-06-28 00:00:00;CONSORCIO DE INFRAESTRUTURA E DESENVOLVIMENTO DE MINAS GERAIS;28.078.941/0001-67;1231;SEAPA;SECRETARIA DE ESTADO DE AGRICULTURA, PECUARIA E ABASTECIMENTO - SEAPA;41;CONTRIBUICOES;1;CONTRIBUICOES;10;RECURSOS ORDINARIOS;0,0;0,0;0,0
9341533;166;2022-06-28 00:00:00;CONSORCIO DE INFRAESTRUTURA E DESENVOLVIMENTO DE MINAS GERAIS;28.078.941/0001-67;1231;SEAPA;SECRETARIA DE ESTADO DE AGRICULTURA, PECUARIA E ABASTECIMENTO - SEAPA;41;CONTRIBUICOES;1;CONTRIBUICOES;10;RECURSOS ORDINARIOS;0,0;0,0;0,0
9341533;196;2022-06-28 00:00:00;CONSORCIO DE INFRAESTRUTURA E DESENVOLVIMENTO DE MINAS GERAIS;28.078.941/0001-67;1231;SEAPA;SECRETARIA DE ESTADO DE AGRICULTURA, PECUARIA E ABASTECIMENTO - SEAPA;41;CONTRIBUICOES;1;CONTRIBUICOES;10;RECURSOS ORDINARIOS;75000,0;75000,0;75000,0
9341533;197;2022-06-28 00:00:00;CONSORCIO DE INFRAESTRUTURA E DESENVOLVIMENTO DE MINAS GERAIS;28.078.941/0001-67;1231;SEAPA;SECRETARIA DE ESTADO DE AGRICULTURA, PECUARIA E ABASTECIMENTO - SEAPA;41;CONTRIBUICOES;1;CONTRIBUICOES;10;RECURSOS ORDINARIOS;1000000,0;1000000,0;1000000,0
9341534;534;2022-06-23 00:00:00;PM PEDRALVA;18.025.973/0001-40;1371;SEMAD;SECRETARIA DE ESTADO DE MEIO AMBIENTE E DESENVOLVIMENTO SUSTENTAVEL;41;CONTRIBUICOES;1;CONTRIBUICOES;10;RECURSOS ORDINARIOS;300000,0;300000,0;300000,0
9341535;542;2022-06-28 00:00:00;PM LADAINHA;18.404.863/0001-90;1371;SEMAD;SECRETARIA DE ESTADO DE MEIO AMBIENTE E DESENVOLVIMENTO SUSTENTAVEL;41;CONTRIBUICOES;1;CONTRIBUICOES;10;RECURSOS ORDINARIOS;296831,31;296831,31;296831,31
9341536;223;2022-06-23 00:00:00;PM TURMALINA;25.324.187/0001-00;1301;SEINFRA;SECRETARIA DE ESTADO DE INFRAESTRUTURA E MOBILIDADE;42;AUXILIOS;1;AUXILIOS;32;EXPLORACAO DE RECURSOS MINERAIS;250000,0;250000,0;250000,0
9341537;221;2022-06-22 00:00:00;PM TURMALINA;25.324.187/0001-00;1301;SEINFRA;SECRETARIA DE ESTADO DE INFRAESTRUTURA E MOBILIDADE;42;AUXILIOS;1;AUXILIOS;32;EXPLORACAO DE RECURSOS MINERAIS;261235,95;261235,95;261235,95
9341579;219;2022-06-22 00:00:00;PM GOUVEA;17.754.144/0001-36;1301;SEINFRA;SECRETARIA DE ESTADO DE INFRAESTRUTURA E MOBILIDADE;42;AUXILIOS;1;AUXILIOS;10;RECURSOS ORDINARIOS;410690,37;410690,37;410690,37
9341586;220;2022-06-22 00:00:00;PM ACUCENA;17.005.216/0001-42;1301;SEINFRA;SECRETARIA DE ESTADO DE INFRAESTRUTURA E MOBILIDADE;42;AUXILIOS;1;AUXILIOS;10;RECURSOS ORDINARIOS;250000,0;250000,0;250000,0
9341588;3887;2022-06-22 00:00:00;PM FREI GASPAR;18.404.913/0001-39;1261;SEE;SECRETARIA DE ESTADO DE EDUCACAO;41;CONTRIBUICOES;1;CONTRIBUICOES;21;COTA ESTADUAL DO SALARIO EDUCACAO - QESE;470470,5;470470,5;470470,5
9341588;3888;2022-06-22 00:00:00;PM FREI GASPAR;18.404.913/0001-39;1261;SEE;SECRETARIA DE ESTADO DE EDUCACAO;41;CONTRIBUICOES;1;CONTRIBUICOES;21;COTA ESTADUAL DO SALARIO EDUCACAO - QESE;24396,3;24396,3;24396,3
9341588;3889;2022-06-22 00:00:00;PM FREI GASPAR;18.404.913/0001-39;1261;SEE;SECRETARIA DE ESTADO DE EDUCACAO;41;CONTRIBUICOES;1;CONTRIBUICOES;21;COTA ESTADUAL DO SALARIO EDUCACAO - QESE;6480,0;6480,0;6480,0
9341589;3890;2022-06-22 00:00:00;PM INHAPIM;20.905.865/0001-04;1261;SEE;SECRETARIA DE ESTADO DE EDUCACAO;41;CONTRIBUICOES;1;CONTRIBUICOES;21;COTA ESTADUAL DO SALARIO EDUCACAO - QESE;2326215,25;2326215,25;2326215,25
9341589;3891;2022-06-22 00:00:00;PM INHAPIM;20.905.865/0001-04;1261;SEE;SECRETARIA DE ESTADO DE EDUCACAO;41;CONTRIBUICOES;1;CONTRIBUICOES;21;COTA ESTADUAL DO SALARIO EDUCACAO - QESE;120626,15;120626,15;120626,15
9341589;3892;2022-06-22 00:00:00;PM INHAPIM;20.905.865/0001-04;1261;SEE;SECRETARIA DE ESTADO DE EDUCACAO;41;CONTRIBUICOES;1;CONTRIBUICOES;21;COTA ESTADUAL DO SALARIO EDUCACAO - QESE;32040,0;32040,0;32040,0
9341590;3893;2022-06-22 00:00:00;PM SAO JOAO DO ORIENTE;18.338.848/0001-90;1261;SEE;SECRETARIA DE ESTADO DE EDUCACAO;41;CONTRIBUICOES;1;CONTRIBUICOES;21;COTA ESTADUAL DO SALARIO EDUCACAO - QESE;1186631,15;1186631,15;1186631,15
9341590;3894;2022-06-22 00:00:00;PM SAO JOAO DO ORIENTE;18.338.848/0001-90;1261;SEE;SECRETARIA DE ESTADO DE EDUCACAO;41;CONTRIBUICOES;1;CONTRIBUICOES;21;COTA ESTADUAL DO SALARIO EDUCACAO - QESE;61532,89;61532,89;61532,89
9341590;3895;2022-06-22 00:00:00;PM SAO JOAO DO ORIENTE;18.338.848/0001-90;1261;SEE;SECRETARIA DE ESTADO DE EDUCACAO;41;CONTRIBUICOES;1;CONTRIBUICOES;21;COTA ESTADUAL DO SALARIO EDUCACAO - QESE;16344,0;16344,0;16344,0
9341591;92;2022-06-22 00:00:00;PM TURMALINA;25.324.187/0001-00;1261;SEE;SECRETARIA DE ESTADO DE EDUCACAO;42;AUXILIOS;1;AUXILIOS;10;RECURSOS ORDINARIOS;150000,0;150000,0;150000,0
9341592;5383;2022-06-22 00:00:00;PM CHAPADA GAUCHA;01.612.489/0001-15;1491;SEGOV;SECRETARIA DE ESTADO DE GOVERNO;42;AUXILIOS;1;AUXILIOS;10;RECURSOS ORDINARIOS;155654,4;155654,4;155654,4
9341593;5380;2022-06-22 00:00:00;PM URUCUIA;25.223.850/0001-80;1491;SEGOV;SECRETARIA DE ESTADO DE GOVERNO;42;AUXILIOS;1;AUXILIOS;48;ALIENACAO DE BENS DO TESOURO ESTADUAL;78220,25;78220,25;78220,25
9341594;5381;2022-06-22 00:00:00;PM NOVO CRUZEIRO;18.404.889/0001-38;1491;SEGOV;SECRETARIA DE ESTADO DE GOVERNO;42;AUXILIOS;1;AUXILIOS;48;ALIENACAO DE BENS DO TESOURO ESTADUAL;265000,0;265000,0;265000,0
9341595;5382;2022-06-22 00:00:00;PM SERRA DOS AIMORES;18.398.966/0001-94;1491;SEGOV;SECRETARIA DE ESTADO DE GOVERNO;42;AUXILIOS;1;AUXILIOS;48;ALIENACAO DE BENS DO TESOURO ESTADUAL;273570,0;273570,0;273570,0
9341604;84;2022-06-29 00:00:00;PM ANDRADAS;17.884.412/0001-34;1451;SEJUSP;SECRETARIA DE ESTADO DE JUSTICA E SEGURANCA PUBLICA;42;AUXILIOS;1;AUXILIOS;10;RECURSOS ORDINARIOS;100000,0;100000,0;100000,0
9341829;5384;2022-06-23 00:00:00;PM CABECEIRA GRANDE;01.603.707/0001-55;1491;SEGOV;SECRETARIA DE ESTADO DE GOVERNO;42;AUXILIOS;1;AUXILIOS;10;RECURSOS ORDINARIOS;77826,87;77826,87;77826,87
9341843;225;2022-06-24 00:00:00;PM CARMO DO PARANAIBA;18.602.029/0001-09;1301;SEINFRA;SECRETARIA DE ESTADO DE INFRAESTRUTURA E MOBILIDADE;42;AUXILIOS;1;AUXILIOS;10;RECURSOS ORDINARIOS;300000,0;300000,0;300000,0
9341844;5385;2022-06-23 00:00:00;PM PONTO DOS VOLANTES;01.613.377/0001-89;1491;SEGOV;SECRETARIA DE ESTADO DE GOVERNO;42;AUXILIOS;1;AUXILIOS;10;RECURSOS ORDINARIOS;110981,0;110981,0;110981,0
9341849;5386;2022-06-23 00:00:00;PM FRANCISCOPOLIS;01.613.394/0001-16;1491;SEGOV;SECRETARIA DE ESTADO DE GOVERNO;42;AUXILIOS;1;AUXILIOS;10;RECURSOS ORDINARIOS;77827,19;77827,19;77827,19
9341851;5387;2022-06-23 00:00:00;PM CATUTI;01.612.502/0001-36;1491;SEGOV;SECRETARIA DE ESTADO DE GOVERNO;42;AUXILIOS;1;AUXILIOS;10;RECURSOS ORDINARIOS;77827,19;77827,19;77827,19
9341853;5388;2022-06-23 00:00:00;PM ESTRELA DO INDAIA;18.301.028/0001-24;1491;SEGOV;SECRETARIA DE ESTADO DE GOVERNO;42;AUXILIOS;1;AUXILIOS;10;RECURSOS ORDINARIOS;276333,33;276333,33;276333,33
9341854;224;2022-06-24 00:00:00;PM OLHOS-D'AGUA;01.612.547/0001-00;1301;SEINFRA;SECRETARIA DE ESTADO DE INFRAESTRUTURA E MOBILIDADE;42;AUXILIOS;1;AUXILIOS;32;EXPLORACAO DE RECURSOS MINERAIS;500000,0;500000,0;500000,0
9341855;5389;2022-06-23 00:00:00;PM ITURAMA;18.457.242/0001-74;1491;SEGOV;SECRETARIA DE ESTADO DE GOVERNO;42;AUXILIOS;1;AUXILIOS;10;RECURSOS ORDINARIOS;398093,33;398093,33;398093,33
9341856;5390;2022-06-23 00:00:00;PM MONTE CARMELO;18.593.103/0001-78;1491;SEGOV;SECRETARIA DE ESTADO DE GOVERNO;42;AUXILIOS;1;AUXILIOS;10;RECURSOS ORDINARIOS;274951,67;274951,67;274951,67
9341857;5391;2022-06-23 00:00:00;PM SAO JOSE DA BARRA;01.616.458/0001-32;1491;SEGOV;SECRETARIA DE ESTADO DE GOVERNO;42;AUXILIOS;1;AUXILIOS;10;RECURSOS ORDINARIOS;500000,0;500000,0;500000,0
9341858;5392;2022-06-23 00:00:00;PM CANAPOLIS;18.457.200/0001-33;1491;SEGOV;SECRETARIA DE ESTADO DE GOVERNO;42;AUXILIOS;1;AUXILIOS;10;RECURSOS ORDINARIOS;121760,0;121760,0;121760,0
9341859;5393;2022-06-23 00:00:00;PM CAMPINA VERDE;18.457.291/0001-07;1491;SEGOV;SECRETARIA DE ESTADO DE GOVERNO;42;AUXILIOS;1;AUXILIOS;10;RECURSOS ORDINARIOS;77827,2;77827,2;77827,2
9341860;5394;2022-06-23 00:00:00;PM IPIACU;18.457.259/0001-21;1491;SEGOV;SECRETARIA DE ESTADO DE GOVERNO;42;AUXILIOS;1;AUXILIOS;10;RECURSOS ORDINARIOS;121760,0;121760,0;121760,0
9341861;5395;2022-06-23 00:00:00;PM ESPERA FELIZ;18.114.264/0001-31;1491;SEGOV;SECRETARIA DE ESTADO DE GOVERNO;42;AUXILIOS;1;AUXILIOS;10;RECURSOS ORDINARIOS;77858,9;77858,9;77858,9
9341863;5396;2022-06-23 00:00:00;PM LAGOA FORMOSA;18.602.078/0001-41;1491;SEGOV;SECRETARIA DE ESTADO DE GOVERNO;42;AUXILIOS;1;AUXILIOS;10;RECURSOS ORDINARIOS;113262,61;113262,61;113262,61
9341864;5397;2022-06-23 00:00:00;PM ABADIA DOS DOURADOS;18.593.111/0001-14;1491;SEGOV;SECRETARIA DE ESTADO DE GOVERNO;42;AUXILIOS;1;AUXILIOS;10;RECURSOS ORDINARIOS;351396,66;351396,66;351396,66
9341897;5399;2022-06-24 00:00:00;PM ALMENARA;18.349.894/0001-95;1491;SEGOV;SECRETARIA DE ESTADO DE GOVERNO;42;AUXILIOS;1;AUXILIOS;10;RECURSOS ORDINARIOS;2284340,0;2284340,0;2284340,0
9341898;5408;2022-06-24 00:00:00;PM INDAIABIRA;01.614.599/0001-16;1491;SEGOV;SECRETARIA DE ESTADO DE GOVERNO;42;AUXILIOS;1;AUXILIOS;10;RECURSOS ORDINARIOS;77823,33;77823,33;77823,33
9341899;5398;2022-06-24 00:00:00;PM LEME DO PRADO;01.587.109/0001-30;1491;SEGOV;SECRETARIA DE ESTADO DE GOVERNO;42;AUXILIOS;1;AUXILIOS;10;RECURSOS ORDINARIOS;78220,27;78220,27;78220,27
9341900;5412;2022-06-24 00:00:00;PM PATOS DE MINAS;18.602.011/0001-07;1491;SEGOV;SECRETARIA DE ESTADO DE GOVERNO;42;AUXILIOS;1;AUXILIOS;48;ALIENACAO DE BENS DO TESOURO ESTADUAL;78219,33;78219,33;78219,33
9341901;5400;2022-06-24 00:00:00;PM JAMPRUCA;66.230.384/0001-47;1491;SEGOV;SECRETARIA DE ESTADO DE GOVERNO;42;AUXILIOS;1;AUXILIOS;10;RECURSOS ORDINARIOS;77813,33;77813,33;0,0
9341903;5401;2022-06-24 00:00:00;PM ITAMONTE;18.666.750/0001-62;1491;SEGOV;SECRETARIA DE ESTADO DE GOVERNO;42;AUXILIOS;1;AUXILIOS;10;RECURSOS ORDINARIOS;273333,33;273333,33;273333,33
9341904;5402;2022-06-24 00:00:00;PM CONQUISTA;18.428.888/0001-23;1491;SEGOV;SECRETARIA DE ESTADO DE GOVERNO;42;AUXILIOS;1;AUXILIOS;10;RECURSOS ORDINARIOS;100000,0;100000,0;100000,0
9341905;5403;2022-06-24 00:00:00;PM TAIOBEIRAS;18.017.384/0001-10;1491;SEGOV;SECRETARIA DE ESTADO DE GOVERNO;42;AUXILIOS;1;AUXILIOS;10;RECURSOS ORDINARIOS;273570,0;273570,0;273570,0
9341906;5404;2022-06-24 00:00:00;PM CAMPO AZUL;01.612.551/0001-79;1491;SEGOV;SECRETARIA DE ESTADO DE GOVERNO;42;AUXILIOS;1;AUXILIOS;10;RECURSOS ORDINARIOS;120029,6;120029,6;120029,6
9341907;5405;2022-06-24 00:00:00;PM SETUBINHA;01.613.375/0001-90;1491;SEGOV;SECRETARIA DE ESTADO DE GOVERNO;42;AUXILIOS;1;AUXILIOS;10;RECURSOS ORDINARIOS;77827,2;77827,2;77827,2
9341908;5407;2022-06-24 00:00:00;PM CENTRALINA;18.260.497/0001-42;1491;SEGOV;SECRETARIA DE ESTADO DE GOVERNO;42;AUXILIOS;1;AUXILIOS;10;RECURSOS ORDINARIOS;77827,2;77827,2;77827,2
9341910;5409;2022-06-24 00:00:00;PM ABADIA DOS DOURADOS;18.593.111/0001-14;1491;SEGOV;SECRETARIA DE ESTADO DE GOVERNO;42;AUXILIOS;1;AUXILIOS;10;RECURSOS ORDINARIOS;77826,33;77826,33;77826,33
9341911;5410;2022-06-24 00:00:00;PM RAUL SOARES;18.836.965/0001-84;1491;SEGOV;SECRETARIA DE ESTADO DE GOVERNO;42;AUXILIOS;1;AUXILIOS;10;RECURSOS ORDINARIOS;150000,0;150000,0;150000,0
9341913;201;2022-06-28 00:00:00;PM SEM PEIXE;01.625.189/0001-70;1481;SEDESE;SECRETARIA DE ESTADO DE DESENVOLVIMENTO SOCIAL;41;CONTRIBUICOES;1;CONTRIBUICOES;38;TRANSFERENCIAS DE RECURSOS DA UNIAO VINCULADOS AO ESPORTE;145624,84;145624,84;145624,84
9341914;5411;2022-06-24 00:00:00;PM DORES DO INDAIA;18.301.010/0001-22;1491;SEGOV;SECRETARIA DE ESTADO DE GOVERNO;42;AUXILIOS;1;AUXILIOS;10;RECURSOS ORDINARIOS;273570,0;273570,0;273570,0
9341935;5406;2022-06-24 00:00:00;PM SACRAMENTO;18.140.764/0001-48;1491;SEGOV;SECRETARIA DE ESTADO DE GOVERNO;42;AUXILIOS;1;AUXILIOS;10;RECURSOS ORDINARIOS;262516,66;262516,66;262516,66
9341944;3896;2022-06-24 00:00:00;PM IBIA;18.584.961/0001-56;1261;SEE;SECRETARIA DE ESTADO DE EDUCACAO;41;CONTRIBUICOES;1;CONTRIBUICOES;21;COTA ESTADUAL DO SALARIO EDUCACAO - QESE;418196,0;418196,0;418196,0
9341944;3897;2022-06-24 00:00:00;PM IBIA;18.584.961/0001-56;1261;SEE;SECRETARIA DE ESTADO DE EDUCACAO;41;CONTRIBUICOES;1;CONTRIBUICOES;21;COTA ESTADUAL DO SALARIO EDUCACAO - QESE;21685,6;21685,6;21685,6
9341944;3898;2022-06-24 00:00:00;PM IBIA;18.584.961/0001-56;1261;SEE;SECRETARIA DE ESTADO DE EDUCACAO;41;CONTRIBUICOES;1;CONTRIBUICOES;21;COTA ESTADUAL DO SALARIO EDUCACAO - QESE;5760,0;5760,0;5760,0
9341945;3902;2022-06-24 00:00:00;PM BRASILANDIA DE MINAS;01.602.009/0001-35;1261;SEE;SECRETARIA DE ESTADO DE EDUCACAO;41;CONTRIBUICOES;1;CONTRIBUICOES;21;COTA ESTADUAL DO SALARIO EDUCACAO - QESE;402513,65;402513,65;402513,65
9341945;3903;2022-06-24 00:00:00;PM BRASILANDIA DE MINAS;01.602.009/0001-35;1261;SEE;SECRETARIA DE ESTADO DE EDUCACAO;41;CONTRIBUICOES;1;CONTRIBUICOES;21;COTA ESTADUAL DO SALARIO EDUCACAO - QESE;20872,39;20872,39;20872,39
9341945;3904;2022-06-24 00:00:00;PM BRASILANDIA DE MINAS;01.602.009/0001-35;1261;SEE;SECRETARIA DE ESTADO DE EDUCACAO;41;CONTRIBUICOES;1;CONTRIBUICOES;21;COTA ESTADUAL DO SALARIO EDUCACAO - QESE;5544,0;5544,0;5544,0
9341946;3899;2022-06-24 00:00:00;PM PERIQUITO;01.613.077/0001-08;1261;SEE;SECRETARIA DE ESTADO DE EDUCACAO;41;CONTRIBUICOES;1;CONTRIBUICOES;21;COTA ESTADUAL DO SALARIO EDUCACAO - QESE;1322543,7;1322543,7;1322543,7
9341946;3900;2022-06-24 00:00:00;PM PERIQUITO;01.613.077/0001-08;1261;SEE;SECRETARIA DE ESTADO DE EDUCACAO;41;CONTRIBUICOES;1;CONTRIBUICOES;21;COTA ESTADUAL DO SALARIO EDUCACAO - QESE;62346,1;62346,1;62346,1
9341946;3901;2022-06-24 00:00:00;PM PERIQUITO;01.613.077/0001-08;1261;SEE;SECRETARIA DE ESTADO DE EDUCACAO;41;CONTRIBUICOES;1;CONTRIBUICOES;21;COTA ESTADUAL DO SALARIO EDUCACAO - QESE;16560,0;16560,0;16560,0
9341947;3905;2022-06-24 00:00:00;PM AGUANIL;17.888.108/0001-65;1261;SEE;SECRETARIA DE ESTADO DE EDUCACAO;41;CONTRIBUICOES;1;CONTRIBUICOES;21;COTA ESTADUAL DO SALARIO EDUCACAO - QESE;575019,5;575019,5;575019,5
9341947;3906;2022-06-24 00:00:00;PM AGUANIL;17.888.108/0001-65;1261;SEE;SECRETARIA DE ESTADO DE EDUCACAO;41;CONTRIBUICOES;1;CONTRIBUICOES;21;COTA ESTADUAL DO SALARIO EDUCACAO - QESE;29817,7;29817,7;29817,7
9341947;3907;2022-06-24 00:00:00;PM AGUANIL;17.888.108/0001-65;1261;SEE;SECRETARIA DE ESTADO DE EDUCACAO;41;CONTRIBUICOES;1;CONTRIBUICOES;21;COTA ESTADUAL DO SALARIO EDUCACAO - QESE;7920,0;7920,0;7920,0
9341948;97;2022-06-27 00:00:00;PM MONTE ALEGRE DE MINAS;18.431.155/0001-48;1261;SEE;SECRETARIA DE ESTADO DE EDUCACAO;42;AUXILIOS;1;AUXILIOS;10;RECURSOS ORDINARIOS;150000,0;150000,0;150000,0
9341949;98;2022-06-27 00:00:00;PM RIBEIRAO DAS NEVES;18.314.609/0001-09;1261;SEE;SECRETARIA DE ESTADO DE EDUCACAO;42;AUXILIOS;1;AUXILIOS;10;RECURSOS ORDINARIOS;200000,0;200000,0;200000,0
9341949;99;2022-06-27 00:00:00;PM RIBEIRAO DAS NEVES;18.314.609/0001-09;1261;SEE;SECRETARIA DE ESTADO DE EDUCACAO;42;AUXILIOS;1;AUXILIOS;10;RECURSOS ORDINARIOS;82682,0;82682,0;82682,0
9341949;100;2022-06-27 00:00:00;PM RIBEIRAO DAS NEVES;18.314.609/0001-09;1261;SEE;SECRETARIA DE ESTADO DE EDUCACAO;42;AUXILIOS;1;AUXILIOS;10;RECURSOS ORDINARIOS;40000,0;40000,0;40000,0
9341949;101;2022-06-27 00:00:00;PM RIBEIRAO DAS NEVES;18.314.609/0001-09;1261;SEE;SECRETARIA DE ESTADO DE EDUCACAO;42;AUXILIOS;1;AUXILIOS;10;RECURSOS ORDINARIOS;27318,0;27318,0;27318,0
9341950;107;2022-06-27 00:00:00;PM GUAXUPE;18.663.401/0001-97;1261;SEE;SECRETARIA DE ESTADO DE EDUCACAO;42;AUXILIOS;1;AUXILIOS;10;RECURSOS ORDINARIOS;169000,0;169000,0;169000,0
9341951;3908;2022-06-27 00:00:00;PM IPIACU;18.457.259/0001-21;1261;SEE;SECRETARIA DE ESTADO DE EDUCACAO;42;AUXILIOS;1;AUXILIOS;21;COTA ESTADUAL DO SALARIO EDUCACAO - QESE;200000,0;200000,0;200000,0
9341952;3909;2022-06-27 00:00:00;PM CENTRAL DE MINAS;17.990.714/0001-97;1261;SEE;SECRETARIA DE ESTADO DE EDUCACAO;42;AUXILIOS;1;AUXILIOS;21;COTA ESTADUAL DO SALARIO EDUCACAO - QESE;2426900,0;2426900,0;2426900,0
9341953;3910;2022-06-27 00:00:00;PM SAO GONCALO DO SAPUCAI;18.712.158/0001-50;1261;SEE;SECRETARIA DE ESTADO DE EDUCACAO;42;AUXILIOS;1;AUXILIOS;21;COTA ESTADUAL DO SALARIO EDUCACAO - QESE;2377800,0;2377800,0;2377800,0
9341954;3911;2022-06-27 00:00:00;PM ITABIRINHA;17.125.444/0001-56;1261;SEE;SECRETARIA DE ESTADO DE EDUCACAO;42;AUXILIOS;1;AUXILIOS;21;COTA ESTADUAL DO SALARIO EDUCACAO - QESE;1703500,0;1703500,0;1703500,0
9341955;3912;2022-06-27 00:00:00;PM ALVINOPOLIS;16.725.392/0001-96;1261;SEE;SECRETARIA DE ESTADO DE EDUCACAO;42;AUXILIOS;1;AUXILIOS;21;COTA ESTADUAL DO SALARIO EDUCACAO - QESE;200000,0;200000,0;200000,0
9341956;3913;2022-06-27 00:00:00;PM BURITIS;18.125.146/0001-29;1261;SEE;SECRETARIA DE ESTADO DE EDUCACAO;42;AUXILIOS;1;AUXILIOS;21;COTA ESTADUAL DO SALARIO EDUCACAO - QESE;879100,0;879100,0;879100,0
9341957;3914;2022-06-27 00:00:00;PM ARAPUA;19.942.895/0001-01;1261;SEE;SECRETARIA DE ESTADO DE EDUCACAO;42;AUXILIOS;1;AUXILIOS;21;COTA ESTADUAL DO SALARIO EDUCACAO - QESE;867800,0;867800,0;867800,0
9341958;3915;2022-06-27 00:00:00;PM ANGELANDIA;01.113.937/0001-36;1261;SEE;SECRETARIA DE ESTADO DE EDUCACAO;42;AUXILIOS;1;AUXILIOS;21;COTA ESTADUAL DO SALARIO EDUCACAO - QESE;100000,0;100000,0;100000,0
9341959;3916;2022-06-27 00:00:00;PM CAPUTIRA;18.385.138/0001-11;1261;SEE;SECRETARIA DE ESTADO DE EDUCACAO;42;AUXILIOS;1;AUXILIOS;21;COTA ESTADUAL DO SALARIO EDUCACAO - QESE;1492600,0;1492600,0;1492600,0
9341960;226;2022-06-27 00:00:00;PM GUARANI;18.338.160/0001-00;1301;SEINFRA;SECRETARIA DE ESTADO DE INFRAESTRUTURA E MOBILIDADE;42;AUXILIOS;1;AUXILIOS;32;EXPLORACAO DE RECURSOS MINERAIS;550000,0;550000,0;550000,0
9341962;229;2022-06-27 00:00:00;PM CONCEICAO DAS ALAGOAS;18.428.854/0001-39;1301;SEINFRA;SECRETARIA DE ESTADO DE INFRAESTRUTURA E MOBILIDADE;42;AUXILIOS;1;AUXILIOS;32;EXPLORACAO DE RECURSOS MINERAIS;1000000,0;1000000,0;1000000,0
9341963;230;2022-06-27 00:00:00;PM PAULA CANDIDO;17.763.715/0001-07;1301;SEINFRA;SECRETARIA DE ESTADO DE INFRAESTRUTURA E MOBILIDADE;42;AUXILIOS;1;AUXILIOS;32;EXPLORACAO DE RECURSOS MINERAIS;430659,33;430659,33;430659,33
9341964;231;2022-06-27 00:00:00;PM PEDRA DO ANTA;18.133.439/0001-58;1301;SEINFRA;SECRETARIA DE ESTADO DE INFRAESTRUTURA E MOBILIDADE;42;AUXILIOS;1;AUXILIOS;32;EXPLORACAO DE RECURSOS MINERAIS;250000,0;250000,0;250000,0
9341990;5413;2022-06-27 00:00:00;PM CAMPOS GERAIS;18.245.175/0001-24;1491;SEGOV;SECRETARIA DE ESTADO DE GOVERNO;42;AUXILIOS;1;AUXILIOS;10;RECURSOS ORDINARIOS;113834,63;113834,63;113834,63
9341991;227;2022-06-27 00:00:00;PM CANAA;18.132.712/0001-20;1301;SEINFRA;SECRETARIA DE ESTADO DE INFRAESTRUTURA E MOBILIDADE;42;AUXILIOS;1;AUXILIOS;10;RECURSOS ORDINARIOS;400000,0;400000,0;400000,0
9341992;228;2022-06-27 00:00:00;PM BAMBUI;20.920.567/0001-93;1301;SEINFRA;SECRETARIA DE ESTADO DE INFRAESTRUTURA E MOBILIDADE;42;AUXILIOS;1;AUXILIOS;32;EXPLORACAO DE RECURSOS MINERAIS;350000,0;350000,0;350000,0
9341993;232;2022-06-27 00:00:00;PM JEQUERI;18.316.166/0001-87;1301;SEINFRA;SECRETARIA DE ESTADO DE INFRAESTRUTURA E MOBILIDADE;42;AUXILIOS;1;AUXILIOS;32;EXPLORACAO DE RECURSOS MINERAIS;350000,0;350000,0;350000,0
9341994;114;2022-06-28 00:00:00;PM ITAJUBA;18.025.940/0001-09;1261;SEE;SECRETARIA DE ESTADO DE EDUCACAO;42;AUXILIOS;1;AUXILIOS;21;COTA ESTADUAL DO SALARIO EDUCACAO - QESE;1365000,0;1365000,0;1365000,0
9341994;115;2022-06-28 00:00:00;PM ITAJUBA;18.025.940/0001-09;1261;SEE;SECRETARIA DE ESTADO DE EDUCACAO;42;AUXILIOS;1;AUXILIOS;21;COTA ESTADUAL DO SALARIO EDUCACAO - QESE;1365000,0;0,0;0,0
9341994;116;2022-06-28 00:00:00;PM ITAJUBA;18.025.940/0001-09;1261;SEE;SECRETARIA DE ESTADO DE EDUCACAO;42;AUXILIOS;1;AUXILIOS;21;COTA ESTADUAL DO SALARIO EDUCACAO - QESE;0,0;0,0;0,0
9341995;117;2022-06-28 00:00:00;PM CURVELO;17.695.024/0001-05;1261;SEE;SECRETARIA DE ESTADO DE EDUCACAO;42;AUXILIOS;1;AUXILIOS;21;COTA ESTADUAL DO SALARIO EDUCACAO - QESE;1632000,0;1632000,0;1632000,0
9341995;118;2022-06-28 00:00:00;PM CURVELO;17.695.024/0001-05;1261;SEE;SECRETARIA DE ESTADO DE EDUCACAO;42;AUXILIOS;1;AUXILIOS;21;COTA ESTADUAL DO SALARIO EDUCACAO - QESE;1632000,0;0,0;0,0
9342014;3932;2022-06-28 00:00:00;PM MONTES CLAROS;22.678.874/0001-35;1261;SEE;SECRETARIA DE ESTADO DE EDUCACAO;42;AUXILIOS;1;AUXILIOS;21;COTA ESTADUAL DO SALARIO EDUCACAO - QESE;200000,0;200000,0;200000,0
9342015;111;2022-06-27 00:00:00;PM ARACUAI;17.963.083/0001-17;1261;SEE;SECRETARIA DE ESTADO DE EDUCACAO;42;AUXILIOS;1;AUXILIOS;10;RECURSOS ORDINARIOS;150000,0;150000,0;150000,0
9342016;112;2022-06-27 00:00:00;PM SAPUCAI-MIRIM;18.026.005/0001-59;1261;SEE;SECRETARIA DE ESTADO DE EDUCACAO;42;AUXILIOS;1;AUXILIOS;10;RECURSOS ORDINARIOS;150000,0;150000,0;150000,0
9342017;3919;2022-06-27 00:00:00;PM LASSANCE;18.279.125/0001-68;1261;SEE;SECRETARIA DE ESTADO DE EDUCACAO;41;CONTRIBUICOES;1;CONTRIBUICOES;21;COTA ESTADUAL DO SALARIO EDUCACAO - QESE;575019,5;575019,5;575019,5
9342017;3920;2022-06-27 00:00:00;PM LASSANCE;18.279.125/0001-68;1261;SEE;SECRETARIA DE ESTADO DE EDUCACAO;41;CONTRIBUICOES;1;CONTRIBUICOES;21;COTA ESTADUAL DO SALARIO EDUCACAO - QESE;29817,7;29817,7;29817,7
9342017;3921;2022-06-27 00:00:00;PM LASSANCE;18.279.125/0001-68;1261;SEE;SECRETARIA DE ESTADO DE EDUCACAO;41;CONTRIBUICOES;1;CONTRIBUICOES;21;COTA ESTADUAL DO SALARIO EDUCACAO - QESE;7920,0;7920,0;7920,0
9342018;3922;2022-06-27 00:00:00;PM CLAUDIO;18.308.775/0001-94;1261;SEE;SECRETARIA DE ESTADO DE EDUCACAO;41;CONTRIBUICOES;1;CONTRIBUICOES;21;COTA ESTADUAL DO SALARIO EDUCACAO - QESE;386831,3;386831,3;386831,3
9342018;3923;2022-06-27 00:00:00;PM CLAUDIO;18.308.775/0001-94;1261;SEE;SECRETARIA DE ESTADO DE EDUCACAO;41;CONTRIBUICOES;1;CONTRIBUICOES;21;COTA ESTADUAL DO SALARIO EDUCACAO - QESE;20059,18;20059,18;20059,18
9342018;3924;2022-06-27 00:00:00;PM CLAUDIO;18.308.775/0001-94;1261;SEE;SECRETARIA DE ESTADO DE EDUCACAO;41;CONTRIBUICOES;1;CONTRIBUICOES;21;COTA ESTADUAL DO SALARIO EDUCACAO - QESE;5328,0;5328,0;5328,0
9342019;3917;2022-06-27 00:00:00;PM BONITO DE MINAS;01.612.493/0001-83;1261;SEE;SECRETARIA DE ESTADO DE EDUCACAO;42;AUXILIOS;1;AUXILIOS;21;COTA ESTADUAL DO SALARIO EDUCACAO - QESE;838500,0;838500,0;838500,0
9342020;3918;2022-06-27 00:00:00;PM ANTONIO CARLOS;18.094.763/0001-04;1261;SEE;SECRETARIA DE ESTADO DE EDUCACAO;42;AUXILIOS;1;AUXILIOS;21;COTA ESTADUAL DO SALARIO EDUCACAO - QESE;566933,87;566933,87;566933,87
9342021;113;2022-06-27 00:00:00;PM MIRAI;17.966.201/0001-40;1261;SEE;SECRETARIA DE ESTADO DE EDUCACAO;42;AUXILIOS;1;AUXILIOS;10;RECURSOS ORDINARIOS;150000,0;150000,0;150000,0
9342032;186;2022-06-28 00:00:00;PM NOVO CRUZEIRO;18.404.889/0001-38;1231;SEAPA;SECRETARIA DE ESTADO DE AGRICULTURA, PECUARIA E ABASTECIMENTO - SEAPA;41;CONTRIBUICOES;1;CONTRIBUICOES;48;ALIENACAO DE BENS DO TESOURO ESTADUAL;780000,0;780000,0;780000,0
9342033;188;2022-06-28 00:00:00;PM NOVO CRUZEIRO;18.404.889/0001-38;1231;SEAPA;SECRETARIA DE ESTADO DE AGRICULTURA, PECUARIA E ABASTECIMENTO - SEAPA;41;CONTRIBUICOES;1;CONTRIBUICOES;48;ALIENACAO DE BENS DO TESOURO ESTADUAL;78613,33;78613,33;78613,33
9342033;189;2022-06-28 00:00:00;PM NOVO CRUZEIRO;18.404.889/0001-38;1231;SEAPA;SECRETARIA DE ESTADO DE AGRICULTURA, PECUARIA E ABASTECIMENTO - SEAPA;41;CONTRIBUICOES;1;CONTRIBUICOES;10;RECURSOS ORDINARIOS;220000,0;220000,0;220000,0
9342035;172;2022-06-28 00:00:00;PM CORINTO;17.695.016/0001-69;1231;SEAPA;SECRETARIA DE ESTADO DE AGRICULTURA, PECUARIA E ABASTECIMENTO - SEAPA;41;CONTRIBUICOES;1;CONTRIBUICOES;48;ALIENACAO DE BENS DO TESOURO ESTADUAL;220000,0;220000,0;220000,0
9342035;173;2022-06-28 00:00:00;PM CORINTO;17.695.016/0001-69;1231;SEAPA;SECRETARIA DE ESTADO DE AGRICULTURA, PECUARIA E ABASTECIMENTO - SEAPA;41;CONTRIBUICOES;1;CONTRIBUICOES;48;ALIENACAO DE BENS DO TESOURO ESTADUAL;78613,33;78613,33;78613,33
9342036;171;2022-06-28 00:00:00;PM SANTA VITORIA;18.457.226/0001-81;1231;SEAPA;SECRETARIA DE ESTADO DE AGRICULTURA, PECUARIA E ABASTECIMENTO - SEAPA;41;CONTRIBUICOES;1;CONTRIBUICOES;48;ALIENACAO DE BENS DO TESOURO ESTADUAL;614453,32;614453,32;614453,32
9342037;192;2022-06-28 00:00:00;PM SABINOPOLIS;18.307.454/0001-75;1231;SEAPA;SECRETARIA DE ESTADO DE AGRICULTURA, PECUARIA E ABASTECIMENTO - SEAPA;41;CONTRIBUICOES;1;CONTRIBUICOES;48;ALIENACAO DE BENS DO TESOURO ESTADUAL;400000,0;400000,0;400000,0
9342038;268;2022-06-29 00:00:00;PM PIAU;18.338.236/0001-06;1231;SEAPA;SECRETARIA DE ESTADO DE AGRICULTURA, PECUARIA E ABASTECIMENTO - SEAPA;41;CONTRIBUICOES;1;CONTRIBUICOES;10;RECURSOS ORDINARIOS;220000,0;220000,0;220000,0
9342038;269;2022-06-29 00:00:00;PM PIAU;18.338.236/0001-06;1231;SEAPA;SECRETARIA DE ESTADO DE AGRICULTURA, PECUARIA E ABASTECIMENTO - SEAPA;41;CONTRIBUICOES;1;CONTRIBUICOES;48;ALIENACAO DE BENS DO TESOURO ESTADUAL;78613,33;78613,33;78613,33
9342039;194;2022-06-28 00:00:00;PM BELMIRO BRAGA;18.338.129/0001-70;1231;SEAPA;SECRETARIA DE ESTADO DE AGRICULTURA, PECUARIA E ABASTECIMENTO - SEAPA;41;CONTRIBUICOES;1;CONTRIBUICOES;10;RECURSOS ORDINARIOS;220000,0;220000,0;220000,0
9342039;195;2022-06-28 00:00:00;PM BELMIRO BRAGA;18.338.129/0001-70;1231;SEAPA;SECRETARIA DE ESTADO DE AGRICULTURA, PECUARIA E ABASTECIMENTO - SEAPA;41;CONTRIBUICOES;1;CONTRIBUICOES;48;ALIENACAO DE BENS DO TESOURO ESTADUAL;78613,33;78613,33;78613,33
9342040;5414;2022-06-28 00:00:00;PM CORREGO NOVO;18.334.284/0001-18;1491;SEGOV;SECRETARIA DE ESTADO DE GOVERNO;42;AUXILIOS;1;AUXILIOS;10;RECURSOS ORDINARIOS;600000,0;600000,0;600000,0
9342041;175;2022-06-28 00:00:00;PM ITAVERAVA;19.718.386/0001-08;1231;SEAPA;SECRETARIA DE ESTADO DE AGRICULTURA, PECUARIA E ABASTECIMENTO - SEAPA;41;CONTRIBUICOES;1;CONTRIBUICOES;10;RECURSOS ORDINARIOS;220000,0;220000,0;220000,0
9342041;177;2022-06-28 00:00:00;PM ITAVERAVA;19.718.386/0001-08;1231;SEAPA;SECRETARIA DE ESTADO DE AGRICULTURA, PECUARIA E ABASTECIMENTO - SEAPA;41;CONTRIBUICOES;1;CONTRIBUICOES;48;ALIENACAO DE BENS DO TESOURO ESTADUAL;78613,33;78613,33;78613,33
9342042;234;2022-06-28 00:00:00;PM SANTA HELENA DE MINAS;01.613.395/0001-60;1301;SEINFRA;SECRETARIA DE ESTADO DE INFRAESTRUTURA E MOBILIDADE;42;AUXILIOS;1;AUXILIOS;10;RECURSOS ORDINARIOS;250000,0;250000,0;250000,0
9342043;5449;2022-06-28 00:00:00;PM CAPARAO;18.114.249/0001-93;1491;SEGOV;SECRETARIA DE ESTADO DE GOVERNO;42;AUXILIOS;1;AUXILIOS;48;ALIENACAO DE BENS DO TESOURO ESTADUAL;250000,0;250000,0;250000,0
9342044;5421;2022-06-28 00:00:00;PM SAO DOMINGOS DAS DORES;01.613.129/0001-38;1491;SEGOV;SECRETARIA DE ESTADO DE GOVERNO;42;AUXILIOS;1;AUXILIOS;10;RECURSOS ORDINARIOS;200000,0;200000,0;200000,0
9342045;167;2022-06-28 00:00:00;PM ARCOS;18.306.662/0001-50;1231;SEAPA;SECRETARIA DE ESTADO DE AGRICULTURA, PECUARIA E ABASTECIMENTO - SEAPA;41;CONTRIBUICOES;1;CONTRIBUICOES;10;RECURSOS ORDINARIOS;220000,0;220000,0;220000,0
9342045;168;2022-06-28 00:00:00;PM ARCOS;18.306.662/0001-50;1231;SEAPA;SECRETARIA DE ESTADO DE AGRICULTURA, PECUARIA E ABASTECIMENTO - SEAPA;41;CONTRIBUICOES;1;CONTRIBUICOES;10;RECURSOS ORDINARIOS;78613,33;78613,33;78613,33
9342046;5434;2022-06-28 00:00:00;PM PEQUERI;17.724.360/0001-39;1491;SEGOV;SECRETARIA DE ESTADO DE GOVERNO;42;AUXILIOS;1;AUXILIOS;10;RECURSOS ORDINARIOS;114406,67;114406,67;114406,67
9342047;179;2022-06-28 00:00:00;PM SANTA RITA DO IBITIPOCA;18.094.862/0001-96;1231;SEAPA;SECRETARIA DE ESTADO DE AGRICULTURA, PECUARIA E ABASTECIMENTO - SEAPA;41;CONTRIBUICOES;1;CONTRIBUICOES;10;RECURSOS ORDINARIOS;220000,0;220000,0;220000,0
9342047;181;2022-06-28 00:00:00;PM SANTA RITA DO IBITIPOCA;18.094.862/0001-96;1231;SEAPA;SECRETARIA DE ESTADO DE AGRICULTURA, PECUARIA E ABASTECIMENTO - SEAPA;41;CONTRIBUICOES;1;CONTRIBUICOES;10;RECURSOS ORDINARIOS;78613,33;78613,33;78613,33
9342048;236;2022-06-28 00:00:00;PM SANTO ANTONIO DO AMPARO;18.244.335/0001-10;1301;SEINFRA;SECRETARIA DE ESTADO DE INFRAESTRUTURA E MOBILIDADE;42;AUXILIOS;1;AUXILIOS;10;RECURSOS ORDINARIOS;500000,0;500000,0;500000,0
9342049;5462;2022-06-28 00:00:00;PM TURMALINA;25.324.187/0001-00;1491;SEGOV;SECRETARIA DE ESTADO DE GOVERNO;42;AUXILIOS;1;AUXILIOS;10;RECURSOS ORDINARIOS;541333,33;541333,33;541333,33
9342050;5446;2022-06-28 00:00:00;PM DATAS;17.754.193/0001-79;1491;SEGOV;SECRETARIA DE ESTADO DE GOVERNO;42;AUXILIOS;1;AUXILIOS;10;RECURSOS ORDINARIOS;299374,66;299374,66;0,0
9342051;5443;2022-06-28 00:00:00;PM DIAMANTINA;17.754.136/0001-90;1491;SEGOV;SECRETARIA DE ESTADO DE GOVERNO;42;AUXILIOS;1;AUXILIOS;10;RECURSOS ORDINARIOS;77827,2;77827,2;0,0
9342052;235;2022-06-28 00:00:00;PM PAIVA;17.747.965/0001-45;1301;SEINFRA;SECRETARIA DE ESTADO DE INFRAESTRUTURA E MOBILIDADE;42;AUXILIOS;1;AUXILIOS;10;RECURSOS ORDINARIOS;250000,0;250000,0;250000,0
9342053;5480;2022-06-28 00:00:00;PM LAGOA DOURADA;18.557.595/0001-46;1491;SEGOV;SECRETARIA DE ESTADO DE GOVERNO;42;AUXILIOS;1;AUXILIOS;48;ALIENACAO DE BENS DO TESOURO ESTADUAL;547084,18;547084,18;547084,18
9342054;5453;2022-06-28 00:00:00;PM ESPERA FELIZ;18.114.264/0001-31;1491;SEGOV;SECRETARIA DE ESTADO DE GOVERNO;42;AUXILIOS;1;AUXILIOS;10;RECURSOS ORDINARIOS;77858,9;77858,9;77858,9
9342055;5455;2022-06-28 00:00:00;PM TIROS;18.602.094/0001-34;1491;SEGOV;SECRETARIA DE ESTADO DE GOVERNO;42;AUXILIOS;1;AUXILIOS;10;RECURSOS ORDINARIOS;270233,33;270233,33;270233,33
9342056;5457;2022-06-28 00:00:00;PM SENHORA DO PORTO;18.307.504/0001-14;1491;SEGOV;SECRETARIA DE ESTADO DE GOVERNO;42;AUXILIOS;1;AUXILIOS;10;RECURSOS ORDINARIOS;155654,0;155654,0;155654,0
9342057;1;2022-06-28 00:00:00;PM GRAO MOGOL;20.716.627/0001-50;4421;FUNDIF;FUNDO ESTADUAL DE DEFESA DE DIREITOS DIFUSOS;42;AUXILIOS;1;AUXILIOS;39;MULTAS PECUNIARIAS E JUROS DE MORA FIXADOS EM SENTENCAS JUDICIAIS;999166,84;999166,84;999166,84
9342058;5459;2022-06-28 00:00:00;PM SERRA DO SALITRE;18.468.058/0001-20;1491;SEGOV;SECRETARIA DE ESTADO DE GOVERNO;42;AUXILIOS;1;AUXILIOS;10;RECURSOS ORDINARIOS;150000,0;150000,0;150000,0
9342059;5460;2022-06-28 00:00:00;PM IRAI DE MINAS;18.158.642/0001-89;1491;SEGOV;SECRETARIA DE ESTADO DE GOVERNO;42;AUXILIOS;1;AUXILIOS;10;RECURSOS ORDINARIOS;400000,0;400000,0;400000,0
9342060;5451;2022-06-28 00:00:00;PM OURO FINO;18.671.271/0001-34;1491;SEGOV;SECRETARIA DE ESTADO DE GOVERNO;42;AUXILIOS;1;AUXILIOS;48;ALIENACAO DE BENS DO TESOURO ESTADUAL;77827,2;77827,2;77827,2
9342062;5463;2022-06-28 00:00:00;PM ITAUNA;18.309.724/0001-87;1491;SEGOV;SECRETARIA DE ESTADO DE GOVERNO;42;AUXILIOS;1;AUXILIOS;10;RECURSOS ORDINARIOS;311308,8;311308,8;311308,8
9342063;5454;2022-06-28 00:00:00;PM DESTERRO DE ENTRE RIOS;20.356.762/0001-32;1491;SEGOV;SECRETARIA DE ESTADO DE GOVERNO;42;AUXILIOS;1;AUXILIOS;48;ALIENACAO DE BENS DO TESOURO ESTADUAL;77827,19;77827,19;77827,19
9342064;5464;2022-06-28 00:00:00;PM BOM JESUS DA PENHA;18.187.815/0001-97;1491;SEGOV;SECRETARIA DE ESTADO DE GOVERNO;42;AUXILIOS;1;AUXILIOS;10;RECURSOS ORDINARIOS;274951,66;274951,66;274951,66
9342065;5416;2022-06-28 00:00:00;PM PRATA;18.260.505/0001-50;1491;SEGOV;SECRETARIA DE ESTADO DE GOVERNO;42;AUXILIOS;1;AUXILIOS;10;RECURSOS ORDINARIOS;70752,0;70752,0;70752,0
9342066;5417;2022-06-28 00:00:00;PM CARLOS CHAGAS;18.477.315/0001-90;1491;SEGOV;SECRETARIA DE ESTADO DE GOVERNO;42;AUXILIOS;1;AUXILIOS;10;RECURSOS ORDINARIOS;273570,0;273570,0;273570,0
9342067;5426;2022-06-28 00:00:00;PM TURVOLANDIA;18.712.141/0001-00;1491;SEGOV;SECRETARIA DE ESTADO DE GOVERNO;42;AUXILIOS;1;AUXILIOS;10;RECURSOS ORDINARIOS;273570,0;273570,0;273570,0
9342068;5415;2022-06-28 00:00:00;PM FRONTEIRA;18.449.140/0001-07;1491;SEGOV;SECRETARIA DE ESTADO DE GOVERNO;42;AUXILIOS;1;AUXILIOS;10;RECURSOS ORDINARIOS;0,0;0,0;0,0
9342068;5725;2022-06-29 00:00:00;PM FRONTEIRA;18.449.140/0001-07;1491;SEGOV;SECRETARIA DE ESTADO DE GOVERNO;42;AUXILIOS;1;AUXILIOS;10;RECURSOS ORDINARIOS;262333,33;262333,33;262333,33
9342069;5430;2022-06-28 00:00:00;PM MONTE CARMELO;18.593.103/0001-78;1491;SEGOV;SECRETARIA DE ESTADO DE GOVERNO;42;AUXILIOS;1;AUXILIOS;10;RECURSOS ORDINARIOS;300000,0;300000,0;300000,0
9342070;5433;2022-06-28 00:00:00;PM CONCEICAO DAS ALAGOAS;18.428.854/0001-39;1491;SEGOV;SECRETARIA DE ESTADO DE GOVERNO;42;AUXILIOS;1;AUXILIOS;10;RECURSOS ORDINARIOS;74682,66;74682,66;74682,66
9342071;5437;2022-06-28 00:00:00;PM CARMESIA;18.303.172/0001-08;1491;SEGOV;SECRETARIA DE ESTADO DE GOVERNO;42;AUXILIOS;1;AUXILIOS;10;RECURSOS ORDINARIOS;500000,0;500000,0;500000,0
9342072;5445;2022-06-28 00:00:00;PM PAPAGAIOS;18.313.866/0001-18;1491;SEGOV;SECRETARIA DE ESTADO DE GOVERNO;42;AUXILIOS;1;AUXILIOS;10;RECURSOS ORDINARIOS;273569,99;273569,99;273569,99
9342073;5441;2022-06-28 00:00:00;PM COROMANDEL;18.591.149/0001-58;1491;SEGOV;SECRETARIA DE ESTADO DE GOVERNO;42;AUXILIOS;1;AUXILIOS;10;RECURSOS ORDINARIOS;77827,17;77827,17;77827,17
9342074;5450;2022-06-28 00:00:00;PM DIVISA ALEGRE;01.613.073/0001-11;1491;SEGOV;SECRETARIA DE ESTADO DE GOVERNO;42;AUXILIOS;1;AUXILIOS;10;RECURSOS ORDINARIOS;273533,33;273533,33;273533,33
9342075;5452;2022-06-28 00:00:00;PM ITURAMA;18.457.242/0001-74;1491;SEGOV;SECRETARIA DE ESTADO DE GOVERNO;42;AUXILIOS;1;AUXILIOS;10;RECURSOS ORDINARIOS;74682,66;74682,66;74682,66
9342076;5458;2022-06-28 00:00:00;PM ITABIRINHA;17.125.444/0001-56;1491;SEGOV;SECRETARIA DE ESTADO DE GOVERNO;42;AUXILIOS;1;AUXILIOS;10;RECURSOS ORDINARIOS;221962,0;221962,0;221962,0
9342077;1;2022-06-28 00:00:00;PM POMPEU;18.296.681/0001-42;1481;SEDESE;SECRETARIA DE ESTADO DE DESENVOLVIMENTO SOCIAL;42;AUXILIOS;1;AUXILIOS;10;RECURSOS ORDINARIOS;160000,0;160000,0;160000,0
9342078;5465;2022-06-28 00:00:00;PM TIROS;18.602.094/0001-34;1491;SEGOV;SECRETARIA DE ESTADO DE GOVERNO;42;AUXILIOS;1;AUXILIOS;10;RECURSOS ORDINARIOS;274951,66;274951,66;274951,66
9342079;245;2022-06-29 00:00:00;PM ARAPONGA;18.132.167/0001-71;1301;SEINFRA;SECRETARIA DE ESTADO DE INFRAESTRUTURA E MOBILIDADE;42;AUXILIOS;1;AUXILIOS;10;RECURSOS ORDINARIOS;268618,0;268618,0;268618,0
9342080;5461;2022-06-28 00:00:00;PM TIROS;18.602.094/0001-34;1491;SEGOV;SECRETARIA DE ESTADO DE GOVERNO;42;AUXILIOS;1;AUXILIOS;10;RECURSOS ORDINARIOS;78220,26;78220,26;78220,26
9342081;5467;2022-06-28 00:00:00;PM PRATA;18.260.505/0001-50;1491;SEGOV;SECRETARIA DE ESTADO DE GOVERNO;42;AUXILIOS;1;AUXILIOS;10;RECURSOS ORDINARIOS;308898,0;308898,0;308898,0
9342082;5420;2022-06-28 00:00:00;PM SANTA VITORIA;18.457.226/0001-81;1491;SEGOV;SECRETARIA DE ESTADO DE GOVERNO;42;AUXILIOS;1;AUXILIOS;10;RECURSOS ORDINARIOS;121760,0;121760,0;121760,0
9342083;240;2022-06-28 00:00:00;PM FELIXLANDIA;17.695.032/0001-51;1301;SEINFRA;SECRETARIA DE ESTADO DE INFRAESTRUTURA E MOBILIDADE;42;AUXILIOS;1;AUXILIOS;10;RECURSOS ORDINARIOS;500000,0;500000,0;500000,0
9342084;5422;2022-06-28 00:00:00;PM IGUATAMA;18.306.688/0001-06;1491;SEGOV;SECRETARIA DE ESTADO DE GOVERNO;42;AUXILIOS;1;AUXILIOS;10;RECURSOS ORDINARIOS;113262,61;113262,61;113262,61
9342085;5425;2022-06-28 00:00:00;PM IGUATAMA;18.306.688/0001-06;1491;SEGOV;SECRETARIA DE ESTADO DE GOVERNO;42;AUXILIOS;1;AUXILIOS;10;RECURSOS ORDINARIOS;77827,19;77827,19;0,0
9342086;248;2022-06-29 00:00:00;PM CAIANA;18.114.256/0001-95;1301;SEINFRA;SECRETARIA DE ESTADO DE INFRAESTRUTURA E MOBILIDADE;42;AUXILIOS;1;AUXILIOS;10;RECURSOS ORDINARIOS;107440,17;107440,17;107440,17
9342087;5423;2022-06-28 00:00:00;PM VISCONDE DO RIO BRANCO;18.137.927/0001-33;1491;SEGOV;SECRETARIA DE ESTADO DE GOVERNO;42;AUXILIOS;1;AUXILIOS;10;RECURSOS ORDINARIOS;155654,4;155654,4;155654,4
9342088;243;2022-06-29 00:00:00;PM LARANJAL;17.947.615/0001-22;1301;SEINFRA;SECRETARIA DE ESTADO DE INFRAESTRUTURA E MOBILIDADE;42;AUXILIOS;1;AUXILIOS;10;RECURSOS ORDINARIOS;500000,0;500000,0;500000,0
9342089;242;2022-06-28 00:00:00;PM CARANGOLA;19.279.827/0001-04;1301;SEINFRA;SECRETARIA DE ESTADO DE INFRAESTRUTURA E MOBILIDADE;42;AUXILIOS;1;AUXILIOS;10;RECURSOS ORDINARIOS;400000,0;400000,0;400000,0
9342090;5427;2022-06-28 00:00:00;PM ITAMONTE;18.666.750/0001-62;1491;SEGOV;SECRETARIA DE ESTADO DE GOVERNO;42;AUXILIOS;1;AUXILIOS;10;RECURSOS ORDINARIOS;77613,33;77613,33;77613,33
9342091;244;2022-06-29 00:00:00;PM IBIA;18.584.961/0001-56;1301;SEINFRA;SECRETARIA DE ESTADO DE INFRAESTRUTURA E MOBILIDADE;42;AUXILIOS;1;AUXILIOS;32;EXPLORACAO DE RECURSOS MINERAIS;775000,0;775000,0;775000,0
9342093;5429;2022-06-28 00:00:00;PM MONSENHOR PAULO;22.541.874/0001-99;1491;SEGOV;SECRETARIA DE ESTADO DE GOVERNO;42;AUXILIOS;1;AUXILIOS;10;RECURSOS ORDINARIOS;274951,67;274951,67;274951,67
9342094;5431;2022-06-28 00:00:00;PM ROMARIA;18.160.044/0001-44;1491;SEGOV;SECRETARIA DE ESTADO DE GOVERNO;42;AUXILIOS;1;AUXILIOS;10;RECURSOS ORDINARIOS;113262,61;113262,61;113262,61
9342095;241;2022-06-28 00:00:00;PM PARAOPEBA;18.116.160/0001-66;1301;SEINFRA;SECRETARIA DE ESTADO DE INFRAESTRUTURA E MOBILIDADE;42;AUXILIOS;1;AUXILIOS;32;EXPLORACAO DE RECURSOS MINERAIS;1000000,0;1000000,0;1000000,0
9342096;5435;2022-06-28 00:00:00;PM JOSE GONCALVES DE MINAS;01.613.372/0001-56;1491;SEGOV;SECRETARIA DE ESTADO DE GOVERNO;42;AUXILIOS;1;AUXILIOS;10;RECURSOS ORDINARIOS;77827,2;77827,2;77827,2
9342097;5444;2022-06-28 00:00:00;PM CARAI;18.404.848/0001-41;1491;SEGOV;SECRETARIA DE ESTADO DE GOVERNO;42;AUXILIOS;1;AUXILIOS;10;RECURSOS ORDINARIOS;121760,0;121760,0;121760,0
9342098;5448;2022-06-28 00:00:00;PM MOEDA;18.363.952/0001-35;1491;SEGOV;SECRETARIA DE ESTADO DE GOVERNO;42;AUXILIOS;1;AUXILIOS;10;RECURSOS ORDINARIOS;349489,48;349489,48;349489,48
9342099;5466;2022-06-28 00:00:00;PM PLANURA;18.449.157/0001-64;1491;SEGOV;SECRETARIA DE ESTADO DE GOVERNO;42;AUXILIOS;1;AUXILIOS;10;RECURSOS ORDINARIOS;121760,0;121760,0;121760,0
9342100;5479;2022-06-28 00:00:00;PM PLANURA;18.449.157/0001-64;1491;SEGOV;SECRETARIA DE ESTADO DE GOVERNO;42;AUXILIOS;1;AUXILIOS;10;RECURSOS ORDINARIOS;292055,34;292055,34;292055,34
9342101;5436;2022-06-28 00:00:00;PM PRATINHA;18.585.570/0001-56;1491;SEGOV;SECRETARIA DE ESTADO DE GOVERNO;42;AUXILIOS;1;AUXILIOS;10;RECURSOS ORDINARIOS;121760,0;121760,0;121760,0
9342102;5440;2022-06-28 00:00:00;PM RAPOSOS;18.312.132/0001-14;1491;SEGOV;SECRETARIA DE ESTADO DE GOVERNO;42;AUXILIOS;1;AUXILIOS;10;RECURSOS ORDINARIOS;566313,02;566313,02;566313,02
9342103;246;2022-06-29 00:00:00;PM DIVINOLANDIA DE MINAS;18.307.405/0001-32;1301;SEINFRA;SECRETARIA DE ESTADO DE INFRAESTRUTURA E MOBILIDADE;42;AUXILIOS;1;AUXILIOS;32;EXPLORACAO DE RECURSOS MINERAIS;800000,0;800000,0;800000,0
9342104;5419;2022-06-28 00:00:00;PM GAMELEIRA;01.612.482/0001-01;1491;SEGOV;SECRETARIA DE ESTADO DE GOVERNO;42;AUXILIOS;1;AUXILIOS;10;RECURSOS ORDINARIOS;113834,6;113834,6;113834,6
9342105;5418;2022-06-28 00:00:00;PM ITAPAGIPE;21.226.840/0001-47;1491;SEGOV;SECRETARIA DE ESTADO DE GOVERNO;42;AUXILIOS;1;AUXILIOS;10;RECURSOS ORDINARIOS;473157,2;473157,2;473157,2
9342106;5432;2022-06-28 00:00:00;PM ESTRELA DO INDAIA;18.301.028/0001-24;1491;SEGOV;SECRETARIA DE ESTADO DE GOVERNO;42;AUXILIOS;1;AUXILIOS;10;RECURSOS ORDINARIOS;276333,33;276333,33;276333,33
9342107;5438;2022-06-28 00:00:00;PM CACHOEIRA DOURADA;18.457.267/0001-78;1491;SEGOV;SECRETARIA DE ESTADO DE GOVERNO;42;AUXILIOS;1;AUXILIOS;10;RECURSOS ORDINARIOS;74682,66;74682,66;74682,66
9342108;5447;2022-06-28 00:00:00;PM DOM BOSCO;01.602.782/0001-00;1491;SEGOV;SECRETARIA DE ESTADO DE GOVERNO;42;AUXILIOS;1;AUXILIOS;10;RECURSOS ORDINARIOS;121760,0;121760,0;121760,0
9342109;5456;2022-06-28 00:00:00;PM ALPINOPOLIS;18.241.752/0001-00;1491;SEGOV;SECRETARIA DE ESTADO DE GOVERNO;42;AUXILIOS;1;AUXILIOS;10;RECURSOS ORDINARIOS;233481,57;233481,57;233481,57
9342110;5428;2022-06-28 00:00:00;PM DIVISOPOLIS;66.234.311/0001-23;1491;SEGOV;SECRETARIA DE ESTADO DE GOVERNO;42;AUXILIOS;1;AUXILIOS;10;RECURSOS ORDINARIOS;350000,0;350000,0;350000,0
9342111;5439;2022-06-28 00:00:00;PM NOVA BELEM;01.613.169/0001-80;1491;SEGOV;SECRETARIA DE ESTADO DE GOVERNO;42;AUXILIOS;1;AUXILIOS;10;RECURSOS ORDINARIOS;348159,11;348159,11;348159,11
9342112;5424;2022-06-28 00:00:00;PM FELIXLANDIA;17.695.032/0001-51;1491;SEGOV;SECRETARIA DE ESTADO DE GOVERNO;42;AUXILIOS;1;AUXILIOS;10;RECURSOS ORDINARIOS;547066,66;547066,66;547066,66
9342113;5442;2022-06-28 00:00:00;PM SAO ROQUE DE MINAS;18.306.670/0001-04;1491;SEGOV;SECRETARIA DE ESTADO DE GOVERNO;42;AUXILIOS;1;AUXILIOS;10;RECURSOS ORDINARIOS;113262,61;113262,61;113262,61
9342114;3929;2022-06-28 00:00:00;PM FREI INOCENCIO;16.945.990/0001-70;1261;SEE;SECRETARIA DE ESTADO DE EDUCACAO;41;CONTRIBUICOES;1;CONTRIBUICOES;21;COTA ESTADUAL DO SALARIO EDUCACAO - QESE;852074,35;852074,35;852074,35
9342114;3930;2022-06-28 00:00:00;PM FREI INOCENCIO;16.945.990/0001-70;1261;SEE;SECRETARIA DE ESTADO DE EDUCACAO;41;CONTRIBUICOES;1;CONTRIBUICOES;21;COTA ESTADUAL DO SALARIO EDUCACAO - QESE;44184,41;44184,41;44184,41
9342114;3931;2022-06-28 00:00:00;PM FREI INOCENCIO;16.945.990/0001-70;1261;SEE;SECRETARIA DE ESTADO DE EDUCACAO;41;CONTRIBUICOES;1;CONTRIBUICOES;21;COTA ESTADUAL DO SALARIO EDUCACAO - QESE;11736,0;11736,0;11736,0
9342118;3942;2022-06-28 00:00:00;PM GUARANI;18.338.160/0001-00;1261;SEE;SECRETARIA DE ESTADO DE EDUCACAO;42;AUXILIOS;1;AUXILIOS;21;COTA ESTADUAL DO SALARIO EDUCACAO - QESE;218500,0;218500,0;218500,0
9342119;3933;2022-06-28 00:00:00;PM JANUARIA;21.461.546/0001-10;1261;SEE;SECRETARIA DE ESTADO DE EDUCACAO;42;AUXILIOS;1;AUXILIOS;21;COTA ESTADUAL DO SALARIO EDUCACAO - QESE;566933,87;566933,87;566933,87
9342120;3937;2022-06-28 00:00:00;PM SAO FRANCISCO DE SALES;18.457.283/0001-60;1261;SEE;SECRETARIA DE ESTADO DE EDUCACAO;42;AUXILIOS;1;AUXILIOS;21;COTA ESTADUAL DO SALARIO EDUCACAO - QESE;100000,0;100000,0;100000,0
9342121;3934;2022-06-28 00:00:00;PM CARMO DO RIO CLARO;18.243.287/0001-46;1261;SEE;SECRETARIA DE ESTADO DE EDUCACAO;42;AUXILIOS;1;AUXILIOS;21;COTA ESTADUAL DO SALARIO EDUCACAO - QESE;3129800,0;3129800,0;3129800,0
9342122;3935;2022-06-28 00:00:00;PM SAO GERALDO;18.137.935/0001-80;1261;SEE;SECRETARIA DE ESTADO DE EDUCACAO;42;AUXILIOS;1;AUXILIOS;21;COTA ESTADUAL DO SALARIO EDUCACAO - QESE;1535600,0;1535600,0;1535600,0
9342123;3938;2022-06-28 00:00:00;PM UBA;18.128.207/0001-01;1261;SEE;SECRETARIA DE ESTADO DE EDUCACAO;42;AUXILIOS;1;AUXILIOS;21;COTA ESTADUAL DO SALARIO EDUCACAO - QESE;200000,0;200000,0;200000,0
9342124;3943;2022-06-28 00:00:00;PM PEDRA DO ANTA;18.133.439/0001-58;1261;SEE;SECRETARIA DE ESTADO DE EDUCACAO;42;AUXILIOS;1;AUXILIOS;21;COTA ESTADUAL DO SALARIO EDUCACAO - QESE;109400,0;109400,0;109400,0
9342125;3939;2022-06-28 00:00:00;PM PIEDADE DOS GERAIS;18.363.960/0001-81;1261;SEE;SECRETARIA DE ESTADO DE EDUCACAO;42;AUXILIOS;1;AUXILIOS;21;COTA ESTADUAL DO SALARIO EDUCACAO - QESE;200000,0;200000,0;200000,0
9342126;3936;2022-06-28 00:00:00;PM TEOFILO OTONI;18.404.780/0001-09;1261;SEE;SECRETARIA DE ESTADO DE EDUCACAO;42;AUXILIOS;1;AUXILIOS;21;COTA ESTADUAL DO SALARIO EDUCACAO - QESE;851633,33;851633,33;851633,33
9342127;3941;2022-06-28 00:00:00;PM SAO TOMAS DE AQUINO;18.241.364/0001-29;1261;SEE;SECRETARIA DE ESTADO DE EDUCACAO;42;AUXILIOS;1;AUXILIOS;21;COTA ESTADUAL DO SALARIO EDUCACAO - QESE;99933,49;99933,49;99933,49
9342128;3940;2022-06-28 00:00:00;PM TAIOBEIRAS;18.017.384/0001-10;1261;SEE;SECRETARIA DE ESTADO DE EDUCACAO;42;AUXILIOS;1;AUXILIOS;21;COTA ESTADUAL DO SALARIO EDUCACAO - QESE;100000,0;100000,0;100000,0
9342129;3949;2022-06-28 00:00:00;PM PEQUI;18.313.874/0001-64;1261;SEE;SECRETARIA DE ESTADO DE EDUCACAO;42;AUXILIOS;1;AUXILIOS;21;COTA ESTADUAL DO SALARIO EDUCACAO - QESE;1634000,0;1634000,0;1634000,0
9342130;3948;2022-06-28 00:00:00;PM TRES PONTAS;18.245.167/0001-88;1261;SEE;SECRETARIA DE ESTADO DE EDUCACAO;42;AUXILIOS;1;AUXILIOS;21;COTA ESTADUAL DO SALARIO EDUCACAO - QESE;2432666,66;2432666,66;2432666,66
9342137;5468;2022-06-28 00:00:00;PM ABRE CAMPO;18.837.278/0001-83;1491;SEGOV;SECRETARIA DE ESTADO DE GOVERNO;42;AUXILIOS;1;AUXILIOS;48;ALIENACAO DE BENS DO TESOURO ESTADUAL;78219,33;78219,33;78219,33
9342139;5474;2022-06-28 00:00:00;PM SANTOS DUMONT;17.747.924/0001-59;1491;SEGOV;SECRETARIA DE ESTADO DE GOVERNO;42;AUXILIOS;1;AUXILIOS;10;RECURSOS ORDINARIOS;78220,26;78220,26;78220,26
9342140;5477;2022-06-28 00:00:00;PM SANTA CRUZ DE SALINAS;01.612.497/0001-61;1491;SEGOV;SECRETARIA DE ESTADO DE GOVERNO;42;AUXILIOS;1;AUXILIOS;10;RECURSOS ORDINARIOS;113262,6;113262,6;113262,6
9342142;3952;2022-06-29 00:00:00;PM ARACITABA;17.747.940/0001-41;1261;SEE;SECRETARIA DE ESTADO DE EDUCACAO;42;AUXILIOS;1;AUXILIOS;21;COTA ESTADUAL DO SALARIO EDUCACAO - QESE;1166300,0;1166300,0;1166300,0
9342143;3946;2022-06-28 00:00:00;PM GUARACIABA;19.382.647/0001-53;1261;SEE;SECRETARIA DE ESTADO DE EDUCACAO;42;AUXILIOS;1;AUXILIOS;21;COTA ESTADUAL DO SALARIO EDUCACAO - QESE;100000,0;100000,0;100000,0
9342144;3950;2022-06-28 00:00:00;PM CARVALHOS;18.194.217/0001-45;1261;SEE;SECRETARIA DE ESTADO DE EDUCACAO;42;AUXILIOS;1;AUXILIOS;21;COTA ESTADUAL DO SALARIO EDUCACAO - QESE;1696800,0;1696800,0;1696800,0
9342145;5478;2022-06-28 00:00:00;PM TAPIRAI;20.920.625/0001-89;1491;SEGOV;SECRETARIA DE ESTADO DE GOVERNO;42;AUXILIOS;1;AUXILIOS;10;RECURSOS ORDINARIOS;77827,19;77827,19;77827,19
9342146;5470;2022-06-28 00:00:00;PM PRESIDENTE KUBITSCHEK;17.754.185/0001-22;1491;SEGOV;SECRETARIA DE ESTADO DE GOVERNO;42;AUXILIOS;1;AUXILIOS;10;RECURSOS ORDINARIOS;200000,0;200000,0;200000,0
9342147;3945;2022-06-28 00:00:00;PM PASSA QUATRO;23.245.806/0001-45;1261;SEE;SECRETARIA DE ESTADO DE EDUCACAO;42;AUXILIOS;1;AUXILIOS;21;COTA ESTADUAL DO SALARIO EDUCACAO - QESE;100000,0;100000,0;100000,0
9342148;3944;2022-06-28 00:00:00;PM GOIABEIRA;01.615.421/0001-90;1261;SEE;SECRETARIA DE ESTADO DE EDUCACAO;42;AUXILIOS;1;AUXILIOS;21;COTA ESTADUAL DO SALARIO EDUCACAO - QESE;0,0;0,0;0,0
9342148;4552;2022-12-01 00:00:00;PM GOIABEIRA;01.615.421/0001-90;1261;SEE;SECRETARIA DE ESTADO DE EDUCACAO;42;AUXILIOS;1;AUXILIOS;10;RECURSOS ORDINARIOS;100000,0;100000,0;100000,0
9342149;3955;2022-06-29 00:00:00;PM LONTRA;25.223.009/0001-92;1261;SEE;SECRETARIA DE ESTADO DE EDUCACAO;42;AUXILIOS;1;AUXILIOS;21;COTA ESTADUAL DO SALARIO EDUCACAO - QESE;2403400,0;2403400,0;2403400,0
9342150;3947;2022-06-28 00:00:00;PM CAETE;18.302.299/0001-02;1261;SEE;SECRETARIA DE ESTADO DE EDUCACAO;42;AUXILIOS;1;AUXILIOS;21;COTA ESTADUAL DO SALARIO EDUCACAO - QESE;550000,0;550000,0;550000,0
9342151;5471;2022-06-28 00:00:00;PM PRATA;18.260.505/0001-50;1491;SEGOV;SECRETARIA DE ESTADO DE GOVERNO;42;AUXILIOS;1;AUXILIOS;10;RECURSOS ORDINARIOS;1000000,0;1000000,0;1000000,0
9342152;3951;2022-06-28 00:00:00;PM PRATA;18.260.505/0001-50;1261;SEE;SECRETARIA DE ESTADO DE EDUCACAO;42;AUXILIOS;1;AUXILIOS;21;COTA ESTADUAL DO SALARIO EDUCACAO - QESE;1248600,0;1248600,0;1248600,0
9342153;5475;2022-06-28 00:00:00;PM ALMENARA;18.349.894/0001-95;1491;SEGOV;SECRETARIA DE ESTADO DE GOVERNO;42;AUXILIOS;1;AUXILIOS;10;RECURSOS ORDINARIOS;3000000,0;3000000,0;3000000,0
9342154;5473;2022-06-28 00:00:00;PM PIEDADE DE CARATINGA;01.613.130/0001-62;1491;SEGOV;SECRETARIA DE ESTADO DE GOVERNO;42;AUXILIOS;1;AUXILIOS;10;RECURSOS ORDINARIOS;121760,0;121760,0;121760,0
9342155;5469;2022-06-28 00:00:00;PM CAMPOS ALTOS;18.298.190/0001-30;1491;SEGOV;SECRETARIA DE ESTADO DE GOVERNO;42;AUXILIOS;1;AUXILIOS;48;ALIENACAO DE BENS DO TESOURO ESTADUAL;121225,5;121225,5;121225,5
9342156;5472;2022-06-28 00:00:00;PM CATAS ALTAS DA NORUEGA;19.718.378/0001-53;1491;SEGOV;SECRETARIA DE ESTADO DE GOVERNO;42;AUXILIOS;1;AUXILIOS;10;RECURSOS ORDINARIOS;155653,66;155653,66;155653,66
9342157;5476;2022-06-28 00:00:00;PM ESPINOSA;18.650.952/0001-16;1491;SEGOV;SECRETARIA DE ESTADO DE GOVERNO;42;AUXILIOS;1;AUXILIOS;10;RECURSOS ORDINARIOS;121760,0;121760,0;121760,0
9342159;2413;2022-06-29 00:00:00;PM SETE LAGOAS;24.996.969/0001-22;4291;FES;FUNDO ESTADUAL DE SAUDE;42;AUXILIOS;1;AUXILIOS;10;RECURSOS ORDINARIOS;7359240,41;7359240,41;7359240,41
9342159;2414;2022-06-29 00:00:00;PM SETE LAGOAS;24.996.969/0001-22;4291;FES;FUNDO ESTADUAL DE SAUDE;41;CONTRIBUICOES;1;CONTRIBUICOES;10;RECURSOS ORDINARIOS;203081,12;203081,12;203081,12
9342163;2;2022-06-28 00:00:00;PM POMPEU;18.296.681/0001-42;1481;SEDESE;SECRETARIA DE ESTADO DE DESENVOLVIMENTO SOCIAL;42;AUXILIOS;1;AUXILIOS;10;RECURSOS ORDINARIOS;120000,0;120000,0;120000,0
9342166;226;2022-06-29 00:00:00;PM ALTO RIO DOCE;18.094.748/0001-66;1231;SEAPA;SECRETARIA DE ESTADO DE AGRICULTURA, PECUARIA E ABASTECIMENTO - SEAPA;41;CONTRIBUICOES;1;CONTRIBUICOES;48;ALIENACAO DE BENS DO TESOURO ESTADUAL;450000,0;450000,0;450000,0
9342167;247;2022-06-29 00:00:00;PM SANTA MARGARIDA;18.385.112/0001-73;1301;SEINFRA;SECRETARIA DE ESTADO DE INFRAESTRUTURA E MOBILIDADE;42;AUXILIOS;1;AUXILIOS;10;RECURSOS ORDINARIOS;250000,0;250000,0;250000,0
9342168;225;2022-06-29 00:00:00;PM BRAS PIRES;18.128.272/0001-37;1231;SEAPA;SECRETARIA DE ESTADO DE AGRICULTURA, PECUARIA E ABASTECIMENTO - SEAPA;41;CONTRIBUICOES;1;CONTRIBUICOES;48;ALIENACAO DE BENS DO TESOURO ESTADUAL;78613,33;78613,33;78613,33
9342168;227;2022-06-29 00:00:00;PM BRAS PIRES;18.128.272/0001-37;1231;SEAPA;SECRETARIA DE ESTADO DE AGRICULTURA, PECUARIA E ABASTECIMENTO - SEAPA;41;CONTRIBUICOES;1;CONTRIBUICOES;48;ALIENACAO DE BENS DO TESOURO ESTADUAL;220000,0;220000,0;220000,0
9342170;201;2022-06-29 00:00:00;PM CONEGO MARINHO;01.612.492/0001-39;1231;SEAPA;SECRETARIA DE ESTADO DE AGRICULTURA, PECUARIA E ABASTECIMENTO - SEAPA;41;CONTRIBUICOES;1;CONTRIBUICOES;48;ALIENACAO DE BENS DO TESOURO ESTADUAL;220000,0;220000,0;220000,0
9342170;202;2022-06-29 00:00:00;PM CONEGO MARINHO;01.612.492/0001-39;1231;SEAPA;SECRETARIA DE ESTADO DE AGRICULTURA, PECUARIA E ABASTECIMENTO - SEAPA;41;CONTRIBUICOES;1;CONTRIBUICOES;48;ALIENACAO DE BENS DO TESOURO ESTADUAL;78613,33;78613,33;78613,33
9342170;203;2022-06-29 00:00:00;PM CONEGO MARINHO;01.612.492/0001-39;1231;SEAPA;SECRETARIA DE ESTADO DE AGRICULTURA, PECUARIA E ABASTECIMENTO - SEAPA;41;CONTRIBUICOES;1;CONTRIBUICOES;10;RECURSOS ORDINARIOS;476829,23;476829,23;476829,23
9342172;3;2022-06-28 00:00:00;PM JABOTICATUBAS;18.715.417/0001-04;1481;SEDESE;SECRETARIA DE ESTADO DE DESENVOLVIMENTO SOCIAL;42;AUXILIOS;1;AUXILIOS;10;RECURSOS ORDINARIOS;250000,0;250000,0;250000,0
9342173;231;2022-06-29 00:00:00;PM PIRAJUBA;18.428.847/0001-37;1231;SEAPA;SECRETARIA DE ESTADO DE AGRICULTURA, PECUARIA E ABASTECIMENTO - SEAPA;41;CONTRIBUICOES;1;CONTRIBUICOES;48;ALIENACAO DE BENS DO TESOURO ESTADUAL;535839,99;535839,99;535839,99
9342174;230;2022-06-29 00:00:00;PM OLHOS-D'AGUA;01.612.547/0001-00;1231;SEAPA;SECRETARIA DE ESTADO DE AGRICULTURA, PECUARIA E ABASTECIMENTO - SEAPA;41;CONTRIBUICOES;1;CONTRIBUICOES;48;ALIENACAO DE BENS DO TESOURO ESTADUAL;378613,33;378613,33;378613,33
9342175;200;2022-06-29 00:00:00;PM CENTRALINA;18.260.497/0001-42;1231;SEAPA;SECRETARIA DE ESTADO DE AGRICULTURA, PECUARIA E ABASTECIMENTO - SEAPA;41;CONTRIBUICOES;1;CONTRIBUICOES;10;RECURSOS ORDINARIOS;218666,67;218666,67;218666,67
9342176;212;2022-06-29 00:00:00;PM ERVALIA;18.133.306/0001-81;1231;SEAPA;SECRETARIA DE ESTADO DE AGRICULTURA, PECUARIA E ABASTECIMENTO - SEAPA;41;CONTRIBUICOES;1;CONTRIBUICOES;10;RECURSOS ORDINARIOS;220000,0;220000,0;220000,0
9342176;213;2022-06-29 00:00:00;PM ERVALIA;18.133.306/0001-81;1231;SEAPA;SECRETARIA DE ESTADO DE AGRICULTURA, PECUARIA E ABASTECIMENTO - SEAPA;41;CONTRIBUICOES;1;CONTRIBUICOES;48;ALIENACAO DE BENS DO TESOURO ESTADUAL;78613,33;78613,33;78613,33
9342177;198;2022-06-29 00:00:00;PM CAMACHO;18.308.726/0001-51;1231;SEAPA;SECRETARIA DE ESTADO DE AGRICULTURA, PECUARIA E ABASTECIMENTO - SEAPA;41;CONTRIBUICOES;1;CONTRIBUICOES;10;RECURSOS ORDINARIOS;220000,0;220000,0;220000,0
9342177;199;2022-06-29 00:00:00;PM CAMACHO;18.308.726/0001-51;1231;SEAPA;SECRETARIA DE ESTADO DE AGRICULTURA, PECUARIA E ABASTECIMENTO - SEAPA;41;CONTRIBUICOES;1;CONTRIBUICOES;48;ALIENACAO DE BENS DO TESOURO ESTADUAL;78613,33;78613,33;78613,33
9342178;223;2022-06-29 00:00:00;PM PAIVA;17.747.965/0001-45;1231;SEAPA;SECRETARIA DE ESTADO DE AGRICULTURA, PECUARIA E ABASTECIMENTO - SEAPA;41;CONTRIBUICOES;1;CONTRIBUICOES;10;RECURSOS ORDINARIOS;220000,0;220000,0;220000,0
9342178;224;2022-06-29 00:00:00;PM PAIVA;17.747.965/0001-45;1231;SEAPA;SECRETARIA DE ESTADO DE AGRICULTURA, PECUARIA E ABASTECIMENTO - SEAPA;41;CONTRIBUICOES;1;CONTRIBUICOES;10;RECURSOS ORDINARIOS;78613,33;78613,33;78613,33
9342179;220;2022-06-29 00:00:00;PM IRAI DE MINAS;18.158.642/0001-89;1231;SEAPA;SECRETARIA DE ESTADO DE AGRICULTURA, PECUARIA E ABASTECIMENTO - SEAPA;41;CONTRIBUICOES;1;CONTRIBUICOES;10;RECURSOS ORDINARIOS;78613,33;78613,33;78613,33
9342180;221;2022-06-29 00:00:00;PM JOSE GONCALVES DE MINAS;01.613.372/0001-56;1231;SEAPA;SECRETARIA DE ESTADO DE AGRICULTURA, PECUARIA E ABASTECIMENTO - SEAPA;41;CONTRIBUICOES;1;CONTRIBUICOES;10;RECURSOS ORDINARIOS;220000,0;220000,0;220000,0
9342180;222;2022-06-29 00:00:00;PM JOSE GONCALVES DE MINAS;01.613.372/0001-56;1231;SEAPA;SECRETARIA DE ESTADO DE AGRICULTURA, PECUARIA E ABASTECIMENTO - SEAPA;41;CONTRIBUICOES;1;CONTRIBUICOES;48;ALIENACAO DE BENS DO TESOURO ESTADUAL;78613,33;78613,33;78613,33
9342180;244;2022-06-29 00:00:00;PM JOSE GONCALVES DE MINAS;01.613.372/0001-56;1231;SEAPA;SECRETARIA DE ESTADO DE AGRICULTURA, PECUARIA E ABASTECIMENTO - SEAPA;41;CONTRIBUICOES;1;CONTRIBUICOES;48;ALIENACAO DE BENS DO TESOURO ESTADUAL;3,0;3,0;3,0
9342181;210;2022-06-29 00:00:00;PM DOM BOSCO;01.602.782/0001-00;1231;SEAPA;SECRETARIA DE ESTADO DE AGRICULTURA, PECUARIA E ABASTECIMENTO - SEAPA;41;CONTRIBUICOES;1;CONTRIBUICOES;10;RECURSOS ORDINARIOS;220000,0;220000,0;220000,0
9342181;211;2022-06-29 00:00:00;PM DOM BOSCO;01.602.782/0001-00;1231;SEAPA;SECRETARIA DE ESTADO DE AGRICULTURA, PECUARIA E ABASTECIMENTO - SEAPA;41;CONTRIBUICOES;1;CONTRIBUICOES;10;RECURSOS ORDINARIOS;78613,33;78613,33;78613,33
9342183;204;2022-06-29 00:00:00;PM CURVELO;17.695.024/0001-05;1231;SEAPA;SECRETARIA DE ESTADO DE AGRICULTURA, PECUARIA E ABASTECIMENTO - SEAPA;41;CONTRIBUICOES;1;CONTRIBUICOES;10;RECURSOS ORDINARIOS;220000,0;220000,0;220000,0
9342183;205;2022-06-29 00:00:00;PM CURVELO;17.695.024/0001-05;1231;SEAPA;SECRETARIA DE ESTADO DE AGRICULTURA, PECUARIA E ABASTECIMENTO - SEAPA;41;CONTRIBUICOES;1;CONTRIBUICOES;10;RECURSOS ORDINARIOS;78613,33;78613,33;78613,33
9342183;236;2022-06-29 00:00:00;PM CURVELO;17.695.024/0001-05;1231;SEAPA;SECRETARIA DE ESTADO DE AGRICULTURA, PECUARIA E ABASTECIMENTO - SEAPA;41;CONTRIBUICOES;1;CONTRIBUICOES;10;RECURSOS ORDINARIOS;3,0;3,0;3,0
9342184;208;2022-06-29 00:00:00;PM DIVINOLANDIA DE MINAS;18.307.405/0001-32;1231;SEAPA;SECRETARIA DE ESTADO DE AGRICULTURA, PECUARIA E ABASTECIMENTO - SEAPA;41;CONTRIBUICOES;1;CONTRIBUICOES;10;RECURSOS ORDINARIOS;78613,33;78613,33;78613,33
9342184;209;2022-06-29 00:00:00;PM DIVINOLANDIA DE MINAS;18.307.405/0001-32;1231;SEAPA;SECRETARIA DE ESTADO DE AGRICULTURA, PECUARIA E ABASTECIMENTO - SEAPA;41;CONTRIBUICOES;1;CONTRIBUICOES;10;RECURSOS ORDINARIOS;220000,0;220000,0;220000,0
9342185;218;2022-06-29 00:00:00;PM GUARACIABA;19.382.647/0001-53;1231;SEAPA;SECRETARIA DE ESTADO DE AGRICULTURA, PECUARIA E ABASTECIMENTO - SEAPA;41;CONTRIBUICOES;1;CONTRIBUICOES;10;RECURSOS ORDINARIOS;220000,0;220000,0;220000,0
9342185;219;2022-06-29 00:00:00;PM GUARACIABA;19.382.647/0001-53;1231;SEAPA;SECRETARIA DE ESTADO DE AGRICULTURA, PECUARIA E ABASTECIMENTO - SEAPA;41;CONTRIBUICOES;1;CONTRIBUICOES;48;ALIENACAO DE BENS DO TESOURO ESTADUAL;78613,33;78613,33;78613,33
9342186;214;2022-06-29 00:00:00;PM DORES DO TURVO;18.128.249/0001-42;1231;SEAPA;SECRETARIA DE ESTADO DE AGRICULTURA, PECUARIA E ABASTECIMENTO - SEAPA;41;CONTRIBUICOES;1;CONTRIBUICOES;48;ALIENACAO DE BENS DO TESOURO ESTADUAL;78613,33;78613,33;78613,33
9342186;215;2022-06-29 00:00:00;PM DORES DO TURVO;18.128.249/0001-42;1231;SEAPA;SECRETARIA DE ESTADO DE AGRICULTURA, PECUARIA E ABASTECIMENTO - SEAPA;41;CONTRIBUICOES;1;CONTRIBUICOES;48;ALIENACAO DE BENS DO TESOURO ESTADUAL;0,0;0,0;0,0
9342186;216;2022-06-29 00:00:00;PM DORES DO TURVO;18.128.249/0001-42;1231;SEAPA;SECRETARIA DE ESTADO DE AGRICULTURA, PECUARIA E ABASTECIMENTO - SEAPA;41;CONTRIBUICOES;1;CONTRIBUICOES;10;RECURSOS ORDINARIOS;220000,0;220000,0;220000,0
9342187;228;2022-06-29 00:00:00;PM DIVISA ALEGRE;01.613.073/0001-11;1231;SEAPA;SECRETARIA DE ESTADO DE AGRICULTURA, PECUARIA E ABASTECIMENTO - SEAPA;41;CONTRIBUICOES;1;CONTRIBUICOES;10;RECURSOS ORDINARIOS;196333,33;196333,33;196333,33
9342188;232;2022-06-29 00:00:00;PM SANTA MARGARIDA;18.385.112/0001-73;1231;SEAPA;SECRETARIA DE ESTADO DE AGRICULTURA, PECUARIA E ABASTECIMENTO - SEAPA;41;CONTRIBUICOES;1;CONTRIBUICOES;48;ALIENACAO DE BENS DO TESOURO ESTADUAL;450000,0;450000,0;450000,0
9342190;206;2022-06-29 00:00:00;PM DIOGO DE VASCONCELOS;18.295.311/0001-90;1231;SEAPA;SECRETARIA DE ESTADO DE AGRICULTURA, PECUARIA E ABASTECIMENTO - SEAPA;41;CONTRIBUICOES;1;CONTRIBUICOES;10;RECURSOS ORDINARIOS;78613,33;78613,33;78613,33
9342190;207;2022-06-29 00:00:00;PM DIOGO DE VASCONCELOS;18.295.311/0001-90;1231;SEAPA;SECRETARIA DE ESTADO DE AGRICULTURA, PECUARIA E ABASTECIMENTO - SEAPA;41;CONTRIBUICOES;1;CONTRIBUICOES;10;RECURSOS ORDINARIOS;220000,0;220000,0;220000,0
9342191;217;2022-06-29 00:00:00;PM FRONTEIRA;18.449.140/0001-07;1231;SEAPA;SECRETARIA DE ESTADO DE AGRICULTURA, PECUARIA E ABASTECIMENTO - SEAPA;41;CONTRIBUICOES;1;CONTRIBUICOES;10;RECURSOS ORDINARIOS;220000,0;220000,0;220000,0
9342192;229;2022-06-29 00:00:00;PM NINHEIRA;01.612.495/0001-72;1231;SEAPA;SECRETARIA DE ESTADO DE AGRICULTURA, PECUARIA E ABASTECIMENTO - SEAPA;41;CONTRIBUICOES;1;CONTRIBUICOES;10;RECURSOS ORDINARIOS;800000,0;800000,0;800000,0
9342199;261;2022-06-29 00:00:00;PM CAMPOS GERAIS;18.245.175/0001-24;1301;SEINFRA;SECRETARIA DE ESTADO DE INFRAESTRUTURA E MOBILIDADE;42;AUXILIOS;1;AUXILIOS;10;RECURSOS ORDINARIOS;1600000,0;1600000,0;1600000,0
9342200;266;2022-06-29 00:00:00;PM IPUIUNA;18.179.226/0001-67;1231;SEAPA;SECRETARIA DE ESTADO DE AGRICULTURA, PECUARIA E ABASTECIMENTO - SEAPA;41;CONTRIBUICOES;1;CONTRIBUICOES;10;RECURSOS ORDINARIOS;220000,0;220000,0;220000,0
9342200;267;2022-06-29 00:00:00;PM IPUIUNA;18.179.226/0001-67;1231;SEAPA;SECRETARIA DE ESTADO DE AGRICULTURA, PECUARIA E ABASTECIMENTO - SEAPA;41;CONTRIBUICOES;1;CONTRIBUICOES;10;RECURSOS ORDINARIOS;378613,33;378613,33;378613,33
9342201;264;2022-06-29 00:00:00;PM VARJAO DE MINAS;01.609.780/0001-34;1301;SEINFRA;SECRETARIA DE ESTADO DE INFRAESTRUTURA E MOBILIDADE;42;AUXILIOS;1;AUXILIOS;32;EXPLORACAO DE RECURSOS MINERAIS;0,0;0,0;0,0
9342201;267;2022-06-29 00:00:00;PM VARJAO DE MINAS;01.609.780/0001-34;1301;SEINFRA;SECRETARIA DE ESTADO DE INFRAESTRUTURA E MOBILIDADE;42;AUXILIOS;1;AUXILIOS;32;EXPLORACAO DE RECURSOS MINERAIS;200000,0;200000,0;200000,0
9342202;2;2022-06-29 00:00:00;PM SALINAS;24.359.333/0001-70;4421;FUNDIF;FUNDO ESTADUAL DE DEFESA DE DIREITOS DIFUSOS;42;AUXILIOS;1;AUXILIOS;39;MULTAS PECUNIARIAS E JUROS DE MORA FIXADOS EM SENTENCAS JUDICIAIS;279312,43;279312,43;279312,43
9342203;233;2022-06-29 00:00:00;CONSORCIO INTERMUNICIPAL MULTIFINALITARIO PARA O DESENVOLVIMENTO AMBIE;19.193.527/0001-08;1231;SEAPA;SECRETARIA DE ESTADO DE AGRICULTURA, PECUARIA E ABASTECIMENTO - SEAPA;41;CONTRIBUICOES;1;CONTRIBUICOES;48;ALIENACAO DE BENS DO TESOURO ESTADUAL;650000,0;650000,0;650000,0
9342203;234;2022-06-29 00:00:00;CONSORCIO INTERMUNICIPAL MULTIFINALITARIO PARA O DESENVOLVIMENTO AMBIE;19.193.527/0001-08;1231;SEAPA;SECRETARIA DE ESTADO DE AGRICULTURA, PECUARIA E ABASTECIMENTO - SEAPA;41;CONTRIBUICOES;1;CONTRIBUICOES;48;ALIENACAO DE BENS DO TESOURO ESTADUAL;93800,0;93800,0;93800,0
9342204;235;2022-06-29 00:00:00;CONSORCIO INTERMUNICIPAL NORTE MINEIRO;18.303.697/0001-35;1231;SEAPA;SECRETARIA DE ESTADO DE AGRICULTURA, PECUARIA E ABASTECIMENTO - SEAPA;41;CONTRIBUICOES;1;CONTRIBUICOES;10;RECURSOS ORDINARIOS;4557741,0;4557741,0;4557741,0
9342205;262;2022-06-29 00:00:00;PM IGARATINGA;18.313.825/0001-21;1301;SEINFRA;SECRETARIA DE ESTADO DE INFRAESTRUTURA E MOBILIDADE;42;AUXILIOS;1;AUXILIOS;32;EXPLORACAO DE RECURSOS MINERAIS;2000000,0;2000000,0;2000000,0
9342206;251;2022-06-29 00:00:00;PM SAO SEBASTIAO DO ANTA;01.613.123/0001-60;1301;SEINFRA;SECRETARIA DE ESTADO DE INFRAESTRUTURA E MOBILIDADE;42;AUXILIOS;1;AUXILIOS;10;RECURSOS ORDINARIOS;200000,0;200000,0;200000,0
9342207;265;2022-06-29 00:00:00;PM CARMO DO PARANAIBA;18.602.029/0001-09;1301;SEINFRA;SECRETARIA DE ESTADO DE INFRAESTRUTURA E MOBILIDADE;42;AUXILIOS;1;AUXILIOS;32;EXPLORACAO DE RECURSOS MINERAIS;250000,0;250000,0;250000,0
9342208;5712;2022-06-29 00:00:00;PM DORES DE CAMPOS;18.094.821/0001-08;1491;SEGOV;SECRETARIA DE ESTADO DE GOVERNO;42;AUXILIOS;1;AUXILIOS;10;RECURSOS ORDINARIOS;77827,2;77827,2;77827,2
9342209;5;2022-06-29 00:00:00;PM LEME DO PRADO;01.587.109/0001-30;1481;SEDESE;SECRETARIA DE ESTADO DE DESENVOLVIMENTO SOCIAL;42;AUXILIOS;1;AUXILIOS;10;RECURSOS ORDINARIOS;250000,0;250000,0;250000,0
9342210;257;2022-06-29 00:00:00;PM GUIDOVAL;18.128.215/0001-58;1301;SEINFRA;SECRETARIA DE ESTADO DE INFRAESTRUTURA E MOBILIDADE;42;AUXILIOS;1;AUXILIOS;32;EXPLORACAO DE RECURSOS MINERAIS;300000,0;300000,0;300000,0
9342211;260;2022-06-29 00:00:00;PM CHALE;18.392.548/0001-90;1231;SEAPA;SECRETARIA DE ESTADO DE AGRICULTURA, PECUARIA E ABASTECIMENTO - SEAPA;41;CONTRIBUICOES;1;CONTRIBUICOES;10;RECURSOS ORDINARIOS;220000,0;220000,0;220000,0
9342212;511;2022-06-29 00:00:00;PM BETIM;18.715.391/0001-96;2271;FHEMIG;FUNDACAO HOSPITALAR DO ESTADO DE MINAS GERAIS;42;AUXILIOS;1;AUXILIOS;10;RECURSOS ORDINARIOS;4892700,24;4892700,24;4892700,24
9342213;5716;2022-06-29 00:00:00;PM RIACHINHO;25.222.118/0001-95;1491;SEGOV;SECRETARIA DE ESTADO DE GOVERNO;42;AUXILIOS;1;AUXILIOS;10;RECURSOS ORDINARIOS;121760,0;121760,0;121760,0
9342214;264;2022-06-29 00:00:00;PM ENTRE RIOS DE MINAS;20.356.747/0001-94;1231;SEAPA;SECRETARIA DE ESTADO DE AGRICULTURA, PECUARIA E ABASTECIMENTO - SEAPA;41;CONTRIBUICOES;1;CONTRIBUICOES;10;RECURSOS ORDINARIOS;220000,0;220000,0;220000,0
9342215;253;2022-06-29 00:00:00;PM PADRE CARVALHO;01.612.490/0001-40;1301;SEINFRA;SECRETARIA DE ESTADO DE INFRAESTRUTURA E MOBILIDADE;42;AUXILIOS;1;AUXILIOS;10;RECURSOS ORDINARIOS;500000,0;500000,0;500000,0
9342216;5702;2022-06-29 00:00:00;PM PERIQUITO;01.613.077/0001-08;1491;SEGOV;SECRETARIA DE ESTADO DE GOVERNO;42;AUXILIOS;1;AUXILIOS;10;RECURSOS ORDINARIOS;200000,0;200000,0;200000,0
9342217;241;2022-06-29 00:00:00;CONSORCIO PUBLICO INTERMUNICIPAL MULTIFINALITARIO DO ALTO RIO PARDO;19.856.351/0001-27;1231;SEAPA;SECRETARIA DE ESTADO DE AGRICULTURA, PECUARIA E ABASTECIMENTO - SEAPA;41;CONTRIBUICOES;1;CONTRIBUICOES;10;RECURSOS ORDINARIOS;780000,0;780000,0;780000,0
9342218;249;2022-06-29 00:00:00;PM NOVA BELEM;01.613.169/0001-80;1301;SEINFRA;SECRETARIA DE ESTADO DE INFRAESTRUTURA E MOBILIDADE;42;AUXILIOS;1;AUXILIOS;10;RECURSOS ORDINARIOS;1600000,0;1600000,0;1600000,0
9342219;5704;2022-06-29 00:00:00;PM CAMPOS ALTOS;18.298.190/0001-30;1491;SEGOV;SECRETARIA DE ESTADO DE GOVERNO;42;AUXILIOS;1;AUXILIOS;10;RECURSOS ORDINARIOS;113262,61;113262,61;113262,61
9342220;239;2022-06-29 00:00:00;PM MARILAC;18.409.193/0001-02;1231;SEAPA;SECRETARIA DE ESTADO DE AGRICULTURA, PECUARIA E ABASTECIMENTO - SEAPA;41;CONTRIBUICOES;1;CONTRIBUICOES;48;ALIENACAO DE BENS DO TESOURO ESTADUAL;78613,33;78613,33;78613,33
9342220;240;2022-06-29 00:00:00;PM MARILAC;18.409.193/0001-02;1231;SEAPA;SECRETARIA DE ESTADO DE AGRICULTURA, PECUARIA E ABASTECIMENTO - SEAPA;41;CONTRIBUICOES;1;CONTRIBUICOES;10;RECURSOS ORDINARIOS;220000,0;220000,0;220000,0
9342221;237;2022-06-29 00:00:00;PM NOVA BELEM;01.613.169/0001-80;1231;SEAPA;SECRETARIA DE ESTADO DE AGRICULTURA, PECUARIA E ABASTECIMENTO - SEAPA;41;CONTRIBUICOES;1;CONTRIBUICOES;48;ALIENACAO DE BENS DO TESOURO ESTADUAL;78613,33;78613,33;78613,33
9342221;238;2022-06-29 00:00:00;PM NOVA BELEM;01.613.169/0001-80;1231;SEAPA;SECRETARIA DE ESTADO DE AGRICULTURA, PECUARIA E ABASTECIMENTO - SEAPA;41;CONTRIBUICOES;1;CONTRIBUICOES;10;RECURSOS ORDINARIOS;220000,0;220000,0;220000,0
9342222;5711;2022-06-29 00:00:00;PM SANTANA DO PARAISO;38.515.573/0001-20;1491;SEGOV;SECRETARIA DE ESTADO DE GOVERNO;42;AUXILIOS;1;AUXILIOS;10;RECURSOS ORDINARIOS;121760,0;121760,0;121760,0
9342223;5703;2022-06-29 00:00:00;PM SOLEDADE DE MINAS;18.188.235/0001-14;1491;SEGOV;SECRETARIA DE ESTADO DE GOVERNO;42;AUXILIOS;1;AUXILIOS;10;RECURSOS ORDINARIOS;156439,66;156439,66;156439,66
9342224;4068;2022-06-29 00:00:00;PM CAETE;18.302.299/0001-02;4291;FES;FUNDO ESTADUAL DE SAUDE;42;AUXILIOS;1;AUXILIOS;10;RECURSOS ORDINARIOS;500000,0;500000,0;500000,0
9342225;258;2022-06-29 00:00:00;PM FRANCISCOPOLIS;01.613.394/0001-16;1231;SEAPA;SECRETARIA DE ESTADO DE AGRICULTURA, PECUARIA E ABASTECIMENTO - SEAPA;41;CONTRIBUICOES;1;CONTRIBUICOES;48;ALIENACAO DE BENS DO TESOURO ESTADUAL;78613,33;78613,33;78613,33
9342225;259;2022-06-29 00:00:00;PM FRANCISCOPOLIS;01.613.394/0001-16;1231;SEAPA;SECRETARIA DE ESTADO DE AGRICULTURA, PECUARIA E ABASTECIMENTO - SEAPA;41;CONTRIBUICOES;1;CONTRIBUICOES;10;RECURSOS ORDINARIOS;220000,0;220000,0;220000,0
9342226;2419;2022-06-29 00:00:00;CONSORCIO INTERM.SAUDE REDE URG.EMERG LESTE DE MINAS - GOV.VALADARES;20.101.246/0001-67;4291;FES;FUNDO ESTADUAL DE SAUDE;42;AUXILIOS;1;AUXILIOS;95;RECURSOS RECEBIDOS POR DANOS ADVINDOS DE DESASTRES SOCIOAMBIENTAIS;3636275,26;3636275,26;3636275,26
9342226;2420;2022-06-29 00:00:00;CONSORCIO INTERM.SAUDE REDE URG.EMERG LESTE DE MINAS - GOV.VALADARES;20.101.246/0001-67;4291;FES;FUNDO ESTADUAL DE SAUDE;42;AUXILIOS;1;AUXILIOS;10;RECURSOS ORDINARIOS;7826370,5;7826370,5;7826370,5
9342226;2421;2022-06-29 00:00:00;CONSORCIO INTERM.SAUDE REDE URG.EMERG LESTE DE MINAS - GOV.VALADARES;20.101.246/0001-67;4291;FES;FUNDO ESTADUAL DE SAUDE;41;CONTRIBUICOES;1;CONTRIBUICOES;95;RECURSOS RECEBIDOS POR DANOS ADVINDOS DE DESASTRES SOCIOAMBIENTAIS;2759158,15;2759158,15;2759158,15
9342226;2422;2022-06-29 00:00:00;CONSORCIO INTERM.SAUDE REDE URG.EMERG LESTE DE MINAS - GOV.VALADARES;20.101.246/0001-67;4291;FES;FUNDO ESTADUAL DE SAUDE;41;CONTRIBUICOES;1;CONTRIBUICOES;10;RECURSOS ORDINARIOS;2195188,09;2195188,09;2195188,09
9342227;252;2022-06-29 00:00:00;PM MEDINA;18.414.607/0001-83;1301;SEINFRA;SECRETARIA DE ESTADO DE INFRAESTRUTURA E MOBILIDADE;42;AUXILIOS;1;AUXILIOS;32;EXPLORACAO DE RECURSOS MINERAIS;2000000,0;2000000,0;2000000,0
9342228;254;2022-06-29 00:00:00;PM LEANDRO FERREIRA;18.315.218/0001-09;1301;SEINFRA;SECRETARIA DE ESTADO DE INFRAESTRUTURA E MOBILIDADE;42;AUXILIOS;1;AUXILIOS;32;EXPLORACAO DE RECURSOS MINERAIS;1000000,0;1000000,0;1000000,0
9342230;4;2022-06-29 00:00:00;PM RIO ESPERA;24.179.665/0001-72;1481;SEDESE;SECRETARIA DE ESTADO DE DESENVOLVIMENTO SOCIAL;42;AUXILIOS;1;AUXILIOS;10;RECURSOS ORDINARIOS;250000,0;250000,0;250000,0
9342231;257;2022-06-29 00:00:00;PM VAZANTE;18.278.069/0001-47;1231;SEAPA;SECRETARIA DE ESTADO DE AGRICULTURA, PECUARIA E ABASTECIMENTO - SEAPA;41;CONTRIBUICOES;1;CONTRIBUICOES;10;RECURSOS ORDINARIOS;300000,0;300000,0;300000,0
9342232;4067;2022-06-29 00:00:00;PM CAETE;18.302.299/0001-02;4291;FES;FUNDO ESTADUAL DE SAUDE;42;AUXILIOS;1;AUXILIOS;10;RECURSOS ORDINARIOS;1000000,0;1000000,0;1000000,0
9342233;250;2022-06-29 00:00:00;PM BIQUINHAS;18.296.640/0001-56;1301;SEINFRA;SECRETARIA DE ESTADO DE INFRAESTRUTURA E MOBILIDADE;42;AUXILIOS;1;AUXILIOS;10;RECURSOS ORDINARIOS;250000,0;250000,0;250000,0
9342234;254;2022-06-29 00:00:00;PM SANTO ANTONIO DO JACINTO;18.349.951/0001-36;1231;SEAPA;SECRETARIA DE ESTADO DE AGRICULTURA, PECUARIA E ABASTECIMENTO - SEAPA;41;CONTRIBUICOES;1;CONTRIBUICOES;10;RECURSOS ORDINARIOS;450000,0;450000,0;450000,0
9342235;5708;2022-06-29 00:00:00;PM GUARDA-MOR;18.277.947/0001-00;1491;SEGOV;SECRETARIA DE ESTADO DE GOVERNO;42;AUXILIOS;1;AUXILIOS;10;RECURSOS ORDINARIOS;108686,33;108686,33;108686,33
9342236;253;2022-06-29 00:00:00;PM LAGOA DOS PATOS;16.901.381/0001-10;1231;SEAPA;SECRETARIA DE ESTADO DE AGRICULTURA, PECUARIA E ABASTECIMENTO - SEAPA;41;CONTRIBUICOES;1;CONTRIBUICOES;10;RECURSOS ORDINARIOS;77827,18;77827,18;77827,18
9342237;258;2022-06-29 00:00:00;PM ORIZANIA;01.616.271/0001-39;1301;SEINFRA;SECRETARIA DE ESTADO DE INFRAESTRUTURA E MOBILIDADE;42;AUXILIOS;1;AUXILIOS;10;RECURSOS ORDINARIOS;864610,0;864610,0;864610,0
9342238;5715;2022-06-29 00:00:00;PM GUARDA-MOR;18.277.947/0001-00;1491;SEGOV;SECRETARIA DE ESTADO DE GOVERNO;42;AUXILIOS;1;AUXILIOS;10;RECURSOS ORDINARIOS;100000,0;100000,0;100000,0
9342239;5709;2022-06-29 00:00:00;PM CURRAL DE DENTRO;01.613.076/0001-55;1491;SEGOV;SECRETARIA DE ESTADO DE GOVERNO;42;AUXILIOS;1;AUXILIOS;10;RECURSOS ORDINARIOS;77826,33;77826,33;77826,33
9342240;262;2022-06-29 00:00:00;PM INGAI;18.244.319/0001-28;1231;SEAPA;SECRETARIA DE ESTADO DE AGRICULTURA, PECUARIA E ABASTECIMENTO - SEAPA;41;CONTRIBUICOES;1;CONTRIBUICOES;48;ALIENACAO DE BENS DO TESOURO ESTADUAL;78613,0;78613,0;78613,0
9342240;263;2022-06-29 00:00:00;PM INGAI;18.244.319/0001-28;1231;SEAPA;SECRETARIA DE ESTADO DE AGRICULTURA, PECUARIA E ABASTECIMENTO - SEAPA;41;CONTRIBUICOES;1;CONTRIBUICOES;10;RECURSOS ORDINARIOS;220000,0;220000,0;220000,0
9342241;6;2022-06-29 00:00:00;PM DIVINOPOLIS;18.291.351/0001-64;1481;SEDESE;SECRETARIA DE ESTADO DE DESENVOLVIMENTO SOCIAL;42;AUXILIOS;1;AUXILIOS;71;RECURSOS DO FUNDO ESTADUAL DE ERRADICACAO DA MISERIA;300000,0;300000,0;300000,0
9342243;242;2022-06-29 00:00:00;PM PIEDADE DE PONTE NOVA;18.316.257/0001-12;1231;SEAPA;SECRETARIA DE ESTADO DE AGRICULTURA, PECUARIA E ABASTECIMENTO - SEAPA;41;CONTRIBUICOES;1;CONTRIBUICOES;10;RECURSOS ORDINARIOS;220000,0;220000,0;220000,0
9342243;243;2022-06-29 00:00:00;PM PIEDADE DE PONTE NOVA;18.316.257/0001-12;1231;SEAPA;SECRETARIA DE ESTADO DE AGRICULTURA, PECUARIA E ABASTECIMENTO - SEAPA;41;CONTRIBUICOES;1;CONTRIBUICOES;10;RECURSOS ORDINARIOS;78613,33;78613,33;78613,33
9342245;5706;2022-06-29 00:00:00;PM NOVA BELEM;01.613.169/0001-80;1491;SEGOV;SECRETARIA DE ESTADO DE GOVERNO;42;AUXILIOS;1;AUXILIOS;10;RECURSOS ORDINARIOS;349028,94;349028,94;349028,94
9342246;255;2022-06-29 00:00:00;PM MONTE FORMOSO;01.615.007/0001-80;1231;SEAPA;SECRETARIA DE ESTADO DE AGRICULTURA, PECUARIA E ABASTECIMENTO - SEAPA;41;CONTRIBUICOES;1;CONTRIBUICOES;48;ALIENACAO DE BENS DO TESOURO ESTADUAL;50000,0;50000,0;0,0
9342246;256;2022-06-29 00:00:00;PM MONTE FORMOSO;01.615.007/0001-80;1231;SEAPA;SECRETARIA DE ESTADO DE AGRICULTURA, PECUARIA E ABASTECIMENTO - SEAPA;41;CONTRIBUICOES;1;CONTRIBUICOES;10;RECURSOS ORDINARIOS;0,0;0,0;0,0
9342246;445;2022-12-13 00:00:00;PM MONTE FORMOSO;01.615.007/0001-80;1231;SEAPA;SECRETARIA DE ESTADO DE AGRICULTURA, PECUARIA E ABASTECIMENTO - SEAPA;41;CONTRIBUICOES;1;CONTRIBUICOES;10;RECURSOS ORDINARIOS;400000,0;400000,0;0,0
9342247;7;2022-06-29 00:00:00;PM CLARAVAL;17.894.056/0001-30;1481;SEDESE;SECRETARIA DE ESTADO DE DESENVOLVIMENTO SOCIAL;42;AUXILIOS;1;AUXILIOS;10;RECURSOS ORDINARIOS;200000,0;200000,0;200000,0
9342248;268;2022-06-29 00:00:00;PM RIO NOVO;18.338.244/0001-44;1301;SEINFRA;SECRETARIA DE ESTADO DE INFRAESTRUTURA E MOBILIDADE;42;AUXILIOS;1;AUXILIOS;32;EXPLORACAO DE RECURSOS MINERAIS;250000,0;250000,0;250000,0
9342249;5707;2022-06-29 00:00:00;PM NOVA BELEM;01.613.169/0001-80;1491;SEGOV;SECRETARIA DE ESTADO DE GOVERNO;42;AUXILIOS;1;AUXILIOS;10;RECURSOS ORDINARIOS;800000,0;800000,0;800000,0
9342251;256;2022-06-29 00:00:00;PM ARACUAI;17.963.083/0001-17;1301;SEINFRA;SECRETARIA DE ESTADO DE INFRAESTRUTURA E MOBILIDADE;42;AUXILIOS;1;AUXILIOS;32;EXPLORACAO DE RECURSOS MINERAIS;250000,0;250000,0;250000,0
9342252;5713;2022-06-29 00:00:00;PM SERRA AZUL DE MINAS;18.303.230/0001-95;1491;SEGOV;SECRETARIA DE ESTADO DE GOVERNO;42;AUXILIOS;1;AUXILIOS;10;RECURSOS ORDINARIOS;150000,0;150000,0;150000,0
9342253;250;2022-06-29 00:00:00;PM PLANURA;18.449.157/0001-64;1231;SEAPA;SECRETARIA DE ESTADO DE AGRICULTURA, PECUARIA E ABASTECIMENTO - SEAPA;41;CONTRIBUICOES;1;CONTRIBUICOES;10;RECURSOS ORDINARIOS;220000,0;220000,0;220000,0
9342253;251;2022-06-29 00:00:00;PM PLANURA;18.449.157/0001-64;1231;SEAPA;SECRETARIA DE ESTADO DE AGRICULTURA, PECUARIA E ABASTECIMENTO - SEAPA;41;CONTRIBUICOES;1;CONTRIBUICOES;10;RECURSOS ORDINARIOS;78613,33;78613,33;78613,33
9342254;5717;2022-06-29 00:00:00;PM ARAPONGA;18.132.167/0001-71;1491;SEGOV;SECRETARIA DE ESTADO DE GOVERNO;42;AUXILIOS;1;AUXILIOS;10;RECURSOS ORDINARIOS;156439,66;156439,66;156439,66
9342255;202;2022-06-29 00:00:00;PM ABRE CAMPO;18.837.278/0001-83;1481;SEDESE;SECRETARIA DE ESTADO DE DESENVOLVIMENTO SOCIAL;41;CONTRIBUICOES;1;CONTRIBUICOES;38;TRANSFERENCIAS DE RECURSOS DA UNIAO VINCULADOS AO ESPORTE;145624,84;145624,84;145624,84
9342256;352;2022-06-30 00:00:00;PM RIACHO DOS MACHADOS;16.925.208/0001-51;1231;SEAPA;SECRETARIA DE ESTADO DE AGRICULTURA, PECUARIA E ABASTECIMENTO - SEAPA;41;CONTRIBUICOES;1;CONTRIBUICOES;10;RECURSOS ORDINARIOS;220000,0;220000,0;220000,0
9342256;353;2022-06-30 00:00:00;PM RIACHO DOS MACHADOS;16.925.208/0001-51;1231;SEAPA;SECRETARIA DE ESTADO DE AGRICULTURA, PECUARIA E ABASTECIMENTO - SEAPA;41;CONTRIBUICOES;1;CONTRIBUICOES;10;RECURSOS ORDINARIOS;78616,33;78616,33;78616,33
9342257;5718;2022-06-29 00:00:00;PM VARJAO DE MINAS;01.609.780/0001-34;1491;SEGOV;SECRETARIA DE ESTADO DE GOVERNO;42;AUXILIOS;1;AUXILIOS;10;RECURSOS ORDINARIOS;200373,33;200373,33;200373,33
9342258;260;2022-06-29 00:00:00;PM VISCONDE DO RIO BRANCO;18.137.927/0001-33;1301;SEINFRA;SECRETARIA DE ESTADO DE INFRAESTRUTURA E MOBILIDADE;42;AUXILIOS;1;AUXILIOS;32;EXPLORACAO DE RECURSOS MINERAIS;250000,0;250000,0;250000,0
9342259;252;2022-06-29 00:00:00;PM CACHOEIRA DOURADA;18.457.267/0001-78;1231;SEAPA;SECRETARIA DE ESTADO DE AGRICULTURA, PECUARIA E ABASTECIMENTO - SEAPA;41;CONTRIBUICOES;1;CONTRIBUICOES;10;RECURSOS ORDINARIOS;220000,0;220000,0;220000,0
9342260;5719;2022-06-29 00:00:00;PM NATALANDIA;01.593.752/0001-76;1491;SEGOV;SECRETARIA DE ESTADO DE GOVERNO;42;AUXILIOS;1;AUXILIOS;10;RECURSOS ORDINARIOS;121760,0;121760,0;0,0
9342261;248;2022-06-29 00:00:00;PM SAO JOAO DA LAGOA;01.612.494/0001-28;1231;SEAPA;SECRETARIA DE ESTADO DE AGRICULTURA, PECUARIA E ABASTECIMENTO - SEAPA;41;CONTRIBUICOES;1;CONTRIBUICOES;10;RECURSOS ORDINARIOS;78613,33;78613,33;78613,33
9342261;249;2022-06-29 00:00:00;PM SAO JOAO DA LAGOA;01.612.494/0001-28;1231;SEAPA;SECRETARIA DE ESTADO DE AGRICULTURA, PECUARIA E ABASTECIMENTO - SEAPA;41;CONTRIBUICOES;1;CONTRIBUICOES;10;RECURSOS ORDINARIOS;220000,0;220000,0;220000,0
9342262;266;2022-06-29 00:00:00;PM ESPINOSA;18.650.952/0001-16;1301;SEINFRA;SECRETARIA DE ESTADO DE INFRAESTRUTURA E MOBILIDADE;42;AUXILIOS;1;AUXILIOS;32;EXPLORACAO DE RECURSOS MINERAIS;410000,0;410000,0;0,0
9342263;5701;2022-06-29 00:00:00;PM SENADOR FIRMINO;18.128.231/0001-40;1491;SEGOV;SECRETARIA DE ESTADO DE GOVERNO;42;AUXILIOS;1;AUXILIOS;10;RECURSOS ORDINARIOS;215891,59;215891,59;215891,59
9342264;1537;2022-06-29 00:00:00;ASSOCIACAO COMUNITARIA NOSSA SENHORA DA ROSA MISTICA;03.999.569/0001-09;4251;FEAS;FUNDO ESTADUAL DE ASSISTENCIA SOCIAL;43;SUBVENCOES SOCIAIS;1;SUBVENCOES SOCIAIS;71;RECURSOS DO FUNDO ESTADUAL DE ERRADICACAO DA MISERIA;114237,75;114237,75;114237,75
9342265;263;2022-06-29 00:00:00;PM CRUCILANDIA;18.313.007/0001-29;1301;SEINFRA;SECRETARIA DE ESTADO DE INFRAESTRUTURA E MOBILIDADE;42;AUXILIOS;1;AUXILIOS;10;RECURSOS ORDINARIOS;500000,0;500000,0;500000,0
9342266;265;2022-06-29 00:00:00;PM CONCEICAO DO RIO VERDE;18.008.888/0001-74;1231;SEAPA;SECRETARIA DE ESTADO DE AGRICULTURA, PECUARIA E ABASTECIMENTO - SEAPA;41;CONTRIBUICOES;1;CONTRIBUICOES;10;RECURSOS ORDINARIOS;450000,0;450000,0;450000,0
9342267;5700;2022-06-29 00:00:00;PM SANTO ANTONIO DO JACINTO;18.349.951/0001-36;1491;SEGOV;SECRETARIA DE ESTADO DE GOVERNO;42;AUXILIOS;1;AUXILIOS;48;ALIENACAO DE BENS DO TESOURO ESTADUAL;273570,0;273570,0;273570,0
9342268;259;2022-06-29 00:00:00;PM CAMBUQUIRA;17.955.386/0001-98;1301;SEINFRA;SECRETARIA DE ESTADO DE INFRAESTRUTURA E MOBILIDADE;42;AUXILIOS;1;AUXILIOS;32;EXPLORACAO DE RECURSOS MINERAIS;250000,0;250000,0;250000,0
9342269;348;2022-06-30 00:00:00;PM RAPOSOS;18.312.132/0001-14;1231;SEAPA;SECRETARIA DE ESTADO DE AGRICULTURA, PECUARIA E ABASTECIMENTO - SEAPA;41;CONTRIBUICOES;1;CONTRIBUICOES;10;RECURSOS ORDINARIOS;220000,0;220000,0;220000,0
9342269;349;2022-06-30 00:00:00;PM RAPOSOS;18.312.132/0001-14;1231;SEAPA;SECRETARIA DE ESTADO DE AGRICULTURA, PECUARIA E ABASTECIMENTO - SEAPA;41;CONTRIBUICOES;1;CONTRIBUICOES;10;RECURSOS ORDINARIOS;78613,33;78613,33;78613,33
9342269;444;2022-12-13 00:00:00;PM RAPOSOS;18.312.132/0001-14;1231;SEAPA;SECRETARIA DE ESTADO DE AGRICULTURA, PECUARIA E ABASTECIMENTO - SEAPA;41;CONTRIBUICOES;1;CONTRIBUICOES;10;RECURSOS ORDINARIOS;450000,0;450000,0;450000,0
9342270;5710;2022-06-29 00:00:00;PM PIRACEMA;17.980.392/0001-03;1491;SEGOV;SECRETARIA DE ESTADO DE GOVERNO;42;AUXILIOS;1;AUXILIOS;10;RECURSOS ORDINARIOS;77827,2;77827,2;77827,2
9342272;245;2022-06-29 00:00:00;PM CRISTIANO OTONI;19.718.402/0001-54;1231;SEAPA;SECRETARIA DE ESTADO DE AGRICULTURA, PECUARIA E ABASTECIMENTO - SEAPA;41;CONTRIBUICOES;1;CONTRIBUICOES;10;RECURSOS ORDINARIOS;78616,33;78616,33;78616,33
9342272;246;2022-06-29 00:00:00;PM CRISTIANO OTONI;19.718.402/0001-54;1231;SEAPA;SECRETARIA DE ESTADO DE AGRICULTURA, PECUARIA E ABASTECIMENTO - SEAPA;41;CONTRIBUICOES;1;CONTRIBUICOES;10;RECURSOS ORDINARIOS;0,0;0,0;0,0
9342272;247;2022-06-29 00:00:00;PM CRISTIANO OTONI;19.718.402/0001-54;1231;SEAPA;SECRETARIA DE ESTADO DE AGRICULTURA, PECUARIA E ABASTECIMENTO - SEAPA;41;CONTRIBUICOES;1;CONTRIBUICOES;10;RECURSOS ORDINARIOS;450000,0;450000,0;450000,0
9342273;5705;2022-06-29 00:00:00;PM VERDELANDIA;01.612.505/0001-70;1491;SEGOV;SECRETARIA DE ESTADO DE GOVERNO;42;AUXILIOS;1;AUXILIOS;10;RECURSOS ORDINARIOS;500000,0;500000,0;500000,0
9342277;5714;2022-06-29 00:00:00;PM CONCEICAO DAS ALAGOAS;18.428.854/0001-39;1491;SEGOV;SECRETARIA DE ESTADO DE GOVERNO;42;AUXILIOS;1;AUXILIOS;10;RECURSOS ORDINARIOS;74682,66;74682,66;74682,66
9342278;255;2022-06-29 00:00:00;PM POMPEU;18.296.681/0001-42;1301;SEINFRA;SECRETARIA DE ESTADO DE INFRAESTRUTURA E MOBILIDADE;42;AUXILIOS;1;AUXILIOS;32;EXPLORACAO DE RECURSOS MINERAIS;250000,0;250000,0;250000,0
9342281;4018;2022-06-30 00:00:00;PM DURANDE;66.232.547/0001-20;1261;SEE;SECRETARIA DE ESTADO DE EDUCACAO;42;AUXILIOS;1;AUXILIOS;21;COTA ESTADUAL DO SALARIO EDUCACAO - QESE;1351200,0;1351200,0;1351200,0
9342283;269;2022-06-29 00:00:00;PM CARVALHOS;18.194.217/0001-45;1301;SEINFRA;SECRETARIA DE ESTADO DE INFRAESTRUTURA E MOBILIDADE;42;AUXILIOS;1;AUXILIOS;10;RECURSOS ORDINARIOS;250000,0;250000,0;250000,0
9342284;4019;2022-06-30 00:00:00;PM SANTA VITORIA;18.457.226/0001-81;1261;SEE;SECRETARIA DE ESTADO DE EDUCACAO;42;AUXILIOS;1;AUXILIOS;21;COTA ESTADUAL DO SALARIO EDUCACAO - QESE;1154300,0;1154300,0;1154300,0
9342308;2423;2022-06-30 00:00:00;CIS URG.EMERG.REGIAO OESTE - DIVINOPOLIS;20.059.618/0001-34;4291;FES;FUNDO ESTADUAL DE SAUDE;42;AUXILIOS;1;AUXILIOS;10;RECURSOS ORDINARIOS;4792160,81;4792160,81;4792160,81
9342308;2424;2022-06-30 00:00:00;CIS URG.EMERG.REGIAO OESTE - DIVINOPOLIS;20.059.618/0001-34;4291;FES;FUNDO ESTADUAL DE SAUDE;41;CONTRIBUICOES;1;CONTRIBUICOES;10;RECURSOS ORDINARIOS;1707839,19;1707839,19;1707839,19
9342309;270;2022-06-29 00:00:00;PM ITAPAGIPE;21.226.840/0001-47;1231;SEAPA;SECRETARIA DE ESTADO DE AGRICULTURA, PECUARIA E ABASTECIMENTO - SEAPA;41;CONTRIBUICOES;1;CONTRIBUICOES;10;RECURSOS ORDINARIOS;78613,33;78613,33;78613,33
9342310;5745;2022-06-29 00:00:00;PM CABO VERDE;17.909.599/0001-83;1491;SEGOV;SECRETARIA DE ESTADO DE GOVERNO;42;AUXILIOS;1;AUXILIOS;10;RECURSOS ORDINARIOS;273569,99;273569,99;273569,99
9342311;271;2022-06-29 00:00:00;PM SAO LOURENCO;18.188.219/0001-21;1231;SEAPA;SECRETARIA DE ESTADO DE AGRICULTURA, PECUARIA E ABASTECIMENTO - SEAPA;41;CONTRIBUICOES;1;CONTRIBUICOES;10;RECURSOS ORDINARIOS;220000,0;220000,0;220000,0
9342311;272;2022-06-29 00:00:00;PM SAO LOURENCO;18.188.219/0001-21;1231;SEAPA;SECRETARIA DE ESTADO DE AGRICULTURA, PECUARIA E ABASTECIMENTO - SEAPA;41;CONTRIBUICOES;1;CONTRIBUICOES;10;RECURSOS ORDINARIOS;78613,33;78613,33;78613,33
9342312;5738;2022-06-29 00:00:00;PM MALACACHETA;18.404.871/0001-36;1491;SEGOV;SECRETARIA DE ESTADO DE GOVERNO;42;AUXILIOS;1;AUXILIOS;10;RECURSOS ORDINARIOS;76863,33;76863,33;76863,33
9342313;274;2022-06-30 00:00:00;PM ITURAMA;18.457.242/0001-74;1301;SEINFRA;SECRETARIA DE ESTADO DE INFRAESTRUTURA E MOBILIDADE;42;AUXILIOS;1;AUXILIOS;32;EXPLORACAO DE RECURSOS MINERAIS;250000,0;250000,0;250000,0
9342314;273;2022-06-29 00:00:00;PM RIO NOVO;18.338.244/0001-44;1231;SEAPA;SECRETARIA DE ESTADO DE AGRICULTURA, PECUARIA E ABASTECIMENTO - SEAPA;41;CONTRIBUICOES;1;CONTRIBUICOES;10;RECURSOS ORDINARIOS;220000,0;220000,0;220000,0
9342314;274;2022-06-29 00:00:00;PM RIO NOVO;18.338.244/0001-44;1231;SEAPA;SECRETARIA DE ESTADO DE AGRICULTURA, PECUARIA E ABASTECIMENTO - SEAPA;41;CONTRIBUICOES;1;CONTRIBUICOES;10;RECURSOS ORDINARIOS;78616,33;78616,33;78616,33
9342315;5734;2022-06-29 00:00:00;PM PEDRINOPOLIS;18.140.335/0001-70;1491;SEGOV;SECRETARIA DE ESTADO DE GOVERNO;42;AUXILIOS;1;AUXILIOS;10;RECURSOS ORDINARIOS;276333,33;276333,33;276333,33
9342316;275;2022-06-29 00:00:00;PM BARRA LONGA;18.316.182/0001-70;1231;SEAPA;SECRETARIA DE ESTADO DE AGRICULTURA, PECUARIA E ABASTECIMENTO - SEAPA;41;CONTRIBUICOES;1;CONTRIBUICOES;10;RECURSOS ORDINARIOS;220000,0;220000,0;220000,0
9342316;277;2022-06-29 00:00:00;PM BARRA LONGA;18.316.182/0001-70;1231;SEAPA;SECRETARIA DE ESTADO DE AGRICULTURA, PECUARIA E ABASTECIMENTO - SEAPA;41;CONTRIBUICOES;1;CONTRIBUICOES;10;RECURSOS ORDINARIOS;78613,33;78613,33;78613,33
9342317;5752;2022-06-29 00:00:00;PM ITAVERAVA;19.718.386/0001-08;1491;SEGOV;SECRETARIA DE ESTADO DE GOVERNO;42;AUXILIOS;1;AUXILIOS;10;RECURSOS ORDINARIOS;191089,86;191089,86;191089,86
9342318;5740;2022-06-29 00:00:00;PM AGUA BOA;18.085.563/0001-95;1491;SEGOV;SECRETARIA DE ESTADO DE GOVERNO;42;AUXILIOS;1;AUXILIOS;10;RECURSOS ORDINARIOS;77827,2;77827,2;77827,2
9342319;296;2022-06-30 00:00:00;PM SANTANA DO GARAMBEU;18.338.285/0001-30;1231;SEAPA;SECRETARIA DE ESTADO DE AGRICULTURA, PECUARIA E ABASTECIMENTO - SEAPA;41;CONTRIBUICOES;1;CONTRIBUICOES;10;RECURSOS ORDINARIOS;220000,0;220000,0;220000,0
9342320;272;2022-06-30 00:00:00;PM SANTO ANTONIO DO MONTE;16.870.974/0001-66;1301;SEINFRA;SECRETARIA DE ESTADO DE INFRAESTRUTURA E MOBILIDADE;42;AUXILIOS;1;AUXILIOS;32;EXPLORACAO DE RECURSOS MINERAIS;340000,0;340000,0;340000,0
9342321;276;2022-06-30 00:00:00;PM BUGRE;01.613.126/0001-02;1301;SEINFRA;SECRETARIA DE ESTADO DE INFRAESTRUTURA E MOBILIDADE;42;AUXILIOS;1;AUXILIOS;10;RECURSOS ORDINARIOS;300000,0;300000,0;300000,0
9342322;5749;2022-06-29 00:00:00;PM CACHOEIRA DO PAJEU;18.414.599/0001-75;1491;SEGOV;SECRETARIA DE ESTADO DE GOVERNO;42;AUXILIOS;1;AUXILIOS;10;RECURSOS ORDINARIOS;200000,0;200000,0;200000,0
9342323;289;2022-06-30 00:00:00;PM SIMAO PEREIRA;18.338.293/0001-87;1231;SEAPA;SECRETARIA DE ESTADO DE AGRICULTURA, PECUARIA E ABASTECIMENTO - SEAPA;41;CONTRIBUICOES;1;CONTRIBUICOES;10;RECURSOS ORDINARIOS;78613,33;78613,33;78613,33
9342323;292;2022-06-30 00:00:00;PM SIMAO PEREIRA;18.338.293/0001-87;1231;SEAPA;SECRETARIA DE ESTADO DE AGRICULTURA, PECUARIA E ABASTECIMENTO - SEAPA;41;CONTRIBUICOES;1;CONTRIBUICOES;10;RECURSOS ORDINARIOS;220000,0;220000,0;220000,0
9342324;5726;2022-06-29 00:00:00;PM TEOFILO OTONI;18.404.780/0001-09;1491;SEGOV;SECRETARIA DE ESTADO DE GOVERNO;42;AUXILIOS;1;AUXILIOS;10;RECURSOS ORDINARIOS;114406,67;114406,67;114406,67
9342325;286;2022-06-30 00:00:00;PM PINGO D'AGUA;01.613.204/0001-60;1231;SEAPA;SECRETARIA DE ESTADO DE AGRICULTURA, PECUARIA E ABASTECIMENTO - SEAPA;41;CONTRIBUICOES;1;CONTRIBUICOES;48;ALIENACAO DE BENS DO TESOURO ESTADUAL;450000,0;450000,0;450000,0
9342326;5746;2022-06-29 00:00:00;PM PRADOS;18.557.538/0001-67;1491;SEGOV;SECRETARIA DE ESTADO DE GOVERNO;42;AUXILIOS;1;AUXILIOS;10;RECURSOS ORDINARIOS;311308,79;311308,79;311308,79
9342327;295;2022-06-30 00:00:00;PM LARANJAL;17.947.615/0001-22;1231;SEAPA;SECRETARIA DE ESTADO DE AGRICULTURA, PECUARIA E ABASTECIMENTO - SEAPA;41;CONTRIBUICOES;1;CONTRIBUICOES;10;RECURSOS ORDINARIOS;220000,0;220000,0;220000,0
9342327;298;2022-06-30 00:00:00;PM LARANJAL;17.947.615/0001-22;1231;SEAPA;SECRETARIA DE ESTADO DE AGRICULTURA, PECUARIA E ABASTECIMENTO - SEAPA;41;CONTRIBUICOES;1;CONTRIBUICOES;10;RECURSOS ORDINARIOS;78613,33;78613,33;78613,33
9342328;271;2022-06-30 00:00:00;PM LUISLANDIA;01.612.887/0001-31;1301;SEINFRA;SECRETARIA DE ESTADO DE INFRAESTRUTURA E MOBILIDADE;42;AUXILIOS;1;AUXILIOS;10;RECURSOS ORDINARIOS;300000,0;300000,0;300000,0
9342329;5722;2022-06-29 00:00:00;PM ALVORADA DE MINAS;18.303.164/0001-53;1491;SEGOV;SECRETARIA DE ESTADO DE GOVERNO;42;AUXILIOS;1;AUXILIOS;10;RECURSOS ORDINARIOS;113262,6;113262,6;113262,6
9342330;302;2022-06-30 00:00:00;CONSORCIO INTERM. MULTIF. DO BAIXO JEQUITINHONHA;07.306.549/0001-58;1231;SEAPA;SECRETARIA DE ESTADO DE AGRICULTURA, PECUARIA E ABASTECIMENTO - SEAPA;41;CONTRIBUICOES;1;CONTRIBUICOES;10;RECURSOS ORDINARIOS;780000,0;780000,0;780000,0
9342331;291;2022-06-30 00:00:00;PM SANTO ANTONIO DO AMPARO;18.244.335/0001-10;1231;SEAPA;SECRETARIA DE ESTADO DE AGRICULTURA, PECUARIA E ABASTECIMENTO - SEAPA;41;CONTRIBUICOES;1;CONTRIBUICOES;10;RECURSOS ORDINARIOS;220000,0;220000,0;220000,0
9342332;5729;2022-06-29 00:00:00;PM CAPINOPOLIS;18.457.234/0001-28;1491;SEGOV;SECRETARIA DE ESTADO DE GOVERNO;42;AUXILIOS;1;AUXILIOS;10;RECURSOS ORDINARIOS;500000,0;500000,0;500000,0
9342333;282;2022-06-30 00:00:00;PM SAO SEBASTIAO DO MARANHAO;18.409.177/0001-01;1231;SEAPA;SECRETARIA DE ESTADO DE AGRICULTURA, PECUARIA E ABASTECIMENTO - SEAPA;41;CONTRIBUICOES;1;CONTRIBUICOES;10;RECURSOS ORDINARIOS;220000,0;220000,0;220000,0
9342333;284;2022-06-30 00:00:00;PM SAO SEBASTIAO DO MARANHAO;18.409.177/0001-01;1231;SEAPA;SECRETARIA DE ESTADO DE AGRICULTURA, PECUARIA E ABASTECIMENTO - SEAPA;41;CONTRIBUICOES;1;CONTRIBUICOES;48;ALIENACAO DE BENS DO TESOURO ESTADUAL;378613,33;378613,33;378613,33
9342334;5736;2022-06-29 00:00:00;PM MONTE ALEGRE DE MINAS;18.431.155/0001-48;1491;SEGOV;SECRETARIA DE ESTADO DE GOVERNO;42;AUXILIOS;1;AUXILIOS;10;RECURSOS ORDINARIOS;77827,2;77827,2;77827,2
9342335;290;2022-06-30 00:00:00;PM ERVALIA;18.133.306/0001-81;1301;SEINFRA;SECRETARIA DE ESTADO DE INFRAESTRUTURA E MOBILIDADE;42;AUXILIOS;1;AUXILIOS;32;EXPLORACAO DE RECURSOS MINERAIS;500000,0;500000,0;500000,0
9342336;270;2022-06-30 00:00:00;PM NOVA BELEM;01.613.169/0001-80;1301;SEINFRA;SECRETARIA DE ESTADO DE INFRAESTRUTURA E MOBILIDADE;42;AUXILIOS;1;AUXILIOS;10;RECURSOS ORDINARIOS;400000,0;400000,0;400000,0
9342337;281;2022-06-30 00:00:00;PM CARVALHOPOLIS;18.242.800/0001-84;1231;SEAPA;SECRETARIA DE ESTADO DE AGRICULTURA, PECUARIA E ABASTECIMENTO - SEAPA;41;CONTRIBUICOES;1;CONTRIBUICOES;10;RECURSOS ORDINARIOS;220000,0;220000,0;220000,0
9342337;285;2022-06-30 00:00:00;PM CARVALHOPOLIS;18.242.800/0001-84;1231;SEAPA;SECRETARIA DE ESTADO DE AGRICULTURA, PECUARIA E ABASTECIMENTO - SEAPA;41;CONTRIBUICOES;1;CONTRIBUICOES;48;ALIENACAO DE BENS DO TESOURO ESTADUAL;78613,33;78613,33;78613,33
9342338;5755;2022-06-29 00:00:00;PM SANTA VITORIA;18.457.226/0001-81;1491;SEGOV;SECRETARIA DE ESTADO DE GOVERNO;42;AUXILIOS;1;AUXILIOS;10;RECURSOS ORDINARIOS;445885,33;445885,33;445885,33
9342339;287;2022-06-30 00:00:00;PM NOVA RESENDE;18.187.823/0001-33;1231;SEAPA;SECRETARIA DE ESTADO DE AGRICULTURA, PECUARIA E ABASTECIMENTO - SEAPA;41;CONTRIBUICOES;1;CONTRIBUICOES;10;RECURSOS ORDINARIOS;220000,0;220000,0;220000,0
9342339;290;2022-06-30 00:00:00;PM NOVA RESENDE;18.187.823/0001-33;1231;SEAPA;SECRETARIA DE ESTADO DE AGRICULTURA, PECUARIA E ABASTECIMENTO - SEAPA;41;CONTRIBUICOES;1;CONTRIBUICOES;10;RECURSOS ORDINARIOS;77827,19;77827,19;77827,19
9342340;3985;2022-06-30 00:00:00;PM SAO PEDRO DO SUACUI;18.409.243/0001-43;1261;SEE;SECRETARIA DE ESTADO DE EDUCACAO;42;AUXILIOS;1;AUXILIOS;21;COTA ESTADUAL DO SALARIO EDUCACAO - QESE;1493266,66;1493266,66;1493266,66
9342341;3986;2022-06-30 00:00:00;PM JANUARIA;21.461.546/0001-10;1261;SEE;SECRETARIA DE ESTADO DE EDUCACAO;42;AUXILIOS;1;AUXILIOS;21;COTA ESTADUAL DO SALARIO EDUCACAO - QESE;566933,87;566933,87;566933,87
9342342;5753;2022-06-29 00:00:00;PM CORONEL XAVIER CHAVES;18.557.546/0001-03;1491;SEGOV;SECRETARIA DE ESTADO DE GOVERNO;42;AUXILIOS;1;AUXILIOS;10;RECURSOS ORDINARIOS;189740,83;189740,83;189740,83
9342343;297;2022-06-30 00:00:00;PM CATUGI;26.218.636/0001-06;1231;SEAPA;SECRETARIA DE ESTADO DE AGRICULTURA, PECUARIA E ABASTECIMENTO - SEAPA;41;CONTRIBUICOES;1;CONTRIBUICOES;10;RECURSOS ORDINARIOS;220000,0;220000,0;220000,0
9342343;299;2022-06-30 00:00:00;PM CATUGI;26.218.636/0001-06;1231;SEAPA;SECRETARIA DE ESTADO DE AGRICULTURA, PECUARIA E ABASTECIMENTO - SEAPA;41;CONTRIBUICOES;1;CONTRIBUICOES;10;RECURSOS ORDINARIOS;378613,33;378613,33;378613,33
9342344;5747;2022-06-29 00:00:00;PM CARAI;18.404.848/0001-41;1491;SEGOV;SECRETARIA DE ESTADO DE GOVERNO;42;AUXILIOS;1;AUXILIOS;10;RECURSOS ORDINARIOS;113256,67;113256,67;113256,67
9342345;288;2022-06-30 00:00:00;PM VARZEA DA PALMA;18.279.059/0001-26;1231;SEAPA;SECRETARIA DE ESTADO DE AGRICULTURA, PECUARIA E ABASTECIMENTO - SEAPA;41;CONTRIBUICOES;1;CONTRIBUICOES;10;RECURSOS ORDINARIOS;298613,33;298613,33;298613,33
9342346;5743;2022-06-29 00:00:00;PM PONTO CHIQUE;01.612.500/0001-47;1491;SEGOV;SECRETARIA DE ESTADO DE GOVERNO;42;AUXILIOS;1;AUXILIOS;10;RECURSOS ORDINARIOS;77823,33;77823,33;77823,33
9342347;305;2022-06-30 00:00:00;PM GURINHATA;18.457.192/0001-25;1231;SEAPA;SECRETARIA DE ESTADO DE AGRICULTURA, PECUARIA E ABASTECIMENTO - SEAPA;41;CONTRIBUICOES;1;CONTRIBUICOES;10;RECURSOS ORDINARIOS;450000,0;450000,0;450000,0
9342347;306;2022-06-30 00:00:00;PM GURINHATA;18.457.192/0001-25;1231;SEAPA;SECRETARIA DE ESTADO DE AGRICULTURA, PECUARIA E ABASTECIMENTO - SEAPA;41;CONTRIBUICOES;1;CONTRIBUICOES;10;RECURSOS ORDINARIOS;157226,66;157226,66;157226,66
9342348;5739;2022-06-29 00:00:00;PM SAO ROQUE DE MINAS;18.306.670/0001-04;1491;SEGOV;SECRETARIA DE ESTADO DE GOVERNO;42;AUXILIOS;1;AUXILIOS;10;RECURSOS ORDINARIOS;155654,4;155654,4;155654,4
9342349;294;2022-06-30 00:00:00;PM CAETANOPOLIS;23.221.351/0001-28;1231;SEAPA;SECRETARIA DE ESTADO DE AGRICULTURA, PECUARIA E ABASTECIMENTO - SEAPA;41;CONTRIBUICOES;1;CONTRIBUICOES;10;RECURSOS ORDINARIOS;378613,33;378613,33;378613,33
9342350;5721;2022-06-29 00:00:00;PM MACHACALIS;18.404.921/0001-85;1491;SEGOV;SECRETARIA DE ESTADO DE GOVERNO;42;AUXILIOS;1;AUXILIOS;10;RECURSOS ORDINARIOS;498044,46;498044,46;498044,46
9342351;300;2022-06-30 00:00:00;PM CONQUISTA;18.428.888/0001-23;1231;SEAPA;SECRETARIA DE ESTADO DE AGRICULTURA, PECUARIA E ABASTECIMENTO - SEAPA;41;CONTRIBUICOES;1;CONTRIBUICOES;48;ALIENACAO DE BENS DO TESOURO ESTADUAL;220000,0;220000,0;220000,0
9342351;301;2022-06-30 00:00:00;PM CONQUISTA;18.428.888/0001-23;1231;SEAPA;SECRETARIA DE ESTADO DE AGRICULTURA, PECUARIA E ABASTECIMENTO - SEAPA;41;CONTRIBUICOES;1;CONTRIBUICOES;48;ALIENACAO DE BENS DO TESOURO ESTADUAL;300000,0;300000,0;300000,0
9342351;303;2022-06-30 00:00:00;PM CONQUISTA;18.428.888/0001-23;1231;SEAPA;SECRETARIA DE ESTADO DE AGRICULTURA, PECUARIA E ABASTECIMENTO - SEAPA;41;CONTRIBUICOES;1;CONTRIBUICOES;48;ALIENACAO DE BENS DO TESOURO ESTADUAL;78613,33;78613,33;78613,33
9342352;280;2022-06-30 00:00:00;PM ARAXA;18.140.756/0001-00;1301;SEINFRA;SECRETARIA DE ESTADO DE INFRAESTRUTURA E MOBILIDADE;42;AUXILIOS;1;AUXILIOS;32;EXPLORACAO DE RECURSOS MINERAIS;800000,0;800000,0;800000,0
9342353;3959;2022-06-30 00:00:00;PM SALTO DA DIVISA;18.347.401/0001-88;1261;SEE;SECRETARIA DE ESTADO DE EDUCACAO;42;AUXILIOS;1;AUXILIOS;21;COTA ESTADUAL DO SALARIO EDUCACAO - QESE;0,0;0,0;0,0
9342353;4555;2022-12-01 00:00:00;PM SALTO DA DIVISA;18.347.401/0001-88;1261;SEE;SECRETARIA DE ESTADO DE EDUCACAO;42;AUXILIOS;1;AUXILIOS;10;RECURSOS ORDINARIOS;744200,0;744200,0;744200,0
9342354;3963;2022-06-30 00:00:00;PM SACRAMENTO;18.140.764/0001-48;1261;SEE;SECRETARIA DE ESTADO DE EDUCACAO;42;AUXILIOS;1;AUXILIOS;21;COTA ESTADUAL DO SALARIO EDUCACAO - QESE;0,0;0,0;0,0
9342354;4496;2022-11-29 00:00:00;PM SACRAMENTO;18.140.764/0001-48;1261;SEE;SECRETARIA DE ESTADO DE EDUCACAO;42;AUXILIOS;1;AUXILIOS;13;FUNDO DE MANUTENCAO E DESENVOLVIMENTO DA EDUCACAO BASICA - FUNDEB - REGULARIZACAO DE EXERCICIOS ANTE;200000,0;200000,0;200000,0
9342355;3966;2022-06-30 00:00:00;PM PERDOES;18.244.343/0001-67;1261;SEE;SECRETARIA DE ESTADO DE EDUCACAO;42;AUXILIOS;1;AUXILIOS;21;COTA ESTADUAL DO SALARIO EDUCACAO - QESE;299795,17;299795,17;299795,17
9342356;3969;2022-06-30 00:00:00;PM MADRE DE DEUS DE MINAS;18.029.371/0001-61;1261;SEE;SECRETARIA DE ESTADO DE EDUCACAO;42;AUXILIOS;1;AUXILIOS;21;COTA ESTADUAL DO SALARIO EDUCACAO - QESE;2299600,0;2299600,0;2299600,0
9342357;5735;2022-06-29 00:00:00;PM ITABIRINHA;17.125.444/0001-56;1491;SEGOV;SECRETARIA DE ESTADO DE GOVERNO;42;AUXILIOS;1;AUXILIOS;10;RECURSOS ORDINARIOS;3000000,0;1000000,0;1000000,0
9342358;291;2022-06-30 00:00:00;PM ARACITABA;17.747.940/0001-41;1301;SEINFRA;SECRETARIA DE ESTADO DE INFRAESTRUTURA E MOBILIDADE;42;AUXILIOS;1;AUXILIOS;10;RECURSOS ORDINARIOS;500000,0;500000,0;500000,0
9342359;278;2022-06-29 00:00:00;PM MATIAS CARDOSO;25.209.115/0001-11;1231;SEAPA;SECRETARIA DE ESTADO DE AGRICULTURA, PECUARIA E ABASTECIMENTO - SEAPA;41;CONTRIBUICOES;1;CONTRIBUICOES;10;RECURSOS ORDINARIOS;220000,0;220000,0;220000,0
9342359;279;2022-06-30 00:00:00;PM MATIAS CARDOSO;25.209.115/0001-11;1231;SEAPA;SECRETARIA DE ESTADO DE AGRICULTURA, PECUARIA E ABASTECIMENTO - SEAPA;41;CONTRIBUICOES;1;CONTRIBUICOES;48;ALIENACAO DE BENS DO TESOURO ESTADUAL;0,0;0,0;0,0
9342359;283;2022-06-30 00:00:00;PM MATIAS CARDOSO;25.209.115/0001-11;1231;SEAPA;SECRETARIA DE ESTADO DE AGRICULTURA, PECUARIA E ABASTECIMENTO - SEAPA;41;CONTRIBUICOES;1;CONTRIBUICOES;48;ALIENACAO DE BENS DO TESOURO ESTADUAL;78613,33;78613,33;78613,33
9342360;282;2022-06-30 00:00:00;PM OLARIA;18.338.202/0001-03;1301;SEINFRA;SECRETARIA DE ESTADO DE INFRAESTRUTURA E MOBILIDADE;42;AUXILIOS;1;AUXILIOS;32;EXPLORACAO DE RECURSOS MINERAIS;6000000,0;6000000,0;6000000,0
9342361;5757;2022-06-29 00:00:00;PM TOLEDO;18.677.617/0001-01;1491;SEGOV;SECRETARIA DE ESTADO DE GOVERNO;42;AUXILIOS;1;AUXILIOS;10;RECURSOS ORDINARIOS;155636,66;155636,66;155636,66
9342362;276;2022-06-29 00:00:00;PM PINTOPOLIS;01.612.481/0001-59;1231;SEAPA;SECRETARIA DE ESTADO DE AGRICULTURA, PECUARIA E ABASTECIMENTO - SEAPA;41;CONTRIBUICOES;1;CONTRIBUICOES;10;RECURSOS ORDINARIOS;220000,0;220000,0;220000,0
9342363;280;2022-06-30 00:00:00;PM DESTERRO DO MELO;18.094.813/0001-53;1231;SEAPA;SECRETARIA DE ESTADO DE AGRICULTURA, PECUARIA E ABASTECIMENTO - SEAPA;41;CONTRIBUICOES;1;CONTRIBUICOES;10;RECURSOS ORDINARIOS;450000,0;450000,0;450000,0
9342364;3972;2022-06-30 00:00:00;PM RIACHO DOS MACHADOS;16.925.208/0001-51;1261;SEE;SECRETARIA DE ESTADO DE EDUCACAO;42;AUXILIOS;1;AUXILIOS;21;COTA ESTADUAL DO SALARIO EDUCACAO - QESE;100000,0;100000,0;100000,0
9342365;5728;2022-06-29 00:00:00;PM PRATA;18.260.505/0001-50;1491;SEGOV;SECRETARIA DE ESTADO DE GOVERNO;42;AUXILIOS;1;AUXILIOS;10;RECURSOS ORDINARIOS;400000,0;400000,0;400000,0
9342366;3987;2022-06-30 00:00:00;PM SAO SEBASTIAO DO RIO PRETO;18.303.263/0001-35;1261;SEE;SECRETARIA DE ESTADO DE EDUCACAO;42;AUXILIOS;1;AUXILIOS;21;COTA ESTADUAL DO SALARIO EDUCACAO - QESE;1349069,99;1349069,99;1349069,99
9342367;3975;2022-06-30 00:00:00;PM CATUGI;26.218.636/0001-06;1261;SEE;SECRETARIA DE ESTADO DE EDUCACAO;42;AUXILIOS;1;AUXILIOS;21;COTA ESTADUAL DO SALARIO EDUCACAO - QESE;0,0;0,0;0,0
9342367;4549;2022-12-01 00:00:00;PM CATUGI;26.218.636/0001-06;1261;SEE;SECRETARIA DE ESTADO DE EDUCACAO;42;AUXILIOS;1;AUXILIOS;10;RECURSOS ORDINARIOS;237776,45;237776,45;0,0
9342368;3979;2022-06-30 00:00:00;PM SACRAMENTO;18.140.764/0001-48;1261;SEE;SECRETARIA DE ESTADO DE EDUCACAO;42;AUXILIOS;1;AUXILIOS;21;COTA ESTADUAL DO SALARIO EDUCACAO - QESE;99949,0;99949,0;99949,0
9342369;304;2022-06-30 00:00:00;PM ENGENHEIRO NAVARRO;17.697.152/0001-98;1231;SEAPA;SECRETARIA DE ESTADO DE AGRICULTURA, PECUARIA E ABASTECIMENTO - SEAPA;41;CONTRIBUICOES;1;CONTRIBUICOES;10;RECURSOS ORDINARIOS;220000,0;220000,0;220000,0
9342370;5732;2022-06-29 00:00:00;PM DELTA;01.020.881/0001-75;1491;SEGOV;SECRETARIA DE ESTADO DE GOVERNO;42;AUXILIOS;1;AUXILIOS;10;RECURSOS ORDINARIOS;1000000,0;500000,0;500000,0
9342371;3981;2022-06-30 00:00:00;PM ITAVERAVA;19.718.386/0001-08;1261;SEE;SECRETARIA DE ESTADO DE EDUCACAO;42;AUXILIOS;1;AUXILIOS;21;COTA ESTADUAL DO SALARIO EDUCACAO - QESE;100000,0;100000,0;100000,0
9342372;5731;2022-06-29 00:00:00;PM DELTA;01.020.881/0001-75;1491;SEGOV;SECRETARIA DE ESTADO DE GOVERNO;42;AUXILIOS;1;AUXILIOS;10;RECURSOS ORDINARIOS;200000,0;200000,0;200000,0
9342373;293;2022-06-30 00:00:00;PM GUIRICEMA;18.137.943/0001-26;1231;SEAPA;SECRETARIA DE ESTADO DE AGRICULTURA, PECUARIA E ABASTECIMENTO - SEAPA;41;CONTRIBUICOES;1;CONTRIBUICOES;10;RECURSOS ORDINARIOS;220000,0;220000,0;220000,0
9342373;343;2022-06-30 00:00:00;PM GUIRICEMA;18.137.943/0001-26;1231;SEAPA;SECRETARIA DE ESTADO DE AGRICULTURA, PECUARIA E ABASTECIMENTO - SEAPA;41;CONTRIBUICOES;1;CONTRIBUICOES;10;RECURSOS ORDINARIOS;78613,33;78613,33;78613,33
9342374;3984;2022-06-30 00:00:00;PM INHAPIM;20.905.865/0001-04;1261;SEE;SECRETARIA DE ESTADO DE EDUCACAO;42;AUXILIOS;1;AUXILIOS;21;COTA ESTADUAL DO SALARIO EDUCACAO - QESE;99957,0;99957,0;99957,0
9342375;5737;2022-06-29 00:00:00;PM CANAPOLIS;18.457.200/0001-33;1491;SEGOV;SECRETARIA DE ESTADO DE GOVERNO;42;AUXILIOS;1;AUXILIOS;10;RECURSOS ORDINARIOS;700000,0;350000,0;350000,0
9342376;3988;2022-06-30 00:00:00;PM CAMPOS GERAIS;18.245.175/0001-24;1261;SEE;SECRETARIA DE ESTADO DE EDUCACAO;42;AUXILIOS;1;AUXILIOS;21;COTA ESTADUAL DO SALARIO EDUCACAO - QESE;1013400,0;1013400,0;1013400,0
9342377;3989;2022-06-30 00:00:00;PM INDIANOPOLIS;18.259.390/0001-84;1261;SEE;SECRETARIA DE ESTADO DE EDUCACAO;42;AUXILIOS;1;AUXILIOS;21;COTA ESTADUAL DO SALARIO EDUCACAO - QESE;265000,0;265000,0;265000,0
9342378;3990;2022-06-30 00:00:00;PM PADRE CARVALHO;01.612.490/0001-40;1261;SEE;SECRETARIA DE ESTADO DE EDUCACAO;42;AUXILIOS;1;AUXILIOS;21;COTA ESTADUAL DO SALARIO EDUCACAO - QESE;300000,0;300000,0;300000,0
9342379;3992;2022-06-30 00:00:00;PM FUNILANDIA;18.062.414/0001-00;1261;SEE;SECRETARIA DE ESTADO DE EDUCACAO;42;AUXILIOS;1;AUXILIOS;21;COTA ESTADUAL DO SALARIO EDUCACAO - QESE;97500,0;97500,0;97500,0
9342380;5744;2022-06-29 00:00:00;PM PITANGUI;18.315.226/0001-47;1491;SEGOV;SECRETARIA DE ESTADO DE GOVERNO;42;AUXILIOS;1;AUXILIOS;10;RECURSOS ORDINARIOS;820710,89;820710,89;820710,89
9342381;3991;2022-06-30 00:00:00;PM PRESIDENTE OLEGARIO;18.602.060/0001-40;1261;SEE;SECRETARIA DE ESTADO DE EDUCACAO;42;AUXILIOS;1;AUXILIOS;21;COTA ESTADUAL DO SALARIO EDUCACAO - QESE;278717,76;278717,76;278717,76
9342382;3994;2022-06-30 00:00:00;PM JABOTICATUBAS;18.715.417/0001-04;1261;SEE;SECRETARIA DE ESTADO DE EDUCACAO;42;AUXILIOS;1;AUXILIOS;21;COTA ESTADUAL DO SALARIO EDUCACAO - QESE;300000,0;300000,0;300000,0
9342383;5748;2022-06-29 00:00:00;PM GUIMARANIA;18.602.052/0001-01;1491;SEGOV;SECRETARIA DE ESTADO DE GOVERNO;42;AUXILIOS;1;AUXILIOS;10;RECURSOS ORDINARIOS;273570,0;273570,0;273570,0
9342384;3993;2022-06-30 00:00:00;PM LAGAMAR;18.192.260/0001-71;1261;SEE;SECRETARIA DE ESTADO DE EDUCACAO;42;AUXILIOS;1;AUXILIOS;21;COTA ESTADUAL DO SALARIO EDUCACAO - QESE;100000,0;100000,0;100000,0
9342385;4001;2022-06-30 00:00:00;PM SAO GONCALO DO SAPUCAI;18.712.158/0001-50;1261;SEE;SECRETARIA DE ESTADO DE EDUCACAO;42;AUXILIOS;1;AUXILIOS;21;COTA ESTADUAL DO SALARIO EDUCACAO - QESE;443813,7;443813,7;443813,7
9342386;5733;2022-06-29 00:00:00;PM LIMA DUARTE;18.338.186/0001-59;1491;SEGOV;SECRETARIA DE ESTADO DE GOVERNO;42;AUXILIOS;1;AUXILIOS;10;RECURSOS ORDINARIOS;113000,0;113000,0;113000,0
9342387;3996;2022-06-30 00:00:00;PM CONEGO MARINHO;01.612.492/0001-39;1261;SEE;SECRETARIA DE ESTADO DE EDUCACAO;42;AUXILIOS;1;AUXILIOS;21;COTA ESTADUAL DO SALARIO EDUCACAO - QESE;755531,42;755531,42;755531,42
9342388;4003;2022-06-30 00:00:00;PM PERDOES;18.244.343/0001-67;1261;SEE;SECRETARIA DE ESTADO DE EDUCACAO;42;AUXILIOS;1;AUXILIOS;21;COTA ESTADUAL DO SALARIO EDUCACAO - QESE;359300,0;359300,0;359300,0
9342389;4006;2022-06-30 00:00:00;PM LAGAMAR;18.192.260/0001-71;1261;SEE;SECRETARIA DE ESTADO DE EDUCACAO;42;AUXILIOS;1;AUXILIOS;21;COTA ESTADUAL DO SALARIO EDUCACAO - QESE;100000,0;100000,0;100000,0
9342390;4008;2022-06-30 00:00:00;PM SIMONESIA;18.385.120/0001-10;1261;SEE;SECRETARIA DE ESTADO DE EDUCACAO;42;AUXILIOS;1;AUXILIOS;21;COTA ESTADUAL DO SALARIO EDUCACAO - QESE;100000,0;100000,0;100000,0
9342391;5742;2022-06-29 00:00:00;PM MANHUMIRIM;18.392.530/0001-98;1491;SEGOV;SECRETARIA DE ESTADO DE GOVERNO;42;AUXILIOS;1;AUXILIOS;10;RECURSOS ORDINARIOS;273570,0;273570,0;273570,0
9342392;4005;2022-06-30 00:00:00;PM POCOS DE CALDAS;18.629.840/0001-83;1261;SEE;SECRETARIA DE ESTADO DE EDUCACAO;42;AUXILIOS;1;AUXILIOS;21;COTA ESTADUAL DO SALARIO EDUCACAO - QESE;1248600,0;1248600,0;1248600,0
9342393;273;2022-06-30 00:00:00;PM ITABIRINHA;17.125.444/0001-56;1301;SEINFRA;SECRETARIA DE ESTADO DE INFRAESTRUTURA E MOBILIDADE;42;AUXILIOS;1;AUXILIOS;32;EXPLORACAO DE RECURSOS MINERAIS;1000000,0;1000000,0;1000000,0
9342394;4004;2022-06-30 00:00:00;PM SAO JOSE DA BARRA;01.616.458/0001-32;1261;SEE;SECRETARIA DE ESTADO DE EDUCACAO;42;AUXILIOS;1;AUXILIOS;21;COTA ESTADUAL DO SALARIO EDUCACAO - QESE;100000,0;100000,0;100000,0
9342395;4002;2022-06-30 00:00:00;PM MUZAMBINHO;18.668.624/0001-47;1261;SEE;SECRETARIA DE ESTADO DE EDUCACAO;42;AUXILIOS;1;AUXILIOS;21;COTA ESTADUAL DO SALARIO EDUCACAO - QESE;100000,0;100000,0;100000,0
9342396;3999;2022-06-30 00:00:00;PM PASSOS;18.241.745/0001-08;1261;SEE;SECRETARIA DE ESTADO DE EDUCACAO;42;AUXILIOS;1;AUXILIOS;21;COTA ESTADUAL DO SALARIO EDUCACAO - QESE;50000,0;50000,0;50000,0
9342397;283;2022-06-30 00:00:00;PM ESPINOSA;18.650.952/0001-16;1301;SEINFRA;SECRETARIA DE ESTADO DE INFRAESTRUTURA E MOBILIDADE;42;AUXILIOS;1;AUXILIOS;32;EXPLORACAO DE RECURSOS MINERAIS;190000,0;190000,0;190000,0
9342398;5741;2022-06-29 00:00:00;PM MANHUMIRIM;18.392.530/0001-98;1491;SEGOV;SECRETARIA DE ESTADO DE GOVERNO;42;AUXILIOS;1;AUXILIOS;10;RECURSOS ORDINARIOS;155654,4;155654,4;155654,4
9342399;3997;2022-06-30 00:00:00;PM GUAPE;18.239.616/0001-85;1261;SEE;SECRETARIA DE ESTADO DE EDUCACAO;42;AUXILIOS;1;AUXILIOS;21;COTA ESTADUAL DO SALARIO EDUCACAO - QESE;100000,0;100000,0;100000,0
9342400;5727;2022-06-29 00:00:00;PM MATEUS LEME;18.715.433/0001-99;1491;SEGOV;SECRETARIA DE ESTADO DE GOVERNO;42;AUXILIOS;1;AUXILIOS;10;RECURSOS ORDINARIOS;271533,33;271533,33;271533,33
9342401;5723;2022-06-29 00:00:00;PM BIQUINHAS;18.296.640/0001-56;1491;SEGOV;SECRETARIA DE ESTADO DE GOVERNO;42;AUXILIOS;1;AUXILIOS;10;RECURSOS ORDINARIOS;121760,0;121760,0;121760,0
9342402;3995;2022-06-30 00:00:00;PM CATAS ALTAS DA NORUEGA;19.718.378/0001-53;1261;SEE;SECRETARIA DE ESTADO DE EDUCACAO;41;CONTRIBUICOES;1;CONTRIBUICOES;21;COTA ESTADUAL DO SALARIO EDUCACAO - QESE;126242,76;126242,76;126242,76
9342402;3998;2022-06-30 00:00:00;PM CATAS ALTAS DA NORUEGA;19.718.378/0001-53;1261;SEE;SECRETARIA DE ESTADO DE EDUCACAO;41;CONTRIBUICOES;1;CONTRIBUICOES;21;COTA ESTADUAL DO SALARIO EDUCACAO - QESE;5692,47;5692,47;5692,47
9342402;4000;2022-06-30 00:00:00;PM CATAS ALTAS DA NORUEGA;19.718.378/0001-53;1261;SEE;SECRETARIA DE ESTADO DE EDUCACAO;41;CONTRIBUICOES;1;CONTRIBUICOES;21;COTA ESTADUAL DO SALARIO EDUCACAO - QESE;1512,0;1512,0;1512,0
9342403;4147;2022-07-01 00:00:00;PM ITAPEVA;18.677.625/0001-58;1261;SEE;SECRETARIA DE ESTADO DE EDUCACAO;42;AUXILIOS;1;AUXILIOS;21;COTA ESTADUAL DO SALARIO EDUCACAO - QESE;299988,48;299988,48;299988,48
9342404;4088;2022-07-01 00:00:00;PM POCOS DE CALDAS;18.629.840/0001-83;1261;SEE;SECRETARIA DE ESTADO DE EDUCACAO;42;AUXILIOS;1;AUXILIOS;21;COTA ESTADUAL DO SALARIO EDUCACAO - QESE;50000,0;50000,0;50000,0
9342405;4486;2022-11-29 00:00:00;PM VARGEM BONITA;16.788.309/0001-28;1261;SEE;SECRETARIA DE ESTADO DE EDUCACAO;42;AUXILIOS;1;AUXILIOS;13;FUNDO DE MANUTENCAO E DESENVOLVIMENTO DA EDUCACAO BASICA - FUNDEB - REGULARIZACAO DE EXERCICIOS ANTE;114000,0;114000,0;114000,0
9342406;277;2022-06-30 00:00:00;PM NOVO CRUZEIRO;18.404.889/0001-38;1301;SEINFRA;SECRETARIA DE ESTADO DE INFRAESTRUTURA E MOBILIDADE;42;AUXILIOS;1;AUXILIOS;32;EXPLORACAO DE RECURSOS MINERAIS;500000,0;500000,0;500000,0
9342407;5720;2022-06-29 00:00:00;PM CURRAL DE DENTRO;01.613.076/0001-55;1491;SEGOV;SECRETARIA DE ESTADO DE GOVERNO;42;AUXILIOS;1;AUXILIOS;48;ALIENACAO DE BENS DO TESOURO ESTADUAL;351397,2;351397,2;351397,2
9342408;4148;2022-07-01 00:00:00;PM DESTERRO DO MELO;18.094.813/0001-53;1261;SEE;SECRETARIA DE ESTADO DE EDUCACAO;42;AUXILIOS;1;AUXILIOS;21;COTA ESTADUAL DO SALARIO EDUCACAO - QESE;0,0;0,0;0,0
9342408;4451;2022-11-24 00:00:00;PM DESTERRO DO MELO;18.094.813/0001-53;1261;SEE;SECRETARIA DE ESTADO DE EDUCACAO;42;AUXILIOS;1;AUXILIOS;13;FUNDO DE MANUTENCAO E DESENVOLVIMENTO DA EDUCACAO BASICA - FUNDEB - REGULARIZACAO DE EXERCICIOS ANTE;100000,0;100000,0;100000,0
9342409;4149;2022-07-01 00:00:00;PM DIVINO DAS LARANJEIRAS;18.357.079/0001-78;1261;SEE;SECRETARIA DE ESTADO DE EDUCACAO;42;AUXILIOS;1;AUXILIOS;21;COTA ESTADUAL DO SALARIO EDUCACAO - QESE;200000,0;200000,0;200000,0
9342410;3957;2022-06-30 00:00:00;PM SERRA DOS AIMORES;18.398.966/0001-94;1261;SEE;SECRETARIA DE ESTADO DE EDUCACAO;42;AUXILIOS;1;AUXILIOS;21;COTA ESTADUAL DO SALARIO EDUCACAO - QESE;572825,09;572825,09;572825,09
9342411;4151;2022-07-01 00:00:00;PM SAO JOSE DA VARGINHA;18.313.882/0001-00;1261;SEE;SECRETARIA DE ESTADO DE EDUCACAO;42;AUXILIOS;1;AUXILIOS;21;COTA ESTADUAL DO SALARIO EDUCACAO - QESE;100000,0;100000,0;100000,0
9342412;5730;2022-06-29 00:00:00;PM CAPINOPOLIS;18.457.234/0001-28;1491;SEGOV;SECRETARIA DE ESTADO DE GOVERNO;42;AUXILIOS;1;AUXILIOS;10;RECURSOS ORDINARIOS;400000,0;400000,0;400000,0
9342413;4146;2022-07-01 00:00:00;PM TOCANTINS;18.128.223/0001-02;1261;SEE;SECRETARIA DE ESTADO DE EDUCACAO;42;AUXILIOS;1;AUXILIOS;21;COTA ESTADUAL DO SALARIO EDUCACAO - QESE;200000,0;200000,0;200000,0
9342414;4080;2022-07-01 00:00:00;PM ITAMBACURI;18.404.855/0001-43;1261;SEE;SECRETARIA DE ESTADO DE EDUCACAO;42;AUXILIOS;1;AUXILIOS;21;COTA ESTADUAL DO SALARIO EDUCACAO - QESE;0,0;0,0;0,0
9342414;4551;2022-12-01 00:00:00;PM ITAMBACURI;18.404.855/0001-43;1261;SEE;SECRETARIA DE ESTADO DE EDUCACAO;42;AUXILIOS;1;AUXILIOS;10;RECURSOS ORDINARIOS;200000,0;200000,0;200000,0
9342415;3958;2022-06-30 00:00:00;PM NOVA BELEM;01.613.169/0001-80;1261;SEE;SECRETARIA DE ESTADO DE EDUCACAO;42;AUXILIOS;1;AUXILIOS;21;COTA ESTADUAL DO SALARIO EDUCACAO - QESE;2572400,0;2572400,0;2572400,0
9342416;4076;2022-07-01 00:00:00;PM RIO MANSO;18.363.978/0001-83;1261;SEE;SECRETARIA DE ESTADO DE EDUCACAO;42;AUXILIOS;1;AUXILIOS;21;COTA ESTADUAL DO SALARIO EDUCACAO - QESE;744200,0;744200,0;744200,0
9342417;5751;2022-06-29 00:00:00;PM PAIVA;17.747.965/0001-45;1491;SEGOV;SECRETARIA DE ESTADO DE GOVERNO;42;AUXILIOS;1;AUXILIOS;10;RECURSOS ORDINARIOS;314780,0;314780,0;314780,0
9342418;4118;2022-07-01 00:00:00;PM GUARDA-MOR;18.277.947/0001-00;1261;SEE;SECRETARIA DE ESTADO DE EDUCACAO;42;AUXILIOS;1;AUXILIOS;21;COTA ESTADUAL DO SALARIO EDUCACAO - QESE;2034599,99;2034599,99;2034599,99
9342419;4072;2022-07-01 00:00:00;PM CARMO DA MATA;18.312.967/0001-74;1261;SEE;SECRETARIA DE ESTADO DE EDUCACAO;42;AUXILIOS;1;AUXILIOS;21;COTA ESTADUAL DO SALARIO EDUCACAO - QESE;1096000,0;1096000,0;1096000,0
9342420;304;2022-06-30 00:00:00;PM ONCA DE PITANGUI;18.313.858/0001-71;1301;SEINFRA;SECRETARIA DE ESTADO DE INFRAESTRUTURA E MOBILIDADE;42;AUXILIOS;1;AUXILIOS;32;EXPLORACAO DE RECURSOS MINERAIS;400000,0;400000,0;400000,0
9342421;5754;2022-06-29 00:00:00;PM CORREGO DANTA;18.298.174/0001-48;1491;SEGOV;SECRETARIA DE ESTADO DE GOVERNO;42;AUXILIOS;1;AUXILIOS;10;RECURSOS ORDINARIOS;300000,0;300000,0;300000,0
9342422;5750;2022-06-29 00:00:00;PM AREADO;18.243.246/0001-50;1491;SEGOV;SECRETARIA DE ESTADO DE GOVERNO;42;AUXILIOS;1;AUXILIOS;10;RECURSOS ORDINARIOS;153567,16;153567,16;153567,16
9342423;279;2022-06-30 00:00:00;PM SERRA DO SALITRE;18.468.058/0001-20;1301;SEINFRA;SECRETARIA DE ESTADO DE INFRAESTRUTURA E MOBILIDADE;42;AUXILIOS;1;AUXILIOS;32;EXPLORACAO DE RECURSOS MINERAIS;270000,0;270000,0;270000,0
9342424;5724;2022-06-29 00:00:00;PM BUENOPOLIS;17.694.852/0001-29;1491;SEGOV;SECRETARIA DE ESTADO DE GOVERNO;42;AUXILIOS;1;AUXILIOS;10;RECURSOS ORDINARIOS;350000,0;350000,0;350000,0
9342425;4150;2022-07-01 00:00:00;PM ENGENHEIRO CALDAS;18.080.655/0001-82;1261;SEE;SECRETARIA DE ESTADO DE EDUCACAO;42;AUXILIOS;1;AUXILIOS;21;COTA ESTADUAL DO SALARIO EDUCACAO - QESE;207166,0;207166,0;207166,0
9342426;4140;2022-07-01 00:00:00;PM SAO GONCALO DO RIO PRETO;17.754.151/0001-38;1261;SEE;SECRETARIA DE ESTADO DE EDUCACAO;42;AUXILIOS;1;AUXILIOS;21;COTA ESTADUAL DO SALARIO EDUCACAO - QESE;100000,0;100000,0;100000,0
9342427;4145;2022-07-01 00:00:00;PM GUARDA-MOR;18.277.947/0001-00;1261;SEE;SECRETARIA DE ESTADO DE EDUCACAO;42;AUXILIOS;1;AUXILIOS;21;COTA ESTADUAL DO SALARIO EDUCACAO - QESE;400000,0;400000,0;400000,0
9342428;4078;2022-07-01 00:00:00;PM CHAPADA GAUCHA;01.612.489/0001-15;1261;SEE;SECRETARIA DE ESTADO DE EDUCACAO;42;AUXILIOS;1;AUXILIOS;21;COTA ESTADUAL DO SALARIO EDUCACAO - QESE;572825,09;572825,09;572825,09
9342429;5756;2022-06-29 00:00:00;PM ARCOS;18.306.662/0001-50;1491;SEGOV;SECRETARIA DE ESTADO DE GOVERNO;42;AUXILIOS;1;AUXILIOS;10;RECURSOS ORDINARIOS;262516,67;262516,67;262516,67
9342430;4084;2022-07-01 00:00:00;PM CARMO DO RIO CLARO;18.243.287/0001-46;1261;SEE;SECRETARIA DE ESTADO DE EDUCACAO;42;AUXILIOS;1;AUXILIOS;21;COTA ESTADUAL DO SALARIO EDUCACAO - QESE;99947,45;99947,45;99947,45
9342431;4090;2022-07-01 00:00:00;PM SAO GONCALO DO ABAETE;18.602.086/0001-98;1261;SEE;SECRETARIA DE ESTADO DE EDUCACAO;42;AUXILIOS;1;AUXILIOS;21;COTA ESTADUAL DO SALARIO EDUCACAO - QESE;100000,0;100000,0;100000,0
9342432;4082;2022-07-01 00:00:00;PM COMENDADOR GOMES;18.449.173/0001-57;1261;SEE;SECRETARIA DE ESTADO DE EDUCACAO;42;AUXILIOS;1;AUXILIOS;21;COTA ESTADUAL DO SALARIO EDUCACAO - QESE;100000,0;100000,0;100000,0
9342433;4081;2022-07-01 00:00:00;PM MONTE CARMELO;18.593.103/0001-78;1261;SEE;SECRETARIA DE ESTADO DE EDUCACAO;42;AUXILIOS;1;AUXILIOS;21;COTA ESTADUAL DO SALARIO EDUCACAO - QESE;100000,0;100000,0;100000,0
9342434;278;2022-06-30 00:00:00;PM OURO VERDE DE MINAS;18.404.947/0001-23;1301;SEINFRA;SECRETARIA DE ESTADO DE INFRAESTRUTURA E MOBILIDADE;42;AUXILIOS;1;AUXILIOS;10;RECURSOS ORDINARIOS;600000,0;600000,0;600000,0
9342435;4007;2022-06-30 00:00:00;PM SAO JOAO DO MANHUACU;66.232.521/0001-82;1261;SEE;SECRETARIA DE ESTADO DE EDUCACAO;41;CONTRIBUICOES;1;CONTRIBUICOES;21;COTA ESTADUAL DO SALARIO EDUCACAO - QESE;1082082,15;1082082,15;1082082,15
9342435;4009;2022-06-30 00:00:00;PM SAO JOAO DO MANHUACU;66.232.521/0001-82;1261;SEE;SECRETARIA DE ESTADO DE EDUCACAO;41;CONTRIBUICOES;1;CONTRIBUICOES;21;COTA ESTADUAL DO SALARIO EDUCACAO - QESE;56111,49;56111,49;56111,49
9342435;4010;2022-06-30 00:00:00;PM SAO JOAO DO MANHUACU;66.232.521/0001-82;1261;SEE;SECRETARIA DE ESTADO DE EDUCACAO;41;CONTRIBUICOES;1;CONTRIBUICOES;21;COTA ESTADUAL DO SALARIO EDUCACAO - QESE;14904,0;14904,0;14904,0
9342436;4011;2022-06-30 00:00:00;PM CAMPESTRE;18.178.400/0001-57;1261;SEE;SECRETARIA DE ESTADO DE EDUCACAO;41;CONTRIBUICOES;1;CONTRIBUICOES;21;COTA ESTADUAL DO SALARIO EDUCACAO - QESE;836392,0;836392,0;836392,0
9342436;4012;2022-06-30 00:00:00;PM CAMPESTRE;18.178.400/0001-57;1261;SEE;SECRETARIA DE ESTADO DE EDUCACAO;41;CONTRIBUICOES;1;CONTRIBUICOES;21;COTA ESTADUAL DO SALARIO EDUCACAO - QESE;43371,2;43371,2;43371,2
9342436;4013;2022-06-30 00:00:00;PM CAMPESTRE;18.178.400/0001-57;1261;SEE;SECRETARIA DE ESTADO DE EDUCACAO;41;CONTRIBUICOES;1;CONTRIBUICOES;21;COTA ESTADUAL DO SALARIO EDUCACAO - QESE;11520,0;11520,0;11520,0
9342437;125;2022-06-30 00:00:00;PM FUNILANDIA;18.062.414/0001-00;1261;SEE;SECRETARIA DE ESTADO DE EDUCACAO;42;AUXILIOS;1;AUXILIOS;10;RECURSOS ORDINARIOS;120613,73;120613,73;120613,73
9342437;126;2022-06-30 00:00:00;PM FUNILANDIA;18.062.414/0001-00;1261;SEE;SECRETARIA DE ESTADO DE EDUCACAO;42;AUXILIOS;1;AUXILIOS;10;RECURSOS ORDINARIOS;29445,17;29445,17;29445,17
9342438;4014;2022-06-30 00:00:00;PM CAMPINA VERDE;18.457.291/0001-07;1261;SEE;SECRETARIA DE ESTADO DE EDUCACAO;41;CONTRIBUICOES;1;CONTRIBUICOES;21;COTA ESTADUAL DO SALARIO EDUCACAO - QESE;428650,9;428650,9;428650,9
9342438;4015;2022-06-30 00:00:00;PM CAMPINA VERDE;18.457.291/0001-07;1261;SEE;SECRETARIA DE ESTADO DE EDUCACAO;41;CONTRIBUICOES;1;CONTRIBUICOES;21;COTA ESTADUAL DO SALARIO EDUCACAO - QESE;22227,74;22227,74;22227,74
9342438;4016;2022-06-30 00:00:00;PM CAMPINA VERDE;18.457.291/0001-07;1261;SEE;SECRETARIA DE ESTADO DE EDUCACAO;41;CONTRIBUICOES;1;CONTRIBUICOES;21;COTA ESTADUAL DO SALARIO EDUCACAO - QESE;5904,0;5904,0;5904,0
9342439;127;2022-06-30 00:00:00;PM UNAI;18.125.161/0001-77;1261;SEE;SECRETARIA DE ESTADO DE EDUCACAO;42;AUXILIOS;1;AUXILIOS;10;RECURSOS ORDINARIOS;150000,0;150000,0;150000,0
9342440;4521;2022-11-30 00:00:00;PM SANTANA DO RIACHO;18.715.458/0001-92;1261;SEE;SECRETARIA DE ESTADO DE EDUCACAO;42;AUXILIOS;1;AUXILIOS;10;RECURSOS ORDINARIOS;198491,57;198491,57;198491,57
9342441;4073;2022-07-01 00:00:00;PM SERRA DOS AIMORES;18.398.966/0001-94;1261;SEE;SECRETARIA DE ESTADO DE EDUCACAO;42;AUXILIOS;1;AUXILIOS;21;COTA ESTADUAL DO SALARIO EDUCACAO - QESE;0,0;0,0;0,0
9342441;4554;2022-12-01 00:00:00;PM SERRA DOS AIMORES;18.398.966/0001-94;1261;SEE;SECRETARIA DE ESTADO DE EDUCACAO;42;AUXILIOS;1;AUXILIOS;10;RECURSOS ORDINARIOS;359300,0;359300,0;359300,0
9342442;4075;2022-07-01 00:00:00;PM CRISTIANO OTONI;19.718.402/0001-54;1261;SEE;SECRETARIA DE ESTADO DE EDUCACAO;42;AUXILIOS;1;AUXILIOS;21;COTA ESTADUAL DO SALARIO EDUCACAO - QESE;2825400,0;2825400,0;2825400,0
9342443;4077;2022-07-01 00:00:00;PM BALDIM;18.116.129/0001-25;1261;SEE;SECRETARIA DE ESTADO DE EDUCACAO;42;AUXILIOS;1;AUXILIOS;21;COTA ESTADUAL DO SALARIO EDUCACAO - QESE;924200,0;924200,0;924200,0
9342444;4079;2022-07-01 00:00:00;PM MONSENHOR PAULO;22.541.874/0001-99;1261;SEE;SECRETARIA DE ESTADO DE EDUCACAO;42;AUXILIOS;1;AUXILIOS;21;COTA ESTADUAL DO SALARIO EDUCACAO - QESE;1924064,26;1924064,26;1924064,26
9342445;4087;2022-07-01 00:00:00;PM SANTOS DUMONT;17.747.924/0001-59;1261;SEE;SECRETARIA DE ESTADO DE EDUCACAO;42;AUXILIOS;1;AUXILIOS;21;COTA ESTADUAL DO SALARIO EDUCACAO - QESE;100000,0;100000,0;100000,0
9342446;3964;2022-06-30 00:00:00;PM SAO JOSE DO JACURI;18.409.201/0001-02;1261;SEE;SECRETARIA DE ESTADO DE EDUCACAO;42;AUXILIOS;1;AUXILIOS;21;COTA ESTADUAL DO SALARIO EDUCACAO - QESE;100000,0;100000,0;100000,0
9342447;281;2022-06-30 00:00:00;PM SACRAMENTO;18.140.764/0001-48;1301;SEINFRA;SECRETARIA DE ESTADO DE INFRAESTRUTURA E MOBILIDADE;42;AUXILIOS;1;AUXILIOS;32;EXPLORACAO DE RECURSOS MINERAIS;1000000,0;1000000,0;1000000,0
9342448;3965;2022-06-30 00:00:00;PM SAO BENTO ABADE;17.877.176/0001-29;1261;SEE;SECRETARIA DE ESTADO DE EDUCACAO;42;AUXILIOS;1;AUXILIOS;21;COTA ESTADUAL DO SALARIO EDUCACAO - QESE;0,0;0,0;0,0
9342448;4494;2022-11-29 00:00:00;PM SAO BENTO ABADE;17.877.176/0001-29;1261;SEE;SECRETARIA DE ESTADO DE EDUCACAO;42;AUXILIOS;1;AUXILIOS;13;FUNDO DE MANUTENCAO E DESENVOLVIMENTO DA EDUCACAO BASICA - FUNDEB - REGULARIZACAO DE EXERCICIOS ANTE;100000,0;100000,0;0,0
9342449;3967;2022-06-30 00:00:00;PM SAO PEDRO DA UNIAO;18.666.172/0001-64;1261;SEE;SECRETARIA DE ESTADO DE EDUCACAO;42;AUXILIOS;1;AUXILIOS;21;COTA ESTADUAL DO SALARIO EDUCACAO - QESE;100000,0;100000,0;100000,0
9342450;3960;2022-06-30 00:00:00;PM CARVALHOPOLIS;18.242.800/0001-84;1261;SEE;SECRETARIA DE ESTADO DE EDUCACAO;42;AUXILIOS;1;AUXILIOS;21;COTA ESTADUAL DO SALARIO EDUCACAO - QESE;359300,0;359300,0;359300,0
9342451;3968;2022-06-30 00:00:00;PM LAGOA DOS PATOS;16.901.381/0001-10;1261;SEE;SECRETARIA DE ESTADO DE EDUCACAO;42;AUXILIOS;1;AUXILIOS;21;COTA ESTADUAL DO SALARIO EDUCACAO - QESE;114500,0;114500,0;114500,0
9342452;3970;2022-06-30 00:00:00;PM PALMOPOLIS;66.234.345/0001-18;1261;SEE;SECRETARIA DE ESTADO DE EDUCACAO;42;AUXILIOS;1;AUXILIOS;21;COTA ESTADUAL DO SALARIO EDUCACAO - QESE;100000,0;100000,0;100000,0
9342453;3961;2022-06-30 00:00:00;PM SANTA FE DE MINAS;18.279.075/0001-19;1261;SEE;SECRETARIA DE ESTADO DE EDUCACAO;42;AUXILIOS;1;AUXILIOS;21;COTA ESTADUAL DO SALARIO EDUCACAO - QESE;2986533,32;2986533,32;2986533,32
9342455;3962;2022-06-30 00:00:00;PM SANTA HELENA DE MINAS;01.613.395/0001-60;1261;SEE;SECRETARIA DE ESTADO DE EDUCACAO;42;AUXILIOS;1;AUXILIOS;21;COTA ESTADUAL DO SALARIO EDUCACAO - QESE;697100,0;697100,0;697100,0
9342456;284;2022-06-30 00:00:00;PM SACRAMENTO;18.140.764/0001-48;1301;SEINFRA;SECRETARIA DE ESTADO DE INFRAESTRUTURA E MOBILIDADE;42;AUXILIOS;1;AUXILIOS;32;EXPLORACAO DE RECURSOS MINERAIS;1000000,0;1000000,0;1000000,0
9342458;122;2022-06-30 00:00:00;PM PIEDADE DOS GERAIS;18.363.960/0001-81;1261;SEE;SECRETARIA DE ESTADO DE EDUCACAO;42;AUXILIOS;1;AUXILIOS;21;COTA ESTADUAL DO SALARIO EDUCACAO - QESE;1918750,0;1918750,0;1918750,0
9342458;184;2022-12-07 00:00:00;PM PIEDADE DOS GERAIS;18.363.960/0001-81;1261;SEE;SECRETARIA DE ESTADO DE EDUCACAO;42;AUXILIOS;1;AUXILIOS;10;RECURSOS ORDINARIOS;1918750,0;0,0;0,0
9342459;123;2022-06-30 00:00:00;PM PEDRA DOURADA;18.114.215/0001-07;1261;SEE;SECRETARIA DE ESTADO DE EDUCACAO;42;AUXILIOS;1;AUXILIOS;21;COTA ESTADUAL DO SALARIO EDUCACAO - QESE;985111,3;985111,3;985111,3
9342459;124;2022-06-30 00:00:00;PM PEDRA DOURADA;18.114.215/0001-07;1261;SEE;SECRETARIA DE ESTADO DE EDUCACAO;42;AUXILIOS;1;AUXILIOS;21;COTA ESTADUAL DO SALARIO EDUCACAO - QESE;0,0;0,0;0,0
9342459;185;2022-12-07 00:00:00;PM PEDRA DOURADA;18.114.215/0001-07;1261;SEE;SECRETARIA DE ESTADO DE EDUCACAO;42;AUXILIOS;1;AUXILIOS;10;RECURSOS ORDINARIOS;492555,65;0,0;0,0
9342460;285;2022-06-30 00:00:00;PM SACRAMENTO;18.140.764/0001-48;1301;SEINFRA;SECRETARIA DE ESTADO DE INFRAESTRUTURA E MOBILIDADE;42;AUXILIOS;1;AUXILIOS;32;EXPLORACAO DE RECURSOS MINERAIS;323689,69;323689,69;323689,69
9342461;119;2022-06-30 00:00:00;PM UBA;18.128.207/0001-01;1261;SEE;SECRETARIA DE ESTADO DE EDUCACAO;42;AUXILIOS;1;AUXILIOS;21;COTA ESTADUAL DO SALARIO EDUCACAO - QESE;1987000,0;1987000,0;1987000,0
9342461;182;2022-12-07 00:00:00;PM UBA;18.128.207/0001-01;1261;SEE;SECRETARIA DE ESTADO DE EDUCACAO;42;AUXILIOS;1;AUXILIOS;10;RECURSOS ORDINARIOS;1987000,0;0,0;0,0
9342462;120;2022-06-30 00:00:00;PM SAO SEBASTIAO DO PARAISO;18.241.349/0001-80;1261;SEE;SECRETARIA DE ESTADO DE EDUCACAO;42;AUXILIOS;1;AUXILIOS;21;COTA ESTADUAL DO SALARIO EDUCACAO - QESE;1258000,0;1258000,0;1258000,0
9342462;181;2022-12-07 00:00:00;PM SAO SEBASTIAO DO PARAISO;18.241.349/0001-80;1261;SEE;SECRETARIA DE ESTADO DE EDUCACAO;42;AUXILIOS;1;AUXILIOS;10;RECURSOS ORDINARIOS;1258000,0;0,0;0,0
9342463;121;2022-06-30 00:00:00;PM CACHOEIRA DOURADA;18.457.267/0001-78;1261;SEE;SECRETARIA DE ESTADO DE EDUCACAO;42;AUXILIOS;1;AUXILIOS;21;COTA ESTADUAL DO SALARIO EDUCACAO - QESE;975000,0;975000,0;975000,0
9342463;183;2022-12-07 00:00:00;PM CACHOEIRA DOURADA;18.457.267/0001-78;1261;SEE;SECRETARIA DE ESTADO DE EDUCACAO;42;AUXILIOS;1;AUXILIOS;10;RECURSOS ORDINARIOS;975000,0;0,0;0,0
9342464;3971;2022-06-30 00:00:00;PM FUNILANDIA;18.062.414/0001-00;1261;SEE;SECRETARIA DE ESTADO DE EDUCACAO;42;AUXILIOS;1;AUXILIOS;21;COTA ESTADUAL DO SALARIO EDUCACAO - QESE;1286583,33;1286583,33;1286583,33
9342465;3973;2022-06-30 00:00:00;PM NAQUE;01.613.208/0001-49;1261;SEE;SECRETARIA DE ESTADO DE EDUCACAO;42;AUXILIOS;1;AUXILIOS;21;COTA ESTADUAL DO SALARIO EDUCACAO - QESE;150000,0;150000,0;150000,0
9342466;3974;2022-06-30 00:00:00;PM FERVEDOURO;26.139.790/0001-84;1261;SEE;SECRETARIA DE ESTADO DE EDUCACAO;42;AUXILIOS;1;AUXILIOS;21;COTA ESTADUAL DO SALARIO EDUCACAO - QESE;0,0;0,0;0,0
9342466;4495;2022-11-29 00:00:00;PM FERVEDOURO;26.139.790/0001-84;1261;SEE;SECRETARIA DE ESTADO DE EDUCACAO;42;AUXILIOS;1;AUXILIOS;13;FUNDO DE MANUTENCAO E DESENVOLVIMENTO DA EDUCACAO BASICA - FUNDEB - REGULARIZACAO DE EXERCICIOS ANTE;697100,0;697100,0;697100,0
9342467;3976;2022-06-30 00:00:00;PM FREI LAGONEGRO;01.615.008/0001-25;1261;SEE;SECRETARIA DE ESTADO DE EDUCACAO;42;AUXILIOS;1;AUXILIOS;21;COTA ESTADUAL DO SALARIO EDUCACAO - QESE;100000,0;100000,0;100000,0
9342468;3977;2022-06-30 00:00:00;PM TRES CORACOES;17.955.535/0001-19;1261;SEE;SECRETARIA DE ESTADO DE EDUCACAO;42;AUXILIOS;1;AUXILIOS;21;COTA ESTADUAL DO SALARIO EDUCACAO - QESE;751638,34;751638,34;751638,34
9342469;3978;2022-06-30 00:00:00;PM CAMPOS GERAIS;18.245.175/0001-24;1261;SEE;SECRETARIA DE ESTADO DE EDUCACAO;42;AUXILIOS;1;AUXILIOS;21;COTA ESTADUAL DO SALARIO EDUCACAO - QESE;100000,0;100000,0;100000,0
9342470;3980;2022-06-30 00:00:00;PM PIRAJUBA;18.428.847/0001-37;1261;SEE;SECRETARIA DE ESTADO DE EDUCACAO;42;AUXILIOS;1;AUXILIOS;21;COTA ESTADUAL DO SALARIO EDUCACAO - QESE;530000,0;530000,0;530000,0
9342471;3982;2022-06-30 00:00:00;PM TAIOBEIRAS;18.017.384/0001-10;1261;SEE;SECRETARIA DE ESTADO DE EDUCACAO;42;AUXILIOS;1;AUXILIOS;21;COTA ESTADUAL DO SALARIO EDUCACAO - QESE;100000,0;100000,0;100000,0
9342472;288;2022-06-30 00:00:00;PM JEQUERI;18.316.166/0001-87;1301;SEINFRA;SECRETARIA DE ESTADO DE INFRAESTRUTURA E MOBILIDADE;42;AUXILIOS;1;AUXILIOS;32;EXPLORACAO DE RECURSOS MINERAIS;250000,0;250000,0;250000,0
9342473;3983;2022-06-30 00:00:00;PM SANTO ANTONIO DO RETIRO;01.612.484/0001-92;1261;SEE;SECRETARIA DE ESTADO DE EDUCACAO;42;AUXILIOS;1;AUXILIOS;21;COTA ESTADUAL DO SALARIO EDUCACAO - QESE;99845,54;99845,54;99845,54
9342474;289;2022-06-30 00:00:00;PM PEDRO TEIXEIRA;18.338.228/0001-51;1301;SEINFRA;SECRETARIA DE ESTADO DE INFRAESTRUTURA E MOBILIDADE;42;AUXILIOS;1;AUXILIOS;32;EXPLORACAO DE RECURSOS MINERAIS;250000,0;250000,0;250000,0
9342475;275;2022-06-30 00:00:00;PM BORDA DA MATA;17.912.023/0001-75;1301;SEINFRA;SECRETARIA DE ESTADO DE INFRAESTRUTURA E MOBILIDADE;42;AUXILIOS;1;AUXILIOS;10;RECURSOS ORDINARIOS;1750000,0;1750000,0;1750000,0
9342476;286;2022-06-30 00:00:00;PM GUIDOVAL;18.128.215/0001-58;1301;SEINFRA;SECRETARIA DE ESTADO DE INFRAESTRUTURA E MOBILIDADE;42;AUXILIOS;1;AUXILIOS;32;EXPLORACAO DE RECURSOS MINERAIS;500000,0;500000,0;500000,0
9342477;287;2022-06-30 00:00:00;PM JOAO PINHEIRO;16.930.299/0001-13;1301;SEINFRA;SECRETARIA DE ESTADO DE INFRAESTRUTURA E MOBILIDADE;42;AUXILIOS;1;AUXILIOS;32;EXPLORACAO DE RECURSOS MINERAIS;500000,0;500000,0;500000,0
9342478;4020;2022-06-30 00:00:00;PM DORES DE CAMPOS;18.094.821/0001-08;1261;SEE;SECRETARIA DE ESTADO DE EDUCACAO;42;AUXILIOS;1;AUXILIOS;21;COTA ESTADUAL DO SALARIO EDUCACAO - QESE;0,0;0,0;0,0
9342478;4491;2022-11-29 00:00:00;PM DORES DE CAMPOS;18.094.821/0001-08;1261;SEE;SECRETARIA DE ESTADO DE EDUCACAO;42;AUXILIOS;1;AUXILIOS;13;FUNDO DE MANUTENCAO E DESENVOLVIMENTO DA EDUCACAO BASICA - FUNDEB - REGULARIZACAO DE EXERCICIOS ANTE;824200,0;824200,0;824200,0
9342479;4022;2022-06-30 00:00:00;PM IBIAI;16.899.700/0001-08;1261;SEE;SECRETARIA DE ESTADO DE EDUCACAO;42;AUXILIOS;1;AUXILIOS;21;COTA ESTADUAL DO SALARIO EDUCACAO - QESE;1349800,0;1349800,0;1349800,0
9342480;4023;2022-06-30 00:00:00;PM RIACHINHO;25.222.118/0001-95;1261;SEE;SECRETARIA DE ESTADO DE EDUCACAO;42;AUXILIOS;1;AUXILIOS;21;COTA ESTADUAL DO SALARIO EDUCACAO - QESE;595800,81;595800,81;595800,81
9342481;4024;2022-06-30 00:00:00;PM RIACHINHO;25.222.118/0001-95;1261;SEE;SECRETARIA DE ESTADO DE EDUCACAO;42;AUXILIOS;1;AUXILIOS;21;COTA ESTADUAL DO SALARIO EDUCACAO - QESE;1769599,99;1769599,99;1769599,99
9342482;4029;2022-06-30 00:00:00;PM CARANDAI;18.094.797/0001-07;1261;SEE;SECRETARIA DE ESTADO DE EDUCACAO;42;AUXILIOS;1;AUXILIOS;21;COTA ESTADUAL DO SALARIO EDUCACAO - QESE;0,0;0,0;0,0
9342482;4487;2022-11-29 00:00:00;PM CARANDAI;18.094.797/0001-07;1261;SEE;SECRETARIA DE ESTADO DE EDUCACAO;42;AUXILIOS;1;AUXILIOS;13;FUNDO DE MANUTENCAO E DESENVOLVIMENTO DA EDUCACAO BASICA - FUNDEB - REGULARIZACAO DE EXERCICIOS ANTE;1317700,0;1317700,0;1317700,0
9342483;4030;2022-06-30 00:00:00;PM SAO BENTO ABADE;17.877.176/0001-29;1261;SEE;SECRETARIA DE ESTADO DE EDUCACAO;42;AUXILIOS;1;AUXILIOS;21;COTA ESTADUAL DO SALARIO EDUCACAO - QESE;100000,0;100000,0;100000,0
9342484;546;2022-06-30 00:00:00;CONSORCIO PUBLICO INTERMUNICIPAL DESENVOLVIMENTO SUSTENTAVEL ALTO PARA;20.782.813/0001-98;1371;SEMAD;SECRETARIA DE ESTADO DE MEIO AMBIENTE E DESENVOLVIMENTO SUSTENTAVEL;41;CONTRIBUICOES;1;CONTRIBUICOES;72;TAXA DE FISCALIZACAO DE RECURSOS MINERARIOS;183876,37;183876,37;183876,37
9342485;17;2022-06-30 00:00:00;PM JOSE GONCALVES DE MINAS;01.613.372/0001-56;1481;SEDESE;SECRETARIA DE ESTADO DE DESENVOLVIMENTO SOCIAL;41;CONTRIBUICOES;1;CONTRIBUICOES;10;RECURSOS ORDINARIOS;130155,08;130155,08;130155,08
9342486;29;2022-06-30 00:00:00;PM PEQUERI;17.724.360/0001-39;1481;SEDESE;SECRETARIA DE ESTADO DE DESENVOLVIMENTO SOCIAL;41;CONTRIBUICOES;1;CONTRIBUICOES;10;RECURSOS ORDINARIOS;130154,71;130154,71;130154,71
9342487;294;2022-06-30 00:00:00;PM BICAS;17.722.935/0001-84;1301;SEINFRA;SECRETARIA DE ESTADO DE INFRAESTRUTURA E MOBILIDADE;42;AUXILIOS;1;AUXILIOS;32;EXPLORACAO DE RECURSOS MINERAIS;400000,0;400000,0;400000,0
9342488;331;2022-06-30 00:00:00;PM SANTA CRUZ DE SALINAS;01.612.497/0001-61;1231;SEAPA;SECRETARIA DE ESTADO DE AGRICULTURA, PECUARIA E ABASTECIMENTO - SEAPA;41;CONTRIBUICOES;1;CONTRIBUICOES;10;RECURSOS ORDINARIOS;220000,0;220000,0;220000,0
9342488;332;2022-06-30 00:00:00;PM SANTA CRUZ DE SALINAS;01.612.497/0001-61;1231;SEAPA;SECRETARIA DE ESTADO DE AGRICULTURA, PECUARIA E ABASTECIMENTO - SEAPA;41;CONTRIBUICOES;1;CONTRIBUICOES;48;ALIENACAO DE BENS DO TESOURO ESTADUAL;78613,33;78613,33;78613,33
9342489;23;2022-06-30 00:00:00;PM CACHOEIRA DOURADA;18.457.267/0001-78;1481;SEDESE;SECRETARIA DE ESTADO DE DESENVOLVIMENTO SOCIAL;42;AUXILIOS;1;AUXILIOS;10;RECURSOS ORDINARIOS;250000,0;250000,0;250000,0
9342490;18;2022-06-30 00:00:00;PM CIPOTANEA;18.094.805/0001-07;1481;SEDESE;SECRETARIA DE ESTADO DE DESENVOLVIMENTO SOCIAL;42;AUXILIOS;1;AUXILIOS;71;RECURSOS DO FUNDO ESTADUAL DE ERRADICACAO DA MISERIA;150000,0;150000,0;150000,0
9342491;22;2022-06-30 00:00:00;PM PIEDADE DE PONTE NOVA;18.316.257/0001-12;1481;SEDESE;SECRETARIA DE ESTADO DE DESENVOLVIMENTO SOCIAL;42;AUXILIOS;1;AUXILIOS;71;RECURSOS DO FUNDO ESTADUAL DE ERRADICACAO DA MISERIA;150000,0;150000,0;150000,0
9342492;32;2022-06-30 00:00:00;PM SANTA MARIA DO SALTO;18.347.419/0001-80;1481;SEDESE;SECRETARIA DE ESTADO DE DESENVOLVIMENTO SOCIAL;42;AUXILIOS;1;AUXILIOS;10;RECURSOS ORDINARIOS;320000,0;320000,0;320000,0
9342493;317;2022-06-30 00:00:00;PM BOCAINA DE MINAS;18.194.076/0001-60;1231;SEAPA;SECRETARIA DE ESTADO DE AGRICULTURA, PECUARIA E ABASTECIMENTO - SEAPA;41;CONTRIBUICOES;1;CONTRIBUICOES;10;RECURSOS ORDINARIOS;50000,0;50000,0;50000,0
9342493;319;2022-06-30 00:00:00;PM BOCAINA DE MINAS;18.194.076/0001-60;1231;SEAPA;SECRETARIA DE ESTADO DE AGRICULTURA, PECUARIA E ABASTECIMENTO - SEAPA;41;CONTRIBUICOES;1;CONTRIBUICOES;48;ALIENACAO DE BENS DO TESOURO ESTADUAL;170000,0;170000,0;170000,0
9342493;322;2022-06-30 00:00:00;PM BOCAINA DE MINAS;18.194.076/0001-60;1231;SEAPA;SECRETARIA DE ESTADO DE AGRICULTURA, PECUARIA E ABASTECIMENTO - SEAPA;41;CONTRIBUICOES;1;CONTRIBUICOES;48;ALIENACAO DE BENS DO TESOURO ESTADUAL;78613,33;78613,33;78613,33
9342494;28;2022-06-30 00:00:00;PM SENHORA DOS REMEDIOS;18.094.870/0001-32;1481;SEDESE;SECRETARIA DE ESTADO DE DESENVOLVIMENTO SOCIAL;42;AUXILIOS;1;AUXILIOS;71;RECURSOS DO FUNDO ESTADUAL DE ERRADICACAO DA MISERIA;300000,0;300000,0;300000,0
9342495;21;2022-06-30 00:00:00;PM SAO SEBASTIAO DO PARAISO;18.241.349/0001-80;1481;SEDESE;SECRETARIA DE ESTADO DE DESENVOLVIMENTO SOCIAL;42;AUXILIOS;1;AUXILIOS;10;RECURSOS ORDINARIOS;500000,0;500000,0;500000,0
9342496;298;2022-06-30 00:00:00;PM TOMBOS;18.114.223/0001-45;1301;SEINFRA;SECRETARIA DE ESTADO DE INFRAESTRUTURA E MOBILIDADE;42;AUXILIOS;1;AUXILIOS;32;EXPLORACAO DE RECURSOS MINERAIS;500000,0;500000,0;500000,0
9342497;10;2022-06-30 00:00:00;PM RIACHO DOS MACHADOS;16.925.208/0001-51;1481;SEDESE;SECRETARIA DE ESTADO DE DESENVOLVIMENTO SOCIAL;42;AUXILIOS;1;AUXILIOS;71;RECURSOS DO FUNDO ESTADUAL DE ERRADICACAO DA MISERIA;150000,0;150000,0;150000,0
9342498;307;2022-06-30 00:00:00;PM JESUANIA;18.188.227/0001-78;1231;SEAPA;SECRETARIA DE ESTADO DE AGRICULTURA, PECUARIA E ABASTECIMENTO - SEAPA;41;CONTRIBUICOES;1;CONTRIBUICOES;10;RECURSOS ORDINARIOS;220000,0;220000,0;220000,0
9342498;308;2022-06-30 00:00:00;PM JESUANIA;18.188.227/0001-78;1231;SEAPA;SECRETARIA DE ESTADO DE AGRICULTURA, PECUARIA E ABASTECIMENTO - SEAPA;41;CONTRIBUICOES;1;CONTRIBUICOES;48;ALIENACAO DE BENS DO TESOURO ESTADUAL;78616,33;78616,33;78616,33
9342499;19;2022-06-30 00:00:00;PM ESPERA FELIZ;18.114.264/0001-31;1481;SEDESE;SECRETARIA DE ESTADO DE DESENVOLVIMENTO SOCIAL;42;AUXILIOS;1;AUXILIOS;10;RECURSOS ORDINARIOS;400000,0;400000,0;400000,0
9342500;8;2022-06-30 00:00:00;PM ITAOBIM;18.414.573/0001-27;1481;SEDESE;SECRETARIA DE ESTADO DE DESENVOLVIMENTO SOCIAL;42;AUXILIOS;1;AUXILIOS;10;RECURSOS ORDINARIOS;250000,0;250000,0;250000,0
9342501;15;2022-06-30 00:00:00;PM TURMALINA;25.324.187/0001-00;1481;SEDESE;SECRETARIA DE ESTADO DE DESENVOLVIMENTO SOCIAL;42;AUXILIOS;1;AUXILIOS;10;RECURSOS ORDINARIOS;250000,0;250000,0;250000,0
9342502;27;2022-06-30 00:00:00;PM SANTA CRUZ DE SALINAS;01.612.497/0001-61;1481;SEDESE;SECRETARIA DE ESTADO DE DESENVOLVIMENTO SOCIAL;41;CONTRIBUICOES;1;CONTRIBUICOES;10;RECURSOS ORDINARIOS;130089,37;130089,37;130089,37
9342503;11;2022-06-30 00:00:00;PM GUARACIABA;19.382.647/0001-53;1481;SEDESE;SECRETARIA DE ESTADO DE DESENVOLVIMENTO SOCIAL;42;AUXILIOS;1;AUXILIOS;10;RECURSOS ORDINARIOS;250000,0;250000,0;250000,0
9342504;350;2022-06-30 00:00:00;PM AMPARO DA SERRA;18.316.174/0001-23;1231;SEAPA;SECRETARIA DE ESTADO DE AGRICULTURA, PECUARIA E ABASTECIMENTO - SEAPA;41;CONTRIBUICOES;1;CONTRIBUICOES;10;RECURSOS ORDINARIOS;220000,0;220000,0;220000,0
9342504;351;2022-06-30 00:00:00;PM AMPARO DA SERRA;18.316.174/0001-23;1231;SEAPA;SECRETARIA DE ESTADO DE AGRICULTURA, PECUARIA E ABASTECIMENTO - SEAPA;41;CONTRIBUICOES;1;CONTRIBUICOES;10;RECURSOS ORDINARIOS;78613,33;78613,33;78613,33
9342505;25;2022-06-30 00:00:00;PM ORATORIOS;01.616.836/0001-88;1481;SEDESE;SECRETARIA DE ESTADO DE DESENVOLVIMENTO SOCIAL;42;AUXILIOS;1;AUXILIOS;10;RECURSOS ORDINARIOS;360000,0;360000,0;360000,0
9342506;13;2022-06-30 00:00:00;PM LAGOA DOS PATOS;16.901.381/0001-10;1481;SEDESE;SECRETARIA DE ESTADO DE DESENVOLVIMENTO SOCIAL;42;AUXILIOS;1;AUXILIOS;71;RECURSOS DO FUNDO ESTADUAL DE ERRADICACAO DA MISERIA;150000,0;150000,0;150000,0
9342507;26;2022-06-30 00:00:00;PM MANHUMIRIM;18.392.530/0001-98;1481;SEDESE;SECRETARIA DE ESTADO DE DESENVOLVIMENTO SOCIAL;42;AUXILIOS;1;AUXILIOS;10;RECURSOS ORDINARIOS;250000,0;250000,0;250000,0
9342508;20;2022-06-30 00:00:00;PM CURVELO;17.695.024/0001-05;1481;SEDESE;SECRETARIA DE ESTADO DE DESENVOLVIMENTO SOCIAL;42;AUXILIOS;1;AUXILIOS;10;RECURSOS ORDINARIOS;250000,0;250000,0;250000,0
9342509;30;2022-06-30 00:00:00;PM TABULEIRO;17.744.798/0001-89;1481;SEDESE;SECRETARIA DE ESTADO DE DESENVOLVIMENTO SOCIAL;42;AUXILIOS;1;AUXILIOS;10;RECURSOS ORDINARIOS;250000,0;250000,0;250000,0
9342510;424;2022-06-30 00:00:00;PM PAVAO;18.404.772/0001-54;4491;FEC;FUNDO ESTADUAL DE CULTURA;41;CONTRIBUICOES;1;CONTRIBUICOES;59;OUTROS RECURSOS VINCULADOS;10989,0;10989,0;10989,0
9342511;429;2022-06-30 00:00:00;PM ANDRADAS;17.884.412/0001-34;4491;FEC;FUNDO ESTADUAL DE CULTURA;41;CONTRIBUICOES;1;CONTRIBUICOES;59;OUTROS RECURSOS VINCULADOS;10989,0;10989,0;10989,0
9342512;297;2022-06-30 00:00:00;PM MATEUS LEME;18.715.433/0001-99;1301;SEINFRA;SECRETARIA DE ESTADO DE INFRAESTRUTURA E MOBILIDADE;42;AUXILIOS;1;AUXILIOS;32;EXPLORACAO DE RECURSOS MINERAIS;1000000,0;1000000,0;1000000,0
9342513;430;2022-06-30 00:00:00;PM RIO MANSO;18.363.978/0001-83;4491;FEC;FUNDO ESTADUAL DE CULTURA;41;CONTRIBUICOES;1;CONTRIBUICOES;59;OUTROS RECURSOS VINCULADOS;10989,0;10989,0;10989,0
9342514;33;2022-06-30 00:00:00;PM ITUMIRIM;18.244.392/0001-08;1481;SEDESE;SECRETARIA DE ESTADO DE DESENVOLVIMENTO SOCIAL;42;AUXILIOS;1;AUXILIOS;10;RECURSOS ORDINARIOS;250000,0;250000,0;250000,0
9342515;426;2022-06-30 00:00:00;PM SAO GERALDO;18.137.935/0001-80;4491;FEC;FUNDO ESTADUAL DE CULTURA;41;CONTRIBUICOES;1;CONTRIBUICOES;59;OUTROS RECURSOS VINCULADOS;10989,0;10989,0;10989,0
9342516;9;2022-06-30 00:00:00;PM MARTINHO CAMPOS;18.315.234/0001-93;1481;SEDESE;SECRETARIA DE ESTADO DE DESENVOLVIMENTO SOCIAL;42;AUXILIOS;1;AUXILIOS;10;RECURSOS ORDINARIOS;280000,0;280000,0;280000,0
9342517;425;2022-06-30 00:00:00;PM GUARANESIA;17.900.473/0001-48;4491;FEC;FUNDO ESTADUAL DE CULTURA;41;CONTRIBUICOES;1;CONTRIBUICOES;59;OUTROS RECURSOS VINCULADOS;10989,0;10989,0;10989,0
9342518;341;2022-06-30 00:00:00;PM TAQUARACU DE MINAS;18.302.315/0001-59;1231;SEAPA;SECRETARIA DE ESTADO DE AGRICULTURA, PECUARIA E ABASTECIMENTO - SEAPA;41;CONTRIBUICOES;1;CONTRIBUICOES;10;RECURSOS ORDINARIOS;220000,0;220000,0;220000,0
9342518;342;2022-06-30 00:00:00;PM TAQUARACU DE MINAS;18.302.315/0001-59;1231;SEAPA;SECRETARIA DE ESTADO DE AGRICULTURA, PECUARIA E ABASTECIMENTO - SEAPA;41;CONTRIBUICOES;1;CONTRIBUICOES;10;RECURSOS ORDINARIOS;78613,33;78613,33;78613,33
9342519;427;2022-06-30 00:00:00;PM POMPEU;18.296.681/0001-42;4491;FEC;FUNDO ESTADUAL DE CULTURA;41;CONTRIBUICOES;1;CONTRIBUICOES;59;OUTROS RECURSOS VINCULADOS;10636,33;10636,33;10636,33
9342520;325;2022-06-30 00:00:00;PM COMENDADOR GOMES;18.449.173/0001-57;1231;SEAPA;SECRETARIA DE ESTADO DE AGRICULTURA, PECUARIA E ABASTECIMENTO - SEAPA;41;CONTRIBUICOES;1;CONTRIBUICOES;10;RECURSOS ORDINARIOS;220000,0;220000,0;220000,0
9342521;428;2022-06-30 00:00:00;PM INHAPIM;20.905.865/0001-04;4491;FEC;FUNDO ESTADUAL DE CULTURA;41;CONTRIBUICOES;1;CONTRIBUICOES;59;OUTROS RECURSOS VINCULADOS;10989,0;10989,0;10989,0
9342522;16;2022-06-30 00:00:00;PM MIRADOURO;17.947.623/0001-79;1481;SEDESE;SECRETARIA DE ESTADO DE DESENVOLVIMENTO SOCIAL;42;AUXILIOS;1;AUXILIOS;10;RECURSOS ORDINARIOS;250000,0;250000,0;250000,0
9342523;4028;2022-06-30 00:00:00;PM MIRADOURO;17.947.623/0001-79;1261;SEE;SECRETARIA DE ESTADO DE EDUCACAO;42;AUXILIOS;1;AUXILIOS;21;COTA ESTADUAL DO SALARIO EDUCACAO - QESE;572825,09;572825,09;572825,09
9342524;4017;2022-06-30 00:00:00;PM PRATAPOLIS;18.241.356/0001-82;1261;SEE;SECRETARIA DE ESTADO DE EDUCACAO;42;AUXILIOS;1;AUXILIOS;21;COTA ESTADUAL DO SALARIO EDUCACAO - QESE;600000,0;600000,0;600000,0
9342525;4021;2022-06-30 00:00:00;PM GUARACIAMA;01.612.549/0001-08;1261;SEE;SECRETARIA DE ESTADO DE EDUCACAO;42;AUXILIOS;1;AUXILIOS;21;COTA ESTADUAL DO SALARIO EDUCACAO - QESE;100000,0;100000,0;100000,0
9342526;323;2022-06-30 00:00:00;PM SERRA DA SAUDADE;18.301.069/0001-10;1231;SEAPA;SECRETARIA DE ESTADO DE AGRICULTURA, PECUARIA E ABASTECIMENTO - SEAPA;41;CONTRIBUICOES;1;CONTRIBUICOES;10;RECURSOS ORDINARIOS;220000,0;220000,0;220000,0
9342527;12;2022-06-30 00:00:00;PM ITURAMA;18.457.242/0001-74;1481;SEDESE;SECRETARIA DE ESTADO DE DESENVOLVIMENTO SOCIAL;42;AUXILIOS;1;AUXILIOS;10;RECURSOS ORDINARIOS;365412,03;365412,03;365412,03
9342528;296;2022-06-30 00:00:00;PM MARAVILHAS;18.313.841/0001-14;1301;SEINFRA;SECRETARIA DE ESTADO DE INFRAESTRUTURA E MOBILIDADE;42;AUXILIOS;1;AUXILIOS;32;EXPLORACAO DE RECURSOS MINERAIS;500000,0;500000,0;500000,0
9342529;328;2022-06-30 00:00:00;PM OLIVEIRA FORTES;17.747.957/0001-07;1231;SEAPA;SECRETARIA DE ESTADO DE AGRICULTURA, PECUARIA E ABASTECIMENTO - SEAPA;41;CONTRIBUICOES;1;CONTRIBUICOES;10;RECURSOS ORDINARIOS;250000,0;250000,0;250000,0
9342530;14;2022-06-30 00:00:00;PM MONTE CARMELO;18.593.103/0001-78;1481;SEDESE;SECRETARIA DE ESTADO DE DESENVOLVIMENTO SOCIAL;42;AUXILIOS;1;AUXILIOS;10;RECURSOS ORDINARIOS;300000,0;300000,0;300000,0
9342531;24;2022-06-30 00:00:00;PM JABOTICATUBAS;18.715.417/0001-04;1481;SEDESE;SECRETARIA DE ESTADO DE DESENVOLVIMENTO SOCIAL;42;AUXILIOS;1;AUXILIOS;71;RECURSOS DO FUNDO ESTADUAL DE ERRADICACAO DA MISERIA;150000,0;150000,0;150000,0
9342532;309;2022-06-30 00:00:00;PM CORONEL PACHECO;18.338.152/0001-64;1231;SEAPA;SECRETARIA DE ESTADO DE AGRICULTURA, PECUARIA E ABASTECIMENTO - SEAPA;41;CONTRIBUICOES;1;CONTRIBUICOES;10;RECURSOS ORDINARIOS;220000,0;220000,0;220000,0
9342532;310;2022-06-30 00:00:00;PM CORONEL PACHECO;18.338.152/0001-64;1231;SEAPA;SECRETARIA DE ESTADO DE AGRICULTURA, PECUARIA E ABASTECIMENTO - SEAPA;41;CONTRIBUICOES;1;CONTRIBUICOES;10;RECURSOS ORDINARIOS;78616,33;78616,33;78616,33
9342533;324;2022-06-30 00:00:00;PM CORREGO NOVO;18.334.284/0001-18;1231;SEAPA;SECRETARIA DE ESTADO DE AGRICULTURA, PECUARIA E ABASTECIMENTO - SEAPA;41;CONTRIBUICOES;1;CONTRIBUICOES;48;ALIENACAO DE BENS DO TESOURO ESTADUAL;450000,0;450000,0;450000,0
9342534;31;2022-06-30 00:00:00;PM CACHOEIRA DO PAJEU;18.414.599/0001-75;1481;SEDESE;SECRETARIA DE ESTADO DE DESENVOLVIMENTO SOCIAL;42;AUXILIOS;1;AUXILIOS;10;RECURSOS ORDINARIOS;250000,0;250000,0;250000,0
9342535;34;2022-06-30 00:00:00;PM ANGELANDIA;01.113.937/0001-36;1481;SEDESE;SECRETARIA DE ESTADO DE DESENVOLVIMENTO SOCIAL;42;AUXILIOS;1;AUXILIOS;10;RECURSOS ORDINARIOS;400000,0;400000,0;400000,0
9342536;311;2022-06-30 00:00:00;PM DELTA;01.020.881/0001-75;1231;SEAPA;SECRETARIA DE ESTADO DE AGRICULTURA, PECUARIA E ABASTECIMENTO - SEAPA;41;CONTRIBUICOES;1;CONTRIBUICOES;10;RECURSOS ORDINARIOS;220000,0;220000,0;220000,0
9342536;313;2022-06-30 00:00:00;PM DELTA;01.020.881/0001-75;1231;SEAPA;SECRETARIA DE ESTADO DE AGRICULTURA, PECUARIA E ABASTECIMENTO - SEAPA;41;CONTRIBUICOES;1;CONTRIBUICOES;10;RECURSOS ORDINARIOS;78616,33;78616,33;78616,33
9342537;336;2022-06-30 00:00:00;PM BIAS FORTES;18.094.771/0001-50;1231;SEAPA;SECRETARIA DE ESTADO DE AGRICULTURA, PECUARIA E ABASTECIMENTO - SEAPA;41;CONTRIBUICOES;1;CONTRIBUICOES;10;RECURSOS ORDINARIOS;220000,0;220000,0;220000,0
9342537;337;2022-06-30 00:00:00;PM BIAS FORTES;18.094.771/0001-50;1231;SEAPA;SECRETARIA DE ESTADO DE AGRICULTURA, PECUARIA E ABASTECIMENTO - SEAPA;41;CONTRIBUICOES;1;CONTRIBUICOES;48;ALIENACAO DE BENS DO TESOURO ESTADUAL;78613,33;78613,33;78613,33
9342538;4032;2022-06-30 00:00:00;PM NOVA RESENDE;18.187.823/0001-33;1261;SEE;SECRETARIA DE ESTADO DE EDUCACAO;42;AUXILIOS;1;AUXILIOS;21;COTA ESTADUAL DO SALARIO EDUCACAO - QESE;4241800,0;4241800,0;4241800,0
9342539;4034;2022-06-30 00:00:00;PM LEOPOLDINA;17.733.643/0001-47;1261;SEE;SECRETARIA DE ESTADO DE EDUCACAO;42;AUXILIOS;1;AUXILIOS;21;COTA ESTADUAL DO SALARIO EDUCACAO - QESE;300000,0;300000,0;300000,0
9342540;4025;2022-06-30 00:00:00;PM ESTIVA;18.675.918/0001-04;1261;SEE;SECRETARIA DE ESTADO DE EDUCACAO;42;AUXILIOS;1;AUXILIOS;21;COTA ESTADUAL DO SALARIO EDUCACAO - QESE;479200,0;479200,0;479200,0
9342542;314;2022-06-30 00:00:00;PM RIO NOVO;18.338.244/0001-44;1231;SEAPA;SECRETARIA DE ESTADO DE AGRICULTURA, PECUARIA E ABASTECIMENTO - SEAPA;41;CONTRIBUICOES;1;CONTRIBUICOES;10;RECURSOS ORDINARIOS;460000,0;460000,0;460000,0
9342543;326;2022-06-30 00:00:00;PM ITANHANDU;18.186.718/0001-80;1231;SEAPA;SECRETARIA DE ESTADO DE AGRICULTURA, PECUARIA E ABASTECIMENTO - SEAPA;41;CONTRIBUICOES;1;CONTRIBUICOES;10;RECURSOS ORDINARIOS;78613,33;78613,33;78613,33
9342543;327;2022-06-30 00:00:00;PM ITANHANDU;18.186.718/0001-80;1231;SEAPA;SECRETARIA DE ESTADO DE AGRICULTURA, PECUARIA E ABASTECIMENTO - SEAPA;41;CONTRIBUICOES;1;CONTRIBUICOES;10;RECURSOS ORDINARIOS;0,0;0,0;0,0
9342543;333;2022-06-30 00:00:00;PM ITANHANDU;18.186.718/0001-80;1231;SEAPA;SECRETARIA DE ESTADO DE AGRICULTURA, PECUARIA E ABASTECIMENTO - SEAPA;41;CONTRIBUICOES;1;CONTRIBUICOES;10;RECURSOS ORDINARIOS;220000,0;220000,0;220000,0
9342544;334;2022-06-30 00:00:00;PM PEDRINOPOLIS;18.140.335/0001-70;1231;SEAPA;SECRETARIA DE ESTADO DE AGRICULTURA, PECUARIA E ABASTECIMENTO - SEAPA;41;CONTRIBUICOES;1;CONTRIBUICOES;10;RECURSOS ORDINARIOS;0,0;0,0;0,0
9342544;335;2022-06-30 00:00:00;PM PEDRINOPOLIS;18.140.335/0001-70;1231;SEAPA;SECRETARIA DE ESTADO DE AGRICULTURA, PECUARIA E ABASTECIMENTO - SEAPA;41;CONTRIBUICOES;1;CONTRIBUICOES;10;RECURSOS ORDINARIOS;78616,33;78616,33;78616,33
9342544;340;2022-06-30 00:00:00;PM PEDRINOPOLIS;18.140.335/0001-70;1231;SEAPA;SECRETARIA DE ESTADO DE AGRICULTURA, PECUARIA E ABASTECIMENTO - SEAPA;41;CONTRIBUICOES;1;CONTRIBUICOES;10;RECURSOS ORDINARIOS;220000,0;220000,0;220000,0
9342545;316;2022-06-30 00:00:00;PM JACINTO;18.349.910/0001-40;1231;SEAPA;SECRETARIA DE ESTADO DE AGRICULTURA, PECUARIA E ABASTECIMENTO - SEAPA;41;CONTRIBUICOES;1;CONTRIBUICOES;10;RECURSOS ORDINARIOS;220000,0;220000,0;220000,0
9342545;320;2022-06-30 00:00:00;PM JACINTO;18.349.910/0001-40;1231;SEAPA;SECRETARIA DE ESTADO DE AGRICULTURA, PECUARIA E ABASTECIMENTO - SEAPA;41;CONTRIBUICOES;1;CONTRIBUICOES;10;RECURSOS ORDINARIOS;78613,33;78613,33;78613,33
9342546;4026;2022-06-30 00:00:00;PM PAULA CANDIDO;17.763.715/0001-07;1261;SEE;SECRETARIA DE ESTADO DE EDUCACAO;42;AUXILIOS;1;AUXILIOS;21;COTA ESTADUAL DO SALARIO EDUCACAO - QESE;100000,0;100000,0;100000,0
9342547;4027;2022-06-30 00:00:00;PM MONTEZUMA;25.223.983/0001-56;1261;SEE;SECRETARIA DE ESTADO DE EDUCACAO;42;AUXILIOS;1;AUXILIOS;21;COTA ESTADUAL DO SALARIO EDUCACAO - QESE;200000,0;200000,0;200000,0
9342548;4038;2022-06-30 00:00:00;PM GUAPE;18.239.616/0001-85;1261;SEE;SECRETARIA DE ESTADO DE EDUCACAO;42;AUXILIOS;1;AUXILIOS;21;COTA ESTADUAL DO SALARIO EDUCACAO - QESE;300000,0;300000,0;300000,0
9342549;292;2022-06-30 00:00:00;PM AIMORES;18.348.094/0001-50;1301;SEINFRA;SECRETARIA DE ESTADO DE INFRAESTRUTURA E MOBILIDADE;42;AUXILIOS;1;AUXILIOS;32;EXPLORACAO DE RECURSOS MINERAIS;600000,0;600000,0;600000,0
9342550;338;2022-06-30 00:00:00;PM PIEDADE DO RIO GRANDE;18.685.438/0001-16;1231;SEAPA;SECRETARIA DE ESTADO DE AGRICULTURA, PECUARIA E ABASTECIMENTO - SEAPA;41;CONTRIBUICOES;1;CONTRIBUICOES;10;RECURSOS ORDINARIOS;220000,0;220000,0;220000,0
9342550;339;2022-06-30 00:00:00;PM PIEDADE DO RIO GRANDE;18.685.438/0001-16;1231;SEAPA;SECRETARIA DE ESTADO DE AGRICULTURA, PECUARIA E ABASTECIMENTO - SEAPA;41;CONTRIBUICOES;1;CONTRIBUICOES;10;RECURSOS ORDINARIOS;78613,33;78613,33;78613,33
9342552;346;2022-06-30 00:00:00;PM MORRO DA GARCA;17.695.040/0001-06;1231;SEAPA;SECRETARIA DE ESTADO DE AGRICULTURA, PECUARIA E ABASTECIMENTO - SEAPA;41;CONTRIBUICOES;1;CONTRIBUICOES;10;RECURSOS ORDINARIOS;220000,0;220000,0;220000,0
9342552;347;2022-06-30 00:00:00;PM MORRO DA GARCA;17.695.040/0001-06;1231;SEAPA;SECRETARIA DE ESTADO DE AGRICULTURA, PECUARIA E ABASTECIMENTO - SEAPA;41;CONTRIBUICOES;1;CONTRIBUICOES;10;RECURSOS ORDINARIOS;78613,33;78613,33;78613,33
9342553;5764;2022-06-30 00:00:00;PM CATUGI;26.218.636/0001-06;1491;SEGOV;SECRETARIA DE ESTADO DE GOVERNO;42;AUXILIOS;1;AUXILIOS;10;RECURSOS ORDINARIOS;311303,32;311303,32;311303,32
9342554;344;2022-06-30 00:00:00;PM MONTEZUMA;25.223.983/0001-56;1231;SEAPA;SECRETARIA DE ESTADO DE AGRICULTURA, PECUARIA E ABASTECIMENTO - SEAPA;41;CONTRIBUICOES;1;CONTRIBUICOES;10;RECURSOS ORDINARIOS;220000,0;220000,0;220000,0
9342554;345;2022-06-30 00:00:00;PM MONTEZUMA;25.223.983/0001-56;1231;SEAPA;SECRETARIA DE ESTADO DE AGRICULTURA, PECUARIA E ABASTECIMENTO - SEAPA;41;CONTRIBUICOES;1;CONTRIBUICOES;10;RECURSOS ORDINARIOS;78613,33;78613,33;78613,33
9342555;329;2022-06-30 00:00:00;PM BUGRE;01.613.126/0001-02;1231;SEAPA;SECRETARIA DE ESTADO DE AGRICULTURA, PECUARIA E ABASTECIMENTO - SEAPA;41;CONTRIBUICOES;1;CONTRIBUICOES;10;RECURSOS ORDINARIOS;220000,0;220000,0;220000,0
9342555;330;2022-06-30 00:00:00;PM BUGRE;01.613.126/0001-02;1231;SEAPA;SECRETARIA DE ESTADO DE AGRICULTURA, PECUARIA E ABASTECIMENTO - SEAPA;41;CONTRIBUICOES;1;CONTRIBUICOES;48;ALIENACAO DE BENS DO TESOURO ESTADUAL;78613,33;78613,33;78613,33
9342556;5758;2022-06-30 00:00:00;PM CAJURI;18.132.456/0001-70;1491;SEGOV;SECRETARIA DE ESTADO DE GOVERNO;42;AUXILIOS;1;AUXILIOS;10;RECURSOS ORDINARIOS;200000,0;200000,0;200000,0
9342558;293;2022-06-30 00:00:00;PM INDIANOPOLIS;18.259.390/0001-84;1301;SEINFRA;SECRETARIA DE ESTADO DE INFRAESTRUTURA E MOBILIDADE;42;AUXILIOS;1;AUXILIOS;10;RECURSOS ORDINARIOS;200000,0;200000,0;200000,0
9342559;318;2022-06-30 00:00:00;PM SANTA JULIANA;18.140.780/0001-30;1231;SEAPA;SECRETARIA DE ESTADO DE AGRICULTURA, PECUARIA E ABASTECIMENTO - SEAPA;41;CONTRIBUICOES;1;CONTRIBUICOES;10;RECURSOS ORDINARIOS;220000,0;220000,0;220000,0
9342559;321;2022-06-30 00:00:00;PM SANTA JULIANA;18.140.780/0001-30;1231;SEAPA;SECRETARIA DE ESTADO DE AGRICULTURA, PECUARIA E ABASTECIMENTO - SEAPA;41;CONTRIBUICOES;1;CONTRIBUICOES;10;RECURSOS ORDINARIOS;378613,33;378613,33;378613,33
9342560;312;2022-06-30 00:00:00;PM CLAUDIO;18.308.775/0001-94;1231;SEAPA;SECRETARIA DE ESTADO DE AGRICULTURA, PECUARIA E ABASTECIMENTO - SEAPA;41;CONTRIBUICOES;1;CONTRIBUICOES;10;RECURSOS ORDINARIOS;220000,0;220000,0;220000,0
9342560;315;2022-06-30 00:00:00;PM CLAUDIO;18.308.775/0001-94;1231;SEAPA;SECRETARIA DE ESTADO DE AGRICULTURA, PECUARIA E ABASTECIMENTO - SEAPA;41;CONTRIBUICOES;1;CONTRIBUICOES;10;RECURSOS ORDINARIOS;78613,33;78613,33;78613,33
9342563;828;2022-12-22 00:00:00;PM OLIVEIRA;16.854.531/0001-81;1371;SEMAD;SECRETARIA DE ESTADO DE MEIO AMBIENTE E DESENVOLVIMENTO SUSTENTAVEL;41;CONTRIBUICOES;1;CONTRIBUICOES;31;UTILIZACAO DE RECURSOS HIDRICOS;600000,0;600000,0;600000,0
9342564;4037;2022-06-30 00:00:00;PM SAO DOMINGOS DO PRATA;18.401.018/0001-60;1261;SEE;SECRETARIA DE ESTADO DE EDUCACAO;42;AUXILIOS;1;AUXILIOS;21;COTA ESTADUAL DO SALARIO EDUCACAO - QESE;3181600,0;3181600,0;3181600,0
9342565;4039;2022-06-30 00:00:00;PM MONTE SANTO DE MINAS;18.241.372/0001-75;1261;SEE;SECRETARIA DE ESTADO DE EDUCACAO;42;AUXILIOS;1;AUXILIOS;21;COTA ESTADUAL DO SALARIO EDUCACAO - QESE;0,0;0,0;0,0
9342565;4497;2022-11-29 00:00:00;PM MONTE SANTO DE MINAS;18.241.372/0001-75;1261;SEE;SECRETARIA DE ESTADO DE EDUCACAO;42;AUXILIOS;1;AUXILIOS;13;FUNDO DE MANUTENCAO E DESENVOLVIMENTO DA EDUCACAO BASICA - FUNDEB - REGULARIZACAO DE EXERCICIOS ANTE;99545,0;99545,0;99545,0
9342566;4047;2022-06-30 00:00:00;PM RIO MANSO;18.363.978/0001-83;1261;SEE;SECRETARIA DE ESTADO DE EDUCACAO;42;AUXILIOS;1;AUXILIOS;21;COTA ESTADUAL DO SALARIO EDUCACAO - QESE;100000,0;100000,0;100000,0
9342567;4049;2022-06-30 00:00:00;PM SILVIANOPOLIS;18.675.942/0001-35;1261;SEE;SECRETARIA DE ESTADO DE EDUCACAO;42;AUXILIOS;1;AUXILIOS;21;COTA ESTADUAL DO SALARIO EDUCACAO - QESE;0,0;0,0;0,0
9342567;4492;2022-11-29 00:00:00;PM SILVIANOPOLIS;18.675.942/0001-35;1261;SEE;SECRETARIA DE ESTADO DE EDUCACAO;42;AUXILIOS;1;AUXILIOS;13;FUNDO DE MANUTENCAO E DESENVOLVIMENTO DA EDUCACAO BASICA - FUNDEB - REGULARIZACAO DE EXERCICIOS ANTE;200000,0;200000,0;200000,0
9342568;4052;2022-06-30 00:00:00;PM IBIRITE;18.715.490/0001-78;1261;SEE;SECRETARIA DE ESTADO DE EDUCACAO;42;AUXILIOS;1;AUXILIOS;21;COTA ESTADUAL DO SALARIO EDUCACAO - QESE;199989,83;199989,83;199989,83
9342569;4054;2022-06-30 00:00:00;PM SAO DOMINGOS DO PRATA;18.401.018/0001-60;1261;SEE;SECRETARIA DE ESTADO DE EDUCACAO;42;AUXILIOS;1;AUXILIOS;21;COTA ESTADUAL DO SALARIO EDUCACAO - QESE;100000,0;100000,0;100000,0
9342570;302;2022-06-30 00:00:00;PM TRES CORACOES;17.955.535/0001-19;1301;SEINFRA;SECRETARIA DE ESTADO DE INFRAESTRUTURA E MOBILIDADE;42;AUXILIOS;1;AUXILIOS;32;EXPLORACAO DE RECURSOS MINERAIS;250000,0;250000,0;250000,0
9342571;4055;2022-06-30 00:00:00;PM ALPINOPOLIS;18.241.752/0001-00;1261;SEE;SECRETARIA DE ESTADO DE EDUCACAO;42;AUXILIOS;1;AUXILIOS;21;COTA ESTADUAL DO SALARIO EDUCACAO - QESE;200000,0;200000,0;200000,0
9342572;4051;2022-06-30 00:00:00;PM ITABIRINHA;17.125.444/0001-56;1261;SEE;SECRETARIA DE ESTADO DE EDUCACAO;42;AUXILIOS;1;AUXILIOS;21;COTA ESTADUAL DO SALARIO EDUCACAO - QESE;100000,0;100000,0;100000,0
9342573;4048;2022-06-30 00:00:00;PM RIO ESPERA;24.179.665/0001-72;1261;SEE;SECRETARIA DE ESTADO DE EDUCACAO;42;AUXILIOS;1;AUXILIOS;21;COTA ESTADUAL DO SALARIO EDUCACAO - QESE;2459300,0;2459300,0;2459300,0
9342574;4043;2022-06-30 00:00:00;PM JANUARIA;21.461.546/0001-10;1261;SEE;SECRETARIA DE ESTADO DE EDUCACAO;42;AUXILIOS;1;AUXILIOS;21;COTA ESTADUAL DO SALARIO EDUCACAO - QESE;566933,87;566933,87;566933,87
9342579;301;2022-06-30 00:00:00;PM TIROS;18.602.094/0001-34;1301;SEINFRA;SECRETARIA DE ESTADO DE INFRAESTRUTURA E MOBILIDADE;42;AUXILIOS;1;AUXILIOS;32;EXPLORACAO DE RECURSOS MINERAIS;2000000,0;2000000,0;2000000,0
9342582;303;2022-06-30 00:00:00;PM ARAXA;18.140.756/0001-00;1301;SEINFRA;SECRETARIA DE ESTADO DE INFRAESTRUTURA E MOBILIDADE;42;AUXILIOS;1;AUXILIOS;32;EXPLORACAO DE RECURSOS MINERAIS;1000000,0;1000000,0;1000000,0
9342584;299;2022-06-30 00:00:00;PM RIO PARANAIBA;18.602.045/0001-00;1301;SEINFRA;SECRETARIA DE ESTADO DE INFRAESTRUTURA E MOBILIDADE;42;AUXILIOS;1;AUXILIOS;10;RECURSOS ORDINARIOS;500000,0;500000,0;500000,0
9342586;295;2022-06-30 00:00:00;PM BUGRE;01.613.126/0001-02;1301;SEINFRA;SECRETARIA DE ESTADO DE INFRAESTRUTURA E MOBILIDADE;42;AUXILIOS;1;AUXILIOS;10;RECURSOS ORDINARIOS;250000,0;250000,0;250000,0
9342587;4031;2022-06-30 00:00:00;PM CAMPANHA;18.712.174/0001-42;1261;SEE;SECRETARIA DE ESTADO DE EDUCACAO;42;AUXILIOS;1;AUXILIOS;21;COTA ESTADUAL DO SALARIO EDUCACAO - QESE;200000,0;200000,0;200000,0
9342588;4033;2022-06-30 00:00:00;PM MANHUACU;18.385.088/0001-72;1261;SEE;SECRETARIA DE ESTADO DE EDUCACAO;42;AUXILIOS;1;AUXILIOS;21;COTA ESTADUAL DO SALARIO EDUCACAO - QESE;3996500,0;3996500,0;3996500,0
9342589;4035;2022-06-30 00:00:00;PM PATOS DE MINAS;18.602.011/0001-07;1261;SEE;SECRETARIA DE ESTADO DE EDUCACAO;42;AUXILIOS;1;AUXILIOS;21;COTA ESTADUAL DO SALARIO EDUCACAO - QESE;100000,0;100000,0;100000,0
9342590;4036;2022-06-30 00:00:00;PM PATOS DE MINAS;18.602.011/0001-07;1261;SEE;SECRETARIA DE ESTADO DE EDUCACAO;42;AUXILIOS;1;AUXILIOS;21;COTA ESTADUAL DO SALARIO EDUCACAO - QESE;49986,22;49986,22;49986,22
9342591;4040;2022-06-30 00:00:00;PM MATHIAS LOBATO;18.332.619/0001-69;1261;SEE;SECRETARIA DE ESTADO DE EDUCACAO;42;AUXILIOS;1;AUXILIOS;21;COTA ESTADUAL DO SALARIO EDUCACAO - QESE;1479000,0;1479000,0;1479000,0
9342592;4042;2022-06-30 00:00:00;PM MONTE FORMOSO;01.615.007/0001-80;1261;SEE;SECRETARIA DE ESTADO DE EDUCACAO;42;AUXILIOS;1;AUXILIOS;21;COTA ESTADUAL DO SALARIO EDUCACAO - QESE;265000,0;265000,0;265000,0
9342593;4044;2022-06-30 00:00:00;PM ALPINOPOLIS;18.241.752/0001-00;1261;SEE;SECRETARIA DE ESTADO DE EDUCACAO;42;AUXILIOS;1;AUXILIOS;21;COTA ESTADUAL DO SALARIO EDUCACAO - QESE;2475700,0;2475700,0;2475700,0
9342594;4045;2022-06-30 00:00:00;PM BUENOPOLIS;17.694.852/0001-29;1261;SEE;SECRETARIA DE ESTADO DE EDUCACAO;42;AUXILIOS;1;AUXILIOS;21;COTA ESTADUAL DO SALARIO EDUCACAO - QESE;3925800,0;3925800,0;3925800,0
9342595;4046;2022-06-30 00:00:00;PM PADRE CARVALHO;01.612.490/0001-40;1261;SEE;SECRETARIA DE ESTADO DE EDUCACAO;42;AUXILIOS;1;AUXILIOS;21;COTA ESTADUAL DO SALARIO EDUCACAO - QESE;3963400,0;3963400,0;3963400,0
9342596;4050;2022-06-30 00:00:00;PM ENGENHEIRO CALDAS;18.080.655/0001-82;1261;SEE;SECRETARIA DE ESTADO DE EDUCACAO;42;AUXILIOS;1;AUXILIOS;21;COTA ESTADUAL DO SALARIO EDUCACAO - QESE;572825,09;572825,09;572825,09
9342597;4053;2022-06-30 00:00:00;PM IBIRITE;18.715.490/0001-78;1261;SEE;SECRETARIA DE ESTADO DE EDUCACAO;42;AUXILIOS;1;AUXILIOS;21;COTA ESTADUAL DO SALARIO EDUCACAO - QESE;1655500,0;1655500,0;1655500,0
9342598;4068;2022-06-30 00:00:00;PM SERRA DO SALITRE;18.468.058/0001-20;1261;SEE;SECRETARIA DE ESTADO DE EDUCACAO;42;AUXILIOS;1;AUXILIOS;21;COTA ESTADUAL DO SALARIO EDUCACAO - QESE;2084348,96;2084348,96;2084348,96
9342599;5761;2022-06-30 00:00:00;PM CONCEICAO DAS ALAGOAS;18.428.854/0001-39;1491;SEGOV;SECRETARIA DE ESTADO DE GOVERNO;42;AUXILIOS;1;AUXILIOS;10;RECURSOS ORDINARIOS;350000,0;350000,0;350000,0
9342600;431;2022-06-30 00:00:00;PM PRESIDENTE BERNARDES;23.515.695/0001-40;4491;FEC;FUNDO ESTADUAL DE CULTURA;41;CONTRIBUICOES;1;CONTRIBUICOES;59;OUTROS RECURSOS VINCULADOS;10989,0;10989,0;10989,0
9342601;35;2022-06-30 00:00:00;PM RIO DO PRADO;18.349.936/0001-98;1481;SEDESE;SECRETARIA DE ESTADO DE DESENVOLVIMENTO SOCIAL;42;AUXILIOS;1;AUXILIOS;10;RECURSOS ORDINARIOS;250000,0;250000,0;250000,0
9342602;354;2022-06-30 00:00:00;PM JEQUITAI;18.279.083/0001-65;1231;SEAPA;SECRETARIA DE ESTADO DE AGRICULTURA, PECUARIA E ABASTECIMENTO - SEAPA;41;CONTRIBUICOES;1;CONTRIBUICOES;10;RECURSOS ORDINARIOS;220000,0;220000,0;220000,0
9342602;355;2022-06-30 00:00:00;PM JEQUITAI;18.279.083/0001-65;1231;SEAPA;SECRETARIA DE ESTADO DE AGRICULTURA, PECUARIA E ABASTECIMENTO - SEAPA;41;CONTRIBUICOES;1;CONTRIBUICOES;10;RECURSOS ORDINARIOS;678613,33;678613,33;678613,33
9342603;4056;2022-06-30 00:00:00;PM FRANCISCO SA;22.681.423/0001-57;1261;SEE;SECRETARIA DE ESTADO DE EDUCACAO;42;AUXILIOS;1;AUXILIOS;21;COTA ESTADUAL DO SALARIO EDUCACAO - QESE;99571,92;99571,92;99571,92
9342604;36;2022-06-30 00:00:00;PM BARRA LONGA;18.316.182/0001-70;1481;SEDESE;SECRETARIA DE ESTADO DE DESENVOLVIMENTO SOCIAL;42;AUXILIOS;1;AUXILIOS;71;RECURSOS DO FUNDO ESTADUAL DE ERRADICACAO DA MISERIA;150000,0;150000,0;150000,0
9342605;4057;2022-06-30 00:00:00;PM ARCEBURGO;17.899.717/0001-10;1261;SEE;SECRETARIA DE ESTADO DE EDUCACAO;42;AUXILIOS;1;AUXILIOS;21;COTA ESTADUAL DO SALARIO EDUCACAO - QESE;99973,14;99973,14;99973,14
9342606;5766;2022-06-30 00:00:00;PM SAO SEBASTIAO DO RIO VERDE;17.906.314/0001-50;1491;SEGOV;SECRETARIA DE ESTADO DE GOVERNO;42;AUXILIOS;1;AUXILIOS;10;RECURSOS ORDINARIOS;274951,67;274951,67;274951,67
9342607;38;2022-06-30 00:00:00;PM IRAI DE MINAS;18.158.642/0001-89;1481;SEDESE;SECRETARIA DE ESTADO DE DESENVOLVIMENTO SOCIAL;42;AUXILIOS;1;AUXILIOS;71;RECURSOS DO FUNDO ESTADUAL DE ERRADICACAO DA MISERIA;150000,0;150000,0;150000,0
9342608;4058;2022-06-30 00:00:00;PM RAPOSOS;18.312.132/0001-14;1261;SEE;SECRETARIA DE ESTADO DE EDUCACAO;42;AUXILIOS;1;AUXILIOS;21;COTA ESTADUAL DO SALARIO EDUCACAO - QESE;190700,0;190700,0;190700,0
9342609;37;2022-06-30 00:00:00;PM JEQUITAI;18.279.083/0001-65;1481;SEDESE;SECRETARIA DE ESTADO DE DESENVOLVIMENTO SOCIAL;42;AUXILIOS;1;AUXILIOS;71;RECURSOS DO FUNDO ESTADUAL DE ERRADICACAO DA MISERIA;77827,2;77827,2;77827,2
9342610;356;2022-06-30 00:00:00;PM TURMALINA;25.324.187/0001-00;1231;SEAPA;SECRETARIA DE ESTADO DE AGRICULTURA, PECUARIA E ABASTECIMENTO - SEAPA;41;CONTRIBUICOES;1;CONTRIBUICOES;10;RECURSOS ORDINARIOS;220000,0;220000,0;220000,0
9342610;357;2022-06-30 00:00:00;PM TURMALINA;25.324.187/0001-00;1231;SEAPA;SECRETARIA DE ESTADO DE AGRICULTURA, PECUARIA E ABASTECIMENTO - SEAPA;41;CONTRIBUICOES;1;CONTRIBUICOES;10;RECURSOS ORDINARIOS;78613,33;78613,33;78613,33
9342611;5770;2022-06-30 00:00:00;PM DELFINOPOLIS;17.894.064/0001-86;1491;SEGOV;SECRETARIA DE ESTADO DE GOVERNO;42;AUXILIOS;1;AUXILIOS;10;RECURSOS ORDINARIOS;273569,33;0,0;0,0
9342612;359;2022-06-30 00:00:00;PM COIMBRA;18.132.464/0001-17;1231;SEAPA;SECRETARIA DE ESTADO DE AGRICULTURA, PECUARIA E ABASTECIMENTO - SEAPA;41;CONTRIBUICOES;1;CONTRIBUICOES;10;RECURSOS ORDINARIOS;220000,0;220000,0;220000,0
9342612;361;2022-06-30 00:00:00;PM COIMBRA;18.132.464/0001-17;1231;SEAPA;SECRETARIA DE ESTADO DE AGRICULTURA, PECUARIA E ABASTECIMENTO - SEAPA;41;CONTRIBUICOES;1;CONTRIBUICOES;48;ALIENACAO DE BENS DO TESOURO ESTADUAL;78613,33;78613,33;78613,33
9342613;4060;2022-06-30 00:00:00;PM SANTO ANTONIO DO RETIRO;01.612.484/0001-92;1261;SEE;SECRETARIA DE ESTADO DE EDUCACAO;42;AUXILIOS;1;AUXILIOS;21;COTA ESTADUAL DO SALARIO EDUCACAO - QESE;199930,76;199930,76;199930,76
9342614;5787;2022-07-01 00:00:00;PM MATEUS LEME;18.715.433/0001-99;1491;SEGOV;SECRETARIA DE ESTADO DE GOVERNO;42;AUXILIOS;1;AUXILIOS;10;RECURSOS ORDINARIOS;224080,0;224080,0;224080,0
9342616;5763;2022-06-30 00:00:00;PM GUANHAES;18.307.439/0001-27;1491;SEGOV;SECRETARIA DE ESTADO DE GOVERNO;42;AUXILIOS;1;AUXILIOS;10;RECURSOS ORDINARIOS;569173,19;569173,19;569173,19
9342617;4086;2022-07-01 00:00:00;PM ESTRELA DALVA;17.710.096/0001-84;1261;SEE;SECRETARIA DE ESTADO DE EDUCACAO;42;AUXILIOS;1;AUXILIOS;21;COTA ESTADUAL DO SALARIO EDUCACAO - QESE;265000,0;265000,0;265000,0
9342618;5765;2022-06-30 00:00:00;PM CAJURI;18.132.456/0001-70;1491;SEGOV;SECRETARIA DE ESTADO DE GOVERNO;42;AUXILIOS;1;AUXILIOS;10;RECURSOS ORDINARIOS;274951,66;274951,66;274951,66
9342619;4131;2022-07-01 00:00:00;PM SAO GONCALO DO PARA;18.291.369/0001-66;1261;SEE;SECRETARIA DE ESTADO DE EDUCACAO;42;AUXILIOS;1;AUXILIOS;21;COTA ESTADUAL DO SALARIO EDUCACAO - QESE;265000,0;265000,0;265000,0
9342621;4112;2022-07-01 00:00:00;PM SANTA VITORIA;18.457.226/0001-81;1261;SEE;SECRETARIA DE ESTADO DE EDUCACAO;42;AUXILIOS;1;AUXILIOS;21;COTA ESTADUAL DO SALARIO EDUCACAO - QESE;100000,0;100000,0;100000,0
9342622;5768;2022-06-30 00:00:00;PM DIOGO DE VASCONCELOS;18.295.311/0001-90;1491;SEGOV;SECRETARIA DE ESTADO DE GOVERNO;42;AUXILIOS;1;AUXILIOS;10;RECURSOS ORDINARIOS;192054,0;192054,0;192054,0
9342623;4102;2022-07-01 00:00:00;PM SAO JOAO DO PACUI;01.612.474/0001-57;1261;SEE;SECRETARIA DE ESTADO DE EDUCACAO;42;AUXILIOS;1;AUXILIOS;21;COTA ESTADUAL DO SALARIO EDUCACAO - QESE;200000,0;200000,0;200000,0
9342625;362;2022-06-30 00:00:00;PM SENHORA DOS REMEDIOS;18.094.870/0001-32;1231;SEAPA;SECRETARIA DE ESTADO DE AGRICULTURA, PECUARIA E ABASTECIMENTO - SEAPA;41;CONTRIBUICOES;1;CONTRIBUICOES;10;RECURSOS ORDINARIOS;457226,66;457226,66;457226,66
9342625;364;2022-06-30 00:00:00;PM SENHORA DOS REMEDIOS;18.094.870/0001-32;1231;SEAPA;SECRETARIA DE ESTADO DE AGRICULTURA, PECUARIA E ABASTECIMENTO - SEAPA;41;CONTRIBUICOES;1;CONTRIBUICOES;10;RECURSOS ORDINARIOS;220000,0;220000,0;220000,0
9342625;365;2022-06-30 00:00:00;PM SENHORA DOS REMEDIOS;18.094.870/0001-32;1231;SEAPA;SECRETARIA DE ESTADO DE AGRICULTURA, PECUARIA E ABASTECIMENTO - SEAPA;41;CONTRIBUICOES;1;CONTRIBUICOES;10;RECURSOS ORDINARIOS;450000,0;450000,0;450000,0
9342626;4124;2022-07-01 00:00:00;PM ARINOS;18.125.120/0001-80;1261;SEE;SECRETARIA DE ESTADO DE EDUCACAO;42;AUXILIOS;1;AUXILIOS;21;COTA ESTADUAL DO SALARIO EDUCACAO - QESE;1348716,67;1348716,67;1348716,67
9342627;358;2022-06-30 00:00:00;PM ITAMBE DO MATO DENTRO;18.299.537/0001-60;1231;SEAPA;SECRETARIA DE ESTADO DE AGRICULTURA, PECUARIA E ABASTECIMENTO - SEAPA;41;CONTRIBUICOES;1;CONTRIBUICOES;10;RECURSOS ORDINARIOS;220000,0;220000,0;220000,0
9342627;360;2022-06-30 00:00:00;PM ITAMBE DO MATO DENTRO;18.299.537/0001-60;1231;SEAPA;SECRETARIA DE ESTADO DE AGRICULTURA, PECUARIA E ABASTECIMENTO - SEAPA;41;CONTRIBUICOES;1;CONTRIBUICOES;10;RECURSOS ORDINARIOS;78613,33;78613,33;78613,33
9342628;5759;2022-06-30 00:00:00;PM JANUARIA;21.461.546/0001-10;1491;SEGOV;SECRETARIA DE ESTADO DE GOVERNO;42;AUXILIOS;1;AUXILIOS;10;RECURSOS ORDINARIOS;273570,0;273570,0;273570,0
9342629;4127;2022-07-01 00:00:00;PM CAMPO DO MEIO;18.239.582/0001-29;1261;SEE;SECRETARIA DE ESTADO DE EDUCACAO;42;AUXILIOS;1;AUXILIOS;21;COTA ESTADUAL DO SALARIO EDUCACAO - QESE;675600,0;675600,0;675600,0
9342630;305;2022-06-30 00:00:00;PM CAETE;18.302.299/0001-02;1301;SEINFRA;SECRETARIA DE ESTADO DE INFRAESTRUTURA E MOBILIDADE;42;AUXILIOS;1;AUXILIOS;32;EXPLORACAO DE RECURSOS MINERAIS;500000,0;500000,0;500000,0
9342631;5771;2022-06-30 00:00:00;PM FORMIGA;16.784.720/0001-25;1491;SEGOV;SECRETARIA DE ESTADO DE GOVERNO;42;AUXILIOS;1;AUXILIOS;10;RECURSOS ORDINARIOS;351396,66;351396,66;351396,66
9342632;363;2022-06-30 00:00:00;PM UNIAO DE MINAS;01.051.819/0001-40;1231;SEAPA;SECRETARIA DE ESTADO DE AGRICULTURA, PECUARIA E ABASTECIMENTO - SEAPA;41;CONTRIBUICOES;1;CONTRIBUICOES;10;RECURSOS ORDINARIOS;220000,0;220000,0;220000,0
9342633;4091;2022-07-01 00:00:00;PM INCONFIDENTES;18.028.829/0001-68;1261;SEE;SECRETARIA DE ESTADO DE EDUCACAO;42;AUXILIOS;1;AUXILIOS;21;COTA ESTADUAL DO SALARIO EDUCACAO - QESE;97377,52;97377,52;97377,52
9342634;128;2022-06-30 00:00:00;PM MONTES CLAROS;22.678.874/0001-35;1261;SEE;SECRETARIA DE ESTADO DE EDUCACAO;42;AUXILIOS;1;AUXILIOS;21;COTA ESTADUAL DO SALARIO EDUCACAO - QESE;0,0;0,0;14355083,4
9342636;5769;2022-06-30 00:00:00;PM SANTA RITA DE MINAS;66.229.584/0001-80;1491;SEGOV;SECRETARIA DE ESTADO DE GOVERNO;42;AUXILIOS;1;AUXILIOS;10;RECURSOS ORDINARIOS;273570,0;273570,0;273570,0
9342637;4115;2022-07-01 00:00:00;PM CAPITOLIO;16.726.028/0001-40;1261;SEE;SECRETARIA DE ESTADO DE EDUCACAO;42;AUXILIOS;1;AUXILIOS;21;COTA ESTADUAL DO SALARIO EDUCACAO - QESE;2988900,0;2988900,0;2988900,0
9342639;5773;2022-06-30 00:00:00;PM SANTO ANTONIO DO RETIRO;01.612.484/0001-92;1491;SEGOV;SECRETARIA DE ESTADO DE GOVERNO;42;AUXILIOS;1;AUXILIOS;10;RECURSOS ORDINARIOS;500000,0;500000,0;500000,0
9342640;5762;2022-06-30 00:00:00;PM CANAPOLIS;18.457.200/0001-33;1491;SEGOV;SECRETARIA DE ESTADO DE GOVERNO;42;AUXILIOS;1;AUXILIOS;10;RECURSOS ORDINARIOS;77827,2;77827,2;77827,2
9342641;4122;2022-07-01 00:00:00;PM MONTES CLAROS;22.678.874/0001-35;1261;SEE;SECRETARIA DE ESTADO DE EDUCACAO;42;AUXILIOS;1;AUXILIOS;21;COTA ESTADUAL DO SALARIO EDUCACAO - QESE;3436950,54;3436950,54;3436950,54
9342642;5767;2022-06-30 00:00:00;PM PRESIDENTE BERNARDES;23.515.695/0001-40;1491;SEGOV;SECRETARIA DE ESTADO DE GOVERNO;42;AUXILIOS;1;AUXILIOS;10;RECURSOS ORDINARIOS;77827,2;77827,2;77827,2
9342643;4114;2022-07-01 00:00:00;PM FRUTAL;18.449.132/0001-60;1261;SEE;SECRETARIA DE ESTADO DE EDUCACAO;42;AUXILIOS;1;AUXILIOS;21;COTA ESTADUAL DO SALARIO EDUCACAO - QESE;550000,0;550000,0;550000,0
9342644;306;2022-06-30 00:00:00;PM CAMANDUCAIA;17.935.396/0001-61;1301;SEINFRA;SECRETARIA DE ESTADO DE INFRAESTRUTURA E MOBILIDADE;42;AUXILIOS;1;AUXILIOS;10;RECURSOS ORDINARIOS;250000,0;250000,0;250000,0
9342646;5772;2022-06-30 00:00:00;PM ALPERCATA;18.332.627/0001-05;1491;SEGOV;SECRETARIA DE ESTADO DE GOVERNO;42;AUXILIOS;1;AUXILIOS;10;RECURSOS ORDINARIOS;268833,33;268833,33;268833,33
9342647;307;2022-06-30 00:00:00;PM PIRACEMA;17.980.392/0001-03;1301;SEINFRA;SECRETARIA DE ESTADO DE INFRAESTRUTURA E MOBILIDADE;42;AUXILIOS;1;AUXILIOS;32;EXPLORACAO DE RECURSOS MINERAIS;250000,0;250000,0;250000,0
9342648;4089;2022-07-01 00:00:00;PM ROMARIA;18.160.044/0001-44;1261;SEE;SECRETARIA DE ESTADO DE EDUCACAO;42;AUXILIOS;1;AUXILIOS;21;COTA ESTADUAL DO SALARIO EDUCACAO - QESE;100000,0;100000,0;100000,0
9342649;4059;2022-06-30 00:00:00;PM ARINOS;18.125.120/0001-80;1261;SEE;SECRETARIA DE ESTADO DE EDUCACAO;42;AUXILIOS;1;AUXILIOS;21;COTA ESTADUAL DO SALARIO EDUCACAO - QESE;200000,0;200000,0;200000,0
9342650;4062;2022-06-30 00:00:00;PM MONTEZUMA;25.223.983/0001-56;1261;SEE;SECRETARIA DE ESTADO DE EDUCACAO;42;AUXILIOS;1;AUXILIOS;21;COTA ESTADUAL DO SALARIO EDUCACAO - QESE;100000,0;100000,0;100000,0
9342651;4157;2022-07-01 00:00:00;PM PEDRINOPOLIS;18.140.335/0001-70;1261;SEE;SECRETARIA DE ESTADO DE EDUCACAO;42;AUXILIOS;1;AUXILIOS;21;COTA ESTADUAL DO SALARIO EDUCACAO - QESE;1320000,0;1320000,0;1320000,0
9342652;4064;2022-06-30 00:00:00;PM MATEUS LEME;18.715.433/0001-99;1261;SEE;SECRETARIA DE ESTADO DE EDUCACAO;42;AUXILIOS;1;AUXILIOS;21;COTA ESTADUAL DO SALARIO EDUCACAO - QESE;271411,47;271411,47;271411,47
9342653;308;2022-06-30 00:00:00;PM RIO PARANAIBA;18.602.045/0001-00;1301;SEINFRA;SECRETARIA DE ESTADO DE INFRAESTRUTURA E MOBILIDADE;42;AUXILIOS;1;AUXILIOS;10;RECURSOS ORDINARIOS;500000,0;500000,0;500000,0
9342654;4083;2022-07-01 00:00:00;PM ESMERALDAS;18.715.466/0001-39;1261;SEE;SECRETARIA DE ESTADO DE EDUCACAO;42;AUXILIOS;1;AUXILIOS;21;COTA ESTADUAL DO SALARIO EDUCACAO - QESE;350000,0;350000,0;350000,0
9342655;5760;2022-06-30 00:00:00;PM ARICANDUVA;01.608.511/0001-53;1491;SEGOV;SECRETARIA DE ESTADO DE GOVERNO;42;AUXILIOS;1;AUXILIOS;10;RECURSOS ORDINARIOS;398093,33;398093,33;398093,33
9342656;4119;2022-07-01 00:00:00;PM CAMPOS GERAIS;18.245.175/0001-24;1261;SEE;SECRETARIA DE ESTADO DE EDUCACAO;42;AUXILIOS;1;AUXILIOS;21;COTA ESTADUAL DO SALARIO EDUCACAO - QESE;566933,87;566933,87;566933,87
9342657;4111;2022-07-01 00:00:00;PM ALEM PARAIBA;17.709.197/0001-35;1261;SEE;SECRETARIA DE ESTADO DE EDUCACAO;42;AUXILIOS;1;AUXILIOS;21;COTA ESTADUAL DO SALARIO EDUCACAO - QESE;564033,58;564033,58;564033,58
9342658;4110;2022-07-01 00:00:00;PM MANHUMIRIM;18.392.530/0001-98;1261;SEE;SECRETARIA DE ESTADO DE EDUCACAO;42;AUXILIOS;1;AUXILIOS;21;COTA ESTADUAL DO SALARIO EDUCACAO - QESE;2508000,0;2508000,0;2508000,0
9342659;300;2022-06-30 00:00:00;PM BRUMADINHO;18.363.929/0001-40;1301;SEINFRA;SECRETARIA DE ESTADO DE INFRAESTRUTURA E MOBILIDADE;42;AUXILIOS;1;AUXILIOS;10;RECURSOS ORDINARIOS;3102611,09;3102611,09;3102611,09
9342660;4120;2022-07-01 00:00:00;PM LASSANCE;18.279.125/0001-68;1261;SEE;SECRETARIA DE ESTADO DE EDUCACAO;42;AUXILIOS;1;AUXILIOS;21;COTA ESTADUAL DO SALARIO EDUCACAO - QESE;1750079,99;1750079,99;1750079,99
9342661;4061;2022-06-30 00:00:00;PM SAO JOAO DO ORIENTE;18.338.848/0001-90;1261;SEE;SECRETARIA DE ESTADO DE EDUCACAO;42;AUXILIOS;1;AUXILIOS;21;COTA ESTADUAL DO SALARIO EDUCACAO - QESE;694133,33;694133,33;694133,33
9342662;4094;2022-07-01 00:00:00;PM ICARAI DE MINAS;25.224.304/0001-63;1261;SEE;SECRETARIA DE ESTADO DE EDUCACAO;42;AUXILIOS;1;AUXILIOS;21;COTA ESTADUAL DO SALARIO EDUCACAO - QESE;572825,09;572825,09;572825,09
9342663;4063;2022-06-30 00:00:00;PM UNAI;18.125.161/0001-77;1261;SEE;SECRETARIA DE ESTADO DE EDUCACAO;42;AUXILIOS;1;AUXILIOS;21;COTA ESTADUAL DO SALARIO EDUCACAO - QESE;200000,0;200000,0;200000,0
9342664;4066;2022-06-30 00:00:00;PM UNAI;18.125.161/0001-77;1261;SEE;SECRETARIA DE ESTADO DE EDUCACAO;42;AUXILIOS;1;AUXILIOS;21;COTA ESTADUAL DO SALARIO EDUCACAO - QESE;400000,0;400000,0;400000,0
9342665;4104;2022-07-01 00:00:00;PM PINTOPOLIS;01.612.481/0001-59;1261;SEE;SECRETARIA DE ESTADO DE EDUCACAO;42;AUXILIOS;1;AUXILIOS;21;COTA ESTADUAL DO SALARIO EDUCACAO - QESE;99988,0;99988,0;99988,0
9342666;4565;2022-12-07 00:00:00;PM RIO ESPERA;24.179.665/0001-72;1261;SEE;SECRETARIA DE ESTADO DE EDUCACAO;42;AUXILIOS;1;AUXILIOS;10;RECURSOS ORDINARIOS;387000,0;387000,0;387000,0
9342667;4109;2022-07-01 00:00:00;PM GOUVEA;17.754.144/0001-36;1261;SEE;SECRETARIA DE ESTADO DE EDUCACAO;42;AUXILIOS;1;AUXILIOS;21;COTA ESTADUAL DO SALARIO EDUCACAO - QESE;100000,0;100000,0;100000,0
9342668;4136;2022-07-01 00:00:00;PM FRANCISCOPOLIS;01.613.394/0001-16;1261;SEE;SECRETARIA DE ESTADO DE EDUCACAO;42;AUXILIOS;1;AUXILIOS;10;RECURSOS ORDINARIOS;2008400,0;2008400,0;2008400,0
9342669;4100;2022-07-01 00:00:00;PM DOM JOAQUIM;18.303.198/0001-48;1261;SEE;SECRETARIA DE ESTADO DE EDUCACAO;42;AUXILIOS;1;AUXILIOS;21;COTA ESTADUAL DO SALARIO EDUCACAO - QESE;99957,0;99957,0;99957,0
9342670;4096;2022-07-01 00:00:00;PM UBERLANDIA;18.431.312/0001-15;1261;SEE;SECRETARIA DE ESTADO DE EDUCACAO;42;AUXILIOS;1;AUXILIOS;21;COTA ESTADUAL DO SALARIO EDUCACAO - QESE;99937,6;99937,6;99937,6
9342671;4135;2022-07-01 00:00:00;PM CAJURI;18.132.456/0001-70;1261;SEE;SECRETARIA DE ESTADO DE EDUCACAO;42;AUXILIOS;1;AUXILIOS;10;RECURSOS ORDINARIOS;699533,33;699533,33;699533,33
9342672;4106;2022-07-01 00:00:00;PM SAO JOSE DO GOIABAL;18.402.552/0001-91;1261;SEE;SECRETARIA DE ESTADO DE EDUCACAO;42;AUXILIOS;1;AUXILIOS;21;COTA ESTADUAL DO SALARIO EDUCACAO - QESE;0,0;0,0;0,0
9342672;4550;2022-12-01 00:00:00;PM SAO JOSE DO GOIABAL;18.402.552/0001-91;1261;SEE;SECRETARIA DE ESTADO DE EDUCACAO;42;AUXILIOS;1;AUXILIOS;10;RECURSOS ORDINARIOS;100000,0;100000,0;100000,0
9342673;4138;2022-07-01 00:00:00;PM QUARTEL GERAL;18.296.699/0001-44;1261;SEE;SECRETARIA DE ESTADO DE EDUCACAO;42;AUXILIOS;1;AUXILIOS;10;RECURSOS ORDINARIOS;940600,0;940600,0;940600,0
9342674;4121;2022-07-01 00:00:00;PM OURO VERDE DE MINAS;18.404.947/0001-23;1261;SEE;SECRETARIA DE ESTADO DE EDUCACAO;42;AUXILIOS;1;AUXILIOS;21;COTA ESTADUAL DO SALARIO EDUCACAO - QESE;0,0;0,0;0,0
9342674;4545;2022-12-01 00:00:00;PM OURO VERDE DE MINAS;18.404.947/0001-23;1261;SEE;SECRETARIA DE ESTADO DE EDUCACAO;42;AUXILIOS;1;AUXILIOS;10;RECURSOS ORDINARIOS;200000,0;200000,0;200000,0
9342675;4117;2022-07-01 00:00:00;PM LAJINHA;18.392.522/0001-41;1261;SEE;SECRETARIA DE ESTADO DE EDUCACAO;42;AUXILIOS;1;AUXILIOS;21;COTA ESTADUAL DO SALARIO EDUCACAO - QESE;572825,09;572825,09;572825,09
9342676;4098;2022-07-01 00:00:00;PM DORES DE GUANHAES;18.307.413/0001-89;1261;SEE;SECRETARIA DE ESTADO DE EDUCACAO;42;AUXILIOS;1;AUXILIOS;21;COTA ESTADUAL DO SALARIO EDUCACAO - QESE;4223400,0;4223400,0;4223400,0
9342677;4085;2022-07-01 00:00:00;PM VARZEA DA PALMA;18.279.059/0001-26;1261;SEE;SECRETARIA DE ESTADO DE EDUCACAO;42;AUXILIOS;1;AUXILIOS;21;COTA ESTADUAL DO SALARIO EDUCACAO - QESE;572825,09;572825,09;572825,09
9342678;4107;2022-07-01 00:00:00;PM PIEDADE DE PONTE NOVA;18.316.257/0001-12;1261;SEE;SECRETARIA DE ESTADO DE EDUCACAO;42;AUXILIOS;1;AUXILIOS;21;COTA ESTADUAL DO SALARIO EDUCACAO - QESE;468916,67;468916,67;468916,67
9342679;4101;2022-07-01 00:00:00;PM SANTA MARGARIDA;18.385.112/0001-73;1261;SEE;SECRETARIA DE ESTADO DE EDUCACAO;42;AUXILIOS;1;AUXILIOS;21;COTA ESTADUAL DO SALARIO EDUCACAO - QESE;572825,09;572825,09;572825,09
9342680;4134;2022-07-01 00:00:00;PM REDUTO;01.614.977/0001-61;1261;SEE;SECRETARIA DE ESTADO DE EDUCACAO;42;AUXILIOS;1;AUXILIOS;21;COTA ESTADUAL DO SALARIO EDUCACAO - QESE;0,0;0,0;0,0
9342680;4141;2022-07-01 00:00:00;PM REDUTO;01.614.977/0001-61;1261;SEE;SECRETARIA DE ESTADO DE EDUCACAO;42;AUXILIOS;1;AUXILIOS;10;RECURSOS ORDINARIOS;1777400,0;1777400,0;1777400,0
9342682;4126;2022-07-01 00:00:00;PM PINGO D'AGUA;01.613.204/0001-60;1261;SEE;SECRETARIA DE ESTADO DE EDUCACAO;42;AUXILIOS;1;AUXILIOS;21;COTA ESTADUAL DO SALARIO EDUCACAO - QESE;1751833,33;1751833,33;1751833,33
9342683;4130;2022-07-01 00:00:00;PM SANTA CRUZ DE SALINAS;01.612.497/0001-61;1261;SEE;SECRETARIA DE ESTADO DE EDUCACAO;42;AUXILIOS;1;AUXILIOS;21;COTA ESTADUAL DO SALARIO EDUCACAO - QESE;300000,0;300000,0;300000,0
9342684;4128;2022-07-01 00:00:00;PM ITAMOGI;18.241.380/0001-11;1261;SEE;SECRETARIA DE ESTADO DE EDUCACAO;42;AUXILIOS;1;AUXILIOS;21;COTA ESTADUAL DO SALARIO EDUCACAO - QESE;185000,0;185000,0;185000,0
9342685;4133;2022-07-01 00:00:00;PM TAQUARACU DE MINAS;18.302.315/0001-59;1261;SEE;SECRETARIA DE ESTADO DE EDUCACAO;42;AUXILIOS;1;AUXILIOS;21;COTA ESTADUAL DO SALARIO EDUCACAO - QESE;572825,09;572825,09;572825,09
9342686;179;2022-12-07 00:00:00;PM BAEPENDI;18.008.862/0001-26;1261;SEE;SECRETARIA DE ESTADO DE EDUCACAO;42;AUXILIOS;1;AUXILIOS;10;RECURSOS ORDINARIOS;2114687,07;2114687,07;2114687,07
9342687;4142;2022-07-01 00:00:00;PM SANTA MARGARIDA;18.385.112/0001-73;1261;SEE;SECRETARIA DE ESTADO DE EDUCACAO;42;AUXILIOS;1;AUXILIOS;21;COTA ESTADUAL DO SALARIO EDUCACAO - QESE;572825,09;572825,09;572825,09
9342688;4144;2022-07-01 00:00:00;PM BURITIZEIRO;18.279.067/0001-72;1261;SEE;SECRETARIA DE ESTADO DE EDUCACAO;42;AUXILIOS;1;AUXILIOS;21;COTA ESTADUAL DO SALARIO EDUCACAO - QESE;100000,0;100000,0;100000,0
9342689;4143;2022-07-01 00:00:00;PM INHAUMA;18.116.152/0001-10;1261;SEE;SECRETARIA DE ESTADO DE EDUCACAO;42;AUXILIOS;1;AUXILIOS;21;COTA ESTADUAL DO SALARIO EDUCACAO - QESE;500000,0;500000,0;500000,0
9342690;4125;2022-07-01 00:00:00;PM IPANEMA;18.334.292/0001-64;1261;SEE;SECRETARIA DE ESTADO DE EDUCACAO;42;AUXILIOS;1;AUXILIOS;21;COTA ESTADUAL DO SALARIO EDUCACAO - QESE;100000,0;100000,0;100000,0
9342691;4139;2022-07-01 00:00:00;PM CRISTALIA;18.017.434/0001-60;1261;SEE;SECRETARIA DE ESTADO DE EDUCACAO;42;AUXILIOS;1;AUXILIOS;10;RECURSOS ORDINARIOS;2801545,67;2801545,67;2801545,67
9342692;4137;2022-07-01 00:00:00;PM CASA GRANDE;18.667.477/0001-90;1261;SEE;SECRETARIA DE ESTADO DE EDUCACAO;42;AUXILIOS;1;AUXILIOS;10;RECURSOS ORDINARIOS;697100,0;697100,0;697100,0
9342693;4105;2022-07-01 00:00:00;PM CASA GRANDE;18.667.477/0001-90;1261;SEE;SECRETARIA DE ESTADO DE EDUCACAO;42;AUXILIOS;1;AUXILIOS;21;COTA ESTADUAL DO SALARIO EDUCACAO - QESE;572825,09;572825,09;572825,09
9342695;4108;2022-07-01 00:00:00;PM SAO GONCALO DO PARA;18.291.369/0001-66;1261;SEE;SECRETARIA DE ESTADO DE EDUCACAO;42;AUXILIOS;1;AUXILIOS;21;COTA ESTADUAL DO SALARIO EDUCACAO - QESE;755531,42;755531,42;755531,42
9342696;4099;2022-07-01 00:00:00;PM SAO FRANCISCO DO GLORIA;18.114.231/0001-91;1261;SEE;SECRETARIA DE ESTADO DE EDUCACAO;42;AUXILIOS;1;AUXILIOS;21;COTA ESTADUAL DO SALARIO EDUCACAO - QESE;100000,0;100000,0;100000,0
9342697;4123;2022-07-01 00:00:00;PM CAPARAO;18.114.249/0001-93;1261;SEE;SECRETARIA DE ESTADO DE EDUCACAO;42;AUXILIOS;1;AUXILIOS;21;COTA ESTADUAL DO SALARIO EDUCACAO - QESE;1176300,0;1176300,0;1176300,0
9342698;4132;2022-07-01 00:00:00;PM MARILAC;18.409.193/0001-02;1261;SEE;SECRETARIA DE ESTADO DE EDUCACAO;42;AUXILIOS;1;AUXILIOS;21;COTA ESTADUAL DO SALARIO EDUCACAO - QESE;0,0;0,0;0,0
9342698;4548;2022-12-01 00:00:00;PM MARILAC;18.409.193/0001-02;1261;SEE;SECRETARIA DE ESTADO DE EDUCACAO;42;AUXILIOS;1;AUXILIOS;10;RECURSOS ORDINARIOS;200000,0;200000,0;200000,0
9342699;4093;2022-07-01 00:00:00;PM ORATORIOS;01.616.836/0001-88;1261;SEE;SECRETARIA DE ESTADO DE EDUCACAO;42;AUXILIOS;1;AUXILIOS;21;COTA ESTADUAL DO SALARIO EDUCACAO - QESE;100000,0;100000,0;100000,0
9342700;4116;2022-07-01 00:00:00;PM RIACHINHO;25.222.118/0001-95;1261;SEE;SECRETARIA DE ESTADO DE EDUCACAO;42;AUXILIOS;1;AUXILIOS;21;COTA ESTADUAL DO SALARIO EDUCACAO - QESE;0,0;0,0;0,0
9342700;4493;2022-11-29 00:00:00;PM RIACHINHO;25.222.118/0001-95;1261;SEE;SECRETARIA DE ESTADO DE EDUCACAO;42;AUXILIOS;1;AUXILIOS;13;FUNDO DE MANUTENCAO E DESENVOLVIMENTO DA EDUCACAO BASICA - FUNDEB - REGULARIZACAO DE EXERCICIOS ANTE;566933,87;566933,87;0,0
9342701;4570;2022-12-13 00:00:00;PM VARGEM BONITA;16.788.309/0001-28;1261;SEE;SECRETARIA DE ESTADO DE EDUCACAO;42;AUXILIOS;1;AUXILIOS;10;RECURSOS ORDINARIOS;359000,0;359000,0;359000,0
9342702;4113;2022-07-01 00:00:00;PM IJACI;18.244.400/0001-08;1261;SEE;SECRETARIA DE ESTADO DE EDUCACAO;42;AUXILIOS;1;AUXILIOS;21;COTA ESTADUAL DO SALARIO EDUCACAO - QESE;100000,0;100000,0;100000,0
9342703;4103;2022-07-01 00:00:00;PM BUENOPOLIS;17.694.852/0001-29;1261;SEE;SECRETARIA DE ESTADO DE EDUCACAO;42;AUXILIOS;1;AUXILIOS;21;COTA ESTADUAL DO SALARIO EDUCACAO - QESE;572825,09;572825,09;572825,09
9342704;4095;2022-07-01 00:00:00;PM DONA EUZEBIA;17.706.656/0001-27;1261;SEE;SECRETARIA DE ESTADO DE EDUCACAO;42;AUXILIOS;1;AUXILIOS;21;COTA ESTADUAL DO SALARIO EDUCACAO - QESE;337800,0;337800,0;337800,0
9342705;4092;2022-07-01 00:00:00;PM CRISOLITA;01.614.283/0001-24;1261;SEE;SECRETARIA DE ESTADO DE EDUCACAO;42;AUXILIOS;1;AUXILIOS;21;COTA ESTADUAL DO SALARIO EDUCACAO - QESE;100000,0;100000,0;100000,0
9342706;4097;2022-07-01 00:00:00;PM MONTE CARMELO;18.593.103/0001-78;1261;SEE;SECRETARIA DE ESTADO DE EDUCACAO;42;AUXILIOS;1;AUXILIOS;21;COTA ESTADUAL DO SALARIO EDUCACAO - QESE;100000,0;100000,0;100000,0
9342707;4129;2022-07-01 00:00:00;PM FRANCISCO SA;22.681.423/0001-57;1261;SEE;SECRETARIA DE ESTADO DE EDUCACAO;42;AUXILIOS;1;AUXILIOS;21;COTA ESTADUAL DO SALARIO EDUCACAO - QESE;564033,58;564033,58;564033,58
9342708;28;2022-06-30 00:00:00;PM UBA;18.128.207/0001-01;2351;UEMG;UNIVERSIDADE DO ESTADO DE MINAS GERAIS;42;AUXILIOS;1;AUXILIOS;10;RECURSOS ORDINARIOS;581995,24;290997,62;290997,62
9342718;5774;2022-06-30 00:00:00;PM PITANGUI;18.315.226/0001-47;1491;SEGOV;SECRETARIA DE ESTADO DE GOVERNO;42;AUXILIOS;1;AUXILIOS;10;RECURSOS ORDINARIOS;6000000,0;2000000,0;2000000,0
9342719;5784;2022-07-01 00:00:00;PM GUARDA-MOR;18.277.947/0001-00;1491;SEGOV;SECRETARIA DE ESTADO DE GOVERNO;42;AUXILIOS;1;AUXILIOS;10;RECURSOS ORDINARIOS;108686,33;108686,33;108686,33
9342720;5775;2022-07-01 00:00:00;PM CONCEICAO DE IPANEMA;18.334.300/0001-72;1491;SEGOV;SECRETARIA DE ESTADO DE GOVERNO;42;AUXILIOS;1;AUXILIOS;10;RECURSOS ORDINARIOS;113262,6;113262,6;0,0
9342721;5776;2022-07-01 00:00:00;PM GUIMARANIA;18.602.052/0001-01;1491;SEGOV;SECRETARIA DE ESTADO DE GOVERNO;42;AUXILIOS;1;AUXILIOS;10;RECURSOS ORDINARIOS;250000,0;250000,0;250000,0
9342722;5777;2022-07-01 00:00:00;PM CAPELA NOVA;19.259.951/0001-08;1491;SEGOV;SECRETARIA DE ESTADO DE GOVERNO;42;AUXILIOS;1;AUXILIOS;10;RECURSOS ORDINARIOS;155654,4;155654,4;155654,4
9342723;5779;2022-07-01 00:00:00;PM CARNEIRINHO;26.042.515/0001-48;1491;SEGOV;SECRETARIA DE ESTADO DE GOVERNO;42;AUXILIOS;1;AUXILIOS;10;RECURSOS ORDINARIOS;74682,67;0,0;0,0
9342724;5780;2022-07-01 00:00:00;PM MACHADO;18.242.784/0001-20;1491;SEGOV;SECRETARIA DE ESTADO DE GOVERNO;42;AUXILIOS;1;AUXILIOS;10;RECURSOS ORDINARIOS;156439,66;156439,66;156439,66
9342725;311;2022-07-01 00:00:00;PM CONSELHEIRO PENA;19.769.660/0001-60;1301;SEINFRA;SECRETARIA DE ESTADO DE INFRAESTRUTURA E MOBILIDADE;42;AUXILIOS;1;AUXILIOS;32;EXPLORACAO DE RECURSOS MINERAIS;795000,0;795000,0;795000,0
9342726;5781;2022-07-01 00:00:00;PM MACHADO;18.242.784/0001-20;1491;SEGOV;SECRETARIA DE ESTADO DE GOVERNO;42;AUXILIOS;1;AUXILIOS;10;RECURSOS ORDINARIOS;78219,33;78219,33;78219,33
9342727;5783;2022-07-01 00:00:00;PM MACHADO;18.242.784/0001-20;1491;SEGOV;SECRETARIA DE ESTADO DE GOVERNO;42;AUXILIOS;1;AUXILIOS;10;RECURSOS ORDINARIOS;121760,0;121760,0;121760,0
9342728;310;2022-07-01 00:00:00;PM POTE;18.404.970/0001-18;1301;SEINFRA;SECRETARIA DE ESTADO DE INFRAESTRUTURA E MOBILIDADE;42;AUXILIOS;1;AUXILIOS;32;EXPLORACAO DE RECURSOS MINERAIS;400000,0;400000,0;400000,0
9342729;5782;2022-07-01 00:00:00;PM MACHADO;18.242.784/0001-20;1491;SEGOV;SECRETARIA DE ESTADO DE GOVERNO;42;AUXILIOS;1;AUXILIOS;10;RECURSOS ORDINARIOS;121760,0;121760,0;121760,0
9342730;5785;2022-07-01 00:00:00;PM PAINEIRAS;18.296.673/0001-04;1491;SEGOV;SECRETARIA DE ESTADO DE GOVERNO;42;AUXILIOS;1;AUXILIOS;10;RECURSOS ORDINARIOS;231679,98;0,0;0,0
9342731;5786;2022-07-01 00:00:00;PM ARCOS;18.306.662/0001-50;1491;SEGOV;SECRETARIA DE ESTADO DE GOVERNO;42;AUXILIOS;1;AUXILIOS;10;RECURSOS ORDINARIOS;121760,0;121760,0;121760,0
9342732;5778;2022-07-01 00:00:00;PM PALMOPOLIS;66.234.345/0001-18;1491;SEGOV;SECRETARIA DE ESTADO DE GOVERNO;42;AUXILIOS;1;AUXILIOS;10;RECURSOS ORDINARIOS;236166,67;0,0;0,0
9342733;4187;2022-07-01 00:00:00;PM SACRAMENTO;18.140.764/0001-48;1261;SEE;SECRETARIA DE ESTADO DE EDUCACAO;42;AUXILIOS;1;AUXILIOS;10;RECURSOS ORDINARIOS;0,0;0,0;0,0
9342733;4479;2022-11-28 00:00:00;PM SACRAMENTO;18.140.764/0001-48;1261;SEE;SECRETARIA DE ESTADO DE EDUCACAO;42;AUXILIOS;1;AUXILIOS;13;FUNDO DE MANUTENCAO E DESENVOLVIMENTO DA EDUCACAO BASICA - FUNDEB - REGULARIZACAO DE EXERCICIOS ANTE;2059385,87;2059385,87;2059385,87
9342734;4179;2022-07-01 00:00:00;PM SANTO ANTONIO DO JACINTO;18.349.951/0001-36;1261;SEE;SECRETARIA DE ESTADO DE EDUCACAO;42;AUXILIOS;1;AUXILIOS;13;FUNDO DE MANUTENCAO E DESENVOLVIMENTO DA EDUCACAO BASICA - FUNDEB - REGULARIZACAO DE EXERCICIOS ANTE;0,0;0,0;0,0
9342734;4547;2022-12-01 00:00:00;PM SANTO ANTONIO DO JACINTO;18.349.951/0001-36;1261;SEE;SECRETARIA DE ESTADO DE EDUCACAO;42;AUXILIOS;1;AUXILIOS;10;RECURSOS ORDINARIOS;100000,0;100000,0;100000,0
9342735;4163;2022-07-01 00:00:00;PM JANAUBA;18.017.392/0001-67;1261;SEE;SECRETARIA DE ESTADO DE EDUCACAO;42;AUXILIOS;1;AUXILIOS;10;RECURSOS ORDINARIOS;5586700,0;5586700,0;5586700,0
9342736;4430;2022-11-23 00:00:00;PM CARNEIRINHO;26.042.515/0001-48;1261;SEE;SECRETARIA DE ESTADO DE EDUCACAO;42;AUXILIOS;1;AUXILIOS;13;FUNDO DE MANUTENCAO E DESENVOLVIMENTO DA EDUCACAO BASICA - FUNDEB - REGULARIZACAO DE EXERCICIOS ANTE;566933,87;566933,87;566933,87
9342737;4431;2022-11-23 00:00:00;PM PATOS DE MINAS;18.602.011/0001-07;1261;SEE;SECRETARIA DE ESTADO DE EDUCACAO;42;AUXILIOS;1;AUXILIOS;13;FUNDO DE MANUTENCAO E DESENVOLVIMENTO DA EDUCACAO BASICA - FUNDEB - REGULARIZACAO DE EXERCICIOS ANTE;564033,58;564033,58;564033,58
9342738;4197;2022-07-01 00:00:00;PM SOLEDADE DE MINAS;18.188.235/0001-14;1261;SEE;SECRETARIA DE ESTADO DE EDUCACAO;42;AUXILIOS;1;AUXILIOS;13;FUNDO DE MANUTENCAO E DESENVOLVIMENTO DA EDUCACAO BASICA - FUNDEB - REGULARIZACAO DE EXERCICIOS ANTE;100000,0;100000,0;100000,0
9342739;4164;2022-07-01 00:00:00;PM CASSIA;17.894.049/0001-38;1261;SEE;SECRETARIA DE ESTADO DE EDUCACAO;42;AUXILIOS;1;AUXILIOS;13;FUNDO DE MANUTENCAO E DESENVOLVIMENTO DA EDUCACAO BASICA - FUNDEB - REGULARIZACAO DE EXERCICIOS ANTE;200000,0;200000,0;200000,0
9342740;4198;2022-07-01 00:00:00;PM ITANHOMI;18.493.239/0001-06;1261;SEE;SECRETARIA DE ESTADO DE EDUCACAO;42;AUXILIOS;1;AUXILIOS;13;FUNDO DE MANUTENCAO E DESENVOLVIMENTO DA EDUCACAO BASICA - FUNDEB - REGULARIZACAO DE EXERCICIOS ANTE;100000,0;100000,0;100000,0
9342741;4165;2022-07-01 00:00:00;PM FREI GASPAR;18.404.913/0001-39;1261;SEE;SECRETARIA DE ESTADO DE EDUCACAO;42;AUXILIOS;1;AUXILIOS;10;RECURSOS ORDINARIOS;356333,33;356333,33;356333,33
9342742;4176;2022-07-01 00:00:00;PM FERNANDES TOURINHO;18.080.887/0001-30;1261;SEE;SECRETARIA DE ESTADO DE EDUCACAO;42;AUXILIOS;1;AUXILIOS;10;RECURSOS ORDINARIOS;816666,66;816666,66;816666,66
9342743;4162;2022-07-01 00:00:00;PM ESPIRITO SANTO DO DOURADO;18.675.900/0001-02;1261;SEE;SECRETARIA DE ESTADO DE EDUCACAO;42;AUXILIOS;1;AUXILIOS;10;RECURSOS ORDINARIOS;1514100,0;1514100,0;1514100,0
9342744;4182;2022-07-01 00:00:00;PM PERDIZES;18.140.772/0001-94;1261;SEE;SECRETARIA DE ESTADO DE EDUCACAO;42;AUXILIOS;1;AUXILIOS;13;FUNDO DE MANUTENCAO E DESENVOLVIMENTO DA EDUCACAO BASICA - FUNDEB - REGULARIZACAO DE EXERCICIOS ANTE;207000,0;207000,0;207000,0
9342745;4556;2022-12-01 00:00:00;PM JANAUBA;18.017.392/0001-67;1261;SEE;SECRETARIA DE ESTADO DE EDUCACAO;42;AUXILIOS;1;AUXILIOS;13;FUNDO DE MANUTENCAO E DESENVOLVIMENTO DA EDUCACAO BASICA - FUNDEB - REGULARIZACAO DE EXERCICIOS ANTE;100000,0;100000,0;100000,0
9342746;4204;2022-07-01 00:00:00;PM SAO JOAO DEL REI;17.749.896/0001-09;1261;SEE;SECRETARIA DE ESTADO DE EDUCACAO;42;AUXILIOS;1;AUXILIOS;13;FUNDO DE MANUTENCAO E DESENVOLVIMENTO DA EDUCACAO BASICA - FUNDEB - REGULARIZACAO DE EXERCICIOS ANTE;0,0;0,0;0,0
9342746;4542;2022-12-01 00:00:00;PM SAO JOAO DEL REI;17.749.896/0001-09;1261;SEE;SECRETARIA DE ESTADO DE EDUCACAO;42;AUXILIOS;1;AUXILIOS;10;RECURSOS ORDINARIOS;200000,0;200000,0;200000,0
9342747;4209;2022-07-01 00:00:00;PM IBIRACATU;01.612.477/0001-90;1261;SEE;SECRETARIA DE ESTADO DE EDUCACAO;42;AUXILIOS;1;AUXILIOS;13;FUNDO DE MANUTENCAO E DESENVOLVIMENTO DA EDUCACAO BASICA - FUNDEB - REGULARIZACAO DE EXERCICIOS ANTE;100000,0;100000,0;100000,0
9342748;4221;2022-07-01 00:00:00;PM GUARARA;17.723.172/0001-96;1261;SEE;SECRETARIA DE ESTADO DE EDUCACAO;42;AUXILIOS;1;AUXILIOS;13;FUNDO DE MANUTENCAO E DESENVOLVIMENTO DA EDUCACAO BASICA - FUNDEB - REGULARIZACAO DE EXERCICIOS ANTE;0,0;0,0;0,0
9342748;4482;2022-11-28 00:00:00;PM GUARARA;17.723.172/0001-96;1261;SEE;SECRETARIA DE ESTADO DE EDUCACAO;42;AUXILIOS;1;AUXILIOS;13;FUNDO DE MANUTENCAO E DESENVOLVIMENTO DA EDUCACAO BASICA - FUNDEB - REGULARIZACAO DE EXERCICIOS ANTE;100000,0;100000,0;100000,0
9342750;4219;2022-07-01 00:00:00;PM CLAUDIO;18.308.775/0001-94;1261;SEE;SECRETARIA DE ESTADO DE EDUCACAO;42;AUXILIOS;1;AUXILIOS;13;FUNDO DE MANUTENCAO E DESENVOLVIMENTO DA EDUCACAO BASICA - FUNDEB - REGULARIZACAO DE EXERCICIOS ANTE;0,0;0,0;0,0
9342750;4483;2022-11-28 00:00:00;PM CLAUDIO;18.308.775/0001-94;1261;SEE;SECRETARIA DE ESTADO DE EDUCACAO;42;AUXILIOS;1;AUXILIOS;13;FUNDO DE MANUTENCAO E DESENVOLVIMENTO DA EDUCACAO BASICA - FUNDEB - REGULARIZACAO DE EXERCICIOS ANTE;150000,0;150000,0;0,0
9342751;4199;2022-07-01 00:00:00;PM DOM CAVATI;18.080.283/0001-94;1261;SEE;SECRETARIA DE ESTADO DE EDUCACAO;42;AUXILIOS;1;AUXILIOS;13;FUNDO DE MANUTENCAO E DESENVOLVIMENTO DA EDUCACAO BASICA - FUNDEB - REGULARIZACAO DE EXERCICIOS ANTE;100000,0;100000,0;100000,0
9342752;4218;2022-07-01 00:00:00;PM JANAUBA;18.017.392/0001-67;1261;SEE;SECRETARIA DE ESTADO DE EDUCACAO;42;AUXILIOS;1;AUXILIOS;13;FUNDO DE MANUTENCAO E DESENVOLVIMENTO DA EDUCACAO BASICA - FUNDEB - REGULARIZACAO DE EXERCICIOS ANTE;0,0;0,0;0,0
9342752;4484;2022-11-28 00:00:00;PM JANAUBA;18.017.392/0001-67;1261;SEE;SECRETARIA DE ESTADO DE EDUCACAO;42;AUXILIOS;1;AUXILIOS;13;FUNDO DE MANUTENCAO E DESENVOLVIMENTO DA EDUCACAO BASICA - FUNDEB - REGULARIZACAO DE EXERCICIOS ANTE;100000,0;100000,0;100000,0
9342753;4171;2022-07-01 00:00:00;PM SANTA RITA DE MINAS;66.229.584/0001-80;1261;SEE;SECRETARIA DE ESTADO DE EDUCACAO;42;AUXILIOS;1;AUXILIOS;13;FUNDO DE MANUTENCAO E DESENVOLVIMENTO DA EDUCACAO BASICA - FUNDEB - REGULARIZACAO DE EXERCICIOS ANTE;198698,22;198698,22;198698,22
9342754;4174;2022-07-01 00:00:00;PM PADRE PARAISO;18.404.764/0001-08;1261;SEE;SECRETARIA DE ESTADO DE EDUCACAO;42;AUXILIOS;1;AUXILIOS;13;FUNDO DE MANUTENCAO E DESENVOLVIMENTO DA EDUCACAO BASICA - FUNDEB - REGULARIZACAO DE EXERCICIOS ANTE;219930,0;219930,0;219930,0
9342755;4180;2022-07-01 00:00:00;PM AGUA COMPRIDA;18.428.953/0001-10;1261;SEE;SECRETARIA DE ESTADO DE EDUCACAO;42;AUXILIOS;1;AUXILIOS;10;RECURSOS ORDINARIOS;359300,0;359300,0;359300,0
9342756;4188;2022-07-01 00:00:00;PM ICARAI DE MINAS;25.224.304/0001-63;1261;SEE;SECRETARIA DE ESTADO DE EDUCACAO;42;AUXILIOS;1;AUXILIOS;10;RECURSOS ORDINARIOS;0,0;0,0;0,0
9342756;4535;2022-11-30 00:00:00;PM ICARAI DE MINAS;25.224.304/0001-63;1261;SEE;SECRETARIA DE ESTADO DE EDUCACAO;42;AUXILIOS;1;AUXILIOS;10;RECURSOS ORDINARIOS;696800,0;696800,0;696800,0
9342757;4208;2022-07-01 00:00:00;PM MONTE SIAO;22.646.525/0001-31;1261;SEE;SECRETARIA DE ESTADO DE EDUCACAO;42;AUXILIOS;1;AUXILIOS;13;FUNDO DE MANUTENCAO E DESENVOLVIMENTO DA EDUCACAO BASICA - FUNDEB - REGULARIZACAO DE EXERCICIOS ANTE;199799,16;199799,16;199799,16
9342758;4205;2022-07-01 00:00:00;PM JANUARIA;21.461.546/0001-10;1261;SEE;SECRETARIA DE ESTADO DE EDUCACAO;42;AUXILIOS;1;AUXILIOS;13;FUNDO DE MANUTENCAO E DESENVOLVIMENTO DA EDUCACAO BASICA - FUNDEB - REGULARIZACAO DE EXERCICIOS ANTE;149952,66;149952,66;149952,66
9342759;4170;2022-07-01 00:00:00;PM SERRA AZUL DE MINAS;18.303.230/0001-95;1261;SEE;SECRETARIA DE ESTADO DE EDUCACAO;42;AUXILIOS;1;AUXILIOS;10;RECURSOS ORDINARIOS;2386100,0;2386100,0;2386100,0
9342760;4161;2022-07-01 00:00:00;PM LAVRAS;18.244.376/0001-07;1261;SEE;SECRETARIA DE ESTADO DE EDUCACAO;42;AUXILIOS;1;AUXILIOS;13;FUNDO DE MANUTENCAO E DESENVOLVIMENTO DA EDUCACAO BASICA - FUNDEB - REGULARIZACAO DE EXERCICIOS ANTE;450000,0;450000,0;450000,0
9342761;4175;2022-07-01 00:00:00;PM MONTES CLAROS;22.678.874/0001-35;1261;SEE;SECRETARIA DE ESTADO DE EDUCACAO;42;AUXILIOS;1;AUXILIOS;23;FUNDO DE MANUTENCAO E DESENVOLVIMENTO DA EDUCACAO BASICA - FUNDEB;3436950,54;3436950,54;3436950,54
9342762;4206;2022-07-01 00:00:00;PM PARAGUACU;18.008.193/0001-92;1261;SEE;SECRETARIA DE ESTADO DE EDUCACAO;42;AUXILIOS;1;AUXILIOS;13;FUNDO DE MANUTENCAO E DESENVOLVIMENTO DA EDUCACAO BASICA - FUNDEB - REGULARIZACAO DE EXERCICIOS ANTE;100000,0;100000,0;100000,0
9342763;4201;2022-07-01 00:00:00;PM INIMUTABA;17.694.860/0001-75;1261;SEE;SECRETARIA DE ESTADO DE EDUCACAO;42;AUXILIOS;1;AUXILIOS;13;FUNDO DE MANUTENCAO E DESENVOLVIMENTO DA EDUCACAO BASICA - FUNDEB - REGULARIZACAO DE EXERCICIOS ANTE;99463,31;99463,31;99463,31
9342764;4160;2022-07-01 00:00:00;PM SANTANA DE CATAGUASES;17.702.515/0001-36;1261;SEE;SECRETARIA DE ESTADO DE EDUCACAO;42;AUXILIOS;1;AUXILIOS;10;RECURSOS ORDINARIOS;1125000,0;1125000,0;1125000,0
9342765;4184;2022-07-01 00:00:00;PM SAO BENTO ABADE;17.877.176/0001-29;1261;SEE;SECRETARIA DE ESTADO DE EDUCACAO;42;AUXILIOS;1;AUXILIOS;10;RECURSOS ORDINARIOS;624300,0;624300,0;624300,0
9342766;4186;2022-07-01 00:00:00;PM UBERABA;18.428.839/0001-90;1261;SEE;SECRETARIA DE ESTADO DE EDUCACAO;42;AUXILIOS;1;AUXILIOS;13;FUNDO DE MANUTENCAO E DESENVOLVIMENTO DA EDUCACAO BASICA - FUNDEB - REGULARIZACAO DE EXERCICIOS ANTE;249422,61;249422,61;249422,61
9342768;4429;2022-11-23 00:00:00;PM LAJINHA;18.392.522/0001-41;1261;SEE;SECRETARIA DE ESTADO DE EDUCACAO;42;AUXILIOS;1;AUXILIOS;13;FUNDO DE MANUTENCAO E DESENVOLVIMENTO DA EDUCACAO BASICA - FUNDEB - REGULARIZACAO DE EXERCICIOS ANTE;763439,23;763439,23;763439,23
9342769;4190;2022-07-01 00:00:00;PM RIO PRETO;18.338.251/0001-46;1261;SEE;SECRETARIA DE ESTADO DE EDUCACAO;42;AUXILIOS;1;AUXILIOS;10;RECURSOS ORDINARIOS;530000,0;530000,0;530000,0
9342770;4154;2022-07-01 00:00:00;PM PAINEIRAS;18.296.673/0001-04;1261;SEE;SECRETARIA DE ESTADO DE EDUCACAO;42;AUXILIOS;1;AUXILIOS;13;FUNDO DE MANUTENCAO E DESENVOLVIMENTO DA EDUCACAO BASICA - FUNDEB - REGULARIZACAO DE EXERCICIOS ANTE;294014,63;294014,63;294014,63
9342771;4152;2022-07-01 00:00:00;PM EXTREMA;18.677.591/0001-00;1261;SEE;SECRETARIA DE ESTADO DE EDUCACAO;42;AUXILIOS;1;AUXILIOS;13;FUNDO DE MANUTENCAO E DESENVOLVIMENTO DA EDUCACAO BASICA - FUNDEB - REGULARIZACAO DE EXERCICIOS ANTE;99897,72;99897,72;99897,72
9342772;4202;2022-07-01 00:00:00;PM ILICINEA;18.239.608/0001-39;1261;SEE;SECRETARIA DE ESTADO DE EDUCACAO;42;AUXILIOS;1;AUXILIOS;13;FUNDO DE MANUTENCAO E DESENVOLVIMENTO DA EDUCACAO BASICA - FUNDEB - REGULARIZACAO DE EXERCICIOS ANTE;100000,0;100000,0;100000,0
9342773;4203;2022-07-01 00:00:00;PM SAO GONCALO DO RIO ABAIXO;24.380.651/0001-12;1261;SEE;SECRETARIA DE ESTADO DE EDUCACAO;42;AUXILIOS;1;AUXILIOS;13;FUNDO DE MANUTENCAO E DESENVOLVIMENTO DA EDUCACAO BASICA - FUNDEB - REGULARIZACAO DE EXERCICIOS ANTE;0,0;0,0;0,0
9342773;4477;2022-11-28 00:00:00;PM SAO GONCALO DO RIO ABAIXO;24.380.651/0001-12;1261;SEE;SECRETARIA DE ESTADO DE EDUCACAO;42;AUXILIOS;1;AUXILIOS;13;FUNDO DE MANUTENCAO E DESENVOLVIMENTO DA EDUCACAO BASICA - FUNDEB - REGULARIZACAO DE EXERCICIOS ANTE;100000,0;100000,0;100000,0
9342774;4153;2022-07-01 00:00:00;PM ITAPECERICA;18.308.742/0001-44;1261;SEE;SECRETARIA DE ESTADO DE EDUCACAO;42;AUXILIOS;1;AUXILIOS;13;FUNDO DE MANUTENCAO E DESENVOLVIMENTO DA EDUCACAO BASICA - FUNDEB - REGULARIZACAO DE EXERCICIOS ANTE;100000,0;100000,0;100000,0
9342775;4167;2022-07-01 00:00:00;PM CARATINGA;18.334.268/0001-25;1261;SEE;SECRETARIA DE ESTADO DE EDUCACAO;42;AUXILIOS;1;AUXILIOS;13;FUNDO DE MANUTENCAO E DESENVOLVIMENTO DA EDUCACAO BASICA - FUNDEB - REGULARIZACAO DE EXERCICIOS ANTE;0,0;0,0;0,0
9342775;4541;2022-12-01 00:00:00;PM CARATINGA;18.334.268/0001-25;1261;SEE;SECRETARIA DE ESTADO DE EDUCACAO;42;AUXILIOS;1;AUXILIOS;10;RECURSOS ORDINARIOS;50000,0;50000,0;0,0
9342776;4214;2022-07-01 00:00:00;PM MORRO DA GARCA;17.695.040/0001-06;1261;SEE;SECRETARIA DE ESTADO DE EDUCACAO;42;AUXILIOS;1;AUXILIOS;13;FUNDO DE MANUTENCAO E DESENVOLVIMENTO DA EDUCACAO BASICA - FUNDEB - REGULARIZACAO DE EXERCICIOS ANTE;99896,16;99896,16;99896,16
9342777;4217;2022-07-01 00:00:00;PM FRANCISCO SA;22.681.423/0001-57;1261;SEE;SECRETARIA DE ESTADO DE EDUCACAO;42;AUXILIOS;1;AUXILIOS;13;FUNDO DE MANUTENCAO E DESENVOLVIMENTO DA EDUCACAO BASICA - FUNDEB - REGULARIZACAO DE EXERCICIOS ANTE;0,0;0,0;0,0
9342777;4544;2022-12-01 00:00:00;PM FRANCISCO SA;22.681.423/0001-57;1261;SEE;SECRETARIA DE ESTADO DE EDUCACAO;42;AUXILIOS;1;AUXILIOS;10;RECURSOS ORDINARIOS;99571,92;99571,92;99571,92
9342778;4200;2022-07-01 00:00:00;PM SAO JOAO NEPOMUCENO;18.558.072/0001-14;1261;SEE;SECRETARIA DE ESTADO DE EDUCACAO;42;AUXILIOS;1;AUXILIOS;13;FUNDO DE MANUTENCAO E DESENVOLVIMENTO DA EDUCACAO BASICA - FUNDEB - REGULARIZACAO DE EXERCICIOS ANTE;0,0;0,0;0,0
9342778;4475;2022-11-28 00:00:00;PM SAO JOAO NEPOMUCENO;18.558.072/0001-14;1261;SEE;SECRETARIA DE ESTADO DE EDUCACAO;42;AUXILIOS;1;AUXILIOS;13;FUNDO DE MANUTENCAO E DESENVOLVIMENTO DA EDUCACAO BASICA - FUNDEB - REGULARIZACAO DE EXERCICIOS ANTE;150000,0;150000,0;150000,0
9342779;4178;2022-07-01 00:00:00;PM URUCUIA;25.223.850/0001-80;1261;SEE;SECRETARIA DE ESTADO DE EDUCACAO;42;AUXILIOS;1;AUXILIOS;13;FUNDO DE MANUTENCAO E DESENVOLVIMENTO DA EDUCACAO BASICA - FUNDEB - REGULARIZACAO DE EXERCICIOS ANTE;0,0;0,0;0,0
9342779;4480;2022-11-28 00:00:00;PM URUCUIA;25.223.850/0001-80;1261;SEE;SECRETARIA DE ESTADO DE EDUCACAO;42;AUXILIOS;1;AUXILIOS;13;FUNDO DE MANUTENCAO E DESENVOLVIMENTO DA EDUCACAO BASICA - FUNDEB - REGULARIZACAO DE EXERCICIOS ANTE;100000,0;100000,0;100000,0
9342780;4173;2022-07-01 00:00:00;PM PIEDADE DO RIO GRANDE;18.685.438/0001-16;1261;SEE;SECRETARIA DE ESTADO DE EDUCACAO;42;AUXILIOS;1;AUXILIOS;13;FUNDO DE MANUTENCAO E DESENVOLVIMENTO DA EDUCACAO BASICA - FUNDEB - REGULARIZACAO DE EXERCICIOS ANTE;199466,67;199466,67;199466,67
9342781;4158;2022-07-01 00:00:00;PM JAIBA;25.209.149/0001-06;1261;SEE;SECRETARIA DE ESTADO DE EDUCACAO;42;AUXILIOS;1;AUXILIOS;13;FUNDO DE MANUTENCAO E DESENVOLVIMENTO DA EDUCACAO BASICA - FUNDEB - REGULARIZACAO DE EXERCICIOS ANTE;0,0;0,0;0,0
9342781;4540;2022-12-01 00:00:00;PM JAIBA;25.209.149/0001-06;1261;SEE;SECRETARIA DE ESTADO DE EDUCACAO;42;AUXILIOS;1;AUXILIOS;10;RECURSOS ORDINARIOS;100000,0;100000,0;100000,0
9342782;4181;2022-07-01 00:00:00;PM SAO FRANCISCO DE SALES;18.457.283/0001-60;1261;SEE;SECRETARIA DE ESTADO DE EDUCACAO;42;AUXILIOS;1;AUXILIOS;10;RECURSOS ORDINARIOS;1637700,0;1637700,0;1637700,0
9342783;4216;2022-07-01 00:00:00;PM FRONTEIRA;18.449.140/0001-07;1261;SEE;SECRETARIA DE ESTADO DE EDUCACAO;42;AUXILIOS;1;AUXILIOS;13;FUNDO DE MANUTENCAO E DESENVOLVIMENTO DA EDUCACAO BASICA - FUNDEB - REGULARIZACAO DE EXERCICIOS ANTE;0,0;0,0;0,0
9342783;4476;2022-11-28 00:00:00;PM FRONTEIRA;18.449.140/0001-07;1261;SEE;SECRETARIA DE ESTADO DE EDUCACAO;42;AUXILIOS;1;AUXILIOS;13;FUNDO DE MANUTENCAO E DESENVOLVIMENTO DA EDUCACAO BASICA - FUNDEB - REGULARIZACAO DE EXERCICIOS ANTE;622200,0;622200,0;622200,0
9342784;4421;2022-11-23 00:00:00;PM BOM SUCESSO;18.244.368/0001-60;1261;SEE;SECRETARIA DE ESTADO DE EDUCACAO;42;AUXILIOS;1;AUXILIOS;13;FUNDO DE MANUTENCAO E DESENVOLVIMENTO DA EDUCACAO BASICA - FUNDEB - REGULARIZACAO DE EXERCICIOS ANTE;566933,87;566933,87;566933,87
9342785;4156;2022-07-01 00:00:00;PM GOVERNADOR VALADARES;20.622.890/0001-80;1261;SEE;SECRETARIA DE ESTADO DE EDUCACAO;42;AUXILIOS;1;AUXILIOS;13;FUNDO DE MANUTENCAO E DESENVOLVIMENTO DA EDUCACAO BASICA - FUNDEB - REGULARIZACAO DE EXERCICIOS ANTE;400000,0;400000,0;400000,0
9342786;4169;2022-07-01 00:00:00;PM PLANURA;18.449.157/0001-64;1261;SEE;SECRETARIA DE ESTADO DE EDUCACAO;42;AUXILIOS;1;AUXILIOS;13;FUNDO DE MANUTENCAO E DESENVOLVIMENTO DA EDUCACAO BASICA - FUNDEB - REGULARIZACAO DE EXERCICIOS ANTE;150900,0;150900,0;150900,0
9342787;4172;2022-07-01 00:00:00;PM PLANURA;18.449.157/0001-64;1261;SEE;SECRETARIA DE ESTADO DE EDUCACAO;42;AUXILIOS;1;AUXILIOS;13;FUNDO DE MANUTENCAO E DESENVOLVIMENTO DA EDUCACAO BASICA - FUNDEB - REGULARIZACAO DE EXERCICIOS ANTE;300000,0;300000,0;300000,0
9342788;4210;2022-07-01 00:00:00;PM MONTE CARMELO;18.593.103/0001-78;1261;SEE;SECRETARIA DE ESTADO DE EDUCACAO;42;AUXILIOS;1;AUXILIOS;13;FUNDO DE MANUTENCAO E DESENVOLVIMENTO DA EDUCACAO BASICA - FUNDEB - REGULARIZACAO DE EXERCICIOS ANTE;100000,0;100000,0;100000,0
9342789;4220;2022-07-01 00:00:00;PM PATOS DE MINAS;18.602.011/0001-07;1261;SEE;SECRETARIA DE ESTADO DE EDUCACAO;42;AUXILIOS;1;AUXILIOS;23;FUNDO DE MANUTENCAO E DESENVOLVIMENTO DA EDUCACAO BASICA - FUNDEB;0,0;0,0;0,0
9342789;4478;2022-11-28 00:00:00;PM PATOS DE MINAS;18.602.011/0001-07;1261;SEE;SECRETARIA DE ESTADO DE EDUCACAO;42;AUXILIOS;1;AUXILIOS;13;FUNDO DE MANUTENCAO E DESENVOLVIMENTO DA EDUCACAO BASICA - FUNDEB - REGULARIZACAO DE EXERCICIOS ANTE;564033,58;564033,58;564033,58
9342790;4433;2022-11-23 00:00:00;PM JEQUITIBA;18.062.208/0001-09;1261;SEE;SECRETARIA DE ESTADO DE EDUCACAO;42;AUXILIOS;1;AUXILIOS;13;FUNDO DE MANUTENCAO E DESENVOLVIMENTO DA EDUCACAO BASICA - FUNDEB - REGULARIZACAO DE EXERCICIOS ANTE;566933,87;566933,87;566933,87
9342791;4215;2022-07-01 00:00:00;PM DOM VICOSO;18.188.268/0001-64;1261;SEE;SECRETARIA DE ESTADO DE EDUCACAO;42;AUXILIOS;1;AUXILIOS;13;FUNDO DE MANUTENCAO E DESENVOLVIMENTO DA EDUCACAO BASICA - FUNDEB - REGULARIZACAO DE EXERCICIOS ANTE;0,0;0,0;0,0
9342791;4481;2022-11-28 00:00:00;PM DOM VICOSO;18.188.268/0001-64;1261;SEE;SECRETARIA DE ESTADO DE EDUCACAO;42;AUXILIOS;1;AUXILIOS;13;FUNDO DE MANUTENCAO E DESENVOLVIMENTO DA EDUCACAO BASICA - FUNDEB - REGULARIZACAO DE EXERCICIOS ANTE;100000,0;100000,0;100000,0
9342792;4434;2022-11-23 00:00:00;PM CAETE;18.302.299/0001-02;1261;SEE;SECRETARIA DE ESTADO DE EDUCACAO;42;AUXILIOS;1;AUXILIOS;13;FUNDO DE MANUTENCAO E DESENVOLVIMENTO DA EDUCACAO BASICA - FUNDEB - REGULARIZACAO DE EXERCICIOS ANTE;566933,87;566933,87;566933,87
9342793;4207;2022-07-01 00:00:00;PM SALTO DA DIVISA;18.347.401/0001-88;1261;SEE;SECRETARIA DE ESTADO DE EDUCACAO;42;AUXILIOS;1;AUXILIOS;13;FUNDO DE MANUTENCAO E DESENVOLVIMENTO DA EDUCACAO BASICA - FUNDEB - REGULARIZACAO DE EXERCICIOS ANTE;0,0;0,0;0,0
9342793;4543;2022-12-01 00:00:00;PM SALTO DA DIVISA;18.347.401/0001-88;1261;SEE;SECRETARIA DE ESTADO DE EDUCACAO;42;AUXILIOS;1;AUXILIOS;10;RECURSOS ORDINARIOS;99256,0;99256,0;99256,0
9342794;4185;2022-07-01 00:00:00;PM RUBIM;18.349.944/0001-34;1261;SEE;SECRETARIA DE ESTADO DE EDUCACAO;42;AUXILIOS;1;AUXILIOS;13;FUNDO DE MANUTENCAO E DESENVOLVIMENTO DA EDUCACAO BASICA - FUNDEB - REGULARIZACAO DE EXERCICIOS ANTE;200000,0;200000,0;200000,0
9342797;432;2022-07-01 00:00:00;PM NOVA SERRANA;18.291.385/0001-59;4491;FEC;FUNDO ESTADUAL DE CULTURA;41;CONTRIBUICOES;1;CONTRIBUICOES;59;OUTROS RECURSOS VINCULADOS;25041,75;25041,75;25041,75
9342797;433;2022-07-01 00:00:00;PM NOVA SERRANA;18.291.385/0001-59;4491;FEC;FUNDO ESTADUAL DE CULTURA;41;CONTRIBUICOES;1;CONTRIBUICOES;59;OUTROS RECURSOS VINCULADOS;24958,25;24958,25;24958,25
9342798;4212;2022-07-01 00:00:00;PM JEQUITINHONHA;18.083.659/0001-14;1261;SEE;SECRETARIA DE ESTADO DE EDUCACAO;42;AUXILIOS;1;AUXILIOS;13;FUNDO DE MANUTENCAO E DESENVOLVIMENTO DA EDUCACAO BASICA - FUNDEB - REGULARIZACAO DE EXERCICIOS ANTE;0,0;0,0;0,0
9342798;4546;2022-12-01 00:00:00;PM JEQUITINHONHA;18.083.659/0001-14;1261;SEE;SECRETARIA DE ESTADO DE EDUCACAO;42;AUXILIOS;1;AUXILIOS;10;RECURSOS ORDINARIOS;100000,0;100000,0;100000,0
9342799;4436;2022-11-23 00:00:00;PM TUPACIGUARA;18.260.489/0001-04;1261;SEE;SECRETARIA DE ESTADO DE EDUCACAO;42;AUXILIOS;1;AUXILIOS;13;FUNDO DE MANUTENCAO E DESENVOLVIMENTO DA EDUCACAO BASICA - FUNDEB - REGULARIZACAO DE EXERCICIOS ANTE;1106412,28;1106412,28;1106412,28
9342800;4177;2022-07-01 00:00:00;PM PRATINHA;18.585.570/0001-56;1261;SEE;SECRETARIA DE ESTADO DE EDUCACAO;42;AUXILIOS;1;AUXILIOS;13;FUNDO DE MANUTENCAO E DESENVOLVIMENTO DA EDUCACAO BASICA - FUNDEB - REGULARIZACAO DE EXERCICIOS ANTE;199780,74;199780,74;199780,74
9342801;4557;2022-12-01 00:00:00;PM CAETE;18.302.299/0001-02;1261;SEE;SECRETARIA DE ESTADO DE EDUCACAO;42;AUXILIOS;1;AUXILIOS;13;FUNDO DE MANUTENCAO E DESENVOLVIMENTO DA EDUCACAO BASICA - FUNDEB - REGULARIZACAO DE EXERCICIOS ANTE;1094876,01;1094876,01;1094876,01
9342802;4192;2022-07-01 00:00:00;PM RIO PARDO DE MINAS;24.212.862/0001-46;1261;SEE;SECRETARIA DE ESTADO DE EDUCACAO;42;AUXILIOS;1;AUXILIOS;13;FUNDO DE MANUTENCAO E DESENVOLVIMENTO DA EDUCACAO BASICA - FUNDEB - REGULARIZACAO DE EXERCICIOS ANTE;660000,0;660000,0;660000,0
9342803;4213;2022-07-01 00:00:00;PM PIRAPETINGA;18.092.825/0001-49;1261;SEE;SECRETARIA DE ESTADO DE EDUCACAO;42;AUXILIOS;1;AUXILIOS;13;FUNDO DE MANUTENCAO E DESENVOLVIMENTO DA EDUCACAO BASICA - FUNDEB - REGULARIZACAO DE EXERCICIOS ANTE;100000,0;100000,0;100000,0
9342804;4159;2022-07-01 00:00:00;PM AGUA BOA;18.085.563/0001-95;1261;SEE;SECRETARIA DE ESTADO DE EDUCACAO;42;AUXILIOS;1;AUXILIOS;13;FUNDO DE MANUTENCAO E DESENVOLVIMENTO DA EDUCACAO BASICA - FUNDEB - REGULARIZACAO DE EXERCICIOS ANTE;100000,0;100000,0;100000,0
9342805;4195;2022-07-01 00:00:00;PM CANAPOLIS;18.457.200/0001-33;1261;SEE;SECRETARIA DE ESTADO DE EDUCACAO;42;AUXILIOS;1;AUXILIOS;10;RECURSOS ORDINARIOS;1684300,0;1684300,0;1684300,0
9342806;4189;2022-07-01 00:00:00;PM ENGENHEIRO CALDAS;18.080.655/0001-82;1261;SEE;SECRETARIA DE ESTADO DE EDUCACAO;42;AUXILIOS;1;AUXILIOS;10;RECURSOS ORDINARIOS;3185200,0;3185200,0;3185200,0
9342807;4166;2022-07-01 00:00:00;PM CAETE;18.302.299/0001-02;1261;SEE;SECRETARIA DE ESTADO DE EDUCACAO;42;AUXILIOS;1;AUXILIOS;13;FUNDO DE MANUTENCAO E DESENVOLVIMENTO DA EDUCACAO BASICA - FUNDEB - REGULARIZACAO DE EXERCICIOS ANTE;100000,0;100000,0;100000,0
9342808;4155;2022-07-01 00:00:00;PM ITABIRA;18.299.446/0001-24;1261;SEE;SECRETARIA DE ESTADO DE EDUCACAO;42;AUXILIOS;1;AUXILIOS;13;FUNDO DE MANUTENCAO E DESENVOLVIMENTO DA EDUCACAO BASICA - FUNDEB - REGULARIZACAO DE EXERCICIOS ANTE;1200000,0;1200000,0;1200000,0
9342809;4168;2022-07-01 00:00:00;PM FELICIO DOS SANTOS;17.754.201/0001-87;1261;SEE;SECRETARIA DE ESTADO DE EDUCACAO;42;AUXILIOS;1;AUXILIOS;10;RECURSOS ORDINARIOS;2723900,0;2723900,0;2723900,0
9342810;4211;2022-07-01 00:00:00;PM MONTE CARMELO;18.593.103/0001-78;1261;SEE;SECRETARIA DE ESTADO DE EDUCACAO;42;AUXILIOS;1;AUXILIOS;13;FUNDO DE MANUTENCAO E DESENVOLVIMENTO DA EDUCACAO BASICA - FUNDEB - REGULARIZACAO DE EXERCICIOS ANTE;100000,0;100000,0;100000,0
9342811;4183;2022-07-01 00:00:00;PM SOLEDADE DE MINAS;18.188.235/0001-14;1261;SEE;SECRETARIA DE ESTADO DE EDUCACAO;42;AUXILIOS;1;AUXILIOS;10;RECURSOS ORDINARIOS;530000,0;530000,0;530000,0
9342812;4194;2022-07-01 00:00:00;PM UNIAO DE MINAS;01.051.819/0001-40;1261;SEE;SECRETARIA DE ESTADO DE EDUCACAO;42;AUXILIOS;1;AUXILIOS;10;RECURSOS ORDINARIOS;359300,0;359300,0;359300,0
9342814;130;2022-07-01 00:00:00;PM SIMONESIA;18.385.120/0001-10;1261;SEE;SECRETARIA DE ESTADO DE EDUCACAO;42;AUXILIOS;1;AUXILIOS;13;FUNDO DE MANUTENCAO E DESENVOLVIMENTO DA EDUCACAO BASICA - FUNDEB - REGULARIZACAO DE EXERCICIOS ANTE;1270000,0;1270000,0;1270000,0
9342814;180;2022-12-07 00:00:00;PM SIMONESIA;18.385.120/0001-10;1261;SEE;SECRETARIA DE ESTADO DE EDUCACAO;42;AUXILIOS;1;AUXILIOS;10;RECURSOS ORDINARIOS;1900000,0;0,0;0,0
9342816;309;2022-07-01 00:00:00;PM DESCOBERTO;18.558.098/0001-62;1301;SEINFRA;SECRETARIA DE ESTADO DE INFRAESTRUTURA E MOBILIDADE;42;AUXILIOS;1;AUXILIOS;10;RECURSOS ORDINARIOS;300000,0;300000,0;300000,0
9342818;5788;2022-07-01 00:00:00;PM ITAMBACURI;18.404.855/0001-43;1491;SEGOV;SECRETARIA DE ESTADO DE GOVERNO;42;AUXILIOS;1;AUXILIOS;10;RECURSOS ORDINARIOS;550000,0;550000,0;550000,0
9342820;314;2022-07-01 00:00:00;PM IJACI;18.244.400/0001-08;1301;SEINFRA;SECRETARIA DE ESTADO DE INFRAESTRUTURA E MOBILIDADE;42;AUXILIOS;1;AUXILIOS;10;RECURSOS ORDINARIOS;250000,0;250000,0;250000,0
9342821;316;2022-07-01 00:00:00;PM LAGOA GRANDE;23.097.454/0001-28;1301;SEINFRA;SECRETARIA DE ESTADO DE INFRAESTRUTURA E MOBILIDADE;42;AUXILIOS;1;AUXILIOS;32;EXPLORACAO DE RECURSOS MINERAIS;700000,0;700000,0;700000,0
9342823;312;2022-07-01 00:00:00;PM SANTA ROSA DA SERRA;18.192.252/0001-25;1301;SEINFRA;SECRETARIA DE ESTADO DE INFRAESTRUTURA E MOBILIDADE;42;AUXILIOS;1;AUXILIOS;32;EXPLORACAO DE RECURSOS MINERAIS;500000,0;500000,0;500000,0
9342824;313;2022-07-01 00:00:00;PM RIO VERMELHO;18.303.255/0001-99;1301;SEINFRA;SECRETARIA DE ESTADO DE INFRAESTRUTURA E MOBILIDADE;42;AUXILIOS;1;AUXILIOS;32;EXPLORACAO DE RECURSOS MINERAIS;500000,0;500000,0;500000,0
9342825;315;2022-07-01 00:00:00;PM GRAO MOGOL;20.716.627/0001-50;1301;SEINFRA;SECRETARIA DE ESTADO DE INFRAESTRUTURA E MOBILIDADE;42;AUXILIOS;1;AUXILIOS;32;EXPLORACAO DE RECURSOS MINERAIS;400000,0;400000,0;400000,0
9342828;4191;2022-07-01 00:00:00;PM SERRANOPOLIS DE MINAS;01.612.501/0001-91;1261;SEE;SECRETARIA DE ESTADO DE EDUCACAO;42;AUXILIOS;1;AUXILIOS;13;FUNDO DE MANUTENCAO E DESENVOLVIMENTO DA EDUCACAO BASICA - FUNDEB - REGULARIZACAO DE EXERCICIOS ANTE;100000,0;100000,0;100000,0
9342830;4196;2022-07-01 00:00:00;PM ITAMARANDIBA;16.886.871/0001-94;1261;SEE;SECRETARIA DE ESTADO DE EDUCACAO;42;AUXILIOS;1;AUXILIOS;13;FUNDO DE MANUTENCAO E DESENVOLVIMENTO DA EDUCACAO BASICA - FUNDEB - REGULARIZACAO DE EXERCICIOS ANTE;150000,0;150000,0;150000,0
9342831;4193;2022-07-01 00:00:00;PM MATEUS LEME;18.715.433/0001-99;1261;SEE;SECRETARIA DE ESTADO DE EDUCACAO;42;AUXILIOS;1;AUXILIOS;13;FUNDO DE MANUTENCAO E DESENVOLVIMENTO DA EDUCACAO BASICA - FUNDEB - REGULARIZACAO DE EXERCICIOS ANTE;98613,7;98613,7;98613,7
9342833;4458;2022-11-25 00:00:00;PM SANTA BARBARA DO MONTE VERDE;01.611.138/0001-90;1261;SEE;SECRETARIA DE ESTADO DE EDUCACAO;42;AUXILIOS;1;AUXILIOS;13;FUNDO DE MANUTENCAO E DESENVOLVIMENTO DA EDUCACAO BASICA - FUNDEB - REGULARIZACAO DE EXERCICIOS ANTE;100000,0;100000,0;100000,0
9342834;4520;2022-11-30 00:00:00;PM PAI PEDRO;01.612.479/0001-80;1261;SEE;SECRETARIA DE ESTADO DE EDUCACAO;42;AUXILIOS;1;AUXILIOS;10;RECURSOS ORDINARIOS;112200,0;112200,0;112200,0
9342835;4526;2022-11-30 00:00:00;PM MURIAE;17.947.581/0001-76;1261;SEE;SECRETARIA DE ESTADO DE EDUCACAO;42;AUXILIOS;1;AUXILIOS;10;RECURSOS ORDINARIOS;1718475,27;1718475,27;1718475,27
9342836;4422;2022-11-23 00:00:00;PM SANTA BARBARA DO MONTE VERDE;01.611.138/0001-90;1261;SEE;SECRETARIA DE ESTADO DE EDUCACAO;42;AUXILIOS;1;AUXILIOS;13;FUNDO DE MANUTENCAO E DESENVOLVIMENTO DA EDUCACAO BASICA - FUNDEB - REGULARIZACAO DE EXERCICIOS ANTE;838500,0;838500,0;838500,0
9342838;4530;2022-11-30 00:00:00;PM PAI PEDRO;01.612.479/0001-80;1261;SEE;SECRETARIA DE ESTADO DE EDUCACAO;42;AUXILIOS;1;AUXILIOS;10;RECURSOS ORDINARIOS;1871700,0;1871700,0;1871700,0
9342839;4438;2022-11-23 00:00:00;PM PRATAPOLIS;18.241.356/0001-82;1261;SEE;SECRETARIA DE ESTADO DE EDUCACAO;42;AUXILIOS;1;AUXILIOS;13;FUNDO DE MANUTENCAO E DESENVOLVIMENTO DA EDUCACAO BASICA - FUNDEB - REGULARIZACAO DE EXERCICIOS ANTE;572825,09;572825,09;572825,09
9342840;4524;2022-11-30 00:00:00;PM MINAS NOVAS;22.516.405/0001-10;1261;SEE;SECRETARIA DE ESTADO DE EDUCACAO;42;AUXILIOS;1;AUXILIOS;10;RECURSOS ORDINARIOS;566933,87;566933,87;566933,87
9342841;4645;2022-12-23 00:00:00;PM JAPONVAR;01.612.476/0001-46;1261;SEE;SECRETARIA DE ESTADO DE EDUCACAO;42;AUXILIOS;1;AUXILIOS;10;RECURSOS ORDINARIOS;763439,23;763439,23;0,0
9342842;4427;2022-11-23 00:00:00;PM PASSA QUATRO;23.245.806/0001-45;1261;SEE;SECRETARIA DE ESTADO DE EDUCACAO;42;AUXILIOS;1;AUXILIOS;13;FUNDO DE MANUTENCAO E DESENVOLVIMENTO DA EDUCACAO BASICA - FUNDEB - REGULARIZACAO DE EXERCICIOS ANTE;1168393,33;1168393,33;1168393,33
9342843;4514;2022-11-30 00:00:00;PM CAMPO DO MEIO;18.239.582/0001-29;1261;SEE;SECRETARIA DE ESTADO DE EDUCACAO;42;AUXILIOS;1;AUXILIOS;10;RECURSOS ORDINARIOS;201633,33;201633,33;201633,33
9342844;4425;2022-11-23 00:00:00;PM DELFIM MOREIRA;18.025.924/0001-08;1261;SEE;SECRETARIA DE ESTADO DE EDUCACAO;42;AUXILIOS;1;AUXILIOS;13;FUNDO DE MANUTENCAO E DESENVOLVIMENTO DA EDUCACAO BASICA - FUNDEB - REGULARIZACAO DE EXERCICIOS ANTE;99997,6;99997,6;99997,6
9342845;4423;2022-11-23 00:00:00;PM ITAU DE MINAS;23.767.031/0001-78;1261;SEE;SECRETARIA DE ESTADO DE EDUCACAO;42;AUXILIOS;1;AUXILIOS;13;FUNDO DE MANUTENCAO E DESENVOLVIMENTO DA EDUCACAO BASICA - FUNDEB - REGULARIZACAO DE EXERCICIOS ANTE;530000,0;530000,0;530000,0
9342847;4420;2022-11-23 00:00:00;PM BOA ESPERANCA;18.239.590/0001-75;1261;SEE;SECRETARIA DE ESTADO DE EDUCACAO;42;AUXILIOS;1;AUXILIOS;13;FUNDO DE MANUTENCAO E DESENVOLVIMENTO DA EDUCACAO BASICA - FUNDEB - REGULARIZACAO DE EXERCICIOS ANTE;200000,0;200000,0;200000,0
9342848;4648;2022-12-23 00:00:00;PM TIROS;18.602.094/0001-34;1261;SEE;SECRETARIA DE ESTADO DE EDUCACAO;42;AUXILIOS;1;AUXILIOS;10;RECURSOS ORDINARIOS;602800,0;602800,0;602800,0
9342849;4518;2022-11-30 00:00:00;PM SENHORA DE OLIVEIRA;23.515.703/0001-58;1261;SEE;SECRETARIA DE ESTADO DE EDUCACAO;42;AUXILIOS;1;AUXILIOS;10;RECURSOS ORDINARIOS;300000,0;300000,0;0,0
9342850;4439;2022-11-23 00:00:00;PM MADRE DE DEUS DE MINAS;18.029.371/0001-61;1261;SEE;SECRETARIA DE ESTADO DE EDUCACAO;42;AUXILIOS;1;AUXILIOS;13;FUNDO DE MANUTENCAO E DESENVOLVIMENTO DA EDUCACAO BASICA - FUNDEB - REGULARIZACAO DE EXERCICIOS ANTE;219291,33;219291,33;219291,33
9342851;4532;2022-11-30 00:00:00;PM MANGA;18.270.447/0001-46;1261;SEE;SECRETARIA DE ESTADO DE EDUCACAO;42;AUXILIOS;1;AUXILIOS;10;RECURSOS ORDINARIOS;1710500,0;1710500,0;1710500,0
9342852;4428;2022-11-23 00:00:00;PM MAR DE ESPANHA;18.535.658/0001-63;1261;SEE;SECRETARIA DE ESTADO DE EDUCACAO;42;AUXILIOS;1;AUXILIOS;13;FUNDO DE MANUTENCAO E DESENVOLVIMENTO DA EDUCACAO BASICA - FUNDEB - REGULARIZACAO DE EXERCICIOS ANTE;1500293,33;1500293,33;1500293,33
9342853;4646;2022-12-23 00:00:00;PM RIO DO PRADO;18.349.936/0001-98;1261;SEE;SECRETARIA DE ESTADO DE EDUCACAO;42;AUXILIOS;1;AUXILIOS;10;RECURSOS ORDINARIOS;110000,0;110000,0;110000,0
9342854;4519;2022-11-30 00:00:00;PM ITAOBIM;18.414.573/0001-27;1261;SEE;SECRETARIA DE ESTADO DE EDUCACAO;42;AUXILIOS;1;AUXILIOS;10;RECURSOS ORDINARIOS;200000,0;200000,0;200000,0
9342855;4435;2022-11-23 00:00:00;PM JECEABA;20.356.739/0001-48;1261;SEE;SECRETARIA DE ESTADO DE EDUCACAO;42;AUXILIOS;1;AUXILIOS;13;FUNDO DE MANUTENCAO E DESENVOLVIMENTO DA EDUCACAO BASICA - FUNDEB - REGULARIZACAO DE EXERCICIOS ANTE;572825,09;572825,09;572825,09
9342856;4424;2022-11-23 00:00:00;PM ORIZANIA;01.616.271/0001-39;1261;SEE;SECRETARIA DE ESTADO DE EDUCACAO;42;AUXILIOS;1;AUXILIOS;13;FUNDO DE MANUTENCAO E DESENVOLVIMENTO DA EDUCACAO BASICA - FUNDEB - REGULARIZACAO DE EXERCICIOS ANTE;200000,0;200000,0;200000,0
9342857;4426;2022-11-23 00:00:00;PM UNIAO DE MINAS;01.051.819/0001-40;1261;SEE;SECRETARIA DE ESTADO DE EDUCACAO;42;AUXILIOS;1;AUXILIOS;13;FUNDO DE MANUTENCAO E DESENVOLVIMENTO DA EDUCACAO BASICA - FUNDEB - REGULARIZACAO DE EXERCICIOS ANTE;100000,0;100000,0;100000,0
9342858;4515;2022-11-30 00:00:00;PM CARLOS CHAGAS;18.477.315/0001-90;1261;SEE;SECRETARIA DE ESTADO DE EDUCACAO;42;AUXILIOS;1;AUXILIOS;10;RECURSOS ORDINARIOS;199514,13;199514,13;199514,13
9342859;4650;2022-12-23 00:00:00;PM CHACARA;18.338.137/0001-16;1261;SEE;SECRETARIA DE ESTADO DE EDUCACAO;42;AUXILIOS;1;AUXILIOS;10;RECURSOS ORDINARIOS;1492600,0;1492600,0;1492600,0
9342860;4525;2022-11-30 00:00:00;PM CONSELHEIRO PENA;19.769.660/0001-60;1261;SEE;SECRETARIA DE ESTADO DE EDUCACAO;42;AUXILIOS;1;AUXILIOS;10;RECURSOS ORDINARIOS;455814,97;455814,97;455814,97
9342861;4437;2022-11-23 00:00:00;PM VESPASIANO;18.715.425/0001-42;1261;SEE;SECRETARIA DE ESTADO DE EDUCACAO;42;AUXILIOS;1;AUXILIOS;13;FUNDO DE MANUTENCAO E DESENVOLVIMENTO DA EDUCACAO BASICA - FUNDEB - REGULARIZACAO DE EXERCICIOS ANTE;1133867,74;1133867,74;1133867,74
9342864;4419;2022-11-23 00:00:00;PM BOA ESPERANCA;18.239.590/0001-75;1261;SEE;SECRETARIA DE ESTADO DE EDUCACAO;42;AUXILIOS;1;AUXILIOS;13;FUNDO DE MANUTENCAO E DESENVOLVIMENTO DA EDUCACAO BASICA - FUNDEB - REGULARIZACAO DE EXERCICIOS ANTE;1227100,0;1227100,0;1227100,0
9342881;5789;2022-07-01 00:00:00;PM GUIMARANIA;18.602.052/0001-01;1491;SEGOV;SECRETARIA DE ESTADO DE GOVERNO;42;AUXILIOS;1;AUXILIOS;10;RECURSOS ORDINARIOS;226413,34;226413,34;226413,34
9342882;380;2022-11-10 00:00:00;PM CAPUTIRA;18.385.138/0001-11;1301;SEINFRA;SECRETARIA DE ESTADO DE INFRAESTRUTURA E MOBILIDADE;42;AUXILIOS;1;AUXILIOS;32;EXPLORACAO DE RECURSOS MINERAIS;250000,0;250000,0;250000,0
9342883;832;2022-12-23 00:00:00;CONSORCIO REGIONAL DE SANEAMENTO BASICO CONSANE;24.990.099/0001-84;1371;SEMAD;SECRETARIA DE ESTADO DE MEIO AMBIENTE E DESENVOLVIMENTO SUSTENTAVEL;41;CONTRIBUICOES;1;CONTRIBUICOES;31;UTILIZACAO DE RECURSOS HIDRICOS;971866,66;971866,66;0,0
9342887;4529;2022-11-30 00:00:00;PM CARMESIA;18.303.172/0001-08;1261;SEE;SECRETARIA DE ESTADO DE EDUCACAO;42;AUXILIOS;1;AUXILIOS;10;RECURSOS ORDINARIOS;1637700,0;1637700,0;1637700,0
9342888;4432;2022-11-23 00:00:00;PM BELMIRO BRAGA;18.338.129/0001-70;1261;SEE;SECRETARIA DE ESTADO DE EDUCACAO;42;AUXILIOS;1;AUXILIOS;13;FUNDO DE MANUTENCAO E DESENVOLVIMENTO DA EDUCACAO BASICA - FUNDEB - REGULARIZACAO DE EXERCICIOS ANTE;744200,0;744200,0;744200,0
9342889;4440;2022-11-23 00:00:00;PM MONSENHOR PAULO;22.541.874/0001-99;1261;SEE;SECRETARIA DE ESTADO DE EDUCACAO;42;AUXILIOS;1;AUXILIOS;13;FUNDO DE MANUTENCAO E DESENVOLVIMENTO DA EDUCACAO BASICA - FUNDEB - REGULARIZACAO DE EXERCICIOS ANTE;150000,0;150000,0;150000,0
9342890;4531;2022-11-30 00:00:00;PM PONTO CHIQUE;01.612.500/0001-47;1261;SEE;SECRETARIA DE ESTADO DE EDUCACAO;42;AUXILIOS;1;AUXILIOS;10;RECURSOS ORDINARIOS;1347000,0;1347000,0;1347000,0
9342891;4443;2022-11-23 00:00:00;PM SAO SEBASTIAO DA BELA VISTA;17.935.370/0001-13;1261;SEE;SECRETARIA DE ESTADO DE EDUCACAO;42;AUXILIOS;1;AUXILIOS;13;FUNDO DE MANUTENCAO E DESENVOLVIMENTO DA EDUCACAO BASICA - FUNDEB - REGULARIZACAO DE EXERCICIOS ANTE;1561200,0;1561200,0;1561200,0
9342892;4444;2022-11-24 00:00:00;PM CRISTAIS;17.888.082/0001-55;1261;SEE;SECRETARIA DE ESTADO DE EDUCACAO;42;AUXILIOS;1;AUXILIOS;13;FUNDO DE MANUTENCAO E DESENVOLVIMENTO DA EDUCACAO BASICA - FUNDEB - REGULARIZACAO DE EXERCICIOS ANTE;1559900,0;1559900,0;1559900,0
9342893;4449;2022-11-24 00:00:00;PM ITABIRITO;18.307.835/0001-54;1261;SEE;SECRETARIA DE ESTADO DE EDUCACAO;42;AUXILIOS;1;AUXILIOS;13;FUNDO DE MANUTENCAO E DESENVOLVIMENTO DA EDUCACAO BASICA - FUNDEB - REGULARIZACAO DE EXERCICIOS ANTE;100000,0;100000,0;0,0
9342894;4448;2022-11-24 00:00:00;PM ITABIRITO;18.307.835/0001-54;1261;SEE;SECRETARIA DE ESTADO DE EDUCACAO;42;AUXILIOS;1;AUXILIOS;13;FUNDO DE MANUTENCAO E DESENVOLVIMENTO DA EDUCACAO BASICA - FUNDEB - REGULARIZACAO DE EXERCICIOS ANTE;100000,0;100000,0;100000,0
9342896;4447;2022-11-24 00:00:00;PM ITABIRITO;18.307.835/0001-54;1261;SEE;SECRETARIA DE ESTADO DE EDUCACAO;42;AUXILIOS;1;AUXILIOS;13;FUNDO DE MANUTENCAO E DESENVOLVIMENTO DA EDUCACAO BASICA - FUNDEB - REGULARIZACAO DE EXERCICIOS ANTE;100000,0;100000,0;100000,0
9342897;4446;2022-11-24 00:00:00;PM ITABIRITO;18.307.835/0001-54;1261;SEE;SECRETARIA DE ESTADO DE EDUCACAO;42;AUXILIOS;1;AUXILIOS;13;FUNDO DE MANUTENCAO E DESENVOLVIMENTO DA EDUCACAO BASICA - FUNDEB - REGULARIZACAO DE EXERCICIOS ANTE;198078,0;198078,0;198078,0
9342898;4450;2022-11-24 00:00:00;PM ITABIRITO;18.307.835/0001-54;1261;SEE;SECRETARIA DE ESTADO DE EDUCACAO;42;AUXILIOS;1;AUXILIOS;13;FUNDO DE MANUTENCAO E DESENVOLVIMENTO DA EDUCACAO BASICA - FUNDEB - REGULARIZACAO DE EXERCICIOS ANTE;299039,0;299039,0;299039,0
9342899;4517;2022-11-30 00:00:00;PM LIMA DUARTE;18.338.186/0001-59;1261;SEE;SECRETARIA DE ESTADO DE EDUCACAO;42;AUXILIOS;1;AUXILIOS;10;RECURSOS ORDINARIOS;200000,0;200000,0;200000,0
9342902;4523;2022-11-30 00:00:00;PM CRISTALIA;18.017.434/0001-60;1261;SEE;SECRETARIA DE ESTADO DE EDUCACAO;42;AUXILIOS;1;AUXILIOS;10;RECURSOS ORDINARIOS;566933,87;566933,87;566933,87
9342903;4516;2022-11-30 00:00:00;PM ALPERCATA;18.332.627/0001-05;1261;SEE;SECRETARIA DE ESTADO DE EDUCACAO;42;AUXILIOS;1;AUXILIOS;10;RECURSOS ORDINARIOS;100000,0;100000,0;100000,0
9342904;4442;2022-11-23 00:00:00;PM JOAO PINHEIRO;16.930.299/0001-13;1261;SEE;SECRETARIA DE ESTADO DE EDUCACAO;42;AUXILIOS;1;AUXILIOS;13;FUNDO DE MANUTENCAO E DESENVOLVIMENTO DA EDUCACAO BASICA - FUNDEB - REGULARIZACAO DE EXERCICIOS ANTE;2395900,01;2395900,01;2395900,01
9342905;4441;2022-11-23 00:00:00;PM PIRANGA;23.515.687/0001-01;1261;SEE;SECRETARIA DE ESTADO DE EDUCACAO;42;AUXILIOS;1;AUXILIOS;13;FUNDO DE MANUTENCAO E DESENVOLVIMENTO DA EDUCACAO BASICA - FUNDEB - REGULARIZACAO DE EXERCICIOS ANTE;100000,0;100000,0;100000,0
9342906;4533;2022-11-30 00:00:00;PM MONTALVANIA;17.097.791/0001-12;1261;SEE;SECRETARIA DE ESTADO DE EDUCACAO;42;AUXILIOS;1;AUXILIOS;10;RECURSOS ORDINARIOS;675600,0;675600,0;675600,0
9342907;4649;2022-12-23 00:00:00;PM LEME DO PRADO;01.587.109/0001-30;1261;SEE;SECRETARIA DE ESTADO DE EDUCACAO;42;AUXILIOS;1;AUXILIOS;10;RECURSOS ORDINARIOS;1433800,0;1433800,0;1433800,0
9342919;387;2022-11-21 00:00:00;PM CAPIM BRANCO;18.314.617/0001-47;1301;SEINFRA;SECRETARIA DE ESTADO DE INFRAESTRUTURA E MOBILIDADE;42;AUXILIOS;1;AUXILIOS;32;EXPLORACAO DE RECURSOS MINERAIS;470000,0;470000,0;470000,0
9342920;388;2022-11-21 00:00:00;PM ARAPONGA;18.132.167/0001-71;1301;SEINFRA;SECRETARIA DE ESTADO DE INFRAESTRUTURA E MOBILIDADE;42;AUXILIOS;1;AUXILIOS;10;RECURSOS ORDINARIOS;400000,0;400000,0;400000,0
9342921;389;2022-11-21 00:00:00;PM ENTRE FOLHAS;66.229.626/0001-82;1301;SEINFRA;SECRETARIA DE ESTADO DE INFRAESTRUTURA E MOBILIDADE;42;AUXILIOS;1;AUXILIOS;10;RECURSOS ORDINARIOS;600000,0;600000,0;600000,0
9342948;57;2022-07-11 00:00:00;APAC DE ALMENARA;27.969.868/0001-50;1451;SEJUSP;SECRETARIA DE ESTADO DE JUSTICA E SEGURANCA PUBLICA;43;SUBVENCOES SOCIAIS;1;SUBVENCOES SOCIAIS;10;RECURSOS ORDINARIOS;503721,0;503721,0;503721,0
9342948;74;2022-11-04 00:00:00;APAC DE ALMENARA;27.969.868/0001-50;1451;SEJUSP;SECRETARIA DE ESTADO DE JUSTICA E SEGURANCA PUBLICA;43;SUBVENCOES SOCIAIS;1;SUBVENCOES SOCIAIS;27;TAXA DE SEGURANCA PUBLICA;377228,25;377228,25;377228,25
9344202;1630;2022-08-11 00:00:00;APROMIV-ASSOC. DE PROTECAO A MATERNIDADE,INFANCIA E VELHICE;16.697.088/0001-82;4251;FEAS;FUNDO ESTADUAL DE ASSISTENCIA SOCIAL;42;AUXILIOS;1;AUXILIOS;71;RECURSOS DO FUNDO ESTADUAL DE ERRADICACAO DA MISERIA;114983,97;114983,97;114983,97
9344205;1626;2022-08-11 00:00:00;ASSOC. LAR DE IDOSOS DONA INES MARIA DE JESUS;23.370.265/0001-87;4251;FEAS;FUNDO ESTADUAL DE ASSISTENCIA SOCIAL;43;SUBVENCOES SOCIAIS;1;SUBVENCOES SOCIAIS;71;RECURSOS DO FUNDO ESTADUAL DE ERRADICACAO DA MISERIA;509,43;509,43;509,43
9344205;1627;2022-08-11 00:00:00;ASSOC. LAR DE IDOSOS DONA INES MARIA DE JESUS;23.370.265/0001-87;4251;FEAS;FUNDO ESTADUAL DE ASSISTENCIA SOCIAL;42;AUXILIOS;1;AUXILIOS;71;RECURSOS DO FUNDO ESTADUAL DE ERRADICACAO DA MISERIA;104172,85;104172,85;104172,85
9344206;1628;2022-08-11 00:00:00;SOCIEDADE VILA DOS POBRES SANTO ANTONIO;19.565.720/0001-22;4251;FEAS;FUNDO ESTADUAL DE ASSISTENCIA SOCIAL;43;SUBVENCOES SOCIAIS;1;SUBVENCOES SOCIAIS;71;RECURSOS DO FUNDO ESTADUAL DE ERRADICACAO DA MISERIA;29038,11;29038,11;29038,11
9344206;1629;2022-08-11 00:00:00;SOCIEDADE VILA DOS POBRES SANTO ANTONIO;19.565.720/0001-22;4251;FEAS;FUNDO ESTADUAL DE ASSISTENCIA SOCIAL;42;AUXILIOS;1;AUXILIOS;71;RECURSOS DO FUNDO ESTADUAL DE ERRADICACAO DA MISERIA;85929,5;85929,5;85929,5
9344213;1625;2022-08-11 00:00:00;ASSOCIACAO BENEFICIENTE FONTE DE VIDA NOVA;16.822.752/0001-78;4251;FEAS;FUNDO ESTADUAL DE ASSISTENCIA SOCIAL;42;AUXILIOS;1;AUXILIOS;71;RECURSOS DO FUNDO ESTADUAL DE ERRADICACAO DA MISERIA;114190,0;114190,0;114190,0
9344214;1619;2022-08-08 00:00:00;ASSOCIACAO DOS SERVOS BOM PASTOR;71.196.026/0001-03;4251;FEAS;FUNDO ESTADUAL DE ASSISTENCIA SOCIAL;43;SUBVENCOES SOCIAIS;1;SUBVENCOES SOCIAIS;71;RECURSOS DO FUNDO ESTADUAL DE ERRADICACAO DA MISERIA;43600,0;43600,0;43600,0
9344214;1620;2022-08-08 00:00:00;ASSOCIACAO DOS SERVOS BOM PASTOR;71.196.026/0001-03;4251;FEAS;FUNDO ESTADUAL DE ASSISTENCIA SOCIAL;42;AUXILIOS;1;AUXILIOS;71;RECURSOS DO FUNDO ESTADUAL DE ERRADICACAO DA MISERIA;71400,0;71400,0;71400,0
9344215;1623;2022-08-10 00:00:00;ASSOCIACAO MUNICIPAL DE APOIO COMUNITARIO;20.439.311/0001-69;4251;FEAS;FUNDO ESTADUAL DE ASSISTENCIA SOCIAL;43;SUBVENCOES SOCIAIS;1;SUBVENCOES SOCIAIS;71;RECURSOS DO FUNDO ESTADUAL DE ERRADICACAO DA MISERIA;43834,9;43834,9;43834,9
9344215;1624;2022-08-10 00:00:00;ASSOCIACAO MUNICIPAL DE APOIO COMUNITARIO;20.439.311/0001-69;4251;FEAS;FUNDO ESTADUAL DE ASSISTENCIA SOCIAL;42;AUXILIOS;1;AUXILIOS;71;RECURSOS DO FUNDO ESTADUAL DE ERRADICACAO DA MISERIA;71158,8;71158,8;71158,8
9344216;1618;2022-08-08 00:00:00;CONSELHO CENTRAL DE SANTOS DUMONT SOCIEDADE SAO VICENTE DE PAULO;24.577.975/0001-45;4251;FEAS;FUNDO ESTADUAL DE ASSISTENCIA SOCIAL;43;SUBVENCOES SOCIAIS;1;SUBVENCOES SOCIAIS;71;RECURSOS DO FUNDO ESTADUAL DE ERRADICACAO DA MISERIA;114817,63;114817,63;114817,63
9344217;75;2022-08-01 00:00:00;INSTITUTO EDUCACAO E CIDADANIA;07.423.378/0001-47;1481;SEDESE;SECRETARIA DE ESTADO DE DESENVOLVIMENTO SOCIAL;43;SUBVENCOES SOCIAIS;1;SUBVENCOES SOCIAIS;71;RECURSOS DO FUNDO ESTADUAL DE ERRADICACAO DA MISERIA;0,0;0,0;0,0
9344217;76;2022-08-01 00:00:00;INSTITUTO EDUCACAO E CIDADANIA;07.423.378/0001-47;1481;SEDESE;SECRETARIA DE ESTADO DE DESENVOLVIMENTO SOCIAL;43;SUBVENCOES SOCIAIS;1;SUBVENCOES SOCIAIS;71;RECURSOS DO FUNDO ESTADUAL DE ERRADICACAO DA MISERIA;497090,0;497090,0;497090,0
9344219;74;2022-08-01 00:00:00;ASSOCIACAO DOS ASSENTADOS FAMILIAR DO ASSENTAMENTO 1 DO SUL DE CAMPO D;02.046.165/0001-20;1481;SEDESE;SECRETARIA DE ESTADO DE DESENVOLVIMENTO SOCIAL;43;SUBVENCOES SOCIAIS;1;SUBVENCOES SOCIAIS;71;RECURSOS DO FUNDO ESTADUAL DE ERRADICACAO DA MISERIA;0,0;0,0;0,0
9344219;77;2022-08-01 00:00:00;ASSOCIACAO DOS ASSENTADOS FAMILIAR DO ASSENTAMENTO 1 DO SUL DE CAMPO D;02.046.165/0001-20;1481;SEDESE;SECRETARIA DE ESTADO DE DESENVOLVIMENTO SOCIAL;43;SUBVENCOES SOCIAIS;1;SUBVENCOES SOCIAIS;71;RECURSOS DO FUNDO ESTADUAL DE ERRADICACAO DA MISERIA;0,0;0,0;0,0
9344219;78;2022-08-01 00:00:00;ASSOCIACAO DOS ASSENTADOS FAMILIAR DO ASSENTAMENTO 1 DO SUL DE CAMPO D;02.046.165/0001-20;1481;SEDESE;SECRETARIA DE ESTADO DE DESENVOLVIMENTO SOCIAL;43;SUBVENCOES SOCIAIS;1;SUBVENCOES SOCIAIS;71;RECURSOS DO FUNDO ESTADUAL DE ERRADICACAO DA MISERIA;250000,0;250000,0;250000,0
9344219;117;2022-12-28 00:00:00;ASSOCIACAO DOS ASSENTADOS FAMILIAR DO ASSENTAMENTO 1 DO SUL DE CAMPO D;02.046.165/0001-20;1481;SEDESE;SECRETARIA DE ESTADO DE DESENVOLVIMENTO SOCIAL;43;SUBVENCOES SOCIAIS;1;SUBVENCOES SOCIAIS;10;RECURSOS ORDINARIOS;250000,0;250000,0;250000,0
9344565;1621;2022-08-10 00:00:00;INSTITUTO JURIDICO PARA EFETIVACAO DA CIDADANIA - MINAS GERAIS IJUCI/M;03.893.350/0001-12;4251;FEAS;FUNDO ESTADUAL DE ASSISTENCIA SOCIAL;43;SUBVENCOES SOCIAIS;1;SUBVENCOES SOCIAIS;71;RECURSOS DO FUNDO ESTADUAL DE ERRADICACAO DA MISERIA;12437,36;12437,36;12437,36
9344565;1622;2022-08-10 00:00:00;INSTITUTO JURIDICO PARA EFETIVACAO DA CIDADANIA - MINAS GERAIS IJUCI/M;03.893.350/0001-12;4251;FEAS;FUNDO ESTADUAL DE ASSISTENCIA SOCIAL;42;AUXILIOS;1;AUXILIOS;71;RECURSOS DO FUNDO ESTADUAL DE ERRADICACAO DA MISERIA;102532,41;102532,41;102532,41
9344779;80;2022-08-03 00:00:00;ASSOCIACAO DOS BAIRROS DE TEOFILO OTONI;21.297.064/0001-76;1481;SEDESE;SECRETARIA DE ESTADO DE DESENVOLVIMENTO SOCIAL;43;SUBVENCOES SOCIAIS;1;SUBVENCOES SOCIAIS;71;RECURSOS DO FUNDO ESTADUAL DE ERRADICACAO DA MISERIA;250000,0;250000,0;250000,0
9344779;122;2022-12-29 00:00:00;ASSOCIACAO DOS BAIRROS DE TEOFILO OTONI;21.297.064/0001-76;1481;SEDESE;SECRETARIA DE ESTADO DE DESENVOLVIMENTO SOCIAL;43;SUBVENCOES SOCIAIS;1;SUBVENCOES SOCIAIS;10;RECURSOS ORDINARIOS;250000,0;250000,0;0,0
9344783;79;2022-08-03 00:00:00;CARITAS BRASILEIRA;33.654.419/0008-92;1481;SEDESE;SECRETARIA DE ESTADO DE DESENVOLVIMENTO SOCIAL;43;SUBVENCOES SOCIAIS;1;SUBVENCOES SOCIAIS;71;RECURSOS DO FUNDO ESTADUAL DE ERRADICACAO DA MISERIA;249999,93;249999,93;249999,93
9344783;125;2022-12-30 00:00:00;CARITAS BRASILEIRA;33.654.419/0008-92;1481;SEDESE;SECRETARIA DE ESTADO DE DESENVOLVIMENTO SOCIAL;43;SUBVENCOES SOCIAIS;1;SUBVENCOES SOCIAIS;10;RECURSOS ORDINARIOS;249999,22;249999,22;0,0
9344974;1640;2022-09-06 00:00:00;ASSOCIACAO DE PROTECAO A MATERNIDADE E INFANCIA E VELHICE;23.343.296/0001-49;4251;FEAS;FUNDO ESTADUAL DE ASSISTENCIA SOCIAL;43;SUBVENCOES SOCIAIS;1;SUBVENCOES SOCIAIS;71;RECURSOS DO FUNDO ESTADUAL DE ERRADICACAO DA MISERIA;115000,0;115000,0;115000,0
9345595;1641;2022-09-08 00:00:00;GRUPO DE DESENVOLVIMENTO COM DE MUNICIPIO DE BELO HORIZONTE;21.516.315/0001-66;4251;FEAS;FUNDO ESTADUAL DE ASSISTENCIA SOCIAL;43;SUBVENCOES SOCIAIS;1;SUBVENCOES SOCIAIS;71;RECURSOS DO FUNDO ESTADUAL DE ERRADICACAO DA MISERIA;115000,0;115000,0;115000,0
9346138;85;2022-10-10 00:00:00;AAMAR SANTANA DO PARAISO - VALE DO ACO;07.713.494/0001-09;1481;SEDESE;SECRETARIA DE ESTADO DE DESENVOLVIMENTO SOCIAL;43;SUBVENCOES SOCIAIS;1;SUBVENCOES SOCIAIS;10;RECURSOS ORDINARIOS;86954,0;86954,0;86954,0
9346141;82;2022-10-10 00:00:00;CASA VIDA VIVA;22.498.999/0001-83;1481;SEDESE;SECRETARIA DE ESTADO DE DESENVOLVIMENTO SOCIAL;43;SUBVENCOES SOCIAIS;1;SUBVENCOES SOCIAIS;10;RECURSOS ORDINARIOS;86954,0;86954,0;86954,0
9346142;80;2022-10-10 00:00:00;ASSOCIACAO DE ACOLHIMENTO AOS DEPENDENTES QUIMICOS E FAMILIARES - ADQF;07.856.329/0001-06;1481;SEDESE;SECRETARIA DE ESTADO DE DESENVOLVIMENTO SOCIAL;43;SUBVENCOES SOCIAIS;1;SUBVENCOES SOCIAIS;10;RECURSOS ORDINARIOS;86953,98;86953,98;86953,98
9346143;79;2022-10-10 00:00:00;INSTITUTO PEDAGOGICO TERRA SANTA;10.190.408/0001-27;1481;SEDESE;SECRETARIA DE ESTADO DE DESENVOLVIMENTO SOCIAL;43;SUBVENCOES SOCIAIS;1;SUBVENCOES SOCIAIS;10;RECURSOS ORDINARIOS;78499,97;78499,97;78499,97
9346144;83;2022-10-10 00:00:00;ASSOCIACAO DA DIVINA MISERICORDIA;06.118.216/0001-32;1481;SEDESE;SECRETARIA DE ESTADO DE DESENVOLVIMENTO SOCIAL;43;SUBVENCOES SOCIAIS;1;SUBVENCOES SOCIAIS;10;RECURSOS ORDINARIOS;78483,57;78483,57;78483,57
9346145;81;2022-10-10 00:00:00;INSTITUTO HERDAR;09.047.452/0001-01;1481;SEDESE;SECRETARIA DE ESTADO DE DESENVOLVIMENTO SOCIAL;43;SUBVENCOES SOCIAIS;1;SUBVENCOES SOCIAIS;10;RECURSOS ORDINARIOS;78499,3;78499,3;78499,3
9346146;84;2022-10-10 00:00:00;INSTITUTO JURIDICO PARA EFETIVACAO DA CIDADANIA - MINAS GERAIS IJUCI/M;03.893.350/0001-12;1481;SEDESE;SECRETARIA DE ESTADO DE DESENVOLVIMENTO SOCIAL;43;SUBVENCOES SOCIAIS;1;SUBVENCOES SOCIAIS;10;RECURSOS ORDINARIOS;78499,67;78499,67;78499,67
9346211;3790;2022-11-18 00:00:00;PM SALINAS;24.359.333/0001-70;2311;UNIMONTES;UNIVERSIDADE ESTADUAL DE MONTES CLAROS;42;AUXILIOS;1;AUXILIOS;10;RECURSOS ORDINARIOS;3300000,0;3300000,0;3300000,0
9346294;130;2022-10-14 00:00:00;UNIVERSIDADE FEDERAL DE LAVRAS;22.078.679/0001-74;1261;SEE;SECRETARIA DE ESTADO DE EDUCACAO;42;AUXILIOS;1;AUXILIOS;10;RECURSOS ORDINARIOS;848152,46;848152,46;848152,46
9346295;145;2022-10-14 00:00:00;UNIVERSIDADE FEDERAL DE JUIZ DE FORA UFJF;21.195.755/0001-69;1261;SEE;SECRETARIA DE ESTADO DE EDUCACAO;41;CONTRIBUICOES;1;CONTRIBUICOES;10;RECURSOS ORDINARIOS;202160,0;202160,0;202160,0
9346295;146;2022-10-14 00:00:00;UNIVERSIDADE FEDERAL DE JUIZ DE FORA UFJF;21.195.755/0001-69;1261;SEE;SECRETARIA DE ESTADO DE EDUCACAO;42;AUXILIOS;1;AUXILIOS;10;RECURSOS ORDINARIOS;1347733,34;1347733,34;1347733,34
9346296;177;2022-10-14 00:00:00;UNIVERSIDADE FEDERAL DO TRIANGULO MINEIRO;25.437.484/0001-61;1261;SEE;SECRETARIA DE ESTADO DE EDUCACAO;41;CONTRIBUICOES;1;CONTRIBUICOES;10;RECURSOS ORDINARIOS;49153,13;49153,13;49153,13
9346296;178;2022-10-14 00:00:00;UNIVERSIDADE FEDERAL DO TRIANGULO MINEIRO;25.437.484/0001-61;1261;SEE;SECRETARIA DE ESTADO DE EDUCACAO;42;AUXILIOS;1;AUXILIOS;10;RECURSOS ORDINARIOS;880506,67;880506,67;880506,67
9346297;153;2022-10-14 00:00:00;UNIVERSIDADE FEDERAL DE JUIZ DE FORA UFJF;21.195.755/0001-69;1261;SEE;SECRETARIA DE ESTADO DE EDUCACAO;41;CONTRIBUICOES;1;CONTRIBUICOES;10;RECURSOS ORDINARIOS;736921,22;736921,22;736921,22
9346297;154;2022-10-14 00:00:00;UNIVERSIDADE FEDERAL DE JUIZ DE FORA UFJF;21.195.755/0001-69;1261;SEE;SECRETARIA DE ESTADO DE EDUCACAO;42;AUXILIOS;1;AUXILIOS;10;RECURSOS ORDINARIOS;4950865,79;4950865,79;1950865,79
9346298;169;2022-10-14 00:00:00;UNIVERSIDADE FEDERAL DE UBERLANDIA;25.648.387/0001-18;1261;SEE;SECRETARIA DE ESTADO DE EDUCACAO;41;CONTRIBUICOES;1;CONTRIBUICOES;10;RECURSOS ORDINARIOS;1500000,0;1500000,0;1500000,0
9346298;170;2022-10-14 00:00:00;UNIVERSIDADE FEDERAL DE UBERLANDIA;25.648.387/0001-18;1261;SEE;SECRETARIA DE ESTADO DE EDUCACAO;42;AUXILIOS;1;AUXILIOS;10;RECURSOS ORDINARIOS;10297436,39;10297436,39;10297436,39
9346299;157;2022-10-14 00:00:00;UNIVERSIDADE FEDERAL DE LAVRAS;22.078.679/0001-74;1261;SEE;SECRETARIA DE ESTADO DE EDUCACAO;41;CONTRIBUICOES;1;CONTRIBUICOES;10;RECURSOS ORDINARIOS;435424,34;435424,34;435424,34
9346299;158;2022-10-14 00:00:00;UNIVERSIDADE FEDERAL DE LAVRAS;22.078.679/0001-74;1261;SEE;SECRETARIA DE ESTADO DE EDUCACAO;42;AUXILIOS;1;AUXILIOS;10;RECURSOS ORDINARIOS;4586437,54;4586437,54;4586437,54
9346300;121;2022-10-14 00:00:00;UNIVERSIDADE FEDERAL DE OURO PRETO;23.070.659/0001-10;1261;SEE;SECRETARIA DE ESTADO DE EDUCACAO;41;CONTRIBUICOES;1;CONTRIBUICOES;10;RECURSOS ORDINARIOS;248428,05;248428,05;248428,05
9346300;122;2022-10-14 00:00:00;UNIVERSIDADE FEDERAL DE OURO PRETO;23.070.659/0001-10;1261;SEE;SECRETARIA DE ESTADO DE EDUCACAO;42;AUXILIOS;1;AUXILIOS;10;RECURSOS ORDINARIOS;2235852,4;2235852,4;2235852,4
9346301;123;2022-10-14 00:00:00;UNIVERSIDADE FEDERAL DE OURO PRETO;23.070.659/0001-10;1261;SEE;SECRETARIA DE ESTADO DE EDUCACAO;41;CONTRIBUICOES;1;CONTRIBUICOES;10;RECURSOS ORDINARIOS;881640,66;881640,66;881640,66
9346301;124;2022-10-14 00:00:00;UNIVERSIDADE FEDERAL DE OURO PRETO;23.070.659/0001-10;1261;SEE;SECRETARIA DE ESTADO DE EDUCACAO;42;AUXILIOS;1;AUXILIOS;10;RECURSOS ORDINARIOS;4023814,73;4023814,73;4023814,73
9346302;149;2022-10-14 00:00:00;UNIVERSIDADE FEDERAL DE JUIZ DE FORA UFJF;21.195.755/0001-69;1261;SEE;SECRETARIA DE ESTADO DE EDUCACAO;41;CONTRIBUICOES;1;CONTRIBUICOES;10;RECURSOS ORDINARIOS;1609001,62;1609001,62;1609001,62
9346302;150;2022-10-14 00:00:00;UNIVERSIDADE FEDERAL DE JUIZ DE FORA UFJF;21.195.755/0001-69;1261;SEE;SECRETARIA DE ESTADO DE EDUCACAO;42;AUXILIOS;1;AUXILIOS;10;RECURSOS ORDINARIOS;813677,44;813677,44;813677,44
9346303;141;2022-10-14 00:00:00;UNIVERSIDADE FEDERAL DE JUIZ DE FORA UFJF;21.195.755/0001-69;1261;SEE;SECRETARIA DE ESTADO DE EDUCACAO;41;CONTRIBUICOES;1;CONTRIBUICOES;10;RECURSOS ORDINARIOS;122306,03;122306,03;122306,03
9346303;142;2022-10-14 00:00:00;UNIVERSIDADE FEDERAL DE JUIZ DE FORA UFJF;21.195.755/0001-69;1261;SEE;SECRETARIA DE ESTADO DE EDUCACAO;42;AUXILIOS;1;AUXILIOS;10;RECURSOS ORDINARIOS;219213,67;219213,67;219213,67
9346304;143;2022-10-14 00:00:00;UNIVERSIDADE FEDERAL DE JUIZ DE FORA UFJF;21.195.755/0001-69;1261;SEE;SECRETARIA DE ESTADO DE EDUCACAO;41;CONTRIBUICOES;1;CONTRIBUICOES;10;RECURSOS ORDINARIOS;227302,69;227302,69;227302,69
9346304;144;2022-10-14 00:00:00;UNIVERSIDADE FEDERAL DE JUIZ DE FORA UFJF;21.195.755/0001-69;1261;SEE;SECRETARIA DE ESTADO DE EDUCACAO;42;AUXILIOS;1;AUXILIOS;10;RECURSOS ORDINARIOS;256791,25;256791,25;256791,25
9346305;179;2022-10-14 00:00:00;UNIVERSIDADE FEDERAL DO TRIANGULO MINEIRO;25.437.484/0001-61;1261;SEE;SECRETARIA DE ESTADO DE EDUCACAO;41;CONTRIBUICOES;1;CONTRIBUICOES;10;RECURSOS ORDINARIOS;67694,7;67694,7;67694,7
9346305;180;2022-10-14 00:00:00;UNIVERSIDADE FEDERAL DO TRIANGULO MINEIRO;25.437.484/0001-61;1261;SEE;SECRETARIA DE ESTADO DE EDUCACAO;42;AUXILIOS;1;AUXILIOS;10;RECURSOS ORDINARIOS;1214547,7;1214547,7;1214547,7
9346306;119;2022-10-14 00:00:00;UNIVERSIDADE FEDERAL DE OURO PRETO;23.070.659/0001-10;1261;SEE;SECRETARIA DE ESTADO DE EDUCACAO;41;CONTRIBUICOES;1;CONTRIBUICOES;10;RECURSOS ORDINARIOS;1649992,0;1649992,0;1649992,0
9346306;120;2022-10-14 00:00:00;UNIVERSIDADE FEDERAL DE OURO PRETO;23.070.659/0001-10;1261;SEE;SECRETARIA DE ESTADO DE EDUCACAO;42;AUXILIOS;1;AUXILIOS;10;RECURSOS ORDINARIOS;14850008,0;14850008,0;4850008,0
9346307;181;2022-10-14 00:00:00;UNIVERSIDADE FEDERAL DOS VALES DO JEQUITINHONHA E MUCURI;16.888.315/0001-57;1261;SEE;SECRETARIA DE ESTADO DE EDUCACAO;41;CONTRIBUICOES;1;CONTRIBUICOES;10;RECURSOS ORDINARIOS;282936,6;282936,6;282936,6
9346307;182;2022-10-14 00:00:00;UNIVERSIDADE FEDERAL DOS VALES DO JEQUITINHONHA E MUCURI;16.888.315/0001-57;1261;SEE;SECRETARIA DE ESTADO DE EDUCACAO;42;AUXILIOS;1;AUXILIOS;10;RECURSOS ORDINARIOS;3328665,98;3328665,98;3328665,98
9346308;188;2022-10-17 00:00:00;UNIVERSIDADE FEDERAL DOS VALES DO JEQUITINHONHA E MUCURI;16.888.315/0001-57;1261;SEE;SECRETARIA DE ESTADO DE EDUCACAO;42;AUXILIOS;1;AUXILIOS;10;RECURSOS ORDINARIOS;3328665,98;3328665,98;3328665,98
9346308;189;2022-10-17 00:00:00;UNIVERSIDADE FEDERAL DOS VALES DO JEQUITINHONHA E MUCURI;16.888.315/0001-57;1261;SEE;SECRETARIA DE ESTADO DE EDUCACAO;41;CONTRIBUICOES;1;CONTRIBUICOES;10;RECURSOS ORDINARIOS;282936,6;282936,6;282936,6
9346309;186;2022-10-17 00:00:00;UNIVERSIDADE FEDERAL DOS VALES DO JEQUITINHONHA E MUCURI;16.888.315/0001-57;1261;SEE;SECRETARIA DE ESTADO DE EDUCACAO;41;CONTRIBUICOES;1;CONTRIBUICOES;10;RECURSOS ORDINARIOS;272157,23;272157,23;272157,23
9346309;187;2022-10-17 00:00:00;UNIVERSIDADE FEDERAL DOS VALES DO JEQUITINHONHA E MUCURI;16.888.315/0001-57;1261;SEE;SECRETARIA DE ESTADO DE EDUCACAO;42;AUXILIOS;1;AUXILIOS;10;RECURSOS ORDINARIOS;3037808,89;3037808,89;3037808,89
9346310;206;2022-10-17 00:00:00;UNIVERSIDADE FEDERAL DE SAO JOAO DEL REI;21.186.804/0001-05;1261;SEE;SECRETARIA DE ESTADO DE EDUCACAO;41;CONTRIBUICOES;1;CONTRIBUICOES;10;RECURSOS ORDINARIOS;52000,0;52000,0;52000,0
9346310;207;2022-10-17 00:00:00;UNIVERSIDADE FEDERAL DE SAO JOAO DEL REI;21.186.804/0001-05;1261;SEE;SECRETARIA DE ESTADO DE EDUCACAO;42;AUXILIOS;1;AUXILIOS;10;RECURSOS ORDINARIOS;528000,0;528000,0;528000,0
9346311;198;2022-10-17 00:00:00;UNIVERSIDADE FEDERAL DE SAO JOAO DEL REI;21.186.804/0001-05;1261;SEE;SECRETARIA DE ESTADO DE EDUCACAO;41;CONTRIBUICOES;1;CONTRIBUICOES;10;RECURSOS ORDINARIOS;113111,92;113111,92;113111,92
9346311;199;2022-10-17 00:00:00;UNIVERSIDADE FEDERAL DE SAO JOAO DEL REI;21.186.804/0001-05;1261;SEE;SECRETARIA DE ESTADO DE EDUCACAO;42;AUXILIOS;1;AUXILIOS;10;RECURSOS ORDINARIOS;1386888,08;1386888,08;1386888,08
9346312;163;2022-10-14 00:00:00;UNIVERSIDADE FEDERAL DE SAO JOAO DEL REI;21.186.804/0001-05;1261;SEE;SECRETARIA DE ESTADO DE EDUCACAO;41;CONTRIBUICOES;1;CONTRIBUICOES;10;RECURSOS ORDINARIOS;21380,87;21380,87;21380,87
9346312;164;2022-10-14 00:00:00;UNIVERSIDADE FEDERAL DE SAO JOAO DEL REI;21.186.804/0001-05;1261;SEE;SECRETARIA DE ESTADO DE EDUCACAO;42;AUXILIOS;1;AUXILIOS;10;RECURSOS ORDINARIOS;228619,13;228619,13;228619,13
9346313;210;2022-10-17 00:00:00;UNIVERSIDADE FEDERAL DE SAO JOAO DEL REI;21.186.804/0001-05;1261;SEE;SECRETARIA DE ESTADO DE EDUCACAO;41;CONTRIBUICOES;1;CONTRIBUICOES;10;RECURSOS ORDINARIOS;44587,69;44587,69;44587,69
9346313;211;2022-10-17 00:00:00;UNIVERSIDADE FEDERAL DE SAO JOAO DEL REI;21.186.804/0001-05;1261;SEE;SECRETARIA DE ESTADO DE EDUCACAO;42;AUXILIOS;1;AUXILIOS;10;RECURSOS ORDINARIOS;255370,24;255370,24;255370,24
9346314;194;2022-10-17 00:00:00;UNIVERSIDADE FEDERAL DE SAO JOAO DEL REI;21.186.804/0001-05;1261;SEE;SECRETARIA DE ESTADO DE EDUCACAO;41;CONTRIBUICOES;1;CONTRIBUICOES;10;RECURSOS ORDINARIOS;5314,27;5314,27;5314,27
9346314;195;2022-10-17 00:00:00;UNIVERSIDADE FEDERAL DE SAO JOAO DEL REI;21.186.804/0001-05;1261;SEE;SECRETARIA DE ESTADO DE EDUCACAO;42;AUXILIOS;1;AUXILIOS;10;RECURSOS ORDINARIOS;52185,73;52185,73;52185,73
9346315;151;2022-10-14 00:00:00;UNIVERSIDADE FEDERAL DE SAO JOAO DEL REI;21.186.804/0001-05;1261;SEE;SECRETARIA DE ESTADO DE EDUCACAO;41;CONTRIBUICOES;1;CONTRIBUICOES;10;RECURSOS ORDINARIOS;13999,15;13999,15;13999,15
9346315;152;2022-10-14 00:00:00;UNIVERSIDADE FEDERAL DE SAO JOAO DEL REI;21.186.804/0001-05;1261;SEE;SECRETARIA DE ESTADO DE EDUCACAO;42;AUXILIOS;1;AUXILIOS;10;RECURSOS ORDINARIOS;159371,65;159371,65;159371,65
9346316;204;2022-10-17 00:00:00;UNIVERSIDADE FEDERAL DE SAO JOAO DEL REI;21.186.804/0001-05;1261;SEE;SECRETARIA DE ESTADO DE EDUCACAO;41;CONTRIBUICOES;1;CONTRIBUICOES;10;RECURSOS ORDINARIOS;99466,82;99466,82;99466,82
9346316;205;2022-10-17 00:00:00;UNIVERSIDADE FEDERAL DE SAO JOAO DEL REI;21.186.804/0001-05;1261;SEE;SECRETARIA DE ESTADO DE EDUCACAO;42;AUXILIOS;1;AUXILIOS;10;RECURSOS ORDINARIOS;1090633,18;1090633,18;1090633,18
9346317;202;2022-10-17 00:00:00;UNIVERSIDADE FEDERAL DE SAO JOAO DEL REI;21.186.804/0001-05;1261;SEE;SECRETARIA DE ESTADO DE EDUCACAO;41;CONTRIBUICOES;1;CONTRIBUICOES;10;RECURSOS ORDINARIOS;89455,31;89455,31;89455,31
9346317;203;2022-10-17 00:00:00;UNIVERSIDADE FEDERAL DE SAO JOAO DEL REI;21.186.804/0001-05;1261;SEE;SECRETARIA DE ESTADO DE EDUCACAO;42;AUXILIOS;1;AUXILIOS;10;RECURSOS ORDINARIOS;1082934,69;1082934,69;1082934,69
9346318;139;2022-10-14 00:00:00;UNIVERSIDADE FEDERAL DE ITAJUBA;21.040.001/0001-30;1261;SEE;SECRETARIA DE ESTADO DE EDUCACAO;41;CONTRIBUICOES;1;CONTRIBUICOES;10;RECURSOS ORDINARIOS;714000,0;714000,0;714000,0
9346318;140;2022-10-14 00:00:00;UNIVERSIDADE FEDERAL DE ITAJUBA;21.040.001/0001-30;1261;SEE;SECRETARIA DE ESTADO DE EDUCACAO;42;AUXILIOS;1;AUXILIOS;10;RECURSOS ORDINARIOS;14286000,0;14286000,0;4286000,0
9346319;183;2022-10-14 00:00:00;UNIVERSIDADE FEDERAL DOS VALES DO JEQUITINHONHA E MUCURI;16.888.315/0001-57;1261;SEE;SECRETARIA DE ESTADO DE EDUCACAO;41;CONTRIBUICOES;1;CONTRIBUICOES;10;RECURSOS ORDINARIOS;270185,97;270185,97;270185,97
9346319;184;2022-10-14 00:00:00;UNIVERSIDADE FEDERAL DOS VALES DO JEQUITINHONHA E MUCURI;16.888.315/0001-57;1261;SEE;SECRETARIA DE ESTADO DE EDUCACAO;42;AUXILIOS;1;AUXILIOS;10;RECURSOS ORDINARIOS;0,0;0,0;0,0
9346319;185;2022-10-14 00:00:00;UNIVERSIDADE FEDERAL DOS VALES DO JEQUITINHONHA E MUCURI;16.888.315/0001-57;1261;SEE;SECRETARIA DE ESTADO DE EDUCACAO;42;AUXILIOS;1;AUXILIOS;10;RECURSOS ORDINARIOS;3037808,89;3037808,89;3037808,89
9346320;117;2022-10-14 00:00:00;UNIVERSIDADE FEDERAL DE OURO PRETO;23.070.659/0001-10;1261;SEE;SECRETARIA DE ESTADO DE EDUCACAO;41;CONTRIBUICOES;1;CONTRIBUICOES;10;RECURSOS ORDINARIOS;266002,93;266002,93;266002,93
9346320;118;2022-10-14 00:00:00;UNIVERSIDADE FEDERAL DE OURO PRETO;23.070.659/0001-10;1261;SEE;SECRETARIA DE ESTADO DE EDUCACAO;42;AUXILIOS;1;AUXILIOS;10;RECURSOS ORDINARIOS;984026,35;984026,35;984026,35
9346321;190;2022-10-17 00:00:00;UNIVERSIDADE FEDERAL DE SAO JOAO DEL REI;21.186.804/0001-05;1261;SEE;SECRETARIA DE ESTADO DE EDUCACAO;41;CONTRIBUICOES;1;CONTRIBUICOES;10;RECURSOS ORDINARIOS;1282607,18;1282607,18;1282607,18
9346321;191;2022-10-17 00:00:00;UNIVERSIDADE FEDERAL DE SAO JOAO DEL REI;21.186.804/0001-05;1261;SEE;SECRETARIA DE ESTADO DE EDUCACAO;42;AUXILIOS;1;AUXILIOS;10;RECURSOS ORDINARIOS;2570418,14;2570418,14;2570418,14
9346322;159;2022-10-14 00:00:00;UNIVERSIDADE FEDERAL DE SAO JOAO DEL REI;21.186.804/0001-05;1261;SEE;SECRETARIA DE ESTADO DE EDUCACAO;41;CONTRIBUICOES;1;CONTRIBUICOES;10;RECURSOS ORDINARIOS;131564,93;131564,93;131564,93
9346322;160;2022-10-14 00:00:00;UNIVERSIDADE FEDERAL DE SAO JOAO DEL REI;21.186.804/0001-05;1261;SEE;SECRETARIA DE ESTADO DE EDUCACAO;42;AUXILIOS;1;AUXILIOS;10;RECURSOS ORDINARIOS;1616778,38;1616778,38;1616778,38
9346323;175;2022-10-14 00:00:00;UNIVERSIDADE FEDERAL DE SAO JOAO DEL REI;21.186.804/0001-05;1261;SEE;SECRETARIA DE ESTADO DE EDUCACAO;41;CONTRIBUICOES;1;CONTRIBUICOES;10;RECURSOS ORDINARIOS;225000,0;225000,0;225000,0
9346323;176;2022-10-14 00:00:00;UNIVERSIDADE FEDERAL DE SAO JOAO DEL REI;21.186.804/0001-05;1261;SEE;SECRETARIA DE ESTADO DE EDUCACAO;42;AUXILIOS;1;AUXILIOS;10;RECURSOS ORDINARIOS;2775000,0;2775000,0;2775000,0
9346324;136;2022-10-14 00:00:00;UNIVERSIDADE FEDERAL DE ITAJUBA;21.040.001/0001-30;1261;SEE;SECRETARIA DE ESTADO DE EDUCACAO;41;CONTRIBUICOES;1;CONTRIBUICOES;10;RECURSOS ORDINARIOS;409500,0;409500,0;409500,0
9346324;137;2022-10-14 00:00:00;UNIVERSIDADE FEDERAL DE ITAJUBA;21.040.001/0001-30;1261;SEE;SECRETARIA DE ESTADO DE EDUCACAO;41;CONTRIBUICOES;1;CONTRIBUICOES;10;RECURSOS ORDINARIOS;0,0;0,0;0,0
9346324;138;2022-10-14 00:00:00;UNIVERSIDADE FEDERAL DE ITAJUBA;21.040.001/0001-30;1261;SEE;SECRETARIA DE ESTADO DE EDUCACAO;42;AUXILIOS;1;AUXILIOS;10;RECURSOS ORDINARIOS;4190414,7;4190414,7;4190414,7
9346325;134;2022-10-14 00:00:00;UNIVERSIDADE FEDERAL DE ITAJUBA;21.040.001/0001-30;1261;SEE;SECRETARIA DE ESTADO DE EDUCACAO;41;CONTRIBUICOES;1;CONTRIBUICOES;10;RECURSOS ORDINARIOS;714000,0;714000,0;714000,0
9346325;135;2022-10-14 00:00:00;UNIVERSIDADE FEDERAL DE ITAJUBA;21.040.001/0001-30;1261;SEE;SECRETARIA DE ESTADO DE EDUCACAO;42;AUXILIOS;1;AUXILIOS;10;RECURSOS ORDINARIOS;14286000,0;14286000,0;4286000,0
9346326;155;2022-10-14 00:00:00;UNIVERSIDADE FEDERAL DE LAVRAS;22.078.679/0001-74;1261;SEE;SECRETARIA DE ESTADO DE EDUCACAO;41;CONTRIBUICOES;1;CONTRIBUICOES;10;RECURSOS ORDINARIOS;171513,7;171513,7;171513,7
9346326;156;2022-10-14 00:00:00;UNIVERSIDADE FEDERAL DE LAVRAS;22.078.679/0001-74;1261;SEE;SECRETARIA DE ESTADO DE EDUCACAO;42;AUXILIOS;1;AUXILIOS;10;RECURSOS ORDINARIOS;2716599,41;2716599,41;2716599,41
9346327;132;2022-10-14 00:00:00;UNIVERSIDADE FEDERAL DE VICOSA;25.944.455/0001-96;1261;SEE;SECRETARIA DE ESTADO DE EDUCACAO;41;CONTRIBUICOES;1;CONTRIBUICOES;10;RECURSOS ORDINARIOS;837289,01;837289,01;837289,01
9346327;133;2022-10-14 00:00:00;UNIVERSIDADE FEDERAL DE VICOSA;25.944.455/0001-96;1261;SEE;SECRETARIA DE ESTADO DE EDUCACAO;42;AUXILIOS;1;AUXILIOS;10;RECURSOS ORDINARIOS;64713600,91;64713600,91;15550433,47
9346328;147;2022-10-14 00:00:00;UNIVERSIDADE FEDERAL DE JUIZ DE FORA UFJF;21.195.755/0001-69;1261;SEE;SECRETARIA DE ESTADO DE EDUCACAO;41;CONTRIBUICOES;1;CONTRIBUICOES;10;RECURSOS ORDINARIOS;6000,0;6000,0;6000,0
9346328;148;2022-10-14 00:00:00;UNIVERSIDADE FEDERAL DE JUIZ DE FORA UFJF;21.195.755/0001-69;1261;SEE;SECRETARIA DE ESTADO DE EDUCACAO;42;AUXILIOS;1;AUXILIOS;10;RECURSOS ORDINARIOS;85802,55;85802,55;85802,55
9346329;196;2022-10-17 00:00:00;UNIVERSIDADE FEDERAL DE SAO JOAO DEL REI;21.186.804/0001-05;1261;SEE;SECRETARIA DE ESTADO DE EDUCACAO;41;CONTRIBUICOES;1;CONTRIBUICOES;10;RECURSOS ORDINARIOS;71868,37;71868,37;71868,37
9346329;197;2022-10-17 00:00:00;UNIVERSIDADE FEDERAL DE SAO JOAO DEL REI;21.186.804/0001-05;1261;SEE;SECRETARIA DE ESTADO DE EDUCACAO;42;AUXILIOS;1;AUXILIOS;10;RECURSOS ORDINARIOS;652131,63;652131,63;652131,63
9346330;125;2022-10-14 00:00:00;UNIVERSIDADE FEDERAL DE SAO JOAO DEL REI;21.186.804/0001-05;1261;SEE;SECRETARIA DE ESTADO DE EDUCACAO;41;CONTRIBUICOES;1;CONTRIBUICOES;10;RECURSOS ORDINARIOS;937500,0;937500,0;937500,0
9346330;126;2022-10-14 00:00:00;UNIVERSIDADE FEDERAL DE SAO JOAO DEL REI;21.186.804/0001-05;1261;SEE;SECRETARIA DE ESTADO DE EDUCACAO;42;AUXILIOS;1;AUXILIOS;10;RECURSOS ORDINARIOS;5312500,0;5312500,0;5312500,0
9346331;171;2022-10-14 00:00:00;UNIVERSIDADE FEDERAL DE UBERLANDIA;25.648.387/0001-18;1261;SEE;SECRETARIA DE ESTADO DE EDUCACAO;41;CONTRIBUICOES;1;CONTRIBUICOES;10;RECURSOS ORDINARIOS;608338,77;608338,77;608338,77
9346331;172;2022-10-14 00:00:00;UNIVERSIDADE FEDERAL DE UBERLANDIA;25.648.387/0001-18;1261;SEE;SECRETARIA DE ESTADO DE EDUCACAO;42;AUXILIOS;1;AUXILIOS;10;RECURSOS ORDINARIOS;6556276,62;6556276,62;6556276,62
9346332;200;2022-10-17 00:00:00;UNIVERSIDADE FEDERAL DE SAO JOAO DEL REI;21.186.804/0001-05;1261;SEE;SECRETARIA DE ESTADO DE EDUCACAO;41;CONTRIBUICOES;1;CONTRIBUICOES;10;RECURSOS ORDINARIOS;9187,4;9187,4;9187,4
9346332;201;2022-10-17 00:00:00;UNIVERSIDADE FEDERAL DE SAO JOAO DEL REI;21.186.804/0001-05;1261;SEE;SECRETARIA DE ESTADO DE EDUCACAO;42;AUXILIOS;1;AUXILIOS;10;RECURSOS ORDINARIOS;110112,6;110112,6;110112,6
9346333;161;2022-10-14 00:00:00;UNIVERSIDADE FEDERAL DE SAO JOAO DEL REI;21.186.804/0001-05;1261;SEE;SECRETARIA DE ESTADO DE EDUCACAO;41;CONTRIBUICOES;1;CONTRIBUICOES;10;RECURSOS ORDINARIOS;48152,33;48152,33;48152,33
9346333;162;2022-10-14 00:00:00;UNIVERSIDADE FEDERAL DE SAO JOAO DEL REI;21.186.804/0001-05;1261;SEE;SECRETARIA DE ESTADO DE EDUCACAO;42;AUXILIOS;1;AUXILIOS;10;RECURSOS ORDINARIOS;593847,67;593847,67;593847,67
9346334;165;2022-10-14 00:00:00;UNIVERSIDADE FEDERAL DE SAO JOAO DEL REI;21.186.804/0001-05;1261;SEE;SECRETARIA DE ESTADO DE EDUCACAO;41;CONTRIBUICOES;1;CONTRIBUICOES;10;RECURSOS ORDINARIOS;60731,41;60731,41;60731,41
9346334;166;2022-10-14 00:00:00;UNIVERSIDADE FEDERAL DE SAO JOAO DEL REI;21.186.804/0001-05;1261;SEE;SECRETARIA DE ESTADO DE EDUCACAO;42;AUXILIOS;1;AUXILIOS;10;RECURSOS ORDINARIOS;748777,83;748777,83;748777,83
9346335;167;2022-10-14 00:00:00;UNIVERSIDADE FEDERAL DE SAO JOAO DEL REI;21.186.804/0001-05;1261;SEE;SECRETARIA DE ESTADO DE EDUCACAO;41;CONTRIBUICOES;1;CONTRIBUICOES;10;RECURSOS ORDINARIOS;138750,0;138750,0;138750,0
9346335;168;2022-10-14 00:00:00;UNIVERSIDADE FEDERAL DE SAO JOAO DEL REI;21.186.804/0001-05;1261;SEE;SECRETARIA DE ESTADO DE EDUCACAO;42;AUXILIOS;1;AUXILIOS;10;RECURSOS ORDINARIOS;1711250,0;1711250,0;1711250,0
9346336;208;2022-10-17 00:00:00;UNIVERSIDADE FEDERAL DE SAO JOAO DEL REI;21.186.804/0001-05;1261;SEE;SECRETARIA DE ESTADO DE EDUCACAO;41;CONTRIBUICOES;1;CONTRIBUICOES;10;RECURSOS ORDINARIOS;146153,01;146153,01;146153,01
9346336;209;2022-10-17 00:00:00;UNIVERSIDADE FEDERAL DE SAO JOAO DEL REI;21.186.804/0001-05;1261;SEE;SECRETARIA DE ESTADO DE EDUCACAO;42;AUXILIOS;1;AUXILIOS;10;RECURSOS ORDINARIOS;1762551,99;1762551,99;1762551,99
9346337;127;2022-10-14 00:00:00;UNIVERSIDADE FEDERAL DE ALFENAS - UNIFAL/MG;17.879.859/0001-15;1261;SEE;SECRETARIA DE ESTADO DE EDUCACAO;42;AUXILIOS;1;AUXILIOS;10;RECURSOS ORDINARIOS;3982188,59;3982188,59;3982188,59
9346338;128;2022-10-14 00:00:00;UNIVERSIDADE FEDERAL DE ALFENAS - UNIFAL/MG;17.879.859/0001-15;1261;SEE;SECRETARIA DE ESTADO DE EDUCACAO;42;AUXILIOS;1;AUXILIOS;10;RECURSOS ORDINARIOS;2228600,0;2228600,0;2228600,0
9346339;131;2022-10-14 00:00:00;UNIVERSIDADE FEDERAL DE SAO JOAO DEL REI;21.186.804/0001-05;1261;SEE;SECRETARIA DE ESTADO DE EDUCACAO;42;AUXILIOS;1;AUXILIOS;10;RECURSOS ORDINARIOS;1133540,0;1133540,0;1133540,0
9346340;173;2022-10-14 00:00:00;UNIVERSIDADE FEDERAL DO TRIANGULO MINEIRO;25.437.484/0001-61;1261;SEE;SECRETARIA DE ESTADO DE EDUCACAO;41;CONTRIBUICOES;1;CONTRIBUICOES;10;RECURSOS ORDINARIOS;295146,4;295146,4;295146,4
9346340;174;2022-10-14 00:00:00;UNIVERSIDADE FEDERAL DO TRIANGULO MINEIRO;25.437.484/0001-61;1261;SEE;SECRETARIA DE ESTADO DE EDUCACAO;42;AUXILIOS;1;AUXILIOS;10;RECURSOS ORDINARIOS;4509036,79;4509036,79;4509036,79
9346341;114;2022-10-14 00:00:00;UNIVERSIDADE FEDERAL DE MINAS GERAIS;17.217.985/0001-04;1261;SEE;SECRETARIA DE ESTADO DE EDUCACAO;41;CONTRIBUICOES;1;CONTRIBUICOES;10;RECURSOS ORDINARIOS;2118144,75;2118144,75;2118144,75
9346341;115;2022-10-14 00:00:00;UNIVERSIDADE FEDERAL DE MINAS GERAIS;17.217.985/0001-04;1261;SEE;SECRETARIA DE ESTADO DE EDUCACAO;42;AUXILIOS;1;AUXILIOS;10;RECURSOS ORDINARIOS;0,0;0,0;0,0
9346341;116;2022-10-14 00:00:00;UNIVERSIDADE FEDERAL DE MINAS GERAIS;17.217.985/0001-04;1261;SEE;SECRETARIA DE ESTADO DE EDUCACAO;42;AUXILIOS;1;AUXILIOS;10;RECURSOS ORDINARIOS;9425196,25;9425196,25;9425196,25
9346342;192;2022-10-17 00:00:00;UNIVERSIDADE FEDERAL DE SAO JOAO DEL REI;21.186.804/0001-05;1261;SEE;SECRETARIA DE ESTADO DE EDUCACAO;41;CONTRIBUICOES;1;CONTRIBUICOES;10;RECURSOS ORDINARIOS;14209,0;14209,0;14209,0
9346342;193;2022-10-17 00:00:00;UNIVERSIDADE FEDERAL DE SAO JOAO DEL REI;21.186.804/0001-05;1261;SEE;SECRETARIA DE ESTADO DE EDUCACAO;42;AUXILIOS;1;AUXILIOS;10;RECURSOS ORDINARIOS;169091,1;169091,1;169091,1
9346343;212;2022-10-17 00:00:00;UNIVERSIDADE FEDERAL DE SAO JOAO DEL REI;21.186.804/0001-05;1261;SEE;SECRETARIA DE ESTADO DE EDUCACAO;41;CONTRIBUICOES;1;CONTRIBUICOES;10;RECURSOS ORDINARIOS;39585,13;39585,13;39585,13
9346343;213;2022-10-17 00:00:00;UNIVERSIDADE FEDERAL DE SAO JOAO DEL REI;21.186.804/0001-05;1261;SEE;SECRETARIA DE ESTADO DE EDUCACAO;42;AUXILIOS;1;AUXILIOS;10;RECURSOS ORDINARIOS;487044,07;487044,07;487044,07
9346344;129;2022-10-14 00:00:00;UNIVERSIDADE FEDERAL DE ALFENAS - UNIFAL/MG;17.879.859/0001-15;1261;SEE;SECRETARIA DE ESTADO DE EDUCACAO;42;AUXILIOS;1;AUXILIOS;10;RECURSOS ORDINARIOS;2222222,22;2222222,22;2222222,22
9346346;834;2022-12-23 00:00:00;CONSORCIO INTERMUNICIPAL DE GESTAO E DES. AMBI. SUST. VERTENTES;18.773.785/0001-09;1371;SEMAD;SECRETARIA DE ESTADO DE MEIO AMBIENTE E DESENVOLVIMENTO SUSTENTAVEL;41;CONTRIBUICOES;1;CONTRIBUICOES;31;UTILIZACAO DE RECURSOS HIDRICOS;993086,8;993086,8;993086,8
9346348;833;2022-12-23 00:00:00;CONSORCIO INTERMUNICIPAL MULTIS;19.738.706/0001-83;1371;SEMAD;SECRETARIA DE ESTADO DE MEIO AMBIENTE E DESENVOLVIMENTO SUSTENTAVEL;41;CONTRIBUICOES;1;CONTRIBUICOES;31;UTILIZACAO DE RECURSOS HIDRICOS;1000000,0;1000000,0;1000000,0
9346514;829;2022-12-22 00:00:00;PM ITANHANDU;18.186.718/0001-80;1371;SEMAD;SECRETARIA DE ESTADO DE MEIO AMBIENTE E DESENVOLVIMENTO SUSTENTAVEL;41;CONTRIBUICOES;1;CONTRIBUICOES;31;UTILIZACAO DE RECURSOS HIDRICOS;483744,9;483744,9;483744,9
9346603;236;2022-11-04 00:00:00;PM CACHOEIRA DO PAJEU;18.414.599/0001-75;1481;SEDESE;SECRETARIA DE ESTADO DE DESENVOLVIMENTO SOCIAL;41;CONTRIBUICOES;1;CONTRIBUICOES;38;TRANSFERENCIAS DE RECURSOS DA UNIAO VINCULADOS AO ESPORTE;145624,84;145624,84;145624,84
9346611;1679;2022-10-27 00:00:00;INSTITUICAO AMAC-AMIGOS DOS MENINOS ASSISTIDOS DE CTGA;01.395.121/0001-42;4251;FEAS;FUNDO ESTADUAL DE ASSISTENCIA SOCIAL;43;SUBVENCOES SOCIAIS;1;SUBVENCOES SOCIAIS;71;RECURSOS DO FUNDO ESTADUAL DE ERRADICACAO DA MISERIA;73786,56;73786,56;73786,56
9346611;1680;2022-10-27 00:00:00;INSTITUICAO AMAC-AMIGOS DOS MENINOS ASSISTIDOS DE CTGA;01.395.121/0001-42;4251;FEAS;FUNDO ESTADUAL DE ASSISTENCIA SOCIAL;42;AUXILIOS;1;AUXILIOS;71;RECURSOS DO FUNDO ESTADUAL DE ERRADICACAO DA MISERIA;40677,71;40677,71;40677,71
9346673;830;2022-12-22 00:00:00;PM CAMPO BELO;18.659.334/0001-37;1371;SEMAD;SECRETARIA DE ESTADO DE MEIO AMBIENTE E DESENVOLVIMENTO SUSTENTAVEL;41;CONTRIBUICOES;1;CONTRIBUICOES;31;UTILIZACAO DE RECURSOS HIDRICOS;222155,21;222155,21;222155,21
9349216;473;2022-11-22 00:00:00;PM CARANGOLA;19.279.827/0001-04;4491;FEC;FUNDO ESTADUAL DE CULTURA;41;CONTRIBUICOES;1;CONTRIBUICOES;59;OUTROS RECURSOS VINCULADOS;10989,0;10989,0;10989,0
9349218;474;2022-11-22 00:00:00;PM TRES PONTAS;18.245.167/0001-88;4491;FEC;FUNDO ESTADUAL DE CULTURA;41;CONTRIBUICOES;1;CONTRIBUICOES;59;OUTROS RECURSOS VINCULADOS;10989,0;10989,0;10989,0
9351958;4571;2022-12-13 00:00:00;PM DOM BOSCO;01.602.782/0001-00;1261;SEE;SECRETARIA DE ESTADO DE EDUCACAO;42;AUXILIOS;1;AUXILIOS;10;RECURSOS ORDINARIOS;951933,33;951933,33;951933,33
9354432;2165;2022-11-16 00:00:00;PM ALTO JEQUITIBA;18.392.506/0001-59;1261;SEE;SECRETARIA DE ESTADO DE EDUCACAO;42;AUXILIOS;1;AUXILIOS;10;RECURSOS ORDINARIOS;2402439,99;2402439,99;2402439,99
9354433;3710;2022-11-18 00:00:00;PM POCO FUNDO;18.242.792/0001-76;1261;SEE;SECRETARIA DE ESTADO DE EDUCACAO;42;AUXILIOS;1;AUXILIOS;10;RECURSOS ORDINARIOS;0,0;0,0;0,0
9354433;3725;2022-11-23 00:00:00;PM POCO FUNDO;18.242.792/0001-76;1261;SEE;SECRETARIA DE ESTADO DE EDUCACAO;42;AUXILIOS;1;AUXILIOS;10;RECURSOS ORDINARIOS;0,0;0,0;0,0
9354433;3726;2022-11-24 00:00:00;PM POCO FUNDO;18.242.792/0001-76;1261;SEE;SECRETARIA DE ESTADO DE EDUCACAO;42;AUXILIOS;1;AUXILIOS;10;RECURSOS ORDINARIOS;1410000,0;1410000,0;1410000,0
9358253;531;2022-11-16 00:00:00;PM CAPITOLIO;16.726.028/0001-40;1271;SECULT;SECRETARIA DE ESTADO DE CULTURA E TURISMO;41;CONTRIBUICOES;1;CONTRIBUICOES;10;RECURSOS ORDINARIOS;2000000,0;2000000,0;2000000,0
9359826;492;2022-11-24 00:00:00;PM PATROCINIO;18.468.033/0001-26;4491;FEC;FUNDO ESTADUAL DE CULTURA;41;CONTRIBUICOES;1;CONTRIBUICOES;59;OUTROS RECURSOS VINCULADOS;63550,28;63550,28;63550,28
9359864;491;2022-11-24 00:00:00;MUSEU DE HISTORIA E CIENCIAS NATURAIS;00.152.352/0001-62;4491;FEC;FUNDO ESTADUAL DE CULTURA;41;CONTRIBUICOES;1;CONTRIBUICOES;59;OUTROS RECURSOS VINCULADOS;97100,0;97100,0;97100,0
9359866;490;2022-11-24 00:00:00;PM JEQUITIBA;18.062.208/0001-09;4491;FEC;FUNDO ESTADUAL DE CULTURA;41;CONTRIBUICOES;1;CONTRIBUICOES;59;OUTROS RECURSOS VINCULADOS;40000,0;40000,0;40000,0
9359869;489;2022-11-24 00:00:00;PM PATROCINIO;18.468.033/0001-26;4491;FEC;FUNDO ESTADUAL DE CULTURA;41;CONTRIBUICOES;1;CONTRIBUICOES;59;OUTROS RECURSOS VINCULADOS;32000,0;32000,0;32000,0
9360160;477;2022-11-24 00:00:00;PM SAO GOTARDO;18.602.037/0001-55;4491;FEC;FUNDO ESTADUAL DE CULTURA;41;CONTRIBUICOES;1;CONTRIBUICOES;59;OUTROS RECURSOS VINCULADOS;10989,0;10989,0;10989,0
9360161;478;2022-11-24 00:00:00;PM SAO LOURENCO;18.188.219/0001-21;4491;FEC;FUNDO ESTADUAL DE CULTURA;41;CONTRIBUICOES;1;CONTRIBUICOES;59;OUTROS RECURSOS VINCULADOS;10989,0;10989,0;10989,0
9360163;479;2022-11-24 00:00:00;PM CAPELINHA;19.229.921/0001-59;4491;FEC;FUNDO ESTADUAL DE CULTURA;41;CONTRIBUICOES;1;CONTRIBUICOES;59;OUTROS RECURSOS VINCULADOS;10989,0;10989,0;10989,0
9360712;493;2022-11-24 00:00:00;PM BAEPENDI;18.008.862/0001-26;4491;FEC;FUNDO ESTADUAL DE CULTURA;41;CONTRIBUICOES;1;CONTRIBUICOES;59;OUTROS RECURSOS VINCULADOS;10989,0;10989,0;10989,0
9360716;476;2022-11-23 00:00:00;PM CAMPOS GERAIS;18.245.175/0001-24;4491;FEC;FUNDO ESTADUAL DE CULTURA;41;CONTRIBUICOES;1;CONTRIBUICOES;59;OUTROS RECURSOS VINCULADOS;10989,0;10989,0;10989,0
9361777;475;2022-11-23 00:00:00;PM ITANHANDU;18.186.718/0001-80;4491;FEC;FUNDO ESTADUAL DE CULTURA;41;CONTRIBUICOES;1;CONTRIBUICOES;59;OUTROS RECURSOS VINCULADOS;10989,0;10989,0;10989,0
9361879;485;2022-11-24 00:00:00;PM URUCANIA;18.316.281/0001-51;4491;FEC;FUNDO ESTADUAL DE CULTURA;41;CONTRIBUICOES;1;CONTRIBUICOES;59;OUTROS RECURSOS VINCULADOS;10989,0;10989,0;10989,0
9361919;483;2022-11-24 00:00:00;PM ANDRADAS;17.884.412/0001-34;4491;FEC;FUNDO ESTADUAL DE CULTURA;41;CONTRIBUICOES;1;CONTRIBUICOES;59;OUTROS RECURSOS VINCULADOS;1200,0;1200,0;1200,0
9361919;484;2022-11-24 00:00:00;PM ANDRADAS;17.884.412/0001-34;4491;FEC;FUNDO ESTADUAL DE CULTURA;41;CONTRIBUICOES;1;CONTRIBUICOES;59;OUTROS RECURSOS VINCULADOS;48800,0;48800,0;48800,0
9361920;488;2022-11-24 00:00:00;PM FORMIGA;16.784.720/0001-25;4491;FEC;FUNDO ESTADUAL DE CULTURA;41;CONTRIBUICOES;1;CONTRIBUICOES;59;OUTROS RECURSOS VINCULADOS;10989,0;10989,0;10989,0
9361921;481;2022-11-24 00:00:00;PM RIO MANSO;18.363.978/0001-83;4491;FEC;FUNDO ESTADUAL DE CULTURA;41;CONTRIBUICOES;1;CONTRIBUICOES;59;OUTROS RECURSOS VINCULADOS;27903,26;27903,26;27903,26
9361921;482;2022-11-24 00:00:00;PM RIO MANSO;18.363.978/0001-83;4491;FEC;FUNDO ESTADUAL DE CULTURA;41;CONTRIBUICOES;1;CONTRIBUICOES;59;OUTROS RECURSOS VINCULADOS;22096,74;22096,74;22096,74
9361922;486;2022-11-24 00:00:00;PM RIO VERMELHO;18.303.255/0001-99;4491;FEC;FUNDO ESTADUAL DE CULTURA;41;CONTRIBUICOES;1;CONTRIBUICOES;59;OUTROS RECURSOS VINCULADOS;16951,95;16951,95;16951,95
9361922;487;2022-11-24 00:00:00;PM RIO VERMELHO;18.303.255/0001-99;4491;FEC;FUNDO ESTADUAL DE CULTURA;41;CONTRIBUICOES;1;CONTRIBUICOES;59;OUTROS RECURSOS VINCULADOS;33048,05;33048,05;33048,05
9361923;480;2022-11-24 00:00:00;PM SANTO ANTONIO DO MONTE;16.870.974/0001-66;4491;FEC;FUNDO ESTADUAL DE CULTURA;41;CONTRIBUICOES;1;CONTRIBUICOES;59;OUTROS RECURSOS VINCULADOS;10989,0;10989,0;10989,0
9362447;148;2022-12-28 00:00:00;PM PASSOS;18.241.745/0001-08;2351;UEMG;UNIVERSIDADE DO ESTADO DE MINAS GERAIS;41;CONTRIBUICOES;1;CONTRIBUICOES;10;RECURSOS ORDINARIOS;864507,01;430000,0;0,0
9362449;5888;2022-11-25 00:00:00;PM PONTO DOS VOLANTES;01.613.377/0001-89;1491;SEGOV;SECRETARIA DE ESTADO DE GOVERNO;42;AUXILIOS;1;AUXILIOS;48;ALIENACAO DE BENS DO TESOURO ESTADUAL;273570,0;273570,0;273570,0
9362452;2963;2022-11-29 00:00:00;PM CHAPADA DO NORTE;16.886.608/0001-03;1261;SEE;SECRETARIA DE ESTADO DE EDUCACAO;42;AUXILIOS;1;AUXILIOS;10;RECURSOS ORDINARIOS;1788319,5;1788319,5;1788319,5
9362453;2964;2022-11-29 00:00:00;PM CHAPADA DO NORTE;16.886.608/0001-03;1261;SEE;SECRETARIA DE ESTADO DE EDUCACAO;42;AUXILIOS;1;AUXILIOS;10;RECURSOS ORDINARIOS;1358787,24;1358787,24;1358787,24
9362454;2965;2022-11-29 00:00:00;PM CHAPADA DO NORTE;16.886.608/0001-03;1261;SEE;SECRETARIA DE ESTADO DE EDUCACAO;42;AUXILIOS;1;AUXILIOS;10;RECURSOS ORDINARIOS;816459,12;816459,12;816459,12
9362455;2966;2022-11-29 00:00:00;PM CHAPADA DO NORTE;16.886.608/0001-03;1261;SEE;SECRETARIA DE ESTADO DE EDUCACAO;42;AUXILIOS;1;AUXILIOS;10;RECURSOS ORDINARIOS;501562,46;501562,46;501562,46
9362518;2967;2022-11-29 00:00:00;PM CHAPADA DO NORTE;16.886.608/0001-03;1261;SEE;SECRETARIA DE ESTADO DE EDUCACAO;42;AUXILIOS;1;AUXILIOS;10;RECURSOS ORDINARIOS;1702871,6;1702871,6;1702871,6
9362905;2962;2022-11-25 00:00:00;PM CHAPADA DO NORTE;16.886.608/0001-03;1261;SEE;SECRETARIA DE ESTADO DE EDUCACAO;42;AUXILIOS;1;AUXILIOS;10;RECURSOS ORDINARIOS;1657573,36;1657573,36;1657573,36
9363283;2968;2022-11-29 00:00:00;PM CHAPADA DO NORTE;16.886.608/0001-03;1261;SEE;SECRETARIA DE ESTADO DE EDUCACAO;42;AUXILIOS;1;AUXILIOS;10;RECURSOS ORDINARIOS;1069701,94;1069701,94;1069701,94
9363284;2969;2022-11-29 00:00:00;PM CHAPADA DO NORTE;16.886.608/0001-03;1261;SEE;SECRETARIA DE ESTADO DE EDUCACAO;42;AUXILIOS;1;AUXILIOS;10;RECURSOS ORDINARIOS;1644743,27;1644743,27;1644743,27
9363286;2970;2022-11-29 00:00:00;PM CHAPADA DO NORTE;16.886.608/0001-03;1261;SEE;SECRETARIA DE ESTADO DE EDUCACAO;42;AUXILIOS;1;AUXILIOS;10;RECURSOS ORDINARIOS;1488155,35;1488155,35;1488155,35
9363288;2971;2022-11-29 00:00:00;PM CHAPADA DO NORTE;16.886.608/0001-03;1261;SEE;SECRETARIA DE ESTADO DE EDUCACAO;42;AUXILIOS;1;AUXILIOS;10;RECURSOS ORDINARIOS;1565318,83;1565318,83;1565318,83
9363290;2972;2022-11-29 00:00:00;PM CHAPADA DO NORTE;16.886.608/0001-03;1261;SEE;SECRETARIA DE ESTADO DE EDUCACAO;42;AUXILIOS;1;AUXILIOS;10;RECURSOS ORDINARIOS;1552600,34;1552600,34;1552600,34
9363291;4512;2022-11-30 00:00:00;PM POMPEU;18.296.681/0001-42;1261;SEE;SECRETARIA DE ESTADO DE EDUCACAO;42;AUXILIOS;1;AUXILIOS;10;RECURSOS ORDINARIOS;1167000,0;1167000,0;1167000,0
9363580;4513;2022-11-30 00:00:00;PM PIUMHI;16.781.346/0001-04;1261;SEE;SECRETARIA DE ESTADO DE EDUCACAO;42;AUXILIOS;1;AUXILIOS;10;RECURSOS ORDINARIOS;1749106,66;1749106,66;1749106,66
9363582;3677;2022-11-30 00:00:00;PM MINAS NOVAS;22.516.405/0001-10;1261;SEE;SECRETARIA DE ESTADO DE EDUCACAO;42;AUXILIOS;1;AUXILIOS;10;RECURSOS ORDINARIOS;3280977,05;3280977,05;3280977,05
9363584;3672;2022-11-29 00:00:00;PM MINAS NOVAS;22.516.405/0001-10;1261;SEE;SECRETARIA DE ESTADO DE EDUCACAO;42;AUXILIOS;1;AUXILIOS;10;RECURSOS ORDINARIOS;2902690,06;2902690,06;2902690,06
9363585;4508;2022-11-30 00:00:00;PM PIEDADE DO RIO GRANDE;18.685.438/0001-16;1261;SEE;SECRETARIA DE ESTADO DE EDUCACAO;42;AUXILIOS;1;AUXILIOS;10;RECURSOS ORDINARIOS;718600,0;718600,0;718600,0
9363586;4509;2022-11-30 00:00:00;PM MOEMA;18.301.044/0001-17;1261;SEE;SECRETARIA DE ESTADO DE EDUCACAO;42;AUXILIOS;1;AUXILIOS;10;RECURSOS ORDINARIOS;479200,0;479200,0;479200,0
9363587;3812;2022-12-01 00:00:00;PM POCO FUNDO;18.242.792/0001-76;1261;SEE;SECRETARIA DE ESTADO DE EDUCACAO;42;AUXILIOS;1;AUXILIOS;10;RECURSOS ORDINARIOS;2670000,0;2670000,0;2670000,0
9363588;4502;2022-11-30 00:00:00;PM IBITIURA DE MINAS;18.178.962/0001-09;1261;SEE;SECRETARIA DE ESTADO DE EDUCACAO;42;AUXILIOS;1;AUXILIOS;10;RECURSOS ORDINARIOS;780966,67;780966,67;780966,67
9363589;3813;2022-12-01 00:00:00;PM POCO FUNDO;18.242.792/0001-76;1261;SEE;SECRETARIA DE ESTADO DE EDUCACAO;42;AUXILIOS;1;AUXILIOS;10;RECURSOS ORDINARIOS;600000,0;600000,0;600000,0
9363590;3678;2022-11-30 00:00:00;PM MINAS NOVAS;22.516.405/0001-10;1261;SEE;SECRETARIA DE ESTADO DE EDUCACAO;42;AUXILIOS;1;AUXILIOS;10;RECURSOS ORDINARIOS;3070582,11;3070582,11;3070582,11
9363591;4503;2022-11-30 00:00:00;PM CONCEICAO DA APARECIDA;18.243.295/0001-92;1261;SEE;SECRETARIA DE ESTADO DE EDUCACAO;42;AUXILIOS;1;AUXILIOS;10;RECURSOS ORDINARIOS;2609100,0;2609100,0;2609100,0
9363593;4504;2022-11-30 00:00:00;PM SERRA DA SAUDADE;18.301.069/0001-10;1261;SEE;SECRETARIA DE ESTADO DE EDUCACAO;42;AUXILIOS;1;AUXILIOS;10;RECURSOS ORDINARIOS;1397800,0;1397800,0;1397800,0
9363594;4528;2022-11-30 00:00:00;PM ALTEROSA;18.243.238/0001-03;1261;SEE;SECRETARIA DE ESTADO DE EDUCACAO;42;AUXILIOS;1;AUXILIOS;10;RECURSOS ORDINARIOS;1425766,67;1425766,67;1425766,67
9363596;4505;2022-11-30 00:00:00;PM PRESIDENTE JUSCELINO;17.695.057/0001-55;1261;SEE;SECRETARIA DE ESTADO DE EDUCACAO;42;AUXILIOS;1;AUXILIOS;10;RECURSOS ORDINARIOS;1689000,0;1689000,0;1689000,0
9363597;4511;2022-11-30 00:00:00;PM PRESIDENTE OLEGARIO;18.602.060/0001-40;1261;SEE;SECRETARIA DE ESTADO DE EDUCACAO;42;AUXILIOS;1;AUXILIOS;10;RECURSOS ORDINARIOS;624300,0;624300,0;624300,0
9363598;4647;2022-12-23 00:00:00;PM SAO ROQUE DE MINAS;18.306.670/0001-04;1261;SEE;SECRETARIA DE ESTADO DE EDUCACAO;42;AUXILIOS;1;AUXILIOS;10;RECURSOS ORDINARIOS;100000,0;100000,0;100000,0
9363599;4501;2022-11-30 00:00:00;PM CAPITAO ANDRADE;66.229.105/0001-25;1261;SEE;SECRETARIA DE ESTADO DE EDUCACAO;42;AUXILIOS;1;AUXILIOS;10;RECURSOS ORDINARIOS;2084133,33;2084133,33;2084133,33
9363614;4587;2022-12-16 00:00:00;PM RIBEIRAO VERMELHO;18.244.087/0001-08;1261;SEE;SECRETARIA DE ESTADO DE EDUCACAO;42;AUXILIOS;1;AUXILIOS;10;RECURSOS ORDINARIOS;100000,0;100000,0;100000,0
9363615;4507;2022-11-30 00:00:00;PM CLARO DOS POCOES;21.498.274/0001-22;1261;SEE;SECRETARIA DE ESTADO DE EDUCACAO;42;AUXILIOS;1;AUXILIOS;10;RECURSOS ORDINARIOS;1324339,66;1324339,66;1324339,66
9363617;4510;2022-11-30 00:00:00;PM BRAZOPOLIS;18.025.890/0001-51;1261;SEE;SECRETARIA DE ESTADO DE EDUCACAO;42;AUXILIOS;1;AUXILIOS;10;RECURSOS ORDINARIOS;2179500,0;2179500,0;0,0
9363618;4506;2022-11-30 00:00:00;PM SANTA RITA DO IBITIPOCA;18.094.862/0001-96;1261;SEE;SECRETARIA DE ESTADO DE EDUCACAO;42;AUXILIOS;1;AUXILIOS;10;RECURSOS ORDINARIOS;1636000,0;1636000,0;1636000,0
9363643;3679;2022-11-30 00:00:00;PM MINAS NOVAS;22.516.405/0001-10;1261;SEE;SECRETARIA DE ESTADO DE EDUCACAO;42;AUXILIOS;1;AUXILIOS;10;RECURSOS ORDINARIOS;755531,42;755531,42;755531,42
9363644;3681;2022-11-30 00:00:00;PM MINAS NOVAS;22.516.405/0001-10;1261;SEE;SECRETARIA DE ESTADO DE EDUCACAO;42;AUXILIOS;1;AUXILIOS;10;RECURSOS ORDINARIOS;2091068,56;2091068,56;2091068,56
9363645;3680;2022-11-30 00:00:00;PM MINAS NOVAS;22.516.405/0001-10;1261;SEE;SECRETARIA DE ESTADO DE EDUCACAO;42;AUXILIOS;1;AUXILIOS;10;RECURSOS ORDINARIOS;4040311,65;4040311,65;4040311,65
9363646;3682;2022-11-30 00:00:00;PM MINAS NOVAS;22.516.405/0001-10;1261;SEE;SECRETARIA DE ESTADO DE EDUCACAO;42;AUXILIOS;1;AUXILIOS;10;RECURSOS ORDINARIOS;2181904,66;2181904,66;2181904,66
9363647;3683;2022-11-30 00:00:00;PM MINAS NOVAS;22.516.405/0001-10;1261;SEE;SECRETARIA DE ESTADO DE EDUCACAO;42;AUXILIOS;1;AUXILIOS;10;RECURSOS ORDINARIOS;659890,78;659890,78;659890,78
9363700;178;2022-12-01 00:00:00;PM ALTO JEQUITIBA;18.392.506/0001-59;1261;SEE;SECRETARIA DE ESTADO DE EDUCACAO;42;AUXILIOS;1;AUXILIOS;10;RECURSOS ORDINARIOS;150000,0;150000,0;150000,0
9366991;402;2022-12-07 00:00:00;PM SIMONESIA;18.385.120/0001-10;1301;SEINFRA;SECRETARIA DE ESTADO DE INFRAESTRUTURA E MOBILIDADE;42;AUXILIOS;1;AUXILIOS;10;RECURSOS ORDINARIOS;1730000,0;1730000,0;0,0
9368355;1618;2022-12-05 00:00:00;PM CARANGOLA;19.279.827/0001-04;1261;SEE;SECRETARIA DE ESTADO DE EDUCACAO;42;AUXILIOS;1;AUXILIOS;10;RECURSOS ORDINARIOS;3242680,36;3242680,36;3242680,36
9368838;1619;2022-12-06 00:00:00;PM CARANGOLA;19.279.827/0001-04;1261;SEE;SECRETARIA DE ESTADO DE EDUCACAO;42;AUXILIOS;1;AUXILIOS;10;RECURSOS ORDINARIOS;2757321,15;2757321,15;2757321,15
9368904;501;2022-12-15 00:00:00;PM SANTANA DO PARAISO;38.515.573/0001-20;4491;FEC;FUNDO ESTADUAL DE CULTURA;41;CONTRIBUICOES;1;CONTRIBUICOES;59;OUTROS RECURSOS VINCULADOS;40000,0;40000,0;40000,0
9369103;2588;2022-12-27 00:00:00;CONSELHO CENTRAL DE BELO HORIZONTE SSVP. FUNDACAO F. MENEZES;17.492.398/0001-23;4251;FEAS;FUNDO ESTADUAL DE ASSISTENCIA SOCIAL;43;SUBVENCOES SOCIAIS;1;SUBVENCOES SOCIAIS;71;RECURSOS DO FUNDO ESTADUAL DE ERRADICACAO DA MISERIA;15049,8;15049,8;15049,8
9369103;2589;2022-12-27 00:00:00;CONSELHO CENTRAL DE BELO HORIZONTE SSVP. FUNDACAO F. MENEZES;17.492.398/0001-23;4251;FEAS;FUNDO ESTADUAL DE ASSISTENCIA SOCIAL;42;AUXILIOS;1;AUXILIOS;71;RECURSOS DO FUNDO ESTADUAL DE ERRADICACAO DA MISERIA;99950,0;99950,0;99950,0
9369110;4590;2022-12-14 00:00:00;PM VESPASIANO;18.715.425/0001-42;1261;SEE;SECRETARIA DE ESTADO DE EDUCACAO;42;AUXILIOS;1;AUXILIOS;10;RECURSOS ORDINARIOS;3500000,0;3500000,0;3500000,0
9369111;4079;2022-12-16 00:00:00;PM NEPOMUCENO;18.244.350/0001-69;1261;SEE;SECRETARIA DE ESTADO DE EDUCACAO;42;AUXILIOS;1;AUXILIOS;10;RECURSOS ORDINARIOS;3784284,9;3784284,9;3784284,9
9369112;5889;2022-12-12 00:00:00;PM MARILAC;18.409.193/0001-02;1491;SEGOV;SECRETARIA DE ESTADO DE GOVERNO;42;AUXILIOS;1;AUXILIOS;10;RECURSOS ORDINARIOS;155654,33;0,0;0,0
9369131;404;2022-12-13 00:00:00;PM SANTA RITA DO ITUETO;18.413.187/0001-10;1301;SEINFRA;SECRETARIA DE ESTADO DE INFRAESTRUTURA E MOBILIDADE;42;AUXILIOS;1;AUXILIOS;32;EXPLORACAO DE RECURSOS MINERAIS;750000,0;750000,0;0,0
9369136;466;2022-12-14 00:00:00;PM SAO JOAO DA PONTE;16.928.483/0001-29;1231;SEAPA;SECRETARIA DE ESTADO DE AGRICULTURA, PECUARIA E ABASTECIMENTO - SEAPA;41;CONTRIBUICOES;1;CONTRIBUICOES;10;RECURSOS ORDINARIOS;108686,34;108686,34;108686,34
9369138;456;2022-12-14 00:00:00;PM IMBE DE MINAS;01.613.233/0001-22;1231;SEAPA;SECRETARIA DE ESTADO DE AGRICULTURA, PECUARIA E ABASTECIMENTO - SEAPA;41;CONTRIBUICOES;1;CONTRIBUICOES;10;RECURSOS ORDINARIOS;112300,0;112300,0;112300,0
9369139;459;2022-12-14 00:00:00;PM DIVINO;18.114.272/0001-88;1231;SEAPA;SECRETARIA DE ESTADO DE AGRICULTURA, PECUARIA E ABASTECIMENTO - SEAPA;41;CONTRIBUICOES;1;CONTRIBUICOES;10;RECURSOS ORDINARIOS;100000,0;100000,0;100000,0
9369140;446;2022-12-13 00:00:00;PM BONITO DE MINAS;01.612.493/0001-83;1231;SEAPA;SECRETARIA DE ESTADO DE AGRICULTURA, PECUARIA E ABASTECIMENTO - SEAPA;41;CONTRIBUICOES;1;CONTRIBUICOES;10;RECURSOS ORDINARIOS;113262,6;113262,6;113262,6
9369141;462;2022-12-14 00:00:00;PM ESPERA FELIZ;18.114.264/0001-31;1231;SEAPA;SECRETARIA DE ESTADO DE AGRICULTURA, PECUARIA E ABASTECIMENTO - SEAPA;41;CONTRIBUICOES;1;CONTRIBUICOES;10;RECURSOS ORDINARIOS;102000,0;102000,0;102000,0
9369142;457;2022-12-14 00:00:00;PM PEDRA BONITA;01.640.429/0001-06;1231;SEAPA;SECRETARIA DE ESTADO DE AGRICULTURA, PECUARIA E ABASTECIMENTO - SEAPA;41;CONTRIBUICOES;1;CONTRIBUICOES;10;RECURSOS ORDINARIOS;125000,0;125000,0;125000,0
9369143;460;2022-12-14 00:00:00;PM ERVALIA;18.133.306/0001-81;1231;SEAPA;SECRETARIA DE ESTADO DE AGRICULTURA, PECUARIA E ABASTECIMENTO - SEAPA;41;CONTRIBUICOES;1;CONTRIBUICOES;10;RECURSOS ORDINARIOS;100000,0;100000,0;100000,0
9369145;464;2022-12-14 00:00:00;PM SERRANOPOLIS DE MINAS;01.612.501/0001-91;1231;SEAPA;SECRETARIA DE ESTADO DE AGRICULTURA, PECUARIA E ABASTECIMENTO - SEAPA;41;CONTRIBUICOES;1;CONTRIBUICOES;10;RECURSOS ORDINARIOS;385593,33;385593,33;385593,33
9369211;465;2022-12-14 00:00:00;PM VARZELANDIA;18.017.467/0001-00;1231;SEAPA;SECRETARIA DE ESTADO DE AGRICULTURA, PECUARIA E ABASTECIMENTO - SEAPA;41;CONTRIBUICOES;1;CONTRIBUICOES;10;RECURSOS ORDINARIOS;77827,19;77827,19;77827,19
9369212;463;2022-12-14 00:00:00;PM SERRANOPOLIS DE MINAS;01.612.501/0001-91;1231;SEAPA;SECRETARIA DE ESTADO DE AGRICULTURA, PECUARIA E ABASTECIMENTO - SEAPA;41;CONTRIBUICOES;1;CONTRIBUICOES;10;RECURSOS ORDINARIOS;113262,67;113262,67;113262,67
9369213;455;2022-12-14 00:00:00;PM NOVA BELEM;01.613.169/0001-80;1231;SEAPA;SECRETARIA DE ESTADO DE AGRICULTURA, PECUARIA E ABASTECIMENTO - SEAPA;41;CONTRIBUICOES;1;CONTRIBUICOES;71;RECURSOS DO FUNDO ESTADUAL DE ERRADICACAO DA MISERIA;1000000,0;1000000,0;1000000,0
9369214;458;2022-12-14 00:00:00;PM BOM JESUS DO GALHO;18.334.276/0001-71;1231;SEAPA;SECRETARIA DE ESTADO DE AGRICULTURA, PECUARIA E ABASTECIMENTO - SEAPA;41;CONTRIBUICOES;1;CONTRIBUICOES;10;RECURSOS ORDINARIOS;125000,0;125000,0;125000,0
9369215;461;2022-12-14 00:00:00;PM ITUTINGA;18.244.384/0001-53;1231;SEAPA;SECRETARIA DE ESTADO DE AGRICULTURA, PECUARIA E ABASTECIMENTO - SEAPA;41;CONTRIBUICOES;1;CONTRIBUICOES;10;RECURSOS ORDINARIOS;300000,0;300000,0;300000,0
9369217;450;2022-12-14 00:00:00;PM ESTRELA DO INDAIA;18.301.028/0001-24;1231;SEAPA;SECRETARIA DE ESTADO DE AGRICULTURA, PECUARIA E ABASTECIMENTO - SEAPA;41;CONTRIBUICOES;1;CONTRIBUICOES;10;RECURSOS ORDINARIOS;700000,0;700000,0;700000,0
9369218;448;2022-12-14 00:00:00;PM MATO VERDE;17.782.616/0001-64;1231;SEAPA;SECRETARIA DE ESTADO DE AGRICULTURA, PECUARIA E ABASTECIMENTO - SEAPA;41;CONTRIBUICOES;1;CONTRIBUICOES;10;RECURSOS ORDINARIOS;1192010,0;1192010,0;1192010,0
9369218;449;2022-12-14 00:00:00;PM MATO VERDE;17.782.616/0001-64;1231;SEAPA;SECRETARIA DE ESTADO DE AGRICULTURA, PECUARIA E ABASTECIMENTO - SEAPA;41;CONTRIBUICOES;1;CONTRIBUICOES;10;RECURSOS ORDINARIOS;400000,0;400000,0;400000,0
9369219;453;2022-12-14 00:00:00;PM IPIACU;18.457.259/0001-21;1231;SEAPA;SECRETARIA DE ESTADO DE AGRICULTURA, PECUARIA E ABASTECIMENTO - SEAPA;41;CONTRIBUICOES;1;CONTRIBUICOES;10;RECURSOS ORDINARIOS;500000,0;500000,0;500000,0
9369222;498;2022-12-15 00:00:00;PM RIO PARANAIBA;18.602.045/0001-00;4491;FEC;FUNDO ESTADUAL DE CULTURA;41;CONTRIBUICOES;1;CONTRIBUICOES;59;OUTROS RECURSOS VINCULADOS;10989,0;10989,0;10989,0
9369255;495;2022-12-14 00:00:00;PM PASSA QUATRO;23.245.806/0001-45;4491;FEC;FUNDO ESTADUAL DE CULTURA;41;CONTRIBUICOES;1;CONTRIBUICOES;59;OUTROS RECURSOS VINCULADOS;11050,67;11050,67;11050,67
9369255;497;2022-12-14 00:00:00;PM PASSA QUATRO;23.245.806/0001-45;4491;FEC;FUNDO ESTADUAL DE CULTURA;41;CONTRIBUICOES;1;CONTRIBUICOES;59;OUTROS RECURSOS VINCULADOS;38939,77;38939,77;38939,77
9369256;499;2022-12-15 00:00:00;PM UNAI;18.125.161/0001-77;4491;FEC;FUNDO ESTADUAL DE CULTURA;41;CONTRIBUICOES;1;CONTRIBUICOES;59;OUTROS RECURSOS VINCULADOS;24714,71;24714,71;24714,71
9369256;500;2022-12-15 00:00:00;PM UNAI;18.125.161/0001-77;4491;FEC;FUNDO ESTADUAL DE CULTURA;41;CONTRIBUICOES;1;CONTRIBUICOES;59;OUTROS RECURSOS VINCULADOS;25285,29;25285,29;25285,29
9369260;406;2022-12-14 00:00:00;PM GOIABEIRA;01.615.421/0001-90;1301;SEINFRA;SECRETARIA DE ESTADO DE INFRAESTRUTURA E MOBILIDADE;42;AUXILIOS;1;AUXILIOS;32;EXPLORACAO DE RECURSOS MINERAIS;600000,0;600000,0;0,0
9369262;494;2022-12-14 00:00:00;PM ITAGUARA;18.313.015/0001-75;4491;FEC;FUNDO ESTADUAL DE CULTURA;41;CONTRIBUICOES;1;CONTRIBUICOES;59;OUTROS RECURSOS VINCULADOS;30353,58;30353,58;30353,58
9369262;496;2022-12-14 00:00:00;PM ITAGUARA;18.313.015/0001-75;4491;FEC;FUNDO ESTADUAL DE CULTURA;41;CONTRIBUICOES;1;CONTRIBUICOES;59;OUTROS RECURSOS VINCULADOS;19646,42;19646,42;19646,42
9369419;618;2022-12-28 00:00:00;PM SAO JOAO DO PARAISO;24.791.154/0001-07;1231;SEAPA;SECRETARIA DE ESTADO DE AGRICULTURA, PECUARIA E ABASTECIMENTO - SEAPA;41;CONTRIBUICOES;1;CONTRIBUICOES;48;ALIENACAO DE BENS DO TESOURO ESTADUAL;220000,0;220000,0;220000,0
9369420;454;2022-12-14 00:00:00;PM GOIABEIRA;01.615.421/0001-90;1231;SEAPA;SECRETARIA DE ESTADO DE AGRICULTURA, PECUARIA E ABASTECIMENTO - SEAPA;41;CONTRIBUICOES;1;CONTRIBUICOES;10;RECURSOS ORDINARIOS;500000,0;500000,0;500000,0
9369421;451;2022-12-14 00:00:00;PM BONFIM;18.363.945/0001-33;1231;SEAPA;SECRETARIA DE ESTADO DE AGRICULTURA, PECUARIA E ABASTECIMENTO - SEAPA;41;CONTRIBUICOES;1;CONTRIBUICOES;10;RECURSOS ORDINARIOS;700000,0;700000,0;700000,0
9369421;452;2022-12-14 00:00:00;PM BONFIM;18.363.945/0001-33;1231;SEAPA;SECRETARIA DE ESTADO DE AGRICULTURA, PECUARIA E ABASTECIMENTO - SEAPA;41;CONTRIBUICOES;1;CONTRIBUICOES;10;RECURSOS ORDINARIOS;600000,0;600000,0;600000,0
9369430;4575;2022-12-14 00:00:00;PM SAO JOSE DO JACURI;18.409.201/0001-02;1261;SEE;SECRETARIA DE ESTADO DE EDUCACAO;42;AUXILIOS;1;AUXILIOS;10;RECURSOS ORDINARIOS;763439,23;763439,23;763439,23
9369432;4076;2022-12-26 00:00:00;PM TUPACIGUARA;18.260.489/0001-04;1261;SEE;SECRETARIA DE ESTADO DE EDUCACAO;42;AUXILIOS;1;AUXILIOS;10;RECURSOS ORDINARIOS;0,0;0,0;985000,0
9369474;467;2022-12-15 00:00:00;PM NOVA BELEM;01.613.169/0001-80;1231;SEAPA;SECRETARIA DE ESTADO DE AGRICULTURA, PECUARIA E ABASTECIMENTO - SEAPA;41;CONTRIBUICOES;1;CONTRIBUICOES;10;RECURSOS ORDINARIOS;700000,0;700000,0;700000,0
9369474;468;2022-12-15 00:00:00;PM NOVA BELEM;01.613.169/0001-80;1231;SEAPA;SECRETARIA DE ESTADO DE AGRICULTURA, PECUARIA E ABASTECIMENTO - SEAPA;41;CONTRIBUICOES;1;CONTRIBUICOES;10;RECURSOS ORDINARIOS;400000,0;400000,0;400000,0
9369475;469;2022-12-15 00:00:00;PM ESTRELA DO SUL;18.592.162/0001-21;1231;SEAPA;SECRETARIA DE ESTADO DE AGRICULTURA, PECUARIA E ABASTECIMENTO - SEAPA;41;CONTRIBUICOES;1;CONTRIBUICOES;10;RECURSOS ORDINARIOS;1250000,0;1250000,0;1250000,0
9369476;470;2022-12-15 00:00:00;PM ANDRELANDIA;18.682.930/0001-38;1231;SEAPA;SECRETARIA DE ESTADO DE AGRICULTURA, PECUARIA E ABASTECIMENTO - SEAPA;41;CONTRIBUICOES;1;CONTRIBUICOES;10;RECURSOS ORDINARIOS;1200000,0;1200000,0;1200000,0
9369477;471;2022-12-15 00:00:00;PM SAO GERALDO DA PIEDADE;18.307.470/0001-68;1231;SEAPA;SECRETARIA DE ESTADO DE AGRICULTURA, PECUARIA E ABASTECIMENTO - SEAPA;41;CONTRIBUICOES;1;CONTRIBUICOES;10;RECURSOS ORDINARIOS;500000,0;500000,0;500000,0
9369478;472;2022-12-15 00:00:00;PM ARAPORA;23.098.510/0001-49;1231;SEAPA;SECRETARIA DE ESTADO DE AGRICULTURA, PECUARIA E ABASTECIMENTO - SEAPA;41;CONTRIBUICOES;1;CONTRIBUICOES;10;RECURSOS ORDINARIOS;500000,0;500000,0;500000,0
9369479;4750;2022-12-15 00:00:00;PM VESPASIANO;18.715.425/0001-42;1261;SEE;SECRETARIA DE ESTADO DE EDUCACAO;42;AUXILIOS;1;AUXILIOS;10;RECURSOS ORDINARIOS;1580400,0;1580400,0;1580400,0
9369480;473;2022-12-15 00:00:00;PM BELMIRO BRAGA;18.338.129/0001-70;1231;SEAPA;SECRETARIA DE ESTADO DE AGRICULTURA, PECUARIA E ABASTECIMENTO - SEAPA;41;CONTRIBUICOES;1;CONTRIBUICOES;10;RECURSOS ORDINARIOS;513109,72;513109,72;513109,72
9369480;474;2022-12-15 00:00:00;PM BELMIRO BRAGA;18.338.129/0001-70;1231;SEAPA;SECRETARIA DE ESTADO DE AGRICULTURA, PECUARIA E ABASTECIMENTO - SEAPA;41;CONTRIBUICOES;1;CONTRIBUICOES;10;RECURSOS ORDINARIOS;400000,0;400000,0;400000,0
9369481;2280;2022-12-16 00:00:00;PM ALTO JEQUITIBA;18.392.506/0001-59;1261;SEE;SECRETARIA DE ESTADO DE EDUCACAO;42;AUXILIOS;1;AUXILIOS;10;RECURSOS ORDINARIOS;947552,38;947552,38;947552,38
9369482;6562;2022-12-16 00:00:00;PM MATEUS LEME;18.715.433/0001-99;1261;SEE;SECRETARIA DE ESTADO DE EDUCACAO;42;AUXILIOS;1;AUXILIOS;10;RECURSOS ORDINARIOS;5000000,0;5000000,0;5000000,0
9369482;6842;2022-12-29 00:00:00;PM MATEUS LEME;18.715.433/0001-99;1261;SEE;SECRETARIA DE ESTADO DE EDUCACAO;42;AUXILIOS;1;AUXILIOS;23;FUNDO DE MANUTENCAO E DESENVOLVIMENTO DA EDUCACAO BASICA - FUNDEB;15000000,0;15000000,0;15000000,0
9369483;4081;2022-12-16 00:00:00;PM GUAPE;18.239.616/0001-85;1261;SEE;SECRETARIA DE ESTADO DE EDUCACAO;42;AUXILIOS;1;AUXILIOS;10;RECURSOS ORDINARIOS;1639900,0;1639900,0;1639900,0
9369484;4077;2022-12-26 00:00:00;PM TUPACIGUARA;18.260.489/0001-04;1261;SEE;SECRETARIA DE ESTADO DE EDUCACAO;42;AUXILIOS;1;AUXILIOS;10;RECURSOS ORDINARIOS;0,0;0,0;250000,0
9369485;4105;2022-12-15 00:00:00;PM ALVORADA DE MINAS;18.303.164/0001-53;1261;SEE;SECRETARIA DE ESTADO DE EDUCACAO;42;AUXILIOS;1;AUXILIOS;10;RECURSOS ORDINARIOS;250000,0;250000,0;250000,0
9369486;475;2022-12-15 00:00:00;PM DORES DE CAMPOS;18.094.821/0001-08;1231;SEAPA;SECRETARIA DE ESTADO DE AGRICULTURA, PECUARIA E ABASTECIMENTO - SEAPA;41;CONTRIBUICOES;1;CONTRIBUICOES;10;RECURSOS ORDINARIOS;500000,0;500000,0;500000,0
9369486;476;2022-12-15 00:00:00;PM DORES DE CAMPOS;18.094.821/0001-08;1231;SEAPA;SECRETARIA DE ESTADO DE AGRICULTURA, PECUARIA E ABASTECIMENTO - SEAPA;41;CONTRIBUICOES;1;CONTRIBUICOES;10;RECURSOS ORDINARIOS;600000,0;600000,0;600000,0
9369487;477;2022-12-15 00:00:00;PM SAO JOAO DA LAGOA;01.612.494/0001-28;1231;SEAPA;SECRETARIA DE ESTADO DE AGRICULTURA, PECUARIA E ABASTECIMENTO - SEAPA;41;CONTRIBUICOES;1;CONTRIBUICOES;10;RECURSOS ORDINARIOS;1250000,0;1250000,0;1250000,0
9369488;478;2022-12-15 00:00:00;PM TIROS;18.602.094/0001-34;1231;SEAPA;SECRETARIA DE ESTADO DE AGRICULTURA, PECUARIA E ABASTECIMENTO - SEAPA;41;CONTRIBUICOES;1;CONTRIBUICOES;10;RECURSOS ORDINARIOS;600000,0;600000,0;600000,0
9369489;479;2022-12-15 00:00:00;PM CENTRAL DE MINAS;17.990.714/0001-97;1231;SEAPA;SECRETARIA DE ESTADO DE AGRICULTURA, PECUARIA E ABASTECIMENTO - SEAPA;41;CONTRIBUICOES;1;CONTRIBUICOES;10;RECURSOS ORDINARIOS;500000,0;500000,0;500000,0
9369490;6040;2022-12-21 00:00:00;PM SAO JOAO DA PONTE;16.928.483/0001-29;1261;SEE;SECRETARIA DE ESTADO DE EDUCACAO;42;AUXILIOS;1;AUXILIOS;10;RECURSOS ORDINARIOS;13030772,57;13030772,57;3257600,0
9369491;6043;2022-12-21 00:00:00;PM SAO JOAO DA PONTE;16.928.483/0001-29;1261;SEE;SECRETARIA DE ESTADO DE EDUCACAO;42;AUXILIOS;1;AUXILIOS;10;RECURSOS ORDINARIOS;2155800,0;2155800,0;2155800,0
9369492;6042;2022-12-21 00:00:00;PM GRAO MOGOL;20.716.627/0001-50;1261;SEE;SECRETARIA DE ESTADO DE EDUCACAO;42;AUXILIOS;1;AUXILIOS;10;RECURSOS ORDINARIOS;126950,84;126950,84;126950,84
9369493;5890;2022-12-15 00:00:00;PM BUENO BRANDAO;18.940.098/0001-22;1491;SEGOV;SECRETARIA DE ESTADO DE GOVERNO;42;AUXILIOS;1;AUXILIOS;10;RECURSOS ORDINARIOS;300000,0;300000,0;300000,0
9369494;4080;2022-12-16 00:00:00;PM TRES CORACOES;17.955.535/0001-19;1261;SEE;SECRETARIA DE ESTADO DE EDUCACAO;42;AUXILIOS;1;AUXILIOS;10;RECURSOS ORDINARIOS;0,0;0,0;0,0
9369494;4082;2022-12-16 00:00:00;PM TRES CORACOES;17.955.535/0001-19;1261;SEE;SECRETARIA DE ESTADO DE EDUCACAO;42;AUXILIOS;1;AUXILIOS;10;RECURSOS ORDINARIOS;695455,75;695455,75;695455,75
9369495;480;2022-12-15 00:00:00;PM VARGINHA;18.240.119/0001-05;1231;SEAPA;SECRETARIA DE ESTADO DE AGRICULTURA, PECUARIA E ABASTECIMENTO - SEAPA;41;CONTRIBUICOES;1;CONTRIBUICOES;10;RECURSOS ORDINARIOS;200000,0;200000,0;200000,0
9369496;6563;2022-12-16 00:00:00;PM MATEUS LEME;18.715.433/0001-99;1261;SEE;SECRETARIA DE ESTADO DE EDUCACAO;42;AUXILIOS;1;AUXILIOS;10;RECURSOS ORDINARIOS;60000000,0;60000000,0;15000000,0
9369497;5891;2022-12-15 00:00:00;PM NOVA MODICA;18.404.939/0001-87;1491;SEGOV;SECRETARIA DE ESTADO DE GOVERNO;42;AUXILIOS;1;AUXILIOS;10;RECURSOS ORDINARIOS;600000,0;600000,0;600000,0
9369505;99;2022-12-20 00:00:00;ASSOC. DE PROT. E ASSIST. A CONDENADA DE CONS. LAFAIETE FEM.;26.397.050/0001-48;1451;SEJUSP;SECRETARIA DE ESTADO DE JUSTICA E SEGURANCA PUBLICA;43;SUBVENCOES SOCIAIS;1;SUBVENCOES SOCIAIS;10;RECURSOS ORDINARIOS;367020,9;367020,9;367020,9
9369512;502;2022-12-16 00:00:00;PM BUENO BRANDAO;18.940.098/0001-22;4491;FEC;FUNDO ESTADUAL DE CULTURA;41;CONTRIBUICOES;1;CONTRIBUICOES;59;OUTROS RECURSOS VINCULADOS;27300,0;27300,0;27300,0
9369514;514;2022-12-21 00:00:00;PM ALPERCATA;18.332.627/0001-05;4491;FEC;FUNDO ESTADUAL DE CULTURA;41;CONTRIBUICOES;1;CONTRIBUICOES;59;OUTROS RECURSOS VINCULADOS;10989,04;10989,04;0,0
9369519;503;2022-12-16 00:00:00;PM SANTA RITA DO SAPUCAI;18.192.898/0001-02;4491;FEC;FUNDO ESTADUAL DE CULTURA;41;CONTRIBUICOES;1;CONTRIBUICOES;59;OUTROS RECURSOS VINCULADOS;23342,24;23342,24;23342,24
9369519;504;2022-12-16 00:00:00;PM SANTA RITA DO SAPUCAI;18.192.898/0001-02;4491;FEC;FUNDO ESTADUAL DE CULTURA;41;CONTRIBUICOES;1;CONTRIBUICOES;59;OUTROS RECURSOS VINCULADOS;23959,24;23959,24;23959,24
9369521;408;2022-12-15 00:00:00;PM ALVARENGA;19.770.288/0001-01;1301;SEINFRA;SECRETARIA DE ESTADO DE INFRAESTRUTURA E MOBILIDADE;42;AUXILIOS;1;AUXILIOS;10;RECURSOS ORDINARIOS;250000,0;250000,0;250000,0
9369562;482;2022-12-16 00:00:00;PM MINDURI;17.954.041/0001-10;1231;SEAPA;SECRETARIA DE ESTADO DE AGRICULTURA, PECUARIA E ABASTECIMENTO - SEAPA;41;CONTRIBUICOES;1;CONTRIBUICOES;10;RECURSOS ORDINARIOS;500000,0;500000,0;500000,0
9369562;483;2022-12-16 00:00:00;PM MINDURI;17.954.041/0001-10;1231;SEAPA;SECRETARIA DE ESTADO DE AGRICULTURA, PECUARIA E ABASTECIMENTO - SEAPA;41;CONTRIBUICOES;1;CONTRIBUICOES;10;RECURSOS ORDINARIOS;600000,0;600000,0;600000,0
9369563;484;2022-12-16 00:00:00;PM CORREGO FUNDO;01.614.862/0001-77;1231;SEAPA;SECRETARIA DE ESTADO DE AGRICULTURA, PECUARIA E ABASTECIMENTO - SEAPA;41;CONTRIBUICOES;1;CONTRIBUICOES;71;RECURSOS DO FUNDO ESTADUAL DE ERRADICACAO DA MISERIA;600000,0;600000,0;600000,0
9369564;485;2022-12-16 00:00:00;PM BIAS FORTES;18.094.771/0001-50;1231;SEAPA;SECRETARIA DE ESTADO DE AGRICULTURA, PECUARIA E ABASTECIMENTO - SEAPA;41;CONTRIBUICOES;1;CONTRIBUICOES;10;RECURSOS ORDINARIOS;700000,0;700000,0;700000,0
9369565;486;2022-12-16 00:00:00;PM NATERCIA;17.935.412/0001-16;1231;SEAPA;SECRETARIA DE ESTADO DE AGRICULTURA, PECUARIA E ABASTECIMENTO - SEAPA;41;CONTRIBUICOES;1;CONTRIBUICOES;10;RECURSOS ORDINARIOS;700000,0;700000,0;700000,0
9369566;487;2022-12-16 00:00:00;PM CANA VERDE;18.244.426/0001-56;1231;SEAPA;SECRETARIA DE ESTADO DE AGRICULTURA, PECUARIA E ABASTECIMENTO - SEAPA;41;CONTRIBUICOES;1;CONTRIBUICOES;10;RECURSOS ORDINARIOS;300000,0;300000,0;300000,0
9369566;488;2022-12-16 00:00:00;PM CANA VERDE;18.244.426/0001-56;1231;SEAPA;SECRETARIA DE ESTADO DE AGRICULTURA, PECUARIA E ABASTECIMENTO - SEAPA;41;CONTRIBUICOES;1;CONTRIBUICOES;10;RECURSOS ORDINARIOS;600000,0;600000,0;600000,0
9369567;489;2022-12-16 00:00:00;PM IBITIURA DE MINAS;18.178.962/0001-09;1231;SEAPA;SECRETARIA DE ESTADO DE AGRICULTURA, PECUARIA E ABASTECIMENTO - SEAPA;41;CONTRIBUICOES;1;CONTRIBUICOES;10;RECURSOS ORDINARIOS;500000,0;500000,0;500000,0
9369568;490;2022-12-16 00:00:00;PM SAO JOAO DE MANTENINHA;22.705.248/0001-90;1231;SEAPA;SECRETARIA DE ESTADO DE AGRICULTURA, PECUARIA E ABASTECIMENTO - SEAPA;41;CONTRIBUICOES;1;CONTRIBUICOES;10;RECURSOS ORDINARIOS;500000,0;500000,0;500000,0
9369569;491;2022-12-16 00:00:00;PM RIACHO DOS MACHADOS;16.925.208/0001-51;1231;SEAPA;SECRETARIA DE ESTADO DE AGRICULTURA, PECUARIA E ABASTECIMENTO - SEAPA;41;CONTRIBUICOES;1;CONTRIBUICOES;10;RECURSOS ORDINARIOS;507109,72;507109,72;507109,72
9369570;492;2022-12-16 00:00:00;PM ROCHEDO DE MINAS;18.558.080/0001-60;1231;SEAPA;SECRETARIA DE ESTADO DE AGRICULTURA, PECUARIA E ABASTECIMENTO - SEAPA;41;CONTRIBUICOES;1;CONTRIBUICOES;10;RECURSOS ORDINARIOS;513109,72;513109,72;513109,72
9369570;493;2022-12-16 00:00:00;PM ROCHEDO DE MINAS;18.558.080/0001-60;1231;SEAPA;SECRETARIA DE ESTADO DE AGRICULTURA, PECUARIA E ABASTECIMENTO - SEAPA;41;CONTRIBUICOES;1;CONTRIBUICOES;10;RECURSOS ORDINARIOS;600000,0;600000,0;600000,0
9369571;494;2022-12-16 00:00:00;PM MONSENHOR PAULO;22.541.874/0001-99;1231;SEAPA;SECRETARIA DE ESTADO DE AGRICULTURA, PECUARIA E ABASTECIMENTO - SEAPA;41;CONTRIBUICOES;1;CONTRIBUICOES;10;RECURSOS ORDINARIOS;500000,0;500000,0;500000,0
9369572;495;2022-12-16 00:00:00;PM CRUCILANDIA;18.313.007/0001-29;1231;SEAPA;SECRETARIA DE ESTADO DE AGRICULTURA, PECUARIA E ABASTECIMENTO - SEAPA;41;CONTRIBUICOES;1;CONTRIBUICOES;10;RECURSOS ORDINARIOS;500000,0;500000,0;500000,0
9369573;496;2022-12-16 00:00:00;PM PEDRINOPOLIS;18.140.335/0001-70;1231;SEAPA;SECRETARIA DE ESTADO DE AGRICULTURA, PECUARIA E ABASTECIMENTO - SEAPA;41;CONTRIBUICOES;1;CONTRIBUICOES;10;RECURSOS ORDINARIOS;700000,0;700000,0;700000,0
9369574;497;2022-12-16 00:00:00;PM OLIVEIRA FORTES;17.747.957/0001-07;1231;SEAPA;SECRETARIA DE ESTADO DE AGRICULTURA, PECUARIA E ABASTECIMENTO - SEAPA;41;CONTRIBUICOES;1;CONTRIBUICOES;10;RECURSOS ORDINARIOS;793666,67;793666,67;793666,67
9369575;3531;2022-12-19 00:00:00;PM CHAPADA DO NORTE;16.886.608/0001-03;1261;SEE;SECRETARIA DE ESTADO DE EDUCACAO;42;AUXILIOS;1;AUXILIOS;10;RECURSOS ORDINARIOS;1275270,01;1275270,01;1275270,01
9369576;3532;2022-12-19 00:00:00;PM CHAPADA DO NORTE;16.886.608/0001-03;1261;SEE;SECRETARIA DE ESTADO DE EDUCACAO;42;AUXILIOS;1;AUXILIOS;10;RECURSOS ORDINARIOS;3331698,63;3331698,63;3331698,63
9369576;3551;2022-12-21 00:00:00;PM CHAPADA DO NORTE;16.886.608/0001-03;1261;SEE;SECRETARIA DE ESTADO DE EDUCACAO;41;CONTRIBUICOES;1;CONTRIBUICOES;10;RECURSOS ORDINARIOS;227157,27;227157,27;227157,27
9369577;4078;2022-12-16 00:00:00;PM TRES CORACOES;17.955.535/0001-19;1261;SEE;SECRETARIA DE ESTADO DE EDUCACAO;42;AUXILIOS;1;AUXILIOS;10;RECURSOS ORDINARIOS;744000,0;744000,0;744000,0
9369616;4755;2022-12-21 00:00:00;PM VESPASIANO;18.715.425/0001-42;1261;SEE;SECRETARIA DE ESTADO DE EDUCACAO;42;AUXILIOS;1;AUXILIOS;10;RECURSOS ORDINARIOS;250000,0;250000,0;250000,0
9369617;188;2022-12-21 00:00:00;PM PECANHA;18.409.227/0001-50;1261;SEE;SECRETARIA DE ESTADO DE EDUCACAO;42;AUXILIOS;1;AUXILIOS;10;RECURSOS ORDINARIOS;190000,0;190000,0;190000,0
9369618;187;2022-12-21 00:00:00;PM SANTA EFIGENIA DE MINAS;18.307.462/0001-11;1261;SEE;SECRETARIA DE ESTADO DE EDUCACAO;42;AUXILIOS;1;AUXILIOS;10;RECURSOS ORDINARIOS;150000,0;150000,0;150000,0
9369619;4597;2022-12-20 00:00:00;PM SABARA;18.715.441/0001-35;1261;SEE;SECRETARIA DE ESTADO DE EDUCACAO;42;AUXILIOS;1;AUXILIOS;10;RECURSOS ORDINARIOS;7701300,0;7701300,0;7701300,0
9369620;4595;2022-12-20 00:00:00;PM SAO JOSE DO JACURI;18.409.201/0001-02;1261;SEE;SECRETARIA DE ESTADO DE EDUCACAO;42;AUXILIOS;1;AUXILIOS;10;RECURSOS ORDINARIOS;530000,0;530000,0;530000,0
9369621;6746;2022-12-20 00:00:00;PM MATEUS LEME;18.715.433/0001-99;1261;SEE;SECRETARIA DE ESTADO DE EDUCACAO;42;AUXILIOS;1;AUXILIOS;10;RECURSOS ORDINARIOS;5500000,0;5500000,0;5500000,0
9369622;6041;2022-12-21 00:00:00;PM SAO JOAO DA PONTE;16.928.483/0001-29;1261;SEE;SECRETARIA DE ESTADO DE EDUCACAO;42;AUXILIOS;1;AUXILIOS;10;RECURSOS ORDINARIOS;1718475,27;1718475,27;1718475,27
9369624;7181;2022-12-20 00:00:00;CONSORCIO INTERM. SAUDE DA MICRORREGIAO DO PARANAIBA;07.346.147/0001-87;4291;FES;FUNDO ESTADUAL DE SAUDE;42;AUXILIOS;1;AUXILIOS;10;RECURSOS ORDINARIOS;0,0;0,0;0,0
9369624;7183;2022-12-20 00:00:00;CONSORCIO INTERM. SAUDE DA MICRORREGIAO DO PARANAIBA;07.346.147/0001-87;4291;FES;FUNDO ESTADUAL DE SAUDE;42;AUXILIOS;1;AUXILIOS;10;RECURSOS ORDINARIOS;0,0;0,0;0,0
9369624;7184;2022-12-20 00:00:00;CONSORCIO INTERM. SAUDE DA MICRORREGIAO DO PARANAIBA;07.346.147/0001-87;4291;FES;FUNDO ESTADUAL DE SAUDE;42;AUXILIOS;1;AUXILIOS;10;RECURSOS ORDINARIOS;0,0;0,0;0,0
9369624;7188;2022-12-20 00:00:00;CONSORCIO INTERM. SAUDE DA MICRORREGIAO DO PARANAIBA;07.346.147/0001-87;4291;FES;FUNDO ESTADUAL DE SAUDE;42;AUXILIOS;1;AUXILIOS;10;RECURSOS ORDINARIOS;1698668,0;1698668,0;1698668,0
9369625;7190;2022-12-20 00:00:00;CONSORCIO INTERMUNICIPAL DE SAUDE DO ALTO DO RIO PARDO;01.172.959/0001-77;4291;FES;FUNDO ESTADUAL DE SAUDE;42;AUXILIOS;1;AUXILIOS;10;RECURSOS ORDINARIOS;2123335,0;2123335,0;2123335,0
9369626;7179;2022-12-20 00:00:00;CONSORCIO INTERMUNICIPAL DE ESPECIALIDADES;07.356.999/0001-55;4291;FES;FUNDO ESTADUAL DE SAUDE;42;AUXILIOS;1;AUXILIOS;10;RECURSOS ORDINARIOS;0,0;0,0;0,0
9369626;7182;2022-12-20 00:00:00;CONSORCIO INTERMUNICIPAL DE ESPECIALIDADES;07.356.999/0001-55;4291;FES;FUNDO ESTADUAL DE SAUDE;42;AUXILIOS;1;AUXILIOS;10;RECURSOS ORDINARIOS;1738934,0;1738934,0;1738934,0
9369627;7195;2022-12-20 00:00:00;CIS DA MATA LESTE;00.738.236/0001-20;4291;FES;FUNDO ESTADUAL DE SAUDE;42;AUXILIOS;1;AUXILIOS;10;RECURSOS ORDINARIOS;2123335,0;2123335,0;2123335,0
9369629;7187;2022-12-20 00:00:00;CONS.INTER.SAUDE MICRORREGIAO SETE LAGOAS-CISMISEL;01.202.226/0001-38;4291;FES;FUNDO ESTADUAL DE SAUDE;42;AUXILIOS;1;AUXILIOS;10;RECURSOS ORDINARIOS;2972669,0;2972669,0;2972669,0
9369630;7189;2022-12-20 00:00:00;CONVALES - CONSORCIO DE SAUDE E DESENVOLVIMENTO DOS VALES DO NOROESTE;06.070.075/0001-25;4291;FES;FUNDO ESTADUAL DE SAUDE;42;AUXILIOS;1;AUXILIOS;10;RECURSOS ORDINARIOS;4246670,0;4246670,0;4246670,0
9369631;7191;2022-12-20 00:00:00;CONS. INTERM. SAUDE DA MICRORREGIAO DO ALTO DO RIO GRANDE;00.079.634/0001-81;4291;FES;FUNDO ESTADUAL DE SAUDE;42;AUXILIOS;1;AUXILIOS;10;RECURSOS ORDINARIOS;2123335,0;2123335,0;2123335,0
9369632;7185;2022-12-20 00:00:00;CONSORCIO INTERMUNICIPAL DE SAUDE DA MICROREGIAO DO VALE DO PIRANGA;01.095.667/0001-88;4291;FES;FUNDO ESTADUAL DE SAUDE;42;AUXILIOS;1;AUXILIOS;10;RECURSOS ORDINARIOS;2548002,0;2548002,0;2548002,0
9369633;7193;2022-12-20 00:00:00;CONSORCIO INTERM. SAUDE DA MICRORREGIAO DO VALE DO SUACUI;00.794.962/0001-60;4291;FES;FUNDO ESTADUAL DE SAUDE;42;AUXILIOS;1;AUXILIOS;10;RECURSOS ORDINARIOS;1274001,0;1274001,0;1274001,0
9369634;7178;2022-12-20 00:00:00;CONS. SAUDE VICOSA;02.326.365/0001-36;4291;FES;FUNDO ESTADUAL DE SAUDE;42;AUXILIOS;1;AUXILIOS;10;RECURSOS ORDINARIOS;1274001,0;1274001,0;1274001,0
9369635;7194;2022-12-20 00:00:00;INSTITUICAO DE COOPERACAO INTERMUNICIPAL DO MEDIO PARAOPEBA;05.802.877/0001-10;4291;FES;FUNDO ESTADUAL DE SAUDE;42;AUXILIOS;1;AUXILIOS;10;RECURSOS ORDINARIOS;8493340,0;8493340,0;8493340,0
9369637;7192;2022-12-20 00:00:00;CONSORCIO INTERMUNICIPAL DE VERTENTES - CISVER;01.098.929/0001-68;4291;FES;FUNDO ESTADUAL DE SAUDE;42;AUXILIOS;1;AUXILIOS;10;RECURSOS ORDINARIOS;1274001,0;1274001,0;1274001,0
9369638;7177;2022-12-20 00:00:00;CIS DA MICRORREGIAO DE PIRAPOR;01.275.576/0001-24;4291;FES;FUNDO ESTADUAL DE SAUDE;42;AUXILIOS;1;AUXILIOS;10;RECURSOS ORDINARIOS;1294134,0;1294134,0;1294134,0
9369639;7180;2022-12-20 00:00:00;CONSORCIO INTERMUNICIPAL DE SAUDE ALTO MEDIO SAO FRANCISCO;01.289.973/0001-55;4291;FES;FUNDO ESTADUAL DE SAUDE;42;AUXILIOS;1;AUXILIOS;10;RECURSOS ORDINARIOS;0,0;0,0;0,0
9369639;7186;2022-12-20 00:00:00;CONSORCIO INTERMUNICIPAL DE SAUDE ALTO MEDIO SAO FRANCISCO;01.289.973/0001-55;4291;FES;FUNDO ESTADUAL DE SAUDE;42;AUXILIOS;1;AUXILIOS;10;RECURSOS ORDINARIOS;1698668,0;1698668,0;1698668,0
9369640;7176;2022-12-20 00:00:00;CONSORCIO INTERMUNICIPAL DE SAUDE ALTO VERTENTES;02.334.933/0001-40;4291;FES;FUNDO ESTADUAL DE SAUDE;42;AUXILIOS;1;AUXILIOS;10;RECURSOS ORDINARIOS;2548002,0;2548002,0;2548002,0
9369642;503;2022-12-19 00:00:00;PM GONCALVES;18.025.932/0001-54;1231;SEAPA;SECRETARIA DE ESTADO DE AGRICULTURA, PECUARIA E ABASTECIMENTO - SEAPA;41;CONTRIBUICOES;1;CONTRIBUICOES;10;RECURSOS ORDINARIOS;600000,0;600000,0;0,0
9369642;507;2022-12-19 00:00:00;PM GONCALVES;18.025.932/0001-54;1231;SEAPA;SECRETARIA DE ESTADO DE AGRICULTURA, PECUARIA E ABASTECIMENTO - SEAPA;41;CONTRIBUICOES;1;CONTRIBUICOES;10;RECURSOS ORDINARIOS;500000,0;500000,0;0,0
9369645;501;2022-12-19 00:00:00;PM BOCAINA DE MINAS;18.194.076/0001-60;1231;SEAPA;SECRETARIA DE ESTADO DE AGRICULTURA, PECUARIA E ABASTECIMENTO - SEAPA;41;CONTRIBUICOES;1;CONTRIBUICOES;10;RECURSOS ORDINARIOS;1000000,0;1000000,0;1000000,0
9369648;502;2022-12-19 00:00:00;PM COROMANDEL;18.591.149/0001-58;1231;SEAPA;SECRETARIA DE ESTADO DE AGRICULTURA, PECUARIA E ABASTECIMENTO - SEAPA;41;CONTRIBUICOES;1;CONTRIBUICOES;10;RECURSOS ORDINARIOS;1250000,0;1250000,0;1250000,0
9369649;504;2022-12-19 00:00:00;PM MATIAS CARDOSO;25.209.115/0001-11;1231;SEAPA;SECRETARIA DE ESTADO DE AGRICULTURA, PECUARIA E ABASTECIMENTO - SEAPA;41;CONTRIBUICOES;1;CONTRIBUICOES;71;RECURSOS DO FUNDO ESTADUAL DE ERRADICACAO DA MISERIA;500000,0;500000,0;500000,0
9369650;505;2022-12-19 00:00:00;PM SANTA CRUZ DE SALINAS;01.612.497/0001-61;1231;SEAPA;SECRETARIA DE ESTADO DE AGRICULTURA, PECUARIA E ABASTECIMENTO - SEAPA;41;CONTRIBUICOES;1;CONTRIBUICOES;10;RECURSOS ORDINARIOS;1061666,67;1061666,67;1061666,67
9369652;506;2022-12-19 00:00:00;PM INDAIABIRA;01.614.599/0001-16;1231;SEAPA;SECRETARIA DE ESTADO DE AGRICULTURA, PECUARIA E ABASTECIMENTO - SEAPA;41;CONTRIBUICOES;1;CONTRIBUICOES;10;RECURSOS ORDINARIOS;700000,0;700000,0;700000,0
9369652;510;2022-12-19 00:00:00;PM INDAIABIRA;01.614.599/0001-16;1231;SEAPA;SECRETARIA DE ESTADO DE AGRICULTURA, PECUARIA E ABASTECIMENTO - SEAPA;41;CONTRIBUICOES;1;CONTRIBUICOES;10;RECURSOS ORDINARIOS;1217869,97;1217869,97;1217869,97
9369653;508;2022-12-19 00:00:00;PM GURINHATA;18.457.192/0001-25;1231;SEAPA;SECRETARIA DE ESTADO DE AGRICULTURA, PECUARIA E ABASTECIMENTO - SEAPA;41;CONTRIBUICOES;1;CONTRIBUICOES;10;RECURSOS ORDINARIOS;700000,0;700000,0;700000,0
9369654;509;2022-12-19 00:00:00;PM ARACITABA;17.747.940/0001-41;1231;SEAPA;SECRETARIA DE ESTADO DE AGRICULTURA, PECUARIA E ABASTECIMENTO - SEAPA;41;CONTRIBUICOES;1;CONTRIBUICOES;10;RECURSOS ORDINARIOS;500000,0;500000,0;500000,0
9369655;511;2022-12-19 00:00:00;PM CARVALHOS;18.194.217/0001-45;1231;SEAPA;SECRETARIA DE ESTADO DE AGRICULTURA, PECUARIA E ABASTECIMENTO - SEAPA;41;CONTRIBUICOES;1;CONTRIBUICOES;10;RECURSOS ORDINARIOS;500000,0;500000,0;500000,0
9369658;512;2022-12-19 00:00:00;PM MIRADOURO;17.947.623/0001-79;1231;SEAPA;SECRETARIA DE ESTADO DE AGRICULTURA, PECUARIA E ABASTECIMENTO - SEAPA;41;CONTRIBUICOES;1;CONTRIBUICOES;10;RECURSOS ORDINARIOS;600000,0;600000,0;600000,0
9369659;513;2022-12-19 00:00:00;PM VARGEM GRANDE DO RIO PARDO;01.612.885/0001-42;1231;SEAPA;SECRETARIA DE ESTADO DE AGRICULTURA, PECUARIA E ABASTECIMENTO - SEAPA;41;CONTRIBUICOES;1;CONTRIBUICOES;10;RECURSOS ORDINARIOS;800000,0;800000,0;800000,0
9369660;514;2022-12-19 00:00:00;PM SAO JOSE DO JACURI;18.409.201/0001-02;1231;SEAPA;SECRETARIA DE ESTADO DE AGRICULTURA, PECUARIA E ABASTECIMENTO - SEAPA;41;CONTRIBUICOES;1;CONTRIBUICOES;10;RECURSOS ORDINARIOS;700000,0;700000,0;700000,0
9369664;519;2022-12-19 00:00:00;PM SARDOA;18.307.496/0001-06;1231;SEAPA;SECRETARIA DE ESTADO DE AGRICULTURA, PECUARIA E ABASTECIMENTO - SEAPA;41;CONTRIBUICOES;1;CONTRIBUICOES;10;RECURSOS ORDINARIOS;500000,0;500000,0;500000,0
9369664;520;2022-12-19 00:00:00;PM SARDOA;18.307.496/0001-06;1231;SEAPA;SECRETARIA DE ESTADO DE AGRICULTURA, PECUARIA E ABASTECIMENTO - SEAPA;41;CONTRIBUICOES;1;CONTRIBUICOES;10;RECURSOS ORDINARIOS;1000000,0;1000000,0;1000000,0
9369665;518;2022-12-19 00:00:00;PM DIVINOLANDIA DE MINAS;18.307.405/0001-32;1231;SEAPA;SECRETARIA DE ESTADO DE AGRICULTURA, PECUARIA E ABASTECIMENTO - SEAPA;41;CONTRIBUICOES;1;CONTRIBUICOES;10;RECURSOS ORDINARIOS;1200000,0;1200000,0;1200000,0
9369667;515;2022-12-19 00:00:00;PM SERRA AZUL DE MINAS;18.303.230/0001-95;1231;SEAPA;SECRETARIA DE ESTADO DE AGRICULTURA, PECUARIA E ABASTECIMENTO - SEAPA;41;CONTRIBUICOES;1;CONTRIBUICOES;10;RECURSOS ORDINARIOS;500000,0;500000,0;500000,0
9369667;516;2022-12-19 00:00:00;PM SERRA AZUL DE MINAS;18.303.230/0001-95;1231;SEAPA;SECRETARIA DE ESTADO DE AGRICULTURA, PECUARIA E ABASTECIMENTO - SEAPA;41;CONTRIBUICOES;1;CONTRIBUICOES;10;RECURSOS ORDINARIOS;600000,0;600000,0;600000,0
9369668;517;2022-12-19 00:00:00;PM MAMONAS;25.212.242/0001-70;1231;SEAPA;SECRETARIA DE ESTADO DE AGRICULTURA, PECUARIA E ABASTECIMENTO - SEAPA;41;CONTRIBUICOES;1;CONTRIBUICOES;10;RECURSOS ORDINARIOS;500000,0;500000,0;500000,0
9369669;521;2022-12-19 00:00:00;PM QUARTEL GERAL;18.296.699/0001-44;1231;SEAPA;SECRETARIA DE ESTADO DE AGRICULTURA, PECUARIA E ABASTECIMENTO - SEAPA;41;CONTRIBUICOES;1;CONTRIBUICOES;10;RECURSOS ORDINARIOS;500000,0;500000,0;500000,0
9369669;522;2022-12-19 00:00:00;PM QUARTEL GERAL;18.296.699/0001-44;1231;SEAPA;SECRETARIA DE ESTADO DE AGRICULTURA, PECUARIA E ABASTECIMENTO - SEAPA;41;CONTRIBUICOES;1;CONTRIBUICOES;10;RECURSOS ORDINARIOS;600000,0;600000,0;600000,0
9369670;523;2022-12-19 00:00:00;PM SANTO ANTONIO DO AVENTUREIRO;17.710.476/0001-19;1231;SEAPA;SECRETARIA DE ESTADO DE AGRICULTURA, PECUARIA E ABASTECIMENTO - SEAPA;41;CONTRIBUICOES;1;CONTRIBUICOES;10;RECURSOS ORDINARIOS;700000,0;700000,0;700000,0
9369671;524;2022-12-19 00:00:00;PM FERNANDES TOURINHO;18.080.887/0001-30;1231;SEAPA;SECRETARIA DE ESTADO DE AGRICULTURA, PECUARIA E ABASTECIMENTO - SEAPA;41;CONTRIBUICOES;1;CONTRIBUICOES;10;RECURSOS ORDINARIOS;500000,0;500000,0;500000,0
9369672;525;2022-12-19 00:00:00;PM CORREGO DO BOM JESUS;18.677.633/0001-02;1231;SEAPA;SECRETARIA DE ESTADO DE AGRICULTURA, PECUARIA E ABASTECIMENTO - SEAPA;41;CONTRIBUICOES;1;CONTRIBUICOES;10;RECURSOS ORDINARIOS;350000,0;350000,0;350000,0
9369674;530;2022-12-20 00:00:00;PM CARMESIA;18.303.172/0001-08;1231;SEAPA;SECRETARIA DE ESTADO DE AGRICULTURA, PECUARIA E ABASTECIMENTO - SEAPA;41;CONTRIBUICOES;1;CONTRIBUICOES;71;RECURSOS DO FUNDO ESTADUAL DE ERRADICACAO DA MISERIA;1223800,0;1223800,0;1223800,0
9369677;526;2022-12-19 00:00:00;PM SAO SEBASTIAO DO RIO PRETO;18.303.263/0001-35;1231;SEAPA;SECRETARIA DE ESTADO DE AGRICULTURA, PECUARIA E ABASTECIMENTO - SEAPA;41;CONTRIBUICOES;1;CONTRIBUICOES;10;RECURSOS ORDINARIOS;1250000,0;1250000,0;1250000,0
9369678;527;2022-12-19 00:00:00;PM ESTRELA DALVA;17.710.096/0001-84;1231;SEAPA;SECRETARIA DE ESTADO DE AGRICULTURA, PECUARIA E ABASTECIMENTO - SEAPA;41;CONTRIBUICOES;1;CONTRIBUICOES;10;RECURSOS ORDINARIOS;700000,0;700000,0;700000,0
9369684;507;2022-12-20 00:00:00;PM MATERLANDIA;18.303.206/0001-56;4491;FEC;FUNDO ESTADUAL DE CULTURA;41;CONTRIBUICOES;1;CONTRIBUICOES;59;OUTROS RECURSOS VINCULADOS;10989,0;10989,0;10989,0
9369685;510;2022-12-21 00:00:00;PM TRES PONTAS;18.245.167/0001-88;4491;FEC;FUNDO ESTADUAL DE CULTURA;41;CONTRIBUICOES;1;CONTRIBUICOES;59;OUTROS RECURSOS VINCULADOS;13233,33;13233,33;13233,33
9369685;511;2022-12-21 00:00:00;PM TRES PONTAS;18.245.167/0001-88;4491;FEC;FUNDO ESTADUAL DE CULTURA;41;CONTRIBUICOES;1;CONTRIBUICOES;59;OUTROS RECURSOS VINCULADOS;36755,79;36755,79;36755,79
9369686;512;2022-12-21 00:00:00;PM CONGONHAS;16.752.446/0001-02;4491;FEC;FUNDO ESTADUAL DE CULTURA;41;CONTRIBUICOES;1;CONTRIBUICOES;59;OUTROS RECURSOS VINCULADOS;10207,15;10207,15;0,0
9369686;513;2022-12-21 00:00:00;PM CONGONHAS;16.752.446/0001-02;4491;FEC;FUNDO ESTADUAL DE CULTURA;41;CONTRIBUICOES;1;CONTRIBUICOES;59;OUTROS RECURSOS VINCULADOS;36721,65;36721,65;0,0
9369687;508;2022-12-21 00:00:00;PM PRESIDENTE BERNARDES;23.515.695/0001-40;4491;FEC;FUNDO ESTADUAL DE CULTURA;41;CONTRIBUICOES;1;CONTRIBUICOES;59;OUTROS RECURSOS VINCULADOS;10000,0;10000,0;10000,0
9369687;509;2022-12-21 00:00:00;PM PRESIDENTE BERNARDES;23.515.695/0001-40;4491;FEC;FUNDO ESTADUAL DE CULTURA;41;CONTRIBUICOES;1;CONTRIBUICOES;59;OUTROS RECURSOS VINCULADOS;40000,0;40000,0;40000,0
9369688;505;2022-12-20 00:00:00;PM MINDURI;17.954.041/0001-10;4491;FEC;FUNDO ESTADUAL DE CULTURA;41;CONTRIBUICOES;1;CONTRIBUICOES;59;OUTROS RECURSOS VINCULADOS;21005,0;21005,0;21005,0
9369688;506;2022-12-20 00:00:00;PM MINDURI;17.954.041/0001-10;4491;FEC;FUNDO ESTADUAL DE CULTURA;41;CONTRIBUICOES;1;CONTRIBUICOES;59;OUTROS RECURSOS VINCULADOS;28379,0;28379,0;28379,0
9370570;5893;2022-12-20 00:00:00;PM ROCHEDO DE MINAS;18.558.080/0001-60;1491;SEGOV;SECRETARIA DE ESTADO DE GOVERNO;42;AUXILIOS;1;AUXILIOS;10;RECURSOS ORDINARIOS;273533,33;273533,33;273533,33
9370571;5892;2022-12-20 00:00:00;PM NOVA PONTE;18.159.905/0001-74;1491;SEGOV;SECRETARIA DE ESTADO DE GOVERNO;42;AUXILIOS;1;AUXILIOS;10;RECURSOS ORDINARIOS;400000,0;400000,0;400000,0
9370579;532;2022-12-20 00:00:00;PM CACHOEIRA DOURADA;18.457.267/0001-78;1231;SEAPA;SECRETARIA DE ESTADO DE AGRICULTURA, PECUARIA E ABASTECIMENTO - SEAPA;41;CONTRIBUICOES;1;CONTRIBUICOES;10;RECURSOS ORDINARIOS;850000,0;850000,0;850000,0
9370580;534;2022-12-20 00:00:00;PM ALVARENGA;19.770.288/0001-01;1231;SEAPA;SECRETARIA DE ESTADO DE AGRICULTURA, PECUARIA E ABASTECIMENTO - SEAPA;41;CONTRIBUICOES;1;CONTRIBUICOES;10;RECURSOS ORDINARIOS;117506,33;117506,33;117506,33
9370581;533;2022-12-20 00:00:00;PM HELIODORA;18.712.133/0001-56;1231;SEAPA;SECRETARIA DE ESTADO DE AGRICULTURA, PECUARIA E ABASTECIMENTO - SEAPA;41;CONTRIBUICOES;1;CONTRIBUICOES;10;RECURSOS ORDINARIOS;600000,0;600000,0;600000,0
9370582;531;2022-12-20 00:00:00;PM ARINOS;18.125.120/0001-80;1231;SEAPA;SECRETARIA DE ESTADO DE AGRICULTURA, PECUARIA E ABASTECIMENTO - SEAPA;41;CONTRIBUICOES;1;CONTRIBUICOES;10;RECURSOS ORDINARIOS;200000,0;200000,0;200000,0
9370583;536;2022-12-20 00:00:00;PM CORONEL PACHECO;18.338.152/0001-64;1231;SEAPA;SECRETARIA DE ESTADO DE AGRICULTURA, PECUARIA E ABASTECIMENTO - SEAPA;41;CONTRIBUICOES;1;CONTRIBUICOES;10;RECURSOS ORDINARIOS;1013109,72;1013109,72;1013109,72
9370588;541;2022-12-20 00:00:00;PM DIVISOPOLIS;66.234.311/0001-23;1231;SEAPA;SECRETARIA DE ESTADO DE AGRICULTURA, PECUARIA E ABASTECIMENTO - SEAPA;41;CONTRIBUICOES;1;CONTRIBUICOES;10;RECURSOS ORDINARIOS;500000,0;500000,0;500000,0
9370588;542;2022-12-20 00:00:00;PM DIVISOPOLIS;66.234.311/0001-23;1231;SEAPA;SECRETARIA DE ESTADO DE AGRICULTURA, PECUARIA E ABASTECIMENTO - SEAPA;41;CONTRIBUICOES;1;CONTRIBUICOES;10;RECURSOS ORDINARIOS;1646333,33;1646333,33;1646333,33
9370589;544;2022-12-20 00:00:00;PM ANTONIO PRADO DE MINAS;17.947.631/0001-15;1231;SEAPA;SECRETARIA DE ESTADO DE AGRICULTURA, PECUARIA E ABASTECIMENTO - SEAPA;41;CONTRIBUICOES;1;CONTRIBUICOES;10;RECURSOS ORDINARIOS;966300,0;966300,0;966300,0
9370590;545;2022-12-20 00:00:00;PM SANTA MARGARIDA;18.385.112/0001-73;1231;SEAPA;SECRETARIA DE ESTADO DE AGRICULTURA, PECUARIA E ABASTECIMENTO - SEAPA;41;CONTRIBUICOES;1;CONTRIBUICOES;10;RECURSOS ORDINARIOS;800000,0;800000,0;800000,0
9370591;548;2022-12-20 00:00:00;PM SANTO ANTONIO DO RETIRO;01.612.484/0001-92;1231;SEAPA;SECRETARIA DE ESTADO DE AGRICULTURA, PECUARIA E ABASTECIMENTO - SEAPA;41;CONTRIBUICOES;1;CONTRIBUICOES;10;RECURSOS ORDINARIOS;1250000,0;1250000,0;1250000,0
9370593;553;2022-12-20 00:00:00;PM SAO GONCALO DO ABAETE;18.602.086/0001-98;1231;SEAPA;SECRETARIA DE ESTADO DE AGRICULTURA, PECUARIA E ABASTECIMENTO - SEAPA;41;CONTRIBUICOES;1;CONTRIBUICOES;10;RECURSOS ORDINARIOS;600000,0;600000,0;600000,0
9370593;554;2022-12-20 00:00:00;PM SAO GONCALO DO ABAETE;18.602.086/0001-98;1231;SEAPA;SECRETARIA DE ESTADO DE AGRICULTURA, PECUARIA E ABASTECIMENTO - SEAPA;41;CONTRIBUICOES;1;CONTRIBUICOES;10;RECURSOS ORDINARIOS;600000,0;600000,0;600000,0
9370594;546;2022-12-20 00:00:00;PM CARANAIBA;18.094.789/0001-52;1231;SEAPA;SECRETARIA DE ESTADO DE AGRICULTURA, PECUARIA E ABASTECIMENTO - SEAPA;41;CONTRIBUICOES;1;CONTRIBUICOES;10;RECURSOS ORDINARIOS;500000,0;500000,0;500000,0
9370594;547;2022-12-20 00:00:00;PM CARANAIBA;18.094.789/0001-52;1231;SEAPA;SECRETARIA DE ESTADO DE AGRICULTURA, PECUARIA E ABASTECIMENTO - SEAPA;41;CONTRIBUICOES;1;CONTRIBUICOES;10;RECURSOS ORDINARIOS;1250000,0;1250000,0;1250000,0
9370594;549;2022-12-20 00:00:00;PM CARANAIBA;18.094.789/0001-52;1231;SEAPA;SECRETARIA DE ESTADO DE AGRICULTURA, PECUARIA E ABASTECIMENTO - SEAPA;41;CONTRIBUICOES;1;CONTRIBUICOES;10;RECURSOS ORDINARIOS;600000,0;600000,0;600000,0
9370596;550;2022-12-20 00:00:00;PM OURO VERDE DE MINAS;18.404.947/0001-23;1231;SEAPA;SECRETARIA DE ESTADO DE AGRICULTURA, PECUARIA E ABASTECIMENTO - SEAPA;41;CONTRIBUICOES;1;CONTRIBUICOES;10;RECURSOS ORDINARIOS;700000,0;700000,0;700000,0
9370596;551;2022-12-20 00:00:00;PM OURO VERDE DE MINAS;18.404.947/0001-23;1231;SEAPA;SECRETARIA DE ESTADO DE AGRICULTURA, PECUARIA E ABASTECIMENTO - SEAPA;41;CONTRIBUICOES;1;CONTRIBUICOES;10;RECURSOS ORDINARIOS;400000,0;400000,0;400000,0
9370597;543;2022-12-20 00:00:00;PM DESTERRO DO MELO;18.094.813/0001-53;1231;SEAPA;SECRETARIA DE ESTADO DE AGRICULTURA, PECUARIA E ABASTECIMENTO - SEAPA;41;CONTRIBUICOES;1;CONTRIBUICOES;10;RECURSOS ORDINARIOS;1186020,0;1186020,0;1186020,0
9370599;540;2022-12-20 00:00:00;PM JEQUITAI;18.279.083/0001-65;1231;SEAPA;SECRETARIA DE ESTADO DE AGRICULTURA, PECUARIA E ABASTECIMENTO - SEAPA;41;CONTRIBUICOES;1;CONTRIBUICOES;10;RECURSOS ORDINARIOS;400000,0;400000,0;400000,0
9370600;538;2022-12-20 00:00:00;PM SAO JOSE DO MANTIMENTO;18.392.514/0001-03;1231;SEAPA;SECRETARIA DE ESTADO DE AGRICULTURA, PECUARIA E ABASTECIMENTO - SEAPA;41;CONTRIBUICOES;1;CONTRIBUICOES;10;RECURSOS ORDINARIOS;500000,0;500000,0;500000,0
9370600;539;2022-12-20 00:00:00;PM SAO JOSE DO MANTIMENTO;18.392.514/0001-03;1231;SEAPA;SECRETARIA DE ESTADO DE AGRICULTURA, PECUARIA E ABASTECIMENTO - SEAPA;41;CONTRIBUICOES;1;CONTRIBUICOES;10;RECURSOS ORDINARIOS;600000,0;600000,0;600000,0
9370601;537;2022-12-20 00:00:00;PM BUENOPOLIS;17.694.852/0001-29;1231;SEAPA;SECRETARIA DE ESTADO DE AGRICULTURA, PECUARIA E ABASTECIMENTO - SEAPA;41;CONTRIBUICOES;1;CONTRIBUICOES;10;RECURSOS ORDINARIOS;1186020,0;1186020,0;1186020,0
9370603;535;2022-12-20 00:00:00;PM IGUATAMA;18.306.688/0001-06;1231;SEAPA;SECRETARIA DE ESTADO DE AGRICULTURA, PECUARIA E ABASTECIMENTO - SEAPA;41;CONTRIBUICOES;1;CONTRIBUICOES;10;RECURSOS ORDINARIOS;500000,0;500000,0;500000,0
9370642;5895;2022-12-21 00:00:00;PM SAO JOAO BATISTA DO GLORIA;18.241.778/0001-58;1491;SEGOV;SECRETARIA DE ESTADO DE GOVERNO;42;AUXILIOS;1;AUXILIOS;10;RECURSOS ORDINARIOS;149363,32;0,0;0,0
9370643;5896;2022-12-21 00:00:00;PM UBAPORANGA;66.229.717/0001-18;1491;SEGOV;SECRETARIA DE ESTADO DE GOVERNO;42;AUXILIOS;1;AUXILIOS;10;RECURSOS ORDINARIOS;77823,33;0,0;0,0
9370645;5897;2022-12-21 00:00:00;PM IBIRACI;17.894.072/0001-22;1491;SEGOV;SECRETARIA DE ESTADO DE GOVERNO;42;AUXILIOS;1;AUXILIOS;10;RECURSOS ORDINARIOS;74613,33;0,0;0,0
9370646;5894;2022-12-21 00:00:00;PM CRUCILANDIA;18.313.007/0001-29;1491;SEGOV;SECRETARIA DE ESTADO DE GOVERNO;42;AUXILIOS;1;AUXILIOS;10;RECURSOS ORDINARIOS;600000,0;0,0;0,0
9370647;4602;2022-12-21 00:00:00;PM CABECEIRA GRANDE;01.603.707/0001-55;1261;SEE;SECRETARIA DE ESTADO DE EDUCACAO;42;AUXILIOS;1;AUXILIOS;10;RECURSOS ORDINARIOS;2621200,0;2621200,0;2621200,0
9370648;4603;2022-12-21 00:00:00;PM ANDRELANDIA;18.682.930/0001-38;1261;SEE;SECRETARIA DE ESTADO DE EDUCACAO;42;AUXILIOS;1;AUXILIOS;10;RECURSOS ORDINARIOS;1296200,0;1296200,0;1296200,0
9370649;4604;2022-12-21 00:00:00;PM GRAO MOGOL;20.716.627/0001-50;1261;SEE;SECRETARIA DE ESTADO DE EDUCACAO;42;AUXILIOS;1;AUXILIOS;10;RECURSOS ORDINARIOS;2908792,94;2908792,94;2908792,94
9370650;4601;2022-12-21 00:00:00;PM FRANCISCOPOLIS;01.613.394/0001-16;1261;SEE;SECRETARIA DE ESTADO DE EDUCACAO;42;AUXILIOS;1;AUXILIOS;10;RECURSOS ORDINARIOS;711191,99;711191,99;711191,99
9370651;556;2022-12-21 00:00:00;PM JOAO MONLEVADE;18.401.059/0001-57;1231;SEAPA;SECRETARIA DE ESTADO DE AGRICULTURA, PECUARIA E ABASTECIMENTO - SEAPA;41;CONTRIBUICOES;1;CONTRIBUICOES;10;RECURSOS ORDINARIOS;350000,0;350000,0;350000,0
9370652;7339;2022-12-22 00:00:00;CONSORCIO INTERMUNICIPAL DES. SUSTENTAVEL DA MICRO REGIAO SERRA GERAL;12.333.051/0001-14;4291;FES;FUNDO ESTADUAL DE SAUDE;42;AUXILIOS;1;AUXILIOS;10;RECURSOS ORDINARIOS;3397336,0;3397336,0;3397336,0
9370653;7338;2022-12-22 00:00:00;CONSORCIO INTERMUNICIPAL DE SAUDE DO ALTO DO JEQUITINHONHA;00.699.767/0001-50;4291;FES;FUNDO ESTADUAL DE SAUDE;42;AUXILIOS;1;AUXILIOS;10;RECURSOS ORDINARIOS;2972669,0;2972669,0;2972669,0
9370655;7340;2022-12-22 00:00:00;CONSORCIO INTERMUNICIPAL SAUDE PORTAL DO NORTE/BOCAIUVA;01.994.407/0001-44;4291;FES;FUNDO ESTADUAL DE SAUDE;42;AUXILIOS;1;AUXILIOS;10;RECURSOS ORDINARIOS;849334,0;849334,0;849334,0
9370656;7341;2022-12-22 00:00:00;CIS MICRORREGIAO DO VALE DO ACO/ IPATINGA;00.853.908/0001-48;4291;FES;FUNDO ESTADUAL DE SAUDE;42;AUXILIOS;1;AUXILIOS;10;RECURSOS ORDINARIOS;1698668,0;1698668,0;1698668,0
9370657;557;2022-12-21 00:00:00;PM GONZAGA;18.307.421/0001-25;1231;SEAPA;SECRETARIA DE ESTADO DE AGRICULTURA, PECUARIA E ABASTECIMENTO - SEAPA;41;CONTRIBUICOES;1;CONTRIBUICOES;10;RECURSOS ORDINARIOS;600000,0;600000,0;600000,0
9370658;7336;2022-12-22 00:00:00;CONSORCIO INTERM. MULTIF. DO BAIXO JEQUITINHONHA;07.306.549/0001-58;4291;FES;FUNDO ESTADUAL DE SAUDE;42;AUXILIOS;1;AUXILIOS;10;RECURSOS ORDINARIOS;1698668,0;1698668,0;1698668,0
9370659;79;2022-12-22 00:00:00;CISALP-CONSORCIO PUBLICO INTERMUNICIPAL DE SAUDE A MICRO-REGIAO DO ALT;02.319.394/0001-70;4291;FES;FUNDO ESTADUAL DE SAUDE;42;AUXILIOS;1;AUXILIOS;10;RECURSOS ORDINARIOS;872564,75;872564,75;872564,75
9370659;80;2022-12-22 00:00:00;CISALP-CONSORCIO PUBLICO INTERMUNICIPAL DE SAUDE A MICRO-REGIAO DO ALT;02.319.394/0001-70;4291;FES;FUNDO ESTADUAL DE SAUDE;41;CONTRIBUICOES;1;CONTRIBUICOES;10;RECURSOS ORDINARIOS;83908,03;83908,03;83908,03
9370660;7337;2022-12-22 00:00:00;CONSORCIO INTERMUNICIPAL DE SAUDE DE UNIAO DA MATA - CISSUM;00.877.406/0001-57;4291;FES;FUNDO ESTADUAL DE SAUDE;42;AUXILIOS;1;AUXILIOS;10;RECURSOS ORDINARIOS;1698668,0;1698668,0;1698668,0
9370661;558;2022-12-21 00:00:00;PM BANDEIRA;18.349.902/0001-01;1231;SEAPA;SECRETARIA DE ESTADO DE AGRICULTURA, PECUARIA E ABASTECIMENTO - SEAPA;41;CONTRIBUICOES;1;CONTRIBUICOES;10;RECURSOS ORDINARIOS;500000,0;500000,0;500000,0
9370662;82;2022-12-22 00:00:00;INSTITUICAO DE COOPERACAO INTERMUNICIPAL DO MEDIO PARAOPEBA;05.802.877/0001-10;4291;FES;FUNDO ESTADUAL DE SAUDE;41;CONTRIBUICOES;1;CONTRIBUICOES;10;RECURSOS ORDINARIOS;179395,32;179395,32;179395,32
9370662;83;2022-12-22 00:00:00;INSTITUICAO DE COOPERACAO INTERMUNICIPAL DO MEDIO PARAOPEBA;05.802.877/0001-10;4291;FES;FUNDO ESTADUAL DE SAUDE;42;AUXILIOS;1;AUXILIOS;10;RECURSOS ORDINARIOS;3909451,74;3909451,74;3909451,74
9370664;559;2022-12-21 00:00:00;PM ARAPUA;19.942.895/0001-01;1231;SEAPA;SECRETARIA DE ESTADO DE AGRICULTURA, PECUARIA E ABASTECIMENTO - SEAPA;41;CONTRIBUICOES;1;CONTRIBUICOES;10;RECURSOS ORDINARIOS;600000,0;600000,0;600000,0
9370665;560;2022-12-21 00:00:00;PM SAO FRANCISCO DO GLORIA;18.114.231/0001-91;1231;SEAPA;SECRETARIA DE ESTADO DE AGRICULTURA, PECUARIA E ABASTECIMENTO - SEAPA;41;CONTRIBUICOES;1;CONTRIBUICOES;10;RECURSOS ORDINARIOS;400000,0;400000,0;400000,0
9370667;561;2022-12-21 00:00:00;PM CONSOLACAO;18.025.916/0001-61;1231;SEAPA;SECRETARIA DE ESTADO DE AGRICULTURA, PECUARIA E ABASTECIMENTO - SEAPA;41;CONTRIBUICOES;1;CONTRIBUICOES;10;RECURSOS ORDINARIOS;1250000,0;1250000,0;1250000,0
9370668;562;2022-12-21 00:00:00;PM SERRA DA SAUDADE;18.301.069/0001-10;1231;SEAPA;SECRETARIA DE ESTADO DE AGRICULTURA, PECUARIA E ABASTECIMENTO - SEAPA;41;CONTRIBUICOES;1;CONTRIBUICOES;10;RECURSOS ORDINARIOS;1250000,0;1250000,0;1250000,0
9370670;7342;2022-12-22 00:00:00;CIS DA MICROREGIAO DE ENTRE VALES DO MUCURI E JEQUITINHONHA;01.014.332/0001-98;4291;FES;FUNDO ESTADUAL DE SAUDE;42;AUXILIOS;1;AUXILIOS;10;RECURSOS ORDINARIOS;5520671,0;5520671,0;5520671,0
9370674;103;2022-12-23 00:00:00;ASSOC. DE PROT. E ASSIST. AO CONDENADO DE ITUIUTABA;08.669.795/0001-37;1451;SEJUSP;SECRETARIA DE ESTADO DE JUSTICA E SEGURANCA PUBLICA;42;AUXILIOS;1;AUXILIOS;10;RECURSOS ORDINARIOS;70477,0;70477,0;70477,0
9370690;100;2022-12-22 00:00:00;APAC BETIM;12.267.378/0001-35;1451;SEJUSP;SECRETARIA DE ESTADO DE JUSTICA E SEGURANCA PUBLICA;43;SUBVENCOES SOCIAIS;1;SUBVENCOES SOCIAIS;10;RECURSOS ORDINARIOS;191624,98;191624,98;191624,98
9370690;101;2022-12-22 00:00:00;APAC BETIM;12.267.378/0001-35;1451;SEJUSP;SECRETARIA DE ESTADO DE JUSTICA E SEGURANCA PUBLICA;43;SUBVENCOES SOCIAIS;1;SUBVENCOES SOCIAIS;27;TAXA DE SEGURANCA PUBLICA;897806,5;897806,5;897806,5
9370694;6044;2022-12-22 00:00:00;PM SAO JOAO DA PONTE;16.928.483/0001-29;1261;SEE;SECRETARIA DE ESTADO DE EDUCACAO;42;AUXILIOS;1;AUXILIOS;10;RECURSOS ORDINARIOS;3742519,12;3742519,12;3742519,12
9370695;4618;2022-12-22 00:00:00;PM AGUA COMPRIDA;18.428.953/0001-10;1261;SEE;SECRETARIA DE ESTADO DE EDUCACAO;42;AUXILIOS;1;AUXILIOS;10;RECURSOS ORDINARIOS;300000,0;300000,0;300000,0
9370696;4609;2022-12-22 00:00:00;PM PALMA;17.734.906/0001-32;1261;SEE;SECRETARIA DE ESTADO DE EDUCACAO;42;AUXILIOS;1;AUXILIOS;10;RECURSOS ORDINARIOS;868613,33;868613,33;868613,33
9370697;4620;2022-12-22 00:00:00;PM FLORESTAL;18.313.833/0001-78;1261;SEE;SECRETARIA DE ESTADO DE EDUCACAO;42;AUXILIOS;1;AUXILIOS;10;RECURSOS ORDINARIOS;200000,0;200000,0;200000,0
9370698;4624;2022-12-22 00:00:00;PM NOVA RESENDE;18.187.823/0001-33;1261;SEE;SECRETARIA DE ESTADO DE EDUCACAO;42;AUXILIOS;1;AUXILIOS;10;RECURSOS ORDINARIOS;139000,0;139000,0;139000,0
9370699;4635;2022-12-22 00:00:00;PM PASSOS;18.241.745/0001-08;1261;SEE;SECRETARIA DE ESTADO DE EDUCACAO;42;AUXILIOS;1;AUXILIOS;10;RECURSOS ORDINARIOS;100000,0;100000,0;100000,0
9370700;4629;2022-12-22 00:00:00;PM CARATINGA;18.334.268/0001-25;1261;SEE;SECRETARIA DE ESTADO DE EDUCACAO;42;AUXILIOS;1;AUXILIOS;10;RECURSOS ORDINARIOS;100000,0;100000,0;100000,0
9370701;4612;2022-12-22 00:00:00;PM ITAJUBA;18.025.940/0001-09;1261;SEE;SECRETARIA DE ESTADO DE EDUCACAO;42;AUXILIOS;1;AUXILIOS;10;RECURSOS ORDINARIOS;1692100,77;1692100,77;1692100,77
9370702;4638;2022-12-22 00:00:00;PM BONITO DE MINAS;01.612.493/0001-83;1261;SEE;SECRETARIA DE ESTADO DE EDUCACAO;42;AUXILIOS;1;AUXILIOS;10;RECURSOS ORDINARIOS;100000,0;100000,0;100000,0
9370703;4623;2022-12-22 00:00:00;PM INDIANOPOLIS;18.259.390/0001-84;1261;SEE;SECRETARIA DE ESTADO DE EDUCACAO;42;AUXILIOS;1;AUXILIOS;10;RECURSOS ORDINARIOS;196646,76;196646,76;196646,76
9370704;825;2022-12-22 00:00:00;PM GRUPIARA;17.827.858/0001-27;1371;SEMAD;SECRETARIA DE ESTADO DE MEIO AMBIENTE E DESENVOLVIMENTO SUSTENTAVEL;41;CONTRIBUICOES;1;CONTRIBUICOES;72;TAXA DE FISCALIZACAO DE RECURSOS MINERARIOS;600000,0;600000,0;600000,0
9370705;4608;2022-12-22 00:00:00;PM PORTEIRINHA;18.013.326/0001-19;1261;SEE;SECRETARIA DE ESTADO DE EDUCACAO;42;AUXILIOS;1;AUXILIOS;10;RECURSOS ORDINARIOS;4155600,0;4155600,0;4155600,0
9370706;4614;2022-12-22 00:00:00;PM IGARAPE;18.715.474/0001-85;1261;SEE;SECRETARIA DE ESTADO DE EDUCACAO;42;AUXILIOS;1;AUXILIOS;10;RECURSOS ORDINARIOS;500000,0;500000,0;500000,0
9370707;4640;2022-12-22 00:00:00;PM GOIANA;01.611.137/0001-45;1261;SEE;SECRETARIA DE ESTADO DE EDUCACAO;42;AUXILIOS;1;AUXILIOS;10;RECURSOS ORDINARIOS;100000,0;100000,0;100000,0
9370708;4621;2022-12-22 00:00:00;PM SANTA MARIA DO SUACUI;18.409.219/0001-04;1261;SEE;SECRETARIA DE ESTADO DE EDUCACAO;42;AUXILIOS;1;AUXILIOS;10;RECURSOS ORDINARIOS;200000,0;200000,0;200000,0
9370709;4611;2022-12-22 00:00:00;PM ITAU DE MINAS;23.767.031/0001-78;1261;SEE;SECRETARIA DE ESTADO DE EDUCACAO;42;AUXILIOS;1;AUXILIOS;10;RECURSOS ORDINARIOS;566933,87;566933,87;566933,87
9370710;4610;2022-12-22 00:00:00;PM PEDRALVA;18.025.973/0001-40;1261;SEE;SECRETARIA DE ESTADO DE EDUCACAO;42;AUXILIOS;1;AUXILIOS;10;RECURSOS ORDINARIOS;564033,58;564033,58;564033,58
9370711;4631;2022-12-22 00:00:00;PM TAPIRA;18.140.806/0001-40;1261;SEE;SECRETARIA DE ESTADO DE EDUCACAO;42;AUXILIOS;1;AUXILIOS;10;RECURSOS ORDINARIOS;100000,0;100000,0;100000,0
9370712;4630;2022-12-22 00:00:00;PM TAPIRA;18.140.806/0001-40;1261;SEE;SECRETARIA DE ESTADO DE EDUCACAO;42;AUXILIOS;1;AUXILIOS;10;RECURSOS ORDINARIOS;100000,0;100000,0;0,0
9370713;4643;2022-12-22 00:00:00;PM PARACATU;18.278.051/0001-45;1261;SEE;SECRETARIA DE ESTADO DE EDUCACAO;42;AUXILIOS;1;AUXILIOS;10;RECURSOS ORDINARIOS;99990,0;99990,0;99990,0
9370714;4639;2022-12-22 00:00:00;PM FREI GASPAR;18.404.913/0001-39;1261;SEE;SECRETARIA DE ESTADO DE EDUCACAO;42;AUXILIOS;1;AUXILIOS;10;RECURSOS ORDINARIOS;100000,0;100000,0;100000,0
9370715;4632;2022-12-22 00:00:00;PM SANTANA DO GARAMBEU;18.338.285/0001-30;1261;SEE;SECRETARIA DE ESTADO DE EDUCACAO;42;AUXILIOS;1;AUXILIOS;10;RECURSOS ORDINARIOS;100000,0;100000,0;100000,0
9370716;4628;2022-12-22 00:00:00;PM CAXAMBU;18.008.870/0001-72;1261;SEE;SECRETARIA DE ESTADO DE EDUCACAO;42;AUXILIOS;1;AUXILIOS;10;RECURSOS ORDINARIOS;100000,0;100000,0;100000,0
9370717;827;2022-12-22 00:00:00;PM RIACHO DOS MACHADOS;16.925.208/0001-51;1371;SEMAD;SECRETARIA DE ESTADO DE MEIO AMBIENTE E DESENVOLVIMENTO SUSTENTAVEL;41;CONTRIBUICOES;1;CONTRIBUICOES;72;TAXA DE FISCALIZACAO DE RECURSOS MINERARIOS;400000,0;400000,0;400000,0
9370718;4627;2022-12-22 00:00:00;PM BURITIS;18.125.146/0001-29;1261;SEE;SECRETARIA DE ESTADO DE EDUCACAO;42;AUXILIOS;1;AUXILIOS;10;RECURSOS ORDINARIOS;100000,0;100000,0;0,0
9370719;4633;2022-12-22 00:00:00;PM SAO SEBASTIAO DA VARGEM ALEGRE;01.616.854/0001-60;1261;SEE;SECRETARIA DE ESTADO DE EDUCACAO;42;AUXILIOS;1;AUXILIOS;10;RECURSOS ORDINARIOS;100000,0;100000,0;100000,0
9370720;4613;2022-12-22 00:00:00;PM ITAPAGIPE;21.226.840/0001-47;1261;SEE;SECRETARIA DE ESTADO DE EDUCACAO;42;AUXILIOS;1;AUXILIOS;10;RECURSOS ORDINARIOS;717200,0;717200,0;717200,0
9370721;4644;2022-12-22 00:00:00;PM PINTOPOLIS;01.612.481/0001-59;1261;SEE;SECRETARIA DE ESTADO DE EDUCACAO;42;AUXILIOS;1;AUXILIOS;10;RECURSOS ORDINARIOS;99982,54;99982,54;99982,54
9370723;4625;2022-12-22 00:00:00;PM POCOS DE CALDAS;18.629.840/0001-83;1261;SEE;SECRETARIA DE ESTADO DE EDUCACAO;42;AUXILIOS;1;AUXILIOS;10;RECURSOS ORDINARIOS;120000,0;120000,0;120000,0
9370724;4634;2022-12-22 00:00:00;PM POCOS DE CALDAS;18.629.840/0001-83;1261;SEE;SECRETARIA DE ESTADO DE EDUCACAO;42;AUXILIOS;1;AUXILIOS;10;RECURSOS ORDINARIOS;100000,0;100000,0;100000,0
9370725;4607;2022-12-22 00:00:00;PM URUCANIA;18.316.281/0001-51;1261;SEE;SECRETARIA DE ESTADO DE EDUCACAO;42;AUXILIOS;1;AUXILIOS;10;RECURSOS ORDINARIOS;337800,0;337800,0;337800,0
9370726;4617;2022-12-22 00:00:00;PM MATIAS BARBOSA;18.338.194/0001-03;1261;SEE;SECRETARIA DE ESTADO DE EDUCACAO;42;AUXILIOS;1;AUXILIOS;10;RECURSOS ORDINARIOS;300000,0;300000,0;300000,0
9370727;826;2022-12-22 00:00:00;PM MAMONAS;25.212.242/0001-70;1371;SEMAD;SECRETARIA DE ESTADO DE MEIO AMBIENTE E DESENVOLVIMENTO SUSTENTAVEL;41;CONTRIBUICOES;1;CONTRIBUICOES;72;TAXA DE FISCALIZACAO DE RECURSOS MINERARIOS;599940,0;599940,0;599940,0
9370728;102;2022-12-23 00:00:00;APAC ITABIRITO;07.329.062/0001-90;1451;SEJUSP;SECRETARIA DE ESTADO DE JUSTICA E SEGURANCA PUBLICA;42;AUXILIOS;1;AUXILIOS;10;RECURSOS ORDINARIOS;70477,0;70477,0;70477,0
9370729;4616;2022-12-22 00:00:00;PM IRAI DE MINAS;18.158.642/0001-89;1261;SEE;SECRETARIA DE ESTADO DE EDUCACAO;42;AUXILIOS;1;AUXILIOS;10;RECURSOS ORDINARIOS;400000,0;400000,0;400000,0
9370730;4637;2022-12-22 00:00:00;PM MANHUACU;18.385.088/0001-72;1261;SEE;SECRETARIA DE ESTADO DE EDUCACAO;42;AUXILIOS;1;AUXILIOS;10;RECURSOS ORDINARIOS;100000,0;100000,0;100000,0
9370732;4622;2022-12-22 00:00:00;PM NATALANDIA;01.593.752/0001-76;1261;SEE;SECRETARIA DE ESTADO DE EDUCACAO;42;AUXILIOS;1;AUXILIOS;10;RECURSOS ORDINARIOS;200000,0;200000,0;200000,0
9370735;4626;2022-12-22 00:00:00;PM ITUIUTABA;18.457.218/0001-35;1261;SEE;SECRETARIA DE ESTADO DE EDUCACAO;42;AUXILIOS;1;AUXILIOS;10;RECURSOS ORDINARIOS;115000,0;115000,0;115000,0
9370736;4642;2022-12-22 00:00:00;PM BOM JARDIM DE MINAS;18.684.217/0001-23;1261;SEE;SECRETARIA DE ESTADO DE EDUCACAO;42;AUXILIOS;1;AUXILIOS;10;RECURSOS ORDINARIOS;100000,0;100000,0;100000,0
9370737;4641;2022-12-22 00:00:00;PM SANTA RITA DE CALDAS;17.857.442/0001-51;1261;SEE;SECRETARIA DE ESTADO DE EDUCACAO;42;AUXILIOS;1;AUXILIOS;10;RECURSOS ORDINARIOS;100000,0;100000,0;100000,0
9370738;4615;2022-12-22 00:00:00;PM SANTA RITA DO SAPUCAI;18.192.898/0001-02;1261;SEE;SECRETARIA DE ESTADO DE EDUCACAO;42;AUXILIOS;1;AUXILIOS;10;RECURSOS ORDINARIOS;450000,0;450000,0;450000,0
9370739;759;2022-12-22 00:00:00;COMPANHIA DE PESQUISA DE RECURSOS MINERAIS - CPRM;00.091.652/0001-89;2241;IGAM;INSTITUTO MINEIRO DE GESTAO DAS AGUAS;41;CONTRIBUICOES;1;CONTRIBUICOES;60;RECURSOS DIRETAMENTE ARRECADADOS;0,0;0,0;0,0
9370740;5898;2022-12-22 00:00:00;PM GURINHATA;18.457.192/0001-25;1491;SEGOV;SECRETARIA DE ESTADO DE GOVERNO;42;AUXILIOS;1;AUXILIOS;10;RECURSOS ORDINARIOS;77813,33;0,0;0,0
9370741;5899;2022-12-22 00:00:00;PM JOAO PINHEIRO;16.930.299/0001-13;1491;SEGOV;SECRETARIA DE ESTADO DE GOVERNO;42;AUXILIOS;1;AUXILIOS;10;RECURSOS ORDINARIOS;119690,5;0,0;0,0
9370742;5900;2022-12-22 00:00:00;PM SANTO ANTONIO DO MONTE;16.870.974/0001-66;1491;SEGOV;SECRETARIA DE ESTADO DE GOVERNO;42;AUXILIOS;1;AUXILIOS;10;RECURSOS ORDINARIOS;78213,33;0,0;0,0
9370743;4619;2022-12-22 00:00:00;PM CAPIM BRANCO;18.314.617/0001-47;1261;SEE;SECRETARIA DE ESTADO DE EDUCACAO;42;AUXILIOS;1;AUXILIOS;10;RECURSOS ORDINARIOS;220000,0;220000,0;220000,0
9370744;4636;2022-12-22 00:00:00;PM OLARIA;18.338.202/0001-03;1261;SEE;SECRETARIA DE ESTADO DE EDUCACAO;42;AUXILIOS;1;AUXILIOS;10;RECURSOS ORDINARIOS;100000,0;100000,0;100000,0
9370745;504;2022-12-22 00:00:00;PM TUMIRITINGA;21.078.563/0001-72;1301;SEINFRA;SECRETARIA DE ESTADO DE INFRAESTRUTURA E MOBILIDADE;42;AUXILIOS;1;AUXILIOS;32;EXPLORACAO DE RECURSOS MINERAIS;2000000,0;2000000,0;0,0
9370747;505;2022-12-22 00:00:00;PM MINAS NOVAS;22.516.405/0001-10;1301;SEINFRA;SECRETARIA DE ESTADO DE INFRAESTRUTURA E MOBILIDADE;42;AUXILIOS;1;AUXILIOS;32;EXPLORACAO DE RECURSOS MINERAIS;1000000,0;1000000,0;1000000,0
9370749;92;2022-12-23 00:00:00;CONSORCIO INTERMUNICIPAL DE ESPECIALIDADES;07.356.999/0001-55;4291;FES;FUNDO ESTADUAL DE SAUDE;42;AUXILIOS;1;AUXILIOS;10;RECURSOS ORDINARIOS;0,0;0,0;0,0
9370749;95;2022-12-23 00:00:00;CONSORCIO INTERMUNICIPAL DE ESPECIALIDADES;07.356.999/0001-55;4291;FES;FUNDO ESTADUAL DE SAUDE;42;AUXILIOS;1;AUXILIOS;10;RECURSOS ORDINARIOS;735245,38;735245,38;735245,38
9370749;96;2022-12-23 00:00:00;CONSORCIO INTERMUNICIPAL DE ESPECIALIDADES;07.356.999/0001-55;4291;FES;FUNDO ESTADUAL DE SAUDE;41;CONTRIBUICOES;1;CONTRIBUICOES;10;RECURSOS ORDINARIOS;72674,23;72674,23;72674,23
9370750;93;2022-12-23 00:00:00;AGENCIA DE COOPERACAO INTERMUNICIPAL EM SAUDE PE DA SERRA;01.203.485/0001-83;4291;FES;FUNDO ESTADUAL DE SAUDE;41;CONTRIBUICOES;1;CONTRIBUICOES;10;RECURSOS ORDINARIOS;72674,17;72674,17;72674,17
9370750;102;2022-12-23 00:00:00;AGENCIA DE COOPERACAO INTERMUNICIPAL EM SAUDE PE DA SERRA;01.203.485/0001-83;4291;FES;FUNDO ESTADUAL DE SAUDE;42;AUXILIOS;1;AUXILIOS;10;RECURSOS ORDINARIOS;735245,12;735245,12;735245,12
9370751;91;2022-12-23 00:00:00;CONSORCIO INTERMUNICIPAL DE SAUDE DO ENTORNO DE SALINAS;07.333.598/0001-80;4291;FES;FUNDO ESTADUAL DE SAUDE;42;AUXILIOS;1;AUXILIOS;10;RECURSOS ORDINARIOS;735245,37;735245,37;735245,37
9370751;94;2022-12-23 00:00:00;CONSORCIO INTERMUNICIPAL DE SAUDE DO ENTORNO DE SALINAS;07.333.598/0001-80;4291;FES;FUNDO ESTADUAL DE SAUDE;41;CONTRIBUICOES;1;CONTRIBUICOES;10;RECURSOS ORDINARIOS;72674,23;72674,23;72674,23
9370752;7411;2022-12-23 00:00:00;CONSORCIO INTERM. SAUDE DO ALTO DO RIO PARA - CISPARA;01.260.691/0001-25;4291;FES;FUNDO ESTADUAL DE SAUDE;42;AUXILIOS;1;AUXILIOS;10;RECURSOS ORDINARIOS;2123335,0;2123335,0;2123335,0
9370753;88;2022-12-23 00:00:00;CONS. SAUDE VICOSA;02.326.365/0001-36;4291;FES;FUNDO ESTADUAL DE SAUDE;41;CONTRIBUICOES;1;CONTRIBUICOES;10;RECURSOS ORDINARIOS;99078,81;99078,81;99078,81
9370753;89;2022-12-23 00:00:00;CONS. SAUDE VICOSA;02.326.365/0001-36;4291;FES;FUNDO ESTADUAL DE SAUDE;42;AUXILIOS;1;AUXILIOS;10;RECURSOS ORDINARIOS;783117,38;783117,38;783117,38
9370754;101;2022-12-23 00:00:00;CIS MICRORREGIAO DO VALE DO ACO/ IPATINGA;00.853.908/0001-48;4291;FES;FUNDO ESTADUAL DE SAUDE;42;AUXILIOS;1;AUXILIOS;10;RECURSOS ORDINARIOS;872908,81;872908,81;872908,81
9370754;103;2022-12-23 00:00:00;CIS MICRORREGIAO DO VALE DO ACO/ IPATINGA;00.853.908/0001-48;4291;FES;FUNDO ESTADUAL DE SAUDE;41;CONTRIBUICOES;1;CONTRIBUICOES;10;RECURSOS ORDINARIOS;83550,5;83550,5;83550,5
9370755;7409;2022-12-23 00:00:00;CONSORCIO PUBLICO INTERMUNICIPAL DE SAUDE DO TRIANGULO MINEIRO;18.151.467/0001-06;4291;FES;FUNDO ESTADUAL DE SAUDE;42;AUXILIOS;1;AUXILIOS;10;RECURSOS ORDINARIOS;4246670,0;4246670,0;4246670,0
9370756;7407;2022-12-23 00:00:00;CONSORCIO INTERMUNICIPAL DE SAUDE DE CAPARAO/MUTUM;01.999.898/0001-16;4291;FES;FUNDO ESTADUAL DE SAUDE;42;AUXILIOS;1;AUXILIOS;10;RECURSOS ORDINARIOS;1698668,0;1698668,0;1698668,0
9370757;97;2022-12-23 00:00:00;CONSORCIO INTERMUN.DE DESENV.ECON.SOC.DOS MUNIC.LESTE MG;12.963.113/0001-71;4291;FES;FUNDO ESTADUAL DE SAUDE;41;CONTRIBUICOES;1;CONTRIBUICOES;10;RECURSOS ORDINARIOS;72674,23;72674,23;72674,23
9370757;98;2022-12-23 00:00:00;CONSORCIO INTERMUN.DE DESENV.ECON.SOC.DOS MUNIC.LESTE MG;12.963.113/0001-71;4291;FES;FUNDO ESTADUAL DE SAUDE;42;AUXILIOS;1;AUXILIOS;10;RECURSOS ORDINARIOS;380328,22;380328,22;380328,22
9370758;86;2022-12-23 00:00:00;CIS DA MATA LESTE;00.738.236/0001-20;4291;FES;FUNDO ESTADUAL DE SAUDE;41;CONTRIBUICOES;1;CONTRIBUICOES;10;RECURSOS ORDINARIOS;72674,23;72674,23;72674,23
9370758;87;2022-12-23 00:00:00;CIS DA MATA LESTE;00.738.236/0001-20;4291;FES;FUNDO ESTADUAL DE SAUDE;42;AUXILIOS;1;AUXILIOS;10;RECURSOS ORDINARIOS;380328,22;380328,22;380328,22
9370759;7410;2022-12-23 00:00:00;CONSORCIO INTERM. SAUDE DA MICRO REGIAO DO ALTO DO SAPUCAI;01.111.142/0001-99;4291;FES;FUNDO ESTADUAL DE SAUDE;42;AUXILIOS;1;AUXILIOS;10;RECURSOS ORDINARIOS;1698668,0;1698668,0;1698668,0
9370760;7413;2022-12-23 00:00:00;CONSORCIO INTERMUNICIPAL DE SAUDE VERDE - CIS VERDE;02.034.350/0001-02;4291;FES;FUNDO ESTADUAL DE SAUDE;42;AUXILIOS;1;AUXILIOS;10;RECURSOS ORDINARIOS;2972669,0;2972669,0;0,0
9370761;7408;2022-12-23 00:00:00;CIS ALTO PARAOPEBA/CONSELHERO LAFAIETE;02.401.218/0001-83;4291;FES;FUNDO ESTADUAL DE SAUDE;42;AUXILIOS;1;AUXILIOS;10;RECURSOS ORDINARIOS;2123335,0;2123335,0;2123335,0
9370762;7412;2022-12-23 00:00:00;CONSORCIO INTERMUNICIPAL DE SA DE CENTRO LESTE;01.921.228/0001-87;4291;FES;FUNDO ESTADUAL DE SAUDE;42;AUXILIOS;1;AUXILIOS;10;RECURSOS ORDINARIOS;1274001,0;1274001,0;0,0
9370763;84;2022-12-23 00:00:00;CIS DA MICROREGIAO DE ENTRE VALES DO MUCURI E JEQUITINHONHA;01.014.332/0001-98;4291;FES;FUNDO ESTADUAL DE SAUDE;42;AUXILIOS;1;AUXILIOS;10;RECURSOS ORDINARIOS;0,0;0,0;0,0
9370763;85;2022-12-23 00:00:00;CIS DA MICROREGIAO DE ENTRE VALES DO MUCURI E JEQUITINHONHA;01.014.332/0001-98;4291;FES;FUNDO ESTADUAL DE SAUDE;41;CONTRIBUICOES;1;CONTRIBUICOES;10;RECURSOS ORDINARIOS;89524,93;89524,93;89524,93
9370763;90;2022-12-23 00:00:00;CIS DA MICROREGIAO DE ENTRE VALES DO MUCURI E JEQUITINHONHA;01.014.332/0001-98;4291;FES;FUNDO ESTADUAL DE SAUDE;42;AUXILIOS;1;AUXILIOS;10;RECURSOS ORDINARIOS;941224,44;941224,44;941224,44
9370766;580;2022-12-22 00:00:00;PM SAO SEBASTIAO DO MARANHAO;18.409.177/0001-01;1231;SEAPA;SECRETARIA DE ESTADO DE AGRICULTURA, PECUARIA E ABASTECIMENTO - SEAPA;41;CONTRIBUICOES;1;CONTRIBUICOES;10;RECURSOS ORDINARIOS;600000,0;600000,0;600000,0
9370767;575;2022-12-22 00:00:00;PM PEDRA BONITA;01.640.429/0001-06;1231;SEAPA;SECRETARIA DE ESTADO DE AGRICULTURA, PECUARIA E ABASTECIMENTO - SEAPA;41;CONTRIBUICOES;1;CONTRIBUICOES;10;RECURSOS ORDINARIOS;350000,0;350000,0;350000,0
9370768;577;2022-12-22 00:00:00;PM IBIRACI;17.894.072/0001-22;1231;SEAPA;SECRETARIA DE ESTADO DE AGRICULTURA, PECUARIA E ABASTECIMENTO - SEAPA;41;CONTRIBUICOES;1;CONTRIBUICOES;10;RECURSOS ORDINARIOS;350000,0;350000,0;350000,0
9370769;579;2022-12-22 00:00:00;PM BOM JESUS DO GALHO;18.334.276/0001-71;1231;SEAPA;SECRETARIA DE ESTADO DE AGRICULTURA, PECUARIA E ABASTECIMENTO - SEAPA;41;CONTRIBUICOES;1;CONTRIBUICOES;10;RECURSOS ORDINARIOS;350000,0;350000,0;350000,0
9370770;587;2022-12-22 00:00:00;PM SAO JOAO DA PONTE;16.928.483/0001-29;1231;SEAPA;SECRETARIA DE ESTADO DE AGRICULTURA, PECUARIA E ABASTECIMENTO - SEAPA;41;CONTRIBUICOES;1;CONTRIBUICOES;10;RECURSOS ORDINARIOS;350000,0;350000,0;350000,0
9370771;589;2022-12-22 00:00:00;PM SANTA RITA DO IBITIPOCA;18.094.862/0001-96;1231;SEAPA;SECRETARIA DE ESTADO DE AGRICULTURA, PECUARIA E ABASTECIMENTO - SEAPA;41;CONTRIBUICOES;1;CONTRIBUICOES;10;RECURSOS ORDINARIOS;700000,0;700000,0;700000,0
9370772;592;2022-12-22 00:00:00;PM PIRANGUCU;18.025.981/0001-97;1231;SEAPA;SECRETARIA DE ESTADO DE AGRICULTURA, PECUARIA E ABASTECIMENTO - SEAPA;41;CONTRIBUICOES;1;CONTRIBUICOES;10;RECURSOS ORDINARIOS;1250000,0;1250000,0;1250000,0
9370773;593;2022-12-22 00:00:00;PM CABECEIRA GRANDE;01.603.707/0001-55;1231;SEAPA;SECRETARIA DE ESTADO DE AGRICULTURA, PECUARIA E ABASTECIMENTO - SEAPA;41;CONTRIBUICOES;1;CONTRIBUICOES;10;RECURSOS ORDINARIOS;700000,0;700000,0;700000,0
9370774;594;2022-12-22 00:00:00;PM PONTO DOS VOLANTES;01.613.377/0001-89;1231;SEAPA;SECRETARIA DE ESTADO DE AGRICULTURA, PECUARIA E ABASTECIMENTO - SEAPA;41;CONTRIBUICOES;1;CONTRIBUICOES;10;RECURSOS ORDINARIOS;700000,0;700000,0;700000,0
9370775;591;2022-12-22 00:00:00;PM JAPARAIBA;18.306.654/0001-03;1231;SEAPA;SECRETARIA DE ESTADO DE AGRICULTURA, PECUARIA E ABASTECIMENTO - SEAPA;41;CONTRIBUICOES;1;CONTRIBUICOES;10;RECURSOS ORDINARIOS;400000,0;400000,0;400000,0
9370776;590;2022-12-22 00:00:00;PM PASSA VINTE;18.338.210/0001-50;1231;SEAPA;SECRETARIA DE ESTADO DE AGRICULTURA, PECUARIA E ABASTECIMENTO - SEAPA;41;CONTRIBUICOES;1;CONTRIBUICOES;10;RECURSOS ORDINARIOS;1250000,0;1250000,0;1250000,0
9370777;584;2022-12-22 00:00:00;PM SIMAO PEREIRA;18.338.293/0001-87;1231;SEAPA;SECRETARIA DE ESTADO DE AGRICULTURA, PECUARIA E ABASTECIMENTO - SEAPA;41;CONTRIBUICOES;1;CONTRIBUICOES;10;RECURSOS ORDINARIOS;300000,0;300000,0;300000,0
9370777;585;2022-12-22 00:00:00;PM SIMAO PEREIRA;18.338.293/0001-87;1231;SEAPA;SECRETARIA DE ESTADO DE AGRICULTURA, PECUARIA E ABASTECIMENTO - SEAPA;41;CONTRIBUICOES;1;CONTRIBUICOES;10;RECURSOS ORDINARIOS;400000,0;400000,0;400000,0
9370778;583;2022-12-22 00:00:00;PM SERRANIA;18.243.261/0001-06;1231;SEAPA;SECRETARIA DE ESTADO DE AGRICULTURA, PECUARIA E ABASTECIMENTO - SEAPA;41;CONTRIBUICOES;1;CONTRIBUICOES;10;RECURSOS ORDINARIOS;850000,0;850000,0;0,0
9370779;581;2022-12-22 00:00:00;PM ITAVERAVA;19.718.386/0001-08;1231;SEAPA;SECRETARIA DE ESTADO DE AGRICULTURA, PECUARIA E ABASTECIMENTO - SEAPA;41;CONTRIBUICOES;1;CONTRIBUICOES;10;RECURSOS ORDINARIOS;600000,0;600000,0;600000,0
9370779;582;2022-12-22 00:00:00;PM ITAVERAVA;19.718.386/0001-08;1231;SEAPA;SECRETARIA DE ESTADO DE AGRICULTURA, PECUARIA E ABASTECIMENTO - SEAPA;41;CONTRIBUICOES;1;CONTRIBUICOES;10;RECURSOS ORDINARIOS;500000,0;500000,0;500000,0
9370780;112;2022-12-23 00:00:00;APAC VISCONDE DO RIO BRANCO;30.471.573/0001-64;1451;SEJUSP;SECRETARIA DE ESTADO DE JUSTICA E SEGURANCA PUBLICA;42;AUXILIOS;1;AUXILIOS;10;RECURSOS ORDINARIOS;70477,0;70477,0;70477,0
9370781;586;2022-12-22 00:00:00;PM SENADOR CORTES;17.724.576/0001-02;1231;SEAPA;SECRETARIA DE ESTADO DE AGRICULTURA, PECUARIA E ABASTECIMENTO - SEAPA;41;CONTRIBUICOES;1;CONTRIBUICOES;10;RECURSOS ORDINARIOS;500000,0;500000,0;500000,0
9370781;588;2022-12-22 00:00:00;PM SENADOR CORTES;17.724.576/0001-02;1231;SEAPA;SECRETARIA DE ESTADO DE AGRICULTURA, PECUARIA E ABASTECIMENTO - SEAPA;41;CONTRIBUICOES;1;CONTRIBUICOES;10;RECURSOS ORDINARIOS;600000,0;600000,0;600000,0
9370782;104;2022-12-23 00:00:00;ASSOC. DE PROT. E ASSIST. AO CONDENADO DE ALFENAS;04.926.925/0001-19;1451;SEJUSP;SECRETARIA DE ESTADO DE JUSTICA E SEGURANCA PUBLICA;42;AUXILIOS;1;AUXILIOS;10;RECURSOS ORDINARIOS;70477,0;70477,0;0,0
9370783;576;2022-12-22 00:00:00;PM INGAI;18.244.319/0001-28;1231;SEAPA;SECRETARIA DE ESTADO DE AGRICULTURA, PECUARIA E ABASTECIMENTO - SEAPA;41;CONTRIBUICOES;1;CONTRIBUICOES;10;RECURSOS ORDINARIOS;600000,0;600000,0;600000,0
9370783;578;2022-12-22 00:00:00;PM INGAI;18.244.319/0001-28;1231;SEAPA;SECRETARIA DE ESTADO DE AGRICULTURA, PECUARIA E ABASTECIMENTO - SEAPA;41;CONTRIBUICOES;1;CONTRIBUICOES;10;RECURSOS ORDINARIOS;300000,0;300000,0;300000,0
9370784;106;2022-12-23 00:00:00;APAC BETIM;12.267.378/0001-35;1451;SEJUSP;SECRETARIA DE ESTADO DE JUSTICA E SEGURANCA PUBLICA;42;AUXILIOS;1;AUXILIOS;10;RECURSOS ORDINARIOS;70477,0;70477,0;70477,0
9370785;574;2022-12-22 00:00:00;PM SANTA RITA DO ITUETO;18.413.187/0001-10;1231;SEAPA;SECRETARIA DE ESTADO DE AGRICULTURA, PECUARIA E ABASTECIMENTO - SEAPA;41;CONTRIBUICOES;1;CONTRIBUICOES;71;RECURSOS DO FUNDO ESTADUAL DE ERRADICACAO DA MISERIA;1250000,0;1250000,0;1250000,0
9370786;573;2022-12-22 00:00:00;PM MAR DE ESPANHA;18.535.658/0001-63;1231;SEAPA;SECRETARIA DE ESTADO DE AGRICULTURA, PECUARIA E ABASTECIMENTO - SEAPA;41;CONTRIBUICOES;1;CONTRIBUICOES;10;RECURSOS ORDINARIOS;1245979,69;1245979,69;0,0
9370797;107;2022-12-23 00:00:00;ASSOC. DE PROT. E ASSIST. AO CONDENADO DE JANUARIA;08.358.883/0001-18;1451;SEJUSP;SECRETARIA DE ESTADO DE JUSTICA E SEGURANCA PUBLICA;42;AUXILIOS;1;AUXILIOS;10;RECURSOS ORDINARIOS;70477,0;70477,0;70477,0
9370811;109;2022-12-23 00:00:00;ASSOC. DE PROT. E ASSIST. AOS CONENADOS DE SANTA BARBARA;05.134.204/0001-39;1451;SEJUSP;SECRETARIA DE ESTADO DE JUSTICA E SEGURANCA PUBLICA;42;AUXILIOS;1;AUXILIOS;10;RECURSOS ORDINARIOS;70477,0;70477,0;70477,0
9370813;110;2022-12-23 00:00:00;ASSOC. DE PROT. E ASSIST. AOS CONENADOS DE SANTA MARIA DO SUACUI;06.289.008/0001-04;1451;SEJUSP;SECRETARIA DE ESTADO DE JUSTICA E SEGURANCA PUBLICA;42;AUXILIOS;1;AUXILIOS;10;RECURSOS ORDINARIOS;70477,0;70477,0;70477,0
9370815;111;2022-12-23 00:00:00;APAC DE VARGINHA;20.392.940/0001-80;1451;SEJUSP;SECRETARIA DE ESTADO DE JUSTICA E SEGURANCA PUBLICA;42;AUXILIOS;1;AUXILIOS;10;RECURSOS ORDINARIOS;70477,0;70477,0;70477,0
9370816;108;2022-12-23 00:00:00;ASSOC. DE PROT. E ASSIST. AO CONDENADO DE PEDRA AZUL;10.867.575/0001-60;1451;SEJUSP;SECRETARIA DE ESTADO DE JUSTICA E SEGURANCA PUBLICA;42;AUXILIOS;1;AUXILIOS;10;RECURSOS ORDINARIOS;70477,0;70477,0;70477,0
9370838;4660;2022-12-26 00:00:00;PM CACHOEIRA DO PAJEU;18.414.599/0001-75;1261;SEE;SECRETARIA DE ESTADO DE EDUCACAO;42;AUXILIOS;1;AUXILIOS;10;RECURSOS ORDINARIOS;572825,09;572825,09;0,0
9370839;4653;2022-12-23 00:00:00;PM SANTO HIPOLITO;17.694.886/0001-13;1261;SEE;SECRETARIA DE ESTADO DE EDUCACAO;42;AUXILIOS;1;AUXILIOS;10;RECURSOS ORDINARIOS;1648000,0;1648000,0;1648000,0
9370840;4661;2022-12-26 00:00:00;PM PECANHA;18.409.227/0001-50;1261;SEE;SECRETARIA DE ESTADO DE EDUCACAO;42;AUXILIOS;1;AUXILIOS;10;RECURSOS ORDINARIOS;572825,09;572825,09;0,0
9370841;4657;2022-12-23 00:00:00;PM POUSO ALTO;18.667.212/0001-92;1261;SEE;SECRETARIA DE ESTADO DE EDUCACAO;42;AUXILIOS;1;AUXILIOS;10;RECURSOS ORDINARIOS;100000,0;100000,0;100000,0
9370843;4659;2022-12-23 00:00:00;PM NOVA MODICA;18.404.939/0001-87;1261;SEE;SECRETARIA DE ESTADO DE EDUCACAO;42;AUXILIOS;1;AUXILIOS;10;RECURSOS ORDINARIOS;150000,0;150000,0;150000,0
9370846;595;2022-12-23 00:00:00;PM CONTAGEM;18.715.508/0001-31;1231;SEAPA;SECRETARIA DE ESTADO DE AGRICULTURA, PECUARIA E ABASTECIMENTO - SEAPA;41;CONTRIBUICOES;1;CONTRIBUICOES;10;RECURSOS ORDINARIOS;350000,0;350000,0;350000,0
9370847;601;2022-12-23 00:00:00;PM CHACARA;18.338.137/0001-16;1231;SEAPA;SECRETARIA DE ESTADO DE AGRICULTURA, PECUARIA E ABASTECIMENTO - SEAPA;41;CONTRIBUICOES;1;CONTRIBUICOES;10;RECURSOS ORDINARIOS;700000,0;700000,0;700000,0
9370848;4658;2022-12-23 00:00:00;PM ITANHANDU;18.186.718/0001-80;1261;SEE;SECRETARIA DE ESTADO DE EDUCACAO;42;AUXILIOS;1;AUXILIOS;10;RECURSOS ORDINARIOS;249999,73;249999,73;249999,73
9370849;4656;2022-12-23 00:00:00;PM TAPARUBA;01.616.741/0001-64;1261;SEE;SECRETARIA DE ESTADO DE EDUCACAO;42;AUXILIOS;1;AUXILIOS;10;RECURSOS ORDINARIOS;350000,0;350000,0;350000,0
9370850;4662;2022-12-26 00:00:00;PM TAPARUBA;01.616.741/0001-64;1261;SEE;SECRETARIA DE ESTADO DE EDUCACAO;42;AUXILIOS;1;AUXILIOS;10;RECURSOS ORDINARIOS;1051800,0;1051800,0;0,0
9370851;4665;2022-12-26 00:00:00;PM VEREDINHA;01.614.685/0001-29;1261;SEE;SECRETARIA DE ESTADO DE EDUCACAO;42;AUXILIOS;1;AUXILIOS;10;RECURSOS ORDINARIOS;750000,0;750000,0;750000,0
9370852;602;2022-12-23 00:00:00;PM NOVORIZONTE;01.616.420/0001-60;1231;SEAPA;SECRETARIA DE ESTADO DE AGRICULTURA, PECUARIA E ABASTECIMENTO - SEAPA;41;CONTRIBUICOES;1;CONTRIBUICOES;10;RECURSOS ORDINARIOS;507978,62;507978,62;507978,62
9370853;608;2022-12-23 00:00:00;PM TOCOS DO MOJI;01.601.656/0001-22;1231;SEAPA;SECRETARIA DE ESTADO DE AGRICULTURA, PECUARIA E ABASTECIMENTO - SEAPA;41;CONTRIBUICOES;1;CONTRIBUICOES;10;RECURSOS ORDINARIOS;600000,0;600000,0;0,0
9370854;596;2022-12-23 00:00:00;PM MANGA;18.270.447/0001-46;1231;SEAPA;SECRETARIA DE ESTADO DE AGRICULTURA, PECUARIA E ABASTECIMENTO - SEAPA;41;CONTRIBUICOES;1;CONTRIBUICOES;10;RECURSOS ORDINARIOS;350000,0;350000,0;350000,0
9370855;598;2022-12-23 00:00:00;PM CAIANA;18.114.256/0001-95;1231;SEAPA;SECRETARIA DE ESTADO DE AGRICULTURA, PECUARIA E ABASTECIMENTO - SEAPA;41;CONTRIBUICOES;1;CONTRIBUICOES;10;RECURSOS ORDINARIOS;1000000,0;1000000,0;1000000,0
9370856;599;2022-12-23 00:00:00;PM CONCEICAO DO RIO VERDE;18.008.888/0001-74;1231;SEAPA;SECRETARIA DE ESTADO DE AGRICULTURA, PECUARIA E ABASTECIMENTO - SEAPA;41;CONTRIBUICOES;1;CONTRIBUICOES;10;RECURSOS ORDINARIOS;1250000,0;1250000,0;1250000,0
9370857;113;2022-12-23 00:00:00;FRATERNIDADE BRASILEIRA DE ASSISTENCIA AOS CONDENADOS;01.528.418/0001-39;1451;SEJUSP;SECRETARIA DE ESTADO DE JUSTICA E SEGURANCA PUBLICA;42;AUXILIOS;1;AUXILIOS;10;RECURSOS ORDINARIOS;70477,0;70477,0;70477,0
9370858;600;2022-12-23 00:00:00;PM SENADOR JOSE BENTO;18.675.926/0001-42;1231;SEAPA;SECRETARIA DE ESTADO DE AGRICULTURA, PECUARIA E ABASTECIMENTO - SEAPA;41;CONTRIBUICOES;1;CONTRIBUICOES;10;RECURSOS ORDINARIOS;700000,0;700000,0;700000,0
9370859;597;2022-12-23 00:00:00;PM AIURUOCA;18.008.896/0001-10;1231;SEAPA;SECRETARIA DE ESTADO DE AGRICULTURA, PECUARIA E ABASTECIMENTO - SEAPA;41;CONTRIBUICOES;1;CONTRIBUICOES;10;RECURSOS ORDINARIOS;350000,0;350000,0;350000,0
9370860;4651;2022-12-23 00:00:00;PM CRISOLITA;01.614.283/0001-24;1261;SEE;SECRETARIA DE ESTADO DE EDUCACAO;42;AUXILIOS;1;AUXILIOS;10;RECURSOS ORDINARIOS;2818500,0;2818500,0;2818500,0
9370861;4655;2022-12-23 00:00:00;PM RUBELITA;24.363.590/0001-85;1261;SEE;SECRETARIA DE ESTADO DE EDUCACAO;42;AUXILIOS;1;AUXILIOS;10;RECURSOS ORDINARIOS;100000,0;100000,0;0,0
9370862;4654;2022-12-23 00:00:00;PM POCRANE;18.334.318/0001-74;1261;SEE;SECRETARIA DE ESTADO DE EDUCACAO;42;AUXILIOS;1;AUXILIOS;10;RECURSOS ORDINARIOS;3263600,0;3263600,0;3263600,0
9370863;4652;2022-12-23 00:00:00;PM RUBELITA;24.363.590/0001-85;1261;SEE;SECRETARIA DE ESTADO DE EDUCACAO;42;AUXILIOS;1;AUXILIOS;10;RECURSOS ORDINARIOS;3187100,0;3187100,0;3187100,0
9370864;105;2022-12-23 00:00:00;APAC DE ALMENARA;27.969.868/0001-50;1451;SEJUSP;SECRETARIA DE ESTADO DE JUSTICA E SEGURANCA PUBLICA;42;AUXILIOS;1;AUXILIOS;10;RECURSOS ORDINARIOS;70477,0;70477,0;70477,0
9370865;507;2022-12-23 00:00:00;PM MUTUM;18.348.086/0001-03;1301;SEINFRA;SECRETARIA DE ESTADO DE INFRAESTRUTURA E MOBILIDADE;42;AUXILIOS;1;AUXILIOS;32;EXPLORACAO DE RECURSOS MINERAIS;266406,66;266406,66;266406,66
9370866;506;2022-12-23 00:00:00;PM BIAS FORTES;18.094.771/0001-50;1301;SEINFRA;SECRETARIA DE ESTADO DE INFRAESTRUTURA E MOBILIDADE;42;AUXILIOS;1;AUXILIOS;10;RECURSOS ORDINARIOS;700000,0;700000,0;700000,0
9370872;523;2022-12-23 00:00:00;PM ITAMONTE;18.666.750/0001-62;4491;FEC;FUNDO ESTADUAL DE CULTURA;41;CONTRIBUICOES;1;CONTRIBUICOES;59;OUTROS RECURSOS VINCULADOS;10989,0;10989,0;10989,0
9370875;5902;2022-12-23 00:00:00;PM CONCEICAO DA APARECIDA;18.243.295/0001-92;1491;SEGOV;SECRETARIA DE ESTADO DE GOVERNO;42;AUXILIOS;1;AUXILIOS;10;RECURSOS ORDINARIOS;78220,23;78220,23;0,0
9370876;521;2022-12-23 00:00:00;PM COQUEIRAL;18.239.624/0001-21;4491;FEC;FUNDO ESTADUAL DE CULTURA;41;CONTRIBUICOES;1;CONTRIBUICOES;59;OUTROS RECURSOS VINCULADOS;31540,25;31540,25;31540,25
9370877;5901;2022-12-23 00:00:00;PM CABECEIRA GRANDE;01.603.707/0001-55;1491;SEGOV;SECRETARIA DE ESTADO DE GOVERNO;42;AUXILIOS;1;AUXILIOS;10;RECURSOS ORDINARIOS;650000,0;650000,0;650000,0
9370878;517;2022-12-23 00:00:00;PM BOM DESPACHO;18.301.002/0001-86;4491;FEC;FUNDO ESTADUAL DE CULTURA;41;CONTRIBUICOES;1;CONTRIBUICOES;59;OUTROS RECURSOS VINCULADOS;17711,07;17711,07;0,0
9370878;518;2022-12-23 00:00:00;PM BOM DESPACHO;18.301.002/0001-86;4491;FEC;FUNDO ESTADUAL DE CULTURA;41;CONTRIBUICOES;1;CONTRIBUICOES;59;OUTROS RECURSOS VINCULADOS;32288,93;32288,93;0,0
9370879;5903;2022-12-23 00:00:00;PM ALBERTINA;17.912.015/0001-29;1491;SEGOV;SECRETARIA DE ESTADO DE GOVERNO;42;AUXILIOS;1;AUXILIOS;10;RECURSOS ORDINARIOS;77827,19;77827,19;77827,19
9370881;524;2022-12-23 00:00:00;PM BOM DESPACHO;18.301.002/0001-86;4491;FEC;FUNDO ESTADUAL DE CULTURA;41;CONTRIBUICOES;1;CONTRIBUICOES;59;OUTROS RECURSOS VINCULADOS;10892,66;10892,66;0,0
9370883;519;2022-12-23 00:00:00;PM ITINGA;18.348.748/0001-45;4491;FEC;FUNDO ESTADUAL DE CULTURA;41;CONTRIBUICOES;1;CONTRIBUICOES;59;OUTROS RECURSOS VINCULADOS;12175,0;12175,0;12175,0
9370883;520;2022-12-23 00:00:00;PM ITINGA;18.348.748/0001-45;4491;FEC;FUNDO ESTADUAL DE CULTURA;41;CONTRIBUICOES;1;CONTRIBUICOES;59;OUTROS RECURSOS VINCULADOS;37825,0;37825,0;37825,0
9370885;515;2022-12-23 00:00:00;PM PATROCINIO;18.468.033/0001-26;4491;FEC;FUNDO ESTADUAL DE CULTURA;41;CONTRIBUICOES;1;CONTRIBUICOES;59;OUTROS RECURSOS VINCULADOS;12996,49;12996,49;12996,49
9370885;516;2022-12-23 00:00:00;PM PATROCINIO;18.468.033/0001-26;4491;FEC;FUNDO ESTADUAL DE CULTURA;41;CONTRIBUICOES;1;CONTRIBUICOES;59;OUTROS RECURSOS VINCULADOS;37003,51;37003,51;37003,51
9370887;522;2022-12-23 00:00:00;PM BERIZAL;01.614.602/0001-00;4491;FEC;FUNDO ESTADUAL DE CULTURA;41;CONTRIBUICOES;1;CONTRIBUICOES;59;OUTROS RECURSOS VINCULADOS;49085,96;49085,96;49085,96
9370891;104;2022-12-23 00:00:00;CONSORCIO INTERMUNICIPAL DE SAUDE REGIAO DO CALCARIO;01.272.081/0001-41;4291;FES;FUNDO ESTADUAL DE SAUDE;41;CONTRIBUICOES;1;CONTRIBUICOES;10;RECURSOS ORDINARIOS;67057,33;67057,33;67057,33
9370891;105;2022-12-23 00:00:00;CONSORCIO INTERMUNICIPAL DE SAUDE REGIAO DO CALCARIO;01.272.081/0001-41;4291;FES;FUNDO ESTADUAL DE SAUDE;42;AUXILIOS;1;AUXILIOS;10;RECURSOS ORDINARIOS;53746,6;53746,6;53746,6
9370892;99;2022-12-23 00:00:00;CONSORCIO INTERMUNICIPAL DE SAUDE DA MICRO REGIAO DE PIUMHI;01.197.487/0001-07;4291;FES;FUNDO ESTADUAL DE SAUDE;41;CONTRIBUICOES;1;CONTRIBUICOES;10;RECURSOS ORDINARIOS;78291,13;78291,13;78291,13
9370892;100;2022-12-23 00:00:00;CONSORCIO INTERMUNICIPAL DE SAUDE DA MICRO REGIAO DE PIUMHI;01.197.487/0001-07;4291;FES;FUNDO ESTADUAL DE SAUDE;42;AUXILIOS;1;AUXILIOS;10;RECURSOS ORDINARIOS;803905,06;803905,06;803905,06
9370893;109;2022-12-23 00:00:00;CONSORCIO INTERMUNICIPAL DE SAUDE DE UNIAO DA MATA - CISSUM;00.877.406/0001-57;4291;FES;FUNDO ESTADUAL DE SAUDE;41;CONTRIBUICOES;1;CONTRIBUICOES;10;RECURSOS ORDINARIOS;78635,19;78635,19;78635,19
9370893;112;2022-12-23 00:00:00;CONSORCIO INTERMUNICIPAL DE SAUDE DE UNIAO DA MATA - CISSUM;00.877.406/0001-57;4291;FES;FUNDO ESTADUAL DE SAUDE;42;AUXILIOS;1;AUXILIOS;10;RECURSOS ORDINARIOS;174471,0;174471,0;174471,0
9370894;108;2022-12-23 00:00:00;CONSORCIO INTERMUNICIPAL DE SAUDE DO ALTO DO RIO PARDO;01.172.959/0001-77;4291;FES;FUNDO ESTADUAL DE SAUDE;42;AUXILIOS;1;AUXILIOS;10;RECURSOS ORDINARIOS;803904,49;803904,49;803904,49
9370894;110;2022-12-23 00:00:00;CONSORCIO INTERMUNICIPAL DE SAUDE DO ALTO DO RIO PARDO;01.172.959/0001-77;4291;FES;FUNDO ESTADUAL DE SAUDE;41;CONTRIBUICOES;1;CONTRIBUICOES;10;RECURSOS ORDINARIOS;78291,11;78291,11;78291,11
9370895;106;2022-12-23 00:00:00;CONS.INTERMUNICIPAL SAUDE SISTEMA MICRO REGIONAL SAO LOURENC;71.203.715/0001-90;4291;FES;FUNDO ESTADUAL DE SAUDE;42;AUXILIOS;1;AUXILIOS;10;RECURSOS ORDINARIOS;803905,06;803905,06;803905,06
9370895;107;2022-12-23 00:00:00;CONS.INTERMUNICIPAL SAUDE SISTEMA MICRO REGIONAL SAO LOURENC;71.203.715/0001-90;4291;FES;FUNDO ESTADUAL DE SAUDE;41;CONTRIBUICOES;1;CONTRIBUICOES;10;RECURSOS ORDINARIOS;78277,66;78277,66;78277,66
9370896;111;2022-12-23 00:00:00;CIS DA MICRORREGIAO DE PIRAPOR;01.275.576/0001-24;4291;FES;FUNDO ESTADUAL DE SAUDE;41;CONTRIBUICOES;1;CONTRIBUICOES;10;RECURSOS ORDINARIOS;78277,66;78277,66;78277,66
9370896;113;2022-12-23 00:00:00;CIS DA MICRORREGIAO DE PIRAPOR;01.275.576/0001-24;4291;FES;FUNDO ESTADUAL DE SAUDE;42;AUXILIOS;1;AUXILIOS;10;RECURSOS ORDINARIOS;803905,06;803905,06;803905,06
9370901;114;2022-12-23 00:00:00;APAC CONCEICAO DAS ALAGOAS;31.983.255/0001-45;1451;SEJUSP;SECRETARIA DE ESTADO DE JUSTICA E SEGURANCA PUBLICA;42;AUXILIOS;1;AUXILIOS;10;RECURSOS ORDINARIOS;70477,0;70477,0;70477,0
9370944;406;2022-12-27 00:00:00;APAE;04.427.949/0001-23;1481;SEDESE;SECRETARIA DE ESTADO DE DESENVOLVIMENTO SOCIAL;43;SUBVENCOES SOCIAIS;1;SUBVENCOES SOCIAIS;38;TRANSFERENCIAS DE RECURSOS DA UNIAO VINCULADOS AO ESPORTE;49621,08;49621,08;49621,08
9370947;2591;2022-12-27 00:00:00;UNIAO ALLAN KARDEC LAR DOS IDOSOS;00.068.985/0001-97;4251;FEAS;FUNDO ESTADUAL DE ASSISTENCIA SOCIAL;42;AUXILIOS;1;AUXILIOS;71;RECURSOS DO FUNDO ESTADUAL DE ERRADICACAO DA MISERIA;115000,0;115000,0;115000,0
9370948;2586;2022-12-27 00:00:00;CENTRO DE CONVIVENCIA PARA IDOSOS PADRE JOSE GERALDO DAS MERCES;03.437.717/0001-93;4251;FEAS;FUNDO ESTADUAL DE ASSISTENCIA SOCIAL;43;SUBVENCOES SOCIAIS;1;SUBVENCOES SOCIAIS;71;RECURSOS DO FUNDO ESTADUAL DE ERRADICACAO DA MISERIA;6033,3;6033,3;6033,3
9370948;2587;2022-12-27 00:00:00;CENTRO DE CONVIVENCIA PARA IDOSOS PADRE JOSE GERALDO DAS MERCES;03.437.717/0001-93;4251;FEAS;FUNDO ESTADUAL DE ASSISTENCIA SOCIAL;42;AUXILIOS;1;AUXILIOS;71;RECURSOS DO FUNDO ESTADUAL DE ERRADICACAO DA MISERIA;108966,7;108966,7;108966,7
9370950;2590;2022-12-27 00:00:00;ENTIDADE SETE ESTRELAS KAIROS;05.164.266/0001-93;4251;FEAS;FUNDO ESTADUAL DE ASSISTENCIA SOCIAL;42;AUXILIOS;1;AUXILIOS;71;RECURSOS DO FUNDO ESTADUAL DE ERRADICACAO DA MISERIA;114956,3;114956,3;114956,3
9370951;3;2022-12-28 00:00:00;PM VARZELANDIA;18.017.467/0001-00;4601;FEI;FUNDO ESTADUAL DOS DIREITOS DO IDOSO;41;CONTRIBUICOES;1;CONTRIBUICOES;45;DOACOES DE PESSOAS, DE INSTITUICOES PRIVADAS OU DO EXTERIOR A ORGAO E ENTIDADES DO ESTADO;30343,92;30343,92;30343,92
9370952;4;2022-12-28 00:00:00;PM CRISTALIA;18.017.434/0001-60;4601;FEI;FUNDO ESTADUAL DOS DIREITOS DO IDOSO;41;CONTRIBUICOES;1;CONTRIBUICOES;45;DOACOES DE PESSOAS, DE INSTITUICOES PRIVADAS OU DO EXTERIOR A ORGAO E ENTIDADES DO ESTADO;40147,65;40147,65;40147,65
9370953;1;2022-12-27 00:00:00;PM VERDELANDIA;01.612.505/0001-70;4601;FEI;FUNDO ESTADUAL DOS DIREITOS DO IDOSO;41;CONTRIBUICOES;1;CONTRIBUICOES;45;DOACOES DE PESSOAS, DE INSTITUICOES PRIVADAS OU DO EXTERIOR A ORGAO E ENTIDADES DO ESTADO;44998,78;44998,78;44998,78
9370957;4663;2022-12-26 00:00:00;PM PARACATU;18.278.051/0001-45;1261;SEE;SECRETARIA DE ESTADO DE EDUCACAO;42;AUXILIOS;1;AUXILIOS;10;RECURSOS ORDINARIOS;99990,0;99990,0;99990,0
9370967;841;2022-12-26 00:00:00;PM LARANJAL;17.947.615/0001-22;1371;SEMAD;SECRETARIA DE ESTADO DE MEIO AMBIENTE E DESENVOLVIMENTO SUSTENTAVEL;41;CONTRIBUICOES;1;CONTRIBUICOES;72;TAXA DE FISCALIZACAO DE RECURSOS MINERARIOS;700000,0;700000,0;700000,0
9370968;840;2022-12-26 00:00:00;PM ALTO RIO DOCE;18.094.748/0001-66;1371;SEMAD;SECRETARIA DE ESTADO DE MEIO AMBIENTE E DESENVOLVIMENTO SUSTENTAVEL;41;CONTRIBUICOES;1;CONTRIBUICOES;72;TAXA DE FISCALIZACAO DE RECURSOS MINERARIOS;600000,0;600000,0;600000,0
9370969;842;2022-12-26 00:00:00;PM CARVALHOS;18.194.217/0001-45;1371;SEMAD;SECRETARIA DE ESTADO DE MEIO AMBIENTE E DESENVOLVIMENTO SUSTENTAVEL;41;CONTRIBUICOES;1;CONTRIBUICOES;72;TAXA DE FISCALIZACAO DE RECURSOS MINERARIOS;579150,0;579150,0;579150,0
9370970;852;2022-12-27 00:00:00;PM RAUL SOARES;18.836.965/0001-84;1371;SEMAD;SECRETARIA DE ESTADO DE MEIO AMBIENTE E DESENVOLVIMENTO SUSTENTAVEL;41;CONTRIBUICOES;1;CONTRIBUICOES;10;RECURSOS ORDINARIOS;304000,0;304000,0;304000,0
9370975;2;2022-12-27 00:00:00;PM BONITO DE MINAS;01.612.493/0001-83;4601;FEI;FUNDO ESTADUAL DOS DIREITOS DO IDOSO;41;CONTRIBUICOES;1;CONTRIBUICOES;45;DOACOES DE PESSOAS, DE INSTITUICOES PRIVADAS OU DO EXTERIOR A ORGAO E ENTIDADES DO ESTADO;44938,35;44938,35;44938,35
9370976;4677;2022-12-26 00:00:00;PM CAPITAO ENEAS;18.017.426/0001-13;1261;SEE;SECRETARIA DE ESTADO DE EDUCACAO;42;AUXILIOS;1;AUXILIOS;10;RECURSOS ORDINARIOS;703870,98;703870,98;703870,98
9370977;4678;2022-12-26 00:00:00;PM DOURADOQUARA;18.158.261/0001-08;1261;SEE;SECRETARIA DE ESTADO DE EDUCACAO;42;AUXILIOS;1;AUXILIOS;10;RECURSOS ORDINARIOS;98321,74;98321,74;0,0
9370978;4676;2022-12-26 00:00:00;PM CASSIA;17.894.049/0001-38;1261;SEE;SECRETARIA DE ESTADO DE EDUCACAO;42;AUXILIOS;1;AUXILIOS;10;RECURSOS ORDINARIOS;100000,0;100000,0;100000,0
9370979;4670;2022-12-26 00:00:00;PM CARATINGA;18.334.268/0001-25;1261;SEE;SECRETARIA DE ESTADO DE EDUCACAO;42;AUXILIOS;1;AUXILIOS;10;RECURSOS ORDINARIOS;100000,0;100000,0;0,0
9370981;408;2022-12-28 00:00:00;CENTRO INTEGRADO DE DESENVOLVIMENTO DO ESPORTE PARALIMPICO;00.832.668/0001-03;1481;SEDESE;SECRETARIA DE ESTADO DE DESENVOLVIMENTO SOCIAL;43;SUBVENCOES SOCIAIS;1;SUBVENCOES SOCIAIS;38;TRANSFERENCIAS DE RECURSOS DA UNIAO VINCULADOS AO ESPORTE;52241,28;52241,28;52241,28
9370983;4671;2022-12-26 00:00:00;PM CARANGOLA;19.279.827/0001-04;1261;SEE;SECRETARIA DE ESTADO DE EDUCACAO;42;AUXILIOS;1;AUXILIOS;10;RECURSOS ORDINARIOS;101604,61;101604,61;101604,61
9370984;4675;2022-12-26 00:00:00;PM ESMERALDAS;18.715.466/0001-39;1261;SEE;SECRETARIA DE ESTADO DE EDUCACAO;42;AUXILIOS;1;AUXILIOS;10;RECURSOS ORDINARIOS;100000,0;100000,0;0,0
9370985;4669;2022-12-26 00:00:00;PM CENTRALINA;18.260.497/0001-42;1261;SEE;SECRETARIA DE ESTADO DE EDUCACAO;42;AUXILIOS;1;AUXILIOS;10;RECURSOS ORDINARIOS;867800,0;867800,0;867800,0
9370986;4672;2022-12-26 00:00:00;PM CONGONHAS;16.752.446/0001-02;1261;SEE;SECRETARIA DE ESTADO DE EDUCACAO;42;AUXILIOS;1;AUXILIOS;10;RECURSOS ORDINARIOS;100000,0;100000,0;0,0
9370988;407;2022-12-28 00:00:00;PM BELO HORIZONTE;18.715.383/0001-40;1481;SEDESE;SECRETARIA DE ESTADO DE DESENVOLVIMENTO SOCIAL;41;CONTRIBUICOES;1;CONTRIBUICOES;38;TRANSFERENCIAS DE RECURSOS DA UNIAO VINCULADOS AO ESPORTE;52400,0;52400,0;52400,0
9370989;4673;2022-12-26 00:00:00;PM IBIRITE;18.715.490/0001-78;1261;SEE;SECRETARIA DE ESTADO DE EDUCACAO;42;AUXILIOS;1;AUXILIOS;10;RECURSOS ORDINARIOS;201616,63;201616,63;201616,63
9370990;4668;2022-12-26 00:00:00;PM CACHOEIRA DO PAJEU;18.414.599/0001-75;1261;SEE;SECRETARIA DE ESTADO DE EDUCACAO;42;AUXILIOS;1;AUXILIOS;10;RECURSOS ORDINARIOS;100000,0;100000,0;0,0
9370991;4674;2022-12-26 00:00:00;PM BUENO BRANDAO;18.940.098/0001-22;1261;SEE;SECRETARIA DE ESTADO DE EDUCACAO;42;AUXILIOS;1;AUXILIOS;10;RECURSOS ORDINARIOS;100000,0;100000,0;100000,0
9370992;4666;2022-12-26 00:00:00;PM BOM SUCESSO;18.244.368/0001-60;1261;SEE;SECRETARIA DE ESTADO DE EDUCACAO;42;AUXILIOS;1;AUXILIOS;10;RECURSOS ORDINARIOS;1199300,0;1199300,0;0,0
9370993;405;2022-12-27 00:00:00;ASSOCIACAO PARAOLIMPICA PATENSE APP;11.589.144/0001-41;1481;SEDESE;SECRETARIA DE ESTADO DE DESENVOLVIMENTO SOCIAL;43;SUBVENCOES SOCIAIS;1;SUBVENCOES SOCIAIS;38;TRANSFERENCIAS DE RECURSOS DA UNIAO VINCULADOS AO ESPORTE;52315,96;52315,96;52315,96
9370995;5904;2022-12-26 00:00:00;PM SAO ROQUE DE MINAS;18.306.670/0001-04;1491;SEGOV;SECRETARIA DE ESTADO DE GOVERNO;42;AUXILIOS;1;AUXILIOS;10;RECURSOS ORDINARIOS;243520,0;243520,0;243520,0
9370996;4679;2022-12-26 00:00:00;PM IBITURUNA;18.244.418/0001-00;1261;SEE;SECRETARIA DE ESTADO DE EDUCACAO;42;AUXILIOS;1;AUXILIOS;10;RECURSOS ORDINARIOS;100000,0;100000,0;100000,0
9370997;4667;2022-12-26 00:00:00;PM IGARATINGA;18.313.825/0001-21;1261;SEE;SECRETARIA DE ESTADO DE EDUCACAO;42;AUXILIOS;1;AUXILIOS;10;RECURSOS ORDINARIOS;1093216,67;1093216,67;1093216,67
9370998;5905;2022-12-26 00:00:00;PM CENTRAL DE MINAS;17.990.714/0001-97;1491;SEGOV;SECRETARIA DE ESTADO DE GOVERNO;42;AUXILIOS;1;AUXILIOS;10;RECURSOS ORDINARIOS;250000,0;0,0;0,0
9370999;4680;2022-12-26 00:00:00;PM CONEGO MARINHO;01.612.492/0001-39;1261;SEE;SECRETARIA DE ESTADO DE EDUCACAO;42;AUXILIOS;1;AUXILIOS;10;RECURSOS ORDINARIOS;566933,87;566933,87;0,0
9371000;5906;2022-12-26 00:00:00;PM NOVA BELEM;01.613.169/0001-80;1491;SEGOV;SECRETARIA DE ESTADO DE GOVERNO;42;AUXILIOS;1;AUXILIOS;10;RECURSOS ORDINARIOS;500000,0;0,0;0,0
9371001;5907;2022-12-26 00:00:00;PM DIVINO;18.114.272/0001-88;1491;SEGOV;SECRETARIA DE ESTADO DE GOVERNO;42;AUXILIOS;1;AUXILIOS;10;RECURSOS ORDINARIOS;550000,0;0,0;0,0
9371013;609;2022-12-26 00:00:00;PM MATHIAS LOBATO;18.332.619/0001-69;1231;SEAPA;SECRETARIA DE ESTADO DE AGRICULTURA, PECUARIA E ABASTECIMENTO - SEAPA;41;CONTRIBUICOES;1;CONTRIBUICOES;10;RECURSOS ORDINARIOS;500000,0;500000,0;500000,0
9371016;610;2022-12-26 00:00:00;PM CAPITAO ANDRADE;66.229.105/0001-25;1231;SEAPA;SECRETARIA DE ESTADO DE AGRICULTURA, PECUARIA E ABASTECIMENTO - SEAPA;41;CONTRIBUICOES;1;CONTRIBUICOES;10;RECURSOS ORDINARIOS;700000,0;700000,0;700000,0
9371016;611;2022-12-26 00:00:00;PM CAPITAO ANDRADE;66.229.105/0001-25;1231;SEAPA;SECRETARIA DE ESTADO DE AGRICULTURA, PECUARIA E ABASTECIMENTO - SEAPA;41;CONTRIBUICOES;1;CONTRIBUICOES;10;RECURSOS ORDINARIOS;600000,0;600000,0;600000,0
9371018;612;2022-12-26 00:00:00;PM ALTO RIO DOCE;18.094.748/0001-66;1231;SEAPA;SECRETARIA DE ESTADO DE AGRICULTURA, PECUARIA E ABASTECIMENTO - SEAPA;41;CONTRIBUICOES;1;CONTRIBUICOES;10;RECURSOS ORDINARIOS;1186020,0;1186020,0;1186020,0
9371019;114;2022-12-26 00:00:00;CONSORCIO INTERMUNICIPAL DE SAUDE DA MICROREGIAO DO VALE DO PIRANGA;01.095.667/0001-88;4291;FES;FUNDO ESTADUAL DE SAUDE;41;CONTRIBUICOES;1;CONTRIBUICOES;10;RECURSOS ORDINARIOS;83908,03;83908,03;0,0
9371019;115;2022-12-26 00:00:00;CONSORCIO INTERMUNICIPAL DE SAUDE DA MICROREGIAO DO VALE DO PIRANGA;01.095.667/0001-88;4291;FES;FUNDO ESTADUAL DE SAUDE;42;AUXILIOS;1;AUXILIOS;10;RECURSOS ORDINARIOS;872564,75;872564,75;872564,75
9371020;613;2022-12-26 00:00:00;PM SAO SEBASTIAO DA BELA VISTA;17.935.370/0001-13;1231;SEAPA;SECRETARIA DE ESTADO DE AGRICULTURA, PECUARIA E ABASTECIMENTO - SEAPA;41;CONTRIBUICOES;1;CONTRIBUICOES;10;RECURSOS ORDINARIOS;500000,0;500000,0;500000,0
9371021;117;2022-12-26 00:00:00;CONSORCIO INTERM. MULTIF. DO BAIXO JEQUITINHONHA;07.306.549/0001-58;4291;FES;FUNDO ESTADUAL DE SAUDE;41;CONTRIBUICOES;1;CONTRIBUICOES;10;RECURSOS ORDINARIOS;78291,13;78291,13;78291,13
9371021;120;2022-12-26 00:00:00;CONSORCIO INTERM. MULTIF. DO BAIXO JEQUITINHONHA;07.306.549/0001-58;4291;FES;FUNDO ESTADUAL DE SAUDE;42;AUXILIOS;1;AUXILIOS;10;RECURSOS ORDINARIOS;803905,06;803905,06;803905,06
9371022;124;2022-12-26 00:00:00;CONSORCIO INTERMUNICIPAL DE SAUDE ALTO VERTENTES;02.334.933/0001-40;4291;FES;FUNDO ESTADUAL DE SAUDE;42;AUXILIOS;1;AUXILIOS;10;RECURSOS ORDINARIOS;0,0;0,0;0,0
9371022;126;2022-12-26 00:00:00;CONSORCIO INTERMUNICIPAL DE SAUDE ALTO VERTENTES;02.334.933/0001-40;4291;FES;FUNDO ESTADUAL DE SAUDE;41;CONTRIBUICOES;1;CONTRIBUICOES;10;RECURSOS ORDINARIOS;83908,03;83908,03;83908,03
9371022;130;2022-12-26 00:00:00;CONSORCIO INTERMUNICIPAL DE SAUDE ALTO VERTENTES;02.334.933/0001-40;4291;FES;FUNDO ESTADUAL DE SAUDE;42;AUXILIOS;1;AUXILIOS;10;RECURSOS ORDINARIOS;872563,08;872563,08;872563,08
9371023;128;2022-12-26 00:00:00;CIS DE UBA E REGIAO - SIMSAUDE/ UBA;11.592.737/0001-67;4291;FES;FUNDO ESTADUAL DE SAUDE;41;CONTRIBUICOES;1;CONTRIBUICOES;10;RECURSOS ORDINARIOS;17194,76;17194,76;17194,76
9371023;129;2022-12-26 00:00:00;CIS DE UBA E REGIAO - SIMSAUDE/ UBA;11.592.737/0001-67;4291;FES;FUNDO ESTADUAL DE SAUDE;42;AUXILIOS;1;AUXILIOS;10;RECURSOS ORDINARIOS;432241,72;432241,72;432241,72
9371024;118;2022-12-26 00:00:00;CONSORCIO INTERMUNICIPAL DE SAUDE ALTO MEDIO SAO FRANCISCO;01.289.973/0001-55;4291;FES;FUNDO ESTADUAL DE SAUDE;41;CONTRIBUICOES;1;CONTRIBUICOES;10;RECURSOS ORDINARIOS;78291,13;78291,13;78291,13
9371024;119;2022-12-26 00:00:00;CONSORCIO INTERMUNICIPAL DE SAUDE ALTO MEDIO SAO FRANCISCO;01.289.973/0001-55;4291;FES;FUNDO ESTADUAL DE SAUDE;42;AUXILIOS;1;AUXILIOS;10;RECURSOS ORDINARIOS;448987,91;448987,91;448987,91
9371025;122;2022-12-26 00:00:00;CONSORCIO PUBLICO INTERMUNICIPAL DE SAUDE DO TRIANGULO MINEIRO;18.151.467/0001-06;4291;FES;FUNDO ESTADUAL DE SAUDE;41;CONTRIBUICOES;1;CONTRIBUICOES;10;RECURSOS ORDINARIOS;83908,03;83908,03;83908,03
9371025;125;2022-12-26 00:00:00;CONSORCIO PUBLICO INTERMUNICIPAL DE SAUDE DO TRIANGULO MINEIRO;18.151.467/0001-06;4291;FES;FUNDO ESTADUAL DE SAUDE;42;AUXILIOS;1;AUXILIOS;10;RECURSOS ORDINARIOS;517647,6;517647,6;517647,6
9371026;116;2022-12-26 00:00:00;CONSORCIO INTERMUNICIPAL DE SAUDE DE CAPARAO/MUTUM;01.999.898/0001-16;4291;FES;FUNDO ESTADUAL DE SAUDE;41;CONTRIBUICOES;1;CONTRIBUICOES;10;RECURSOS ORDINARIOS;78291,13;78291,13;78291,13
9371026;121;2022-12-26 00:00:00;CONSORCIO INTERMUNICIPAL DE SAUDE DE CAPARAO/MUTUM;01.999.898/0001-16;4291;FES;FUNDO ESTADUAL DE SAUDE;42;AUXILIOS;1;AUXILIOS;10;RECURSOS ORDINARIOS;803905,06;803905,06;803905,06
9371027;123;2022-12-26 00:00:00;CONSORCIO INTERM. SAUDE DA MICRO REGIAO DO ALTO DO SAPUCAI;01.111.142/0001-99;4291;FES;FUNDO ESTADUAL DE SAUDE;41;CONTRIBUICOES;1;CONTRIBUICOES;10;RECURSOS ORDINARIOS;0,0;0,0;0,0
9371027;127;2022-12-26 00:00:00;CONSORCIO INTERM. SAUDE DA MICRO REGIAO DO ALTO DO SAPUCAI;01.111.142/0001-99;4291;FES;FUNDO ESTADUAL DE SAUDE;41;CONTRIBUICOES;1;CONTRIBUICOES;10;RECURSOS ORDINARIOS;83894,56;83894,56;83894,56
9371027;131;2022-12-26 00:00:00;CONSORCIO INTERM. SAUDE DA MICRO REGIAO DO ALTO DO SAPUCAI;01.111.142/0001-99;4291;FES;FUNDO ESTADUAL DE SAUDE;42;AUXILIOS;1;AUXILIOS;10;RECURSOS ORDINARIOS;872564,75;872564,75;872564,75
9371038;115;2022-12-26 00:00:00;ASSOC. DE PROT. E ASSIST. AOS CONENADOS DE TEOFILO OTONI;06.947.893/0001-63;1451;SEJUSP;SECRETARIA DE ESTADO DE JUSTICA E SEGURANCA PUBLICA;42;AUXILIOS;1;AUXILIOS;10;RECURSOS ORDINARIOS;70477,0;70477,0;70477,0
9371073;513;2022-12-27 00:00:00;PM PIRANGUCU;18.025.981/0001-97;1301;SEINFRA;SECRETARIA DE ESTADO DE INFRAESTRUTURA E MOBILIDADE;42;AUXILIOS;1;AUXILIOS;10;RECURSOS ORDINARIOS;1250000,0;1250000,0;1250000,0
9371074;512;2022-12-27 00:00:00;PM GRUPIARA;17.827.858/0001-27;1301;SEINFRA;SECRETARIA DE ESTADO DE INFRAESTRUTURA E MOBILIDADE;42;AUXILIOS;1;AUXILIOS;10;RECURSOS ORDINARIOS;600000,0;600000,0;600000,0
9371075;520;2022-12-27 00:00:00;PM NOVA MODICA;18.404.939/0001-87;1301;SEINFRA;SECRETARIA DE ESTADO DE INFRAESTRUTURA E MOBILIDADE;42;AUXILIOS;1;AUXILIOS;10;RECURSOS ORDINARIOS;1200000,0;1200000,0;1200000,0
9371076;514;2022-12-27 00:00:00;PM SAO FRANCISCO DO GLORIA;18.114.231/0001-91;1301;SEINFRA;SECRETARIA DE ESTADO DE INFRAESTRUTURA E MOBILIDADE;42;AUXILIOS;1;AUXILIOS;32;EXPLORACAO DE RECURSOS MINERAIS;750000,0;750000,0;750000,0
9371077;853;2022-12-27 00:00:00;PM GURINHATA;18.457.192/0001-25;1371;SEMAD;SECRETARIA DE ESTADO DE MEIO AMBIENTE E DESENVOLVIMENTO SUSTENTAVEL;41;CONTRIBUICOES;1;CONTRIBUICOES;10;RECURSOS ORDINARIOS;600000,0;600000,0;600000,0
9371078;847;2022-12-27 00:00:00;PM BANDEIRA;18.349.902/0001-01;1371;SEMAD;SECRETARIA DE ESTADO DE MEIO AMBIENTE E DESENVOLVIMENTO SUSTENTAVEL;41;CONTRIBUICOES;1;CONTRIBUICOES;72;TAXA DE FISCALIZACAO DE RECURSOS MINERARIOS;600000,0;600000,0;600000,0
9371081;848;2022-12-27 00:00:00;PM SAO GERALDO DA PIEDADE;18.307.470/0001-68;1371;SEMAD;SECRETARIA DE ESTADO DE MEIO AMBIENTE E DESENVOLVIMENTO SUSTENTAVEL;41;CONTRIBUICOES;1;CONTRIBUICOES;10;RECURSOS ORDINARIOS;532978,12;532978,12;532978,12
9371083;846;2022-12-27 00:00:00;PM OLIVEIRA FORTES;17.747.957/0001-07;1371;SEMAD;SECRETARIA DE ESTADO DE MEIO AMBIENTE E DESENVOLVIMENTO SUSTENTAVEL;41;CONTRIBUICOES;1;CONTRIBUICOES;10;RECURSOS ORDINARIOS;400000,0;400000,0;400000,0
9371084;849;2022-12-27 00:00:00;PM MATIAS CARDOSO;25.209.115/0001-11;1371;SEMAD;SECRETARIA DE ESTADO DE MEIO AMBIENTE E DESENVOLVIMENTO SUSTENTAVEL;41;CONTRIBUICOES;1;CONTRIBUICOES;10;RECURSOS ORDINARIOS;600000,0;600000,0;600000,0
9371085;4687;2022-12-27 00:00:00;PM CACHOEIRA DE MINAS;18.675.959/0001-92;1261;SEE;SECRETARIA DE ESTADO DE EDUCACAO;42;AUXILIOS;1;AUXILIOS;13;FUNDO DE MANUTENCAO E DESENVOLVIMENTO DA EDUCACAO BASICA - FUNDEB - REGULARIZACAO DE EXERCICIOS ANTE;100000,0;100000,0;0,0
9371086;4692;2022-12-27 00:00:00;PM FORMIGA;16.784.720/0001-25;1261;SEE;SECRETARIA DE ESTADO DE EDUCACAO;42;AUXILIOS;1;AUXILIOS;13;FUNDO DE MANUTENCAO E DESENVOLVIMENTO DA EDUCACAO BASICA - FUNDEB - REGULARIZACAO DE EXERCICIOS ANTE;150000,0;150000,0;150000,0
9371087;4704;2022-12-27 00:00:00;PM GUARANESIA;17.900.473/0001-48;1261;SEE;SECRETARIA DE ESTADO DE EDUCACAO;42;AUXILIOS;1;AUXILIOS;13;FUNDO DE MANUTENCAO E DESENVOLVIMENTO DA EDUCACAO BASICA - FUNDEB - REGULARIZACAO DE EXERCICIOS ANTE;120000,0;120000,0;0,0
9371088;4705;2022-12-27 00:00:00;PM IMBE DE MINAS;01.613.233/0001-22;1261;SEE;SECRETARIA DE ESTADO DE EDUCACAO;42;AUXILIOS;1;AUXILIOS;13;FUNDO DE MANUTENCAO E DESENVOLVIMENTO DA EDUCACAO BASICA - FUNDEB - REGULARIZACAO DE EXERCICIOS ANTE;99922,09;99922,09;0,0
9371089;4706;2022-12-27 00:00:00;PM FRONTEIRA DOS VALES;18.404.954/0001-25;1261;SEE;SECRETARIA DE ESTADO DE EDUCACAO;42;AUXILIOS;1;AUXILIOS;13;FUNDO DE MANUTENCAO E DESENVOLVIMENTO DA EDUCACAO BASICA - FUNDEB - REGULARIZACAO DE EXERCICIOS ANTE;99989,24;99989,24;0,0
9371090;4685;2022-12-27 00:00:00;PM DIONISIO;20.126.439/0001-72;1261;SEE;SECRETARIA DE ESTADO DE EDUCACAO;42;AUXILIOS;1;AUXILIOS;13;FUNDO DE MANUTENCAO E DESENVOLVIMENTO DA EDUCACAO BASICA - FUNDEB - REGULARIZACAO DE EXERCICIOS ANTE;303054,0;303054,0;303054,0
9371091;4702;2022-12-27 00:00:00;PM GUANHAES;18.307.439/0001-27;1261;SEE;SECRETARIA DE ESTADO DE EDUCACAO;42;AUXILIOS;1;AUXILIOS;13;FUNDO DE MANUTENCAO E DESENVOLVIMENTO DA EDUCACAO BASICA - FUNDEB - REGULARIZACAO DE EXERCICIOS ANTE;106950,0;106950,0;0,0
9371092;4701;2022-12-27 00:00:00;PM ICARAI DE MINAS;25.224.304/0001-63;1261;SEE;SECRETARIA DE ESTADO DE EDUCACAO;42;AUXILIOS;1;AUXILIOS;13;FUNDO DE MANUTENCAO E DESENVOLVIMENTO DA EDUCACAO BASICA - FUNDEB - REGULARIZACAO DE EXERCICIOS ANTE;96858,69;96858,69;96858,69
9371093;858;2022-12-28 00:00:00;PM ITAPAGIPE;21.226.840/0001-47;1371;SEMAD;SECRETARIA DE ESTADO DE MEIO AMBIENTE E DESENVOLVIMENTO SUSTENTAVEL;41;CONTRIBUICOES;1;CONTRIBUICOES;72;TAXA DE FISCALIZACAO DE RECURSOS MINERARIOS;300000,0;300000,0;0,0
9371094;616;2022-12-27 00:00:00;PM ARINOS;18.125.120/0001-80;1231;SEAPA;SECRETARIA DE ESTADO DE AGRICULTURA, PECUARIA E ABASTECIMENTO - SEAPA;41;CONTRIBUICOES;1;CONTRIBUICOES;10;RECURSOS ORDINARIOS;500000,0;500000,0;0,0
9371096;4691;2022-12-27 00:00:00;PM DIVINOPOLIS;18.291.351/0001-64;1261;SEE;SECRETARIA DE ESTADO DE EDUCACAO;42;AUXILIOS;1;AUXILIOS;13;FUNDO DE MANUTENCAO E DESENVOLVIMENTO DA EDUCACAO BASICA - FUNDEB - REGULARIZACAO DE EXERCICIOS ANTE;50000,0;50000,0;50000,0
9371097;4695;2022-12-27 00:00:00;PM ENTRE RIOS DE MINAS;20.356.747/0001-94;1261;SEE;SECRETARIA DE ESTADO DE EDUCACAO;42;AUXILIOS;1;AUXILIOS;13;FUNDO DE MANUTENCAO E DESENVOLVIMENTO DA EDUCACAO BASICA - FUNDEB - REGULARIZACAO DE EXERCICIOS ANTE;100000,0;100000,0;0,0
9371098;1811;2022-12-27 00:00:00;PM BURITIZEIRO;18.279.067/0001-72;1261;SEE;SECRETARIA DE ESTADO DE EDUCACAO;42;AUXILIOS;1;AUXILIOS;10;RECURSOS ORDINARIOS;1089227,66;1089227,66;1089227,66
9371099;4688;2022-12-27 00:00:00;PM LAMBARI;17.877.200/0001-20;1261;SEE;SECRETARIA DE ESTADO DE EDUCACAO;42;AUXILIOS;1;AUXILIOS;13;FUNDO DE MANUTENCAO E DESENVOLVIMENTO DA EDUCACAO BASICA - FUNDEB - REGULARIZACAO DE EXERCICIOS ANTE;199073,01;199073,01;199073,01
9371100;617;2022-12-27 00:00:00;PM GUARDA-MOR;18.277.947/0001-00;1231;SEAPA;SECRETARIA DE ESTADO DE AGRICULTURA, PECUARIA E ABASTECIMENTO - SEAPA;41;CONTRIBUICOES;1;CONTRIBUICOES;10;RECURSOS ORDINARIOS;700000,0;700000,0;0,0
9371101;4686;2022-12-27 00:00:00;PM JEQUITINHONHA;18.083.659/0001-14;1261;SEE;SECRETARIA DE ESTADO DE EDUCACAO;42;AUXILIOS;1;AUXILIOS;13;FUNDO DE MANUTENCAO E DESENVOLVIMENTO DA EDUCACAO BASICA - FUNDEB - REGULARIZACAO DE EXERCICIOS ANTE;100000,0;100000,0;0,0
9371105;2585;2022-12-27 00:00:00;CASA DE REPOUSO SANTA LUIZA DE MARILAC;18.307.827/0001-08;4251;FEAS;FUNDO ESTADUAL DE ASSISTENCIA SOCIAL;42;AUXILIOS;1;AUXILIOS;71;RECURSOS DO FUNDO ESTADUAL DE ERRADICACAO DA MISERIA;115000,0;115000,0;115000,0
9371106;851;2022-12-27 00:00:00;PM RIO VERMELHO;18.303.255/0001-99;1371;SEMAD;SECRETARIA DE ESTADO DE MEIO AMBIENTE E DESENVOLVIMENTO SUSTENTAVEL;41;CONTRIBUICOES;1;CONTRIBUICOES;10;RECURSOS ORDINARIOS;320000,0;320000,0;0,0
9371108;4694;2022-12-27 00:00:00;PM SAO JOAO EVANGELISTA;18.307.488/0001-60;1261;SEE;SECRETARIA DE ESTADO DE EDUCACAO;42;AUXILIOS;1;AUXILIOS;13;FUNDO DE MANUTENCAO E DESENVOLVIMENTO DA EDUCACAO BASICA - FUNDEB - REGULARIZACAO DE EXERCICIOS ANTE;100000,0;100000,0;0,0
9371109;4709;2022-12-27 00:00:00;PM SAO GONCALO DO ABAETE;18.602.086/0001-98;1261;SEE;SECRETARIA DE ESTADO DE EDUCACAO;42;AUXILIOS;1;AUXILIOS;13;FUNDO DE MANUTENCAO E DESENVOLVIMENTO DA EDUCACAO BASICA - FUNDEB - REGULARIZACAO DE EXERCICIOS ANTE;100000,0;100000,0;100000,0
9371110;4693;2022-12-27 00:00:00;PM SARDOA;18.307.496/0001-06;1261;SEE;SECRETARIA DE ESTADO DE EDUCACAO;42;AUXILIOS;1;AUXILIOS;13;FUNDO DE MANUTENCAO E DESENVOLVIMENTO DA EDUCACAO BASICA - FUNDEB - REGULARIZACAO DE EXERCICIOS ANTE;100000,0;100000,0;0,0
9371111;4682;2022-12-27 00:00:00;PM MORRO DO PILAR;18.303.214/0001-00;1261;SEE;SECRETARIA DE ESTADO DE EDUCACAO;42;AUXILIOS;1;AUXILIOS;13;FUNDO DE MANUTENCAO E DESENVOLVIMENTO DA EDUCACAO BASICA - FUNDEB - REGULARIZACAO DE EXERCICIOS ANTE;1659699,0;1659699,0;1659699,0
9371112;4696;2022-12-27 00:00:00;PM MUTUM;18.348.086/0001-03;1261;SEE;SECRETARIA DE ESTADO DE EDUCACAO;42;AUXILIOS;1;AUXILIOS;13;FUNDO DE MANUTENCAO E DESENVOLVIMENTO DA EDUCACAO BASICA - FUNDEB - REGULARIZACAO DE EXERCICIOS ANTE;200000,0;200000,0;200000,0
9371113;2594;2022-12-28 00:00:00;LAR SAO VICENTE DE PAULO;05.026.585/0001-32;4251;FEAS;FUNDO ESTADUAL DE ASSISTENCIA SOCIAL;43;SUBVENCOES SOCIAIS;1;SUBVENCOES SOCIAIS;71;RECURSOS DO FUNDO ESTADUAL DE ERRADICACAO DA MISERIA;114999,21;114999,21;114999,21
9371114;850;2022-12-27 00:00:00;PM IMBE DE MINAS;01.613.233/0001-22;1371;SEMAD;SECRETARIA DE ESTADO DE MEIO AMBIENTE E DESENVOLVIMENTO SUSTENTAVEL;41;CONTRIBUICOES;1;CONTRIBUICOES;10;RECURSOS ORDINARIOS;320000,0;320000,0;320000,0
9371115;4697;2022-12-27 00:00:00;PM PARAISOPOLIS;18.025.965/0001-02;1261;SEE;SECRETARIA DE ESTADO DE EDUCACAO;42;AUXILIOS;1;AUXILIOS;13;FUNDO DE MANUTENCAO E DESENVOLVIMENTO DA EDUCACAO BASICA - FUNDEB - REGULARIZACAO DE EXERCICIOS ANTE;100000,0;100000,0;100000,0
9371116;4700;2022-12-27 00:00:00;PM MONTE SIAO;22.646.525/0001-31;1261;SEE;SECRETARIA DE ESTADO DE EDUCACAO;42;AUXILIOS;1;AUXILIOS;13;FUNDO DE MANUTENCAO E DESENVOLVIMENTO DA EDUCACAO BASICA - FUNDEB - REGULARIZACAO DE EXERCICIOS ANTE;99946,3;99946,3;99946,3
9371117;4698;2022-12-27 00:00:00;PM PEDRA DO INDAIA;18.308.759/0001-00;1261;SEE;SECRETARIA DE ESTADO DE EDUCACAO;42;AUXILIOS;1;AUXILIOS;13;FUNDO DE MANUTENCAO E DESENVOLVIMENTO DA EDUCACAO BASICA - FUNDEB - REGULARIZACAO DE EXERCICIOS ANTE;200000,0;200000,0;200000,0
9371118;2592;2022-12-27 00:00:00;LAR DOS VELHOS;17.735.051/0001-64;4251;FEAS;FUNDO ESTADUAL DE ASSISTENCIA SOCIAL;42;AUXILIOS;1;AUXILIOS;71;RECURSOS DO FUNDO ESTADUAL DE ERRADICACAO DA MISERIA;71380,0;71380,0;71380,0
9371118;2595;2022-12-28 00:00:00;LAR DOS VELHOS;17.735.051/0001-64;4251;FEAS;FUNDO ESTADUAL DE ASSISTENCIA SOCIAL;43;SUBVENCOES SOCIAIS;1;SUBVENCOES SOCIAIS;71;RECURSOS DO FUNDO ESTADUAL DE ERRADICACAO DA MISERIA;43600,0;43600,0;43600,0
9371120;4703;2022-12-27 00:00:00;PM MUZAMBINHO;18.668.624/0001-47;1261;SEE;SECRETARIA DE ESTADO DE EDUCACAO;42;AUXILIOS;1;AUXILIOS;13;FUNDO DE MANUTENCAO E DESENVOLVIMENTO DA EDUCACAO BASICA - FUNDEB - REGULARIZACAO DE EXERCICIOS ANTE;140000,0;140000,0;0,0
9371121;4707;2022-12-27 00:00:00;PM JANAUBA;18.017.392/0001-67;1261;SEE;SECRETARIA DE ESTADO DE EDUCACAO;42;AUXILIOS;1;AUXILIOS;13;FUNDO DE MANUTENCAO E DESENVOLVIMENTO DA EDUCACAO BASICA - FUNDEB - REGULARIZACAO DE EXERCICIOS ANTE;120000,0;120000,0;0,0
9371122;4708;2022-12-27 00:00:00;PM MONTALVANIA;17.097.791/0001-12;1261;SEE;SECRETARIA DE ESTADO DE EDUCACAO;42;AUXILIOS;1;AUXILIOS;13;FUNDO DE MANUTENCAO E DESENVOLVIMENTO DA EDUCACAO BASICA - FUNDEB - REGULARIZACAO DE EXERCICIOS ANTE;120000,0;120000,0;0,0
9371123;4699;2022-12-27 00:00:00;PM MATA VERDE;66.234.360/0001-66;1261;SEE;SECRETARIA DE ESTADO DE EDUCACAO;42;AUXILIOS;1;AUXILIOS;13;FUNDO DE MANUTENCAO E DESENVOLVIMENTO DA EDUCACAO BASICA - FUNDEB - REGULARIZACAO DE EXERCICIOS ANTE;599994,36;599994,36;599994,36
9371124;4683;2022-12-27 00:00:00;PM ITAUNA;18.309.724/0001-87;1261;SEE;SECRETARIA DE ESTADO DE EDUCACAO;42;AUXILIOS;1;AUXILIOS;13;FUNDO DE MANUTENCAO E DESENVOLVIMENTO DA EDUCACAO BASICA - FUNDEB - REGULARIZACAO DE EXERCICIOS ANTE;924905,63;924905,63;924905,63
9371125;4690;2022-12-27 00:00:00;PM DIVINOPOLIS;18.291.351/0001-64;1261;SEE;SECRETARIA DE ESTADO DE EDUCACAO;42;AUXILIOS;1;AUXILIOS;13;FUNDO DE MANUTENCAO E DESENVOLVIMENTO DA EDUCACAO BASICA - FUNDEB - REGULARIZACAO DE EXERCICIOS ANTE;500000,0;500000,0;500000,0
9371126;4689;2022-12-27 00:00:00;PM ALVINOPOLIS;16.725.392/0001-96;1261;SEE;SECRETARIA DE ESTADO DE EDUCACAO;42;AUXILIOS;1;AUXILIOS;13;FUNDO DE MANUTENCAO E DESENVOLVIMENTO DA EDUCACAO BASICA - FUNDEB - REGULARIZACAO DE EXERCICIOS ANTE;500000,0;500000,0;0,0
9371127;4681;2022-12-27 00:00:00;PM GALILEIA;17.005.000/0001-87;1261;SEE;SECRETARIA DE ESTADO DE EDUCACAO;42;AUXILIOS;1;AUXILIOS;13;FUNDO DE MANUTENCAO E DESENVOLVIMENTO DA EDUCACAO BASICA - FUNDEB - REGULARIZACAO DE EXERCICIOS ANTE;250000,0;250000,0;0,0
9371128;4684;2022-12-27 00:00:00;PM JEQUITIBA;18.062.208/0001-09;1261;SEE;SECRETARIA DE ESTADO DE EDUCACAO;42;AUXILIOS;1;AUXILIOS;13;FUNDO DE MANUTENCAO E DESENVOLVIMENTO DA EDUCACAO BASICA - FUNDEB - REGULARIZACAO DE EXERCICIOS ANTE;929698,58;929698,58;0,0
9371131;525;2022-12-27 00:00:00;PM PIMENTA;16.725.962/0001-48;4491;FEC;FUNDO ESTADUAL DE CULTURA;41;CONTRIBUICOES;1;CONTRIBUICOES;59;OUTROS RECURSOS VINCULADOS;25001,0;25001,0;25001,0
9371131;526;2022-12-27 00:00:00;PM PIMENTA;16.725.962/0001-48;4491;FEC;FUNDO ESTADUAL DE CULTURA;41;CONTRIBUICOES;1;CONTRIBUICOES;59;OUTROS RECURSOS VINCULADOS;24999,0;24999,0;24999,0
9371138;517;2022-12-27 00:00:00;PM SANTA RITA DO IBITIPOCA;18.094.862/0001-96;1301;SEINFRA;SECRETARIA DE ESTADO DE INFRAESTRUTURA E MOBILIDADE;42;AUXILIOS;1;AUXILIOS;10;RECURSOS ORDINARIOS;350000,0;350000,0;350000,0
9371139;528;2022-12-27 00:00:00;PM CAJURI;18.132.456/0001-70;1301;SEINFRA;SECRETARIA DE ESTADO DE INFRAESTRUTURA E MOBILIDADE;42;AUXILIOS;1;AUXILIOS;10;RECURSOS ORDINARIOS;250000,0;250000,0;250000,0
9371140;515;2022-12-27 00:00:00;PM SANTA RITA DO IBITIPOCA;18.094.862/0001-96;1301;SEINFRA;SECRETARIA DE ESTADO DE INFRAESTRUTURA E MOBILIDADE;42;AUXILIOS;1;AUXILIOS;10;RECURSOS ORDINARIOS;250000,0;250000,0;250000,0
9371143;529;2022-12-27 00:00:00;PM CAJURI;18.132.456/0001-70;1301;SEINFRA;SECRETARIA DE ESTADO DE INFRAESTRUTURA E MOBILIDADE;42;AUXILIOS;1;AUXILIOS;10;RECURSOS ORDINARIOS;260000,0;260000,0;260000,0
9371144;519;2022-12-27 00:00:00;PM SANTA RITA DO ITUETO;18.413.187/0001-10;1301;SEINFRA;SECRETARIA DE ESTADO DE INFRAESTRUTURA E MOBILIDADE;42;AUXILIOS;1;AUXILIOS;32;EXPLORACAO DE RECURSOS MINERAIS;1500000,0;1500000,0;0,0
9371146;516;2022-12-27 00:00:00;PM SAO JOSE DO DIVINO;18.404.988/0001-10;1301;SEINFRA;SECRETARIA DE ESTADO DE INFRAESTRUTURA E MOBILIDADE;42;AUXILIOS;1;AUXILIOS;10;RECURSOS ORDINARIOS;500000,0;500000,0;0,0
9371147;518;2022-12-27 00:00:00;PM DORES DO INDAIA;18.301.010/0001-22;1301;SEINFRA;SECRETARIA DE ESTADO DE INFRAESTRUTURA E MOBILIDADE;42;AUXILIOS;1;AUXILIOS;10;RECURSOS ORDINARIOS;300000,0;300000,0;300000,0
9371150;527;2022-12-27 00:00:00;PM CAJURI;18.132.456/0001-70;1301;SEINFRA;SECRETARIA DE ESTADO DE INFRAESTRUTURA E MOBILIDADE;42;AUXILIOS;1;AUXILIOS;10;RECURSOS ORDINARIOS;444624,64;444624,64;444624,64
9371170;525;2022-12-27 00:00:00;PM ALAGOA;18.186.346/0001-91;1301;SEINFRA;SECRETARIA DE ESTADO DE INFRAESTRUTURA E MOBILIDADE;42;AUXILIOS;1;AUXILIOS;10;RECURSOS ORDINARIOS;1000000,0;1000000,0;1000000,0
9371176;526;2022-12-27 00:00:00;PM MARIA DA FE;18.025.957/0001-58;1301;SEINFRA;SECRETARIA DE ESTADO DE INFRAESTRUTURA E MOBILIDADE;42;AUXILIOS;1;AUXILIOS;10;RECURSOS ORDINARIOS;1000000,0;1000000,0;1000000,0
9371185;855;2022-12-27 00:00:00;CIS DO CENTRO NORDESTE/GUANHAES;00.773.222/0001-47;1371;SEMAD;SECRETARIA DE ESTADO DE MEIO AMBIENTE E DESENVOLVIMENTO SUSTENTAVEL;41;CONTRIBUICOES;1;CONTRIBUICOES;10;RECURSOS ORDINARIOS;160005,21;160005,21;160005,21
9371186;527;2022-12-27 00:00:00;PM ANGELANDIA;01.113.937/0001-36;4491;FEC;FUNDO ESTADUAL DE CULTURA;41;CONTRIBUICOES;1;CONTRIBUICOES;59;OUTROS RECURSOS VINCULADOS;10989,0;10989,0;10989,0
9371187;528;2022-12-27 00:00:00;PM SAO GERALDO;18.137.935/0001-80;4491;FEC;FUNDO ESTADUAL DE CULTURA;41;CONTRIBUICOES;1;CONTRIBUICOES;59;OUTROS RECURSOS VINCULADOS;24190,0;24190,0;0,0
9371187;529;2022-12-27 00:00:00;PM SAO GERALDO;18.137.935/0001-80;4491;FEC;FUNDO ESTADUAL DE CULTURA;41;CONTRIBUICOES;1;CONTRIBUICOES;59;OUTROS RECURSOS VINCULADOS;25806,0;25806,0;0,0
9371188;2611;2022-12-28 00:00:00;CARITAS BRASILEIRA;33.654.419/0008-92;4251;FEAS;FUNDO ESTADUAL DE ASSISTENCIA SOCIAL;43;SUBVENCOES SOCIAIS;1;SUBVENCOES SOCIAIS;71;RECURSOS DO FUNDO ESTADUAL DE ERRADICACAO DA MISERIA;4431,82;4431,82;4431,82
9371188;2612;2022-12-28 00:00:00;CARITAS BRASILEIRA;33.654.419/0008-92;4251;FEAS;FUNDO ESTADUAL DE ASSISTENCIA SOCIAL;42;AUXILIOS;1;AUXILIOS;71;RECURSOS DO FUNDO ESTADUAL DE ERRADICACAO DA MISERIA;110557,53;110557,53;110557,53
9371189;860;2022-12-28 00:00:00;PM MATHIAS LOBATO;18.332.619/0001-69;1371;SEMAD;SECRETARIA DE ESTADO DE MEIO AMBIENTE E DESENVOLVIMENTO SUSTENTAVEL;41;CONTRIBUICOES;1;CONTRIBUICOES;10;RECURSOS ORDINARIOS;600000,0;600000,0;600000,0
9371190;5909;2022-12-28 00:00:00;PM RIO VERMELHO;18.303.255/0001-99;1491;SEGOV;SECRETARIA DE ESTADO DE GOVERNO;42;AUXILIOS;1;AUXILIOS;10;RECURSOS ORDINARIOS;500000,0;500000,0;500000,0
9371191;6;2022-12-28 00:00:00;PM FREI LAGONEGRO;01.615.008/0001-25;4601;FEI;FUNDO ESTADUAL DOS DIREITOS DO IDOSO;41;CONTRIBUICOES;1;CONTRIBUICOES;45;DOACOES DE PESSOAS, DE INSTITUICOES PRIVADAS OU DO EXTERIOR A ORGAO E ENTIDADES DO ESTADO;45000,0;45000,0;45000,0
9371192;2607;2022-12-28 00:00:00;SOCIEDADE DE PROTECAO DE ASSIST.A INFANCIA;19.278.449/0001-44;4251;FEAS;FUNDO ESTADUAL DE ASSISTENCIA SOCIAL;43;SUBVENCOES SOCIAIS;1;SUBVENCOES SOCIAIS;71;RECURSOS DO FUNDO ESTADUAL DE ERRADICACAO DA MISERIA;52253,83;52253,83;52253,83
9371192;2608;2022-12-28 00:00:00;SOCIEDADE DE PROTECAO DE ASSIST.A INFANCIA;19.278.449/0001-44;4251;FEAS;FUNDO ESTADUAL DE ASSISTENCIA SOCIAL;42;AUXILIOS;1;AUXILIOS;71;RECURSOS DO FUNDO ESTADUAL DE ERRADICACAO DA MISERIA;62746,11;62746,11;62746,11
9371193;2596;2022-12-28 00:00:00;LAR SAO VICENTE DE PAULO;22.957.567/0001-93;4251;FEAS;FUNDO ESTADUAL DE ASSISTENCIA SOCIAL;42;AUXILIOS;1;AUXILIOS;71;RECURSOS DO FUNDO ESTADUAL DE ERRADICACAO DA MISERIA;115000,0;115000,0;115000,0
9371194;5915;2022-12-28 00:00:00;PM LARANJAL;17.947.615/0001-22;1491;SEGOV;SECRETARIA DE ESTADO DE GOVERNO;42;AUXILIOS;1;AUXILIOS;10;RECURSOS ORDINARIOS;203453,91;203453,91;203453,91
9371195;5924;2022-12-28 00:00:00;PM ESTRELA DO INDAIA;18.301.028/0001-24;1491;SEGOV;SECRETARIA DE ESTADO DE GOVERNO;42;AUXILIOS;1;AUXILIOS;10;RECURSOS ORDINARIOS;700000,0;700000,0;700000,0
9371197;531;2022-12-27 00:00:00;PM PERDIZES;18.140.772/0001-94;1301;SEINFRA;SECRETARIA DE ESTADO DE INFRAESTRUTURA E MOBILIDADE;42;AUXILIOS;1;AUXILIOS;32;EXPLORACAO DE RECURSOS MINERAIS;500000,0;500000,0;0,0
9371198;861;2022-12-28 00:00:00;PM FRONTEIRA;18.449.140/0001-07;1371;SEMAD;SECRETARIA DE ESTADO DE MEIO AMBIENTE E DESENVOLVIMENTO SUSTENTAVEL;41;CONTRIBUICOES;1;CONTRIBUICOES;10;RECURSOS ORDINARIOS;600000,0;600000,0;600000,0
9371199;39;2022-12-28 00:00:00;PM MONTE AZUL;18.650.945/0001-14;1481;SEDESE;SECRETARIA DE ESTADO DE DESENVOLVIMENTO SOCIAL;41;CONTRIBUICOES;1;CONTRIBUICOES;10;RECURSOS ORDINARIOS;50000,0;50000,0;50000,0
9371200;5917;2022-12-28 00:00:00;PM ARAGUARI;16.829.640/0001-49;1491;SEGOV;SECRETARIA DE ESTADO DE GOVERNO;42;AUXILIOS;1;AUXILIOS;10;RECURSOS ORDINARIOS;262516,68;262516,68;262516,68
9371201;5;2022-12-28 00:00:00;PM SANTO ANTONIO DO RETIRO;01.612.484/0001-92;4601;FEI;FUNDO ESTADUAL DOS DIREITOS DO IDOSO;41;CONTRIBUICOES;1;CONTRIBUICOES;45;DOACOES DE PESSOAS, DE INSTITUICOES PRIVADAS OU DO EXTERIOR A ORGAO E ENTIDADES DO ESTADO;34122,94;34122,94;34122,94
9371202;2609;2022-12-28 00:00:00;LAR DOS IDOSOS SAGRADA FAMILIA;03.933.356/0001-76;4251;FEAS;FUNDO ESTADUAL DE ASSISTENCIA SOCIAL;43;SUBVENCOES SOCIAIS;1;SUBVENCOES SOCIAIS;71;RECURSOS DO FUNDO ESTADUAL DE ERRADICACAO DA MISERIA;66110,0;66110,0;66110,0
9371202;2610;2022-12-28 00:00:00;LAR DOS IDOSOS SAGRADA FAMILIA;03.933.356/0001-76;4251;FEAS;FUNDO ESTADUAL DE ASSISTENCIA SOCIAL;42;AUXILIOS;1;AUXILIOS;71;RECURSOS DO FUNDO ESTADUAL DE ERRADICACAO DA MISERIA;48625,99;48625,99;48625,99
9371203;5911;2022-12-28 00:00:00;PM ARACUAI;17.963.083/0001-17;1491;SEGOV;SECRETARIA DE ESTADO DE GOVERNO;42;AUXILIOS;1;AUXILIOS;10;RECURSOS ORDINARIOS;500000,0;500000,0;500000,0
9371204;5914;2022-12-28 00:00:00;PM RODEIRO;18.128.256/0001-44;1491;SEGOV;SECRETARIA DE ESTADO DE GOVERNO;42;AUXILIOS;1;AUXILIOS;10;RECURSOS ORDINARIOS;77599,99;77599,99;77599,99
9371205;530;2022-12-27 00:00:00;PM RODEIRO;18.128.256/0001-44;1301;SEINFRA;SECRETARIA DE ESTADO DE INFRAESTRUTURA E MOBILIDADE;42;AUXILIOS;1;AUXILIOS;32;EXPLORACAO DE RECURSOS MINERAIS;300000,0;300000,0;300000,0
9371206;409;2022-12-28 00:00:00;PM ARAGUARI;16.829.640/0001-49;1481;SEDESE;SECRETARIA DE ESTADO DE DESENVOLVIMENTO SOCIAL;41;CONTRIBUICOES;1;CONTRIBUICOES;38;TRANSFERENCIAS DE RECURSOS DA UNIAO VINCULADOS AO ESPORTE;52400,0;52400,0;52400,0
9371207;5925;2022-12-28 00:00:00;PM SAO SEBASTIAO DO MARANHAO;18.409.177/0001-01;1491;SEGOV;SECRETARIA DE ESTADO DE GOVERNO;42;AUXILIOS;1;AUXILIOS;10;RECURSOS ORDINARIOS;200000,0;200000,0;200000,0
9371208;410;2022-12-28 00:00:00;PM CARANGOLA;19.279.827/0001-04;1481;SEDESE;SECRETARIA DE ESTADO DE DESENVOLVIMENTO SOCIAL;41;CONTRIBUICOES;1;CONTRIBUICOES;45;DOACOES DE PESSOAS, DE INSTITUICOES PRIVADAS OU DO EXTERIOR A ORGAO E ENTIDADES DO ESTADO;84362,22;84362,22;84362,22
9371209;5926;2022-12-28 00:00:00;PM TUPACIGUARA;18.260.489/0001-04;1491;SEGOV;SECRETARIA DE ESTADO DE GOVERNO;42;AUXILIOS;1;AUXILIOS;10;RECURSOS ORDINARIOS;292023,58;0,0;0,0
9371210;2597;2022-12-28 00:00:00;LAR SAO VICENTE DE PAULO DE IPUIUNA;41.777.731/0001-25;4251;FEAS;FUNDO ESTADUAL DE ASSISTENCIA SOCIAL;43;SUBVENCOES SOCIAIS;1;SUBVENCOES SOCIAIS;71;RECURSOS DO FUNDO ESTADUAL DE ERRADICACAO DA MISERIA;112479,78;112479,78;112479,78
9371211;5929;2022-12-28 00:00:00;PM ARAPORA;23.098.510/0001-49;1491;SEGOV;SECRETARIA DE ESTADO DE GOVERNO;42;AUXILIOS;1;AUXILIOS;10;RECURSOS ORDINARIOS;600000,0;600000,0;0,0
9371213;545;2022-12-28 00:00:00;PM VERMELHO NOVO;01.620.744/0001-71;1481;SEDESE;SECRETARIA DE ESTADO DE DESENVOLVIMENTO SOCIAL;42;AUXILIOS;1;AUXILIOS;10;RECURSOS ORDINARIOS;100000,0;100000,0;0,0
9371214;5927;2022-12-28 00:00:00;PM SERRA DA SAUDADE;18.301.069/0001-10;1491;SEGOV;SECRETARIA DE ESTADO DE GOVERNO;42;AUXILIOS;1;AUXILIOS;10;RECURSOS ORDINARIOS;350000,0;350000,0;350000,0
9371215;5923;2022-12-28 00:00:00;PM SANTA BARBARA;19.391.945/0001-00;1491;SEGOV;SECRETARIA DE ESTADO DE GOVERNO;42;AUXILIOS;1;AUXILIOS;10;RECURSOS ORDINARIOS;233481,59;233481,59;233481,59
9371216;411;2022-12-28 00:00:00;PM MARIA DA FE;18.025.957/0001-58;1481;SEDESE;SECRETARIA DE ESTADO DE DESENVOLVIMENTO SOCIAL;41;CONTRIBUICOES;1;CONTRIBUICOES;45;DOACOES DE PESSOAS, DE INSTITUICOES PRIVADAS OU DO EXTERIOR A ORGAO E ENTIDADES DO ESTADO;84362,22;84362,22;84362,22
9371217;2600;2022-12-28 00:00:00;INSTITUTO DE PROMOCAO SOCIAL E HUMANA DARCY RIBEIRO;00.794.227/0001-56;4251;FEAS;FUNDO ESTADUAL DE ASSISTENCIA SOCIAL;43;SUBVENCOES SOCIAIS;1;SUBVENCOES SOCIAIS;71;RECURSOS DO FUNDO ESTADUAL DE ERRADICACAO DA MISERIA;9627,55;9627,55;9627,55
9371217;2601;2022-12-28 00:00:00;INSTITUTO DE PROMOCAO SOCIAL E HUMANA DARCY RIBEIRO;00.794.227/0001-56;4251;FEAS;FUNDO ESTADUAL DE ASSISTENCIA SOCIAL;42;AUXILIOS;1;AUXILIOS;71;RECURSOS DO FUNDO ESTADUAL DE ERRADICACAO DA MISERIA;105331,0;105331,0;105331,0
9371218;5908;2022-12-28 00:00:00;PM DIVINOPOLIS;18.291.351/0001-64;1491;SEGOV;SECRETARIA DE ESTADO DE GOVERNO;42;AUXILIOS;1;AUXILIOS;10;RECURSOS ORDINARIOS;600000,0;0,0;0,0
9371219;2602;2022-12-28 00:00:00;INSTITUTO DE PROMOCAO SOCIAL E HUMANA DARCY RIBEIRO;00.794.227/0001-56;4251;FEAS;FUNDO ESTADUAL DE ASSISTENCIA SOCIAL;43;SUBVENCOES SOCIAIS;1;SUBVENCOES SOCIAIS;71;RECURSOS DO FUNDO ESTADUAL DE ERRADICACAO DA MISERIA;14306,0;14306,0;14306,0
9371219;2604;2022-12-28 00:00:00;INSTITUTO DE PROMOCAO SOCIAL E HUMANA DARCY RIBEIRO;00.794.227/0001-56;4251;FEAS;FUNDO ESTADUAL DE ASSISTENCIA SOCIAL;42;AUXILIOS;1;AUXILIOS;71;RECURSOS DO FUNDO ESTADUAL DE ERRADICACAO DA MISERIA;100658,26;100658,26;100658,26
9371220;5919;2022-12-28 00:00:00;PM CACHOEIRA DA PRATA;25.004.532/0001-28;1491;SEGOV;SECRETARIA DE ESTADO DE GOVERNO;42;AUXILIOS;1;AUXILIOS;10;RECURSOS ORDINARIOS;236166,67;236166,67;236166,67
9371221;2605;2022-12-28 00:00:00;INSTITUTO DE PROMOCAO SOCIAL E HUMANA DARCY RIBEIRO;00.794.227/0001-56;4251;FEAS;FUNDO ESTADUAL DE ASSISTENCIA SOCIAL;43;SUBVENCOES SOCIAIS;1;SUBVENCOES SOCIAIS;71;RECURSOS DO FUNDO ESTADUAL DE ERRADICACAO DA MISERIA;14517,29;14517,29;14517,29
9371221;2606;2022-12-28 00:00:00;INSTITUTO DE PROMOCAO SOCIAL E HUMANA DARCY RIBEIRO;00.794.227/0001-56;4251;FEAS;FUNDO ESTADUAL DE ASSISTENCIA SOCIAL;42;AUXILIOS;1;AUXILIOS;71;RECURSOS DO FUNDO ESTADUAL DE ERRADICACAO DA MISERIA;100379,8;100379,8;100379,8
9371223;5928;2022-12-28 00:00:00;PM PRESIDENTE OLEGARIO;18.602.060/0001-40;1491;SEGOV;SECRETARIA DE ESTADO DE GOVERNO;42;AUXILIOS;1;AUXILIOS;10;RECURSOS ORDINARIOS;250000,0;250000,0;250000,0
9371224;2598;2022-12-28 00:00:00;ASILO PADRE ANTONIO RIBEIRO PINTO;17.424.854/0001-06;4251;FEAS;FUNDO ESTADUAL DE ASSISTENCIA SOCIAL;43;SUBVENCOES SOCIAIS;1;SUBVENCOES SOCIAIS;71;RECURSOS DO FUNDO ESTADUAL DE ERRADICACAO DA MISERIA;58600,52;58600,52;58600,52
9371224;2599;2022-12-28 00:00:00;ASILO PADRE ANTONIO RIBEIRO PINTO;17.424.854/0001-06;4251;FEAS;FUNDO ESTADUAL DE ASSISTENCIA SOCIAL;42;AUXILIOS;1;AUXILIOS;71;RECURSOS DO FUNDO ESTADUAL DE ERRADICACAO DA MISERIA;56370,81;56370,81;56370,81
9371225;5910;2022-12-28 00:00:00;PM AGUA COMPRIDA;18.428.953/0001-10;1491;SEGOV;SECRETARIA DE ESTADO DE GOVERNO;42;AUXILIOS;1;AUXILIOS;10;RECURSOS ORDINARIOS;150000,0;150000,0;150000,0
9371226;5912;2022-12-28 00:00:00;PM SIMAO PEREIRA;18.338.293/0001-87;1491;SEGOV;SECRETARIA DE ESTADO DE GOVERNO;42;AUXILIOS;1;AUXILIOS;10;RECURSOS ORDINARIOS;249660,0;249660,0;249660,0
9371227;5913;2022-12-28 00:00:00;PM MOEMA;18.301.044/0001-17;1491;SEGOV;SECRETARIA DE ESTADO DE GOVERNO;42;AUXILIOS;1;AUXILIOS;10;RECURSOS ORDINARIOS;0,0;0,0;0,0
9371227;5930;2022-12-28 00:00:00;PM MOEMA;18.301.044/0001-17;1491;SEGOV;SECRETARIA DE ESTADO DE GOVERNO;42;AUXILIOS;1;AUXILIOS;10;RECURSOS ORDINARIOS;0,0;0,0;0,0
9371227;5931;2022-12-28 00:00:00;PM MOEMA;18.301.044/0001-17;1491;SEGOV;SECRETARIA DE ESTADO DE GOVERNO;42;AUXILIOS;1;AUXILIOS;10;RECURSOS ORDINARIOS;500000,0;500000,0;500000,0
9371228;5922;2022-12-28 00:00:00;PM LAGAMAR;18.192.260/0001-71;1491;SEGOV;SECRETARIA DE ESTADO DE GOVERNO;42;AUXILIOS;1;AUXILIOS;10;RECURSOS ORDINARIOS;121760,0;121760,0;121760,0
9371229;5921;2022-12-28 00:00:00;PM FRONTEIRA;18.449.140/0001-07;1491;SEGOV;SECRETARIA DE ESTADO DE GOVERNO;42;AUXILIOS;1;AUXILIOS;10;RECURSOS ORDINARIOS;600000,0;0,0;0,0
9371230;5920;2022-12-28 00:00:00;PM CARLOS CHAGAS;18.477.315/0001-90;1491;SEGOV;SECRETARIA DE ESTADO DE GOVERNO;42;AUXILIOS;1;AUXILIOS;10;RECURSOS ORDINARIOS;77826,87;0,0;0,0
9371231;5918;2022-12-28 00:00:00;PM CONQUISTA;18.428.888/0001-23;1491;SEGOV;SECRETARIA DE ESTADO DE GOVERNO;42;AUXILIOS;1;AUXILIOS;10;RECURSOS ORDINARIOS;149364,66;149364,66;149364,66
9371232;5916;2022-12-28 00:00:00;PM MONJOLOS;17.754.169/0001-30;1491;SEGOV;SECRETARIA DE ESTADO DE GOVERNO;42;AUXILIOS;1;AUXILIOS;10;RECURSOS ORDINARIOS;550000,0;550000,0;550000,0
9371233;4766;2022-12-28 00:00:00;PM ITAMBACURI;18.404.855/0001-43;1261;SEE;SECRETARIA DE ESTADO DE EDUCACAO;42;AUXILIOS;1;AUXILIOS;13;FUNDO DE MANUTENCAO E DESENVOLVIMENTO DA EDUCACAO BASICA - FUNDEB - REGULARIZACAO DE EXERCICIOS ANTE;200000,0;200000,0;200000,0
9371234;4780;2022-12-28 00:00:00;PM ITAMBACURI;18.404.855/0001-43;1261;SEE;SECRETARIA DE ESTADO DE EDUCACAO;42;AUXILIOS;1;AUXILIOS;13;FUNDO DE MANUTENCAO E DESENVOLVIMENTO DA EDUCACAO BASICA - FUNDEB - REGULARIZACAO DE EXERCICIOS ANTE;100000,0;100000,0;100000,0
9371235;4746;2022-12-28 00:00:00;PM NANUQUE;18.398.974/0001-30;1261;SEE;SECRETARIA DE ESTADO DE EDUCACAO;42;AUXILIOS;1;AUXILIOS;13;FUNDO DE MANUTENCAO E DESENVOLVIMENTO DA EDUCACAO BASICA - FUNDEB - REGULARIZACAO DE EXERCICIOS ANTE;499970,93;499970,93;499970,93
9371236;4778;2022-12-28 00:00:00;PM SAO BENTO ABADE;17.877.176/0001-29;1261;SEE;SECRETARIA DE ESTADO DE EDUCACAO;42;AUXILIOS;1;AUXILIOS;13;FUNDO DE MANUTENCAO E DESENVOLVIMENTO DA EDUCACAO BASICA - FUNDEB - REGULARIZACAO DE EXERCICIOS ANTE;100000,0;100000,0;100000,0
9371237;2603;2022-12-28 00:00:00;CASA DE REPOUSO SAO VICENTE DE PAULO;17.826.835/0001-06;4251;FEAS;FUNDO ESTADUAL DE ASSISTENCIA SOCIAL;42;AUXILIOS;1;AUXILIOS;71;RECURSOS DO FUNDO ESTADUAL DE ERRADICACAO DA MISERIA;114914,16;114914,16;114914,16
9371238;4750;2022-12-28 00:00:00;PM UBERABA;18.428.839/0001-90;1261;SEE;SECRETARIA DE ESTADO DE EDUCACAO;42;AUXILIOS;1;AUXILIOS;13;FUNDO DE MANUTENCAO E DESENVOLVIMENTO DA EDUCACAO BASICA - FUNDEB - REGULARIZACAO DE EXERCICIOS ANTE;399000,0;399000,0;399000,0
9371239;4782;2022-12-28 00:00:00;PM RAPOSOS;18.312.132/0001-14;1261;SEE;SECRETARIA DE ESTADO DE EDUCACAO;42;AUXILIOS;1;AUXILIOS;13;FUNDO DE MANUTENCAO E DESENVOLVIMENTO DA EDUCACAO BASICA - FUNDEB - REGULARIZACAO DE EXERCICIOS ANTE;100000,0;100000,0;100000,0
9371240;4772;2022-12-28 00:00:00;PM MEDINA;18.414.607/0001-83;1261;SEE;SECRETARIA DE ESTADO DE EDUCACAO;42;AUXILIOS;1;AUXILIOS;13;FUNDO DE MANUTENCAO E DESENVOLVIMENTO DA EDUCACAO BASICA - FUNDEB - REGULARIZACAO DE EXERCICIOS ANTE;199852,05;199852,05;199852,05
9371241;4748;2022-12-28 00:00:00;PM SAO TIAGO;17.749.904/0001-17;1261;SEE;SECRETARIA DE ESTADO DE EDUCACAO;42;AUXILIOS;1;AUXILIOS;13;FUNDO DE MANUTENCAO E DESENVOLVIMENTO DA EDUCACAO BASICA - FUNDEB - REGULARIZACAO DE EXERCICIOS ANTE;450000,0;450000,0;450000,0
9371242;4776;2022-12-28 00:00:00;PM POCOS DE CALDAS;18.629.840/0001-83;1261;SEE;SECRETARIA DE ESTADO DE EDUCACAO;42;AUXILIOS;1;AUXILIOS;13;FUNDO DE MANUTENCAO E DESENVOLVIMENTO DA EDUCACAO BASICA - FUNDEB - REGULARIZACAO DE EXERCICIOS ANTE;0,0;0,0;0,0
9371242;4777;2022-12-28 00:00:00;PM POCOS DE CALDAS;18.629.840/0001-83;1261;SEE;SECRETARIA DE ESTADO DE EDUCACAO;42;AUXILIOS;1;AUXILIOS;13;FUNDO DE MANUTENCAO E DESENVOLVIMENTO DA EDUCACAO BASICA - FUNDEB - REGULARIZACAO DE EXERCICIOS ANTE;100000,0;100000,0;100000,0
9371243;4725;2022-12-28 00:00:00;PM TRES MARIAS;17.695.008/0001-12;1261;SEE;SECRETARIA DE ESTADO DE EDUCACAO;42;AUXILIOS;1;AUXILIOS;13;FUNDO DE MANUTENCAO E DESENVOLVIMENTO DA EDUCACAO BASICA - FUNDEB - REGULARIZACAO DE EXERCICIOS ANTE;1480500,0;1480500,0;1480500,0
9371244;4751;2022-12-28 00:00:00;PM JEQUERI;18.316.166/0001-87;1261;SEE;SECRETARIA DE ESTADO DE EDUCACAO;42;AUXILIOS;1;AUXILIOS;13;FUNDO DE MANUTENCAO E DESENVOLVIMENTO DA EDUCACAO BASICA - FUNDEB - REGULARIZACAO DE EXERCICIOS ANTE;310000,0;310000,0;310000,0
9371245;4765;2022-12-28 00:00:00;PM CONCEICAO DA PEDRA;18.025.908/0001-15;1261;SEE;SECRETARIA DE ESTADO DE EDUCACAO;42;AUXILIOS;1;AUXILIOS;13;FUNDO DE MANUTENCAO E DESENVOLVIMENTO DA EDUCACAO BASICA - FUNDEB - REGULARIZACAO DE EXERCICIOS ANTE;150000,0;150000,0;150000,0
9371246;4769;2022-12-28 00:00:00;PM PEDRA AZUL;18.414.565/0001-80;1261;SEE;SECRETARIA DE ESTADO DE EDUCACAO;42;AUXILIOS;1;AUXILIOS;13;FUNDO DE MANUTENCAO E DESENVOLVIMENTO DA EDUCACAO BASICA - FUNDEB - REGULARIZACAO DE EXERCICIOS ANTE;119977,78;119977,78;0,0
9371247;4768;2022-12-28 00:00:00;PM JURUAIA;18.668.368/0001-98;1261;SEE;SECRETARIA DE ESTADO DE EDUCACAO;42;AUXILIOS;1;AUXILIOS;13;FUNDO DE MANUTENCAO E DESENVOLVIMENTO DA EDUCACAO BASICA - FUNDEB - REGULARIZACAO DE EXERCICIOS ANTE;120000,0;120000,0;0,0
9371248;4783;2022-12-28 00:00:00;PM SANTO ANTONIO DO AMPARO;18.244.335/0001-10;1261;SEE;SECRETARIA DE ESTADO DE EDUCACAO;42;AUXILIOS;1;AUXILIOS;13;FUNDO DE MANUTENCAO E DESENVOLVIMENTO DA EDUCACAO BASICA - FUNDEB - REGULARIZACAO DE EXERCICIOS ANTE;100000,0;100000,0;0,0
9371249;4770;2022-12-28 00:00:00;PM LAGOA SANTA;73.357.469/0001-56;1261;SEE;SECRETARIA DE ESTADO DE EDUCACAO;42;AUXILIOS;1;AUXILIOS;13;FUNDO DE MANUTENCAO E DESENVOLVIMENTO DA EDUCACAO BASICA - FUNDEB - REGULARIZACAO DE EXERCICIOS ANTE;101633,33;101633,33;101633,33
9371250;4753;2022-12-28 00:00:00;PM LEME DO PRADO;01.587.109/0001-30;1261;SEE;SECRETARIA DE ESTADO DE EDUCACAO;42;AUXILIOS;1;AUXILIOS;13;FUNDO DE MANUTENCAO E DESENVOLVIMENTO DA EDUCACAO BASICA - FUNDEB - REGULARIZACAO DE EXERCICIOS ANTE;300000,0;300000,0;300000,0
9371251;4767;2022-12-28 00:00:00;PM SANTA VITORIA;18.457.226/0001-81;1261;SEE;SECRETARIA DE ESTADO DE EDUCACAO;42;AUXILIOS;1;AUXILIOS;13;FUNDO DE MANUTENCAO E DESENVOLVIMENTO DA EDUCACAO BASICA - FUNDEB - REGULARIZACAO DE EXERCICIOS ANTE;200000,0;200000,0;200000,0
9371252;4775;2022-12-28 00:00:00;PM SANTA ROSA DA SERRA;18.192.252/0001-25;1261;SEE;SECRETARIA DE ESTADO DE EDUCACAO;42;AUXILIOS;1;AUXILIOS;13;FUNDO DE MANUTENCAO E DESENVOLVIMENTO DA EDUCACAO BASICA - FUNDEB - REGULARIZACAO DE EXERCICIOS ANTE;183300,0;183300,0;183300,0
9371253;4760;2022-12-28 00:00:00;PM PLANURA;18.449.157/0001-64;1261;SEE;SECRETARIA DE ESTADO DE EDUCACAO;42;AUXILIOS;1;AUXILIOS;13;FUNDO DE MANUTENCAO E DESENVOLVIMENTO DA EDUCACAO BASICA - FUNDEB - REGULARIZACAO DE EXERCICIOS ANTE;233439,23;233439,23;233439,23
9371256;4763;2022-12-28 00:00:00;PM JAGUARACU;16.816.522/0001-04;1261;SEE;SECRETARIA DE ESTADO DE EDUCACAO;42;AUXILIOS;1;AUXILIOS;13;FUNDO DE MANUTENCAO E DESENVOLVIMENTO DA EDUCACAO BASICA - FUNDEB - REGULARIZACAO DE EXERCICIOS ANTE;200000,0;200000,0;0,0
9371257;4757;2022-12-28 00:00:00;PM JAPONVAR;01.612.476/0001-46;1261;SEE;SECRETARIA DE ESTADO DE EDUCACAO;42;AUXILIOS;1;AUXILIOS;13;FUNDO DE MANUTENCAO E DESENVOLVIMENTO DA EDUCACAO BASICA - FUNDEB - REGULARIZACAO DE EXERCICIOS ANTE;299775,2;299775,2;299775,2
9371258;4722;2022-12-28 00:00:00;PM ITAIPE;18.404.756/0001-61;1261;SEE;SECRETARIA DE ESTADO DE EDUCACAO;42;AUXILIOS;1;AUXILIOS;13;FUNDO DE MANUTENCAO E DESENVOLVIMENTO DA EDUCACAO BASICA - FUNDEB - REGULARIZACAO DE EXERCICIOS ANTE;2248133,33;2248133,33;0,0
9371259;4787;2022-12-28 00:00:00;PM SANTA RITA DE CALDAS;17.857.442/0001-51;1261;SEE;SECRETARIA DE ESTADO DE EDUCACAO;42;AUXILIOS;1;AUXILIOS;13;FUNDO DE MANUTENCAO E DESENVOLVIMENTO DA EDUCACAO BASICA - FUNDEB - REGULARIZACAO DE EXERCICIOS ANTE;90476,0;90476,0;90476,0
9371260;4788;2022-12-28 00:00:00;PM MURIAE;17.947.581/0001-76;1261;SEE;SECRETARIA DE ESTADO DE EDUCACAO;42;AUXILIOS;1;AUXILIOS;13;FUNDO DE MANUTENCAO E DESENVOLVIMENTO DA EDUCACAO BASICA - FUNDEB - REGULARIZACAO DE EXERCICIOS ANTE;100000,0;100000,0;100000,0
9371261;4785;2022-12-28 00:00:00;PM RITAPOLIS;18.557.553/0001-05;1261;SEE;SECRETARIA DE ESTADO DE EDUCACAO;42;AUXILIOS;1;AUXILIOS;13;FUNDO DE MANUTENCAO E DESENVOLVIMENTO DA EDUCACAO BASICA - FUNDEB - REGULARIZACAO DE EXERCICIOS ANTE;99918,2;99918,2;99918,2
9371262;4784;2022-12-28 00:00:00;PM RAPOSOS;18.312.132/0001-14;1261;SEE;SECRETARIA DE ESTADO DE EDUCACAO;42;AUXILIOS;1;AUXILIOS;13;FUNDO DE MANUTENCAO E DESENVOLVIMENTO DA EDUCACAO BASICA - FUNDEB - REGULARIZACAO DE EXERCICIOS ANTE;100000,0;100000,0;100000,0
9371263;4781;2022-12-28 00:00:00;PM MURIAE;17.947.581/0001-76;1261;SEE;SECRETARIA DE ESTADO DE EDUCACAO;42;AUXILIOS;1;AUXILIOS;13;FUNDO DE MANUTENCAO E DESENVOLVIMENTO DA EDUCACAO BASICA - FUNDEB - REGULARIZACAO DE EXERCICIOS ANTE;100000,0;100000,0;100000,0
9371264;4744;2022-12-28 00:00:00;PM POCOS DE CALDAS;18.629.840/0001-83;1261;SEE;SECRETARIA DE ESTADO DE EDUCACAO;42;AUXILIOS;1;AUXILIOS;13;FUNDO DE MANUTENCAO E DESENVOLVIMENTO DA EDUCACAO BASICA - FUNDEB - REGULARIZACAO DE EXERCICIOS ANTE;703870,98;703870,98;703870,98
9371265;4716;2022-12-28 00:00:00;PM JOANESIA;17.111.626/0001-78;1261;SEE;SECRETARIA DE ESTADO DE EDUCACAO;42;AUXILIOS;1;AUXILIOS;13;FUNDO DE MANUTENCAO E DESENVOLVIMENTO DA EDUCACAO BASICA - FUNDEB - REGULARIZACAO DE EXERCICIOS ANTE;3403995,19;3403995,19;3403995,19
9371266;4734;2022-12-28 00:00:00;PM ALVARENGA;19.770.288/0001-01;1261;SEE;SECRETARIA DE ESTADO DE EDUCACAO;42;AUXILIOS;1;AUXILIOS;13;FUNDO DE MANUTENCAO E DESENVOLVIMENTO DA EDUCACAO BASICA - FUNDEB - REGULARIZACAO DE EXERCICIOS ANTE;817666,66;817666,66;0,0
9371267;4733;2022-12-28 00:00:00;PM ITAMBACURI;18.404.855/0001-43;1261;SEE;SECRETARIA DE ESTADO DE EDUCACAO;42;AUXILIOS;1;AUXILIOS;13;FUNDO DE MANUTENCAO E DESENVOLVIMENTO DA EDUCACAO BASICA - FUNDEB - REGULARIZACAO DE EXERCICIOS ANTE;838500,0;838500,0;0,0
9371268;4752;2022-12-28 00:00:00;PM FRUTA DE LEITE;01.612.483/0001-48;1261;SEE;SECRETARIA DE ESTADO DE EDUCACAO;42;AUXILIOS;1;AUXILIOS;13;FUNDO DE MANUTENCAO E DESENVOLVIMENTO DA EDUCACAO BASICA - FUNDEB - REGULARIZACAO DE EXERCICIOS ANTE;572825,09;572825,09;0,0
9371269;4761;2022-12-28 00:00:00;PM VARZELANDIA;18.017.467/0001-00;1261;SEE;SECRETARIA DE ESTADO DE EDUCACAO;42;AUXILIOS;1;AUXILIOS;13;FUNDO DE MANUTENCAO E DESENVOLVIMENTO DA EDUCACAO BASICA - FUNDEB - REGULARIZACAO DE EXERCICIOS ANTE;566933,87;566933,87;0,0
9371270;4754;2022-12-28 00:00:00;PM UBAI;18.017.459/0001-63;1261;SEE;SECRETARIA DE ESTADO DE EDUCACAO;42;AUXILIOS;1;AUXILIOS;13;FUNDO DE MANUTENCAO E DESENVOLVIMENTO DA EDUCACAO BASICA - FUNDEB - REGULARIZACAO DE EXERCICIOS ANTE;572825,09;572825,09;0,0
9371271;4756;2022-12-28 00:00:00;PM SANTA FE DE MINAS;18.279.075/0001-19;1261;SEE;SECRETARIA DE ESTADO DE EDUCACAO;42;AUXILIOS;1;AUXILIOS;13;FUNDO DE MANUTENCAO E DESENVOLVIMENTO DA EDUCACAO BASICA - FUNDEB - REGULARIZACAO DE EXERCICIOS ANTE;572825,09;572825,09;0,0
9371272;4779;2022-12-28 00:00:00;PM MONTE AZUL;18.650.945/0001-14;1261;SEE;SECRETARIA DE ESTADO DE EDUCACAO;42;AUXILIOS;1;AUXILIOS;13;FUNDO DE MANUTENCAO E DESENVOLVIMENTO DA EDUCACAO BASICA - FUNDEB - REGULARIZACAO DE EXERCICIOS ANTE;100000,0;100000,0;100000,0
9371273;4764;2022-12-28 00:00:00;PM SAO GONCALO DO RIO ABAIXO;24.380.651/0001-12;1261;SEE;SECRETARIA DE ESTADO DE EDUCACAO;42;AUXILIOS;1;AUXILIOS;13;FUNDO DE MANUTENCAO E DESENVOLVIMENTO DA EDUCACAO BASICA - FUNDEB - REGULARIZACAO DE EXERCICIOS ANTE;200000,0;200000,0;0,0
9371274;4786;2022-12-28 00:00:00;PM MORRO DA GARCA;17.695.040/0001-06;1261;SEE;SECRETARIA DE ESTADO DE EDUCACAO;42;AUXILIOS;1;AUXILIOS;13;FUNDO DE MANUTENCAO E DESENVOLVIMENTO DA EDUCACAO BASICA - FUNDEB - REGULARIZACAO DE EXERCICIOS ANTE;99896,06;99896,06;99896,06
9371275;4759;2022-12-28 00:00:00;PM TARUMIRIM;18.338.855/0001-92;1261;SEE;SECRETARIA DE ESTADO DE EDUCACAO;42;AUXILIOS;1;AUXILIOS;13;FUNDO DE MANUTENCAO E DESENVOLVIMENTO DA EDUCACAO BASICA - FUNDEB - REGULARIZACAO DE EXERCICIOS ANTE;716333,33;716333,33;0,0
9371276;4755;2022-12-28 00:00:00;PM GRAO MOGOL;20.716.627/0001-50;1261;SEE;SECRETARIA DE ESTADO DE EDUCACAO;42;AUXILIOS;1;AUXILIOS;13;FUNDO DE MANUTENCAO E DESENVOLVIMENTO DA EDUCACAO BASICA - FUNDEB - REGULARIZACAO DE EXERCICIOS ANTE;572825,09;572825,09;0,0
9371277;4773;2022-12-28 00:00:00;PM MARILAC;18.409.193/0001-02;1261;SEE;SECRETARIA DE ESTADO DE EDUCACAO;42;AUXILIOS;1;AUXILIOS;13;FUNDO DE MANUTENCAO E DESENVOLVIMENTO DA EDUCACAO BASICA - FUNDEB - REGULARIZACAO DE EXERCICIOS ANTE;1496333,34;1496333,34;0,0
9371278;4762;2022-12-28 00:00:00;PM CLARO DOS POCOES;21.498.274/0001-22;1261;SEE;SECRETARIA DE ESTADO DE EDUCACAO;42;AUXILIOS;1;AUXILIOS;13;FUNDO DE MANUTENCAO E DESENVOLVIMENTO DA EDUCACAO BASICA - FUNDEB - REGULARIZACAO DE EXERCICIOS ANTE;566933,87;566933,87;0,0
9371279;4758;2022-12-28 00:00:00;PM IBIAI;16.899.700/0001-08;1261;SEE;SECRETARIA DE ESTADO DE EDUCACAO;42;AUXILIOS;1;AUXILIOS;13;FUNDO DE MANUTENCAO E DESENVOLVIMENTO DA EDUCACAO BASICA - FUNDEB - REGULARIZACAO DE EXERCICIOS ANTE;572825,09;572825,09;0,0
9371280;4711;2022-12-28 00:00:00;PM ALTO JEQUITIBA;18.392.506/0001-59;1261;SEE;SECRETARIA DE ESTADO DE EDUCACAO;42;AUXILIOS;1;AUXILIOS;13;FUNDO DE MANUTENCAO E DESENVOLVIMENTO DA EDUCACAO BASICA - FUNDEB - REGULARIZACAO DE EXERCICIOS ANTE;200000,0;200000,0;0,0
9371281;4712;2022-12-28 00:00:00;PM FREI LAGONEGRO;01.615.008/0001-25;1261;SEE;SECRETARIA DE ESTADO DE EDUCACAO;42;AUXILIOS;1;AUXILIOS;13;FUNDO DE MANUTENCAO E DESENVOLVIMENTO DA EDUCACAO BASICA - FUNDEB - REGULARIZACAO DE EXERCICIOS ANTE;711191,99;711191,99;0,0
9371282;4713;2022-12-28 00:00:00;PM MORRO DA GARCA;17.695.040/0001-06;1261;SEE;SECRETARIA DE ESTADO DE EDUCACAO;42;AUXILIOS;1;AUXILIOS;13;FUNDO DE MANUTENCAO E DESENVOLVIMENTO DA EDUCACAO BASICA - FUNDEB - REGULARIZACAO DE EXERCICIOS ANTE;2356300,0;2356300,0;0,0
9371283;4714;2022-12-28 00:00:00;PM PATIS;01.612.478/0001-35;1261;SEE;SECRETARIA DE ESTADO DE EDUCACAO;42;AUXILIOS;1;AUXILIOS;13;FUNDO DE MANUTENCAO E DESENVOLVIMENTO DA EDUCACAO BASICA - FUNDEB - REGULARIZACAO DE EXERCICIOS ANTE;0,0;0,0;0,0
9371283;4771;2022-12-28 00:00:00;PM PATIS;01.612.478/0001-35;1261;SEE;SECRETARIA DE ESTADO DE EDUCACAO;42;AUXILIOS;1;AUXILIOS;13;FUNDO DE MANUTENCAO E DESENVOLVIMENTO DA EDUCACAO BASICA - FUNDEB - REGULARIZACAO DE EXERCICIOS ANTE;703870,99;703870,99;0,0
9371284;4715;2022-12-28 00:00:00;PM PIMENTA;16.725.962/0001-48;1261;SEE;SECRETARIA DE ESTADO DE EDUCACAO;42;AUXILIOS;1;AUXILIOS;13;FUNDO DE MANUTENCAO E DESENVOLVIMENTO DA EDUCACAO BASICA - FUNDEB - REGULARIZACAO DE EXERCICIOS ANTE;2056100,0;2056100,0;0,0
9371285;4717;2022-12-28 00:00:00;PM FORTUNA DE MINAS;18.116.145/0001-18;1261;SEE;SECRETARIA DE ESTADO DE EDUCACAO;42;AUXILIOS;1;AUXILIOS;13;FUNDO DE MANUTENCAO E DESENVOLVIMENTO DA EDUCACAO BASICA - FUNDEB - REGULARIZACAO DE EXERCICIOS ANTE;946362,67;946362,67;0,0
9371286;4719;2022-12-28 00:00:00;PM ESMERALDAS;18.715.466/0001-39;1261;SEE;SECRETARIA DE ESTADO DE EDUCACAO;42;AUXILIOS;1;AUXILIOS;13;FUNDO DE MANUTENCAO E DESENVOLVIMENTO DA EDUCACAO BASICA - FUNDEB - REGULARIZACAO DE EXERCICIOS ANTE;435333,33;435333,33;0,0
9371287;4721;2022-12-28 00:00:00;PM SAO JOSE DO JACURI;18.409.201/0001-02;1261;SEE;SECRETARIA DE ESTADO DE EDUCACAO;42;AUXILIOS;1;AUXILIOS;13;FUNDO DE MANUTENCAO E DESENVOLVIMENTO DA EDUCACAO BASICA - FUNDEB - REGULARIZACAO DE EXERCICIOS ANTE;951933,33;951933,33;0,0
9371288;4723;2022-12-28 00:00:00;PM MATEUS LEME;18.715.433/0001-99;1261;SEE;SECRETARIA DE ESTADO DE EDUCACAO;42;AUXILIOS;1;AUXILIOS;13;FUNDO DE MANUTENCAO E DESENVOLVIMENTO DA EDUCACAO BASICA - FUNDEB - REGULARIZACAO DE EXERCICIOS ANTE;337800,0;337800,0;0,0
9371289;6841;2022-12-28 00:00:00;PM SAO JOAQUIM DE BICAS;01.612.516/0001-50;1261;SEE;SECRETARIA DE ESTADO DE EDUCACAO;42;AUXILIOS;1;AUXILIOS;10;RECURSOS ORDINARIOS;16489741,77;16489741,77;16489741,77
9371289;6843;2022-12-29 00:00:00;PM SAO JOAQUIM DE BICAS;01.612.516/0001-50;1261;SEE;SECRETARIA DE ESTADO DE EDUCACAO;42;AUXILIOS;1;AUXILIOS;23;FUNDO DE MANUTENCAO E DESENVOLVIMENTO DA EDUCACAO BASICA - FUNDEB;49469225,33;49469225,33;49469225,33
9371290;4726;2022-12-28 00:00:00;PM CANDEIAS;17.888.090/0001-00;1261;SEE;SECRETARIA DE ESTADO DE EDUCACAO;42;AUXILIOS;1;AUXILIOS;13;FUNDO DE MANUTENCAO E DESENVOLVIMENTO DA EDUCACAO BASICA - FUNDEB - REGULARIZACAO DE EXERCICIOS ANTE;250000,0;250000,0;0,0
9371291;6086;2022-12-28 00:00:00;PM SAO JOAO DO PARAISO;24.791.154/0001-07;1261;SEE;SECRETARIA DE ESTADO DE EDUCACAO;41;CONTRIBUICOES;1;CONTRIBUICOES;10;RECURSOS ORDINARIOS;21202,56;21202,56;21202,56
9371291;6087;2022-12-28 00:00:00;PM SAO JOAO DO PARAISO;24.791.154/0001-07;1261;SEE;SECRETARIA DE ESTADO DE EDUCACAO;42;AUXILIOS;1;AUXILIOS;10;RECURSOS ORDINARIOS;1622439,27;1622439,27;1622439,27
9371292;4225;2022-12-28 00:00:00;PM ANGELANDIA;01.113.937/0001-36;1261;SEE;SECRETARIA DE ESTADO DE EDUCACAO;42;AUXILIOS;1;AUXILIOS;10;RECURSOS ORDINARIOS;946720,0;946720,0;946720,0
9371293;4774;2022-12-28 00:00:00;PM MIRABELA;18.017.376/0001-74;1261;SEE;SECRETARIA DE ESTADO DE EDUCACAO;42;AUXILIOS;1;AUXILIOS;13;FUNDO DE MANUTENCAO E DESENVOLVIMENTO DA EDUCACAO BASICA - FUNDEB - REGULARIZACAO DE EXERCICIOS ANTE;554249,87;554249,87;0,0
9371294;4724;2022-12-28 00:00:00;PM CONCEICAO DE IPANEMA;18.334.300/0001-72;1261;SEE;SECRETARIA DE ESTADO DE EDUCACAO;42;AUXILIOS;1;AUXILIOS;13;FUNDO DE MANUTENCAO E DESENVOLVIMENTO DA EDUCACAO BASICA - FUNDEB - REGULARIZACAO DE EXERCICIOS ANTE;2243000,0;2243000,0;0,0
9371295;4727;2022-12-28 00:00:00;PM SAO SEBASTIAO DO ANTA;01.613.123/0001-60;1261;SEE;SECRETARIA DE ESTADO DE EDUCACAO;42;AUXILIOS;1;AUXILIOS;13;FUNDO DE MANUTENCAO E DESENVOLVIMENTO DA EDUCACAO BASICA - FUNDEB - REGULARIZACAO DE EXERCICIOS ANTE;675600,0;675600,0;0,0
9371296;4731;2022-12-28 00:00:00;PM REDUTO;01.614.977/0001-61;1261;SEE;SECRETARIA DE ESTADO DE EDUCACAO;42;AUXILIOS;1;AUXILIOS;13;FUNDO DE MANUTENCAO E DESENVOLVIMENTO DA EDUCACAO BASICA - FUNDEB - REGULARIZACAO DE EXERCICIOS ANTE;199697,05;199697,05;0,0
9371297;4729;2022-12-28 00:00:00;PM FELISBURGO;18.083.071/0001-60;1261;SEE;SECRETARIA DE ESTADO DE EDUCACAO;42;AUXILIOS;1;AUXILIOS;13;FUNDO DE MANUTENCAO E DESENVOLVIMENTO DA EDUCACAO BASICA - FUNDEB - REGULARIZACAO DE EXERCICIOS ANTE;100000,0;100000,0;0,0
9371298;4732;2022-12-28 00:00:00;PM ELOI MENDES;20.347.225/0001-26;1261;SEE;SECRETARIA DE ESTADO DE EDUCACAO;42;AUXILIOS;1;AUXILIOS;13;FUNDO DE MANUTENCAO E DESENVOLVIMENTO DA EDUCACAO BASICA - FUNDEB - REGULARIZACAO DE EXERCICIOS ANTE;100000,0;100000,0;0,0
9371299;4735;2022-12-28 00:00:00;PM SANTO ANTONIO DO AVENTUREIRO;17.710.476/0001-19;1261;SEE;SECRETARIA DE ESTADO DE EDUCACAO;42;AUXILIOS;1;AUXILIOS;13;FUNDO DE MANUTENCAO E DESENVOLVIMENTO DA EDUCACAO BASICA - FUNDEB - REGULARIZACAO DE EXERCICIOS ANTE;265000,0;265000,0;0,0
9371300;4728;2022-12-28 00:00:00;PM SANTA BARBARA;19.391.945/0001-00;1261;SEE;SECRETARIA DE ESTADO DE EDUCACAO;42;AUXILIOS;1;AUXILIOS;13;FUNDO DE MANUTENCAO E DESENVOLVIMENTO DA EDUCACAO BASICA - FUNDEB - REGULARIZACAO DE EXERCICIOS ANTE;1278400,0;1278400,0;0,0
9371301;4736;2022-12-28 00:00:00;PM SANTO ANTONIO DO GRAMA;18.836.973/0001-20;1261;SEE;SECRETARIA DE ESTADO DE EDUCACAO;42;AUXILIOS;1;AUXILIOS;13;FUNDO DE MANUTENCAO E DESENVOLVIMENTO DA EDUCACAO BASICA - FUNDEB - REGULARIZACAO DE EXERCICIOS ANTE;337800,0;337800,0;0,0
9371302;4718;2022-12-28 00:00:00;PM ARAGUARI;16.829.640/0001-49;1261;SEE;SECRETARIA DE ESTADO DE EDUCACAO;42;AUXILIOS;1;AUXILIOS;13;FUNDO DE MANUTENCAO E DESENVOLVIMENTO DA EDUCACAO BASICA - FUNDEB - REGULARIZACAO DE EXERCICIOS ANTE;3000000,0;3000000,0;3000000,0
9371303;859;2022-12-28 00:00:00;PM MATIAS CARDOSO;25.209.115/0001-11;1371;SEMAD;SECRETARIA DE ESTADO DE MEIO AMBIENTE E DESENVOLVIMENTO SUSTENTAVEL;41;CONTRIBUICOES;1;CONTRIBUICOES;10;RECURSOS ORDINARIOS;300000,0;300000,0;300000,0
9371304;856;2022-12-28 00:00:00;PM OURO VERDE DE MINAS;18.404.947/0001-23;1371;SEMAD;SECRETARIA DE ESTADO DE MEIO AMBIENTE E DESENVOLVIMENTO SUSTENTAVEL;41;CONTRIBUICOES;1;CONTRIBUICOES;10;RECURSOS ORDINARIOS;300000,0;300000,0;300000,0
9371305;6085;2022-12-28 00:00:00;PM SAO JOAO DA PONTE;16.928.483/0001-29;1261;SEE;SECRETARIA DE ESTADO DE EDUCACAO;42;AUXILIOS;1;AUXILIOS;10;RECURSOS ORDINARIOS;666354,1;666354,1;0,0
9371306;4739;2022-12-28 00:00:00;PM VARGEM BONITA;16.788.309/0001-28;1261;SEE;SECRETARIA DE ESTADO DE EDUCACAO;42;AUXILIOS;1;AUXILIOS;13;FUNDO DE MANUTENCAO E DESENVOLVIMENTO DA EDUCACAO BASICA - FUNDEB - REGULARIZACAO DE EXERCICIOS ANTE;711191,99;711191,99;0,0
9371307;4740;2022-12-28 00:00:00;PM BURITIS;18.125.146/0001-29;1261;SEE;SECRETARIA DE ESTADO DE EDUCACAO;42;AUXILIOS;1;AUXILIOS;13;FUNDO DE MANUTENCAO E DESENVOLVIMENTO DA EDUCACAO BASICA - FUNDEB - REGULARIZACAO DE EXERCICIOS ANTE;711191,99;711191,99;711191,99
9371308;4741;2022-12-28 00:00:00;PM CATUTI;01.612.502/0001-36;1261;SEE;SECRETARIA DE ESTADO DE EDUCACAO;42;AUXILIOS;1;AUXILIOS;13;FUNDO DE MANUTENCAO E DESENVOLVIMENTO DA EDUCACAO BASICA - FUNDEB - REGULARIZACAO DE EXERCICIOS ANTE;683738,0;683738,0;0,0
9371309;4737;2022-12-28 00:00:00;PM CATAS ALTAS;01.612.370/0001-42;1261;SEE;SECRETARIA DE ESTADO DE EDUCACAO;42;AUXILIOS;1;AUXILIOS;13;FUNDO DE MANUTENCAO E DESENVOLVIMENTO DA EDUCACAO BASICA - FUNDEB - REGULARIZACAO DE EXERCICIOS ANTE;817000,0;817000,0;817000,0
9371310;4743;2022-12-28 00:00:00;PM SENADOR MODESTINO GONCALVES;17.754.110/0001-41;1261;SEE;SECRETARIA DE ESTADO DE EDUCACAO;42;AUXILIOS;1;AUXILIOS;13;FUNDO DE MANUTENCAO E DESENVOLVIMENTO DA EDUCACAO BASICA - FUNDEB - REGULARIZACAO DE EXERCICIOS ANTE;200000,0;200000,0;200000,0
9371311;4720;2022-12-28 00:00:00;PM MURIAE;17.947.581/0001-76;1261;SEE;SECRETARIA DE ESTADO DE EDUCACAO;42;AUXILIOS;1;AUXILIOS;13;FUNDO DE MANUTENCAO E DESENVOLVIMENTO DA EDUCACAO BASICA - FUNDEB - REGULARIZACAO DE EXERCICIOS ANTE;2305000,0;2305000,0;2305000,0
9371312;4730;2022-12-28 00:00:00;PM RIO PIRACICABA;18.400.945/0001-66;1261;SEE;SECRETARIA DE ESTADO DE EDUCACAO;42;AUXILIOS;1;AUXILIOS;13;FUNDO DE MANUTENCAO E DESENVOLVIMENTO DA EDUCACAO BASICA - FUNDEB - REGULARIZACAO DE EXERCICIOS ANTE;0,0;0,0;0,0
9371312;4738;2022-12-28 00:00:00;PM RIO PIRACICABA;18.400.945/0001-66;1261;SEE;SECRETARIA DE ESTADO DE EDUCACAO;42;AUXILIOS;1;AUXILIOS;13;FUNDO DE MANUTENCAO E DESENVOLVIMENTO DA EDUCACAO BASICA - FUNDEB - REGULARIZACAO DE EXERCICIOS ANTE;899949,25;899949,25;899949,25
9371313;857;2022-12-28 00:00:00;PM AGUA COMPRIDA;18.428.953/0001-10;1371;SEMAD;SECRETARIA DE ESTADO DE MEIO AMBIENTE E DESENVOLVIMENTO SUSTENTAVEL;41;CONTRIBUICOES;1;CONTRIBUICOES;72;TAXA DE FISCALIZACAO DE RECURSOS MINERARIOS;300000,0;300000,0;300000,0
9371314;4745;2022-12-28 00:00:00;PM VARZELANDIA;18.017.467/0001-00;1261;SEE;SECRETARIA DE ESTADO DE EDUCACAO;42;AUXILIOS;1;AUXILIOS;13;FUNDO DE MANUTENCAO E DESENVOLVIMENTO DA EDUCACAO BASICA - FUNDEB - REGULARIZACAO DE EXERCICIOS ANTE;566933,87;566933,87;0,0
9371315;4747;2022-12-28 00:00:00;PM URUCUIA;25.223.850/0001-80;1261;SEE;SECRETARIA DE ESTADO DE EDUCACAO;42;AUXILIOS;1;AUXILIOS;13;FUNDO DE MANUTENCAO E DESENVOLVIMENTO DA EDUCACAO BASICA - FUNDEB - REGULARIZACAO DE EXERCICIOS ANTE;1106412,28;1106412,28;1106412,28
9371316;4742;2022-12-28 00:00:00;PM CAMBUI;18.675.975/0001-85;1261;SEE;SECRETARIA DE ESTADO DE EDUCACAO;42;AUXILIOS;1;AUXILIOS;13;FUNDO DE MANUTENCAO E DESENVOLVIMENTO DA EDUCACAO BASICA - FUNDEB - REGULARIZACAO DE EXERCICIOS ANTE;703870,98;703870,98;0,0
9371317;4749;2022-12-28 00:00:00;PM SAO GOTARDO;18.602.037/0001-55;1261;SEE;SECRETARIA DE ESTADO DE EDUCACAO;42;AUXILIOS;1;AUXILIOS;13;FUNDO DE MANUTENCAO E DESENVOLVIMENTO DA EDUCACAO BASICA - FUNDEB - REGULARIZACAO DE EXERCICIOS ANTE;337800,0;337800,0;337800,0
9371318;532;2022-12-28 00:00:00;PM SIMONESIA;18.385.120/0001-10;1301;SEINFRA;SECRETARIA DE ESTADO DE INFRAESTRUTURA E MOBILIDADE;42;AUXILIOS;1;AUXILIOS;10;RECURSOS ORDINARIOS;1000000,0;1000000,0;0,0
9371322;533;2022-12-28 00:00:00;PM CARATINGA;18.334.268/0001-25;1301;SEINFRA;SECRETARIA DE ESTADO DE INFRAESTRUTURA E MOBILIDADE;42;AUXILIOS;1;AUXILIOS;32;EXPLORACAO DE RECURSOS MINERAIS;1000000,0;1000000,0;1000000,0
9371359;621;2022-12-28 00:00:00;PM SACRAMENTO;18.140.764/0001-48;1231;SEAPA;SECRETARIA DE ESTADO DE AGRICULTURA, PECUARIA E ABASTECIMENTO - SEAPA;41;CONTRIBUICOES;1;CONTRIBUICOES;10;RECURSOS ORDINARIOS;1250000,0;1250000,0;1250000,0
9371360;2613;2022-12-28 00:00:00;ASILO SAO VICENTE DE PAULO DE POMPEU;64.479.546/0001-50;4251;FEAS;FUNDO ESTADUAL DE ASSISTENCIA SOCIAL;42;AUXILIOS;1;AUXILIOS;71;RECURSOS DO FUNDO ESTADUAL DE ERRADICACAO DA MISERIA;114999,85;114999,85;114999,85
9371361;622;2022-12-28 00:00:00;PM SERRA DO SALITRE;18.468.058/0001-20;1231;SEAPA;SECRETARIA DE ESTADO DE AGRICULTURA, PECUARIA E ABASTECIMENTO - SEAPA;41;CONTRIBUICOES;1;CONTRIBUICOES;10;RECURSOS ORDINARIOS;1250000,0;1250000,0;1250000,0
9371362;620;2022-12-28 00:00:00;PM BARRA LONGA;18.316.182/0001-70;1231;SEAPA;SECRETARIA DE ESTADO DE AGRICULTURA, PECUARIA E ABASTECIMENTO - SEAPA;41;CONTRIBUICOES;1;CONTRIBUICOES;10;RECURSOS ORDINARIOS;77813,33;77813,33;77813,33
9371363;419;2022-12-28 00:00:00;PM PATROCINIO DO MURIAE;17.947.607/0001-86;1481;SEDESE;SECRETARIA DE ESTADO DE DESENVOLVIMENTO SOCIAL;41;CONTRIBUICOES;1;CONTRIBUICOES;45;DOACOES DE PESSOAS, DE INSTITUICOES PRIVADAS OU DO EXTERIOR A ORGAO E ENTIDADES DO ESTADO;84362,22;84362,22;0,0
9371365;541;2022-12-28 00:00:00;PM CONSELHEIRO PENA;19.769.660/0001-60;1481;SEDESE;SECRETARIA DE ESTADO DE DESENVOLVIMENTO SOCIAL;42;AUXILIOS;1;AUXILIOS;71;RECURSOS DO FUNDO ESTADUAL DE ERRADICACAO DA MISERIA;20000,0;20000,0;20000,0
9371366;5933;2022-12-28 00:00:00;PM ROMARIA;18.160.044/0001-44;1491;SEGOV;SECRETARIA DE ESTADO DE GOVERNO;42;AUXILIOS;1;AUXILIOS;10;RECURSOS ORDINARIOS;100000,0;100000,0;100000,0
9371367;546;2022-12-28 00:00:00;PM SANTANA DO PARAISO;38.515.573/0001-20;1481;SEDESE;SECRETARIA DE ESTADO DE DESENVOLVIMENTO SOCIAL;42;AUXILIOS;1;AUXILIOS;71;RECURSOS DO FUNDO ESTADUAL DE ERRADICACAO DA MISERIA;20000,0;20000,0;0,0
9371368;420;2022-12-28 00:00:00;PM CARMO DE MINAS;18.188.243/0001-60;1481;SEDESE;SECRETARIA DE ESTADO DE DESENVOLVIMENTO SOCIAL;41;CONTRIBUICOES;1;CONTRIBUICOES;45;DOACOES DE PESSOAS, DE INSTITUICOES PRIVADAS OU DO EXTERIOR A ORGAO E ENTIDADES DO ESTADO;84362,22;84362,22;84362,22
9371369;414;2022-12-28 00:00:00;PM SAO GERALDO DA PIEDADE;18.307.470/0001-68;1481;SEDESE;SECRETARIA DE ESTADO DE DESENVOLVIMENTO SOCIAL;41;CONTRIBUICOES;1;CONTRIBUICOES;38;TRANSFERENCIAS DE RECURSOS DA UNIAO VINCULADOS AO ESPORTE;229369,38;229369,38;0,0
9371370;544;2022-12-28 00:00:00;PM INHAPIM;20.905.865/0001-04;1481;SEDESE;SECRETARIA DE ESTADO DE DESENVOLVIMENTO SOCIAL;42;AUXILIOS;1;AUXILIOS;10;RECURSOS ORDINARIOS;100000,0;100000,0;0,0
9371371;5932;2022-12-28 00:00:00;PM SAO FRANCISCO DE SALES;18.457.283/0001-60;1491;SEGOV;SECRETARIA DE ESTADO DE GOVERNO;42;AUXILIOS;1;AUXILIOS;10;RECURSOS ORDINARIOS;200000,0;200000,0;200000,0
9371372;542;2022-12-29 00:00:00;PM NOVA BELEM;01.613.169/0001-80;1301;SEINFRA;SECRETARIA DE ESTADO DE INFRAESTRUTURA E MOBILIDADE;42;AUXILIOS;1;AUXILIOS;10;RECURSOS ORDINARIOS;1000000,0;1000000,0;0,0
9371373;413;2022-12-28 00:00:00;PM ALVARENGA;19.770.288/0001-01;1481;SEDESE;SECRETARIA DE ESTADO DE DESENVOLVIMENTO SOCIAL;41;CONTRIBUICOES;1;CONTRIBUICOES;38;TRANSFERENCIAS DE RECURSOS DA UNIAO VINCULADOS AO ESPORTE;229369,38;229369,38;229369,38
9371374;421;2022-12-28 00:00:00;PM SANTA MARIA DE ITABIRA;18.299.453/0001-26;1481;SEDESE;SECRETARIA DE ESTADO DE DESENVOLVIMENTO SOCIAL;41;CONTRIBUICOES;1;CONTRIBUICOES;38;TRANSFERENCIAS DE RECURSOS DA UNIAO VINCULADOS AO ESPORTE;52398,17;52398,17;0,0
9371375;5936;2022-12-28 00:00:00;PM UNIAO DE MINAS;01.051.819/0001-40;1491;SEGOV;SECRETARIA DE ESTADO DE GOVERNO;42;AUXILIOS;1;AUXILIOS;10;RECURSOS ORDINARIOS;200000,0;200000,0;200000,0
9371376;543;2022-12-28 00:00:00;PM PIEDADE DE CARATINGA;01.613.130/0001-62;1481;SEDESE;SECRETARIA DE ESTADO DE DESENVOLVIMENTO SOCIAL;42;AUXILIOS;1;AUXILIOS;10;RECURSOS ORDINARIOS;100000,0;100000,0;0,0
9371377;2616;2022-12-28 00:00:00;BENEFICENCIA EVANGELICA ARAGUARINA;21.292.081/0001-10;4251;FEAS;FUNDO ESTADUAL DE ASSISTENCIA SOCIAL;42;AUXILIOS;1;AUXILIOS;71;RECURSOS DO FUNDO ESTADUAL DE ERRADICACAO DA MISERIA;115000,0;115000,0;115000,0
9371378;2615;2022-12-28 00:00:00;RECANTO JOSE ANTONIO SALLES COELHO;18.552.224/0001-71;4251;FEAS;FUNDO ESTADUAL DE ASSISTENCIA SOCIAL;43;SUBVENCOES SOCIAIS;1;SUBVENCOES SOCIAIS;71;RECURSOS DO FUNDO ESTADUAL DE ERRADICACAO DA MISERIA;26447,1;26447,1;26447,1
9371378;2617;2022-12-28 00:00:00;RECANTO JOSE ANTONIO SALLES COELHO;18.552.224/0001-71;4251;FEAS;FUNDO ESTADUAL DE ASSISTENCIA SOCIAL;42;AUXILIOS;1;AUXILIOS;71;RECURSOS DO FUNDO ESTADUAL DE ERRADICACAO DA MISERIA;88533,33;88533,33;88533,33
9371379;412;2022-12-28 00:00:00;PM IBITIURA DE MINAS;18.178.962/0001-09;1481;SEDESE;SECRETARIA DE ESTADO DE DESENVOLVIMENTO SOCIAL;41;CONTRIBUICOES;1;CONTRIBUICOES;45;DOACOES DE PESSOAS, DE INSTITUICOES PRIVADAS OU DO EXTERIOR A ORGAO E ENTIDADES DO ESTADO;84362,22;84362,22;84362,22
9371380;534;2022-12-28 00:00:00;PM PRESIDENTE OLEGARIO;18.602.060/0001-40;1301;SEINFRA;SECRETARIA DE ESTADO DE INFRAESTRUTURA E MOBILIDADE;42;AUXILIOS;1;AUXILIOS;32;EXPLORACAO DE RECURSOS MINERAIS;400000,0;400000,0;400000,0
9371381;5940;2022-12-28 00:00:00;PM ITAU DE MINAS;23.767.031/0001-78;1491;SEGOV;SECRETARIA DE ESTADO DE GOVERNO;42;AUXILIOS;1;AUXILIOS;10;RECURSOS ORDINARIOS;77827,2;77827,2;0,0
9371382;536;2022-12-28 00:00:00;PM CARATINGA;18.334.268/0001-25;1301;SEINFRA;SECRETARIA DE ESTADO DE INFRAESTRUTURA E MOBILIDADE;42;AUXILIOS;1;AUXILIOS;32;EXPLORACAO DE RECURSOS MINERAIS;3860000,0;3860000,0;3860000,0
9371383;5943;2022-12-28 00:00:00;PM ROMARIA;18.160.044/0001-44;1491;SEGOV;SECRETARIA DE ESTADO DE GOVERNO;42;AUXILIOS;1;AUXILIOS;10;RECURSOS ORDINARIOS;500000,0;500000,0;0,0
9371384;539;2022-12-28 00:00:00;PM TAPARUBA;01.616.741/0001-64;1481;SEDESE;SECRETARIA DE ESTADO DE DESENVOLVIMENTO SOCIAL;42;AUXILIOS;1;AUXILIOS;10;RECURSOS ORDINARIOS;100000,0;100000,0;0,0
9371385;423;2022-12-28 00:00:00;PM SAO SEBASTIAO DO MARANHAO;18.409.177/0001-01;1481;SEDESE;SECRETARIA DE ESTADO DE DESENVOLVIMENTO SOCIAL;41;CONTRIBUICOES;1;CONTRIBUICOES;38;TRANSFERENCIAS DE RECURSOS DA UNIAO VINCULADOS AO ESPORTE;229369,38;229369,38;0,0
9371386;543;2022-12-29 00:00:00;PM NOVA BELEM;01.613.169/0001-80;1301;SEINFRA;SECRETARIA DE ESTADO DE INFRAESTRUTURA E MOBILIDADE;42;AUXILIOS;1;AUXILIOS;10;RECURSOS ORDINARIOS;2000000,0;2000000,0;0,0
9371387;540;2022-12-28 00:00:00;PM UBAPORANGA;66.229.717/0001-18;1481;SEDESE;SECRETARIA DE ESTADO DE DESENVOLVIMENTO SOCIAL;42;AUXILIOS;1;AUXILIOS;10;RECURSOS ORDINARIOS;100000,0;100000,0;0,0
9371388;5942;2022-12-28 00:00:00;PM PEDRINOPOLIS;18.140.335/0001-70;1491;SEGOV;SECRETARIA DE ESTADO DE GOVERNO;42;AUXILIOS;1;AUXILIOS;10;RECURSOS ORDINARIOS;600000,0;600000,0;600000,0
9371389;542;2022-12-28 00:00:00;PM IMBE DE MINAS;01.613.233/0001-22;1481;SEDESE;SECRETARIA DE ESTADO DE DESENVOLVIMENTO SOCIAL;42;AUXILIOS;1;AUXILIOS;10;RECURSOS ORDINARIOS;100000,0;100000,0;0,0
9371390;5945;2022-12-28 00:00:00;PM VARJAO DE MINAS;01.609.780/0001-34;1491;SEGOV;SECRETARIA DE ESTADO DE GOVERNO;42;AUXILIOS;1;AUXILIOS;10;RECURSOS ORDINARIOS;600000,0;600000,0;0,0
9371391;7;2022-12-28 00:00:00;PM SAO JOAO DA PONTE;16.928.483/0001-29;4601;FEI;FUNDO ESTADUAL DOS DIREITOS DO IDOSO;41;CONTRIBUICOES;1;CONTRIBUICOES;45;DOACOES DE PESSOAS, DE INSTITUICOES PRIVADAS OU DO EXTERIOR A ORGAO E ENTIDADES DO ESTADO;45000,0;45000,0;0,0
9371392;538;2022-12-28 00:00:00;PM UBAPORANGA;66.229.717/0001-18;1301;SEINFRA;SECRETARIA DE ESTADO DE INFRAESTRUTURA E MOBILIDADE;42;AUXILIOS;1;AUXILIOS;10;RECURSOS ORDINARIOS;1266074,63;1266074,63;0,0
9371393;416;2022-12-28 00:00:00;PM OURO BRANCO;18.295.329/0001-92;1481;SEDESE;SECRETARIA DE ESTADO DE DESENVOLVIMENTO SOCIAL;41;CONTRIBUICOES;1;CONTRIBUICOES;45;DOACOES DE PESSOAS, DE INSTITUICOES PRIVADAS OU DO EXTERIOR A ORGAO E ENTIDADES DO ESTADO;84362,22;84362,22;84362,22
9371394;5949;2022-12-28 00:00:00;PM ERVALIA;18.133.306/0001-81;1491;SEGOV;SECRETARIA DE ESTADO DE GOVERNO;42;AUXILIOS;1;AUXILIOS;10;RECURSOS ORDINARIOS;121760,0;121760,0;0,0
9371395;5941;2022-12-28 00:00:00;PM TUPACIGUARA;18.260.489/0001-04;1491;SEGOV;SECRETARIA DE ESTADO DE GOVERNO;42;AUXILIOS;1;AUXILIOS;10;RECURSOS ORDINARIOS;148292,1;148292,1;0,0
9371396;415;2022-12-28 00:00:00;PM DIAMANTINA;17.754.136/0001-90;1481;SEDESE;SECRETARIA DE ESTADO DE DESENVOLVIMENTO SOCIAL;41;CONTRIBUICOES;1;CONTRIBUICOES;45;DOACOES DE PESSOAS, DE INSTITUICOES PRIVADAS OU DO EXTERIOR A ORGAO E ENTIDADES DO ESTADO;84362,22;84362,22;84362,22
9371397;537;2022-12-28 00:00:00;PM PLANURA;18.449.157/0001-64;1301;SEINFRA;SECRETARIA DE ESTADO DE INFRAESTRUTURA E MOBILIDADE;42;AUXILIOS;1;AUXILIOS;32;EXPLORACAO DE RECURSOS MINERAIS;491840,77;491840,77;491840,77
9371398;5947;2022-12-28 00:00:00;PM RIACHO DOS MACHADOS;16.925.208/0001-51;1491;SEGOV;SECRETARIA DE ESTADO DE GOVERNO;42;AUXILIOS;1;AUXILIOS;10;RECURSOS ORDINARIOS;700000,0;350000,0;0,0
9371399;535;2022-12-28 00:00:00;PM SENADOR JOSE BENTO;18.675.926/0001-42;1301;SEINFRA;SECRETARIA DE ESTADO DE INFRAESTRUTURA E MOBILIDADE;42;AUXILIOS;1;AUXILIOS;10;RECURSOS ORDINARIOS;350000,0;350000,0;350000,0
9371400;418;2022-12-28 00:00:00;PM CRISOLITA;01.614.283/0001-24;1481;SEDESE;SECRETARIA DE ESTADO DE DESENVOLVIMENTO SOCIAL;41;CONTRIBUICOES;1;CONTRIBUICOES;38;TRANSFERENCIAS DE RECURSOS DA UNIAO VINCULADOS AO ESPORTE;229369,38;229369,38;229369,38
9371402;5938;2022-12-28 00:00:00;PM SIMONESIA;18.385.120/0001-10;1491;SEGOV;SECRETARIA DE ESTADO DE GOVERNO;42;AUXILIOS;1;AUXILIOS;10;RECURSOS ORDINARIOS;1300000,0;1300000,0;0,0
9371403;539;2022-12-28 00:00:00;PM UBAPORANGA;66.229.717/0001-18;1301;SEINFRA;SECRETARIA DE ESTADO DE INFRAESTRUTURA E MOBILIDADE;42;AUXILIOS;1;AUXILIOS;10;RECURSOS ORDINARIOS;3800000,0;3800000,0;0,0
9371404;417;2022-12-28 00:00:00;PM PADRE PARAISO;18.404.764/0001-08;1481;SEDESE;SECRETARIA DE ESTADO DE DESENVOLVIMENTO SOCIAL;41;CONTRIBUICOES;1;CONTRIBUICOES;38;TRANSFERENCIAS DE RECURSOS DA UNIAO VINCULADOS AO ESPORTE;229369,38;229369,38;229369,38
9371405;5937;2022-12-28 00:00:00;PM PLANURA;18.449.157/0001-64;1491;SEGOV;SECRETARIA DE ESTADO DE GOVERNO;42;AUXILIOS;1;AUXILIOS;10;RECURSOS ORDINARIOS;250000,0;250000,0;250000,0
9371406;5939;2022-12-28 00:00:00;PM CAPELA NOVA;19.259.951/0001-08;1491;SEGOV;SECRETARIA DE ESTADO DE GOVERNO;42;AUXILIOS;1;AUXILIOS;10;RECURSOS ORDINARIOS;145165,0;145165,0;145165,0
9371407;424;2022-12-28 00:00:00;ASSOCIACAO DOS PAIS E AMIGOS DOS EXCEPCIONAIS-;17.839.937/0001-58;1481;SEDESE;SECRETARIA DE ESTADO DE DESENVOLVIMENTO SOCIAL;43;SUBVENCOES SOCIAIS;1;SUBVENCOES SOCIAIS;38;TRANSFERENCIAS DE RECURSOS DA UNIAO VINCULADOS AO ESPORTE;45525,78;45525,78;0,0
9371408;5934;2022-12-28 00:00:00;PM JOAO PINHEIRO;16.930.299/0001-13;1491;SEGOV;SECRETARIA DE ESTADO DE GOVERNO;42;AUXILIOS;1;AUXILIOS;10;RECURSOS ORDINARIOS;1000000,0;500000,0;0,0
9371409;422;2022-12-28 00:00:00;PM ITINGA;18.348.748/0001-45;1481;SEDESE;SECRETARIA DE ESTADO DE DESENVOLVIMENTO SOCIAL;41;CONTRIBUICOES;1;CONTRIBUICOES;38;TRANSFERENCIAS DE RECURSOS DA UNIAO VINCULADOS AO ESPORTE;229369,38;229369,38;229369,38
9371410;5944;2022-12-28 00:00:00;PM JOAO PINHEIRO;16.930.299/0001-13;1491;SEGOV;SECRETARIA DE ESTADO DE GOVERNO;42;AUXILIOS;1;AUXILIOS;10;RECURSOS ORDINARIOS;1000000,0;500000,0;0,0
9371411;540;2022-12-28 00:00:00;PM COROMANDEL;18.591.149/0001-58;1301;SEINFRA;SECRETARIA DE ESTADO DE INFRAESTRUTURA E MOBILIDADE;42;AUXILIOS;1;AUXILIOS;32;EXPLORACAO DE RECURSOS MINERAIS;500582,28;500582,28;500582,28
9371412;5946;2022-12-28 00:00:00;PM PIRAJUBA;18.428.847/0001-37;1491;SEGOV;SECRETARIA DE ESTADO DE GOVERNO;42;AUXILIOS;1;AUXILIOS;10;RECURSOS ORDINARIOS;750000,0;750000,0;0,0
9371413;5948;2022-12-28 00:00:00;PM CARVALHOS;18.194.217/0001-45;1491;SEGOV;SECRETARIA DE ESTADO DE GOVERNO;42;AUXILIOS;1;AUXILIOS;10;RECURSOS ORDINARIOS;155653,99;155653,99;0,0
9371415;5935;2022-12-28 00:00:00;PM MOEMA;18.301.044/0001-17;1491;SEGOV;SECRETARIA DE ESTADO DE GOVERNO;42;AUXILIOS;1;AUXILIOS;10;RECURSOS ORDINARIOS;273569,99;273569,99;0,0
9371416;5950;2022-12-28 00:00:00;PM GAMELEIRA;01.612.482/0001-01;1491;SEGOV;SECRETARIA DE ESTADO DE GOVERNO;42;AUXILIOS;1;AUXILIOS;10;RECURSOS ORDINARIOS;328613,38;328613,38;0,0
9371418;541;2022-12-28 00:00:00;PM ITABIRINHA;17.125.444/0001-56;1301;SEINFRA;SECRETARIA DE ESTADO DE INFRAESTRUTURA E MOBILIDADE;42;AUXILIOS;1;AUXILIOS;32;EXPLORACAO DE RECURSOS MINERAIS;1000000,0;1000000,0;0,0
9371419;5951;2022-12-28 00:00:00;PM CENTRAL DE MINAS;17.990.714/0001-97;1491;SEGOV;SECRETARIA DE ESTADO DE GOVERNO;42;AUXILIOS;1;AUXILIOS;10;RECURSOS ORDINARIOS;350000,0;350000,0;0,0
9371420;5952;2022-12-28 00:00:00;PM BAMBUI;20.920.567/0001-93;1491;SEGOV;SECRETARIA DE ESTADO DE GOVERNO;42;AUXILIOS;1;AUXILIOS;10;RECURSOS ORDINARIOS;627079,34;627079,34;0,0
9371437;4790;2022-12-30 00:00:00;PM SALINAS;24.359.333/0001-70;1261;SEE;SECRETARIA DE ESTADO DE EDUCACAO;42;AUXILIOS;1;AUXILIOS;23;FUNDO DE MANUTENCAO E DESENVOLVIMENTO DA EDUCACAO BASICA - FUNDEB;4428807,78;4428807,78;0,0
9371438;6088;2022-12-29 00:00:00;PM CAPITAO ENEAS;18.017.426/0001-13;1261;SEE;SECRETARIA DE ESTADO DE EDUCACAO;42;AUXILIOS;1;AUXILIOS;13;FUNDO DE MANUTENCAO E DESENVOLVIMENTO DA EDUCACAO BASICA - FUNDEB - REGULARIZACAO DE EXERCICIOS ANTE;12348312,93;12348312,93;0,0
9371438;6089;2022-12-29 00:00:00;PM CAPITAO ENEAS;18.017.426/0001-13;1261;SEE;SECRETARIA DE ESTADO DE EDUCACAO;42;AUXILIOS;1;AUXILIOS;23;FUNDO DE MANUTENCAO E DESENVOLVIMENTO DA EDUCACAO BASICA - FUNDEB;2651687,07;2651687,07;2651687,07
9371444;548;2022-12-28 00:00:00;PM ALVARENGA;19.770.288/0001-01;1481;SEDESE;SECRETARIA DE ESTADO DE DESENVOLVIMENTO SOCIAL;42;AUXILIOS;1;AUXILIOS;10;RECURSOS ORDINARIOS;100000,0;100000,0;0,0
9371454;4791;2022-12-30 00:00:00;PM MARAVILHAS;18.313.841/0001-14;1261;SEE;SECRETARIA DE ESTADO DE EDUCACAO;42;AUXILIOS;1;AUXILIOS;23;FUNDO DE MANUTENCAO E DESENVOLVIMENTO DA EDUCACAO BASICA - FUNDEB;3133333,33;3133333,33;0,0
9371460;4794;2022-12-30 00:00:00;PM TUMIRITINGA;21.078.563/0001-72;1261;SEE;SECRETARIA DE ESTADO DE EDUCACAO;42;AUXILIOS;1;AUXILIOS;10;RECURSOS ORDINARIOS;200000,0;200000,0;0,0
9371480;4793;2022-12-30 00:00:00;PM BUENO BRANDAO;18.940.098/0001-22;1261;SEE;SECRETARIA DE ESTADO DE EDUCACAO;42;AUXILIOS;1;AUXILIOS;10;RECURSOS ORDINARIOS;200000,0;200000,0;0,0
9371487;6090;2022-12-29 00:00:00;PM GRAO MOGOL;20.716.627/0001-50;1261;SEE;SECRETARIA DE ESTADO DE EDUCACAO;42;AUXILIOS;1;AUXILIOS;10;RECURSOS ORDINARIOS;178417,6;178417,6;0,0
9371488;556;2022-12-29 00:00:00;PM ENGENHEIRO CALDAS;18.080.655/0001-82;1481;SEDESE;SECRETARIA DE ESTADO DE DESENVOLVIMENTO SOCIAL;41;CONTRIBUICOES;1;CONTRIBUICOES;71;RECURSOS DO FUNDO ESTADUAL DE ERRADICACAO DA MISERIA;10607,5;10607,5;0,0
9371488;557;2022-12-29 00:00:00;PM ENGENHEIRO CALDAS;18.080.655/0001-82;1481;SEDESE;SECRETARIA DE ESTADO DE DESENVOLVIMENTO SOCIAL;42;AUXILIOS;1;AUXILIOS;71;RECURSOS DO FUNDO ESTADUAL DE ERRADICACAO DA MISERIA;9392,5;9392,5;0,0
9371490;2622;2022-12-29 00:00:00;LAR VICENTINO CONFRADE ANTONIO ONIZIO DE IGARAPE;22.733.315/0001-80;4251;FEAS;FUNDO ESTADUAL DE ASSISTENCIA SOCIAL;42;AUXILIOS;1;AUXILIOS;71;RECURSOS DO FUNDO ESTADUAL DE ERRADICACAO DA MISERIA;114834,08;114834,08;0,0
9371491;2632;2022-12-30 00:00:00;ABRIGO SAO VICENTE DE PAULO-OBRA UNIDA-MAR DE ESPANHA;21.186.036/0001-81;4251;FEAS;FUNDO ESTADUAL DE ASSISTENCIA SOCIAL;43;SUBVENCOES SOCIAIS;1;SUBVENCOES SOCIAIS;71;RECURSOS DO FUNDO ESTADUAL DE ERRADICACAO DA MISERIA;11790,9;11790,9;0,0
9371491;2633;2022-12-30 00:00:00;ABRIGO SAO VICENTE DE PAULO-OBRA UNIDA-MAR DE ESPANHA;21.186.036/0001-81;4251;FEAS;FUNDO ESTADUAL DE ASSISTENCIA SOCIAL;42;AUXILIOS;1;AUXILIOS;71;RECURSOS DO FUNDO ESTADUAL DE ERRADICACAO DA MISERIA;103209,1;103209,1;0,0
9371492;431;2022-12-29 00:00:00;PM ITAIPE;18.404.756/0001-61;1481;SEDESE;SECRETARIA DE ESTADO DE DESENVOLVIMENTO SOCIAL;41;CONTRIBUICOES;1;CONTRIBUICOES;38;TRANSFERENCIAS DE RECURSOS DA UNIAO VINCULADOS AO ESPORTE;229369,38;229369,38;0,0
9371493;2623;2022-12-29 00:00:00;LAR COMUNITARIO FREDERICO OZANAM;02.155.052/0001-62;4251;FEAS;FUNDO ESTADUAL DE ASSISTENCIA SOCIAL;43;SUBVENCOES SOCIAIS;1;SUBVENCOES SOCIAIS;71;RECURSOS DO FUNDO ESTADUAL DE ERRADICACAO DA MISERIA;2174,75;2174,75;0,0
9371493;2624;2022-12-29 00:00:00;LAR COMUNITARIO FREDERICO OZANAM;02.155.052/0001-62;4251;FEAS;FUNDO ESTADUAL DE ASSISTENCIA SOCIAL;42;AUXILIOS;1;AUXILIOS;71;RECURSOS DO FUNDO ESTADUAL DE ERRADICACAO DA MISERIA;112487,13;112487,13;0,0
9371494;425;2022-12-29 00:00:00;PM PONTO DOS VOLANTES;01.613.377/0001-89;1481;SEDESE;SECRETARIA DE ESTADO DE DESENVOLVIMENTO SOCIAL;41;CONTRIBUICOES;1;CONTRIBUICOES;38;TRANSFERENCIAS DE RECURSOS DA UNIAO VINCULADOS AO ESPORTE;229369,38;229369,38;0,0
9371495;554;2022-12-29 00:00:00;PM PINGO D'AGUA;01.613.204/0001-60;1481;SEDESE;SECRETARIA DE ESTADO DE DESENVOLVIMENTO SOCIAL;41;CONTRIBUICOES;1;CONTRIBUICOES;71;RECURSOS DO FUNDO ESTADUAL DE ERRADICACAO DA MISERIA;12025,65;12025,65;0,0
9371495;555;2022-12-29 00:00:00;PM PINGO D'AGUA;01.613.204/0001-60;1481;SEDESE;SECRETARIA DE ESTADO DE DESENVOLVIMENTO SOCIAL;42;AUXILIOS;1;AUXILIOS;71;RECURSOS DO FUNDO ESTADUAL DE ERRADICACAO DA MISERIA;7974,35;7974,35;0,0
9371497;5954;2022-12-29 00:00:00;PM SAO SEBASTIAO DO MARANHAO;18.409.177/0001-01;1491;SEGOV;SECRETARIA DE ESTADO DE GOVERNO;42;AUXILIOS;1;AUXILIOS;10;RECURSOS ORDINARIOS;600000,0;0,0;0,0
9371498;8;2022-12-29 00:00:00;PM COMERCINHO;18.414.615/0001-20;4601;FEI;FUNDO ESTADUAL DOS DIREITOS DO IDOSO;41;CONTRIBUICOES;1;CONTRIBUICOES;45;DOACOES DE PESSOAS, DE INSTITUICOES PRIVADAS OU DO EXTERIOR A ORGAO E ENTIDADES DO ESTADO;45000,0;45000,0;0,0
9371499;124;2022-12-30 00:00:00;PM ARINOS;18.125.120/0001-80;1481;SEDESE;SECRETARIA DE ESTADO DE DESENVOLVIMENTO SOCIAL;42;AUXILIOS;1;AUXILIOS;71;RECURSOS DO FUNDO ESTADUAL DE ERRADICACAO DA MISERIA;234066,34;234066,34;0,0
9371500;552;2022-12-29 00:00:00;PM UBAPORANGA;66.229.717/0001-18;1481;SEDESE;SECRETARIA DE ESTADO DE DESENVOLVIMENTO SOCIAL;41;CONTRIBUICOES;1;CONTRIBUICOES;71;RECURSOS DO FUNDO ESTADUAL DE ERRADICACAO DA MISERIA;3694,63;3694,63;0,0
9371500;553;2022-12-29 00:00:00;PM UBAPORANGA;66.229.717/0001-18;1481;SEDESE;SECRETARIA DE ESTADO DE DESENVOLVIMENTO SOCIAL;42;AUXILIOS;1;AUXILIOS;71;RECURSOS DO FUNDO ESTADUAL DE ERRADICACAO DA MISERIA;16305,37;16305,37;0,0
9371502;436;2022-12-29 00:00:00;PM EUGENOPOLIS;17.947.656/0001-19;1481;SEDESE;SECRETARIA DE ESTADO DE DESENVOLVIMENTO SOCIAL;41;CONTRIBUICOES;1;CONTRIBUICOES;45;DOACOES DE PESSOAS, DE INSTITUICOES PRIVADAS OU DO EXTERIOR A ORGAO E ENTIDADES DO ESTADO;84362,22;84362,22;0,0
9371503;40;2022-12-29 00:00:00;PM SIMONESIA;18.385.120/0001-10;1481;SEDESE;SECRETARIA DE ESTADO DE DESENVOLVIMENTO SOCIAL;42;AUXILIOS;1;AUXILIOS;10;RECURSOS ORDINARIOS;1300000,0;1300000,0;0,0
9371504;10;2022-12-29 00:00:00;PM PINTOPOLIS;01.612.481/0001-59;4601;FEI;FUNDO ESTADUAL DOS DIREITOS DO IDOSO;41;CONTRIBUICOES;1;CONTRIBUICOES;45;DOACOES DE PESSOAS, DE INSTITUICOES PRIVADAS OU DO EXTERIOR A ORGAO E ENTIDADES DO ESTADO;45000,0;45000,0;0,0
9371505;426;2022-12-29 00:00:00;PM FERVEDOURO;26.139.790/0001-84;1481;SEDESE;SECRETARIA DE ESTADO DE DESENVOLVIMENTO SOCIAL;41;CONTRIBUICOES;1;CONTRIBUICOES;38;TRANSFERENCIAS DE RECURSOS DA UNIAO VINCULADOS AO ESPORTE;229369,38;229369,38;0,0
9371507;444;2022-12-30 00:00:00;PM CHAPADA DO NORTE;16.886.608/0001-03;1481;SEDESE;SECRETARIA DE ESTADO DE DESENVOLVIMENTO SOCIAL;41;CONTRIBUICOES;1;CONTRIBUICOES;38;TRANSFERENCIAS DE RECURSOS DA UNIAO VINCULADOS AO ESPORTE;229369,38;229369,38;0,0
9371509;441;2022-12-30 00:00:00;PM SANTA RITA DE MINAS;66.229.584/0001-80;1481;SEDESE;SECRETARIA DE ESTADO DE DESENVOLVIMENTO SOCIAL;41;CONTRIBUICOES;1;CONTRIBUICOES;38;TRANSFERENCIAS DE RECURSOS DA UNIAO VINCULADOS AO ESPORTE;229369,38;229369,38;0,0
9371510;550;2022-12-29 00:00:00;PM UBERABA;18.428.839/0001-90;1481;SEDESE;SECRETARIA DE ESTADO DE DESENVOLVIMENTO SOCIAL;42;AUXILIOS;1;AUXILIOS;71;RECURSOS DO FUNDO ESTADUAL DE ERRADICACAO DA MISERIA;18497,0;18497,0;0,0
9371511;9;2022-12-29 00:00:00;PM PONTO DOS VOLANTES;01.613.377/0001-89;4601;FEI;FUNDO ESTADUAL DOS DIREITOS DO IDOSO;41;CONTRIBUICOES;1;CONTRIBUICOES;45;DOACOES DE PESSOAS, DE INSTITUICOES PRIVADAS OU DO EXTERIOR A ORGAO E ENTIDADES DO ESTADO;45000,0;0,0;0,0
9371512;427;2022-12-29 00:00:00;PM COMERCINHO;18.414.615/0001-20;1481;SEDESE;SECRETARIA DE ESTADO DE DESENVOLVIMENTO SOCIAL;41;CONTRIBUICOES;1;CONTRIBUICOES;38;TRANSFERENCIAS DE RECURSOS DA UNIAO VINCULADOS AO ESPORTE;229369,38;229369,38;0,0
9371513;558;2022-12-29 00:00:00;PM PIEDADE DE CARATINGA;01.613.130/0001-62;1481;SEDESE;SECRETARIA DE ESTADO DE DESENVOLVIMENTO SOCIAL;42;AUXILIOS;1;AUXILIOS;71;RECURSOS DO FUNDO ESTADUAL DE ERRADICACAO DA MISERIA;20000,0;20000,0;0,0
9371514;530;2022-12-29 00:00:00;PM UBERLANDIA;18.431.312/0001-15;4491;FEC;FUNDO ESTADUAL DE CULTURA;41;CONTRIBUICOES;1;CONTRIBUICOES;59;OUTROS RECURSOS VINCULADOS;160000,0;160000,0;0,0
9371515;428;2022-12-29 00:00:00;ASSOCIACAO DOS SURDOS DE MINAS GERAIS - ASMG;16.593.824/0001-52;1481;SEDESE;SECRETARIA DE ESTADO DE DESENVOLVIMENTO SOCIAL;43;SUBVENCOES SOCIAIS;1;SUBVENCOES SOCIAIS;38;TRANSFERENCIAS DE RECURSOS DA UNIAO VINCULADOS AO ESPORTE;52306,46;52306,46;0,0
9371516;2627;2022-12-29 00:00:00;CONSELHO PARTICULAR DA SSVP DA CIDADE DE PO$OS DE CALDAS;23.657.430/0001-86;4251;FEAS;FUNDO ESTADUAL DE ASSISTENCIA SOCIAL;43;SUBVENCOES SOCIAIS;1;SUBVENCOES SOCIAIS;71;RECURSOS DO FUNDO ESTADUAL DE ERRADICACAO DA MISERIA;19465,0;19465,0;0,0
9371516;2628;2022-12-29 00:00:00;CONSELHO PARTICULAR DA SSVP DA CIDADE DE PO$OS DE CALDAS;23.657.430/0001-86;4251;FEAS;FUNDO ESTADUAL DE ASSISTENCIA SOCIAL;42;AUXILIOS;1;AUXILIOS;71;RECURSOS DO FUNDO ESTADUAL DE ERRADICACAO DA MISERIA;95535,0;95535,0;0,0
9371517;437;2022-12-29 00:00:00;PM SENHORA DO PORTO;18.307.504/0001-14;1481;SEDESE;SECRETARIA DE ESTADO DE DESENVOLVIMENTO SOCIAL;41;CONTRIBUICOES;1;CONTRIBUICOES;38;TRANSFERENCIAS DE RECURSOS DA UNIAO VINCULADOS AO ESPORTE;229369,38;229369,38;0,0
9371518;623;2022-12-29 00:00:00;PM BURITIS;18.125.146/0001-29;1231;SEAPA;SECRETARIA DE ESTADO DE AGRICULTURA, PECUARIA E ABASTECIMENTO - SEAPA;41;CONTRIBUICOES;1;CONTRIBUICOES;10;RECURSOS ORDINARIOS;700000,0;700000,0;0,0
9371518;624;2022-12-29 00:00:00;PM BURITIS;18.125.146/0001-29;1231;SEAPA;SECRETARIA DE ESTADO DE AGRICULTURA, PECUARIA E ABASTECIMENTO - SEAPA;41;CONTRIBUICOES;1;CONTRIBUICOES;10;RECURSOS ORDINARIOS;500000,0;500000,0;0,0
9371520;447;2022-12-30 00:00:00;FUNDACAO TURISMO ESP. UBERLANDIA;20.260.121/0001-80;1481;SEDESE;SECRETARIA DE ESTADO DE DESENVOLVIMENTO SOCIAL;43;SUBVENCOES SOCIAIS;1;SUBVENCOES SOCIAIS;38;TRANSFERENCIAS DE RECURSOS DA UNIAO VINCULADOS AO ESPORTE;52400,0;52400,0;0,0
9371521;439;2022-12-29 00:00:00;PM CARAI;18.404.848/0001-41;1481;SEDESE;SECRETARIA DE ESTADO DE DESENVOLVIMENTO SOCIAL;41;CONTRIBUICOES;1;CONTRIBUICOES;38;TRANSFERENCIAS DE RECURSOS DA UNIAO VINCULADOS AO ESPORTE;229369,38;229369,38;0,0
9371523;429;2022-12-29 00:00:00;PM BONITO DE MINAS;01.612.493/0001-83;1481;SEDESE;SECRETARIA DE ESTADO DE DESENVOLVIMENTO SOCIAL;41;CONTRIBUICOES;1;CONTRIBUICOES;38;TRANSFERENCIAS DE RECURSOS DA UNIAO VINCULADOS AO ESPORTE;229369,38;229369,38;0,0
9371524;432;2022-12-29 00:00:00;ASSOCIACAO MINEIRA DO PARADESPORTO - AMPADESPORTO;29.335.005/0001-57;1481;SEDESE;SECRETARIA DE ESTADO DE DESENVOLVIMENTO SOCIAL;43;SUBVENCOES SOCIAIS;1;SUBVENCOES SOCIAIS;38;TRANSFERENCIAS DE RECURSOS DA UNIAO VINCULADOS AO ESPORTE;583655,99;583655,99;0,0
9371525;430;2022-12-29 00:00:00;PM GONZAGA;18.307.421/0001-25;1481;SEDESE;SECRETARIA DE ESTADO DE DESENVOLVIMENTO SOCIAL;41;CONTRIBUICOES;1;CONTRIBUICOES;38;TRANSFERENCIAS DE RECURSOS DA UNIAO VINCULADOS AO ESPORTE;229369,38;229369,38;0,0
9371526;2619;2022-12-29 00:00:00;ASSOCIACAO DE ASSISTENCIA SOCIAL LAR DOS IDOSOS;01.851.264/0001-11;4251;FEAS;FUNDO ESTADUAL DE ASSISTENCIA SOCIAL;43;SUBVENCOES SOCIAIS;1;SUBVENCOES SOCIAIS;71;RECURSOS DO FUNDO ESTADUAL DE ERRADICACAO DA MISERIA;58203,64;58203,64;0,0
9371526;2620;2022-12-29 00:00:00;ASSOCIACAO DE ASSISTENCIA SOCIAL LAR DOS IDOSOS;01.851.264/0001-11;4251;FEAS;FUNDO ESTADUAL DE ASSISTENCIA SOCIAL;42;AUXILIOS;1;AUXILIOS;71;RECURSOS DO FUNDO ESTADUAL DE ERRADICACAO DA MISERIA;56796,36;56796,36;0,0
9371527;435;2022-12-29 00:00:00;PM FREI GASPAR;18.404.913/0001-39;1481;SEDESE;SECRETARIA DE ESTADO DE DESENVOLVIMENTO SOCIAL;41;CONTRIBUICOES;1;CONTRIBUICOES;38;TRANSFERENCIAS DE RECURSOS DA UNIAO VINCULADOS AO ESPORTE;229369,38;229369,38;0,0
9371528;2621;2022-12-29 00:00:00;ABRIGO SAO JUDAS TADEU SAO DOMINGOS DO PRATA;18.293.704/0001-65;4251;FEAS;FUNDO ESTADUAL DE ASSISTENCIA SOCIAL;43;SUBVENCOES SOCIAIS;1;SUBVENCOES SOCIAIS;71;RECURSOS DO FUNDO ESTADUAL DE ERRADICACAO DA MISERIA;115000,0;115000,0;0,0
9371529;440;2022-12-29 00:00:00;PM ITANHANDU;18.186.718/0001-80;1481;SEDESE;SECRETARIA DE ESTADO DE DESENVOLVIMENTO SOCIAL;41;CONTRIBUICOES;1;CONTRIBUICOES;45;DOACOES DE PESSOAS, DE INSTITUICOES PRIVADAS OU DO EXTERIOR A ORGAO E ENTIDADES DO ESTADO;84362,22;84362,22;0,0
9371530;442;2022-12-30 00:00:00;PM JOAIMA;18.495.812/0001-10;1481;SEDESE;SECRETARIA DE ESTADO DE DESENVOLVIMENTO SOCIAL;41;CONTRIBUICOES;1;CONTRIBUICOES;38;TRANSFERENCIAS DE RECURSOS DA UNIAO VINCULADOS AO ESPORTE;229369,38;229369,38;0,0
9371800;2629;2022-12-29 00:00:00;ASSOCIACAO MISSAO MARIA DE NAZARE;09.510.849/0001-80;4251;FEAS;FUNDO ESTADUAL DE ASSISTENCIA SOCIAL;42;AUXILIOS;1;AUXILIOS;71;RECURSOS DO FUNDO ESTADUAL DE ERRADICACAO DA MISERIA;114997,49;114997,49;0,0
9371802;2630;2022-12-29 00:00:00;LAR CRIANCA FELIZ DE POCOS DE CALDAS;41.883.497/0001-10;4251;FEAS;FUNDO ESTADUAL DE ASSISTENCIA SOCIAL;43;SUBVENCOES SOCIAIS;1;SUBVENCOES SOCIAIS;71;RECURSOS DO FUNDO ESTADUAL DE ERRADICACAO DA MISERIA;532,0;532,0;0,0
9371802;2631;2022-12-29 00:00:00;LAR CRIANCA FELIZ DE POCOS DE CALDAS;41.883.497/0001-10;4251;FEAS;FUNDO ESTADUAL DE ASSISTENCIA SOCIAL;42;AUXILIOS;1;AUXILIOS;71;RECURSOS DO FUNDO ESTADUAL DE ERRADICACAO DA MISERIA;114464,0;114464,0;0,0
9371805;2625;2022-12-29 00:00:00;LAR VICENTINO CHICO NORBERTO;19.091.602/0001-20;4251;FEAS;FUNDO ESTADUAL DE ASSISTENCIA SOCIAL;43;SUBVENCOES SOCIAIS;1;SUBVENCOES SOCIAIS;71;RECURSOS DO FUNDO ESTADUAL DE ERRADICACAO DA MISERIA;9514,54;9514,54;0,0
9371805;2626;2022-12-29 00:00:00;LAR VICENTINO CHICO NORBERTO;19.091.602/0001-20;4251;FEAS;FUNDO ESTADUAL DE ASSISTENCIA SOCIAL;42;AUXILIOS;1;AUXILIOS;71;RECURSOS DO FUNDO ESTADUAL DE ERRADICACAO DA MISERIA;96921,6;96921,6;0,0
9371806;41;2022-12-29 00:00:00;PM OLIVEIRA FORTES;17.747.957/0001-07;1481;SEDESE;SECRETARIA DE ESTADO DE DESENVOLVIMENTO SOCIAL;42;AUXILIOS;1;AUXILIOS;10;RECURSOS ORDINARIOS;250000,0;250000,0;0,0
9371808;438;2022-12-29 00:00:00;PM LADAINHA;18.404.863/0001-90;1481;SEDESE;SECRETARIA DE ESTADO DE DESENVOLVIMENTO SOCIAL;41;CONTRIBUICOES;1;CONTRIBUICOES;38;TRANSFERENCIAS DE RECURSOS DA UNIAO VINCULADOS AO ESPORTE;229369,38;229369,38;0,0
9371813;544;2022-12-29 00:00:00;PM MARIPA DE MINAS;17.724.162/0001-75;1301;SEINFRA;SECRETARIA DE ESTADO DE INFRAESTRUTURA E MOBILIDADE;42;AUXILIOS;1;AUXILIOS;10;RECURSOS ORDINARIOS;500000,0;500000,0;0,0
9371828;2634;2022-12-30 00:00:00;ESCOLA ESPERANCA E VIDA;01.683.621/0001-80;4251;FEAS;FUNDO ESTADUAL DE ASSISTENCIA SOCIAL;42;AUXILIOS;1;AUXILIOS;71;RECURSOS DO FUNDO ESTADUAL DE ERRADICACAO DA MISERIA;115000,0;115000,0;0,0
9371832;867;2022-12-30 00:00:00;PM QUELUZITO;19.718.410/0001-09;1371;SEMAD;SECRETARIA DE ESTADO DE MEIO AMBIENTE E DESENVOLVIMENTO SUSTENTAVEL;41;CONTRIBUICOES;1;CONTRIBUICOES;10;RECURSOS ORDINARIOS;300000,0;300000,0;0,0
9371833;5957;2022-12-30 00:00:00;PM ITABIRINHA;17.125.444/0001-56;1491;SEGOV;SECRETARIA DE ESTADO DE GOVERNO;42;AUXILIOS;1;AUXILIOS;10;RECURSOS ORDINARIOS;1999901,46;0,0;0,0
9371834;5958;2022-12-30 00:00:00;PM ERVALIA;18.133.306/0001-81;1491;SEGOV;SECRETARIA DE ESTADO DE GOVERNO;42;AUXILIOS;1;AUXILIOS;10;RECURSOS ORDINARIOS;150000,0;0,0;0,0
9371835;5959;2022-12-30 00:00:00;PM ALTO CAPARAO;01.616.270/0001-94;1491;SEGOV;SECRETARIA DE ESTADO DE GOVERNO;42;AUXILIOS;1;AUXILIOS;10;RECURSOS ORDINARIOS;121760,0;0,0;0,0
9371836;5960;2022-12-30 00:00:00;PM ALTO RIO DOCE;18.094.748/0001-66;1491;SEGOV;SECRETARIA DE ESTADO DE GOVERNO;42;AUXILIOS;1;AUXILIOS;10;RECURSOS ORDINARIOS;600000,0;0,0;0,0
9371837;5961;2022-12-30 00:00:00;PM COMENDADOR GOMES;18.449.173/0001-57;1491;SEGOV;SECRETARIA DE ESTADO DE GOVERNO;42;AUXILIOS;1;AUXILIOS;10;RECURSOS ORDINARIOS;192924,6;0,0;0,0
9371838;5956;2022-12-30 00:00:00;PM PEDRA AZUL;18.414.565/0001-80;1491;SEGOV;SECRETARIA DE ESTADO DE GOVERNO;42;AUXILIOS;1;AUXILIOS;10;RECURSOS ORDINARIOS;377127,4;0,0;0,0
9371839;5962;2022-12-30 00:00:00;PM SAO FELIX DE MINAS;01.613.121/0001-71;1491;SEGOV;SECRETARIA DE ESTADO DE GOVERNO;42;AUXILIOS;1;AUXILIOS;10;RECURSOS ORDINARIOS;298262,43;0,0;0,0
9371840;5963;2022-12-30 00:00:00;PM BURITIS;18.125.146/0001-29;1491;SEGOV;SECRETARIA DE ESTADO DE GOVERNO;42;AUXILIOS;1;AUXILIOS;10;RECURSOS ORDINARIOS;243520,0;0,0;0,0
9371841;5955;2022-12-30 00:00:00;PM NOVO ORIENTE DE MINAS;01.613.373/0001-09;1491;SEGOV;SECRETARIA DE ESTADO DE GOVERNO;42;AUXILIOS;1;AUXILIOS;10;RECURSOS ORDINARIOS;370000,0;0,0;0,0
9371842;443;2022-12-30 00:00:00;PM DOM SILVERIO;18.297.226/0001-61;1481;SEDESE;SECRETARIA DE ESTADO DE DESENVOLVIMENTO SOCIAL;41;CONTRIBUICOES;1;CONTRIBUICOES;45;DOACOES DE PESSOAS, DE INSTITUICOES PRIVADAS OU DO EXTERIOR A ORGAO E ENTIDADES DO ESTADO;84362,22;84362,22;0,0
9371843;42;2022-12-30 00:00:00;PM RIO ESPERA;24.179.665/0001-72;1481;SEDESE;SECRETARIA DE ESTADO DE DESENVOLVIMENTO SOCIAL;42;AUXILIOS;1;AUXILIOS;10;RECURSOS ORDINARIOS;750000,0;750000,0;0,0
9371846;4789;2022-12-30 00:00:00;PM EUGENOPOLIS;17.947.656/0001-19;1261;SEE;SECRETARIA DE ESTADO DE EDUCACAO;42;AUXILIOS;1;AUXILIOS;23;FUNDO DE MANUTENCAO E DESENVOLVIMENTO DA EDUCACAO BASICA - FUNDEB;1392333,33;1392333,33;0,0
9371847;4632;2022-12-30 00:00:00;PM SANTA RITA DO ITUETO;18.413.187/0001-10;1261;SEE;SECRETARIA DE ESTADO DE EDUCACAO;42;AUXILIOS;1;AUXILIOS;23;FUNDO DE MANUTENCAO E DESENVOLVIMENTO DA EDUCACAO BASICA - FUNDEB;3000000,0;3000000,0;0,0
9371848;43;2022-12-30 00:00:00;PM TUMIRITINGA;21.078.563/0001-72;1481;SEDESE;SECRETARIA DE ESTADO DE DESENVOLVIMENTO SOCIAL;42;AUXILIOS;1;AUXILIOS;10;RECURSOS ORDINARIOS;300000,0;300000,0;0,0
9371849;560;2022-12-30 00:00:00;PM FORMIGA;16.784.720/0001-25;1481;SEDESE;SECRETARIA DE ESTADO DE DESENVOLVIMENTO SOCIAL;41;CONTRIBUICOES;1;CONTRIBUICOES;71;RECURSOS DO FUNDO ESTADUAL DE ERRADICACAO DA MISERIA;10962,2;10962,2;0,0
9371849;561;2022-12-30 00:00:00;PM FORMIGA;16.784.720/0001-25;1481;SEDESE;SECRETARIA DE ESTADO DE DESENVOLVIMENTO SOCIAL;42;AUXILIOS;1;AUXILIOS;71;RECURSOS DO FUNDO ESTADUAL DE ERRADICACAO DA MISERIA;9017,32;9017,32;0,0
9371850;445;2022-12-30 00:00:00;PM CONCEICAO DAS ALAGOAS;18.428.854/0001-39;1481;SEDESE;SECRETARIA DE ESTADO DE DESENVOLVIMENTO SOCIAL;41;CONTRIBUICOES;1;CONTRIBUICOES;45;DOACOES DE PESSOAS, DE INSTITUICOES PRIVADAS OU DO EXTERIOR A ORGAO E ENTIDADES DO ESTADO;84362,22;84362,22;0,0
9371852;3567;2022-12-30 00:00:00;PM VIRGEM DA LAPA;18.348.730/0001-43;1261;SEE;SECRETARIA DE ESTADO DE EDUCACAO;42;AUXILIOS;1;AUXILIOS;23;FUNDO DE MANUTENCAO E DESENVOLVIMENTO DA EDUCACAO BASICA - FUNDEB;698257,34;698257,34;0,0
9371852;3568;2022-12-30 00:00:00;PM VIRGEM DA LAPA;18.348.730/0001-43;1261;SEE;SECRETARIA DE ESTADO DE EDUCACAO;41;CONTRIBUICOES;1;CONTRIBUICOES;10;RECURSOS ORDINARIOS;15540,35;15540,35;0,0
9371855;4792;2022-12-30 00:00:00;PM PIRAPORA;23.539.463/0001-21;1261;SEE;SECRETARIA DE ESTADO DE EDUCACAO;42;AUXILIOS;1;AUXILIOS;23;FUNDO DE MANUTENCAO E DESENVOLVIMENTO DA EDUCACAO BASICA - FUNDEB;2738100,0;2738100,0;0,0
9371859;550;2022-12-30 00:00:00;PM CRUCILANDIA;18.313.007/0001-29;1301;SEINFRA;SECRETARIA DE ESTADO DE INFRAESTRUTURA E MOBILIDADE;42;AUXILIOS;1;AUXILIOS;10;RECURSOS ORDINARIOS;750000,0;750000,0;0,0
9371861;552;2022-12-30 00:00:00;PM NOVA MODICA;18.404.939/0001-87;1301;SEINFRA;SECRETARIA DE ESTADO DE INFRAESTRUTURA E MOBILIDADE;42;AUXILIOS;1;AUXILIOS;10;RECURSOS ORDINARIOS;754975,48;754975,48;0,0
9371862;549;2022-12-30 00:00:00;PM SANTANA DO PARAISO;38.515.573/0001-20;1301;SEINFRA;SECRETARIA DE ESTADO DE INFRAESTRUTURA E MOBILIDADE;42;AUXILIOS;1;AUXILIOS;10;RECURSOS ORDINARIOS;700000,0;700000,0;0,0
9371863;551;2022-12-30 00:00:00;PM PEDRO TEIXEIRA;18.338.228/0001-51;1301;SEINFRA;SECRETARIA DE ESTADO DE INFRAESTRUTURA E MOBILIDADE;42;AUXILIOS;1;AUXILIOS;32;EXPLORACAO DE RECURSOS MINERAIS;1218000,0;1218000,0;0,0
9371864;554;2022-12-30 00:00:00;PM CATAS ALTAS DA NORUEGA;19.718.378/0001-53;1301;SEINFRA;SECRETARIA DE ESTADO DE INFRAESTRUTURA E MOBILIDADE;42;AUXILIOS;1;AUXILIOS;10;RECURSOS ORDINARIOS;355000,0;355000,0;0,0
9371866;531;2022-12-30 00:00:00;PM OLIVEIRA;16.854.531/0001-81;4491;FEC;FUNDO ESTADUAL DE CULTURA;41;CONTRIBUICOES;1;CONTRIBUICOES;59;OUTROS RECURSOS VINCULADOS;61215,38;61215,38;0,0
9371870;446;2022-12-30 00:00:00;PM PASSA TEMPO;18.039.503/0001-36;1481;SEDESE;SECRETARIA DE ESTADO DE DESENVOLVIMENTO SOCIAL;41;CONTRIBUICOES;1;CONTRIBUICOES;45;DOACOES DE PESSOAS, DE INSTITUICOES PRIVADAS OU DO EXTERIOR A ORGAO E ENTIDADES DO ESTADO;84362,22;84362,22;0,0
9371871;11;2022-12-30 00:00:00;PM IBIRACATU;01.612.477/0001-90;4601;FEI;FUNDO ESTADUAL DOS DIREITOS DO IDOSO;41;CONTRIBUICOES;1;CONTRIBUICOES;45;DOACOES DE PESSOAS, DE INSTITUICOES PRIVADAS OU DO EXTERIOR A ORGAO E ENTIDADES DO ESTADO;45000,0;45000,0;0,0
9371882;553;2022-12-30 00:00:00;PM CORONEL PACHECO;18.338.152/0001-64;1301;SEINFRA;SECRETARIA DE ESTADO DE INFRAESTRUTURA E MOBILIDADE;42;AUXILIOS;1;AUXILIOS;10;RECURSOS ORDINARIOS;250000,0;250000,0;0,0
9371907;5964;2022-12-30 00:00:00;PM ENGENHEIRO CALDAS;18.080.655/0001-82;1491;SEGOV;SECRETARIA DE ESTADO DE GOVERNO;42;AUXILIOS;1;AUXILIOS;10;RECURSOS ORDINARIOS;1300000,0;0,0;0,0
9371908;868;2022-12-30 00:00:00;PM RIO PARANAIBA;18.602.045/0001-00;1371;SEMAD;SECRETARIA DE ESTADO DE MEIO AMBIENTE E DESENVOLVIMENTO SUSTENTAVEL;41;CONTRIBUICOES;1;CONTRIBUICOES;72;TAXA DE FISCALIZACAO DE RECURSOS MINERARIOS;600000,0;600000,0;0,0
9371909;557;2022-12-30 00:00:00;PM SAO FELIX DE MINAS;01.613.121/0001-71;1301;SEINFRA;SECRETARIA DE ESTADO DE INFRAESTRUTURA E MOBILIDADE;42;AUXILIOS;1;AUXILIOS;10;RECURSOS ORDINARIOS;1200000,0;1200000,0;0,0
9371910;869;2022-12-30 00:00:00;PM CORINTO;17.695.016/0001-69;1371;SEMAD;SECRETARIA DE ESTADO DE MEIO AMBIENTE E DESENVOLVIMENTO SUSTENTAVEL;41;CONTRIBUICOES;1;CONTRIBUICOES;10;RECURSOS ORDINARIOS;279090,0;279090,0;0,0
9371910;870;2022-12-30 00:00:00;PM CORINTO;17.695.016/0001-69;1371;SEMAD;SECRETARIA DE ESTADO DE MEIO AMBIENTE E DESENVOLVIMENTO SUSTENTAVEL;41;CONTRIBUICOES;1;CONTRIBUICOES;72;TAXA DE FISCALIZACAO DE RECURSOS MINERARIOS;20910,0;20910,0;0,0
9371916;556;2022-12-30 00:00:00;PM PEDRINOPOLIS;18.140.335/0001-70;1301;SEINFRA;SECRETARIA DE ESTADO DE INFRAESTRUTURA E MOBILIDADE;42;AUXILIOS;1;AUXILIOS;10;RECURSOS ORDINARIOS;350000,0;350000,0;0,0
9371917;560;2022-12-30 00:00:00;PM VARGINHA;18.240.119/0001-05;1301;SEINFRA;SECRETARIA DE ESTADO DE INFRAESTRUTURA E MOBILIDADE;42;AUXILIOS;1;AUXILIOS;59;OUTROS RECURSOS VINCULADOS;586500,0;586500,0;0,0
9371922;558;2022-12-30 00:00:00;PM MINAS NOVAS;22.516.405/0001-10;1301;SEINFRA;SECRETARIA DE ESTADO DE INFRAESTRUTURA E MOBILIDADE;42;AUXILIOS;1;AUXILIOS;32;EXPLORACAO DE RECURSOS MINERAIS;3102457,35;3102457,35;0,0
9371923;559;2022-12-30 00:00:00;PM FARIA LEMOS;18.114.280/0001-24;1301;SEINFRA;SECRETARIA DE ESTADO DE INFRAESTRUTURA E MOBILIDADE;42;AUXILIOS;1;AUXILIOS;32;EXPLORACAO DE RECURSOS MINERAIS;250000,0;250000,0;0,0
9371929;563;2022-12-30 00:00:00;PM EUGENOPOLIS;17.947.656/0001-19;1301;SEINFRA;SECRETARIA DE ESTADO DE INFRAESTRUTURA E MOBILIDADE;42;AUXILIOS;1;AUXILIOS;10;RECURSOS ORDINARIOS;801000,0;801000,0;0,0
9371931;561;2022-12-30 00:00:00;PM TIROS;18.602.094/0001-34;1301;SEINFRA;SECRETARIA DE ESTADO DE INFRAESTRUTURA E MOBILIDADE;42;AUXILIOS;1;AUXILIOS;32;EXPLORACAO DE RECURSOS MINERAIS;500000,0;500000,0;0,0
9371932;562;2022-12-30 00:00:00;PM MIRADOURO;17.947.623/0001-79;1301;SEINFRA;SECRETARIA DE ESTADO DE INFRAESTRUTURA E MOBILIDADE;42;AUXILIOS;1;AUXILIOS;10;RECURSOS ORDINARIOS;900000,0;900000,0;0,0
