contratoconvenio_saida;numero_empenho;data_registro_doc_empenho;razao_social_credor;cnpj_cpf_credor_formatado;unidade_orcamentaria_sigla;unidade_orcamentaria_codigo;unidade_orcamentaria_nome;elemento_despesa_codigo;elemento_despesa_descricao;item_despesa_codigo;item_despesa_descricao;fonte_recurso_codigo;fonte_recurso_descricao;valor_despesa_liquidada;valor_pago_processado;valor_pago_nao_processado
9041311;178;2017-11-06 00:00:00;PM ESMERALDAS;18.715.466/0001-39;SEE;1261;SECRETARIA DE ESTADO DE EDUCACAO;41;CONTRIBUICOES;1;CONTRIBUICOES;71;RECURSOS DO FUNDO ESTADUAL DE ERRADICACAO DA MISERIA;0,0;0,0;0,0
9050598;955;2015-12-30 00:00:00;CONSORC.PUBLICO INTER.DE SAUDE DA REDE DE URG.EMERG.TRI.NORT;19.455.924/0001-00;FES;4291;FUNDO ESTADUAL DE SAUDE;41;CONTRIBUICOES;1;CONTRIBUICOES;10;RECURSOS ORDINARIOS;0,0;0,0;0,0
9050598;956;2015-12-30 00:00:00;CONSORC.PUBLICO INTER.DE SAUDE DA REDE DE URG.EMERG.TRI.NORT;19.455.924/0001-00;FES;4291;FUNDO ESTADUAL DE SAUDE;42;AUXILIOS;1;AUXILIOS;10;RECURSOS ORDINARIOS;0,0;0,0;0,0
9056589;83;2016-06-17 00:00:00;PM GAMELEIRA;01.612.482/0001-01;SEINFRA;1301;SECRETARIA DE ESTADO DE INFRAESTRUTURA, MOBILIDADE E PARCERIAS;41;CONTRIBUICOES;1;CONTRIBUICOES;10;RECURSOS ORDINARIOS;0,0;0,0;0,0
9057651;122;2016-06-27 00:00:00;PM SAO JOAO DA PONTE;16.928.483/0001-29;SEINFRA;1301;SECRETARIA DE ESTADO DE INFRAESTRUTURA, MOBILIDADE E PARCERIAS;41;CONTRIBUICOES;1;CONTRIBUICOES;10;RECURSOS ORDINARIOS;0,0;0,0;0,0
9071903;74;2016-06-28 00:00:00;PM INHAUMA;18.116.152/0001-10;SEJUSP;1451;SECRETARIA DE ESTADO DE JUSTICA E SEGURANCA PUBLICA;42;AUXILIOS;1;AUXILIOS;10;RECURSOS ORDINARIOS;0,0;0,0;0,0
9072128;406;2016-06-30 00:00:00;PM ROCHEDO DE MINAS;18.558.080/0001-60;SEDESE;1481;SECRETARIA DE ESTADO DE DESENVOLVIMENTO SOCIAL;42;AUXILIOS;1;AUXILIOS;10;RECURSOS ORDINARIOS;0,0;0,0;0,0
9072577;569;2016-07-01 00:00:00;CIS MICRORREGIAO DO VALE DO ACO/ IPATINGA;00.853.908/0001-48;FES;4291;FUNDO ESTADUAL DE SAUDE;42;AUXILIOS;1;AUXILIOS;10;RECURSOS ORDINARIOS;0,0;0,0;0,0
9072664;556;2016-07-01 00:00:00;PM PARA DE MINAS;18.313.817/0001-85;FES;4291;FUNDO ESTADUAL DE SAUDE;42;AUXILIOS;1;AUXILIOS;10;RECURSOS ORDINARIOS;0,0;0,0;0,0
9072832;914;2016-11-09 00:00:00;PM SANTOS DUMONT;17.747.924/0001-59;SEINFRA;1301;SECRETARIA DE ESTADO DE INFRAESTRUTURA, MOBILIDADE E PARCERIAS;42;AUXILIOS;1;AUXILIOS;10;RECURSOS ORDINARIOS;0,0;0,0;0,0
9072845;219;2016-07-01 00:00:00;PM SAO ROMAO;24.891.418/0001-02;SEINFRA;1301;SECRETARIA DE ESTADO DE INFRAESTRUTURA, MOBILIDADE E PARCERIAS;41;CONTRIBUICOES;1;CONTRIBUICOES;10;RECURSOS ORDINARIOS;0,0;0,0;0,0
9130884;58;2021-08-02 00:00:00;ASSOC. DE PROT. E ASSIST. AO CONDENADO DE ARAXA;23.370.836/0001-83;SEJUSP;1451;SECRETARIA DE ESTADO DE JUSTICA E SEGURANCA PUBLICA;43;SUBVENCOES SOCIAIS;1;SUBVENCOES SOCIAIS;27;TAXA DE SEGURANCA PUBLICA;0,0;0,0;0,0
9130997;24;2020-02-17 00:00:00;ASSOC. DE PROT. E ASSIST. AO CONDENADO DE CANAPOLIS;08.265.593/0001-20;SEJUSP;1451;SECRETARIA DE ESTADO DE JUSTICA E SEGURANCA PUBLICA;43;SUBVENCOES SOCIAIS;1;SUBVENCOES SOCIAIS;10;RECURSOS ORDINARIOS;0,0;0,0;0,0
9143486;88;2017-07-12 00:00:00;UNIVERSIDADE FEDERAL DE MINAS GERAIS;17.217.985/0001-04;SEE;1261;SECRETARIA DE ESTADO DE EDUCACAO;42;AUXILIOS;1;AUXILIOS;10;RECURSOS ORDINARIOS;0,0;0,0;0,0
9164545;207;2017-12-20 00:00:00;PM PERDIZES;18.140.772/0001-94;SEDESE;1481;SECRETARIA DE ESTADO DE DESENVOLVIMENTO SOCIAL;42;AUXILIOS;1;AUXILIOS;10;RECURSOS ORDINARIOS;0,0;0,0;0,0
9170555;555;2017-12-14 00:00:00;PM BRASILANDIA DE MINAS;01.602.009/0001-35;SEE;1261;SECRETARIA DE ESTADO DE EDUCACAO;42;AUXILIOS;1;AUXILIOS;10;RECURSOS ORDINARIOS;0,0;453748,74;0,0
9171962;215;2017-12-20 00:00:00;PM CAXAMBU;18.008.870/0001-72;SEDESE;1481;SECRETARIA DE ESTADO DE DESENVOLVIMENTO SOCIAL;42;AUXILIOS;1;AUXILIOS;10;RECURSOS ORDINARIOS;0,0;0,0;0,0
9174212;225;2017-12-21 00:00:00;PM COROMANDEL;18.591.149/0001-58;SEDESE;1481;SECRETARIA DE ESTADO DE DESENVOLVIMENTO SOCIAL;42;AUXILIOS;1;AUXILIOS;10;RECURSOS ORDINARIOS;0,0;0,0;0,0
9174217;233;2017-12-21 00:00:00;PM BELO HORIZONTE;18.715.383/0001-40;SEDESE;1481;SECRETARIA DE ESTADO DE DESENVOLVIMENTO SOCIAL;42;AUXILIOS;1;AUXILIOS;10;RECURSOS ORDINARIOS;0,0;0,0;0,0
9174830;243;2017-12-22 00:00:00;PM CONSELHEIRO LAFAIETE;19.718.360/0001-51;SEDESE;1481;SECRETARIA DE ESTADO DE DESENVOLVIMENTO SOCIAL;42;AUXILIOS;1;AUXILIOS;10;RECURSOS ORDINARIOS;0,0;0,0;0,0
9176051;256;2017-12-26 00:00:00;PM CAPELINHA;19.229.921/0001-59;SEDESE;1481;SECRETARIA DE ESTADO DE DESENVOLVIMENTO SOCIAL;42;AUXILIOS;1;AUXILIOS;10;RECURSOS ORDINARIOS;0,0;0,0;0,0
9176453;279;2017-12-27 00:00:00;PM FORMOSO;18.125.153/0001-20;SEDESE;1481;SECRETARIA DE ESTADO DE DESENVOLVIMENTO SOCIAL;42;AUXILIOS;1;AUXILIOS;10;RECURSOS ORDINARIOS;0,0;0,0;0,0
9176558;120;2017-12-28 00:00:00;PM SETE LAGOAS;24.996.969/0001-22;SEJUSP;1451;SECRETARIA DE ESTADO DE JUSTICA E SEGURANCA PUBLICA;42;AUXILIOS;1;AUXILIOS;10;RECURSOS ORDINARIOS;0,0;0,0;0,0
9176575;121;2017-12-28 00:00:00;PM JABOTICATUBAS;18.715.417/0001-04;SEJUSP;1451;SECRETARIA DE ESTADO DE JUSTICA E SEGURANCA PUBLICA;42;AUXILIOS;1;AUXILIOS;10;RECURSOS ORDINARIOS;0,0;0,0;0,0
9176901;324;2017-12-28 00:00:00;PM CORREGO FUNDO;01.614.862/0001-77;SEDESE;1481;SECRETARIA DE ESTADO DE DESENVOLVIMENTO SOCIAL;42;AUXILIOS;1;AUXILIOS;10;RECURSOS ORDINARIOS;0,0;0,0;0,0
9192937;277;2021-09-30 00:00:00;PM VIRGINOPOLIS;18.307.512/0001-60;SEINFRA;1301;SECRETARIA DE ESTADO DE INFRAESTRUTURA, MOBILIDADE E PARCERIAS;42;AUXILIOS;1;AUXILIOS;10;RECURSOS ORDINARIOS;0,0;90000,0;0,0
9222675;384;2019-10-07 00:00:00;PM TAPIRA;18.140.806/0001-40;SEGOV;1491;SECRETARIA DE ESTADO DE GOVERNO;42;AUXILIOS;1;AUXILIOS;10;RECURSOS ORDINARIOS;0,0;0,0;0,0
9240735;60;2019-12-27 00:00:00;CARITAS BRASILEIRA;33.654.419/0008-92;SEDESE;1481;SECRETARIA DE ESTADO DE DESENVOLVIMENTO SOCIAL;43;SUBVENCOES SOCIAIS;1;SUBVENCOES SOCIAIS;10;RECURSOS ORDINARIOS;0,0;0,0;0,0
9251212;5953;2022-12-29 00:00:00;PM PATROCINIO;18.468.033/0001-26;SEGOV;1491;SECRETARIA DE ESTADO DE GOVERNO;42;AUXILIOS;1;AUXILIOS;10;RECURSOS ORDINARIOS;9211610,86;0,0;9211610,86
9251643;3480;2020-07-01 00:00:00;PM UBAI;18.017.459/0001-63;SEE;1261;SECRETARIA DE ESTADO DE EDUCACAO;42;AUXILIOS;1;AUXILIOS;21;COTA ESTADUAL DO SALARIO EDUCACAO - QESE;0,0;523141,51;0,0
9251678;3481;2020-07-01 00:00:00;PM VARZEA DA PALMA;18.279.059/0001-26;SEE;1261;SECRETARIA DE ESTADO DE EDUCACAO;42;AUXILIOS;1;AUXILIOS;21;COTA ESTADUAL DO SALARIO EDUCACAO - QESE;0,0;401742,07;0,0
9259504;549;2020-07-28 00:00:00;PM POUSO ALEGRE;18.675.983/0001-21;SEGOV;1491;SECRETARIA DE ESTADO DE GOVERNO;42;AUXILIOS;1;AUXILIOS;48;ALIENACAO DE BENS DO TESOURO ESTADUAL;0,0;0,0;0,0
9261012;594;2020-08-12 00:00:00;PM IGUATAMA;18.306.688/0001-06;SEGOV;1491;SECRETARIA DE ESTADO DE GOVERNO;42;AUXILIOS;1;AUXILIOS;10;RECURSOS ORDINARIOS;250000,0;0,0;250000,0
9264991;114;2021-12-30 00:00:00;APAC BETIM;12.267.378/0001-35;SEJUSP;1451;SECRETARIA DE ESTADO DE JUSTICA E SEGURANCA PUBLICA;43;SUBVENCOES SOCIAIS;1;SUBVENCOES SOCIAIS;10;RECURSOS ORDINARIOS;0,0;0,0;0,0
9265473;116;2023-11-24 00:00:00;INSTITUTO DH:PROMOCAO, PESQUISA E INTERVENCAO EM DIREITOS HUMANOS E CI;09.583.515/0001-36;SEDESE;1481;SECRETARIA DE ESTADO DE DESENVOLVIMENTO SOCIAL;43;SUBVENCOES SOCIAIS;1;SUBVENCOES SOCIAIS;24;CONVENIOS COM A UNIAO E SUAS ENTIDADES - EXCETO EMENDAS INDIVIDUAIS E DE BANCADA;0,0;999999,99;0,0
9275473;158;2023-12-29 00:00:00;INSTITUTO DH:PROMOCAO, PESQUISA E INTERVENCAO EM DIREITOS HUMANOS E CI;09.583.515/0001-36;SEDESE;1481;SECRETARIA DE ESTADO DE DESENVOLVIMENTO SOCIAL;43;SUBVENCOES SOCIAIS;1;SUBVENCOES SOCIAIS;10;RECURSOS ORDINARIOS - RECURSOS NAO VINCULADOS DE IMPOSTOS;0,0;719877,37;0,0
9275473;159;2023-12-29 00:00:00;INSTITUTO DH:PROMOCAO, PESQUISA E INTERVENCAO EM DIREITOS HUMANOS E CI;09.583.515/0001-36;SEDESE;1481;SECRETARIA DE ESTADO DE DESENVOLVIMENTO SOCIAL;43;SUBVENCOES SOCIAIS;1;SUBVENCOES SOCIAIS;24;CONVENIOS COM A UNIAO E SUAS ENTIDADES - EXCETO EMENDAS INDIVIDUAIS E DE BANCADA;0,0;207971,3;0,0
9275473;160;2023-12-29 00:00:00;INSTITUTO DH:PROMOCAO, PESQUISA E INTERVENCAO EM DIREITOS HUMANOS E CI;09.583.515/0001-36;SEDESE;1481;SECRETARIA DE ESTADO DE DESENVOLVIMENTO SOCIAL;42;AUXILIOS;1;AUXILIOS;10;RECURSOS ORDINARIOS - RECURSOS NAO VINCULADOS DE IMPOSTOS;0,0;13157,14;0,0
9292240;3869;2023-12-28 00:00:00;PM NOVA SERRANA;18.291.385/0001-59;SEE;1261;SECRETARIA DE ESTADO DE EDUCACAO;42;AUXILIOS;1;AUXILIOS;10;RECURSOS ORDINARIOS - RECURSOS NAO VINCULADOS DE IMPOSTOS;0,0;239078,39;0,0
9314874;3271;2023-12-28 00:00:00;PM CONGONHAS DO NORTE;18.303.180/0001-46;SEE;1261;SECRETARIA DE ESTADO DE EDUCACAO;42;AUXILIOS;1;AUXILIOS;10;RECURSOS ORDINARIOS - RECURSOS NAO VINCULADOS DE IMPOSTOS;0,0;189311,63;0,0
9315225;2217;2023-12-28 00:00:00;PM IPANEMA;18.334.292/0001-64;SEE;1261;SECRETARIA DE ESTADO DE EDUCACAO;42;AUXILIOS;1;AUXILIOS;10;RECURSOS ORDINARIOS - RECURSOS NAO VINCULADOS DE IMPOSTOS;0,0;230238,24;0,0
9315647;322;2023-12-15 00:00:00;PM ARAGUARI;16.829.640/0001-49;SEDE;1221;SECRETARIA DE ESTADO DE DESENVOLVIMENTO ECONOMICO;41;CONTRIBUICOES;1;CONTRIBUICOES;32;EXPLORACAO DE RECURSOS MINERAIS;0,0;829088,68;0,0
9317320;1580;2023-12-28 00:00:00;PM JEQUITAI;18.279.083/0001-65;SEE;1261;SECRETARIA DE ESTADO DE EDUCACAO;42;AUXILIOS;1;AUXILIOS;10;RECURSOS ORDINARIOS - RECURSOS NAO VINCULADOS DE IMPOSTOS;0,0;1451179,75;0,0
9317414;326;2023-12-18 00:00:00;PM PINGO D'AGUA;01.613.204/0001-60;SEDE;1221;SECRETARIA DE ESTADO DE DESENVOLVIMENTO ECONOMICO;41;CONTRIBUICOES;1;CONTRIBUICOES;32;EXPLORACAO DE RECURSOS MINERAIS;0,0;168000,0;0,0
9317414;347;2023-12-28 00:00:00;PM PINGO D'AGUA;01.613.204/0001-60;SEDE;1221;SECRETARIA DE ESTADO DE DESENVOLVIMENTO ECONOMICO;41;CONTRIBUICOES;1;CONTRIBUICOES;32;EXPLORACAO DE RECURSOS MINERAIS;0,0;0,0;0,0
9317508;325;2023-12-18 00:00:00;PM PATOS DE MINAS;18.602.011/0001-07;SEDE;1221;SECRETARIA DE ESTADO DE DESENVOLVIMENTO ECONOMICO;41;CONTRIBUICOES;1;CONTRIBUICOES;32;EXPLORACAO DE RECURSOS MINERAIS;0,0;387975,0;0,0
9317508;346;2023-12-28 00:00:00;PM PATOS DE MINAS;18.602.011/0001-07;SEDE;1221;SECRETARIA DE ESTADO DE DESENVOLVIMENTO ECONOMICO;41;CONTRIBUICOES;1;CONTRIBUICOES;32;EXPLORACAO DE RECURSOS MINERAIS;0,0;0,0;0,0
9318094;35;2023-12-28 00:00:00;ASSOCIACAO COMUNIDADE TERAPEUTICA MAES & FILHOS;17.246.772/0001-00;SEJUSP;1451;SECRETARIA DE ESTADO DE JUSTICA E SEGURANCA PUBLICA;43;SUBVENCOES SOCIAIS;1;SUBVENCOES SOCIAIS;10;RECURSOS ORDINARIOS - RECURSOS NAO VINCULADOS DE IMPOSTOS;0,0;86953,8;0,0
9318117;37;2023-12-28 00:00:00;ASSOCIACAO MAE ADMIRAVEL;22.691.398/0001-92;SEJUSP;1451;SECRETARIA DE ESTADO DE JUSTICA E SEGURANCA PUBLICA;43;SUBVENCOES SOCIAIS;1;SUBVENCOES SOCIAIS;10;RECURSOS ORDINARIOS - RECURSOS NAO VINCULADOS DE IMPOSTOS;0,0;86949,3;0,0
9318121;22;2023-12-27 00:00:00;ASSOCIACAO COMUNITARIA DE PREVENCAO AO USO INDEVIDO DE DROGAS;03.015.043/0001-39;SEJUSP;1451;SECRETARIA DE ESTADO DE JUSTICA E SEGURANCA PUBLICA;43;SUBVENCOES SOCIAIS;1;SUBVENCOES SOCIAIS;10;RECURSOS ORDINARIOS - RECURSOS NAO VINCULADOS DE IMPOSTOS;0,0;78499,98;0,0
9318123;14;2023-12-27 00:00:00;SER SERVICO EVANGELICO DE REABILITACAO;20.734.505/0002-78;SEJUSP;1451;SECRETARIA DE ESTADO DE JUSTICA E SEGURANCA PUBLICA;43;SUBVENCOES SOCIAIS;1;SUBVENCOES SOCIAIS;10;RECURSOS ORDINARIOS - RECURSOS NAO VINCULADOS DE IMPOSTOS;0,0;86954,0;0,0
9318125;23;2023-12-27 00:00:00;FUNDACAO MARIANENSE DE EDUCACAO;22.390.686/0001-07;SEJUSP;1451;SECRETARIA DE ESTADO DE JUSTICA E SEGURANCA PUBLICA;43;SUBVENCOES SOCIAIS;1;SUBVENCOES SOCIAIS;10;RECURSOS ORDINARIOS - RECURSOS NAO VINCULADOS DE IMPOSTOS;0,0;86954,0;0,0
9318128;41;2023-12-28 00:00:00;COMUNIDADE TERAPEUTICA FAMILIA EM CRISTO;19.215.751/0001-53;SEJUSP;1451;SECRETARIA DE ESTADO DE JUSTICA E SEGURANCA PUBLICA;43;SUBVENCOES SOCIAIS;1;SUBVENCOES SOCIAIS;10;RECURSOS ORDINARIOS - RECURSOS NAO VINCULADOS DE IMPOSTOS;0,0;86954,0;0,0
9318129;17;2023-12-27 00:00:00;GRUPO SALVA VIDAS;23.098.718/0003-20;SEJUSP;1451;SECRETARIA DE ESTADO DE JUSTICA E SEGURANCA PUBLICA;43;SUBVENCOES SOCIAIS;1;SUBVENCOES SOCIAIS;10;RECURSOS ORDINARIOS - RECURSOS NAO VINCULADOS DE IMPOSTOS;0,0;86954,0;0,0
9318133;13;2023-12-27 00:00:00;ASSOCIACAO GRUPO SARAI;03.782.573/0001-02;SEJUSP;1451;SECRETARIA DE ESTADO DE JUSTICA E SEGURANCA PUBLICA;43;SUBVENCOES SOCIAIS;1;SUBVENCOES SOCIAIS;10;RECURSOS ORDINARIOS - RECURSOS NAO VINCULADOS DE IMPOSTOS;0,0;86954,0;0,0
9318134;18;2023-12-27 00:00:00;C.R.J.F.C.D.-CENTRO DE RECUPERACAO JUIZ DE FORA CONTRA AS DROGAS;05.467.433/0001-75;SEJUSP;1451;SECRETARIA DE ESTADO DE JUSTICA E SEGURANCA PUBLICA;43;SUBVENCOES SOCIAIS;1;SUBVENCOES SOCIAIS;10;RECURSOS ORDINARIOS - RECURSOS NAO VINCULADOS DE IMPOSTOS;0,0;86954,0;0,0
9318145;33;2023-12-27 00:00:00;SER SERVICO EVANGELICO DE REABILITACAO;20.734.505/0003-59;SEJUSP;1451;SECRETARIA DE ESTADO DE JUSTICA E SEGURANCA PUBLICA;43;SUBVENCOES SOCIAIS;1;SUBVENCOES SOCIAIS;10;RECURSOS ORDINARIOS - RECURSOS NAO VINCULADOS DE IMPOSTOS;0,0;78500,0;0,0
9318146;16;2023-12-27 00:00:00;OBRAS SOCIAIS AGUA VIVA;06.951.814/0001-98;SEJUSP;1451;SECRETARIA DE ESTADO DE JUSTICA E SEGURANCA PUBLICA;43;SUBVENCOES SOCIAIS;1;SUBVENCOES SOCIAIS;10;RECURSOS ORDINARIOS - RECURSOS NAO VINCULADOS DE IMPOSTOS;0,0;86954,0;0,0
9318149;31;2023-12-27 00:00:00;COMVIDA - COMUNIDADE TERAPEUTICA FAZENDA VIDA NOVA;02.970.363/0001-85;SEJUSP;1451;SECRETARIA DE ESTADO DE JUSTICA E SEGURANCA PUBLICA;43;SUBVENCOES SOCIAIS;1;SUBVENCOES SOCIAIS;10;RECURSOS ORDINARIOS - RECURSOS NAO VINCULADOS DE IMPOSTOS;0,0;86954,0;0,0
9318151;25;2023-12-27 00:00:00;FUNDACAO MARIANENSE DE EDUCACAO;22.390.686/0006-11;SEJUSP;1451;SECRETARIA DE ESTADO DE JUSTICA E SEGURANCA PUBLICA;43;SUBVENCOES SOCIAIS;1;SUBVENCOES SOCIAIS;10;RECURSOS ORDINARIOS - RECURSOS NAO VINCULADOS DE IMPOSTOS;0,0;86954,0;0,0
9318152;26;2023-12-27 00:00:00;ESQUADRAO DA VIDA DE MONTES CLAROS;25.224.130/0001-39;SEJUSP;1451;SECRETARIA DE ESTADO DE JUSTICA E SEGURANCA PUBLICA;43;SUBVENCOES SOCIAIS;1;SUBVENCOES SOCIAIS;10;RECURSOS ORDINARIOS - RECURSOS NAO VINCULADOS DE IMPOSTOS;0,0;86954,0;0,0
9318155;34;2023-12-27 00:00:00;ACAO SOCIAL CENTRO DE REINTEGRACAO A SOCIEDADE MAIS QUE VENCEDORES;16.801.598/0001-58;SEJUSP;1451;SECRETARIA DE ESTADO DE JUSTICA E SEGURANCA PUBLICA;43;SUBVENCOES SOCIAIS;1;SUBVENCOES SOCIAIS;10;RECURSOS ORDINARIOS - RECURSOS NAO VINCULADOS DE IMPOSTOS;0,0;86698,26;0,0
9318341;21;2023-12-27 00:00:00;ASSOCIACAO CRISTA BANCO DA SOLIDARIEDADE;10.320.290/0001-04;SEJUSP;1451;SECRETARIA DE ESTADO DE JUSTICA E SEGURANCA PUBLICA;43;SUBVENCOES SOCIAIS;1;SUBVENCOES SOCIAIS;10;RECURSOS ORDINARIOS - RECURSOS NAO VINCULADOS DE IMPOSTOS;0,0;86838,54;0,0
9318347;10;2023-12-27 00:00:00;COMUNIDADE TERAPEUTICA CASA DIA;04.970.973/0001-04;SEJUSP;1451;SECRETARIA DE ESTADO DE JUSTICA E SEGURANCA PUBLICA;43;SUBVENCOES SOCIAIS;1;SUBVENCOES SOCIAIS;10;RECURSOS ORDINARIOS - RECURSOS NAO VINCULADOS DE IMPOSTOS;0,0;86954,0;0,0
9318350;29;2023-12-27 00:00:00;COMUNIDADE TERAPEUTICA FILHOS DO REI;13.134.031/0001-87;SEJUSP;1451;SECRETARIA DE ESTADO DE JUSTICA E SEGURANCA PUBLICA;43;SUBVENCOES SOCIAIS;1;SUBVENCOES SOCIAIS;10;RECURSOS ORDINARIOS - RECURSOS NAO VINCULADOS DE IMPOSTOS;0,0;86954,0;0,0
9318366;586;2021-12-30 00:00:00;PM PINGO D'AGUA;01.613.204/0001-60;SEDESE;1481;SECRETARIA DE ESTADO DE DESENVOLVIMENTO SOCIAL;41;CONTRIBUICOES;1;CONTRIBUICOES;10;RECURSOS ORDINARIOS;0,0;0,0;0,0
9318468;350;2023-12-29 00:00:00;PM ESMERALDAS;18.715.466/0001-39;SEDE;1221;SECRETARIA DE ESTADO DE DESENVOLVIMENTO ECONOMICO;41;CONTRIBUICOES;1;CONTRIBUICOES;32;EXPLORACAO DE RECURSOS MINERAIS;0,0;0,0;0,0
9318470;338;2023-12-28 00:00:00;PM CORREGO NOVO;18.334.284/0001-18;SEDE;1221;SECRETARIA DE ESTADO DE DESENVOLVIMENTO ECONOMICO;41;CONTRIBUICOES;1;CONTRIBUICOES;32;EXPLORACAO DE RECURSOS MINERAIS;0,0;0,0;0,0
9318470;352;2023-12-29 00:00:00;PM CORREGO NOVO;18.334.284/0001-18;SEDE;1221;SECRETARIA DE ESTADO DE DESENVOLVIMENTO ECONOMICO;41;CONTRIBUICOES;1;CONTRIBUICOES;32;EXPLORACAO DE RECURSOS MINERAIS;0,0;62400,0;0,0
9318532;24;2023-12-27 00:00:00;COMUNIDADE TERAPEUTICA ETM;09.405.431/0001-02;SEJUSP;1451;SECRETARIA DE ESTADO DE JUSTICA E SEGURANCA PUBLICA;43;SUBVENCOES SOCIAIS;1;SUBVENCOES SOCIAIS;10;RECURSOS ORDINARIOS - RECURSOS NAO VINCULADOS DE IMPOSTOS;0,0;86954,0;0,0
9318572;501;2021-12-30 00:00:00;INSTITUTO DE PESQUISA WAITA;13.704.197/0001-91;IEF;2101;INSTITUTO ESTADUAL DE FLORESTAS;41;CONTRIBUICOES;1;CONTRIBUICOES;10;RECURSOS ORDINARIOS;0,0;0,0;0,0
9318573;500;2021-12-30 00:00:00;CIRCULO DOS ORQUIDOFILOS DE LAVRAS;04.494.629/0001-96;IEF;2101;INSTITUTO ESTADUAL DE FLORESTAS;41;CONTRIBUICOES;1;CONTRIBUICOES;10;RECURSOS ORDINARIOS;0,0;0,0;0,0
9318578;3093;2021-12-30 00:00:00;PM LAGOA DA PRATA;18.318.618/0001-60;SEGOV;1491;SECRETARIA DE ESTADO DE GOVERNO;42;AUXILIOS;1;AUXILIOS;10;RECURSOS ORDINARIOS;0,0;0,0;0,0
9318589;19;2023-12-27 00:00:00;ASSOCIACAO BATISTA DE ASSISTENCIA SOCIAL;17.177.874/0001-11;SEJUSP;1451;SECRETARIA DE ESTADO DE JUSTICA E SEGURANCA PUBLICA;43;SUBVENCOES SOCIAIS;1;SUBVENCOES SOCIAIS;10;RECURSOS ORDINARIOS - RECURSOS NAO VINCULADOS DE IMPOSTOS;0,0;78480,18;0,0
9318604;461;2021-12-30 00:00:00;REDE CIDADA;05.461.315/0001-50;SEJUSP;1451;SECRETARIA DE ESTADO DE JUSTICA E SEGURANCA PUBLICA;43;SUBVENCOES SOCIAIS;1;SUBVENCOES SOCIAIS;10;RECURSOS ORDINARIOS;0,0;0,0;0,0
9318616;9;2023-12-27 00:00:00;ASSOCIACAO TEMPLO DE ISRAEL;11.423.964/0001-69;SEJUSP;1451;SECRETARIA DE ESTADO DE JUSTICA E SEGURANCA PUBLICA;43;SUBVENCOES SOCIAIS;1;SUBVENCOES SOCIAIS;10;RECURSOS ORDINARIOS - RECURSOS NAO VINCULADOS DE IMPOSTOS;0,0;86760,36;0,0
9318645;28;2023-12-27 00:00:00;PROJETO EBENEZER;22.997.041/0001-37;SEJUSP;1451;SECRETARIA DE ESTADO DE JUSTICA E SEGURANCA PUBLICA;43;SUBVENCOES SOCIAIS;1;SUBVENCOES SOCIAIS;10;RECURSOS ORDINARIOS - RECURSOS NAO VINCULADOS DE IMPOSTOS;0,0;86507,52;0,0
9318649;30;2023-12-27 00:00:00;ACAO SOCIAL CENTRO DE REINTEGRACAO A SOCIEDADE MAIS QUE VENCEDORES;16.801.598/0002-39;SEJUSP;1451;SECRETARIA DE ESTADO DE JUSTICA E SEGURANCA PUBLICA;43;SUBVENCOES SOCIAIS;1;SUBVENCOES SOCIAIS;10;RECURSOS ORDINARIOS - RECURSOS NAO VINCULADOS DE IMPOSTOS;0,0;86645,58;0,0
9318686;27;2023-12-27 00:00:00;CENTRO MADRE TEREZA;03.759.408/0001-30;SEJUSP;1451;SECRETARIA DE ESTADO DE JUSTICA E SEGURANCA PUBLICA;43;SUBVENCOES SOCIAIS;1;SUBVENCOES SOCIAIS;10;RECURSOS ORDINARIOS - RECURSOS NAO VINCULADOS DE IMPOSTOS;0,0;86954,0;0,0
9318688;20;2023-12-27 00:00:00;ASSOCIACAO JOAO PAULO II;08.027.860/0001-20;SEJUSP;1451;SECRETARIA DE ESTADO DE JUSTICA E SEGURANCA PUBLICA;43;SUBVENCOES SOCIAIS;1;SUBVENCOES SOCIAIS;10;RECURSOS ORDINARIOS - RECURSOS NAO VINCULADOS DE IMPOSTOS;0,0;86953,98;0,0
9318691;39;2023-12-28 00:00:00;CENTRO DE RECUPERACAO RESGATANDO VIDAS;03.551.218/0001-22;SEJUSP;1451;SECRETARIA DE ESTADO DE JUSTICA E SEGURANCA PUBLICA;43;SUBVENCOES SOCIAIS;1;SUBVENCOES SOCIAIS;10;RECURSOS ORDINARIOS - RECURSOS NAO VINCULADOS DE IMPOSTOS;0,0;86954,0;0,0
9318705;42;2023-12-28 00:00:00;ASS NUCLEO DE APOIO TOXICOM E ALCOOL FAZ AGUA VIVA-;22.706.287/0001-02;SEJUSP;1451;SECRETARIA DE ESTADO DE JUSTICA E SEGURANCA PUBLICA;43;SUBVENCOES SOCIAIS;1;SUBVENCOES SOCIAIS;10;RECURSOS ORDINARIOS - RECURSOS NAO VINCULADOS DE IMPOSTOS;0,0;82954,0;0,0
9318706;38;2023-12-28 00:00:00;ASSOCIACAO WILSON DE SOUZA LOPES;73.869.877/0001-97;SEJUSP;1451;SECRETARIA DE ESTADO DE JUSTICA E SEGURANCA PUBLICA;43;SUBVENCOES SOCIAIS;1;SUBVENCOES SOCIAIS;10;RECURSOS ORDINARIOS - RECURSOS NAO VINCULADOS DE IMPOSTOS;0,0;86954,0;0,0
9318722;32;2023-12-27 00:00:00;ASSOCIACAO FAZENDA RENASCER;17.515.115/0001-11;SEJUSP;1451;SECRETARIA DE ESTADO DE JUSTICA E SEGURANCA PUBLICA;43;SUBVENCOES SOCIAIS;1;SUBVENCOES SOCIAIS;10;RECURSOS ORDINARIOS - RECURSOS NAO VINCULADOS DE IMPOSTOS;0,0;86953,8;0,0
9318750;3109;2021-12-30 00:00:00;PM ARAGUARI;16.829.640/0001-49;SEGOV;1491;SECRETARIA DE ESTADO DE GOVERNO;42;AUXILIOS;1;AUXILIOS;10;RECURSOS ORDINARIOS;1000000,0;0,0;1000000,0
9318812;3116;2021-12-30 00:00:00;PM PRADOS;18.557.538/0001-67;SEGOV;1491;SECRETARIA DE ESTADO DE GOVERNO;42;AUXILIOS;1;AUXILIOS;10;RECURSOS ORDINARIOS;0,0;0,0;0,0
9318826;119;2021-12-30 00:00:00;FUNDACAO FRANCISCO DE ASSIS;08.818.306/0001-61;SEGOV;1491;SECRETARIA DE ESTADO DE GOVERNO;42;AUXILIOS;1;AUXILIOS;10;RECURSOS ORDINARIOS;0,0;0,0;0,0
9318875;607;2021-12-30 00:00:00;ASSOCIACAO ACONCHEGO - LAR PARA IDOSOS;30.276.755/0001-84;SEDESE;1481;SECRETARIA DE ESTADO DE DESENVOLVIMENTO SOCIAL;42;AUXILIOS;1;AUXILIOS;10;RECURSOS ORDINARIOS;0,0;0,0;0,0
9318888;15;2023-12-27 00:00:00;CENTRO DE RESTAURACAO VIDA NOVA;09.219.152/0001-54;SEJUSP;1451;SECRETARIA DE ESTADO DE JUSTICA E SEGURANCA PUBLICA;43;SUBVENCOES SOCIAIS;1;SUBVENCOES SOCIAIS;10;RECURSOS ORDINARIOS - RECURSOS NAO VINCULADOS DE IMPOSTOS;0,0;86891,76;0,0
9321221;33;2023-02-17 00:00:00;ASSOC. DE PROT. E ASSIST. AO CONDENADO DE PIRAPORA;07.677.802/0001-80;SEJUSP;1451;SECRETARIA DE ESTADO DE JUSTICA E SEGURANCA PUBLICA;43;SUBVENCOES SOCIAIS;1;SUBVENCOES SOCIAIS;10;RECURSOS ORDINARIOS - RECURSOS NAO VINCULADOS DE IMPOSTOS;0,0;0,0;0,0
9321243;38;2022-02-14 00:00:00;ASSOC. DE PROT. E ASSIST. AOS CONENADOS DE S. J. DEL REI FEM.;21.325.027/0001-24;SEJUSP;1451;SECRETARIA DE ESTADO DE JUSTICA E SEGURANCA PUBLICA;43;SUBVENCOES SOCIAIS;1;SUBVENCOES SOCIAIS;10;RECURSOS ORDINARIOS;0,0;3,0;0,0
9321244;5;2022-02-14 00:00:00;ASSOC. DE PROT. E ASSIST. AO CONDENADO DE CAMPO BELO;07.259.234/0001-05;SEJUSP;1451;SECRETARIA DE ESTADO DE JUSTICA E SEGURANCA PUBLICA;43;SUBVENCOES SOCIAIS;1;SUBVENCOES SOCIAIS;10;RECURSOS ORDINARIOS;0,0;3,0;0,0
9323924;2259;2022-02-17 00:00:00;PM RIO NOVO;18.338.244/0001-44;SEE;1261;SECRETARIA DE ESTADO DE EDUCACAO;42;AUXILIOS;1;AUXILIOS;23;FUNDO DE MANUTENCAO E DESENVOLVIMENTO DA EDUCACAO BASICA - FUNDEB;0,0;0,0;0,0
9337393;62;2022-05-19 00:00:00;PM ITUIUTABA;18.457.218/0001-35;SEE;1261;SECRETARIA DE ESTADO DE EDUCACAO;42;AUXILIOS;1;AUXILIOS;10;RECURSOS ORDINARIOS;0,0;0,0;0,0
9337473;5235;2022-05-20 00:00:00;PM ITAMBACURI;18.404.855/0001-43;SEGOV;1491;SECRETARIA DE ESTADO DE GOVERNO;42;AUXILIOS;1;AUXILIOS;10;RECURSOS ORDINARIOS;0,0;0,0;0,0
9341994;115;2022-06-28 00:00:00;PM ITAJUBA;18.025.940/0001-09;SEE;1261;SECRETARIA DE ESTADO DE EDUCACAO;42;AUXILIOS;1;AUXILIOS;21;COTA ESTADUAL DO SALARIO EDUCACAO - QESE;0,0;1365000,0;0,0
9341995;118;2022-06-28 00:00:00;PM CURVELO;17.695.024/0001-05;SEE;1261;SECRETARIA DE ESTADO DE EDUCACAO;42;AUXILIOS;1;AUXILIOS;21;COTA ESTADUAL DO SALARIO EDUCACAO - QESE;0,0;0,0;0,0
9342370;5732;2022-06-29 00:00:00;PM DELTA;01.020.881/0001-75;SEGOV;1491;SECRETARIA DE ESTADO DE GOVERNO;42;AUXILIOS;1;AUXILIOS;10;RECURSOS ORDINARIOS;0,0;0,0;0,0
9342448;4494;2022-11-29 00:00:00;PM SAO BENTO ABADE;17.877.176/0001-29;SEE;1261;SECRETARIA DE ESTADO DE EDUCACAO;42;AUXILIOS;1;AUXILIOS;13;FUNDO DE MANUTENCAO E DESENVOLVIMENTO DA EDUCACAO BASICA - FUNDEB - REGULARIZACAO DE EXERCICIOS ANTE;0,0;100000,0;0,0
9342459;185;2022-12-07 00:00:00;PM PEDRA DOURADA;18.114.215/0001-07;SEE;1261;SECRETARIA DE ESTADO DE EDUCACAO;42;AUXILIOS;1;AUXILIOS;10;RECURSOS ORDINARIOS;0,0;0,0;0,0
9342461;182;2022-12-07 00:00:00;PM UBA;18.128.207/0001-01;SEE;1261;SECRETARIA DE ESTADO DE EDUCACAO;42;AUXILIOS;1;AUXILIOS;10;RECURSOS ORDINARIOS;0,0;1987000,0;0,0
9342462;181;2022-12-07 00:00:00;PM SAO SEBASTIAO DO PARAISO;18.241.349/0001-80;SEE;1261;SECRETARIA DE ESTADO DE EDUCACAO;42;AUXILIOS;1;AUXILIOS;10;RECURSOS ORDINARIOS;0,0;0,0;0,0
9342463;183;2022-12-07 00:00:00;PM CACHOEIRA DOURADA;18.457.267/0001-78;SEE;1261;SECRETARIA DE ESTADO DE EDUCACAO;42;AUXILIOS;1;AUXILIOS;10;RECURSOS ORDINARIOS;0,0;975000,0;0,0
9342708;28;2022-06-30 00:00:00;PM UBA;18.128.207/0001-01;UEMG;2351;UNIVERSIDADE DO ESTADO DE MINAS GERAIS;42;AUXILIOS;1;AUXILIOS;10;RECURSOS ORDINARIOS;0,0;290997,62;0,0
9342814;180;2022-12-07 00:00:00;PM SIMONESIA;18.385.120/0001-10;SEE;1261;SECRETARIA DE ESTADO DE EDUCACAO;42;AUXILIOS;1;AUXILIOS;10;RECURSOS ORDINARIOS;0,0;1900000,0;0,0
9346297;154;2022-10-14 00:00:00;UNIVERSIDADE FEDERAL DE JUIZ DE FORA UFJF;21.195.755/0001-69;SEE;1261;SECRETARIA DE ESTADO DE EDUCACAO;42;AUXILIOS;1;AUXILIOS;10;RECURSOS ORDINARIOS;0,0;3000000,0;0,0
9346301;33;2023-07-27 00:00:00;UNIVERSIDADE FEDERAL DE OURO PRETO;23.070.659/0001-10;SEE;1261;SECRETARIA DE ESTADO DE EDUCACAO;42;AUXILIOS;1;AUXILIOS;10;RECURSOS ORDINARIOS - RECURSOS NAO VINCULADOS DE IMPOSTOS;0,0;0,0;0,0
9346306;120;2022-10-14 00:00:00;UNIVERSIDADE FEDERAL DE OURO PRETO;23.070.659/0001-10;SEE;1261;SECRETARIA DE ESTADO DE EDUCACAO;42;AUXILIOS;1;AUXILIOS;10;RECURSOS ORDINARIOS;0,0;0,0;0,0
9346327;133;2022-10-14 00:00:00;UNIVERSIDADE FEDERAL DE VICOSA;25.944.455/0001-96;SEE;1261;SECRETARIA DE ESTADO DE EDUCACAO;42;AUXILIOS;1;AUXILIOS;10;RECURSOS ORDINARIOS;0,0;49163167,44;0,0
9362447;148;2022-12-28 00:00:00;PM PASSOS;18.241.745/0001-08;UEMG;2351;UNIVERSIDADE DO ESTADO DE MINAS GERAIS;41;CONTRIBUICOES;1;CONTRIBUICOES;10;RECURSOS ORDINARIOS;0,0;0,0;0,0
9371211;5929;2022-12-28 00:00:00;PM ARAPORA;23.098.510/0001-49;SEGOV;1491;SECRETARIA DE ESTADO DE GOVERNO;42;AUXILIOS;1;AUXILIOS;10;RECURSOS ORDINARIOS;0,0;0,0;0,0
9371218;5908;2022-12-28 00:00:00;PM DIVINOPOLIS;18.291.351/0001-64;SEGOV;1491;SECRETARIA DE ESTADO DE GOVERNO;42;AUXILIOS;1;AUXILIOS;10;RECURSOS ORDINARIOS;300000,0;0,0;300000,0
9371358;135;2023-04-14 00:00:00;INSTITUTO FEDERAL DE EDUCACAO CIENCIA E TECNO DO NORTE DE MG;10.727.655/0001-10;FUCAM;2161;FUNDACAO EDUCACIONAL CAIO MARTINS;41;CONTRIBUICOES;1;CONTRIBUICOES;10;RECURSOS ORDINARIOS - RECURSOS NAO VINCULADOS DE IMPOSTOS;0,0;0,0;0,0
9371402;5938;2022-12-28 00:00:00;PM SIMONESIA;18.385.120/0001-10;SEGOV;1491;SECRETARIA DE ESTADO DE GOVERNO;42;AUXILIOS;1;AUXILIOS;10;RECURSOS ORDINARIOS;0,0;433333,33;0,0
9371408;5934;2022-12-28 00:00:00;PM JOAO PINHEIRO;16.930.299/0001-13;SEGOV;1491;SECRETARIA DE ESTADO DE GOVERNO;42;AUXILIOS;1;AUXILIOS;10;RECURSOS ORDINARIOS;500000,0;0,0;500000,0
9371410;5944;2022-12-28 00:00:00;PM JOAO PINHEIRO;16.930.299/0001-13;SEGOV;1491;SECRETARIA DE ESTADO DE GOVERNO;42;AUXILIOS;1;AUXILIOS;10;RECURSOS ORDINARIOS;500000,0;0,0;500000,0
9371424;405;2023-02-17 00:00:00;PM MAMONAS;25.212.242/0001-70;SEE;1261;SECRETARIA DE ESTADO DE EDUCACAO;42;AUXILIOS;1;AUXILIOS;10;RECURSOS ORDINARIOS - RECURSOS NAO VINCULADOS DE IMPOSTOS;0,0;744200,0;0,0
9371458;408;2023-02-17 00:00:00;PM SANTANA DE PIRAPAMA;18.116.178/0001-68;SEE;1261;SECRETARIA DE ESTADO DE EDUCACAO;42;AUXILIOS;1;AUXILIOS;10;RECURSOS ORDINARIOS - RECURSOS NAO VINCULADOS DE IMPOSTOS;0,0;360000,0;0,0
9371486;354;2023-02-03 00:00:00;PM ITABIRITO;18.307.835/0001-54;SEE;1261;SECRETARIA DE ESTADO DE EDUCACAO;42;AUXILIOS;1;AUXILIOS;10;RECURSOS ORDINARIOS - RECURSOS NAO VINCULADOS DE IMPOSTOS;0,0;100000,0;0,0
9371907;5964;2022-12-30 00:00:00;PM ENGENHEIRO CALDAS;18.080.655/0001-82;SEGOV;1491;SECRETARIA DE ESTADO DE GOVERNO;42;AUXILIOS;1;AUXILIOS;10;RECURSOS ORDINARIOS;866666,66;0,0;433333,33
9371927;403;2023-02-17 00:00:00;PM CAMPO BELO;18.659.334/0001-37;SEE;1261;SECRETARIA DE ESTADO DE EDUCACAO;42;AUXILIOS;1;AUXILIOS;10;RECURSOS ORDINARIOS - RECURSOS NAO VINCULADOS DE IMPOSTOS;0,0;1470000,0;0,0
9383256;501;2023-04-11 00:00:00;PM JEQUITAI;18.279.083/0001-65;SEE;1261;SECRETARIA DE ESTADO DE EDUCACAO;42;AUXILIOS;1;AUXILIOS;10;RECURSOS ORDINARIOS - RECURSOS NAO VINCULADOS DE IMPOSTOS;0,0;1531498,36;0,0
9389047;2080;2023-06-14 00:00:00;PM NOVA BELEM;01.613.169/0001-80;SEGOV;1491;SECRETARIA DE ESTADO DE GOVERNO;42;AUXILIOS;1;AUXILIOS;15;RECURSOS ORDINARIOS - OUTROS RECURSOS NAO VINCULADOS;743977,24;0,0;743977,24
9389172;722;2023-06-21 00:00:00;PM GOVERNADOR VALADARES;20.622.890/0001-80;SEE;1261;SECRETARIA DE ESTADO DE EDUCACAO;42;AUXILIOS;1;AUXILIOS;10;RECURSOS ORDINARIOS - RECURSOS NAO VINCULADOS DE IMPOSTOS;0,0;2188245,41;0,0
9390147;70;2023-12-28 00:00:00;APAC GUANHAES;17.019.851/0001-89;SEJUSP;1451;SECRETARIA DE ESTADO DE JUSTICA E SEGURANCA PUBLICA;43;SUBVENCOES SOCIAIS;1;SUBVENCOES SOCIAIS;10;RECURSOS ORDINARIOS - RECURSOS NAO VINCULADOS DE IMPOSTOS;0,0;0,0;0,0
9390455;2176;2023-07-21 00:00:00;PM IPIACU;18.457.259/0001-21;SEGOV;1491;SECRETARIA DE ESTADO DE GOVERNO;42;AUXILIOS;1;AUXILIOS;15;RECURSOS ORDINARIOS - OUTROS RECURSOS NAO VINCULADOS;705752,33;0,0;705752,33
9391214;2200;2023-08-09 00:00:00;PM MIRADOURO;17.947.623/0001-79;SEGOV;1491;SECRETARIA DE ESTADO DE GOVERNO;42;AUXILIOS;1;AUXILIOS;15;RECURSOS ORDINARIOS - OUTROS RECURSOS NAO VINCULADOS;350000,0;0,0;350000,0
9391215;2201;2023-08-09 00:00:00;PM BOM REPOUSO;18.675.892/0001-96;SEGOV;1491;SECRETARIA DE ESTADO DE GOVERNO;42;AUXILIOS;1;AUXILIOS;15;RECURSOS ORDINARIOS - OUTROS RECURSOS NAO VINCULADOS;500000,0;0,0;500000,0
9391443;2219;2023-08-18 00:00:00;PM MATHIAS LOBATO;18.332.619/0001-69;SEGOV;1491;SECRETARIA DE ESTADO DE GOVERNO;42;AUXILIOS;1;AUXILIOS;15;RECURSOS ORDINARIOS - OUTROS RECURSOS NAO VINCULADOS;735553,19;0,0;735553,19
9392905;2230;2023-08-25 00:00:00;PM JEQUITAI;18.279.083/0001-65;SEGOV;1491;SECRETARIA DE ESTADO DE GOVERNO;42;AUXILIOS;1;AUXILIOS;15;RECURSOS ORDINARIOS - OUTROS RECURSOS NAO VINCULADOS;0,0;0,0;0,0
9393321;989;2023-09-21 00:00:00;PM SENADOR AMARAL;41.778.556/0001-90;SEE;1261;SECRETARIA DE ESTADO DE EDUCACAO;42;AUXILIOS;1;AUXILIOS;10;RECURSOS ORDINARIOS - RECURSOS NAO VINCULADOS DE IMPOSTOS;0,0;427000,0;0,0
9393322;1118;2023-12-27 00:00:00;PM INGAI;18.244.319/0001-28;SEE;1261;SECRETARIA DE ESTADO DE EDUCACAO;42;AUXILIOS;1;AUXILIOS;10;RECURSOS ORDINARIOS - RECURSOS NAO VINCULADOS DE IMPOSTOS;0,0;980000,0;0,0
9393504;2248;2023-09-06 00:00:00;PM JANAUBA;18.017.392/0001-67;SEGOV;1491;SECRETARIA DE ESTADO DE GOVERNO;42;AUXILIOS;1;AUXILIOS;15;RECURSOS ORDINARIOS - OUTROS RECURSOS NAO VINCULADOS;325000,0;0,0;325000,0
9394892;2283;2023-09-27 00:00:00;PM SAO JOSE DA LAPA;42.774.281/0001-80;SEGOV;1491;SECRETARIA DE ESTADO DE GOVERNO;42;AUXILIOS;1;AUXILIOS;15;RECURSOS ORDINARIOS - OUTROS RECURSOS NAO VINCULADOS;0,0;0,0;0,0
9394940;2284;2023-09-28 00:00:00;PM CACHOEIRA DOURADA;18.457.267/0001-78;SEGOV;1491;SECRETARIA DE ESTADO DE GOVERNO;42;AUXILIOS;1;AUXILIOS;15;RECURSOS ORDINARIOS - OUTROS RECURSOS NAO VINCULADOS;352876,16;0,0;352876,16
9396439;2425;2023-10-09 00:00:00;PM NOVA MODICA;18.404.939/0001-87;SEGOV;1491;SECRETARIA DE ESTADO DE GOVERNO;42;AUXILIOS;1;AUXILIOS;15;RECURSOS ORDINARIOS - OUTROS RECURSOS NAO VINCULADOS;0,0;0,0;0,0
9396931;2450;2023-10-26 00:00:00;PM CAMPINA VERDE;18.457.291/0001-07;SEGOV;1491;SECRETARIA DE ESTADO DE GOVERNO;42;AUXILIOS;1;AUXILIOS;15;RECURSOS ORDINARIOS - OUTROS RECURSOS NAO VINCULADOS;87737,63;0,0;87737,63
9399009;425;2023-12-06 00:00:00;PM PRATAPOLIS;18.241.356/0001-82;SEDESE;1481;SECRETARIA DE ESTADO DE DESENVOLVIMENTO SOCIAL;42;AUXILIOS;1;AUXILIOS;60;RECURSOS DIRETAMENTE ARRECADADOS;0,0;99500,0;0,0
9400039;199;2023-12-27 00:00:00;CONSORCIO INTERMUNICIPAL DE SAUDE VERDE - CIS VERDE;02.034.350/0001-02;FES;4291;FUNDO ESTADUAL DE SAUDE;41;CONTRIBUICOES;1;CONTRIBUICOES;10;RECURSOS ORDINARIOS - RECURSOS NAO VINCULADOS DE IMPOSTOS;0,0;75731,17;0,0
9400039;200;2023-12-29 00:00:00;CONSORCIO INTERMUNICIPAL DE SAUDE VERDE - CIS VERDE;02.034.350/0001-02;FES;4291;FUNDO ESTADUAL DE SAUDE;42;AUXILIOS;1;AUXILIOS;10;RECURSOS ORDINARIOS - RECURSOS NAO VINCULADOS DE IMPOSTOS;0,0;820007,58;0,0
9400378;308;2023-12-05 00:00:00;PM POMPEU;18.296.681/0001-42;SEDE;1221;SECRETARIA DE ESTADO DE DESENVOLVIMENTO ECONOMICO;41;CONTRIBUICOES;1;CONTRIBUICOES;32;EXPLORACAO DE RECURSOS MINERAIS;0,0;1535190,0;0,0
9400378;345;2023-12-28 00:00:00;PM POMPEU;18.296.681/0001-42;SEDE;1221;SECRETARIA DE ESTADO DE DESENVOLVIMENTO ECONOMICO;41;CONTRIBUICOES;1;CONTRIBUICOES;32;EXPLORACAO DE RECURSOS MINERAIS;0,0;0,0;0,0
9400396;2491;2023-11-20 00:00:00;PM GOUVEA;17.754.144/0001-36;SEGOV;1491;SECRETARIA DE ESTADO DE GOVERNO;42;AUXILIOS;1;AUXILIOS;15;RECURSOS ORDINARIOS - OUTROS RECURSOS NAO VINCULADOS;500000,0;0,0;500000,0
9400476;2502;2023-11-21 00:00:00;PM MATHIAS LOBATO;18.332.619/0001-69;SEGOV;1491;SECRETARIA DE ESTADO DE GOVERNO;42;AUXILIOS;1;AUXILIOS;15;RECURSOS ORDINARIOS - OUTROS RECURSOS NAO VINCULADOS;130986,0;0,0;130986,0
9401505;444;2023-12-22 00:00:00;PM PAIVA;17.747.965/0001-45;SEAPA;1231;SECRETARIA DE ESTADO DE AGRICULTURA, PECUARIA E ABASTECIMENTO;41;CONTRIBUICOES;1;CONTRIBUICOES;15;RECURSOS ORDINARIOS - OUTROS RECURSOS NAO VINCULADOS;0,0;330000,0;0,0
9401506;445;2023-12-22 00:00:00;PM PERDIZES;18.140.772/0001-94;SEAPA;1231;SECRETARIA DE ESTADO DE AGRICULTURA, PECUARIA E ABASTECIMENTO;41;CONTRIBUICOES;1;CONTRIBUICOES;15;RECURSOS ORDINARIOS - OUTROS RECURSOS NAO VINCULADOS;0,0;300000,0;0,0
9401507;467;2023-12-27 00:00:00;PM RIO VERMELHO;18.303.255/0001-99;SEAPA;1231;SECRETARIA DE ESTADO DE AGRICULTURA, PECUARIA E ABASTECIMENTO;41;CONTRIBUICOES;1;CONTRIBUICOES;10;RECURSOS ORDINARIOS - RECURSOS NAO VINCULADOS DE IMPOSTOS;0,0;550000,0;0,0
9401655;2506;2023-11-24 00:00:00;PM CAMBUI;18.675.975/0001-85;SEGOV;1491;SECRETARIA DE ESTADO DE GOVERNO;42;AUXILIOS;1;AUXILIOS;15;RECURSOS ORDINARIOS - OUTROS RECURSOS NAO VINCULADOS;88179,86;0,0;88179,86
9401708;468;2023-12-27 00:00:00;PM CORINTO;17.695.016/0001-69;SEAPA;1231;SECRETARIA DE ESTADO DE AGRICULTURA, PECUARIA E ABASTECIMENTO;41;CONTRIBUICOES;1;CONTRIBUICOES;10;RECURSOS ORDINARIOS - RECURSOS NAO VINCULADOS DE IMPOSTOS;0,0;460000,0;0,0
9402012;2034;2023-12-22 00:00:00;PM PERDOES;18.244.343/0001-67;SEE;1261;SECRETARIA DE ESTADO DE EDUCACAO;42;AUXILIOS;1;AUXILIOS;10;RECURSOS ORDINARIOS - RECURSOS NAO VINCULADOS DE IMPOSTOS;0,0;504071,19;0,0
9402046;2538;2023-11-29 00:00:00;PM CHACARA;18.338.137/0001-16;SEGOV;1491;SECRETARIA DE ESTADO DE GOVERNO;42;AUXILIOS;1;AUXILIOS;15;RECURSOS ORDINARIOS - OUTROS RECURSOS NAO VINCULADOS;350000,0;0,0;350000,0
9402056;2546;2023-11-29 00:00:00;PM EWBANK DA CAMARA;17.747.932/0001-03;SEGOV;1491;SECRETARIA DE ESTADO DE GOVERNO;42;AUXILIOS;1;AUXILIOS;15;RECURSOS ORDINARIOS - OUTROS RECURSOS NAO VINCULADOS;200000,0;0,0;200000,0
9402061;470;2023-12-27 00:00:00;PM AIMORES;18.348.094/0001-50;SEAPA;1231;SECRETARIA DE ESTADO DE AGRICULTURA, PECUARIA E ABASTECIMENTO;41;CONTRIBUICOES;1;CONTRIBUICOES;10;RECURSOS ORDINARIOS - RECURSOS NAO VINCULADOS DE IMPOSTOS;0,0;550000,0;0,0
9402355;2552;2023-12-01 00:00:00;PM TOMBOS;18.114.223/0001-45;SEGOV;1491;SECRETARIA DE ESTADO DE GOVERNO;42;AUXILIOS;1;AUXILIOS;15;RECURSOS ORDINARIOS - OUTROS RECURSOS NAO VINCULADOS;131648,45;0,0;131648,45
9402358;2553;2023-12-01 00:00:00;PM TOMBOS;18.114.223/0001-45;SEGOV;1491;SECRETARIA DE ESTADO DE GOVERNO;42;AUXILIOS;1;AUXILIOS;15;RECURSOS ORDINARIOS - OUTROS RECURSOS NAO VINCULADOS;131648,45;0,0;131648,45
9402562;315;2023-12-06 00:00:00;PM OURO VERDE DE MINAS;18.404.947/0001-23;SEDE;1221;SECRETARIA DE ESTADO DE DESENVOLVIMENTO ECONOMICO;41;CONTRIBUICOES;1;CONTRIBUICOES;32;EXPLORACAO DE RECURSOS MINERAIS;0,0;1734380,56;0,0
9402562;343;2023-12-28 00:00:00;PM OURO VERDE DE MINAS;18.404.947/0001-23;SEDE;1221;SECRETARIA DE ESTADO DE DESENVOLVIMENTO ECONOMICO;41;CONTRIBUICOES;1;CONTRIBUICOES;32;EXPLORACAO DE RECURSOS MINERAIS;0,0;0,0;0,0
9402563;324;2023-12-15 00:00:00;PM CAMANDUCAIA;17.935.396/0001-61;SEDE;1221;SECRETARIA DE ESTADO DE DESENVOLVIMENTO ECONOMICO;41;CONTRIBUICOES;1;CONTRIBUICOES;32;EXPLORACAO DE RECURSOS MINERAIS;0,0;669273,49;0,0
9402563;339;2023-12-28 00:00:00;PM CAMANDUCAIA;17.935.396/0001-61;SEDE;1221;SECRETARIA DE ESTADO DE DESENVOLVIMENTO ECONOMICO;41;CONTRIBUICOES;1;CONTRIBUICOES;32;EXPLORACAO DE RECURSOS MINERAIS;0,0;0,0;0,0
9402564;313;2023-12-06 00:00:00;PM CARAI;18.404.848/0001-41;SEDE;1221;SECRETARIA DE ESTADO DE DESENVOLVIMENTO ECONOMICO;41;CONTRIBUICOES;1;CONTRIBUICOES;32;EXPLORACAO DE RECURSOS MINERAIS;0,0;2076465,87;0,0
9402564;341;2023-12-28 00:00:00;PM CARAI;18.404.848/0001-41;SEDE;1221;SECRETARIA DE ESTADO DE DESENVOLVIMENTO ECONOMICO;41;CONTRIBUICOES;1;CONTRIBUICOES;32;EXPLORACAO DE RECURSOS MINERAIS;0,0;0,0;0,0
9402841;268;2023-12-13 00:00:00;PM SOBRALIA;18.083.055/0001-78;SEDESE;1481;SECRETARIA DE ESTADO DE DESENVOLVIMENTO SOCIAL;41;CONTRIBUICOES;1;CONTRIBUICOES;38;TRANSFERENCIAS DA UNIAO VINCULADOS AO ESPORTE;0,0;229369,38;0,0
9402842;267;2023-12-13 00:00:00;PM SAO MIGUEL DO ANTA;18.133.926/0001-10;SEDESE;1481;SECRETARIA DE ESTADO DE DESENVOLVIMENTO SOCIAL;41;CONTRIBUICOES;1;CONTRIBUICOES;38;TRANSFERENCIAS DA UNIAO VINCULADOS AO ESPORTE;0,0;229369,38;0,0
9403902;2560;2023-12-11 00:00:00;PM SANTO ANTONIO DO RETIRO;01.612.484/0001-92;SEGOV;1491;SECRETARIA DE ESTADO DE GOVERNO;42;AUXILIOS;1;AUXILIOS;15;RECURSOS ORDINARIOS - OUTROS RECURSOS NAO VINCULADOS;87736,86;0,0;87736,86
9404098;132;2023-12-26 00:00:00;ASSOCIACAO NAUTICA DE RESPLENDOR;23.554.526/0001-19;SEGOV;1491;SECRETARIA DE ESTADO DE GOVERNO;42;AUXILIOS;1;AUXILIOS;10;RECURSOS ORDINARIOS - RECURSOS NAO VINCULADOS DE IMPOSTOS;0,0;0,0;0,0
9404111;2559;2023-12-11 00:00:00;PM ITAUNA;18.309.724/0001-87;SEGOV;1491;SECRETARIA DE ESTADO DE GOVERNO;42;AUXILIOS;1;AUXILIOS;15;RECURSOS ORDINARIOS - OUTROS RECURSOS NAO VINCULADOS;88180,36;0,0;88180,36
9404351;465;2023-12-27 00:00:00;PM CAJURI;18.132.456/0001-70;SEAPA;1231;SECRETARIA DE ESTADO DE AGRICULTURA, PECUARIA E ABASTECIMENTO;41;CONTRIBUICOES;1;CONTRIBUICOES;97;TRANSFERENCIAS ESPECIAIS DE RECURSOS DA UNIAO;0,0;504215,84;0,0
9404352;485;2023-12-27 00:00:00;PM QUARTEL GERAL;18.296.699/0001-44;SEAPA;1231;SECRETARIA DE ESTADO DE AGRICULTURA, PECUARIA E ABASTECIMENTO;41;CONTRIBUICOES;1;CONTRIBUICOES;15;RECURSOS ORDINARIOS - OUTROS RECURSOS NAO VINCULADOS;0,0;720000,0;0,0
9404353;474;2023-12-27 00:00:00;PM SANTA BARBARA DO LESTE;66.229.634/0001-29;SEAPA;1231;SECRETARIA DE ESTADO DE AGRICULTURA, PECUARIA E ABASTECIMENTO;41;CONTRIBUICOES;1;CONTRIBUICOES;10;RECURSOS ORDINARIOS - RECURSOS NAO VINCULADOS DE IMPOSTOS;0,0;547532,99;0,0
9405695;499;2023-12-28 00:00:00;PM IRAI DE MINAS;18.158.642/0001-89;SEAPA;1231;SECRETARIA DE ESTADO DE AGRICULTURA, PECUARIA E ABASTECIMENTO;41;CONTRIBUICOES;1;CONTRIBUICOES;10;RECURSOS ORDINARIOS - RECURSOS NAO VINCULADOS DE IMPOSTOS;0,0;330000,0;0,0
9405698;472;2023-12-27 00:00:00;PM ACUCENA;17.005.216/0001-42;SEAPA;1231;SECRETARIA DE ESTADO DE AGRICULTURA, PECUARIA E ABASTECIMENTO;41;CONTRIBUICOES;1;CONTRIBUICOES;10;RECURSOS ORDINARIOS - RECURSOS NAO VINCULADOS DE IMPOSTOS;0,0;492585,34;0,0
9405760;796;2023-12-18 00:00:00;ASSOCIACAO CIRCUITO VERDE TRILHA DOS BANDEIRANTES;05.023.758/0001-69;SECULT;1271;SECRETARIA DE ESTADO DE CULTURA E TURISMO;41;CONTRIBUICOES;1;CONTRIBUICOES;95;RECURSOS RECEBIDOS POR DANOS ADVINDOS DE DESASTRES SOCIOAMBIENTAIS;0,0;100000,0;0,0
9405818;500;2023-12-28 00:00:00;PM BONFINOPOLIS DE MINAS;18.125.138/0001-82;SEAPA;1231;SECRETARIA DE ESTADO DE AGRICULTURA, PECUARIA E ABASTECIMENTO;41;CONTRIBUICOES;1;CONTRIBUICOES;10;RECURSOS ORDINARIOS - RECURSOS NAO VINCULADOS DE IMPOSTOS;0,0;330000,0;0,0
9405820;328;2023-12-19 00:00:00;PM MONJOLOS;17.754.169/0001-30;SEDE;1221;SECRETARIA DE ESTADO DE DESENVOLVIMENTO ECONOMICO;41;CONTRIBUICOES;1;CONTRIBUICOES;32;EXPLORACAO DE RECURSOS MINERAIS;0,0;916818,0;0,0
9405822;323;2023-12-15 00:00:00;PM PADRE PARAISO;18.404.764/0001-08;SEDE;1221;SECRETARIA DE ESTADO DE DESENVOLVIMENTO ECONOMICO;41;CONTRIBUICOES;1;CONTRIBUICOES;32;EXPLORACAO DE RECURSOS MINERAIS;0,0;869823,0;0,0
9405822;344;2023-12-28 00:00:00;PM PADRE PARAISO;18.404.764/0001-08;SEDE;1221;SECRETARIA DE ESTADO DE DESENVOLVIMENTO ECONOMICO;41;CONTRIBUICOES;1;CONTRIBUICOES;32;EXPLORACAO DE RECURSOS MINERAIS;0,0;0,0;0,0
9405878;2036;2023-12-26 00:00:00;PM PIRAPORA;23.539.463/0001-21;SEE;1261;SECRETARIA DE ESTADO DE EDUCACAO;42;AUXILIOS;1;AUXILIOS;10;RECURSOS ORDINARIOS - RECURSOS NAO VINCULADOS DE IMPOSTOS;0,0;1500000,0;0,0
9405892;264;2023-12-20 00:00:00;APAE LAGOA DOURADA;04.448.905/0001-80;SEDESE;1481;SECRETARIA DE ESTADO DE DESENVOLVIMENTO SOCIAL;43;SUBVENCOES SOCIAIS;1;SUBVENCOES SOCIAIS;10;RECURSOS ORDINARIOS - RECURSOS NAO VINCULADOS DE IMPOSTOS;0,0;90000,0;0,0
9406135;477;2023-12-27 00:00:00;PM RIO PARANAIBA;18.602.045/0001-00;SEAPA;1231;SECRETARIA DE ESTADO DE AGRICULTURA, PECUARIA E ABASTECIMENTO;41;CONTRIBUICOES;1;CONTRIBUICOES;10;RECURSOS ORDINARIOS - RECURSOS NAO VINCULADOS DE IMPOSTOS;0,0;330000,0;0,0
9406147;458;2023-12-27 00:00:00;PM NOVA BELEM;01.613.169/0001-80;SEAPA;1231;SECRETARIA DE ESTADO DE AGRICULTURA, PECUARIA E ABASTECIMENTO;41;CONTRIBUICOES;1;CONTRIBUICOES;97;TRANSFERENCIAS ESPECIAIS DE RECURSOS DA UNIAO;0,0;1200000,0;0,0
9406150;486;2023-12-27 00:00:00;PM GUARDA-MOR;18.277.947/0001-00;SEAPA;1231;SECRETARIA DE ESTADO DE AGRICULTURA, PECUARIA E ABASTECIMENTO;41;CONTRIBUICOES;1;CONTRIBUICOES;15;RECURSOS ORDINARIOS - OUTROS RECURSOS NAO VINCULADOS;0,0;67307,5;0,0
9406163;889;2023-12-27 00:00:00;PM BELO HORIZONTE;18.715.383/0001-40;SECULT;1271;SECRETARIA DE ESTADO DE CULTURA E TURISMO;42;AUXILIOS;1;AUXILIOS;15;RECURSOS ORDINARIOS - OUTROS RECURSOS NAO VINCULADOS;0,0;420000,0;0,0
9406262;466;2023-12-27 00:00:00;PM SAO JOSE DA SAFIRA;18.409.235/0001-05;SEAPA;1231;SECRETARIA DE ESTADO DE AGRICULTURA, PECUARIA E ABASTECIMENTO;41;CONTRIBUICOES;1;CONTRIBUICOES;97;TRANSFERENCIAS ESPECIAIS DE RECURSOS DA UNIAO;0,0;1200000,0;0,0
9406268;2602;2023-12-21 00:00:00;PM IBIA;18.584.961/0001-56;SEGOV;1491;SECRETARIA DE ESTADO DE GOVERNO;42;AUXILIOS;1;AUXILIOS;15;RECURSOS ORDINARIOS - OUTROS RECURSOS NAO VINCULADOS;84192,71;0,0;84192,71
9406269;775;2023-12-21 00:00:00;PM MARILAC;18.409.193/0001-02;SEINFRA;1301;SECRETARIA DE ESTADO DE INFRAESTRUTURA, MOBILIDADE E PARCERIAS;42;AUXILIOS;1;AUXILIOS;32;EXPLORACAO DE RECURSOS MINERAIS;0,0;650000,0;0,0
9406276;776;2023-12-21 00:00:00;PM MARILAC;18.409.193/0001-02;SEINFRA;1301;SECRETARIA DE ESTADO DE INFRAESTRUTURA, MOBILIDADE E PARCERIAS;42;AUXILIOS;1;AUXILIOS;15;RECURSOS ORDINARIOS - OUTROS RECURSOS NAO VINCULADOS;0,0;1560767,7;0,0
9406289;773;2023-12-21 00:00:00;PM ITURAMA;18.457.242/0001-74;SEINFRA;1301;SECRETARIA DE ESTADO DE INFRAESTRUTURA, MOBILIDADE E PARCERIAS;42;AUXILIOS;1;AUXILIOS;32;EXPLORACAO DE RECURSOS MINERAIS;0,0;200000,0;0,0
9406321;131;2023-12-26 00:00:00;PM SAO JOSE DA BARRA;01.616.458/0001-32;FEC;4491;FUNDO ESTADUAL DE CULTURA;41;CONTRIBUICOES;1;CONTRIBUICOES;59;OUTROS RECURSOS VINCULADOS;0,0;12715,0;0,0
9406321;132;2023-12-26 00:00:00;PM SAO JOSE DA BARRA;01.616.458/0001-32;FEC;4491;FUNDO ESTADUAL DE CULTURA;41;CONTRIBUICOES;1;CONTRIBUICOES;59;OUTROS RECURSOS VINCULADOS;0,0;37285,0;0,0
9406421;330;2023-12-22 00:00:00;PM CATUGI;26.218.636/0001-06;SEDE;1221;SECRETARIA DE ESTADO DE DESENVOLVIMENTO ECONOMICO;41;CONTRIBUICOES;1;CONTRIBUICOES;32;EXPLORACAO DE RECURSOS MINERAIS;0,0;694375,2;0,0
9406421;342;2023-12-28 00:00:00;PM CATUGI;26.218.636/0001-06;SEDE;1221;SECRETARIA DE ESTADO DE DESENVOLVIMENTO ECONOMICO;41;CONTRIBUICOES;1;CONTRIBUICOES;32;EXPLORACAO DE RECURSOS MINERAIS;0,0;0,0;0,0
9406422;331;2023-12-22 00:00:00;PM CAMPOS GERAIS;18.245.175/0001-24;SEDE;1221;SECRETARIA DE ESTADO DE DESENVOLVIMENTO ECONOMICO;41;CONTRIBUICOES;1;CONTRIBUICOES;32;EXPLORACAO DE RECURSOS MINERAIS;0,0;512703,79;0,0
9406422;340;2023-12-28 00:00:00;PM CAMPOS GERAIS;18.245.175/0001-24;SEDE;1221;SECRETARIA DE ESTADO DE DESENVOLVIMENTO ECONOMICO;41;CONTRIBUICOES;1;CONTRIBUICOES;32;EXPLORACAO DE RECURSOS MINERAIS;0,0;0,0;0,0
9406494;502;2023-12-28 00:00:00;PM ITAPAGIPE;21.226.840/0001-47;SEAPA;1231;SECRETARIA DE ESTADO DE AGRICULTURA, PECUARIA E ABASTECIMENTO;41;CONTRIBUICOES;1;CONTRIBUICOES;10;RECURSOS ORDINARIOS - RECURSOS NAO VINCULADOS DE IMPOSTOS;0,0;293196,58;0,0
9406496;503;2023-12-28 00:00:00;PM AIMORES;18.348.094/0001-50;SEAPA;1231;SECRETARIA DE ESTADO DE AGRICULTURA, PECUARIA E ABASTECIMENTO;41;CONTRIBUICOES;1;CONTRIBUICOES;10;RECURSOS ORDINARIOS - RECURSOS NAO VINCULADOS DE IMPOSTOS;0,0;260000,0;0,0
9406503;781;2023-12-22 00:00:00;PM PORTEIRINHA;18.013.326/0001-19;SEINFRA;1301;SECRETARIA DE ESTADO DE INFRAESTRUTURA, MOBILIDADE E PARCERIAS;42;AUXILIOS;1;AUXILIOS;32;EXPLORACAO DE RECURSOS MINERAIS;0,0;1000000,0;0,0
9406526;271;2023-12-22 00:00:00;PM POTE;18.404.970/0001-18;SEDESE;1481;SECRETARIA DE ESTADO DE DESENVOLVIMENTO SOCIAL;41;CONTRIBUICOES;1;CONTRIBUICOES;38;TRANSFERENCIAS DA UNIAO VINCULADOS AO ESPORTE;0,0;229369,38;0,0
9406543;783;2023-12-22 00:00:00;PM SANTO ANTONIO DO AMPARO;18.244.335/0001-10;SEINFRA;1301;SECRETARIA DE ESTADO DE INFRAESTRUTURA, MOBILIDADE E PARCERIAS;42;AUXILIOS;1;AUXILIOS;15;RECURSOS ORDINARIOS - OUTROS RECURSOS NAO VINCULADOS;0,0;250000,0;0,0
9406869;320;2023-12-22 00:00:00;PM RIO PARANAIBA;18.602.045/0001-00;SEDESE;1481;SECRETARIA DE ESTADO DE DESENVOLVIMENTO SOCIAL;42;AUXILIOS;1;AUXILIOS;15;RECURSOS ORDINARIOS - OUTROS RECURSOS NAO VINCULADOS;0,0;500000,0;0,0
9406892;917;2023-12-29 00:00:00;ASSOCIACAO DE INTEGRACAO REGIONAL DO CIRCUITO TUR. DAS AGUAS;05.400.720/0001-68;SECULT;1271;SECRETARIA DE ESTADO DE CULTURA E TURISMO;41;CONTRIBUICOES;1;CONTRIBUICOES;95;RECURSOS RECEBIDOS POR DANOS ADVINDOS DE DESASTRES SOCIOAMBIENTAIS;0,0;87542,0;0,0
9406892;918;2023-12-29 00:00:00;ASSOCIACAO DE INTEGRACAO REGIONAL DO CIRCUITO TUR. DAS AGUAS;05.400.720/0001-68;SECULT;1271;SECRETARIA DE ESTADO DE CULTURA E TURISMO;42;AUXILIOS;1;AUXILIOS;95;RECURSOS RECEBIDOS POR DANOS ADVINDOS DE DESASTRES SOCIOAMBIENTAIS;0,0;51458,0;0,0
9406894;2609;2023-12-26 00:00:00;PM CARMOPOLIS DE MINAS;18.312.983/0001-67;SEGOV;1491;SECRETARIA DE ESTADO DE GOVERNO;42;AUXILIOS;1;AUXILIOS;15;RECURSOS ORDINARIOS - OUTROS RECURSOS NAO VINCULADOS;700000,0;0,0;700000,0
9406897;2611;2023-12-26 00:00:00;PM SANTA MARGARIDA;18.385.112/0001-73;SEGOV;1491;SECRETARIA DE ESTADO DE GOVERNO;42;AUXILIOS;1;AUXILIOS;15;RECURSOS ORDINARIOS - OUTROS RECURSOS NAO VINCULADOS;350000,0;0,0;350000,0
9406898;2612;2023-12-26 00:00:00;PM CRUCILANDIA;18.313.007/0001-29;SEGOV;1491;SECRETARIA DE ESTADO DE GOVERNO;42;AUXILIOS;1;AUXILIOS;15;RECURSOS ORDINARIOS - OUTROS RECURSOS NAO VINCULADOS;500000,0;0,0;500000,0
9406900;476;2023-12-27 00:00:00;PM ITACARAMBI;18.283.101/0001-82;SEAPA;1231;SECRETARIA DE ESTADO DE AGRICULTURA, PECUARIA E ABASTECIMENTO;41;CONTRIBUICOES;1;CONTRIBUICOES;10;RECURSOS ORDINARIOS - RECURSOS NAO VINCULADOS DE IMPOSTOS;0,0;660000,0;0,0
9406904;505;2023-12-28 00:00:00;PM SAO DOMINGOS DO PRATA;18.401.018/0001-60;SEAPA;1231;SECRETARIA DE ESTADO DE AGRICULTURA, PECUARIA E ABASTECIMENTO;41;CONTRIBUICOES;1;CONTRIBUICOES;10;RECURSOS ORDINARIOS - RECURSOS NAO VINCULADOS DE IMPOSTOS;0,0;210000,0;0,0
9406909;478;2023-12-27 00:00:00;PM NATALANDIA;01.593.752/0001-76;SEAPA;1231;SECRETARIA DE ESTADO DE AGRICULTURA, PECUARIA E ABASTECIMENTO;41;CONTRIBUICOES;1;CONTRIBUICOES;10;RECURSOS ORDINARIOS - RECURSOS NAO VINCULADOS DE IMPOSTOS;0,0;116317,08;0,0
9406911;480;2023-12-27 00:00:00;PM PARACATU;18.278.051/0001-45;SEAPA;1231;SECRETARIA DE ESTADO DE AGRICULTURA, PECUARIA E ABASTECIMENTO;41;CONTRIBUICOES;1;CONTRIBUICOES;10;RECURSOS ORDINARIOS - RECURSOS NAO VINCULADOS DE IMPOSTOS;0,0;454754,83;0,0
9406912;483;2023-12-27 00:00:00;PM POCO FUNDO;18.242.792/0001-76;SEAPA;1231;SECRETARIA DE ESTADO DE AGRICULTURA, PECUARIA E ABASTECIMENTO;41;CONTRIBUICOES;1;CONTRIBUICOES;10;RECURSOS ORDINARIOS - RECURSOS NAO VINCULADOS DE IMPOSTOS;0,0;550000,0;0,0
9406914;479;2023-12-27 00:00:00;PM URUCUIA;25.223.850/0001-80;SEAPA;1231;SECRETARIA DE ESTADO DE AGRICULTURA, PECUARIA E ABASTECIMENTO;41;CONTRIBUICOES;1;CONTRIBUICOES;10;RECURSOS ORDINARIOS - RECURSOS NAO VINCULADOS DE IMPOSTOS;0,0;260000,0;0,0
9406917;481;2023-12-27 00:00:00;PM PEDRINOPOLIS;18.140.335/0001-70;SEAPA;1231;SECRETARIA DE ESTADO DE AGRICULTURA, PECUARIA E ABASTECIMENTO;41;CONTRIBUICOES;1;CONTRIBUICOES;10;RECURSOS ORDINARIOS - RECURSOS NAO VINCULADOS DE IMPOSTOS;0,0;330000,0;0,0
9406920;482;2023-12-27 00:00:00;PM CRUCILANDIA;18.313.007/0001-29;SEAPA;1231;SECRETARIA DE ESTADO DE AGRICULTURA, PECUARIA E ABASTECIMENTO;41;CONTRIBUICOES;1;CONTRIBUICOES;10;RECURSOS ORDINARIOS - RECURSOS NAO VINCULADOS DE IMPOSTOS;0,0;1500000,0;0,0
9406924;504;2023-12-28 00:00:00;PM ITAU DE MINAS;23.767.031/0001-78;SEAPA;1231;SECRETARIA DE ESTADO DE AGRICULTURA, PECUARIA E ABASTECIMENTO;41;CONTRIBUICOES;1;CONTRIBUICOES;10;RECURSOS ORDINARIOS - RECURSOS NAO VINCULADOS DE IMPOSTOS;0,0;198511,67;0,0
9406932;489;2023-12-23 00:00:00;PM PERDIGAO;18.301.051/0001-19;SEDESE;1481;SECRETARIA DE ESTADO DE DESENVOLVIMENTO SOCIAL;42;AUXILIOS;1;AUXILIOS;60;RECURSOS DIRETAMENTE ARRECADADOS;0,0;198000,0;0,0
9406935;325;2023-12-23 00:00:00;LAR NOSSA SENHORA DAS GRACAS;21.383.930/0001-41;SEDESE;1481;SECRETARIA DE ESTADO DE DESENVOLVIMENTO SOCIAL;42;AUXILIOS;1;AUXILIOS;10;RECURSOS ORDINARIOS - RECURSOS NAO VINCULADOS DE IMPOSTOS;0,0;88623,86;0,0
9406939;336;2023-12-23 00:00:00;ISJB CENTRO SALESIANO DO MENOR;33.583.592/0046-72;SEDESE;1481;SECRETARIA DE ESTADO DE DESENVOLVIMENTO SOCIAL;42;AUXILIOS;1;AUXILIOS;10;RECURSOS ORDINARIOS - RECURSOS NAO VINCULADOS DE IMPOSTOS;0,0;95843,18;0,0
9406944;273;2023-12-23 00:00:00;PM VEREDINHA;01.614.685/0001-29;SEDESE;1481;SECRETARIA DE ESTADO DE DESENVOLVIMENTO SOCIAL;41;CONTRIBUICOES;1;CONTRIBUICOES;38;TRANSFERENCIAS DA UNIAO VINCULADOS AO ESPORTE;0,0;229369,38;0,0
9406982;1107;2023-12-27 00:00:00;PM SETE LAGOAS;24.996.969/0001-22;SEE;1261;SECRETARIA DE ESTADO DE EDUCACAO;42;AUXILIOS;1;AUXILIOS;10;RECURSOS ORDINARIOS - RECURSOS NAO VINCULADOS DE IMPOSTOS;0,0;299899,97;0,0
9406985;1121;2023-12-27 00:00:00;PM SANTANA DO RIACHO;18.715.458/0001-92;SEE;1261;SECRETARIA DE ESTADO DE EDUCACAO;42;AUXILIOS;1;AUXILIOS;10;RECURSOS ORDINARIOS - RECURSOS NAO VINCULADOS DE IMPOSTOS;0,0;2745622,7;0,0
9406989;1108;2023-12-27 00:00:00;PM DIOGO DE VASCONCELOS;18.295.311/0001-90;SEE;1261;SECRETARIA DE ESTADO DE EDUCACAO;42;AUXILIOS;1;AUXILIOS;10;RECURSOS ORDINARIOS - RECURSOS NAO VINCULADOS DE IMPOSTOS;0,0;250000,0;0,0
9406990;1109;2023-12-27 00:00:00;PM SETE LAGOAS;24.996.969/0001-22;SEE;1261;SECRETARIA DE ESTADO DE EDUCACAO;42;AUXILIOS;1;AUXILIOS;10;RECURSOS ORDINARIOS - RECURSOS NAO VINCULADOS DE IMPOSTOS;0,0;499655,61;0,0
9406991;790;2023-12-26 00:00:00;PM CHACARA;18.338.137/0001-16;SEINFRA;1301;SECRETARIA DE ESTADO DE INFRAESTRUTURA, MOBILIDADE E PARCERIAS;42;AUXILIOS;1;AUXILIOS;32;EXPLORACAO DE RECURSOS MINERAIS;0,0;0,0;0,0
9407002;2667;2023-12-26 00:00:00;PM BIQUINHAS;18.296.640/0001-56;SEGOV;1491;SECRETARIA DE ESTADO DE GOVERNO;42;AUXILIOS;1;AUXILIOS;15;RECURSOS ORDINARIOS - OUTROS RECURSOS NAO VINCULADOS;176361,49;0,0;176361,49
9407004;2647;2023-12-26 00:00:00;PM MATIAS CARDOSO;25.209.115/0001-11;SEGOV;1491;SECRETARIA DE ESTADO DE GOVERNO;42;AUXILIOS;1;AUXILIOS;15;RECURSOS ORDINARIOS - OUTROS RECURSOS NAO VINCULADOS;200000,0;0,0;200000,0
9407008;2630;2023-12-26 00:00:00;PM CARMOPOLIS DE MINAS;18.312.983/0001-67;SEGOV;1491;SECRETARIA DE ESTADO DE GOVERNO;42;AUXILIOS;1;AUXILIOS;15;RECURSOS ORDINARIOS - OUTROS RECURSOS NAO VINCULADOS;300000,0;0,0;300000,0
9407009;2631;2023-12-26 00:00:00;PM CANDEIAS;17.888.090/0001-00;SEGOV;1491;SECRETARIA DE ESTADO DE GOVERNO;42;AUXILIOS;1;AUXILIOS;15;RECURSOS ORDINARIOS - OUTROS RECURSOS NAO VINCULADOS;666666,67;0,0;666666,67
9407012;2634;2023-12-26 00:00:00;PM CALDAS;18.625.129/0001-50;SEGOV;1491;SECRETARIA DE ESTADO DE GOVERNO;42;AUXILIOS;1;AUXILIOS;15;RECURSOS ORDINARIOS - OUTROS RECURSOS NAO VINCULADOS;270210,51;0,0;270210,51
9407021;2658;2023-12-26 00:00:00;PM CARMOPOLIS DE MINAS;18.312.983/0001-67;SEGOV;1491;SECRETARIA DE ESTADO DE GOVERNO;42;AUXILIOS;1;AUXILIOS;15;RECURSOS ORDINARIOS - OUTROS RECURSOS NAO VINCULADOS;131648,45;0,0;131648,45
9407031;2661;2023-12-26 00:00:00;PM SIMONESIA;18.385.120/0001-10;SEGOV;1491;SECRETARIA DE ESTADO DE GOVERNO;42;AUXILIOS;1;AUXILIOS;15;RECURSOS ORDINARIOS - OUTROS RECURSOS NAO VINCULADOS;500000,0;0,0;500000,0
9407032;1110;2023-12-27 00:00:00;PM SANTA CRUZ DE MINAS;01.615.371/0001-40;SEE;1261;SECRETARIA DE ESTADO DE EDUCACAO;42;AUXILIOS;1;AUXILIOS;10;RECURSOS ORDINARIOS - RECURSOS NAO VINCULADOS DE IMPOSTOS;0,0;200000,0;0,0
9407035;1123;2023-12-27 00:00:00;PM SILVIANOPOLIS;18.675.942/0001-35;SEE;1261;SECRETARIA DE ESTADO DE EDUCACAO;42;AUXILIOS;1;AUXILIOS;10;RECURSOS ORDINARIOS - RECURSOS NAO VINCULADOS DE IMPOSTOS;0,0;745000,0;0,0
9407036;2662;2023-12-26 00:00:00;PM JOSENOPOLIS;01.612.503/0001-80;SEGOV;1491;SECRETARIA DE ESTADO DE GOVERNO;42;AUXILIOS;1;AUXILIOS;15;RECURSOS ORDINARIOS - OUTROS RECURSOS NAO VINCULADOS;453912,4;0,0;453912,4
9407038;2640;2023-12-26 00:00:00;PM CORREGO FUNDO;01.614.862/0001-77;SEGOV;1491;SECRETARIA DE ESTADO DE GOVERNO;42;AUXILIOS;1;AUXILIOS;15;RECURSOS ORDINARIOS - OUTROS RECURSOS NAO VINCULADOS;425000,0;0,0;425000,0
9407041;1112;2023-12-27 00:00:00;PM POCOS DE CALDAS;18.629.840/0001-83;SEE;1261;SECRETARIA DE ESTADO DE EDUCACAO;42;AUXILIOS;1;AUXILIOS;10;RECURSOS ORDINARIOS - RECURSOS NAO VINCULADOS DE IMPOSTOS;0,0;200000,0;0,0
9407047;2643;2023-12-26 00:00:00;PM SABINOPOLIS;18.307.454/0001-75;SEGOV;1491;SECRETARIA DE ESTADO DE GOVERNO;42;AUXILIOS;1;AUXILIOS;15;RECURSOS ORDINARIOS - OUTROS RECURSOS NAO VINCULADOS;88623,86;0,0;88623,86
9407055;1130;2023-12-27 00:00:00;PM IPANEMA;18.334.292/0001-64;SEE;1261;SECRETARIA DE ESTADO DE EDUCACAO;42;AUXILIOS;1;AUXILIOS;10;RECURSOS ORDINARIOS - RECURSOS NAO VINCULADOS DE IMPOSTOS;0,0;854000,0;0,0
9407072;1137;2023-12-27 00:00:00;PM SAO JOAQUIM DE BICAS;01.612.516/0001-50;SEE;1261;SECRETARIA DE ESTADO DE EDUCACAO;42;AUXILIOS;1;AUXILIOS;10;RECURSOS ORDINARIOS - RECURSOS NAO VINCULADOS DE IMPOSTOS;0,0;1281000,0;0,0
9407390;336;2023-12-27 00:00:00;PM CARANDAI;18.094.797/0001-07;SEDE;1221;SECRETARIA DE ESTADO DE DESENVOLVIMENTO ECONOMICO;41;CONTRIBUICOES;1;CONTRIBUICOES;32;EXPLORACAO DE RECURSOS MINERAIS;0,0;297505,0;0,0
9407443;901;2023-12-27 00:00:00;FUNDACAO DE APOIO AO DESENVOLVIMENTO DO ENSINO SUPERIOR DO NORTE DE MI;01.440.615/0001-00;SECULT;1271;SECRETARIA DE ESTADO DE CULTURA E TURISMO;41;CONTRIBUICOES;1;CONTRIBUICOES;10;RECURSOS ORDINARIOS - RECURSOS NAO VINCULADOS DE IMPOSTOS;0,0;81500,0;0,0
9407443;903;2023-12-27 00:00:00;FUNDACAO DE APOIO AO DESENVOLVIMENTO DO ENSINO SUPERIOR DO NORTE DE MI;01.440.615/0001-00;SECULT;1271;SECRETARIA DE ESTADO DE CULTURA E TURISMO;42;AUXILIOS;1;AUXILIOS;10;RECURSOS ORDINARIOS - RECURSOS NAO VINCULADOS DE IMPOSTOS;0,0;8500,0;0,0
9407445;899;2023-12-27 00:00:00;CENTRO NACIONAL DE AFRICANIDADE E RESISTENCIA AFRO BRASILEIRO;23.830.941/0001-58;SECULT;1271;SECRETARIA DE ESTADO DE CULTURA E TURISMO;41;CONTRIBUICOES;1;CONTRIBUICOES;10;RECURSOS ORDINARIOS - RECURSOS NAO VINCULADOS DE IMPOSTOS;0,0;500000,0;0,0
9407446;798;2023-12-27 00:00:00;PM SAO JOSE DO DIVINO;18.404.988/0001-10;SEINFRA;1301;SECRETARIA DE ESTADO DE INFRAESTRUTURA, MOBILIDADE E PARCERIAS;42;AUXILIOS;1;AUXILIOS;32;EXPLORACAO DE RECURSOS MINERAIS;0,0;1500000,0;0,0
9407447;893;2023-12-27 00:00:00;ACPC - ASSOCIACAO DOS CICLISTAS DE POCOS DE CALDAS;34.508.638/0001-50;SECULT;1271;SECRETARIA DE ESTADO DE CULTURA E TURISMO;41;CONTRIBUICOES;1;CONTRIBUICOES;95;RECURSOS RECEBIDOS POR DANOS ADVINDOS DE DESASTRES SOCIOAMBIENTAIS;0,0;99651,27;0,0
9407448;2688;2023-12-27 00:00:00;PM PRATA;18.260.505/0001-50;SEGOV;1491;SECRETARIA DE ESTADO DE GOVERNO;42;AUXILIOS;1;AUXILIOS;15;RECURSOS ORDINARIOS - OUTROS RECURSOS NAO VINCULADOS;0,0;1000000,0;0,0
9407449;894;2023-12-27 00:00:00;CENTRO NACIONAL DE AFRICANIDADE E RESISTENCIA AFRO BRASILEIRO;23.830.941/0001-58;SECULT;1271;SECRETARIA DE ESTADO DE CULTURA E TURISMO;41;CONTRIBUICOES;1;CONTRIBUICOES;10;RECURSOS ORDINARIOS - RECURSOS NAO VINCULADOS DE IMPOSTOS;0,0;50000,0;0,0
9407449;895;2023-12-27 00:00:00;CENTRO NACIONAL DE AFRICANIDADE E RESISTENCIA AFRO BRASILEIRO;23.830.941/0001-58;SECULT;1271;SECRETARIA DE ESTADO DE CULTURA E TURISMO;42;AUXILIOS;1;AUXILIOS;10;RECURSOS ORDINARIOS - RECURSOS NAO VINCULADOS DE IMPOSTOS;0,0;50000,0;0,0
9407450;795;2023-12-27 00:00:00;PM CONGONHAL;18.675.967/0001-39;SEINFRA;1301;SECRETARIA DE ESTADO DE INFRAESTRUTURA, MOBILIDADE E PARCERIAS;42;AUXILIOS;1;AUXILIOS;32;EXPLORACAO DE RECURSOS MINERAIS;0,0;740000,0;0,0
9407451;475;2023-12-27 00:00:00;PM FAMA;18.243.253/0001-51;SEAPA;1231;SECRETARIA DE ESTADO DE AGRICULTURA, PECUARIA E ABASTECIMENTO;41;CONTRIBUICOES;1;CONTRIBUICOES;10;RECURSOS ORDINARIOS - RECURSOS NAO VINCULADOS DE IMPOSTOS;0,0;549883,87;0,0
9407453;473;2023-12-27 00:00:00;PM VARZELANDIA;18.017.467/0001-00;SEAPA;1231;SECRETARIA DE ESTADO DE AGRICULTURA, PECUARIA E ABASTECIMENTO;41;CONTRIBUICOES;1;CONTRIBUICOES;10;RECURSOS ORDINARIOS - RECURSOS NAO VINCULADOS DE IMPOSTOS;0,0;330000,0;0,0
9407454;904;2023-12-27 00:00:00;INSTITUTO PEDRA VIVA;08.878.503/0001-76;SECULT;1271;SECRETARIA DE ESTADO DE CULTURA E TURISMO;41;CONTRIBUICOES;1;CONTRIBUICOES;10;RECURSOS ORDINARIOS - RECURSOS NAO VINCULADOS DE IMPOSTOS;0,0;88810,0;0,0
9407456;2677;2023-12-27 00:00:00;PM RESENDE COSTA;17.749.912/0001-63;SEGOV;1491;SECRETARIA DE ESTADO DE GOVERNO;42;AUXILIOS;1;AUXILIOS;15;RECURSOS ORDINARIOS - OUTROS RECURSOS NAO VINCULADOS;88123,86;0,0;88123,86
9407457;878;2023-12-26 00:00:00;CENTRO ILE ASE ALAKETU EBA IFE ORUM AYE;23.103.484/0001-08;SECULT;1271;SECRETARIA DE ESTADO DE CULTURA E TURISMO;41;CONTRIBUICOES;1;CONTRIBUICOES;10;RECURSOS ORDINARIOS - RECURSOS NAO VINCULADOS DE IMPOSTOS;0,0;72000,0;0,0
9407457;879;2023-12-26 00:00:00;CENTRO ILE ASE ALAKETU EBA IFE ORUM AYE;23.103.484/0001-08;SECULT;1271;SECRETARIA DE ESTADO DE CULTURA E TURISMO;42;AUXILIOS;1;AUXILIOS;10;RECURSOS ORDINARIOS - RECURSOS NAO VINCULADOS DE IMPOSTOS;0,0;48000,0;0,0
9407459;464;2023-12-27 00:00:00;PM SERRA DOS AIMORES;18.398.966/0001-94;SEAPA;1231;SECRETARIA DE ESTADO DE AGRICULTURA, PECUARIA E ABASTECIMENTO;41;CONTRIBUICOES;1;CONTRIBUICOES;97;TRANSFERENCIAS ESPECIAIS DE RECURSOS DA UNIAO;0,0;547623,35;0,0
9407460;2680;2023-12-27 00:00:00;PM CIPOTANEA;18.094.805/0001-07;SEGOV;1491;SECRETARIA DE ESTADO DE GOVERNO;42;AUXILIOS;1;AUXILIOS;15;RECURSOS ORDINARIOS - OUTROS RECURSOS NAO VINCULADOS;131648,45;0,0;131648,45
9407461;6551;2023-12-27 00:00:00;FUNDACAO CRISTIANO VARELLA;00.961.315/0001-03;FES;4291;FUNDO ESTADUAL DE SAUDE;42;AUXILIOS;1;AUXILIOS;10;RECURSOS ORDINARIOS - RECURSOS NAO VINCULADOS DE IMPOSTOS;0,0;6163960,24;0,0
9407462;391;2023-12-26 00:00:00;CEAMI - REABILITACAO PARA A VIDA;03.744.116/0001-23;SEDESE;1481;SECRETARIA DE ESTADO DE DESENVOLVIMENTO SOCIAL;42;AUXILIOS;1;AUXILIOS;10;RECURSOS ORDINARIOS - RECURSOS NAO VINCULADOS DE IMPOSTOS;0,0;100149,99;0,0
9407464;469;2023-12-27 00:00:00;ISEPEM-INSTITUTO SOCIAL, EDUCACIONAL E DE PESQUISA DE MINAS GERAIS;03.687.756/0001-49;SEDESE;1481;SECRETARIA DE ESTADO DE DESENVOLVIMENTO SOCIAL;43;SUBVENCOES SOCIAIS;1;SUBVENCOES SOCIAIS;10;RECURSOS ORDINARIOS - RECURSOS NAO VINCULADOS DE IMPOSTOS;0,0;245000,0;0,0
9407464;472;2023-12-27 00:00:00;ISEPEM-INSTITUTO SOCIAL, EDUCACIONAL E DE PESQUISA DE MINAS GERAIS;03.687.756/0001-49;SEDESE;1481;SECRETARIA DE ESTADO DE DESENVOLVIMENTO SOCIAL;42;AUXILIOS;1;AUXILIOS;10;RECURSOS ORDINARIOS - RECURSOS NAO VINCULADOS DE IMPOSTOS;0,0;30000,0;0,0
9407465;6556;2023-12-28 00:00:00;PM JANUARIA;21.461.546/0001-10;FES;4291;FUNDO ESTADUAL DE SAUDE;42;AUXILIOS;1;AUXILIOS;10;RECURSOS ORDINARIOS - RECURSOS NAO VINCULADOS DE IMPOSTOS;0,0;1852834,98;0,0
9407470;6552;2023-12-28 00:00:00;IRMANDADE DE NOSSA SENHORA DA SAUDE;20.081.238/0001-04;FES;4291;FUNDO ESTADUAL DE SAUDE;42;AUXILIOS;1;AUXILIOS;10;RECURSOS ORDINARIOS - RECURSOS NAO VINCULADOS DE IMPOSTOS;0,0;1339610,7;0,0
9407471;2671;2023-12-27 00:00:00;PM CAMPINA VERDE;18.457.291/0001-07;SEGOV;1491;SECRETARIA DE ESTADO DE GOVERNO;42;AUXILIOS;1;AUXILIOS;15;RECURSOS ORDINARIOS - OUTROS RECURSOS NAO VINCULADOS;300000,0;0,0;300000,0
9407472;902;2023-12-27 00:00:00;ASSOCIACAO RECREATIVA ESCOLA DE SAMBA INOCENTES DE SANTA TEREZA;06.282.278/0001-85;SECULT;1271;SECRETARIA DE ESTADO DE CULTURA E TURISMO;41;CONTRIBUICOES;1;CONTRIBUICOES;10;RECURSOS ORDINARIOS - RECURSOS NAO VINCULADOS DE IMPOSTOS;0,0;90000,0;0,0
9407473;793;2023-12-27 00:00:00;PM SENADOR JOSE BENTO;18.675.926/0001-42;SEINFRA;1301;SECRETARIA DE ESTADO DE INFRAESTRUTURA, MOBILIDADE E PARCERIAS;42;AUXILIOS;1;AUXILIOS;15;RECURSOS ORDINARIOS - OUTROS RECURSOS NAO VINCULADOS;0,0;245000,0;0,0
9407474;6546;2023-12-27 00:00:00;FUNDACAO DE DESENVOLVIMENTO DA PESQUISA;18.720.938/0001-41;FES;4291;FUNDO ESTADUAL DE SAUDE;42;AUXILIOS;1;AUXILIOS;10;RECURSOS ORDINARIOS - RECURSOS NAO VINCULADOS DE IMPOSTOS;0,0;3475680,1;0,0
9407475;797;2023-12-27 00:00:00;PM SAO GERALDO DA PIEDADE;18.307.470/0001-68;SEINFRA;1301;SECRETARIA DE ESTADO DE INFRAESTRUTURA, MOBILIDADE E PARCERIAS;42;AUXILIOS;1;AUXILIOS;10;RECURSOS ORDINARIOS - RECURSOS NAO VINCULADOS DE IMPOSTOS;0,0;5000000,0;0,0
9407476;800;2023-12-27 00:00:00;PM DIVINOPOLIS;18.291.351/0001-64;SEINFRA;1301;SECRETARIA DE ESTADO DE INFRAESTRUTURA, MOBILIDADE E PARCERIAS;42;AUXILIOS;1;AUXILIOS;32;EXPLORACAO DE RECURSOS MINERAIS;0,0;1820000,0;0,0
9407477;2681;2023-12-27 00:00:00;PM CAPELA NOVA;19.259.951/0001-08;SEGOV;1491;SECRETARIA DE ESTADO DE GOVERNO;42;AUXILIOS;1;AUXILIOS;15;RECURSOS ORDINARIOS - OUTROS RECURSOS NAO VINCULADOS;0,0;0,0;0,0
9407478;792;2023-12-27 00:00:00;PM SIMONESIA;18.385.120/0001-10;SEINFRA;1301;SECRETARIA DE ESTADO DE INFRAESTRUTURA, MOBILIDADE E PARCERIAS;42;AUXILIOS;1;AUXILIOS;10;RECURSOS ORDINARIOS - RECURSOS NAO VINCULADOS DE IMPOSTOS;0,0;1200000,0;0,0
9407479;1361;2023-12-27 00:00:00;APAE DE LAMBARI;21.404.397/0001-57;FEAS;4251;FUNDO ESTADUAL DE ASSISTENCIA SOCIAL;43;SUBVENCOES SOCIAIS;1;SUBVENCOES SOCIAIS;71;RECURSOS DO FUNDO ESTADUAL DE ERRADICACAO DA MISERIA;0,0;84615,63;0,0
9407480;801;2023-12-27 00:00:00;PM CAMPO BELO;18.659.334/0001-37;SEINFRA;1301;SECRETARIA DE ESTADO DE INFRAESTRUTURA, MOBILIDADE E PARCERIAS;42;AUXILIOS;1;AUXILIOS;32;EXPLORACAO DE RECURSOS MINERAIS;0,0;500000,0;0,0
9407481;294;2023-12-27 00:00:00;PM DURANDE;66.232.547/0001-20;SEDESE;1481;SECRETARIA DE ESTADO DE DESENVOLVIMENTO SOCIAL;41;CONTRIBUICOES;1;CONTRIBUICOES;38;TRANSFERENCIAS DA UNIAO VINCULADOS AO ESPORTE;0,0;229369,38;0,0
9407482;2682;2023-12-27 00:00:00;PM IBERTIOGA;18.094.839/0001-00;SEGOV;1491;SECRETARIA DE ESTADO DE GOVERNO;42;AUXILIOS;1;AUXILIOS;15;RECURSOS ORDINARIOS - OUTROS RECURSOS NAO VINCULADOS;130986,9;0,0;130986,9
9407483;300;2023-12-27 00:00:00;PM LADAINHA;18.404.863/0001-90;SEDESE;1481;SECRETARIA DE ESTADO DE DESENVOLVIMENTO SOCIAL;42;AUXILIOS;1;AUXILIOS;38;TRANSFERENCIAS DA UNIAO VINCULADOS AO ESPORTE;0,0;242731,7;0,0
9407484;293;2023-12-27 00:00:00;ASSOCIACAO MINEIRA DO PARADESPORTO - AMPADESPORTO;29.335.005/0001-57;SEDESE;1481;SECRETARIA DE ESTADO DE DESENVOLVIMENTO SOCIAL;43;SUBVENCOES SOCIAIS;1;SUBVENCOES SOCIAIS;38;TRANSFERENCIAS DA UNIAO VINCULADOS AO ESPORTE;0,0;0,0;0,0
9407485;412;2023-12-26 00:00:00;INSTITUTO EM PROL DO DESENVOLVIMENTO INTEGRADO E PLURAL DAS COMUNIDADE;34.607.687/0001-40;SEDESE;1481;SECRETARIA DE ESTADO DE DESENVOLVIMENTO SOCIAL;43;SUBVENCOES SOCIAIS;1;SUBVENCOES SOCIAIS;10;RECURSOS ORDINARIOS - RECURSOS NAO VINCULADOS DE IMPOSTOS;0,0;90000,0;0,0
9407490;535;2023-12-27 00:00:00;PM DIAMANTINA;17.754.136/0001-90;SEDESE;1481;SECRETARIA DE ESTADO DE DESENVOLVIMENTO SOCIAL;42;AUXILIOS;1;AUXILIOS;60;RECURSOS DIRETAMENTE ARRECADADOS;0,0;1990000,0;0,0
9407491;532;2023-12-27 00:00:00;PM BOCAIUVA;18.803.072/0001-32;SEDESE;1481;SECRETARIA DE ESTADO DE DESENVOLVIMENTO SOCIAL;42;AUXILIOS;1;AUXILIOS;60;RECURSOS DIRETAMENTE ARRECADADOS;0,0;336600,0;0,0
9407492;531;2023-12-27 00:00:00;PM SALINAS;24.359.333/0001-70;SEDESE;1481;SECRETARIA DE ESTADO DE DESENVOLVIMENTO SOCIAL;42;AUXILIOS;1;AUXILIOS;60;RECURSOS DIRETAMENTE ARRECADADOS;0,0;596984,93;0,0
9407494;533;2023-12-27 00:00:00;PM GUANHAES;18.307.439/0001-27;SEDESE;1481;SECRETARIA DE ESTADO DE DESENVOLVIMENTO SOCIAL;42;AUXILIOS;1;AUXILIOS;60;RECURSOS DIRETAMENTE ARRECADADOS;0,0;1054700,0;0,0
9407495;392;2023-12-26 00:00:00;ONG JUVENTUDE COM ATITUDE - JUCA - CONTAGEM;09.184.794/0001-65;SEDESE;1481;SECRETARIA DE ESTADO DE DESENVOLVIMENTO SOCIAL;43;SUBVENCOES SOCIAIS;1;SUBVENCOES SOCIAIS;10;RECURSOS ORDINARIOS - RECURSOS NAO VINCULADOS DE IMPOSTOS;0,0;1200000,0;0,0
9407496;398;2023-12-26 00:00:00;PM CAPIM BRANCO;18.314.617/0001-47;SEDESE;1481;SECRETARIA DE ESTADO DE DESENVOLVIMENTO SOCIAL;41;CONTRIBUICOES;1;CONTRIBUICOES;15;RECURSOS ORDINARIOS - OUTROS RECURSOS NAO VINCULADOS;0,0;750000,0;0,0
9407497;306;2023-12-27 00:00:00;PM SERRA AZUL DE MINAS;18.303.230/0001-95;SEDESE;1481;SECRETARIA DE ESTADO DE DESENVOLVIMENTO SOCIAL;42;AUXILIOS;1;AUXILIOS;60;RECURSOS DIRETAMENTE ARRECADADOS;0,0;250000,0;0,0
9407498;2683;2023-12-27 00:00:00;PM ANTONIO CARLOS;18.094.763/0001-04;SEGOV;1491;SECRETARIA DE ESTADO DE GOVERNO;42;AUXILIOS;1;AUXILIOS;15;RECURSOS ORDINARIOS - OUTROS RECURSOS NAO VINCULADOS;338206,47;0,0;338206,47
9407499;429;2023-12-26 00:00:00;ASSOCIACAO DOS PEQ PROD RURAIS DA REGIAO DE FURADO DO PEIXE;74.126.277/0001-00;SEDESE;1481;SECRETARIA DE ESTADO DE DESENVOLVIMENTO SOCIAL;42;AUXILIOS;1;AUXILIOS;10;RECURSOS ORDINARIOS - RECURSOS NAO VINCULADOS DE IMPOSTOS;0,0;88623,86;0,0
9407500;476;2023-12-27 00:00:00;PM BUGRE;01.613.126/0001-02;SEDESE;1481;SECRETARIA DE ESTADO DE DESENVOLVIMENTO SOCIAL;42;AUXILIOS;1;AUXILIOS;15;RECURSOS ORDINARIOS - OUTROS RECURSOS NAO VINCULADOS;0,0;800000,0;0,0
9407501;419;2023-12-26 00:00:00;CENTRO CULTURAL DONA ANTONIA;08.279.756/0001-23;SEDESE;1481;SECRETARIA DE ESTADO DE DESENVOLVIMENTO SOCIAL;43;SUBVENCOES SOCIAIS;1;SUBVENCOES SOCIAIS;10;RECURSOS ORDINARIOS - RECURSOS NAO VINCULADOS DE IMPOSTOS;0,0;150000,0;0,0
9407502;311;2023-12-27 00:00:00;PM CATUGI;26.218.636/0001-06;SEDESE;1481;SECRETARIA DE ESTADO DE DESENVOLVIMENTO SOCIAL;42;AUXILIOS;1;AUXILIOS;60;RECURSOS DIRETAMENTE ARRECADADOS;0,0;250000,0;0,0
9407503;479;2023-12-27 00:00:00;ASSOCIACAO ZEIZA DOJO;24.313.258/0001-06;SEDESE;1481;SECRETARIA DE ESTADO DE DESENVOLVIMENTO SOCIAL;43;SUBVENCOES SOCIAIS;1;SUBVENCOES SOCIAIS;10;RECURSOS ORDINARIOS - RECURSOS NAO VINCULADOS DE IMPOSTOS;0,0;109960,71;0,0
9407503;480;2023-12-27 00:00:00;ASSOCIACAO ZEIZA DOJO;24.313.258/0001-06;SEDESE;1481;SECRETARIA DE ESTADO DE DESENVOLVIMENTO SOCIAL;42;AUXILIOS;1;AUXILIOS;10;RECURSOS ORDINARIOS - RECURSOS NAO VINCULADOS DE IMPOSTOS;0,0;89401,22;0,0
9407504;1360;2023-12-27 00:00:00;APAE DE FLORESTAL;00.215.385/0001-04;FEAS;4251;FUNDO ESTADUAL DE ASSISTENCIA SOCIAL;43;SUBVENCOES SOCIAIS;1;SUBVENCOES SOCIAIS;71;RECURSOS DO FUNDO ESTADUAL DE ERRADICACAO DA MISERIA;0,0;112820,83;0,0
9407505;442;2023-12-27 00:00:00;PM NINHEIRA;01.612.495/0001-72;SEDESE;1481;SECRETARIA DE ESTADO DE DESENVOLVIMENTO SOCIAL;42;AUXILIOS;1;AUXILIOS;15;RECURSOS ORDINARIOS - OUTROS RECURSOS NAO VINCULADOS;0,0;550000,0;0,0
9407506;471;2023-12-27 00:00:00;PM CAMPINA VERDE;18.457.291/0001-07;SEAPA;1231;SECRETARIA DE ESTADO DE AGRICULTURA, PECUARIA E ABASTECIMENTO;41;CONTRIBUICOES;1;CONTRIBUICOES;10;RECURSOS ORDINARIOS - RECURSOS NAO VINCULADOS DE IMPOSTOS;0,0;330000,0;0,0
9407507;445;2023-12-27 00:00:00;PM JOAO PINHEIRO;16.930.299/0001-13;SEDESE;1481;SECRETARIA DE ESTADO DE DESENVOLVIMENTO SOCIAL;42;AUXILIOS;1;AUXILIOS;15;RECURSOS ORDINARIOS - OUTROS RECURSOS NAO VINCULADOS;0,0;300000,0;0,0
9407509;453;2023-12-27 00:00:00;ASSOCIACAO MINEIRA DE EDUCACAO CONTINUADA ASMEC;05.263.848/0001-27;SEDESE;1481;SECRETARIA DE ESTADO DE DESENVOLVIMENTO SOCIAL;43;SUBVENCOES SOCIAIS;1;SUBVENCOES SOCIAIS;10;RECURSOS ORDINARIOS - RECURSOS NAO VINCULADOS DE IMPOSTOS;0,0;180000,0;0,0
9407510;503;2023-12-27 00:00:00;PM CONCEICAO DAS ALAGOAS;18.428.854/0001-39;SEDESE;1481;SECRETARIA DE ESTADO DE DESENVOLVIMENTO SOCIAL;42;AUXILIOS;1;AUXILIOS;15;RECURSOS ORDINARIOS - OUTROS RECURSOS NAO VINCULADOS;0,0;400000,0;0,0
9407514;2679;2023-12-27 00:00:00;PM NOVA ERA;16.819.831/0001-20;SEGOV;1491;SECRETARIA DE ESTADO DE GOVERNO;42;AUXILIOS;1;AUXILIOS;15;RECURSOS ORDINARIOS - OUTROS RECURSOS NAO VINCULADOS;88180,63;0,0;88180,63
9407515;443;2023-12-27 00:00:00;PM MERCES;17.744.442/0001-45;SEDESE;1481;SECRETARIA DE ESTADO DE DESENVOLVIMENTO SOCIAL;42;AUXILIOS;1;AUXILIOS;15;RECURSOS ORDINARIOS - OUTROS RECURSOS NAO VINCULADOS;0,0;500000,0;0,0
9407517;401;2023-12-26 00:00:00;AGENCIA NACIONAL DE DES E RECURSOS ASSISTENCIAIS DO POVO CIGANO;32.023.907/0001-62;SEDESE;1481;SECRETARIA DE ESTADO DE DESENVOLVIMENTO SOCIAL;42;AUXILIOS;1;AUXILIOS;10;RECURSOS ORDINARIOS - RECURSOS NAO VINCULADOS DE IMPOSTOS;0,0;100000,0;0,0
9407518;424;2023-12-26 00:00:00;CENTRO DE TECNOLOGIAS ALTERNATIVAS DA ZONA DA MATA;20.323.796/0001-20;SEDESE;1481;SECRETARIA DE ESTADO DE DESENVOLVIMENTO SOCIAL;43;SUBVENCOES SOCIAIS;1;SUBVENCOES SOCIAIS;10;RECURSOS ORDINARIOS - RECURSOS NAO VINCULADOS DE IMPOSTOS;0,0;87533,77;0,0
9407518;425;2023-12-26 00:00:00;CENTRO DE TECNOLOGIAS ALTERNATIVAS DA ZONA DA MATA;20.323.796/0001-20;SEDESE;1481;SECRETARIA DE ESTADO DE DESENVOLVIMENTO SOCIAL;42;AUXILIOS;1;AUXILIOS;10;RECURSOS ORDINARIOS - RECURSOS NAO VINCULADOS DE IMPOSTOS;0,0;12455,4;0,0
9407519;478;2023-12-27 00:00:00;PM PARACATU;18.278.051/0001-45;SEDESE;1481;SECRETARIA DE ESTADO DE DESENVOLVIMENTO SOCIAL;42;AUXILIOS;1;AUXILIOS;15;RECURSOS ORDINARIOS - OUTROS RECURSOS NAO VINCULADOS;0,0;250000,0;0,0
9407520;475;2023-12-27 00:00:00;INSTITUTO ASSISTENCIAL PLURIVIDAS;30.269.950/0001-87;SEDESE;1481;SECRETARIA DE ESTADO DE DESENVOLVIMENTO SOCIAL;42;AUXILIOS;1;AUXILIOS;10;RECURSOS ORDINARIOS - RECURSOS NAO VINCULADOS DE IMPOSTOS;0,0;341622,7;0,0
9407522;420;2023-12-26 00:00:00;LIGA DESP. DE CONSELHEIRO LAFAIETE;18.381.392/0001-41;SEDESE;1481;SECRETARIA DE ESTADO DE DESENVOLVIMENTO SOCIAL;43;SUBVENCOES SOCIAIS;1;SUBVENCOES SOCIAIS;10;RECURSOS ORDINARIOS - RECURSOS NAO VINCULADOS DE IMPOSTOS;0,0;320000,0;0,0
9407523;418;2023-12-26 00:00:00;INSTITUTO GALO;35.777.212/0001-64;SEDESE;1481;SECRETARIA DE ESTADO DE DESENVOLVIMENTO SOCIAL;43;SUBVENCOES SOCIAIS;1;SUBVENCOES SOCIAIS;10;RECURSOS ORDINARIOS - RECURSOS NAO VINCULADOS DE IMPOSTOS;0,0;90000,0;0,0
9407524;415;2023-12-26 00:00:00;FUNDACAO OASIS;01.030.958/0001-98;SEDESE;1481;SECRETARIA DE ESTADO DE DESENVOLVIMENTO SOCIAL;43;SUBVENCOES SOCIAIS;1;SUBVENCOES SOCIAIS;10;RECURSOS ORDINARIOS - RECURSOS NAO VINCULADOS DE IMPOSTOS;0,0;90000,0;0,0
9407525;513;2023-12-27 00:00:00;PM ALTO JEQUITIBA;18.392.506/0001-59;SEDESE;1481;SECRETARIA DE ESTADO DE DESENVOLVIMENTO SOCIAL;42;AUXILIOS;1;AUXILIOS;15;RECURSOS ORDINARIOS - OUTROS RECURSOS NAO VINCULADOS;0,0;300000,0;0,0
9407526;2684;2023-12-27 00:00:00;PM SANTANA DO JACARE;17.888.116/0001-01;SEGOV;1491;SECRETARIA DE ESTADO DE GOVERNO;42;AUXILIOS;1;AUXILIOS;15;RECURSOS ORDINARIOS - OUTROS RECURSOS NAO VINCULADOS;0,0;218724,53;0,0
9407527;402;2023-12-26 00:00:00;ASSOCIACAO DA ESCOLINHA DE FUTEBOL DO MUNIC.FRANCISCO SA;08.646.303/0001-98;SEDESE;1481;SECRETARIA DE ESTADO DE DESENVOLVIMENTO SOCIAL;43;SUBVENCOES SOCIAIS;1;SUBVENCOES SOCIAIS;10;RECURSOS ORDINARIOS - RECURSOS NAO VINCULADOS DE IMPOSTOS;0,0;17950,0;0,0
9407527;405;2023-12-26 00:00:00;ASSOCIACAO DA ESCOLINHA DE FUTEBOL DO MUNIC.FRANCISCO SA;08.646.303/0001-98;SEDESE;1481;SECRETARIA DE ESTADO DE DESENVOLVIMENTO SOCIAL;42;AUXILIOS;1;AUXILIOS;10;RECURSOS ORDINARIOS - RECURSOS NAO VINCULADOS DE IMPOSTOS;0,0;82050,0;0,0
9407528;474;2023-12-27 00:00:00;CENTRO DE TECNOLOGIAS ALTERNATIVAS DA ZONA DA MATA;20.323.796/0001-20;SEDESE;1481;SECRETARIA DE ESTADO DE DESENVOLVIMENTO SOCIAL;43;SUBVENCOES SOCIAIS;1;SUBVENCOES SOCIAIS;10;RECURSOS ORDINARIOS - RECURSOS NAO VINCULADOS DE IMPOSTOS;0,0;71728,04;0,0
9407528;477;2023-12-27 00:00:00;CENTRO DE TECNOLOGIAS ALTERNATIVAS DA ZONA DA MATA;20.323.796/0001-20;SEDESE;1481;SECRETARIA DE ESTADO DE DESENVOLVIMENTO SOCIAL;42;AUXILIOS;1;AUXILIOS;10;RECURSOS ORDINARIOS - RECURSOS NAO VINCULADOS DE IMPOSTOS;0,0;58271,83;0,0
9407529;307;2023-12-27 00:00:00;PM ARAPONGA;18.132.167/0001-71;SEDESE;1481;SECRETARIA DE ESTADO DE DESENVOLVIMENTO SOCIAL;42;AUXILIOS;1;AUXILIOS;60;RECURSOS DIRETAMENTE ARRECADADOS;0,0;250000,0;0,0
9407530;473;2023-12-27 00:00:00;ASSOCIACAO MINEIRA DE DEFESA DOS DIREITOS DOS AUTISTAS AMDDA;11.814.815/0001-20;SEDESE;1481;SECRETARIA DE ESTADO DE DESENVOLVIMENTO SOCIAL;43;SUBVENCOES SOCIAIS;1;SUBVENCOES SOCIAIS;10;RECURSOS ORDINARIOS - RECURSOS NAO VINCULADOS DE IMPOSTOS;0,0;90000,0;0,0
9407531;466;2023-12-27 00:00:00;ASSOCIACAO DE PAIS E AMIGOS DOS EXCEPCIONAIS;00.909.916/0001-69;SEDESE;1481;SECRETARIA DE ESTADO DE DESENVOLVIMENTO SOCIAL;43;SUBVENCOES SOCIAIS;1;SUBVENCOES SOCIAIS;10;RECURSOS ORDINARIOS - RECURSOS NAO VINCULADOS DE IMPOSTOS;0,0;89567,8;0,0
9407535;510;2023-12-27 00:00:00;PM GRUPIARA;17.827.858/0001-27;SEDESE;1481;SECRETARIA DE ESTADO DE DESENVOLVIMENTO SOCIAL;42;AUXILIOS;1;AUXILIOS;15;RECURSOS ORDINARIOS - OUTROS RECURSOS NAO VINCULADOS;0,0;300000,0;0,0
9407536;422;2023-12-26 00:00:00;ABRACO ASSOCIACAO BRASILEIRA COMUNITARIA PARA A PREVENCAO DO ABUSO DE;25.572.199/0001-53;SEDESE;1481;SECRETARIA DE ESTADO DE DESENVOLVIMENTO SOCIAL;43;SUBVENCOES SOCIAIS;1;SUBVENCOES SOCIAIS;10;RECURSOS ORDINARIOS - RECURSOS NAO VINCULADOS DE IMPOSTOS;0,0;98800,0;0,0
9407537;2673;2023-12-27 00:00:00;PM JABOTICATUBAS;18.715.417/0001-04;SEGOV;1491;SECRETARIA DE ESTADO DE GOVERNO;42;AUXILIOS;1;AUXILIOS;15;RECURSOS ORDINARIOS - OUTROS RECURSOS NAO VINCULADOS;200000,0;0,0;200000,0
9407538;284;2023-12-26 00:00:00;PM SAO JOSE DO JACURI;18.409.201/0001-02;SEDESE;1481;SECRETARIA DE ESTADO DE DESENVOLVIMENTO SOCIAL;42;AUXILIOS;1;AUXILIOS;60;RECURSOS DIRETAMENTE ARRECADADOS;0,0;250000,0;0,0
9407539;414;2023-12-26 00:00:00;FRENTE DE APOIO AO MENOR-FAM;19.125.723/0001-45;SEDESE;1481;SECRETARIA DE ESTADO DE DESENVOLVIMENTO SOCIAL;42;AUXILIOS;1;AUXILIOS;10;RECURSOS ORDINARIOS - RECURSOS NAO VINCULADOS DE IMPOSTOS;0,0;90000,0;0,0
9407541;305;2023-12-27 00:00:00;PM INDIANOPOLIS;18.259.390/0001-84;SEDESE;1481;SECRETARIA DE ESTADO DE DESENVOLVIMENTO SOCIAL;42;AUXILIOS;1;AUXILIOS;38;TRANSFERENCIAS DA UNIAO VINCULADOS AO ESPORTE;0,0;132543,29;0,0
9407542;299;2023-12-27 00:00:00;PM FRUTA DE LEITE;01.612.483/0001-48;SEDESE;1481;SECRETARIA DE ESTADO DE DESENVOLVIMENTO SOCIAL;42;AUXILIOS;1;AUXILIOS;38;TRANSFERENCIAS DA UNIAO VINCULADOS AO ESPORTE;0,0;232963,45;0,0
9407543;439;2023-12-27 00:00:00;INSTITUTO SOCIAL MAIS VIVO;21.171.012/0001-59;SEDESE;1481;SECRETARIA DE ESTADO DE DESENVOLVIMENTO SOCIAL;43;SUBVENCOES SOCIAIS;1;SUBVENCOES SOCIAIS;10;RECURSOS ORDINARIOS - RECURSOS NAO VINCULADOS DE IMPOSTOS;0,0;89997,21;0,0
9407545;428;2023-12-26 00:00:00;ASSOCIACAO DE PAIS E AMIGOS DOS EXCEPCIONAIS;20.067.328/0001-32;SEDESE;1481;SECRETARIA DE ESTADO DE DESENVOLVIMENTO SOCIAL;42;AUXILIOS;1;AUXILIOS;10;RECURSOS ORDINARIOS - RECURSOS NAO VINCULADOS DE IMPOSTOS;0,0;150000,0;0,0
9407546;516;2023-12-27 00:00:00;PM MATIPO;18.385.104/0001-27;SEDESE;1481;SECRETARIA DE ESTADO DE DESENVOLVIMENTO SOCIAL;42;AUXILIOS;1;AUXILIOS;15;RECURSOS ORDINARIOS - OUTROS RECURSOS NAO VINCULADOS;0,0;560000,0;0,0
9407548;518;2023-12-27 00:00:00;PM BUGRE;01.613.126/0001-02;SEDESE;1481;SECRETARIA DE ESTADO DE DESENVOLVIMENTO SOCIAL;42;AUXILIOS;1;AUXILIOS;15;RECURSOS ORDINARIOS - OUTROS RECURSOS NAO VINCULADOS;0,0;300000,0;0,0
9407549;2674;2023-12-27 00:00:00;PM UBERABA;18.428.839/0001-90;SEGOV;1491;SECRETARIA DE ESTADO DE GOVERNO;42;AUXILIOS;1;AUXILIOS;15;RECURSOS ORDINARIOS - OUTROS RECURSOS NAO VINCULADOS;0,0;84192,66;0,0
9407550;464;2023-12-27 00:00:00;CARITAS DIOCESANA DE ARACUAI;20.817.755/0001-90;SEDESE;1481;SECRETARIA DE ESTADO DE DESENVOLVIMENTO SOCIAL;43;SUBVENCOES SOCIAIS;1;SUBVENCOES SOCIAIS;10;RECURSOS ORDINARIOS - RECURSOS NAO VINCULADOS DE IMPOSTOS;0,0;15000,0;0,0
9407550;467;2023-12-27 00:00:00;CARITAS DIOCESANA DE ARACUAI;20.817.755/0001-90;SEDESE;1481;SECRETARIA DE ESTADO DE DESENVOLVIMENTO SOCIAL;42;AUXILIOS;1;AUXILIOS;10;RECURSOS ORDINARIOS - RECURSOS NAO VINCULADOS DE IMPOSTOS;0,0;85000,0;0,0
9407551;520;2023-12-27 00:00:00;PM BIAS FORTES;18.094.771/0001-50;SEDESE;1481;SECRETARIA DE ESTADO DE DESENVOLVIMENTO SOCIAL;42;AUXILIOS;1;AUXILIOS;15;RECURSOS ORDINARIOS - OUTROS RECURSOS NAO VINCULADOS;0,0;300000,0;0,0
9407552;468;2023-12-27 00:00:00;EXITUS INSTITUTO SOCIOAMBIENTAL;09.455.869/0001-03;SEDESE;1481;SECRETARIA DE ESTADO DE DESENVOLVIMENTO SOCIAL;42;AUXILIOS;1;AUXILIOS;10;RECURSOS ORDINARIOS - RECURSOS NAO VINCULADOS DE IMPOSTOS;0,0;99907,33;0,0
9407553;283;2023-12-26 00:00:00;PM FREI LAGONEGRO;01.615.008/0001-25;SEDESE;1481;SECRETARIA DE ESTADO DE DESENVOLVIMENTO SOCIAL;42;AUXILIOS;1;AUXILIOS;38;TRANSFERENCIAS DA UNIAO VINCULADOS AO ESPORTE;0,0;79033,01;0,0
9407554;406;2023-12-26 00:00:00;ASS COM DAS MULHERES QUILOMBOLAS DA COM DE SAO SEBASTIAO E ADJACENCIAS;30.060.247/0001-64;SEDESE;1481;SECRETARIA DE ESTADO DE DESENVOLVIMENTO SOCIAL;42;AUXILIOS;1;AUXILIOS;10;RECURSOS ORDINARIOS - RECURSOS NAO VINCULADOS DE IMPOSTOS;0,0;88623,86;0,0
9407556;393;2023-12-26 00:00:00;PM JOAO MONLEVADE;18.401.059/0001-57;SEDESE;1481;SECRETARIA DE ESTADO DE DESENVOLVIMENTO SOCIAL;42;AUXILIOS;1;AUXILIOS;15;RECURSOS ORDINARIOS - OUTROS RECURSOS NAO VINCULADOS;0,0;284700,0;0,0
9407557;2675;2023-12-27 00:00:00;PM CONCEICAO DA BARRA DE MINAS;18.557.587/0001-08;SEGOV;1491;SECRETARIA DE ESTADO DE GOVERNO;42;AUXILIOS;1;AUXILIOS;15;RECURSOS ORDINARIOS - OUTROS RECURSOS NAO VINCULADOS;0,0;87737,0;0,0
9407558;515;2023-12-27 00:00:00;PM UBERLANDIA;18.431.312/0001-15;SEDESE;1481;SECRETARIA DE ESTADO DE DESENVOLVIMENTO SOCIAL;42;AUXILIOS;1;AUXILIOS;15;RECURSOS ORDINARIOS - OUTROS RECURSOS NAO VINCULADOS;0,0;400000,0;0,0
9407559;279;2023-12-26 00:00:00;ASSOCIACAO BURITIS DE ESPORTE E CULTURA;12.382.472/0001-35;SEDESE;1481;SECRETARIA DE ESTADO DE DESENVOLVIMENTO SOCIAL;42;AUXILIOS;1;AUXILIOS;10;RECURSOS ORDINARIOS - RECURSOS NAO VINCULADOS DE IMPOSTOS;0,0;334786,68;0,0
9407560;282;2023-12-26 00:00:00;PM DIOGO DE VASCONCELOS;18.295.311/0001-90;SEDESE;1481;SECRETARIA DE ESTADO DE DESENVOLVIMENTO SOCIAL;42;AUXILIOS;1;AUXILIOS;60;RECURSOS DIRETAMENTE ARRECADADOS;0,0;250000,0;0,0
9407561;519;2023-12-27 00:00:00;PM CAETANOPOLIS;23.221.351/0001-28;SEDESE;1481;SECRETARIA DE ESTADO DE DESENVOLVIMENTO SOCIAL;42;AUXILIOS;1;AUXILIOS;15;RECURSOS ORDINARIOS - OUTROS RECURSOS NAO VINCULADOS;0,0;600000,0;0,0
9407562;399;2023-12-26 00:00:00;PM GONZAGA;18.307.421/0001-25;SEDESE;1481;SECRETARIA DE ESTADO DE DESENVOLVIMENTO SOCIAL;42;AUXILIOS;1;AUXILIOS;15;RECURSOS ORDINARIOS - OUTROS RECURSOS NAO VINCULADOS;0,0;570000,0;0,0
9407563;460;2023-12-27 00:00:00;APAE ASSOCIAC DE PAIS E AMIGOS DOS EXCEP DE S SEBAST DO ANTA;07.364.381/0001-37;SEDESE;1481;SECRETARIA DE ESTADO DE DESENVOLVIMENTO SOCIAL;42;AUXILIOS;1;AUXILIOS;10;RECURSOS ORDINARIOS - RECURSOS NAO VINCULADOS DE IMPOSTOS;0,0;90000,0;0,0
9407564;455;2023-12-27 00:00:00;PM LARANJAL;17.947.615/0001-22;SEDESE;1481;SECRETARIA DE ESTADO DE DESENVOLVIMENTO SOCIAL;42;AUXILIOS;1;AUXILIOS;15;RECURSOS ORDINARIOS - OUTROS RECURSOS NAO VINCULADOS;0,0;300000,0;0,0
9407565;304;2023-12-27 00:00:00;PM BONFIM;18.363.945/0001-33;SEDESE;1481;SECRETARIA DE ESTADO DE DESENVOLVIMENTO SOCIAL;42;AUXILIOS;1;AUXILIOS;60;RECURSOS DIRETAMENTE ARRECADADOS;0,0;250000,0;0,0
9407566;308;2023-12-27 00:00:00;PM UNIAO DE MINAS;01.051.819/0001-40;SEDESE;1481;SECRETARIA DE ESTADO DE DESENVOLVIMENTO SOCIAL;42;AUXILIOS;1;AUXILIOS;60;RECURSOS DIRETAMENTE ARRECADADOS;0,0;250000,0;0,0
9407567;505;2023-12-27 00:00:00;PM FAMA;18.243.253/0001-51;SEDESE;1481;SECRETARIA DE ESTADO DE DESENVOLVIMENTO SOCIAL;42;AUXILIOS;1;AUXILIOS;15;RECURSOS ORDINARIOS - OUTROS RECURSOS NAO VINCULADOS;0,0;450000,0;0,0
9407568;2678;2023-12-27 00:00:00;PM JEQUERI;18.316.166/0001-87;SEGOV;1491;SECRETARIA DE ESTADO DE GOVERNO;42;AUXILIOS;1;AUXILIOS;15;RECURSOS ORDINARIOS - OUTROS RECURSOS NAO VINCULADOS;362595,95;0,0;362595,95
9407569;281;2023-12-26 00:00:00;PM NINHEIRA;01.612.495/0001-72;SEDESE;1481;SECRETARIA DE ESTADO DE DESENVOLVIMENTO SOCIAL;42;AUXILIOS;1;AUXILIOS;60;RECURSOS DIRETAMENTE ARRECADADOS;0,0;250000,0;0,0
9407571;395;2023-12-26 00:00:00;PM SANTA ROSA DA SERRA;18.192.252/0001-25;SEDESE;1481;SECRETARIA DE ESTADO DE DESENVOLVIMENTO SOCIAL;42;AUXILIOS;1;AUXILIOS;15;RECURSOS ORDINARIOS - OUTROS RECURSOS NAO VINCULADOS;0,0;397887,66;0,0
9407572;426;2023-12-26 00:00:00;ASSOCIACAO DE PAIS E AMIGOS DO HANDEBOL E FUTSAL DE MARTINHO CAMPOS;05.465.088/0001-30;SEDESE;1481;SECRETARIA DE ESTADO DE DESENVOLVIMENTO SOCIAL;43;SUBVENCOES SOCIAIS;1;SUBVENCOES SOCIAIS;10;RECURSOS ORDINARIOS - RECURSOS NAO VINCULADOS DE IMPOSTOS;0,0;89990,02;0,0
9407573;280;2023-12-26 00:00:00;PM ALTEROSA;18.243.238/0001-03;SEDESE;1481;SECRETARIA DE ESTADO DE DESENVOLVIMENTO SOCIAL;42;AUXILIOS;1;AUXILIOS;38;TRANSFERENCIAS DA UNIAO VINCULADOS AO ESPORTE;0,0;0,0;0,0
9407574;408;2023-12-26 00:00:00;PM ORIZANIA;01.616.271/0001-39;SEDESE;1481;SECRETARIA DE ESTADO DE DESENVOLVIMENTO SOCIAL;42;AUXILIOS;1;AUXILIOS;15;RECURSOS ORDINARIOS - OUTROS RECURSOS NAO VINCULADOS;0,0;200000,0;0,0
9407575;436;2023-12-27 00:00:00;ASSOCIACAO DE APOIO SOCIAL E CULTURAL RENASCER-AASCR;05.956.125/0001-03;SEDESE;1481;SECRETARIA DE ESTADO DE DESENVOLVIMENTO SOCIAL;42;AUXILIOS;1;AUXILIOS;10;RECURSOS ORDINARIOS - RECURSOS NAO VINCULADOS DE IMPOSTOS;0,0;200000,0;0,0
9407576;416;2023-12-26 00:00:00;CASA DE APOIO A CRIANCA CARENTE;00.211.504/0001-50;SEDESE;1481;SECRETARIA DE ESTADO DE DESENVOLVIMENTO SOCIAL;43;SUBVENCOES SOCIAIS;1;SUBVENCOES SOCIAIS;10;RECURSOS ORDINARIOS - RECURSOS NAO VINCULADOS DE IMPOSTOS;0,0;200000,0;0,0
9407577;2676;2023-12-27 00:00:00;PM MONTE AZUL;18.650.945/0001-14;SEGOV;1491;SECRETARIA DE ESTADO DE GOVERNO;42;AUXILIOS;1;AUXILIOS;15;RECURSOS ORDINARIOS - OUTROS RECURSOS NAO VINCULADOS;700000,0;0,0;700000,0
9407578;504;2023-12-27 00:00:00;PM BUGRE;01.613.126/0001-02;SEDESE;1481;SECRETARIA DE ESTADO DE DESENVOLVIMENTO SOCIAL;42;AUXILIOS;1;AUXILIOS;15;RECURSOS ORDINARIOS - OUTROS RECURSOS NAO VINCULADOS;0,0;223972,13;0,0
9407579;421;2023-12-26 00:00:00;ABRACO ASSOCIACAO BRASILEIRA COMUNITARIA PARA A PREVENCAO DO ABUSO DE;25.572.199/0001-53;SEDESE;1481;SECRETARIA DE ESTADO DE DESENVOLVIMENTO SOCIAL;42;AUXILIOS;1;AUXILIOS;10;RECURSOS ORDINARIOS - RECURSOS NAO VINCULADOS DE IMPOSTOS;0,0;341622,7;0,0
9407580;459;2023-12-27 00:00:00;ABRIGO SANTA HELENA DE JUIZ DE FORA;21.609.045/0001-38;SEDESE;1481;SECRETARIA DE ESTADO DE DESENVOLVIMENTO SOCIAL;43;SUBVENCOES SOCIAIS;1;SUBVENCOES SOCIAIS;10;RECURSOS ORDINARIOS - RECURSOS NAO VINCULADOS DE IMPOSTOS;0,0;100000,0;0,0
9407581;302;2023-12-27 00:00:00;PM MARMELOPOLIS;18.026.021/0001-41;SEDESE;1481;SECRETARIA DE ESTADO DE DESENVOLVIMENTO SOCIAL;42;AUXILIOS;1;AUXILIOS;38;TRANSFERENCIAS DA UNIAO VINCULADOS AO ESPORTE;0,0;244380,79;0,0
9407582;462;2023-12-27 00:00:00;APAE DE BOM SUCESSO;25.654.880/0001-40;SEDESE;1481;SECRETARIA DE ESTADO DE DESENVOLVIMENTO SOCIAL;43;SUBVENCOES SOCIAIS;1;SUBVENCOES SOCIAIS;10;RECURSOS ORDINARIOS - RECURSOS NAO VINCULADOS DE IMPOSTOS;0,0;89565,1;0,0
9407583;411;2023-12-26 00:00:00;PM CARANAIBA;18.094.789/0001-52;SEDESE;1481;SECRETARIA DE ESTADO DE DESENVOLVIMENTO SOCIAL;42;AUXILIOS;1;AUXILIOS;15;RECURSOS ORDINARIOS - OUTROS RECURSOS NAO VINCULADOS;0,0;300000,0;0,0
9407584;8;2023-12-27 00:00:00;CENTRO MINEIRO DE ALIANCAS INTERSETORIAIS;08.415.255/0001-27;FIA;4091;FUNDO PARA A INFANCIA E A ADOLESCENCIA;42;AUXILIOS;1;AUXILIOS;45;DOACOES DE PESSOAS, DE INSTITUICOES PRIVADAS OU DO EXTERIOR A ORGAO E ENTIDADES DO ESTADO;0,0;123849,0;0,0
9407585;447;2023-12-27 00:00:00;ASSOCIACAO MINEIRA DE EDUCACAO CONTINUADA ASMEC;05.263.848/0001-27;SEDESE;1481;SECRETARIA DE ESTADO DE DESENVOLVIMENTO SOCIAL;42;AUXILIOS;1;AUXILIOS;10;RECURSOS ORDINARIOS - RECURSOS NAO VINCULADOS DE IMPOSTOS;0,0;90000,0;0,0
9407586;521;2023-12-27 00:00:00;PM DIVINO DAS LARANJEIRAS;18.357.079/0001-78;SEDESE;1481;SECRETARIA DE ESTADO DE DESENVOLVIMENTO SOCIAL;42;AUXILIOS;1;AUXILIOS;15;RECURSOS ORDINARIOS - OUTROS RECURSOS NAO VINCULADOS;0,0;700000,0;0,0
9407587;440;2023-12-27 00:00:00;PM UBERABA;18.428.839/0001-90;SEDESE;1481;SECRETARIA DE ESTADO DE DESENVOLVIMENTO SOCIAL;42;AUXILIOS;1;AUXILIOS;15;RECURSOS ORDINARIOS - OUTROS RECURSOS NAO VINCULADOS;0,0;490851,0;0,0
9407588;449;2023-12-27 00:00:00;FORUM MINEIRO DE CONSELHEIROS E EX-CONSELHEIROS TUTELARES;32.312.063/0001-70;SEDESE;1481;SECRETARIA DE ESTADO DE DESENVOLVIMENTO SOCIAL;42;AUXILIOS;1;AUXILIOS;10;RECURSOS ORDINARIOS - RECURSOS NAO VINCULADOS DE IMPOSTOS;0,0;120000,0;0,0
9407589;2687;2023-12-27 00:00:00;PM LAGOA FORMOSA;18.602.078/0001-41;SEGOV;1491;SECRETARIA DE ESTADO DE GOVERNO;42;AUXILIOS;1;AUXILIOS;15;RECURSOS ORDINARIOS - OUTROS RECURSOS NAO VINCULADOS;100000,0;0,0;100000,0
9407590;452;2023-12-27 00:00:00;PM PARACATU;18.278.051/0001-45;SEDESE;1481;SECRETARIA DE ESTADO DE DESENVOLVIMENTO SOCIAL;42;AUXILIOS;1;AUXILIOS;15;RECURSOS ORDINARIOS - OUTROS RECURSOS NAO VINCULADOS;0,0;202233,06;0,0
9407591;517;2023-12-27 00:00:00;PM LAGAMAR;18.192.260/0001-71;SEDESE;1481;SECRETARIA DE ESTADO DE DESENVOLVIMENTO SOCIAL;42;AUXILIOS;1;AUXILIOS;15;RECURSOS ORDINARIOS - OUTROS RECURSOS NAO VINCULADOS;0,0;250000,0;0,0
9407592;471;2023-12-27 00:00:00;PM VAZANTE;18.278.069/0001-47;SEDESE;1481;SECRETARIA DE ESTADO DE DESENVOLVIMENTO SOCIAL;42;AUXILIOS;1;AUXILIOS;15;RECURSOS ORDINARIOS - OUTROS RECURSOS NAO VINCULADOS;0,0;500000,0;0,0
9407593;431;2023-12-27 00:00:00;ONG JUVENTUDE COM ATITUDE - JUCA - CONTAGEM;09.184.794/0001-65;SEDESE;1481;SECRETARIA DE ESTADO DE DESENVOLVIMENTO SOCIAL;43;SUBVENCOES SOCIAIS;1;SUBVENCOES SOCIAIS;10;RECURSOS ORDINARIOS - RECURSOS NAO VINCULADOS DE IMPOSTOS;0,0;110000,0;0,0
9407594;404;2023-12-26 00:00:00;ASSOCIACAO ARCA DA VIDA;16.911.234/0001-20;SEDESE;1481;SECRETARIA DE ESTADO DE DESENVOLVIMENTO SOCIAL;42;AUXILIOS;1;AUXILIOS;10;RECURSOS ORDINARIOS - RECURSOS NAO VINCULADOS DE IMPOSTOS;0,0;89955,88;0,0
9407595;2685;2023-12-27 00:00:00;PM NOVA RESENDE;18.187.823/0001-33;SEGOV;1491;SECRETARIA DE ESTADO DE GOVERNO;42;AUXILIOS;1;AUXILIOS;15;RECURSOS ORDINARIOS - OUTROS RECURSOS NAO VINCULADOS;300000,0;0,0;300000,0
9407596;403;2023-12-26 00:00:00;CONS.PARTI.DA SOC.SAO VICENTE DE PAULO;24.665.630/0001-43;SEDESE;1481;SECRETARIA DE ESTADO DE DESENVOLVIMENTO SOCIAL;42;AUXILIOS;1;AUXILIOS;10;RECURSOS ORDINARIOS - RECURSOS NAO VINCULADOS DE IMPOSTOS;0,0;98893,11;0,0
9407597;2686;2023-12-27 00:00:00;PM ITURAMA;18.457.242/0001-74;SEGOV;1491;SECRETARIA DE ESTADO DE GOVERNO;42;AUXILIOS;1;AUXILIOS;15;RECURSOS ORDINARIOS - OUTROS RECURSOS NAO VINCULADOS;500000,0;0,0;500000,0
9407598;409;2023-12-26 00:00:00;ASSOCIACAO PAIS E AMIGOS DOS EXCEPCIONAIS/CARMO CACHOEIRA;41.774.175/0001-33;SEDESE;1481;SECRETARIA DE ESTADO DE DESENVOLVIMENTO SOCIAL;42;AUXILIOS;1;AUXILIOS;10;RECURSOS ORDINARIOS - RECURSOS NAO VINCULADOS DE IMPOSTOS;0,0;88623,86;0,0
9407599;2670;2023-12-27 00:00:00;PM MONTE SANTO DE MINAS;18.241.372/0001-75;SEGOV;1491;SECRETARIA DE ESTADO DE GOVERNO;42;AUXILIOS;1;AUXILIOS;15;RECURSOS ORDINARIOS - OUTROS RECURSOS NAO VINCULADOS;300000,0;0,0;300000,0
9407600;413;2023-12-26 00:00:00;ASSOCIACAO CUIDAR BEM/MG - ACB;10.626.829/0001-58;SEDESE;1481;SECRETARIA DE ESTADO DE DESENVOLVIMENTO SOCIAL;43;SUBVENCOES SOCIAIS;1;SUBVENCOES SOCIAIS;10;RECURSOS ORDINARIOS - RECURSOS NAO VINCULADOS DE IMPOSTOS;0,0;398852,29;0,0
9407601;2672;2023-12-27 00:00:00;PM LEME DO PRADO;01.587.109/0001-30;SEGOV;1491;SECRETARIA DE ESTADO DE GOVERNO;42;AUXILIOS;1;AUXILIOS;15;RECURSOS ORDINARIOS - OUTROS RECURSOS NAO VINCULADOS;500000,0;0,0;500000,0
9407602;509;2023-12-27 00:00:00;ASSOCIACAO COMUNITARIA SHEKINAH;02.108.947/0001-46;SEDESE;1481;SECRETARIA DE ESTADO DE DESENVOLVIMENTO SOCIAL;42;AUXILIOS;1;AUXILIOS;10;RECURSOS ORDINARIOS - RECURSOS NAO VINCULADOS DE IMPOSTOS;0,0;300000,0;0,0
9407604;454;2023-12-27 00:00:00;CONSELHO CENTRAL DE POCOS DE CALDAS SOCIEDADE SAO VICENTE DE PAULA;19.111.038/0001-60;SEDESE;1481;SECRETARIA DE ESTADO DE DESENVOLVIMENTO SOCIAL;42;AUXILIOS;1;AUXILIOS;10;RECURSOS ORDINARIOS - RECURSOS NAO VINCULADOS DE IMPOSTOS;0,0;132310,0;0,0
9407607;438;2023-12-27 00:00:00;CONSELHO CENTRAL DE ITAJUBA DA SOCIEDADE DE SAO VICENTE DE PAULO;20.398.293/0001-14;SEDESE;1481;SECRETARIA DE ESTADO DE DESENVOLVIMENTO SOCIAL;42;AUXILIOS;1;AUXILIOS;10;RECURSOS ORDINARIOS - RECURSOS NAO VINCULADOS DE IMPOSTOS;0,0;132310,0;0,0
9407608;417;2023-12-26 00:00:00;LIGA DESPORTIVA DO ALTO RIO PARDO;06.062.952/0001-16;SEDESE;1481;SECRETARIA DE ESTADO DE DESENVOLVIMENTO SOCIAL;43;SUBVENCOES SOCIAIS;1;SUBVENCOES SOCIAIS;10;RECURSOS ORDINARIOS - RECURSOS NAO VINCULADOS DE IMPOSTOS;0,0;111484,03;0,0
9407609;396;2023-12-26 00:00:00;CRECHE COMUNITARIA SAO DOMINGOS SAVIO;18.258.640/0001-61;SEDESE;1481;SECRETARIA DE ESTADO DE DESENVOLVIMENTO SOCIAL;43;SUBVENCOES SOCIAIS;1;SUBVENCOES SOCIAIS;10;RECURSOS ORDINARIOS - RECURSOS NAO VINCULADOS DE IMPOSTOS;0,0;806000,0;0,0
9407609;397;2023-12-26 00:00:00;CRECHE COMUNITARIA SAO DOMINGOS SAVIO;18.258.640/0001-61;SEDESE;1481;SECRETARIA DE ESTADO DE DESENVOLVIMENTO SOCIAL;42;AUXILIOS;1;AUXILIOS;10;RECURSOS ORDINARIOS - RECURSOS NAO VINCULADOS DE IMPOSTOS;0,0;90000,0;0,0
9407621;456;2023-12-27 00:00:00;ASSOCIACAO TRUPE BRASILIA DE MINAS;03.621.181/0001-61;SEDESE;1481;SECRETARIA DE ESTADO DE DESENVOLVIMENTO SOCIAL;43;SUBVENCOES SOCIAIS;1;SUBVENCOES SOCIAIS;10;RECURSOS ORDINARIOS - RECURSOS NAO VINCULADOS DE IMPOSTOS;0,0;80000,0;0,0
9407621;458;2023-12-27 00:00:00;ASSOCIACAO TRUPE BRASILIA DE MINAS;03.621.181/0001-61;SEDESE;1481;SECRETARIA DE ESTADO DE DESENVOLVIMENTO SOCIAL;42;AUXILIOS;1;AUXILIOS;10;RECURSOS ORDINARIOS - RECURSOS NAO VINCULADOS DE IMPOSTOS;0,0;20000,0;0,0
9407736;457;2023-12-27 00:00:00;ASSOCIACAO DE PAIS E AMIGOS DOS EXCEPCIONAIS;20.067.328/0001-32;SEDESE;1481;SECRETARIA DE ESTADO DE DESENVOLVIMENTO SOCIAL;43;SUBVENCOES SOCIAIS;1;SUBVENCOES SOCIAIS;10;RECURSOS ORDINARIOS - RECURSOS NAO VINCULADOS DE IMPOSTOS;0,0;100000,0;0,0
9407737;498;2023-12-27 00:00:00;FEDERACAO DE ESPORTES ESTUDANTIS DE MINAS GERAIS;04.070.420/0001-03;SEDESE;1481;SECRETARIA DE ESTADO DE DESENVOLVIMENTO SOCIAL;43;SUBVENCOES SOCIAIS;1;SUBVENCOES SOCIAIS;10;RECURSOS ORDINARIOS - RECURSOS NAO VINCULADOS DE IMPOSTOS;0,0;90990,0;0,0
9407738;482;2023-12-27 00:00:00;ASSOCIACAO DE PAIS E AMIGOS DOS EXCEPCIONAIS;18.963.546/0001-03;SEDESE;1481;SECRETARIA DE ESTADO DE DESENVOLVIMENTO SOCIAL;43;SUBVENCOES SOCIAIS;1;SUBVENCOES SOCIAIS;10;RECURSOS ORDINARIOS - RECURSOS NAO VINCULADOS DE IMPOSTOS;0,0;149999,6;0,0
9407739;451;2023-12-27 00:00:00;ASSOCIACAO DE PAIS E AMIGOS DOS EXCEPCIONAIS E ANDRADAS;21.409.107/0001-68;SEDESE;1481;SECRETARIA DE ESTADO DE DESENVOLVIMENTO SOCIAL;43;SUBVENCOES SOCIAIS;1;SUBVENCOES SOCIAIS;10;RECURSOS ORDINARIOS - RECURSOS NAO VINCULADOS DE IMPOSTOS;0,0;89561,01;0,0
9407740;484;2023-12-27 00:00:00;ASSOCIACAO DE PROMOCAO HUMANA DIVINA PROVIDENCIA;00.981.069/0006-58;SEDESE;1481;SECRETARIA DE ESTADO DE DESENVOLVIMENTO SOCIAL;43;SUBVENCOES SOCIAIS;1;SUBVENCOES SOCIAIS;10;RECURSOS ORDINARIOS - RECURSOS NAO VINCULADOS DE IMPOSTOS;0,0;200000,0;0,0
9407742;481;2023-12-27 00:00:00;CARITAS DIOCESANA DE ALMENARA;21.250.527/0001-44;SEDESE;1481;SECRETARIA DE ESTADO DE DESENVOLVIMENTO SOCIAL;43;SUBVENCOES SOCIAIS;1;SUBVENCOES SOCIAIS;10;RECURSOS ORDINARIOS - RECURSOS NAO VINCULADOS DE IMPOSTOS;0,0;100000,0;0,0
9407743;489;2023-12-27 00:00:00;CARITAS ARQUIDIOCESANA DE MONTES CLAROS;07.487.008/0001-73;SEDESE;1481;SECRETARIA DE ESTADO DE DESENVOLVIMENTO SOCIAL;43;SUBVENCOES SOCIAIS;1;SUBVENCOES SOCIAIS;10;RECURSOS ORDINARIOS - RECURSOS NAO VINCULADOS DE IMPOSTOS;0,0;108000,0;0,0
9407743;490;2023-12-27 00:00:00;CARITAS ARQUIDIOCESANA DE MONTES CLAROS;07.487.008/0001-73;SEDESE;1481;SECRETARIA DE ESTADO DE DESENVOLVIMENTO SOCIAL;42;AUXILIOS;1;AUXILIOS;10;RECURSOS ORDINARIOS - RECURSOS NAO VINCULADOS DE IMPOSTOS;0,0;37000,0;0,0
9407744;485;2023-12-27 00:00:00;LEGIAO DE ASSISTENCIA RECUPERADORA;21.353.974/0001-29;SEDESE;1481;SECRETARIA DE ESTADO DE DESENVOLVIMENTO SOCIAL;43;SUBVENCOES SOCIAIS;1;SUBVENCOES SOCIAIS;10;RECURSOS ORDINARIOS - RECURSOS NAO VINCULADOS DE IMPOSTOS;0,0;60039,86;0,0
9407744;486;2023-12-27 00:00:00;LEGIAO DE ASSISTENCIA RECUPERADORA;21.353.974/0001-29;SEDESE;1481;SECRETARIA DE ESTADO DE DESENVOLVIMENTO SOCIAL;42;AUXILIOS;1;AUXILIOS;10;RECURSOS ORDINARIOS - RECURSOS NAO VINCULADOS DE IMPOSTOS;0,0;298623,86;0,0
9407745;493;2023-12-27 00:00:00;ASSOC. DA CRIANCA E ASSIST RURAL-;22.057.616/0001-31;SEDESE;1481;SECRETARIA DE ESTADO DE DESENVOLVIMENTO SOCIAL;43;SUBVENCOES SOCIAIS;1;SUBVENCOES SOCIAIS;10;RECURSOS ORDINARIOS - RECURSOS NAO VINCULADOS DE IMPOSTOS;0,0;13116,0;0,0
9407745;495;2023-12-27 00:00:00;ASSOC. DA CRIANCA E ASSIST RURAL-;22.057.616/0001-31;SEDESE;1481;SECRETARIA DE ESTADO DE DESENVOLVIMENTO SOCIAL;42;AUXILIOS;1;AUXILIOS;10;RECURSOS ORDINARIOS - RECURSOS NAO VINCULADOS DE IMPOSTOS;0,0;86884,0;0,0
9407746;448;2023-12-27 00:00:00;ASSOCIACAO EDUCATIVA E COULTURAL DE IGARAPE -ASSECIO;22.732.960/0001-89;SEDESE;1481;SECRETARIA DE ESTADO DE DESENVOLVIMENTO SOCIAL;43;SUBVENCOES SOCIAIS;1;SUBVENCOES SOCIAIS;10;RECURSOS ORDINARIOS - RECURSOS NAO VINCULADOS DE IMPOSTOS;0,0;90000,0;0,0
9407747;488;2023-12-27 00:00:00;GREMIO ESPORTE CLUBE;19.413.244/0001-24;SEDESE;1481;SECRETARIA DE ESTADO DE DESENVOLVIMENTO SOCIAL;43;SUBVENCOES SOCIAIS;1;SUBVENCOES SOCIAIS;10;RECURSOS ORDINARIOS - RECURSOS NAO VINCULADOS DE IMPOSTOS;0,0;145613,17;0,0
9407748;435;2023-12-27 00:00:00;ASSOCIACAO SAO RAFAEL;04.240.450/0001-02;SEDESE;1481;SECRETARIA DE ESTADO DE DESENVOLVIMENTO SOCIAL;42;AUXILIOS;1;AUXILIOS;10;RECURSOS ORDINARIOS - RECURSOS NAO VINCULADOS DE IMPOSTOS;0,0;88623,86;0,0
9407749;487;2023-12-27 00:00:00;PROJETO SOCIAL BATISTA REGULAR;10.581.414/0001-05;SEDESE;1481;SECRETARIA DE ESTADO DE DESENVOLVIMENTO SOCIAL;43;SUBVENCOES SOCIAIS;1;SUBVENCOES SOCIAIS;10;RECURSOS ORDINARIOS - RECURSOS NAO VINCULADOS DE IMPOSTOS;0,0;100000,0;0,0
9407750;463;2023-12-27 00:00:00;CASA DE CARIDADE HERDEIROS DE JESUS;17.343.013/0001-66;SEDESE;1481;SECRETARIA DE ESTADO DE DESENVOLVIMENTO SOCIAL;42;AUXILIOS;1;AUXILIOS;10;RECURSOS ORDINARIOS - RECURSOS NAO VINCULADOS DE IMPOSTOS;0,0;89919,89;0,0
9407751;444;2023-12-27 00:00:00;ASSOCIACAO CHAPADENSE ASSIST. AS NECES.TRAB.E DA INFANCIA;21.225.776/0001-80;SEDESE;1481;SECRETARIA DE ESTADO DE DESENVOLVIMENTO SOCIAL;42;AUXILIOS;1;AUXILIOS;10;RECURSOS ORDINARIOS - RECURSOS NAO VINCULADOS DE IMPOSTOS;0,0;98551,2;0,0
9407752;470;2023-12-27 00:00:00;APAE DE BOM REPOUSO;02.207.184/0001-90;SEDESE;1481;SECRETARIA DE ESTADO DE DESENVOLVIMENTO SOCIAL;42;AUXILIOS;1;AUXILIOS;10;RECURSOS ORDINARIOS - RECURSOS NAO VINCULADOS DE IMPOSTOS;0,0;90000,0;0,0
9407753;538;2023-12-28 00:00:00;ASSOCIACAO AMBIENTAL CULTIVAR;12.300.270/0001-05;SEDESE;1481;SECRETARIA DE ESTADO DE DESENVOLVIMENTO SOCIAL;42;AUXILIOS;1;AUXILIOS;10;RECURSOS ORDINARIOS - RECURSOS NAO VINCULADOS DE IMPOSTOS;0,0;300000,0;0,0
9407754;434;2023-12-27 00:00:00;ASSOCIACAO DOS AMIGOS DO BUGRE;01.176.626/0001-16;SEDESE;1481;SECRETARIA DE ESTADO DE DESENVOLVIMENTO SOCIAL;43;SUBVENCOES SOCIAIS;1;SUBVENCOES SOCIAIS;10;RECURSOS ORDINARIOS - RECURSOS NAO VINCULADOS DE IMPOSTOS;0,0;100000,0;0,0
9407755;437;2023-12-27 00:00:00;ASSOCIACAO DE PAIS E AMIGOS DOS EXCEPCIONAIS DE BORDA DA MATA;21.416.987/0001-08;SEDESE;1481;SECRETARIA DE ESTADO DE DESENVOLVIMENTO SOCIAL;42;AUXILIOS;1;AUXILIOS;10;RECURSOS ORDINARIOS - RECURSOS NAO VINCULADOS DE IMPOSTOS;0,0;90000,0;0,0
9407756;296;2023-12-27 00:00:00;PM SALINAS;24.359.333/0001-70;SEDESE;1481;SECRETARIA DE ESTADO DE DESENVOLVIMENTO SOCIAL;41;CONTRIBUICOES;1;CONTRIBUICOES;38;TRANSFERENCIAS DA UNIAO VINCULADOS AO ESPORTE;0,0;229369,38;0,0
9407757;303;2023-12-27 00:00:00;PM PINGO D'AGUA;01.613.204/0001-60;SEDESE;1481;SECRETARIA DE ESTADO DE DESENVOLVIMENTO SOCIAL;41;CONTRIBUICOES;1;CONTRIBUICOES;38;TRANSFERENCIAS DA UNIAO VINCULADOS AO ESPORTE;0,0;229369,38;0,0
9407758;288;2023-12-27 00:00:00;ASSOCIACAO E PROJETO AGUIA;30.222.023/0001-01;SEDESE;1481;SECRETARIA DE ESTADO DE DESENVOLVIMENTO SOCIAL;43;SUBVENCOES SOCIAIS;1;SUBVENCOES SOCIAIS;10;RECURSOS ORDINARIOS - RECURSOS NAO VINCULADOS DE IMPOSTOS;0,0;150000,0;0,0
9407759;499;2023-12-27 00:00:00;PM ARAGUARI;16.829.640/0001-49;SEDESE;1481;SECRETARIA DE ESTADO DE DESENVOLVIMENTO SOCIAL;42;AUXILIOS;1;AUXILIOS;15;RECURSOS ORDINARIOS - OUTROS RECURSOS NAO VINCULADOS;0,0;800000,0;0,0
9407760;500;2023-12-27 00:00:00;PM BOTUMIRIM;18.017.418/0001-77;SEDESE;1481;SECRETARIA DE ESTADO DE DESENVOLVIMENTO SOCIAL;41;CONTRIBUICOES;1;CONTRIBUICOES;15;RECURSOS ORDINARIOS - OUTROS RECURSOS NAO VINCULADOS;0,0;750000,0;0,0
9407761;5;2023-12-27 00:00:00;FUNDACAO VICINTIM;21.507.934/0001-94;FIA;4091;FUNDO PARA A INFANCIA E A ADOLESCENCIA;42;AUXILIOS;1;AUXILIOS;45;DOACOES DE PESSOAS, DE INSTITUICOES PRIVADAS OU DO EXTERIOR A ORGAO E ENTIDADES DO ESTADO;0,0;19471,45;0,0
9407762;312;2023-12-27 00:00:00;PM COMERCINHO;18.414.615/0001-20;SEDESE;1481;SECRETARIA DE ESTADO DE DESENVOLVIMENTO SOCIAL;42;AUXILIOS;1;AUXILIOS;60;RECURSOS DIRETAMENTE ARRECADADOS;0,0;250000,0;0,0
9407763;310;2023-12-27 00:00:00;PM PONTO DOS VOLANTES;01.613.377/0001-89;SEDESE;1481;SECRETARIA DE ESTADO DE DESENVOLVIMENTO SOCIAL;42;AUXILIOS;1;AUXILIOS;60;RECURSOS DIRETAMENTE ARRECADADOS;0,0;250000,0;0,0
9407764;286;2023-12-27 00:00:00;PM SAO GONCALO DO ABAETE;18.602.086/0001-98;SEDESE;1481;SECRETARIA DE ESTADO DE DESENVOLVIMENTO SOCIAL;42;AUXILIOS;1;AUXILIOS;38;TRANSFERENCIAS DA UNIAO VINCULADOS AO ESPORTE;0,0;250000,0;0,0
9407765;292;2023-12-27 00:00:00;CENTRO INTEGRADO DE DESENVOLVIMENTO DO ESPORTE PARALIMPICO;00.832.668/0001-03;SEDESE;1481;SECRETARIA DE ESTADO DE DESENVOLVIMENTO SOCIAL;43;SUBVENCOES SOCIAIS;1;SUBVENCOES SOCIAIS;38;TRANSFERENCIAS DA UNIAO VINCULADOS AO ESPORTE;0,0;98990,16;0,0
9407766;301;2023-12-27 00:00:00;PM TURMALINA;25.324.187/0001-00;SEDESE;1481;SECRETARIA DE ESTADO DE DESENVOLVIMENTO SOCIAL;41;CONTRIBUICOES;1;CONTRIBUICOES;38;TRANSFERENCIAS DA UNIAO VINCULADOS AO ESPORTE;0,0;229369,38;0,0
9407767;290;2023-12-27 00:00:00;ASSOCIACAO EDUCACIONAL DE DESENVOLVIMENTO ESPORTIVO CULTURAL;08.707.709/0001-33;SEDESE;1481;SECRETARIA DE ESTADO DE DESENVOLVIMENTO SOCIAL;43;SUBVENCOES SOCIAIS;1;SUBVENCOES SOCIAIS;38;TRANSFERENCIAS DA UNIAO VINCULADOS AO ESPORTE;0,0;0,0;0,0
9407768;295;2023-12-27 00:00:00;PM RIO MANSO;18.363.978/0001-83;SEDESE;1481;SECRETARIA DE ESTADO DE DESENVOLVIMENTO SOCIAL;41;CONTRIBUICOES;1;CONTRIBUICOES;38;TRANSFERENCIAS DA UNIAO VINCULADOS AO ESPORTE;0,0;229369,38;0,0
9407769;298;2023-12-27 00:00:00;PM ESMERALDAS;18.715.466/0001-39;SEDESE;1481;SECRETARIA DE ESTADO DE DESENVOLVIMENTO SOCIAL;41;CONTRIBUICOES;1;CONTRIBUICOES;38;TRANSFERENCIAS DA UNIAO VINCULADOS AO ESPORTE;0,0;0,0;0,0
9407770;496;2023-12-27 00:00:00;INSTITUO SER FELIZ;18.261.867/0001-66;SEDESE;1481;SECRETARIA DE ESTADO DE DESENVOLVIMENTO SOCIAL;42;AUXILIOS;1;AUXILIOS;10;RECURSOS ORDINARIOS - RECURSOS NAO VINCULADOS DE IMPOSTOS;0,0;300000,0;0,0
9407772;285;2023-12-27 00:00:00;PM PATOS DE MINAS;18.602.011/0001-07;SEDESE;1481;SECRETARIA DE ESTADO DE DESENVOLVIMENTO SOCIAL;42;AUXILIOS;1;AUXILIOS;38;TRANSFERENCIAS DA UNIAO VINCULADOS AO ESPORTE;0,0;250000,0;0,0
9407773;73;2023-12-27 00:00:00;INSTITUTO CULTURAL BOA ESPERANCA;04.444.182/0001-40;SEDESE;1481;SECRETARIA DE ESTADO DE DESENVOLVIMENTO SOCIAL;43;SUBVENCOES SOCIAIS;1;SUBVENCOES SOCIAIS;60;RECURSOS DIRETAMENTE ARRECADADOS;0,0;2935500,0;0,0
9407774;289;2023-12-27 00:00:00;ASSOCIACAO PARAOLIMPICA PATENSE APP;11.589.144/0001-41;SEDESE;1481;SECRETARIA DE ESTADO DE DESENVOLVIMENTO SOCIAL;43;SUBVENCOES SOCIAIS;1;SUBVENCOES SOCIAIS;38;TRANSFERENCIAS DA UNIAO VINCULADOS AO ESPORTE;0,0;98844,33;0,0
9407775;309;2023-12-27 00:00:00;PM TAIOBEIRAS;18.017.384/0001-10;SEDESE;1481;SECRETARIA DE ESTADO DE DESENVOLVIMENTO SOCIAL;41;CONTRIBUICOES;1;CONTRIBUICOES;60;RECURSOS DIRETAMENTE ARRECADADOS;0,0;100000,0;0,0
9407777;297;2023-12-27 00:00:00;PM UNIAO DE MINAS;01.051.819/0001-40;SEDESE;1481;SECRETARIA DE ESTADO DE DESENVOLVIMENTO SOCIAL;41;CONTRIBUICOES;1;CONTRIBUICOES;38;TRANSFERENCIAS DA UNIAO VINCULADOS AO ESPORTE;0,0;229369,38;0,0
9407778;491;2023-12-27 00:00:00;ASSOC. INTERNACIONAL CAPOEIRA ARTES DAS GERAIS;06.289.837/0001-89;SEDESE;1481;SECRETARIA DE ESTADO DE DESENVOLVIMENTO SOCIAL;43;SUBVENCOES SOCIAIS;1;SUBVENCOES SOCIAIS;10;RECURSOS ORDINARIOS - RECURSOS NAO VINCULADOS DE IMPOSTOS;0,0;260022,0;0,0
9407779;72;2023-12-27 00:00:00;APJ APRENDER PRODUZIR JUNTOS;22.057.335/0001-89;SEDESE;1481;SECRETARIA DE ESTADO DE DESENVOLVIMENTO SOCIAL;43;SUBVENCOES SOCIAIS;1;SUBVENCOES SOCIAIS;10;RECURSOS ORDINARIOS - RECURSOS NAO VINCULADOS DE IMPOSTOS;0,0;350000,0;0,0
9407780;825;2023-12-27 00:00:00;PM CONCEICAO DE IPANEMA;18.334.300/0001-72;SEMAD;1371;SECRETARIA DE ESTADO DE MEIO AMBIENTE E DESENVOLVIMENTO SUSTENTAVEL;41;CONTRIBUICOES;1;CONTRIBUICOES;72;TAXA DE FISCALIZACAO DE RECURSOS MINERARIOS;0,0;100000,0;0,0
9407781;826;2023-12-27 00:00:00;CONSORCIO INTERMUNICIPAL DES. SUSTENTAVEL DA MICRO REGIAO SERRA GERAL;12.333.051/0001-14;SEMAD;1371;SECRETARIA DE ESTADO DE MEIO AMBIENTE E DESENVOLVIMENTO SUSTENTAVEL;41;CONTRIBUICOES;1;CONTRIBUICOES;72;TAXA DE FISCALIZACAO DE RECURSOS MINERARIOS;0,0;962780,0;0,0
9407782;890;2023-12-27 00:00:00;ASSOCIACAO CORAL FLOR DA TERRA;21.785.039/0001-31;SECULT;1271;SECRETARIA DE ESTADO DE CULTURA E TURISMO;41;CONTRIBUICOES;1;CONTRIBUICOES;10;RECURSOS ORDINARIOS - RECURSOS NAO VINCULADOS DE IMPOSTOS;0,0;300000,0;0,0
9407783;828;2023-12-27 00:00:00;CIS DE UBA E REGIAO - SIMSAUDE/ UBA;11.592.737/0001-67;SEMAD;1371;SECRETARIA DE ESTADO DE MEIO AMBIENTE E DESENVOLVIMENTO SUSTENTAVEL;41;CONTRIBUICOES;1;CONTRIBUICOES;72;TAXA DE FISCALIZACAO DE RECURSOS MINERARIOS;0,0;2140000,0;0,0
9407784;827;2023-12-27 00:00:00;PM UBERLANDIA;18.431.312/0001-15;SEMAD;1371;SECRETARIA DE ESTADO DE MEIO AMBIENTE E DESENVOLVIMENTO SUSTENTAVEL;41;CONTRIBUICOES;1;CONTRIBUICOES;72;TAXA DE FISCALIZACAO DE RECURSOS MINERARIOS;0,0;2100000,0;0,0
9407785;829;2023-12-27 00:00:00;PM VISCONDE DO RIO BRANCO;18.137.927/0001-33;SEMAD;1371;SECRETARIA DE ESTADO DE MEIO AMBIENTE E DESENVOLVIMENTO SUSTENTAVEL;41;CONTRIBUICOES;1;CONTRIBUICOES;72;TAXA DE FISCALIZACAO DE RECURSOS MINERARIOS;0,0;200000,0;0,0
9407786;897;2023-12-27 00:00:00;ESCOLINHA EVANGELICA DE EDUCACAO INFANTIL;20.997.730/0001-16;SECULT;1271;SECRETARIA DE ESTADO DE CULTURA E TURISMO;41;CONTRIBUICOES;1;CONTRIBUICOES;10;RECURSOS ORDINARIOS - RECURSOS NAO VINCULADOS DE IMPOSTOS;0,0;59976,69;0,0
9407786;898;2023-12-27 00:00:00;ESCOLINHA EVANGELICA DE EDUCACAO INFANTIL;20.997.730/0001-16;SECULT;1271;SECRETARIA DE ESTADO DE CULTURA E TURISMO;42;AUXILIOS;1;AUXILIOS;10;RECURSOS ORDINARIOS - RECURSOS NAO VINCULADOS DE IMPOSTOS;0,0;39990,34;0,0
9407788;2689;2023-12-27 00:00:00;PM VAZANTE;18.278.069/0001-47;SEGOV;1491;SECRETARIA DE ESTADO DE GOVERNO;42;AUXILIOS;1;AUXILIOS;15;RECURSOS ORDINARIOS - OUTROS RECURSOS NAO VINCULADOS;0,0;350000,0;0,0
9407797;487;2023-12-27 00:00:00;PM CORINTO;17.695.016/0001-69;SEAPA;1231;SECRETARIA DE ESTADO DE AGRICULTURA, PECUARIA E ABASTECIMENTO;41;CONTRIBUICOES;1;CONTRIBUICOES;15;RECURSOS ORDINARIOS - OUTROS RECURSOS NAO VINCULADOS;0,0;130000,0;0,0
9407799;469;2023-12-27 00:00:00;PM PIRAPORA;23.539.463/0001-21;SEAPA;1231;SECRETARIA DE ESTADO DE AGRICULTURA, PECUARIA E ABASTECIMENTO;41;CONTRIBUICOES;1;CONTRIBUICOES;10;RECURSOS ORDINARIOS - RECURSOS NAO VINCULADOS DE IMPOSTOS;0,0;318167,83;0,0
9407805;802;2023-12-27 00:00:00;PM SALTO DA DIVISA;18.347.401/0001-88;SEINFRA;1301;SECRETARIA DE ESTADO DE INFRAESTRUTURA, MOBILIDADE E PARCERIAS;42;AUXILIOS;1;AUXILIOS;32;EXPLORACAO DE RECURSOS MINERAIS;0,0;700000,0;0,0
9407812;799;2023-12-27 00:00:00;PM RIO PIRACICABA;18.400.945/0001-66;SEINFRA;1301;SECRETARIA DE ESTADO DE INFRAESTRUTURA, MOBILIDADE E PARCERIAS;42;AUXILIOS;1;AUXILIOS;32;EXPLORACAO DE RECURSOS MINERAIS;0,0;2221000,0;0,0
9407819;891;2023-12-27 00:00:00;ARUANDA CIA DE DANCAS FOLCLORICAS;17.482.860/0001-01;SECULT;1271;SECRETARIA DE ESTADO DE CULTURA E TURISMO;41;CONTRIBUICOES;1;CONTRIBUICOES;10;RECURSOS ORDINARIOS - RECURSOS NAO VINCULADOS DE IMPOSTOS;0,0;90000,0;0,0
9407819;892;2023-12-27 00:00:00;ARUANDA CIA DE DANCAS FOLCLORICAS;17.482.860/0001-01;SECULT;1271;SECRETARIA DE ESTADO DE CULTURA E TURISMO;42;AUXILIOS;1;AUXILIOS;10;RECURSOS ORDINARIOS - RECURSOS NAO VINCULADOS DE IMPOSTOS;0,0;90000,0;0,0
9407823;492;2023-12-27 00:00:00;ASSOCIACAO SOCIAL COMUNITARIA DR. RONALDO SORARES LARA;05.282.391/0001-06;SEDESE;1481;SECRETARIA DE ESTADO DE DESENVOLVIMENTO SOCIAL;43;SUBVENCOES SOCIAIS;1;SUBVENCOES SOCIAIS;10;RECURSOS ORDINARIOS - RECURSOS NAO VINCULADOS DE IMPOSTOS;0,0;87167,19;0,0
9407857;508;2023-12-27 00:00:00;ASSOCIACAO DE RECUPERACAO DE VIDAS ASSOREV-CASA DE BETHANIA;09.375.769/0001-69;SEDESE;1481;SECRETARIA DE ESTADO DE DESENVOLVIMENTO SOCIAL;43;SUBVENCOES SOCIAIS;1;SUBVENCOES SOCIAIS;10;RECURSOS ORDINARIOS - RECURSOS NAO VINCULADOS DE IMPOSTOS;0,0;90000,0;0,0
9407859;139;2023-12-27 00:00:00;INSTITUTO PEDRA VIVA;08.878.503/0001-76;SEDESE;1481;SECRETARIA DE ESTADO DE DESENVOLVIMENTO SOCIAL;43;SUBVENCOES SOCIAIS;1;SUBVENCOES SOCIAIS;10;RECURSOS ORDINARIOS - RECURSOS NAO VINCULADOS DE IMPOSTOS;0,0;399944,7;0,0
9407903;501;2023-12-28 00:00:00;PM FLORESTAL;18.313.833/0001-78;SEAPA;1231;SECRETARIA DE ESTADO DE AGRICULTURA, PECUARIA E ABASTECIMENTO;41;CONTRIBUICOES;1;CONTRIBUICOES;10;RECURSOS ORDINARIOS - RECURSOS NAO VINCULADOS DE IMPOSTOS;0,0;300000,0;0,0
9407922;522;2023-12-27 00:00:00;COMUNIDADE TERAPEUTICA FAZENDA DE RECUPERACAO NOVO CAMINHO;01.812.911/0001-86;SEDESE;1481;SECRETARIA DE ESTADO DE DESENVOLVIMENTO SOCIAL;42;AUXILIOS;1;AUXILIOS;10;RECURSOS ORDINARIOS - RECURSOS NAO VINCULADOS DE IMPOSTOS;0,0;90000,0;0,0
9407923;537;2023-12-28 00:00:00;ASOCIACAO NUCLEO DE INCLUSAO E CIDADANIA - SABARA;12.031.355/0001-27;SEDESE;1481;SECRETARIA DE ESTADO DE DESENVOLVIMENTO SOCIAL;42;AUXILIOS;1;AUXILIOS;10;RECURSOS ORDINARIOS - RECURSOS NAO VINCULADOS DE IMPOSTOS;0,0;112715,0;0,0
9407950;1141;2023-12-28 00:00:00;PM SANTANA DO DESERTO;18.338.277/0001-94;SEE;1261;SECRETARIA DE ESTADO DE EDUCACAO;42;AUXILIOS;1;AUXILIOS;10;RECURSOS ORDINARIOS - RECURSOS NAO VINCULADOS DE IMPOSTOS;0,0;318000,0;0,0
9407953;1140;2023-12-28 00:00:00;PM BRAS PIRES;18.128.272/0001-37;SEE;1261;SECRETARIA DE ESTADO DE EDUCACAO;42;AUXILIOS;1;AUXILIOS;10;RECURSOS ORDINARIOS - RECURSOS NAO VINCULADOS DE IMPOSTOS;0,0;636000,0;0,0
9407954;1144;2023-12-28 00:00:00;PM AUGUSTO DE LIMA;17.694.845/0001-27;SEE;1261;SECRETARIA DE ESTADO DE EDUCACAO;42;AUXILIOS;1;AUXILIOS;10;RECURSOS ORDINARIOS - RECURSOS NAO VINCULADOS DE IMPOSTOS;0,0;427000,0;0,0
9407955;1145;2023-12-28 00:00:00;PM CURVELO;17.695.024/0001-05;SEE;1261;SECRETARIA DE ESTADO DE EDUCACAO;42;AUXILIOS;1;AUXILIOS;10;RECURSOS ORDINARIOS - RECURSOS NAO VINCULADOS DE IMPOSTOS;50000,0;0,0;50000,0
9407956;2037;2023-12-28 00:00:00;PM JOAO PINHEIRO;16.930.299/0001-13;SEE;1261;SECRETARIA DE ESTADO DE EDUCACAO;42;AUXILIOS;1;AUXILIOS;10;RECURSOS ORDINARIOS - RECURSOS NAO VINCULADOS DE IMPOSTOS;0,0;1148902,84;0,0
9407957;2040;2023-12-28 00:00:00;PM BOA ESPERANCA;18.239.590/0001-75;SEE;1261;SECRETARIA DE ESTADO DE EDUCACAO;41;CONTRIBUICOES;1;CONTRIBUICOES;10;RECURSOS ORDINARIOS - RECURSOS NAO VINCULADOS DE IMPOSTOS;0,0;1700000,0;0,0
9407958;2039;2023-12-28 00:00:00;PM FERROS;18.299.529/0001-13;SEE;1261;SECRETARIA DE ESTADO DE EDUCACAO;41;CONTRIBUICOES;1;CONTRIBUICOES;71;RECURSOS DO FUNDO ESTADUAL DE ERRADICACAO DA MISERIA;0,0;240000,0;0,0
9407960;3392;2023-12-28 00:00:00;PM MATHIAS LOBATO;18.332.619/0001-69;SEE;1261;SECRETARIA DE ESTADO DE EDUCACAO;42;AUXILIOS;1;AUXILIOS;10;RECURSOS ORDINARIOS - RECURSOS NAO VINCULADOS DE IMPOSTOS;0,0;766543,55;0,0
9407961;1146;2023-12-28 00:00:00;PM BOTELHOS;17.847.641/0001-89;SEE;1261;SECRETARIA DE ESTADO DE EDUCACAO;42;AUXILIOS;1;AUXILIOS;10;RECURSOS ORDINARIOS - RECURSOS NAO VINCULADOS DE IMPOSTOS;0,0;427000,0;0,0
9407963;3269;2023-12-28 00:00:00;PM MINAS NOVAS;22.516.405/0001-10;SEE;1261;SECRETARIA DE ESTADO DE EDUCACAO;42;AUXILIOS;1;AUXILIOS;10;RECURSOS ORDINARIOS - RECURSOS NAO VINCULADOS DE IMPOSTOS;0,0;2910804,74;0,0
9407964;3270;2023-12-28 00:00:00;PM MINAS NOVAS;22.516.405/0001-10;SEE;1261;SECRETARIA DE ESTADO DE EDUCACAO;42;AUXILIOS;1;AUXILIOS;10;RECURSOS ORDINARIOS - RECURSOS NAO VINCULADOS DE IMPOSTOS;0,0;2837738,29;0,0
9407965;1147;2023-12-28 00:00:00;PM PEDRO LEOPOLDO;23.456.650/0001-41;SEE;1261;SECRETARIA DE ESTADO DE EDUCACAO;42;AUXILIOS;1;AUXILIOS;10;RECURSOS ORDINARIOS - RECURSOS NAO VINCULADOS DE IMPOSTOS;0,0;318000,0;0,0
9407966;1148;2023-12-28 00:00:00;PM PEDRO LEOPOLDO;23.456.650/0001-41;SEE;1261;SECRETARIA DE ESTADO DE EDUCACAO;42;AUXILIOS;1;AUXILIOS;10;RECURSOS ORDINARIOS - RECURSOS NAO VINCULADOS DE IMPOSTOS;427000,0;0,0;427000,0
9407974;2038;2023-12-28 00:00:00;PM MUZAMBINHO;18.668.624/0001-47;SEE;1261;SECRETARIA DE ESTADO DE EDUCACAO;42;AUXILIOS;1;AUXILIOS;10;RECURSOS ORDINARIOS - RECURSOS NAO VINCULADOS DE IMPOSTOS;0,0;1800000,0;0,0
9407975;1124;2023-12-28 00:00:00;PM BARAO DE MONTE ALTO;17.947.649/0001-17;SEE;1261;SECRETARIA DE ESTADO DE EDUCACAO;42;AUXILIOS;1;AUXILIOS;10;RECURSOS ORDINARIOS - RECURSOS NAO VINCULADOS DE IMPOSTOS;0,0;2653042,39;0,0
9407976;523;2023-12-28 00:00:00;COMUNIDADE REVIVER;26.232.447/0002-60;SEDESE;1481;SECRETARIA DE ESTADO DE DESENVOLVIMENTO SOCIAL;43;SUBVENCOES SOCIAIS;1;SUBVENCOES SOCIAIS;10;RECURSOS ORDINARIOS - RECURSOS NAO VINCULADOS DE IMPOSTOS;0,0;89949,5;0,0
9407977;524;2023-12-28 00:00:00;ACAO SOCIAL SOS FAMILIA;01.398.398/0001-29;SEDESE;1481;SECRETARIA DE ESTADO DE DESENVOLVIMENTO SOCIAL;42;AUXILIOS;1;AUXILIOS;10;RECURSOS ORDINARIOS - RECURSOS NAO VINCULADOS DE IMPOSTOS;0,0;90000,0;0,0
9407978;531;2023-12-28 00:00:00;ASSOCIACAO DE PAIS E AMIGOS DOS EXCEPCIONAIS DE LONTRA/MG;13.519.073/0001-36;SEDESE;1481;SECRETARIA DE ESTADO DE DESENVOLVIMENTO SOCIAL;43;SUBVENCOES SOCIAIS;1;SUBVENCOES SOCIAIS;10;RECURSOS ORDINARIOS - RECURSOS NAO VINCULADOS DE IMPOSTOS;0,0;89940,86;0,0
9407979;525;2023-12-28 00:00:00;ASSOCIACAO DE PAIS E AMIGOS DOS EXCEPCIONAIS/BOCAINA DE MINA;05.401.909/0001-75;SEDESE;1481;SECRETARIA DE ESTADO DE DESENVOLVIMENTO SOCIAL;42;AUXILIOS;1;AUXILIOS;10;RECURSOS ORDINARIOS - RECURSOS NAO VINCULADOS DE IMPOSTOS;0,0;88623,86;0,0
9407980;527;2023-12-28 00:00:00;LAR SANTO AFONSO MARIA DE LIGORIO/ CALDAS;00.235.323/0001-64;SEDESE;1481;SECRETARIA DE ESTADO DE DESENVOLVIMENTO SOCIAL;42;AUXILIOS;1;AUXILIOS;10;RECURSOS ORDINARIOS - RECURSOS NAO VINCULADOS DE IMPOSTOS;0,0;132310,0;0,0
9407981;526;2023-12-28 00:00:00;ASSOCIACAO RENOVACAO CIDADA ORGANIZADA DE MEMBROS DA SOCIEDADE CIVIL;13.808.874/0001-11;SEDESE;1481;SECRETARIA DE ESTADO DE DESENVOLVIMENTO SOCIAL;43;SUBVENCOES SOCIAIS;1;SUBVENCOES SOCIAIS;10;RECURSOS ORDINARIOS - RECURSOS NAO VINCULADOS DE IMPOSTOS;0,0;99999,96;0,0
9407982;528;2023-12-28 00:00:00;ASSOCIACAO DOS PAIS E AMIGOS DOS EXCEPCIONAIS;18.299.354/0001-44;SEDESE;1481;SECRETARIA DE ESTADO DE DESENVOLVIMENTO SOCIAL;43;SUBVENCOES SOCIAIS;1;SUBVENCOES SOCIAIS;10;RECURSOS ORDINARIOS - RECURSOS NAO VINCULADOS DE IMPOSTOS;0,0;91878,41;0,0
9407983;529;2023-12-28 00:00:00;ASS DE PARENTES E AMIGOS DOS DEPENDENTES QUIMICOS DE ENTRE RIOS MINAS;10.852.194/0001-07;SEDESE;1481;SECRETARIA DE ESTADO DE DESENVOLVIMENTO SOCIAL;43;SUBVENCOES SOCIAIS;1;SUBVENCOES SOCIAIS;10;RECURSOS ORDINARIOS - RECURSOS NAO VINCULADOS DE IMPOSTOS;0,0;99994,78;0,0
9407984;541;2023-12-28 00:00:00;PM MURIAE;17.947.581/0001-76;SEDESE;1481;SECRETARIA DE ESTADO DE DESENVOLVIMENTO SOCIAL;42;AUXILIOS;1;AUXILIOS;60;RECURSOS DIRETAMENTE ARRECADADOS;0,0;66600,0;0,0
9407985;537;2023-12-28 00:00:00;PM PLANURA;18.449.157/0001-64;SEDESE;1481;SECRETARIA DE ESTADO DE DESENVOLVIMENTO SOCIAL;41;CONTRIBUICOES;1;CONTRIBUICOES;60;RECURSOS DIRETAMENTE ARRECADADOS;0,0;23872,62;0,0
9407985;540;2023-12-28 00:00:00;PM PLANURA;18.449.157/0001-64;SEDESE;1481;SECRETARIA DE ESTADO DE DESENVOLVIMENTO SOCIAL;42;AUXILIOS;1;AUXILIOS;60;RECURSOS DIRETAMENTE ARRECADADOS;0,0;42727,38;0,0
9407986;830;2023-12-28 00:00:00;PM TOCANTINS;18.128.223/0001-02;SEMAD;1371;SECRETARIA DE ESTADO DE MEIO AMBIENTE E DESENVOLVIMENTO SUSTENTAVEL;41;CONTRIBUICOES;1;CONTRIBUICOES;72;TAXA DE FISCALIZACAO DE RECURSOS MINERARIOS;0,0;705752,33;0,0
9407987;536;2023-12-28 00:00:00;PM CORONEL FABRICIANO;19.875.046/0001-82;SEDESE;1481;SECRETARIA DE ESTADO DE DESENVOLVIMENTO SOCIAL;42;AUXILIOS;1;AUXILIOS;60;RECURSOS DIRETAMENTE ARRECADADOS;0,0;64662,22;0,0
9407988;538;2023-12-28 00:00:00;PM CONTAGEM;18.715.508/0001-31;SEDESE;1481;SECRETARIA DE ESTADO DE DESENVOLVIMENTO SOCIAL;41;CONTRIBUICOES;1;CONTRIBUICOES;60;RECURSOS DIRETAMENTE ARRECADADOS;0,0;122200,02;0,0
9407988;539;2023-12-28 00:00:00;PM CONTAGEM;18.715.508/0001-31;SEDESE;1481;SECRETARIA DE ESTADO DE DESENVOLVIMENTO SOCIAL;42;AUXILIOS;1;AUXILIOS;60;RECURSOS DIRETAMENTE ARRECADADOS;0,0;343994,63;0,0
9407989;839;2023-12-28 00:00:00;PM SETE LAGOAS;24.996.969/0001-22;SEMAD;1371;SECRETARIA DE ESTADO DE MEIO AMBIENTE E DESENVOLVIMENTO SUSTENTAVEL;41;CONTRIBUICOES;1;CONTRIBUICOES;72;TAXA DE FISCALIZACAO DE RECURSOS MINERARIOS;0,0;500000,0;0,0
9407990;838;2023-12-28 00:00:00;PM MURIAE;17.947.581/0001-76;SEMAD;1371;SECRETARIA DE ESTADO DE MEIO AMBIENTE E DESENVOLVIMENTO SUSTENTAVEL;41;CONTRIBUICOES;1;CONTRIBUICOES;72;TAXA DE FISCALIZACAO DE RECURSOS MINERARIOS;0,0;700000,0;0,0
9407991;837;2023-12-28 00:00:00;PM ARAGUARI;16.829.640/0001-49;SEMAD;1371;SECRETARIA DE ESTADO DE MEIO AMBIENTE E DESENVOLVIMENTO SUSTENTAVEL;41;CONTRIBUICOES;1;CONTRIBUICOES;72;TAXA DE FISCALIZACAO DE RECURSOS MINERARIOS;0,0;700000,0;0,0
9407992;530;2023-12-28 00:00:00;ABRACO ASSOCIACAO BRASILEIRA COMUNITARIA PARA A PREVENCAO DO ABUSO DE;25.572.199/0001-53;SEDESE;1481;SECRETARIA DE ESTADO DE DESENVOLVIMENTO SOCIAL;43;SUBVENCOES SOCIAIS;1;SUBVENCOES SOCIAIS;10;RECURSOS ORDINARIOS - RECURSOS NAO VINCULADOS DE IMPOSTOS;0,0;49980,0;0,0
9407993;836;2023-12-28 00:00:00;PM VARZEA DA PALMA;18.279.059/0001-26;SEMAD;1371;SECRETARIA DE ESTADO DE MEIO AMBIENTE E DESENVOLVIMENTO SUSTENTAVEL;41;CONTRIBUICOES;1;CONTRIBUICOES;72;TAXA DE FISCALIZACAO DE RECURSOS MINERARIOS;0,0;100000,0;0,0
9407994;87;2023-12-28 00:00:00;INSTITUTO SAIDA DE ACAO SOCIAL;18.111.514/0001-80;SEDESE;1481;SECRETARIA DE ESTADO DE DESENVOLVIMENTO SOCIAL;42;AUXILIOS;1;AUXILIOS;10;RECURSOS ORDINARIOS - RECURSOS NAO VINCULADOS DE IMPOSTOS;0,0;118490,0;0,0
9407995;1363;2023-12-28 00:00:00;FUNDACAO GREGORIO F. BAREMBLITT;26.034.397/0001-26;FEAS;4251;FUNDO ESTADUAL DE ASSISTENCIA SOCIAL;43;SUBVENCOES SOCIAIS;1;SUBVENCOES SOCIAIS;71;RECURSOS DO FUNDO ESTADUAL DE ERRADICACAO DA MISERIA;0,0;282052,09;0,0
9407996;314;2023-12-28 00:00:00;PM NOVO CRUZEIRO;18.404.889/0001-38;SEDESE;1481;SECRETARIA DE ESTADO DE DESENVOLVIMENTO SOCIAL;41;CONTRIBUICOES;1;CONTRIBUICOES;60;RECURSOS DIRETAMENTE ARRECADADOS;0,0;99062,79;0,0
9407997;835;2023-12-28 00:00:00;PM ALEM PARAIBA;17.709.197/0001-35;SEMAD;1371;SECRETARIA DE ESTADO DE MEIO AMBIENTE E DESENVOLVIMENTO SUSTENTAVEL;41;CONTRIBUICOES;1;CONTRIBUICOES;72;TAXA DE FISCALIZACAO DE RECURSOS MINERARIOS;0,0;400000,0;0,0
9407998;313;2023-12-28 00:00:00;PM TRES MARIAS;17.695.008/0001-12;SEDESE;1481;SECRETARIA DE ESTADO DE DESENVOLVIMENTO SOCIAL;41;CONTRIBUICOES;1;CONTRIBUICOES;60;RECURSOS DIRETAMENTE ARRECADADOS;0,0;100000,0;0,0
9407999;322;2023-12-28 00:00:00;PM GUANHAES;18.307.439/0001-27;SEDESE;1481;SECRETARIA DE ESTADO DE DESENVOLVIMENTO SOCIAL;41;CONTRIBUICOES;1;CONTRIBUICOES;60;RECURSOS DIRETAMENTE ARRECADADOS;0,0;100000,0;0,0
9408000;834;2023-12-28 00:00:00;CONSORCIO PUBLICO INTERM. DESENV. SUST. DO TRIANGULO MINEIRO;19.526.155/0001-94;SEMAD;1371;SECRETARIA DE ESTADO DE MEIO AMBIENTE E DESENVOLVIMENTO SUSTENTAVEL;41;CONTRIBUICOES;1;CONTRIBUICOES;72;TAXA DE FISCALIZACAO DE RECURSOS MINERARIOS;0,0;776000,0;0,0
9408001;532;2023-12-28 00:00:00;PM BOA ESPERANCA;18.239.590/0001-75;SEDESE;1481;SECRETARIA DE ESTADO DE DESENVOLVIMENTO SOCIAL;41;CONTRIBUICOES;1;CONTRIBUICOES;15;RECURSOS ORDINARIOS - OUTROS RECURSOS NAO VINCULADOS;0,0;500000,0;0,0
9408002;321;2023-12-28 00:00:00;PM INIMUTABA;17.694.860/0001-75;SEDESE;1481;SECRETARIA DE ESTADO DE DESENVOLVIMENTO SOCIAL;41;CONTRIBUICOES;1;CONTRIBUICOES;38;TRANSFERENCIAS DA UNIAO VINCULADOS AO ESPORTE;0,0;229369,38;0,0
9408003;323;2023-12-28 00:00:00;ASSOCIACAO DEFICIENTES FISICOS DE UBERABA;26.040.691/0001-40;SEDESE;1481;SECRETARIA DE ESTADO DE DESENVOLVIMENTO SOCIAL;43;SUBVENCOES SOCIAIS;1;SUBVENCOES SOCIAIS;38;TRANSFERENCIAS DA UNIAO VINCULADOS AO ESPORTE;0,0;84689,06;0,0
9408004;319;2023-12-28 00:00:00;PM CAPELINHA;19.229.921/0001-59;SEDESE;1481;SECRETARIA DE ESTADO DE DESENVOLVIMENTO SOCIAL;41;CONTRIBUICOES;1;CONTRIBUICOES;60;RECURSOS DIRETAMENTE ARRECADADOS;0,0;96306,5;0,0
9408005;316;2023-12-28 00:00:00;LIGA IPATINGUENSE DE ESPORTES ESPECIALIZADOS;26.201.400/0001-59;SEDESE;1481;SECRETARIA DE ESTADO DE DESENVOLVIMENTO SOCIAL;43;SUBVENCOES SOCIAIS;1;SUBVENCOES SOCIAIS;38;TRANSFERENCIAS DA UNIAO VINCULADOS AO ESPORTE;0,0;0,0;0,0
9408006;320;2023-12-28 00:00:00;PM EUGENOPOLIS;17.947.656/0001-19;SEDESE;1481;SECRETARIA DE ESTADO DE DESENVOLVIMENTO SOCIAL;41;CONTRIBUICOES;1;CONTRIBUICOES;38;TRANSFERENCIAS DA UNIAO VINCULADOS AO ESPORTE;0,0;229369,38;0,0
9408007;10;2023-12-28 00:00:00;CDM - COOPERACAO PARA O DESENVOLVIMENTO E MORADA HUMANA;21.867.551/0001-27;FIA;4091;FUNDO PARA A INFANCIA E A ADOLESCENCIA;43;SUBVENCOES SOCIAIS;1;SUBVENCOES SOCIAIS;45;DOACOES DE PESSOAS, DE INSTITUICOES PRIVADAS OU DO EXTERIOR A ORGAO E ENTIDADES DO ESTADO;0,0;309193,5;0,0
9408007;11;2023-12-28 00:00:00;CDM - COOPERACAO PARA O DESENVOLVIMENTO E MORADA HUMANA;21.867.551/0001-27;FIA;4091;FUNDO PARA A INFANCIA E A ADOLESCENCIA;42;AUXILIOS;1;AUXILIOS;45;DOACOES DE PESSOAS, DE INSTITUICOES PRIVADAS OU DO EXTERIOR A ORGAO E ENTIDADES DO ESTADO;0,0;22592,91;0,0
9408008;536;2023-12-28 00:00:00;PM CAMPO FLORIDO;18.428.862/0001-85;SEDESE;1481;SECRETARIA DE ESTADO DE DESENVOLVIMENTO SOCIAL;42;AUXILIOS;1;AUXILIOS;15;RECURSOS ORDINARIOS - OUTROS RECURSOS NAO VINCULADOS;0,0;200000,0;0,0
9408009;534;2023-12-28 00:00:00;PM ANDRADAS;17.884.412/0001-34;SEDESE;1481;SECRETARIA DE ESTADO DE DESENVOLVIMENTO SOCIAL;42;AUXILIOS;1;AUXILIOS;15;RECURSOS ORDINARIOS - OUTROS RECURSOS NAO VINCULADOS;0,0;400000,0;0,0
9408010;533;2023-12-28 00:00:00;PM ANDRADAS;17.884.412/0001-34;SEDESE;1481;SECRETARIA DE ESTADO DE DESENVOLVIMENTO SOCIAL;42;AUXILIOS;1;AUXILIOS;15;RECURSOS ORDINARIOS - OUTROS RECURSOS NAO VINCULADOS;0,0;1600000,0;0,0
9408011;833;2023-12-28 00:00:00;PM VAZANTE;18.278.069/0001-47;SEMAD;1371;SECRETARIA DE ESTADO DE MEIO AMBIENTE E DESENVOLVIMENTO SUSTENTAVEL;41;CONTRIBUICOES;1;CONTRIBUICOES;72;TAXA DE FISCALIZACAO DE RECURSOS MINERARIOS;0,0;150000,0;0,0
9408012;907;2023-12-28 00:00:00;INSTITUTO NEIDES ABREU;34.106.513/0001-01;SECULT;1271;SECRETARIA DE ESTADO DE CULTURA E TURISMO;41;CONTRIBUICOES;1;CONTRIBUICOES;10;RECURSOS ORDINARIOS - RECURSOS NAO VINCULADOS DE IMPOSTOS;0,0;50000,0;0,0
9408012;908;2023-12-28 00:00:00;INSTITUTO NEIDES ABREU;34.106.513/0001-01;SECULT;1271;SECRETARIA DE ESTADO DE CULTURA E TURISMO;42;AUXILIOS;1;AUXILIOS;10;RECURSOS ORDINARIOS - RECURSOS NAO VINCULADOS DE IMPOSTOS;0,0;50000,0;0,0
9408013;809;2023-12-28 00:00:00;PM SAO JOAO EVANGELISTA;18.307.488/0001-60;SEINFRA;1301;SECRETARIA DE ESTADO DE INFRAESTRUTURA, MOBILIDADE E PARCERIAS;42;AUXILIOS;1;AUXILIOS;10;RECURSOS ORDINARIOS - RECURSOS NAO VINCULADOS DE IMPOSTOS;0,0;300000,0;0,0
9408014;810;2023-12-28 00:00:00;PM CAPINOPOLIS;18.457.234/0001-28;SEINFRA;1301;SECRETARIA DE ESTADO DE INFRAESTRUTURA, MOBILIDADE E PARCERIAS;42;AUXILIOS;1;AUXILIOS;32;EXPLORACAO DE RECURSOS MINERAIS;0,0;500000,0;0,0
9408015;832;2023-12-28 00:00:00;PM TRES CORACOES;17.955.535/0001-19;SEMAD;1371;SECRETARIA DE ESTADO DE MEIO AMBIENTE E DESENVOLVIMENTO SUSTENTAVEL;41;CONTRIBUICOES;1;CONTRIBUICOES;72;TAXA DE FISCALIZACAO DE RECURSOS MINERARIOS;0,0;500000,0;0,0
9408016;811;2023-12-28 00:00:00;PM PATOS DE MINAS;18.602.011/0001-07;SEINFRA;1301;SECRETARIA DE ESTADO DE INFRAESTRUTURA, MOBILIDADE E PARCERIAS;42;AUXILIOS;1;AUXILIOS;32;EXPLORACAO DE RECURSOS MINERAIS;0,0;7000000,0;0,0
9408017;324;2023-12-28 00:00:00;PM SAO JOSE DO DIVINO;18.404.988/0001-10;SEDESE;1481;SECRETARIA DE ESTADO DE DESENVOLVIMENTO SOCIAL;41;CONTRIBUICOES;1;CONTRIBUICOES;38;TRANSFERENCIAS DA UNIAO VINCULADOS AO ESPORTE;0,0;229369,38;0,0
9408018;831;2023-12-28 00:00:00;PM URUANA DE MINAS;01.609.942/0001-34;SEMAD;1371;SECRETARIA DE ESTADO DE MEIO AMBIENTE E DESENVOLVIMENTO SUSTENTAVEL;41;CONTRIBUICOES;1;CONTRIBUICOES;72;TAXA DE FISCALIZACAO DE RECURSOS MINERARIOS;0,0;196244,22;0,0
9408019;905;2023-12-28 00:00:00;ASSOCIACAO DO TERNO DE CONGADO MARUJOS AZUL DE MAIO - AZM;11.795.449/0001-00;SECULT;1271;SECRETARIA DE ESTADO DE CULTURA E TURISMO;41;CONTRIBUICOES;1;CONTRIBUICOES;10;RECURSOS ORDINARIOS - RECURSOS NAO VINCULADOS DE IMPOSTOS;0,0;24000,0;0,0
9408019;906;2023-12-28 00:00:00;ASSOCIACAO DO TERNO DE CONGADO MARUJOS AZUL DE MAIO - AZM;11.795.449/0001-00;SECULT;1271;SECRETARIA DE ESTADO DE CULTURA E TURISMO;42;AUXILIOS;1;AUXILIOS;10;RECURSOS ORDINARIOS - RECURSOS NAO VINCULADOS DE IMPOSTOS;0,0;76000,0;0,0
9408020;912;2023-12-28 00:00:00;ASSOCIACAO DE CULTURA E ARTES JOSE ANTONIO LOBO;11.015.792/0001-94;SECULT;1271;SECRETARIA DE ESTADO DE CULTURA E TURISMO;41;CONTRIBUICOES;1;CONTRIBUICOES;10;RECURSOS ORDINARIOS - RECURSOS NAO VINCULADOS DE IMPOSTOS;0,0;80000,0;0,0
9408020;913;2023-12-28 00:00:00;ASSOCIACAO DE CULTURA E ARTES JOSE ANTONIO LOBO;11.015.792/0001-94;SECULT;1271;SECRETARIA DE ESTADO DE CULTURA E TURISMO;42;AUXILIOS;1;AUXILIOS;10;RECURSOS ORDINARIOS - RECURSOS NAO VINCULADOS DE IMPOSTOS;0,0;9979,21;0,0
9408021;318;2023-12-28 00:00:00;PM PRESIDENTE JUSCELINO;17.695.057/0001-55;SEDESE;1481;SECRETARIA DE ESTADO DE DESENVOLVIMENTO SOCIAL;42;AUXILIOS;1;AUXILIOS;38;TRANSFERENCIAS DA UNIAO VINCULADOS AO ESPORTE;0,0;97566,66;0,0
9408022;848;2023-12-28 00:00:00;PM SAO JOAO DE MANTENINHA;22.705.248/0001-90;SEMAD;1371;SECRETARIA DE ESTADO DE MEIO AMBIENTE E DESENVOLVIMENTO SUSTENTAVEL;41;CONTRIBUICOES;1;CONTRIBUICOES;72;TAXA DE FISCALIZACAO DE RECURSOS MINERARIOS;0,0;701374,0;0,0
9408023;498;2023-12-28 00:00:00;PM SABINOPOLIS;18.307.454/0001-75;SEAPA;1231;SECRETARIA DE ESTADO DE AGRICULTURA, PECUARIA E ABASTECIMENTO;41;CONTRIBUICOES;1;CONTRIBUICOES;10;RECURSOS ORDINARIOS - RECURSOS NAO VINCULADOS DE IMPOSTOS;0,0;330000,0;0,0
9408024;497;2023-12-28 00:00:00;PM LUISLANDIA;01.612.887/0001-31;SEAPA;1231;SECRETARIA DE ESTADO DE AGRICULTURA, PECUARIA E ABASTECIMENTO;41;CONTRIBUICOES;1;CONTRIBUICOES;10;RECURSOS ORDINARIOS - RECURSOS NAO VINCULADOS DE IMPOSTOS;0,0;460000,0;0,0
9408025;847;2023-12-28 00:00:00;PM ITAPAGIPE;21.226.840/0001-47;SEMAD;1371;SECRETARIA DE ESTADO DE MEIO AMBIENTE E DESENVOLVIMENTO SUSTENTAVEL;41;CONTRIBUICOES;1;CONTRIBUICOES;72;TAXA DE FISCALIZACAO DE RECURSOS MINERARIOS;0,0;150000,0;0,0
9408028;846;2023-12-28 00:00:00;CONSORCIO INTERMUNICIPAL REGIAO INTEGRADA DE DESENVOLVIMENTO SUSTENTAV;19.746.706/0001-25;SEMAD;1371;SECRETARIA DE ESTADO DE MEIO AMBIENTE E DESENVOLVIMENTO SUSTENTAVEL;41;CONTRIBUICOES;1;CONTRIBUICOES;72;TAXA DE FISCALIZACAO DE RECURSOS MINERARIOS;0,0;710000,0;0,0
9408030;813;2023-12-28 00:00:00;PM ABAETE;18.296.632/0001-00;SEINFRA;1301;SECRETARIA DE ESTADO DE INFRAESTRUTURA, MOBILIDADE E PARCERIAS;42;AUXILIOS;1;AUXILIOS;95;RECURSOS RECEBIDOS POR DANOS ADVINDOS DE DESASTRES SOCIOAMBIENTAIS;0,0;42155126,19;0,0
9408032;845;2023-12-28 00:00:00;PM TOCOS DO MOJI;01.601.656/0001-22;SEMAD;1371;SECRETARIA DE ESTADO DE MEIO AMBIENTE E DESENVOLVIMENTO SUSTENTAVEL;41;CONTRIBUICOES;1;CONTRIBUICOES;72;TAXA DE FISCALIZACAO DE RECURSOS MINERARIOS;0,0;150000,0;0,0
9408034;6610;2023-12-29 00:00:00;CONSORCIO INTERM.SAUDE REDE URG.EMERG LESTE DE MINAS - GOV.VALADARES;20.101.246/0001-67;FES;4291;FUNDO ESTADUAL DE SAUDE;42;AUXILIOS;1;AUXILIOS;95;RECURSOS RECEBIDOS POR DANOS ADVINDOS DE DESASTRES SOCIOAMBIENTAIS;0,0;119529,19;0,0
9408035;2699;2023-12-28 00:00:00;PM IBERTIOGA;18.094.839/0001-00;SEGOV;1491;SECRETARIA DE ESTADO DE GOVERNO;42;AUXILIOS;1;AUXILIOS;15;RECURSOS ORDINARIOS - OUTROS RECURSOS NAO VINCULADOS;300000,0;0,0;300000,0
9408036;844;2023-12-28 00:00:00;PM RESENDE COSTA;17.749.912/0001-63;SEMAD;1371;SECRETARIA DE ESTADO DE MEIO AMBIENTE E DESENVOLVIMENTO SUSTENTAVEL;41;CONTRIBUICOES;1;CONTRIBUICOES;72;TAXA DE FISCALIZACAO DE RECURSOS MINERARIOS;0,0;299926,75;0,0
9408038;2692;2023-12-28 00:00:00;PM SANTA RITA DO ITUETO;18.413.187/0001-10;SEGOV;1491;SECRETARIA DE ESTADO DE GOVERNO;42;AUXILIOS;1;AUXILIOS;15;RECURSOS ORDINARIOS - OUTROS RECURSOS NAO VINCULADOS;650000,0;0,0;650000,0
9408039;843;2023-12-28 00:00:00;CONSORCIO INTERMUNICIPAL DE INFRAESTRUTURA DOS MUNICIPIOS DA AMAJE;22.835.076/0001-70;SEMAD;1371;SECRETARIA DE ESTADO DE MEIO AMBIENTE E DESENVOLVIMENTO SUSTENTAVEL;41;CONTRIBUICOES;1;CONTRIBUICOES;72;TAXA DE FISCALIZACAO DE RECURSOS MINERARIOS;0,0;480000,0;0,0
9408040;535;2023-12-28 00:00:00;LAR PEDACINHO DO CEU;23.780.943/0001-80;SEDESE;1481;SECRETARIA DE ESTADO DE DESENVOLVIMENTO SOCIAL;42;AUXILIOS;1;AUXILIOS;10;RECURSOS ORDINARIOS - RECURSOS NAO VINCULADOS DE IMPOSTOS;0,0;88623,86;0,0
9408043;2700;2023-12-28 00:00:00;PM TURVOLANDIA;18.712.141/0001-00;SEGOV;1491;SECRETARIA DE ESTADO DE GOVERNO;42;AUXILIOS;1;AUXILIOS;15;RECURSOS ORDINARIOS - OUTROS RECURSOS NAO VINCULADOS;698652,33;0,0;698652,33
9408044;2701;2023-12-28 00:00:00;PM SAO JOAO DO ORIENTE;18.338.848/0001-90;SEGOV;1491;SECRETARIA DE ESTADO DE GOVERNO;42;AUXILIOS;1;AUXILIOS;15;RECURSOS ORDINARIOS - OUTROS RECURSOS NAO VINCULADOS;500000,0;0,0;500000,0
9408045;842;2023-12-28 00:00:00;PM FREI INOCENCIO;16.945.990/0001-70;SEMAD;1371;SECRETARIA DE ESTADO DE MEIO AMBIENTE E DESENVOLVIMENTO SUSTENTAVEL;41;CONTRIBUICOES;1;CONTRIBUICOES;72;TAXA DE FISCALIZACAO DE RECURSOS MINERARIOS;0,0;1900000,0;0,0
9408046;2702;2023-12-28 00:00:00;PM GOIANA;01.611.137/0001-45;SEGOV;1491;SECRETARIA DE ESTADO DE GOVERNO;42;AUXILIOS;1;AUXILIOS;15;RECURSOS ORDINARIOS - OUTROS RECURSOS NAO VINCULADOS;87737,63;0,0;87737,63
9408047;2691;2023-12-28 00:00:00;PM MONTE FORMOSO;01.615.007/0001-80;SEGOV;1491;SECRETARIA DE ESTADO DE GOVERNO;42;AUXILIOS;1;AUXILIOS;15;RECURSOS ORDINARIOS - OUTROS RECURSOS NAO VINCULADOS;87734,86;0,0;87734,86
9408049;841;2023-12-28 00:00:00;PM NOVO ORIENTE DE MINAS;01.613.373/0001-09;SEMAD;1371;SECRETARIA DE ESTADO DE MEIO AMBIENTE E DESENVOLVIMENTO SUSTENTAVEL;41;CONTRIBUICOES;1;CONTRIBUICOES;97;TRANSFERENCIAS ESPECIAIS DE RECURSOS DA UNIAO;0,0;115492,0;0,0
9408050;812;2023-12-28 00:00:00;PM UBA;18.128.207/0001-01;SEINFRA;1301;SECRETARIA DE ESTADO DE INFRAESTRUTURA, MOBILIDADE E PARCERIAS;42;AUXILIOS;1;AUXILIOS;15;RECURSOS ORDINARIOS - OUTROS RECURSOS NAO VINCULADOS;0,0;300000,0;0,0
9408051;2697;2023-12-28 00:00:00;PM JABOTICATUBAS;18.715.417/0001-04;SEGOV;1491;SECRETARIA DE ESTADO DE GOVERNO;42;AUXILIOS;1;AUXILIOS;15;RECURSOS ORDINARIOS - OUTROS RECURSOS NAO VINCULADOS;117495,0;0,0;117495,0
9408052;2698;2023-12-28 00:00:00;PM DIVINOPOLIS;18.291.351/0001-64;SEGOV;1491;SECRETARIA DE ESTADO DE GOVERNO;42;AUXILIOS;1;AUXILIOS;15;RECURSOS ORDINARIOS - OUTROS RECURSOS NAO VINCULADOS;390000,0;0,0;390000,0
9408053;840;2023-12-28 00:00:00;PM CAPITOLIO;16.726.028/0001-40;SEMAD;1371;SECRETARIA DE ESTADO DE MEIO AMBIENTE E DESENVOLVIMENTO SUSTENTAVEL;41;CONTRIBUICOES;1;CONTRIBUICOES;97;TRANSFERENCIAS ESPECIAIS DE RECURSOS DA UNIAO;0,0;45000,0;0,0
9408057;2693;2023-12-28 00:00:00;PM CAPINOPOLIS;18.457.234/0001-28;SEGOV;1491;SECRETARIA DE ESTADO DE GOVERNO;42;AUXILIOS;1;AUXILIOS;15;RECURSOS ORDINARIOS - OUTROS RECURSOS NAO VINCULADOS;250000,0;0,0;250000,0
9408061;2694;2023-12-28 00:00:00;PM BAEPENDI;18.008.862/0001-26;SEGOV;1491;SECRETARIA DE ESTADO DE GOVERNO;42;AUXILIOS;1;AUXILIOS;15;RECURSOS ORDINARIOS - OUTROS RECURSOS NAO VINCULADOS;300000,0;0,0;300000,0
9408065;2703;2023-12-28 00:00:00;PM CAMANDUCAIA;17.935.396/0001-61;SEGOV;1491;SECRETARIA DE ESTADO DE GOVERNO;42;AUXILIOS;1;AUXILIOS;15;RECURSOS ORDINARIOS - OUTROS RECURSOS NAO VINCULADOS;131648,0;0,0;131648,0
9408068;2695;2023-12-28 00:00:00;PM RIO PARANAIBA;18.602.045/0001-00;SEGOV;1491;SECRETARIA DE ESTADO DE GOVERNO;42;AUXILIOS;1;AUXILIOS;15;RECURSOS ORDINARIOS - OUTROS RECURSOS NAO VINCULADOS;123851,11;0,0;123851,11
9408070;2696;2023-12-28 00:00:00;PM ARAPUA;19.942.895/0001-01;SEGOV;1491;SECRETARIA DE ESTADO DE GOVERNO;42;AUXILIOS;1;AUXILIOS;15;RECURSOS ORDINARIOS - OUTROS RECURSOS NAO VINCULADOS;116292,0;0,0;116292,0
9408084;337;2023-12-28 00:00:00;PM CAETE;18.302.299/0001-02;SEDE;1221;SECRETARIA DE ESTADO DE DESENVOLVIMENTO ECONOMICO;41;CONTRIBUICOES;1;CONTRIBUICOES;32;EXPLORACAO DE RECURSOS MINERAIS;0,0;1146150,0;0,0
9408265;849;2023-12-29 00:00:00;PM CANA VERDE;18.244.426/0001-56;SEMAD;1371;SECRETARIA DE ESTADO DE MEIO AMBIENTE E DESENVOLVIMENTO SUSTENTAVEL;41;CONTRIBUICOES;1;CONTRIBUICOES;72;TAXA DE FISCALIZACAO DE RECURSOS MINERARIOS;0,0;300000,0;0,0
9408266;2704;2023-12-29 00:00:00;PM ICARAI DE MINAS;25.224.304/0001-63;SEGOV;1491;SECRETARIA DE ESTADO DE GOVERNO;42;AUXILIOS;1;AUXILIOS;15;RECURSOS ORDINARIOS - OUTROS RECURSOS NAO VINCULADOS;500000,0;0,0;500000,0
9408267;334;2023-12-28 00:00:00;PM BAEPENDI;18.008.862/0001-26;SEDESE;1481;SECRETARIA DE ESTADO DE DESENVOLVIMENTO SOCIAL;41;CONTRIBUICOES;1;CONTRIBUICOES;38;TRANSFERENCIAS DA UNIAO VINCULADOS AO ESPORTE;0,0;229369,38;0,0
9408268;330;2023-12-28 00:00:00;PM ENGENHEIRO CALDAS;18.080.655/0001-82;SEDESE;1481;SECRETARIA DE ESTADO DE DESENVOLVIMENTO SOCIAL;41;CONTRIBUICOES;1;CONTRIBUICOES;38;TRANSFERENCIAS DA UNIAO VINCULADOS AO ESPORTE;0,0;229369,38;0,0
9408269;331;2023-12-28 00:00:00;APAE;04.427.949/0001-23;SEDESE;1481;SECRETARIA DE ESTADO DE DESENVOLVIMENTO SOCIAL;43;SUBVENCOES SOCIAIS;1;SUBVENCOES SOCIAIS;38;TRANSFERENCIAS DA UNIAO VINCULADOS AO ESPORTE;0,0;0,0;0,0
9408270;329;2023-12-28 00:00:00;PM MEDINA;18.414.607/0001-83;SEDESE;1481;SECRETARIA DE ESTADO DE DESENVOLVIMENTO SOCIAL;41;CONTRIBUICOES;1;CONTRIBUICOES;38;TRANSFERENCIAS DA UNIAO VINCULADOS AO ESPORTE;0,0;229368,38;0,0
9408271;333;2023-12-28 00:00:00;UNIAO DOS PARAPLEGICOS DE BELO HORIZONTE;21.020.987/0001-86;SEDESE;1481;SECRETARIA DE ESTADO DE DESENVOLVIMENTO SOCIAL;43;SUBVENCOES SOCIAIS;1;SUBVENCOES SOCIAIS;59;OUTROS RECURSOS VINCULADOS;0,0;225853,35;0,0
9408272;328;2023-12-28 00:00:00;PM SARDOA;18.307.496/0001-06;SEDESE;1481;SECRETARIA DE ESTADO DE DESENVOLVIMENTO SOCIAL;41;CONTRIBUICOES;1;CONTRIBUICOES;38;TRANSFERENCIAS DA UNIAO VINCULADOS AO ESPORTE;0,0;229369,38;0,0
9408273;2706;2023-12-29 00:00:00;PM SANTA CRUZ DE SALINAS;01.612.497/0001-61;SEGOV;1491;SECRETARIA DE ESTADO DE GOVERNO;42;AUXILIOS;1;AUXILIOS;15;RECURSOS ORDINARIOS - OUTROS RECURSOS NAO VINCULADOS;330000,0;0,0;330000,0
9408274;540;2023-12-28 00:00:00;INSTITUTO BRASILEIRO DE ASSISTENCIA A SAUDE;10.318.819/0001-55;SEDESE;1481;SECRETARIA DE ESTADO DE DESENVOLVIMENTO SOCIAL;43;SUBVENCOES SOCIAIS;1;SUBVENCOES SOCIAIS;10;RECURSOS ORDINARIOS - RECURSOS NAO VINCULADOS DE IMPOSTOS;0,0;285000,0;0,0
9408275;552;2023-12-28 00:00:00;INSTITUTO NEIDES ABREU;34.106.513/0001-01;SEDESE;1481;SECRETARIA DE ESTADO DE DESENVOLVIMENTO SOCIAL;43;SUBVENCOES SOCIAIS;1;SUBVENCOES SOCIAIS;10;RECURSOS ORDINARIOS - RECURSOS NAO VINCULADOS DE IMPOSTOS;0,0;103000,0;0,0
9408275;553;2023-12-28 00:00:00;INSTITUTO NEIDES ABREU;34.106.513/0001-01;SEDESE;1481;SECRETARIA DE ESTADO DE DESENVOLVIMENTO SOCIAL;42;AUXILIOS;1;AUXILIOS;10;RECURSOS ORDINARIOS - RECURSOS NAO VINCULADOS DE IMPOSTOS;0,0;26000,0;0,0
9408276;554;2023-12-28 00:00:00;APAE RAUL SOARES;19.713.544/0001-29;SEDESE;1481;SECRETARIA DE ESTADO DE DESENVOLVIMENTO SOCIAL;43;SUBVENCOES SOCIAIS;1;SUBVENCOES SOCIAIS;10;RECURSOS ORDINARIOS - RECURSOS NAO VINCULADOS DE IMPOSTOS;0,0;99997,84;0,0
9408277;2707;2023-12-29 00:00:00;PM MINDURI;17.954.041/0001-10;SEGOV;1491;SECRETARIA DE ESTADO DE GOVERNO;42;AUXILIOS;1;AUXILIOS;15;RECURSOS ORDINARIOS - OUTROS RECURSOS NAO VINCULADOS;700000,0;0,0;700000,0
9408278;74;2023-12-28 00:00:00;CARITAS BRASILEIRA;33.654.419/0008-92;SEDESE;1481;SECRETARIA DE ESTADO DE DESENVOLVIMENTO SOCIAL;43;SUBVENCOES SOCIAIS;1;SUBVENCOES SOCIAIS;10;RECURSOS ORDINARIOS - RECURSOS NAO VINCULADOS DE IMPOSTOS;0,0;600000,0;0,0
9408279;541;2023-12-28 00:00:00;PM PEDRO LEOPOLDO;23.456.650/0001-41;SEDESE;1481;SECRETARIA DE ESTADO DE DESENVOLVIMENTO SOCIAL;41;CONTRIBUICOES;1;CONTRIBUICOES;15;RECURSOS ORDINARIOS - OUTROS RECURSOS NAO VINCULADOS;0,0;995846,22;0,0
9408280;551;2023-12-28 00:00:00;PM AUGUSTO DE LIMA;17.694.845/0001-27;SEDESE;1481;SECRETARIA DE ESTADO DE DESENVOLVIMENTO SOCIAL;41;CONTRIBUICOES;1;CONTRIBUICOES;15;RECURSOS ORDINARIOS - OUTROS RECURSOS NAO VINCULADOS;0,0;550000,0;0,0
9408281;335;2023-12-28 00:00:00;PM JOAIMA;18.495.812/0001-10;SEDESE;1481;SECRETARIA DE ESTADO DE DESENVOLVIMENTO SOCIAL;41;CONTRIBUICOES;1;CONTRIBUICOES;60;RECURSOS DIRETAMENTE ARRECADADOS;0,0;100000,0;0,0
9408282;545;2023-12-28 00:00:00;PM ALVINOPOLIS;16.725.392/0001-96;SEDESE;1481;SECRETARIA DE ESTADO DE DESENVOLVIMENTO SOCIAL;41;CONTRIBUICOES;1;CONTRIBUICOES;15;RECURSOS ORDINARIOS - OUTROS RECURSOS NAO VINCULADOS;0,0;250000,0;0,0
9408283;2708;2023-12-29 00:00:00;PM SAO JOAO DA PONTE;16.928.483/0001-29;SEGOV;1491;SECRETARIA DE ESTADO DE GOVERNO;42;AUXILIOS;1;AUXILIOS;15;RECURSOS ORDINARIOS - OUTROS RECURSOS NAO VINCULADOS;600000,0;0,0;600000,0
9408284;550;2023-12-28 00:00:00;PM RESENDE COSTA;17.749.912/0001-63;SEDESE;1481;SECRETARIA DE ESTADO DE DESENVOLVIMENTO SOCIAL;41;CONTRIBUICOES;1;CONTRIBUICOES;15;RECURSOS ORDINARIOS - OUTROS RECURSOS NAO VINCULADOS;0,0;742154,17;0,0
9408285;549;2023-12-28 00:00:00;PM POMPEU;18.296.681/0001-42;SEDESE;1481;SECRETARIA DE ESTADO DE DESENVOLVIMENTO SOCIAL;41;CONTRIBUICOES;1;CONTRIBUICOES;15;RECURSOS ORDINARIOS - OUTROS RECURSOS NAO VINCULADOS;0,0;500000,0;0,0
9408286;546;2023-12-28 00:00:00;PM GOUVEA;17.754.144/0001-36;SEDESE;1481;SECRETARIA DE ESTADO DE DESENVOLVIMENTO SOCIAL;41;CONTRIBUICOES;1;CONTRIBUICOES;15;RECURSOS ORDINARIOS - OUTROS RECURSOS NAO VINCULADOS;0,0;601547,0;0,0
9408287;543;2023-12-28 00:00:00;PM BURITIZEIRO;18.279.067/0001-72;SEDESE;1481;SECRETARIA DE ESTADO DE DESENVOLVIMENTO SOCIAL;41;CONTRIBUICOES;1;CONTRIBUICOES;15;RECURSOS ORDINARIOS - OUTROS RECURSOS NAO VINCULADOS;0,0;1000000,0;0,0
9408288;547;2023-12-28 00:00:00;PM ANDRADAS;17.884.412/0001-34;SEDESE;1481;SECRETARIA DE ESTADO DE DESENVOLVIMENTO SOCIAL;42;AUXILIOS;1;AUXILIOS;15;RECURSOS ORDINARIOS - OUTROS RECURSOS NAO VINCULADOS;0,0;200000,0;0,0
9408289;2710;2023-12-29 00:00:00;PM CORONEL XAVIER CHAVES;18.557.546/0001-03;SEGOV;1491;SECRETARIA DE ESTADO DE GOVERNO;42;AUXILIOS;1;AUXILIOS;15;RECURSOS ORDINARIOS - OUTROS RECURSOS NAO VINCULADOS;88180,74;0,0;88180,74
9408290;336;2023-12-28 00:00:00;ESPORTE SOCIAL UBERLANDIA - ESSUBE;21.003.503/0001-90;SEDESE;1481;SECRETARIA DE ESTADO DE DESENVOLVIMENTO SOCIAL;43;SUBVENCOES SOCIAIS;1;SUBVENCOES SOCIAIS;59;OUTROS RECURSOS VINCULADOS;0,0;349887,58;0,0
9408291;332;2023-12-28 00:00:00;ONG PROJETO VEM SER PARA VENCER;22.473.776/0001-61;SEDESE;1481;SECRETARIA DE ESTADO DE DESENVOLVIMENTO SOCIAL;43;SUBVENCOES SOCIAIS;1;SUBVENCOES SOCIAIS;59;OUTROS RECURSOS VINCULADOS;0,0;345944,0;0,0
9408292;2711;2023-12-29 00:00:00;PM LAGOA SANTA;73.357.469/0001-56;SEGOV;1491;SECRETARIA DE ESTADO DE GOVERNO;42;AUXILIOS;1;AUXILIOS;15;RECURSOS ORDINARIOS - OUTROS RECURSOS NAO VINCULADOS;116904,54;0,0;116904,54
9408293;544;2023-12-28 00:00:00;FEDERACAO DE ESPORTES ESTUDANTIS DE MINAS GERAIS;04.070.420/0001-03;SEDESE;1481;SECRETARIA DE ESTADO DE DESENVOLVIMENTO SOCIAL;43;SUBVENCOES SOCIAIS;1;SUBVENCOES SOCIAIS;10;RECURSOS ORDINARIOS - RECURSOS NAO VINCULADOS DE IMPOSTOS;0,0;90000,0;0,0
9408294;338;2023-12-28 00:00:00;PM COIMBRA;18.132.464/0001-17;SEDESE;1481;SECRETARIA DE ESTADO DE DESENVOLVIMENTO SOCIAL;41;CONTRIBUICOES;1;CONTRIBUICOES;38;TRANSFERENCIAS DA UNIAO VINCULADOS AO ESPORTE;0,0;229369,38;0,0
9408295;548;2023-12-28 00:00:00;ONG JUVENTUDE COM ATITUDE - JUCA - CONTAGEM;09.184.794/0001-65;SEDESE;1481;SECRETARIA DE ESTADO DE DESENVOLVIMENTO SOCIAL;42;AUXILIOS;1;AUXILIOS;10;RECURSOS ORDINARIOS - RECURSOS NAO VINCULADOS DE IMPOSTOS;0,0;160000,0;0,0
9408296;542;2023-12-28 00:00:00;ASSOCIACAO DE PREVENCAO DO CANCER DA MULHER-ASPRECAM;21.037.189/0001-67;SEDESE;1481;SECRETARIA DE ESTADO DE DESENVOLVIMENTO SOCIAL;43;SUBVENCOES SOCIAIS;1;SUBVENCOES SOCIAIS;10;RECURSOS ORDINARIOS - RECURSOS NAO VINCULADOS DE IMPOSTOS;0,0;90000,0;0,0
9408297;326;2023-12-28 00:00:00;UNIAO FUTEBOL CLUBE;19.579.341/0001-91;SEDESE;1481;SECRETARIA DE ESTADO DE DESENVOLVIMENTO SOCIAL;42;AUXILIOS;1;AUXILIOS;10;RECURSOS ORDINARIOS - RECURSOS NAO VINCULADOS DE IMPOSTOS;0,0;11150,28;0,0
9408297;327;2023-12-28 00:00:00;UNIAO FUTEBOL CLUBE;19.579.341/0001-91;SEDESE;1481;SECRETARIA DE ESTADO DE DESENVOLVIMENTO SOCIAL;43;SUBVENCOES SOCIAIS;1;SUBVENCOES SOCIAIS;10;RECURSOS ORDINARIOS - RECURSOS NAO VINCULADOS DE IMPOSTOS;0,0;100000,0;0,0
9408298;337;2023-12-28 00:00:00;ASSOCIACAO DOS DEFICIENTES DE CONTAGEM;26.061.838/0001-89;SEDESE;1481;SECRETARIA DE ESTADO DE DESENVOLVIMENTO SOCIAL;43;SUBVENCOES SOCIAIS;1;SUBVENCOES SOCIAIS;38;TRANSFERENCIAS DA UNIAO VINCULADOS AO ESPORTE;0,0;0,0;0,0
9408299;539;2023-12-28 00:00:00;PM OURO VERDE DE MINAS;18.404.947/0001-23;SEDESE;1481;SECRETARIA DE ESTADO DE DESENVOLVIMENTO SOCIAL;42;AUXILIOS;1;AUXILIOS;15;RECURSOS ORDINARIOS - OUTROS RECURSOS NAO VINCULADOS;0,0;1000000,0;0,0
9408300;2712;2023-12-29 00:00:00;PM SERRANOPOLIS DE MINAS;01.612.501/0001-91;SEGOV;1491;SECRETARIA DE ESTADO DE GOVERNO;42;AUXILIOS;1;AUXILIOS;15;RECURSOS ORDINARIOS - OUTROS RECURSOS NAO VINCULADOS;87737,62;0,0;87737,62
9408301;340;2023-12-28 00:00:00;PM POMPEU;18.296.681/0001-42;SEDESE;1481;SECRETARIA DE ESTADO DE DESENVOLVIMENTO SOCIAL;41;CONTRIBUICOES;1;CONTRIBUICOES;60;RECURSOS DIRETAMENTE ARRECADADOS;0,0;100000,0;0,0
9408302;345;2023-12-28 00:00:00;ASSOCIACAO BURITIS DE ESPORTE E CULTURA;12.382.472/0001-35;SEDESE;1481;SECRETARIA DE ESTADO DE DESENVOLVIMENTO SOCIAL;43;SUBVENCOES SOCIAIS;1;SUBVENCOES SOCIAIS;59;OUTROS RECURSOS VINCULADOS;0,0;325915,45;0,0
9408303;341;2023-12-28 00:00:00;FEDERACAO MINEIRA DESPORTIVA DOS SURDOS;16.887.093/0001-58;SEDESE;1481;SECRETARIA DE ESTADO DE DESENVOLVIMENTO SOCIAL;43;SUBVENCOES SOCIAIS;1;SUBVENCOES SOCIAIS;38;TRANSFERENCIAS DA UNIAO VINCULADOS AO ESPORTE;0,0;99287,08;0,0
9408304;1368;2023-12-29 00:00:00;NUCLEO ASSISTENCIAL CAMINHOS PARA JESUS;17.391.822/0001-43;FEAS;4251;FUNDO ESTADUAL DE ASSISTENCIA SOCIAL;43;SUBVENCOES SOCIAIS;1;SUBVENCOES SOCIAIS;71;RECURSOS DO FUNDO ESTADUAL DE ERRADICACAO DA MISERIA;0,0;135199,72;0,0
9408306;344;2023-12-28 00:00:00;PM VICOSA;18.132.449/0001-79;SEDESE;1481;SECRETARIA DE ESTADO DE DESENVOLVIMENTO SOCIAL;41;CONTRIBUICOES;1;CONTRIBUICOES;60;RECURSOS DIRETAMENTE ARRECADADOS;0,0;100000,0;0,0
9408307;2713;2023-12-29 00:00:00;PM SERRANOPOLIS DE MINAS;01.612.501/0001-91;SEGOV;1491;SECRETARIA DE ESTADO DE GOVERNO;42;AUXILIOS;1;AUXILIOS;15;RECURSOS ORDINARIOS - OUTROS RECURSOS NAO VINCULADOS;116317,08;0,0;116317,08
9408308;342;2023-12-28 00:00:00;PM JANAUBA;18.017.392/0001-67;SEDESE;1481;SECRETARIA DE ESTADO DE DESENVOLVIMENTO SOCIAL;41;CONTRIBUICOES;1;CONTRIBUICOES;60;RECURSOS DIRETAMENTE ARRECADADOS;0,0;100000,0;0,0
9408309;343;2023-12-28 00:00:00;ASSOCIACAO DOS SURDOS DE BETIM;02.566.745/0001-48;SEDESE;1481;SECRETARIA DE ESTADO DE DESENVOLVIMENTO SOCIAL;43;SUBVENCOES SOCIAIS;1;SUBVENCOES SOCIAIS;38;TRANSFERENCIAS DA UNIAO VINCULADOS AO ESPORTE;0,0;99963,88;0,0
9408310;2705;2023-12-29 00:00:00;PM SAO GERALDO DA PIEDADE;18.307.470/0001-68;SEGOV;1491;SECRETARIA DE ESTADO DE GOVERNO;42;AUXILIOS;1;AUXILIOS;15;RECURSOS ORDINARIOS - OUTROS RECURSOS NAO VINCULADOS;599873,9;0,0;599873,9
9408311;347;2023-12-28 00:00:00;PM NOVO ORIENTE DE MINAS;01.613.373/0001-09;SEDESE;1481;SECRETARIA DE ESTADO DE DESENVOLVIMENTO SOCIAL;41;CONTRIBUICOES;1;CONTRIBUICOES;59;OUTROS RECURSOS VINCULADOS;0,0;349982,65;0,0
9408312;2709;2023-12-29 00:00:00;PM DESTERRO DE ENTRE RIOS;20.356.762/0001-32;SEGOV;1491;SECRETARIA DE ESTADO DE GOVERNO;42;AUXILIOS;1;AUXILIOS;15;RECURSOS ORDINARIOS - OUTROS RECURSOS NAO VINCULADOS;131648,0;0,0;131648,0
9408313;346;2023-12-28 00:00:00;PM CAMANDUCAIA;17.935.396/0001-61;SEDESE;1481;SECRETARIA DE ESTADO DE DESENVOLVIMENTO SOCIAL;41;CONTRIBUICOES;1;CONTRIBUICOES;59;OUTROS RECURSOS VINCULADOS;0,0;344113,43;0,0
9408315;339;2023-12-28 00:00:00;VISAO ELE CLAMA;05.724.327/0001-20;SEDESE;1481;SECRETARIA DE ESTADO DE DESENVOLVIMENTO SOCIAL;43;SUBVENCOES SOCIAIS;1;SUBVENCOES SOCIAIS;59;OUTROS RECURSOS VINCULADOS;0,0;349970,5;0,0
9408316;351;2023-12-29 00:00:00;ASSOCIACAO EDUCACIONAL DE DESENVOLVIMENTO ESPORTIVO CULTURAL;08.707.709/0001-33;SEDESE;1481;SECRETARIA DE ESTADO DE DESENVOLVIMENTO SOCIAL;43;SUBVENCOES SOCIAIS;1;SUBVENCOES SOCIAIS;59;OUTROS RECURSOS VINCULADOS;0,0;349634,65;0,0
9408317;556;2023-12-29 00:00:00;ASSOCIACAO COMUNITARIA QUATRO IRMAS;21.373.030/0001-13;SEDESE;1481;SECRETARIA DE ESTADO DE DESENVOLVIMENTO SOCIAL;42;AUXILIOS;1;AUXILIOS;10;RECURSOS ORDINARIOS - RECURSOS NAO VINCULADOS DE IMPOSTOS;0,0;83991,43;0,0
9408318;914;2023-12-29 00:00:00;INSTITUTO MACUNAIMA DE CULTURA - ESCOLA DE CIDADANIA - IMC-EC;27.777.581/0001-29;SECULT;1271;SECRETARIA DE ESTADO DE CULTURA E TURISMO;41;CONTRIBUICOES;1;CONTRIBUICOES;10;RECURSOS ORDINARIOS - RECURSOS NAO VINCULADOS DE IMPOSTOS;0,0;90000,0;0,0
9408319;349;2023-12-29 00:00:00;PM COUTO DE MAGALHAES DE MINAS;17.754.177/0001-86;SEDESE;1481;SECRETARIA DE ESTADO DE DESENVOLVIMENTO SOCIAL;41;CONTRIBUICOES;1;CONTRIBUICOES;38;TRANSFERENCIAS DA UNIAO VINCULADOS AO ESPORTE;0,0;229369,38;0,0
9408320;555;2023-12-29 00:00:00;PM SAO FRANCISCO;22.679.153/0001-40;SEDESE;1481;SECRETARIA DE ESTADO DE DESENVOLVIMENTO SOCIAL;42;AUXILIOS;1;AUXILIOS;15;RECURSOS ORDINARIOS - OUTROS RECURSOS NAO VINCULADOS;0,0;500000,0;0,0
9408321;915;2023-12-29 00:00:00;ALIANCA EM PROL DA APA DE PEDRA BRANCA;27.389.178/0001-22;SECULT;1271;SECRETARIA DE ESTADO DE CULTURA E TURISMO;41;CONTRIBUICOES;1;CONTRIBUICOES;10;RECURSOS ORDINARIOS - RECURSOS NAO VINCULADOS DE IMPOSTOS;0,0;49999,92;0,0
9408321;916;2023-12-29 00:00:00;ALIANCA EM PROL DA APA DE PEDRA BRANCA;27.389.178/0001-22;SECULT;1271;SECRETARIA DE ESTADO DE CULTURA E TURISMO;42;AUXILIOS;1;AUXILIOS;10;RECURSOS ORDINARIOS - RECURSOS NAO VINCULADOS DE IMPOSTOS;0,0;49996,47;0,0
9408322;348;2023-12-29 00:00:00;PM MIRADOURO;17.947.623/0001-79;SEDESE;1481;SECRETARIA DE ESTADO DE DESENVOLVIMENTO SOCIAL;41;CONTRIBUICOES;1;CONTRIBUICOES;38;TRANSFERENCIAS DA UNIAO VINCULADOS AO ESPORTE;0,0;229369,38;0,0
9408323;350;2023-12-29 00:00:00;PM JOAQUIM FELICIO;17.694.878/0001-77;SEDESE;1481;SECRETARIA DE ESTADO DE DESENVOLVIMENTO SOCIAL;41;CONTRIBUICOES;1;CONTRIBUICOES;38;TRANSFERENCIAS DA UNIAO VINCULADOS AO ESPORTE;0,0;229369,38;0,0
9408327;6599;2023-12-29 00:00:00;BENEFICENCIA SOCIAL BOM SAMARITANO;22.709.109/0001-35;FES;4291;FUNDO ESTADUAL DE SAUDE;42;AUXILIOS;1;AUXILIOS;10;RECURSOS ORDINARIOS - RECURSOS NAO VINCULADOS DE IMPOSTOS;0,0;9568541,8;0,0
9408328;6608;2023-12-29 00:00:00;CENTRO MINEIRO DE REABILITACAO AUDITIVA-CEMEAR/BH;07.953.849/0001-29;FES;4291;FUNDO ESTADUAL DE SAUDE;42;AUXILIOS;1;AUXILIOS;10;RECURSOS ORDINARIOS - RECURSOS NAO VINCULADOS DE IMPOSTOS;0,0;712306,66;0,0
9408340;349;2023-12-29 00:00:00;PM RIO PARDO DE MINAS;24.212.862/0001-46;SEDE;1221;SECRETARIA DE ESTADO DE DESENVOLVIMENTO ECONOMICO;41;CONTRIBUICOES;1;CONTRIBUICOES;32;EXPLORACAO DE RECURSOS MINERAIS;0,0;403965,5;0,0
9408340;353;2023-12-29 00:00:00;PM RIO PARDO DE MINAS;24.212.862/0001-46;SEDE;1221;SECRETARIA DE ESTADO DE DESENVOLVIMENTO ECONOMICO;41;CONTRIBUICOES;1;CONTRIBUICOES;10;RECURSOS ORDINARIOS - RECURSOS NAO VINCULADOS DE IMPOSTOS;0,0;0,0;0,0
9408341;348;2023-12-29 00:00:00;CONSORCIO INTERM. MULTIF. DO BAIXO JEQUITINHONHA;07.306.549/0001-58;SEDE;1221;SECRETARIA DE ESTADO DE DESENVOLVIMENTO ECONOMICO;41;CONTRIBUICOES;1;CONTRIBUICOES;32;EXPLORACAO DE RECURSOS MINERAIS;0,0;2554149,09;0,0
9408368;817;2023-12-29 00:00:00;PM INDIANOPOLIS;18.259.390/0001-84;SEINFRA;1301;SECRETARIA DE ESTADO DE INFRAESTRUTURA, MOBILIDADE E PARCERIAS;42;AUXILIOS;1;AUXILIOS;10;RECURSOS ORDINARIOS - RECURSOS NAO VINCULADOS DE IMPOSTOS;0,0;500000,0;0,0
9408375;815;2023-12-29 00:00:00;PM CANAPOLIS;18.457.200/0001-33;SEINFRA;1301;SECRETARIA DE ESTADO DE INFRAESTRUTURA, MOBILIDADE E PARCERIAS;42;AUXILIOS;1;AUXILIOS;32;EXPLORACAO DE RECURSOS MINERAIS;0,0;500000,0;0,0
9408386;816;2023-12-29 00:00:00;PM OURO VERDE DE MINAS;18.404.947/0001-23;SEINFRA;1301;SECRETARIA DE ESTADO DE INFRAESTRUTURA, MOBILIDADE E PARCERIAS;42;AUXILIOS;1;AUXILIOS;10;RECURSOS ORDINARIOS - RECURSOS NAO VINCULADOS DE IMPOSTOS;0,0;750000,0;0,0
9408493;557;2023-12-29 00:00:00;INSTITUTO ASSISTENCIAL PLURIVIDAS;30.269.950/0001-87;SEDESE;1481;SECRETARIA DE ESTADO DE DESENVOLVIMENTO SOCIAL;43;SUBVENCOES SOCIAIS;1;SUBVENCOES SOCIAIS;10;RECURSOS ORDINARIOS - RECURSOS NAO VINCULADOS DE IMPOSTOS;556374,12;0,0;556374,12
9408543;568;2023-12-29 00:00:00;ASSOCIACAO DE PAIS E AMIGOS DOS EXCEPCIONAIS DE TIMOTEO;20.183.976/0001-54;SEDESE;1481;SECRETARIA DE ESTADO DE DESENVOLVIMENTO SOCIAL;43;SUBVENCOES SOCIAIS;1;SUBVENCOES SOCIAIS;38;TRANSFERENCIAS DA UNIAO VINCULADOS AO ESPORTE;0,0;98746,51;0,0
9408544;6611;2023-12-29 00:00:00;IRMANDADE DA SANTA CASA DE MISERICORDIA DE PASSOS;23.278.898/0001-60;FES;4291;FUNDO ESTADUAL DE SAUDE;42;AUXILIOS;1;AUXILIOS;10;RECURSOS ORDINARIOS - RECURSOS NAO VINCULADOS DE IMPOSTOS;0,0;1800000,0;0,0
9408545;1;2023-12-29 00:00:00;CENTRO MINEIRO DE ALIANCAS INTERSETORIAIS;08.415.255/0001-27;FEI;4601;FUNDO ESTADUAL DOS DIREITOS DO IDOSO;43;SUBVENCOES SOCIAIS;1;SUBVENCOES SOCIAIS;45;DOACOES DE PESSOAS, DE INSTITUICOES PRIVADAS OU DO EXTERIOR A ORGAO E ENTIDADES DO ESTADO;0,0;0,0;0,0
9408545;2;2023-12-29 00:00:00;CENTRO MINEIRO DE ALIANCAS INTERSETORIAIS;08.415.255/0001-27;FEI;4601;FUNDO ESTADUAL DOS DIREITOS DO IDOSO;42;AUXILIOS;1;AUXILIOS;45;DOACOES DE PESSOAS, DE INSTITUICOES PRIVADAS OU DO EXTERIOR A ORGAO E ENTIDADES DO ESTADO;0,0;0,0;0,0
9408546;6612;2023-12-29 00:00:00;FUNDACAO HOSPITALAR DE MONTES CLAROS;16.920.928/0001-24;FES;4291;FUNDO ESTADUAL DE SAUDE;42;AUXILIOS;1;AUXILIOS;10;RECURSOS ORDINARIOS - RECURSOS NAO VINCULADOS DE IMPOSTOS;0,0;1677147,0;0,0
9408547;829;2023-12-29 00:00:00;PM JOAO PINHEIRO;16.930.299/0001-13;SEINFRA;1301;SECRETARIA DE ESTADO DE INFRAESTRUTURA, MOBILIDADE E PARCERIAS;42;AUXILIOS;1;AUXILIOS;32;EXPLORACAO DE RECURSOS MINERAIS;0,0;928000,0;0,0
9408548;569;2023-12-29 00:00:00;PM ARACUAI;17.963.083/0001-17;SEDESE;1481;SECRETARIA DE ESTADO DE DESENVOLVIMENTO SOCIAL;41;CONTRIBUICOES;1;CONTRIBUICOES;38;TRANSFERENCIAS DA UNIAO VINCULADOS AO ESPORTE;0,0;229369,38;0,0
9408549;827;2023-12-29 00:00:00;PM RAPOSOS;18.312.132/0001-14;SEINFRA;1301;SECRETARIA DE ESTADO DE INFRAESTRUTURA, MOBILIDADE E PARCERIAS;42;AUXILIOS;1;AUXILIOS;10;RECURSOS ORDINARIOS - RECURSOS NAO VINCULADOS DE IMPOSTOS;0,0;900000,0;0,0
9408550;12;2023-12-29 00:00:00;FUNDO DE ACELERACAO PARA O DESENVOLVIMENTO VELA;23.311.666/0001-66;FIA;4091;FUNDO PARA A INFANCIA E A ADOLESCENCIA;42;AUXILIOS;1;AUXILIOS;45;DOACOES DE PESSOAS, DE INSTITUICOES PRIVADAS OU DO EXTERIOR A ORGAO E ENTIDADES DO ESTADO;0,0;108889,0;0,0
9408550;13;2023-12-29 00:00:00;FUNDO DE ACELERACAO PARA O DESENVOLVIMENTO VELA;23.311.666/0001-66;FIA;4091;FUNDO PARA A INFANCIA E A ADOLESCENCIA;43;SUBVENCOES SOCIAIS;1;SUBVENCOES SOCIAIS;45;DOACOES DE PESSOAS, DE INSTITUICOES PRIVADAS OU DO EXTERIOR A ORGAO E ENTIDADES DO ESTADO;0,0;1091111,0;0,0
9408551;823;2023-12-29 00:00:00;PM SANTA MARIA DO SALTO;18.347.419/0001-80;SEINFRA;1301;SECRETARIA DE ESTADO DE INFRAESTRUTURA, MOBILIDADE E PARCERIAS;42;AUXILIOS;1;AUXILIOS;10;RECURSOS ORDINARIOS - RECURSOS NAO VINCULADOS DE IMPOSTOS;0,0;250000,0;0,0
9408552;820;2023-12-29 00:00:00;PM ALPINOPOLIS;18.241.752/0001-00;SEINFRA;1301;SECRETARIA DE ESTADO DE INFRAESTRUTURA, MOBILIDADE E PARCERIAS;42;AUXILIOS;1;AUXILIOS;32;EXPLORACAO DE RECURSOS MINERAIS;0,0;1000000,0;0,0
9408553;558;2023-12-29 00:00:00;ABRACO ASSOCIACAO BRASILEIRA COMUNITARIA PARA A PREVENCAO DO ABUSO DE;25.572.199/0001-53;SEDESE;1481;SECRETARIA DE ESTADO DE DESENVOLVIMENTO SOCIAL;43;SUBVENCOES SOCIAIS;1;SUBVENCOES SOCIAIS;10;RECURSOS ORDINARIOS - RECURSOS NAO VINCULADOS DE IMPOSTOS;0,0;153072,0;0,0
9408554;826;2023-12-29 00:00:00;PM SAO JOSE DA SAFIRA;18.409.235/0001-05;SEINFRA;1301;SECRETARIA DE ESTADO DE INFRAESTRUTURA, MOBILIDADE E PARCERIAS;42;AUXILIOS;1;AUXILIOS;32;EXPLORACAO DE RECURSOS MINERAIS;0,0;1000000,0;0,0
9408555;821;2023-12-29 00:00:00;PM BUENO BRANDAO;18.940.098/0001-22;SEINFRA;1301;SECRETARIA DE ESTADO DE INFRAESTRUTURA, MOBILIDADE E PARCERIAS;42;AUXILIOS;1;AUXILIOS;32;EXPLORACAO DE RECURSOS MINERAIS;0,0;300000,0;0,0
9408556;2717;2023-12-29 00:00:00;PM PRADOS;18.557.538/0001-67;SEGOV;1491;SECRETARIA DE ESTADO DE GOVERNO;42;AUXILIOS;1;AUXILIOS;15;RECURSOS ORDINARIOS - OUTROS RECURSOS NAO VINCULADOS;300000,0;0,0;300000,0
9408557;3;2023-12-29 00:00:00;CENTRO MINEIRO DE ALIANCAS INTERSETORIAIS;08.415.255/0001-27;FEI;4601;FUNDO ESTADUAL DOS DIREITOS DO IDOSO;43;SUBVENCOES SOCIAIS;1;SUBVENCOES SOCIAIS;45;DOACOES DE PESSOAS, DE INSTITUICOES PRIVADAS OU DO EXTERIOR A ORGAO E ENTIDADES DO ESTADO;0,0;0,0;0,0
9408557;4;2023-12-29 00:00:00;CENTRO MINEIRO DE ALIANCAS INTERSETORIAIS;08.415.255/0001-27;FEI;4601;FUNDO ESTADUAL DOS DIREITOS DO IDOSO;42;AUXILIOS;1;AUXILIOS;45;DOACOES DE PESSOAS, DE INSTITUICOES PRIVADAS OU DO EXTERIOR A ORGAO E ENTIDADES DO ESTADO;0,0;0,0;0,0
9408558;824;2023-12-29 00:00:00;PM SANTA MARIA DE ITABIRA;18.299.453/0001-26;SEINFRA;1301;SECRETARIA DE ESTADO DE INFRAESTRUTURA, MOBILIDADE E PARCERIAS;42;AUXILIOS;1;AUXILIOS;32;EXPLORACAO DE RECURSOS MINERAIS;0,0;2500000,0;0,0
9408559;593;2023-12-29 00:00:00;PM CASA GRANDE;18.667.477/0001-90;SEDESE;1481;SECRETARIA DE ESTADO DE DESENVOLVIMENTO SOCIAL;41;CONTRIBUICOES;1;CONTRIBUICOES;38;TRANSFERENCIAS DA UNIAO VINCULADOS AO ESPORTE;0,0;229369,38;0,0
9408560;822;2023-12-29 00:00:00;PM RIO PARANAIBA;18.602.045/0001-00;SEINFRA;1301;SECRETARIA DE ESTADO DE INFRAESTRUTURA, MOBILIDADE E PARCERIAS;42;AUXILIOS;1;AUXILIOS;10;RECURSOS ORDINARIOS - RECURSOS NAO VINCULADOS DE IMPOSTOS;0,0;1000000,0;0,0
9408561;14;2023-12-29 00:00:00;INSTITUTO AGRONELLI DE DESENV SOCIAL;04.198.994/0001-53;FIA;4091;FUNDO PARA A INFANCIA E A ADOLESCENCIA;43;SUBVENCOES SOCIAIS;1;SUBVENCOES SOCIAIS;45;DOACOES DE PESSOAS, DE INSTITUICOES PRIVADAS OU DO EXTERIOR A ORGAO E ENTIDADES DO ESTADO;0,0;177874,0;0,0
9408561;15;2023-12-29 00:00:00;INSTITUTO AGRONELLI DE DESENV SOCIAL;04.198.994/0001-53;FIA;4091;FUNDO PARA A INFANCIA E A ADOLESCENCIA;42;AUXILIOS;1;AUXILIOS;45;DOACOES DE PESSOAS, DE INSTITUICOES PRIVADAS OU DO EXTERIOR A ORGAO E ENTIDADES DO ESTADO;0,0;7806,0;0,0
9408562;2714;2023-12-29 00:00:00;PM SAO JOAO DA PONTE;16.928.483/0001-29;SEGOV;1491;SECRETARIA DE ESTADO DE GOVERNO;42;AUXILIOS;1;AUXILIOS;15;RECURSOS ORDINARIOS - OUTROS RECURSOS NAO VINCULADOS;948014,0;0,0;474007,0
9408563;574;2023-12-29 00:00:00;PM RUBELITA;24.363.590/0001-85;SEDESE;1481;SECRETARIA DE ESTADO DE DESENVOLVIMENTO SOCIAL;41;CONTRIBUICOES;1;CONTRIBUICOES;59;OUTROS RECURSOS VINCULADOS;0,0;348282,41;0,0
9408564;580;2023-12-29 00:00:00;PM MALACACHETA;18.404.871/0001-36;SEDESE;1481;SECRETARIA DE ESTADO DE DESENVOLVIMENTO SOCIAL;41;CONTRIBUICOES;1;CONTRIBUICOES;38;TRANSFERENCIAS DA UNIAO VINCULADOS AO ESPORTE;0,0;229369,38;0,0
9408565;828;2023-12-29 00:00:00;PM RIO DO PRADO;18.349.936/0001-98;SEINFRA;1301;SECRETARIA DE ESTADO DE INFRAESTRUTURA, MOBILIDADE E PARCERIAS;42;AUXILIOS;1;AUXILIOS;10;RECURSOS ORDINARIOS - RECURSOS NAO VINCULADOS DE IMPOSTOS;0,0;300000,0;0,0
9408566;2721;2023-12-29 00:00:00;PM MERCES;17.744.442/0001-45;SEGOV;1491;SECRETARIA DE ESTADO DE GOVERNO;42;AUXILIOS;1;AUXILIOS;15;RECURSOS ORDINARIOS - OUTROS RECURSOS NAO VINCULADOS;500000,0;0,0;500000,0
9408567;604;2023-12-29 00:00:00;PM SENHORA DO PORTO;18.307.504/0001-14;SEDESE;1481;SECRETARIA DE ESTADO DE DESENVOLVIMENTO SOCIAL;41;CONTRIBUICOES;1;CONTRIBUICOES;38;TRANSFERENCIAS DA UNIAO VINCULADOS AO ESPORTE;0,0;0,0;0,0
9408568;356;2023-12-29 00:00:00;PM SABARA;18.715.441/0001-35;SEDE;1221;SECRETARIA DE ESTADO DE DESENVOLVIMENTO ECONOMICO;41;CONTRIBUICOES;1;CONTRIBUICOES;10;RECURSOS ORDINARIOS - RECURSOS NAO VINCULADOS DE IMPOSTOS;0,0;3131672,99;0,0
9408569;354;2023-12-29 00:00:00;PM NOVO ORIENTE DE MINAS;01.613.373/0001-09;SEDE;1221;SECRETARIA DE ESTADO DE DESENVOLVIMENTO ECONOMICO;41;CONTRIBUICOES;1;CONTRIBUICOES;10;RECURSOS ORDINARIOS - RECURSOS NAO VINCULADOS DE IMPOSTOS;0,0;1903160,56;0,0
9408569;355;2023-12-29 00:00:00;PM NOVO ORIENTE DE MINAS;01.613.373/0001-09;SEDE;1221;SECRETARIA DE ESTADO DE DESENVOLVIMENTO ECONOMICO;41;CONTRIBUICOES;1;CONTRIBUICOES;32;EXPLORACAO DE RECURSOS MINERAIS;0,0;266761,94;0,0
9408570;602;2023-12-29 00:00:00;PM LAGOA SANTA;73.357.469/0001-56;SEDESE;1481;SECRETARIA DE ESTADO DE DESENVOLVIMENTO SOCIAL;41;CONTRIBUICOES;1;CONTRIBUICOES;38;TRANSFERENCIAS DA UNIAO VINCULADOS AO ESPORTE;0,0;0,0;0,0
9408571;830;2023-12-29 00:00:00;PM FREI GASPAR;18.404.913/0001-39;SEINFRA;1301;SECRETARIA DE ESTADO DE INFRAESTRUTURA, MOBILIDADE E PARCERIAS;42;AUXILIOS;1;AUXILIOS;10;RECURSOS ORDINARIOS - RECURSOS NAO VINCULADOS DE IMPOSTOS;0,0;450000,0;0,0
9408572;2715;2023-12-29 00:00:00;PM CANAPOLIS;18.457.200/0001-33;SEGOV;1491;SECRETARIA DE ESTADO DE GOVERNO;42;AUXILIOS;1;AUXILIOS;15;RECURSOS ORDINARIOS - OUTROS RECURSOS NAO VINCULADOS;84192,67;0,0;84192,67
9408573;582;2023-12-29 00:00:00;PM MANTENA;18.504.167/0001-55;SEDESE;1481;SECRETARIA DE ESTADO DE DESENVOLVIMENTO SOCIAL;41;CONTRIBUICOES;1;CONTRIBUICOES;60;RECURSOS DIRETAMENTE ARRECADADOS;0,0;88343,4;0,0
9408574;559;2023-12-29 00:00:00;PM TEOFILO OTONI;18.404.780/0001-09;SEDESE;1481;SECRETARIA DE ESTADO DE DESENVOLVIMENTO SOCIAL;41;CONTRIBUICOES;1;CONTRIBUICOES;15;RECURSOS ORDINARIOS - OUTROS RECURSOS NAO VINCULADOS;0,0;100000,0;0,0
9408575;2719;2023-12-29 00:00:00;PM JEQUERI;18.316.166/0001-87;SEGOV;1491;SECRETARIA DE ESTADO DE GOVERNO;42;AUXILIOS;1;AUXILIOS;15;RECURSOS ORDINARIOS - OUTROS RECURSOS NAO VINCULADOS;116317,08;0,0;116317,08
9408576;603;2023-12-29 00:00:00;PM ARCEBURGO;17.899.717/0001-10;SEDESE;1481;SECRETARIA DE ESTADO DE DESENVOLVIMENTO SOCIAL;41;CONTRIBUICOES;1;CONTRIBUICOES;38;TRANSFERENCIAS DA UNIAO VINCULADOS AO ESPORTE;0,0;229369,38;0,0
9408577;825;2023-12-29 00:00:00;PM DIVINOPOLIS;18.291.351/0001-64;SEINFRA;1301;SECRETARIA DE ESTADO DE INFRAESTRUTURA, MOBILIDADE E PARCERIAS;42;AUXILIOS;1;AUXILIOS;32;EXPLORACAO DE RECURSOS MINERAIS;0,0;1200000,0;0,0
9408578;592;2023-12-29 00:00:00;ASSOCIACAO MINEIRA DO PARADESPORTO - AMPADESPORTO;29.335.005/0001-57;SEDESE;1481;SECRETARIA DE ESTADO DE DESENVOLVIMENTO SOCIAL;43;SUBVENCOES SOCIAIS;1;SUBVENCOES SOCIAIS;38;TRANSFERENCIAS DA UNIAO VINCULADOS AO ESPORTE;0,0;1005139,49;0,0
9408579;2720;2023-12-29 00:00:00;PM NATALANDIA;01.593.752/0001-76;SEGOV;1491;SECRETARIA DE ESTADO DE GOVERNO;42;AUXILIOS;1;AUXILIOS;15;RECURSOS ORDINARIOS - OUTROS RECURSOS NAO VINCULADOS;247303,98;0,0;247303,98
9408580;595;2023-12-29 00:00:00;PM TRES CORACOES;17.955.535/0001-19;SEDESE;1481;SECRETARIA DE ESTADO DE DESENVOLVIMENTO SOCIAL;41;CONTRIBUICOES;1;CONTRIBUICOES;38;TRANSFERENCIAS DA UNIAO VINCULADOS AO ESPORTE;0,0;0,0;0,0
9408581;2716;2023-12-29 00:00:00;PM ALPINOPOLIS;18.241.752/0001-00;SEGOV;1491;SECRETARIA DE ESTADO DE GOVERNO;42;AUXILIOS;1;AUXILIOS;15;RECURSOS ORDINARIOS - OUTROS RECURSOS NAO VINCULADOS;500000,0;0,0;500000,0
9408582;561;2023-12-29 00:00:00;POSTO DE ASSISTENCIA CHICO CHAVIER;08.113.278/0002-68;SEDESE;1481;SECRETARIA DE ESTADO DE DESENVOLVIMENTO SOCIAL;43;SUBVENCOES SOCIAIS;1;SUBVENCOES SOCIAIS;10;RECURSOS ORDINARIOS - RECURSOS NAO VINCULADOS DE IMPOSTOS;0,0;100000,0;0,0
9408583;2718;2023-12-29 00:00:00;PM PRADOS;18.557.538/0001-67;SEGOV;1491;SECRETARIA DE ESTADO DE GOVERNO;42;AUXILIOS;1;AUXILIOS;15;RECURSOS ORDINARIOS - OUTROS RECURSOS NAO VINCULADOS;176361,48;0,0;176361,48
9408584;594;2023-12-29 00:00:00;PM SAO GERALDO;18.137.935/0001-80;SEDESE;1481;SECRETARIA DE ESTADO DE DESENVOLVIMENTO SOCIAL;41;CONTRIBUICOES;1;CONTRIBUICOES;38;TRANSFERENCIAS DA UNIAO VINCULADOS AO ESPORTE;0,0;229369,38;0,0
9408586;598;2023-12-29 00:00:00;PM CONSELHEIRO PENA;19.769.660/0001-60;SEDESE;1481;SECRETARIA DE ESTADO DE DESENVOLVIMENTO SOCIAL;41;CONTRIBUICOES;1;CONTRIBUICOES;38;TRANSFERENCIAS DA UNIAO VINCULADOS AO ESPORTE;0,0;229369,38;0,0
9408587;562;2023-12-29 00:00:00;ASSOCIACAO REVIVER DE ASSISTENCIA E REINTEGRACAO SOCIAL A TOXICOMANOS;02.384.889/0001-83;SEDESE;1481;SECRETARIA DE ESTADO DE DESENVOLVIMENTO SOCIAL;42;AUXILIOS;1;AUXILIOS;10;RECURSOS ORDINARIOS - RECURSOS NAO VINCULADOS DE IMPOSTOS;0,0;88000,0;0,0
9408588;606;2023-12-29 00:00:00;ASSOCIACAO DOS SURDOS DE MINAS GERAIS - ASMG;16.593.824/0001-52;SEDESE;1481;SECRETARIA DE ESTADO DE DESENVOLVIMENTO SOCIAL;43;SUBVENCOES SOCIAIS;1;SUBVENCOES SOCIAIS;38;TRANSFERENCIAS DA UNIAO VINCULADOS AO ESPORTE;0,0;99068,47;0,0
9408589;607;2023-12-29 00:00:00;ASSOCIACAO DE REMANESCENTES QUILOMBOLAS DE PALMEIRINHA;14.245.790/0001-80;SEDESE;1481;SECRETARIA DE ESTADO DE DESENVOLVIMENTO SOCIAL;43;SUBVENCOES SOCIAIS;1;SUBVENCOES SOCIAIS;10;RECURSOS ORDINARIOS - RECURSOS NAO VINCULADOS DE IMPOSTOS;0,0;170000,0;0,0
9408590;563;2023-12-29 00:00:00;NUCAP - NUCLEO DE CAPACITACAO PARA A PAZ;14.882.686/0001-04;SEDESE;1481;SECRETARIA DE ESTADO DE DESENVOLVIMENTO SOCIAL;43;SUBVENCOES SOCIAIS;1;SUBVENCOES SOCIAIS;10;RECURSOS ORDINARIOS - RECURSOS NAO VINCULADOS DE IMPOSTOS;0,0;99331,4;0,0
