contratoconvenio_saida;numero_empenho;data_registro_doc_empenho;razao_social_credor;cnpj_cpf_credor_formatado;unidade_orcamentaria_codigo;unidade_orcamentaria_sigla;unidade_orcamentaria_nome;elemento_despesa_codigo;elemento_despesa_descricao;item_despesa_codigo;item_despesa_descricao;fonte_recurso_codigo;fonte_recurso_descricao;valor_despesa_empenhada;valor_despesa_liquidada;valor_pago_financeiro
9223785;37;2024-03-04 00:00:00;ASSOC. DE PROT. E ASSIST. AOS CONENADOS DE SANTA LUZIA;05.125.426/0001-95;1451;SEJUSP;SECRETARIA DE ESTADO DE JUSTICA E SEGURANCA PUBLICA;43;SUBVENCOES SOCIAIS;1;SUBVENCOES SOCIAIS;10;RECURSOS ORDINARIOS - RECURSOS NAO VINCULADOS DE IMPOSTOS;2584836,36;2584836,36;2584836,36
9241744;1055;2024-04-05 00:00:00;CRECHE NOSSO LAR;25.456.757/0001-15;4251;FEAS;FUNDO ESTADUAL DE ASSISTENCIA SOCIAL;43;SUBVENCOES SOCIAIS;1;SUBVENCOES SOCIAIS;71;RECURSOS DO FUNDO ESTADUAL DE ERRADICACAO DA MISERIA;17917,2;17917,2;17917,2
9241744;1500;2024-08-19 00:00:00;CRECHE NOSSO LAR;25.456.757/0001-15;4251;FEAS;FUNDO ESTADUAL DE ASSISTENCIA SOCIAL;43;SUBVENCOES SOCIAIS;1;SUBVENCOES SOCIAIS;71;RECURSOS DO FUNDO ESTADUAL DE ERRADICACAO DA MISERIA;31355,1;31355,1;31355,1
9245688;1056;2024-04-05 00:00:00;CRECHE BOM PASTOR;16.749.426/0001-82;4251;FEAS;FUNDO ESTADUAL DE ASSISTENCIA SOCIAL;43;SUBVENCOES SOCIAIS;1;SUBVENCOES SOCIAIS;71;RECURSOS DO FUNDO ESTADUAL DE ERRADICACAO DA MISERIA;17064,0;17064,0;17064,0
9245688;1492;2024-08-14 00:00:00;CRECHE BOM PASTOR;16.749.426/0001-82;4251;FEAS;FUNDO ESTADUAL DE ASSISTENCIA SOCIAL;43;SUBVENCOES SOCIAIS;1;SUBVENCOES SOCIAIS;71;RECURSOS DO FUNDO ESTADUAL DE ERRADICACAO DA MISERIA;38394,0;38394,0;38394,0
9245691;62;2024-07-01 00:00:00;INSTITUTO JURIDICO PARA EFETIVACAO DA CIDADANIA - MINAS GERAIS IJUCI/M;03.893.350/0001-12;1481;SEDESE;SECRETARIA DE ESTADO DE DESENVOLVIMENTO SOCIAL;43;SUBVENCOES SOCIAIS;1;SUBVENCOES SOCIAIS;10;RECURSOS ORDINARIOS - RECURSOS NAO VINCULADOS DE IMPOSTOS;77799,46;77799,46;77799,46
9245691;63;2024-07-01 00:00:00;INSTITUTO JURIDICO PARA EFETIVACAO DA CIDADANIA - MINAS GERAIS IJUCI/M;03.893.350/0001-12;1481;SEDESE;SECRETARIA DE ESTADO DE DESENVOLVIMENTO SOCIAL;43;SUBVENCOES SOCIAIS;1;SUBVENCOES SOCIAIS;24;CONVENIOS COM A UNIAO E SUAS ENTIDADES - EXCETO EMENDAS INDIVIDUAIS E DE BANCADA;275000,0;275000,0;275000,0
9245735;6;2024-03-04 00:00:00;APAC DE BELO HORIZONTE;26.145.510/0001-40;1451;SEJUSP;SECRETARIA DE ESTADO DE JUSTICA E SEGURANCA PUBLICA;43;SUBVENCOES SOCIAIS;1;SUBVENCOES SOCIAIS;10;RECURSOS ORDINARIOS - RECURSOS NAO VINCULADOS DE IMPOSTOS;0,0;0,0;0,0
9245735;45;2024-03-12 00:00:00;APAC DE BELO HORIZONTE;26.145.510/0001-40;1451;SEJUSP;SECRETARIA DE ESTADO DE JUSTICA E SEGURANCA PUBLICA;42;AUXILIOS;1;AUXILIOS;97;TRANSFERENCIAS ESPECIAIS DE RECURSOS DA UNIAO - RECURSOS RECEBIDOS ATE 2023;150000,0;150000,0;150000,0
9245735;49;2024-04-16 00:00:00;APAC DE BELO HORIZONTE;26.145.510/0001-40;1451;SEJUSP;SECRETARIA DE ESTADO DE JUSTICA E SEGURANCA PUBLICA;43;SUBVENCOES SOCIAIS;1;SUBVENCOES SOCIAIS;10;RECURSOS ORDINARIOS - RECURSOS NAO VINCULADOS DE IMPOSTOS;3575738,09;3575738,09;3575738,09
9251678;3031;2024-11-26 00:00:00;PM VARZEA DA PALMA;18.279.059/0001-26;1261;SEE;SECRETARIA DE ESTADO DE EDUCACAO;42;AUXILIOS;1;AUXILIOS;10;RECURSOS ORDINARIOS - RECURSOS NAO VINCULADOS DE IMPOSTOS;315165,63;315165,63;315165,63
9261083;44;2024-03-04 00:00:00;ASSOC. DE PROT. E ASSIST. AO CONDENADO DE ALFENAS;04.926.925/0001-19;1451;SEJUSP;SECRETARIA DE ESTADO DE JUSTICA E SEGURANCA PUBLICA;43;SUBVENCOES SOCIAIS;1;SUBVENCOES SOCIAIS;10;RECURSOS ORDINARIOS - RECURSOS NAO VINCULADOS DE IMPOSTOS;1818947,42;1818947,42;1818947,42
9262900;1054;2024-04-05 00:00:00;ATA CIDADANIA;07.304.229/0001-69;4251;FEAS;FUNDO ESTADUAL DE ASSISTENCIA SOCIAL;43;SUBVENCOES SOCIAIS;1;SUBVENCOES SOCIAIS;71;RECURSOS DO FUNDO ESTADUAL DE ERRADICACAO DA MISERIA;190762,92;190762,92;190762,92
9262900;1491;2024-08-14 00:00:00;ATA CIDADANIA;07.304.229/0001-69;4251;FEAS;FUNDO ESTADUAL DE ASSISTENCIA SOCIAL;43;SUBVENCOES SOCIAIS;1;SUBVENCOES SOCIAIS;71;RECURSOS DO FUNDO ESTADUAL DE ERRADICACAO DA MISERIA;429216,57;429216,57;429216,57
9265473;50;2024-05-23 00:00:00;INSTITUTO DH:PROMOCAO, PESQUISA E INTERVENCAO EM DIREITOS HUMANOS E CI;09.583.515/0001-36;1481;SEDESE;SECRETARIA DE ESTADO DE DESENVOLVIMENTO SOCIAL;43;SUBVENCOES SOCIAIS;1;SUBVENCOES SOCIAIS;24;CONVENIOS COM A UNIAO E SUAS ENTIDADES - EXCETO EMENDAS INDIVIDUAIS E DE BANCADA;500000,0;500000,0;500000,0
9270028;61;2024-02-27 00:00:00;CONSORCIO INTERMUNICIPAL DE INFRAESTRUTURA DOS MUNICIPIOS DA AMAJE;22.835.076/0001-70;1231;SEAPA;SECRETARIA DE ESTADO DE AGRICULTURA, PECUARIA E ABASTECIMENTO;41;CONTRIBUICOES;1;CONTRIBUICOES;15;RECURSOS ORDINARIOS - OUTROS RECURSOS NAO VINCULADOS;778300,23;778300,23;778300,23
9270069;205;2024-05-22 00:00:00;ASSOCIACAO DE PROTECAO E ASSISTENCIA AOS CONDENADOS - FRUTAL/MG;07.409.988/0001-96;1451;SEJUSP;SECRETARIA DE ESTADO DE JUSTICA E SEGURANCA PUBLICA;43;SUBVENCOES SOCIAIS;1;SUBVENCOES SOCIAIS;10;RECURSOS ORDINARIOS - RECURSOS NAO VINCULADOS DE IMPOSTOS;1355211,67;1355211,67;1355211,67
9270069;386;2024-11-14 00:00:00;ASSOCIACAO DE PROTECAO E ASSISTENCIA AOS CONDENADOS - FRUTAL/MG;07.409.988/0001-96;1451;SEJUSP;SECRETARIA DE ESTADO DE JUSTICA E SEGURANCA PUBLICA;43;SUBVENCOES SOCIAIS;1;SUBVENCOES SOCIAIS;10;RECURSOS ORDINARIOS - RECURSOS NAO VINCULADOS DE IMPOSTOS;720000,0;720000,0;720000,0
9274491;177;2024-06-18 00:00:00;ASSOCIACAO ESCOLA FAMILIA AGRICOLA DE NATALANDIA;07.395.381/0001-02;1261;SEE;SECRETARIA DE ESTADO DE EDUCACAO;43;SUBVENCOES SOCIAIS;1;SUBVENCOES SOCIAIS;10;RECURSOS ORDINARIOS - RECURSOS NAO VINCULADOS DE IMPOSTOS;7939879,2;7939879,2;7939879,2
9275473;32;2024-04-09 00:00:00;INSTITUTO DH:PROMOCAO, PESQUISA E INTERVENCAO EM DIREITOS HUMANOS E CI;09.583.515/0001-36;1481;SEDESE;SECRETARIA DE ESTADO DE DESENVOLVIMENTO SOCIAL;43;SUBVENCOES SOCIAIS;1;SUBVENCOES SOCIAIS;10;RECURSOS ORDINARIOS - RECURSOS NAO VINCULADOS DE IMPOSTOS;1256837,92;1256837,92;1256837,92
9275473;33;2024-04-09 00:00:00;INSTITUTO DH:PROMOCAO, PESQUISA E INTERVENCAO EM DIREITOS HUMANOS E CI;09.583.515/0001-36;1481;SEDESE;SECRETARIA DE ESTADO DE DESENVOLVIMENTO SOCIAL;42;AUXILIOS;1;AUXILIOS;24;CONVENIOS COM A UNIAO E SUAS ENTIDADES - EXCETO EMENDAS INDIVIDUAIS E DE BANCADA;58651,37;58651,37;58651,37
9279539;168;2024-06-14 00:00:00;ASS. COMUN. DE DESEL. EDUC. FAMILIAR E AGROP. DE VEREDINHA;05.743.998/0001-38;1261;SEE;SECRETARIA DE ESTADO DE EDUCACAO;43;SUBVENCOES SOCIAIS;1;SUBVENCOES SOCIAIS;10;RECURSOS ORDINARIOS - RECURSOS NAO VINCULADOS DE IMPOSTOS;1378517,44;1378517,44;1378517,44
9279766;172;2024-06-14 00:00:00;ASSOCIACA ESCOLA FAMILIA AGRICOLA PURIS DE ARAPONGA;01.529.208/0001-65;1261;SEE;SECRETARIA DE ESTADO DE EDUCACAO;43;SUBVENCOES SOCIAIS;1;SUBVENCOES SOCIAIS;10;RECURSOS ORDINARIOS - RECURSOS NAO VINCULADOS DE IMPOSTOS;604069,44;604069,44;604069,44
9279884;167;2024-06-14 00:00:00;AEFA DE CRUZILIA;05.586.859/0001-48;1261;SEE;SECRETARIA DE ESTADO DE EDUCACAO;43;SUBVENCOES SOCIAIS;1;SUBVENCOES SOCIAIS;10;RECURSOS ORDINARIOS - RECURSOS NAO VINCULADOS DE IMPOSTOS;1423792,7;1423792,7;1423792,7
9280525;242;2024-08-12 00:00:00;ASSOCIACAO EFA DE CARAI, CATUJI, ITAIPE E LADAINHA;11.562.703/0001-20;1261;SEE;SECRETARIA DE ESTADO DE EDUCACAO;43;SUBVENCOES SOCIAIS;1;SUBVENCOES SOCIAIS;10;RECURSOS ORDINARIOS - RECURSOS NAO VINCULADOS DE IMPOSTOS;1146183,04;1146183,04;1146183,04
9280731;263;2024-09-04 00:00:00;ASSOCIACAO ESCOLA FAMILIA AGRICOLA DE COMERCINHO;22.692.198/0001-54;1261;SEE;SECRETARIA DE ESTADO DE EDUCACAO;43;SUBVENCOES SOCIAIS;1;SUBVENCOES SOCIAIS;10;RECURSOS ORDINARIOS - RECURSOS NAO VINCULADOS DE IMPOSTOS;473009,01;473009,01;473009,01
9280733;251;2024-08-19 00:00:00;MOV. PRO-ESCOLA FAMILIA AGRIC. VALE DO JEQUITINHONHA;22.695.209/0001-50;1261;SEE;SECRETARIA DE ESTADO DE EDUCACAO;43;SUBVENCOES SOCIAIS;1;SUBVENCOES SOCIAIS;10;RECURSOS ORDINARIOS - RECURSOS NAO VINCULADOS DE IMPOSTOS;375309,45;375309,45;375309,45
9281647;259;2024-08-26 00:00:00;ASSOCIACAO ESCOLA FAMILIA AGRICOLA DA REGIAO DO VALE DO SAO FRANCISCO;07.355.853/0001-95;1261;SEE;SECRETARIA DE ESTADO DE EDUCACAO;43;SUBVENCOES SOCIAIS;1;SUBVENCOES SOCIAIS;10;RECURSOS ORDINARIOS - RECURSOS NAO VINCULADOS DE IMPOSTOS;3531482,88;3531482,88;3531482,88
9281662;243;2024-08-12 00:00:00;ASSOCIACAO ESCOLA FAMILIA AGRICOLA DE JACARE;00.853.943/0001-67;1261;SEE;SECRETARIA DE ESTADO DE EDUCACAO;43;SUBVENCOES SOCIAIS;1;SUBVENCOES SOCIAIS;10;RECURSOS ORDINARIOS - RECURSOS NAO VINCULADOS DE IMPOSTOS;278801,28;278801,28;278801,28
9281663;166;2024-06-14 00:00:00;ASSOCIACAO ESCOLA FAMILIA AGROECOLOGICA DE ARACUAI;02.653.355/0001-05;1261;SEE;SECRETARIA DE ESTADO DE EDUCACAO;43;SUBVENCOES SOCIAIS;1;SUBVENCOES SOCIAIS;10;RECURSOS ORDINARIOS - RECURSOS NAO VINCULADOS DE IMPOSTOS;1192649,92;1192649,92;1192649,92
9282809;245;2024-08-12 00:00:00;ASSOCIACAO EFA OESTE DO MUCURI;11.211.251/0001-31;1261;SEE;SECRETARIA DE ESTADO DE EDUCACAO;43;SUBVENCOES SOCIAIS;1;SUBVENCOES SOCIAIS;10;RECURSOS ORDINARIOS - RECURSOS NAO VINCULADOS DE IMPOSTOS;1208138,88;1208138,88;1208138,88
9282810;246;2024-08-12 00:00:00;ASSOCIACAO ESCOLA FAMILIA AGRICOLA DE JEQUERI;03.998.794/0001-12;1261;SEE;SECRETARIA DE ESTADO DE EDUCACAO;43;SUBVENCOES SOCIAIS;1;SUBVENCOES SOCIAIS;10;RECURSOS ORDINARIOS - RECURSOS NAO VINCULADOS DE IMPOSTOS;518284,23;518284,23;518284,23
9282811;173;2024-06-14 00:00:00;ASSOCIACAO DA ESCOLA FAMILIA AGRICOLA DE CAMOES;02.908.563/0001-08;1261;SEE;SECRETARIA DE ESTADO DE EDUCACAO;43;SUBVENCOES SOCIAIS;1;SUBVENCOES SOCIAIS;10;RECURSOS ORDINARIOS - RECURSOS NAO VINCULADOS DE IMPOSTOS;332416,92;332416,92;332416,92
9282814;253;2024-08-19 00:00:00;ASSOCIACAO ESCOLA FAMILIA AGRICOLA DO ALTO DO RIO PARDO;13.234.016/0001-00;1261;SEE;SECRETARIA DE ESTADO DE EDUCACAO;43;SUBVENCOES SOCIAIS;1;SUBVENCOES SOCIAIS;10;RECURSOS ORDINARIOS - RECURSOS NAO VINCULADOS DE IMPOSTOS;1239116,8;1239116,8;1239116,8
9282815;252;2024-08-19 00:00:00;ASSOC ESC FAMILIA AGRICOLA BAIXO MUCURI;28.963.034/0001-09;1261;SEE;SECRETARIA DE ESTADO DE EDUCACAO;43;SUBVENCOES SOCIAIS;1;SUBVENCOES SOCIAIS;10;RECURSOS ORDINARIOS - RECURSOS NAO VINCULADOS DE IMPOSTOS;2261388,16;2261388,16;2261388,16
9282896;171;2024-06-14 00:00:00;AEFA PAULO FREIRE;05.527.283/0001-48;1261;SEE;SECRETARIA DE ESTADO DE EDUCACAO;43;SUBVENCOES SOCIAIS;1;SUBVENCOES SOCIAIS;10;RECURSOS ORDINARIOS - RECURSOS NAO VINCULADOS DE IMPOSTOS;576665,88;576665,88;576665,88
9282922;174;2024-06-14 00:00:00;ASSOCIACAO ESCOLA FAMILIA AGRICOLA DE ERVALIA;05.765.786/0001-51;1261;SEE;SECRETARIA DE ESTADO DE EDUCACAO;43;SUBVENCOES SOCIAIS;1;SUBVENCOES SOCIAIS;10;RECURSOS ORDINARIOS - RECURSOS NAO VINCULADOS DE IMPOSTOS;517093,02;517093,02;517093,02
9283126;169;2024-06-14 00:00:00;ASSOCIACAO REGIONAL ESCOLA FAMILIA AGRICOLA CARLOS SAAR;18.904.432/0001-92;1261;SEE;SECRETARIA DE ESTADO DE EDUCACAO;43;SUBVENCOES SOCIAIS;1;SUBVENCOES SOCIAIS;10;RECURSOS ORDINARIOS - RECURSOS NAO VINCULADOS DE IMPOSTOS;375309,45;375309,45;375309,45
9283228;254;2024-08-19 00:00:00;ASSOCIACAO ESCOLA FAMILIA AGRICOLA DO MEDIO E BAIXO JEQUITINHONHA;03.593.777/0001-03;1261;SEE;SECRETARIA DE ESTADO DE EDUCACAO;43;SUBVENCOES SOCIAIS;1;SUBVENCOES SOCIAIS;10;RECURSOS ORDINARIOS - RECURSOS NAO VINCULADOS DE IMPOSTOS;2044542,72;2044542,72;2044542,72
9283237;170;2024-06-14 00:00:00;ASSOCIACAO REGIONAL ESCOLA FAMILIA AGRICOLA MARGARIDA ALVES;09.604.761/0001-27;1261;SEE;SECRETARIA DE ESTADO DE EDUCACAO;43;SUBVENCOES SOCIAIS;1;SUBVENCOES SOCIAIS;10;RECURSOS ORDINARIOS - RECURSOS NAO VINCULADOS DE IMPOSTOS;635047,36;635047,36;635047,36
9286353;244;2024-08-12 00:00:00;ASSOCIACAO ESCOLA FAMILIA AGRICOLA RENASCER;07.776.325/0001-00;1261;SEE;SECRETARIA DE ESTADO DE EDUCACAO;43;SUBVENCOES SOCIAIS;1;SUBVENCOES SOCIAIS;10;RECURSOS ORDINARIOS - RECURSOS NAO VINCULADOS DE IMPOSTOS;150123,78;150123,78;150123,78
9286428;376;2024-06-18 00:00:00;AJUDA-ALIANCA JUIZFORANA PELA DEFESA DOS ANIMAIS;06.251.518/0001-84;1371;SEMAD;SECRETARIA DE ESTADO DE MEIO AMBIENTE E DESENVOLVIMENTO SUSTENTAVEL;41;CONTRIBUICOES;1;CONTRIBUICOES;10;RECURSOS ORDINARIOS - RECURSOS NAO VINCULADOS DE IMPOSTOS;1289999,5;1289999,5;1289999,5
9294182;383;2024-06-20 00:00:00;AJUDA-ALIANCA JUIZFORANA PELA DEFESA DOS ANIMAIS;06.251.518/0001-84;1371;SEMAD;SECRETARIA DE ESTADO DE MEIO AMBIENTE E DESENVOLVIMENTO SUSTENTAVEL;41;CONTRIBUICOES;1;CONTRIBUICOES;10;RECURSOS ORDINARIOS - RECURSOS NAO VINCULADOS DE IMPOSTOS;1723178,66;1723178,66;1723178,66
9301439;2546;2024-10-03 00:00:00;ASSOCIACAO CENTRO DE EDUCACAO TECNOLOGICA DO ESTADO DA BAHIA;02.663.026/0001-45;1261;SEE;SECRETARIA DE ESTADO DE EDUCACAO;85;CONTRATO DE GESTAO;1;CONTRATO DE GESTAO COM ORGANIZACAO SOCIAL - OS;10;RECURSOS ORDINARIOS - RECURSOS NAO VINCULADOS DE IMPOSTOS;4715446,04;4715446,04;4715446,04
9301441;2566;2024-10-15 00:00:00;ASSOCIACAO CENTRO DE EDUCACAO TECNOLOGICA DO ESTADO DA BAHIA;02.663.026/0001-45;1261;SEE;SECRETARIA DE ESTADO DE EDUCACAO;85;CONTRATO DE GESTAO;1;CONTRATO DE GESTAO COM ORGANIZACAO SOCIAL - OS;10;RECURSOS ORDINARIOS - RECURSOS NAO VINCULADOS DE IMPOSTOS;5030313,46;5030313,46;5030313,46
9301442;2763;2024-10-03 00:00:00;ASSOCIACAO CENTRO DE EDUCACAO TECNOLOGICA DO ESTADO DA BAHIA;02.663.026/0001-45;1261;SEE;SECRETARIA DE ESTADO DE EDUCACAO;85;CONTRATO DE GESTAO;1;CONTRATO DE GESTAO COM ORGANIZACAO SOCIAL - OS;10;RECURSOS ORDINARIOS - RECURSOS NAO VINCULADOS DE IMPOSTOS;2931954,78;2931954,78;2931954,78
9301442;3728;2024-12-16 00:00:00;ASSOCIACAO CENTRO DE EDUCACAO TECNOLOGICA DO ESTADO DA BAHIA;02.663.026/0001-45;1261;SEE;SECRETARIA DE ESTADO DE EDUCACAO;85;CONTRATO DE GESTAO;1;CONTRATO DE GESTAO COM ORGANIZACAO SOCIAL - OS;10;RECURSOS ORDINARIOS - RECURSOS NAO VINCULADOS DE IMPOSTOS;0,0;0,0;0,0
9318006;1015;2024-12-23 00:00:00;PM AMPARO DA SERRA;18.316.174/0001-23;1261;SEE;SECRETARIA DE ESTADO DE EDUCACAO;42;AUXILIOS;1;AUXILIOS;10;RECURSOS ORDINARIOS - RECURSOS NAO VINCULADOS DE IMPOSTOS;514000,0;514000,0;514000,0
9318094;29;2024-06-12 00:00:00;ASSOCIACAO COMUNIDADE TERAPEUTICA MAES & FILHOS;17.246.772/0001-00;1451;SEJUSP;SECRETARIA DE ESTADO DE JUSTICA E SEGURANCA PUBLICA;43;SUBVENCOES SOCIAIS;1;SUBVENCOES SOCIAIS;10;RECURSOS ORDINARIOS - RECURSOS NAO VINCULADOS DE IMPOSTOS;86953,8;86953,8;86953,8
9318094;102;2024-10-24 00:00:00;ASSOCIACAO COMUNIDADE TERAPEUTICA MAES & FILHOS;17.246.772/0001-00;1451;SEJUSP;SECRETARIA DE ESTADO DE JUSTICA E SEGURANCA PUBLICA;43;SUBVENCOES SOCIAIS;1;SUBVENCOES SOCIAIS;10;RECURSOS ORDINARIOS - RECURSOS NAO VINCULADOS DE IMPOSTOS;86953,8;86953,8;0,0
9318105;50;2024-06-18 00:00:00;COMUNIDADE REVIVER;26.232.447/0002-60;1451;SEJUSP;SECRETARIA DE ESTADO DE JUSTICA E SEGURANCA PUBLICA;43;SUBVENCOES SOCIAIS;1;SUBVENCOES SOCIAIS;10;RECURSOS ORDINARIOS - RECURSOS NAO VINCULADOS DE IMPOSTOS;86954,0;86954,0;86954,0
9318105;118;2024-10-25 00:00:00;COMUNIDADE REVIVER;26.232.447/0002-60;1451;SEJUSP;SECRETARIA DE ESTADO DE JUSTICA E SEGURANCA PUBLICA;43;SUBVENCOES SOCIAIS;1;SUBVENCOES SOCIAIS;10;RECURSOS ORDINARIOS - RECURSOS NAO VINCULADOS DE IMPOSTOS;86954,0;86954,0;86954,0
9318117;39;2024-06-14 00:00:00;ASSOCIACAO MAE ADMIRAVEL;22.691.398/0001-92;1451;SEJUSP;SECRETARIA DE ESTADO DE JUSTICA E SEGURANCA PUBLICA;43;SUBVENCOES SOCIAIS;1;SUBVENCOES SOCIAIS;10;RECURSOS ORDINARIOS - RECURSOS NAO VINCULADOS DE IMPOSTOS;86949,3;86949,3;86949,3
9318117;89;2024-10-24 00:00:00;ASSOCIACAO MAE ADMIRAVEL;22.691.398/0001-92;1451;SEJUSP;SECRETARIA DE ESTADO DE JUSTICA E SEGURANCA PUBLICA;43;SUBVENCOES SOCIAIS;1;SUBVENCOES SOCIAIS;10;RECURSOS ORDINARIOS - RECURSOS NAO VINCULADOS DE IMPOSTOS;86949,3;86949,3;86949,3
9318121;30;2024-06-12 00:00:00;ASSOCIACAO COMUNITARIA DE PREVENCAO AO USO INDEVIDO DE DROGAS;03.015.043/0001-39;1451;SEJUSP;SECRETARIA DE ESTADO DE JUSTICA E SEGURANCA PUBLICA;43;SUBVENCOES SOCIAIS;1;SUBVENCOES SOCIAIS;10;RECURSOS ORDINARIOS - RECURSOS NAO VINCULADOS DE IMPOSTOS;78499,98;78499,98;78499,98
9318121;103;2024-10-24 00:00:00;ASSOCIACAO COMUNITARIA DE PREVENCAO AO USO INDEVIDO DE DROGAS;03.015.043/0001-39;1451;SEJUSP;SECRETARIA DE ESTADO DE JUSTICA E SEGURANCA PUBLICA;43;SUBVENCOES SOCIAIS;1;SUBVENCOES SOCIAIS;10;RECURSOS ORDINARIOS - RECURSOS NAO VINCULADOS DE IMPOSTOS;78499,98;78499,98;78499,98
9318123;65;2024-06-19 00:00:00;SER SERVICO EVANGELICO DE REABILITACAO;20.734.505/0002-78;1451;SEJUSP;SECRETARIA DE ESTADO DE JUSTICA E SEGURANCA PUBLICA;43;SUBVENCOES SOCIAIS;1;SUBVENCOES SOCIAIS;10;RECURSOS ORDINARIOS - RECURSOS NAO VINCULADOS DE IMPOSTOS;86954,0;86954,0;86954,0
9318123;92;2024-10-24 00:00:00;SER SERVICO EVANGELICO DE REABILITACAO;20.734.505/0002-78;1451;SEJUSP;SECRETARIA DE ESTADO DE JUSTICA E SEGURANCA PUBLICA;43;SUBVENCOES SOCIAIS;1;SUBVENCOES SOCIAIS;10;RECURSOS ORDINARIOS - RECURSOS NAO VINCULADOS DE IMPOSTOS;86954,0;86954,0;86954,0
9318125;58;2024-06-18 00:00:00;FUNDACAO MARIANENSE DE EDUCACAO;22.390.686/0001-07;1451;SEJUSP;SECRETARIA DE ESTADO DE JUSTICA E SEGURANCA PUBLICA;43;SUBVENCOES SOCIAIS;1;SUBVENCOES SOCIAIS;10;RECURSOS ORDINARIOS - RECURSOS NAO VINCULADOS DE IMPOSTOS;86954,0;86954,0;86954,0
9318125;114;2024-10-24 00:00:00;FUNDACAO MARIANENSE DE EDUCACAO;22.390.686/0001-07;1451;SEJUSP;SECRETARIA DE ESTADO DE JUSTICA E SEGURANCA PUBLICA;43;SUBVENCOES SOCIAIS;1;SUBVENCOES SOCIAIS;10;RECURSOS ORDINARIOS - RECURSOS NAO VINCULADOS DE IMPOSTOS;70168,07;70168,07;70168,07
9318128;52;2024-06-18 00:00:00;COMUNIDADE TERAPEUTICA FAMILIA EM CRISTO;19.215.751/0001-53;1451;SEJUSP;SECRETARIA DE ESTADO DE JUSTICA E SEGURANCA PUBLICA;43;SUBVENCOES SOCIAIS;1;SUBVENCOES SOCIAIS;10;RECURSOS ORDINARIOS - RECURSOS NAO VINCULADOS DE IMPOSTOS;86954,0;86954,0;86954,0
9318128;120;2024-10-25 00:00:00;COMUNIDADE TERAPEUTICA FAMILIA EM CRISTO;19.215.751/0001-53;1451;SEJUSP;SECRETARIA DE ESTADO DE JUSTICA E SEGURANCA PUBLICA;43;SUBVENCOES SOCIAIS;1;SUBVENCOES SOCIAIS;10;RECURSOS ORDINARIOS - RECURSOS NAO VINCULADOS DE IMPOSTOS;86954,0;86954,0;86954,0
9318129;60;2024-06-19 00:00:00;GRUPO SALVA VIDAS;23.098.718/0003-20;1451;SEJUSP;SECRETARIA DE ESTADO DE JUSTICA E SEGURANCA PUBLICA;43;SUBVENCOES SOCIAIS;1;SUBVENCOES SOCIAIS;10;RECURSOS ORDINARIOS - RECURSOS NAO VINCULADOS DE IMPOSTOS;86954,0;86954,0;86954,0
9318129;107;2024-10-24 00:00:00;GRUPO SALVA VIDAS;23.098.718/0003-20;1451;SEJUSP;SECRETARIA DE ESTADO DE JUSTICA E SEGURANCA PUBLICA;43;SUBVENCOES SOCIAIS;1;SUBVENCOES SOCIAIS;10;RECURSOS ORDINARIOS - RECURSOS NAO VINCULADOS DE IMPOSTOS;78417,01;78417,01;78417,01
9318133;37;2024-06-13 00:00:00;ASSOCIACAO GRUPO SARAI;03.782.573/0001-02;1451;SEJUSP;SECRETARIA DE ESTADO DE JUSTICA E SEGURANCA PUBLICA;43;SUBVENCOES SOCIAIS;1;SUBVENCOES SOCIAIS;10;RECURSOS ORDINARIOS - RECURSOS NAO VINCULADOS DE IMPOSTOS;86954,0;86954,0;86954,0
9318133;87;2024-10-24 00:00:00;ASSOCIACAO GRUPO SARAI;03.782.573/0001-02;1451;SEJUSP;SECRETARIA DE ESTADO DE JUSTICA E SEGURANCA PUBLICA;43;SUBVENCOES SOCIAIS;1;SUBVENCOES SOCIAIS;10;RECURSOS ORDINARIOS - RECURSOS NAO VINCULADOS DE IMPOSTOS;86954,0;86954,0;86954,0
9318134;44;2024-06-17 00:00:00;C.R.J.F.C.D.-CENTRO DE RECUPERACAO JUIZ DE FORA CONTRA AS DROGAS;05.467.433/0001-75;1451;SEJUSP;SECRETARIA DE ESTADO DE JUSTICA E SEGURANCA PUBLICA;43;SUBVENCOES SOCIAIS;1;SUBVENCOES SOCIAIS;10;RECURSOS ORDINARIOS - RECURSOS NAO VINCULADOS DE IMPOSTOS;86954,0;86954,0;86954,0
9318134;98;2024-10-24 00:00:00;C.R.J.F.C.D.-CENTRO DE RECUPERACAO JUIZ DE FORA CONTRA AS DROGAS;05.467.433/0001-75;1451;SEJUSP;SECRETARIA DE ESTADO DE JUSTICA E SEGURANCA PUBLICA;43;SUBVENCOES SOCIAIS;1;SUBVENCOES SOCIAIS;10;RECURSOS ORDINARIOS - RECURSOS NAO VINCULADOS DE IMPOSTOS;86954,0;86954,0;86954,0
9318137;35;2024-06-13 00:00:00;ASSOCIACAO DE APOIO E RECUPERACAO DE DEPENDENTES QUIMICOS DE ITAUNA;03.725.341/0001-12;1451;SEJUSP;SECRETARIA DE ESTADO DE JUSTICA E SEGURANCA PUBLICA;43;SUBVENCOES SOCIAIS;1;SUBVENCOES SOCIAIS;10;RECURSOS ORDINARIOS - RECURSOS NAO VINCULADOS DE IMPOSTOS;86952,84;86952,84;86952,84
9318137;110;2024-10-24 00:00:00;ASSOCIACAO DE APOIO E RECUPERACAO DE DEPENDENTES QUIMICOS DE ITAUNA;03.725.341/0001-12;1451;SEJUSP;SECRETARIA DE ESTADO DE JUSTICA E SEGURANCA PUBLICA;43;SUBVENCOES SOCIAIS;1;SUBVENCOES SOCIAIS;10;RECURSOS ORDINARIOS - RECURSOS NAO VINCULADOS DE IMPOSTOS;86952,84;86952,84;86952,84
9318145;63;2024-06-19 00:00:00;SER SERVICO EVANGELICO DE REABILITACAO;20.734.505/0003-59;1451;SEJUSP;SECRETARIA DE ESTADO DE JUSTICA E SEGURANCA PUBLICA;43;SUBVENCOES SOCIAIS;1;SUBVENCOES SOCIAIS;10;RECURSOS ORDINARIOS - RECURSOS NAO VINCULADOS DE IMPOSTOS;78500,0;78500,0;78500,0
9318145;93;2024-10-24 00:00:00;SER SERVICO EVANGELICO DE REABILITACAO;20.734.505/0003-59;1451;SEJUSP;SECRETARIA DE ESTADO DE JUSTICA E SEGURANCA PUBLICA;43;SUBVENCOES SOCIAIS;1;SUBVENCOES SOCIAIS;10;RECURSOS ORDINARIOS - RECURSOS NAO VINCULADOS DE IMPOSTOS;78500,0;78500,0;78500,0
9318146;61;2024-06-19 00:00:00;OBRAS SOCIAIS AGUA VIVA;06.951.814/0001-98;1451;SEJUSP;SECRETARIA DE ESTADO DE JUSTICA E SEGURANCA PUBLICA;43;SUBVENCOES SOCIAIS;1;SUBVENCOES SOCIAIS;10;RECURSOS ORDINARIOS - RECURSOS NAO VINCULADOS DE IMPOSTOS;86954,0;86954,0;86954,0
9318146;106;2024-10-24 00:00:00;OBRAS SOCIAIS AGUA VIVA;06.951.814/0001-98;1451;SEJUSP;SECRETARIA DE ESTADO DE JUSTICA E SEGURANCA PUBLICA;43;SUBVENCOES SOCIAIS;1;SUBVENCOES SOCIAIS;10;RECURSOS ORDINARIOS - RECURSOS NAO VINCULADOS DE IMPOSTOS;86954,0;86954,0;86954,0
9318149;54;2024-06-18 00:00:00;COMVIDA - COMUNIDADE TERAPEUTICA FAZENDA VIDA NOVA;02.970.363/0001-85;1451;SEJUSP;SECRETARIA DE ESTADO DE JUSTICA E SEGURANCA PUBLICA;43;SUBVENCOES SOCIAIS;1;SUBVENCOES SOCIAIS;10;RECURSOS ORDINARIOS - RECURSOS NAO VINCULADOS DE IMPOSTOS;86954,0;86954,0;86954,0
9318149;122;2024-10-25 00:00:00;COMVIDA - COMUNIDADE TERAPEUTICA FAZENDA VIDA NOVA;02.970.363/0001-85;1451;SEJUSP;SECRETARIA DE ESTADO DE JUSTICA E SEGURANCA PUBLICA;43;SUBVENCOES SOCIAIS;1;SUBVENCOES SOCIAIS;10;RECURSOS ORDINARIOS - RECURSOS NAO VINCULADOS DE IMPOSTOS;86954,0;86954,0;86954,0
9318151;57;2024-06-18 00:00:00;FUNDACAO MARIANENSE DE EDUCACAO;22.390.686/0006-11;1451;SEJUSP;SECRETARIA DE ESTADO DE JUSTICA E SEGURANCA PUBLICA;43;SUBVENCOES SOCIAIS;1;SUBVENCOES SOCIAIS;10;RECURSOS ORDINARIOS - RECURSOS NAO VINCULADOS DE IMPOSTOS;86954,0;86954,0;86954,0
9318151;113;2024-10-24 00:00:00;FUNDACAO MARIANENSE DE EDUCACAO;22.390.686/0006-11;1451;SEJUSP;SECRETARIA DE ESTADO DE JUSTICA E SEGURANCA PUBLICA;43;SUBVENCOES SOCIAIS;1;SUBVENCOES SOCIAIS;10;RECURSOS ORDINARIOS - RECURSOS NAO VINCULADOS DE IMPOSTOS;86954,0;86954,0;86954,0
9318152;56;2024-06-18 00:00:00;ESQUADRAO DA VIDA DE MONTES CLAROS;25.224.130/0001-39;1451;SEJUSP;SECRETARIA DE ESTADO DE JUSTICA E SEGURANCA PUBLICA;43;SUBVENCOES SOCIAIS;1;SUBVENCOES SOCIAIS;10;RECURSOS ORDINARIOS - RECURSOS NAO VINCULADOS DE IMPOSTOS;86954,0;86954,0;86954,0
9318152;109;2024-10-24 00:00:00;ESQUADRAO DA VIDA DE MONTES CLAROS;25.224.130/0001-39;1451;SEJUSP;SECRETARIA DE ESTADO DE JUSTICA E SEGURANCA PUBLICA;43;SUBVENCOES SOCIAIS;1;SUBVENCOES SOCIAIS;10;RECURSOS ORDINARIOS - RECURSOS NAO VINCULADOS DE IMPOSTOS;86954,0;86954,0;86954,0
9318155;27;2024-06-04 00:00:00;ACAO SOCIAL CENTRO DE REINTEGRACAO A SOCIEDADE MAIS QUE VENCEDORES;16.801.598/0001-58;1451;SEJUSP;SECRETARIA DE ESTADO DE JUSTICA E SEGURANCA PUBLICA;43;SUBVENCOES SOCIAIS;1;SUBVENCOES SOCIAIS;10;RECURSOS ORDINARIOS - RECURSOS NAO VINCULADOS DE IMPOSTOS;86698,26;86698,26;86698,26
9318155;86;2024-10-24 00:00:00;ACAO SOCIAL CENTRO DE REINTEGRACAO A SOCIEDADE MAIS QUE VENCEDORES;16.801.598/0001-58;1451;SEJUSP;SECRETARIA DE ESTADO DE JUSTICA E SEGURANCA PUBLICA;43;SUBVENCOES SOCIAIS;1;SUBVENCOES SOCIAIS;10;RECURSOS ORDINARIOS - RECURSOS NAO VINCULADOS DE IMPOSTOS;86698,26;86698,26;86698,26
9318246;64;2024-06-19 00:00:00;SER - SERVICO EVANGELICO DE REABILITACAO DE ARAGUARI;03.424.768/0001-80;1451;SEJUSP;SECRETARIA DE ESTADO DE JUSTICA E SEGURANCA PUBLICA;43;SUBVENCOES SOCIAIS;1;SUBVENCOES SOCIAIS;10;RECURSOS ORDINARIOS - RECURSOS NAO VINCULADOS DE IMPOSTOS;86954,0;86954,0;86954,0
9318246;97;2024-10-24 00:00:00;SER - SERVICO EVANGELICO DE REABILITACAO DE ARAGUARI;03.424.768/0001-80;1451;SEJUSP;SECRETARIA DE ESTADO DE JUSTICA E SEGURANCA PUBLICA;43;SUBVENCOES SOCIAIS;1;SUBVENCOES SOCIAIS;10;RECURSOS ORDINARIOS - RECURSOS NAO VINCULADOS DE IMPOSTOS;86954,0;86954,0;86954,0
9318341;31;2024-06-12 00:00:00;ASSOCIACAO CRISTA BANCO DA SOLIDARIEDADE;10.320.290/0001-04;1451;SEJUSP;SECRETARIA DE ESTADO DE JUSTICA E SEGURANCA PUBLICA;43;SUBVENCOES SOCIAIS;1;SUBVENCOES SOCIAIS;10;RECURSOS ORDINARIOS - RECURSOS NAO VINCULADOS DE IMPOSTOS;86838,54;86838,54;86838,54
9318341;104;2024-10-24 00:00:00;ASSOCIACAO CRISTA BANCO DA SOLIDARIEDADE;10.320.290/0001-04;1451;SEJUSP;SECRETARIA DE ESTADO DE JUSTICA E SEGURANCA PUBLICA;43;SUBVENCOES SOCIAIS;1;SUBVENCOES SOCIAIS;10;RECURSOS ORDINARIOS - RECURSOS NAO VINCULADOS DE IMPOSTOS;86838,54;86838,54;86838,54
9318347;43;2024-06-17 00:00:00;COMUNIDADE TERAPEUTICA CASA DIA;04.970.973/0001-04;1451;SEJUSP;SECRETARIA DE ESTADO DE JUSTICA E SEGURANCA PUBLICA;43;SUBVENCOES SOCIAIS;1;SUBVENCOES SOCIAIS;10;RECURSOS ORDINARIOS - RECURSOS NAO VINCULADOS DE IMPOSTOS;86954,0;86954,0;86954,0
9318347;94;2024-10-24 00:00:00;COMUNIDADE TERAPEUTICA CASA DIA;04.970.973/0001-04;1451;SEJUSP;SECRETARIA DE ESTADO DE JUSTICA E SEGURANCA PUBLICA;43;SUBVENCOES SOCIAIS;1;SUBVENCOES SOCIAIS;10;RECURSOS ORDINARIOS - RECURSOS NAO VINCULADOS DE IMPOSTOS;86954,0;86954,0;86954,0
9318350;53;2024-06-18 00:00:00;COMUNIDADE TERAPEUTICA FILHOS DO REI;13.134.031/0001-87;1451;SEJUSP;SECRETARIA DE ESTADO DE JUSTICA E SEGURANCA PUBLICA;43;SUBVENCOES SOCIAIS;1;SUBVENCOES SOCIAIS;10;RECURSOS ORDINARIOS - RECURSOS NAO VINCULADOS DE IMPOSTOS;86954,0;86954,0;86954,0
9318350;121;2024-10-25 00:00:00;COMUNIDADE TERAPEUTICA FILHOS DO REI;13.134.031/0001-87;1451;SEJUSP;SECRETARIA DE ESTADO DE JUSTICA E SEGURANCA PUBLICA;43;SUBVENCOES SOCIAIS;1;SUBVENCOES SOCIAIS;10;RECURSOS ORDINARIOS - RECURSOS NAO VINCULADOS DE IMPOSTOS;86954,0;86954,0;86954,0
9318441;48;2024-06-18 00:00:00;CENTRO DE REINTEGRACAO SOCIAL BEIJA-FLOR;04.327.366/0002-01;1451;SEJUSP;SECRETARIA DE ESTADO DE JUSTICA E SEGURANCA PUBLICA;43;SUBVENCOES SOCIAIS;1;SUBVENCOES SOCIAIS;10;RECURSOS ORDINARIOS - RECURSOS NAO VINCULADOS DE IMPOSTOS;86954,0;86954,0;86954,0
9318441;116;2024-10-24 00:00:00;CENTRO DE REINTEGRACAO SOCIAL BEIJA-FLOR;04.327.366/0002-01;1451;SEJUSP;SECRETARIA DE ESTADO DE JUSTICA E SEGURANCA PUBLICA;43;SUBVENCOES SOCIAIS;1;SUBVENCOES SOCIAIS;10;RECURSOS ORDINARIOS - RECURSOS NAO VINCULADOS DE IMPOSTOS;86954,0;86954,0;86954,0
9318481;46;2024-06-18 00:00:00;CEAMI - REABILITACAO PARA A VIDA;03.744.116/0001-23;1451;SEJUSP;SECRETARIA DE ESTADO DE JUSTICA E SEGURANCA PUBLICA;43;SUBVENCOES SOCIAIS;1;SUBVENCOES SOCIAIS;10;RECURSOS ORDINARIOS - RECURSOS NAO VINCULADOS DE IMPOSTOS;86954,0;86954,0;86954,0
9318481;111;2024-10-24 00:00:00;CEAMI - REABILITACAO PARA A VIDA;03.744.116/0001-23;1451;SEJUSP;SECRETARIA DE ESTADO DE JUSTICA E SEGURANCA PUBLICA;43;SUBVENCOES SOCIAIS;1;SUBVENCOES SOCIAIS;10;RECURSOS ORDINARIOS - RECURSOS NAO VINCULADOS DE IMPOSTOS;86954,0;86954,0;86954,0
9318532;55;2024-06-18 00:00:00;COMUNIDADE TERAPEUTICA ETM;09.405.431/0001-02;1451;SEJUSP;SECRETARIA DE ESTADO DE JUSTICA E SEGURANCA PUBLICA;43;SUBVENCOES SOCIAIS;1;SUBVENCOES SOCIAIS;10;RECURSOS ORDINARIOS - RECURSOS NAO VINCULADOS DE IMPOSTOS;86954,0;86954,0;86954,0
9318532;108;2024-10-24 00:00:00;COMUNIDADE TERAPEUTICA ETM;09.405.431/0001-02;1451;SEJUSP;SECRETARIA DE ESTADO DE JUSTICA E SEGURANCA PUBLICA;43;SUBVENCOES SOCIAIS;1;SUBVENCOES SOCIAIS;10;RECURSOS ORDINARIOS - RECURSOS NAO VINCULADOS DE IMPOSTOS;86954,0;86954,0;86954,0
9318589;32;2024-06-13 00:00:00;ASSOCIACAO BATISTA DE ASSISTENCIA SOCIAL;17.177.874/0001-11;1451;SEJUSP;SECRETARIA DE ESTADO DE JUSTICA E SEGURANCA PUBLICA;43;SUBVENCOES SOCIAIS;1;SUBVENCOES SOCIAIS;10;RECURSOS ORDINARIOS - RECURSOS NAO VINCULADOS DE IMPOSTOS;78480,18;78480,18;78480,18
9318589;33;2024-06-13 00:00:00;ASSOCIACAO BATISTA DE ASSISTENCIA SOCIAL;17.177.874/0001-11;1451;SEJUSP;SECRETARIA DE ESTADO DE JUSTICA E SEGURANCA PUBLICA;43;SUBVENCOES SOCIAIS;1;SUBVENCOES SOCIAIS;10;RECURSOS ORDINARIOS - RECURSOS NAO VINCULADOS DE IMPOSTOS;0,0;0,0;0,0
9318589;99;2024-10-24 00:00:00;ASSOCIACAO BATISTA DE ASSISTENCIA SOCIAL;17.177.874/0001-11;1451;SEJUSP;SECRETARIA DE ESTADO DE JUSTICA E SEGURANCA PUBLICA;43;SUBVENCOES SOCIAIS;1;SUBVENCOES SOCIAIS;10;RECURSOS ORDINARIOS - RECURSOS NAO VINCULADOS DE IMPOSTOS;78480,18;78480,18;78480,18
9318616;41;2024-06-14 00:00:00;ASSOCIACAO TEMPLO DE ISRAEL;11.423.964/0001-69;1451;SEJUSP;SECRETARIA DE ESTADO DE JUSTICA E SEGURANCA PUBLICA;43;SUBVENCOES SOCIAIS;1;SUBVENCOES SOCIAIS;10;RECURSOS ORDINARIOS - RECURSOS NAO VINCULADOS DE IMPOSTOS;86760,36;86760,36;86760,36
9318616;90;2024-10-24 00:00:00;ASSOCIACAO TEMPLO DE ISRAEL;11.423.964/0001-69;1451;SEJUSP;SECRETARIA DE ESTADO DE JUSTICA E SEGURANCA PUBLICA;43;SUBVENCOES SOCIAIS;1;SUBVENCOES SOCIAIS;10;RECURSOS ORDINARIOS - RECURSOS NAO VINCULADOS DE IMPOSTOS;86760,36;86760,36;0,0
9318638;5;2024-02-08 00:00:00;ASSOCIACAO ESPORTIVA FUTEBOL E VIDA;20.628.142/0001-05;1451;SEJUSP;SECRETARIA DE ESTADO DE JUSTICA E SEGURANCA PUBLICA;43;SUBVENCOES SOCIAIS;1;SUBVENCOES SOCIAIS;10;RECURSOS ORDINARIOS - RECURSOS NAO VINCULADOS DE IMPOSTOS;75000,0;75000,0;75000,0
9318638;70;2024-08-02 00:00:00;ASSOCIACAO ESPORTIVA FUTEBOL E VIDA;20.628.142/0001-05;1451;SEJUSP;SECRETARIA DE ESTADO DE JUSTICA E SEGURANCA PUBLICA;43;SUBVENCOES SOCIAIS;1;SUBVENCOES SOCIAIS;10;RECURSOS ORDINARIOS - RECURSOS NAO VINCULADOS DE IMPOSTOS;75000,0;75000,0;75000,0
9318645;62;2024-06-19 00:00:00;PROJETO EBENEZER;22.997.041/0001-37;1451;SEJUSP;SECRETARIA DE ESTADO DE JUSTICA E SEGURANCA PUBLICA;43;SUBVENCOES SOCIAIS;1;SUBVENCOES SOCIAIS;10;RECURSOS ORDINARIOS - RECURSOS NAO VINCULADOS DE IMPOSTOS;86507,52;86507,52;86507,52
9318645;105;2024-10-24 00:00:00;PROJETO EBENEZER;22.997.041/0001-37;1451;SEJUSP;SECRETARIA DE ESTADO DE JUSTICA E SEGURANCA PUBLICA;43;SUBVENCOES SOCIAIS;1;SUBVENCOES SOCIAIS;10;RECURSOS ORDINARIOS - RECURSOS NAO VINCULADOS DE IMPOSTOS;86507,52;86507,52;86507,52
9318649;26;2024-06-04 00:00:00;ACAO SOCIAL CENTRO DE REINTEGRACAO A SOCIEDADE MAIS QUE VENCEDORES;16.801.598/0002-39;1451;SEJUSP;SECRETARIA DE ESTADO DE JUSTICA E SEGURANCA PUBLICA;43;SUBVENCOES SOCIAIS;1;SUBVENCOES SOCIAIS;10;RECURSOS ORDINARIOS - RECURSOS NAO VINCULADOS DE IMPOSTOS;86645,58;86645,58;86645,58
9318649;84;2024-10-24 00:00:00;ACAO SOCIAL CENTRO DE REINTEGRACAO A SOCIEDADE MAIS QUE VENCEDORES;16.801.598/0002-39;1451;SEJUSP;SECRETARIA DE ESTADO DE JUSTICA E SEGURANCA PUBLICA;43;SUBVENCOES SOCIAIS;1;SUBVENCOES SOCIAIS;10;RECURSOS ORDINARIOS - RECURSOS NAO VINCULADOS DE IMPOSTOS;86645,48;86645,48;86645,48
9318686;49;2024-06-18 00:00:00;CENTRO MADRE TEREZA;03.759.408/0001-30;1451;SEJUSP;SECRETARIA DE ESTADO DE JUSTICA E SEGURANCA PUBLICA;43;SUBVENCOES SOCIAIS;1;SUBVENCOES SOCIAIS;10;RECURSOS ORDINARIOS - RECURSOS NAO VINCULADOS DE IMPOSTOS;86954,0;86954,0;86954,0
9318686;117;2024-10-24 00:00:00;CENTRO MADRE TEREZA;03.759.408/0001-30;1451;SEJUSP;SECRETARIA DE ESTADO DE JUSTICA E SEGURANCA PUBLICA;43;SUBVENCOES SOCIAIS;1;SUBVENCOES SOCIAIS;10;RECURSOS ORDINARIOS - RECURSOS NAO VINCULADOS DE IMPOSTOS;86954,0;86954,0;86954,0
9318688;38;2024-06-14 00:00:00;ASSOCIACAO JOAO PAULO II;08.027.860/0001-20;1451;SEJUSP;SECRETARIA DE ESTADO DE JUSTICA E SEGURANCA PUBLICA;43;SUBVENCOES SOCIAIS;1;SUBVENCOES SOCIAIS;10;RECURSOS ORDINARIOS - RECURSOS NAO VINCULADOS DE IMPOSTOS;86953,98;86953,98;86953,98
9318688;88;2024-10-24 00:00:00;ASSOCIACAO JOAO PAULO II;08.027.860/0001-20;1451;SEJUSP;SECRETARIA DE ESTADO DE JUSTICA E SEGURANCA PUBLICA;43;SUBVENCOES SOCIAIS;1;SUBVENCOES SOCIAIS;10;RECURSOS ORDINARIOS - RECURSOS NAO VINCULADOS DE IMPOSTOS;81073,42;81073,42;81073,42
9318691;47;2024-06-18 00:00:00;CENTRO DE RECUPERACAO RESGATANDO VIDAS;03.551.218/0001-22;1451;SEJUSP;SECRETARIA DE ESTADO DE JUSTICA E SEGURANCA PUBLICA;43;SUBVENCOES SOCIAIS;1;SUBVENCOES SOCIAIS;10;RECURSOS ORDINARIOS - RECURSOS NAO VINCULADOS DE IMPOSTOS;86954,0;86954,0;86954,0
9318691;112;2024-10-24 00:00:00;CENTRO DE RECUPERACAO RESGATANDO VIDAS;03.551.218/0001-22;1451;SEJUSP;SECRETARIA DE ESTADO DE JUSTICA E SEGURANCA PUBLICA;43;SUBVENCOES SOCIAIS;1;SUBVENCOES SOCIAIS;10;RECURSOS ORDINARIOS - RECURSOS NAO VINCULADOS DE IMPOSTOS;86954,0;86954,0;86954,0
9318693;45;2024-06-17 00:00:00;CASA DE RECUPERACAO JUNTOS PODEMOS;10.326.600/0001-06;1451;SEJUSP;SECRETARIA DE ESTADO DE JUSTICA E SEGURANCA PUBLICA;43;SUBVENCOES SOCIAIS;1;SUBVENCOES SOCIAIS;10;RECURSOS ORDINARIOS - RECURSOS NAO VINCULADOS DE IMPOSTOS;86954,0;86954,0;86954,0
9318693;96;2024-10-24 00:00:00;CASA DE RECUPERACAO JUNTOS PODEMOS;10.326.600/0001-06;1451;SEJUSP;SECRETARIA DE ESTADO DE JUSTICA E SEGURANCA PUBLICA;43;SUBVENCOES SOCIAIS;1;SUBVENCOES SOCIAIS;10;RECURSOS ORDINARIOS - RECURSOS NAO VINCULADOS DE IMPOSTOS;86954,0;86954,0;0,0
9318697;6;2024-02-08 00:00:00;CEAMI - REABILITACAO PARA A VIDA;03.744.116/0002-04;1451;SEJUSP;SECRETARIA DE ESTADO DE JUSTICA E SEGURANCA PUBLICA;43;SUBVENCOES SOCIAIS;1;SUBVENCOES SOCIAIS;10;RECURSOS ORDINARIOS - RECURSOS NAO VINCULADOS DE IMPOSTOS;86954,0;86954,0;86954,0
9318697;71;2024-08-02 00:00:00;CEAMI - REABILITACAO PARA A VIDA;03.744.116/0002-04;1451;SEJUSP;SECRETARIA DE ESTADO DE JUSTICA E SEGURANCA PUBLICA;43;SUBVENCOES SOCIAIS;1;SUBVENCOES SOCIAIS;10;RECURSOS ORDINARIOS - RECURSOS NAO VINCULADOS DE IMPOSTOS;86954,0;86954,0;86954,0
9318705;40;2024-06-14 00:00:00;ASS NUCLEO DE APOIO TOXICOM E ALCOOL FAZ AGUA VIVA-;22.706.287/0001-02;1451;SEJUSP;SECRETARIA DE ESTADO DE JUSTICA E SEGURANCA PUBLICA;43;SUBVENCOES SOCIAIS;1;SUBVENCOES SOCIAIS;10;RECURSOS ORDINARIOS - RECURSOS NAO VINCULADOS DE IMPOSTOS;82954,0;82954,0;82954,0
9318705;95;2024-10-24 00:00:00;ASS NUCLEO DE APOIO TOXICOM E ALCOOL FAZ AGUA VIVA-;22.706.287/0001-02;1451;SEJUSP;SECRETARIA DE ESTADO DE JUSTICA E SEGURANCA PUBLICA;43;SUBVENCOES SOCIAIS;1;SUBVENCOES SOCIAIS;10;RECURSOS ORDINARIOS - RECURSOS NAO VINCULADOS DE IMPOSTOS;82954,0;82954,0;82954,0
9318706;42;2024-06-14 00:00:00;ASSOCIACAO WILSON DE SOUZA LOPES;73.869.877/0001-97;1451;SEJUSP;SECRETARIA DE ESTADO DE JUSTICA E SEGURANCA PUBLICA;43;SUBVENCOES SOCIAIS;1;SUBVENCOES SOCIAIS;10;RECURSOS ORDINARIOS - RECURSOS NAO VINCULADOS DE IMPOSTOS;86954,0;86954,0;86954,0
9318706;91;2024-10-24 00:00:00;ASSOCIACAO WILSON DE SOUZA LOPES;73.869.877/0001-97;1451;SEJUSP;SECRETARIA DE ESTADO DE JUSTICA E SEGURANCA PUBLICA;43;SUBVENCOES SOCIAIS;1;SUBVENCOES SOCIAIS;10;RECURSOS ORDINARIOS - RECURSOS NAO VINCULADOS DE IMPOSTOS;86954,0;86954,0;86954,0
9318722;36;2024-06-13 00:00:00;ASSOCIACAO FAZENDA RENASCER;17.515.115/0001-11;1451;SEJUSP;SECRETARIA DE ESTADO DE JUSTICA E SEGURANCA PUBLICA;43;SUBVENCOES SOCIAIS;1;SUBVENCOES SOCIAIS;10;RECURSOS ORDINARIOS - RECURSOS NAO VINCULADOS DE IMPOSTOS;86953,8;86953,8;86953,8
9318722;85;2024-10-24 00:00:00;ASSOCIACAO FAZENDA RENASCER;17.515.115/0001-11;1451;SEJUSP;SECRETARIA DE ESTADO DE JUSTICA E SEGURANCA PUBLICA;43;SUBVENCOES SOCIAIS;1;SUBVENCOES SOCIAIS;10;RECURSOS ORDINARIOS - RECURSOS NAO VINCULADOS DE IMPOSTOS;86953,8;86953,8;86953,8
9318850;51;2024-06-18 00:00:00;COMUNIDADE TERAPEUTICA CAVERNA DE ADULAO - CTCA;15.171.442/0001-78;1451;SEJUSP;SECRETARIA DE ESTADO DE JUSTICA E SEGURANCA PUBLICA;43;SUBVENCOES SOCIAIS;1;SUBVENCOES SOCIAIS;10;RECURSOS ORDINARIOS - RECURSOS NAO VINCULADOS DE IMPOSTOS;86954,0;86954,0;86954,0
9318850;119;2024-10-25 00:00:00;COMUNIDADE TERAPEUTICA CAVERNA DE ADULAO - CTCA;15.171.442/0001-78;1451;SEJUSP;SECRETARIA DE ESTADO DE JUSTICA E SEGURANCA PUBLICA;43;SUBVENCOES SOCIAIS;1;SUBVENCOES SOCIAIS;10;RECURSOS ORDINARIOS - RECURSOS NAO VINCULADOS DE IMPOSTOS;86954,0;86954,0;86954,0
9318860;59;2024-06-18 00:00:00;GRUPO EDUCACAO, ETICA E CIDADANIA;05.543.739/0001-63;1451;SEJUSP;SECRETARIA DE ESTADO DE JUSTICA E SEGURANCA PUBLICA;43;SUBVENCOES SOCIAIS;1;SUBVENCOES SOCIAIS;10;RECURSOS ORDINARIOS - RECURSOS NAO VINCULADOS DE IMPOSTOS;78500,0;78500,0;78500,0
9318860;115;2024-10-24 00:00:00;GRUPO EDUCACAO, ETICA E CIDADANIA;05.543.739/0001-63;1451;SEJUSP;SECRETARIA DE ESTADO DE JUSTICA E SEGURANCA PUBLICA;43;SUBVENCOES SOCIAIS;1;SUBVENCOES SOCIAIS;10;RECURSOS ORDINARIOS - RECURSOS NAO VINCULADOS DE IMPOSTOS;78500,0;78500,0;78500,0
9318885;28;2024-06-11 00:00:00;ASSOCIACAO COMUNIDADE NOVA CRIATURA;11.088.620/0001-40;1451;SEJUSP;SECRETARIA DE ESTADO DE JUSTICA E SEGURANCA PUBLICA;43;SUBVENCOES SOCIAIS;1;SUBVENCOES SOCIAIS;10;RECURSOS ORDINARIOS - RECURSOS NAO VINCULADOS DE IMPOSTOS;86954,0;86954,0;86954,0
9318885;101;2024-10-24 00:00:00;ASSOCIACAO COMUNIDADE NOVA CRIATURA;11.088.620/0001-40;1451;SEJUSP;SECRETARIA DE ESTADO DE JUSTICA E SEGURANCA PUBLICA;43;SUBVENCOES SOCIAIS;1;SUBVENCOES SOCIAIS;10;RECURSOS ORDINARIOS - RECURSOS NAO VINCULADOS DE IMPOSTOS;86954,0;86954,0;86954,0
9318888;34;2024-06-13 00:00:00;CENTRO DE RESTAURACAO VIDA NOVA;09.219.152/0001-54;1451;SEJUSP;SECRETARIA DE ESTADO DE JUSTICA E SEGURANCA PUBLICA;43;SUBVENCOES SOCIAIS;1;SUBVENCOES SOCIAIS;10;RECURSOS ORDINARIOS - RECURSOS NAO VINCULADOS DE IMPOSTOS;86891,76;86891,76;86891,76
9318888;100;2024-10-24 00:00:00;CENTRO DE RESTAURACAO VIDA NOVA;09.219.152/0001-54;1451;SEJUSP;SECRETARIA DE ESTADO DE JUSTICA E SEGURANCA PUBLICA;43;SUBVENCOES SOCIAIS;1;SUBVENCOES SOCIAIS;10;RECURSOS ORDINARIOS - RECURSOS NAO VINCULADOS DE IMPOSTOS;86891,76;86891,76;86891,76
9319116;834;2024-07-05 00:00:00;PM CARATINGA;18.334.268/0001-25;1261;SEE;SECRETARIA DE ESTADO DE EDUCACAO;42;AUXILIOS;1;AUXILIOS;10;RECURSOS ORDINARIOS - RECURSOS NAO VINCULADOS DE IMPOSTOS;918943,49;918943,49;918943,49
9321214;33;2024-03-04 00:00:00;ASSOC. DE PROT. E ASSIST. AOS CONENADOS DE RIO PIRACICABA;09.420.397/0001-45;1451;SEJUSP;SECRETARIA DE ESTADO DE JUSTICA E SEGURANCA PUBLICA;43;SUBVENCOES SOCIAIS;1;SUBVENCOES SOCIAIS;10;RECURSOS ORDINARIOS - RECURSOS NAO VINCULADOS DE IMPOSTOS;1133608,46;1133608,46;1133608,46
9321215;31;2024-03-04 00:00:00;APAC DE POUSO ALEGRE FEMININO;34.843.762/0001-71;1451;SEJUSP;SECRETARIA DE ESTADO DE JUSTICA E SEGURANCA PUBLICA;43;SUBVENCOES SOCIAIS;1;SUBVENCOES SOCIAIS;10;RECURSOS ORDINARIOS - RECURSOS NAO VINCULADOS DE IMPOSTOS;968759,56;968759,56;968759,56
9321217;12;2024-03-04 00:00:00;ASSOCIACAO DE PROTECAO E ASSISTENCIA AOS CONDENADOS - FRUTAL/MG;07.409.988/0001-96;1451;SEJUSP;SECRETARIA DE ESTADO DE JUSTICA E SEGURANCA PUBLICA;43;SUBVENCOES SOCIAIS;1;SUBVENCOES SOCIAIS;10;RECURSOS ORDINARIOS - RECURSOS NAO VINCULADOS DE IMPOSTOS;3800726,96;3800726,96;3800726,96
9321218;40;2024-03-04 00:00:00;ASSOC. DE PROT. E ASSIST. AOS CONENADOS DE S. J. DEL REI MASC.;07.899.489/0001-24;1451;SEJUSP;SECRETARIA DE ESTADO DE JUSTICA E SEGURANCA PUBLICA;43;SUBVENCOES SOCIAIS;1;SUBVENCOES SOCIAIS;10;RECURSOS ORDINARIOS - RECURSOS NAO VINCULADOS DE IMPOSTOS;4493558,11;4493558,11;4493558,11
9321219;41;2024-03-04 00:00:00;APAC SETE LAGOAS;04.698.279/0001-80;1451;SEJUSP;SECRETARIA DE ESTADO DE JUSTICA E SEGURANCA PUBLICA;43;SUBVENCOES SOCIAIS;1;SUBVENCOES SOCIAIS;10;RECURSOS ORDINARIOS - RECURSOS NAO VINCULADOS DE IMPOSTOS;1759367,09;1759367,09;1759367,09
9321220;14;2024-03-04 00:00:00;ASSOC. DE PROT. E ASSIST. AO CONDENADO DE INHAPIM;06.931.578/0001-48;1451;SEJUSP;SECRETARIA DE ESTADO DE JUSTICA E SEGURANCA PUBLICA;43;SUBVENCOES SOCIAIS;1;SUBVENCOES SOCIAIS;10;RECURSOS ORDINARIOS - RECURSOS NAO VINCULADOS DE IMPOSTOS;1517671,78;1517671,78;1517671,78
9321221;30;2024-03-04 00:00:00;ASSOC. DE PROT. E ASSIST. AO CONDENADO DE PIRAPORA;07.677.802/0001-80;1451;SEJUSP;SECRETARIA DE ESTADO DE JUSTICA E SEGURANCA PUBLICA;43;SUBVENCOES SOCIAIS;1;SUBVENCOES SOCIAIS;10;RECURSOS ORDINARIOS - RECURSOS NAO VINCULADOS DE IMPOSTOS;2709985,62;2709985,62;2709985,62
9321223;5;2024-03-04 00:00:00;ASSOC. DE PROT. E ASSIST. AO CONDENADO DE ARCOS;05.131.480/0001-43;1451;SEJUSP;SECRETARIA DE ESTADO DE JUSTICA E SEGURANCA PUBLICA;43;SUBVENCOES SOCIAIS;1;SUBVENCOES SOCIAIS;10;RECURSOS ORDINARIOS - RECURSOS NAO VINCULADOS DE IMPOSTOS;1149953,38;1149953,38;1149953,38
9321224;16;2024-03-04 00:00:00;ASSOCIACAO DE PROTECAO E ASSISTENCIA AOS CONDENADOS;20.928.032/0001-69;1451;SEJUSP;SECRETARIA DE ESTADO DE JUSTICA E SEGURANCA PUBLICA;43;SUBVENCOES SOCIAIS;1;SUBVENCOES SOCIAIS;10;RECURSOS ORDINARIOS - RECURSOS NAO VINCULADOS DE IMPOSTOS;975837,99;975837,99;975837,99
9321225;17;2024-03-04 00:00:00;ASSOCIACAO DE PROTECAO E ASSISTENCIA AOS CONDENADOS;20.928.032/0001-69;1451;SEJUSP;SECRETARIA DE ESTADO DE JUSTICA E SEGURANCA PUBLICA;43;SUBVENCOES SOCIAIS;1;SUBVENCOES SOCIAIS;10;RECURSOS ORDINARIOS - RECURSOS NAO VINCULADOS DE IMPOSTOS;2842862,55;2842862,55;2842862,55
9321226;18;2024-03-04 00:00:00;ASSOC. DE PROT. E ASSIST. AO CONDENADO DE ITUIUTABA;08.669.795/0001-37;1451;SEJUSP;SECRETARIA DE ESTADO DE JUSTICA E SEGURANCA PUBLICA;43;SUBVENCOES SOCIAIS;1;SUBVENCOES SOCIAIS;10;RECURSOS ORDINARIOS - RECURSOS NAO VINCULADOS DE IMPOSTOS;1479170,52;1479170,52;1479170,52
9321227;19;2024-03-04 00:00:00;ASSOC. DE PROT. E ASSIST. AO CONDENADO DE JANUARIA;08.358.883/0001-18;1451;SEJUSP;SECRETARIA DE ESTADO DE JUSTICA E SEGURANCA PUBLICA;43;SUBVENCOES SOCIAIS;1;SUBVENCOES SOCIAIS;10;RECURSOS ORDINARIOS - RECURSOS NAO VINCULADOS DE IMPOSTOS;1562016,17;1562016,17;1562016,17
9321228;20;2024-03-04 00:00:00;ASSOC. DE PROT. E ASSIST. AO CONDENADO DE LAGOA DA PRATA;07.472.312/0001-47;1451;SEJUSP;SECRETARIA DE ESTADO DE JUSTICA E SEGURANCA PUBLICA;43;SUBVENCOES SOCIAIS;1;SUBVENCOES SOCIAIS;10;RECURSOS ORDINARIOS - RECURSOS NAO VINCULADOS DE IMPOSTOS;2558873,4;2558873,4;2558873,4
9321229;25;2024-03-04 00:00:00;ASSOC. DE PROT. E ASSIST. AO CONDENADO DE PASSOS;03.672.339/0001-22;1451;SEJUSP;SECRETARIA DE ESTADO DE JUSTICA E SEGURANCA PUBLICA;43;SUBVENCOES SOCIAIS;1;SUBVENCOES SOCIAIS;10;RECURSOS ORDINARIOS - RECURSOS NAO VINCULADOS DE IMPOSTOS;2705039,65;2705039,65;2705039,65
9321230;26;2024-03-04 00:00:00;ASSOC. DE PROT. E ASSIST. AO CONDENADO DE PATOS DE MINAS;13.570.749/0001-16;1451;SEJUSP;SECRETARIA DE ESTADO DE JUSTICA E SEGURANCA PUBLICA;43;SUBVENCOES SOCIAIS;1;SUBVENCOES SOCIAIS;10;RECURSOS ORDINARIOS - RECURSOS NAO VINCULADOS DE IMPOSTOS;1615606,03;1615606,03;1615606,03
9321231;27;2024-03-04 00:00:00;ASSOC. DE PROT. E ASSIST. AO CONDENADO DE PATROCINIO;01.349.619/0001-79;1451;SEJUSP;SECRETARIA DE ESTADO DE JUSTICA E SEGURANCA PUBLICA;43;SUBVENCOES SOCIAIS;1;SUBVENCOES SOCIAIS;10;RECURSOS ORDINARIOS - RECURSOS NAO VINCULADOS DE IMPOSTOS;2161159,41;2161159,41;2161159,41
9321232;29;2024-03-04 00:00:00;ASSOC. DE PROT. E ASSIST. AO CONDENADO DE PERDOES;06.118.334/0001-40;1451;SEJUSP;SECRETARIA DE ESTADO DE JUSTICA E SEGURANCA PUBLICA;43;SUBVENCOES SOCIAIS;1;SUBVENCOES SOCIAIS;10;RECURSOS ORDINARIOS - RECURSOS NAO VINCULADOS DE IMPOSTOS;1764478,88;1764478,88;1764478,88
9321233;32;2024-03-04 00:00:00;APAC-ASSOCIACAO DE PROTECAO E ASSISTENCIA AOS CONDENADOS DE POUSO ALEG;06.022.588/0001-60;1451;SEJUSP;SECRETARIA DE ESTADO DE JUSTICA E SEGURANCA PUBLICA;43;SUBVENCOES SOCIAIS;1;SUBVENCOES SOCIAIS;10;RECURSOS ORDINARIOS - RECURSOS NAO VINCULADOS DE IMPOSTOS;2864444,04;2864444,04;2864444,04
9321234;34;2024-03-04 00:00:00;ASSOC. DE PROT. E ASSIST. AOS CONENADOS DE SALINAS;08.112.569/0001-50;1451;SEJUSP;SECRETARIA DE ESTADO DE JUSTICA E SEGURANCA PUBLICA;43;SUBVENCOES SOCIAIS;1;SUBVENCOES SOCIAIS;10;RECURSOS ORDINARIOS - RECURSOS NAO VINCULADOS DE IMPOSTOS;1592237,04;1592237,04;1592237,04
9321236;35;2024-03-04 00:00:00;ASSOC. DE PROT. E ASSIST. AOS CONENADOS DE SANTA BARBARA;05.134.204/0001-39;1451;SEJUSP;SECRETARIA DE ESTADO DE JUSTICA E SEGURANCA PUBLICA;43;SUBVENCOES SOCIAIS;1;SUBVENCOES SOCIAIS;10;RECURSOS ORDINARIOS - RECURSOS NAO VINCULADOS DE IMPOSTOS;900761,78;900761,78;900761,78
9321237;42;2024-03-04 00:00:00;ASSOC. DE PROT. E ASSIST. AOS CONENADOS DE TEOFILO OTONI;06.947.893/0001-63;1451;SEJUSP;SECRETARIA DE ESTADO DE JUSTICA E SEGURANCA PUBLICA;43;SUBVENCOES SOCIAIS;1;SUBVENCOES SOCIAIS;10;RECURSOS ORDINARIOS - RECURSOS NAO VINCULADOS DE IMPOSTOS;1006645,05;1006645,05;1006645,05
9321238;43;2024-03-04 00:00:00;ASSOC. DE PROT. E ASSIST. AOS CONENADOS DE VICOSA;06.199.788/0001-93;1451;SEJUSP;SECRETARIA DE ESTADO DE JUSTICA E SEGURANCA PUBLICA;43;SUBVENCOES SOCIAIS;1;SUBVENCOES SOCIAIS;10;RECURSOS ORDINARIOS - RECURSOS NAO VINCULADOS DE IMPOSTOS;907079,82;907079,82;907079,82
9321242;24;2024-03-04 00:00:00;ASSOC. DE PROT. E ASSIST. AO CONDENADO DE PARACATU;06.195.998/0001-03;1451;SEJUSP;SECRETARIA DE ESTADO DE JUSTICA E SEGURANCA PUBLICA;43;SUBVENCOES SOCIAIS;1;SUBVENCOES SOCIAIS;10;RECURSOS ORDINARIOS - RECURSOS NAO VINCULADOS DE IMPOSTOS;3109008,81;3108498,81;3108498,81
9321243;39;2024-03-04 00:00:00;ASSOC. DE PROT. E ASSIST. AOS CONENADOS DE S. J. DEL REI FEM.;21.325.027/0001-24;1451;SEJUSP;SECRETARIA DE ESTADO DE JUSTICA E SEGURANCA PUBLICA;43;SUBVENCOES SOCIAIS;1;SUBVENCOES SOCIAIS;10;RECURSOS ORDINARIOS - RECURSOS NAO VINCULADOS DE IMPOSTOS;1678822,83;1678822,83;1678822,83
9321244;7;2024-03-04 00:00:00;ASSOC. DE PROT. E ASSIST. AO CONDENADO DE CAMPO BELO;07.259.234/0001-05;1451;SEJUSP;SECRETARIA DE ESTADO DE JUSTICA E SEGURANCA PUBLICA;43;SUBVENCOES SOCIAIS;1;SUBVENCOES SOCIAIS;10;RECURSOS ORDINARIOS - RECURSOS NAO VINCULADOS DE IMPOSTOS;1557131,91;1557131,91;1557131,91
9321245;38;2024-03-04 00:00:00;ASSOC. DE PROT. E ASSIST. AOS CONENADOS DE SANTA MARIA DO SUACUI;06.289.008/0001-04;1451;SEJUSP;SECRETARIA DE ESTADO DE JUSTICA E SEGURANCA PUBLICA;43;SUBVENCOES SOCIAIS;1;SUBVENCOES SOCIAIS;10;RECURSOS ORDINARIOS - RECURSOS NAO VINCULADOS DE IMPOSTOS;1073192,1;1073192,1;1073192,1
9321246;23;2024-03-04 00:00:00;ASSOCIACAO DE PROTECAO E ASSISTENCIA AOS CONDENADOS;05.501.573/0001-12;1451;SEJUSP;SECRETARIA DE ESTADO DE JUSTICA E SEGURANCA PUBLICA;43;SUBVENCOES SOCIAIS;1;SUBVENCOES SOCIAIS;10;RECURSOS ORDINARIOS - RECURSOS NAO VINCULADOS DE IMPOSTOS;2655999,23;2655999,23;2655999,23
9321247;8;2024-03-04 00:00:00;ASSOCIACAO DE PROTECAO E ASSITENCIA AOS CONDENADOS - APAC - CARATINGA;08.773.437/0001-70;1451;SEJUSP;SECRETARIA DE ESTADO DE JUSTICA E SEGURANCA PUBLICA;43;SUBVENCOES SOCIAIS;1;SUBVENCOES SOCIAIS;10;RECURSOS ORDINARIOS - RECURSOS NAO VINCULADOS DE IMPOSTOS;2435509,69;2435509,69;2435509,69
9321248;28;2024-03-04 00:00:00;ASSOC. DE PROT. E ASSIST. AO CONDENADO DE PEDRA AZUL;10.867.575/0001-60;1451;SEJUSP;SECRETARIA DE ESTADO DE JUSTICA E SEGURANCA PUBLICA;43;SUBVENCOES SOCIAIS;1;SUBVENCOES SOCIAIS;10;RECURSOS ORDINARIOS - RECURSOS NAO VINCULADOS DE IMPOSTOS;1015278,51;1015278,51;1015278,51
9321249;4;2024-03-04 00:00:00;ASSOC. DE PROT. E ASSIST. AO CONDENADO DE ARAXA;23.370.836/0001-83;1451;SEJUSP;SECRETARIA DE ESTADO DE JUSTICA E SEGURANCA PUBLICA;43;SUBVENCOES SOCIAIS;1;SUBVENCOES SOCIAIS;10;RECURSOS ORDINARIOS - RECURSOS NAO VINCULADOS DE IMPOSTOS;1681238,39;1681238,39;1681238,39
9321250;13;2024-03-04 00:00:00;ASSOC. DE PROT. E ASSIST. AO CONDENADO DE GOVERNADOR VALDARES;07.828.198/0001-45;1451;SEJUSP;SECRETARIA DE ESTADO DE JUSTICA E SEGURANCA PUBLICA;43;SUBVENCOES SOCIAIS;1;SUBVENCOES SOCIAIS;10;RECURSOS ORDINARIOS - RECURSOS NAO VINCULADOS DE IMPOSTOS;1574444,91;1574444,91;1574444,91
9321278;21;2024-03-04 00:00:00;ASSOCIACAO DE PROTECAO E ASSISTENCIA AOS CONDENADOS;07.625.655/0001-02;1451;SEJUSP;SECRETARIA DE ESTADO DE JUSTICA E SEGURANCA PUBLICA;43;SUBVENCOES SOCIAIS;1;SUBVENCOES SOCIAIS;10;RECURSOS ORDINARIOS - RECURSOS NAO VINCULADOS DE IMPOSTOS;2601114,13;2601114,13;2601114,13
9321306;10;2024-03-04 00:00:00;ASSOC. DE PROT. E ASSIST. AO CONDENADO DE CONS. LAFAIETE MASC.;05.890.676/0001-11;1451;SEJUSP;SECRETARIA DE ESTADO DE JUSTICA E SEGURANCA PUBLICA;43;SUBVENCOES SOCIAIS;1;SUBVENCOES SOCIAIS;10;RECURSOS ORDINARIOS - RECURSOS NAO VINCULADOS DE IMPOSTOS;3640659,08;3640659,08;3640659,08
9322281;836;2024-07-05 00:00:00;PM CARATINGA;18.334.268/0001-25;1261;SEE;SECRETARIA DE ESTADO DE EDUCACAO;42;AUXILIOS;1;AUXILIOS;10;RECURSOS ORDINARIOS - RECURSOS NAO VINCULADOS DE IMPOSTOS;424492,16;424492,16;424492,16
9322289;835;2024-07-05 00:00:00;PM CARATINGA;18.334.268/0001-25;1261;SEE;SECRETARIA DE ESTADO DE EDUCACAO;42;AUXILIOS;1;AUXILIOS;10;RECURSOS ORDINARIOS - RECURSOS NAO VINCULADOS DE IMPOSTOS;106673,35;106673,35;106673,35
9324301;36;2024-03-04 00:00:00;FRATERNIDADE BRASILEIRA DE ASSISTENCIA AOS CONDENADOS;01.528.418/0001-39;1451;SEJUSP;SECRETARIA DE ESTADO DE JUSTICA E SEGURANCA PUBLICA;43;SUBVENCOES SOCIAIS;1;SUBVENCOES SOCIAIS;10;RECURSOS ORDINARIOS - RECURSOS NAO VINCULADOS DE IMPOSTOS;3095175,41;3095175,41;3095175,41
9324361;9;2024-02-26 00:00:00;CENTRO DE APOIO FAMILIAR ESPECIALIZADO EM ALCOOL E DROGAS - CAFE-AD;33.812.095/0001-05;1451;SEJUSP;SECRETARIA DE ESTADO DE JUSTICA E SEGURANCA PUBLICA;43;SUBVENCOES SOCIAIS;1;SUBVENCOES SOCIAIS;10;RECURSOS ORDINARIOS - RECURSOS NAO VINCULADOS DE IMPOSTOS;78500,0;78500,0;78500,0
9324361;72;2024-08-02 00:00:00;CENTRO DE APOIO FAMILIAR ESPECIALIZADO EM ALCOOL E DROGAS - CAFE-AD;33.812.095/0001-05;1451;SEJUSP;SECRETARIA DE ESTADO DE JUSTICA E SEGURANCA PUBLICA;43;SUBVENCOES SOCIAIS;1;SUBVENCOES SOCIAIS;10;RECURSOS ORDINARIOS - RECURSOS NAO VINCULADOS DE IMPOSTOS;78500,0;78500,0;78500,0
9325948;1649;2024-06-18 00:00:00;PM IGARAPE;18.715.474/0001-85;1261;SEE;SECRETARIA DE ESTADO DE EDUCACAO;42;AUXILIOS;1;AUXILIOS;10;RECURSOS ORDINARIOS - RECURSOS NAO VINCULADOS DE IMPOSTOS;1223363,94;1223363,94;1223363,94
9325983;523;2024-04-18 00:00:00;PM BONFIM;18.363.945/0001-33;1261;SEE;SECRETARIA DE ESTADO DE EDUCACAO;42;AUXILIOS;1;AUXILIOS;10;RECURSOS ORDINARIOS - RECURSOS NAO VINCULADOS DE IMPOSTOS;89200,0;89200,0;89200,0
9327062;10;2024-03-22 00:00:00;C.T.L.S.P - CENTRO DE TRATAMENTO LAURA SAIA PALOMBO;10.635.949/0001-11;1451;SEJUSP;SECRETARIA DE ESTADO DE JUSTICA E SEGURANCA PUBLICA;43;SUBVENCOES SOCIAIS;1;SUBVENCOES SOCIAIS;10;RECURSOS ORDINARIOS - RECURSOS NAO VINCULADOS DE IMPOSTOS;86954,0;86954,0;86954,0
9327062;76;2024-09-18 00:00:00;C.T.L.S.P - CENTRO DE TRATAMENTO LAURA SAIA PALOMBO;10.635.949/0001-11;1451;SEJUSP;SECRETARIA DE ESTADO DE JUSTICA E SEGURANCA PUBLICA;43;SUBVENCOES SOCIAIS;1;SUBVENCOES SOCIAIS;10;RECURSOS ORDINARIOS - RECURSOS NAO VINCULADOS DE IMPOSTOS;86954,0;86954,0;86954,0
9327241;14;2024-04-02 00:00:00;FUNDACAO CONSCIENCIARTE;00.521.168/0001-42;1451;SEJUSP;SECRETARIA DE ESTADO DE JUSTICA E SEGURANCA PUBLICA;43;SUBVENCOES SOCIAIS;1;SUBVENCOES SOCIAIS;10;RECURSOS ORDINARIOS - RECURSOS NAO VINCULADOS DE IMPOSTOS;78500,0;78500,0;78500,0
9327241;74;2024-09-18 00:00:00;FUNDACAO CONSCIENCIARTE;00.521.168/0001-42;1451;SEJUSP;SECRETARIA DE ESTADO DE JUSTICA E SEGURANCA PUBLICA;43;SUBVENCOES SOCIAIS;1;SUBVENCOES SOCIAIS;10;RECURSOS ORDINARIOS - RECURSOS NAO VINCULADOS DE IMPOSTOS;78500,0;78500,0;78500,0
9327243;15;2024-04-02 00:00:00;ASSOCIACAO TATAME DO BEM;18.129.747/0001-00;1451;SEJUSP;SECRETARIA DE ESTADO DE JUSTICA E SEGURANCA PUBLICA;43;SUBVENCOES SOCIAIS;1;SUBVENCOES SOCIAIS;10;RECURSOS ORDINARIOS - RECURSOS NAO VINCULADOS DE IMPOSTOS;51867,3;51867,3;51867,3
9327243;73;2024-09-18 00:00:00;ASSOCIACAO TATAME DO BEM;18.129.747/0001-00;1451;SEJUSP;SECRETARIA DE ESTADO DE JUSTICA E SEGURANCA PUBLICA;43;SUBVENCOES SOCIAIS;1;SUBVENCOES SOCIAIS;10;RECURSOS ORDINARIOS - RECURSOS NAO VINCULADOS DE IMPOSTOS;51867,3;51867,3;51867,3
9327315;16;2024-04-02 00:00:00;SER SERVICO EVANGELICO DE REABILITACAO;20.734.505/0001-97;1451;SEJUSP;SECRETARIA DE ESTADO DE JUSTICA E SEGURANCA PUBLICA;43;SUBVENCOES SOCIAIS;1;SUBVENCOES SOCIAIS;10;RECURSOS ORDINARIOS - RECURSOS NAO VINCULADOS DE IMPOSTOS;86954,0;86954,0;86954,0
9327315;75;2024-09-18 00:00:00;SER SERVICO EVANGELICO DE REABILITACAO;20.734.505/0001-97;1451;SEJUSP;SECRETARIA DE ESTADO DE JUSTICA E SEGURANCA PUBLICA;43;SUBVENCOES SOCIAIS;1;SUBVENCOES SOCIAIS;10;RECURSOS ORDINARIOS - RECURSOS NAO VINCULADOS DE IMPOSTOS;86954,0;86954,0;86954,0
9327411;488;2024-04-08 00:00:00;PM TAPIRAI;20.920.625/0001-89;1261;SEE;SECRETARIA DE ESTADO DE EDUCACAO;42;AUXILIOS;1;AUXILIOS;10;RECURSOS ORDINARIOS - RECURSOS NAO VINCULADOS DE IMPOSTOS;1363400,0;1363400,0;1363400,0
9327413;506;2024-04-15 00:00:00;PM JOSENOPOLIS;01.612.503/0001-80;1261;SEE;SECRETARIA DE ESTADO DE EDUCACAO;42;AUXILIOS;1;AUXILIOS;10;RECURSOS ORDINARIOS - RECURSOS NAO VINCULADOS DE IMPOSTOS;514000,0;514000,0;514000,0
9327442;669;2024-06-18 00:00:00;PM CORINTO;17.695.016/0001-69;1261;SEE;SECRETARIA DE ESTADO DE EDUCACAO;42;AUXILIOS;1;AUXILIOS;10;RECURSOS ORDINARIOS - RECURSOS NAO VINCULADOS DE IMPOSTOS;1265000,0;1265000,0;1265000,0
9327529;17;2024-04-11 00:00:00;ASSOCIACAO PONTO CULTURAL;05.768.787/0001-50;1451;SEJUSP;SECRETARIA DE ESTADO DE JUSTICA E SEGURANCA PUBLICA;43;SUBVENCOES SOCIAIS;1;SUBVENCOES SOCIAIS;10;RECURSOS ORDINARIOS - RECURSOS NAO VINCULADOS DE IMPOSTOS;78500,0;78500,0;78500,0
9327529;77;2024-10-03 00:00:00;ASSOCIACAO PONTO CULTURAL;05.768.787/0001-50;1451;SEJUSP;SECRETARIA DE ESTADO DE JUSTICA E SEGURANCA PUBLICA;43;SUBVENCOES SOCIAIS;1;SUBVENCOES SOCIAIS;10;RECURSOS ORDINARIOS - RECURSOS NAO VINCULADOS DE IMPOSTOS;78500,0;78500,0;78500,0
9332226;537;2024-04-26 00:00:00;PM SAO GERALDO DO BAIXIO;01.613.075/0001-00;1261;SEE;SECRETARIA DE ESTADO DE EDUCACAO;42;AUXILIOS;1;AUXILIOS;10;RECURSOS ORDINARIOS - RECURSOS NAO VINCULADOS DE IMPOSTOS;514000,0;514000,0;514000,0
9333356;1008;2024-12-18 00:00:00;PM OLIVEIRA FORTES;17.747.957/0001-07;1261;SEE;SECRETARIA DE ESTADO DE EDUCACAO;42;AUXILIOS;1;AUXILIOS;10;RECURSOS ORDINARIOS - RECURSOS NAO VINCULADOS DE IMPOSTOS;70000,0;70000,0;70000,0
9334440;421;2024-03-15 00:00:00;PM PAIVA;17.747.965/0001-45;1261;SEE;SECRETARIA DE ESTADO DE EDUCACAO;42;AUXILIOS;1;AUXILIOS;10;RECURSOS ORDINARIOS - RECURSOS NAO VINCULADOS DE IMPOSTOS;318000,0;318000,0;318000,0
9340142;2559;2024-12-05 00:00:00;PM ILICINEA;18.239.608/0001-39;1261;SEE;SECRETARIA DE ESTADO DE EDUCACAO;42;AUXILIOS;1;AUXILIOS;10;RECURSOS ORDINARIOS - RECURSOS NAO VINCULADOS DE IMPOSTOS;61162,36;61162,36;61162,36
9342371;570;2024-05-08 00:00:00;PM ITAVERAVA;19.718.386/0001-08;1261;SEE;SECRETARIA DE ESTADO DE EDUCACAO;42;AUXILIOS;1;AUXILIOS;10;RECURSOS ORDINARIOS - RECURSOS NAO VINCULADOS DE IMPOSTOS;200000,0;200000,0;200000,0
9342415;447;2024-03-26 00:00:00;PM NOVA BELEM;01.613.169/0001-80;1261;SEE;SECRETARIA DE ESTADO DE EDUCACAO;42;AUXILIOS;1;AUXILIOS;10;RECURSOS ORDINARIOS - RECURSOS NAO VINCULADOS DE IMPOSTOS;1158300,0;1158300,0;1158300,0
9342451;495;2024-04-10 00:00:00;PM LAGOA DOS PATOS;16.901.381/0001-10;1261;SEE;SECRETARIA DE ESTADO DE EDUCACAO;42;AUXILIOS;1;AUXILIOS;10;RECURSOS ORDINARIOS - RECURSOS NAO VINCULADOS DE IMPOSTOS;200000,0;200000,0;200000,0
9342453;423;2024-03-19 00:00:00;PM SANTA FE DE MINAS;18.279.075/0001-19;1261;SEE;SECRETARIA DE ESTADO DE EDUCACAO;42;AUXILIOS;1;AUXILIOS;10;RECURSOS ORDINARIOS - RECURSOS NAO VINCULADOS DE IMPOSTOS;417047,74;417047,74;417047,74
9342458;1211;2024-04-18 00:00:00;PM PIEDADE DOS GERAIS;18.363.960/0001-81;1261;SEE;SECRETARIA DE ESTADO DE EDUCACAO;42;AUXILIOS;1;AUXILIOS;10;RECURSOS ORDINARIOS - RECURSOS NAO VINCULADOS DE IMPOSTOS;3837500,0;1918750,0;1918750,0
9342461;1214;2024-04-26 00:00:00;PM UBA;18.128.207/0001-01;1261;SEE;SECRETARIA DE ESTADO DE EDUCACAO;42;AUXILIOS;1;AUXILIOS;10;RECURSOS ORDINARIOS - RECURSOS NAO VINCULADOS DE IMPOSTOS;3974061,74;1987000,0;0,0
9342891;422;2024-03-18 00:00:00;PM SAO SEBASTIAO DA BELA VISTA;17.935.370/0001-13;1261;SEE;SECRETARIA DE ESTADO DE EDUCACAO;42;AUXILIOS;1;AUXILIOS;10;RECURSOS ORDINARIOS - RECURSOS NAO VINCULADOS DE IMPOSTOS;427000,0;427000,0;427000,0
9342894;910;2024-10-15 00:00:00;PM ITABIRITO;18.307.835/0001-54;1261;SEE;SECRETARIA DE ESTADO DE EDUCACAO;42;AUXILIOS;1;AUXILIOS;10;RECURSOS ORDINARIOS - RECURSOS NAO VINCULADOS DE IMPOSTOS;100000,0;100000,0;100000,0
9342948;3;2024-03-04 00:00:00;APAC DE ALMENARA;27.969.868/0001-50;1451;SEJUSP;SECRETARIA DE ESTADO DE JUSTICA E SEGURANCA PUBLICA;43;SUBVENCOES SOCIAIS;1;SUBVENCOES SOCIAIS;10;RECURSOS ORDINARIOS - RECURSOS NAO VINCULADOS DE IMPOSTOS;1677003,54;1677003,54;1677003,54
9344217;85;2024-09-05 00:00:00;INSTITUTO EDUCACAO E CIDADANIA;07.423.378/0001-47;1481;SEDESE;SECRETARIA DE ESTADO DE DESENVOLVIMENTO SOCIAL;43;SUBVENCOES SOCIAIS;1;SUBVENCOES SOCIAIS;71;RECURSOS DO FUNDO ESTADUAL DE ERRADICACAO DA MISERIA;500000,0;500000,0;500000,0
9344219;84;2024-09-05 00:00:00;ASSOCIACAO DOS ASSENTADOS FAMILIAR DO ASSENTAMENTO 1 DO SUL DE CAMPO D;02.046.165/0001-20;1481;SEDESE;SECRETARIA DE ESTADO DE DESENVOLVIMENTO SOCIAL;43;SUBVENCOES SOCIAIS;1;SUBVENCOES SOCIAIS;71;RECURSOS DO FUNDO ESTADUAL DE ERRADICACAO DA MISERIA;500000,0;500000,0;500000,0
9344779;81;2024-09-02 00:00:00;ASSOCIACAO DOS BAIRROS DE TEOFILO OTONI;21.297.064/0001-76;1481;SEDESE;SECRETARIA DE ESTADO DE DESENVOLVIMENTO SOCIAL;43;SUBVENCOES SOCIAIS;1;SUBVENCOES SOCIAIS;71;RECURSOS DO FUNDO ESTADUAL DE ERRADICACAO DA MISERIA;500000,0;500000,0;500000,0
9344783;78;2024-08-30 00:00:00;CARITAS BRASILEIRA;33.654.419/0008-92;1481;SEDESE;SECRETARIA DE ESTADO DE DESENVOLVIMENTO SOCIAL;43;SUBVENCOES SOCIAIS;1;SUBVENCOES SOCIAIS;71;RECURSOS DO FUNDO ESTADUAL DE ERRADICACAO DA MISERIA;0,0;0,0;0,0
9344783;79;2024-08-30 00:00:00;CARITAS BRASILEIRA;33.654.419/0008-92;1481;SEDESE;SECRETARIA DE ESTADO DE DESENVOLVIMENTO SOCIAL;43;SUBVENCOES SOCIAIS;1;SUBVENCOES SOCIAIS;71;RECURSOS DO FUNDO ESTADUAL DE ERRADICACAO DA MISERIA;250000,0;250000,0;250000,0
9344783;80;2024-09-02 00:00:00;CARITAS BRASILEIRA;33.654.419/0008-92;1481;SEDESE;SECRETARIA DE ESTADO DE DESENVOLVIMENTO SOCIAL;43;SUBVENCOES SOCIAIS;1;SUBVENCOES SOCIAIS;71;RECURSOS DO FUNDO ESTADUAL DE ERRADICACAO DA MISERIA;250000,0;250000,0;250000,0
9346138;22;2024-04-19 00:00:00;AAMAR SANTANA DO PARAISO - VALE DO ACO;07.713.494/0001-09;1451;SEJUSP;SECRETARIA DE ESTADO DE JUSTICA E SEGURANCA PUBLICA;43;SUBVENCOES SOCIAIS;1;SUBVENCOES SOCIAIS;10;RECURSOS ORDINARIOS - RECURSOS NAO VINCULADOS DE IMPOSTOS;86954,0;86954,0;86954,0
9346138;80;2024-10-04 00:00:00;AAMAR SANTANA DO PARAISO - VALE DO ACO;07.713.494/0001-09;1451;SEJUSP;SECRETARIA DE ESTADO DE JUSTICA E SEGURANCA PUBLICA;43;SUBVENCOES SOCIAIS;1;SUBVENCOES SOCIAIS;10;RECURSOS ORDINARIOS - RECURSOS NAO VINCULADOS DE IMPOSTOS;69491,91;69491,91;69491,91
9346141;18;2024-04-16 00:00:00;CASA VIDA VIVA;22.498.999/0001-83;1451;SEJUSP;SECRETARIA DE ESTADO DE JUSTICA E SEGURANCA PUBLICA;43;SUBVENCOES SOCIAIS;1;SUBVENCOES SOCIAIS;10;RECURSOS ORDINARIOS - RECURSOS NAO VINCULADOS DE IMPOSTOS;86954,0;86954,0;86954,0
9346141;127;2024-10-30 00:00:00;CASA VIDA VIVA;22.498.999/0001-83;1451;SEJUSP;SECRETARIA DE ESTADO DE JUSTICA E SEGURANCA PUBLICA;43;SUBVENCOES SOCIAIS;1;SUBVENCOES SOCIAIS;10;RECURSOS ORDINARIOS - RECURSOS NAO VINCULADOS DE IMPOSTOS;100399,01;100399,01;100399,01
9346142;20;2024-04-17 00:00:00;ASSOCIACAO DE ACOLHIMENTO AOS DEPENDENTES QUIMICOS E FAMILIARES - ADQF;07.856.329/0001-06;1451;SEJUSP;SECRETARIA DE ESTADO DE JUSTICA E SEGURANCA PUBLICA;43;SUBVENCOES SOCIAIS;1;SUBVENCOES SOCIAIS;10;RECURSOS ORDINARIOS - RECURSOS NAO VINCULADOS DE IMPOSTOS;86953,98;86953,98;86953,98
9346142;83;2024-10-04 00:00:00;ASSOCIACAO DE ACOLHIMENTO AOS DEPENDENTES QUIMICOS E FAMILIARES - ADQF;07.856.329/0001-06;1451;SEJUSP;SECRETARIA DE ESTADO DE JUSTICA E SEGURANCA PUBLICA;43;SUBVENCOES SOCIAIS;1;SUBVENCOES SOCIAIS;10;RECURSOS ORDINARIOS - RECURSOS NAO VINCULADOS DE IMPOSTOS;104812,43;104812,43;104812,43
9346143;23;2024-04-23 00:00:00;INSTITUTO PEDAGOGICO TERRA SANTA;10.190.408/0001-27;1451;SEJUSP;SECRETARIA DE ESTADO DE JUSTICA E SEGURANCA PUBLICA;43;SUBVENCOES SOCIAIS;1;SUBVENCOES SOCIAIS;10;RECURSOS ORDINARIOS - RECURSOS NAO VINCULADOS DE IMPOSTOS;78499,97;78499,97;78499,97
9346143;81;2024-10-04 00:00:00;INSTITUTO PEDAGOGICO TERRA SANTA;10.190.408/0001-27;1451;SEJUSP;SECRETARIA DE ESTADO DE JUSTICA E SEGURANCA PUBLICA;43;SUBVENCOES SOCIAIS;1;SUBVENCOES SOCIAIS;10;RECURSOS ORDINARIOS - RECURSOS NAO VINCULADOS DE IMPOSTOS;81619,26;81619,26;81619,26
9346144;21;2024-04-18 00:00:00;ASSOCIACAO DA DIVINA MISERICORDIA;06.118.216/0001-32;1451;SEJUSP;SECRETARIA DE ESTADO DE JUSTICA E SEGURANCA PUBLICA;43;SUBVENCOES SOCIAIS;1;SUBVENCOES SOCIAIS;10;RECURSOS ORDINARIOS - RECURSOS NAO VINCULADOS DE IMPOSTOS;78483,55;78483,55;78483,55
9346144;82;2024-10-04 00:00:00;ASSOCIACAO DA DIVINA MISERICORDIA;06.118.216/0001-32;1451;SEJUSP;SECRETARIA DE ESTADO DE JUSTICA E SEGURANCA PUBLICA;43;SUBVENCOES SOCIAIS;1;SUBVENCOES SOCIAIS;10;RECURSOS ORDINARIOS - RECURSOS NAO VINCULADOS DE IMPOSTOS;98479,68;98479,68;98479,68
9346145;19;2024-04-16 00:00:00;INSTITUTO HERDAR;09.047.452/0001-01;1451;SEJUSP;SECRETARIA DE ESTADO DE JUSTICA E SEGURANCA PUBLICA;43;SUBVENCOES SOCIAIS;1;SUBVENCOES SOCIAIS;10;RECURSOS ORDINARIOS - RECURSOS NAO VINCULADOS DE IMPOSTOS;78499,31;78499,31;78499,31
9346145;78;2024-10-03 00:00:00;INSTITUTO HERDAR;09.047.452/0001-01;1451;SEJUSP;SECRETARIA DE ESTADO DE JUSTICA E SEGURANCA PUBLICA;43;SUBVENCOES SOCIAIS;1;SUBVENCOES SOCIAIS;10;RECURSOS ORDINARIOS - RECURSOS NAO VINCULADOS DE IMPOSTOS;68238,3;68238,3;68238,3
9346146;24;2024-04-29 00:00:00;INSTITUTO JURIDICO PARA EFETIVACAO DA CIDADANIA - MINAS GERAIS IJUCI/M;03.893.350/0001-12;1451;SEJUSP;SECRETARIA DE ESTADO DE JUSTICA E SEGURANCA PUBLICA;43;SUBVENCOES SOCIAIS;1;SUBVENCOES SOCIAIS;10;RECURSOS ORDINARIOS - RECURSOS NAO VINCULADOS DE IMPOSTOS;78499,67;78499,67;78499,67
9346146;79;2024-10-04 00:00:00;INSTITUTO JURIDICO PARA EFETIVACAO DA CIDADANIA - MINAS GERAIS IJUCI/M;03.893.350/0001-12;1451;SEJUSP;SECRETARIA DE ESTADO DE JUSTICA E SEGURANCA PUBLICA;43;SUBVENCOES SOCIAIS;1;SUBVENCOES SOCIAIS;10;RECURSOS ORDINARIOS - RECURSOS NAO VINCULADOS DE IMPOSTOS;79335,69;79335,69;79335,69
9369483;814;2024-06-11 00:00:00;PM GUAPE;18.239.616/0001-85;1261;SEE;SECRETARIA DE ESTADO DE EDUCACAO;42;AUXILIOS;1;AUXILIOS;10;RECURSOS ORDINARIOS - RECURSOS NAO VINCULADOS DE IMPOSTOS;985000,0;985000,0;985000,0
9369505;9;2024-03-04 00:00:00;ASSOC. DE PROT. E ASSIST. A CONDENADA DE CONS. LAFAIETE FEM.;26.397.050/0001-48;1451;SEJUSP;SECRETARIA DE ESTADO DE JUSTICA E SEGURANCA PUBLICA;43;SUBVENCOES SOCIAIS;1;SUBVENCOES SOCIAIS;10;RECURSOS ORDINARIOS - RECURSOS NAO VINCULADOS DE IMPOSTOS;1386152,14;1386152,14;1386152,14
9370690;50;2024-04-16 00:00:00;APAC BETIM;12.267.378/0001-35;1451;SEJUSP;SECRETARIA DE ESTADO DE JUSTICA E SEGURANCA PUBLICA;43;SUBVENCOES SOCIAIS;1;SUBVENCOES SOCIAIS;10;RECURSOS ORDINARIOS - RECURSOS NAO VINCULADOS DE IMPOSTOS;3661634,54;3661634,54;3661634,54
9370851;16;2024-02-22 00:00:00;PM VEREDINHA;01.614.685/0001-29;1261;SEE;SECRETARIA DE ESTADO DE EDUCACAO;42;AUXILIOS;1;AUXILIOS;10;RECURSOS ORDINARIOS - RECURSOS NAO VINCULADOS DE IMPOSTOS;2250000,0;2250000,0;2250000,0
9371403;620;2024-07-05 00:00:00;PM UBAPORANGA;66.229.717/0001-18;1301;SEINFRA;SECRETARIA DE ESTADO DE INFRAESTRUTURA, MOBILIDADE E PARCERIAS;42;AUXILIOS;1;AUXILIOS;15;RECURSOS ORDINARIOS - OUTROS RECURSOS NAO VINCULADOS;1088405,05;1088405,05;1088405,05
9371468;615;2024-05-29 00:00:00;PM SANTO ANTONIO DO MONTE;16.870.974/0001-66;1261;SEE;SECRETARIA DE ESTADO DE EDUCACAO;42;AUXILIOS;1;AUXILIOS;10;RECURSOS ORDINARIOS - RECURSOS NAO VINCULADOS DE IMPOSTOS;100000,0;100000,0;100000,0
9371982;1251;2024-05-13 00:00:00;PM CARMESIA;18.303.172/0001-08;1261;SEE;SECRETARIA DE ESTADO DE EDUCACAO;42;AUXILIOS;1;AUXILIOS;10;RECURSOS ORDINARIOS - RECURSOS NAO VINCULADOS DE IMPOSTOS;4019136,4;4019136,4;4019136,4
9372056;258;2024-05-15 00:00:00;PM PATROCINIO;18.468.033/0001-26;1261;SEE;SECRETARIA DE ESTADO DE EDUCACAO;42;AUXILIOS;1;AUXILIOS;10;RECURSOS ORDINARIOS - RECURSOS NAO VINCULADOS DE IMPOSTOS;1491828,03;1491828,03;1491828,03
9374668;22;2024-03-04 00:00:00;APAC DE NEPOMUCENO;33.266.010/0001-22;1451;SEJUSP;SECRETARIA DE ESTADO DE JUSTICA E SEGURANCA PUBLICA;43;SUBVENCOES SOCIAIS;1;SUBVENCOES SOCIAIS;10;RECURSOS ORDINARIOS - RECURSOS NAO VINCULADOS DE IMPOSTOS;1056517,44;1056517,44;1056517,44
9383298;54;2024-04-16 00:00:00;APAC DE VARGINHA;20.392.940/0001-80;1451;SEJUSP;SECRETARIA DE ESTADO DE JUSTICA E SEGURANCA PUBLICA;43;SUBVENCOES SOCIAIS;1;SUBVENCOES SOCIAIS;10;RECURSOS ORDINARIOS - RECURSOS NAO VINCULADOS DE IMPOSTOS;928006,31;928006,31;928006,31
9383387;53;2024-04-16 00:00:00;APAC MANHUMIRIM;08.793.992/0001-63;1451;SEJUSP;SECRETARIA DE ESTADO DE JUSTICA E SEGURANCA PUBLICA;43;SUBVENCOES SOCIAIS;1;SUBVENCOES SOCIAIS;10;RECURSOS ORDINARIOS - RECURSOS NAO VINCULADOS DE IMPOSTOS;1694997,91;1694997,91;1694997,91
9383388;51;2024-04-16 00:00:00;APAC DE DIVINOPOLIS;23.765.068/0001-67;1451;SEJUSP;SECRETARIA DE ESTADO DE JUSTICA E SEGURANCA PUBLICA;43;SUBVENCOES SOCIAIS;1;SUBVENCOES SOCIAIS;10;RECURSOS ORDINARIOS - RECURSOS NAO VINCULADOS DE IMPOSTOS;1440475,95;1440475,95;1440475,95
9385560;52;2024-04-16 00:00:00;APAC DE ITABIRA;07.412.104/0001-52;1451;SEJUSP;SECRETARIA DE ESTADO DE JUSTICA E SEGURANCA PUBLICA;43;SUBVENCOES SOCIAIS;1;SUBVENCOES SOCIAIS;10;RECURSOS ORDINARIOS - RECURSOS NAO VINCULADOS DE IMPOSTOS;1455384,32;1455384,32;1455384,32
9386210;15;2024-03-04 00:00:00;APAC ITABIRITO;07.329.062/0001-90;1451;SEJUSP;SECRETARIA DE ESTADO DE JUSTICA E SEGURANCA PUBLICA;43;SUBVENCOES SOCIAIS;1;SUBVENCOES SOCIAIS;10;RECURSOS ORDINARIOS - RECURSOS NAO VINCULADOS DE IMPOSTOS;1269976,28;1269976,28;1269976,28
9388705;600;2024-05-22 00:00:00;PM SENADOR MODESTINO GONCALVES;17.754.110/0001-41;1261;SEE;SECRETARIA DE ESTADO DE EDUCACAO;42;AUXILIOS;1;AUXILIOS;10;RECURSOS ORDINARIOS - RECURSOS NAO VINCULADOS DE IMPOSTOS;832000,0;832000,0;832000,0
9388860;1007;2024-12-18 00:00:00;PM PEDRA DOURADA;18.114.215/0001-07;1261;SEE;SECRETARIA DE ESTADO DE EDUCACAO;42;AUXILIOS;1;AUXILIOS;10;RECURSOS ORDINARIOS - RECURSOS NAO VINCULADOS DE IMPOSTOS;520000,0;520000,0;520000,0
9389176;782;2024-07-04 00:00:00;PM LAGOA FORMOSA;18.602.078/0001-41;1261;SEE;SECRETARIA DE ESTADO DE EDUCACAO;42;AUXILIOS;1;AUXILIOS;21;COTA ESTADUAL DO SALARIO EDUCACAO - QESE;318000,0;318000,0;318000,0
9389177;561;2024-05-02 00:00:00;PM ESTRELA DO SUL;18.592.162/0001-21;1261;SEE;SECRETARIA DE ESTADO DE EDUCACAO;42;AUXILIOS;1;AUXILIOS;10;RECURSOS ORDINARIOS - RECURSOS NAO VINCULADOS DE IMPOSTOS;427000,0;427000,0;427000,0
9389497;377;2024-06-18 00:00:00;ASSOCACAO PARCERIA DE JUIZ DE FORA;09.442.308/0001-61;1371;SEMAD;SECRETARIA DE ESTADO DE MEIO AMBIENTE E DESENVOLVIMENTO SUSTENTAVEL;41;CONTRIBUICOES;1;CONTRIBUICOES;10;RECURSOS ORDINARIOS - RECURSOS NAO VINCULADOS DE IMPOSTOS;5839950,06;5839950,06;5839950,06
9390147;59;2024-07-03 00:00:00;APAC GUANHAES;17.019.851/0001-89;1451;SEJUSP;SECRETARIA DE ESTADO DE JUSTICA E SEGURANCA PUBLICA;43;SUBVENCOES SOCIAIS;1;SUBVENCOES SOCIAIS;10;RECURSOS ORDINARIOS - RECURSOS NAO VINCULADOS DE IMPOSTOS;994226,54;994226,54;994226,54
9390284;46;2024-03-14 00:00:00;APAC CONCEICAO DAS ALAGOAS;31.983.255/0001-45;1451;SEJUSP;SECRETARIA DE ESTADO DE JUSTICA E SEGURANCA PUBLICA;43;SUBVENCOES SOCIAIS;1;SUBVENCOES SOCIAIS;10;RECURSOS ORDINARIOS - RECURSOS NAO VINCULADOS DE IMPOSTOS;1922201,1;1420241,74;1420241,74
9390330;47;2024-03-14 00:00:00;APAC VISCONDE DO RIO BRANCO;30.471.573/0001-64;1451;SEJUSP;SECRETARIA DE ESTADO DE JUSTICA E SEGURANCA PUBLICA;43;SUBVENCOES SOCIAIS;1;SUBVENCOES SOCIAIS;10;RECURSOS ORDINARIOS - RECURSOS NAO VINCULADOS DE IMPOSTOS;1674304,45;1674304,45;1674304,45
9396689;1034;2024-04-05 00:00:00;ASSOCIACAO DE PAIS E AMIGOS DOS EXCEPCIONAIS;20.288.940/0001-35;4251;FEAS;FUNDO ESTADUAL DE ASSISTENCIA SOCIAL;43;SUBVENCOES SOCIAIS;1;SUBVENCOES SOCIAIS;71;RECURSOS DO FUNDO ESTADUAL DE ERRADICACAO DA MISERIA;98718,23;98718,23;98718,23
9396689;1590;2024-10-17 00:00:00;ASSOCIACAO DE PAIS E AMIGOS DOS EXCEPCIONAIS;20.288.940/0001-35;4251;FEAS;FUNDO ESTADUAL DE ASSISTENCIA SOCIAL;43;SUBVENCOES SOCIAIS;1;SUBVENCOES SOCIAIS;71;RECURSOS DO FUNDO ESTADUAL DE ERRADICACAO DA MISERIA;105233,63;105233,63;105233,63
9396776;1048;2024-04-05 00:00:00;ASS DE PAIS E AMIGOS DOS EXCEPCIONAIS DE PARA DE MINAS;18.416.891/0001-27;4251;FEAS;FUNDO ESTADUAL DE ASSISTENCIA SOCIAL;43;SUBVENCOES SOCIAIS;1;SUBVENCOES SOCIAIS;71;RECURSOS DO FUNDO ESTADUAL DE ERRADICACAO DA MISERIA;84615,63;84615,63;84615,63
9396776;1605;2024-10-17 00:00:00;ASS DE PAIS E AMIGOS DOS EXCEPCIONAIS DE PARA DE MINAS;18.416.891/0001-27;4251;FEAS;FUNDO ESTADUAL DE ASSISTENCIA SOCIAL;43;SUBVENCOES SOCIAIS;1;SUBVENCOES SOCIAIS;71;RECURSOS DO FUNDO ESTADUAL DE ERRADICACAO DA MISERIA;90200,26;90200,26;90200,26
9396777;1041;2024-04-05 00:00:00;INSTITUTO SANTA MONICA;16.813.263/0001-50;4251;FEAS;FUNDO ESTADUAL DE ASSISTENCIA SOCIAL;43;SUBVENCOES SOCIAIS;1;SUBVENCOES SOCIAIS;71;RECURSOS DO FUNDO ESTADUAL DE ERRADICACAO DA MISERIA;225641,67;225641,67;225641,67
9396777;1598;2024-10-17 00:00:00;INSTITUTO SANTA MONICA;16.813.263/0001-50;4251;FEAS;FUNDO ESTADUAL DE ASSISTENCIA SOCIAL;43;SUBVENCOES SOCIAIS;1;SUBVENCOES SOCIAIS;71;RECURSOS DO FUNDO ESTADUAL DE ERRADICACAO DA MISERIA;240534,02;240534,02;240534,02
9396778;1042;2024-04-05 00:00:00;AASOCIACAO DE PAIS E AMIGOS DOS EXCEPCIONAIS DE LAGOA DA PRATA;20.897.203/0001-30;4251;FEAS;FUNDO ESTADUAL DE ASSISTENCIA SOCIAL;43;SUBVENCOES SOCIAIS;1;SUBVENCOES SOCIAIS;71;RECURSOS DO FUNDO ESTADUAL DE ERRADICACAO DA MISERIA;211539,07;211539,07;211539,07
9396778;1599;2024-10-17 00:00:00;AASOCIACAO DE PAIS E AMIGOS DOS EXCEPCIONAIS DE LAGOA DA PRATA;20.897.203/0001-30;4251;FEAS;FUNDO ESTADUAL DE ASSISTENCIA SOCIAL;43;SUBVENCOES SOCIAIS;1;SUBVENCOES SOCIAIS;71;RECURSOS DO FUNDO ESTADUAL DE ERRADICACAO DA MISERIA;225500,64;225500,64;225500,64
9396785;1040;2024-04-05 00:00:00;ASSOCIACAO DE PAIS E AMIGOS DOS EXCEPCIONAIS - APAE;17.862.038/0001-76;4251;FEAS;FUNDO ESTADUAL DE ASSISTENCIA SOCIAL;43;SUBVENCOES SOCIAIS;1;SUBVENCOES SOCIAIS;71;RECURSOS DO FUNDO ESTADUAL DE ERRADICACAO DA MISERIA;197436,46;197436,46;197436,46
9396785;1597;2024-10-17 00:00:00;ASSOCIACAO DE PAIS E AMIGOS DOS EXCEPCIONAIS - APAE;17.862.038/0001-76;4251;FEAS;FUNDO ESTADUAL DE ASSISTENCIA SOCIAL;43;SUBVENCOES SOCIAIS;1;SUBVENCOES SOCIAIS;71;RECURSOS DO FUNDO ESTADUAL DE ERRADICACAO DA MISERIA;210467,27;210467,27;210467,27
9396786;1047;2024-04-05 00:00:00;ASSOCIACAO DE PAIS E AMIGOS DOS EXCEPCIONAIS DE NEPOMUCENO;19.016.211/0001-40;4251;FEAS;FUNDO ESTADUAL DE ASSISTENCIA SOCIAL;43;SUBVENCOES SOCIAIS;1;SUBVENCOES SOCIAIS;71;RECURSOS DO FUNDO ESTADUAL DE ERRADICACAO DA MISERIA;84615,63;84615,63;84615,63
9396786;1604;2024-10-17 00:00:00;ASSOCIACAO DE PAIS E AMIGOS DOS EXCEPCIONAIS DE NEPOMUCENO;19.016.211/0001-40;4251;FEAS;FUNDO ESTADUAL DE ASSISTENCIA SOCIAL;43;SUBVENCOES SOCIAIS;1;SUBVENCOES SOCIAIS;71;RECURSOS DO FUNDO ESTADUAL DE ERRADICACAO DA MISERIA;90200,26;90200,26;90200,26
9396804;1037;2024-04-05 00:00:00;ASSOCIACAO DOS PAIS E AMIGOS DOS EXCEPCIONAIS;00.298.396/0001-03;4251;FEAS;FUNDO ESTADUAL DE ASSISTENCIA SOCIAL;43;SUBVENCOES SOCIAIS;1;SUBVENCOES SOCIAIS;71;RECURSOS DO FUNDO ESTADUAL DE ERRADICACAO DA MISERIA;225641,67;225641,67;225641,67
9396804;1593;2024-10-17 00:00:00;ASSOCIACAO DOS PAIS E AMIGOS DOS EXCEPCIONAIS;00.298.396/0001-03;4251;FEAS;FUNDO ESTADUAL DE ASSISTENCIA SOCIAL;43;SUBVENCOES SOCIAIS;1;SUBVENCOES SOCIAIS;71;RECURSOS DO FUNDO ESTADUAL DE ERRADICACAO DA MISERIA;240534,02;240534,02;240534,02
9396805;1046;2024-04-05 00:00:00;APAE ASSOCIACAO DE PAIS E AMIGOS DE EXCEPCIONAIS DE MONTES CLAROS;21.353.925/0001-96;4251;FEAS;FUNDO ESTADUAL DE ASSISTENCIA SOCIAL;43;SUBVENCOES SOCIAIS;1;SUBVENCOES SOCIAIS;71;RECURSOS DO FUNDO ESTADUAL DE ERRADICACAO DA MISERIA;141026,04;141026,04;141026,04
9396805;1603;2024-10-17 00:00:00;APAE ASSOCIACAO DE PAIS E AMIGOS DE EXCEPCIONAIS DE MONTES CLAROS;21.353.925/0001-96;4251;FEAS;FUNDO ESTADUAL DE ASSISTENCIA SOCIAL;43;SUBVENCOES SOCIAIS;1;SUBVENCOES SOCIAIS;71;RECURSOS DO FUNDO ESTADUAL DE ERRADICACAO DA MISERIA;150333,76;150333,76;150333,76
9396808;1035;2024-04-05 00:00:00;ASSOCIACAO DE PAIS E AMIGOS DOS EXCEPCIONAIS DE BELO HORIZONTE - APAE;18.216.366/0001-68;4251;FEAS;FUNDO ESTADUAL DE ASSISTENCIA SOCIAL;43;SUBVENCOES SOCIAIS;1;SUBVENCOES SOCIAIS;71;RECURSOS DO FUNDO ESTADUAL DE ERRADICACAO DA MISERIA;705130,22;705130,22;705130,22
9396808;1591;2024-10-17 00:00:00;ASSOCIACAO DE PAIS E AMIGOS DOS EXCEPCIONAIS DE BELO HORIZONTE - APAE;18.216.366/0001-68;4251;FEAS;FUNDO ESTADUAL DE ASSISTENCIA SOCIAL;43;SUBVENCOES SOCIAIS;1;SUBVENCOES SOCIAIS;71;RECURSOS DO FUNDO ESTADUAL DE ERRADICACAO DA MISERIA;856902,45;856902,45;856902,45
9396809;1044;2024-04-05 00:00:00;ASSOC PAIS E AMIGOS DOS EXCEPCIONAIS;20.900.981/0001-30;4251;FEAS;FUNDO ESTADUAL DE ASSISTENCIA SOCIAL;43;SUBVENCOES SOCIAIS;1;SUBVENCOES SOCIAIS;71;RECURSOS DO FUNDO ESTADUAL DE ERRADICACAO DA MISERIA;84615,63;84615,63;84615,63
9396809;1601;2024-10-17 00:00:00;ASSOC PAIS E AMIGOS DOS EXCEPCIONAIS;20.900.981/0001-30;4251;FEAS;FUNDO ESTADUAL DE ASSISTENCIA SOCIAL;43;SUBVENCOES SOCIAIS;1;SUBVENCOES SOCIAIS;71;RECURSOS DO FUNDO ESTADUAL DE ERRADICACAO DA MISERIA;90200,26;90200,26;90200,26
9396810;1051;2024-04-05 00:00:00;ASSOCIACAO DE PAIS E AMIGOS DOS EXCEPCIONAIS;73.874.646/0001-71;4251;FEAS;FUNDO ESTADUAL DE ASSISTENCIA SOCIAL;43;SUBVENCOES SOCIAIS;1;SUBVENCOES SOCIAIS;71;RECURSOS DO FUNDO ESTADUAL DE ERRADICACAO DA MISERIA;225641,67;225641,67;225641,67
9396810;1608;2024-10-17 00:00:00;ASSOCIACAO DE PAIS E AMIGOS DOS EXCEPCIONAIS;73.874.646/0001-71;4251;FEAS;FUNDO ESTADUAL DE ASSISTENCIA SOCIAL;43;SUBVENCOES SOCIAIS;1;SUBVENCOES SOCIAIS;71;RECURSOS DO FUNDO ESTADUAL DE ERRADICACAO DA MISERIA;240534,02;240534,02;240534,02
9396811;1049;2024-04-05 00:00:00;ASSOCIACAO DE PAIS E AMIGOS DOS EXCEPCIONAIS DE PRADOS;26.118.448/0001-06;4251;FEAS;FUNDO ESTADUAL DE ASSISTENCIA SOCIAL;43;SUBVENCOES SOCIAIS;1;SUBVENCOES SOCIAIS;71;RECURSOS DO FUNDO ESTADUAL DE ERRADICACAO DA MISERIA;98718,23;98718,23;98718,23
9396811;1606;2024-10-17 00:00:00;ASSOCIACAO DE PAIS E AMIGOS DOS EXCEPCIONAIS DE PRADOS;26.118.448/0001-06;4251;FEAS;FUNDO ESTADUAL DE ASSISTENCIA SOCIAL;43;SUBVENCOES SOCIAIS;1;SUBVENCOES SOCIAIS;71;RECURSOS DO FUNDO ESTADUAL DE ERRADICACAO DA MISERIA;105233,63;105233,63;105233,63
9396897;1043;2024-04-05 00:00:00;APAE LAGOA DOURADA;04.448.905/0001-80;4251;FEAS;FUNDO ESTADUAL DE ASSISTENCIA SOCIAL;43;SUBVENCOES SOCIAIS;1;SUBVENCOES SOCIAIS;71;RECURSOS DO FUNDO ESTADUAL DE ERRADICACAO DA MISERIA;112820,83;112820,83;112820,83
9396897;1600;2024-10-17 00:00:00;APAE LAGOA DOURADA;04.448.905/0001-80;4251;FEAS;FUNDO ESTADUAL DE ASSISTENCIA SOCIAL;43;SUBVENCOES SOCIAIS;1;SUBVENCOES SOCIAIS;71;RECURSOS DO FUNDO ESTADUAL DE ERRADICACAO DA MISERIA;120267,01;120267,01;120267,01
9397796;1038;2024-04-05 00:00:00;APAE FRUTAL;20.043.493/0001-54;4251;FEAS;FUNDO ESTADUAL DE ASSISTENCIA SOCIAL;43;SUBVENCOES SOCIAIS;1;SUBVENCOES SOCIAIS;71;RECURSOS DO FUNDO ESTADUAL DE ERRADICACAO DA MISERIA;126923,44;126923,44;126923,44
9397796;1594;2024-10-17 00:00:00;APAE FRUTAL;20.043.493/0001-54;4251;FEAS;FUNDO ESTADUAL DE ASSISTENCIA SOCIAL;43;SUBVENCOES SOCIAIS;1;SUBVENCOES SOCIAIS;71;RECURSOS DO FUNDO ESTADUAL DE ERRADICACAO DA MISERIA;135300,39;135300,39;135300,39
9397799;1039;2024-04-05 00:00:00;ASSOCIACAO DOS PAIS E AMIGOS DOS EXCEPCIONAIS;18.299.354/0001-44;4251;FEAS;FUNDO ESTADUAL DE ASSISTENCIA SOCIAL;43;SUBVENCOES SOCIAIS;1;SUBVENCOES SOCIAIS;71;RECURSOS DO FUNDO ESTADUAL DE ERRADICACAO DA MISERIA;225641,67;225641,67;225641,67
9397799;1595;2024-10-17 00:00:00;ASSOCIACAO DOS PAIS E AMIGOS DOS EXCEPCIONAIS;18.299.354/0001-44;4251;FEAS;FUNDO ESTADUAL DE ASSISTENCIA SOCIAL;43;SUBVENCOES SOCIAIS;1;SUBVENCOES SOCIAIS;71;RECURSOS DO FUNDO ESTADUAL DE ERRADICACAO DA MISERIA;240534,02;240534,02;240534,02
9397843;1045;2024-04-05 00:00:00;ASSOCIACAO DE PAIS E AMIGOS DOS EXCEPCIONAIS;00.662.901/0001-49;4251;FEAS;FUNDO ESTADUAL DE ASSISTENCIA SOCIAL;43;SUBVENCOES SOCIAIS;1;SUBVENCOES SOCIAIS;71;RECURSOS DO FUNDO ESTADUAL DE ERRADICACAO DA MISERIA;141026,04;141026,04;141026,04
9397843;1602;2024-10-17 00:00:00;ASSOCIACAO DE PAIS E AMIGOS DOS EXCEPCIONAIS;00.662.901/0001-49;4251;FEAS;FUNDO ESTADUAL DE ASSISTENCIA SOCIAL;43;SUBVENCOES SOCIAIS;1;SUBVENCOES SOCIAIS;71;RECURSOS DO FUNDO ESTADUAL DE ERRADICACAO DA MISERIA;150333,76;150333,76;150333,76
9397921;1052;2024-04-05 00:00:00;ASSOCIACAO DE PAIS E AMIGOS  DOS EXCEPCIONAIS;86.926.235/0001-24;4251;FEAS;FUNDO ESTADUAL DE ASSISTENCIA SOCIAL;43;SUBVENCOES SOCIAIS;1;SUBVENCOES SOCIAIS;71;RECURSOS DO FUNDO ESTADUAL DE ERRADICACAO DA MISERIA;98718,23;98718,23;98718,23
9397922;1036;2024-04-05 00:00:00;ASSOCOACAO DE PAIS E AMIGOS DOS EXCEPCIONAIS DE CRISTAIS;23.775.059/0001-57;4251;FEAS;FUNDO ESTADUAL DE ASSISTENCIA SOCIAL;43;SUBVENCOES SOCIAIS;1;SUBVENCOES SOCIAIS;71;RECURSOS DO FUNDO ESTADUAL DE ERRADICACAO DA MISERIA;225641,67;225641,67;225641,67
9397922;1592;2024-10-17 00:00:00;ASSOCOACAO DE PAIS E AMIGOS DOS EXCEPCIONAIS DE CRISTAIS;23.775.059/0001-57;4251;FEAS;FUNDO ESTADUAL DE ASSISTENCIA SOCIAL;43;SUBVENCOES SOCIAIS;1;SUBVENCOES SOCIAIS;71;RECURSOS DO FUNDO ESTADUAL DE ERRADICACAO DA MISERIA;240534,02;240534,02;240534,02
9397923;1053;2024-04-05 00:00:00;ASSOCIACAO DE PAIS E AMIGOS DOS EXCEPCIONAIS - APAE;23.098.924/0001-78;4251;FEAS;FUNDO ESTADUAL DE ASSISTENCIA SOCIAL;43;SUBVENCOES SOCIAIS;1;SUBVENCOES SOCIAIS;71;RECURSOS DO FUNDO ESTADUAL DE ERRADICACAO DA MISERIA;197436,46;197436,46;197436,46
9397923;1609;2024-10-17 00:00:00;ASSOCIACAO DE PAIS E AMIGOS DOS EXCEPCIONAIS - APAE;23.098.924/0001-78;4251;FEAS;FUNDO ESTADUAL DE ASSISTENCIA SOCIAL;43;SUBVENCOES SOCIAIS;1;SUBVENCOES SOCIAIS;71;RECURSOS DO FUNDO ESTADUAL DE ERRADICACAO DA MISERIA;210467,27;210467,27;210467,27
9397958;1050;2024-04-05 00:00:00;ASSOCIACAO DE PAIS E AMIGOS DOS EXCEPCIONAIS DE PRATA;18.475.731/0001-59;4251;FEAS;FUNDO ESTADUAL DE ASSISTENCIA SOCIAL;43;SUBVENCOES SOCIAIS;1;SUBVENCOES SOCIAIS;71;RECURSOS DO FUNDO ESTADUAL DE ERRADICACAO DA MISERIA;112820,83;112820,83;112820,83
9397958;1607;2024-10-17 00:00:00;ASSOCIACAO DE PAIS E AMIGOS DOS EXCEPCIONAIS DE PRATA;18.475.731/0001-59;4251;FEAS;FUNDO ESTADUAL DE ASSISTENCIA SOCIAL;43;SUBVENCOES SOCIAIS;1;SUBVENCOES SOCIAIS;71;RECURSOS DO FUNDO ESTADUAL DE ERRADICACAO DA MISERIA;120267,01;120267,01;120267,01
9401708;87;2024-03-14 00:00:00;PM CORINTO;17.695.016/0001-69;1231;SEAPA;SECRETARIA DE ESTADO DE AGRICULTURA, PECUARIA E ABASTECIMENTO;41;CONTRIBUICOES;1;CONTRIBUICOES;15;RECURSOS ORDINARIOS - OUTROS RECURSOS NAO VINCULADOS;3000,0;3000,0;3000,0
9403814;1133;2024-06-13 00:00:00;APAE ITURAMA;23.368.145/0001-45;4251;FEAS;FUNDO ESTADUAL DE ASSISTENCIA SOCIAL;43;SUBVENCOES SOCIAIS;1;SUBVENCOES SOCIAIS;71;RECURSOS DO FUNDO ESTADUAL DE ERRADICACAO DA MISERIA;233087,84;233087,84;233087,84
9405878;1085;2024-03-18 00:00:00;PM PIRAPORA;23.539.463/0001-21;1261;SEE;SECRETARIA DE ESTADO DE EDUCACAO;42;AUXILIOS;1;AUXILIOS;10;RECURSOS ORDINARIOS - RECURSOS NAO VINCULADOS DE IMPOSTOS;1500000,0;1500000,0;1500000,0
9405878;1215;2024-04-26 00:00:00;PM PIRAPORA;23.539.463/0001-21;1261;SEE;SECRETARIA DE ESTADO DE EDUCACAO;42;AUXILIOS;1;AUXILIOS;10;RECURSOS ORDINARIOS - RECURSOS NAO VINCULADOS DE IMPOSTOS;1459840,09;1459840,09;0,0
9405934;828;2024-12-30 00:00:00;CONSORCIO INTERMUNICIPAL MULTIFINALITARIO PARA O DESENVOLVIMENTO AMBIE;19.193.527/0001-08;1371;SEMAD;SECRETARIA DE ESTADO DE MEIO AMBIENTE E DESENVOLVIMENTO SUSTENTAVEL;41;CONTRIBUICOES;1;CONTRIBUICOES;10;RECURSOS ORDINARIOS - RECURSOS NAO VINCULADOS DE IMPOSTOS;200000,0;200000,0;0,0
9406319;11;2024-03-04 00:00:00;ASSOCIACAO DE PROTECAO E ASSISTENCIA AOS CONDENADOS - FRUTAL/MG;07.409.988/0001-96;1451;SEJUSP;SECRETARIA DE ESTADO DE JUSTICA E SEGURANCA PUBLICA;43;SUBVENCOES SOCIAIS;1;SUBVENCOES SOCIAIS;10;RECURSOS ORDINARIOS - RECURSOS NAO VINCULADOS DE IMPOSTOS;1672588,64;1672588,64;1672588,64
9406412;239;2024-07-15 00:00:00;COMPANHIA DE SANEAMENTO DE MINAS GERAIS COPASA MG;17.281.106/0001-03;1221;SEDE;SECRETARIA DE ESTADO DE DESENVOLVIMENTO ECONOMICO;41;CONTRIBUICOES;1;CONTRIBUICOES;95;RECURSOS RECEBIDOS POR DANOS ADVINDOS DE DESASTRES SOCIOAMBIENTAIS;3209815,83;3209815,83;3209815,83
9406413;275;2024-08-21 00:00:00;COMPANHIA DE SANEAMENTO DE MINAS GERAIS COPASA MG;17.281.106/0001-03;1221;SEDE;SECRETARIA DE ESTADO DE DESENVOLVIMENTO ECONOMICO;41;CONTRIBUICOES;1;CONTRIBUICOES;95;RECURSOS RECEBIDOS POR DANOS ADVINDOS DE DESASTRES SOCIOAMBIENTAIS;1316655,44;1316655,44;1316655,44
9406497;158;2024-05-16 00:00:00;PM DIVINOPOLIS;18.291.351/0001-64;1231;SEAPA;SECRETARIA DE ESTADO DE AGRICULTURA, PECUARIA E ABASTECIMENTO;41;CONTRIBUICOES;1;CONTRIBUICOES;15;RECURSOS ORDINARIOS - OUTROS RECURSOS NAO VINCULADOS;513000,0;513000,0;513000,0
9406498;162;2024-05-17 00:00:00;PM CASCALHO RICO;18.259.374/0001-91;1231;SEAPA;SECRETARIA DE ESTADO DE AGRICULTURA, PECUARIA E ABASTECIMENTO;41;CONTRIBUICOES;1;CONTRIBUICOES;15;RECURSOS ORDINARIOS - OUTROS RECURSOS NAO VINCULADOS;698694,81;698694,81;0,0
9406902;136;2024-04-24 00:00:00;PM BONFINOPOLIS DE MINAS;18.125.138/0001-82;1231;SEAPA;SECRETARIA DE ESTADO DE AGRICULTURA, PECUARIA E ABASTECIMENTO;41;CONTRIBUICOES;1;CONTRIBUICOES;15;RECURSOS ORDINARIOS - OUTROS RECURSOS NAO VINCULADOS;330000,0;330000,0;330000,0
9406907;157;2024-05-16 00:00:00;PM GUANHAES;18.307.439/0001-27;1231;SEAPA;SECRETARIA DE ESTADO DE AGRICULTURA, PECUARIA E ABASTECIMENTO;41;CONTRIBUICOES;1;CONTRIBUICOES;15;RECURSOS ORDINARIOS - OUTROS RECURSOS NAO VINCULADOS;500000,0;500000,0;500000,0
9407479;1135;2024-06-13 00:00:00;APAE DE LAMBARI;21.404.397/0001-57;4251;FEAS;FUNDO ESTADUAL DE ASSISTENCIA SOCIAL;43;SUBVENCOES SOCIAIS;1;SUBVENCOES SOCIAIS;71;RECURSOS DO FUNDO ESTADUAL DE ERRADICACAO DA MISERIA;174815,89;174815,89;174815,89
9407504;1134;2024-06-13 00:00:00;APAE DE FLORESTAL;00.215.385/0001-04;4251;FEAS;FUNDO ESTADUAL DE ASSISTENCIA SOCIAL;43;SUBVENCOES SOCIAIS;1;SUBVENCOES SOCIAIS;71;RECURSOS DO FUNDO ESTADUAL DE ERRADICACAO DA MISERIA;233087,84;233087,84;233087,84
9407511;39;2024-02-19 00:00:00;PM URUCANIA;18.316.281/0001-51;1231;SEAPA;SECRETARIA DE ESTADO DE AGRICULTURA, PECUARIA E ABASTECIMENTO;41;CONTRIBUICOES;1;CONTRIBUICOES;15;RECURSOS ORDINARIOS - OUTROS RECURSOS NAO VINCULADOS;544500,0;544500,0;544500,0
9407800;159;2024-05-16 00:00:00;PM BARBACENA;17.095.043/0001-09;1231;SEAPA;SECRETARIA DE ESTADO DE AGRICULTURA, PECUARIA E ABASTECIMENTO;41;CONTRIBUICOES;1;CONTRIBUICOES;15;RECURSOS ORDINARIOS - OUTROS RECURSOS NAO VINCULADOS;1232436,67;1232436,67;1232436,67
9407968;593;2024-04-11 00:00:00;PM MATHIAS LOBATO;18.332.619/0001-69;1261;SEE;SECRETARIA DE ESTADO DE EDUCACAO;42;AUXILIOS;1;AUXILIOS;10;RECURSOS ORDINARIOS - RECURSOS NAO VINCULADOS DE IMPOSTOS;2590619,14;2590619,14;2590619,14
9407973;1169;2024-04-01 00:00:00;PM SAO ROMAO;24.891.418/0001-02;1261;SEE;SECRETARIA DE ESTADO DE EDUCACAO;41;CONTRIBUICOES;1;CONTRIBUICOES;10;RECURSOS ORDINARIOS - RECURSOS NAO VINCULADOS DE IMPOSTOS;542203,64;542203,64;542203,61
9407995;1136;2024-06-13 00:00:00;FUNDACAO GREGORIO F. BAREMBLITT;26.034.397/0001-26;4251;FEAS;FUNDO ESTADUAL DE ASSISTENCIA SOCIAL;43;SUBVENCOES SOCIAIS;1;SUBVENCOES SOCIAIS;71;RECURSOS DO FUNDO ESTADUAL DE ERRADICACAO DA MISERIA;582719,61;582719,61;582719,61
9408092;45;2024-03-14 00:00:00;PM RIBEIRAO DAS NEVES;18.314.609/0001-09;1451;SEJUSP;SECRETARIA DE ESTADO DE JUSTICA E SEGURANCA PUBLICA;42;AUXILIOS;1;AUXILIOS;15;RECURSOS ORDINARIOS - OUTROS RECURSOS NAO VINCULADOS;200000,0;200000,0;200000,0
9408304;1490;2024-08-14 00:00:00;NUCLEO ASSISTENCIAL CAMINHOS PARA JESUS;17.391.822/0001-43;4251;FEAS;FUNDO ESTADUAL DE ASSISTENCIA SOCIAL;43;SUBVENCOES SOCIAIS;1;SUBVENCOES SOCIAIS;71;RECURSOS DO FUNDO ESTADUAL DE ERRADICACAO DA MISERIA;135200,0;135200,0;135200,0
9408578;320;2024-11-26 00:00:00;ASSOCIACAO MINEIRA DO PARADESPORTO - AMPADESPORTO;29.335.005/0001-57;1481;SEDESE;SECRETARIA DE ESTADO DE DESENVOLVIMENTO SOCIAL;43;SUBVENCOES SOCIAIS;1;SUBVENCOES SOCIAIS;38;TRANSFERENCIAS DA UNIAO VINCULADAS AO ESPORTE;1068161,73;1068161,73;1068161,73
9408591;972;2024-02-22 00:00:00;CONSORCIO INTERMUNICIPAL MULTIFINALITARIO DA AREA MINEIRA DA SUDENE;21.505.692/0001-08;1261;SEE;SECRETARIA DE ESTADO DE EDUCACAO;41;CONTRIBUICOES;1;CONTRIBUICOES;10;RECURSOS ORDINARIOS - RECURSOS NAO VINCULADOS DE IMPOSTOS;4285496,62;4285496,62;4285496,62
9408591;1208;2024-04-10 00:00:00;CONSORCIO INTERMUNICIPAL MULTIFINALITARIO DA AREA MINEIRA DA SUDENE;21.505.692/0001-08;1261;SEE;SECRETARIA DE ESTADO DE EDUCACAO;41;CONTRIBUICOES;1;CONTRIBUICOES;10;RECURSOS ORDINARIOS - RECURSOS NAO VINCULADOS DE IMPOSTOS;4285496,62;4285496,62;4285496,62
9408591;1249;2024-05-09 00:00:00;CONSORCIO INTERMUNICIPAL MULTIFINALITARIO DA AREA MINEIRA DA SUDENE;21.505.692/0001-08;1261;SEE;SECRETARIA DE ESTADO DE EDUCACAO;41;CONTRIBUICOES;1;CONTRIBUICOES;10;RECURSOS ORDINARIOS - RECURSOS NAO VINCULADOS DE IMPOSTOS;4285496,62;4285496,62;4285496,62
9408591;1369;2024-06-10 00:00:00;CONSORCIO INTERMUNICIPAL MULTIFINALITARIO DA AREA MINEIRA DA SUDENE;21.505.692/0001-08;1261;SEE;SECRETARIA DE ESTADO DE EDUCACAO;41;CONTRIBUICOES;1;CONTRIBUICOES;10;RECURSOS ORDINARIOS - RECURSOS NAO VINCULADOS DE IMPOSTOS;741616,85;741616,85;741616,85
9408591;1463;2024-08-02 00:00:00;CONSORCIO INTERMUNICIPAL MULTIFINALITARIO DA AREA MINEIRA DA SUDENE;21.505.692/0001-08;1261;SEE;SECRETARIA DE ESTADO DE EDUCACAO;41;CONTRIBUICOES;1;CONTRIBUICOES;10;RECURSOS ORDINARIOS - RECURSOS NAO VINCULADOS DE IMPOSTOS;4107514,11;4107514,11;4107514,11
9408591;3006;2024-11-01 00:00:00;CONSORCIO INTERMUNICIPAL MULTIFINALITARIO DA AREA MINEIRA DA SUDENE;21.505.692/0001-08;1261;SEE;SECRETARIA DE ESTADO DE EDUCACAO;41;CONTRIBUICOES;1;CONTRIBUICOES;10;RECURSOS ORDINARIOS - RECURSOS NAO VINCULADOS DE IMPOSTOS;4426405,23;4426405,23;4426405,23
9408617;420;2024-03-15 00:00:00;PM ITAPECERICA;18.308.742/0001-44;1261;SEE;SECRETARIA DE ESTADO DE EDUCACAO;42;AUXILIOS;1;AUXILIOS;10;RECURSOS ORDINARIOS - RECURSOS NAO VINCULADOS DE IMPOSTOS;318000,0;318000,0;318000,0
9408618;419;2024-03-15 00:00:00;PM CONGONHAS;16.752.446/0001-02;1261;SEE;SECRETARIA DE ESTADO DE EDUCACAO;42;AUXILIOS;1;AUXILIOS;10;RECURSOS ORDINARIOS - RECURSOS NAO VINCULADOS DE IMPOSTOS;427000,0;427000,0;427000,0
9408619;418;2024-03-15 00:00:00;PM PIRANGUCU;18.025.981/0001-97;1261;SEE;SECRETARIA DE ESTADO DE EDUCACAO;42;AUXILIOS;1;AUXILIOS;10;RECURSOS ORDINARIOS - RECURSOS NAO VINCULADOS DE IMPOSTOS;318000,0;318000,0;318000,0
9408637;428;2024-03-21 00:00:00;PM SANTA RITA DO SAPUCAI;18.192.898/0001-02;1261;SEE;SECRETARIA DE ESTADO DE EDUCACAO;42;AUXILIOS;1;AUXILIOS;10;RECURSOS ORDINARIOS - RECURSOS NAO VINCULADOS DE IMPOSTOS;200000,0;200000,0;200000,0
9413963;78;2024-03-08 00:00:00;PM SAO FRANCISCO;22.679.153/0001-40;1231;SEAPA;SECRETARIA DE ESTADO DE AGRICULTURA, PECUARIA E ABASTECIMENTO;41;CONTRIBUICOES;1;CONTRIBUICOES;15;RECURSOS ORDINARIOS - OUTROS RECURSOS NAO VINCULADOS;330000,0;330000,0;330000,0
9414511;106;2024-04-10 00:00:00;PM PEDRA BONITA;01.640.429/0001-06;1231;SEAPA;SECRETARIA DE ESTADO DE AGRICULTURA, PECUARIA E ABASTECIMENTO;41;CONTRIBUICOES;1;CONTRIBUICOES;10;RECURSOS ORDINARIOS - RECURSOS NAO VINCULADOS DE IMPOSTOS;100000,0;100000,0;100000,0
9414519;871;2024-04-09 00:00:00;PM SAO JOAO DO PARAISO;24.791.154/0001-07;1261;SEE;SECRETARIA DE ESTADO DE EDUCACAO;42;AUXILIOS;1;AUXILIOS;10;RECURSOS ORDINARIOS - RECURSOS NAO VINCULADOS DE IMPOSTOS;2146353,99;2146353,99;2146353,99
9414536;371;2024-04-08 00:00:00;PM SAO DOMINGOS DO PRATA;18.401.018/0001-60;1301;SEINFRA;SECRETARIA DE ESTADO DE INFRAESTRUTURA, MOBILIDADE E PARCERIAS;42;AUXILIOS;1;AUXILIOS;10;RECURSOS ORDINARIOS - RECURSOS NAO VINCULADOS DE IMPOSTOS;400000,0;400000,0;400000,0
9414537;342;2024-04-01 00:00:00;PM AREADO;18.243.246/0001-50;1301;SEINFRA;SECRETARIA DE ESTADO DE INFRAESTRUTURA, MOBILIDADE E PARCERIAS;42;AUXILIOS;1;AUXILIOS;15;RECURSOS ORDINARIOS - OUTROS RECURSOS NAO VINCULADOS;500000,0;500000,0;500000,0
9414542;365;2024-04-01 00:00:00;PM SAO JOSE DO DIVINO;18.404.988/0001-10;1301;SEINFRA;SECRETARIA DE ESTADO DE INFRAESTRUTURA, MOBILIDADE E PARCERIAS;42;AUXILIOS;1;AUXILIOS;15;RECURSOS ORDINARIOS - OUTROS RECURSOS NAO VINCULADOS;1600000,0;1600000,0;1600000,0
9414600;341;2024-04-01 00:00:00;PM BUGRE;01.613.126/0001-02;1301;SEINFRA;SECRETARIA DE ESTADO DE INFRAESTRUTURA, MOBILIDADE E PARCERIAS;42;AUXILIOS;1;AUXILIOS;15;RECURSOS ORDINARIOS - OUTROS RECURSOS NAO VINCULADOS;700000,0;700000,0;700000,0
9414601;340;2024-04-01 00:00:00;PM PARA DE MINAS;18.313.817/0001-85;1301;SEINFRA;SECRETARIA DE ESTADO DE INFRAESTRUTURA, MOBILIDADE E PARCERIAS;42;AUXILIOS;1;AUXILIOS;15;RECURSOS ORDINARIOS - OUTROS RECURSOS NAO VINCULADOS;300000,0;300000,0;300000,0
9414817;614;2024-03-26 00:00:00;PM SANTANA DO RIACHO;18.715.458/0001-92;1261;SEE;SECRETARIA DE ESTADO DE EDUCACAO;41;CONTRIBUICOES;1;CONTRIBUICOES;10;RECURSOS ORDINARIOS - RECURSOS NAO VINCULADOS DE IMPOSTOS;475276,42;475276,42;475276,42
9414817;615;2024-03-26 00:00:00;PM SANTANA DO RIACHO;18.715.458/0001-92;1261;SEE;SECRETARIA DE ESTADO DE EDUCACAO;42;AUXILIOS;1;AUXILIOS;10;RECURSOS ORDINARIOS - RECURSOS NAO VINCULADOS DE IMPOSTOS;2106919,83;2106919,83;2106919,83
9414818;344;2024-04-01 00:00:00;PM ENTRE FOLHAS;66.229.626/0001-82;1301;SEINFRA;SECRETARIA DE ESTADO DE INFRAESTRUTURA, MOBILIDADE E PARCERIAS;42;AUXILIOS;1;AUXILIOS;15;RECURSOS ORDINARIOS - OUTROS RECURSOS NAO VINCULADOS;1000000,0;1000000,0;1000000,0
9414911;343;2024-04-01 00:00:00;PM MEDINA;18.414.607/0001-83;1301;SEINFRA;SECRETARIA DE ESTADO DE INFRAESTRUTURA, MOBILIDADE E PARCERIAS;42;AUXILIOS;1;AUXILIOS;15;RECURSOS ORDINARIOS - OUTROS RECURSOS NAO VINCULADOS;500000,0;500000,0;500000,0
9415494;345;2024-04-01 00:00:00;PM ARACUAI;17.963.083/0001-17;1301;SEINFRA;SECRETARIA DE ESTADO DE INFRAESTRUTURA, MOBILIDADE E PARCERIAS;42;AUXILIOS;1;AUXILIOS;15;RECURSOS ORDINARIOS - OUTROS RECURSOS NAO VINCULADOS;300000,0;300000,0;300000,0
9415496;1001;2024-04-05 00:00:00;PM CONTAGEM;18.715.508/0001-31;1271;SECULT;SECRETARIA DE ESTADO DE CULTURA E TURISMO;41;CONTRIBUICOES;1;CONTRIBUICOES;15;RECURSOS ORDINARIOS - OUTROS RECURSOS NAO VINCULADOS;300000,0;300000,0;300000,0
9416539;352;2024-04-01 00:00:00;PM CAMPOS GERAIS;18.245.175/0001-24;1301;SEINFRA;SECRETARIA DE ESTADO DE INFRAESTRUTURA, MOBILIDADE E PARCERIAS;42;AUXILIOS;1;AUXILIOS;15;RECURSOS ORDINARIOS - OUTROS RECURSOS NAO VINCULADOS;500000,0;500000,0;500000,0
9416540;355;2024-04-01 00:00:00;PM CATUGI;26.218.636/0001-06;1301;SEINFRA;SECRETARIA DE ESTADO DE INFRAESTRUTURA, MOBILIDADE E PARCERIAS;42;AUXILIOS;1;AUXILIOS;15;RECURSOS ORDINARIOS - OUTROS RECURSOS NAO VINCULADOS;300000,0;300000,0;300000,0
9416541;354;2024-04-01 00:00:00;PM SANTA RITA DE CALDAS;17.857.442/0001-51;1301;SEINFRA;SECRETARIA DE ESTADO DE INFRAESTRUTURA, MOBILIDADE E PARCERIAS;42;AUXILIOS;1;AUXILIOS;15;RECURSOS ORDINARIOS - OUTROS RECURSOS NAO VINCULADOS;568000,0;568000,0;568000,0
9416542;180;2024-04-01 00:00:00;PM GUARANESIA;17.900.473/0001-48;1261;SEE;SECRETARIA DE ESTADO DE EDUCACAO;42;AUXILIOS;1;AUXILIOS;10;RECURSOS ORDINARIOS - RECURSOS NAO VINCULADOS DE IMPOSTOS;683245,4;683245,4;683245,4
9416554;347;2024-04-01 00:00:00;PM MUNHOZ;18.675.934/0001-99;1301;SEINFRA;SECRETARIA DE ESTADO DE INFRAESTRUTURA, MOBILIDADE E PARCERIAS;42;AUXILIOS;1;AUXILIOS;15;RECURSOS ORDINARIOS - OUTROS RECURSOS NAO VINCULADOS;500000,0;500000,0;500000,0
9416559;346;2024-04-01 00:00:00;PM SAPUCAI-MIRIM;18.026.005/0001-59;1301;SEINFRA;SECRETARIA DE ESTADO DE INFRAESTRUTURA, MOBILIDADE E PARCERIAS;42;AUXILIOS;1;AUXILIOS;15;RECURSOS ORDINARIOS - OUTROS RECURSOS NAO VINCULADOS;500000,0;500000,0;500000,0
9416663;105;2024-04-10 00:00:00;PM DIVISA ALEGRE;01.613.073/0001-11;1231;SEAPA;SECRETARIA DE ESTADO DE AGRICULTURA, PECUARIA E ABASTECIMENTO;41;CONTRIBUICOES;1;CONTRIBUICOES;10;RECURSOS ORDINARIOS - RECURSOS NAO VINCULADOS DE IMPOSTOS;118000,0;118000,0;118000,0
9416664;89;2024-03-21 00:00:00;PM SAO GERALDO;18.137.935/0001-80;1231;SEAPA;SECRETARIA DE ESTADO DE AGRICULTURA, PECUARIA E ABASTECIMENTO;41;CONTRIBUICOES;1;CONTRIBUICOES;15;RECURSOS ORDINARIOS - OUTROS RECURSOS NAO VINCULADOS;700000,0;700000,0;700000,0
9417519;348;2024-04-01 00:00:00;PM COROACI;18.085.647/0001-29;1301;SEINFRA;SECRETARIA DE ESTADO DE INFRAESTRUTURA, MOBILIDADE E PARCERIAS;42;AUXILIOS;1;AUXILIOS;15;RECURSOS ORDINARIOS - OUTROS RECURSOS NAO VINCULADOS;1000000,0;1000000,0;1000000,0
9417520;353;2024-04-01 00:00:00;PM SAO JOSE DO GOIABAL;18.402.552/0001-91;1301;SEINFRA;SECRETARIA DE ESTADO DE INFRAESTRUTURA, MOBILIDADE E PARCERIAS;42;AUXILIOS;1;AUXILIOS;15;RECURSOS ORDINARIOS - OUTROS RECURSOS NAO VINCULADOS;900000,0;900000,0;900000,0
9417522;349;2024-04-01 00:00:00;PM SALTO DA DIVISA;18.347.401/0001-88;1301;SEINFRA;SECRETARIA DE ESTADO DE INFRAESTRUTURA, MOBILIDADE E PARCERIAS;42;AUXILIOS;1;AUXILIOS;15;RECURSOS ORDINARIOS - OUTROS RECURSOS NAO VINCULADOS;700000,0;700000,0;700000,0
9417527;351;2024-04-01 00:00:00;PM SAO JOAO EVANGELISTA;18.307.488/0001-60;1301;SEINFRA;SECRETARIA DE ESTADO DE INFRAESTRUTURA, MOBILIDADE E PARCERIAS;42;AUXILIOS;1;AUXILIOS;15;RECURSOS ORDINARIOS - OUTROS RECURSOS NAO VINCULADOS;300000,0;300000,0;300000,0
9417529;350;2024-04-01 00:00:00;PM GOIABEIRA;01.615.421/0001-90;1301;SEINFRA;SECRETARIA DE ESTADO DE INFRAESTRUTURA, MOBILIDADE E PARCERIAS;42;AUXILIOS;1;AUXILIOS;15;RECURSOS ORDINARIOS - OUTROS RECURSOS NAO VINCULADOS;600000,0;600000,0;600000,0
9417540;429;2024-03-21 00:00:00;PM JANAUBA;18.017.392/0001-67;1261;SEE;SECRETARIA DE ESTADO DE EDUCACAO;42;AUXILIOS;1;AUXILIOS;10;RECURSOS ORDINARIOS - RECURSOS NAO VINCULADOS DE IMPOSTOS;100000,0;100000,0;100000,0
9417541;430;2024-03-21 00:00:00;PM BURITIZEIRO;18.279.067/0001-72;1261;SEE;SECRETARIA DE ESTADO DE EDUCACAO;42;AUXILIOS;1;AUXILIOS;10;RECURSOS ORDINARIOS - RECURSOS NAO VINCULADOS DE IMPOSTOS;450000,0;450000,0;450000,0
9417542;432;2024-03-21 00:00:00;PM MATIAS BARBOSA;18.338.194/0001-03;1261;SEE;SECRETARIA DE ESTADO DE EDUCACAO;42;AUXILIOS;1;AUXILIOS;10;RECURSOS ORDINARIOS - RECURSOS NAO VINCULADOS DE IMPOSTOS;854000,0;854000,0;854000,0
9417543;431;2024-03-21 00:00:00;PM MAMONAS;25.212.242/0001-70;1261;SEE;SECRETARIA DE ESTADO DE EDUCACAO;42;AUXILIOS;1;AUXILIOS;10;RECURSOS ORDINARIOS - RECURSOS NAO VINCULADOS DE IMPOSTOS;200000,0;200000,0;200000,0
9417544;1210;2024-04-10 00:00:00;PM MIRAVANIA;01.612.491/0001-94;1261;SEE;SECRETARIA DE ESTADO DE EDUCACAO;42;AUXILIOS;1;AUXILIOS;10;RECURSOS ORDINARIOS - RECURSOS NAO VINCULADOS DE IMPOSTOS;200000,0;200000,0;200000,0
9417545;433;2024-03-21 00:00:00;PM BRASILIA DE MINAS;18.017.442/0001-06;1261;SEE;SECRETARIA DE ESTADO DE EDUCACAO;42;AUXILIOS;1;AUXILIOS;10;RECURSOS ORDINARIOS - RECURSOS NAO VINCULADOS DE IMPOSTOS;318000,0;318000,0;318000,0
9417546;356;2024-04-01 00:00:00;PM MEDINA;18.414.607/0001-83;1301;SEINFRA;SECRETARIA DE ESTADO DE INFRAESTRUTURA, MOBILIDADE E PARCERIAS;42;AUXILIOS;1;AUXILIOS;15;RECURSOS ORDINARIOS - OUTROS RECURSOS NAO VINCULADOS;300000,0;300000,0;300000,0
9417547;360;2024-04-01 00:00:00;PM BANDEIRA;18.349.902/0001-01;1301;SEINFRA;SECRETARIA DE ESTADO DE INFRAESTRUTURA, MOBILIDADE E PARCERIAS;42;AUXILIOS;1;AUXILIOS;15;RECURSOS ORDINARIOS - OUTROS RECURSOS NAO VINCULADOS;250000,0;250000,0;250000,0
9417548;357;2024-04-01 00:00:00;PM DIVISOPOLIS;66.234.311/0001-23;1301;SEINFRA;SECRETARIA DE ESTADO DE INFRAESTRUTURA, MOBILIDADE E PARCERIAS;42;AUXILIOS;1;AUXILIOS;15;RECURSOS ORDINARIOS - OUTROS RECURSOS NAO VINCULADOS;500000,0;500000,0;500000,0
9417551;359;2024-04-01 00:00:00;PM CAETE;18.302.299/0001-02;1301;SEINFRA;SECRETARIA DE ESTADO DE INFRAESTRUTURA, MOBILIDADE E PARCERIAS;42;AUXILIOS;1;AUXILIOS;15;RECURSOS ORDINARIOS - OUTROS RECURSOS NAO VINCULADOS;500000,0;500000,0;500000,0
9417553;358;2024-04-01 00:00:00;PM CAETE;18.302.299/0001-02;1301;SEINFRA;SECRETARIA DE ESTADO DE INFRAESTRUTURA, MOBILIDADE E PARCERIAS;42;AUXILIOS;1;AUXILIOS;15;RECURSOS ORDINARIOS - OUTROS RECURSOS NAO VINCULADOS;500000,0;500000,0;500000,0
9417560;90;2024-03-25 00:00:00;PM ALPINOPOLIS;18.241.752/0001-00;1231;SEAPA;SECRETARIA DE ESTADO DE AGRICULTURA, PECUARIA E ABASTECIMENTO;41;CONTRIBUICOES;1;CONTRIBUICOES;15;RECURSOS ORDINARIOS - OUTROS RECURSOS NAO VINCULADOS;650000,0;650000,0;650000,0
9417561;109;2024-04-12 00:00:00;PM SAO JOAO DE MANTENINHA;22.705.248/0001-90;1231;SEAPA;SECRETARIA DE ESTADO DE AGRICULTURA, PECUARIA E ABASTECIMENTO;41;CONTRIBUICOES;1;CONTRIBUICOES;10;RECURSOS ORDINARIOS - RECURSOS NAO VINCULADOS DE IMPOSTOS;100000,0;100000,0;100000,0
9417562;92;2024-03-26 00:00:00;PM PRESIDENTE OLEGARIO;18.602.060/0001-40;1231;SEAPA;SECRETARIA DE ESTADO DE AGRICULTURA, PECUARIA E ABASTECIMENTO;41;CONTRIBUICOES;1;CONTRIBUICOES;15;RECURSOS ORDINARIOS - OUTROS RECURSOS NAO VINCULADOS;330000,0;330000,0;330000,0
9417563;615;2024-03-26 00:00:00;PM TAQUARACU DE MINAS;18.302.315/0001-59;1271;SECULT;SECRETARIA DE ESTADO DE CULTURA E TURISMO;41;CONTRIBUICOES;1;CONTRIBUICOES;15;RECURSOS ORDINARIOS - OUTROS RECURSOS NAO VINCULADOS;247250,0;247250,0;247250,0
9417564;616;2024-03-26 00:00:00;PM JEQUITIBA;18.062.208/0001-09;1271;SECULT;SECRETARIA DE ESTADO DE CULTURA E TURISMO;41;CONTRIBUICOES;1;CONTRIBUICOES;15;RECURSOS ORDINARIOS - OUTROS RECURSOS NAO VINCULADOS;275000,0;275000,0;275000,0
9417569;361;2024-04-01 00:00:00;PM ITANHOMI;18.493.239/0001-06;1301;SEINFRA;SECRETARIA DE ESTADO DE INFRAESTRUTURA, MOBILIDADE E PARCERIAS;42;AUXILIOS;1;AUXILIOS;15;RECURSOS ORDINARIOS - OUTROS RECURSOS NAO VINCULADOS;400000,0;400000,0;400000,0
9417571;95;2024-03-27 00:00:00;PM MATHIAS LOBATO;18.332.619/0001-69;1231;SEAPA;SECRETARIA DE ESTADO DE AGRICULTURA, PECUARIA E ABASTECIMENTO;41;CONTRIBUICOES;1;CONTRIBUICOES;15;RECURSOS ORDINARIOS - OUTROS RECURSOS NAO VINCULADOS;550000,0;550000,0;550000,0
9417575;443;2024-03-26 00:00:00;PM BELMIRO BRAGA;18.338.129/0001-70;1261;SEE;SECRETARIA DE ESTADO DE EDUCACAO;42;AUXILIOS;1;AUXILIOS;10;RECURSOS ORDINARIOS - RECURSOS NAO VINCULADOS DE IMPOSTOS;150000,0;150000,0;150000,0
9417576;445;2024-03-26 00:00:00;PM SANTA RITA DE CALDAS;17.857.442/0001-51;1261;SEE;SECRETARIA DE ESTADO DE EDUCACAO;42;AUXILIOS;1;AUXILIOS;10;RECURSOS ORDINARIOS - RECURSOS NAO VINCULADOS DE IMPOSTOS;625000,0;625000,0;625000,0
9417577;444;2024-03-26 00:00:00;PM MANGA;18.270.447/0001-46;1261;SEE;SECRETARIA DE ESTADO DE EDUCACAO;42;AUXILIOS;1;AUXILIOS;10;RECURSOS ORDINARIOS - RECURSOS NAO VINCULADOS DE IMPOSTOS;300000,0;300000,0;300000,0
9417578;446;2024-03-26 00:00:00;PM PIEDADE DE CARATINGA;01.613.130/0001-62;1261;SEE;SECRETARIA DE ESTADO DE EDUCACAO;42;AUXILIOS;1;AUXILIOS;10;RECURSOS ORDINARIOS - RECURSOS NAO VINCULADOS DE IMPOSTOS;520000,0;520000,0;520000,0
9417599;460;2024-04-01 00:00:00;PM SERRANOPOLIS DE MINAS;01.612.501/0001-91;1261;SEE;SECRETARIA DE ESTADO DE EDUCACAO;42;AUXILIOS;1;AUXILIOS;10;RECURSOS ORDINARIOS - RECURSOS NAO VINCULADOS DE IMPOSTOS;300000,0;300000,0;300000,0
9417609;362;2024-04-01 00:00:00;PM INDIANOPOLIS;18.259.390/0001-84;1301;SEINFRA;SECRETARIA DE ESTADO DE INFRAESTRUTURA, MOBILIDADE E PARCERIAS;42;AUXILIOS;1;AUXILIOS;15;RECURSOS ORDINARIOS - OUTROS RECURSOS NAO VINCULADOS;500000,0;500000,0;500000,0
9417613;364;2024-04-01 00:00:00;PM POCO FUNDO;18.242.792/0001-76;1301;SEINFRA;SECRETARIA DE ESTADO DE INFRAESTRUTURA, MOBILIDADE E PARCERIAS;42;AUXILIOS;1;AUXILIOS;15;RECURSOS ORDINARIOS - OUTROS RECURSOS NAO VINCULADOS;1465000,0;1465000,0;1465000,0
9417614;363;2024-04-01 00:00:00;PM BANDEIRA;18.349.902/0001-01;1301;SEINFRA;SECRETARIA DE ESTADO DE INFRAESTRUTURA, MOBILIDADE E PARCERIAS;42;AUXILIOS;1;AUXILIOS;15;RECURSOS ORDINARIOS - OUTROS RECURSOS NAO VINCULADOS;350000,0;350000,0;350000,0
9417621;462;2024-04-02 00:00:00;PM BIAS FORTES;18.094.771/0001-50;1261;SEE;SECRETARIA DE ESTADO DE EDUCACAO;42;AUXILIOS;1;AUXILIOS;10;RECURSOS ORDINARIOS - RECURSOS NAO VINCULADOS DE IMPOSTOS;150000,0;150000,0;150000,0
9417622;1188;2024-04-03 00:00:00;PM MAMONAS;25.212.242/0001-70;1261;SEE;SECRETARIA DE ESTADO DE EDUCACAO;42;AUXILIOS;1;AUXILIOS;10;RECURSOS ORDINARIOS - RECURSOS NAO VINCULADOS DE IMPOSTOS;100000,0;100000,0;100000,0
9417623;464;2024-04-02 00:00:00;PM CIPOTANEA;18.094.805/0001-07;1261;SEE;SECRETARIA DE ESTADO DE EDUCACAO;42;AUXILIOS;1;AUXILIOS;10;RECURSOS ORDINARIOS - RECURSOS NAO VINCULADOS DE IMPOSTOS;514000,0;514000,0;514000,0
9417624;465;2024-04-02 00:00:00;PM CANAA;18.132.712/0001-20;1261;SEE;SECRETARIA DE ESTADO DE EDUCACAO;42;AUXILIOS;1;AUXILIOS;10;RECURSOS ORDINARIOS - RECURSOS NAO VINCULADOS DE IMPOSTOS;514000,0;514000,0;514000,0
9417625;432;2024-04-03 00:00:00;PM PRESIDENTE BERNARDES;23.515.695/0001-40;1261;SEE;SECRETARIA DE ESTADO DE EDUCACAO;42;AUXILIOS;1;AUXILIOS;10;RECURSOS ORDINARIOS - RECURSOS NAO VINCULADOS DE IMPOSTOS;341622,7;341622,7;341622,7
9417626;478;2024-04-10 00:00:00;PM BOA ESPERANCA;18.239.590/0001-75;1261;SEE;SECRETARIA DE ESTADO DE EDUCACAO;42;AUXILIOS;1;AUXILIOS;10;RECURSOS ORDINARIOS - RECURSOS NAO VINCULADOS DE IMPOSTOS;1788893,04;1788893,04;1788893,04
9417627;466;2024-04-02 00:00:00;PM IPUIUNA;18.179.226/0001-67;1261;SEE;SECRETARIA DE ESTADO DE EDUCACAO;42;AUXILIOS;1;AUXILIOS;10;RECURSOS ORDINARIOS - RECURSOS NAO VINCULADOS DE IMPOSTOS;1204000,0;1204000,0;1204000,0
9417628;467;2024-04-02 00:00:00;PM CLAUDIO;18.308.775/0001-94;1261;SEE;SECRETARIA DE ESTADO DE EDUCACAO;42;AUXILIOS;1;AUXILIOS;10;RECURSOS ORDINARIOS - RECURSOS NAO VINCULADOS DE IMPOSTOS;427000,0;427000,0;427000,0
9417629;469;2024-04-02 00:00:00;PM SAO VICENTE DE MINAS;17.954.546/0001-84;1261;SEE;SECRETARIA DE ESTADO DE EDUCACAO;42;AUXILIOS;1;AUXILIOS;10;RECURSOS ORDINARIOS - RECURSOS NAO VINCULADOS DE IMPOSTOS;427000,0;427000,0;427000,0
9417630;468;2024-04-02 00:00:00;PM SETE LAGOAS;24.996.969/0001-22;1261;SEE;SECRETARIA DE ESTADO DE EDUCACAO;42;AUXILIOS;1;AUXILIOS;10;RECURSOS ORDINARIOS - RECURSOS NAO VINCULADOS DE IMPOSTOS;308000,0;308000,0;308000,0
9417632;1;2024-04-02 00:00:00;PM RIACHO DOS MACHADOS;16.925.208/0001-51;1491;SEGOV;SECRETARIA DE ESTADO DE GOVERNO;42;AUXILIOS;1;AUXILIOS;15;RECURSOS ORDINARIOS - OUTROS RECURSOS NAO VINCULADOS;678150,0;678150,0;678150,0
9417633;20;2024-04-08 00:00:00;PM GUANHAES;18.307.439/0001-27;1491;SEGOV;SECRETARIA DE ESTADO DE GOVERNO;42;AUXILIOS;1;AUXILIOS;15;RECURSOS ORDINARIOS - OUTROS RECURSOS NAO VINCULADOS;79080,11;79080,11;79080,11
9417634;3;2024-04-02 00:00:00;PM PASSA QUATRO;23.245.806/0001-45;1491;SEGOV;SECRETARIA DE ESTADO DE GOVERNO;42;AUXILIOS;1;AUXILIOS;15;RECURSOS ORDINARIOS - OUTROS RECURSOS NAO VINCULADOS;117492,0;117492,0;117492,0
9417635;4;2024-04-02 00:00:00;PM MATUTINA;18.602.102/0001-42;1491;SEGOV;SECRETARIA DE ESTADO DE GOVERNO;42;AUXILIOS;1;AUXILIOS;15;RECURSOS ORDINARIOS - OUTROS RECURSOS NAO VINCULADOS;78682,7;78682,7;78682,7
9417636;6;2024-04-02 00:00:00;PM IGUATAMA;18.306.688/0001-06;1491;SEGOV;SECRETARIA DE ESTADO DE GOVERNO;42;AUXILIOS;1;AUXILIOS;15;RECURSOS ORDINARIOS - OUTROS RECURSOS NAO VINCULADOS;119632,75;119632,75;119632,75
9417641;5;2024-04-02 00:00:00;PM TEOFILO OTONI;18.404.780/0001-09;1491;SEGOV;SECRETARIA DE ESTADO DE GOVERNO;42;AUXILIOS;1;AUXILIOS;15;RECURSOS ORDINARIOS - OUTROS RECURSOS NAO VINCULADOS;198000,0;198000,0;198000,0
9417681;17;2024-04-05 00:00:00;PM EUGENOPOLIS;17.947.656/0001-19;1491;SEGOV;SECRETARIA DE ESTADO DE GOVERNO;42;AUXILIOS;1;AUXILIOS;10;RECURSOS ORDINARIOS - RECURSOS NAO VINCULADOS DE IMPOSTOS;104892,0;104892,0;104892,0
9417682;2;2024-04-02 00:00:00;CONSORCIO INTERMUNICIPAL MULTIFINALITARIO PARA O DESENVOLVIMENTO AMBIE;19.193.527/0001-08;1491;SEGOV;SECRETARIA DE ESTADO DE GOVERNO;42;AUXILIOS;1;AUXILIOS;15;RECURSOS ORDINARIOS - OUTROS RECURSOS NAO VINCULADOS;85135,52;85135,52;85135,52
9417823;150;2024-05-08 00:00:00;PM MEDINA;18.414.607/0001-83;1231;SEAPA;SECRETARIA DE ESTADO DE AGRICULTURA, PECUARIA E ABASTECIMENTO;41;CONTRIBUICOES;1;CONTRIBUICOES;10;RECURSOS ORDINARIOS - RECURSOS NAO VINCULADOS DE IMPOSTOS;180000,0;180000,0;180000,0
9417824;151;2024-05-08 00:00:00;PM BANDEIRA;18.349.902/0001-01;1231;SEAPA;SECRETARIA DE ESTADO DE AGRICULTURA, PECUARIA E ABASTECIMENTO;41;CONTRIBUICOES;1;CONTRIBUICOES;10;RECURSOS ORDINARIOS - RECURSOS NAO VINCULADOS DE IMPOSTOS;30000,0;30000,0;30000,0
9417825;108;2024-04-12 00:00:00;PM FELIXLANDIA;17.695.032/0001-51;1231;SEAPA;SECRETARIA DE ESTADO DE AGRICULTURA, PECUARIA E ABASTECIMENTO;41;CONTRIBUICOES;1;CONTRIBUICOES;15;RECURSOS ORDINARIOS - OUTROS RECURSOS NAO VINCULADOS;400000,0;400000,0;400000,0
9417861;509;2024-04-15 00:00:00;PM URUANA DE MINAS;01.609.942/0001-34;1261;SEE;SECRETARIA DE ESTADO DE EDUCACAO;42;AUXILIOS;1;AUXILIOS;10;RECURSOS ORDINARIOS - RECURSOS NAO VINCULADOS DE IMPOSTOS;317000,0;317000,0;317000,0
9417862;510;2024-04-15 00:00:00;PM SAO ROMAO;24.891.418/0001-02;1261;SEE;SECRETARIA DE ESTADO DE EDUCACAO;42;AUXILIOS;1;AUXILIOS;10;RECURSOS ORDINARIOS - RECURSOS NAO VINCULADOS DE IMPOSTOS;318000,0;318000,0;318000,0
9417885;7;2024-04-04 00:00:00;PM DIVISA ALEGRE;01.613.073/0001-11;1491;SEGOV;SECRETARIA DE ESTADO DE GOVERNO;42;AUXILIOS;1;AUXILIOS;15;RECURSOS ORDINARIOS - OUTROS RECURSOS NAO VINCULADOS;78677,5;78677,5;78677,5
9417886;11;2024-04-04 00:00:00;PM DELFIM MOREIRA;18.025.924/0001-08;1491;SEGOV;SECRETARIA DE ESTADO DE GOVERNO;42;AUXILIOS;1;AUXILIOS;15;RECURSOS ORDINARIOS - OUTROS RECURSOS NAO VINCULADOS;341672,7;341672,7;341672,7
9417887;9;2024-04-04 00:00:00;PM GAMELEIRA;01.612.482/0001-01;1491;SEGOV;SECRETARIA DE ESTADO DE GOVERNO;42;AUXILIOS;1;AUXILIOS;15;RECURSOS ORDINARIOS - OUTROS RECURSOS NAO VINCULADOS;315975,9;315975,9;315975,9
9417888;10;2024-04-04 00:00:00;PM SAO SEBASTIAO DO MARANHAO;18.409.177/0001-01;1491;SEGOV;SECRETARIA DE ESTADO DE GOVERNO;42;AUXILIOS;1;AUXILIOS;15;RECURSOS ORDINARIOS - OUTROS RECURSOS NAO VINCULADOS;500000,0;500000,0;500000,0
9417891;12;2024-04-04 00:00:00;PM DIVINO;18.114.272/0001-88;1491;SEGOV;SECRETARIA DE ESTADO DE GOVERNO;42;AUXILIOS;1;AUXILIOS;15;RECURSOS ORDINARIOS - OUTROS RECURSOS NAO VINCULADOS;78680,0;78680,0;78680,0
9417892;18;2024-04-05 00:00:00;PM ALPINOPOLIS;18.241.752/0001-00;1491;SEGOV;SECRETARIA DE ESTADO DE GOVERNO;42;AUXILIOS;1;AUXILIOS;10;RECURSOS ORDINARIOS - RECURSOS NAO VINCULADOS DE IMPOSTOS;341622,7;341622,7;341622,7
9417893;8;2024-04-04 00:00:00;PM VIRGINIA;25.970.260/0001-10;1491;SEGOV;SECRETARIA DE ESTADO DE GOVERNO;42;AUXILIOS;1;AUXILIOS;15;RECURSOS ORDINARIOS - OUTROS RECURSOS NAO VINCULADOS;239266,66;239266,66;239266,66
9417894;100;2024-04-08 00:00:00;PM ALTO RIO DOCE;18.094.748/0001-66;1231;SEAPA;SECRETARIA DE ESTADO DE AGRICULTURA, PECUARIA E ABASTECIMENTO;41;CONTRIBUICOES;1;CONTRIBUICOES;15;RECURSOS ORDINARIOS - OUTROS RECURSOS NAO VINCULADOS;750000,0;750000,0;750000,0
9417922;489;2024-04-09 00:00:00;PM PAINS;20.920.575/0001-30;1261;SEE;SECRETARIA DE ESTADO DE EDUCACAO;42;AUXILIOS;1;AUXILIOS;10;RECURSOS ORDINARIOS - RECURSOS NAO VINCULADOS DE IMPOSTOS;318000,0;318000,0;318000,0
9417922;508;2024-04-15 00:00:00;PM PAINS;20.920.575/0001-30;1261;SEE;SECRETARIA DE ESTADO DE EDUCACAO;42;AUXILIOS;1;AUXILIOS;10;RECURSOS ORDINARIOS - RECURSOS NAO VINCULADOS DE IMPOSTOS;962100,0;962100,0;962100,0
9417996;13;2024-04-05 00:00:00;PM PEDRA AZUL;18.414.565/0001-80;1491;SEGOV;SECRETARIA DE ESTADO DE GOVERNO;42;AUXILIOS;1;AUXILIOS;15;RECURSOS ORDINARIOS - OUTROS RECURSOS NAO VINCULADOS;78677,5;78677,5;78677,5
9417997;14;2024-04-05 00:00:00;PM MOEDA;18.363.952/0001-35;1491;SEGOV;SECRETARIA DE ESTADO DE GOVERNO;42;AUXILIOS;1;AUXILIOS;15;RECURSOS ORDINARIOS - OUTROS RECURSOS NAO VINCULADOS;400000,0;400000,0;400000,0
9417998;15;2024-04-05 00:00:00;PM PERIQUITO;01.613.077/0001-08;1491;SEGOV;SECRETARIA DE ESTADO DE GOVERNO;42;AUXILIOS;1;AUXILIOS;15;RECURSOS ORDINARIOS - OUTROS RECURSOS NAO VINCULADOS;1000000,0;500000,0;500000,0
9417999;16;2024-04-05 00:00:00;PM JAPONVAR;01.612.476/0001-46;1491;SEGOV;SECRETARIA DE ESTADO DE GOVERNO;42;AUXILIOS;1;AUXILIOS;15;RECURSOS ORDINARIOS - OUTROS RECURSOS NAO VINCULADOS;79034,38;79034,38;79034,38
9418001;372;2024-04-08 00:00:00;PM PEDRA AZUL;18.414.565/0001-80;1301;SEINFRA;SECRETARIA DE ESTADO DE INFRAESTRUTURA, MOBILIDADE E PARCERIAS;42;AUXILIOS;1;AUXILIOS;15;RECURSOS ORDINARIOS - OUTROS RECURSOS NAO VINCULADOS;300000,0;300000,0;300000,0
9419159;370;2024-04-08 00:00:00;PM SABARA;18.715.441/0001-35;1301;SEINFRA;SECRETARIA DE ESTADO DE INFRAESTRUTURA, MOBILIDADE E PARCERIAS;42;AUXILIOS;1;AUXILIOS;10;RECURSOS ORDINARIOS - RECURSOS NAO VINCULADOS DE IMPOSTOS;400000,0;400000,0;400000,0
9421653;374;2024-04-09 00:00:00;PM ENTRE FOLHAS;66.229.626/0001-82;1301;SEINFRA;SECRETARIA DE ESTADO DE INFRAESTRUTURA, MOBILIDADE E PARCERIAS;42;AUXILIOS;1;AUXILIOS;15;RECURSOS ORDINARIOS - OUTROS RECURSOS NAO VINCULADOS;400000,0;400000,0;400000,0
9421655;369;2024-04-08 00:00:00;PM FREI GASPAR;18.404.913/0001-39;1301;SEINFRA;SECRETARIA DE ESTADO DE INFRAESTRUTURA, MOBILIDADE E PARCERIAS;42;AUXILIOS;1;AUXILIOS;15;RECURSOS ORDINARIOS - OUTROS RECURSOS NAO VINCULADOS;2980467,88;2980467,88;2980467,88
9421656;19;2024-04-08 00:00:00;PM AREADO;18.243.246/0001-50;1491;SEGOV;SECRETARIA DE ESTADO DE GOVERNO;42;AUXILIOS;1;AUXILIOS;15;RECURSOS ORDINARIOS - OUTROS RECURSOS NAO VINCULADOS;78682,5;78682,5;78682,5
9422051;1555;2024-04-11 00:00:00;PM SAO LOURENCO;18.188.219/0001-21;1271;SECULT;SECRETARIA DE ESTADO DE CULTURA E TURISMO;41;CONTRIBUICOES;1;CONTRIBUICOES;15;RECURSOS ORDINARIOS - OUTROS RECURSOS NAO VINCULADOS;323375,0;323375,0;323375,0
9422053;24;2024-04-09 00:00:00;PM RUBIM;18.349.944/0001-34;1491;SEGOV;SECRETARIA DE ESTADO DE GOVERNO;42;AUXILIOS;1;AUXILIOS;15;RECURSOS ORDINARIOS - OUTROS RECURSOS NAO VINCULADOS;117492,0;117492,0;117492,0
9422054;25;2024-04-09 00:00:00;PM SAO GERALDO DA PIEDADE;18.307.470/0001-68;1491;SEGOV;SECRETARIA DE ESTADO DE GOVERNO;42;AUXILIOS;1;AUXILIOS;15;RECURSOS ORDINARIOS - OUTROS RECURSOS NAO VINCULADOS;314000,0;314000,0;314000,0
9422055;21;2024-04-09 00:00:00;PM SAO JOSE DO GOIABAL;18.402.552/0001-91;1491;SEGOV;SECRETARIA DE ESTADO DE GOVERNO;42;AUXILIOS;1;AUXILIOS;15;RECURSOS ORDINARIOS - OUTROS RECURSOS NAO VINCULADOS;544166,67;544166,67;544166,67
9422056;22;2024-04-09 00:00:00;PM SAO JOSE DO GOIABAL;18.402.552/0001-91;1491;SEGOV;SECRETARIA DE ESTADO DE GOVERNO;42;AUXILIOS;1;AUXILIOS;15;RECURSOS ORDINARIOS - OUTROS RECURSOS NAO VINCULADOS;157365,45;157365,45;157365,45
9422057;23;2024-04-09 00:00:00;PM ESTIVA;18.675.918/0001-04;1491;SEGOV;SECRETARIA DE ESTADO DE GOVERNO;42;AUXILIOS;1;AUXILIOS;15;RECURSOS ORDINARIOS - OUTROS RECURSOS NAO VINCULADOS;119518,65;119518,65;119518,65
9422059;381;2024-04-10 00:00:00;PM SANTA RITA DO IBITIPOCA;18.094.862/0001-96;1301;SEINFRA;SECRETARIA DE ESTADO DE INFRAESTRUTURA, MOBILIDADE E PARCERIAS;42;AUXILIOS;1;AUXILIOS;15;RECURSOS ORDINARIOS - OUTROS RECURSOS NAO VINCULADOS;1000000,0;1000000,0;1000000,0
9422061;376;2024-04-10 00:00:00;PM SANTO ANTONIO DO JACINTO;18.349.951/0001-36;1301;SEINFRA;SECRETARIA DE ESTADO DE INFRAESTRUTURA, MOBILIDADE E PARCERIAS;42;AUXILIOS;1;AUXILIOS;15;RECURSOS ORDINARIOS - OUTROS RECURSOS NAO VINCULADOS;300000,0;300000,0;300000,0
9422068;217;2024-04-15 00:00:00;PM PAINS;20.920.575/0001-30;1371;SEMAD;SECRETARIA DE ESTADO DE MEIO AMBIENTE E DESENVOLVIMENTO SUSTENTAVEL;41;CONTRIBUICOES;1;CONTRIBUICOES;15;RECURSOS ORDINARIOS - OUTROS RECURSOS NAO VINCULADOS;200000,0;200000,0;200000,0
9422076;1556;2024-04-11 00:00:00;PM ITAPEVA;18.677.625/0001-58;1271;SECULT;SECRETARIA DE ESTADO DE CULTURA E TURISMO;41;CONTRIBUICOES;1;CONTRIBUICOES;15;RECURSOS ORDINARIOS - OUTROS RECURSOS NAO VINCULADOS;268643,22;268643,22;268643,22
9422077;385;2024-04-10 00:00:00;PM SEM PEIXE;01.625.189/0001-70;1301;SEINFRA;SECRETARIA DE ESTADO DE INFRAESTRUTURA, MOBILIDADE E PARCERIAS;42;AUXILIOS;1;AUXILIOS;15;RECURSOS ORDINARIOS - OUTROS RECURSOS NAO VINCULADOS;400000,0;400000,0;400000,0
9422081;379;2024-04-10 00:00:00;PM MALACACHETA;18.404.871/0001-36;1301;SEINFRA;SECRETARIA DE ESTADO DE INFRAESTRUTURA, MOBILIDADE E PARCERIAS;42;AUXILIOS;1;AUXILIOS;15;RECURSOS ORDINARIOS - OUTROS RECURSOS NAO VINCULADOS;804722,14;804722,14;804722,14
9422082;378;2024-04-10 00:00:00;PM MALACACHETA;18.404.871/0001-36;1301;SEINFRA;SECRETARIA DE ESTADO DE INFRAESTRUTURA, MOBILIDADE E PARCERIAS;42;AUXILIOS;1;AUXILIOS;15;RECURSOS ORDINARIOS - OUTROS RECURSOS NAO VINCULADOS;600000,0;600000,0;600000,0
9422083;27;2024-04-10 00:00:00;PM SENHORA DE OLIVEIRA;23.515.703/0001-58;1491;SEGOV;SECRETARIA DE ESTADO DE GOVERNO;42;AUXILIOS;1;AUXILIOS;15;RECURSOS ORDINARIOS - OUTROS RECURSOS NAO VINCULADOS;117492,86;117492,86;117492,86
9422084;26;2024-04-10 00:00:00;PM PASSA TEMPO;18.039.503/0001-36;1491;SEGOV;SECRETARIA DE ESTADO DE GOVERNO;42;AUXILIOS;1;AUXILIOS;15;RECURSOS ORDINARIOS - OUTROS RECURSOS NAO VINCULADOS;119633,33;119633,33;119633,33
9422254;384;2024-04-10 00:00:00;PM BORDA DA MATA;17.912.023/0001-75;1301;SEINFRA;SECRETARIA DE ESTADO DE INFRAESTRUTURA, MOBILIDADE E PARCERIAS;42;AUXILIOS;1;AUXILIOS;15;RECURSOS ORDINARIOS - OUTROS RECURSOS NAO VINCULADOS;325000,0;325000,0;325000,0
9422257;386;2024-04-11 00:00:00;PM RIO NOVO;18.338.244/0001-44;1301;SEINFRA;SECRETARIA DE ESTADO DE INFRAESTRUTURA, MOBILIDADE E PARCERIAS;42;AUXILIOS;1;AUXILIOS;15;RECURSOS ORDINARIOS - OUTROS RECURSOS NAO VINCULADOS;2000000,0;2000000,0;2000000,0
9422265;224;2024-04-19 00:00:00;PM OLARIA;18.338.202/0001-03;1371;SEMAD;SECRETARIA DE ESTADO DE MEIO AMBIENTE E DESENVOLVIMENTO SUSTENTAVEL;41;CONTRIBUICOES;1;CONTRIBUICOES;15;RECURSOS ORDINARIOS - OUTROS RECURSOS NAO VINCULADOS;150000,0;150000,0;150000,0
9422266;223;2024-04-19 00:00:00;PM SANTO ANTONIO DO AMPARO;18.244.335/0001-10;1371;SEMAD;SECRETARIA DE ESTADO DE MEIO AMBIENTE E DESENVOLVIMENTO SUSTENTAVEL;41;CONTRIBUICOES;1;CONTRIBUICOES;15;RECURSOS ORDINARIOS - OUTROS RECURSOS NAO VINCULADOS;100000,0;100000,0;100000,0
9422269;387;2024-04-11 00:00:00;PM LAGAMAR;18.192.260/0001-71;1301;SEINFRA;SECRETARIA DE ESTADO DE INFRAESTRUTURA, MOBILIDADE E PARCERIAS;42;AUXILIOS;1;AUXILIOS;15;RECURSOS ORDINARIOS - OUTROS RECURSOS NAO VINCULADOS;300000,0;300000,0;300000,0
9422270;219;2024-04-11 00:00:00;PM ELOI MENDES;20.347.225/0001-26;1491;SEGOV;SECRETARIA DE ESTADO DE GOVERNO;42;AUXILIOS;1;AUXILIOS;15;RECURSOS ORDINARIOS - OUTROS RECURSOS NAO VINCULADOS;120237,25;120237,25;120237,25
9422271;216;2024-04-11 00:00:00;PM ARCEBURGO;17.899.717/0001-10;1491;SEGOV;SECRETARIA DE ESTADO DE GOVERNO;42;AUXILIOS;1;AUXILIOS;15;RECURSOS ORDINARIOS - OUTROS RECURSOS NAO VINCULADOS;79078,5;79078,5;79078,5
9422273;229;2024-04-11 00:00:00;PM INCONFIDENTES;18.028.829/0001-68;1491;SEGOV;SECRETARIA DE ESTADO DE GOVERNO;42;AUXILIOS;1;AUXILIOS;15;RECURSOS ORDINARIOS - OUTROS RECURSOS NAO VINCULADOS;78677,5;78677,5;78677,5
9422274;226;2024-04-11 00:00:00;PM PRATA;18.260.505/0001-50;1491;SEGOV;SECRETARIA DE ESTADO DE GOVERNO;42;AUXILIOS;1;AUXILIOS;15;RECURSOS ORDINARIOS - OUTROS RECURSOS NAO VINCULADOS;350000,0;350000,0;350000,0
9422275;222;2024-04-11 00:00:00;PM ALEM PARAIBA;17.709.197/0001-35;1491;SEGOV;SECRETARIA DE ESTADO DE GOVERNO;42;AUXILIOS;1;AUXILIOS;15;RECURSOS ORDINARIOS - OUTROS RECURSOS NAO VINCULADOS;513728,9;513728,9;513728,9
9422276;232;2024-04-11 00:00:00;PM MANHUACU;18.385.088/0001-72;1491;SEGOV;SECRETARIA DE ESTADO DE GOVERNO;42;AUXILIOS;1;AUXILIOS;15;RECURSOS ORDINARIOS - OUTROS RECURSOS NAO VINCULADOS;119633,33;119633,33;119633,33
9422281;265;2024-04-11 00:00:00;PM SAO JOSE DA BARRA;01.616.458/0001-32;1491;SEGOV;SECRETARIA DE ESTADO DE GOVERNO;42;AUXILIOS;1;AUXILIOS;15;RECURSOS ORDINARIOS - OUTROS RECURSOS NAO VINCULADOS;119884,0;119884,0;119884,0
9422286;497;2024-04-12 00:00:00;PM COROACI;18.085.647/0001-29;1261;SEE;SECRETARIA DE ESTADO DE EDUCACAO;42;AUXILIOS;1;AUXILIOS;10;RECURSOS ORDINARIOS - RECURSOS NAO VINCULADOS DE IMPOSTOS;500000,0;500000,0;500000,0
9422288;499;2024-04-12 00:00:00;PM JANAUBA;18.017.392/0001-67;1261;SEE;SECRETARIA DE ESTADO DE EDUCACAO;42;AUXILIOS;1;AUXILIOS;10;RECURSOS ORDINARIOS - RECURSOS NAO VINCULADOS DE IMPOSTOS;100000,0;100000,0;100000,0
9422289;498;2024-04-12 00:00:00;PM FORMOSO;18.125.153/0001-20;1261;SEE;SECRETARIA DE ESTADO DE EDUCACAO;42;AUXILIOS;1;AUXILIOS;10;RECURSOS ORDINARIOS - RECURSOS NAO VINCULADOS DE IMPOSTOS;100000,0;100000,0;100000,0
9422291;496;2024-04-12 00:00:00;PM PINTOPOLIS;01.612.481/0001-59;1261;SEE;SECRETARIA DE ESTADO DE EDUCACAO;42;AUXILIOS;1;AUXILIOS;10;RECURSOS ORDINARIOS - RECURSOS NAO VINCULADOS DE IMPOSTOS;1150000,0;1150000,0;1150000,0
9422307;1173;2024-04-12 00:00:00;PM MORRO DA GARCA;17.695.040/0001-06;1491;SEGOV;SECRETARIA DE ESTADO DE GOVERNO;42;AUXILIOS;1;AUXILIOS;15;RECURSOS ORDINARIOS - OUTROS RECURSOS NAO VINCULADOS;118841,75;118841,75;118841,75
9422309;1172;2024-04-12 00:00:00;PM CANAPOLIS;18.457.200/0001-33;1491;SEGOV;SECRETARIA DE ESTADO DE GOVERNO;42;AUXILIOS;1;AUXILIOS;15;RECURSOS ORDINARIOS - OUTROS RECURSOS NAO VINCULADOS;314388,16;314388,16;314388,16
9422320;500;2024-04-15 00:00:00;PM CAXAMBU;18.008.870/0001-72;1261;SEE;SECRETARIA DE ESTADO DE EDUCACAO;42;AUXILIOS;1;AUXILIOS;10;RECURSOS ORDINARIOS - RECURSOS NAO VINCULADOS DE IMPOSTOS;303100,0;303100,0;303100,0
9422321;501;2024-04-15 00:00:00;PM PEDRO TEIXEIRA;18.338.228/0001-51;1261;SEE;SECRETARIA DE ESTADO DE EDUCACAO;42;AUXILIOS;1;AUXILIOS;10;RECURSOS ORDINARIOS - RECURSOS NAO VINCULADOS DE IMPOSTOS;625000,0;625000,0;625000,0
9422322;502;2024-04-15 00:00:00;PM SANTANA DO GARAMBEU;18.338.285/0001-30;1261;SEE;SECRETARIA DE ESTADO DE EDUCACAO;42;AUXILIOS;1;AUXILIOS;10;RECURSOS ORDINARIOS - RECURSOS NAO VINCULADOS DE IMPOSTOS;338206,48;338206,48;338206,48
9422324;503;2024-04-15 00:00:00;PM RUBIM;18.349.944/0001-34;1261;SEE;SECRETARIA DE ESTADO DE EDUCACAO;42;AUXILIOS;1;AUXILIOS;10;RECURSOS ORDINARIOS - RECURSOS NAO VINCULADOS DE IMPOSTOS;625000,0;625000,0;625000,0
9423330;2492;2024-04-16 00:00:00;PM CAMPESTRE;18.178.400/0001-57;1491;SEGOV;SECRETARIA DE ESTADO DE GOVERNO;42;AUXILIOS;1;AUXILIOS;15;RECURSOS ORDINARIOS - OUTROS RECURSOS NAO VINCULADOS;78591,24;78591,24;78591,24
9423331;2101;2024-04-15 00:00:00;PM SAO JOAO EVANGELISTA;18.307.488/0001-60;1491;SEGOV;SECRETARIA DE ESTADO DE GOVERNO;42;AUXILIOS;1;AUXILIOS;15;RECURSOS ORDINARIOS - OUTROS RECURSOS NAO VINCULADOS;400000,0;400000,0;400000,0
9423333;2103;2024-04-15 00:00:00;PM SAO GERALDO DA PIEDADE;18.307.470/0001-68;1491;SEGOV;SECRETARIA DE ESTADO DE GOVERNO;42;AUXILIOS;1;AUXILIOS;15;RECURSOS ORDINARIOS - OUTROS RECURSOS NAO VINCULADOS;239000,0;239000,0;239000,0
9423334;2109;2024-04-15 00:00:00;PM SAO GERALDO DA PIEDADE;18.307.470/0001-68;1491;SEGOV;SECRETARIA DE ESTADO DE GOVERNO;42;AUXILIOS;1;AUXILIOS;15;RECURSOS ORDINARIOS - OUTROS RECURSOS NAO VINCULADOS;157000,0;157000,0;157000,0
9423335;2114;2024-04-15 00:00:00;PM JAIBA;25.209.149/0001-06;1491;SEGOV;SECRETARIA DE ESTADO DE GOVERNO;42;AUXILIOS;1;AUXILIOS;15;RECURSOS ORDINARIOS - OUTROS RECURSOS NAO VINCULADOS;158160,0;158160,0;158160,0
9423336;2117;2024-04-15 00:00:00;PM CLARAVAL;17.894.056/0001-30;1491;SEGOV;SECRETARIA DE ESTADO DE GOVERNO;42;AUXILIOS;1;AUXILIOS;15;RECURSOS ORDINARIOS - OUTROS RECURSOS NAO VINCULADOS;78477,5;78477,5;78477,5
9423337;511;2024-04-15 00:00:00;PM SILVEIRANIA;17.744.558/0001-84;1261;SEE;SECRETARIA DE ESTADO DE EDUCACAO;42;AUXILIOS;1;AUXILIOS;10;RECURSOS ORDINARIOS - RECURSOS NAO VINCULADOS DE IMPOSTOS;500000,0;500000,0;500000,0
9423338;513;2024-04-15 00:00:00;PM PATOS DE MINAS;18.602.011/0001-07;1261;SEE;SECRETARIA DE ESTADO DE EDUCACAO;42;AUXILIOS;1;AUXILIOS;10;RECURSOS ORDINARIOS - RECURSOS NAO VINCULADOS DE IMPOSTOS;100000,0;100000,0;100000,0
9423339;512;2024-04-15 00:00:00;PM TURMALINA;25.324.187/0001-00;1261;SEE;SECRETARIA DE ESTADO DE EDUCACAO;42;AUXILIOS;1;AUXILIOS;10;RECURSOS ORDINARIOS - RECURSOS NAO VINCULADOS DE IMPOSTOS;317563,8;317563,8;317563,8
9423349;393;2024-04-17 00:00:00;PM CALDAS;18.625.129/0001-50;1301;SEINFRA;SECRETARIA DE ESTADO DE INFRAESTRUTURA, MOBILIDADE E PARCERIAS;42;AUXILIOS;1;AUXILIOS;15;RECURSOS ORDINARIOS - OUTROS RECURSOS NAO VINCULADOS;1000000,0;1000000,0;1000000,0
9423351;389;2024-04-16 00:00:00;PM SAO PEDRO DO SUACUI;18.409.243/0001-43;1301;SEINFRA;SECRETARIA DE ESTADO DE INFRAESTRUTURA, MOBILIDADE E PARCERIAS;42;AUXILIOS;1;AUXILIOS;15;RECURSOS ORDINARIOS - OUTROS RECURSOS NAO VINCULADOS;400000,0;400000,0;400000,0
9423352;390;2024-04-16 00:00:00;PM SAO PEDRO DO SUACUI;18.409.243/0001-43;1301;SEINFRA;SECRETARIA DE ESTADO DE INFRAESTRUTURA, MOBILIDADE E PARCERIAS;42;AUXILIOS;1;AUXILIOS;15;RECURSOS ORDINARIOS - OUTROS RECURSOS NAO VINCULADOS;200000,0;200000,0;200000,0
9423356;113;2024-04-17 00:00:00;PM ITUIUTABA;18.457.218/0001-35;1231;SEAPA;SECRETARIA DE ESTADO DE AGRICULTURA, PECUARIA E ABASTECIMENTO;41;CONTRIBUICOES;1;CONTRIBUICOES;15;RECURSOS ORDINARIOS - OUTROS RECURSOS NAO VINCULADOS;290073,02;290073,02;290073,02
9423357;153;2024-05-08 00:00:00;PM OLHOS-D'AGUA;01.612.547/0001-00;1231;SEAPA;SECRETARIA DE ESTADO DE AGRICULTURA, PECUARIA E ABASTECIMENTO;41;CONTRIBUICOES;1;CONTRIBUICOES;15;RECURSOS ORDINARIOS - OUTROS RECURSOS NAO VINCULADOS;380000,0;380000,0;380000,0
9423358;394;2024-04-17 00:00:00;PM NANUQUE;18.398.974/0001-30;1301;SEINFRA;SECRETARIA DE ESTADO DE INFRAESTRUTURA, MOBILIDADE E PARCERIAS;42;AUXILIOS;1;AUXILIOS;15;RECURSOS ORDINARIOS - OUTROS RECURSOS NAO VINCULADOS;682717,44;682717,44;682717,44
9423360;395;2024-04-17 00:00:00;PM BRASILANDIA DE MINAS;01.602.009/0001-35;1301;SEINFRA;SECRETARIA DE ESTADO DE INFRAESTRUTURA, MOBILIDADE E PARCERIAS;42;AUXILIOS;1;AUXILIOS;15;RECURSOS ORDINARIOS - OUTROS RECURSOS NAO VINCULADOS;300000,0;300000,0;300000,0
9423362;396;2024-04-17 00:00:00;PM CAETE;18.302.299/0001-02;1301;SEINFRA;SECRETARIA DE ESTADO DE INFRAESTRUTURA, MOBILIDADE E PARCERIAS;42;AUXILIOS;1;AUXILIOS;15;RECURSOS ORDINARIOS - OUTROS RECURSOS NAO VINCULADOS;350000,0;350000,0;350000,0
9423363;397;2024-04-17 00:00:00;PM SAO JOSE DO DIVINO;18.404.988/0001-10;1301;SEINFRA;SECRETARIA DE ESTADO DE INFRAESTRUTURA, MOBILIDADE E PARCERIAS;42;AUXILIOS;1;AUXILIOS;15;RECURSOS ORDINARIOS - OUTROS RECURSOS NAO VINCULADOS;500000,0;500000,0;500000,0
9423377;398;2024-04-17 00:00:00;PM SANTA MARGARIDA;18.385.112/0001-73;1301;SEINFRA;SECRETARIA DE ESTADO DE INFRAESTRUTURA, MOBILIDADE E PARCERIAS;42;AUXILIOS;1;AUXILIOS;15;RECURSOS ORDINARIOS - OUTROS RECURSOS NAO VINCULADOS;550000,0;550000,0;550000,0
9423378;399;2024-04-17 00:00:00;PM CUPARAQUE;01.615.422/0001-34;1301;SEINFRA;SECRETARIA DE ESTADO DE INFRAESTRUTURA, MOBILIDADE E PARCERIAS;42;AUXILIOS;1;AUXILIOS;15;RECURSOS ORDINARIOS - OUTROS RECURSOS NAO VINCULADOS;900000,0;900000,0;900000,0
9423380;3555;2024-04-17 00:00:00;PM MARMELOPOLIS;18.026.021/0001-41;1491;SEGOV;SECRETARIA DE ESTADO DE GOVERNO;42;AUXILIOS;1;AUXILIOS;15;RECURSOS ORDINARIOS - OUTROS RECURSOS NAO VINCULADOS;78682,5;78682,5;78682,5
9423381;3557;2024-04-17 00:00:00;PM SANTANA DO PARAISO;38.515.573/0001-20;1491;SEGOV;SECRETARIA DE ESTADO DE GOVERNO;42;AUXILIOS;1;AUXILIOS;15;RECURSOS ORDINARIOS - OUTROS RECURSOS NAO VINCULADOS;77977,5;77977,5;77977,5
9423383;405;2024-04-18 00:00:00;PM SAO JOAO DO MANHUACU;66.232.521/0001-82;1301;SEINFRA;SECRETARIA DE ESTADO DE INFRAESTRUTURA, MOBILIDADE E PARCERIAS;42;AUXILIOS;1;AUXILIOS;15;RECURSOS ORDINARIOS - OUTROS RECURSOS NAO VINCULADOS;1050000,0;1050000,0;1050000,0
9423389;408;2024-04-19 00:00:00;PM VAZANTE;18.278.069/0001-47;1301;SEINFRA;SECRETARIA DE ESTADO DE INFRAESTRUTURA, MOBILIDADE E PARCERIAS;42;AUXILIOS;1;AUXILIOS;15;RECURSOS ORDINARIOS - OUTROS RECURSOS NAO VINCULADOS;250000,0;250000,0;250000,0
9423391;526;2024-04-22 00:00:00;PM CRUZILIA;18.008.904/0001-29;1261;SEE;SECRETARIA DE ESTADO DE EDUCACAO;42;AUXILIOS;1;AUXILIOS;10;RECURSOS ORDINARIOS - RECURSOS NAO VINCULADOS DE IMPOSTOS;200000,0;200000,0;200000,0
9423392;527;2024-04-22 00:00:00;PM IGARAPE;18.715.474/0001-85;1261;SEE;SECRETARIA DE ESTADO DE EDUCACAO;42;AUXILIOS;1;AUXILIOS;10;RECURSOS ORDINARIOS - RECURSOS NAO VINCULADOS DE IMPOSTOS;1172000,0;1172000,0;1172000,0
9423406;403;2024-04-18 00:00:00;PM FREI GASPAR;18.404.913/0001-39;1301;SEINFRA;SECRETARIA DE ESTADO DE INFRAESTRUTURA, MOBILIDADE E PARCERIAS;42;AUXILIOS;1;AUXILIOS;15;RECURSOS ORDINARIOS - OUTROS RECURSOS NAO VINCULADOS;300000,0;300000,0;300000,0
9423407;406;2024-04-18 00:00:00;PM MONTE SANTO DE MINAS;18.241.372/0001-75;1301;SEINFRA;SECRETARIA DE ESTADO DE INFRAESTRUTURA, MOBILIDADE E PARCERIAS;42;AUXILIOS;1;AUXILIOS;15;RECURSOS ORDINARIOS - OUTROS RECURSOS NAO VINCULADOS;300000,0;300000,0;300000,0
9423408;404;2024-04-18 00:00:00;PM SAO JOAO DO MANHUACU;66.232.521/0001-82;1301;SEINFRA;SECRETARIA DE ESTADO DE INFRAESTRUTURA, MOBILIDADE E PARCERIAS;42;AUXILIOS;1;AUXILIOS;15;RECURSOS ORDINARIOS - OUTROS RECURSOS NAO VINCULADOS;400000,0;400000,0;400000,0
9423412;3598;2024-04-18 00:00:00;PM PARA DE MINAS;18.313.817/0001-85;1491;SEGOV;SECRETARIA DE ESTADO DE GOVERNO;42;AUXILIOS;1;AUXILIOS;15;RECURSOS ORDINARIOS - OUTROS RECURSOS NAO VINCULADOS;392387,5;392387,5;392387,5
9423415;521;2024-04-18 00:00:00;PM MARLIERIA;16.796.872/0001-48;1261;SEE;SECRETARIA DE ESTADO DE EDUCACAO;42;AUXILIOS;1;AUXILIOS;10;RECURSOS ORDINARIOS - RECURSOS NAO VINCULADOS DE IMPOSTOS;341622,7;341622,7;341622,7
9423418;522;2024-04-18 00:00:00;PM BOM JESUS DO GALHO;18.334.276/0001-71;1261;SEE;SECRETARIA DE ESTADO DE EDUCACAO;42;AUXILIOS;1;AUXILIOS;10;RECURSOS ORDINARIOS - RECURSOS NAO VINCULADOS DE IMPOSTOS;341622,7;341622,7;341622,7
9423419;133;2024-04-24 00:00:00;PM AREADO;18.243.246/0001-50;1231;SEAPA;SECRETARIA DE ESTADO DE AGRICULTURA, PECUARIA E ABASTECIMENTO;41;CONTRIBUICOES;1;CONTRIBUICOES;15;RECURSOS ORDINARIOS - OUTROS RECURSOS NAO VINCULADOS;330000,0;330000,0;330000,0
9423419;138;2024-04-29 00:00:00;PM AREADO;18.243.246/0001-50;1231;SEAPA;SECRETARIA DE ESTADO DE AGRICULTURA, PECUARIA E ABASTECIMENTO;41;CONTRIBUICOES;1;CONTRIBUICOES;10;RECURSOS ORDINARIOS - RECURSOS NAO VINCULADOS DE IMPOSTOS;100000,0;100000,0;100000,0
9423420;134;2024-04-24 00:00:00;PM PECANHA;18.409.227/0001-50;1231;SEAPA;SECRETARIA DE ESTADO DE AGRICULTURA, PECUARIA E ABASTECIMENTO;41;CONTRIBUICOES;1;CONTRIBUICOES;15;RECURSOS ORDINARIOS - OUTROS RECURSOS NAO VINCULADOS;626670,0;626670,0;626670,0
9423440;3600;2024-04-18 00:00:00;PM SILVIANOPOLIS;18.675.942/0001-35;1491;SEGOV;SECRETARIA DE ESTADO DE GOVERNO;42;AUXILIOS;1;AUXILIOS;15;RECURSOS ORDINARIOS - OUTROS RECURSOS NAO VINCULADOS;119633,25;119633,25;119633,25
9423441;3599;2024-04-18 00:00:00;PM VICOSA;18.132.449/0001-79;1491;SEGOV;SECRETARIA DE ESTADO DE GOVERNO;42;AUXILIOS;1;AUXILIOS;15;RECURSOS ORDINARIOS - OUTROS RECURSOS NAO VINCULADOS;589228,69;589228,69;589228,69
9423442;3601;2024-04-18 00:00:00;PM RIO PARDO DE MINAS;24.212.862/0001-46;1491;SEGOV;SECRETARIA DE ESTADO DE GOVERNO;42;AUXILIOS;1;AUXILIOS;15;RECURSOS ORDINARIOS - OUTROS RECURSOS NAO VINCULADOS;79080,0;79080,0;79080,0
9423631;409;2024-04-19 00:00:00;PM LAGOA SANTA;73.357.469/0001-56;1301;SEINFRA;SECRETARIA DE ESTADO DE INFRAESTRUTURA, MOBILIDADE E PARCERIAS;42;AUXILIOS;1;AUXILIOS;15;RECURSOS ORDINARIOS - OUTROS RECURSOS NAO VINCULADOS;1000000,0;1000000,0;1000000,0
9423632;234;2024-04-26 00:00:00;PM SANTANA DO MANHUACU;18.385.146/0001-68;1371;SEMAD;SECRETARIA DE ESTADO DE MEIO AMBIENTE E DESENVOLVIMENTO SUSTENTAVEL;41;CONTRIBUICOES;1;CONTRIBUICOES;15;RECURSOS ORDINARIOS - OUTROS RECURSOS NAO VINCULADOS;500000,0;500000,0;500000,0
9423633;233;2024-04-26 00:00:00;PM PEDRO TEIXEIRA;18.338.228/0001-51;1371;SEMAD;SECRETARIA DE ESTADO DE MEIO AMBIENTE E DESENVOLVIMENTO SUSTENTAVEL;41;CONTRIBUICOES;1;CONTRIBUICOES;15;RECURSOS ORDINARIOS - OUTROS RECURSOS NAO VINCULADOS;1782000,0;1782000,0;1782000,0
9423662;139;2024-04-29 00:00:00;PM SANTO ANTONIO DO AMPARO;18.244.335/0001-10;1231;SEAPA;SECRETARIA DE ESTADO DE AGRICULTURA, PECUARIA E ABASTECIMENTO;41;CONTRIBUICOES;1;CONTRIBUICOES;10;RECURSOS ORDINARIOS - RECURSOS NAO VINCULADOS DE IMPOSTOS;70000,0;70000,0;70000,0
9423663;137;2024-04-29 00:00:00;PM POCRANE;18.334.318/0001-74;1231;SEAPA;SECRETARIA DE ESTADO DE AGRICULTURA, PECUARIA E ABASTECIMENTO;41;CONTRIBUICOES;1;CONTRIBUICOES;10;RECURSOS ORDINARIOS - RECURSOS NAO VINCULADOS DE IMPOSTOS;100000,0;100000,0;100000,0
9423665;141;2024-04-29 00:00:00;PM RUBIM;18.349.944/0001-34;1231;SEAPA;SECRETARIA DE ESTADO DE AGRICULTURA, PECUARIA E ABASTECIMENTO;41;CONTRIBUICOES;1;CONTRIBUICOES;10;RECURSOS ORDINARIOS - RECURSOS NAO VINCULADOS DE IMPOSTOS;30000,0;30000,0;30000,0
9423666;140;2024-04-29 00:00:00;PM SANTA MARIA DO SALTO;18.347.419/0001-80;1231;SEAPA;SECRETARIA DE ESTADO DE AGRICULTURA, PECUARIA E ABASTECIMENTO;41;CONTRIBUICOES;1;CONTRIBUICOES;10;RECURSOS ORDINARIOS - RECURSOS NAO VINCULADOS DE IMPOSTOS;30000,0;30000,0;30000,0
9424143;413;2024-04-22 00:00:00;PM VIEIRAS;17.947.599/0001-78;1301;SEINFRA;SECRETARIA DE ESTADO DE INFRAESTRUTURA, MOBILIDADE E PARCERIAS;42;AUXILIOS;1;AUXILIOS;15;RECURSOS ORDINARIOS - OUTROS RECURSOS NAO VINCULADOS;1000000,0;1000000,0;1000000,0
9424144;412;2024-04-22 00:00:00;PM VIEIRAS;17.947.599/0001-78;1301;SEINFRA;SECRETARIA DE ESTADO DE INFRAESTRUTURA, MOBILIDADE E PARCERIAS;42;AUXILIOS;1;AUXILIOS;15;RECURSOS ORDINARIOS - OUTROS RECURSOS NAO VINCULADOS;500000,0;500000,0;500000,0
9424145;565;2024-05-02 00:00:00;PM VERMELHO NOVO;01.620.744/0001-71;1261;SEE;SECRETARIA DE ESTADO DE EDUCACAO;42;AUXILIOS;1;AUXILIOS;10;RECURSOS ORDINARIOS - RECURSOS NAO VINCULADOS DE IMPOSTOS;318000,0;318000,0;318000,0
9424146;1217;2024-04-26 00:00:00;PM POCO FUNDO;18.242.792/0001-76;1261;SEE;SECRETARIA DE ESTADO DE EDUCACAO;42;AUXILIOS;1;AUXILIOS;10;RECURSOS ORDINARIOS - RECURSOS NAO VINCULADOS DE IMPOSTOS;100000,0;100000,0;100000,0
9424147;414;2024-04-22 00:00:00;PM MUZAMBINHO;18.668.624/0001-47;1301;SEINFRA;SECRETARIA DE ESTADO DE INFRAESTRUTURA, MOBILIDADE E PARCERIAS;42;AUXILIOS;1;AUXILIOS;15;RECURSOS ORDINARIOS - OUTROS RECURSOS NAO VINCULADOS;400000,0;400000,0;400000,0
9424148;532;2024-04-26 00:00:00;PM LAGOA DOS PATOS;16.901.381/0001-10;1261;SEE;SECRETARIA DE ESTADO DE EDUCACAO;42;AUXILIOS;1;AUXILIOS;10;RECURSOS ORDINARIOS - RECURSOS NAO VINCULADOS DE IMPOSTOS;1064000,0;1064000,0;1064000,0
9424149;529;2024-04-26 00:00:00;PM PINTOPOLIS;01.612.481/0001-59;1261;SEE;SECRETARIA DE ESTADO DE EDUCACAO;42;AUXILIOS;1;AUXILIOS;10;RECURSOS ORDINARIOS - RECURSOS NAO VINCULADOS DE IMPOSTOS;300000,0;300000,0;300000,0
9424150;530;2024-04-26 00:00:00;PM AUGUSTO DE LIMA;17.694.845/0001-27;1261;SEE;SECRETARIA DE ESTADO DE EDUCACAO;42;AUXILIOS;1;AUXILIOS;10;RECURSOS ORDINARIOS - RECURSOS NAO VINCULADOS DE IMPOSTOS;100000,0;100000,0;100000,0
9424151;533;2024-04-26 00:00:00;PM SERRANIA;18.243.261/0001-06;1261;SEE;SECRETARIA DE ESTADO DE EDUCACAO;42;AUXILIOS;1;AUXILIOS;10;RECURSOS ORDINARIOS - RECURSOS NAO VINCULADOS DE IMPOSTOS;318000,0;318000,0;318000,0
9424152;808;2024-04-23 00:00:00;PM LADAINHA;18.404.863/0001-90;1261;SEE;SECRETARIA DE ESTADO DE EDUCACAO;42;AUXILIOS;1;AUXILIOS;10;RECURSOS ORDINARIOS - RECURSOS NAO VINCULADOS DE IMPOSTOS;1672048,27;1672048,27;1672048,27
9424153;3602;2024-04-23 00:00:00;PM TAPIRA;18.140.806/0001-40;1491;SEGOV;SECRETARIA DE ESTADO DE GOVERNO;42;AUXILIOS;1;AUXILIOS;15;RECURSOS ORDINARIOS - OUTROS RECURSOS NAO VINCULADOS;836801,65;836801,65;836801,65
9424154;3603;2024-04-23 00:00:00;PM VESPASIANO;18.715.425/0001-42;1491;SEGOV;SECRETARIA DE ESTADO DE GOVERNO;42;AUXILIOS;1;AUXILIOS;15;RECURSOS ORDINARIOS - OUTROS RECURSOS NAO VINCULADOS;117492,0;117492,0;117492,0
9424156;2233;2024-04-25 00:00:00;PM BAEPENDI;18.008.862/0001-26;1271;SECULT;SECRETARIA DE ESTADO DE CULTURA E TURISMO;41;CONTRIBUICOES;1;CONTRIBUICOES;15;RECURSOS ORDINARIOS - OUTROS RECURSOS NAO VINCULADOS;297000,0;297000,0;297000,0
9424161;152;2024-05-08 00:00:00;PM PIRAJUBA;18.428.847/0001-37;1231;SEAPA;SECRETARIA DE ESTADO DE AGRICULTURA, PECUARIA E ABASTECIMENTO;41;CONTRIBUICOES;1;CONTRIBUICOES;15;RECURSOS ORDINARIOS - OUTROS RECURSOS NAO VINCULADOS;300000,0;300000,0;300000,0
9424180;3613;2024-04-23 00:00:00;PM TUMIRITINGA;21.078.563/0001-72;1491;SEGOV;SECRETARIA DE ESTADO DE GOVERNO;42;AUXILIOS;1;AUXILIOS;15;RECURSOS ORDINARIOS - OUTROS RECURSOS NAO VINCULADOS;597758,75;597758,75;597758,75
9424255;241;2024-04-30 00:00:00;PM ARAPUA;19.942.895/0001-01;1371;SEMAD;SECRETARIA DE ESTADO DE MEIO AMBIENTE E DESENVOLVIMENTO SUSTENTAVEL;41;CONTRIBUICOES;1;CONTRIBUICOES;15;RECURSOS ORDINARIOS - OUTROS RECURSOS NAO VINCULADOS;600000,0;600000,0;600000,0
9424256;420;2024-04-24 00:00:00;PM MANHUMIRIM;18.392.530/0001-98;1301;SEINFRA;SECRETARIA DE ESTADO DE INFRAESTRUTURA, MOBILIDADE E PARCERIAS;42;AUXILIOS;1;AUXILIOS;15;RECURSOS ORDINARIOS - OUTROS RECURSOS NAO VINCULADOS;950000,0;950000,0;950000,0
9424257;3606;2024-04-23 00:00:00;PM ILICINEA;18.239.608/0001-39;1491;SEGOV;SECRETARIA DE ESTADO DE GOVERNO;42;AUXILIOS;1;AUXILIOS;15;RECURSOS ORDINARIOS - OUTROS RECURSOS NAO VINCULADOS;117492,0;117492,0;117492,0
9424258;243;2024-04-30 00:00:00;PM CAMPOS GERAIS;18.245.175/0001-24;1371;SEMAD;SECRETARIA DE ESTADO DE MEIO AMBIENTE E DESENVOLVIMENTO SUSTENTAVEL;41;CONTRIBUICOES;1;CONTRIBUICOES;15;RECURSOS ORDINARIOS - OUTROS RECURSOS NAO VINCULADOS;200000,0;200000,0;200000,0
9424259;3604;2024-04-23 00:00:00;PM POCO FUNDO;18.242.792/0001-76;1491;SEGOV;SECRETARIA DE ESTADO DE GOVERNO;42;AUXILIOS;1;AUXILIOS;15;RECURSOS ORDINARIOS - OUTROS RECURSOS NAO VINCULADOS;314063,8;314063,8;314063,8
9424260;242;2024-04-30 00:00:00;PM LIMA DUARTE;18.338.186/0001-59;1371;SEMAD;SECRETARIA DE ESTADO DE MEIO AMBIENTE E DESENVOLVIMENTO SUSTENTAVEL;41;CONTRIBUICOES;1;CONTRIBUICOES;15;RECURSOS ORDINARIOS - OUTROS RECURSOS NAO VINCULADOS;250000,0;250000,0;250000,0
9424261;3605;2024-04-23 00:00:00;PM TUMIRITINGA;21.078.563/0001-72;1491;SEGOV;SECRETARIA DE ESTADO DE GOVERNO;42;AUXILIOS;1;AUXILIOS;15;RECURSOS ORDINARIOS - OUTROS RECURSOS NAO VINCULADOS;104245,0;104245,0;104245,0
9424262;3608;2024-04-23 00:00:00;PM BRASILANDIA DE MINAS;01.602.009/0001-35;1491;SEGOV;SECRETARIA DE ESTADO DE GOVERNO;42;AUXILIOS;1;AUXILIOS;15;RECURSOS ORDINARIOS - OUTROS RECURSOS NAO VINCULADOS;88623,86;88623,86;88623,86
9424264;3609;2024-04-23 00:00:00;PM MARMELOPOLIS;18.026.021/0001-41;1491;SEGOV;SECRETARIA DE ESTADO DE GOVERNO;42;AUXILIOS;1;AUXILIOS;15;RECURSOS ORDINARIOS - OUTROS RECURSOS NAO VINCULADOS;300000,0;300000,0;300000,0
9424265;3607;2024-04-23 00:00:00;PM ALFENAS;18.243.220/0001-01;1491;SEGOV;SECRETARIA DE ESTADO DE GOVERNO;42;AUXILIOS;1;AUXILIOS;15;RECURSOS ORDINARIOS - OUTROS RECURSOS NAO VINCULADOS;88623,86;88623,86;88623,86
9424266;3612;2024-04-23 00:00:00;PM SANTA EFIGENIA DE MINAS;18.307.462/0001-11;1491;SEGOV;SECRETARIA DE ESTADO DE GOVERNO;42;AUXILIOS;1;AUXILIOS;15;RECURSOS ORDINARIOS - OUTROS RECURSOS NAO VINCULADOS;314000,0;314000,0;314000,0
9424267;3614;2024-04-23 00:00:00;PM SAO JOSE DO MANTIMENTO;18.392.514/0001-03;1491;SEGOV;SECRETARIA DE ESTADO DE GOVERNO;42;AUXILIOS;1;AUXILIOS;15;RECURSOS ORDINARIOS - OUTROS RECURSOS NAO VINCULADOS;104365,8;104365,8;104365,8
9424268;3611;2024-04-23 00:00:00;PM ITABIRINHA;17.125.444/0001-56;1491;SEGOV;SECRETARIA DE ESTADO DE GOVERNO;42;AUXILIOS;1;AUXILIOS;15;RECURSOS ORDINARIOS - OUTROS RECURSOS NAO VINCULADOS;104820,0;104820,0;104820,0
9424270;3610;2024-04-23 00:00:00;PM MARMELOPOLIS;18.026.021/0001-41;1491;SEGOV;SECRETARIA DE ESTADO DE GOVERNO;42;AUXILIOS;1;AUXILIOS;15;RECURSOS ORDINARIOS - OUTROS RECURSOS NAO VINCULADOS;78682,5;78682,5;78682,5
9424271;3615;2024-04-23 00:00:00;PM IPABA;66.229.543/0001-93;1491;SEGOV;SECRETARIA DE ESTADO DE GOVERNO;42;AUXILIOS;1;AUXILIOS;15;RECURSOS ORDINARIOS - OUTROS RECURSOS NAO VINCULADOS;250000,0;250000,0;250000,0
9424282;269;2024-06-10 00:00:00;PM AGUAS FORMOSAS;18.404.749/0001-60;1481;SEDESE;SECRETARIA DE ESTADO DE DESENVOLVIMENTO SOCIAL;41;CONTRIBUICOES;1;CONTRIBUICOES;38;TRANSFERENCIAS DA UNIAO VINCULADAS AO ESPORTE;229369,38;229369,38;229369,38
9424283;1128;2024-04-26 00:00:00;PM SAO JOAO DA PONTE;16.928.483/0001-29;1261;SEE;SECRETARIA DE ESTADO DE EDUCACAO;42;AUXILIOS;1;AUXILIOS;10;RECURSOS ORDINARIOS - RECURSOS NAO VINCULADOS DE IMPOSTOS;1754645,3;1754645,3;1754645,3
9424290;531;2024-04-26 00:00:00;PM MARLIERIA;16.796.872/0001-48;1261;SEE;SECRETARIA DE ESTADO DE EDUCACAO;42;AUXILIOS;1;AUXILIOS;10;RECURSOS ORDINARIOS - RECURSOS NAO VINCULADOS DE IMPOSTOS;527000,0;527000,0;527000,0
9424291;2259;2024-04-25 00:00:00;PM IPATINGA;19.876.424/0001-42;1271;SECULT;SECRETARIA DE ESTADO DE CULTURA E TURISMO;41;CONTRIBUICOES;1;CONTRIBUICOES;15;RECURSOS ORDINARIOS - OUTROS RECURSOS NAO VINCULADOS;265000,0;265000,0;265000,0
9424292;2307;2024-04-26 00:00:00;PM DELFIM MOREIRA;18.025.924/0001-08;1271;SECULT;SECRETARIA DE ESTADO DE CULTURA E TURISMO;41;CONTRIBUICOES;1;CONTRIBUICOES;15;RECURSOS ORDINARIOS - OUTROS RECURSOS NAO VINCULADOS;270000,0;270000,0;270000,0
9424293;2308;2024-04-26 00:00:00;PM VESPASIANO;18.715.425/0001-42;1271;SECULT;SECRETARIA DE ESTADO DE CULTURA E TURISMO;41;CONTRIBUICOES;1;CONTRIBUICOES;15;RECURSOS ORDINARIOS - OUTROS RECURSOS NAO VINCULADOS;270000,0;270000,0;270000,0
9424294;2261;2024-04-25 00:00:00;PM LEOPOLDINA;17.733.643/0001-47;1271;SECULT;SECRETARIA DE ESTADO DE CULTURA E TURISMO;41;CONTRIBUICOES;1;CONTRIBUICOES;15;RECURSOS ORDINARIOS - OUTROS RECURSOS NAO VINCULADOS;331650,0;331650,0;331650,0
9424295;419;2024-04-24 00:00:00;PM CRUCILANDIA;18.313.007/0001-29;1301;SEINFRA;SECRETARIA DE ESTADO DE INFRAESTRUTURA, MOBILIDADE E PARCERIAS;42;AUXILIOS;1;AUXILIOS;15;RECURSOS ORDINARIOS - OUTROS RECURSOS NAO VINCULADOS;500000,0;500000,0;500000,0
9424299;3616;2024-04-25 00:00:00;PM ALTO CAPARAO;01.616.270/0001-94;1491;SEGOV;SECRETARIA DE ESTADO DE GOVERNO;42;AUXILIOS;1;AUXILIOS;15;RECURSOS ORDINARIOS - OUTROS RECURSOS NAO VINCULADOS;1000000,0;500000,0;500000,0
9424300;3617;2024-04-25 00:00:00;PM SANTANA DA VARGEM;18.245.183/0001-70;1491;SEGOV;SECRETARIA DE ESTADO DE GOVERNO;42;AUXILIOS;1;AUXILIOS;15;RECURSOS ORDINARIOS - OUTROS RECURSOS NAO VINCULADOS;164092,44;164092,44;164092,44
9424323;426;2024-04-26 00:00:00;PM CENTRAL DE MINAS;17.990.714/0001-97;1301;SEINFRA;SECRETARIA DE ESTADO DE INFRAESTRUTURA, MOBILIDADE E PARCERIAS;42;AUXILIOS;1;AUXILIOS;15;RECURSOS ORDINARIOS - OUTROS RECURSOS NAO VINCULADOS;1100000,0;1100000,0;1100000,0
9424325;423;2024-04-25 00:00:00;PM SANTA RITA DE CALDAS;17.857.442/0001-51;1301;SEINFRA;SECRETARIA DE ESTADO DE INFRAESTRUTURA, MOBILIDADE E PARCERIAS;42;AUXILIOS;1;AUXILIOS;15;RECURSOS ORDINARIOS - OUTROS RECURSOS NAO VINCULADOS;500000,0;500000,0;500000,0
9424326;3619;2024-04-25 00:00:00;PM BUGRE;01.613.126/0001-02;1491;SEGOV;SECRETARIA DE ESTADO DE GOVERNO;42;AUXILIOS;1;AUXILIOS;15;RECURSOS ORDINARIOS - OUTROS RECURSOS NAO VINCULADOS;381173,9;381173,9;381173,9
9424327;3620;2024-04-25 00:00:00;PM ATALEIA;16.971.376/0001-83;1491;SEGOV;SECRETARIA DE ESTADO DE GOVERNO;42;AUXILIOS;1;AUXILIOS;15;RECURSOS ORDINARIOS - OUTROS RECURSOS NAO VINCULADOS;500000,0;500000,0;500000,0
9424328;3621;2024-04-25 00:00:00;PM PRESIDENTE OLEGARIO;18.602.060/0001-40;1491;SEGOV;SECRETARIA DE ESTADO DE GOVERNO;42;AUXILIOS;1;AUXILIOS;15;RECURSOS ORDINARIOS - OUTROS RECURSOS NAO VINCULADOS;550000,0;550000,0;550000,0
9424329;3622;2024-04-25 00:00:00;PM PECANHA;18.409.227/0001-50;1491;SEGOV;SECRETARIA DE ESTADO DE GOVERNO;42;AUXILIOS;1;AUXILIOS;15;RECURSOS ORDINARIOS - OUTROS RECURSOS NAO VINCULADOS;760000,0;760000,0;760000,0
9424331;3618;2024-04-25 00:00:00;PM TAIOBEIRAS;18.017.384/0001-10;1491;SEGOV;SECRETARIA DE ESTADO DE GOVERNO;42;AUXILIOS;1;AUXILIOS;10;RECURSOS ORDINARIOS - RECURSOS NAO VINCULADOS DE IMPOSTOS;78677,5;78677,5;78677,5
9424332;3623;2024-04-25 00:00:00;PM EUGENOPOLIS;17.947.656/0001-19;1491;SEGOV;SECRETARIA DE ESTADO DE GOVERNO;42;AUXILIOS;1;AUXILIOS;15;RECURSOS ORDINARIOS - OUTROS RECURSOS NAO VINCULADOS;79080,0;79080,0;79080,0
9424336;433;2024-04-25 00:00:00;PM IPANEMA;18.334.292/0001-64;1261;SEE;SECRETARIA DE ESTADO DE EDUCACAO;42;AUXILIOS;1;AUXILIOS;10;RECURSOS ORDINARIOS - RECURSOS NAO VINCULADOS DE IMPOSTOS;1751777,56;1751777,56;1751777,56
9424338;538;2024-04-26 00:00:00;PM GRUPIARA;17.827.858/0001-27;1261;SEE;SECRETARIA DE ESTADO DE EDUCACAO;42;AUXILIOS;1;AUXILIOS;10;RECURSOS ORDINARIOS - RECURSOS NAO VINCULADOS DE IMPOSTOS;427000,0;427000,0;427000,0
9424339;534;2024-04-26 00:00:00;PM JEQUITINHONHA;18.083.659/0001-14;1261;SEE;SECRETARIA DE ESTADO DE EDUCACAO;42;AUXILIOS;1;AUXILIOS;10;RECURSOS ORDINARIOS - RECURSOS NAO VINCULADOS DE IMPOSTOS;100000,0;100000,0;100000,0
9424340;535;2024-04-26 00:00:00;PM NOVA PORTEIRINHA;01.612.499/0001-50;1261;SEE;SECRETARIA DE ESTADO DE EDUCACAO;42;AUXILIOS;1;AUXILIOS;10;RECURSOS ORDINARIOS - RECURSOS NAO VINCULADOS DE IMPOSTOS;200000,0;200000,0;200000,0
9424341;536;2024-04-26 00:00:00;PM BAMBUI;20.920.567/0001-93;1261;SEE;SECRETARIA DE ESTADO DE EDUCACAO;42;AUXILIOS;1;AUXILIOS;10;RECURSOS ORDINARIOS - RECURSOS NAO VINCULADOS DE IMPOSTOS;520000,0;520000,0;520000,0
9424360;1216;2024-04-26 00:00:00;PM RIO PARANAIBA;18.602.045/0001-00;1261;SEE;SECRETARIA DE ESTADO DE EDUCACAO;42;AUXILIOS;1;AUXILIOS;10;RECURSOS ORDINARIOS - RECURSOS NAO VINCULADOS DE IMPOSTOS;250000,0;250000,0;250000,0
9424361;1219;2024-04-26 00:00:00;PM ROMARIA;18.160.044/0001-44;1261;SEE;SECRETARIA DE ESTADO DE EDUCACAO;42;AUXILIOS;1;AUXILIOS;10;RECURSOS ORDINARIOS - RECURSOS NAO VINCULADOS DE IMPOSTOS;250000,0;250000,0;250000,0
9424362;559;2024-04-30 00:00:00;PM DESTERRO DE ENTRE RIOS;20.356.762/0001-32;1261;SEE;SECRETARIA DE ESTADO DE EDUCACAO;42;AUXILIOS;1;AUXILIOS;10;RECURSOS ORDINARIOS - RECURSOS NAO VINCULADOS DE IMPOSTOS;250000,0;250000,0;250000,0
9424363;539;2024-04-26 00:00:00;PM DELFINOPOLIS;17.894.064/0001-86;1261;SEE;SECRETARIA DE ESTADO DE EDUCACAO;42;AUXILIOS;1;AUXILIOS;10;RECURSOS ORDINARIOS - RECURSOS NAO VINCULADOS DE IMPOSTOS;527000,0;527000,0;527000,0
9424381;429;2024-04-29 00:00:00;PM PRESIDENTE OLEGARIO;18.602.060/0001-40;1301;SEINFRA;SECRETARIA DE ESTADO DE INFRAESTRUTURA, MOBILIDADE E PARCERIAS;42;AUXILIOS;1;AUXILIOS;15;RECURSOS ORDINARIOS - OUTROS RECURSOS NAO VINCULADOS;300000,0;300000,0;300000,0
9424403;558;2024-04-30 00:00:00;PM JUATUBA;64.487.614/0001-22;1261;SEE;SECRETARIA DE ESTADO DE EDUCACAO;42;AUXILIOS;1;AUXILIOS;10;RECURSOS ORDINARIOS - RECURSOS NAO VINCULADOS DE IMPOSTOS;100000,0;100000,0;100000,0
9424404;439;2024-05-01 00:00:00;PM BUGRE;01.613.126/0001-02;1301;SEINFRA;SECRETARIA DE ESTADO DE INFRAESTRUTURA, MOBILIDADE E PARCERIAS;42;AUXILIOS;1;AUXILIOS;15;RECURSOS ORDINARIOS - OUTROS RECURSOS NAO VINCULADOS;650000,0;650000,0;650000,0
9424405;434;2024-04-30 00:00:00;PM CENTRALINA;18.260.497/0001-42;1301;SEINFRA;SECRETARIA DE ESTADO DE INFRAESTRUTURA, MOBILIDADE E PARCERIAS;42;AUXILIOS;1;AUXILIOS;15;RECURSOS ORDINARIOS - OUTROS RECURSOS NAO VINCULADOS;300000,0;300000,0;300000,0
9424407;2352;2024-04-30 00:00:00;PM TRES CORACOES;17.955.535/0001-19;1271;SECULT;SECRETARIA DE ESTADO DE CULTURA E TURISMO;41;CONTRIBUICOES;1;CONTRIBUICOES;15;RECURSOS ORDINARIOS - OUTROS RECURSOS NAO VINCULADOS;247500,0;247500,0;247500,0
9424408;432;2024-04-30 00:00:00;PM LAGOA GRANDE;23.097.454/0001-28;1301;SEINFRA;SECRETARIA DE ESTADO DE INFRAESTRUTURA, MOBILIDADE E PARCERIAS;42;AUXILIOS;1;AUXILIOS;15;RECURSOS ORDINARIOS - OUTROS RECURSOS NAO VINCULADOS;300000,0;300000,0;300000,0
9424409;433;2024-04-30 00:00:00;PM TAPARUBA;01.616.741/0001-64;1301;SEINFRA;SECRETARIA DE ESTADO DE INFRAESTRUTURA, MOBILIDADE E PARCERIAS;42;AUXILIOS;1;AUXILIOS;15;RECURSOS ORDINARIOS - OUTROS RECURSOS NAO VINCULADOS;2500000,0;2500000,0;2500000,0
9424410;3624;2024-04-29 00:00:00;PM DORES DE CAMPOS;18.094.821/0001-08;1491;SEGOV;SECRETARIA DE ESTADO DE GOVERNO;42;AUXILIOS;1;AUXILIOS;15;RECURSOS ORDINARIOS - OUTROS RECURSOS NAO VINCULADOS;315975,8;315975,8;315975,8
9424411;3625;2024-04-29 00:00:00;PM ITURAMA;18.457.242/0001-74;1491;SEGOV;SECRETARIA DE ESTADO DE GOVERNO;42;AUXILIOS;1;AUXILIOS;15;RECURSOS ORDINARIOS - OUTROS RECURSOS NAO VINCULADOS;1500000,0;1500000,0;1500000,0
9424412;3626;2024-04-29 00:00:00;PM JOSENOPOLIS;01.612.503/0001-80;1491;SEGOV;SECRETARIA DE ESTADO DE GOVERNO;42;AUXILIOS;1;AUXILIOS;15;RECURSOS ORDINARIOS - OUTROS RECURSOS NAO VINCULADOS;239033,5;239033,5;239033,5
9424413;3627;2024-04-29 00:00:00;PM MEDEIROS;20.920.617/0001-32;1491;SEGOV;SECRETARIA DE ESTADO DE GOVERNO;42;AUXILIOS;1;AUXILIOS;15;RECURSOS ORDINARIOS - OUTROS RECURSOS NAO VINCULADOS;117492,0;117492,0;117492,0
9424414;3628;2024-04-29 00:00:00;CONSORCIO INTERM. MULTIF. DO BAIXO JEQUITINHONHA;07.306.549/0001-58;1491;SEGOV;SECRETARIA DE ESTADO DE GOVERNO;42;AUXILIOS;1;AUXILIOS;15;RECURSOS ORDINARIOS - OUTROS RECURSOS NAO VINCULADOS;117492,0;117492,0;117492,0
9424415;3629;2024-04-29 00:00:00;PM MANHUMIRIM;18.392.530/0001-98;1491;SEGOV;SECRETARIA DE ESTADO DE GOVERNO;42;AUXILIOS;1;AUXILIOS;15;RECURSOS ORDINARIOS - OUTROS RECURSOS NAO VINCULADOS;78682,7;78682,7;78682,7
9424416;3630;2024-04-30 00:00:00;PM PEDRO LEOPOLDO;23.456.650/0001-41;1491;SEGOV;SECRETARIA DE ESTADO DE GOVERNO;42;AUXILIOS;1;AUXILIOS;15;RECURSOS ORDINARIOS - OUTROS RECURSOS NAO VINCULADOS;580746,67;580746,67;580746,67
9424426;438;2024-05-01 00:00:00;PM CAMPO FLORIDO;18.428.862/0001-85;1301;SEINFRA;SECRETARIA DE ESTADO DE INFRAESTRUTURA, MOBILIDADE E PARCERIAS;42;AUXILIOS;1;AUXILIOS;15;RECURSOS ORDINARIOS - OUTROS RECURSOS NAO VINCULADOS;500000,0;500000,0;500000,0
9424427;437;2024-05-01 00:00:00;PM ESPIRITO SANTO DO DOURADO;18.675.900/0001-02;1301;SEINFRA;SECRETARIA DE ESTADO DE INFRAESTRUTURA, MOBILIDADE E PARCERIAS;42;AUXILIOS;1;AUXILIOS;15;RECURSOS ORDINARIOS - OUTROS RECURSOS NAO VINCULADOS;318000,0;318000,0;318000,0
9424428;436;2024-04-30 00:00:00;PM SOBRALIA;18.083.055/0001-78;1301;SEINFRA;SECRETARIA DE ESTADO DE INFRAESTRUTURA, MOBILIDADE E PARCERIAS;42;AUXILIOS;1;AUXILIOS;15;RECURSOS ORDINARIOS - OUTROS RECURSOS NAO VINCULADOS;450000,0;450000,0;450000,0
9424429;440;2024-05-01 00:00:00;PM MONTE ALEGRE DE MINAS;18.431.155/0001-48;1301;SEINFRA;SECRETARIA DE ESTADO DE INFRAESTRUTURA, MOBILIDADE E PARCERIAS;42;AUXILIOS;1;AUXILIOS;15;RECURSOS ORDINARIOS - OUTROS RECURSOS NAO VINCULADOS;300000,0;300000,0;300000,0
9424450;3631;2024-05-02 00:00:00;PM PITANGUI;18.315.226/0001-47;1491;SEGOV;SECRETARIA DE ESTADO DE GOVERNO;42;AUXILIOS;1;AUXILIOS;15;RECURSOS ORDINARIOS - OUTROS RECURSOS NAO VINCULADOS;83437,2;83437,2;83437,2
9424451;3632;2024-05-02 00:00:00;PM SIMAO PEREIRA;18.338.293/0001-87;1491;SEGOV;SECRETARIA DE ESTADO DE GOVERNO;42;AUXILIOS;1;AUXILIOS;15;RECURSOS ORDINARIOS - OUTROS RECURSOS NAO VINCULADOS;600000,0;600000,0;600000,0
9424452;3633;2024-05-02 00:00:00;PM CARMESIA;18.303.172/0001-08;1491;SEGOV;SECRETARIA DE ESTADO DE GOVERNO;42;AUXILIOS;1;AUXILIOS;15;RECURSOS ORDINARIOS - OUTROS RECURSOS NAO VINCULADOS;625000,0;625000,0;625000,0
9424453;146;2024-05-03 00:00:00;PM GOUVEA;17.754.144/0001-36;1231;SEAPA;SECRETARIA DE ESTADO DE AGRICULTURA, PECUARIA E ABASTECIMENTO;41;CONTRIBUICOES;1;CONTRIBUICOES;15;RECURSOS ORDINARIOS - OUTROS RECURSOS NAO VINCULADOS;380000,0;380000,0;380000,0
9424454;147;2024-05-03 00:00:00;PM LARANJAL;17.947.615/0001-22;1231;SEAPA;SECRETARIA DE ESTADO DE AGRICULTURA, PECUARIA E ABASTECIMENTO;41;CONTRIBUICOES;1;CONTRIBUICOES;15;RECURSOS ORDINARIOS - OUTROS RECURSOS NAO VINCULADOS;380000,0;380000,0;380000,0
9424455;148;2024-05-03 00:00:00;PM PATROCINIO;18.468.033/0001-26;1231;SEAPA;SECRETARIA DE ESTADO DE AGRICULTURA, PECUARIA E ABASTECIMENTO;41;CONTRIBUICOES;1;CONTRIBUICOES;15;RECURSOS ORDINARIOS - OUTROS RECURSOS NAO VINCULADOS;700000,0;700000,0;700000,0
9424475;568;2024-05-08 00:00:00;PM MONTE AZUL;18.650.945/0001-14;1261;SEE;SECRETARIA DE ESTADO DE EDUCACAO;42;AUXILIOS;1;AUXILIOS;10;RECURSOS ORDINARIOS - RECURSOS NAO VINCULADOS DE IMPOSTOS;250000,0;250000,0;250000,0
9424476;569;2024-05-08 00:00:00;PM SAO PEDRO DA UNIAO;18.666.172/0001-64;1261;SEE;SECRETARIA DE ESTADO DE EDUCACAO;42;AUXILIOS;1;AUXILIOS;10;RECURSOS ORDINARIOS - RECURSOS NAO VINCULADOS DE IMPOSTOS;318000,0;318000,0;318000,0
9424588;145;2024-05-03 00:00:00;PM SERRO;18.303.271/0001-81;1231;SEAPA;SECRETARIA DE ESTADO DE AGRICULTURA, PECUARIA E ABASTECIMENTO;41;CONTRIBUICOES;1;CONTRIBUICOES;15;RECURSOS ORDINARIOS - OUTROS RECURSOS NAO VINCULADOS;329366,66;329366,66;329366,66
9424589;2550;2024-05-13 00:00:00;PM PARACATU;18.278.051/0001-45;4291;FES;FUNDO ESTADUAL DE SAUDE;42;AUXILIOS;1;AUXILIOS;10;RECURSOS ORDINARIOS - RECURSOS NAO VINCULADOS DE IMPOSTOS;5000000,0;5000000,0;5000000,0
9424641;444;2024-05-06 00:00:00;PM AUGUSTO DE LIMA;17.694.845/0001-27;1301;SEINFRA;SECRETARIA DE ESTADO DE INFRAESTRUTURA, MOBILIDADE E PARCERIAS;42;AUXILIOS;1;AUXILIOS;15;RECURSOS ORDINARIOS - OUTROS RECURSOS NAO VINCULADOS;400000,0;400000,0;400000,0
9424642;447;2024-05-06 00:00:00;PM MAMONAS;25.212.242/0001-70;1301;SEINFRA;SECRETARIA DE ESTADO DE INFRAESTRUTURA, MOBILIDADE E PARCERIAS;42;AUXILIOS;1;AUXILIOS;15;RECURSOS ORDINARIOS - OUTROS RECURSOS NAO VINCULADOS;400000,0;400000,0;400000,0
9424753;446;2024-05-06 00:00:00;PM CACHOEIRA DA PRATA;25.004.532/0001-28;1301;SEINFRA;SECRETARIA DE ESTADO DE INFRAESTRUTURA, MOBILIDADE E PARCERIAS;42;AUXILIOS;1;AUXILIOS;15;RECURSOS ORDINARIOS - OUTROS RECURSOS NAO VINCULADOS;2908109,99;2908109,99;2908109,99
9424754;464;2024-05-09 00:00:00;PM CARATINGA;18.334.268/0001-25;1261;SEE;SECRETARIA DE ESTADO DE EDUCACAO;42;AUXILIOS;1;AUXILIOS;10;RECURSOS ORDINARIOS - RECURSOS NAO VINCULADOS DE IMPOSTOS;14917270,17;14917270,17;14917270,17
9424755;571;2024-05-08 00:00:00;PM CAMPO AZUL;01.612.551/0001-79;1261;SEE;SECRETARIA DE ESTADO DE EDUCACAO;42;AUXILIOS;1;AUXILIOS;10;RECURSOS ORDINARIOS - RECURSOS NAO VINCULADOS DE IMPOSTOS;318000,0;318000,0;318000,0
9424756;572;2024-05-08 00:00:00;PM RIACHO DOS MACHADOS;16.925.208/0001-51;1261;SEE;SECRETARIA DE ESTADO DE EDUCACAO;42;AUXILIOS;1;AUXILIOS;10;RECURSOS ORDINARIOS - RECURSOS NAO VINCULADOS DE IMPOSTOS;341622,7;341622,7;341622,7
9424757;573;2024-05-08 00:00:00;PM TIROS;18.602.094/0001-34;1261;SEE;SECRETARIA DE ESTADO DE EDUCACAO;42;AUXILIOS;1;AUXILIOS;10;RECURSOS ORDINARIOS - RECURSOS NAO VINCULADOS DE IMPOSTOS;315975,98;315975,98;315975,98
9424758;3634;2024-05-07 00:00:00;PM CACHOEIRA DOURADA;18.457.267/0001-78;1491;SEGOV;SECRETARIA DE ESTADO DE GOVERNO;42;AUXILIOS;1;AUXILIOS;15;RECURSOS ORDINARIOS - OUTROS RECURSOS NAO VINCULADOS;104365,0;104365,0;104365,0
9424760;3635;2024-05-07 00:00:00;PM QUARTEL GERAL;18.296.699/0001-44;1491;SEGOV;SECRETARIA DE ESTADO DE GOVERNO;42;AUXILIOS;1;AUXILIOS;15;RECURSOS ORDINARIOS - OUTROS RECURSOS NAO VINCULADOS;119884,0;119884,0;119884,0
9424761;3636;2024-05-07 00:00:00;PM PRESIDENTE OLEGARIO;18.602.060/0001-40;1491;SEGOV;SECRETARIA DE ESTADO DE GOVERNO;42;AUXILIOS;1;AUXILIOS;15;RECURSOS ORDINARIOS - OUTROS RECURSOS NAO VINCULADOS;120489,5;120489,5;120489,5
9424762;3638;2024-05-07 00:00:00;PM CAMPINA VERDE;18.457.291/0001-07;1491;SEGOV;SECRETARIA DE ESTADO DE GOVERNO;42;AUXILIOS;1;AUXILIOS;15;RECURSOS ORDINARIOS - OUTROS RECURSOS NAO VINCULADOS;400000,0;400000,0;400000,0
9424763;3637;2024-05-07 00:00:00;PM CACHOEIRA DOURADA;18.457.267/0001-78;1491;SEGOV;SECRETARIA DE ESTADO DE GOVERNO;42;AUXILIOS;1;AUXILIOS;15;RECURSOS ORDINARIOS - OUTROS RECURSOS NAO VINCULADOS;150000,0;150000,0;150000,0
9424764;451;2024-05-07 00:00:00;PM SANTO ANTONIO DO AVENTUREIRO;17.710.476/0001-19;1301;SEINFRA;SECRETARIA DE ESTADO DE INFRAESTRUTURA, MOBILIDADE E PARCERIAS;42;AUXILIOS;1;AUXILIOS;15;RECURSOS ORDINARIOS - OUTROS RECURSOS NAO VINCULADOS;350000,0;350000,0;350000,0
9424770;445;2024-05-06 00:00:00;PM CORONEL FABRICIANO;19.875.046/0001-82;1301;SEINFRA;SECRETARIA DE ESTADO DE INFRAESTRUTURA, MOBILIDADE E PARCERIAS;42;AUXILIOS;1;AUXILIOS;15;RECURSOS ORDINARIOS - OUTROS RECURSOS NAO VINCULADOS;700000,0;700000,0;700000,0
9424778;448;2024-05-06 00:00:00;PM AIMORES;18.348.094/0001-50;1301;SEINFRA;SECRETARIA DE ESTADO DE INFRAESTRUTURA, MOBILIDADE E PARCERIAS;42;AUXILIOS;1;AUXILIOS;15;RECURSOS ORDINARIOS - OUTROS RECURSOS NAO VINCULADOS;1700000,0;1700000,0;1700000,0
9424779;449;2024-05-06 00:00:00;PM SAO JOSE DO DIVINO;18.404.988/0001-10;1301;SEINFRA;SECRETARIA DE ESTADO DE INFRAESTRUTURA, MOBILIDADE E PARCERIAS;42;AUXILIOS;1;AUXILIOS;15;RECURSOS ORDINARIOS - OUTROS RECURSOS NAO VINCULADOS;300000,0;300000,0;300000,0
9424780;450;2024-05-07 00:00:00;PM BERILO;17.700.758/0001-35;1301;SEINFRA;SECRETARIA DE ESTADO DE INFRAESTRUTURA, MOBILIDADE E PARCERIAS;42;AUXILIOS;1;AUXILIOS;15;RECURSOS ORDINARIOS - OUTROS RECURSOS NAO VINCULADOS;400000,0;400000,0;400000,0
9425232;196;2024-06-13 00:00:00;PM ITAIPE;18.404.756/0001-61;1231;SEAPA;SECRETARIA DE ESTADO DE AGRICULTURA, PECUARIA E ABASTECIMENTO;41;CONTRIBUICOES;1;CONTRIBUICOES;15;RECURSOS ORDINARIOS - OUTROS RECURSOS NAO VINCULADOS;224730,0;224730,0;224730,0
9425233;178;2024-06-04 00:00:00;PM CUPARAQUE;01.615.422/0001-34;1231;SEAPA;SECRETARIA DE ESTADO DE AGRICULTURA, PECUARIA E ABASTECIMENTO;41;CONTRIBUICOES;1;CONTRIBUICOES;15;RECURSOS ORDINARIOS - OUTROS RECURSOS NAO VINCULADOS;380000,0;380000,0;380000,0
9425236;452;2024-05-07 00:00:00;PM CONQUISTA;18.428.888/0001-23;1301;SEINFRA;SECRETARIA DE ESTADO DE INFRAESTRUTURA, MOBILIDADE E PARCERIAS;42;AUXILIOS;1;AUXILIOS;15;RECURSOS ORDINARIOS - OUTROS RECURSOS NAO VINCULADOS;300000,0;300000,0;300000,0
9425238;3639;2024-05-07 00:00:00;PM SIMAO PEREIRA;18.338.293/0001-87;1491;SEGOV;SECRETARIA DE ESTADO DE GOVERNO;42;AUXILIOS;1;AUXILIOS;15;RECURSOS ORDINARIOS - OUTROS RECURSOS NAO VINCULADOS;813703,36;406851,67;406851,67
9425888;2440;2024-05-10 00:00:00;PM BARBACENA;17.095.043/0001-09;1271;SECULT;SECRETARIA DE ESTADO DE CULTURA E TURISMO;41;CONTRIBUICOES;1;CONTRIBUICOES;15;RECURSOS ORDINARIOS - OUTROS RECURSOS NAO VINCULADOS;520000,0;520000,0;520000,0
9425891;456;2024-05-09 00:00:00;PM CONCEICAO DOS OUROS;18.677.609/0001-65;1301;SEINFRA;SECRETARIA DE ESTADO DE INFRAESTRUTURA, MOBILIDADE E PARCERIAS;42;AUXILIOS;1;AUXILIOS;15;RECURSOS ORDINARIOS - OUTROS RECURSOS NAO VINCULADOS;500000,0;500000,0;500000,0
9425892;457;2024-05-09 00:00:00;PM PARA DE MINAS;18.313.817/0001-85;1301;SEINFRA;SECRETARIA DE ESTADO DE INFRAESTRUTURA, MOBILIDADE E PARCERIAS;42;AUXILIOS;1;AUXILIOS;15;RECURSOS ORDINARIOS - OUTROS RECURSOS NAO VINCULADOS;300000,0;300000,0;300000,0
9425893;455;2024-05-08 00:00:00;PM CONCEICAO DOS OUROS;18.677.609/0001-65;1301;SEINFRA;SECRETARIA DE ESTADO DE INFRAESTRUTURA, MOBILIDADE E PARCERIAS;42;AUXILIOS;1;AUXILIOS;15;RECURSOS ORDINARIOS - OUTROS RECURSOS NAO VINCULADOS;300000,0;300000,0;300000,0
9425895;458;2024-05-09 00:00:00;PM DIVINOPOLIS;18.291.351/0001-64;1301;SEINFRA;SECRETARIA DE ESTADO DE INFRAESTRUTURA, MOBILIDADE E PARCERIAS;42;AUXILIOS;1;AUXILIOS;15;RECURSOS ORDINARIOS - OUTROS RECURSOS NAO VINCULADOS;670000,0;670000,0;670000,0
9425896;174;2024-06-04 00:00:00;PM TABULEIRO;17.744.798/0001-89;1231;SEAPA;SECRETARIA DE ESTADO DE AGRICULTURA, PECUARIA E ABASTECIMENTO;41;CONTRIBUICOES;1;CONTRIBUICOES;15;RECURSOS ORDINARIOS - OUTROS RECURSOS NAO VINCULADOS;499740,0;499740,0;499740,0
9425897;175;2024-06-04 00:00:00;PM CARLOS CHAGAS;18.477.315/0001-90;1231;SEAPA;SECRETARIA DE ESTADO DE AGRICULTURA, PECUARIA E ABASTECIMENTO;41;CONTRIBUICOES;1;CONTRIBUICOES;15;RECURSOS ORDINARIOS - OUTROS RECURSOS NAO VINCULADOS;925440,13;925440,13;925440,13
9425898;3640;2024-05-08 00:00:00;PM SIMONESIA;18.385.120/0001-10;1491;SEGOV;SECRETARIA DE ESTADO DE GOVERNO;42;AUXILIOS;1;AUXILIOS;15;RECURSOS ORDINARIOS - OUTROS RECURSOS NAO VINCULADOS;78682,73;78682,73;78682,73
9425899;3641;2024-05-08 00:00:00;PM CARMESIA;18.303.172/0001-08;1491;SEGOV;SECRETARIA DE ESTADO DE GOVERNO;42;AUXILIOS;1;AUXILIOS;15;RECURSOS ORDINARIOS - OUTROS RECURSOS NAO VINCULADOS;310852,45;310852,45;310852,45
9425900;3642;2024-05-08 00:00:00;PM NOVA SERRANA;18.291.385/0001-59;1491;SEGOV;SECRETARIA DE ESTADO DE GOVERNO;42;AUXILIOS;1;AUXILIOS;15;RECURSOS ORDINARIOS - OUTROS RECURSOS NAO VINCULADOS;1000000,0;1000000,0;1000000,0
9425901;176;2024-06-04 00:00:00;PM SERRA DA SAUDADE;18.301.069/0001-10;1231;SEAPA;SECRETARIA DE ESTADO DE AGRICULTURA, PECUARIA E ABASTECIMENTO;41;CONTRIBUICOES;1;CONTRIBUICOES;15;RECURSOS ORDINARIOS - OUTROS RECURSOS NAO VINCULADOS;500000,0;500000,0;500000,0
9425905;177;2024-06-04 00:00:00;PM SAO PEDRO DA UNIAO;18.666.172/0001-64;1231;SEAPA;SECRETARIA DE ESTADO DE AGRICULTURA, PECUARIA E ABASTECIMENTO;41;CONTRIBUICOES;1;CONTRIBUICOES;15;RECURSOS ORDINARIOS - OUTROS RECURSOS NAO VINCULADOS;498333,33;498333,33;498333,33
9425906;154;2024-05-09 00:00:00;PM BURITIS;18.125.146/0001-29;1231;SEAPA;SECRETARIA DE ESTADO DE AGRICULTURA, PECUARIA E ABASTECIMENTO;41;CONTRIBUICOES;1;CONTRIBUICOES;15;RECURSOS ORDINARIOS - OUTROS RECURSOS NAO VINCULADOS;100000,0;100000,0;100000,0
9425912;899;2024-05-09 00:00:00;PM SANTO ANTONIO DO MONTE;16.870.974/0001-66;1261;SEE;SECRETARIA DE ESTADO DE EDUCACAO;41;CONTRIBUICOES;1;CONTRIBUICOES;10;RECURSOS ORDINARIOS - RECURSOS NAO VINCULADOS DE IMPOSTOS;16947,41;16947,41;16947,41
9425912;900;2024-05-09 00:00:00;PM SANTO ANTONIO DO MONTE;16.870.974/0001-66;1261;SEE;SECRETARIA DE ESTADO DE EDUCACAO;42;AUXILIOS;1;AUXILIOS;10;RECURSOS ORDINARIOS - RECURSOS NAO VINCULADOS DE IMPOSTOS;983052,59;983052,59;983052,59
9425913;577;2024-05-09 00:00:00;PM JUIZ DE FORA;18.338.178/0001-02;1261;SEE;SECRETARIA DE ESTADO DE EDUCACAO;42;AUXILIOS;1;AUXILIOS;10;RECURSOS ORDINARIOS - RECURSOS NAO VINCULADOS DE IMPOSTOS;526261,23;526261,23;526261,23
9425915;584;2024-05-14 00:00:00;PM PIEDADE DE CARATINGA;01.613.130/0001-62;1261;SEE;SECRETARIA DE ESTADO DE EDUCACAO;42;AUXILIOS;1;AUXILIOS;10;RECURSOS ORDINARIOS - RECURSOS NAO VINCULADOS DE IMPOSTOS;320000,0;320000,0;320000,0
9425917;486;2024-05-28 00:00:00;PM RIO DO PRADO;18.349.936/0001-98;1261;SEE;SECRETARIA DE ESTADO DE EDUCACAO;42;AUXILIOS;1;AUXILIOS;10;RECURSOS ORDINARIOS - RECURSOS NAO VINCULADOS DE IMPOSTOS;1194374,9;1194374,9;1194374,9
9425922;459;2024-05-10 00:00:00;PM SAO JOSE DA SAFIRA;18.409.235/0001-05;1301;SEINFRA;SECRETARIA DE ESTADO DE INFRAESTRUTURA, MOBILIDADE E PARCERIAS;42;AUXILIOS;1;AUXILIOS;15;RECURSOS ORDINARIOS - OUTROS RECURSOS NAO VINCULADOS;500000,0;500000,0;500000,0
9426781;579;2024-05-13 00:00:00;PM PAINS;20.920.575/0001-30;1261;SEE;SECRETARIA DE ESTADO DE EDUCACAO;42;AUXILIOS;1;AUXILIOS;10;RECURSOS ORDINARIOS - RECURSOS NAO VINCULADOS DE IMPOSTOS;100000,0;100000,0;100000,0
9426791;3643;2024-05-09 00:00:00;PM DOM BOSCO;01.602.782/0001-00;1491;SEGOV;SECRETARIA DE ESTADO DE GOVERNO;42;AUXILIOS;1;AUXILIOS;15;RECURSOS ORDINARIOS - OUTROS RECURSOS NAO VINCULADOS;119633,33;119633,33;119633,33
9426792;3644;2024-05-09 00:00:00;PM ITURAMA;18.457.242/0001-74;1491;SEGOV;SECRETARIA DE ESTADO DE GOVERNO;42;AUXILIOS;1;AUXILIOS;15;RECURSOS ORDINARIOS - OUTROS RECURSOS NAO VINCULADOS;1000000,0;1000000,0;1000000,0
9426793;3645;2024-05-09 00:00:00;PM MANHUMIRIM;18.392.530/0001-98;1491;SEGOV;SECRETARIA DE ESTADO DE GOVERNO;42;AUXILIOS;1;AUXILIOS;15;RECURSOS ORDINARIOS - OUTROS RECURSOS NAO VINCULADOS;224249,8;224249,8;224249,8
9426794;3646;2024-05-09 00:00:00;PM PERDIGAO;18.301.051/0001-19;1491;SEGOV;SECRETARIA DE ESTADO DE GOVERNO;42;AUXILIOS;1;AUXILIOS;15;RECURSOS ORDINARIOS - OUTROS RECURSOS NAO VINCULADOS;330999,0;330999,0;330999,0
9426795;3647;2024-05-09 00:00:00;PM PORTEIRINHA;18.013.326/0001-19;1491;SEGOV;SECRETARIA DE ESTADO DE GOVERNO;42;AUXILIOS;1;AUXILIOS;15;RECURSOS ORDINARIOS - OUTROS RECURSOS NAO VINCULADOS;78682,5;78682,5;78682,5
9426797;2442;2024-05-10 00:00:00;PM MACHADO;18.242.784/0001-20;1271;SECULT;SECRETARIA DE ESTADO DE CULTURA E TURISMO;42;AUXILIOS;1;AUXILIOS;15;RECURSOS ORDINARIOS - OUTROS RECURSOS NAO VINCULADOS;50000,0;50000,0;50000,0
9426798;2467;2024-05-15 00:00:00;PM MACHADO;18.242.784/0001-20;1271;SECULT;SECRETARIA DE ESTADO DE CULTURA E TURISMO;41;CONTRIBUICOES;1;CONTRIBUICOES;15;RECURSOS ORDINARIOS - OUTROS RECURSOS NAO VINCULADOS;365000,0;365000,0;365000,0
9426799;2441;2024-05-10 00:00:00;PM CHACARA;18.338.137/0001-16;1271;SECULT;SECRETARIA DE ESTADO DE CULTURA E TURISMO;41;CONTRIBUICOES;1;CONTRIBUICOES;15;RECURSOS ORDINARIOS - OUTROS RECURSOS NAO VINCULADOS;247524,75;247524,75;247524,75
9426800;240;2024-05-20 00:00:00;PM RIBEIRAO DAS NEVES;18.314.609/0001-09;1481;SEDESE;SECRETARIA DE ESTADO DE DESENVOLVIMENTO SOCIAL;41;CONTRIBUICOES;1;CONTRIBUICOES;38;TRANSFERENCIAS DA UNIAO VINCULADAS AO ESPORTE;229369,38;229369,38;229369,38
9426801;3648;2024-05-09 00:00:00;PM ITAMOGI;18.241.380/0001-11;1491;SEGOV;SECRETARIA DE ESTADO DE GOVERNO;42;AUXILIOS;1;AUXILIOS;15;RECURSOS ORDINARIOS - OUTROS RECURSOS NAO VINCULADOS;79080,0;79080,0;79080,0
9426802;3649;2024-05-09 00:00:00;PM TABULEIRO;17.744.798/0001-89;1491;SEGOV;SECRETARIA DE ESTADO DE GOVERNO;42;AUXILIOS;1;AUXILIOS;15;RECURSOS ORDINARIOS - OUTROS RECURSOS NAO VINCULADOS;79079,5;79079,5;79079,5
9426803;3650;2024-05-09 00:00:00;PM COROMANDEL;18.591.149/0001-58;1491;SEGOV;SECRETARIA DE ESTADO DE GOVERNO;42;AUXILIOS;1;AUXILIOS;15;RECURSOS ORDINARIOS - OUTROS RECURSOS NAO VINCULADOS;0,0;0,0;0,0
9426803;3785;2024-06-18 00:00:00;PM COROMANDEL;18.591.149/0001-58;1491;SEGOV;SECRETARIA DE ESTADO DE GOVERNO;42;AUXILIOS;1;AUXILIOS;15;RECURSOS ORDINARIOS - OUTROS RECURSOS NAO VINCULADOS;392738,83;392738,83;392738,83
9426815;191;2024-06-12 00:00:00;PM ARAPORA;23.098.510/0001-49;1231;SEAPA;SECRETARIA DE ESTADO DE AGRICULTURA, PECUARIA E ABASTECIMENTO;41;CONTRIBUICOES;1;CONTRIBUICOES;15;RECURSOS ORDINARIOS - OUTROS RECURSOS NAO VINCULADOS;550000,0;550000,0;550000,0
9427332;184;2024-06-04 00:00:00;PM SAO JOAO DO MANHUACU;66.232.521/0001-82;1231;SEAPA;SECRETARIA DE ESTADO DE AGRICULTURA, PECUARIA E ABASTECIMENTO;41;CONTRIBUICOES;1;CONTRIBUICOES;15;RECURSOS ORDINARIOS - OUTROS RECURSOS NAO VINCULADOS;750000,0;750000,0;750000,0
9427385;185;2024-06-04 00:00:00;PM AGUA COMPRIDA;18.428.953/0001-10;1231;SEAPA;SECRETARIA DE ESTADO DE AGRICULTURA, PECUARIA E ABASTECIMENTO;41;CONTRIBUICOES;1;CONTRIBUICOES;15;RECURSOS ORDINARIOS - OUTROS RECURSOS NAO VINCULADOS;300000,0;300000,0;300000,0
9427511;344;2024-05-20 00:00:00;PM SANTA EFIGENIA DE MINAS;18.307.462/0001-11;1371;SEMAD;SECRETARIA DE ESTADO DE MEIO AMBIENTE E DESENVOLVIMENTO SUSTENTAVEL;41;CONTRIBUICOES;1;CONTRIBUICOES;15;RECURSOS ORDINARIOS - OUTROS RECURSOS NAO VINCULADOS;555000,0;555000,0;555000,0
9427519;462;2024-05-13 00:00:00;PM TRES MARIAS;17.695.008/0001-12;1301;SEINFRA;SECRETARIA DE ESTADO DE INFRAESTRUTURA, MOBILIDADE E PARCERIAS;42;AUXILIOS;1;AUXILIOS;15;RECURSOS ORDINARIOS - OUTROS RECURSOS NAO VINCULADOS;300000,0;300000,0;300000,0
9427526;3654;2024-05-10 00:00:00;PM RECREIO;17.735.754/0001-92;1491;SEGOV;SECRETARIA DE ESTADO DE GOVERNO;42;AUXILIOS;1;AUXILIOS;15;RECURSOS ORDINARIOS - OUTROS RECURSOS NAO VINCULADOS;120237,55;120237,55;120237,55
9427527;461;2024-05-13 00:00:00;PM MACHADO;18.242.784/0001-20;1301;SEINFRA;SECRETARIA DE ESTADO DE INFRAESTRUTURA, MOBILIDADE E PARCERIAS;42;AUXILIOS;1;AUXILIOS;15;RECURSOS ORDINARIOS - OUTROS RECURSOS NAO VINCULADOS;1000000,0;1000000,0;1000000,0
9427528;3651;2024-05-10 00:00:00;PM ITAPEVA;18.677.625/0001-58;1491;SEGOV;SECRETARIA DE ESTADO DE GOVERNO;42;AUXILIOS;1;AUXILIOS;15;RECURSOS ORDINARIOS - OUTROS RECURSOS NAO VINCULADOS;117492,0;117492,0;117492,0
9427529;3652;2024-05-10 00:00:00;PM ITAPEVA;18.677.625/0001-58;1491;SEGOV;SECRETARIA DE ESTADO DE GOVERNO;42;AUXILIOS;1;AUXILIOS;15;RECURSOS ORDINARIOS - OUTROS RECURSOS NAO VINCULADOS;78682,5;78682,5;78682,5
9427530;3653;2024-05-10 00:00:00;PM NANUQUE;18.398.974/0001-30;1491;SEGOV;SECRETARIA DE ESTADO DE GOVERNO;42;AUXILIOS;1;AUXILIOS;15;RECURSOS ORDINARIOS - OUTROS RECURSOS NAO VINCULADOS;78682,7;78682,7;78682,7
9427531;3655;2024-05-10 00:00:00;PM CATAS ALTAS DA NORUEGA;19.718.378/0001-53;1491;SEGOV;SECRETARIA DE ESTADO DE GOVERNO;42;AUXILIOS;1;AUXILIOS;15;RECURSOS ORDINARIOS - OUTROS RECURSOS NAO VINCULADOS;157365,0;157365,0;157365,0
9427532;3656;2024-05-10 00:00:00;PM CORREGO NOVO;18.334.284/0001-18;1491;SEGOV;SECRETARIA DE ESTADO DE GOVERNO;42;AUXILIOS;1;AUXILIOS;15;RECURSOS ORDINARIOS - OUTROS RECURSOS NAO VINCULADOS;78682,72;78682,72;78682,72
9427533;581;2024-05-14 00:00:00;PM CAMPO DO MEIO;18.239.582/0001-29;1261;SEE;SECRETARIA DE ESTADO DE EDUCACAO;42;AUXILIOS;1;AUXILIOS;10;RECURSOS ORDINARIOS - RECURSOS NAO VINCULADOS DE IMPOSTOS;509000,0;509000,0;509000,0
9427534;580;2024-05-14 00:00:00;PM BANDEIRA;18.349.902/0001-01;1261;SEE;SECRETARIA DE ESTADO DE EDUCACAO;42;AUXILIOS;1;AUXILIOS;10;RECURSOS ORDINARIOS - RECURSOS NAO VINCULADOS DE IMPOSTOS;520000,0;520000,0;520000,0
9427535;3658;2024-05-10 00:00:00;PM PRADOS;18.557.538/0001-67;1491;SEGOV;SECRETARIA DE ESTADO DE GOVERNO;42;AUXILIOS;1;AUXILIOS;15;RECURSOS ORDINARIOS - OUTROS RECURSOS NAO VINCULADOS;120180,2;120180,2;120180,2
9427536;3659;2024-05-10 00:00:00;PM CATUTI;01.612.502/0001-36;1491;SEGOV;SECRETARIA DE ESTADO DE GOVERNO;42;AUXILIOS;1;AUXILIOS;15;RECURSOS ORDINARIOS - OUTROS RECURSOS NAO VINCULADOS;79080,0;79080,0;79080,0
9427538;242;2024-05-20 00:00:00;PM CONCEICAO DE IPANEMA;18.334.300/0001-72;1481;SEDESE;SECRETARIA DE ESTADO DE DESENVOLVIMENTO SOCIAL;41;CONTRIBUICOES;1;CONTRIBUICOES;38;TRANSFERENCIAS DA UNIAO VINCULADAS AO ESPORTE;229369,38;229369,38;229369,38
9427539;3657;2024-05-10 00:00:00;PM ROMARIA;18.160.044/0001-44;1491;SEGOV;SECRETARIA DE ESTADO DE GOVERNO;42;AUXILIOS;1;AUXILIOS;15;RECURSOS ORDINARIOS - OUTROS RECURSOS NAO VINCULADOS;500000,0;500000,0;500000,0
9427652;582;2024-05-14 00:00:00;PM SAO SEBASTIAO DA BELA VISTA;17.935.370/0001-13;1261;SEE;SECRETARIA DE ESTADO DE EDUCACAO;42;AUXILIOS;1;AUXILIOS;10;RECURSOS ORDINARIOS - RECURSOS NAO VINCULADOS DE IMPOSTOS;427000,0;427000,0;427000,0
9427658;463;2024-05-15 00:00:00;PM CACHOEIRA DE MINAS;18.675.959/0001-92;1301;SEINFRA;SECRETARIA DE ESTADO DE INFRAESTRUTURA, MOBILIDADE E PARCERIAS;42;AUXILIOS;1;AUXILIOS;15;RECURSOS ORDINARIOS - OUTROS RECURSOS NAO VINCULADOS;300000,0;300000,0;300000,0
9427673;583;2024-05-14 00:00:00;PM SANTA CRUZ DO ESCALVADO;18.316.273/0001-05;1261;SEE;SECRETARIA DE ESTADO DE EDUCACAO;42;AUXILIOS;1;AUXILIOS;10;RECURSOS ORDINARIOS - RECURSOS NAO VINCULADOS DE IMPOSTOS;560334,33;560334,33;560334,33
9427675;239;2024-05-20 00:00:00;PM INCONFIDENTES;18.028.829/0001-68;1481;SEDESE;SECRETARIA DE ESTADO DE DESENVOLVIMENTO SOCIAL;41;CONTRIBUICOES;1;CONTRIBUICOES;38;TRANSFERENCIAS DA UNIAO VINCULADAS AO ESPORTE;229369,38;229369,38;229369,38
9427677;244;2024-05-20 00:00:00;PM FARIA LEMOS;18.114.280/0001-24;1481;SEDESE;SECRETARIA DE ESTADO DE DESENVOLVIMENTO SOCIAL;41;CONTRIBUICOES;1;CONTRIBUICOES;38;TRANSFERENCIAS DA UNIAO VINCULADAS AO ESPORTE;229369,38;229369,38;229369,38
9427678;245;2024-05-20 00:00:00;PM CURVELO;17.695.024/0001-05;1481;SEDESE;SECRETARIA DE ESTADO DE DESENVOLVIMENTO SOCIAL;41;CONTRIBUICOES;1;CONTRIBUICOES;38;TRANSFERENCIAS DA UNIAO VINCULADAS AO ESPORTE;229369,38;229369,38;229369,38
9427680;255;2024-05-23 00:00:00;PM CORREGO FUNDO;01.614.862/0001-77;1481;SEDESE;SECRETARIA DE ESTADO DE DESENVOLVIMENTO SOCIAL;41;CONTRIBUICOES;1;CONTRIBUICOES;38;TRANSFERENCIAS DA UNIAO VINCULADAS AO ESPORTE;229369,38;229369,38;229369,38
9427681;256;2024-05-23 00:00:00;PM SANTA MARIA DE ITABIRA;18.299.453/0001-26;1481;SEDESE;SECRETARIA DE ESTADO DE DESENVOLVIMENTO SOCIAL;41;CONTRIBUICOES;1;CONTRIBUICOES;38;TRANSFERENCIAS DA UNIAO VINCULADAS AO ESPORTE;229369,38;229369,38;229369,38
9427682;248;2024-05-21 00:00:00;PM DOM SILVERIO;18.297.226/0001-61;1481;SEDESE;SECRETARIA DE ESTADO DE DESENVOLVIMENTO SOCIAL;41;CONTRIBUICOES;1;CONTRIBUICOES;38;TRANSFERENCIAS DA UNIAO VINCULADAS AO ESPORTE;229369,38;229369,38;229369,38
9427686;243;2024-05-20 00:00:00;PM UMBURATIBA;18.404.996/0001-66;1481;SEDESE;SECRETARIA DE ESTADO DE DESENVOLVIMENTO SOCIAL;41;CONTRIBUICOES;1;CONTRIBUICOES;38;TRANSFERENCIAS DA UNIAO VINCULADAS AO ESPORTE;229369,38;229369,38;229369,38
9427689;241;2024-05-20 00:00:00;PM LEME DO PRADO;01.587.109/0001-30;1481;SEDESE;SECRETARIA DE ESTADO DE DESENVOLVIMENTO SOCIAL;41;CONTRIBUICOES;1;CONTRIBUICOES;38;TRANSFERENCIAS DA UNIAO VINCULADAS AO ESPORTE;229369,38;229369,38;229369,38
9427690;249;2024-05-21 00:00:00;PM DORES DO INDAIA;18.301.010/0001-22;1481;SEDESE;SECRETARIA DE ESTADO DE DESENVOLVIMENTO SOCIAL;41;CONTRIBUICOES;1;CONTRIBUICOES;38;TRANSFERENCIAS DA UNIAO VINCULADAS AO ESPORTE;229369,38;229369,38;229369,38
9427693;257;2024-05-23 00:00:00;PM DIAMANTINA;17.754.136/0001-90;1481;SEDESE;SECRETARIA DE ESTADO DE DESENVOLVIMENTO SOCIAL;41;CONTRIBUICOES;1;CONTRIBUICOES;38;TRANSFERENCIAS DA UNIAO VINCULADAS AO ESPORTE;229369,38;229369,38;229369,38
9427694;247;2024-05-21 00:00:00;PM CAETE;18.302.299/0001-02;1481;SEDESE;SECRETARIA DE ESTADO DE DESENVOLVIMENTO SOCIAL;41;CONTRIBUICOES;1;CONTRIBUICOES;38;TRANSFERENCIAS DA UNIAO VINCULADAS AO ESPORTE;229369,38;229369,38;229369,38
9427699;179;2024-06-04 00:00:00;PM POCRANE;18.334.318/0001-74;1231;SEAPA;SECRETARIA DE ESTADO DE AGRICULTURA, PECUARIA E ABASTECIMENTO;41;CONTRIBUICOES;1;CONTRIBUICOES;15;RECURSOS ORDINARIOS - OUTROS RECURSOS NAO VINCULADOS;330000,0;330000,0;330000,0
9427700;180;2024-06-04 00:00:00;PM ALTO CAPARAO;01.616.270/0001-94;1231;SEAPA;SECRETARIA DE ESTADO DE AGRICULTURA, PECUARIA E ABASTECIMENTO;41;CONTRIBUICOES;1;CONTRIBUICOES;15;RECURSOS ORDINARIOS - OUTROS RECURSOS NAO VINCULADOS;589000,0;589000,0;589000,0
9427701;181;2024-06-04 00:00:00;PM PAULA CANDIDO;17.763.715/0001-07;1231;SEAPA;SECRETARIA DE ESTADO DE AGRICULTURA, PECUARIA E ABASTECIMENTO;41;CONTRIBUICOES;1;CONTRIBUICOES;15;RECURSOS ORDINARIOS - OUTROS RECURSOS NAO VINCULADOS;1500000,0;1500000,0;1500000,0
9427702;182;2024-06-04 00:00:00;PM ARAPORA;23.098.510/0001-49;1231;SEAPA;SECRETARIA DE ESTADO DE AGRICULTURA, PECUARIA E ABASTECIMENTO;41;CONTRIBUICOES;1;CONTRIBUICOES;15;RECURSOS ORDINARIOS - OUTROS RECURSOS NAO VINCULADOS;290229,0;290229,0;290229,0
9427703;197;2024-06-13 00:00:00;PM CORINTO;17.695.016/0001-69;1231;SEAPA;SECRETARIA DE ESTADO DE AGRICULTURA, PECUARIA E ABASTECIMENTO;41;CONTRIBUICOES;1;CONTRIBUICOES;10;RECURSOS ORDINARIOS - RECURSOS NAO VINCULADOS DE IMPOSTOS;69201,0;69201,0;69201,0
9427704;183;2024-06-04 00:00:00;PM FRONTEIRA;18.449.140/0001-07;1231;SEAPA;SECRETARIA DE ESTADO DE AGRICULTURA, PECUARIA E ABASTECIMENTO;41;CONTRIBUICOES;1;CONTRIBUICOES;15;RECURSOS ORDINARIOS - OUTROS RECURSOS NAO VINCULADOS;321543,33;321543,33;321543,33
9427706;3661;2024-05-15 00:00:00;PM CLAUDIO;18.308.775/0001-94;1491;SEGOV;SECRETARIA DE ESTADO DE GOVERNO;42;AUXILIOS;1;AUXILIOS;15;RECURSOS ORDINARIOS - OUTROS RECURSOS NAO VINCULADOS;158068,0;158068,0;158068,0
9427707;3662;2024-05-15 00:00:00;PM SALINAS;24.359.333/0001-70;1491;SEGOV;SECRETARIA DE ESTADO DE GOVERNO;42;AUXILIOS;1;AUXILIOS;15;RECURSOS ORDINARIOS - OUTROS RECURSOS NAO VINCULADOS;130000,0;130000,0;130000,0
9427708;3660;2024-05-15 00:00:00;PM CAMANDUCAIA;17.935.396/0001-61;1491;SEGOV;SECRETARIA DE ESTADO DE GOVERNO;42;AUXILIOS;1;AUXILIOS;15;RECURSOS ORDINARIOS - OUTROS RECURSOS NAO VINCULADOS;79077,5;79077,5;79077,5
9427709;3663;2024-05-15 00:00:00;PM CAMANDUCAIA;17.935.396/0001-61;1491;SEGOV;SECRETARIA DE ESTADO DE GOVERNO;42;AUXILIOS;1;AUXILIOS;15;RECURSOS ORDINARIOS - OUTROS RECURSOS NAO VINCULADOS;120235,75;120235,75;120235,75
9427710;3664;2024-05-15 00:00:00;PM JOAO MONLEVADE;18.401.059/0001-57;1491;SEGOV;SECRETARIA DE ESTADO DE GOVERNO;42;AUXILIOS;1;AUXILIOS;15;RECURSOS ORDINARIOS - OUTROS RECURSOS NAO VINCULADOS;394000,0;394000,0;394000,0
9427712;3665;2024-05-15 00:00:00;PM LIMEIRA DO OESTE;26.042.556/0001-34;1491;SEGOV;SECRETARIA DE ESTADO DE GOVERNO;42;AUXILIOS;1;AUXILIOS;15;RECURSOS ORDINARIOS - OUTROS RECURSOS NAO VINCULADOS;79080,11;79080,11;79080,11
9427713;3666;2024-05-15 00:00:00;PM ITAIPE;18.404.756/0001-61;1491;SEGOV;SECRETARIA DE ESTADO DE GOVERNO;42;AUXILIOS;1;AUXILIOS;15;RECURSOS ORDINARIOS - OUTROS RECURSOS NAO VINCULADOS;88538,99;88538,99;88538,99
9427714;3667;2024-05-15 00:00:00;PM MANHUMIRIM;18.392.530/0001-98;1491;SEGOV;SECRETARIA DE ESTADO DE GOVERNO;42;AUXILIOS;1;AUXILIOS;15;RECURSOS ORDINARIOS - OUTROS RECURSOS NAO VINCULADOS;78682,7;78682,7;78682,7
9427715;3668;2024-05-15 00:00:00;PM PINGO D'AGUA;01.613.204/0001-60;1491;SEGOV;SECRETARIA DE ESTADO DE GOVERNO;42;AUXILIOS;1;AUXILIOS;15;RECURSOS ORDINARIOS - OUTROS RECURSOS NAO VINCULADOS;400000,0;400000,0;400000,0
9427716;3669;2024-05-15 00:00:00;PM CARAI;18.404.848/0001-41;1491;SEGOV;SECRETARIA DE ESTADO DE GOVERNO;42;AUXILIOS;1;AUXILIOS;15;RECURSOS ORDINARIOS - OUTROS RECURSOS NAO VINCULADOS;119621,13;119621,13;119621,13
9427717;464;2024-05-15 00:00:00;PM NATALANDIA;01.593.752/0001-76;1301;SEINFRA;SECRETARIA DE ESTADO DE INFRAESTRUTURA, MOBILIDADE E PARCERIAS;42;AUXILIOS;1;AUXILIOS;15;RECURSOS ORDINARIOS - OUTROS RECURSOS NAO VINCULADOS;600000,0;600000,0;600000,0
9427718;3670;2024-05-15 00:00:00;PM CAPUTIRA;18.385.138/0001-11;1491;SEGOV;SECRETARIA DE ESTADO DE GOVERNO;42;AUXILIOS;1;AUXILIOS;15;RECURSOS ORDINARIOS - OUTROS RECURSOS NAO VINCULADOS;78682,73;78682,73;78682,73
9427719;3671;2024-05-15 00:00:00;PM GAMELEIRA;01.612.482/0001-01;1491;SEGOV;SECRETARIA DE ESTADO DE GOVERNO;42;AUXILIOS;1;AUXILIOS;15;RECURSOS ORDINARIOS - OUTROS RECURSOS NAO VINCULADOS;400000,0;400000,0;400000,0
9427721;3672;2024-05-15 00:00:00;PM BOM JARDIM DE MINAS;18.684.217/0001-23;1491;SEGOV;SECRETARIA DE ESTADO DE GOVERNO;42;AUXILIOS;1;AUXILIOS;15;RECURSOS ORDINARIOS - OUTROS RECURSOS NAO VINCULADOS;400000,0;400000,0;400000,0
9427722;3673;2024-05-15 00:00:00;PM VIRGINIA;25.970.260/0001-10;1491;SEGOV;SECRETARIA DE ESTADO DE GOVERNO;42;AUXILIOS;1;AUXILIOS;15;RECURSOS ORDINARIOS - OUTROS RECURSOS NAO VINCULADOS;750000,0;750000,0;750000,0
9427723;3674;2024-05-15 00:00:00;PM CLAUDIO;18.308.775/0001-94;1491;SEGOV;SECRETARIA DE ESTADO DE GOVERNO;42;AUXILIOS;1;AUXILIOS;15;RECURSOS ORDINARIOS - OUTROS RECURSOS NAO VINCULADOS;121237,25;121237,25;121237,25
9427724;3675;2024-05-15 00:00:00;PM IBITIURA DE MINAS;18.178.962/0001-09;1491;SEGOV;SECRETARIA DE ESTADO DE GOVERNO;42;AUXILIOS;1;AUXILIOS;15;RECURSOS ORDINARIOS - OUTROS RECURSOS NAO VINCULADOS;119633,33;119633,33;119633,33
9427725;3676;2024-05-15 00:00:00;PM LARANJAL;17.947.615/0001-22;1491;SEGOV;SECRETARIA DE ESTADO DE GOVERNO;42;AUXILIOS;1;AUXILIOS;15;RECURSOS ORDINARIOS - OUTROS RECURSOS NAO VINCULADOS;119884,05;119884,05;119884,05
9427726;3677;2024-05-15 00:00:00;PM MONTE ALEGRE DE MINAS;18.431.155/0001-48;1491;SEGOV;SECRETARIA DE ESTADO DE GOVERNO;42;AUXILIOS;1;AUXILIOS;15;RECURSOS ORDINARIOS - OUTROS RECURSOS NAO VINCULADOS;78682,73;78682,73;78682,73
9427727;3678;2024-05-15 00:00:00;PM MONTE ALEGRE DE MINAS;18.431.155/0001-48;1491;SEGOV;SECRETARIA DE ESTADO DE GOVERNO;42;AUXILIOS;1;AUXILIOS;15;RECURSOS ORDINARIOS - OUTROS RECURSOS NAO VINCULADOS;314388,16;314388,16;314388,16
9427728;3679;2024-05-15 00:00:00;PM RIBEIRAO VERMELHO;18.244.087/0001-08;1491;SEGOV;SECRETARIA DE ESTADO DE GOVERNO;42;AUXILIOS;1;AUXILIOS;15;RECURSOS ORDINARIOS - OUTROS RECURSOS NAO VINCULADOS;119541,75;119541,75;119541,75
9427729;3680;2024-05-15 00:00:00;PM SALINAS;24.359.333/0001-70;1491;SEGOV;SECRETARIA DE ESTADO DE GOVERNO;42;AUXILIOS;1;AUXILIOS;15;RECURSOS ORDINARIOS - OUTROS RECURSOS NAO VINCULADOS;479816,95;479816,95;479816,95
9427735;586;2024-05-16 00:00:00;PM ITAVERAVA;19.718.386/0001-08;1261;SEE;SECRETARIA DE ESTADO DE EDUCACAO;42;AUXILIOS;1;AUXILIOS;10;RECURSOS ORDINARIOS - RECURSOS NAO VINCULADOS DE IMPOSTOS;341000,0;341000,0;341000,0
9427741;587;2024-05-16 00:00:00;PM CRUZEIRO DA FORTALEZA;18.468.041/0001-72;1261;SEE;SECRETARIA DE ESTADO DE EDUCACAO;42;AUXILIOS;1;AUXILIOS;10;RECURSOS ORDINARIOS - RECURSOS NAO VINCULADOS DE IMPOSTOS;100000,0;100000,0;100000,0
9427953;160;2024-05-17 00:00:00;PM PERDIZES;18.140.772/0001-94;1231;SEAPA;SECRETARIA DE ESTADO DE AGRICULTURA, PECUARIA E ABASTECIMENTO;41;CONTRIBUICOES;1;CONTRIBUICOES;15;RECURSOS ORDINARIOS - OUTROS RECURSOS NAO VINCULADOS;450000,0;450000,0;450000,0
9427959;2489;2024-05-21 00:00:00;PM CAETE;18.302.299/0001-02;1271;SECULT;SECRETARIA DE ESTADO DE CULTURA E TURISMO;41;CONTRIBUICOES;1;CONTRIBUICOES;15;RECURSOS ORDINARIOS - OUTROS RECURSOS NAO VINCULADOS;333325,0;333325,0;333325,0
9427960;161;2024-05-17 00:00:00;PM MANHUACU;18.385.088/0001-72;1231;SEAPA;SECRETARIA DE ESTADO DE AGRICULTURA, PECUARIA E ABASTECIMENTO;41;CONTRIBUICOES;1;CONTRIBUICOES;15;RECURSOS ORDINARIOS - OUTROS RECURSOS NAO VINCULADOS;420878,0;420878,0;420878,0
9427961;3682;2024-05-17 00:00:00;PM TURVOLANDIA;18.712.141/0001-00;1491;SEGOV;SECRETARIA DE ESTADO DE GOVERNO;42;AUXILIOS;1;AUXILIOS;15;RECURSOS ORDINARIOS - OUTROS RECURSOS NAO VINCULADOS;78682,73;78682,73;78682,73
9427963;3681;2024-05-17 00:00:00;PM CACHOEIRA DA PRATA;25.004.532/0001-28;1491;SEGOV;SECRETARIA DE ESTADO DE GOVERNO;42;AUXILIOS;1;AUXILIOS;15;RECURSOS ORDINARIOS - OUTROS RECURSOS NAO VINCULADOS;78682,5;78682,5;78682,5
9427964;3685;2024-05-17 00:00:00;PM IPABA;66.229.543/0001-93;1491;SEGOV;SECRETARIA DE ESTADO DE GOVERNO;42;AUXILIOS;1;AUXILIOS;15;RECURSOS ORDINARIOS - OUTROS RECURSOS NAO VINCULADOS;400000,0;400000,0;400000,0
9427965;3683;2024-05-17 00:00:00;PM CONCEICAO DA PEDRA;18.025.908/0001-15;1491;SEGOV;SECRETARIA DE ESTADO DE GOVERNO;42;AUXILIOS;1;AUXILIOS;15;RECURSOS ORDINARIOS - OUTROS RECURSOS NAO VINCULADOS;300000,0;300000,0;300000,0
9427967;3684;2024-05-17 00:00:00;PM IGUATAMA;18.306.688/0001-06;1491;SEGOV;SECRETARIA DE ESTADO DE GOVERNO;42;AUXILIOS;1;AUXILIOS;15;RECURSOS ORDINARIOS - OUTROS RECURSOS NAO VINCULADOS;300000,0;300000,0;300000,0
9427968;3688;2024-05-17 00:00:00;PM PRATAPOLIS;18.241.356/0001-82;1491;SEGOV;SECRETARIA DE ESTADO DE GOVERNO;42;AUXILIOS;1;AUXILIOS;15;RECURSOS ORDINARIOS - OUTROS RECURSOS NAO VINCULADOS;158160,22;158160,22;158160,22
9427969;3687;2024-05-17 00:00:00;PM IBITIURA DE MINAS;18.178.962/0001-09;1491;SEGOV;SECRETARIA DE ESTADO DE GOVERNO;42;AUXILIOS;1;AUXILIOS;15;RECURSOS ORDINARIOS - OUTROS RECURSOS NAO VINCULADOS;600000,0;600000,0;600000,0
9427970;3686;2024-05-17 00:00:00;PM BALDIM;18.116.129/0001-25;1491;SEGOV;SECRETARIA DE ESTADO DE GOVERNO;42;AUXILIOS;1;AUXILIOS;15;RECURSOS ORDINARIOS - OUTROS RECURSOS NAO VINCULADOS;200000,0;200000,0;200000,0
9427986;3691;2024-05-17 00:00:00;PM JABOTICATUBAS;18.715.417/0001-04;1491;SEGOV;SECRETARIA DE ESTADO DE GOVERNO;42;AUXILIOS;1;AUXILIOS;15;RECURSOS ORDINARIOS - OUTROS RECURSOS NAO VINCULADOS;298896,16;298896,16;298896,16
9427987;3689;2024-05-17 00:00:00;PM BURITIS;18.125.146/0001-29;1491;SEGOV;SECRETARIA DE ESTADO DE GOVERNO;42;AUXILIOS;1;AUXILIOS;15;RECURSOS ORDINARIOS - OUTROS RECURSOS NAO VINCULADOS;250000,0;250000,0;250000,0
9427991;3692;2024-05-17 00:00:00;PM TIMOTEO;19.875.020/0001-34;1491;SEGOV;SECRETARIA DE ESTADO DE GOVERNO;42;AUXILIOS;1;AUXILIOS;15;RECURSOS ORDINARIOS - OUTROS RECURSOS NAO VINCULADOS;75503,62;75503,62;75503,62
9427992;3690;2024-05-17 00:00:00;PM FORMIGA;16.784.720/0001-25;1491;SEGOV;SECRETARIA DE ESTADO DE GOVERNO;42;AUXILIOS;1;AUXILIOS;15;RECURSOS ORDINARIOS - OUTROS RECURSOS NAO VINCULADOS;120151,75;120151,75;120151,75
9428069;3693;2024-05-17 00:00:00;PM RIO PARANAIBA;18.602.045/0001-00;1491;SEGOV;SECRETARIA DE ESTADO DE GOVERNO;42;AUXILIOS;1;AUXILIOS;15;RECURSOS ORDINARIOS - OUTROS RECURSOS NAO VINCULADOS;121095,0;121095,0;121095,0
9428075;1321;2024-05-21 00:00:00;PM JUATUBA;64.487.614/0001-22;1261;SEE;SECRETARIA DE ESTADO DE EDUCACAO;42;AUXILIOS;1;AUXILIOS;10;RECURSOS ORDINARIOS - RECURSOS NAO VINCULADOS DE IMPOSTOS;443591,38;443591,38;443591,38
9428076;599;2024-05-22 00:00:00;PM ARACUAI;17.963.083/0001-17;1261;SEE;SECRETARIA DE ESTADO DE EDUCACAO;42;AUXILIOS;1;AUXILIOS;10;RECURSOS ORDINARIOS - RECURSOS NAO VINCULADOS DE IMPOSTOS;1063000,0;1063000,0;1063000,0
9428077;596;2024-05-20 00:00:00;PM ITAPECERICA;18.308.742/0001-44;1261;SEE;SECRETARIA DE ESTADO DE EDUCACAO;42;AUXILIOS;1;AUXILIOS;10;RECURSOS ORDINARIOS - RECURSOS NAO VINCULADOS DE IMPOSTOS;200000,0;200000,0;200000,0
9428114;601;2024-05-22 00:00:00;PM CALDAS;18.625.129/0001-50;1261;SEE;SECRETARIA DE ESTADO DE EDUCACAO;42;AUXILIOS;1;AUXILIOS;10;RECURSOS ORDINARIOS - RECURSOS NAO VINCULADOS DE IMPOSTOS;427000,0;427000,0;427000,0
9428117;3694;2024-05-20 00:00:00;PM ESPERA FELIZ;18.114.264/0001-31;1491;SEGOV;SECRETARIA DE ESTADO DE GOVERNO;42;AUXILIOS;1;AUXILIOS;10;RECURSOS ORDINARIOS - RECURSOS NAO VINCULADOS DE IMPOSTOS;79477,5;79477,5;79477,5
9428118;3696;2024-05-20 00:00:00;PM IPABA;66.229.543/0001-93;1491;SEGOV;SECRETARIA DE ESTADO DE GOVERNO;42;AUXILIOS;1;AUXILIOS;15;RECURSOS ORDINARIOS - OUTROS RECURSOS NAO VINCULADOS;250000,0;250000,0;250000,0
9428119;3698;2024-05-20 00:00:00;PM SAO JOAO DA MATA;17.935.206/0001-06;1491;SEGOV;SECRETARIA DE ESTADO DE GOVERNO;42;AUXILIOS;1;AUXILIOS;15;RECURSOS ORDINARIOS - OUTROS RECURSOS NAO VINCULADOS;78955,0;78955,0;78955,0
9428122;3697;2024-05-20 00:00:00;PM NANUQUE;18.398.974/0001-30;1491;SEGOV;SECRETARIA DE ESTADO DE GOVERNO;42;AUXILIOS;1;AUXILIOS;15;RECURSOS ORDINARIOS - OUTROS RECURSOS NAO VINCULADOS;705752,0;705752,0;705752,0
9428123;3700;2024-05-20 00:00:00;PM RIACHINHO;25.222.118/0001-95;1491;SEGOV;SECRETARIA DE ESTADO DE GOVERNO;42;AUXILIOS;1;AUXILIOS;15;RECURSOS ORDINARIOS - OUTROS RECURSOS NAO VINCULADOS;272629,22;272629,22;272629,22
9428124;3695;2024-05-20 00:00:00;PM FUNILANDIA;18.062.414/0001-00;1491;SEGOV;SECRETARIA DE ESTADO DE GOVERNO;42;AUXILIOS;1;AUXILIOS;15;RECURSOS ORDINARIOS - OUTROS RECURSOS NAO VINCULADOS;150000,0;150000,0;150000,0
9428125;246;2024-05-21 00:00:00;PM SAO JOAO DEL REI;17.749.896/0001-09;1481;SEDESE;SECRETARIA DE ESTADO DE DESENVOLVIMENTO SOCIAL;41;CONTRIBUICOES;1;CONTRIBUICOES;38;TRANSFERENCIAS DA UNIAO VINCULADAS AO ESPORTE;229369,38;229369,38;229369,38
9428126;169;2024-06-03 00:00:00;PM IPIACU;18.457.259/0001-21;1231;SEAPA;SECRETARIA DE ESTADO DE AGRICULTURA, PECUARIA E ABASTECIMENTO;41;CONTRIBUICOES;1;CONTRIBUICOES;15;RECURSOS ORDINARIOS - OUTROS RECURSOS NAO VINCULADOS;693211,17;693211,17;693211,17
9428127;3702;2024-05-20 00:00:00;PM RIO DO PRADO;18.349.936/0001-98;1491;SEGOV;SECRETARIA DE ESTADO DE GOVERNO;42;AUXILIOS;1;AUXILIOS;15;RECURSOS ORDINARIOS - OUTROS RECURSOS NAO VINCULADOS;300000,0;300000,0;300000,0
9428128;3699;2024-05-20 00:00:00;PM PEDRAS DE MARIA DA CRUZ;25.209.156/0001-08;1491;SEGOV;SECRETARIA DE ESTADO DE GOVERNO;42;AUXILIOS;1;AUXILIOS;15;RECURSOS ORDINARIOS - OUTROS RECURSOS NAO VINCULADOS;117492,0;117492,0;117492,0
9428131;3701;2024-05-20 00:00:00;PM MUTUM;18.348.086/0001-03;1491;SEGOV;SECRETARIA DE ESTADO DE GOVERNO;42;AUXILIOS;1;AUXILIOS;15;RECURSOS ORDINARIOS - OUTROS RECURSOS NAO VINCULADOS;2500000,0;1250000,0;1250000,0
9428135;253;2024-05-23 00:00:00;PM IGARAPE;18.715.474/0001-85;1481;SEDESE;SECRETARIA DE ESTADO DE DESENVOLVIMENTO SOCIAL;41;CONTRIBUICOES;1;CONTRIBUICOES;38;TRANSFERENCIAS DA UNIAO VINCULADAS AO ESPORTE;229369,38;229369,38;229369,38
9428143;474;2024-05-20 00:00:00;PM FREI GASPAR;18.404.913/0001-39;1301;SEINFRA;SECRETARIA DE ESTADO DE INFRAESTRUTURA, MOBILIDADE E PARCERIAS;42;AUXILIOS;1;AUXILIOS;15;RECURSOS ORDINARIOS - OUTROS RECURSOS NAO VINCULADOS;2500000,0;2500000,0;2500000,0
9428144;475;2024-05-20 00:00:00;PM ITABIRINHA;17.125.444/0001-56;1301;SEINFRA;SECRETARIA DE ESTADO DE INFRAESTRUTURA, MOBILIDADE E PARCERIAS;42;AUXILIOS;1;AUXILIOS;15;RECURSOS ORDINARIOS - OUTROS RECURSOS NAO VINCULADOS;620000,0;620000,0;620000,0
9428146;476;2024-05-20 00:00:00;PM SANTA RITA DO SAPUCAI;18.192.898/0001-02;1301;SEINFRA;SECRETARIA DE ESTADO DE INFRAESTRUTURA, MOBILIDADE E PARCERIAS;42;AUXILIOS;1;AUXILIOS;15;RECURSOS ORDINARIOS - OUTROS RECURSOS NAO VINCULADOS;500000,0;500000,0;500000,0
9428153;252;2024-05-23 00:00:00;PM ITAGUARA;18.313.015/0001-75;1481;SEDESE;SECRETARIA DE ESTADO DE DESENVOLVIMENTO SOCIAL;41;CONTRIBUICOES;1;CONTRIBUICOES;38;TRANSFERENCIAS DA UNIAO VINCULADAS AO ESPORTE;229369,38;229369,38;229369,38
9428156;478;2024-05-22 00:00:00;PM ALPERCATA;18.332.627/0001-05;1301;SEINFRA;SECRETARIA DE ESTADO DE INFRAESTRUTURA, MOBILIDADE E PARCERIAS;42;AUXILIOS;1;AUXILIOS;15;RECURSOS ORDINARIOS - OUTROS RECURSOS NAO VINCULADOS;300000,0;300000,0;300000,0
9428157;170;2024-06-03 00:00:00;PM FRONTEIRA;18.449.140/0001-07;1231;SEAPA;SECRETARIA DE ESTADO DE AGRICULTURA, PECUARIA E ABASTECIMENTO;41;CONTRIBUICOES;1;CONTRIBUICOES;15;RECURSOS ORDINARIOS - OUTROS RECURSOS NAO VINCULADOS;542172,13;542172,13;542172,13
9428158;171;2024-06-03 00:00:00;PM CLARAVAL;17.894.056/0001-30;1231;SEAPA;SECRETARIA DE ESTADO DE AGRICULTURA, PECUARIA E ABASTECIMENTO;41;CONTRIBUICOES;1;CONTRIBUICOES;15;RECURSOS ORDINARIOS - OUTROS RECURSOS NAO VINCULADOS;450000,0;450000,0;450000,0
9428159;172;2024-06-04 00:00:00;PM DESCOBERTO;18.558.098/0001-62;1231;SEAPA;SECRETARIA DE ESTADO DE AGRICULTURA, PECUARIA E ABASTECIMENTO;41;CONTRIBUICOES;1;CONTRIBUICOES;15;RECURSOS ORDINARIOS - OUTROS RECURSOS NAO VINCULADOS;380000,0;380000,0;380000,0
9428162;173;2024-06-04 00:00:00;PM RESENDE COSTA;17.749.912/0001-63;1231;SEAPA;SECRETARIA DE ESTADO DE AGRICULTURA, PECUARIA E ABASTECIMENTO;41;CONTRIBUICOES;1;CONTRIBUICOES;15;RECURSOS ORDINARIOS - OUTROS RECURSOS NAO VINCULADOS;494846,66;494846,66;494846,66
9428163;186;2024-06-04 00:00:00;PM ANDRADAS;17.884.412/0001-34;1231;SEAPA;SECRETARIA DE ESTADO DE AGRICULTURA, PECUARIA E ABASTECIMENTO;41;CONTRIBUICOES;1;CONTRIBUICOES;15;RECURSOS ORDINARIOS - OUTROS RECURSOS NAO VINCULADOS;2000000,0;2000000,0;2000000,0
9428164;192;2024-06-12 00:00:00;PM CARANGOLA;19.279.827/0001-04;1231;SEAPA;SECRETARIA DE ESTADO DE AGRICULTURA, PECUARIA E ABASTECIMENTO;41;CONTRIBUICOES;1;CONTRIBUICOES;15;RECURSOS ORDINARIOS - OUTROS RECURSOS NAO VINCULADOS;500000,0;500000,0;500000,0
9428175;477;2024-05-22 00:00:00;PM SANTA JULIANA;18.140.780/0001-30;1301;SEINFRA;SECRETARIA DE ESTADO DE INFRAESTRUTURA, MOBILIDADE E PARCERIAS;42;AUXILIOS;1;AUXILIOS;15;RECURSOS ORDINARIOS - OUTROS RECURSOS NAO VINCULADOS;500000,0;500000,0;500000,0
9428194;3707;2024-05-23 00:00:00;PM CONCEICAO DAS ALAGOAS;18.428.854/0001-39;1491;SEGOV;SECRETARIA DE ESTADO DE GOVERNO;42;AUXILIOS;1;AUXILIOS;15;RECURSOS ORDINARIOS - OUTROS RECURSOS NAO VINCULADOS;400000,0;400000,0;400000,0
9428195;3705;2024-05-23 00:00:00;PM ITURAMA;18.457.242/0001-74;1491;SEGOV;SECRETARIA DE ESTADO DE GOVERNO;42;AUXILIOS;1;AUXILIOS;15;RECURSOS ORDINARIOS - OUTROS RECURSOS NAO VINCULADOS;314063,8;0,0;0,0
9428196;3703;2024-05-23 00:00:00;PM DORES DO INDAIA;18.301.010/0001-22;1491;SEGOV;SECRETARIA DE ESTADO DE GOVERNO;42;AUXILIOS;1;AUXILIOS;15;RECURSOS ORDINARIOS - OUTROS RECURSOS NAO VINCULADOS;314388,16;314388,16;314388,16
9428197;480;2024-05-23 00:00:00;PM BOM JARDIM DE MINAS;18.684.217/0001-23;1301;SEINFRA;SECRETARIA DE ESTADO DE INFRAESTRUTURA, MOBILIDADE E PARCERIAS;42;AUXILIOS;1;AUXILIOS;15;RECURSOS ORDINARIOS - OUTROS RECURSOS NAO VINCULADOS;300000,0;300000,0;300000,0
9428198;3706;2024-05-23 00:00:00;PM SERRA DO SALITRE;18.468.058/0001-20;1491;SEGOV;SECRETARIA DE ESTADO DE GOVERNO;42;AUXILIOS;1;AUXILIOS;15;RECURSOS ORDINARIOS - OUTROS RECURSOS NAO VINCULADOS;78682,5;78682,5;78682,5
9428199;3708;2024-05-23 00:00:00;PM GUIRICEMA;18.137.943/0001-26;1491;SEGOV;SECRETARIA DE ESTADO DE GOVERNO;42;AUXILIOS;1;AUXILIOS;15;RECURSOS ORDINARIOS - OUTROS RECURSOS NAO VINCULADOS;600000,0;600000,0;600000,0
9428200;3704;2024-05-23 00:00:00;PM DIVISOPOLIS;66.234.311/0001-23;1491;SEGOV;SECRETARIA DE ESTADO DE GOVERNO;42;AUXILIOS;1;AUXILIOS;15;RECURSOS ORDINARIOS - OUTROS RECURSOS NAO VINCULADOS;550000,0;550000,0;550000,0
9428201;481;2024-05-23 00:00:00;PM MIRAI;17.966.201/0001-40;1301;SEINFRA;SECRETARIA DE ESTADO DE INFRAESTRUTURA, MOBILIDADE E PARCERIAS;42;AUXILIOS;1;AUXILIOS;15;RECURSOS ORDINARIOS - OUTROS RECURSOS NAO VINCULADOS;2700000,0;2700000,0;2700000,0
9428202;3709;2024-05-23 00:00:00;PM FLORESTAL;18.313.833/0001-78;1491;SEGOV;SECRETARIA DE ESTADO DE GOVERNO;42;AUXILIOS;1;AUXILIOS;15;RECURSOS ORDINARIOS - OUTROS RECURSOS NAO VINCULADOS;80000,0;80000,0;80000,0
9428204;482;2024-05-23 00:00:00;PM NOVA UNIAO;18.302.307/0001-02;1301;SEINFRA;SECRETARIA DE ESTADO DE INFRAESTRUTURA, MOBILIDADE E PARCERIAS;42;AUXILIOS;1;AUXILIOS;15;RECURSOS ORDINARIOS - OUTROS RECURSOS NAO VINCULADOS;600000,0;600000,0;600000,0
9428205;3717;2024-05-23 00:00:00;PM ITABIRINHA;17.125.444/0001-56;1491;SEGOV;SECRETARIA DE ESTADO DE GOVERNO;42;AUXILIOS;1;AUXILIOS;15;RECURSOS ORDINARIOS - OUTROS RECURSOS NAO VINCULADOS;315975,8;315975,8;315975,8
9428208;3716;2024-05-23 00:00:00;PM TIMOTEO;19.875.020/0001-34;1491;SEGOV;SECRETARIA DE ESTADO DE GOVERNO;42;AUXILIOS;1;AUXILIOS;15;RECURSOS ORDINARIOS - OUTROS RECURSOS NAO VINCULADOS;132310,0;132310,0;132310,0
9428209;3713;2024-05-23 00:00:00;PM RIACHINHO;25.222.118/0001-95;1491;SEGOV;SECRETARIA DE ESTADO DE GOVERNO;42;AUXILIOS;1;AUXILIOS;15;RECURSOS ORDINARIOS - OUTROS RECURSOS NAO VINCULADOS;319555,08;319555,08;319555,08
9428210;602;2024-05-22 00:00:00;PM PEDRO TEIXEIRA;18.338.228/0001-51;1261;SEE;SECRETARIA DE ESTADO DE EDUCACAO;42;AUXILIOS;1;AUXILIOS;10;RECURSOS ORDINARIOS - RECURSOS NAO VINCULADOS DE IMPOSTOS;854000,0;854000,0;854000,0
9428211;3714;2024-05-23 00:00:00;PM SAO JOSE DO MANTIMENTO;18.392.514/0001-03;1491;SEGOV;SECRETARIA DE ESTADO DE GOVERNO;42;AUXILIOS;1;AUXILIOS;15;RECURSOS ORDINARIOS - OUTROS RECURSOS NAO VINCULADOS;78682,73;78682,73;78682,73
9428212;3710;2024-05-23 00:00:00;PM NOVORIZONTE;01.616.420/0001-60;1491;SEGOV;SECRETARIA DE ESTADO DE GOVERNO;42;AUXILIOS;1;AUXILIOS;15;RECURSOS ORDINARIOS - OUTROS RECURSOS NAO VINCULADOS;378106,84;378106,84;378106,84
9428213;3711;2024-05-23 00:00:00;PM OLHOS-D'AGUA;01.612.547/0001-00;1491;SEGOV;SECRETARIA DE ESTADO DE GOVERNO;42;AUXILIOS;1;AUXILIOS;15;RECURSOS ORDINARIOS - OUTROS RECURSOS NAO VINCULADOS;500000,0;500000,0;500000,0
9428214;3712;2024-05-23 00:00:00;PM OLHOS-D'AGUA;01.612.547/0001-00;1491;SEGOV;SECRETARIA DE ESTADO DE GOVERNO;42;AUXILIOS;1;AUXILIOS;15;RECURSOS ORDINARIOS - OUTROS RECURSOS NAO VINCULADOS;500000,0;500000,0;500000,0
9428215;3715;2024-05-23 00:00:00;PM SAO SEBASTIAO DO MARANHAO;18.409.177/0001-01;1491;SEGOV;SECRETARIA DE ESTADO DE GOVERNO;42;AUXILIOS;1;AUXILIOS;15;RECURSOS ORDINARIOS - OUTROS RECURSOS NAO VINCULADOS;78682,7;78682,7;78682,7
9428225;479;2024-05-23 00:00:00;PM BOM REPOUSO;18.675.892/0001-96;1301;SEINFRA;SECRETARIA DE ESTADO DE INFRAESTRUTURA, MOBILIDADE E PARCERIAS;42;AUXILIOS;1;AUXILIOS;15;RECURSOS ORDINARIOS - OUTROS RECURSOS NAO VINCULADOS;400000,0;400000,0;400000,0
9428344;489;2024-05-24 00:00:00;PM ABAETE;18.296.632/0001-00;1301;SEINFRA;SECRETARIA DE ESTADO DE INFRAESTRUTURA, MOBILIDADE E PARCERIAS;42;AUXILIOS;1;AUXILIOS;15;RECURSOS ORDINARIOS - OUTROS RECURSOS NAO VINCULADOS;900000,0;900000,0;900000,0
9428349;3719;2024-05-24 00:00:00;PM ITAIPE;18.404.756/0001-61;1491;SEGOV;SECRETARIA DE ESTADO DE GOVERNO;42;AUXILIOS;1;AUXILIOS;15;RECURSOS ORDINARIOS - OUTROS RECURSOS NAO VINCULADOS;500000,0;500000,0;500000,0
9428350;3720;2024-05-24 00:00:00;PM PEDRA AZUL;18.414.565/0001-80;1491;SEGOV;SECRETARIA DE ESTADO DE GOVERNO;42;AUXILIOS;1;AUXILIOS;15;RECURSOS ORDINARIOS - OUTROS RECURSOS NAO VINCULADOS;1000000,0;500000,0;500000,0
9428351;3718;2024-05-24 00:00:00;PM BONITO DE MINAS;01.612.493/0001-83;1491;SEGOV;SECRETARIA DE ESTADO DE GOVERNO;42;AUXILIOS;1;AUXILIOS;15;RECURSOS ORDINARIOS - OUTROS RECURSOS NAO VINCULADOS;78682,5;78682,5;78682,5
9428352;3721;2024-05-24 00:00:00;PM UBA;18.128.207/0001-01;1491;SEGOV;SECRETARIA DE ESTADO DE GOVERNO;42;AUXILIOS;1;AUXILIOS;15;RECURSOS ORDINARIOS - OUTROS RECURSOS NAO VINCULADOS;79077,5;79077,5;79077,5
9428369;189;2024-06-04 00:00:00;PM DESTERRO DO MELO;18.094.813/0001-53;1231;SEAPA;SECRETARIA DE ESTADO DE AGRICULTURA, PECUARIA E ABASTECIMENTO;41;CONTRIBUICOES;1;CONTRIBUICOES;15;RECURSOS ORDINARIOS - OUTROS RECURSOS NAO VINCULADOS;530000,0;530000,0;530000,0
9428370;187;2024-06-04 00:00:00;PM SAO DOMINGOS DAS DORES;01.613.129/0001-38;1231;SEAPA;SECRETARIA DE ESTADO DE AGRICULTURA, PECUARIA E ABASTECIMENTO;41;CONTRIBUICOES;1;CONTRIBUICOES;15;RECURSOS ORDINARIOS - OUTROS RECURSOS NAO VINCULADOS;500000,0;500000,0;500000,0
9428371;188;2024-06-04 00:00:00;PM SAO SEBASTIAO DA VARGEM ALEGRE;01.616.854/0001-60;1231;SEAPA;SECRETARIA DE ESTADO DE AGRICULTURA, PECUARIA E ABASTECIMENTO;41;CONTRIBUICOES;1;CONTRIBUICOES;15;RECURSOS ORDINARIOS - OUTROS RECURSOS NAO VINCULADOS;702834,0;702834,0;702834,0
9428374;493;2024-05-27 00:00:00;PM FARIA LEMOS;18.114.280/0001-24;1301;SEINFRA;SECRETARIA DE ESTADO DE INFRAESTRUTURA, MOBILIDADE E PARCERIAS;42;AUXILIOS;1;AUXILIOS;15;RECURSOS ORDINARIOS - OUTROS RECURSOS NAO VINCULADOS;400000,0;400000,0;400000,0
9428375;492;2024-05-27 00:00:00;PM PATROCINIO;18.468.033/0001-26;1301;SEINFRA;SECRETARIA DE ESTADO DE INFRAESTRUTURA, MOBILIDADE E PARCERIAS;42;AUXILIOS;1;AUXILIOS;15;RECURSOS ORDINARIOS - OUTROS RECURSOS NAO VINCULADOS;400000,0;400000,0;400000,0
9428390;193;2024-06-12 00:00:00;PM CORACAO DE JESUS;22.680.672/0001-28;1231;SEAPA;SECRETARIA DE ESTADO DE AGRICULTURA, PECUARIA E ABASTECIMENTO;41;CONTRIBUICOES;1;CONTRIBUICOES;15;RECURSOS ORDINARIOS - OUTROS RECURSOS NAO VINCULADOS;1000000,0;1000000,0;1000000,0
9428406;354;2024-05-29 00:00:00;PM MIRAI;17.966.201/0001-40;1371;SEMAD;SECRETARIA DE ESTADO DE MEIO AMBIENTE E DESENVOLVIMENTO SUSTENTAVEL;41;CONTRIBUICOES;1;CONTRIBUICOES;10;RECURSOS ORDINARIOS - RECURSOS NAO VINCULADOS DE IMPOSTOS;200000,0;200000,0;200000,0
9428408;496;2024-05-27 00:00:00;PM PERDOES;18.244.343/0001-67;1301;SEINFRA;SECRETARIA DE ESTADO DE INFRAESTRUTURA, MOBILIDADE E PARCERIAS;42;AUXILIOS;1;AUXILIOS;15;RECURSOS ORDINARIOS - OUTROS RECURSOS NAO VINCULADOS;300000,0;300000,0;300000,0
9428412;498;2024-05-27 00:00:00;PM BUENO BRANDAO;18.940.098/0001-22;1301;SEINFRA;SECRETARIA DE ESTADO DE INFRAESTRUTURA, MOBILIDADE E PARCERIAS;42;AUXILIOS;1;AUXILIOS;15;RECURSOS ORDINARIOS - OUTROS RECURSOS NAO VINCULADOS;330000,0;330000,0;330000,0
9428413;497;2024-05-27 00:00:00;PM MOEMA;18.301.044/0001-17;1301;SEINFRA;SECRETARIA DE ESTADO DE INFRAESTRUTURA, MOBILIDADE E PARCERIAS;42;AUXILIOS;1;AUXILIOS;15;RECURSOS ORDINARIOS - OUTROS RECURSOS NAO VINCULADOS;7000000,0;7000000,0;7000000,0
9428416;3841;2024-06-03 00:00:00;HOSPITAL NOSSA SENHORA DA SAUDE;16.725.665/0001-00;4291;FES;FUNDO ESTADUAL DE SAUDE;42;AUXILIOS;1;AUXILIOS;10;RECURSOS ORDINARIOS - RECURSOS NAO VINCULADOS DE IMPOSTOS;188777,16;188777,16;188777,16
9428417;502;2024-05-29 00:00:00;PM MONTE FORMOSO;01.615.007/0001-80;1301;SEINFRA;SECRETARIA DE ESTADO DE INFRAESTRUTURA, MOBILIDADE E PARCERIAS;42;AUXILIOS;1;AUXILIOS;15;RECURSOS ORDINARIOS - OUTROS RECURSOS NAO VINCULADOS;300000,0;300000,0;300000,0
9428422;3722;2024-05-27 00:00:00;PM SANTANA DOS MONTES;19.718.394/0001-46;1491;SEGOV;SECRETARIA DE ESTADO DE GOVERNO;42;AUXILIOS;1;AUXILIOS;15;RECURSOS ORDINARIOS - OUTROS RECURSOS NAO VINCULADOS;600000,0;600000,0;600000,0
9428423;3724;2024-05-27 00:00:00;PM FRUTAL;18.449.132/0001-60;1491;SEGOV;SECRETARIA DE ESTADO DE GOVERNO;42;AUXILIOS;1;AUXILIOS;15;RECURSOS ORDINARIOS - OUTROS RECURSOS NAO VINCULADOS;75503,5;75503,5;75503,5
9428424;3728;2024-05-27 00:00:00;PM MIRABELA;18.017.376/0001-74;1491;SEGOV;SECRETARIA DE ESTADO DE GOVERNO;42;AUXILIOS;1;AUXILIOS;15;RECURSOS ORDINARIOS - OUTROS RECURSOS NAO VINCULADOS;500000,0;500000,0;500000,0
9428425;3727;2024-05-27 00:00:00;PM RUBIM;18.349.944/0001-34;1491;SEGOV;SECRETARIA DE ESTADO DE GOVERNO;42;AUXILIOS;1;AUXILIOS;15;RECURSOS ORDINARIOS - OUTROS RECURSOS NAO VINCULADOS;600000,0;600000,0;600000,0
9428427;3723;2024-05-27 00:00:00;PM CONSELHEIRO LAFAIETE;19.718.360/0001-51;1491;SEGOV;SECRETARIA DE ESTADO DE GOVERNO;42;AUXILIOS;1;AUXILIOS;15;RECURSOS ORDINARIOS - OUTROS RECURSOS NAO VINCULADOS;119633,34;0,0;0,0
9428428;3726;2024-05-27 00:00:00;PM PIEDADE DE PONTE NOVA;18.316.257/0001-12;1491;SEGOV;SECRETARIA DE ESTADO DE GOVERNO;42;AUXILIOS;1;AUXILIOS;15;RECURSOS ORDINARIOS - OUTROS RECURSOS NAO VINCULADOS;400000,0;400000,0;400000,0
9428430;3725;2024-05-27 00:00:00;PM ITACARAMBI;18.283.101/0001-82;1491;SEGOV;SECRETARIA DE ESTADO DE GOVERNO;42;AUXILIOS;1;AUXILIOS;15;RECURSOS ORDINARIOS - OUTROS RECURSOS NAO VINCULADOS;300000,0;300000,0;300000,0
9428450;500;2024-05-29 00:00:00;PM DIVINOPOLIS;18.291.351/0001-64;1301;SEINFRA;SECRETARIA DE ESTADO DE INFRAESTRUTURA, MOBILIDADE E PARCERIAS;42;AUXILIOS;1;AUXILIOS;15;RECURSOS ORDINARIOS - OUTROS RECURSOS NAO VINCULADOS;500000,0;500000,0;500000,0
9428453;3729;2024-05-28 00:00:00;PM IPIACU;18.457.259/0001-21;1491;SEGOV;SECRETARIA DE ESTADO DE GOVERNO;42;AUXILIOS;1;AUXILIOS;15;RECURSOS ORDINARIOS - OUTROS RECURSOS NAO VINCULADOS;250000,0;250000,0;250000,0
9428454;3730;2024-05-28 00:00:00;PM SANTA JULIANA;18.140.780/0001-30;1491;SEGOV;SECRETARIA DE ESTADO DE GOVERNO;42;AUXILIOS;1;AUXILIOS;15;RECURSOS ORDINARIOS - OUTROS RECURSOS NAO VINCULADOS;500000,0;500000,0;500000,0
9428538;613;2024-05-29 00:00:00;PM CAMPO BELO;18.659.334/0001-37;1261;SEE;SECRETARIA DE ESTADO DE EDUCACAO;42;AUXILIOS;1;AUXILIOS;10;RECURSOS ORDINARIOS - RECURSOS NAO VINCULADOS DE IMPOSTOS;527000,0;527000,0;527000,0
9428539;614;2024-05-29 00:00:00;PM OLIVEIRA FORTES;17.747.957/0001-07;1261;SEE;SECRETARIA DE ESTADO DE EDUCACAO;42;AUXILIOS;1;AUXILIOS;10;RECURSOS ORDINARIOS - RECURSOS NAO VINCULADOS DE IMPOSTOS;317246,24;317246,24;317246,24
9428602;363;2024-06-07 00:00:00;PM CONTAGEM;18.715.508/0001-31;1371;SEMAD;SECRETARIA DE ESTADO DE MEIO AMBIENTE E DESENVOLVIMENTO SUSTENTAVEL;41;CONTRIBUICOES;1;CONTRIBUICOES;15;RECURSOS ORDINARIOS - OUTROS RECURSOS NAO VINCULADOS;400000,0;400000,0;400000,0
9428603;362;2024-06-07 00:00:00;PM RIO PARDO DE MINAS;24.212.862/0001-46;1371;SEMAD;SECRETARIA DE ESTADO DE MEIO AMBIENTE E DESENVOLVIMENTO SUSTENTAVEL;41;CONTRIBUICOES;1;CONTRIBUICOES;15;RECURSOS ORDINARIOS - OUTROS RECURSOS NAO VINCULADOS;100000,0;100000,0;100000,0
9428604;360;2024-06-07 00:00:00;PM SAO SEBASTIAO DO PARAISO;18.241.349/0001-80;1371;SEMAD;SECRETARIA DE ESTADO DE MEIO AMBIENTE E DESENVOLVIMENTO SUSTENTAVEL;41;CONTRIBUICOES;1;CONTRIBUICOES;15;RECURSOS ORDINARIOS - OUTROS RECURSOS NAO VINCULADOS;500000,0;500000,0;500000,0
9428605;503;2024-05-29 00:00:00;PM CARBONITA;21.154.174/0001-89;1301;SEINFRA;SECRETARIA DE ESTADO DE INFRAESTRUTURA, MOBILIDADE E PARCERIAS;42;AUXILIOS;1;AUXILIOS;15;RECURSOS ORDINARIOS - OUTROS RECURSOS NAO VINCULADOS;400000,0;400000,0;400000,0
9428635;621;2024-06-05 00:00:00;PM ARANTINA;17.952.508/0001-92;1261;SEE;SECRETARIA DE ESTADO DE EDUCACAO;42;AUXILIOS;1;AUXILIOS;10;RECURSOS ORDINARIOS - RECURSOS NAO VINCULADOS DE IMPOSTOS;2043457,95;2043457,95;2043457,95
9428636;616;2024-06-03 00:00:00;PM ITABIRINHA;17.125.444/0001-56;1261;SEE;SECRETARIA DE ESTADO DE EDUCACAO;42;AUXILIOS;1;AUXILIOS;10;RECURSOS ORDINARIOS - RECURSOS NAO VINCULADOS DE IMPOSTOS;831600,0;831600,0;831600,0
9428637;617;2024-06-03 00:00:00;PM SIMAO PEREIRA;18.338.293/0001-87;1261;SEE;SECRETARIA DE ESTADO DE EDUCACAO;42;AUXILIOS;1;AUXILIOS;10;RECURSOS ORDINARIOS - RECURSOS NAO VINCULADOS DE IMPOSTOS;625000,0;625000,0;625000,0
9428891;626;2024-06-11 00:00:00;PM ITAIPE;18.404.756/0001-61;1261;SEE;SECRETARIA DE ESTADO DE EDUCACAO;42;AUXILIOS;1;AUXILIOS;10;RECURSOS ORDINARIOS - RECURSOS NAO VINCULADOS DE IMPOSTOS;711191,99;711191,99;711191,99
9428892;622;2024-06-05 00:00:00;PM PADRE CARVALHO;01.612.490/0001-40;1261;SEE;SECRETARIA DE ESTADO DE EDUCACAO;42;AUXILIOS;1;AUXILIOS;10;RECURSOS ORDINARIOS - RECURSOS NAO VINCULADOS DE IMPOSTOS;778841,49;778841,49;778841,49
9428893;3731;2024-06-03 00:00:00;PM ITACARAMBI;18.283.101/0001-82;1491;SEGOV;SECRETARIA DE ESTADO DE GOVERNO;42;AUXILIOS;1;AUXILIOS;15;RECURSOS ORDINARIOS - OUTROS RECURSOS NAO VINCULADOS;400000,0;400000,0;400000,0
9428894;3732;2024-06-03 00:00:00;PM ESTRELA DALVA;17.710.096/0001-84;1491;SEGOV;SECRETARIA DE ESTADO DE GOVERNO;42;AUXILIOS;1;AUXILIOS;15;RECURSOS ORDINARIOS - OUTROS RECURSOS NAO VINCULADOS;788056,94;394028,47;394028,47
9428895;3733;2024-06-03 00:00:00;PM CONCEICAO DA BARRA DE MINAS;18.557.587/0001-08;1491;SEGOV;SECRETARIA DE ESTADO DE GOVERNO;42;AUXILIOS;1;AUXILIOS;15;RECURSOS ORDINARIOS - OUTROS RECURSOS NAO VINCULADOS;300000,0;300000,0;300000,0
9428896;3734;2024-06-03 00:00:00;PM PAINS;20.920.575/0001-30;1491;SEGOV;SECRETARIA DE ESTADO DE GOVERNO;42;AUXILIOS;1;AUXILIOS;15;RECURSOS ORDINARIOS - OUTROS RECURSOS NAO VINCULADOS;75503,62;75503,62;75503,62
9428897;3735;2024-06-03 00:00:00;PM VARZELANDIA;18.017.467/0001-00;1491;SEGOV;SECRETARIA DE ESTADO DE GOVERNO;42;AUXILIOS;1;AUXILIOS;15;RECURSOS ORDINARIOS - OUTROS RECURSOS NAO VINCULADOS;500000,0;500000,0;500000,0
9428898;3736;2024-06-03 00:00:00;PM BICAS;17.722.935/0001-84;1491;SEGOV;SECRETARIA DE ESTADO DE GOVERNO;42;AUXILIOS;1;AUXILIOS;15;RECURSOS ORDINARIOS - OUTROS RECURSOS NAO VINCULADOS;78682,73;78682,73;78682,73
9428899;3737;2024-06-03 00:00:00;PM CENTRAL DE MINAS;17.990.714/0001-97;1491;SEGOV;SECRETARIA DE ESTADO DE GOVERNO;42;AUXILIOS;1;AUXILIOS;15;RECURSOS ORDINARIOS - OUTROS RECURSOS NAO VINCULADOS;1000000,0;500000,0;500000,0
9428900;3738;2024-06-03 00:00:00;PM PADRE PARAISO;18.404.764/0001-08;1491;SEGOV;SECRETARIA DE ESTADO DE GOVERNO;42;AUXILIOS;1;AUXILIOS;15;RECURSOS ORDINARIOS - OUTROS RECURSOS NAO VINCULADOS;250000,0;250000,0;250000,0
9428901;3739;2024-06-03 00:00:00;PM ORIZANIA;01.616.271/0001-39;1491;SEGOV;SECRETARIA DE ESTADO DE GOVERNO;42;AUXILIOS;1;AUXILIOS;15;RECURSOS ORDINARIOS - OUTROS RECURSOS NAO VINCULADOS;119631,75;119631,75;119631,75
9428902;3740;2024-06-03 00:00:00;PM ICARAI DE MINAS;25.224.304/0001-63;1491;SEGOV;SECRETARIA DE ESTADO DE GOVERNO;42;AUXILIOS;1;AUXILIOS;15;RECURSOS ORDINARIOS - OUTROS RECURSOS NAO VINCULADOS;117492,0;117492,0;117492,0
9428903;3741;2024-06-03 00:00:00;PM QUARTEL GERAL;18.296.699/0001-44;1491;SEGOV;SECRETARIA DE ESTADO DE GOVERNO;42;AUXILIOS;1;AUXILIOS;15;RECURSOS ORDINARIOS - OUTROS RECURSOS NAO VINCULADOS;300000,0;300000,0;300000,0
9428904;3742;2024-06-03 00:00:00;PM FRUTA DE LEITE;01.612.483/0001-48;1491;SEGOV;SECRETARIA DE ESTADO DE GOVERNO;42;AUXILIOS;1;AUXILIOS;10;RECURSOS ORDINARIOS - RECURSOS NAO VINCULADOS DE IMPOSTOS;397545,71;397545,71;397545,71
9428905;3743;2024-06-03 00:00:00;PM PASSA QUATRO;23.245.806/0001-45;1491;SEGOV;SECRETARIA DE ESTADO DE GOVERNO;42;AUXILIOS;1;AUXILIOS;15;RECURSOS ORDINARIOS - OUTROS RECURSOS NAO VINCULADOS;78677,5;78677,5;78677,5
9428906;3745;2024-06-03 00:00:00;PM ITANHOMI;18.493.239/0001-06;1491;SEGOV;SECRETARIA DE ESTADO DE GOVERNO;42;AUXILIOS;1;AUXILIOS;15;RECURSOS ORDINARIOS - OUTROS RECURSOS NAO VINCULADOS;1000000,0;1000000,0;1000000,0
9428907;3744;2024-06-03 00:00:00;PM PADRE CARVALHO;01.612.490/0001-40;1491;SEGOV;SECRETARIA DE ESTADO DE GOVERNO;42;AUXILIOS;1;AUXILIOS;15;RECURSOS ORDINARIOS - OUTROS RECURSOS NAO VINCULADOS;600000,0;600000,0;600000,0
9428908;504;2024-06-03 00:00:00;PM ACUCENA;17.005.216/0001-42;1301;SEINFRA;SECRETARIA DE ESTADO DE INFRAESTRUTURA, MOBILIDADE E PARCERIAS;42;AUXILIOS;1;AUXILIOS;15;RECURSOS ORDINARIOS - OUTROS RECURSOS NAO VINCULADOS;600000,0;600000,0;600000,0
9428909;506;2024-06-03 00:00:00;PM SAO PEDRO DO SUACUI;18.409.243/0001-43;1301;SEINFRA;SECRETARIA DE ESTADO DE INFRAESTRUTURA, MOBILIDADE E PARCERIAS;42;AUXILIOS;1;AUXILIOS;15;RECURSOS ORDINARIOS - OUTROS RECURSOS NAO VINCULADOS;500000,0;500000,0;500000,0
9428910;505;2024-06-03 00:00:00;PM JEQUITINHONHA;18.083.659/0001-14;1301;SEINFRA;SECRETARIA DE ESTADO DE INFRAESTRUTURA, MOBILIDADE E PARCERIAS;42;AUXILIOS;1;AUXILIOS;15;RECURSOS ORDINARIOS - OUTROS RECURSOS NAO VINCULADOS;685200,0;685200,0;685200,0
9428913;201;2024-06-14 00:00:00;PM PATROCINIO;18.468.033/0001-26;1231;SEAPA;SECRETARIA DE ESTADO DE AGRICULTURA, PECUARIA E ABASTECIMENTO;41;CONTRIBUICOES;1;CONTRIBUICOES;15;RECURSOS ORDINARIOS - OUTROS RECURSOS NAO VINCULADOS;350000,0;350000,0;350000,0
9428914;202;2024-06-14 00:00:00;PM GRUPIARA;17.827.858/0001-27;1231;SEAPA;SECRETARIA DE ESTADO DE AGRICULTURA, PECUARIA E ABASTECIMENTO;41;CONTRIBUICOES;1;CONTRIBUICOES;15;RECURSOS ORDINARIOS - OUTROS RECURSOS NAO VINCULADOS;260000,0;260000,0;260000,0
9428915;203;2024-06-14 00:00:00;PM CARANGOLA;19.279.827/0001-04;1231;SEAPA;SECRETARIA DE ESTADO DE AGRICULTURA, PECUARIA E ABASTECIMENTO;41;CONTRIBUICOES;1;CONTRIBUICOES;15;RECURSOS ORDINARIOS - OUTROS RECURSOS NAO VINCULADOS;118000,0;118000,0;118000,0
9428916;243;2024-07-02 00:00:00;PM ITAMBACURI;18.404.855/0001-43;1231;SEAPA;SECRETARIA DE ESTADO DE AGRICULTURA, PECUARIA E ABASTECIMENTO;41;CONTRIBUICOES;1;CONTRIBUICOES;15;RECURSOS ORDINARIOS - OUTROS RECURSOS NAO VINCULADOS;224730,0;224730,0;224730,0
9428917;194;2024-06-12 00:00:00;PM EUGENOPOLIS;17.947.656/0001-19;1231;SEAPA;SECRETARIA DE ESTADO DE AGRICULTURA, PECUARIA E ABASTECIMENTO;41;CONTRIBUICOES;1;CONTRIBUICOES;15;RECURSOS ORDINARIOS - OUTROS RECURSOS NAO VINCULADOS;300000,0;300000,0;300000,0
9428918;195;2024-06-12 00:00:00;PM BUGRE;01.613.126/0001-02;1231;SEAPA;SECRETARIA DE ESTADO DE AGRICULTURA, PECUARIA E ABASTECIMENTO;41;CONTRIBUICOES;1;CONTRIBUICOES;15;RECURSOS ORDINARIOS - OUTROS RECURSOS NAO VINCULADOS;500000,0;500000,0;500000,0
9428939;623;2024-06-05 00:00:00;PM JANAUBA;18.017.392/0001-67;1261;SEE;SECRETARIA DE ESTADO DE EDUCACAO;42;AUXILIOS;1;AUXILIOS;10;RECURSOS ORDINARIOS - RECURSOS NAO VINCULADOS DE IMPOSTOS;711191,99;711191,99;711191,99
9429041;200;2024-06-14 00:00:00;PM ARICANDUVA;01.608.511/0001-53;1231;SEAPA;SECRETARIA DE ESTADO DE AGRICULTURA, PECUARIA E ABASTECIMENTO;41;CONTRIBUICOES;1;CONTRIBUICOES;15;RECURSOS ORDINARIOS - OUTROS RECURSOS NAO VINCULADOS;770000,0;770000,0;770000,0
9429042;3749;2024-06-05 00:00:00;PM PRUDENTE DE MORAIS;18.314.625/0001-93;1491;SEGOV;SECRETARIA DE ESTADO DE GOVERNO;42;AUXILIOS;1;AUXILIOS;15;RECURSOS ORDINARIOS - OUTROS RECURSOS NAO VINCULADOS;0,0;0,0;0,0
9429042;3750;2024-06-05 00:00:00;PM PRUDENTE DE MORAIS;18.314.625/0001-93;1491;SEGOV;SECRETARIA DE ESTADO DE GOVERNO;42;AUXILIOS;1;AUXILIOS;15;RECURSOS ORDINARIOS - OUTROS RECURSOS NAO VINCULADOS;78682,72;78682,72;78682,72
9429044;3746;2024-06-05 00:00:00;PM ESTRELA DO SUL;18.592.162/0001-21;1491;SEGOV;SECRETARIA DE ESTADO DE GOVERNO;42;AUXILIOS;1;AUXILIOS;15;RECURSOS ORDINARIOS - OUTROS RECURSOS NAO VINCULADOS;500000,0;500000,0;500000,0
9429045;3747;2024-06-05 00:00:00;PM FRONTEIRA;18.449.140/0001-07;1491;SEGOV;SECRETARIA DE ESTADO DE GOVERNO;42;AUXILIOS;1;AUXILIOS;15;RECURSOS ORDINARIOS - OUTROS RECURSOS NAO VINCULADOS;120237,25;120237,25;120237,25
9429046;3748;2024-06-05 00:00:00;PM SAO JOAO DO PACUI;01.612.474/0001-57;1491;SEGOV;SECRETARIA DE ESTADO DE GOVERNO;42;AUXILIOS;1;AUXILIOS;15;RECURSOS ORDINARIOS - OUTROS RECURSOS NAO VINCULADOS;499900,8;499900,8;499900,8
9429208;3751;2024-06-06 00:00:00;PM JENIPAPO DE MINAS;01.613.376/0001-34;1491;SEGOV;SECRETARIA DE ESTADO DE GOVERNO;42;AUXILIOS;1;AUXILIOS;15;RECURSOS ORDINARIOS - OUTROS RECURSOS NAO VINCULADOS;498975,13;498975,13;498975,13
9429209;3752;2024-06-06 00:00:00;PM SAO TIAGO;17.749.904/0001-17;1491;SEGOV;SECRETARIA DE ESTADO DE GOVERNO;42;AUXILIOS;1;AUXILIOS;15;RECURSOS ORDINARIOS - OUTROS RECURSOS NAO VINCULADOS;105420,0;105420,0;105420,0
9429222;638;2024-06-13 00:00:00;PM JABOTICATUBAS;18.715.417/0001-04;1261;SEE;SECRETARIA DE ESTADO DE EDUCACAO;42;AUXILIOS;1;AUXILIOS;10;RECURSOS ORDINARIOS - RECURSOS NAO VINCULADOS DE IMPOSTOS;711191,99;711191,99;711191,99
9429268;245;2024-07-02 00:00:00;PM CACHOEIRA DA PRATA;25.004.532/0001-28;1231;SEAPA;SECRETARIA DE ESTADO DE AGRICULTURA, PECUARIA E ABASTECIMENTO;41;CONTRIBUICOES;1;CONTRIBUICOES;15;RECURSOS ORDINARIOS - OUTROS RECURSOS NAO VINCULADOS;693213,3;693213,3;693213,3
9429279;240;2024-07-02 00:00:00;PM SANTO ANTONIO DO RIO ABAIXO;18.303.248/0001-97;1231;SEAPA;SECRETARIA DE ESTADO DE AGRICULTURA, PECUARIA E ABASTECIMENTO;41;CONTRIBUICOES;1;CONTRIBUICOES;15;RECURSOS ORDINARIOS - OUTROS RECURSOS NAO VINCULADOS;956000,0;956000,0;956000,0
9429401;239;2024-07-02 00:00:00;PM SANTANA DO MANHUACU;18.385.146/0001-68;1231;SEAPA;SECRETARIA DE ESTADO DE AGRICULTURA, PECUARIA E ABASTECIMENTO;41;CONTRIBUICOES;1;CONTRIBUICOES;15;RECURSOS ORDINARIOS - OUTROS RECURSOS NAO VINCULADOS;600000,0;600000,0;600000,0
9429402;198;2024-06-13 00:00:00;PM ITAPEVA;18.677.625/0001-58;1231;SEAPA;SECRETARIA DE ESTADO DE AGRICULTURA, PECUARIA E ABASTECIMENTO;41;CONTRIBUICOES;1;CONTRIBUICOES;15;RECURSOS ORDINARIOS - OUTROS RECURSOS NAO VINCULADOS;500000,0;500000,0;500000,0
9429403;223;2024-06-28 00:00:00;PM MATHIAS LOBATO;18.332.619/0001-69;1231;SEAPA;SECRETARIA DE ESTADO DE AGRICULTURA, PECUARIA E ABASTECIMENTO;41;CONTRIBUICOES;1;CONTRIBUICOES;15;RECURSOS ORDINARIOS - OUTROS RECURSOS NAO VINCULADOS;550000,0;550000,0;550000,0
9429404;199;2024-06-13 00:00:00;PM MINDURI;17.954.041/0001-10;1231;SEAPA;SECRETARIA DE ESTADO DE AGRICULTURA, PECUARIA E ABASTECIMENTO;41;CONTRIBUICOES;1;CONTRIBUICOES;15;RECURSOS ORDINARIOS - OUTROS RECURSOS NAO VINCULADOS;500000,0;500000,0;500000,0
9429421;511;2024-06-07 00:00:00;PM AIMORES;18.348.094/0001-50;1301;SEINFRA;SECRETARIA DE ESTADO DE INFRAESTRUTURA, MOBILIDADE E PARCERIAS;42;AUXILIOS;1;AUXILIOS;15;RECURSOS ORDINARIOS - OUTROS RECURSOS NAO VINCULADOS;300000,0;300000,0;300000,0
9429422;510;2024-06-07 00:00:00;PM PAINS;20.920.575/0001-30;1301;SEINFRA;SECRETARIA DE ESTADO DE INFRAESTRUTURA, MOBILIDADE E PARCERIAS;42;AUXILIOS;1;AUXILIOS;15;RECURSOS ORDINARIOS - OUTROS RECURSOS NAO VINCULADOS;300000,0;300000,0;300000,0
9429556;542;2024-06-10 00:00:00;PM DIONISIO;20.126.439/0001-72;1261;SEE;SECRETARIA DE ESTADO DE EDUCACAO;42;AUXILIOS;1;AUXILIOS;10;RECURSOS ORDINARIOS - RECURSOS NAO VINCULADOS DE IMPOSTOS;500000,0;500000,0;500000,0
9429557;543;2024-06-10 00:00:00;PM DIONISIO;20.126.439/0001-72;1261;SEE;SECRETARIA DE ESTADO DE EDUCACAO;42;AUXILIOS;1;AUXILIOS;10;RECURSOS ORDINARIOS - RECURSOS NAO VINCULADOS DE IMPOSTOS;2000000,0;2000000,0;2000000,0
9429558;628;2024-06-11 00:00:00;PM CAMPOS GERAIS;18.245.175/0001-24;1261;SEE;SECRETARIA DE ESTADO DE EDUCACAO;41;CONTRIBUICOES;1;CONTRIBUICOES;13;FUNDO DE MANUTENCAO E DESENVOLVIMENTO DA EDUCACAO BASICA - FUNDEB - REGULARIZACAO DE EXERCICIOS ANTE;1474694,08;1474694,08;1474694,08
9429558;632;2024-06-12 00:00:00;PM CAMPOS GERAIS;18.245.175/0001-24;1261;SEE;SECRETARIA DE ESTADO DE EDUCACAO;41;CONTRIBUICOES;1;CONTRIBUICOES;36;TRANSFERENCIAS DO FNDE VINCULADAS A EDUCACAO - EXCETO EMENDAS INDIVIDUAIS E DE BANCADA;25520,0;25520,0;25520,0
9429558;635;2024-06-12 00:00:00;PM CAMPOS GERAIS;18.245.175/0001-24;1261;SEE;SECRETARIA DE ESTADO DE EDUCACAO;41;CONTRIBUICOES;1;CONTRIBUICOES;21;COTA ESTADUAL DO SALARIO EDUCACAO - QESE;118498,64;118498,64;118498,64
9429559;627;2024-06-11 00:00:00;PM ITABIRINHA;17.125.444/0001-56;1261;SEE;SECRETARIA DE ESTADO DE EDUCACAO;42;AUXILIOS;1;AUXILIOS;10;RECURSOS ORDINARIOS - RECURSOS NAO VINCULADOS DE IMPOSTOS;200000,0;200000,0;200000,0
9429560;629;2024-06-11 00:00:00;PM GUARANESIA;17.900.473/0001-48;1261;SEE;SECRETARIA DE ESTADO DE EDUCACAO;41;CONTRIBUICOES;1;CONTRIBUICOES;13;FUNDO DE MANUTENCAO E DESENVOLVIMENTO DA EDUCACAO BASICA - FUNDEB - REGULARIZACAO DE EXERCICIOS ANTE;2034063,68;2034063,68;2034063,68
9429560;633;2024-06-12 00:00:00;PM GUARANESIA;17.900.473/0001-48;1261;SEE;SECRETARIA DE ESTADO DE EDUCACAO;41;CONTRIBUICOES;1;CONTRIBUICOES;36;TRANSFERENCIAS DO FNDE VINCULADAS A EDUCACAO - EXCETO EMENDAS INDIVIDUAIS E DE BANCADA;38720,0;38720,0;38720,0
9429560;636;2024-06-12 00:00:00;PM GUARANESIA;17.900.473/0001-48;1261;SEE;SECRETARIA DE ESTADO DE EDUCACAO;41;CONTRIBUICOES;1;CONTRIBUICOES;21;COTA ESTADUAL DO SALARIO EDUCACAO - QESE;179791,04;179791,04;179791,04
9429561;630;2024-06-11 00:00:00;PM SAO GONCALO DO ABAETE;18.602.086/0001-98;1261;SEE;SECRETARIA DE ESTADO DE EDUCACAO;41;CONTRIBUICOES;1;CONTRIBUICOES;13;FUNDO DE MANUTENCAO E DESENVOLVIMENTO DA EDUCACAO BASICA - FUNDEB - REGULARIZACAO DE EXERCICIOS ANTE;566301,82;566301,82;566301,82
9429561;634;2024-06-12 00:00:00;PM SAO GONCALO DO ABAETE;18.602.086/0001-98;1261;SEE;SECRETARIA DE ESTADO DE EDUCACAO;41;CONTRIBUICOES;1;CONTRIBUICOES;36;TRANSFERENCIAS DO FNDE VINCULADAS A EDUCACAO - EXCETO EMENDAS INDIVIDUAIS E DE BANCADA;10780,0;10780,0;10780,0
9429561;637;2024-06-12 00:00:00;PM SAO GONCALO DO ABAETE;18.602.086/0001-98;1261;SEE;SECRETARIA DE ESTADO DE EDUCACAO;41;CONTRIBUICOES;1;CONTRIBUICOES;21;COTA ESTADUAL DO SALARIO EDUCACAO - QESE;50055,46;50055,46;50055,46
9429562;1381;2024-06-19 00:00:00;PM CABO VERDE;17.909.599/0001-83;1261;SEE;SECRETARIA DE ESTADO DE EDUCACAO;42;AUXILIOS;1;AUXILIOS;10;RECURSOS ORDINARIOS - RECURSOS NAO VINCULADOS DE IMPOSTOS;1009200,0;1009200,0;1009200,0
9429661;516;2024-06-11 00:00:00;PM SANTANA DO RIACHO;18.715.458/0001-92;1301;SEINFRA;SECRETARIA DE ESTADO DE INFRAESTRUTURA, MOBILIDADE E PARCERIAS;42;AUXILIOS;1;AUXILIOS;15;RECURSOS ORDINARIOS - OUTROS RECURSOS NAO VINCULADOS;1000000,0;1000000,0;1000000,0
9429662;3754;2024-06-10 00:00:00;PM CONSELHEIRO PENA;19.769.660/0001-60;1491;SEGOV;SECRETARIA DE ESTADO DE GOVERNO;42;AUXILIOS;1;AUXILIOS;15;RECURSOS ORDINARIOS - OUTROS RECURSOS NAO VINCULADOS;220000,0;220000,0;220000,0
9429663;3755;2024-06-10 00:00:00;PM NINHEIRA;01.612.495/0001-72;1491;SEGOV;SECRETARIA DE ESTADO DE GOVERNO;42;AUXILIOS;1;AUXILIOS;15;RECURSOS ORDINARIOS - OUTROS RECURSOS NAO VINCULADOS;500000,0;500000,0;500000,0
9429664;3753;2024-06-10 00:00:00;PM MURIAE;17.947.581/0001-76;1491;SEGOV;SECRETARIA DE ESTADO DE GOVERNO;42;AUXILIOS;1;AUXILIOS;15;RECURSOS ORDINARIOS - OUTROS RECURSOS NAO VINCULADOS;220000,0;220000,0;220000,0
9429665;3756;2024-06-10 00:00:00;PM SERRA DOS AIMORES;18.398.966/0001-94;1491;SEGOV;SECRETARIA DE ESTADO DE GOVERNO;42;AUXILIOS;1;AUXILIOS;15;RECURSOS ORDINARIOS - OUTROS RECURSOS NAO VINCULADOS;200000,0;200000,0;200000,0
9429676;518;2024-06-11 00:00:00;PM DIONISIO;20.126.439/0001-72;1301;SEINFRA;SECRETARIA DE ESTADO DE INFRAESTRUTURA, MOBILIDADE E PARCERIAS;42;AUXILIOS;1;AUXILIOS;15;RECURSOS ORDINARIOS - OUTROS RECURSOS NAO VINCULADOS;400000,0;400000,0;400000,0
9429677;517;2024-06-11 00:00:00;PM DORES DE GUANHAES;18.307.413/0001-89;1301;SEINFRA;SECRETARIA DE ESTADO DE INFRAESTRUTURA, MOBILIDADE E PARCERIAS;42;AUXILIOS;1;AUXILIOS;15;RECURSOS ORDINARIOS - OUTROS RECURSOS NAO VINCULADOS;400000,0;400000,0;400000,0
9429692;3757;2024-06-12 00:00:00;PM SANTA MARGARIDA;18.385.112/0001-73;1491;SEGOV;SECRETARIA DE ESTADO DE GOVERNO;42;AUXILIOS;1;AUXILIOS;15;RECURSOS ORDINARIOS - OUTROS RECURSOS NAO VINCULADOS;750000,0;375000,0;375000,0
9429693;3758;2024-06-12 00:00:00;PM CARLOS CHAGAS;18.477.315/0001-90;1491;SEGOV;SECRETARIA DE ESTADO DE GOVERNO;42;AUXILIOS;1;AUXILIOS;15;RECURSOS ORDINARIOS - OUTROS RECURSOS NAO VINCULADOS;132310,0;132310,0;132310,0
9429694;3759;2024-06-12 00:00:00;PM RODEIRO;18.128.256/0001-44;1491;SEGOV;SECRETARIA DE ESTADO DE GOVERNO;42;AUXILIOS;1;AUXILIOS;15;RECURSOS ORDINARIOS - OUTROS RECURSOS NAO VINCULADOS;600000,0;600000,0;600000,0
9429695;3761;2024-06-12 00:00:00;PM JAIBA;25.209.149/0001-06;1491;SEGOV;SECRETARIA DE ESTADO DE GOVERNO;42;AUXILIOS;1;AUXILIOS;15;RECURSOS ORDINARIOS - OUTROS RECURSOS NAO VINCULADOS;499527,51;499527,51;499527,51
9429696;3760;2024-06-12 00:00:00;PM CANA VERDE;18.244.426/0001-56;1491;SEGOV;SECRETARIA DE ESTADO DE GOVERNO;42;AUXILIOS;1;AUXILIOS;15;RECURSOS ORDINARIOS - OUTROS RECURSOS NAO VINCULADOS;3500000,0;2333333,34;2333333,34
9429698;520;2024-06-12 00:00:00;PM DIVINOPOLIS;18.291.351/0001-64;1301;SEINFRA;SECRETARIA DE ESTADO DE INFRAESTRUTURA, MOBILIDADE E PARCERIAS;42;AUXILIOS;1;AUXILIOS;15;RECURSOS ORDINARIOS - OUTROS RECURSOS NAO VINCULADOS;350000,0;350000,0;350000,0
9429723;523;2024-06-13 00:00:00;PM ESPINOSA;18.650.952/0001-16;1301;SEINFRA;SECRETARIA DE ESTADO DE INFRAESTRUTURA, MOBILIDADE E PARCERIAS;42;AUXILIOS;1;AUXILIOS;15;RECURSOS ORDINARIOS - OUTROS RECURSOS NAO VINCULADOS;500000,0;500000,0;500000,0
9429724;522;2024-06-13 00:00:00;PM ESPINOSA;18.650.952/0001-16;1301;SEINFRA;SECRETARIA DE ESTADO DE INFRAESTRUTURA, MOBILIDADE E PARCERIAS;42;AUXILIOS;1;AUXILIOS;15;RECURSOS ORDINARIOS - OUTROS RECURSOS NAO VINCULADOS;300000,0;300000,0;300000,0
9429725;524;2024-06-13 00:00:00;PM UBERLANDIA;18.431.312/0001-15;1301;SEINFRA;SECRETARIA DE ESTADO DE INFRAESTRUTURA, MOBILIDADE E PARCERIAS;42;AUXILIOS;1;AUXILIOS;15;RECURSOS ORDINARIOS - OUTROS RECURSOS NAO VINCULADOS;500000,0;500000,0;500000,0
9429727;2537;2024-06-13 00:00:00;PM URUANA DE MINAS;01.609.942/0001-34;1271;SECULT;SECRETARIA DE ESTADO DE CULTURA E TURISMO;41;CONTRIBUICOES;1;CONTRIBUICOES;15;RECURSOS ORDINARIOS - OUTROS RECURSOS NAO VINCULADOS;250000,0;250000,0;250000,0
9429728;204;2024-06-19 00:00:00;PM IRAI DE MINAS;18.158.642/0001-89;1231;SEAPA;SECRETARIA DE ESTADO DE AGRICULTURA, PECUARIA E ABASTECIMENTO;41;CONTRIBUICOES;1;CONTRIBUICOES;15;RECURSOS ORDINARIOS - OUTROS RECURSOS NAO VINCULADOS;400000,0;400000,0;400000,0
9429729;527;2024-06-13 00:00:00;PM BRAZOPOLIS;18.025.890/0001-51;1301;SEINFRA;SECRETARIA DE ESTADO DE INFRAESTRUTURA, MOBILIDADE E PARCERIAS;42;AUXILIOS;1;AUXILIOS;15;RECURSOS ORDINARIOS - OUTROS RECURSOS NAO VINCULADOS;400000,0;400000,0;400000,0
9429730;205;2024-06-19 00:00:00;PM COROACI;18.085.647/0001-29;1231;SEAPA;SECRETARIA DE ESTADO DE AGRICULTURA, PECUARIA E ABASTECIMENTO;41;CONTRIBUICOES;1;CONTRIBUICOES;15;RECURSOS ORDINARIOS - OUTROS RECURSOS NAO VINCULADOS;1500000,0;1500000,0;1500000,0
9429731;206;2024-06-19 00:00:00;PM PEDRINOPOLIS;18.140.335/0001-70;1231;SEAPA;SECRETARIA DE ESTADO DE AGRICULTURA, PECUARIA E ABASTECIMENTO;41;CONTRIBUICOES;1;CONTRIBUICOES;15;RECURSOS ORDINARIOS - OUTROS RECURSOS NAO VINCULADOS;450000,0;450000,0;450000,0
9429732;265;2024-07-05 00:00:00;PM SERRA DO SALITRE;18.468.058/0001-20;1231;SEAPA;SECRETARIA DE ESTADO DE AGRICULTURA, PECUARIA E ABASTECIMENTO;41;CONTRIBUICOES;1;CONTRIBUICOES;15;RECURSOS ORDINARIOS - OUTROS RECURSOS NAO VINCULADOS;684500,0;684500,0;684500,0
9429733;244;2024-07-02 00:00:00;PM IBITURUNA;18.244.418/0001-00;1231;SEAPA;SECRETARIA DE ESTADO DE AGRICULTURA, PECUARIA E ABASTECIMENTO;41;CONTRIBUICOES;1;CONTRIBUICOES;15;RECURSOS ORDINARIOS - OUTROS RECURSOS NAO VINCULADOS;400000,0;400000,0;400000,0
9429740;526;2024-06-13 00:00:00;PM MATIPO;18.385.104/0001-27;1301;SEINFRA;SECRETARIA DE ESTADO DE INFRAESTRUTURA, MOBILIDADE E PARCERIAS;42;AUXILIOS;1;AUXILIOS;15;RECURSOS ORDINARIOS - OUTROS RECURSOS NAO VINCULADOS;1200000,0;1200000,0;1200000,0
9429742;525;2024-06-13 00:00:00;PM SAO JOSE DO DIVINO;18.404.988/0001-10;1301;SEINFRA;SECRETARIA DE ESTADO DE INFRAESTRUTURA, MOBILIDADE E PARCERIAS;42;AUXILIOS;1;AUXILIOS;15;RECURSOS ORDINARIOS - OUTROS RECURSOS NAO VINCULADOS;2000000,0;2000000,0;2000000,0
9429757;639;2024-06-13 00:00:00;PM SERRA DOS AIMORES;18.398.966/0001-94;1261;SEE;SECRETARIA DE ESTADO DE EDUCACAO;41;CONTRIBUICOES;1;CONTRIBUICOES;13;FUNDO DE MANUTENCAO E DESENVOLVIMENTO DA EDUCACAO BASICA - FUNDEB - REGULARIZACAO DE EXERCICIOS ANTE;687652,21;687652,21;687652,21
9429757;640;2024-06-13 00:00:00;PM SERRA DOS AIMORES;18.398.966/0001-94;1261;SEE;SECRETARIA DE ESTADO DE EDUCACAO;41;CONTRIBUICOES;1;CONTRIBUICOES;21;COTA ESTADUAL DO SALARIO EDUCACAO - QESE;60781,63;60781,63;60781,63
9429757;641;2024-06-13 00:00:00;PM SERRA DOS AIMORES;18.398.966/0001-94;1261;SEE;SECRETARIA DE ESTADO DE EDUCACAO;41;CONTRIBUICOES;1;CONTRIBUICOES;36;TRANSFERENCIAS DO FNDE VINCULADAS A EDUCACAO - EXCETO EMENDAS INDIVIDUAIS E DE BANCADA;13090,0;13090,0;13090,0
9429758;642;2024-06-13 00:00:00;PM DIONISIO;20.126.439/0001-72;1261;SEE;SECRETARIA DE ESTADO DE EDUCACAO;41;CONTRIBUICOES;1;CONTRIBUICOES;13;FUNDO DE MANUTENCAO E DESENVOLVIMENTO DA EDUCACAO BASICA - FUNDEB - REGULARIZACAO DE EXERCICIOS ANTE;531630,28;531630,28;531630,28
9429758;643;2024-06-13 00:00:00;PM DIONISIO;20.126.439/0001-72;1261;SEE;SECRETARIA DE ESTADO DE EDUCACAO;41;CONTRIBUICOES;1;CONTRIBUICOES;21;COTA ESTADUAL DO SALARIO EDUCACAO - QESE;46990,84;46990,84;46990,84
9429758;644;2024-06-13 00:00:00;PM DIONISIO;20.126.439/0001-72;1261;SEE;SECRETARIA DE ESTADO DE EDUCACAO;41;CONTRIBUICOES;1;CONTRIBUICOES;36;TRANSFERENCIAS DO FNDE VINCULADAS A EDUCACAO - EXCETO EMENDAS INDIVIDUAIS E DE BANCADA;10120,0;10120,0;10120,0
9429759;651;2024-06-14 00:00:00;PM MONTE AZUL;18.650.945/0001-14;1261;SEE;SECRETARIA DE ESTADO DE EDUCACAO;42;AUXILIOS;1;AUXILIOS;10;RECURSOS ORDINARIOS - RECURSOS NAO VINCULADOS DE IMPOSTOS;276000,0;276000,0;276000,0
9429760;538;2024-06-13 00:00:00;PM BURITIZEIRO;18.279.067/0001-72;1261;SEE;SECRETARIA DE ESTADO DE EDUCACAO;42;AUXILIOS;1;AUXILIOS;10;RECURSOS ORDINARIOS - RECURSOS NAO VINCULADOS DE IMPOSTOS;732352,25;732352,25;732352,25
9429761;545;2024-06-14 00:00:00;PM BURITIZEIRO;18.279.067/0001-72;1261;SEE;SECRETARIA DE ESTADO DE EDUCACAO;42;AUXILIOS;1;AUXILIOS;10;RECURSOS ORDINARIOS - RECURSOS NAO VINCULADOS DE IMPOSTOS;6717660,68;6717660,68;6717660,68
9429762;756;2024-06-18 00:00:00;PM PRESIDENTE BERNARDES;23.515.695/0001-40;1261;SEE;SECRETARIA DE ESTADO DE EDUCACAO;42;AUXILIOS;1;AUXILIOS;10;RECURSOS ORDINARIOS - RECURSOS NAO VINCULADOS DE IMPOSTOS;2550611,36;2550611,36;2550611,36
9429763;937;2024-06-17 00:00:00;PM LAJINHA;18.392.522/0001-41;1261;SEE;SECRETARIA DE ESTADO DE EDUCACAO;42;AUXILIOS;1;AUXILIOS;10;RECURSOS ORDINARIOS - RECURSOS NAO VINCULADOS DE IMPOSTOS;1466023,95;1466023,95;1466023,95
9429764;940;2024-06-17 00:00:00;PM LAJINHA;18.392.522/0001-41;1261;SEE;SECRETARIA DE ESTADO DE EDUCACAO;42;AUXILIOS;1;AUXILIOS;10;RECURSOS ORDINARIOS - RECURSOS NAO VINCULADOS DE IMPOSTOS;1896784,73;1896784,73;1896784,73
9429764;1030;2024-06-21 00:00:00;PM LAJINHA;18.392.522/0001-41;1261;SEE;SECRETARIA DE ESTADO DE EDUCACAO;41;CONTRIBUICOES;1;CONTRIBUICOES;10;RECURSOS ORDINARIOS - RECURSOS NAO VINCULADOS DE IMPOSTOS;103215,27;103215,27;103215,27
9429765;803;2024-06-28 00:00:00;PM IPANEMA;18.334.292/0001-64;1261;SEE;SECRETARIA DE ESTADO DE EDUCACAO;42;AUXILIOS;1;AUXILIOS;10;RECURSOS ORDINARIOS - RECURSOS NAO VINCULADOS DE IMPOSTOS;3512368,85;3512368,85;3512368,85
9429766;835;2024-06-14 00:00:00;PM BOA ESPERANCA;18.239.590/0001-75;1261;SEE;SECRETARIA DE ESTADO DE EDUCACAO;42;AUXILIOS;1;AUXILIOS;10;RECURSOS ORDINARIOS - RECURSOS NAO VINCULADOS DE IMPOSTOS;548333,33;548333,33;548333,33
9429767;3765;2024-06-13 00:00:00;PM PARAGUACU;18.008.193/0001-92;1491;SEGOV;SECRETARIA DE ESTADO DE GOVERNO;42;AUXILIOS;1;AUXILIOS;15;RECURSOS ORDINARIOS - OUTROS RECURSOS NAO VINCULADOS;120236,75;120236,75;120236,75
9429768;3764;2024-06-13 00:00:00;PM MARIPA DE MINAS;17.724.162/0001-75;1491;SEGOV;SECRETARIA DE ESTADO DE GOVERNO;42;AUXILIOS;1;AUXILIOS;15;RECURSOS ORDINARIOS - OUTROS RECURSOS NAO VINCULADOS;119633,3;119633,3;119633,3
9429769;3769;2024-06-13 00:00:00;PM PERIQUITO;01.613.077/0001-08;1491;SEGOV;SECRETARIA DE ESTADO DE GOVERNO;42;AUXILIOS;1;AUXILIOS;15;RECURSOS ORDINARIOS - OUTROS RECURSOS NAO VINCULADOS;700000,0;350000,0;350000,0
9429770;3766;2024-06-13 00:00:00;PM CANAPOLIS;18.457.200/0001-33;1491;SEGOV;SECRETARIA DE ESTADO DE GOVERNO;42;AUXILIOS;1;AUXILIOS;15;RECURSOS ORDINARIOS - OUTROS RECURSOS NAO VINCULADOS;391144,87;391144,87;391144,87
9429771;3762;2024-06-13 00:00:00;PM ITAMARANDIBA;16.886.871/0001-94;1491;SEGOV;SECRETARIA DE ESTADO DE GOVERNO;42;AUXILIOS;1;AUXILIOS;15;RECURSOS ORDINARIOS - OUTROS RECURSOS NAO VINCULADOS;120489,52;120489,52;120489,52
9429772;3763;2024-06-13 00:00:00;PM MATIAS CARDOSO;25.209.115/0001-11;1491;SEGOV;SECRETARIA DE ESTADO DE GOVERNO;42;AUXILIOS;1;AUXILIOS;15;RECURSOS ORDINARIOS - OUTROS RECURSOS NAO VINCULADOS;500000,0;500000,0;500000,0
9429773;3767;2024-06-13 00:00:00;PM BAMBUI;20.920.567/0001-93;1491;SEGOV;SECRETARIA DE ESTADO DE GOVERNO;42;AUXILIOS;1;AUXILIOS;15;RECURSOS ORDINARIOS - OUTROS RECURSOS NAO VINCULADOS;119631,75;119631,75;119631,75
9429774;3768;2024-06-13 00:00:00;PM CARANGOLA;19.279.827/0001-04;1491;SEGOV;SECRETARIA DE ESTADO DE GOVERNO;42;AUXILIOS;1;AUXILIOS;15;RECURSOS ORDINARIOS - OUTROS RECURSOS NAO VINCULADOS;800000,0;400000,0;400000,0
9429786;3770;2024-06-14 00:00:00;PM IBITIURA DE MINAS;18.178.962/0001-09;1491;SEGOV;SECRETARIA DE ESTADO DE GOVERNO;42;AUXILIOS;1;AUXILIOS;15;RECURSOS ORDINARIOS - OUTROS RECURSOS NAO VINCULADOS;314387,8;314387,8;314387,8
9429787;3772;2024-06-14 00:00:00;PM SAO FELIX DE MINAS;01.613.121/0001-71;1491;SEGOV;SECRETARIA DE ESTADO DE GOVERNO;42;AUXILIOS;1;AUXILIOS;15;RECURSOS ORDINARIOS - OUTROS RECURSOS NAO VINCULADOS;118841,75;118841,75;118841,75
9429788;3773;2024-06-14 00:00:00;PM ITAPAGIPE;21.226.840/0001-47;1491;SEGOV;SECRETARIA DE ESTADO DE GOVERNO;42;AUXILIOS;1;AUXILIOS;15;RECURSOS ORDINARIOS - OUTROS RECURSOS NAO VINCULADOS;750000,0;750000,0;750000,0
9429789;3771;2024-06-14 00:00:00;PM BOCAIUVA;18.803.072/0001-32;1491;SEGOV;SECRETARIA DE ESTADO DE GOVERNO;42;AUXILIOS;1;AUXILIOS;15;RECURSOS ORDINARIOS - OUTROS RECURSOS NAO VINCULADOS;500000,0;500000,0;500000,0
9429790;534;2024-06-14 00:00:00;PM NOVO CRUZEIRO;18.404.889/0001-38;1301;SEINFRA;SECRETARIA DE ESTADO DE INFRAESTRUTURA, MOBILIDADE E PARCERIAS;42;AUXILIOS;1;AUXILIOS;15;RECURSOS ORDINARIOS - OUTROS RECURSOS NAO VINCULADOS;2000000,0;2000000,0;2000000,0
9429796;1478;2024-06-18 00:00:00;PM SANTANA DO RIACHO;18.715.458/0001-92;1261;SEE;SECRETARIA DE ESTADO DE EDUCACAO;42;AUXILIOS;1;AUXILIOS;10;RECURSOS ORDINARIOS - RECURSOS NAO VINCULADOS DE IMPOSTOS;3816840,13;3816840,13;3816840,13
9429797;1477;2024-06-18 00:00:00;PM SANTANA DO RIACHO;18.715.458/0001-92;1261;SEE;SECRETARIA DE ESTADO DE EDUCACAO;42;AUXILIOS;1;AUXILIOS;10;RECURSOS ORDINARIOS - RECURSOS NAO VINCULADOS DE IMPOSTOS;6278916,72;6278916,72;6278916,72
9429799;533;2024-06-14 00:00:00;PM LAGAMAR;18.192.260/0001-71;1301;SEINFRA;SECRETARIA DE ESTADO DE INFRAESTRUTURA, MOBILIDADE E PARCERIAS;42;AUXILIOS;1;AUXILIOS;15;RECURSOS ORDINARIOS - OUTROS RECURSOS NAO VINCULADOS;300000,0;300000,0;300000,0
9429800;1476;2024-06-18 00:00:00;PM SANTANA DO RIACHO;18.715.458/0001-92;1261;SEE;SECRETARIA DE ESTADO DE EDUCACAO;42;AUXILIOS;1;AUXILIOS;10;RECURSOS ORDINARIOS - RECURSOS NAO VINCULADOS DE IMPOSTOS;1311902,84;1311902,84;1311902,84
9429801;654;2024-06-18 00:00:00;PM ITAMARANDIBA;16.886.871/0001-94;1261;SEE;SECRETARIA DE ESTADO DE EDUCACAO;41;CONTRIBUICOES;1;CONTRIBUICOES;13;FUNDO DE MANUTENCAO E DESENVOLVIMENTO DA EDUCACAO BASICA - FUNDEB - REGULARIZACAO DE EXERCICIOS ANTE;132907,57;132907,57;132907,57
9429801;655;2024-06-18 00:00:00;PM ITAMARANDIBA;16.886.871/0001-94;1261;SEE;SECRETARIA DE ESTADO DE EDUCACAO;41;CONTRIBUICOES;1;CONTRIBUICOES;21;COTA ESTADUAL DO SALARIO EDUCACAO - QESE;11747,71;11747,71;11747,71
9429801;656;2024-06-18 00:00:00;PM ITAMARANDIBA;16.886.871/0001-94;1261;SEE;SECRETARIA DE ESTADO DE EDUCACAO;41;CONTRIBUICOES;1;CONTRIBUICOES;36;TRANSFERENCIAS DO FNDE VINCULADAS A EDUCACAO - EXCETO EMENDAS INDIVIDUAIS E DE BANCADA;2530,0;2530,0;2530,0
9429803;674;2024-06-20 00:00:00;PM RIO DO PRADO;18.349.936/0001-98;1261;SEE;SECRETARIA DE ESTADO DE EDUCACAO;41;CONTRIBUICOES;1;CONTRIBUICOES;13;FUNDO DE MANUTENCAO E DESENVOLVIMENTO DA EDUCACAO BASICA - FUNDEB - REGULARIZACAO DE EXERCICIOS ANTE;878345,68;878345,68;878345,68
9429803;675;2024-06-20 00:00:00;PM RIO DO PRADO;18.349.936/0001-98;1261;SEE;SECRETARIA DE ESTADO DE EDUCACAO;41;CONTRIBUICOES;1;CONTRIBUICOES;21;COTA ESTADUAL DO SALARIO EDUCACAO - QESE;77637,04;77637,04;77637,04
9429803;676;2024-06-20 00:00:00;PM RIO DO PRADO;18.349.936/0001-98;1261;SEE;SECRETARIA DE ESTADO DE EDUCACAO;41;CONTRIBUICOES;1;CONTRIBUICOES;36;TRANSFERENCIAS DO FNDE VINCULADAS A EDUCACAO - EXCETO EMENDAS INDIVIDUAIS E DE BANCADA;16720,0;16720,0;16720,0
9429810;980;2024-06-18 00:00:00;PM LAJINHA;18.392.522/0001-41;1261;SEE;SECRETARIA DE ESTADO DE EDUCACAO;42;AUXILIOS;1;AUXILIOS;10;RECURSOS ORDINARIOS - RECURSOS NAO VINCULADOS DE IMPOSTOS;5155161,78;5155161,78;5155161,78
9429811;651;2024-06-18 00:00:00;PM IPANEMA;18.334.292/0001-64;1261;SEE;SECRETARIA DE ESTADO DE EDUCACAO;42;AUXILIOS;1;AUXILIOS;10;RECURSOS ORDINARIOS - RECURSOS NAO VINCULADOS DE IMPOSTOS;1000000,0;1000000,0;1000000,0
9429813;657;2024-06-18 00:00:00;PM SAO GONCALO DO RIO ABAIXO;24.380.651/0001-12;1261;SEE;SECRETARIA DE ESTADO DE EDUCACAO;41;CONTRIBUICOES;1;CONTRIBUICOES;13;FUNDO DE MANUTENCAO E DESENVOLVIMENTO DA EDUCACAO BASICA - FUNDEB - REGULARIZACAO DE EXERCICIOS ANTE;1646317,96;1646317,96;1646317,96
9429813;658;2024-06-18 00:00:00;PM SAO GONCALO DO RIO ABAIXO;24.380.651/0001-12;1261;SEE;SECRETARIA DE ESTADO DE EDUCACAO;41;CONTRIBUICOES;1;CONTRIBUICOES;21;COTA ESTADUAL DO SALARIO EDUCACAO - QESE;132289,43;132289,43;132289,43
9429813;659;2024-06-18 00:00:00;PM SAO GONCALO DO RIO ABAIXO;24.380.651/0001-12;1261;SEE;SECRETARIA DE ESTADO DE EDUCACAO;41;CONTRIBUICOES;1;CONTRIBUICOES;36;TRANSFERENCIAS DO FNDE VINCULADAS A EDUCACAO - EXCETO EMENDAS INDIVIDUAIS E DE BANCADA;28490,0;28490,0;28490,0
9429814;660;2024-06-18 00:00:00;PM BOA ESPERANCA;18.239.590/0001-75;1261;SEE;SECRETARIA DE ESTADO DE EDUCACAO;41;CONTRIBUICOES;1;CONTRIBUICOES;13;FUNDO DE MANUTENCAO E DESENVOLVIMENTO DA EDUCACAO BASICA - FUNDEB - REGULARIZACAO DE EXERCICIOS ANTE;3825426,58;3825426,58;3825426,58
9429814;661;2024-06-18 00:00:00;PM BOA ESPERANCA;18.239.590/0001-75;1261;SEE;SECRETARIA DE ESTADO DE EDUCACAO;41;CONTRIBUICOES;1;CONTRIBUICOES;21;COTA ESTADUAL DO SALARIO EDUCACAO - QESE;338129,74;338129,74;338129,74
9429814;662;2024-06-18 00:00:00;PM BOA ESPERANCA;18.239.590/0001-75;1261;SEE;SECRETARIA DE ESTADO DE EDUCACAO;41;CONTRIBUICOES;1;CONTRIBUICOES;36;TRANSFERENCIAS DO FNDE VINCULADAS A EDUCACAO - EXCETO EMENDAS INDIVIDUAIS E DE BANCADA;72820,0;72820,0;72820,0
9429818;670;2024-06-18 00:00:00;PM COMENDADOR GOMES;18.449.173/0001-57;1261;SEE;SECRETARIA DE ESTADO DE EDUCACAO;42;AUXILIOS;1;AUXILIOS;10;RECURSOS ORDINARIOS - RECURSOS NAO VINCULADOS DE IMPOSTOS;745000,0;745000,0;745000,0
9429823;671;2024-06-18 00:00:00;PM FELICIO DOS SANTOS;17.754.201/0001-87;1261;SEE;SECRETARIA DE ESTADO DE EDUCACAO;42;AUXILIOS;1;AUXILIOS;10;RECURSOS ORDINARIOS - RECURSOS NAO VINCULADOS DE IMPOSTOS;250000,0;250000,0;250000,0
9429853;3783;2024-06-18 00:00:00;PM MONTE CARMELO;18.593.103/0001-78;1491;SEGOV;SECRETARIA DE ESTADO DE GOVERNO;42;AUXILIOS;1;AUXILIOS;15;RECURSOS ORDINARIOS - OUTROS RECURSOS NAO VINCULADOS;314388,17;314388,17;314388,17
9429854;3775;2024-06-18 00:00:00;PM JAPONVAR;01.612.476/0001-46;1491;SEGOV;SECRETARIA DE ESTADO DE GOVERNO;42;AUXILIOS;1;AUXILIOS;15;RECURSOS ORDINARIOS - OUTROS RECURSOS NAO VINCULADOS;500000,0;500000,0;500000,0
9429856;1479;2024-06-18 00:00:00;PM RIBEIRAO DAS NEVES;18.314.609/0001-09;1261;SEE;SECRETARIA DE ESTADO DE EDUCACAO;42;AUXILIOS;1;AUXILIOS;10;RECURSOS ORDINARIOS - RECURSOS NAO VINCULADOS DE IMPOSTOS;5441352,95;5441352,95;5441352,95
9429857;3784;2024-06-18 00:00:00;PM SANTA MARIA DE ITABIRA;18.299.453/0001-26;1491;SEGOV;SECRETARIA DE ESTADO DE GOVERNO;42;AUXILIOS;1;AUXILIOS;15;RECURSOS ORDINARIOS - OUTROS RECURSOS NAO VINCULADOS;119633,33;119633,33;119633,33
9429858;3786;2024-06-18 00:00:00;PM UNIAO DE MINAS;01.051.819/0001-40;1491;SEGOV;SECRETARIA DE ESTADO DE GOVERNO;42;AUXILIOS;1;AUXILIOS;15;RECURSOS ORDINARIOS - OUTROS RECURSOS NAO VINCULADOS;200000,0;200000,0;200000,0
9429859;3774;2024-06-18 00:00:00;PM BELMIRO BRAGA;18.338.129/0001-70;1491;SEGOV;SECRETARIA DE ESTADO DE GOVERNO;42;AUXILIOS;1;AUXILIOS;15;RECURSOS ORDINARIOS - OUTROS RECURSOS NAO VINCULADOS;600000,0;600000,0;600000,0
9429860;3778;2024-06-18 00:00:00;PM LUISLANDIA;01.612.887/0001-31;1491;SEGOV;SECRETARIA DE ESTADO DE GOVERNO;42;AUXILIOS;1;AUXILIOS;15;RECURSOS ORDINARIOS - OUTROS RECURSOS NAO VINCULADOS;198219,25;198219,25;198219,25
9429861;3779;2024-06-18 00:00:00;PM MONTE AZUL;18.650.945/0001-14;1491;SEGOV;SECRETARIA DE ESTADO DE GOVERNO;42;AUXILIOS;1;AUXILIOS;10;RECURSOS ORDINARIOS - RECURSOS NAO VINCULADOS DE IMPOSTOS;498698,1;498698,1;498698,1
9429862;3780;2024-06-18 00:00:00;PM SAO SEBASTIAO DA BELA VISTA;17.935.370/0001-13;1491;SEGOV;SECRETARIA DE ESTADO DE GOVERNO;42;AUXILIOS;1;AUXILIOS;15;RECURSOS ORDINARIOS - OUTROS RECURSOS NAO VINCULADOS;705752,33;705752,33;705752,33
9429863;3776;2024-06-18 00:00:00;PM CACHOEIRA DO PAJEU;18.414.599/0001-75;1491;SEGOV;SECRETARIA DE ESTADO DE GOVERNO;42;AUXILIOS;1;AUXILIOS;15;RECURSOS ORDINARIOS - OUTROS RECURSOS NAO VINCULADOS;400000,0;400000,0;400000,0
9429864;3777;2024-06-18 00:00:00;PM CARANAIBA;18.094.789/0001-52;1491;SEGOV;SECRETARIA DE ESTADO DE GOVERNO;42;AUXILIOS;1;AUXILIOS;15;RECURSOS ORDINARIOS - OUTROS RECURSOS NAO VINCULADOS;400000,0;400000,0;400000,0
9429865;3781;2024-06-18 00:00:00;PM CARANGOLA;19.279.827/0001-04;1491;SEGOV;SECRETARIA DE ESTADO DE GOVERNO;42;AUXILIOS;1;AUXILIOS;15;RECURSOS ORDINARIOS - OUTROS RECURSOS NAO VINCULADOS;1380886,9;690443,45;690443,45
9429866;3782;2024-06-18 00:00:00;PM JEQUITAI;18.279.083/0001-65;1491;SEGOV;SECRETARIA DE ESTADO DE GOVERNO;42;AUXILIOS;1;AUXILIOS;15;RECURSOS ORDINARIOS - OUTROS RECURSOS NAO VINCULADOS;600000,0;600000,0;600000,0
9429867;535;2024-06-17 00:00:00;PM TAPARUBA;01.616.741/0001-64;1301;SEINFRA;SECRETARIA DE ESTADO DE INFRAESTRUTURA, MOBILIDADE E PARCERIAS;42;AUXILIOS;1;AUXILIOS;15;RECURSOS ORDINARIOS - OUTROS RECURSOS NAO VINCULADOS;300000,0;300000,0;300000,0
9429868;78;2024-06-26 00:00:00;CONSORCIO INTERMUNICIPAL DE SAUDE DA REGIAO DE ALMENARA-CISRAL;28.168.515/0001-14;4291;FES;FUNDO ESTADUAL DE SAUDE;41;CONTRIBUICOES;1;CONTRIBUICOES;10;RECURSOS ORDINARIOS - RECURSOS NAO VINCULADOS DE IMPOSTOS;66713,27;66713,27;66713,27
9429868;79;2024-06-26 00:00:00;CONSORCIO INTERMUNICIPAL DE SAUDE DA REGIAO DE ALMENARA-CISRAL;28.168.515/0001-14;4291;FES;FUNDO ESTADUAL DE SAUDE;42;AUXILIOS;1;AUXILIOS;10;RECURSOS ORDINARIOS - RECURSOS NAO VINCULADOS DE IMPOSTOS;724765,84;724765,84;724765,84
9430010;979;2024-06-18 00:00:00;PM ALTO JEQUITIBA;18.392.506/0001-59;1261;SEE;SECRETARIA DE ESTADO DE EDUCACAO;42;AUXILIOS;1;AUXILIOS;10;RECURSOS ORDINARIOS - RECURSOS NAO VINCULADOS DE IMPOSTOS;1414547,23;1414547,23;1414547,23
9430011;663;2024-06-18 00:00:00;PM IPANEMA;18.334.292/0001-64;1261;SEE;SECRETARIA DE ESTADO DE EDUCACAO;41;CONTRIBUICOES;1;CONTRIBUICOES;13;FUNDO DE MANUTENCAO E DESENVOLVIMENTO DA EDUCACAO BASICA - FUNDEB - REGULARIZACAO DE EXERCICIOS ANTE;2898536,64;2898536,64;2898536,64
9430011;664;2024-06-18 00:00:00;PM IPANEMA;18.334.292/0001-64;1261;SEE;SECRETARIA DE ESTADO DE EDUCACAO;41;CONTRIBUICOES;1;CONTRIBUICOES;21;COTA ESTADUAL DO SALARIO EDUCACAO - QESE;232911,12;232911,12;232911,12
9430011;665;2024-06-18 00:00:00;PM IPANEMA;18.334.292/0001-64;1261;SEE;SECRETARIA DE ESTADO DE EDUCACAO;41;CONTRIBUICOES;1;CONTRIBUICOES;36;TRANSFERENCIAS DO FNDE VINCULADAS A EDUCACAO - EXCETO EMENDAS INDIVIDUAIS E DE BANCADA;50160,0;50160,0;50160,0
9430012;380;2024-06-19 00:00:00;PM PIRAPETINGA;18.092.825/0001-49;1371;SEMAD;SECRETARIA DE ESTADO DE MEIO AMBIENTE E DESENVOLVIMENTO SUSTENTAVEL;41;CONTRIBUICOES;1;CONTRIBUICOES;15;RECURSOS ORDINARIOS - OUTROS RECURSOS NAO VINCULADOS;1036600,0;1036600,0;1036600,0
9430013;2555;2024-06-19 00:00:00;PM MURIAE;17.947.581/0001-76;1271;SECULT;SECRETARIA DE ESTADO DE CULTURA E TURISMO;42;AUXILIOS;1;AUXILIOS;15;RECURSOS ORDINARIOS - OUTROS RECURSOS NAO VINCULADOS;200000,0;200000,0;200000,0
9430016;253;2024-07-03 00:00:00;PM PEDRA DOURADA;18.114.215/0001-07;1231;SEAPA;SECRETARIA DE ESTADO DE AGRICULTURA, PECUARIA E ABASTECIMENTO;41;CONTRIBUICOES;1;CONTRIBUICOES;15;RECURSOS ORDINARIOS - OUTROS RECURSOS NAO VINCULADOS;380000,0;380000,0;380000,0
9430017;229;2024-06-28 00:00:00;PM DELFINOPOLIS;17.894.064/0001-86;1231;SEAPA;SECRETARIA DE ESTADO DE AGRICULTURA, PECUARIA E ABASTECIMENTO;41;CONTRIBUICOES;1;CONTRIBUICOES;15;RECURSOS ORDINARIOS - OUTROS RECURSOS NAO VINCULADOS;250000,0;250000,0;250000,0
9430020;255;2024-07-03 00:00:00;PM SANTA RITA DO ITUETO;18.413.187/0001-10;1231;SEAPA;SECRETARIA DE ESTADO DE AGRICULTURA, PECUARIA E ABASTECIMENTO;41;CONTRIBUICOES;1;CONTRIBUICOES;15;RECURSOS ORDINARIOS - OUTROS RECURSOS NAO VINCULADOS;500000,0;500000,0;500000,0
9430021;3793;2024-06-18 00:00:00;PM CARMO DE MINAS;18.188.243/0001-60;1491;SEGOV;SECRETARIA DE ESTADO DE GOVERNO;42;AUXILIOS;1;AUXILIOS;15;RECURSOS ORDINARIOS - OUTROS RECURSOS NAO VINCULADOS;300000,0;300000,0;300000,0
9430022;3794;2024-06-18 00:00:00;PM GRAO MOGOL;20.716.627/0001-50;1491;SEGOV;SECRETARIA DE ESTADO DE GOVERNO;42;AUXILIOS;1;AUXILIOS;15;RECURSOS ORDINARIOS - OUTROS RECURSOS NAO VINCULADOS;400000,0;400000,0;400000,0
9430025;3791;2024-06-18 00:00:00;PM SIMAO PEREIRA;18.338.293/0001-87;1491;SEGOV;SECRETARIA DE ESTADO DE GOVERNO;42;AUXILIOS;1;AUXILIOS;15;RECURSOS ORDINARIOS - OUTROS RECURSOS NAO VINCULADOS;903402,0;451701,0;451701,0
9430027;3792;2024-06-18 00:00:00;PM ESPINOSA;18.650.952/0001-16;1491;SEGOV;SECRETARIA DE ESTADO DE GOVERNO;42;AUXILIOS;1;AUXILIOS;15;RECURSOS ORDINARIOS - OUTROS RECURSOS NAO VINCULADOS;78682,7;78682,7;78682,7
9430029;3787;2024-06-18 00:00:00;PM CONCEICAO DOS OUROS;18.677.609/0001-65;1491;SEGOV;SECRETARIA DE ESTADO DE GOVERNO;42;AUXILIOS;1;AUXILIOS;15;RECURSOS ORDINARIOS - OUTROS RECURSOS NAO VINCULADOS;398115,75;398115,75;398115,75
9430031;3790;2024-06-18 00:00:00;PM ARAPUA;19.942.895/0001-01;1491;SEGOV;SECRETARIA DE ESTADO DE GOVERNO;42;AUXILIOS;1;AUXILIOS;15;RECURSOS ORDINARIOS - OUTROS RECURSOS NAO VINCULADOS;78682,73;78682,73;78682,73
9430033;3788;2024-06-18 00:00:00;PM BELMIRO BRAGA;18.338.129/0001-70;1491;SEGOV;SECRETARIA DE ESTADO DE GOVERNO;42;AUXILIOS;1;AUXILIOS;15;RECURSOS ORDINARIOS - OUTROS RECURSOS NAO VINCULADOS;710000,0;710000,0;710000,0
9430034;3789;2024-06-18 00:00:00;PM SIMAO PEREIRA;18.338.293/0001-87;1491;SEGOV;SECRETARIA DE ESTADO DE GOVERNO;42;AUXILIOS;1;AUXILIOS;15;RECURSOS ORDINARIOS - OUTROS RECURSOS NAO VINCULADOS;910000,0;455000,0;455000,0
9430079;539;2024-06-20 00:00:00;PM SIMONESIA;18.385.120/0001-10;1301;SEINFRA;SECRETARIA DE ESTADO DE INFRAESTRUTURA, MOBILIDADE E PARCERIAS;42;AUXILIOS;1;AUXILIOS;15;RECURSOS ORDINARIOS - OUTROS RECURSOS NAO VINCULADOS;306319,89;306319,89;306319,89
9430080;540;2024-06-20 00:00:00;PM IBIA;18.584.961/0001-56;1301;SEINFRA;SECRETARIA DE ESTADO DE INFRAESTRUTURA, MOBILIDADE E PARCERIAS;42;AUXILIOS;1;AUXILIOS;15;RECURSOS ORDINARIOS - OUTROS RECURSOS NAO VINCULADOS;500000,0;500000,0;500000,0
9430082;538;2024-06-19 00:00:00;PM MENDES PIMENTEL;18.505.347/0001-51;1301;SEINFRA;SECRETARIA DE ESTADO DE INFRAESTRUTURA, MOBILIDADE E PARCERIAS;42;AUXILIOS;1;AUXILIOS;15;RECURSOS ORDINARIOS - OUTROS RECURSOS NAO VINCULADOS;750000,0;750000,0;750000,0
9430085;80;2024-06-27 00:00:00;CONSORCIO INTERMUNICIPAL SAUDE MEDIO MUCURI/AGUAS FORMOSAS;00.688.535/0001-05;4291;FES;FUNDO ESTADUAL DE SAUDE;41;CONTRIBUICOES;1;CONTRIBUICOES;10;RECURSOS ORDINARIOS - RECURSOS NAO VINCULADOS DE IMPOSTOS;66713,27;66713,27;66713,27
9430085;81;2024-06-27 00:00:00;CONSORCIO INTERMUNICIPAL SAUDE MEDIO MUCURI/AGUAS FORMOSAS;00.688.535/0001-05;4291;FES;FUNDO ESTADUAL DE SAUDE;42;AUXILIOS;1;AUXILIOS;10;RECURSOS ORDINARIOS - RECURSOS NAO VINCULADOS DE IMPOSTOS;724765,84;724765,84;724765,84
9430086;3806;2024-06-21 00:00:00;PM RIO NOVO;18.338.244/0001-44;1491;SEGOV;SECRETARIA DE ESTADO DE GOVERNO;42;AUXILIOS;1;AUXILIOS;15;RECURSOS ORDINARIOS - OUTROS RECURSOS NAO VINCULADOS;2000000,0;500000,0;500000,0
9430087;537;2024-06-19 00:00:00;PM CORONEL FABRICIANO;19.875.046/0001-82;1301;SEINFRA;SECRETARIA DE ESTADO DE INFRAESTRUTURA, MOBILIDADE E PARCERIAS;42;AUXILIOS;1;AUXILIOS;15;RECURSOS ORDINARIOS - OUTROS RECURSOS NAO VINCULADOS;400000,0;400000,0;400000,0
9430089;3805;2024-06-21 00:00:00;PM CORONEL PACHECO;18.338.152/0001-64;1491;SEGOV;SECRETARIA DE ESTADO DE GOVERNO;42;AUXILIOS;1;AUXILIOS;15;RECURSOS ORDINARIOS - OUTROS RECURSOS NAO VINCULADOS;649212,35;649212,35;649212,35
9430090;3804;2024-06-21 00:00:00;PM SAO JOAO DAS MISSOES;01.612.486/0001-81;1491;SEGOV;SECRETARIA DE ESTADO DE GOVERNO;42;AUXILIOS;1;AUXILIOS;15;RECURSOS ORDINARIOS - OUTROS RECURSOS NAO VINCULADOS;500000,0;500000,0;500000,0
9430092;3803;2024-06-21 00:00:00;PM ATALEIA;16.971.376/0001-83;1491;SEGOV;SECRETARIA DE ESTADO DE GOVERNO;42;AUXILIOS;1;AUXILIOS;15;RECURSOS ORDINARIOS - OUTROS RECURSOS NAO VINCULADOS;400000,0;400000,0;400000,0
9430093;3797;2024-06-21 00:00:00;PM MUTUM;18.348.086/0001-03;1491;SEGOV;SECRETARIA DE ESTADO DE GOVERNO;42;AUXILIOS;1;AUXILIOS;15;RECURSOS ORDINARIOS - OUTROS RECURSOS NAO VINCULADOS;400000,0;400000,0;400000,0
9430094;3798;2024-06-21 00:00:00;PM SAO FRANCISCO DO GLORIA;18.114.231/0001-91;1491;SEGOV;SECRETARIA DE ESTADO DE GOVERNO;42;AUXILIOS;1;AUXILIOS;15;RECURSOS ORDINARIOS - OUTROS RECURSOS NAO VINCULADOS;987976,49;493988,25;493988,25
9430095;3802;2024-06-21 00:00:00;PM PEDRA BONITA;01.640.429/0001-06;1491;SEGOV;SECRETARIA DE ESTADO DE GOVERNO;42;AUXILIOS;1;AUXILIOS;15;RECURSOS ORDINARIOS - OUTROS RECURSOS NAO VINCULADOS;400000,0;400000,0;400000,0
9430096;3801;2024-06-21 00:00:00;PM AUGUSTO DE LIMA;17.694.845/0001-27;1491;SEGOV;SECRETARIA DE ESTADO DE GOVERNO;42;AUXILIOS;1;AUXILIOS;15;RECURSOS ORDINARIOS - OUTROS RECURSOS NAO VINCULADOS;500000,0;500000,0;500000,0
9430097;3799;2024-06-21 00:00:00;PM CAMPO BELO;18.659.334/0001-37;1491;SEGOV;SECRETARIA DE ESTADO DE GOVERNO;42;AUXILIOS;1;AUXILIOS;15;RECURSOS ORDINARIOS - OUTROS RECURSOS NAO VINCULADOS;78682,72;78682,72;78682,72
9430098;534;2024-06-26 00:00:00;PM RIO DO PRADO;18.349.936/0001-98;1261;SEE;SECRETARIA DE ESTADO DE EDUCACAO;42;AUXILIOS;1;AUXILIOS;10;RECURSOS ORDINARIOS - RECURSOS NAO VINCULADOS DE IMPOSTOS;2505845,51;2505845,51;2505845,51
9430098;657;2024-06-27 00:00:00;PM RIO DO PRADO;18.349.936/0001-98;1261;SEE;SECRETARIA DE ESTADO DE EDUCACAO;41;CONTRIBUICOES;1;CONTRIBUICOES;10;RECURSOS ORDINARIOS - RECURSOS NAO VINCULADOS DE IMPOSTOS;74987,84;74987,84;74987,84
9430099;3800;2024-06-21 00:00:00;PM UNIAO DE MINAS;01.051.819/0001-40;1491;SEGOV;SECRETARIA DE ESTADO DE GOVERNO;42;AUXILIOS;1;AUXILIOS;15;RECURSOS ORDINARIOS - OUTROS RECURSOS NAO VINCULADOS;400000,0;400000,0;400000,0
9430161;543;2024-06-20 00:00:00;PM MARTINS SOARES;01.615.420/0001-45;1301;SEINFRA;SECRETARIA DE ESTADO DE INFRAESTRUTURA, MOBILIDADE E PARCERIAS;42;AUXILIOS;1;AUXILIOS;15;RECURSOS ORDINARIOS - OUTROS RECURSOS NAO VINCULADOS;1000000,0;1000000,0;1000000,0
9430162;542;2024-06-20 00:00:00;PM SAO JOSE DO ALEGRE;18.025.999/0001-99;1301;SEINFRA;SECRETARIA DE ESTADO DE INFRAESTRUTURA, MOBILIDADE E PARCERIAS;42;AUXILIOS;1;AUXILIOS;15;RECURSOS ORDINARIOS - OUTROS RECURSOS NAO VINCULADOS;250000,0;250000,0;250000,0
9430163;3795;2024-06-21 00:00:00;PM CRISTINA;18.188.250/0001-62;1491;SEGOV;SECRETARIA DE ESTADO DE GOVERNO;42;AUXILIOS;1;AUXILIOS;15;RECURSOS ORDINARIOS - OUTROS RECURSOS NAO VINCULADOS;300000,0;300000,0;300000,0
9430164;544;2024-06-20 00:00:00;PM SAO JOAO DO ORIENTE;18.338.848/0001-90;1301;SEINFRA;SECRETARIA DE ESTADO DE INFRAESTRUTURA, MOBILIDADE E PARCERIAS;42;AUXILIOS;1;AUXILIOS;15;RECURSOS ORDINARIOS - OUTROS RECURSOS NAO VINCULADOS;300000,0;300000,0;300000,0
9430168;230;2024-06-28 00:00:00;PM TIROS;18.602.094/0001-34;1231;SEAPA;SECRETARIA DE ESTADO DE AGRICULTURA, PECUARIA E ABASTECIMENTO;41;CONTRIBUICOES;1;CONTRIBUICOES;15;RECURSOS ORDINARIOS - OUTROS RECURSOS NAO VINCULADOS;300000,0;300000,0;300000,0
9430170;236;2024-06-28 00:00:00;PM ITANHANDU;18.186.718/0001-80;1231;SEAPA;SECRETARIA DE ESTADO DE AGRICULTURA, PECUARIA E ABASTECIMENTO;41;CONTRIBUICOES;1;CONTRIBUICOES;15;RECURSOS ORDINARIOS - OUTROS RECURSOS NAO VINCULADOS;300000,0;300000,0;300000,0
9430171;246;2024-07-02 00:00:00;PM CONSELHEIRO PENA;19.769.660/0001-60;1231;SEAPA;SECRETARIA DE ESTADO DE AGRICULTURA, PECUARIA E ABASTECIMENTO;41;CONTRIBUICOES;1;CONTRIBUICOES;15;RECURSOS ORDINARIOS - OUTROS RECURSOS NAO VINCULADOS;566766,67;566766,67;566766,67
9430172;248;2024-07-02 00:00:00;PM LAMBARI;17.877.200/0001-20;1231;SEAPA;SECRETARIA DE ESTADO DE AGRICULTURA, PECUARIA E ABASTECIMENTO;41;CONTRIBUICOES;1;CONTRIBUICOES;15;RECURSOS ORDINARIOS - OUTROS RECURSOS NAO VINCULADOS;324141,58;324141,58;324141,58
9430173;254;2024-07-03 00:00:00;PM PRATA;18.260.505/0001-50;1231;SEAPA;SECRETARIA DE ESTADO DE AGRICULTURA, PECUARIA E ABASTECIMENTO;41;CONTRIBUICOES;1;CONTRIBUICOES;15;RECURSOS ORDINARIOS - OUTROS RECURSOS NAO VINCULADOS;470000,0;470000,0;470000,0
9430174;220;2024-06-28 00:00:00;PM VIRGOLANDIA;18.409.185/0001-58;1231;SEAPA;SECRETARIA DE ESTADO DE AGRICULTURA, PECUARIA E ABASTECIMENTO;41;CONTRIBUICOES;1;CONTRIBUICOES;15;RECURSOS ORDINARIOS - OUTROS RECURSOS NAO VINCULADOS;104365,8;104365,8;104365,8
9430177;252;2024-07-03 00:00:00;PM PATROCINIO;18.468.033/0001-26;1231;SEAPA;SECRETARIA DE ESTADO DE AGRICULTURA, PECUARIA E ABASTECIMENTO;41;CONTRIBUICOES;1;CONTRIBUICOES;15;RECURSOS ORDINARIOS - OUTROS RECURSOS NAO VINCULADOS;400000,0;400000,0;400000,0
9430180;545;2024-06-20 00:00:00;PM GUAXUPE;18.663.401/0001-97;1301;SEINFRA;SECRETARIA DE ESTADO DE INFRAESTRUTURA, MOBILIDADE E PARCERIAS;42;AUXILIOS;1;AUXILIOS;15;RECURSOS ORDINARIOS - OUTROS RECURSOS NAO VINCULADOS;250000,0;250000,0;250000,0
9430186;6;2024-06-27 00:00:00;PM PRUDENTE DE MORAIS;18.314.625/0001-93;1481;SEDESE;SECRETARIA DE ESTADO DE DESENVOLVIMENTO SOCIAL;41;CONTRIBUICOES;1;CONTRIBUICOES;15;RECURSOS ORDINARIOS - OUTROS RECURSOS NAO VINCULADOS;801873,28;801873,28;801873,28
9430188;277;2024-06-21 00:00:00;PM RIACHO DOS MACHADOS;16.925.208/0001-51;1481;SEDESE;SECRETARIA DE ESTADO DE DESENVOLVIMENTO SOCIAL;41;CONTRIBUICOES;1;CONTRIBUICOES;38;TRANSFERENCIAS DA UNIAO VINCULADAS AO ESPORTE;229369,38;229369,38;229369,38
9430190;8;2024-06-27 00:00:00;PM CONFINS;01.006.232/0001-10;1481;SEDESE;SECRETARIA DE ESTADO DE DESENVOLVIMENTO SOCIAL;42;AUXILIOS;1;AUXILIOS;10;RECURSOS ORDINARIOS - RECURSOS NAO VINCULADOS DE IMPOSTOS;341622,7;341622,7;341622,7
9430206;391;2024-06-26 00:00:00;PM LUISBURGO;01.615.423/0001-89;1371;SEMAD;SECRETARIA DE ESTADO DE MEIO AMBIENTE E DESENVOLVIMENTO SUSTENTAVEL;41;CONTRIBUICOES;1;CONTRIBUICOES;15;RECURSOS ORDINARIOS - OUTROS RECURSOS NAO VINCULADOS;150000,0;150000,0;150000,0
9430207;547;2024-06-21 00:00:00;PM ANTONIO DIAS;16.796.575/0001-00;1301;SEINFRA;SECRETARIA DE ESTADO DE INFRAESTRUTURA, MOBILIDADE E PARCERIAS;42;AUXILIOS;1;AUXILIOS;15;RECURSOS ORDINARIOS - OUTROS RECURSOS NAO VINCULADOS;400000,0;400000,0;400000,0
9430208;549;2024-06-25 00:00:00;PM ITAVERAVA;19.718.386/0001-08;1301;SEINFRA;SECRETARIA DE ESTADO DE INFRAESTRUTURA, MOBILIDADE E PARCERIAS;42;AUXILIOS;1;AUXILIOS;15;RECURSOS ORDINARIOS - OUTROS RECURSOS NAO VINCULADOS;1450000,0;1450000,0;1450000,0
9430209;548;2024-06-21 00:00:00;PM SAO TOME DAS LETRAS;18.008.920/0001-11;1301;SEINFRA;SECRETARIA DE ESTADO DE INFRAESTRUTURA, MOBILIDADE E PARCERIAS;42;AUXILIOS;1;AUXILIOS;15;RECURSOS ORDINARIOS - OUTROS RECURSOS NAO VINCULADOS;300000,0;300000,0;300000,0
9430212;726;2024-06-25 00:00:00;PM IPANEMA;18.334.292/0001-64;1261;SEE;SECRETARIA DE ESTADO DE EDUCACAO;42;AUXILIOS;1;AUXILIOS;10;RECURSOS ORDINARIOS - RECURSOS NAO VINCULADOS DE IMPOSTOS;5882246,09;5882246,09;5882246,09
9430213;587;2024-06-24 00:00:00;PM BURITIZEIRO;18.279.067/0001-72;1261;SEE;SECRETARIA DE ESTADO DE EDUCACAO;42;AUXILIOS;1;AUXILIOS;10;RECURSOS ORDINARIOS - RECURSOS NAO VINCULADOS DE IMPOSTOS;995941,87;995941,87;995941,87
9430214;1090;2024-06-26 00:00:00;PM LAJINHA;18.392.522/0001-41;1261;SEE;SECRETARIA DE ESTADO DE EDUCACAO;42;AUXILIOS;1;AUXILIOS;10;RECURSOS ORDINARIOS - RECURSOS NAO VINCULADOS DE IMPOSTOS;5411899,9;5411899,9;5411899,9
9430215;1087;2024-06-25 00:00:00;PM CAMPOS GERAIS;18.245.175/0001-24;1261;SEE;SECRETARIA DE ESTADO DE EDUCACAO;42;AUXILIOS;1;AUXILIOS;10;RECURSOS ORDINARIOS - RECURSOS NAO VINCULADOS DE IMPOSTOS;599080,07;599080,07;599080,07
9430217;3796;2024-06-21 00:00:00;PM SAO JOAO DA MATA;17.935.206/0001-06;1491;SEGOV;SECRETARIA DE ESTADO DE GOVERNO;42;AUXILIOS;1;AUXILIOS;15;RECURSOS ORDINARIOS - OUTROS RECURSOS NAO VINCULADOS;79080,11;79080,11;79080,11
9430218;3807;2024-06-21 00:00:00;PM CORINTO;17.695.016/0001-69;1491;SEGOV;SECRETARIA DE ESTADO DE GOVERNO;42;AUXILIOS;1;AUXILIOS;15;RECURSOS ORDINARIOS - OUTROS RECURSOS NAO VINCULADOS;78682,5;78682,5;78682,5
9430219;3000;2024-06-26 00:00:00;PM VICOSA;18.132.449/0001-79;4291;FES;FUNDO ESTADUAL DE SAUDE;42;AUXILIOS;1;AUXILIOS;10;RECURSOS ORDINARIOS - RECURSOS NAO VINCULADOS DE IMPOSTOS;2028982,97;2028982,97;2028982,97
9430226;3;2024-06-27 00:00:00;PM URUANA DE MINAS;01.609.942/0001-34;1481;SEDESE;SECRETARIA DE ESTADO DE DESENVOLVIMENTO SOCIAL;42;AUXILIOS;1;AUXILIOS;10;RECURSOS ORDINARIOS - RECURSOS NAO VINCULADOS DE IMPOSTOS;0,0;0,0;0,0
9430226;10;2024-06-27 00:00:00;PM URUANA DE MINAS;01.609.942/0001-34;1481;SEDESE;SECRETARIA DE ESTADO DE DESENVOLVIMENTO SOCIAL;42;AUXILIOS;1;AUXILIOS;10;RECURSOS ORDINARIOS - RECURSOS NAO VINCULADOS DE IMPOSTOS;119633,33;119633,33;119633,33
9430229;278;2024-06-21 00:00:00;PM ALPINOPOLIS;18.241.752/0001-00;1481;SEDESE;SECRETARIA DE ESTADO DE DESENVOLVIMENTO SOCIAL;41;CONTRIBUICOES;1;CONTRIBUICOES;38;TRANSFERENCIAS DA UNIAO VINCULADAS AO ESPORTE;229369,38;229369,38;229369,38
9430261;1958;2024-06-27 00:00:00;PM SAO JOAO DO PARAISO;24.791.154/0001-07;1261;SEE;SECRETARIA DE ESTADO DE EDUCACAO;42;AUXILIOS;1;AUXILIOS;10;RECURSOS ORDINARIOS - RECURSOS NAO VINCULADOS DE IMPOSTOS;2215999,71;2215999,71;2215999,71
9430262;3838;2024-06-26 00:00:00;PM SANTA MARGARIDA;18.385.112/0001-73;1491;SEGOV;SECRETARIA DE ESTADO DE GOVERNO;42;AUXILIOS;1;AUXILIOS;10;RECURSOS ORDINARIOS - RECURSOS NAO VINCULADOS DE IMPOSTOS;400000,0;400000,0;400000,0
9430263;5;2024-06-27 00:00:00;PM CAPINOPOLIS;18.457.234/0001-28;1481;SEDESE;SECRETARIA DE ESTADO DE DESENVOLVIMENTO SOCIAL;42;AUXILIOS;1;AUXILIOS;15;RECURSOS ORDINARIOS - OUTROS RECURSOS NAO VINCULADOS;400000,0;400000,0;400000,0
9430265;219;2024-06-28 00:00:00;PM REDUTO;01.614.977/0001-61;1231;SEAPA;SECRETARIA DE ESTADO DE AGRICULTURA, PECUARIA E ABASTECIMENTO;41;CONTRIBUICOES;1;CONTRIBUICOES;15;RECURSOS ORDINARIOS - OUTROS RECURSOS NAO VINCULADOS;650000,0;650000,0;650000,0
9430267;227;2024-06-28 00:00:00;PM CONCEICAO DE IPANEMA;18.334.300/0001-72;1231;SEAPA;SECRETARIA DE ESTADO DE AGRICULTURA, PECUARIA E ABASTECIMENTO;41;CONTRIBUICOES;1;CONTRIBUICOES;15;RECURSOS ORDINARIOS - OUTROS RECURSOS NAO VINCULADOS;500000,0;500000,0;500000,0
9430269;232;2024-06-28 00:00:00;PM DIVINO DAS LARANJEIRAS;18.357.079/0001-78;1231;SEAPA;SECRETARIA DE ESTADO DE AGRICULTURA, PECUARIA E ABASTECIMENTO;41;CONTRIBUICOES;1;CONTRIBUICOES;15;RECURSOS ORDINARIOS - OUTROS RECURSOS NAO VINCULADOS;500000,0;500000,0;500000,0
9430273;554;2024-06-26 00:00:00;PM FERNANDES TOURINHO;18.080.887/0001-30;1301;SEINFRA;SECRETARIA DE ESTADO DE INFRAESTRUTURA, MOBILIDADE E PARCERIAS;42;AUXILIOS;1;AUXILIOS;15;RECURSOS ORDINARIOS - OUTROS RECURSOS NAO VINCULADOS;900000,0;900000,0;900000,0
9430274;249;2024-07-02 00:00:00;PM TAPIRA;18.140.806/0001-40;1231;SEAPA;SECRETARIA DE ESTADO DE AGRICULTURA, PECUARIA E ABASTECIMENTO;41;CONTRIBUICOES;1;CONTRIBUICOES;15;RECURSOS ORDINARIOS - OUTROS RECURSOS NAO VINCULADOS;105420,0;105420,0;105420,0
9430275;263;2024-07-05 00:00:00;PM PLANURA;18.449.157/0001-64;1231;SEAPA;SECRETARIA DE ESTADO DE AGRICULTURA, PECUARIA E ABASTECIMENTO;41;CONTRIBUICOES;1;CONTRIBUICOES;15;RECURSOS ORDINARIOS - OUTROS RECURSOS NAO VINCULADOS;292000,0;292000,0;0,0
9430276;556;2024-06-26 00:00:00;PM BOM DESPACHO;18.301.002/0001-86;1301;SEINFRA;SECRETARIA DE ESTADO DE INFRAESTRUTURA, MOBILIDADE E PARCERIAS;42;AUXILIOS;1;AUXILIOS;15;RECURSOS ORDINARIOS - OUTROS RECURSOS NAO VINCULADOS;1200000,0;1200000,0;1200000,0
9430282;1179;2024-06-27 00:00:00;APAE / NOVA SERRANA;00.121.538/0001-54;4251;FEAS;FUNDO ESTADUAL DE ASSISTENCIA SOCIAL;42;AUXILIOS;1;AUXILIOS;10;RECURSOS ORDINARIOS - RECURSOS NAO VINCULADOS DE IMPOSTOS;200000,0;200000,0;200000,0
9430283;550;2024-06-26 00:00:00;PM SAO VICENTE DE MINAS;17.954.546/0001-84;1301;SEINFRA;SECRETARIA DE ESTADO DE INFRAESTRUTURA, MOBILIDADE E PARCERIAS;42;AUXILIOS;1;AUXILIOS;15;RECURSOS ORDINARIOS - OUTROS RECURSOS NAO VINCULADOS;1919517,91;1919517,91;1919517,91
9430284;553;2024-06-26 00:00:00;PM CARMOPOLIS DE MINAS;18.312.983/0001-67;1301;SEINFRA;SECRETARIA DE ESTADO DE INFRAESTRUTURA, MOBILIDADE E PARCERIAS;42;AUXILIOS;1;AUXILIOS;15;RECURSOS ORDINARIOS - OUTROS RECURSOS NAO VINCULADOS;400000,0;400000,0;400000,0
9430286;247;2024-07-02 00:00:00;PM JOSE GONCALVES DE MINAS;01.613.372/0001-56;1231;SEAPA;SECRETARIA DE ESTADO DE AGRICULTURA, PECUARIA E ABASTECIMENTO;41;CONTRIBUICOES;1;CONTRIBUICOES;15;RECURSOS ORDINARIOS - OUTROS RECURSOS NAO VINCULADOS;1500000,0;1500000,0;1500000,0
9430287;551;2024-06-26 00:00:00;PM VERISSIMO;18.428.946/0001-19;1301;SEINFRA;SECRETARIA DE ESTADO DE INFRAESTRUTURA, MOBILIDADE E PARCERIAS;42;AUXILIOS;1;AUXILIOS;15;RECURSOS ORDINARIOS - OUTROS RECURSOS NAO VINCULADOS;600000,0;600000,0;600000,0
9430288;233;2024-06-28 00:00:00;PM PERDOES;18.244.343/0001-67;1231;SEAPA;SECRETARIA DE ESTADO DE AGRICULTURA, PECUARIA E ABASTECIMENTO;41;CONTRIBUICOES;1;CONTRIBUICOES;15;RECURSOS ORDINARIOS - OUTROS RECURSOS NAO VINCULADOS;500000,0;500000,0;500000,0
9430290;555;2024-06-26 00:00:00;PM CONSOLACAO;18.025.916/0001-61;1301;SEINFRA;SECRETARIA DE ESTADO DE INFRAESTRUTURA, MOBILIDADE E PARCERIAS;42;AUXILIOS;1;AUXILIOS;15;RECURSOS ORDINARIOS - OUTROS RECURSOS NAO VINCULADOS;200000,0;200000,0;200000,0
9430291;224;2024-06-28 00:00:00;PM FREI GASPAR;18.404.913/0001-39;1231;SEAPA;SECRETARIA DE ESTADO DE AGRICULTURA, PECUARIA E ABASTECIMENTO;41;CONTRIBUICOES;1;CONTRIBUICOES;15;RECURSOS ORDINARIOS - OUTROS RECURSOS NAO VINCULADOS;1500000,0;1500000,0;1500000,0
9430292;235;2024-06-28 00:00:00;PM VIRGOLANDIA;18.409.185/0001-58;1231;SEAPA;SECRETARIA DE ESTADO DE AGRICULTURA, PECUARIA E ABASTECIMENTO;41;CONTRIBUICOES;1;CONTRIBUICOES;15;RECURSOS ORDINARIOS - OUTROS RECURSOS NAO VINCULADOS;2000000,0;2000000,0;2000000,0
9430294;241;2024-07-02 00:00:00;PM UBAPORANGA;66.229.717/0001-18;1231;SEAPA;SECRETARIA DE ESTADO DE AGRICULTURA, PECUARIA E ABASTECIMENTO;41;CONTRIBUICOES;1;CONTRIBUICOES;15;RECURSOS ORDINARIOS - OUTROS RECURSOS NAO VINCULADOS;500000,0;500000,0;500000,0
9430295;1175;2024-06-27 00:00:00;PM BARROSO;18.094.755/0001-68;4251;FEAS;FUNDO ESTADUAL DE ASSISTENCIA SOCIAL;42;AUXILIOS;1;AUXILIOS;10;RECURSOS ORDINARIOS - RECURSOS NAO VINCULADOS DE IMPOSTOS;78682,73;78682,73;78682,73
9430297;225;2024-06-28 00:00:00;PM AGUA BOA;18.085.563/0001-95;1231;SEAPA;SECRETARIA DE ESTADO DE AGRICULTURA, PECUARIA E ABASTECIMENTO;41;CONTRIBUICOES;1;CONTRIBUICOES;15;RECURSOS ORDINARIOS - OUTROS RECURSOS NAO VINCULADOS;500000,0;500000,0;500000,0
9430302;552;2024-06-26 00:00:00;PM SAO SEBASTIAO DO PARAISO;18.241.349/0001-80;1301;SEINFRA;SECRETARIA DE ESTADO DE INFRAESTRUTURA, MOBILIDADE E PARCERIAS;42;AUXILIOS;1;AUXILIOS;15;RECURSOS ORDINARIOS - OUTROS RECURSOS NAO VINCULADOS;500000,0;500000,0;500000,0
9430303;11;2024-06-27 00:00:00;PM PARACATU;18.278.051/0001-45;1481;SEDESE;SECRETARIA DE ESTADO DE DESENVOLVIMENTO SOCIAL;42;AUXILIOS;1;AUXILIOS;10;RECURSOS ORDINARIOS - RECURSOS NAO VINCULADOS DE IMPOSTOS;120841,75;120841,75;120841,75
9430304;4;2024-06-27 00:00:00;PM MATO VERDE;17.782.616/0001-64;1481;SEDESE;SECRETARIA DE ESTADO DE DESENVOLVIMENTO SOCIAL;42;AUXILIOS;1;AUXILIOS;15;RECURSOS ORDINARIOS - OUTROS RECURSOS NAO VINCULADOS;1497191,74;1497191,74;1497191,74
9430421;231;2024-06-28 00:00:00;PM ARACITABA;17.747.940/0001-41;1231;SEAPA;SECRETARIA DE ESTADO DE AGRICULTURA, PECUARIA E ABASTECIMENTO;41;CONTRIBUICOES;1;CONTRIBUICOES;15;RECURSOS ORDINARIOS - OUTROS RECURSOS NAO VINCULADOS;500000,0;500000,0;500000,0
9430423;2558;2024-06-26 00:00:00;PM RUBELITA;24.363.590/0001-85;1271;SECULT;SECRETARIA DE ESTADO DE CULTURA E TURISMO;41;CONTRIBUICOES;1;CONTRIBUICOES;15;RECURSOS ORDINARIOS - OUTROS RECURSOS NAO VINCULADOS;201796,0;201796,0;201796,0
9430424;2559;2024-06-26 00:00:00;ASSOCIACAO DE REMANESCENTES QUILOMBOLAS DE PALMEIRINHA;14.245.790/0001-80;1271;SECULT;SECRETARIA DE ESTADO DE CULTURA E TURISMO;41;CONTRIBUICOES;1;CONTRIBUICOES;10;RECURSOS ORDINARIOS - RECURSOS NAO VINCULADOS DE IMPOSTOS;100000,0;100000,0;100000,0
9430425;560;2024-06-26 00:00:00;PM BRAZOPOLIS;18.025.890/0001-51;1301;SEINFRA;SECRETARIA DE ESTADO DE INFRAESTRUTURA, MOBILIDADE E PARCERIAS;42;AUXILIOS;1;AUXILIOS;15;RECURSOS ORDINARIOS - OUTROS RECURSOS NAO VINCULADOS;400000,0;400000,0;400000,0
9430427;558;2024-06-26 00:00:00;PM ITABIRINHA;17.125.444/0001-56;1301;SEINFRA;SECRETARIA DE ESTADO DE INFRAESTRUTURA, MOBILIDADE E PARCERIAS;42;AUXILIOS;1;AUXILIOS;15;RECURSOS ORDINARIOS - OUTROS RECURSOS NAO VINCULADOS;3500000,0;3500000,0;3500000,0
9430428;561;2024-06-26 00:00:00;PM ITABIRINHA;17.125.444/0001-56;1301;SEINFRA;SECRETARIA DE ESTADO DE INFRAESTRUTURA, MOBILIDADE E PARCERIAS;42;AUXILIOS;1;AUXILIOS;15;RECURSOS ORDINARIOS - OUTROS RECURSOS NAO VINCULADOS;380000,0;380000,0;380000,0
9430429;740;2024-06-27 00:00:00;PM SANTO ANTONIO DO AMPARO;18.244.335/0001-10;1261;SEE;SECRETARIA DE ESTADO DE EDUCACAO;42;AUXILIOS;1;AUXILIOS;10;RECURSOS ORDINARIOS - RECURSOS NAO VINCULADOS DE IMPOSTOS;1281000,0;1281000,0;1281000,0
9430430;717;2024-06-27 00:00:00;PM NOVA PORTEIRINHA;01.612.499/0001-50;1261;SEE;SECRETARIA DE ESTADO DE EDUCACAO;42;AUXILIOS;1;AUXILIOS;10;RECURSOS ORDINARIOS - RECURSOS NAO VINCULADOS DE IMPOSTOS;254677,0;254677,0;254677,0
9430431;559;2024-06-26 00:00:00;PM ITAU DE MINAS;23.767.031/0001-78;1301;SEINFRA;SECRETARIA DE ESTADO DE INFRAESTRUTURA, MOBILIDADE E PARCERIAS;42;AUXILIOS;1;AUXILIOS;15;RECURSOS ORDINARIOS - OUTROS RECURSOS NAO VINCULADOS;1000000,0;1000000,0;1000000,0
9430432;718;2024-06-27 00:00:00;PM PRESIDENTE BERNARDES;23.515.695/0001-40;1261;SEE;SECRETARIA DE ESTADO DE EDUCACAO;41;CONTRIBUICOES;1;CONTRIBUICOES;13;FUNDO DE MANUTENCAO E DESENVOLVIMENTO DA EDUCACAO BASICA - FUNDEB - REGULARIZACAO DE EXERCICIOS ANTE;728102,34;728102,34;728102,34
9430432;719;2024-06-27 00:00:00;PM PRESIDENTE BERNARDES;23.515.695/0001-40;1261;SEE;SECRETARIA DE ESTADO DE EDUCACAO;41;CONTRIBUICOES;1;CONTRIBUICOES;21;COTA ESTADUAL DO SALARIO EDUCACAO - QESE;64357,02;64357,02;64357,02
9430432;720;2024-06-27 00:00:00;PM PRESIDENTE BERNARDES;23.515.695/0001-40;1261;SEE;SECRETARIA DE ESTADO DE EDUCACAO;41;CONTRIBUICOES;1;CONTRIBUICOES;36;TRANSFERENCIAS DO FNDE VINCULADAS A EDUCACAO - EXCETO EMENDAS INDIVIDUAIS E DE BANCADA;13860,0;13860,0;13860,0
9430433;721;2024-06-27 00:00:00;PM SAO LOURENCO;18.188.219/0001-21;1261;SEE;SECRETARIA DE ESTADO DE EDUCACAO;41;CONTRIBUICOES;1;CONTRIBUICOES;13;FUNDO DE MANUTENCAO E DESENVOLVIMENTO DA EDUCACAO BASICA - FUNDEB - REGULARIZACAO DE EXERCICIOS ANTE;1277068,39;1277068,39;1277068,17
9430433;722;2024-06-27 00:00:00;PM SAO LOURENCO;18.188.219/0001-21;1261;SEE;SECRETARIA DE ESTADO DE EDUCACAO;41;CONTRIBUICOES;1;CONTRIBUICOES;21;COTA ESTADUAL DO SALARIO EDUCACAO - QESE;112880,17;112880,17;112880,17
9430433;723;2024-06-27 00:00:00;PM SAO LOURENCO;18.188.219/0001-21;1261;SEE;SECRETARIA DE ESTADO DE EDUCACAO;41;CONTRIBUICOES;1;CONTRIBUICOES;36;TRANSFERENCIAS DO FNDE VINCULADAS A EDUCACAO - EXCETO EMENDAS INDIVIDUAIS E DE BANCADA;24310,0;24310,0;24310,0
9430434;724;2024-06-27 00:00:00;PM PATROCINIO;18.468.033/0001-26;1261;SEE;SECRETARIA DE ESTADO DE EDUCACAO;41;CONTRIBUICOES;1;CONTRIBUICOES;13;FUNDO DE MANUTENCAO E DESENVOLVIMENTO DA EDUCACAO BASICA - FUNDEB - REGULARIZACAO DE EXERCICIOS ANTE;819981,19;819981,19;819981,19
9430434;725;2024-06-27 00:00:00;PM PATROCINIO;18.468.033/0001-26;1261;SEE;SECRETARIA DE ESTADO DE EDUCACAO;41;CONTRIBUICOES;1;CONTRIBUICOES;21;COTA ESTADUAL DO SALARIO EDUCACAO - QESE;64867,79;64867,79;64867,79
9430434;726;2024-06-27 00:00:00;PM PATROCINIO;18.468.033/0001-26;1261;SEE;SECRETARIA DE ESTADO DE EDUCACAO;41;CONTRIBUICOES;1;CONTRIBUICOES;36;TRANSFERENCIAS DO FNDE VINCULADAS A EDUCACAO - EXCETO EMENDAS INDIVIDUAIS E DE BANCADA;13970,0;13970,0;13970,0
9430435;727;2024-06-27 00:00:00;PM ITABIRINHA;17.125.444/0001-56;1261;SEE;SECRETARIA DE ESTADO DE EDUCACAO;41;CONTRIBUICOES;1;CONTRIBUICOES;13;FUNDO DE MANUTENCAO E DESENVOLVIMENTO DA EDUCACAO BASICA - FUNDEB - REGULARIZACAO DE EXERCICIOS ANTE;300486,68;300486,68;300486,68
9430435;728;2024-06-27 00:00:00;PM ITABIRINHA;17.125.444/0001-56;1261;SEE;SECRETARIA DE ESTADO DE EDUCACAO;41;CONTRIBUICOES;1;CONTRIBUICOES;21;COTA ESTADUAL DO SALARIO EDUCACAO - QESE;26560,04;26560,04;26560,04
9430435;729;2024-06-27 00:00:00;PM ITABIRINHA;17.125.444/0001-56;1261;SEE;SECRETARIA DE ESTADO DE EDUCACAO;41;CONTRIBUICOES;1;CONTRIBUICOES;36;TRANSFERENCIAS DO FNDE VINCULADAS A EDUCACAO - EXCETO EMENDAS INDIVIDUAIS E DE BANCADA;5720,0;5720,0;5720,0
9430436;557;2024-06-26 00:00:00;PM SAO GONCALO DO PARA;18.291.369/0001-66;1301;SEINFRA;SECRETARIA DE ESTADO DE INFRAESTRUTURA, MOBILIDADE E PARCERIAS;42;AUXILIOS;1;AUXILIOS;15;RECURSOS ORDINARIOS - OUTROS RECURSOS NAO VINCULADOS;650000,0;650000,0;650000,0
9430437;730;2024-06-27 00:00:00;PM PINTOPOLIS;01.612.481/0001-59;1261;SEE;SECRETARIA DE ESTADO DE EDUCACAO;41;CONTRIBUICOES;1;CONTRIBUICOES;13;FUNDO DE MANUTENCAO E DESENVOLVIMENTO DA EDUCACAO BASICA - FUNDEB - REGULARIZACAO DE EXERCICIOS ANTE;624664,78;624664,78;624664,78
9430437;731;2024-06-27 00:00:00;PM PINTOPOLIS;01.612.481/0001-59;1261;SEE;SECRETARIA DE ESTADO DE EDUCACAO;41;CONTRIBUICOES;1;CONTRIBUICOES;21;COTA ESTADUAL DO SALARIO EDUCACAO - QESE;48012,38;48012,38;48012,38
9430437;732;2024-06-27 00:00:00;PM PINTOPOLIS;01.612.481/0001-59;1261;SEE;SECRETARIA DE ESTADO DE EDUCACAO;41;CONTRIBUICOES;1;CONTRIBUICOES;36;TRANSFERENCIAS DO FNDE VINCULADAS A EDUCACAO - EXCETO EMENDAS INDIVIDUAIS E DE BANCADA;10340,0;10340,0;10340,0
9430438;733;2024-06-27 00:00:00;PM CHAPADA GAUCHA;01.612.489/0001-15;1261;SEE;SECRETARIA DE ESTADO DE EDUCACAO;41;CONTRIBUICOES;1;CONTRIBUICOES;13;FUNDO DE MANUTENCAO E DESENVOLVIMENTO DA EDUCACAO BASICA - FUNDEB - REGULARIZACAO DE EXERCICIOS ANTE;1094175,77;1094175,77;1094175,77
9430438;734;2024-06-27 00:00:00;PM CHAPADA GAUCHA;01.612.489/0001-15;1261;SEE;SECRETARIA DE ESTADO DE EDUCACAO;41;CONTRIBUICOES;1;CONTRIBUICOES;21;COTA ESTADUAL DO SALARIO EDUCACAO - QESE;94492,45;94492,45;94492,45
9430438;735;2024-06-27 00:00:00;PM CHAPADA GAUCHA;01.612.489/0001-15;1261;SEE;SECRETARIA DE ESTADO DE EDUCACAO;41;CONTRIBUICOES;1;CONTRIBUICOES;36;TRANSFERENCIAS DO FNDE VINCULADAS A EDUCACAO - EXCETO EMENDAS INDIVIDUAIS E DE BANCADA;20350,0;20350,0;20350,0
9430439;706;2024-06-27 00:00:00;PM SAO JOAO DA PONTE;16.928.483/0001-29;1261;SEE;SECRETARIA DE ESTADO DE EDUCACAO;42;AUXILIOS;1;AUXILIOS;10;RECURSOS ORDINARIOS - RECURSOS NAO VINCULADOS DE IMPOSTOS;300000,0;300000,0;300000,0
9430440;708;2024-06-27 00:00:00;PM TURMALINA;25.324.187/0001-00;1261;SEE;SECRETARIA DE ESTADO DE EDUCACAO;42;AUXILIOS;1;AUXILIOS;10;RECURSOS ORDINARIOS - RECURSOS NAO VINCULADOS DE IMPOSTOS;1351653,9;1351653,9;1351653,9
9430441;3837;2024-06-26 00:00:00;PM GUIMARANIA;18.602.052/0001-01;1491;SEGOV;SECRETARIA DE ESTADO DE GOVERNO;42;AUXILIOS;1;AUXILIOS;15;RECURSOS ORDINARIOS - OUTROS RECURSOS NAO VINCULADOS;119541,75;119541,75;119541,75
9430442;707;2024-06-27 00:00:00;PM PECANHA;18.409.227/0001-50;1261;SEE;SECRETARIA DE ESTADO DE EDUCACAO;42;AUXILIOS;1;AUXILIOS;10;RECURSOS ORDINARIOS - RECURSOS NAO VINCULADOS DE IMPOSTOS;320031,54;320031,54;320031,54
9430443;709;2024-06-27 00:00:00;PM CONCEICAO DAS ALAGOAS;18.428.854/0001-39;1261;SEE;SECRETARIA DE ESTADO DE EDUCACAO;42;AUXILIOS;1;AUXILIOS;10;RECURSOS ORDINARIOS - RECURSOS NAO VINCULADOS DE IMPOSTOS;600000,0;600000,0;600000,0
9430444;3839;2024-06-26 00:00:00;PM MEDEIROS;20.920.617/0001-32;1491;SEGOV;SECRETARIA DE ESTADO DE GOVERNO;42;AUXILIOS;1;AUXILIOS;15;RECURSOS ORDINARIOS - OUTROS RECURSOS NAO VINCULADOS;300000,0;300000,0;300000,0
9430446;712;2024-06-27 00:00:00;PM RIO NOVO;18.338.244/0001-44;1261;SEE;SECRETARIA DE ESTADO DE EDUCACAO;42;AUXILIOS;1;AUXILIOS;10;RECURSOS ORDINARIOS - RECURSOS NAO VINCULADOS DE IMPOSTOS;318000,0;318000,0;318000,0
9430447;713;2024-06-27 00:00:00;PM CRISTINA;18.188.250/0001-62;1261;SEE;SECRETARIA DE ESTADO DE EDUCACAO;42;AUXILIOS;1;AUXILIOS;10;RECURSOS ORDINARIOS - RECURSOS NAO VINCULADOS DE IMPOSTOS;527000,0;527000,0;527000,0
9430448;710;2024-06-27 00:00:00;PM SAO SEBASTIAO DO MARANHAO;18.409.177/0001-01;1261;SEE;SECRETARIA DE ESTADO DE EDUCACAO;42;AUXILIOS;1;AUXILIOS;10;RECURSOS ORDINARIOS - RECURSOS NAO VINCULADOS DE IMPOSTOS;711191,99;711191,99;711191,99
9430449;711;2024-06-27 00:00:00;PM SAO SEBASTIAO DO MARANHAO;18.409.177/0001-01;1261;SEE;SECRETARIA DE ESTADO DE EDUCACAO;42;AUXILIOS;1;AUXILIOS;10;RECURSOS ORDINARIOS - RECURSOS NAO VINCULADOS DE IMPOSTOS;711191,99;711191,99;711191,99
9430450;12;2024-06-26 00:00:00;PM SENADOR MODESTINO GONCALVES;17.754.110/0001-41;1481;SEDESE;SECRETARIA DE ESTADO DE DESENVOLVIMENTO SOCIAL;42;AUXILIOS;1;AUXILIOS;10;RECURSOS ORDINARIOS - RECURSOS NAO VINCULADOS DE IMPOSTOS;125000,0;125000,0;125000,0
9430451;714;2024-06-27 00:00:00;PM CACHOEIRA DOURADA;18.457.267/0001-78;1261;SEE;SECRETARIA DE ESTADO DE EDUCACAO;42;AUXILIOS;1;AUXILIOS;10;RECURSOS ORDINARIOS - RECURSOS NAO VINCULADOS DE IMPOSTOS;553816,67;553816,67;553816,67
9430452;736;2024-06-27 00:00:00;PM CENTRAL DE MINAS;17.990.714/0001-97;1261;SEE;SECRETARIA DE ESTADO DE EDUCACAO;41;CONTRIBUICOES;1;CONTRIBUICOES;13;FUNDO DE MANUTENCAO E DESENVOLVIMENTO DA EDUCACAO BASICA - FUNDEB - REGULARIZACAO DE EXERCICIOS ANTE;462287,2;462287,2;462287,2
9430452;737;2024-06-27 00:00:00;PM CENTRAL DE MINAS;17.990.714/0001-97;1261;SEE;SECRETARIA DE ESTADO DE EDUCACAO;41;CONTRIBUICOES;1;CONTRIBUICOES;21;COTA ESTADUAL DO SALARIO EDUCACAO - QESE;40861,6;40861,6;40861,6
9430452;738;2024-06-27 00:00:00;PM CENTRAL DE MINAS;17.990.714/0001-97;1261;SEE;SECRETARIA DE ESTADO DE EDUCACAO;41;CONTRIBUICOES;1;CONTRIBUICOES;36;TRANSFERENCIAS DO FNDE VINCULADAS A EDUCACAO - EXCETO EMENDAS INDIVIDUAIS E DE BANCADA;8800,0;8800,0;8800,0
9430453;715;2024-06-27 00:00:00;PM NOVO CRUZEIRO;18.404.889/0001-38;1261;SEE;SECRETARIA DE ESTADO DE EDUCACAO;42;AUXILIOS;1;AUXILIOS;10;RECURSOS ORDINARIOS - RECURSOS NAO VINCULADOS DE IMPOSTOS;2004000,0;2004000,0;2004000,0
9430454;716;2024-06-27 00:00:00;PM PRATA;18.260.505/0001-50;1261;SEE;SECRETARIA DE ESTADO DE EDUCACAO;42;AUXILIOS;1;AUXILIOS;10;RECURSOS ORDINARIOS - RECURSOS NAO VINCULADOS DE IMPOSTOS;339914,58;339914,58;339914,58
9430455;1;2024-06-27 00:00:00;PM ARACITABA;17.747.940/0001-41;1481;SEDESE;SECRETARIA DE ESTADO DE DESENVOLVIMENTO SOCIAL;42;AUXILIOS;1;AUXILIOS;15;RECURSOS ORDINARIOS - OUTROS RECURSOS NAO VINCULADOS;500000,0;500000,0;500000,0
9430459;3004;2024-07-04 00:00:00;PM VICOSA;18.132.449/0001-79;4291;FES;FUNDO ESTADUAL DE SAUDE;42;AUXILIOS;1;AUXILIOS;10;RECURSOS ORDINARIOS - RECURSOS NAO VINCULADOS DE IMPOSTOS;2028982,97;2028982,97;2028982,97
9430462;2;2024-06-27 00:00:00;PM NACIP RAYDAN;18.507.079/0001-07;1481;SEDESE;SECRETARIA DE ESTADO DE DESENVOLVIMENTO SOCIAL;42;AUXILIOS;1;AUXILIOS;15;RECURSOS ORDINARIOS - OUTROS RECURSOS NAO VINCULADOS;1350000,0;1350000,0;1350000,0
9430468;563;2024-06-26 00:00:00;PM VERMELHO NOVO;01.620.744/0001-71;1301;SEINFRA;SECRETARIA DE ESTADO DE INFRAESTRUTURA, MOBILIDADE E PARCERIAS;42;AUXILIOS;1;AUXILIOS;15;RECURSOS ORDINARIOS - OUTROS RECURSOS NAO VINCULADOS;300000,0;300000,0;300000,0
9430544;3840;2024-06-27 00:00:00;PM PERDOES;18.244.343/0001-67;1491;SEGOV;SECRETARIA DE ESTADO DE GOVERNO;42;AUXILIOS;1;AUXILIOS;15;RECURSOS ORDINARIOS - OUTROS RECURSOS NAO VINCULADOS;104892,9;104892,9;104892,9
9430545;739;2024-06-27 00:00:00;PM RAPOSOS;18.312.132/0001-14;1261;SEE;SECRETARIA DE ESTADO DE EDUCACAO;42;AUXILIOS;1;AUXILIOS;10;RECURSOS ORDINARIOS - RECURSOS NAO VINCULADOS DE IMPOSTOS;318000,0;318000,0;318000,0
9430547;1178;2024-06-27 00:00:00;ASSOCIACAO DE COMBATE AO CANCER DO CENTRO-OESTE/ DIVINOPOLIS;00.580.644/0001-04;4251;FEAS;FUNDO ESTADUAL DE ASSISTENCIA SOCIAL;42;AUXILIOS;1;AUXILIOS;10;RECURSOS ORDINARIOS - RECURSOS NAO VINCULADOS DE IMPOSTOS;226261,75;226261,75;226261,75
9430548;221;2024-06-28 00:00:00;PM CHAPADA DO NORTE;16.886.608/0001-03;1231;SEAPA;SECRETARIA DE ESTADO DE AGRICULTURA, PECUARIA E ABASTECIMENTO;41;CONTRIBUICOES;1;CONTRIBUICOES;15;RECURSOS ORDINARIOS - OUTROS RECURSOS NAO VINCULADOS;1500000,0;1500000,0;1500000,0
9430548;222;2024-06-28 00:00:00;PM CHAPADA DO NORTE;16.886.608/0001-03;1231;SEAPA;SECRETARIA DE ESTADO DE AGRICULTURA, PECUARIA E ABASTECIMENTO;41;CONTRIBUICOES;1;CONTRIBUICOES;15;RECURSOS ORDINARIOS - OUTROS RECURSOS NAO VINCULADOS;1500000,0;1500000,0;1500000,0
9430548;234;2024-06-28 00:00:00;PM CHAPADA DO NORTE;16.886.608/0001-03;1231;SEAPA;SECRETARIA DE ESTADO DE AGRICULTURA, PECUARIA E ABASTECIMENTO;41;CONTRIBUICOES;1;CONTRIBUICOES;15;RECURSOS ORDINARIOS - OUTROS RECURSOS NAO VINCULADOS;99144,0;99144,0;99144,0
9430550;17;2024-06-27 00:00:00;PM SAO SEBASTIAO DO ANTA;01.613.123/0001-60;1481;SEDESE;SECRETARIA DE ESTADO DE DESENVOLVIMENTO SOCIAL;42;AUXILIOS;1;AUXILIOS;10;RECURSOS ORDINARIOS - RECURSOS NAO VINCULADOS DE IMPOSTOS;123050,0;123050,0;123050,0
9430551;218;2024-06-28 00:00:00;PM TAPARUBA;01.616.741/0001-64;1231;SEAPA;SECRETARIA DE ESTADO DE AGRICULTURA, PECUARIA E ABASTECIMENTO;41;CONTRIBUICOES;1;CONTRIBUICOES;15;RECURSOS ORDINARIOS - OUTROS RECURSOS NAO VINCULADOS;3000000,0;3000000,0;3000000,0
9430552;567;2024-06-27 00:00:00;PM LAGOA GRANDE;23.097.454/0001-28;1301;SEINFRA;SECRETARIA DE ESTADO DE INFRAESTRUTURA, MOBILIDADE E PARCERIAS;42;AUXILIOS;1;AUXILIOS;15;RECURSOS ORDINARIOS - OUTROS RECURSOS NAO VINCULADOS;500000,0;500000,0;500000,0
9430553;264;2024-07-05 00:00:00;PM RIACHO DOS MACHADOS;16.925.208/0001-51;1231;SEAPA;SECRETARIA DE ESTADO DE AGRICULTURA, PECUARIA E ABASTECIMENTO;41;CONTRIBUICOES;1;CONTRIBUICOES;15;RECURSOS ORDINARIOS - OUTROS RECURSOS NAO VINCULADOS;225063,33;225063,33;225063,33
9430554;13;2024-06-27 00:00:00;PM POMPEU;18.296.681/0001-42;1481;SEDESE;SECRETARIA DE ESTADO DE DESENVOLVIMENTO SOCIAL;42;AUXILIOS;1;AUXILIOS;10;RECURSOS ORDINARIOS - RECURSOS NAO VINCULADOS DE IMPOSTOS;119661,67;119661,67;119661,67
9430555;9;2024-06-27 00:00:00;PM BELO HORIZONTE;18.715.383/0001-40;1481;SEDESE;SECRETARIA DE ESTADO DE DESENVOLVIMENTO SOCIAL;41;CONTRIBUICOES;1;CONTRIBUICOES;10;RECURSOS ORDINARIOS - RECURSOS NAO VINCULADOS DE IMPOSTOS;250000,0;250000,0;250000,0
9430557;7;2024-06-27 00:00:00;PM CAXAMBU;18.008.870/0001-72;1481;SEDESE;SECRETARIA DE ESTADO DE DESENVOLVIMENTO SOCIAL;42;AUXILIOS;1;AUXILIOS;15;RECURSOS ORDINARIOS - OUTROS RECURSOS NAO VINCULADOS;454876,49;454876,49;454876,49
9430558;14;2024-06-27 00:00:00;PM RIBEIRAO DAS NEVES;18.314.609/0001-09;1481;SEDESE;SECRETARIA DE ESTADO DE DESENVOLVIMENTO SOCIAL;42;AUXILIOS;1;AUXILIOS;10;RECURSOS ORDINARIOS - RECURSOS NAO VINCULADOS DE IMPOSTOS;111633,0;111633,0;111633,0
9430560;569;2024-06-28 00:00:00;PM SAO VICENTE DE MINAS;17.954.546/0001-84;1301;SEINFRA;SECRETARIA DE ESTADO DE INFRAESTRUTURA, MOBILIDADE E PARCERIAS;42;AUXILIOS;1;AUXILIOS;15;RECURSOS ORDINARIOS - OUTROS RECURSOS NAO VINCULADOS;253137,05;253137,05;253137,05
9430561;20;2024-06-27 00:00:00;PM IPABA;66.229.543/0001-93;1481;SEDESE;SECRETARIA DE ESTADO DE DESENVOLVIMENTO SOCIAL;42;AUXILIOS;1;AUXILIOS;10;RECURSOS ORDINARIOS - RECURSOS NAO VINCULADOS DE IMPOSTOS;118931,33;118931,33;118931,33
9430562;27;2024-07-01 00:00:00;PM BOCAIUVA;18.803.072/0001-32;1481;SEDESE;SECRETARIA DE ESTADO DE DESENVOLVIMENTO SOCIAL;42;AUXILIOS;1;AUXILIOS;10;RECURSOS ORDINARIOS - RECURSOS NAO VINCULADOS DE IMPOSTOS;118050,0;118050,0;118050,0
9430567;21;2024-06-28 00:00:00;PM SERRO;18.303.271/0001-81;1481;SEDESE;SECRETARIA DE ESTADO DE DESENVOLVIMENTO SOCIAL;42;AUXILIOS;1;AUXILIOS;10;RECURSOS ORDINARIOS - RECURSOS NAO VINCULADOS DE IMPOSTOS;125000,0;125000,0;125000,0
9430568;15;2024-06-27 00:00:00;PM ENTRE FOLHAS;66.229.626/0001-82;1481;SEDESE;SECRETARIA DE ESTADO DE DESENVOLVIMENTO SOCIAL;42;AUXILIOS;1;AUXILIOS;10;RECURSOS ORDINARIOS - RECURSOS NAO VINCULADOS DE IMPOSTOS;119300,0;119300,0;119300,0
9430569;19;2024-06-27 00:00:00;PM CHALE;18.392.548/0001-90;1481;SEDESE;SECRETARIA DE ESTADO DE DESENVOLVIMENTO SOCIAL;42;AUXILIOS;1;AUXILIOS;10;RECURSOS ORDINARIOS - RECURSOS NAO VINCULADOS DE IMPOSTOS;123057,0;123057,0;123057,0
9430579;570;2024-06-28 00:00:00;PM JABOTICATUBAS;18.715.417/0001-04;1301;SEINFRA;SECRETARIA DE ESTADO DE INFRAESTRUTURA, MOBILIDADE E PARCERIAS;42;AUXILIOS;1;AUXILIOS;15;RECURSOS ORDINARIOS - OUTROS RECURSOS NAO VINCULADOS;280000,0;280000,0;280000,0
9430581;573;2024-07-01 00:00:00;PM TAQUARACU DE MINAS;18.302.315/0001-59;1301;SEINFRA;SECRETARIA DE ESTADO DE INFRAESTRUTURA, MOBILIDADE E PARCERIAS;42;AUXILIOS;1;AUXILIOS;15;RECURSOS ORDINARIOS - OUTROS RECURSOS NAO VINCULADOS;400000,0;400000,0;400000,0
9430582;3849;2024-07-01 00:00:00;PM SANTANA DO RIACHO;18.715.458/0001-92;1491;SEGOV;SECRETARIA DE ESTADO DE GOVERNO;42;AUXILIOS;1;AUXILIOS;15;RECURSOS ORDINARIOS - OUTROS RECURSOS NAO VINCULADOS;119633,33;119633,33;119633,33
9430584;3841;2024-07-01 00:00:00;PM PERDOES;18.244.343/0001-67;1491;SEGOV;SECRETARIA DE ESTADO DE GOVERNO;42;AUXILIOS;1;AUXILIOS;15;RECURSOS ORDINARIOS - OUTROS RECURSOS NAO VINCULADOS;158068,76;158068,76;158068,76
9430585;3842;2024-07-01 00:00:00;PM ALMENARA;18.349.894/0001-95;1491;SEGOV;SECRETARIA DE ESTADO DE GOVERNO;42;AUXILIOS;1;AUXILIOS;15;RECURSOS ORDINARIOS - OUTROS RECURSOS NAO VINCULADOS;2000000,0;666666,67;666666,67
9430586;3843;2024-07-01 00:00:00;PM PRUDENTE DE MORAIS;18.314.625/0001-93;1491;SEGOV;SECRETARIA DE ESTADO DE GOVERNO;42;AUXILIOS;1;AUXILIOS;15;RECURSOS ORDINARIOS - OUTROS RECURSOS NAO VINCULADOS;1340000,0;1340000,0;1340000,0
9430587;3844;2024-07-01 00:00:00;PM CENTRALINA;18.260.497/0001-42;1491;SEGOV;SECRETARIA DE ESTADO DE GOVERNO;42;AUXILIOS;1;AUXILIOS;15;RECURSOS ORDINARIOS - OUTROS RECURSOS NAO VINCULADOS;500000,0;500000,0;500000,0
9430588;3845;2024-07-01 00:00:00;PM PLANURA;18.449.157/0001-64;1491;SEGOV;SECRETARIA DE ESTADO DE GOVERNO;42;AUXILIOS;1;AUXILIOS;15;RECURSOS ORDINARIOS - OUTROS RECURSOS NAO VINCULADOS;994263,83;994263,83;994263,83
9430589;3846;2024-07-01 00:00:00;PM PEDRINOPOLIS;18.140.335/0001-70;1491;SEGOV;SECRETARIA DE ESTADO DE GOVERNO;42;AUXILIOS;1;AUXILIOS;15;RECURSOS ORDINARIOS - OUTROS RECURSOS NAO VINCULADOS;300000,0;300000,0;300000,0
9430590;3847;2024-07-01 00:00:00;PM MONTE ALEGRE DE MINAS;18.431.155/0001-48;1491;SEGOV;SECRETARIA DE ESTADO DE GOVERNO;42;AUXILIOS;1;AUXILIOS;15;RECURSOS ORDINARIOS - OUTROS RECURSOS NAO VINCULADOS;500000,0;500000,0;500000,0
9430591;3848;2024-07-01 00:00:00;PM IGARATINGA;18.313.825/0001-21;1491;SEGOV;SECRETARIA DE ESTADO DE GOVERNO;42;AUXILIOS;1;AUXILIOS;15;RECURSOS ORDINARIOS - OUTROS RECURSOS NAO VINCULADOS;300000,0;300000,0;300000,0
9430592;3850;2024-07-01 00:00:00;PM BRASILANDIA DE MINAS;01.602.009/0001-35;1491;SEGOV;SECRETARIA DE ESTADO DE GOVERNO;42;AUXILIOS;1;AUXILIOS;15;RECURSOS ORDINARIOS - OUTROS RECURSOS NAO VINCULADOS;400000,0;400000,0;400000,0
9430593;3854;2024-07-01 00:00:00;PM SAO SEBASTIAO DA BELA VISTA;17.935.370/0001-13;1491;SEGOV;SECRETARIA DE ESTADO DE GOVERNO;42;AUXILIOS;1;AUXILIOS;15;RECURSOS ORDINARIOS - OUTROS RECURSOS NAO VINCULADOS;79080,12;79080,12;79080,12
9430594;3858;2024-07-01 00:00:00;PM CONCEICAO DAS ALAGOAS;18.428.854/0001-39;1491;SEGOV;SECRETARIA DE ESTADO DE GOVERNO;42;AUXILIOS;1;AUXILIOS;15;RECURSOS ORDINARIOS - OUTROS RECURSOS NAO VINCULADOS;500000,0;500000,0;500000,0
9430595;3861;2024-07-01 00:00:00;PM EUGENOPOLIS;17.947.656/0001-19;1491;SEGOV;SECRETARIA DE ESTADO DE GOVERNO;42;AUXILIOS;1;AUXILIOS;15;RECURSOS ORDINARIOS - OUTROS RECURSOS NAO VINCULADOS;600000,0;600000,0;600000,0
9430596;3862;2024-07-01 00:00:00;PM DELTA;01.020.881/0001-75;1491;SEGOV;SECRETARIA DE ESTADO DE GOVERNO;42;AUXILIOS;1;AUXILIOS;15;RECURSOS ORDINARIOS - OUTROS RECURSOS NAO VINCULADOS;500000,0;0,0;0,0
9430597;3863;2024-07-01 00:00:00;PM MAR DE ESPANHA;18.535.658/0001-63;1491;SEGOV;SECRETARIA DE ESTADO DE GOVERNO;42;AUXILIOS;1;AUXILIOS;15;RECURSOS ORDINARIOS - OUTROS RECURSOS NAO VINCULADOS;1500000,0;1500000,0;1500000,0
9430598;3864;2024-07-01 00:00:00;PM DIVINO;18.114.272/0001-88;1491;SEGOV;SECRETARIA DE ESTADO DE GOVERNO;42;AUXILIOS;1;AUXILIOS;15;RECURSOS ORDINARIOS - OUTROS RECURSOS NAO VINCULADOS;1400000,0;700000,0;700000,0
9430599;3851;2024-07-01 00:00:00;PM CAETE;18.302.299/0001-02;1491;SEGOV;SECRETARIA DE ESTADO DE GOVERNO;42;AUXILIOS;1;AUXILIOS;15;RECURSOS ORDINARIOS - OUTROS RECURSOS NAO VINCULADOS;5000000,0;1666666,67;1666666,67
9430601;3852;2024-07-01 00:00:00;PM UNIAO DE MINAS;01.051.819/0001-40;1491;SEGOV;SECRETARIA DE ESTADO DE GOVERNO;42;AUXILIOS;1;AUXILIOS;15;RECURSOS ORDINARIOS - OUTROS RECURSOS NAO VINCULADOS;119241,75;119241,75;119241,75
9430602;3853;2024-07-01 00:00:00;PM ORATORIOS;01.616.836/0001-88;1491;SEGOV;SECRETARIA DE ESTADO DE GOVERNO;42;AUXILIOS;1;AUXILIOS;15;RECURSOS ORDINARIOS - OUTROS RECURSOS NAO VINCULADOS;314388,0;314388,0;314388,0
9430603;3855;2024-07-01 00:00:00;PM SANTA MARGARIDA;18.385.112/0001-73;1491;SEGOV;SECRETARIA DE ESTADO DE GOVERNO;42;AUXILIOS;1;AUXILIOS;15;RECURSOS ORDINARIOS - OUTROS RECURSOS NAO VINCULADOS;400000,0;400000,0;400000,0
9430604;3859;2024-07-01 00:00:00;PM TIMOTEO;19.875.020/0001-34;1491;SEGOV;SECRETARIA DE ESTADO DE GOVERNO;42;AUXILIOS;1;AUXILIOS;15;RECURSOS ORDINARIOS - OUTROS RECURSOS NAO VINCULADOS;500000,0;500000,0;500000,0
9430605;3860;2024-07-01 00:00:00;PM MANHUMIRIM;18.392.530/0001-98;1491;SEGOV;SECRETARIA DE ESTADO DE GOVERNO;42;AUXILIOS;1;AUXILIOS;15;RECURSOS ORDINARIOS - OUTROS RECURSOS NAO VINCULADOS;500000,0;500000,0;500000,0
9430609;571;2024-06-28 00:00:00;PM SANTANA DO JACARE;17.888.116/0001-01;1301;SEINFRA;SECRETARIA DE ESTADO DE INFRAESTRUTURA, MOBILIDADE E PARCERIAS;42;AUXILIOS;1;AUXILIOS;15;RECURSOS ORDINARIOS - OUTROS RECURSOS NAO VINCULADOS;500000,0;500000,0;500000,0
9430621;572;2024-06-28 00:00:00;PM BORDA DA MATA;17.912.023/0001-75;1301;SEINFRA;SECRETARIA DE ESTADO DE INFRAESTRUTURA, MOBILIDADE E PARCERIAS;42;AUXILIOS;1;AUXILIOS;15;RECURSOS ORDINARIOS - OUTROS RECURSOS NAO VINCULADOS;350000,0;350000,0;350000,0
9430681;24;2024-07-01 00:00:00;PM SIMONESIA;18.385.120/0001-10;1481;SEDESE;SECRETARIA DE ESTADO DE DESENVOLVIMENTO SOCIAL;42;AUXILIOS;1;AUXILIOS;10;RECURSOS ORDINARIOS - RECURSOS NAO VINCULADOS DE IMPOSTOS;121704,0;121704,0;121704,0
9430682;25;2024-07-01 00:00:00;PM SAO JOSE DO JACURI;18.409.201/0001-02;1481;SEDESE;SECRETARIA DE ESTADO DE DESENVOLVIMENTO SOCIAL;42;AUXILIOS;1;AUXILIOS;10;RECURSOS ORDINARIOS - RECURSOS NAO VINCULADOS DE IMPOSTOS;122958,0;122958,0;122958,0
9430683;23;2024-07-01 00:00:00;PM SAO DOMINGOS DAS DORES;01.613.129/0001-38;1481;SEDESE;SECRETARIA DE ESTADO DE DESENVOLVIMENTO SOCIAL;42;AUXILIOS;1;AUXILIOS;10;RECURSOS ORDINARIOS - RECURSOS NAO VINCULADOS DE IMPOSTOS;123050,0;123050,0;123050,0
9430684;3856;2024-07-01 00:00:00;PM SENADOR AMARAL;41.778.556/0001-90;1491;SEGOV;SECRETARIA DE ESTADO DE GOVERNO;42;AUXILIOS;1;AUXILIOS;15;RECURSOS ORDINARIOS - OUTROS RECURSOS NAO VINCULADOS;79079,5;79079,5;79079,5
9430685;1199;2024-07-02 00:00:00;PM CAMPOS GERAIS;18.245.175/0001-24;1261;SEE;SECRETARIA DE ESTADO DE EDUCACAO;42;AUXILIOS;1;AUXILIOS;10;RECURSOS ORDINARIOS - RECURSOS NAO VINCULADOS DE IMPOSTOS;506611,55;506611,55;506611,55
9430686;1200;2024-07-02 00:00:00;PM CAMPOS GERAIS;18.245.175/0001-24;1261;SEE;SECRETARIA DE ESTADO DE EDUCACAO;42;AUXILIOS;1;AUXILIOS;10;RECURSOS ORDINARIOS - RECURSOS NAO VINCULADOS DE IMPOSTOS;323446,7;323446,7;323446,7
9430687;3868;2024-07-01 00:00:00;PM VARGEM GRANDE DO RIO PARDO;01.612.885/0001-42;1491;SEGOV;SECRETARIA DE ESTADO DE GOVERNO;42;AUXILIOS;1;AUXILIOS;15;RECURSOS ORDINARIOS - OUTROS RECURSOS NAO VINCULADOS;500000,0;500000,0;500000,0
9430688;3876;2024-07-01 00:00:00;PM SANTA RITA DO ITUETO;18.413.187/0001-10;1491;SEGOV;SECRETARIA DE ESTADO DE GOVERNO;42;AUXILIOS;1;AUXILIOS;15;RECURSOS ORDINARIOS - OUTROS RECURSOS NAO VINCULADOS;1500000,0;750000,0;750000,0
9430689;1201;2024-07-02 00:00:00;PM CAMPOS GERAIS;18.245.175/0001-24;1261;SEE;SECRETARIA DE ESTADO DE EDUCACAO;42;AUXILIOS;1;AUXILIOS;10;RECURSOS ORDINARIOS - RECURSOS NAO VINCULADOS DE IMPOSTOS;258293,56;258293,56;258293,56
9430690;22;2024-07-01 00:00:00;PM COLUNA;18.307.397/0001-24;1481;SEDESE;SECRETARIA DE ESTADO DE DESENVOLVIMENTO SOCIAL;42;AUXILIOS;1;AUXILIOS;10;RECURSOS ORDINARIOS - RECURSOS NAO VINCULADOS DE IMPOSTOS;125000,0;125000,0;125000,0
9430691;1202;2024-07-02 00:00:00;PM GUAPE;18.239.616/0001-85;1261;SEE;SECRETARIA DE ESTADO DE EDUCACAO;42;AUXILIOS;1;AUXILIOS;10;RECURSOS ORDINARIOS - RECURSOS NAO VINCULADOS DE IMPOSTOS;342279,68;342279,68;342279,68
9430692;746;2024-07-02 00:00:00;PM ARACITABA;17.747.940/0001-41;1261;SEE;SECRETARIA DE ESTADO DE EDUCACAO;42;AUXILIOS;1;AUXILIOS;10;RECURSOS ORDINARIOS - RECURSOS NAO VINCULADOS DE IMPOSTOS;430000,0;430000,0;430000,0
9430693;748;2024-07-02 00:00:00;PM ITINGA;18.348.748/0001-45;1261;SEE;SECRETARIA DE ESTADO DE EDUCACAO;42;AUXILIOS;1;AUXILIOS;10;RECURSOS ORDINARIOS - RECURSOS NAO VINCULADOS DE IMPOSTOS;405900,0;405900,0;405900,0
9430694;3877;2024-07-01 00:00:00;PM PORTEIRINHA;18.013.326/0001-19;1491;SEGOV;SECRETARIA DE ESTADO DE GOVERNO;42;AUXILIOS;1;AUXILIOS;15;RECURSOS ORDINARIOS - OUTROS RECURSOS NAO VINCULADOS;596685,0;596685,0;596685,0
9430695;758;2024-07-02 00:00:00;PM GUARANESIA;17.900.473/0001-48;1261;SEE;SECRETARIA DE ESTADO DE EDUCACAO;42;AUXILIOS;1;AUXILIOS;10;RECURSOS ORDINARIOS - RECURSOS NAO VINCULADOS DE IMPOSTOS;711191,99;711191,99;711191,99
9430696;747;2024-07-02 00:00:00;PM RIO NOVO;18.338.244/0001-44;1261;SEE;SECRETARIA DE ESTADO DE EDUCACAO;42;AUXILIOS;1;AUXILIOS;10;RECURSOS ORDINARIOS - RECURSOS NAO VINCULADOS DE IMPOSTOS;250000,0;250000,0;250000,0
9430697;3878;2024-07-01 00:00:00;PM ARAGUARI;16.829.640/0001-49;1491;SEGOV;SECRETARIA DE ESTADO DE GOVERNO;42;AUXILIOS;1;AUXILIOS;15;RECURSOS ORDINARIOS - OUTROS RECURSOS NAO VINCULADOS;75503,62;75503,62;75503,62
9430698;3879;2024-07-01 00:00:00;PM LAVRAS;18.244.376/0001-07;1491;SEGOV;SECRETARIA DE ESTADO DE GOVERNO;42;AUXILIOS;1;AUXILIOS;15;RECURSOS ORDINARIOS - OUTROS RECURSOS NAO VINCULADOS;495012,0;495012,0;495012,0
9430699;749;2024-07-02 00:00:00;PM LONTRA;25.223.009/0001-92;1261;SEE;SECRETARIA DE ESTADO DE EDUCACAO;42;AUXILIOS;1;AUXILIOS;10;RECURSOS ORDINARIOS - RECURSOS NAO VINCULADOS DE IMPOSTOS;318000,0;318000,0;318000,0
9430700;750;2024-07-02 00:00:00;PM LAMBARI;17.877.200/0001-20;1261;SEE;SECRETARIA DE ESTADO DE EDUCACAO;42;AUXILIOS;1;AUXILIOS;10;RECURSOS ORDINARIOS - RECURSOS NAO VINCULADOS DE IMPOSTOS;318000,0;318000,0;318000,0
9430701;3880;2024-07-01 00:00:00;PM CONEGO MARINHO;01.612.492/0001-39;1491;SEGOV;SECRETARIA DE ESTADO DE GOVERNO;42;AUXILIOS;1;AUXILIOS;15;RECURSOS ORDINARIOS - OUTROS RECURSOS NAO VINCULADOS;500000,0;500000,0;500000,0
9430702;3872;2024-07-01 00:00:00;PM FRANCISCO SA;22.681.423/0001-57;1491;SEGOV;SECRETARIA DE ESTADO DE GOVERNO;42;AUXILIOS;1;AUXILIOS;15;RECURSOS ORDINARIOS - OUTROS RECURSOS NAO VINCULADOS;500000,0;500000,0;500000,0
9430703;869;2024-07-02 00:00:00;PM PRESIDENTE BERNARDES;23.515.695/0001-40;1261;SEE;SECRETARIA DE ESTADO DE EDUCACAO;42;AUXILIOS;1;AUXILIOS;10;RECURSOS ORDINARIOS - RECURSOS NAO VINCULADOS DE IMPOSTOS;770813,55;770813,55;770813,55
9430704;870;2024-07-02 00:00:00;PM PRESIDENTE BERNARDES;23.515.695/0001-40;1261;SEE;SECRETARIA DE ESTADO DE EDUCACAO;42;AUXILIOS;1;AUXILIOS;10;RECURSOS ORDINARIOS - RECURSOS NAO VINCULADOS DE IMPOSTOS;3353181,49;3353181,49;3353181,49
9430705;1408;2024-07-02 00:00:00;PM PERIQUITO;01.613.077/0001-08;1261;SEE;SECRETARIA DE ESTADO DE EDUCACAO;42;AUXILIOS;1;AUXILIOS;10;RECURSOS ORDINARIOS - RECURSOS NAO VINCULADOS DE IMPOSTOS;1422483,26;1422483,26;1422483,26
9430706;1407;2024-07-02 00:00:00;PM CENTRAL DE MINAS;17.990.714/0001-97;1261;SEE;SECRETARIA DE ESTADO DE EDUCACAO;42;AUXILIOS;1;AUXILIOS;10;RECURSOS ORDINARIOS - RECURSOS NAO VINCULADOS DE IMPOSTOS;100000,0;100000,0;100000,0
9430707;737;2024-07-02 00:00:00;PM SAO GONCALO DO ABAETE;18.602.086/0001-98;1261;SEE;SECRETARIA DE ESTADO DE EDUCACAO;42;AUXILIOS;1;AUXILIOS;10;RECURSOS ORDINARIOS - RECURSOS NAO VINCULADOS DE IMPOSTOS;1936052,55;1936052,55;1936052,55
9430708;2032;2024-07-02 00:00:00;PM SAO JOAO DA PONTE;16.928.483/0001-29;1261;SEE;SECRETARIA DE ESTADO DE EDUCACAO;42;AUXILIOS;1;AUXILIOS;10;RECURSOS ORDINARIOS - RECURSOS NAO VINCULADOS DE IMPOSTOS;1139494,68;1139494,68;1139494,68
9430709;494;2024-07-02 00:00:00;PM SAO LOURENCO;18.188.219/0001-21;1261;SEE;SECRETARIA DE ESTADO DE EDUCACAO;42;AUXILIOS;1;AUXILIOS;10;RECURSOS ORDINARIOS - RECURSOS NAO VINCULADOS DE IMPOSTOS;999879,07;999879,07;999879,07
9430710;3881;2024-07-01 00:00:00;PM FELICIO DOS SANTOS;17.754.201/0001-87;1491;SEGOV;SECRETARIA DE ESTADO DE GOVERNO;42;AUXILIOS;1;AUXILIOS;15;RECURSOS ORDINARIOS - OUTROS RECURSOS NAO VINCULADOS;500000,0;500000,0;500000,0
9430711;3882;2024-07-01 00:00:00;PM MIRADOURO;17.947.623/0001-79;1491;SEGOV;SECRETARIA DE ESTADO DE GOVERNO;42;AUXILIOS;1;AUXILIOS;15;RECURSOS ORDINARIOS - OUTROS RECURSOS NAO VINCULADOS;400000,0;400000,0;400000,0
9430712;3883;2024-07-01 00:00:00;PM ARAPORA;23.098.510/0001-49;1491;SEGOV;SECRETARIA DE ESTADO DE GOVERNO;42;AUXILIOS;1;AUXILIOS;15;RECURSOS ORDINARIOS - OUTROS RECURSOS NAO VINCULADOS;75503,62;0,0;0,0
9430713;3886;2024-07-01 00:00:00;PM CARMO DO PARANAIBA;18.602.029/0001-09;1491;SEGOV;SECRETARIA DE ESTADO DE GOVERNO;42;AUXILIOS;1;AUXILIOS;15;RECURSOS ORDINARIOS - OUTROS RECURSOS NAO VINCULADOS;500000,0;500000,0;500000,0
9430714;495;2024-07-02 00:00:00;PM SAO LOURENCO;18.188.219/0001-21;1261;SEE;SECRETARIA DE ESTADO DE EDUCACAO;42;AUXILIOS;1;AUXILIOS;10;RECURSOS ORDINARIOS - RECURSOS NAO VINCULADOS DE IMPOSTOS;4958353,81;4958353,81;4958353,81
9430715;2147;2024-07-03 00:00:00;PM BETIM;18.715.391/0001-96;1261;SEE;SECRETARIA DE ESTADO DE EDUCACAO;42;AUXILIOS;1;AUXILIOS;10;RECURSOS ORDINARIOS - RECURSOS NAO VINCULADOS DE IMPOSTOS;2376000,0;2376000,0;2376000,0
9430716;3887;2024-07-01 00:00:00;PM UNIAO DE MINAS;01.051.819/0001-40;1491;SEGOV;SECRETARIA DE ESTADO DE GOVERNO;42;AUXILIOS;1;AUXILIOS;15;RECURSOS ORDINARIOS - OUTROS RECURSOS NAO VINCULADOS;500000,0;500000,0;500000,0
9430717;26;2024-07-01 00:00:00;PM SANTANA DO PARAISO;38.515.573/0001-20;1481;SEDESE;SECRETARIA DE ESTADO DE DESENVOLVIMENTO SOCIAL;42;AUXILIOS;1;AUXILIOS;10;RECURSOS ORDINARIOS - RECURSOS NAO VINCULADOS DE IMPOSTOS;123000,0;123000,0;123000,0
9430718;3893;2024-07-01 00:00:00;PM BRAZOPOLIS;18.025.890/0001-51;1491;SEGOV;SECRETARIA DE ESTADO DE GOVERNO;42;AUXILIOS;1;AUXILIOS;15;RECURSOS ORDINARIOS - OUTROS RECURSOS NAO VINCULADOS;500000,0;500000,0;500000,0
9430719;3894;2024-07-01 00:00:00;PM SIMAO PEREIRA;18.338.293/0001-87;1491;SEGOV;SECRETARIA DE ESTADO DE GOVERNO;42;AUXILIOS;1;AUXILIOS;15;RECURSOS ORDINARIOS - OUTROS RECURSOS NAO VINCULADOS;1000000,0;500000,0;500000,0
9430720;3895;2024-07-01 00:00:00;PM MONTE ALEGRE DE MINAS;18.431.155/0001-48;1491;SEGOV;SECRETARIA DE ESTADO DE GOVERNO;42;AUXILIOS;1;AUXILIOS;15;RECURSOS ORDINARIOS - OUTROS RECURSOS NAO VINCULADOS;300000,0;300000,0;300000,0
9430721;12;2024-07-01 00:00:00;PM UBERLANDIA;18.431.312/0001-15;1481;SEDESE;SECRETARIA DE ESTADO DE DESENVOLVIMENTO SOCIAL;42;AUXILIOS;1;AUXILIOS;15;RECURSOS ORDINARIOS - OUTROS RECURSOS NAO VINCULADOS;900000,0;900000,0;900000,0
9430722;3857;2024-07-01 00:00:00;PM ITAMBACURI;18.404.855/0001-43;1491;SEGOV;SECRETARIA DE ESTADO DE GOVERNO;42;AUXILIOS;1;AUXILIOS;15;RECURSOS ORDINARIOS - OUTROS RECURSOS NAO VINCULADOS;400000,0;400000,0;400000,0
9430723;2148;2024-07-03 00:00:00;PM SAO JOAQUIM DE BICAS;01.612.516/0001-50;1261;SEE;SECRETARIA DE ESTADO DE EDUCACAO;42;AUXILIOS;1;AUXILIOS;10;RECURSOS ORDINARIOS - RECURSOS NAO VINCULADOS DE IMPOSTOS;19041032,9;19041032,9;19041032,9
9430724;1431;2024-07-04 00:00:00;PM INHAUMA;18.116.152/0001-10;1261;SEE;SECRETARIA DE ESTADO DE EDUCACAO;42;AUXILIOS;1;AUXILIOS;10;RECURSOS ORDINARIOS - RECURSOS NAO VINCULADOS DE IMPOSTOS;1438232,46;1438232,46;1438232,46
9430725;3896;2024-07-01 00:00:00;PM ITAPEVA;18.677.625/0001-58;1491;SEGOV;SECRETARIA DE ESTADO DE GOVERNO;42;AUXILIOS;1;AUXILIOS;15;RECURSOS ORDINARIOS - OUTROS RECURSOS NAO VINCULADOS;1500000,0;1500000,0;1500000,0
9430726;759;2024-07-02 00:00:00;PM SAO JOAO DO MANHUACU;66.232.521/0001-82;1261;SEE;SECRETARIA DE ESTADO DE EDUCACAO;42;AUXILIOS;1;AUXILIOS;10;RECURSOS ORDINARIOS - RECURSOS NAO VINCULADOS DE IMPOSTOS;770813,55;770813,55;770813,55
9430727;818;2024-07-02 00:00:00;PM CARATINGA;18.334.268/0001-25;1261;SEE;SECRETARIA DE ESTADO DE EDUCACAO;42;AUXILIOS;1;AUXILIOS;10;RECURSOS ORDINARIOS - RECURSOS NAO VINCULADOS DE IMPOSTOS;15617968,32;15617968,32;15617968,32
9430728;14;2024-07-01 00:00:00;PM UBERLANDIA;18.431.312/0001-15;1481;SEDESE;SECRETARIA DE ESTADO DE DESENVOLVIMENTO SOCIAL;42;AUXILIOS;1;AUXILIOS;15;RECURSOS ORDINARIOS - OUTROS RECURSOS NAO VINCULADOS;2300000,0;2300000,0;2300000,0
9430729;760;2024-07-02 00:00:00;PM UBERABA;18.428.839/0001-90;1261;SEE;SECRETARIA DE ESTADO DE EDUCACAO;42;AUXILIOS;1;AUXILIOS;10;RECURSOS ORDINARIOS - RECURSOS NAO VINCULADOS DE IMPOSTOS;600000,0;600000,0;600000,0
9430730;751;2024-07-02 00:00:00;PM RIO NOVO;18.338.244/0001-44;1261;SEE;SECRETARIA DE ESTADO DE EDUCACAO;42;AUXILIOS;1;AUXILIOS;10;RECURSOS ORDINARIOS - RECURSOS NAO VINCULADOS DE IMPOSTOS;947000,0;947000,0;947000,0
9430731;15;2024-07-01 00:00:00;PM FRUTAL;18.449.132/0001-60;1481;SEDESE;SECRETARIA DE ESTADO DE DESENVOLVIMENTO SOCIAL;42;AUXILIOS;1;AUXILIOS;15;RECURSOS ORDINARIOS - OUTROS RECURSOS NAO VINCULADOS;450000,0;450000,0;450000,0
9430732;752;2024-07-02 00:00:00;PM LAMBARI;17.877.200/0001-20;1261;SEE;SECRETARIA DE ESTADO DE EDUCACAO;42;AUXILIOS;1;AUXILIOS;10;RECURSOS ORDINARIOS - RECURSOS NAO VINCULADOS DE IMPOSTOS;514000,0;514000,0;514000,0
9430733;753;2024-07-02 00:00:00;PM VARZEA DA PALMA;18.279.059/0001-26;1261;SEE;SECRETARIA DE ESTADO DE EDUCACAO;42;AUXILIOS;1;AUXILIOS;10;RECURSOS ORDINARIOS - RECURSOS NAO VINCULADOS DE IMPOSTOS;824000,0;824000,0;824000,0
9430734;790;2024-07-05 00:00:00;PM SAO SEBASTIAO DO MARANHAO;18.409.177/0001-01;1261;SEE;SECRETARIA DE ESTADO DE EDUCACAO;42;AUXILIOS;1;AUXILIOS;10;RECURSOS ORDINARIOS - RECURSOS NAO VINCULADOS DE IMPOSTOS;711191,0;711191,0;711191,0
9430735;757;2024-07-02 00:00:00;PM BRASILIA DE MINAS;18.017.442/0001-06;1261;SEE;SECRETARIA DE ESTADO DE EDUCACAO;42;AUXILIOS;1;AUXILIOS;10;RECURSOS ORDINARIOS - RECURSOS NAO VINCULADOS DE IMPOSTOS;300000,0;300000,0;300000,0
9430736;13;2024-07-01 00:00:00;PM ITANHANDU;18.186.718/0001-80;1481;SEDESE;SECRETARIA DE ESTADO DE DESENVOLVIMENTO SOCIAL;42;AUXILIOS;1;AUXILIOS;15;RECURSOS ORDINARIOS - OUTROS RECURSOS NAO VINCULADOS;500000,0;500000,0;500000,0
9430737;498;2024-07-03 00:00:00;PM GUARANESIA;17.900.473/0001-48;1261;SEE;SECRETARIA DE ESTADO DE EDUCACAO;42;AUXILIOS;1;AUXILIOS;10;RECURSOS ORDINARIOS - RECURSOS NAO VINCULADOS DE IMPOSTOS;555259,56;555259,56;555259,56
9430738;586;2024-07-02 00:00:00;PM OLIVEIRA FORTES;17.747.957/0001-07;1301;SEINFRA;SECRETARIA DE ESTADO DE INFRAESTRUTURA, MOBILIDADE E PARCERIAS;42;AUXILIOS;1;AUXILIOS;15;RECURSOS ORDINARIOS - OUTROS RECURSOS NAO VINCULADOS;300000,0;300000,0;300000,0
9430739;3897;2024-07-01 00:00:00;PM GURINHATA;18.457.192/0001-25;1491;SEGOV;SECRETARIA DE ESTADO DE GOVERNO;42;AUXILIOS;1;AUXILIOS;15;RECURSOS ORDINARIOS - OUTROS RECURSOS NAO VINCULADOS;400000,0;400000,0;400000,0
9430740;3898;2024-07-01 00:00:00;PM VERDELANDIA;01.612.505/0001-70;1491;SEGOV;SECRETARIA DE ESTADO DE GOVERNO;42;AUXILIOS;1;AUXILIOS;15;RECURSOS ORDINARIOS - OUTROS RECURSOS NAO VINCULADOS;500000,0;500000,0;500000,0
9430741;3884;2024-07-01 00:00:00;PM SAO DOMINGOS DO PRATA;18.401.018/0001-60;1491;SEGOV;SECRETARIA DE ESTADO DE GOVERNO;42;AUXILIOS;1;AUXILIOS;15;RECURSOS ORDINARIOS - OUTROS RECURSOS NAO VINCULADOS;354439,69;354439,69;354439,69
9430742;3885;2024-07-01 00:00:00;PM CENTRALINA;18.260.497/0001-42;1491;SEGOV;SECRETARIA DE ESTADO DE GOVERNO;42;AUXILIOS;1;AUXILIOS;15;RECURSOS ORDINARIOS - OUTROS RECURSOS NAO VINCULADOS;250000,0;250000,0;250000,0
9430743;3888;2024-07-01 00:00:00;PM GUARANI;18.338.160/0001-00;1491;SEGOV;SECRETARIA DE ESTADO DE GOVERNO;42;AUXILIOS;1;AUXILIOS;15;RECURSOS ORDINARIOS - OUTROS RECURSOS NAO VINCULADOS;400000,0;400000,0;400000,0
9430744;3889;2024-07-01 00:00:00;PM CONSOLACAO;18.025.916/0001-61;1491;SEGOV;SECRETARIA DE ESTADO DE GOVERNO;42;AUXILIOS;1;AUXILIOS;15;RECURSOS ORDINARIOS - OUTROS RECURSOS NAO VINCULADOS;150000,0;150000,0;150000,0
9430745;3890;2024-07-01 00:00:00;PM JURUAIA;18.668.368/0001-98;1491;SEGOV;SECRETARIA DE ESTADO DE GOVERNO;42;AUXILIOS;1;AUXILIOS;15;RECURSOS ORDINARIOS - OUTROS RECURSOS NAO VINCULADOS;2000000,0;2000000,0;2000000,0
9430746;3891;2024-07-01 00:00:00;PM ESPINOSA;18.650.952/0001-16;1491;SEGOV;SECRETARIA DE ESTADO DE GOVERNO;42;AUXILIOS;1;AUXILIOS;15;RECURSOS ORDINARIOS - OUTROS RECURSOS NAO VINCULADOS;1000000,0;500000,0;500000,0
9430747;3892;2024-07-01 00:00:00;PM JACUTINGA;17.914.128/0001-63;1491;SEGOV;SECRETARIA DE ESTADO DE GOVERNO;42;AUXILIOS;1;AUXILIOS;15;RECURSOS ORDINARIOS - OUTROS RECURSOS NAO VINCULADOS;420000,0;420000,0;420000,0
9430748;3875;2024-07-01 00:00:00;PM PONTO CHIQUE;01.612.500/0001-47;1491;SEGOV;SECRETARIA DE ESTADO DE GOVERNO;42;AUXILIOS;1;AUXILIOS;15;RECURSOS ORDINARIOS - OUTROS RECURSOS NAO VINCULADOS;78682,7;78682,7;78682,7
9430749;3899;2024-07-01 00:00:00;PM ARACITABA;17.747.940/0001-41;1491;SEGOV;SECRETARIA DE ESTADO DE GOVERNO;42;AUXILIOS;1;AUXILIOS;15;RECURSOS ORDINARIOS - OUTROS RECURSOS NAO VINCULADOS;500000,0;500000,0;500000,0
9430750;3900;2024-07-01 00:00:00;PM PASSA TEMPO;18.039.503/0001-36;1491;SEGOV;SECRETARIA DE ESTADO DE GOVERNO;42;AUXILIOS;1;AUXILIOS;15;RECURSOS ORDINARIOS - OUTROS RECURSOS NAO VINCULADOS;500000,0;500000,0;500000,0
9430751;3865;2024-07-01 00:00:00;PM COUTO DE MAGALHAES DE MINAS;17.754.177/0001-86;1491;SEGOV;SECRETARIA DE ESTADO DE GOVERNO;42;AUXILIOS;1;AUXILIOS;15;RECURSOS ORDINARIOS - OUTROS RECURSOS NAO VINCULADOS;400000,0;400000,0;400000,0
9430752;3866;2024-07-01 00:00:00;PM ESTRELA DO INDAIA;18.301.028/0001-24;1491;SEGOV;SECRETARIA DE ESTADO DE GOVERNO;42;AUXILIOS;1;AUXILIOS;15;RECURSOS ORDINARIOS - OUTROS RECURSOS NAO VINCULADOS;119633,34;119633,34;119633,34
9430753;3867;2024-07-01 00:00:00;PM ATALEIA;16.971.376/0001-83;1491;SEGOV;SECRETARIA DE ESTADO DE GOVERNO;42;AUXILIOS;1;AUXILIOS;15;RECURSOS ORDINARIOS - OUTROS RECURSOS NAO VINCULADOS;500000,0;500000,0;500000,0
9430754;3869;2024-07-01 00:00:00;PM CASCALHO RICO;18.259.374/0001-91;1491;SEGOV;SECRETARIA DE ESTADO DE GOVERNO;42;AUXILIOS;1;AUXILIOS;15;RECURSOS ORDINARIOS - OUTROS RECURSOS NAO VINCULADOS;119795,0;119795,0;119795,0
9430755;3870;2024-07-01 00:00:00;PM JESUANIA;18.188.227/0001-78;1491;SEGOV;SECRETARIA DE ESTADO DE GOVERNO;42;AUXILIOS;1;AUXILIOS;15;RECURSOS ORDINARIOS - OUTROS RECURSOS NAO VINCULADOS;119632,75;119632,75;119632,75
9430756;3871;2024-07-01 00:00:00;PM JANAUBA;18.017.392/0001-67;1491;SEGOV;SECRETARIA DE ESTADO DE GOVERNO;42;AUXILIOS;1;AUXILIOS;15;RECURSOS ORDINARIOS - OUTROS RECURSOS NAO VINCULADOS;500000,0;500000,0;500000,0
9430757;3873;2024-07-01 00:00:00;PM BUENOPOLIS;17.694.852/0001-29;1491;SEGOV;SECRETARIA DE ESTADO DE GOVERNO;42;AUXILIOS;1;AUXILIOS;15;RECURSOS ORDINARIOS - OUTROS RECURSOS NAO VINCULADOS;500000,0;500000,0;500000,0
9430758;3874;2024-07-01 00:00:00;PM ITAJUBA;18.025.940/0001-09;1491;SEGOV;SECRETARIA DE ESTADO DE GOVERNO;42;AUXILIOS;1;AUXILIOS;15;RECURSOS ORDINARIOS - OUTROS RECURSOS NAO VINCULADOS;78682,73;78682,73;78682,73
9430759;581;2024-07-01 00:00:00;PM NOVA BELEM;01.613.169/0001-80;1301;SEINFRA;SECRETARIA DE ESTADO DE INFRAESTRUTURA, MOBILIDADE E PARCERIAS;42;AUXILIOS;1;AUXILIOS;15;RECURSOS ORDINARIOS - OUTROS RECURSOS NAO VINCULADOS;600000,0;600000,0;600000,0
9430760;582;2024-07-01 00:00:00;PM CANAA;18.132.712/0001-20;1301;SEINFRA;SECRETARIA DE ESTADO DE INFRAESTRUTURA, MOBILIDADE E PARCERIAS;42;AUXILIOS;1;AUXILIOS;15;RECURSOS ORDINARIOS - OUTROS RECURSOS NAO VINCULADOS;400000,0;400000,0;400000,0
9430761;583;2024-07-01 00:00:00;PM IPANEMA;18.334.292/0001-64;1301;SEINFRA;SECRETARIA DE ESTADO DE INFRAESTRUTURA, MOBILIDADE E PARCERIAS;42;AUXILIOS;1;AUXILIOS;15;RECURSOS ORDINARIOS - OUTROS RECURSOS NAO VINCULADOS;1000000,0;1000000,0;1000000,0
9430762;584;2024-07-01 00:00:00;PM ALEM PARAIBA;17.709.197/0001-35;1301;SEINFRA;SECRETARIA DE ESTADO DE INFRAESTRUTURA, MOBILIDADE E PARCERIAS;42;AUXILIOS;1;AUXILIOS;15;RECURSOS ORDINARIOS - OUTROS RECURSOS NAO VINCULADOS;400000,0;400000,0;400000,0
9430763;585;2024-07-02 00:00:00;PM SENADOR FIRMINO;18.128.231/0001-40;1301;SEINFRA;SECRETARIA DE ESTADO DE INFRAESTRUTURA, MOBILIDADE E PARCERIAS;42;AUXILIOS;1;AUXILIOS;15;RECURSOS ORDINARIOS - OUTROS RECURSOS NAO VINCULADOS;300000,0;300000,0;300000,0
9430764;2593;2024-07-01 00:00:00;ASSOCIACAO COMUNITARIA DO MUNICIPIO DE MEDINA;22.692.289/0001-90;1271;SECULT;SECRETARIA DE ESTADO DE CULTURA E TURISMO;41;CONTRIBUICOES;1;CONTRIBUICOES;10;RECURSOS ORDINARIOS - RECURSOS NAO VINCULADOS DE IMPOSTOS;500000,0;500000,0;500000,0
9430765;2594;2024-07-01 00:00:00;INSTITUTO CORAL LAVADEIRAS DE ALMENARA;30.882.819/0001-90;1271;SECULT;SECRETARIA DE ESTADO DE CULTURA E TURISMO;41;CONTRIBUICOES;1;CONTRIBUICOES;10;RECURSOS ORDINARIOS - RECURSOS NAO VINCULADOS DE IMPOSTOS;350000,0;350000,0;350000,0
9430766;579;2024-07-01 00:00:00;PM LAMBARI;17.877.200/0001-20;1301;SEINFRA;SECRETARIA DE ESTADO DE INFRAESTRUTURA, MOBILIDADE E PARCERIAS;42;AUXILIOS;1;AUXILIOS;15;RECURSOS ORDINARIOS - OUTROS RECURSOS NAO VINCULADOS;500000,0;500000,0;500000,0
9430776;64;2024-07-10 00:00:00;INSTITUTO DH:PROMOCAO, PESQUISA E INTERVENCAO EM DIREITOS HUMANOS E CI;09.583.515/0001-36;1481;SEDESE;SECRETARIA DE ESTADO DE DESENVOLVIMENTO SOCIAL;43;SUBVENCOES SOCIAIS;1;SUBVENCOES SOCIAIS;71;RECURSOS DO FUNDO ESTADUAL DE ERRADICACAO DA MISERIA;3696962,17;3696962,17;3696962,17
9430776;65;2024-07-10 00:00:00;INSTITUTO DH:PROMOCAO, PESQUISA E INTERVENCAO EM DIREITOS HUMANOS E CI;09.583.515/0001-36;1481;SEDESE;SECRETARIA DE ESTADO DE DESENVOLVIMENTO SOCIAL;42;AUXILIOS;1;AUXILIOS;71;RECURSOS DO FUNDO ESTADUAL DE ERRADICACAO DA MISERIA;139909,67;139909,67;139909,67
9430776;69;2024-07-22 00:00:00;INSTITUTO DH:PROMOCAO, PESQUISA E INTERVENCAO EM DIREITOS HUMANOS E CI;09.583.515/0001-36;1481;SEDESE;SECRETARIA DE ESTADO DE DESENVOLVIMENTO SOCIAL;43;SUBVENCOES SOCIAIS;1;SUBVENCOES SOCIAIS;24;CONVENIOS COM A UNIAO E SUAS ENTIDADES - EXCETO EMENDAS INDIVIDUAIS E DE BANCADA;2000000,0;2000000,0;2000000,0
9430778;242;2024-07-02 00:00:00;PM PIAU;18.338.236/0001-06;1231;SEAPA;SECRETARIA DE ESTADO DE AGRICULTURA, PECUARIA E ABASTECIMENTO;41;CONTRIBUICOES;1;CONTRIBUICOES;15;RECURSOS ORDINARIOS - OUTROS RECURSOS NAO VINCULADOS;500000,0;500000,0;500000,0
9430779;250;2024-07-02 00:00:00;PM NOVA BELEM;01.613.169/0001-80;1231;SEAPA;SECRETARIA DE ESTADO DE AGRICULTURA, PECUARIA E ABASTECIMENTO;41;CONTRIBUICOES;1;CONTRIBUICOES;15;RECURSOS ORDINARIOS - OUTROS RECURSOS NAO VINCULADOS;1700000,0;1700000,0;1700000,0
9430780;251;2024-07-02 00:00:00;PM NOVA BELEM;01.613.169/0001-80;1231;SEAPA;SECRETARIA DE ESTADO DE AGRICULTURA, PECUARIA E ABASTECIMENTO;41;CONTRIBUICOES;1;CONTRIBUICOES;15;RECURSOS ORDINARIOS - OUTROS RECURSOS NAO VINCULADOS;2000000,0;2000000,0;2000000,0
9430781;580;2024-07-01 00:00:00;PM SERICITA;19.243.518/0001-84;1301;SEINFRA;SECRETARIA DE ESTADO DE INFRAESTRUTURA, MOBILIDADE E PARCERIAS;42;AUXILIOS;1;AUXILIOS;15;RECURSOS ORDINARIOS - OUTROS RECURSOS NAO VINCULADOS;300000,0;300000,0;300000,0
9430784;225;2024-07-02 00:00:00;PM CORREGO FUNDO;01.614.862/0001-77;1221;SEDE;SECRETARIA DE ESTADO DE DESENVOLVIMENTO ECONOMICO;41;CONTRIBUICOES;1;CONTRIBUICOES;32;EXPLORACAO DE RECURSOS MINERAIS;200000,0;120465,25;120465,25
9430785;222;2024-07-02 00:00:00;PM PAI PEDRO;01.612.479/0001-80;1221;SEDE;SECRETARIA DE ESTADO DE DESENVOLVIMENTO ECONOMICO;41;CONTRIBUICOES;1;CONTRIBUICOES;10;RECURSOS ORDINARIOS - RECURSOS NAO VINCULADOS DE IMPOSTOS;487693,8;398807,64;398807,64
9430786;3901;2024-07-02 00:00:00;PM MONTE CARMELO;18.593.103/0001-78;1491;SEGOV;SECRETARIA DE ESTADO DE GOVERNO;42;AUXILIOS;1;AUXILIOS;15;RECURSOS ORDINARIOS - OUTROS RECURSOS NAO VINCULADOS;78682,73;78682,73;78682,73
9430789;1692;2024-07-01 00:00:00;PM BELO HORIZONTE;18.715.383/0001-40;2261;FUNED;FUNDACAO EZEQUIEL DIAS;42;AUXILIOS;1;AUXILIOS;10;RECURSOS ORDINARIOS - RECURSOS NAO VINCULADOS DE IMPOSTOS;713701,88;713701,88;713701,88
9430795;224;2024-07-02 00:00:00;PM BRUMADINHO;18.363.929/0001-40;1221;SEDE;SECRETARIA DE ESTADO DE DESENVOLVIMENTO ECONOMICO;41;CONTRIBUICOES;1;CONTRIBUICOES;10;RECURSOS ORDINARIOS - RECURSOS NAO VINCULADOS DE IMPOSTOS;796725,0;643826,88;643826,88
9430810;394;2024-07-03 00:00:00;PM POMPEU;18.296.681/0001-42;1371;SEMAD;SECRETARIA DE ESTADO DE MEIO AMBIENTE E DESENVOLVIMENTO SUSTENTAVEL;41;CONTRIBUICOES;1;CONTRIBUICOES;15;RECURSOS ORDINARIOS - OUTROS RECURSOS NAO VINCULADOS;150000,0;150000,0;150000,0
9430811;591;2024-07-02 00:00:00;PM CAMPOS ALTOS;18.298.190/0001-30;1301;SEINFRA;SECRETARIA DE ESTADO DE INFRAESTRUTURA, MOBILIDADE E PARCERIAS;42;AUXILIOS;1;AUXILIOS;10;RECURSOS ORDINARIOS - RECURSOS NAO VINCULADOS DE IMPOSTOS;5982342,03;5982342,03;5982342,03
9430812;590;2024-07-02 00:00:00;PM CORONEL FABRICIANO;19.875.046/0001-82;1301;SEINFRA;SECRETARIA DE ESTADO DE INFRAESTRUTURA, MOBILIDADE E PARCERIAS;42;AUXILIOS;1;AUXILIOS;10;RECURSOS ORDINARIOS - RECURSOS NAO VINCULADOS DE IMPOSTOS;8000000,0;8000000,0;8000000,0
9430813;587;2024-07-02 00:00:00;PM CAJURI;18.132.456/0001-70;1301;SEINFRA;SECRETARIA DE ESTADO DE INFRAESTRUTURA, MOBILIDADE E PARCERIAS;42;AUXILIOS;1;AUXILIOS;15;RECURSOS ORDINARIOS - OUTROS RECURSOS NAO VINCULADOS;300000,0;300000,0;300000,0
9430814;741;2024-07-02 00:00:00;PM PRUDENTE DE MORAIS;18.314.625/0001-93;1261;SEE;SECRETARIA DE ESTADO DE EDUCACAO;42;AUXILIOS;1;AUXILIOS;10;RECURSOS ORDINARIOS - RECURSOS NAO VINCULADOS DE IMPOSTOS;427000,0;427000,0;427000,0
9430815;742;2024-07-02 00:00:00;PM MARILAC;18.409.193/0001-02;1261;SEE;SECRETARIA DE ESTADO DE EDUCACAO;42;AUXILIOS;1;AUXILIOS;10;RECURSOS ORDINARIOS - RECURSOS NAO VINCULADOS DE IMPOSTOS;941000,0;941000,0;941000,0
9430816;744;2024-07-02 00:00:00;PM JESUANIA;18.188.227/0001-78;1261;SEE;SECRETARIA DE ESTADO DE EDUCACAO;42;AUXILIOS;1;AUXILIOS;10;RECURSOS ORDINARIOS - RECURSOS NAO VINCULADOS DE IMPOSTOS;100000,0;100000,0;100000,0
9430817;946;2024-07-03 00:00:00;PM SANTANA DO PARAISO;38.515.573/0001-20;1261;SEE;SECRETARIA DE ESTADO DE EDUCACAO;42;AUXILIOS;1;AUXILIOS;10;RECURSOS ORDINARIOS - RECURSOS NAO VINCULADOS DE IMPOSTOS;673739,55;673739,55;673739,55
9430818;745;2024-07-02 00:00:00;PM ATALEIA;16.971.376/0001-83;1261;SEE;SECRETARIA DE ESTADO DE EDUCACAO;42;AUXILIOS;1;AUXILIOS;10;RECURSOS ORDINARIOS - RECURSOS NAO VINCULADOS DE IMPOSTOS;200000,0;200000,0;200000,0
9430819;763;2024-07-03 00:00:00;PM UBERLANDIA;18.431.312/0001-15;1261;SEE;SECRETARIA DE ESTADO DE EDUCACAO;42;AUXILIOS;1;AUXILIOS;10;RECURSOS ORDINARIOS - RECURSOS NAO VINCULADOS DE IMPOSTOS;711191,99;711191,99;711191,99
9430820;754;2024-07-02 00:00:00;PM JACUTINGA;17.914.128/0001-63;1261;SEE;SECRETARIA DE ESTADO DE EDUCACAO;41;CONTRIBUICOES;1;CONTRIBUICOES;13;FUNDO DE MANUTENCAO E DESENVOLVIMENTO DA EDUCACAO BASICA - FUNDEB - REGULARIZACAO DE EXERCICIOS ANTE;2005170,73;2005170,73;2005170,73
9430820;755;2024-07-02 00:00:00;PM JACUTINGA;17.914.128/0001-63;1261;SEE;SECRETARIA DE ESTADO DE EDUCACAO;41;CONTRIBUICOES;1;CONTRIBUICOES;21;COTA ESTADUAL DO SALARIO EDUCACAO - QESE;177237,19;177237,19;177237,19
9430820;756;2024-07-02 00:00:00;PM JACUTINGA;17.914.128/0001-63;1261;SEE;SECRETARIA DE ESTADO DE EDUCACAO;41;CONTRIBUICOES;1;CONTRIBUICOES;36;TRANSFERENCIAS DO FNDE VINCULADAS A EDUCACAO - EXCETO EMENDAS INDIVIDUAIS E DE BANCADA;38170,0;38170,0;38170,0
9430821;761;2024-07-02 00:00:00;PM RIO PIRACICABA;18.400.945/0001-66;1261;SEE;SECRETARIA DE ESTADO DE EDUCACAO;42;AUXILIOS;1;AUXILIOS;10;RECURSOS ORDINARIOS - RECURSOS NAO VINCULADOS DE IMPOSTOS;5000000,0;5000000,0;5000000,0
9430823;743;2024-07-02 00:00:00;PM DATAS;17.754.193/0001-79;1261;SEE;SECRETARIA DE ESTADO DE EDUCACAO;42;AUXILIOS;1;AUXILIOS;10;RECURSOS ORDINARIOS - RECURSOS NAO VINCULADOS DE IMPOSTOS;514000,0;514000,0;514000,0
9430824;589;2024-07-02 00:00:00;PM LAMBARI;17.877.200/0001-20;1301;SEINFRA;SECRETARIA DE ESTADO DE INFRAESTRUTURA, MOBILIDADE E PARCERIAS;42;AUXILIOS;1;AUXILIOS;15;RECURSOS ORDINARIOS - OUTROS RECURSOS NAO VINCULADOS;300000,0;300000,0;300000,0
9430825;588;2024-07-02 00:00:00;PM PARACATU;18.278.051/0001-45;1301;SEINFRA;SECRETARIA DE ESTADO DE INFRAESTRUTURA, MOBILIDADE E PARCERIAS;42;AUXILIOS;1;AUXILIOS;15;RECURSOS ORDINARIOS - OUTROS RECURSOS NAO VINCULADOS;300000,0;300000,0;300000,0
9430828;223;2024-07-02 00:00:00;PM PARACATU;18.278.051/0001-45;1221;SEDE;SECRETARIA DE ESTADO DE DESENVOLVIMENTO ECONOMICO;41;CONTRIBUICOES;1;CONTRIBUICOES;32;EXPLORACAO DE RECURSOS MINERAIS;3264000,0;3020819,99;3020819,99
9430842;393;2024-07-03 00:00:00;PM TAPIRA;18.140.806/0001-40;1371;SEMAD;SECRETARIA DE ESTADO DE MEIO AMBIENTE E DESENVOLVIMENTO SUSTENTAVEL;41;CONTRIBUICOES;1;CONTRIBUICOES;15;RECURSOS ORDINARIOS - OUTROS RECURSOS NAO VINCULADOS;999900,0;999900,0;999900,0
9430843;593;2024-07-03 00:00:00;PM CATAS ALTAS DA NORUEGA;19.718.378/0001-53;1301;SEINFRA;SECRETARIA DE ESTADO DE INFRAESTRUTURA, MOBILIDADE E PARCERIAS;42;AUXILIOS;1;AUXILIOS;15;RECURSOS ORDINARIOS - OUTROS RECURSOS NAO VINCULADOS;300000,0;300000,0;300000,0
9430844;592;2024-07-03 00:00:00;PM TIMOTEO;19.875.020/0001-34;1301;SEINFRA;SECRETARIA DE ESTADO DE INFRAESTRUTURA, MOBILIDADE E PARCERIAS;42;AUXILIOS;1;AUXILIOS;15;RECURSOS ORDINARIOS - OUTROS RECURSOS NAO VINCULADOS;300000,0;300000,0;300000,0
9430845;18;2024-07-03 00:00:00;PM ITAUNA;18.309.724/0001-87;1481;SEDESE;SECRETARIA DE ESTADO DE DESENVOLVIMENTO SOCIAL;42;AUXILIOS;1;AUXILIOS;15;RECURSOS ORDINARIOS - OUTROS RECURSOS NAO VINCULADOS;400000,0;400000,0;400000,0
9430846;594;2024-07-03 00:00:00;PM TIROS;18.602.094/0001-34;1301;SEINFRA;SECRETARIA DE ESTADO DE INFRAESTRUTURA, MOBILIDADE E PARCERIAS;42;AUXILIOS;1;AUXILIOS;15;RECURSOS ORDINARIOS - OUTROS RECURSOS NAO VINCULADOS;300000,0;300000,0;300000,0
9430848;226;2024-07-03 00:00:00;PM LADAINHA;18.404.863/0001-90;1221;SEDE;SECRETARIA DE ESTADO DE DESENVOLVIMENTO ECONOMICO;41;CONTRIBUICOES;1;CONTRIBUICOES;32;EXPLORACAO DE RECURSOS MINERAIS;2702520,58;2485854,43;2485854,43
9430849;227;2024-07-03 00:00:00;PM DIAMANTINA;17.754.136/0001-90;1221;SEDE;SECRETARIA DE ESTADO DE DESENVOLVIMENTO ECONOMICO;41;CONTRIBUICOES;1;CONTRIBUICOES;32;EXPLORACAO DE RECURSOS MINERAIS;1989109,0;1859453,86;1859453,86
9430850;28;2024-07-03 00:00:00;PM ELOI MENDES;20.347.225/0001-26;1481;SEDESE;SECRETARIA DE ESTADO DE DESENVOLVIMENTO SOCIAL;42;AUXILIOS;1;AUXILIOS;71;RECURSOS DO FUNDO ESTADUAL DE ERRADICACAO DA MISERIA;60000,0;60000,0;60000,0
9430851;595;2024-07-03 00:00:00;PM SANTA MARIA DO SUACUI;18.409.219/0001-04;1301;SEINFRA;SECRETARIA DE ESTADO DE INFRAESTRUTURA, MOBILIDADE E PARCERIAS;42;AUXILIOS;1;AUXILIOS;15;RECURSOS ORDINARIOS - OUTROS RECURSOS NAO VINCULADOS;300000,0;300000,0;300000,0
9430852;3903;2024-07-03 00:00:00;PM JACINTO;18.349.910/0001-40;1491;SEGOV;SECRETARIA DE ESTADO DE GOVERNO;42;AUXILIOS;1;AUXILIOS;15;RECURSOS ORDINARIOS - OUTROS RECURSOS NAO VINCULADOS;78682,7;78682,7;78682,7
9430853;3904;2024-07-03 00:00:00;PM MIRABELA;18.017.376/0001-74;1491;SEGOV;SECRETARIA DE ESTADO DE GOVERNO;42;AUXILIOS;1;AUXILIOS;15;RECURSOS ORDINARIOS - OUTROS RECURSOS NAO VINCULADOS;157365,45;157365,45;157365,45
9430854;3905;2024-07-03 00:00:00;PM CLARAVAL;17.894.056/0001-30;1491;SEGOV;SECRETARIA DE ESTADO DE GOVERNO;42;AUXILIOS;1;AUXILIOS;15;RECURSOS ORDINARIOS - OUTROS RECURSOS NAO VINCULADOS;500000,0;500000,0;500000,0
9430855;3906;2024-07-03 00:00:00;PM BURITIZEIRO;18.279.067/0001-72;1491;SEGOV;SECRETARIA DE ESTADO DE GOVERNO;42;AUXILIOS;1;AUXILIOS;15;RECURSOS ORDINARIOS - OUTROS RECURSOS NAO VINCULADOS;1719417,5;859708,75;859708,75
9430856;3902;2024-07-03 00:00:00;PM FELISBURGO;18.083.071/0001-60;1491;SEGOV;SECRETARIA DE ESTADO DE GOVERNO;42;AUXILIOS;1;AUXILIOS;15;RECURSOS ORDINARIOS - OUTROS RECURSOS NAO VINCULADOS;400000,0;400000,0;400000,0
9430857;3907;2024-07-03 00:00:00;PM SABARA;18.715.441/0001-35;1491;SEGOV;SECRETARIA DE ESTADO DE GOVERNO;42;AUXILIOS;1;AUXILIOS;15;RECURSOS ORDINARIOS - OUTROS RECURSOS NAO VINCULADOS;4000000,0;1000000,0;1000000,0
9430858;3908;2024-07-03 00:00:00;PM SANTA RITA DO IBITIPOCA;18.094.862/0001-96;1491;SEGOV;SECRETARIA DE ESTADO DE GOVERNO;42;AUXILIOS;1;AUXILIOS;15;RECURSOS ORDINARIOS - OUTROS RECURSOS NAO VINCULADOS;1000000,0;500000,0;500000,0
9430860;3909;2024-07-03 00:00:00;PM MONTES CLAROS;22.678.874/0001-35;1491;SEGOV;SECRETARIA DE ESTADO DE GOVERNO;42;AUXILIOS;1;AUXILIOS;15;RECURSOS ORDINARIOS - OUTROS RECURSOS NAO VINCULADOS;747000,0;747000,0;747000,0
9430861;3910;2024-07-03 00:00:00;PM CAIANA;18.114.256/0001-95;1491;SEGOV;SECRETARIA DE ESTADO DE GOVERNO;42;AUXILIOS;1;AUXILIOS;15;RECURSOS ORDINARIOS - OUTROS RECURSOS NAO VINCULADOS;500000,0;500000,0;500000,0
9430862;19;2024-07-03 00:00:00;PM CONGONHAS DO NORTE;18.303.180/0001-46;1481;SEDESE;SECRETARIA DE ESTADO DE DESENVOLVIMENTO SOCIAL;41;CONTRIBUICOES;1;CONTRIBUICOES;15;RECURSOS ORDINARIOS - OUTROS RECURSOS NAO VINCULADOS;161688,74;161688,74;161688,74
9430863;29;2024-07-03 00:00:00;PM CAMPO BELO;18.659.334/0001-37;1481;SEDESE;SECRETARIA DE ESTADO DE DESENVOLVIMENTO SOCIAL;42;AUXILIOS;1;AUXILIOS;71;RECURSOS DO FUNDO ESTADUAL DE ERRADICACAO DA MISERIA;60000,0;60000,0;60000,0
9430864;602;2024-07-03 00:00:00;PM FELIXLANDIA;17.695.032/0001-51;1301;SEINFRA;SECRETARIA DE ESTADO DE INFRAESTRUTURA, MOBILIDADE E PARCERIAS;42;AUXILIOS;1;AUXILIOS;95;RECURSOS RECEBIDOS POR DANOS ADVINDOS DE DESASTRES SOCIOAMBIENTAIS;34997230,3;34997230,3;34997230,3
9430865;601;2024-07-03 00:00:00;PM AGUANIL;17.888.108/0001-65;1301;SEINFRA;SECRETARIA DE ESTADO DE INFRAESTRUTURA, MOBILIDADE E PARCERIAS;42;AUXILIOS;1;AUXILIOS;15;RECURSOS ORDINARIOS - OUTROS RECURSOS NAO VINCULADOS;7600000,0;7600000,0;7600000,0
9430866;282;2024-07-03 00:00:00;PM SAO JOAO DA PONTE;16.928.483/0001-29;1481;SEDESE;SECRETARIA DE ESTADO DE DESENVOLVIMENTO SOCIAL;42;AUXILIOS;1;AUXILIOS;10;RECURSOS ORDINARIOS - RECURSOS NAO VINCULADOS DE IMPOSTOS;409856,0;409856,0;409856,0
9430867;600;2024-07-03 00:00:00;PM DOM VICOSO;18.188.268/0001-64;1301;SEINFRA;SECRETARIA DE ESTADO DE INFRAESTRUTURA, MOBILIDADE E PARCERIAS;42;AUXILIOS;1;AUXILIOS;15;RECURSOS ORDINARIOS - OUTROS RECURSOS NAO VINCULADOS;400000,0;400000,0;400000,0
9430868;767;2024-07-03 00:00:00;PM RIO NOVO;18.338.244/0001-44;1261;SEE;SECRETARIA DE ESTADO DE EDUCACAO;42;AUXILIOS;1;AUXILIOS;10;RECURSOS ORDINARIOS - RECURSOS NAO VINCULADOS DE IMPOSTOS;150000,0;150000,0;150000,0
9430869;597;2024-07-03 00:00:00;PM CONCEICAO DO PARA;18.315.200/0001-07;1301;SEINFRA;SECRETARIA DE ESTADO DE INFRAESTRUTURA, MOBILIDADE E PARCERIAS;42;AUXILIOS;1;AUXILIOS;15;RECURSOS ORDINARIOS - OUTROS RECURSOS NAO VINCULADOS;750000,0;750000,0;750000,0
9430870;766;2024-07-03 00:00:00;PM IPATINGA;19.876.424/0001-42;1261;SEE;SECRETARIA DE ESTADO DE EDUCACAO;42;AUXILIOS;1;AUXILIOS;10;RECURSOS ORDINARIOS - RECURSOS NAO VINCULADOS DE IMPOSTOS;318000,0;318000,0;318000,0
9430871;599;2024-07-03 00:00:00;PM GUARDA-MOR;18.277.947/0001-00;1301;SEINFRA;SECRETARIA DE ESTADO DE INFRAESTRUTURA, MOBILIDADE E PARCERIAS;42;AUXILIOS;1;AUXILIOS;15;RECURSOS ORDINARIOS - OUTROS RECURSOS NAO VINCULADOS;500000,0;500000,0;500000,0
9430872;596;2024-07-03 00:00:00;PM IAPU;18.338.830/0001-99;1301;SEINFRA;SECRETARIA DE ESTADO DE INFRAESTRUTURA, MOBILIDADE E PARCERIAS;42;AUXILIOS;1;AUXILIOS;15;RECURSOS ORDINARIOS - OUTROS RECURSOS NAO VINCULADOS;317532,0;317532,0;317532,0
9430873;795;2024-07-03 00:00:00;PM DIONISIO;20.126.439/0001-72;1261;SEE;SECRETARIA DE ESTADO DE EDUCACAO;42;AUXILIOS;1;AUXILIOS;10;RECURSOS ORDINARIOS - RECURSOS NAO VINCULADOS DE IMPOSTOS;350000,0;350000,0;350000,0
9430874;598;2024-07-03 00:00:00;PM FORTALEZA DE MINAS;18.241.760/0001-56;1301;SEINFRA;SECRETARIA DE ESTADO DE INFRAESTRUTURA, MOBILIDADE E PARCERIAS;42;AUXILIOS;1;AUXILIOS;15;RECURSOS ORDINARIOS - OUTROS RECURSOS NAO VINCULADOS;250000,0;250000,0;250000,0
9430875;35;2024-07-03 00:00:00;PM BELO HORIZONTE;18.715.383/0001-40;1481;SEDESE;SECRETARIA DE ESTADO DE DESENVOLVIMENTO SOCIAL;41;CONTRIBUICOES;1;CONTRIBUICOES;71;RECURSOS DO FUNDO ESTADUAL DE ERRADICACAO DA MISERIA;8988,8;8988,8;8988,8
9430875;36;2024-07-03 00:00:00;PM BELO HORIZONTE;18.715.383/0001-40;1481;SEDESE;SECRETARIA DE ESTADO DE DESENVOLVIMENTO SOCIAL;42;AUXILIOS;1;AUXILIOS;71;RECURSOS DO FUNDO ESTADUAL DE ERRADICACAO DA MISERIA;44779,37;44779,37;44779,37
9430876;17;2024-07-03 00:00:00;PM ABADIA DOS DOURADOS;18.593.111/0001-14;1481;SEDESE;SECRETARIA DE ESTADO DE DESENVOLVIMENTO SOCIAL;42;AUXILIOS;1;AUXILIOS;15;RECURSOS ORDINARIOS - OUTROS RECURSOS NAO VINCULADOS;300000,0;300000,0;300000,0
9430877;31;2024-07-03 00:00:00;PM FORMOSO;18.125.153/0001-20;1481;SEDESE;SECRETARIA DE ESTADO DE DESENVOLVIMENTO SOCIAL;41;CONTRIBUICOES;1;CONTRIBUICOES;71;RECURSOS DO FUNDO ESTADUAL DE ERRADICACAO DA MISERIA;18153,59;18153,59;18153,59
9430877;34;2024-07-03 00:00:00;PM FORMOSO;18.125.153/0001-20;1481;SEDESE;SECRETARIA DE ESTADO DE DESENVOLVIMENTO SOCIAL;42;AUXILIOS;1;AUXILIOS;71;RECURSOS DO FUNDO ESTADUAL DE ERRADICACAO DA MISERIA;41846,41;41846,41;41846,41
9430878;32;2024-07-03 00:00:00;PM IAPU;18.338.830/0001-99;1481;SEDESE;SECRETARIA DE ESTADO DE DESENVOLVIMENTO SOCIAL;42;AUXILIOS;1;AUXILIOS;10;RECURSOS ORDINARIOS - RECURSOS NAO VINCULADOS DE IMPOSTOS;116951,99;116951,99;116951,99
9430879;33;2024-07-03 00:00:00;PM RAUL SOARES;18.836.965/0001-84;1481;SEDESE;SECRETARIA DE ESTADO DE DESENVOLVIMENTO SOCIAL;42;AUXILIOS;1;AUXILIOS;10;RECURSOS ORDINARIOS - RECURSOS NAO VINCULADOS DE IMPOSTOS;125000,0;125000,0;125000,0
9430880;861;2024-07-03 00:00:00;PM BARROSO;18.094.755/0001-68;1261;SEE;SECRETARIA DE ESTADO DE EDUCACAO;42;AUXILIOS;1;AUXILIOS;10;RECURSOS ORDINARIOS - RECURSOS NAO VINCULADOS DE IMPOSTOS;2412491,02;2412491,02;2412491,02
9430881;771;2024-07-04 00:00:00;PM FRANCISCO SA;22.681.423/0001-57;1261;SEE;SECRETARIA DE ESTADO DE EDUCACAO;42;AUXILIOS;1;AUXILIOS;21;COTA ESTADUAL DO SALARIO EDUCACAO - QESE;1133215,26;1133215,26;1133215,26
9430882;30;2024-07-03 00:00:00;PM PINGO D'AGUA;01.613.204/0001-60;1481;SEDESE;SECRETARIA DE ESTADO DE DESENVOLVIMENTO SOCIAL;42;AUXILIOS;1;AUXILIOS;10;RECURSOS ORDINARIOS - RECURSOS NAO VINCULADOS DE IMPOSTOS;117508,33;117508,33;117508,33
9430883;16;2024-07-03 00:00:00;PM UBERLANDIA;18.431.312/0001-15;1481;SEDESE;SECRETARIA DE ESTADO DE DESENVOLVIMENTO SOCIAL;42;AUXILIOS;1;AUXILIOS;15;RECURSOS ORDINARIOS - OUTROS RECURSOS NAO VINCULADOS;2300000,0;2300000,0;2300000,0
9430885;772;2024-07-04 00:00:00;PM SAO JOAO EVANGELISTA;18.307.488/0001-60;1261;SEE;SECRETARIA DE ESTADO DE EDUCACAO;42;AUXILIOS;1;AUXILIOS;21;COTA ESTADUAL DO SALARIO EDUCACAO - QESE;778841,49;778841,49;778841,49
9430886;768;2024-07-03 00:00:00;PM CABECEIRA GRANDE;01.603.707/0001-55;1261;SEE;SECRETARIA DE ESTADO DE EDUCACAO;42;AUXILIOS;1;AUXILIOS;10;RECURSOS ORDINARIOS - RECURSOS NAO VINCULADOS DE IMPOSTOS;575000,0;575000,0;575000,0
9430887;603;2024-07-03 00:00:00;PM SANTA LUZIA;18.715.409/0001-50;1301;SEINFRA;SECRETARIA DE ESTADO DE INFRAESTRUTURA, MOBILIDADE E PARCERIAS;42;AUXILIOS;1;AUXILIOS;10;RECURSOS ORDINARIOS - RECURSOS NAO VINCULADOS DE IMPOSTOS;9145312,99;9145312,99;9145312,99
9430889;770;2024-07-04 00:00:00;PM FRONTEIRA DOS VALES;18.404.954/0001-25;1261;SEE;SECRETARIA DE ESTADO DE EDUCACAO;42;AUXILIOS;1;AUXILIOS;21;COTA ESTADUAL DO SALARIO EDUCACAO - QESE;711191,99;711191,99;0,0
9430907;398;2024-07-03 00:00:00;PM FORMIGA;16.784.720/0001-25;1371;SEMAD;SECRETARIA DE ESTADO DE MEIO AMBIENTE E DESENVOLVIMENTO SUSTENTAVEL;41;CONTRIBUICOES;1;CONTRIBUICOES;15;RECURSOS ORDINARIOS - OUTROS RECURSOS NAO VINCULADOS;230000,0;230000,0;230000,0
9430908;3911;2024-07-03 00:00:00;PM ITABIRA;18.299.446/0001-24;1491;SEGOV;SECRETARIA DE ESTADO DE GOVERNO;42;AUXILIOS;1;AUXILIOS;15;RECURSOS ORDINARIOS - OUTROS RECURSOS NAO VINCULADOS;300000,0;300000,0;300000,0
9430909;3912;2024-07-03 00:00:00;PM NATALANDIA;01.593.752/0001-76;1491;SEGOV;SECRETARIA DE ESTADO DE GOVERNO;42;AUXILIOS;1;AUXILIOS;15;RECURSOS ORDINARIOS - OUTROS RECURSOS NAO VINCULADOS;500000,0;500000,0;500000,0
9430910;606;2024-07-03 00:00:00;PM SANTA RITA DO ITUETO;18.413.187/0001-10;1301;SEINFRA;SECRETARIA DE ESTADO DE INFRAESTRUTURA, MOBILIDADE E PARCERIAS;42;AUXILIOS;1;AUXILIOS;15;RECURSOS ORDINARIOS - OUTROS RECURSOS NAO VINCULADOS;500000,0;500000,0;500000,0
9430911;37;2024-07-03 00:00:00;PM BURITIS;18.125.146/0001-29;1481;SEDESE;SECRETARIA DE ESTADO DE DESENVOLVIMENTO SOCIAL;42;AUXILIOS;1;AUXILIOS;71;RECURSOS DO FUNDO ESTADUAL DE ERRADICACAO DA MISERIA;60000,0;60000,0;60000,0
9430912;257;2024-07-04 00:00:00;PM MONSENHOR PAULO;22.541.874/0001-99;1231;SEAPA;SECRETARIA DE ESTADO DE AGRICULTURA, PECUARIA E ABASTECIMENTO;41;CONTRIBUICOES;1;CONTRIBUICOES;15;RECURSOS ORDINARIOS - OUTROS RECURSOS NAO VINCULADOS;500000,0;500000,0;500000,0
9430914;20;2024-07-03 00:00:00;PM ITABIRA;18.299.446/0001-24;1481;SEDESE;SECRETARIA DE ESTADO DE DESENVOLVIMENTO SOCIAL;42;AUXILIOS;1;AUXILIOS;15;RECURSOS ORDINARIOS - OUTROS RECURSOS NAO VINCULADOS;550000,0;550000,0;550000,0
9430915;283;2024-07-03 00:00:00;PM SABARA;18.715.441/0001-35;1481;SEDESE;SECRETARIA DE ESTADO DE DESENVOLVIMENTO SOCIAL;41;CONTRIBUICOES;1;CONTRIBUICOES;38;TRANSFERENCIAS DA UNIAO VINCULADAS AO ESPORTE;227810,7;227810,7;227810,7
9430916;258;2024-07-04 00:00:00;PM RIO ESPERA;24.179.665/0001-72;1231;SEAPA;SECRETARIA DE ESTADO DE AGRICULTURA, PECUARIA E ABASTECIMENTO;41;CONTRIBUICOES;1;CONTRIBUICOES;15;RECURSOS ORDINARIOS - OUTROS RECURSOS NAO VINCULADOS;400000,0;400000,0;400000,0
9430919;260;2024-07-04 00:00:00;PM ARINOS;18.125.120/0001-80;1231;SEAPA;SECRETARIA DE ESTADO DE AGRICULTURA, PECUARIA E ABASTECIMENTO;41;CONTRIBUICOES;1;CONTRIBUICOES;15;RECURSOS ORDINARIOS - OUTROS RECURSOS NAO VINCULADOS;500000,0;500000,0;500000,0
9430920;261;2024-07-04 00:00:00;PM FORMOSO;18.125.153/0001-20;1231;SEAPA;SECRETARIA DE ESTADO DE AGRICULTURA, PECUARIA E ABASTECIMENTO;41;CONTRIBUICOES;1;CONTRIBUICOES;15;RECURSOS ORDINARIOS - OUTROS RECURSOS NAO VINCULADOS;200000,0;200000,0;200000,0
9430921;604;2024-07-03 00:00:00;PM ITAPECERICA;18.308.742/0001-44;1301;SEINFRA;SECRETARIA DE ESTADO DE INFRAESTRUTURA, MOBILIDADE E PARCERIAS;42;AUXILIOS;1;AUXILIOS;15;RECURSOS ORDINARIOS - OUTROS RECURSOS NAO VINCULADOS;300000,0;300000,0;300000,0
9430923;605;2024-07-03 00:00:00;PM IPUIUNA;18.179.226/0001-67;1301;SEINFRA;SECRETARIA DE ESTADO DE INFRAESTRUTURA, MOBILIDADE E PARCERIAS;42;AUXILIOS;1;AUXILIOS;15;RECURSOS ORDINARIOS - OUTROS RECURSOS NAO VINCULADOS;1000000,0;1000000,0;1000000,0
9430934;2600;2024-07-04 00:00:00;INSTITUTO FEDERAL DE EDUCACAO, CIENCIA E TECNOLOGIA DO SUL DE MINAS GE;10.648.539/0001-05;1271;SECULT;SECRETARIA DE ESTADO DE CULTURA E TURISMO;41;CONTRIBUICOES;1;CONTRIBUICOES;95;RECURSOS RECEBIDOS POR DANOS ADVINDOS DE DESASTRES SOCIOAMBIENTAIS;559800,0;559800,0;559800,0
9430936;1705;2024-07-04 00:00:00;PM RIBEIRAO DAS NEVES;18.314.609/0001-09;1261;SEE;SECRETARIA DE ESTADO DE EDUCACAO;42;AUXILIOS;1;AUXILIOS;10;RECURSOS ORDINARIOS - RECURSOS NAO VINCULADOS DE IMPOSTOS;7172219,39;7172219,39;7172219,39
9430938;783;2024-07-04 00:00:00;PM NOVA BELEM;01.613.169/0001-80;1261;SEE;SECRETARIA DE ESTADO DE EDUCACAO;42;AUXILIOS;1;AUXILIOS;21;COTA ESTADUAL DO SALARIO EDUCACAO - QESE;1351653,9;1351653,9;1351653,9
9430939;908;2024-10-15 00:00:00;PM INDIANOPOLIS;18.259.390/0001-84;1261;SEE;SECRETARIA DE ESTADO DE EDUCACAO;42;AUXILIOS;1;AUXILIOS;10;RECURSOS ORDINARIOS - RECURSOS NAO VINCULADOS DE IMPOSTOS;711191,99;711191,99;711191,99
9430940;779;2024-07-04 00:00:00;PM CHALE;18.392.548/0001-90;1261;SEE;SECRETARIA DE ESTADO DE EDUCACAO;42;AUXILIOS;1;AUXILIOS;21;COTA ESTADUAL DO SALARIO EDUCACAO - QESE;100000,0;100000,0;100000,0
9430941;786;2024-07-04 00:00:00;PM SANTANA DA VARGEM;18.245.183/0001-70;1261;SEE;SECRETARIA DE ESTADO DE EDUCACAO;42;AUXILIOS;1;AUXILIOS;21;COTA ESTADUAL DO SALARIO EDUCACAO - QESE;318000,0;318000,0;318000,0
9430942;780;2024-07-04 00:00:00;PM CORONEL PACHECO;18.338.152/0001-64;1261;SEE;SECRETARIA DE ESTADO DE EDUCACAO;42;AUXILIOS;1;AUXILIOS;21;COTA ESTADUAL DO SALARIO EDUCACAO - QESE;155000,0;155000,0;155000,0
9430943;2320;2024-10-08 00:00:00;PM JURUAIA;18.668.368/0001-98;1261;SEE;SECRETARIA DE ESTADO DE EDUCACAO;42;AUXILIOS;1;AUXILIOS;10;RECURSOS ORDINARIOS - RECURSOS NAO VINCULADOS DE IMPOSTOS;1216000,0;1216000,0;1216000,0
9430944;773;2024-07-04 00:00:00;PM BETIM;18.715.391/0001-96;1261;SEE;SECRETARIA DE ESTADO DE EDUCACAO;41;CONTRIBUICOES;1;CONTRIBUICOES;13;FUNDO DE MANUTENCAO E DESENVOLVIMENTO DA EDUCACAO BASICA - FUNDEB - REGULARIZACAO DE EXERCICIOS ANTE;813624,32;813624,32;813624,32
9430944;774;2024-07-04 00:00:00;PM BETIM;18.715.391/0001-96;1261;SEE;SECRETARIA DE ESTADO DE EDUCACAO;41;CONTRIBUICOES;1;CONTRIBUICOES;21;COTA ESTADUAL DO SALARIO EDUCACAO - QESE;65378,56;65378,56;65378,56
9430944;775;2024-07-04 00:00:00;PM BETIM;18.715.391/0001-96;1261;SEE;SECRETARIA DE ESTADO DE EDUCACAO;41;CONTRIBUICOES;1;CONTRIBUICOES;36;TRANSFERENCIAS DO FNDE VINCULADAS A EDUCACAO - EXCETO EMENDAS INDIVIDUAIS E DE BANCADA;14080,0;14080,0;14080,0
9430945;788;2024-07-04 00:00:00;PM SANTA RITA DO ITUETO;18.413.187/0001-10;1261;SEE;SECRETARIA DE ESTADO DE EDUCACAO;42;AUXILIOS;1;AUXILIOS;21;COTA ESTADUAL DO SALARIO EDUCACAO - QESE;854000,0;854000,0;854000,0
9430946;784;2024-07-04 00:00:00;PM CONTAGEM;18.715.508/0001-31;1261;SEE;SECRETARIA DE ESTADO DE EDUCACAO;42;AUXILIOS;1;AUXILIOS;21;COTA ESTADUAL DO SALARIO EDUCACAO - QESE;711191,99;711191,99;711191,99
9430947;789;2024-07-04 00:00:00;PM MONTE CARMELO;18.593.103/0001-78;1261;SEE;SECRETARIA DE ESTADO DE EDUCACAO;42;AUXILIOS;1;AUXILIOS;21;COTA ESTADUAL DO SALARIO EDUCACAO - QESE;854000,0;854000,0;854000,0
9430948;785;2024-07-04 00:00:00;PM CONEGO MARINHO;01.612.492/0001-39;1261;SEE;SECRETARIA DE ESTADO DE EDUCACAO;42;AUXILIOS;1;AUXILIOS;21;COTA ESTADUAL DO SALARIO EDUCACAO - QESE;755531,42;755531,42;755531,42
9430949;781;2024-07-04 00:00:00;PM CASCALHO RICO;18.259.374/0001-91;1261;SEE;SECRETARIA DE ESTADO DE EDUCACAO;42;AUXILIOS;1;AUXILIOS;21;COTA ESTADUAL DO SALARIO EDUCACAO - QESE;200000,0;200000,0;200000,0
9430950;787;2024-07-04 00:00:00;PM TAPIRA;18.140.806/0001-40;1261;SEE;SECRETARIA DE ESTADO DE EDUCACAO;42;AUXILIOS;1;AUXILIOS;21;COTA ESTADUAL DO SALARIO EDUCACAO - QESE;407880,0;407880,0;407880,0
9430951;776;2024-07-04 00:00:00;PM SANTANA DE PIRAPAMA;18.116.178/0001-68;1261;SEE;SECRETARIA DE ESTADO DE EDUCACAO;41;CONTRIBUICOES;1;CONTRIBUICOES;13;FUNDO DE MANUTENCAO E DESENVOLVIMENTO DA EDUCACAO BASICA - FUNDEB - REGULARIZACAO DE EXERCICIOS ANTE;381386,94;381386,94;381386,94
9430951;777;2024-07-04 00:00:00;PM SANTANA DE PIRAPAMA;18.116.178/0001-68;1261;SEE;SECRETARIA DE ESTADO DE EDUCACAO;41;CONTRIBUICOES;1;CONTRIBUICOES;21;COTA ESTADUAL DO SALARIO EDUCACAO - QESE;33710,82;33710,82;33710,82
9430951;778;2024-07-04 00:00:00;PM SANTANA DE PIRAPAMA;18.116.178/0001-68;1261;SEE;SECRETARIA DE ESTADO DE EDUCACAO;41;CONTRIBUICOES;1;CONTRIBUICOES;36;TRANSFERENCIAS DO FNDE VINCULADAS A EDUCACAO - EXCETO EMENDAS INDIVIDUAIS E DE BANCADA;7260,0;7260,0;7260,0
9430952;609;2024-07-04 00:00:00;PM SERRA DO SALITRE;18.468.058/0001-20;1301;SEINFRA;SECRETARIA DE ESTADO DE INFRAESTRUTURA, MOBILIDADE E PARCERIAS;42;AUXILIOS;1;AUXILIOS;15;RECURSOS ORDINARIOS - OUTROS RECURSOS NAO VINCULADOS;500000,0;500000,0;500000,0
9430953;826;2024-07-04 00:00:00;PM IPANEMA;18.334.292/0001-64;1261;SEE;SECRETARIA DE ESTADO DE EDUCACAO;42;AUXILIOS;1;AUXILIOS;10;RECURSOS ORDINARIOS - RECURSOS NAO VINCULADOS DE IMPOSTOS;3454564,51;3454564,51;3454564,51
9430954;827;2024-07-04 00:00:00;PM IPANEMA;18.334.292/0001-64;1261;SEE;SECRETARIA DE ESTADO DE EDUCACAO;42;AUXILIOS;1;AUXILIOS;10;RECURSOS ORDINARIOS - RECURSOS NAO VINCULADOS DE IMPOSTOS;1410333,33;1410333,33;1410333,33
9430955;1213;2024-07-04 00:00:00;PM CAMPOS GERAIS;18.245.175/0001-24;1261;SEE;SECRETARIA DE ESTADO DE EDUCACAO;42;AUXILIOS;1;AUXILIOS;10;RECURSOS ORDINARIOS - RECURSOS NAO VINCULADOS DE IMPOSTOS;286820,97;286820,97;286820,97
9430956;796;2024-07-04 00:00:00;PM SAO GONCALO DO RIO ABAIXO;24.380.651/0001-12;1261;SEE;SECRETARIA DE ESTADO DE EDUCACAO;42;AUXILIOS;1;AUXILIOS;10;RECURSOS ORDINARIOS - RECURSOS NAO VINCULADOS DE IMPOSTOS;6000000,0;6000000,0;6000000,0
9430957;1506;2024-07-04 00:00:00;PM MOEMA;18.301.044/0001-17;1261;SEE;SECRETARIA DE ESTADO DE EDUCACAO;42;AUXILIOS;1;AUXILIOS;10;RECURSOS ORDINARIOS - RECURSOS NAO VINCULADOS DE IMPOSTOS;4291980,93;4291980,93;4291980,93
9430958;1505;2024-07-04 00:00:00;PM MOEMA;18.301.044/0001-17;1261;SEE;SECRETARIA DE ESTADO DE EDUCACAO;42;AUXILIOS;1;AUXILIOS;10;RECURSOS ORDINARIOS - RECURSOS NAO VINCULADOS DE IMPOSTOS;3649904,22;3649904,22;3649904,22
9430959;501;2024-07-04 00:00:00;PM GUAXUPE;18.663.401/0001-97;1261;SEE;SECRETARIA DE ESTADO DE EDUCACAO;42;AUXILIOS;1;AUXILIOS;10;RECURSOS ORDINARIOS - RECURSOS NAO VINCULADOS DE IMPOSTOS;1519219,2;1519219,2;1519219,2
9430960;1304;2024-07-04 00:00:00;PM PEDRAS DE MARIA DA CRUZ;25.209.156/0001-08;1261;SEE;SECRETARIA DE ESTADO DE EDUCACAO;42;AUXILIOS;1;AUXILIOS;10;RECURSOS ORDINARIOS - RECURSOS NAO VINCULADOS DE IMPOSTOS;240186,66;240186,66;0,0
9430961;262;2024-07-04 00:00:00;PM URUCUIA;25.223.850/0001-80;1231;SEAPA;SECRETARIA DE ESTADO DE AGRICULTURA, PECUARIA E ABASTECIMENTO;41;CONTRIBUICOES;1;CONTRIBUICOES;15;RECURSOS ORDINARIOS - OUTROS RECURSOS NAO VINCULADOS;270639,94;270639,94;270639,94
9430962;1413;2024-07-04 00:00:00;PM CENTRAL DE MINAS;17.990.714/0001-97;1261;SEE;SECRETARIA DE ESTADO DE EDUCACAO;42;AUXILIOS;1;AUXILIOS;10;RECURSOS ORDINARIOS - RECURSOS NAO VINCULADOS DE IMPOSTOS;2031501,91;2031501,91;2031501,91
9430963;1414;2024-07-04 00:00:00;PM CENTRAL DE MINAS;17.990.714/0001-97;1261;SEE;SECRETARIA DE ESTADO DE EDUCACAO;42;AUXILIOS;1;AUXILIOS;10;RECURSOS ORDINARIOS - RECURSOS NAO VINCULADOS DE IMPOSTOS;875299,14;875299,14;875299,14
9430964;1214;2024-07-04 00:00:00;PM CAMPOS GERAIS;18.245.175/0001-24;1261;SEE;SECRETARIA DE ESTADO DE EDUCACAO;42;AUXILIOS;1;AUXILIOS;10;RECURSOS ORDINARIOS - RECURSOS NAO VINCULADOS DE IMPOSTOS;499551,57;499551,57;499551,57
9430965;1135;2024-07-04 00:00:00;PM SANTANA DE PIRAPAMA;18.116.178/0001-68;1261;SEE;SECRETARIA DE ESTADO DE EDUCACAO;42;AUXILIOS;1;AUXILIOS;10;RECURSOS ORDINARIOS - RECURSOS NAO VINCULADOS DE IMPOSTOS;1275230,63;1275230,63;1275230,63
9430966;2037;2024-07-04 00:00:00;PM SAO JOAO DO PARAISO;24.791.154/0001-07;1261;SEE;SECRETARIA DE ESTADO DE EDUCACAO;42;AUXILIOS;1;AUXILIOS;10;RECURSOS ORDINARIOS - RECURSOS NAO VINCULADOS DE IMPOSTOS;1843527,35;1843527,35;0,0
9430967;1134;2024-07-04 00:00:00;PM PRUDENTE DE MORAIS;18.314.625/0001-93;1261;SEE;SECRETARIA DE ESTADO DE EDUCACAO;42;AUXILIOS;1;AUXILIOS;10;RECURSOS ORDINARIOS - RECURSOS NAO VINCULADOS DE IMPOSTOS;2300000,0;2300000,0;2300000,0
9430968;608;2024-07-04 00:00:00;PM PARACATU;18.278.051/0001-45;1301;SEINFRA;SECRETARIA DE ESTADO DE INFRAESTRUTURA, MOBILIDADE E PARCERIAS;42;AUXILIOS;1;AUXILIOS;15;RECURSOS ORDINARIOS - OUTROS RECURSOS NAO VINCULADOS;500000,0;500000,0;500000,0
9430969;21;2024-07-04 00:00:00;PM ARACUAI;17.963.083/0001-17;1481;SEDESE;SECRETARIA DE ESTADO DE DESENVOLVIMENTO SOCIAL;42;AUXILIOS;1;AUXILIOS;15;RECURSOS ORDINARIOS - OUTROS RECURSOS NAO VINCULADOS;400000,0;400000,0;400000,0
9430971;284;2024-07-04 00:00:00;CASA DE APOIO A CRIANCA CARENTE;00.211.504/0001-50;1481;SEDESE;SECRETARIA DE ESTADO DE DESENVOLVIMENTO SOCIAL;43;SUBVENCOES SOCIAIS;1;SUBVENCOES SOCIAIS;59;OUTROS RECURSOS VINCULADOS;349995,68;349995,68;349995,68
9430975;4450;2024-08-22 00:00:00;FUNDACAO HOSPITALAR SAO FRANCISCO DE ASSIS;13.025.354/0001-32;4291;FES;FUNDO ESTADUAL DE SAUDE;42;AUXILIOS;1;AUXILIOS;10;RECURSOS ORDINARIOS - RECURSOS NAO VINCULADOS DE IMPOSTOS;7990894,37;7990894,37;7990894,37
9430976;607;2024-07-04 00:00:00;PM MANTENA;18.504.167/0001-55;1301;SEINFRA;SECRETARIA DE ESTADO DE INFRAESTRUTURA, MOBILIDADE E PARCERIAS;42;AUXILIOS;1;AUXILIOS;15;RECURSOS ORDINARIOS - OUTROS RECURSOS NAO VINCULADOS;500000,0;500000,0;500000,0
9431020;154;2024-07-04 00:00:00;INSTITUTO FEDERAL DE EDUCACAO CIENCIA E TECNO DO NORTE DE MG;10.727.655/0001-10;2161;FUCAM;FUNDACAO EDUCACIONAL CAIO MARTINS;41;CONTRIBUICOES;1;CONTRIBUICOES;10;RECURSOS ORDINARIOS - RECURSOS NAO VINCULADOS DE IMPOSTOS;108000,0;108000,0;108000,0
9431020;155;2024-07-04 00:00:00;INSTITUTO FEDERAL DE EDUCACAO CIENCIA E TECNO DO NORTE DE MG;10.727.655/0001-10;2161;FUCAM;FUNDACAO EDUCACIONAL CAIO MARTINS;41;CONTRIBUICOES;1;CONTRIBUICOES;10;RECURSOS ORDINARIOS - RECURSOS NAO VINCULADOS DE IMPOSTOS;121000,0;121000,0;121000,0
9431020;156;2024-07-04 00:00:00;INSTITUTO FEDERAL DE EDUCACAO CIENCIA E TECNO DO NORTE DE MG;10.727.655/0001-10;2161;FUCAM;FUNDACAO EDUCACIONAL CAIO MARTINS;41;CONTRIBUICOES;1;CONTRIBUICOES;10;RECURSOS ORDINARIOS - RECURSOS NAO VINCULADOS DE IMPOSTOS;121000,0;121000,0;121000,0
9431020;157;2024-07-04 00:00:00;INSTITUTO FEDERAL DE EDUCACAO CIENCIA E TECNO DO NORTE DE MG;10.727.655/0001-10;2161;FUCAM;FUNDACAO EDUCACIONAL CAIO MARTINS;41;CONTRIBUICOES;1;CONTRIBUICOES;10;RECURSOS ORDINARIOS - RECURSOS NAO VINCULADOS DE IMPOSTOS;650000,0;650000,0;650000,0
9431021;1;2024-10-16 00:00:00;AFS INTERCULTURA BRASIL;72.036.825/0001-77;1261;SEE;SECRETARIA DE ESTADO DE EDUCACAO;43;SUBVENCOES SOCIAIS;1;SUBVENCOES SOCIAIS;10;RECURSOS ORDINARIOS - RECURSOS NAO VINCULADOS DE IMPOSTOS;26300000,0;26300000,0;26300000,0
9431021;173;2024-07-05 00:00:00;AFS INTERCULTURA BRASIL;72.036.825/0001-77;2151;FHA;FUNDACAO HELENA ANTIPOFF;43;SUBVENCOES SOCIAIS;1;SUBVENCOES SOCIAIS;10;RECURSOS ORDINARIOS - RECURSOS NAO VINCULADOS DE IMPOSTOS;2540000,0;2540000,0;2540000,0
9431023;23;2024-07-04 00:00:00;PM RIBEIRAO DAS NEVES;18.314.609/0001-09;1481;SEDESE;SECRETARIA DE ESTADO DE DESENVOLVIMENTO SOCIAL;42;AUXILIOS;1;AUXILIOS;15;RECURSOS ORDINARIOS - OUTROS RECURSOS NAO VINCULADOS;459202,14;459202,14;459202,14
9431024;22;2024-07-04 00:00:00;PM RIBEIRAO DAS NEVES;18.314.609/0001-09;1481;SEDESE;SECRETARIA DE ESTADO DE DESENVOLVIMENTO SOCIAL;42;AUXILIOS;1;AUXILIOS;15;RECURSOS ORDINARIOS - OUTROS RECURSOS NAO VINCULADOS;400000,0;400000,0;400000,0
9431026;909;2024-10-15 00:00:00;PM PIMENTA;16.725.962/0001-48;1261;SEE;SECRETARIA DE ESTADO DE EDUCACAO;42;AUXILIOS;1;AUXILIOS;10;RECURSOS ORDINARIOS - RECURSOS NAO VINCULADOS DE IMPOSTOS;247761,05;247761,05;247761,05
9431027;791;2024-07-05 00:00:00;PM JURUAIA;18.668.368/0001-98;1261;SEE;SECRETARIA DE ESTADO DE EDUCACAO;42;AUXILIOS;1;AUXILIOS;21;COTA ESTADUAL DO SALARIO EDUCACAO - QESE;400000,0;400000,0;400000,0
9431028;922;2024-11-01 00:00:00;PM SANTA BARBARA;19.391.945/0001-00;1261;SEE;SECRETARIA DE ESTADO DE EDUCACAO;42;AUXILIOS;1;AUXILIOS;10;RECURSOS ORDINARIOS - RECURSOS NAO VINCULADOS DE IMPOSTOS;100000,0;100000,0;100000,0
9431030;1221;2024-07-05 00:00:00;PM BOA ESPERANCA;18.239.590/0001-75;1261;SEE;SECRETARIA DE ESTADO DE EDUCACAO;42;AUXILIOS;1;AUXILIOS;10;RECURSOS ORDINARIOS - RECURSOS NAO VINCULADOS DE IMPOSTOS;999463,67;999463,67;999463,67
9431031;718;2024-07-05 00:00:00;PM BURITIZEIRO;18.279.067/0001-72;1261;SEE;SECRETARIA DE ESTADO DE EDUCACAO;42;AUXILIOS;1;AUXILIOS;10;RECURSOS ORDINARIOS - RECURSOS NAO VINCULADOS DE IMPOSTOS;1052769,17;1052769,17;1052769,17
9431032;911;2024-10-16 00:00:00;PM SAO FRANCISCO;22.679.153/0001-40;1261;SEE;SECRETARIA DE ESTADO DE EDUCACAO;42;AUXILIOS;1;AUXILIOS;10;RECURSOS ORDINARIOS - RECURSOS NAO VINCULADOS DE IMPOSTOS;711191,99;711191,99;711191,99
9431034;612;2024-07-05 00:00:00;PM CACHOEIRA DA PRATA;25.004.532/0001-28;1301;SEINFRA;SECRETARIA DE ESTADO DE INFRAESTRUTURA, MOBILIDADE E PARCERIAS;42;AUXILIOS;1;AUXILIOS;15;RECURSOS ORDINARIOS - OUTROS RECURSOS NAO VINCULADOS;300000,0;300000,0;300000,0
9431035;611;2024-07-05 00:00:00;PM TUPACIGUARA;18.260.489/0001-04;1301;SEINFRA;SECRETARIA DE ESTADO DE INFRAESTRUTURA, MOBILIDADE E PARCERIAS;42;AUXILIOS;1;AUXILIOS;15;RECURSOS ORDINARIOS - OUTROS RECURSOS NAO VINCULADOS;0,0;0,0;0,0
9431038;24;2024-07-05 00:00:00;PM PEDRO LEOPOLDO;23.456.650/0001-41;1481;SEDESE;SECRETARIA DE ESTADO DE DESENVOLVIMENTO SOCIAL;41;CONTRIBUICOES;1;CONTRIBUICOES;15;RECURSOS ORDINARIOS - OUTROS RECURSOS NAO VINCULADOS;147160,29;147160,29;147160,29
9431040;3913;2024-07-05 00:00:00;PM PEDRAS DE MARIA DA CRUZ;25.209.156/0001-08;1491;SEGOV;SECRETARIA DE ESTADO DE GOVERNO;42;AUXILIOS;1;AUXILIOS;15;RECURSOS ORDINARIOS - OUTROS RECURSOS NAO VINCULADOS;500000,0;500000,0;500000,0
9433586;613;2024-07-05 00:00:00;PM EXTREMA;18.677.591/0001-00;1301;SEINFRA;SECRETARIA DE ESTADO DE INFRAESTRUTURA, MOBILIDADE E PARCERIAS;42;AUXILIOS;1;AUXILIOS;15;RECURSOS ORDINARIOS - OUTROS RECURSOS NAO VINCULADOS;1000000,0;1000000,0;1000000,0
9433587;619;2024-07-05 00:00:00;PM UBA;18.128.207/0001-01;1301;SEINFRA;SECRETARIA DE ESTADO DE INFRAESTRUTURA, MOBILIDADE E PARCERIAS;42;AUXILIOS;1;AUXILIOS;10;RECURSOS ORDINARIOS - RECURSOS NAO VINCULADOS DE IMPOSTOS;0,0;0,0;0,0
9433588;614;2024-07-05 00:00:00;PM MACHADO;18.242.784/0001-20;1301;SEINFRA;SECRETARIA DE ESTADO DE INFRAESTRUTURA, MOBILIDADE E PARCERIAS;42;AUXILIOS;1;AUXILIOS;15;RECURSOS ORDINARIOS - OUTROS RECURSOS NAO VINCULADOS;1000000,0;1000000,0;1000000,0
9433589;616;2024-07-05 00:00:00;PM MATOZINHOS;18.771.238/0001-86;1301;SEINFRA;SECRETARIA DE ESTADO DE INFRAESTRUTURA, MOBILIDADE E PARCERIAS;42;AUXILIOS;1;AUXILIOS;15;RECURSOS ORDINARIOS - OUTROS RECURSOS NAO VINCULADOS;1000000,0;1000000,0;1000000,0
9433590;615;2024-07-05 00:00:00;PM SANTA RITA DO SAPUCAI;18.192.898/0001-02;1301;SEINFRA;SECRETARIA DE ESTADO DE INFRAESTRUTURA, MOBILIDADE E PARCERIAS;42;AUXILIOS;1;AUXILIOS;15;RECURSOS ORDINARIOS - OUTROS RECURSOS NAO VINCULADOS;1000000,0;1000000,0;1000000,0
9433591;618;2024-07-05 00:00:00;PM ARCEBURGO;17.899.717/0001-10;1301;SEINFRA;SECRETARIA DE ESTADO DE INFRAESTRUTURA, MOBILIDADE E PARCERIAS;42;AUXILIOS;1;AUXILIOS;15;RECURSOS ORDINARIOS - OUTROS RECURSOS NAO VINCULADOS;300000,0;300000,0;300000,0
9433592;617;2024-07-05 00:00:00;PM COROMANDEL;18.591.149/0001-58;1301;SEINFRA;SECRETARIA DE ESTADO DE INFRAESTRUTURA, MOBILIDADE E PARCERIAS;42;AUXILIOS;1;AUXILIOS;15;RECURSOS ORDINARIOS - OUTROS RECURSOS NAO VINCULADOS;0,0;0,0;0,0
9434081;463;2024-08-14 00:00:00;UNIVERSIDADE FEDERAL DE LAVRAS;22.078.679/0001-74;2371;IMA;INSTITUTO MINEIRO DE AGROPECUARIA;42;AUXILIOS;1;AUXILIOS;95;RECURSOS RECEBIDOS POR DANOS ADVINDOS DE DESASTRES SOCIOAMBIENTAIS;2590053,85;2590053,85;2590053,85
9437052;4246;2024-08-29 00:00:00;PM CRUCILANDIA;18.313.007/0001-29;4291;FES;FUNDO ESTADUAL DE SAUDE;42;AUXILIOS;1;AUXILIOS;10;RECURSOS ORDINARIOS - RECURSOS NAO VINCULADOS DE IMPOSTOS;2000000,0;2000000,0;2000000,0
9437125;4247;2024-09-02 00:00:00;PM VARZELANDIA;18.017.467/0001-00;4291;FES;FUNDO ESTADUAL DE SAUDE;42;AUXILIOS;1;AUXILIOS;10;RECURSOS ORDINARIOS - RECURSOS NAO VINCULADOS DE IMPOSTOS;1979277,74;1979277,74;1979277,74
9437269;4506;2024-09-13 00:00:00;PM MIRADOURO;17.947.623/0001-79;4291;FES;FUNDO ESTADUAL DE SAUDE;42;AUXILIOS;1;AUXILIOS;10;RECURSOS ORDINARIOS - RECURSOS NAO VINCULADOS DE IMPOSTOS;1469401,58;1469401,58;1469401,58
9437270;4543;2024-09-26 00:00:00;FUNDACAO DE SAUDE DILSON DE QUADROS GODINHO;00.991.591/0001-06;4291;FES;FUNDO ESTADUAL DE SAUDE;42;AUXILIOS;1;AUXILIOS;10;RECURSOS ORDINARIOS - RECURSOS NAO VINCULADOS DE IMPOSTOS;596408,07;596408,07;596408,07
9437355;4341;2024-09-13 00:00:00;PM JEQUITINHONHA;18.083.659/0001-14;4291;FES;FUNDO ESTADUAL DE SAUDE;42;AUXILIOS;1;AUXILIOS;10;RECURSOS ORDINARIOS - RECURSOS NAO VINCULADOS DE IMPOSTOS;1979277,74;1979277,74;1979277,74
9439858;105;2024-11-11 00:00:00;INSTITUTO DH:PROMOCAO, PESQUISA E INTERVENCAO EM DIREITOS HUMANOS E CI;09.583.515/0001-36;1481;SEDESE;SECRETARIA DE ESTADO DE DESENVOLVIMENTO SOCIAL;43;SUBVENCOES SOCIAIS;1;SUBVENCOES SOCIAIS;10;RECURSOS ORDINARIOS - RECURSOS NAO VINCULADOS DE IMPOSTOS;2037188,88;2037188,88;2037188,88
9439858;106;2024-11-11 00:00:00;INSTITUTO DH:PROMOCAO, PESQUISA E INTERVENCAO EM DIREITOS HUMANOS E CI;09.583.515/0001-36;1481;SEDESE;SECRETARIA DE ESTADO DE DESENVOLVIMENTO SOCIAL;42;AUXILIOS;1;AUXILIOS;10;RECURSOS ORDINARIOS - RECURSOS NAO VINCULADOS DE IMPOSTOS;262811,12;262811,12;262811,12
9439858;153;2024-11-29 00:00:00;INSTITUTO DH:PROMOCAO, PESQUISA E INTERVENCAO EM DIREITOS HUMANOS E CI;09.583.515/0001-36;1481;SEDESE;SECRETARIA DE ESTADO DE DESENVOLVIMENTO SOCIAL;43;SUBVENCOES SOCIAIS;1;SUBVENCOES SOCIAIS;24;CONVENIOS COM A UNIAO E SUAS ENTIDADES - EXCETO EMENDAS INDIVIDUAIS E DE BANCADA;700000,0;700000,0;700000,0
9439986;3132;2024-10-09 00:00:00;ASSOCIACAO COMUNITARIA DO MUNICIPIO DE MEDINA;22.692.289/0001-90;1271;SECULT;SECRETARIA DE ESTADO DE CULTURA E TURISMO;41;CONTRIBUICOES;1;CONTRIBUICOES;10;RECURSOS ORDINARIOS - RECURSOS NAO VINCULADOS DE IMPOSTOS;100000,0;100000,0;100000,0
9440598;5234;2024-10-18 00:00:00;PM DIVINOPOLIS;18.291.351/0001-64;4291;FES;FUNDO ESTADUAL DE SAUDE;42;AUXILIOS;1;AUXILIOS;10;RECURSOS ORDINARIOS - RECURSOS NAO VINCULADOS DE IMPOSTOS;1600000,0;1600000,0;1600000,0
9440926;5253;2024-11-04 00:00:00;PM BOCAIUVA;18.803.072/0001-32;4291;FES;FUNDO ESTADUAL DE SAUDE;42;AUXILIOS;1;AUXILIOS;10;RECURSOS ORDINARIOS - RECURSOS NAO VINCULADOS DE IMPOSTOS;2248779,12;2248779,12;2248779,12
9440927;5252;2024-11-04 00:00:00;PM FRANCISCO SA;22.681.423/0001-57;4291;FES;FUNDO ESTADUAL DE SAUDE;42;AUXILIOS;1;AUXILIOS;10;RECURSOS ORDINARIOS - RECURSOS NAO VINCULADOS DE IMPOSTOS;1979277,74;1979277,74;1979277,74
9440928;5251;2024-11-04 00:00:00;PM MIRABELA;18.017.376/0001-74;4291;FES;FUNDO ESTADUAL DE SAUDE;42;AUXILIOS;1;AUXILIOS;10;RECURSOS ORDINARIOS - RECURSOS NAO VINCULADOS DE IMPOSTOS;1979277,74;1979277,74;1979277,74
9440957;3299;2024-11-01 00:00:00;INST.BRAS. DE DESENVOLVIMENTO, INSTITUCIONAL, SOCIAL, AMB. URB. RURAL;01.207.676/0001-13;1271;SECULT;SECRETARIA DE ESTADO DE CULTURA E TURISMO;41;CONTRIBUICOES;1;CONTRIBUICOES;10;RECURSOS ORDINARIOS - RECURSOS NAO VINCULADOS DE IMPOSTOS;150000,0;150000,0;150000,0
9441030;67;2024-11-29 00:00:00;APAC DE ALMENARA;27.969.868/0001-50;1451;SEJUSP;SECRETARIA DE ESTADO DE JUSTICA E SEGURANCA PUBLICA;42;AUXILIOS;1;AUXILIOS;10;RECURSOS ORDINARIOS - RECURSOS NAO VINCULADOS DE IMPOSTOS;10000,0;10000,0;10000,0
9441031;68;2024-11-29 00:00:00;ASSOCIACAO DE PROTECAO E ASSISTENCIA AOS CONDENADOS;20.928.032/0001-69;1451;SEJUSP;SECRETARIA DE ESTADO DE JUSTICA E SEGURANCA PUBLICA;42;AUXILIOS;1;AUXILIOS;10;RECURSOS ORDINARIOS - RECURSOS NAO VINCULADOS DE IMPOSTOS;25000,0;25000,0;25000,0
9441032;69;2024-11-29 00:00:00;ASSOC. DE PROT. E ASSIST. AO CONDENADO DE JANUARIA;08.358.883/0001-18;1451;SEJUSP;SECRETARIA DE ESTADO DE JUSTICA E SEGURANCA PUBLICA;42;AUXILIOS;1;AUXILIOS;10;RECURSOS ORDINARIOS - RECURSOS NAO VINCULADOS DE IMPOSTOS;20000,0;20000,0;20000,0
9441042;3300;2024-11-01 00:00:00;VALEMAIS- INSTITUTO SOCIOCULTURAL DO JEQUITINHONHA;06.036.527/0001-52;1271;SECULT;SECRETARIA DE ESTADO DE CULTURA E TURISMO;41;CONTRIBUICOES;1;CONTRIBUICOES;10;RECURSOS ORDINARIOS - RECURSOS NAO VINCULADOS DE IMPOSTOS;500000,0;500000,0;500000,0
9441765;3325;2024-11-08 00:00:00;PM JEQUITINHONHA;18.083.659/0001-14;1271;SECULT;SECRETARIA DE ESTADO DE CULTURA E TURISMO;41;CONTRIBUICOES;1;CONTRIBUICOES;10;RECURSOS ORDINARIOS - RECURSOS NAO VINCULADOS DE IMPOSTOS;100000,0;100000,0;100000,0
9442004;3336;2024-11-11 00:00:00;PM SERRANOPOLIS DE MINAS;01.612.501/0001-91;1271;SECULT;SECRETARIA DE ESTADO DE CULTURA E TURISMO;41;CONTRIBUICOES;1;CONTRIBUICOES;10;RECURSOS ORDINARIOS - RECURSOS NAO VINCULADOS DE IMPOSTOS;150000,0;150000,0;150000,0
9442127;3359;2024-11-18 00:00:00;PM GUARDA-MOR;18.277.947/0001-00;1271;SECULT;SECRETARIA DE ESTADO DE CULTURA E TURISMO;41;CONTRIBUICOES;1;CONTRIBUICOES;15;RECURSOS ORDINARIOS - OUTROS RECURSOS NAO VINCULADOS;100000,0;100000,0;100000,0
9442481;5306;2024-11-26 00:00:00;PM CONTAGEM;18.715.508/0001-31;4291;FES;FUNDO ESTADUAL DE SAUDE;42;AUXILIOS;1;AUXILIOS;10;RECURSOS ORDINARIOS - RECURSOS NAO VINCULADOS DE IMPOSTOS;1871977,55;1871977,55;1871977,55
9442758;3381;2024-11-22 00:00:00;VALEMAIS- INSTITUTO SOCIOCULTURAL DO JEQUITINHONHA;06.036.527/0001-52;1271;SECULT;SECRETARIA DE ESTADO DE CULTURA E TURISMO;41;CONTRIBUICOES;1;CONTRIBUICOES;10;RECURSOS ORDINARIOS - RECURSOS NAO VINCULADOS DE IMPOSTOS;600000,0;600000,0;600000,0
9442795;112;2024-12-18 00:00:00;CIS VALE DO RIO DOCE;01.311.508/0001-73;4291;FES;FUNDO ESTADUAL DE SAUDE;41;CONTRIBUICOES;1;CONTRIBUICOES;10;RECURSOS ORDINARIOS - RECURSOS NAO VINCULADOS DE IMPOSTOS;68652,95;68652,95;68652,95
9442795;113;2024-12-18 00:00:00;CIS VALE DO RIO DOCE;01.311.508/0001-73;4291;FES;FUNDO ESTADUAL DE SAUDE;42;AUXILIOS;1;AUXILIOS;10;RECURSOS ORDINARIOS - RECURSOS NAO VINCULADOS DE IMPOSTOS;772411,03;772411,03;772411,03
9442815;83;2024-11-28 00:00:00;PM PECANHA;18.409.227/0001-50;1481;SEDESE;SECRETARIA DE ESTADO DE DESENVOLVIMENTO SOCIAL;41;CONTRIBUICOES;1;CONTRIBUICOES;71;RECURSOS DO FUNDO ESTADUAL DE ERRADICACAO DA MISERIA;11714,65;11714,65;11714,65
9442815;85;2024-11-28 00:00:00;PM PECANHA;18.409.227/0001-50;1481;SEDESE;SECRETARIA DE ESTADO DE DESENVOLVIMENTO SOCIAL;42;AUXILIOS;1;AUXILIOS;71;RECURSOS DO FUNDO ESTADUAL DE ERRADICACAO DA MISERIA;48285,35;48285,35;48285,35
9442816;75;2024-11-27 00:00:00;PM PECANHA;18.409.227/0001-50;1481;SEDESE;SECRETARIA DE ESTADO DE DESENVOLVIMENTO SOCIAL;42;AUXILIOS;1;AUXILIOS;10;RECURSOS ORDINARIOS - RECURSOS NAO VINCULADOS DE IMPOSTOS;116933,33;116933,33;116933,33
9442817;68;2024-11-27 00:00:00;PM VERMELHO NOVO;01.620.744/0001-71;1481;SEDESE;SECRETARIA DE ESTADO DE DESENVOLVIMENTO SOCIAL;41;CONTRIBUICOES;1;CONTRIBUICOES;71;RECURSOS DO FUNDO ESTADUAL DE ERRADICACAO DA MISERIA;25436,74;25436,74;25436,74
9442817;93;2024-11-29 00:00:00;PM VERMELHO NOVO;01.620.744/0001-71;1481;SEDESE;SECRETARIA DE ESTADO DE DESENVOLVIMENTO SOCIAL;42;AUXILIOS;1;AUXILIOS;71;RECURSOS DO FUNDO ESTADUAL DE ERRADICACAO DA MISERIA;34563,26;34563,26;34563,26
9442818;79;2024-11-28 00:00:00;PM BUGRE;01.613.126/0001-02;1481;SEDESE;SECRETARIA DE ESTADO DE DESENVOLVIMENTO SOCIAL;41;CONTRIBUICOES;1;CONTRIBUICOES;71;RECURSOS DO FUNDO ESTADUAL DE ERRADICACAO DA MISERIA;19011,64;19011,64;19011,64
9442818;80;2024-11-28 00:00:00;PM BUGRE;01.613.126/0001-02;1481;SEDESE;SECRETARIA DE ESTADO DE DESENVOLVIMENTO SOCIAL;42;AUXILIOS;1;AUXILIOS;71;RECURSOS DO FUNDO ESTADUAL DE ERRADICACAO DA MISERIA;40988,36;40988,36;40988,36
9442819;69;2024-11-27 00:00:00;PM ENTRE FOLHAS;66.229.626/0001-82;1481;SEDESE;SECRETARIA DE ESTADO DE DESENVOLVIMENTO SOCIAL;42;AUXILIOS;1;AUXILIOS;71;RECURSOS DO FUNDO ESTADUAL DE ERRADICACAO DA MISERIA;60000,0;60000,0;60000,0
9442822;70;2024-11-27 00:00:00;PM PIEDADE DE CARATINGA;01.613.130/0001-62;1481;SEDESE;SECRETARIA DE ESTADO DE DESENVOLVIMENTO SOCIAL;41;CONTRIBUICOES;1;CONTRIBUICOES;71;RECURSOS DO FUNDO ESTADUAL DE ERRADICACAO DA MISERIA;23438,04;23438,04;23438,04
9442822;71;2024-11-27 00:00:00;PM PIEDADE DE CARATINGA;01.613.130/0001-62;1481;SEDESE;SECRETARIA DE ESTADO DE DESENVOLVIMENTO SOCIAL;42;AUXILIOS;1;AUXILIOS;71;RECURSOS DO FUNDO ESTADUAL DE ERRADICACAO DA MISERIA;36561,96;36561,96;36561,96
9442832;5315;2024-12-02 00:00:00;PM ITAMBACURI;18.404.855/0001-43;4291;FES;FUNDO ESTADUAL DE SAUDE;42;AUXILIOS;1;AUXILIOS;10;RECURSOS ORDINARIOS - RECURSOS NAO VINCULADOS DE IMPOSTOS;1820822,42;1820822,42;1820822,42
9443003;92;2024-11-28 00:00:00;PM GOVERNADOR VALADARES;20.622.890/0001-80;1481;SEDESE;SECRETARIA DE ESTADO DE DESENVOLVIMENTO SOCIAL;42;AUXILIOS;1;AUXILIOS;71;RECURSOS DO FUNDO ESTADUAL DE ERRADICACAO DA MISERIA;56519,59;56519,59;56519,59
9443396;90;2024-11-28 00:00:00;PM RAUL SOARES;18.836.965/0001-84;1481;SEDESE;SECRETARIA DE ESTADO DE DESENVOLVIMENTO SOCIAL;41;CONTRIBUICOES;1;CONTRIBUICOES;71;RECURSOS DO FUNDO ESTADUAL DE ERRADICACAO DA MISERIA;23294,42;23294,42;23294,42
9443396;91;2024-11-28 00:00:00;PM RAUL SOARES;18.836.965/0001-84;1481;SEDESE;SECRETARIA DE ESTADO DE DESENVOLVIMENTO SOCIAL;42;AUXILIOS;1;AUXILIOS;71;RECURSOS DO FUNDO ESTADUAL DE ERRADICACAO DA MISERIA;36705,58;36705,58;36705,58
9443407;88;2024-11-28 00:00:00;PM RIBEIRAO DAS NEVES;18.314.609/0001-09;1481;SEDESE;SECRETARIA DE ESTADO DE DESENVOLVIMENTO SOCIAL;41;CONTRIBUICOES;1;CONTRIBUICOES;71;RECURSOS DO FUNDO ESTADUAL DE ERRADICACAO DA MISERIA;0,0;0,0;0,0
9443407;89;2024-11-28 00:00:00;PM RIBEIRAO DAS NEVES;18.314.609/0001-09;1481;SEDESE;SECRETARIA DE ESTADO DE DESENVOLVIMENTO SOCIAL;42;AUXILIOS;1;AUXILIOS;71;RECURSOS DO FUNDO ESTADUAL DE ERRADICACAO DA MISERIA;0,0;0,0;0,0
9443407;100;2024-11-29 00:00:00;PM RIBEIRAO DAS NEVES;18.314.609/0001-09;1481;SEDESE;SECRETARIA DE ESTADO DE DESENVOLVIMENTO SOCIAL;41;CONTRIBUICOES;1;CONTRIBUICOES;71;RECURSOS DO FUNDO ESTADUAL DE ERRADICACAO DA MISERIA;4950,0;4950,0;4950,0
9443407;101;2024-11-29 00:00:00;PM RIBEIRAO DAS NEVES;18.314.609/0001-09;1481;SEDESE;SECRETARIA DE ESTADO DE DESENVOLVIMENTO SOCIAL;42;AUXILIOS;1;AUXILIOS;71;RECURSOS DO FUNDO ESTADUAL DE ERRADICACAO DA MISERIA;55050,0;55050,0;55050,0
9443409;102;2024-11-29 00:00:00;PM GONZAGA;18.307.421/0001-25;1481;SEDESE;SECRETARIA DE ESTADO DE DESENVOLVIMENTO SOCIAL;41;CONTRIBUICOES;1;CONTRIBUICOES;71;RECURSOS DO FUNDO ESTADUAL DE ERRADICACAO DA MISERIA;9159,0;9159,0;9159,0
9443409;103;2024-11-29 00:00:00;PM GONZAGA;18.307.421/0001-25;1481;SEDESE;SECRETARIA DE ESTADO DE DESENVOLVIMENTO SOCIAL;42;AUXILIOS;1;AUXILIOS;71;RECURSOS DO FUNDO ESTADUAL DE ERRADICACAO DA MISERIA;50841,0;50841,0;50841,0
9443410;96;2024-11-29 00:00:00;PM JOSE RAYDAN;01.613.072/0001-77;1481;SEDESE;SECRETARIA DE ESTADO DE DESENVOLVIMENTO SOCIAL;41;CONTRIBUICOES;1;CONTRIBUICOES;71;RECURSOS DO FUNDO ESTADUAL DE ERRADICACAO DA MISERIA;15454,36;15454,36;15454,36
9443410;97;2024-11-29 00:00:00;PM JOSE RAYDAN;01.613.072/0001-77;1481;SEDESE;SECRETARIA DE ESTADO DE DESENVOLVIMENTO SOCIAL;42;AUXILIOS;1;AUXILIOS;71;RECURSOS DO FUNDO ESTADUAL DE ERRADICACAO DA MISERIA;44545,64;44545,64;44545,64
9443421;73;2024-11-27 00:00:00;PM ENGENHEIRO CALDAS;18.080.655/0001-82;1481;SEDESE;SECRETARIA DE ESTADO DE DESENVOLVIMENTO SOCIAL;41;CONTRIBUICOES;1;CONTRIBUICOES;71;RECURSOS DO FUNDO ESTADUAL DE ERRADICACAO DA MISERIA;18032,5;18032,5;18032,5
9443421;74;2024-11-27 00:00:00;PM ENGENHEIRO CALDAS;18.080.655/0001-82;1481;SEDESE;SECRETARIA DE ESTADO DE DESENVOLVIMENTO SOCIAL;42;AUXILIOS;1;AUXILIOS;71;RECURSOS DO FUNDO ESTADUAL DE ERRADICACAO DA MISERIA;41967,5;41967,5;41967,5
9443840;507;2024-11-29 00:00:00;INSTITUTO BRASIL IGUALDADE SOCIAL;08.654.457/0001-21;1481;SEDESE;SECRETARIA DE ESTADO DE DESENVOLVIMENTO SOCIAL;43;SUBVENCOES SOCIAIS;1;SUBVENCOES SOCIAIS;59;OUTROS RECURSOS VINCULADOS;296222,96;296222,96;296222,96
9443964;5415;2024-11-29 00:00:00;HOSPITAL SAO VICENTE DE PAULO DE CARBONITA;21.082.433/0001-03;4291;FES;FUNDO ESTADUAL DE SAUDE;42;AUXILIOS;1;AUXILIOS;10;RECURSOS ORDINARIOS - RECURSOS NAO VINCULADOS DE IMPOSTOS;358565,0;358565,0;358565,0
9443998;94;2024-11-29 00:00:00;PM SANTA MARIA DO SUACUI;18.409.219/0001-04;1481;SEDESE;SECRETARIA DE ESTADO DE DESENVOLVIMENTO SOCIAL;41;CONTRIBUICOES;1;CONTRIBUICOES;71;RECURSOS DO FUNDO ESTADUAL DE ERRADICACAO DA MISERIA;10008,25;10008,25;10008,25
9443998;95;2024-11-29 00:00:00;PM SANTA MARIA DO SUACUI;18.409.219/0001-04;1481;SEDESE;SECRETARIA DE ESTADO DE DESENVOLVIMENTO SOCIAL;42;AUXILIOS;1;AUXILIOS;71;RECURSOS DO FUNDO ESTADUAL DE ERRADICACAO DA MISERIA;49991,75;49991,75;49991,75
9444008;82;2024-11-28 00:00:00;PM SAO DOMINGOS DAS DORES;01.613.129/0001-38;1481;SEDESE;SECRETARIA DE ESTADO DE DESENVOLVIMENTO SOCIAL;41;CONTRIBUICOES;1;CONTRIBUICOES;71;RECURSOS DO FUNDO ESTADUAL DE ERRADICACAO DA MISERIA;8098,7;8098,7;8098,7
9444008;84;2024-11-28 00:00:00;PM SAO DOMINGOS DAS DORES;01.613.129/0001-38;1481;SEDESE;SECRETARIA DE ESTADO DE DESENVOLVIMENTO SOCIAL;42;AUXILIOS;1;AUXILIOS;71;RECURSOS DO FUNDO ESTADUAL DE ERRADICACAO DA MISERIA;51824,54;51824,54;51824,54
9444016;72;2024-11-27 00:00:00;PM CARATINGA;18.334.268/0001-25;1481;SEDESE;SECRETARIA DE ESTADO DE DESENVOLVIMENTO SOCIAL;42;AUXILIOS;1;AUXILIOS;71;RECURSOS DO FUNDO ESTADUAL DE ERRADICACAO DA MISERIA;60000,0;60000,0;60000,0
9444020;81;2024-11-28 00:00:00;PM PINGO D'AGUA;01.613.204/0001-60;1481;SEDESE;SECRETARIA DE ESTADO DE DESENVOLVIMENTO SOCIAL;42;AUXILIOS;1;AUXILIOS;71;RECURSOS DO FUNDO ESTADUAL DE ERRADICACAO DA MISERIA;60000,0;60000,0;60000,0
9444023;77;2024-11-28 00:00:00;PM INHAPIM;20.905.865/0001-04;1481;SEDESE;SECRETARIA DE ESTADO DE DESENVOLVIMENTO SOCIAL;42;AUXILIOS;1;AUXILIOS;71;RECURSOS DO FUNDO ESTADUAL DE ERRADICACAO DA MISERIA;60000,0;60000,0;60000,0
9444024;78;2024-11-28 00:00:00;PM BELO HORIZONTE;18.715.383/0001-40;1481;SEDESE;SECRETARIA DE ESTADO DE DESENVOLVIMENTO SOCIAL;42;AUXILIOS;1;AUXILIOS;71;RECURSOS DO FUNDO ESTADUAL DE ERRADICACAO DA MISERIA;55988,98;55988,98;55988,98
9445125;5314;2024-11-29 00:00:00;PM SAO GONCALO DO ABAETE;18.602.086/0001-98;4291;FES;FUNDO ESTADUAL DE SAUDE;42;AUXILIOS;1;AUXILIOS;10;RECURSOS ORDINARIOS - RECURSOS NAO VINCULADOS DE IMPOSTOS;1979277,74;1979277,74;1979277,74
9445129;2;2024-11-28 00:00:00;CENTRO MINEIRO DE ALIANCAS INTERSETORIAIS;08.415.255/0001-27;4091;FIA;FUNDO PARA A INFANCIA E A ADOLESCENCIA;43;SUBVENCOES SOCIAIS;1;SUBVENCOES SOCIAIS;45;DOACOES DE PESSOAS, DE INSTITUICOES PRIVADAS OU DO EXTERIOR A ORGAO E ENTIDADES DO ESTADO;1206958,46;1206958,46;1206958,46
9445136;326;2024-11-28 00:00:00;PM LEOPOLDINA;17.733.643/0001-47;1481;SEDESE;SECRETARIA DE ESTADO DE DESENVOLVIMENTO SOCIAL;42;AUXILIOS;1;AUXILIOS;38;TRANSFERENCIAS DA UNIAO VINCULADAS AO ESPORTE;250000,0;250000,0;250000,0
9445229;1;2024-11-29 00:00:00;PM MATA VERDE;66.234.360/0001-66;4601;FEI;FUNDO ESTADUAL DOS DIREITOS DO IDOSO;41;CONTRIBUICOES;1;CONTRIBUICOES;45;DOACOES DE PESSOAS, DE INSTITUICOES PRIVADAS OU DO EXTERIOR A ORGAO E ENTIDADES DO ESTADO;45000,0;45000,0;45000,0
9445231;25;2024-11-29 00:00:00;PM FORMOSO;18.125.153/0001-20;1481;SEDESE;SECRETARIA DE ESTADO DE DESENVOLVIMENTO SOCIAL;42;AUXILIOS;1;AUXILIOS;10;RECURSOS ORDINARIOS - RECURSOS NAO VINCULADOS DE IMPOSTOS;119884,05;119884,05;119884,05
9445232;98;2024-11-29 00:00:00;PM IPABA;66.229.543/0001-93;1481;SEDESE;SECRETARIA DE ESTADO DE DESENVOLVIMENTO SOCIAL;41;CONTRIBUICOES;1;CONTRIBUICOES;71;RECURSOS DO FUNDO ESTADUAL DE ERRADICACAO DA MISERIA;8486,0;8486,0;8486,0
9445232;99;2024-11-29 00:00:00;PM IPABA;66.229.543/0001-93;1481;SEDESE;SECRETARIA DE ESTADO DE DESENVOLVIMENTO SOCIAL;42;AUXILIOS;1;AUXILIOS;71;RECURSOS DO FUNDO ESTADUAL DE ERRADICACAO DA MISERIA;50236,26;50236,26;50236,26
9445235;508;2024-11-29 00:00:00;PM SAO FRANCISCO;22.679.153/0001-40;1481;SEDESE;SECRETARIA DE ESTADO DE DESENVOLVIMENTO SOCIAL;42;AUXILIOS;1;AUXILIOS;38;TRANSFERENCIAS DA UNIAO VINCULADAS AO ESPORTE;250000,0;250000,0;250000,0
9445236;2;2024-11-29 00:00:00;PM SENHORA DO PORTO;18.307.504/0001-14;4601;FEI;FUNDO ESTADUAL DOS DIREITOS DO IDOSO;41;CONTRIBUICOES;1;CONTRIBUICOES;45;DOACOES DE PESSOAS, DE INSTITUICOES PRIVADAS OU DO EXTERIOR A ORGAO E ENTIDADES DO ESTADO;45000,0;45000,0;45000,0
9445238;5;2024-11-29 00:00:00;PM PATOS DE MINAS;18.602.011/0001-07;4421;FUNDIF;FUNDO ESTADUAL DE DEFESA DE DIREITOS DIFUSOS;42;AUXILIOS;1;AUXILIOS;39;MULTAS PECUNIARIAS E JUROS DE MORA FIXADOS EM SENTENCAS JUDICIAIS;100000,0;100000,0;100000,0
9445240;3;2024-11-29 00:00:00;PM SAO SEBASTIAO DO MARANHAO;18.409.177/0001-01;4601;FEI;FUNDO ESTADUAL DOS DIREITOS DO IDOSO;41;CONTRIBUICOES;1;CONTRIBUICOES;45;DOACOES DE PESSOAS, DE INSTITUICOES PRIVADAS OU DO EXTERIOR A ORGAO E ENTIDADES DO ESTADO;45000,0;45000,0;45000,0
9445241;2;2024-11-29 00:00:00;PM SETE LAGOAS;24.996.969/0001-22;4421;FUNDIF;FUNDO ESTADUAL DE DEFESA DE DIREITOS DIFUSOS;42;AUXILIOS;1;AUXILIOS;39;MULTAS PECUNIARIAS E JUROS DE MORA FIXADOS EM SENTENCAS JUDICIAIS;100000,0;100000,0;100000,0
9445242;4;2024-11-29 00:00:00;PM PIUMHI;16.781.346/0001-04;4421;FUNDIF;FUNDO ESTADUAL DE DEFESA DE DIREITOS DIFUSOS;42;AUXILIOS;1;AUXILIOS;39;MULTAS PECUNIARIAS E JUROS DE MORA FIXADOS EM SENTENCAS JUDICIAIS;100000,0;100000,0;100000,0
9445243;3;2024-11-29 00:00:00;PM SAO FRANCISCO DO GLORIA;18.114.231/0001-91;4421;FUNDIF;FUNDO ESTADUAL DE DEFESA DE DIREITOS DIFUSOS;41;CONTRIBUICOES;1;CONTRIBUICOES;39;MULTAS PECUNIARIAS E JUROS DE MORA FIXADOS EM SENTENCAS JUDICIAIS;170000,0;170000,0;170000,0
9445257;70;2024-11-29 00:00:00;APAC DE BELO HORIZONTE;26.145.510/0001-40;1451;SEJUSP;SECRETARIA DE ESTADO DE JUSTICA E SEGURANCA PUBLICA;42;AUXILIOS;1;AUXILIOS;10;RECURSOS ORDINARIOS - RECURSOS NAO VINCULADOS DE IMPOSTOS;7000,0;7000,0;7000,0
9445588;86;2024-12-13 00:00:00;ASSOC. DE PROT. E ASSIST. AOS CONENADOS DE SANTA LUZIA;05.125.426/0001-95;1451;SEJUSP;SECRETARIA DE ESTADO DE JUSTICA E SEGURANCA PUBLICA;43;SUBVENCOES SOCIAIS;1;SUBVENCOES SOCIAIS;10;RECURSOS ORDINARIOS - RECURSOS NAO VINCULADOS DE IMPOSTOS;965654,7;965654,7;965654,7
9445589;72;2024-12-09 00:00:00;ASSOC. DE PROT. E ASSIST. AOS CONENADOS DE SALINAS;08.112.569/0001-50;1451;SEJUSP;SECRETARIA DE ESTADO DE JUSTICA E SEGURANCA PUBLICA;42;AUXILIOS;1;AUXILIOS;10;RECURSOS ORDINARIOS - RECURSOS NAO VINCULADOS DE IMPOSTOS;20000,0;20000,0;20000,0
9445631;5316;2024-12-09 00:00:00;PM UBA;18.128.207/0001-01;4291;FES;FUNDO ESTADUAL DE SAUDE;42;AUXILIOS;1;AUXILIOS;10;RECURSOS ORDINARIOS - RECURSOS NAO VINCULADOS DE IMPOSTOS;2055737,5;2055737,5;2055737,5
9445634;5685;2024-12-09 00:00:00;SANTA CASA DE MISERICORDIA DE SAO SEBASTIAO DO PARAISO;24.899.395/0001-74;4291;FES;FUNDO ESTADUAL DE SAUDE;42;AUXILIOS;1;AUXILIOS;10;RECURSOS ORDINARIOS - RECURSOS NAO VINCULADOS DE IMPOSTOS;1325000,0;1325000,0;1325000,0
9445635;5686;2024-12-09 00:00:00;PM MONTES CLAROS;22.678.874/0001-35;4291;FES;FUNDO ESTADUAL DE SAUDE;42;AUXILIOS;1;AUXILIOS;10;RECURSOS ORDINARIOS - RECURSOS NAO VINCULADOS DE IMPOSTOS;5004793,76;5004793,76;5004793,76
9445670;71;2024-12-09 00:00:00;APAC DE VARGINHA;20.392.940/0001-80;1451;SEJUSP;SECRETARIA DE ESTADO DE JUSTICA E SEGURANCA PUBLICA;42;AUXILIOS;1;AUXILIOS;10;RECURSOS ORDINARIOS - RECURSOS NAO VINCULADOS DE IMPOSTOS;15000,0;15000,0;15000,0
9445671;73;2024-12-09 00:00:00;APAC DE POUSO ALEGRE FEMININO;34.843.762/0001-71;1451;SEJUSP;SECRETARIA DE ESTADO DE JUSTICA E SEGURANCA PUBLICA;42;AUXILIOS;1;AUXILIOS;10;RECURSOS ORDINARIOS - RECURSOS NAO VINCULADOS DE IMPOSTOS;18000,0;18000,0;18000,0
9445680;130;2024-12-06 00:00:00;ESQUADRAO DA VIDA DE MONTES CLAROS;25.224.130/0002-10;1451;SEJUSP;SECRETARIA DE ESTADO DE JUSTICA E SEGURANCA PUBLICA;42;AUXILIOS;1;AUXILIOS;10;RECURSOS ORDINARIOS - RECURSOS NAO VINCULADOS DE IMPOSTOS;182000,0;182000,0;182000,0
9445696;74;2024-12-09 00:00:00;ASSOC. DE PROT. E ASSIST. AO CONDENADO DE ARCOS;05.131.480/0001-43;1451;SEJUSP;SECRETARIA DE ESTADO DE JUSTICA E SEGURANCA PUBLICA;42;AUXILIOS;1;AUXILIOS;10;RECURSOS ORDINARIOS - RECURSOS NAO VINCULADOS DE IMPOSTOS;70000,0;70000,0;70000,0
9445749;104;2024-12-12 00:00:00;PM MESQUITA;17.112.061/0001-43;1481;SEDESE;SECRETARIA DE ESTADO DE DESENVOLVIMENTO SOCIAL;42;AUXILIOS;1;AUXILIOS;71;RECURSOS DO FUNDO ESTADUAL DE ERRADICACAO DA MISERIA;60000,0;60000,0;60000,0
9445756;75;2024-12-09 00:00:00;ASSOC. DE PROT. E ASSIST. AOS CONENADOS DE TEOFILO OTONI;06.947.893/0001-63;1451;SEJUSP;SECRETARIA DE ESTADO DE JUSTICA E SEGURANCA PUBLICA;42;AUXILIOS;1;AUXILIOS;10;RECURSOS ORDINARIOS - RECURSOS NAO VINCULADOS DE IMPOSTOS;76000,0;76000,0;76000,0
9445770;76;2024-12-10 00:00:00;ASSOC. DE PROT. E ASSIST. AO CONDENADO DE INHAPIM;06.931.578/0001-48;1451;SEJUSP;SECRETARIA DE ESTADO DE JUSTICA E SEGURANCA PUBLICA;42;AUXILIOS;1;AUXILIOS;10;RECURSOS ORDINARIOS - RECURSOS NAO VINCULADOS DE IMPOSTOS;110000,0;110000,0;110000,0
9445771;77;2024-12-10 00:00:00;APAC ITABIRITO;07.329.062/0001-90;1451;SEJUSP;SECRETARIA DE ESTADO DE JUSTICA E SEGURANCA PUBLICA;42;AUXILIOS;1;AUXILIOS;10;RECURSOS ORDINARIOS - RECURSOS NAO VINCULADOS DE IMPOSTOS;70000,0;70000,0;70000,0
9445772;78;2024-12-10 00:00:00;ASSOC. DE PROT. E ASSIST. AO CONDENADO DE PEDRA AZUL;10.867.575/0001-60;1451;SEJUSP;SECRETARIA DE ESTADO DE JUSTICA E SEGURANCA PUBLICA;42;AUXILIOS;1;AUXILIOS;10;RECURSOS ORDINARIOS - RECURSOS NAO VINCULADOS DE IMPOSTOS;0,0;0,0;0,0
9445772;81;2024-12-13 00:00:00;ASSOC. DE PROT. E ASSIST. AO CONDENADO DE PEDRA AZUL;10.867.575/0001-60;1451;SEJUSP;SECRETARIA DE ESTADO DE JUSTICA E SEGURANCA PUBLICA;42;AUXILIOS;1;AUXILIOS;10;RECURSOS ORDINARIOS - RECURSOS NAO VINCULADOS DE IMPOSTOS;90000,0;90000,0;90000,0
9445783;79;2024-12-10 00:00:00;ASSOC. DE PROT. E ASSIST. AOS CONENADOS DE VICOSA;06.199.788/0001-93;1451;SEJUSP;SECRETARIA DE ESTADO DE JUSTICA E SEGURANCA PUBLICA;42;AUXILIOS;1;AUXILIOS;10;RECURSOS ORDINARIOS - RECURSOS NAO VINCULADOS DE IMPOSTOS;0,0;0,0;0,0
9445783;80;2024-12-13 00:00:00;ASSOC. DE PROT. E ASSIST. AOS CONENADOS DE VICOSA;06.199.788/0001-93;1451;SEJUSP;SECRETARIA DE ESTADO DE JUSTICA E SEGURANCA PUBLICA;42;AUXILIOS;1;AUXILIOS;10;RECURSOS ORDINARIOS - RECURSOS NAO VINCULADOS DE IMPOSTOS;60000,0;60000,0;60000,0
9445785;3893;2024-12-12 00:00:00;PM SERRA DOS AIMORES;18.398.966/0001-94;1261;SEE;SECRETARIA DE ESTADO DE EDUCACAO;42;AUXILIOS;1;AUXILIOS;10;RECURSOS ORDINARIOS - RECURSOS NAO VINCULADOS DE IMPOSTOS;2750000,0;2750000,0;0,0
9445786;3892;2024-12-12 00:00:00;PM SERRA DOS AIMORES;18.398.966/0001-94;1261;SEE;SECRETARIA DE ESTADO DE EDUCACAO;42;AUXILIOS;1;AUXILIOS;10;RECURSOS ORDINARIOS - RECURSOS NAO VINCULADOS DE IMPOSTOS;751583,43;751583,43;0,0
9445788;3894;2024-12-12 00:00:00;PM SERRA DOS AIMORES;18.398.966/0001-94;1261;SEE;SECRETARIA DE ESTADO DE EDUCACAO;42;AUXILIOS;1;AUXILIOS;10;RECURSOS ORDINARIOS - RECURSOS NAO VINCULADOS DE IMPOSTOS;150000,0;150000,0;0,0
9445789;2564;2024-12-11 00:00:00;PM CAMPOS GERAIS;18.245.175/0001-24;1261;SEE;SECRETARIA DE ESTADO DE EDUCACAO;42;AUXILIOS;1;AUXILIOS;10;RECURSOS ORDINARIOS - RECURSOS NAO VINCULADOS DE IMPOSTOS;1046920,19;1046920,19;1046920,19
9445815;2394;2024-12-12 00:00:00;PM SANTANA DE PIRAPAMA;18.116.178/0001-68;1261;SEE;SECRETARIA DE ESTADO DE EDUCACAO;42;AUXILIOS;1;AUXILIOS;10;RECURSOS ORDINARIOS - RECURSOS NAO VINCULADOS DE IMPOSTOS;724720,74;724720,74;724720,74
9445829;83;2024-12-13 00:00:00;APAC DE NEPOMUCENO;33.266.010/0001-22;1451;SEJUSP;SECRETARIA DE ESTADO DE JUSTICA E SEGURANCA PUBLICA;42;AUXILIOS;1;AUXILIOS;10;RECURSOS ORDINARIOS - RECURSOS NAO VINCULADOS DE IMPOSTOS;80000,0;80000,0;80000,0
9445880;82;2024-12-13 00:00:00;ASSOC. DE PROT. E ASSIST. A CONDENADA DE CONS. LAFAIETE FEM.;26.397.050/0001-48;1451;SEJUSP;SECRETARIA DE ESTADO DE JUSTICA E SEGURANCA PUBLICA;42;AUXILIOS;1;AUXILIOS;10;RECURSOS ORDINARIOS - RECURSOS NAO VINCULADOS DE IMPOSTOS;22000,0;22000,0;22000,0
9445911;84;2024-12-13 00:00:00;ASSOC. DE PROT. E ASSIST. AOS CONENADOS DE RIO PIRACICABA;09.420.397/0001-45;1451;SEJUSP;SECRETARIA DE ESTADO DE JUSTICA E SEGURANCA PUBLICA;42;AUXILIOS;1;AUXILIOS;10;RECURSOS ORDINARIOS - RECURSOS NAO VINCULADOS DE IMPOSTOS;36000,0;36000,0;36000,0
9445912;85;2024-12-13 00:00:00;FRATERNIDADE BRASILEIRA DE ASSISTENCIA AOS CONDENADOS;01.528.418/0001-39;1451;SEJUSP;SECRETARIA DE ESTADO DE JUSTICA E SEGURANCA PUBLICA;42;AUXILIOS;1;AUXILIOS;10;RECURSOS ORDINARIOS - RECURSOS NAO VINCULADOS DE IMPOSTOS;100000,0;100000,0;100000,0
9445966;824;2024-12-18 00:00:00;CONSORCIO INTERMUNICIPAL MULTIS;19.738.706/0001-83;1371;SEMAD;SECRETARIA DE ESTADO DE MEIO AMBIENTE E DESENVOLVIMENTO SUSTENTAVEL;41;CONTRIBUICOES;1;CONTRIBUICOES;10;RECURSOS ORDINARIOS - RECURSOS NAO VINCULADOS DE IMPOSTOS;200000,0;200000,0;200000,0
9445983;4046;2024-12-13 00:00:00;PM SERRA DOS AIMORES;18.398.966/0001-94;1261;SEE;SECRETARIA DE ESTADO DE EDUCACAO;42;AUXILIOS;1;AUXILIOS;10;RECURSOS ORDINARIOS - RECURSOS NAO VINCULADOS DE IMPOSTOS;920000,0;920000,0;0,0
9445986;540;2024-12-13 00:00:00;PM CATAGUASES;17.702.499/0001-81;1481;SEDESE;SECRETARIA DE ESTADO DE DESENVOLVIMENTO SOCIAL;42;AUXILIOS;1;AUXILIOS;38;TRANSFERENCIAS DA UNIAO VINCULADAS AO ESPORTE;250000,0;250000,0;250000,0
9445989;539;2024-12-13 00:00:00;PM MUZAMBINHO;18.668.624/0001-47;1481;SEDESE;SECRETARIA DE ESTADO DE DESENVOLVIMENTO SOCIAL;42;AUXILIOS;1;AUXILIOS;38;TRANSFERENCIAS DA UNIAO VINCULADAS AO ESPORTE;250000,0;250000,0;250000,0
9446012;87;2024-12-16 00:00:00;ASSOC. DE PROT. E ASSIST. AOS CONENADOS DE SANTA BARBARA;05.134.204/0001-39;1451;SEJUSP;SECRETARIA DE ESTADO DE JUSTICA E SEGURANCA PUBLICA;42;AUXILIOS;1;AUXILIOS;10;RECURSOS ORDINARIOS - RECURSOS NAO VINCULADOS DE IMPOSTOS;15000,0;15000,0;0,0
9446016;377;2024-12-18 00:00:00;ASSOCIACAO EFA DE CARAI, CATUJI, ITAIPE E LADAINHA;11.562.703/0001-20;1261;SEE;SECRETARIA DE ESTADO DE EDUCACAO;43;SUBVENCOES SOCIAIS;1;SUBVENCOES SOCIAIS;21;COTA ESTADUAL DO SALARIO EDUCACAO - QESE;59200,0;59200,0;59200,0
9446017;378;2024-12-18 00:00:00;AEFA DE CRUZILIA;05.586.859/0001-48;1261;SEE;SECRETARIA DE ESTADO DE EDUCACAO;43;SUBVENCOES SOCIAIS;1;SUBVENCOES SOCIAIS;21;COTA ESTADUAL DO SALARIO EDUCACAO - QESE;68832,0;68832,0;68832,0
9446018;379;2024-12-18 00:00:00;ASSOCIACAO REGIONAL ESCOLA FAMILIA AGRICOLA MARGARIDA ALVES;09.604.761/0001-27;1261;SEE;SECRETARIA DE ESTADO DE EDUCACAO;43;SUBVENCOES SOCIAIS;1;SUBVENCOES SOCIAIS;21;COTA ESTADUAL DO SALARIO EDUCACAO - QESE;32800,0;32800,0;32800,0
9446019;380;2024-12-18 00:00:00;ASSOCIACAO ESCOLA FAMILIA AGRICOLA DO MEDIO E BAIXO JEQUITINHONHA;03.593.777/0001-03;1261;SEE;SECRETARIA DE ESTADO DE EDUCACAO;43;SUBVENCOES SOCIAIS;1;SUBVENCOES SOCIAIS;21;COTA ESTADUAL DO SALARIO EDUCACAO - QESE;105600,0;105600,0;105600,0
9446020;381;2024-12-18 00:00:00;ASS. COMUN. DE DESEL. EDUC. FAMILIAR E AGROP. DE VEREDINHA;05.743.998/0001-38;1261;SEE;SECRETARIA DE ESTADO DE EDUCACAO;43;SUBVENCOES SOCIAIS;1;SUBVENCOES SOCIAIS;21;COTA ESTADUAL DO SALARIO EDUCACAO - QESE;71200,0;71200,0;71200,0
9446022;382;2024-12-18 00:00:00;ASSOC ESC FAMILIA AGRICOLA BAIXO MUCURI;28.963.034/0001-09;1261;SEE;SECRETARIA DE ESTADO DE EDUCACAO;43;SUBVENCOES SOCIAIS;1;SUBVENCOES SOCIAIS;21;COTA ESTADUAL DO SALARIO EDUCACAO - QESE;116800,0;116800,0;116800,0
9446023;383;2024-12-18 00:00:00;ASSOCIACAO ESCOLA FAMILIA AGRICOLA DE NATALANDIA;07.395.381/0001-02;1261;SEE;SECRETARIA DE ESTADO DE EDUCACAO;43;SUBVENCOES SOCIAIS;1;SUBVENCOES SOCIAIS;21;COTA ESTADUAL DO SALARIO EDUCACAO - QESE;358336,0;358336,0;358336,0
9446024;384;2024-12-18 00:00:00;ASSOCIACAO ESCOLA FAMILIA AGRICOLA DO ALTO DO RIO PARDO;13.234.016/0001-00;1261;SEE;SECRETARIA DE ESTADO DE EDUCACAO;43;SUBVENCOES SOCIAIS;1;SUBVENCOES SOCIAIS;21;COTA ESTADUAL DO SALARIO EDUCACAO - QESE;64000,0;64000,0;64000,0
9446025;385;2024-12-18 00:00:00;AEFA PAULO FREIRE;05.527.283/0001-48;1261;SEE;SECRETARIA DE ESTADO DE EDUCACAO;43;SUBVENCOES SOCIAIS;1;SUBVENCOES SOCIAIS;21;COTA ESTADUAL DO SALARIO EDUCACAO - QESE;33280,0;33280,0;33280,0
9446026;998;2024-12-17 00:00:00;PM RIO ACIMA;18.312.108/0001-85;1261;SEE;SECRETARIA DE ESTADO DE EDUCACAO;42;AUXILIOS;1;AUXILIOS;10;RECURSOS ORDINARIOS - RECURSOS NAO VINCULADOS DE IMPOSTOS;100000,0;100000,0;100000,0
9446027;997;2024-12-17 00:00:00;PM IPATINGA;19.876.424/0001-42;1261;SEE;SECRETARIA DE ESTADO DE EDUCACAO;42;AUXILIOS;1;AUXILIOS;10;RECURSOS ORDINARIOS - RECURSOS NAO VINCULADOS DE IMPOSTOS;427000,0;427000,0;427000,0
9446030;999;2024-12-17 00:00:00;PM SANTANA DA VARGEM;18.245.183/0001-70;1261;SEE;SECRETARIA DE ESTADO DE EDUCACAO;42;AUXILIOS;1;AUXILIOS;10;RECURSOS ORDINARIOS - RECURSOS NAO VINCULADOS DE IMPOSTOS;100000,0;100000,0;100000,0
9446031;1000;2024-12-17 00:00:00;PM SANTA MARIA DO SUACUI;18.409.219/0001-04;1261;SEE;SECRETARIA DE ESTADO DE EDUCACAO;42;AUXILIOS;1;AUXILIOS;10;RECURSOS ORDINARIOS - RECURSOS NAO VINCULADOS DE IMPOSTOS;100000,0;100000,0;100000,0
9446032;1001;2024-12-17 00:00:00;PM DIAMANTINA;17.754.136/0001-90;1261;SEE;SECRETARIA DE ESTADO DE EDUCACAO;42;AUXILIOS;1;AUXILIOS;10;RECURSOS ORDINARIOS - RECURSOS NAO VINCULADOS DE IMPOSTOS;595347,22;595347,22;595347,22
9446033;1005;2024-12-17 00:00:00;PM MATEUS LEME;18.715.433/0001-99;1261;SEE;SECRETARIA DE ESTADO DE EDUCACAO;42;AUXILIOS;1;AUXILIOS;10;RECURSOS ORDINARIOS - RECURSOS NAO VINCULADOS DE IMPOSTOS;711191,99;711191,99;0,0
9446034;1006;2024-12-17 00:00:00;PM ITAMARANDIBA;16.886.871/0001-94;1261;SEE;SECRETARIA DE ESTADO DE EDUCACAO;42;AUXILIOS;1;AUXILIOS;10;RECURSOS ORDINARIOS - RECURSOS NAO VINCULADOS DE IMPOSTOS;939434,27;939434,27;939434,27
9446035;1002;2024-12-17 00:00:00;PM SAO JOAO DE MANTENINHA;22.705.248/0001-90;1261;SEE;SECRETARIA DE ESTADO DE EDUCACAO;42;AUXILIOS;1;AUXILIOS;10;RECURSOS ORDINARIOS - RECURSOS NAO VINCULADOS DE IMPOSTOS;175416,26;175416,26;175416,26
9446036;1004;2024-12-17 00:00:00;PM LAGOA DOS PATOS;16.901.381/0001-10;1261;SEE;SECRETARIA DE ESTADO DE EDUCACAO;42;AUXILIOS;1;AUXILIOS;10;RECURSOS ORDINARIOS - RECURSOS NAO VINCULADOS DE IMPOSTOS;635127,6;635127,6;635127,6
9446037;1003;2024-12-17 00:00:00;PM COMENDADOR GOMES;18.449.173/0001-57;1261;SEE;SECRETARIA DE ESTADO DE EDUCACAO;42;AUXILIOS;1;AUXILIOS;10;RECURSOS ORDINARIOS - RECURSOS NAO VINCULADOS DE IMPOSTOS;249340,97;249340,97;0,0
9446064;374;2024-12-18 00:00:00;ASSOCIACAO ESCOLA FAMILIA AGROECOLOGICA DE ARACUAI;02.653.355/0001-05;1261;SEE;SECRETARIA DE ESTADO DE EDUCACAO;43;SUBVENCOES SOCIAIS;1;SUBVENCOES SOCIAIS;21;COTA ESTADUAL DO SALARIO EDUCACAO - QESE;61600,0;61600,0;61600,0
9446065;375;2024-12-18 00:00:00;ASSOCIACAO ESCOLA FAMILIA AGRICOLA DE JACARE;00.853.943/0001-67;1261;SEE;SECRETARIA DE ESTADO DE EDUCACAO;43;SUBVENCOES SOCIAIS;1;SUBVENCOES SOCIAIS;21;COTA ESTADUAL DO SALARIO EDUCACAO - QESE;17207,05;17207,05;17207,05
9446066;5722;2024-12-19 00:00:00;SANTA CASA DE MISERICORDIA DE BELO HORIZONTE;17.209.891/0001-93;4291;FES;FUNDO ESTADUAL DE SAUDE;42;AUXILIOS;1;AUXILIOS;10;RECURSOS ORDINARIOS - RECURSOS NAO VINCULADOS DE IMPOSTOS;1121158,98;1121158,98;1121158,98
9446067;376;2024-12-18 00:00:00;ASSOCIACA ESCOLA FAMILIA AGRICOLA PURIS DE ARAPONGA;01.529.208/0001-65;1261;SEE;SECRETARIA DE ESTADO DE EDUCACAO;43;SUBVENCOES SOCIAIS;1;SUBVENCOES SOCIAIS;21;COTA ESTADUAL DO SALARIO EDUCACAO - QESE;31200,0;31200,0;31200,0
9446068;996;2024-12-17 00:00:00;PM SARZEDO;01.612.509/0001-58;1261;SEE;SECRETARIA DE ESTADO DE EDUCACAO;42;AUXILIOS;1;AUXILIOS;10;RECURSOS ORDINARIOS - RECURSOS NAO VINCULADOS DE IMPOSTOS;745000,0;745000,0;745000,0
9446093;6190;2024-12-19 00:00:00;PM CAXAMBU;18.008.870/0001-72;4291;FES;FUNDO ESTADUAL DE SAUDE;42;AUXILIOS;1;AUXILIOS;10;RECURSOS ORDINARIOS - RECURSOS NAO VINCULADOS DE IMPOSTOS;1966469,81;1966469,81;1966469,81
9447029;373;2024-12-18 00:00:00;ASSOCIACAO ESCOLA FAMILIA AGRICOLA DE JEQUERI;03.998.794/0001-12;1261;SEE;SECRETARIA DE ESTADO DE EDUCACAO;43;SUBVENCOES SOCIAIS;1;SUBVENCOES SOCIAIS;21;COTA ESTADUAL DO SALARIO EDUCACAO - QESE;19072,0;19072,0;19072,0
9447033;6191;2024-12-20 00:00:00;PM MONTES CLAROS;22.678.874/0001-35;4291;FES;FUNDO ESTADUAL DE SAUDE;42;AUXILIOS;1;AUXILIOS;10;RECURSOS ORDINARIOS - RECURSOS NAO VINCULADOS DE IMPOSTOS;4042950,59;4042950,59;4042950,59
9447068;405;2024-12-26 00:00:00;PM SAO TOMAS DE AQUINO;18.241.364/0001-29;1231;SEAPA;SECRETARIA DE ESTADO DE AGRICULTURA, PECUARIA E ABASTECIMENTO;41;CONTRIBUICOES;1;CONTRIBUICOES;15;RECURSOS ORDINARIOS - OUTROS RECURSOS NAO VINCULADOS;500000,0;500000,0;500000,0
9447069;403;2024-12-26 00:00:00;PM MATHIAS LOBATO;18.332.619/0001-69;1231;SEAPA;SECRETARIA DE ESTADO DE AGRICULTURA, PECUARIA E ABASTECIMENTO;41;CONTRIBUICOES;1;CONTRIBUICOES;15;RECURSOS ORDINARIOS - OUTROS RECURSOS NAO VINCULADOS;1450000,0;1450000,0;0,0
9447071;404;2024-12-26 00:00:00;PM MATHIAS LOBATO;18.332.619/0001-69;1231;SEAPA;SECRETARIA DE ESTADO DE AGRICULTURA, PECUARIA E ABASTECIMENTO;41;CONTRIBUICOES;1;CONTRIBUICOES;15;RECURSOS ORDINARIOS - OUTROS RECURSOS NAO VINCULADOS;2000000,0;2000000,0;0,0
9447081;547;2024-12-19 00:00:00;PM FRUTAL;18.449.132/0001-60;1481;SEDESE;SECRETARIA DE ESTADO DE DESENVOLVIMENTO SOCIAL;42;AUXILIOS;1;AUXILIOS;38;TRANSFERENCIAS DA UNIAO VINCULADAS AO ESPORTE;250000,0;250000,0;250000,0
9447083;89;2024-12-19 00:00:00;ASSOC. DE PROT. E ASSIST. AO CONDENADO DE GOVERNADOR VALDARES;07.828.198/0001-45;1451;SEJUSP;SECRETARIA DE ESTADO DE JUSTICA E SEGURANCA PUBLICA;42;AUXILIOS;1;AUXILIOS;10;RECURSOS ORDINARIOS - RECURSOS NAO VINCULADOS DE IMPOSTOS;60000,0;60000,0;0,0
9447084;88;2024-12-19 00:00:00;ASSOC. DE PROT. E ASSIST. AOS CONENADOS DE S. J. DEL REI FEM.;21.325.027/0001-24;1451;SEJUSP;SECRETARIA DE ESTADO DE JUSTICA E SEGURANCA PUBLICA;42;AUXILIOS;1;AUXILIOS;10;RECURSOS ORDINARIOS - RECURSOS NAO VINCULADOS DE IMPOSTOS;25000,0;25000,0;25000,0
9447085;90;2024-12-19 00:00:00;ASSOCIACAO DE PROTECAO E ASSISTENCIA AOS CONDENADOS - FRUTAL/MG;07.409.988/0001-96;1451;SEJUSP;SECRETARIA DE ESTADO DE JUSTICA E SEGURANCA PUBLICA;42;AUXILIOS;1;AUXILIOS;10;RECURSOS ORDINARIOS - RECURSOS NAO VINCULADOS DE IMPOSTOS;21000,0;21000,0;21000,0
9447089;546;2024-12-19 00:00:00;PM PEDRINOPOLIS;18.140.335/0001-70;1481;SEDESE;SECRETARIA DE ESTADO DE DESENVOLVIMENTO SOCIAL;42;AUXILIOS;1;AUXILIOS;38;TRANSFERENCIAS DA UNIAO VINCULADAS AO ESPORTE;250000,0;250000,0;250000,0
9447136;5724;2024-12-26 00:00:00;PM BARBACENA;17.095.043/0001-09;4291;FES;FUNDO ESTADUAL DE SAUDE;42;AUXILIOS;1;AUXILIOS;10;RECURSOS ORDINARIOS - RECURSOS NAO VINCULADOS DE IMPOSTOS;5732704,96;5732704,96;5732704,96
9447145;3461;2024-12-26 00:00:00;PM ITAMARANDIBA;16.886.871/0001-94;1261;SEE;SECRETARIA DE ESTADO DE EDUCACAO;42;AUXILIOS;1;AUXILIOS;10;RECURSOS ORDINARIOS - RECURSOS NAO VINCULADOS DE IMPOSTOS;4500000,0;4500000,0;4500000,0
9447148;3;2024-12-20 00:00:00;FUNDACAO DOM CABRAL;19.268.267/0001-92;4091;FIA;FUNDO PARA A INFANCIA E A ADOLESCENCIA;43;SUBVENCOES SOCIAIS;1;SUBVENCOES SOCIAIS;45;DOACOES DE PESSOAS, DE INSTITUICOES PRIVADAS OU DO EXTERIOR A ORGAO E ENTIDADES DO ESTADO;539698,43;539698,43;539698,43
9447221;826;2024-12-23 00:00:00;PM ITAOBIM;18.414.573/0001-27;1371;SEMAD;SECRETARIA DE ESTADO DE MEIO AMBIENTE E DESENVOLVIMENTO SUSTENTAVEL;41;CONTRIBUICOES;1;CONTRIBUICOES;10;RECURSOS ORDINARIOS - RECURSOS NAO VINCULADOS DE IMPOSTOS;200000,0;200000,0;200000,0
9447222;3454;2024-12-26 00:00:00;UNIVERSIDADE FEDERAL DO TRIANGULO MINEIRO;25.437.484/0001-61;1271;SECULT;SECRETARIA DE ESTADO DE CULTURA E TURISMO;41;CONTRIBUICOES;1;CONTRIBUICOES;10;RECURSOS ORDINARIOS - RECURSOS NAO VINCULADOS DE IMPOSTOS;200000,0;200000,0;200000,0
9447222;3455;2024-12-26 00:00:00;UNIVERSIDADE FEDERAL DO TRIANGULO MINEIRO;25.437.484/0001-61;1271;SECULT;SECRETARIA DE ESTADO DE CULTURA E TURISMO;42;AUXILIOS;1;AUXILIOS;10;RECURSOS ORDINARIOS - RECURSOS NAO VINCULADOS DE IMPOSTOS;50000,0;50000,0;50000,0
9447275;1022;2024-12-27 00:00:00;PM GRAO MOGOL;20.716.627/0001-50;1261;SEE;SECRETARIA DE ESTADO DE EDUCACAO;42;AUXILIOS;1;AUXILIOS;10;RECURSOS ORDINARIOS - RECURSOS NAO VINCULADOS DE IMPOSTOS;774766,69;774766,69;0,0
9447277;1019;2024-12-27 00:00:00;PM SAO ROMAO;24.891.418/0001-02;1261;SEE;SECRETARIA DE ESTADO DE EDUCACAO;42;AUXILIOS;1;AUXILIOS;10;RECURSOS ORDINARIOS - RECURSOS NAO VINCULADOS DE IMPOSTOS;300000,0;300000,0;0,0
9447278;1021;2024-12-27 00:00:00;PM FREI GASPAR;18.404.913/0001-39;1261;SEE;SECRETARIA DE ESTADO DE EDUCACAO;42;AUXILIOS;1;AUXILIOS;10;RECURSOS ORDINARIOS - RECURSOS NAO VINCULADOS DE IMPOSTOS;711191,99;711191,99;0,0
9447279;1023;2024-12-27 00:00:00;PM CAREACU;17.935.388/0001-15;1261;SEE;SECRETARIA DE ESTADO DE EDUCACAO;42;AUXILIOS;1;AUXILIOS;10;RECURSOS ORDINARIOS - RECURSOS NAO VINCULADOS DE IMPOSTOS;3012564,37;3012564,37;0,0
9447280;1016;2024-12-27 00:00:00;PM BOCAINA DE MINAS;18.194.076/0001-60;1261;SEE;SECRETARIA DE ESTADO DE EDUCACAO;42;AUXILIOS;1;AUXILIOS;10;RECURSOS ORDINARIOS - RECURSOS NAO VINCULADOS DE IMPOSTOS;635127,6;635127,6;0,0
9447282;1017;2024-12-27 00:00:00;PM BRAS PIRES;18.128.272/0001-37;1261;SEE;SECRETARIA DE ESTADO DE EDUCACAO;42;AUXILIOS;1;AUXILIOS;10;RECURSOS ORDINARIOS - RECURSOS NAO VINCULADOS DE IMPOSTOS;427000,0;427000,0;0,0
9447283;1018;2024-12-27 00:00:00;PM BELMIRO BRAGA;18.338.129/0001-70;1261;SEE;SECRETARIA DE ESTADO DE EDUCACAO;42;AUXILIOS;1;AUXILIOS;10;RECURSOS ORDINARIOS - RECURSOS NAO VINCULADOS DE IMPOSTOS;556800,0;556800,0;0,0
9447284;1020;2024-12-27 00:00:00;PM BOM JARDIM DE MINAS;18.684.217/0001-23;1261;SEE;SECRETARIA DE ESTADO DE EDUCACAO;42;AUXILIOS;1;AUXILIOS;10;RECURSOS ORDINARIOS - RECURSOS NAO VINCULADOS DE IMPOSTOS;250000,0;250000,0;0,0
9447285;396;2024-12-27 00:00:00;ASSOCIACAO EFA OESTE DO MUCURI;11.211.251/0001-31;1261;SEE;SECRETARIA DE ESTADO DE EDUCACAO;43;SUBVENCOES SOCIAIS;1;SUBVENCOES SOCIAIS;21;COTA ESTADUAL DO SALARIO EDUCACAO - QESE;62400,0;62400,0;0,0
9447290;27;2024-12-26 00:00:00;PM RIO PARDO DE MINAS;24.212.862/0001-46;1481;SEDESE;SECRETARIA DE ESTADO DE DESENVOLVIMENTO SOCIAL;42;AUXILIOS;1;AUXILIOS;15;RECURSOS ORDINARIOS - OUTROS RECURSOS NAO VINCULADOS;400000,0;400000,0;0,0
9447294;876;2024-12-26 00:00:00;PM VARJAO DE MINAS;01.609.780/0001-34;1301;SEINFRA;SECRETARIA DE ESTADO DE INFRAESTRUTURA, MOBILIDADE E PARCERIAS;42;AUXILIOS;1;AUXILIOS;10;RECURSOS ORDINARIOS - RECURSOS NAO VINCULADOS DE IMPOSTOS;0,0;0,0;0,0
9447295;26;2024-12-26 00:00:00;PM CATAGUASES;17.702.499/0001-81;1481;SEDESE;SECRETARIA DE ESTADO DE DESENVOLVIMENTO SOCIAL;42;AUXILIOS;1;AUXILIOS;15;RECURSOS ORDINARIOS - OUTROS RECURSOS NAO VINCULADOS;200000,0;200000,0;0,0
9447296;3935;2024-12-27 00:00:00;PM CARLOS CHAGAS;18.477.315/0001-90;1491;SEGOV;SECRETARIA DE ESTADO DE GOVERNO;42;AUXILIOS;1;AUXILIOS;15;RECURSOS ORDINARIOS - OUTROS RECURSOS NAO VINCULADOS;300000,0;300000,0;0,0
9447297;873;2024-12-26 00:00:00;PM VARJAO DE MINAS;01.609.780/0001-34;1301;SEINFRA;SECRETARIA DE ESTADO DE INFRAESTRUTURA, MOBILIDADE E PARCERIAS;42;AUXILIOS;1;AUXILIOS;10;RECURSOS ORDINARIOS - RECURSOS NAO VINCULADOS DE IMPOSTOS;0,0;0,0;0,0
9447299;874;2024-12-26 00:00:00;PM CATAGUASES;17.702.499/0001-81;1301;SEINFRA;SECRETARIA DE ESTADO DE INFRAESTRUTURA, MOBILIDADE E PARCERIAS;42;AUXILIOS;1;AUXILIOS;10;RECURSOS ORDINARIOS - RECURSOS NAO VINCULADOS DE IMPOSTOS;0,0;0,0;0,0
9447302;872;2024-12-26 00:00:00;PM CONFINS;01.006.232/0001-10;1301;SEINFRA;SECRETARIA DE ESTADO DE INFRAESTRUTURA, MOBILIDADE E PARCERIAS;42;AUXILIOS;1;AUXILIOS;10;RECURSOS ORDINARIOS - RECURSOS NAO VINCULADOS DE IMPOSTOS;0,0;0,0;0,0
9447303;417;2024-12-27 00:00:00;PM BURITIZEIRO;18.279.067/0001-72;1231;SEAPA;SECRETARIA DE ESTADO DE AGRICULTURA, PECUARIA E ABASTECIMENTO;41;CONTRIBUICOES;1;CONTRIBUICOES;10;RECURSOS ORDINARIOS - RECURSOS NAO VINCULADOS DE IMPOSTOS;478000,0;0,0;0,0
9447316;55;2024-12-26 00:00:00;APJ APRENDER PRODUZIR JUNTOS;22.057.335/0001-89;1481;SEDESE;SECRETARIA DE ESTADO DE DESENVOLVIMENTO SOCIAL;43;SUBVENCOES SOCIAIS;1;SUBVENCOES SOCIAIS;71;RECURSOS DO FUNDO ESTADUAL DE ERRADICACAO DA MISERIA;6979290,99;6979290,99;0,0
9447368;3934;2024-12-27 00:00:00;PM ESPINOSA;18.650.952/0001-16;1491;SEGOV;SECRETARIA DE ESTADO DE GOVERNO;42;AUXILIOS;1;AUXILIOS;15;RECURSOS ORDINARIOS - OUTROS RECURSOS NAO VINCULADOS;390725,92;0,0;0,0
9447369;5177;2024-12-27 00:00:00;PM SERRA DOS AIMORES;18.398.966/0001-94;1261;SEE;SECRETARIA DE ESTADO DE EDUCACAO;42;AUXILIOS;1;AUXILIOS;10;RECURSOS ORDINARIOS - RECURSOS NAO VINCULADOS DE IMPOSTOS;430000,0;430000,0;0,0
9447370;4406;2024-12-27 00:00:00;PM PINTOPOLIS;01.612.481/0001-59;1261;SEE;SECRETARIA DE ESTADO DE EDUCACAO;42;AUXILIOS;1;AUXILIOS;10;RECURSOS ORDINARIOS - RECURSOS NAO VINCULADOS DE IMPOSTOS;2007154,98;2007154,98;0,0
9447377;4723;2024-12-27 00:00:00;PM SANTO ANTONIO DO MONTE;16.870.974/0001-66;1261;SEE;SECRETARIA DE ESTADO DE EDUCACAO;42;AUXILIOS;1;AUXILIOS;10;RECURSOS ORDINARIOS - RECURSOS NAO VINCULADOS DE IMPOSTOS;500000,0;0,0;0,0
9447380;878;2024-12-27 00:00:00;PM PEDRALVA;18.025.973/0001-40;1301;SEINFRA;SECRETARIA DE ESTADO DE INFRAESTRUTURA, MOBILIDADE E PARCERIAS;42;AUXILIOS;1;AUXILIOS;10;RECURSOS ORDINARIOS - RECURSOS NAO VINCULADOS DE IMPOSTOS;0,0;0,0;0,0
9447382;877;2024-12-27 00:00:00;PM PATROCINIO DO MURIAE;17.947.607/0001-86;1301;SEINFRA;SECRETARIA DE ESTADO DE INFRAESTRUTURA, MOBILIDADE E PARCERIAS;42;AUXILIOS;1;AUXILIOS;10;RECURSOS ORDINARIOS - RECURSOS NAO VINCULADOS DE IMPOSTOS;0,0;0,0;0,0
9447384;879;2024-12-27 00:00:00;PM CANDEIAS;17.888.090/0001-00;1301;SEINFRA;SECRETARIA DE ESTADO DE INFRAESTRUTURA, MOBILIDADE E PARCERIAS;42;AUXILIOS;1;AUXILIOS;10;RECURSOS ORDINARIOS - RECURSOS NAO VINCULADOS DE IMPOSTOS;0,0;0,0;0,0
9447443;3457;2024-12-30 00:00:00;ASSOCIACAO CORAL FLOR DA TERRA;21.785.039/0001-31;1271;SECULT;SECRETARIA DE ESTADO DE CULTURA E TURISMO;41;CONTRIBUICOES;1;CONTRIBUICOES;10;RECURSOS ORDINARIOS - RECURSOS NAO VINCULADOS DE IMPOSTOS;100000,0;0,0;0,0
9447445;3936;2024-12-30 00:00:00;PM SAO JOAQUIM DE BICAS;01.612.516/0001-50;1491;SEGOV;SECRETARIA DE ESTADO DE GOVERNO;42;AUXILIOS;1;AUXILIOS;15;RECURSOS ORDINARIOS - OUTROS RECURSOS NAO VINCULADOS;1761036,8;0,0;0,0
9447447;3937;2024-12-30 00:00:00;PM SAO JOSE DA SAFIRA;18.409.235/0001-05;1491;SEGOV;SECRETARIA DE ESTADO DE GOVERNO;42;AUXILIOS;1;AUXILIOS;15;RECURSOS ORDINARIOS - OUTROS RECURSOS NAO VINCULADOS;1050000,0;0,0;0,0
9447451;888;2024-12-30 00:00:00;PM DIVINOPOLIS;18.291.351/0001-64;1301;SEINFRA;SECRETARIA DE ESTADO DE INFRAESTRUTURA, MOBILIDADE E PARCERIAS;42;AUXILIOS;1;AUXILIOS;10;RECURSOS ORDINARIOS - RECURSOS NAO VINCULADOS DE IMPOSTOS;1974495,62;1974495,62;0,0
9447453;5725;2024-12-30 00:00:00;IRMANDADE DE NOSSA SENHORA DA SAUDE;20.081.238/0001-04;4291;FES;FUNDO ESTADUAL DE SAUDE;41;CONTRIBUICOES;1;CONTRIBUICOES;10;RECURSOS ORDINARIOS - RECURSOS NAO VINCULADOS DE IMPOSTOS;998700,0;0,0;0,0
9447454;549;2024-12-30 00:00:00;PM LONTRA;25.223.009/0001-92;1481;SEDESE;SECRETARIA DE ESTADO DE DESENVOLVIMENTO SOCIAL;41;CONTRIBUICOES;1;CONTRIBUICOES;10;RECURSOS ORDINARIOS - RECURSOS NAO VINCULADOS DE IMPOSTOS;247000,0;247000,0;0,0
9447461;398;2024-12-30 00:00:00;ASSOCIACAO ESCOLA FAMILIA AGRICOLA DE COMERCINHO;22.692.198/0001-54;1261;SEE;SECRETARIA DE ESTADO DE EDUCACAO;43;SUBVENCOES SOCIAIS;1;SUBVENCOES SOCIAIS;21;COTA ESTADUAL DO SALARIO EDUCACAO - QESE;13776,0;13776,0;0,0
9447488;890;2024-12-30 00:00:00;PM TIMOTEO;19.875.020/0001-34;1301;SEINFRA;SECRETARIA DE ESTADO DE INFRAESTRUTURA, MOBILIDADE E PARCERIAS;42;AUXILIOS;1;AUXILIOS;32;EXPLORACAO DE RECURSOS MINERAIS;300000,0;300000,0;0,0
9447489;891;2024-12-30 00:00:00;PM DIVINOPOLIS;18.291.351/0001-64;1301;SEINFRA;SECRETARIA DE ESTADO DE INFRAESTRUTURA, MOBILIDADE E PARCERIAS;42;AUXILIOS;1;AUXILIOS;10;RECURSOS ORDINARIOS - RECURSOS NAO VINCULADOS DE IMPOSTOS;0,0;0,0;0,0
9447490;889;2024-12-30 00:00:00;PM ARAXA;18.140.756/0001-00;1301;SEINFRA;SECRETARIA DE ESTADO DE INFRAESTRUTURA, MOBILIDADE E PARCERIAS;42;AUXILIOS;1;AUXILIOS;32;EXPLORACAO DE RECURSOS MINERAIS;6884195,04;6884195,04;0,0
9447491;28;2024-12-31 00:00:00;ASSOC.PESSOAS PORT.DEFICIENCIA DE MONTES CLAROS.;21.373.873/0001-10;1481;SEDESE;SECRETARIA DE ESTADO DE DESENVOLVIMENTO SOCIAL;42;AUXILIOS;1;AUXILIOS;10;RECURSOS ORDINARIOS - RECURSOS NAO VINCULADOS DE IMPOSTOS;234952,38;0,0;0,0
9447497;552;2024-12-31 00:00:00;PM OLIVEIRA;16.854.531/0001-81;1481;SEDESE;SECRETARIA DE ESTADO DE DESENVOLVIMENTO SOCIAL;42;AUXILIOS;1;AUXILIOS;38;TRANSFERENCIAS DA UNIAO VINCULADAS AO ESPORTE;250000,0;250000,0;0,0
