contratoconvenio_saida;numero_empenho;data_registro_doc_empenho;razao_social_credor;cnpj_cpf_credor_formatado;unidade_orcamentaria_codigo;unidade_orcamentaria_sigla;unidade_orcamentaria_nome;elemento_despesa_codigo;elemento_despesa_descricao;item_despesa_codigo;item_despesa_descricao;fonte_recurso_codigo;fonte_recurso_descricao;valor_despesa_empenhada;valor_despesa_liquidada;valor_pago_financeiro
9197093;16;2023-02-06 00:00:00;ASSOCIACAO DE PAIS E AMIGOS DOS EXCEPCIONAIS - APAE;17.862.038/0001-76;4251;FEAS;FUNDO ESTADUAL DE ASSISTENCIA SOCIAL;43;SUBVENCOES SOCIAIS;1;SUBVENCOES SOCIAIS;71;RECURSOS DO FUNDO ESTADUAL DE ERRADICACAO DA MISERIA;252000,0;252000,0;252000,0
9197094;6;2023-02-06 00:00:00;ASSOCIACAO DE PAIS E AMIGOS DOS EXCEPCIONAIS DE BELO HORIZONTE - APAE;18.216.366/0001-68;4251;FEAS;FUNDO ESTADUAL DE ASSISTENCIA SOCIAL;43;SUBVENCOES SOCIAIS;1;SUBVENCOES SOCIAIS;71;RECURSOS DO FUNDO ESTADUAL DE ERRADICACAO DA MISERIA;1008000,0;1008000,0;1008000,0
9197095;22;2023-02-06 00:00:00;ASSOCIACAO DE PAIS E AMIGOS DOS EXCEPCIONAIS DE NEPOMUCENO;19.016.211/0001-40;4251;FEAS;FUNDO ESTADUAL DE ASSISTENCIA SOCIAL;43;SUBVENCOES SOCIAIS;1;SUBVENCOES SOCIAIS;71;RECURSOS DO FUNDO ESTADUAL DE ERRADICACAO DA MISERIA;108000,0;108000,0;108000,0
9197096;19;2023-02-06 00:00:00;ASSOC PAIS E AMIGOS DOS EXCEPCIONAIS;20.900.981/0001-30;4251;FEAS;FUNDO ESTADUAL DE ASSISTENCIA SOCIAL;43;SUBVENCOES SOCIAIS;1;SUBVENCOES SOCIAIS;71;RECURSOS DO FUNDO ESTADUAL DE ERRADICACAO DA MISERIA;108000,0;108000,0;108000,0
9197099;13;2023-02-06 00:00:00;ASSOCIACAO DOS PAIS E AMIGOS DOS EXCEPCIONAIS;18.299.354/0001-44;4251;FEAS;FUNDO ESTADUAL DE ASSISTENCIA SOCIAL;43;SUBVENCOES SOCIAIS;1;SUBVENCOES SOCIAIS;71;RECURSOS DO FUNDO ESTADUAL DE ERRADICACAO DA MISERIA;288000,0;288000,0;288000,0
9197100;28;2023-02-06 00:00:00;ASSOCIACAO DE PAIS E AMIGOS DOS EXCEPCIONAIS - APAE;23.098.924/0001-78;4251;FEAS;FUNDO ESTADUAL DE ASSISTENCIA SOCIAL;43;SUBVENCOES SOCIAIS;1;SUBVENCOES SOCIAIS;71;RECURSOS DO FUNDO ESTADUAL DE ERRADICACAO DA MISERIA;252000,0;252000,0;252000,0
9197101;14;2023-02-06 00:00:00;INSTITUTO SANTA MONICA;16.813.263/0001-50;4251;FEAS;FUNDO ESTADUAL DE ASSISTENCIA SOCIAL;43;SUBVENCOES SOCIAIS;1;SUBVENCOES SOCIAIS;71;RECURSOS DO FUNDO ESTADUAL DE ERRADICACAO DA MISERIA;288000,0;288000,0;288000,0
9197102;26;2023-02-06 00:00:00;ASSOCIACAO DE PAIS E AMIGOS DOS EXCEPCIONAIS;73.874.646/0001-71;4251;FEAS;FUNDO ESTADUAL DE ASSISTENCIA SOCIAL;43;SUBVENCOES SOCIAIS;1;SUBVENCOES SOCIAIS;71;RECURSOS DO FUNDO ESTADUAL DE ERRADICACAO DA MISERIA;288800,0;288800,0;288800,0
9197103;9;2023-02-06 00:00:00;ASSOCIACAO DE PAIS E AMIGOS DOS EXCEPCIONAIS;20.288.940/0001-35;4251;FEAS;FUNDO ESTADUAL DE ASSISTENCIA SOCIAL;43;SUBVENCOES SOCIAIS;1;SUBVENCOES SOCIAIS;71;RECURSOS DO FUNDO ESTADUAL DE ERRADICACAO DA MISERIA;126000,0;126000,0;126000,0
9197104;24;2023-02-06 00:00:00;ASSOCIACAO DE PAIS E AMIGOS DOS EXCEPCIONAIS DE PRADOS;26.118.448/0001-06;4251;FEAS;FUNDO ESTADUAL DE ASSISTENCIA SOCIAL;43;SUBVENCOES SOCIAIS;1;SUBVENCOES SOCIAIS;71;RECURSOS DO FUNDO ESTADUAL DE ERRADICACAO DA MISERIA;126000,0;126000,0;126000,0
9197105;11;2023-02-06 00:00:00;ASSOCIACAO DOS PAIS E AMIGOS DOS EXCEPCIONAIS;00.298.396/0001-03;4251;FEAS;FUNDO ESTADUAL DE ASSISTENCIA SOCIAL;43;SUBVENCOES SOCIAIS;1;SUBVENCOES SOCIAIS;71;RECURSOS DO FUNDO ESTADUAL DE ERRADICACAO DA MISERIA;288000,0;288000,0;288000,0
9197106;21;2023-02-06 00:00:00;APAE ASSOCIACAO DE PAIS E AMIGOS DE EXCEPCIONAIS DE MONTES CLAROS;21.353.925/0001-96;4251;FEAS;FUNDO ESTADUAL DE ASSISTENCIA SOCIAL;43;SUBVENCOES SOCIAIS;1;SUBVENCOES SOCIAIS;71;RECURSOS DO FUNDO ESTADUAL DE ERRADICACAO DA MISERIA;180000,0;180000,0;180000,0
9197107;17;2023-02-06 00:00:00;AASOCIACAO DE PAIS E AMIGOS DOS EXCEPCIONAIS DE LAGOA DA PRATA;20.897.203/0001-30;4251;FEAS;FUNDO ESTADUAL DE ASSISTENCIA SOCIAL;43;SUBVENCOES SOCIAIS;1;SUBVENCOES SOCIAIS;71;RECURSOS DO FUNDO ESTADUAL DE ERRADICACAO DA MISERIA;270000,0;270000,0;270000,0
9197108;18;2023-02-06 00:00:00;APAE LAGOA DOURADA;04.448.905/0001-80;4251;FEAS;FUNDO ESTADUAL DE ASSISTENCIA SOCIAL;43;SUBVENCOES SOCIAIS;1;SUBVENCOES SOCIAIS;71;RECURSOS DO FUNDO ESTADUAL DE ERRADICACAO DA MISERIA;144000,0;144000,0;144000,0
9197109;23;2023-02-06 00:00:00;ASS DE PAIS E AMIGOS DOS EXCEPCIONAIS DE PARA DE MINAS;18.416.891/0001-27;4251;FEAS;FUNDO ESTADUAL DE ASSISTENCIA SOCIAL;43;SUBVENCOES SOCIAIS;1;SUBVENCOES SOCIAIS;71;RECURSOS DO FUNDO ESTADUAL DE ERRADICACAO DA MISERIA;108000,0;108000,0;108000,0
9197110;25;2023-02-06 00:00:00;ASSOCIACAO DE PAIS E AMIGOS DOS EXCEPCIONAIS DE PRATA;18.475.731/0001-59;4251;FEAS;FUNDO ESTADUAL DE ASSISTENCIA SOCIAL;43;SUBVENCOES SOCIAIS;1;SUBVENCOES SOCIAIS;71;RECURSOS DO FUNDO ESTADUAL DE ERRADICACAO DA MISERIA;144000,0;144000,0;144000,0
9197112;10;2023-02-06 00:00:00;ASSOCOACAO DE PAIS E AMIGOS DOS EXCEPCIONAIS DE CRISTAIS;23.775.059/0001-57;4251;FEAS;FUNDO ESTADUAL DE ASSISTENCIA SOCIAL;43;SUBVENCOES SOCIAIS;1;SUBVENCOES SOCIAIS;71;RECURSOS DO FUNDO ESTADUAL DE ERRADICACAO DA MISERIA;288000,0;288000,0;288000,0
9197113;27;2023-02-06 00:00:00;ASSOCIACAO DE PAIS E AMIGOS  DOS EXCEPCIONAIS;86.926.235/0001-24;4251;FEAS;FUNDO ESTADUAL DE ASSISTENCIA SOCIAL;43;SUBVENCOES SOCIAIS;1;SUBVENCOES SOCIAIS;71;RECURSOS DO FUNDO ESTADUAL DE ERRADICACAO DA MISERIA;126000,0;126000,0;126000,0
9197153;20;2023-02-06 00:00:00;ASSOCIACAO DE PAIS E AMIGOS DOS EXCEPCIONAIS;00.662.901/0001-49;4251;FEAS;FUNDO ESTADUAL DE ASSISTENCIA SOCIAL;43;SUBVENCOES SOCIAIS;1;SUBVENCOES SOCIAIS;71;RECURSOS DO FUNDO ESTADUAL DE ERRADICACAO DA MISERIA;180000,0;180000,0;180000,0
9197154;12;2023-02-06 00:00:00;APAE FRUTAL;20.043.493/0001-54;4251;FEAS;FUNDO ESTADUAL DE ASSISTENCIA SOCIAL;43;SUBVENCOES SOCIAIS;1;SUBVENCOES SOCIAIS;71;RECURSOS DO FUNDO ESTADUAL DE ERRADICACAO DA MISERIA;165000,0;165000,0;165000,0
9197657;15;2023-02-17 00:00:00;ASSOCIACAO DE PROTECAO E ASSISTENCIA AOS CONDENADOS - FRUTAL/MG;07.409.988/0001-96;1451;SEJUSP;SECRETARIA DE ESTADO DE JUSTICA E SEGURANCA PUBLICA;43;SUBVENCOES SOCIAIS;1;SUBVENCOES SOCIAIS;10;RECURSOS ORDINARIOS - RECURSOS NAO VINCULADOS DE IMPOSTOS;1368242,55;1368242,55;1368242,55
9200921;15;2023-02-06 00:00:00;APAE ITURAMA;23.368.145/0001-45;4251;FEAS;FUNDO ESTADUAL DE ASSISTENCIA SOCIAL;43;SUBVENCOES SOCIAIS;1;SUBVENCOES SOCIAIS;71;RECURSOS DO FUNDO ESTADUAL DE ERRADICACAO DA MISERIA;144000,0;144000,0;144000,0
9206609;1032;2023-04-26 00:00:00;FUNDACAO GREGORIO F. BAREMBLITT;26.034.397/0001-26;4251;FEAS;FUNDO ESTADUAL DE ASSISTENCIA SOCIAL;43;SUBVENCOES SOCIAIS;1;SUBVENCOES SOCIAIS;71;RECURSOS DO FUNDO ESTADUAL DE ERRADICACAO DA MISERIA;217368,0;217368,0;217368,0
9206610;7;2023-02-06 00:00:00;APAE DE FLORESTAL;00.215.385/0001-04;4251;FEAS;FUNDO ESTADUAL DE ASSISTENCIA SOCIAL;43;SUBVENCOES SOCIAIS;1;SUBVENCOES SOCIAIS;71;RECURSOS DO FUNDO ESTADUAL DE ERRADICACAO DA MISERIA;144000,0;144000,0;144000,0
9208384;8;2023-02-06 00:00:00;APAE DE LAMBARI;21.404.397/0001-57;4251;FEAS;FUNDO ESTADUAL DE ASSISTENCIA SOCIAL;43;SUBVENCOES SOCIAIS;1;SUBVENCOES SOCIAIS;71;RECURSOS DO FUNDO ESTADUAL DE ERRADICACAO DA MISERIA;108000,0;108000,0;108000,0
9208920;1030;2023-04-26 00:00:00;NUCLEO ASSISTENCIAL CAMINHOS PARA JESUS;17.391.822/0001-43;4251;FEAS;FUNDO ESTADUAL DE ASSISTENCIA SOCIAL;43;SUBVENCOES SOCIAIS;1;SUBVENCOES SOCIAIS;71;RECURSOS DO FUNDO ESTADUAL DE ERRADICACAO DA MISERIA;166400,0;166400,0;166400,0
9208925;84;2023-02-27 00:00:00;POLO DE EVOLUCAO DAS MEDIDAS SOCIO-EDUCATIVAS;07.372.649/0001-82;1451;SEJUSP;SECRETARIA DE ESTADO DE JUSTICA E SEGURANCA PUBLICA;43;SUBVENCOES SOCIAIS;1;SUBVENCOES SOCIAIS;10;RECURSOS ORDINARIOS - RECURSOS NAO VINCULADOS DE IMPOSTOS;348368,51;348368,51;348368,51
9208925;155;2023-04-04 00:00:00;POLO DE EVOLUCAO DAS MEDIDAS SOCIO-EDUCATIVAS;07.372.649/0001-82;1451;SEJUSP;SECRETARIA DE ESTADO DE JUSTICA E SEGURANCA PUBLICA;43;SUBVENCOES SOCIAIS;1;SUBVENCOES SOCIAIS;10;RECURSOS ORDINARIOS - RECURSOS NAO VINCULADOS DE IMPOSTOS;3977142,78;3977142,78;3977142,78
9208925;244;2023-06-21 00:00:00;POLO DE EVOLUCAO DAS MEDIDAS SOCIO-EDUCATIVAS;07.372.649/0001-82;1451;SEJUSP;SECRETARIA DE ESTADO DE JUSTICA E SEGURANCA PUBLICA;43;SUBVENCOES SOCIAIS;1;SUBVENCOES SOCIAIS;10;RECURSOS ORDINARIOS - RECURSOS NAO VINCULADOS DE IMPOSTOS;2370863,82;2370863,82;2370863,82
9208925;279;2023-08-10 00:00:00;POLO DE EVOLUCAO DAS MEDIDAS SOCIO-EDUCATIVAS;07.372.649/0001-82;1451;SEJUSP;SECRETARIA DE ESTADO DE JUSTICA E SEGURANCA PUBLICA;43;SUBVENCOES SOCIAIS;1;SUBVENCOES SOCIAIS;10;RECURSOS ORDINARIOS - RECURSOS NAO VINCULADOS DE IMPOSTOS;0,0;0,0;0,0
9208926;83;2023-02-27 00:00:00;POLO DE EVOLUCAO DAS MEDIDAS SOCIO-EDUCATIVAS;07.372.649/0001-82;1451;SEJUSP;SECRETARIA DE ESTADO DE JUSTICA E SEGURANCA PUBLICA;43;SUBVENCOES SOCIAIS;1;SUBVENCOES SOCIAIS;10;RECURSOS ORDINARIOS - RECURSOS NAO VINCULADOS DE IMPOSTOS;1096410,23;1096410,23;1096410,23
9208926;157;2023-04-04 00:00:00;POLO DE EVOLUCAO DAS MEDIDAS SOCIO-EDUCATIVAS;07.372.649/0001-82;1451;SEJUSP;SECRETARIA DE ESTADO DE JUSTICA E SEGURANCA PUBLICA;43;SUBVENCOES SOCIAIS;1;SUBVENCOES SOCIAIS;10;RECURSOS ORDINARIOS - RECURSOS NAO VINCULADOS DE IMPOSTOS;2490539,32;2490539,32;2490539,32
9208926;246;2023-06-21 00:00:00;POLO DE EVOLUCAO DAS MEDIDAS SOCIO-EDUCATIVAS;07.372.649/0001-82;1451;SEJUSP;SECRETARIA DE ESTADO DE JUSTICA E SEGURANCA PUBLICA;43;SUBVENCOES SOCIAIS;1;SUBVENCOES SOCIAIS;10;RECURSOS ORDINARIOS - RECURSOS NAO VINCULADOS DE IMPOSTOS;3305570,84;3305570,84;3305570,84
9208926;307;2023-09-19 00:00:00;POLO DE EVOLUCAO DAS MEDIDAS SOCIO-EDUCATIVAS;07.372.649/0001-82;1451;SEJUSP;SECRETARIA DE ESTADO DE JUSTICA E SEGURANCA PUBLICA;43;SUBVENCOES SOCIAIS;1;SUBVENCOES SOCIAIS;10;RECURSOS ORDINARIOS - RECURSOS NAO VINCULADOS DE IMPOSTOS;0,0;0,0;0,0
9208926;358;2023-11-14 00:00:00;POLO DE EVOLUCAO DAS MEDIDAS SOCIO-EDUCATIVAS;07.372.649/0001-82;1451;SEJUSP;SECRETARIA DE ESTADO DE JUSTICA E SEGURANCA PUBLICA;43;SUBVENCOES SOCIAIS;1;SUBVENCOES SOCIAIS;10;RECURSOS ORDINARIOS - RECURSOS NAO VINCULADOS DE IMPOSTOS;2043790,92;2043790,92;2043790,92
9208927;82;2023-02-27 00:00:00;POLO DE EVOLUCAO DAS MEDIDAS SOCIO-EDUCATIVAS;07.372.649/0001-82;1451;SEJUSP;SECRETARIA DE ESTADO DE JUSTICA E SEGURANCA PUBLICA;43;SUBVENCOES SOCIAIS;1;SUBVENCOES SOCIAIS;10;RECURSOS ORDINARIOS - RECURSOS NAO VINCULADOS DE IMPOSTOS;891120,9;891120,9;891120,9
9208927;156;2023-04-04 00:00:00;POLO DE EVOLUCAO DAS MEDIDAS SOCIO-EDUCATIVAS;07.372.649/0001-82;1451;SEJUSP;SECRETARIA DE ESTADO DE JUSTICA E SEGURANCA PUBLICA;43;SUBVENCOES SOCIAIS;1;SUBVENCOES SOCIAIS;10;RECURSOS ORDINARIOS - RECURSOS NAO VINCULADOS DE IMPOSTOS;3575570,65;3575570,65;3575570,65
9208927;243;2023-06-21 00:00:00;POLO DE EVOLUCAO DAS MEDIDAS SOCIO-EDUCATIVAS;07.372.649/0001-82;1451;SEJUSP;SECRETARIA DE ESTADO DE JUSTICA E SEGURANCA PUBLICA;43;SUBVENCOES SOCIAIS;1;SUBVENCOES SOCIAIS;10;RECURSOS ORDINARIOS - RECURSOS NAO VINCULADOS DE IMPOSTOS;2560168,9;2560168,9;2560168,9
9208927;277;2023-08-10 00:00:00;POLO DE EVOLUCAO DAS MEDIDAS SOCIO-EDUCATIVAS;07.372.649/0001-82;1451;SEJUSP;SECRETARIA DE ESTADO DE JUSTICA E SEGURANCA PUBLICA;43;SUBVENCOES SOCIAIS;1;SUBVENCOES SOCIAIS;10;RECURSOS ORDINARIOS - RECURSOS NAO VINCULADOS DE IMPOSTOS;0,0;0,0;0,0
9208927;278;2023-08-10 00:00:00;POLO DE EVOLUCAO DAS MEDIDAS SOCIO-EDUCATIVAS;07.372.649/0001-82;1451;SEJUSP;SECRETARIA DE ESTADO DE JUSTICA E SEGURANCA PUBLICA;43;SUBVENCOES SOCIAIS;1;SUBVENCOES SOCIAIS;10;RECURSOS ORDINARIOS - RECURSOS NAO VINCULADOS DE IMPOSTOS;0,0;0,0;0,0
9208927;357;2023-11-14 00:00:00;POLO DE EVOLUCAO DAS MEDIDAS SOCIO-EDUCATIVAS;07.372.649/0001-82;1451;SEJUSP;SECRETARIA DE ESTADO DE JUSTICA E SEGURANCA PUBLICA;43;SUBVENCOES SOCIAIS;1;SUBVENCOES SOCIAIS;10;RECURSOS ORDINARIOS - RECURSOS NAO VINCULADOS DE IMPOSTOS;1226176,54;1226176,54;1226176,54
9208930;175;2023-04-20 00:00:00;POLO DE EVOLUCAO DAS MEDIDAS SOCIO-EDUCATIVAS;07.372.649/0001-82;1451;SEJUSP;SECRETARIA DE ESTADO DE JUSTICA E SEGURANCA PUBLICA;43;SUBVENCOES SOCIAIS;1;SUBVENCOES SOCIAIS;10;RECURSOS ORDINARIOS - RECURSOS NAO VINCULADOS DE IMPOSTOS;4487352,74;4487352,74;4487352,74
9208930;245;2023-06-21 00:00:00;POLO DE EVOLUCAO DAS MEDIDAS SOCIO-EDUCATIVAS;07.372.649/0001-82;1451;SEJUSP;SECRETARIA DE ESTADO DE JUSTICA E SEGURANCA PUBLICA;43;SUBVENCOES SOCIAIS;1;SUBVENCOES SOCIAIS;10;RECURSOS ORDINARIOS - RECURSOS NAO VINCULADOS DE IMPOSTOS;2136918,9;2136918,9;2136918,9
9208930;273;2023-08-01 00:00:00;POLO DE EVOLUCAO DAS MEDIDAS SOCIO-EDUCATIVAS;07.372.649/0001-82;1451;SEJUSP;SECRETARIA DE ESTADO DE JUSTICA E SEGURANCA PUBLICA;43;SUBVENCOES SOCIAIS;1;SUBVENCOES SOCIAIS;10;RECURSOS ORDINARIOS - RECURSOS NAO VINCULADOS DE IMPOSTOS;3501222,56;3501222,56;3501222,56
9210853;138;2023-03-23 00:00:00;INSTITUTO JURIDICO PARA EFETIVACAO DA CIDADANIA - MINAS GERAIS IJUCI/M;03.893.350/0001-12;1451;SEJUSP;SECRETARIA DE ESTADO DE JUSTICA E SEGURANCA PUBLICA;43;SUBVENCOES SOCIAIS;1;SUBVENCOES SOCIAIS;10;RECURSOS ORDINARIOS - RECURSOS NAO VINCULADOS DE IMPOSTOS;780908,87;780908,87;780908,87
9210853;208;2023-05-23 00:00:00;INSTITUTO JURIDICO PARA EFETIVACAO DA CIDADANIA - MINAS GERAIS IJUCI/M;03.893.350/0001-12;1451;SEJUSP;SECRETARIA DE ESTADO DE JUSTICA E SEGURANCA PUBLICA;43;SUBVENCOES SOCIAIS;1;SUBVENCOES SOCIAIS;10;RECURSOS ORDINARIOS - RECURSOS NAO VINCULADOS DE IMPOSTOS;1613458,24;1613458,24;1613458,24
9210853;308;2023-09-19 00:00:00;INSTITUTO JURIDICO PARA EFETIVACAO DA CIDADANIA - MINAS GERAIS IJUCI/M;03.893.350/0001-12;1451;SEJUSP;SECRETARIA DE ESTADO DE JUSTICA E SEGURANCA PUBLICA;43;SUBVENCOES SOCIAIS;1;SUBVENCOES SOCIAIS;10;RECURSOS ORDINARIOS - RECURSOS NAO VINCULADOS DE IMPOSTOS;1233813,89;1233813,89;1233813,89
9223785;39;2023-02-17 00:00:00;ASSOC. DE PROT. E ASSIST. AOS CONENADOS DE SANTA LUZIA;05.125.426/0001-95;1451;SEJUSP;SECRETARIA DE ESTADO DE JUSTICA E SEGURANCA PUBLICA;43;SUBVENCOES SOCIAIS;1;SUBVENCOES SOCIAIS;10;RECURSOS ORDINARIOS - RECURSOS NAO VINCULADOS DE IMPOSTOS;3258524,87;3258524,87;3258524,87
9223785;40;2023-02-17 00:00:00;ASSOC. DE PROT. E ASSIST. AOS CONENADOS DE SANTA LUZIA;05.125.426/0001-95;1451;SEJUSP;SECRETARIA DE ESTADO DE JUSTICA E SEGURANCA PUBLICA;43;SUBVENCOES SOCIAIS;1;SUBVENCOES SOCIAIS;10;RECURSOS ORDINARIOS - RECURSOS NAO VINCULADOS DE IMPOSTOS;0,0;0,0;0,0
9241744;1028;2023-04-26 00:00:00;CRECHE NOSSO LAR;25.456.757/0001-15;4251;FEAS;FUNDO ESTADUAL DE ASSISTENCIA SOCIAL;43;SUBVENCOES SOCIAIS;1;SUBVENCOES SOCIAIS;71;RECURSOS DO FUNDO ESTADUAL DE ERRADICACAO DA MISERIA;58230,9;58230,9;58230,9
9245688;1029;2023-04-26 00:00:00;CRECHE BOM PASTOR;16.749.426/0001-82;4251;FEAS;FUNDO ESTADUAL DE ASSISTENCIA SOCIAL;43;SUBVENCOES SOCIAIS;1;SUBVENCOES SOCIAIS;71;RECURSOS DO FUNDO ESTADUAL DE ERRADICACAO DA MISERIA;55458,0;55458,0;55458,0
9245691;114;2023-11-23 00:00:00;INSTITUTO JURIDICO PARA EFETIVACAO DA CIDADANIA - MINAS GERAIS IJUCI/M;03.893.350/0001-12;1481;SEDESE;SECRETARIA DE ESTADO DE DESENVOLVIMENTO SOCIAL;43;SUBVENCOES SOCIAIS;1;SUBVENCOES SOCIAIS;10;RECURSOS ORDINARIOS - RECURSOS NAO VINCULADOS DE IMPOSTOS;1051395,03;1051395,03;1051395,03
9245691;120;2023-12-06 00:00:00;INSTITUTO JURIDICO PARA EFETIVACAO DA CIDADANIA - MINAS GERAIS IJUCI/M;03.893.350/0001-12;1481;SEDESE;SECRETARIA DE ESTADO DE DESENVOLVIMENTO SOCIAL;43;SUBVENCOES SOCIAIS;1;SUBVENCOES SOCIAIS;24;CONVENIOS COM A UNIAO E SUAS ENTIDADES - EXCETO EMENDAS INDIVIDUAIS E DE BANCADA;550000,0;550000,0;550000,0
9245735;49;2023-04-11 00:00:00;APAC DE BELO HORIZONTE;26.145.510/0001-40;1451;SEJUSP;SECRETARIA DE ESTADO DE JUSTICA E SEGURANCA PUBLICA;43;SUBVENCOES SOCIAIS;1;SUBVENCOES SOCIAIS;10;RECURSOS ORDINARIOS - RECURSOS NAO VINCULADOS DE IMPOSTOS;2224689,67;2224689,67;2224689,67
9261083;6;2023-02-17 00:00:00;ASSOC. DE PROT. E ASSIST. AO CONDENADO DE ALFENAS;04.926.925/0001-19;1451;SEJUSP;SECRETARIA DE ESTADO DE JUSTICA E SEGURANCA PUBLICA;43;SUBVENCOES SOCIAIS;1;SUBVENCOES SOCIAIS;10;RECURSOS ORDINARIOS - RECURSOS NAO VINCULADOS DE IMPOSTOS;1779230,54;1779230,54;1779230,54
9262432;19;2023-02-17 00:00:00;APAC DE ITABIRA;07.412.104/0001-52;1451;SEJUSP;SECRETARIA DE ESTADO DE JUSTICA E SEGURANCA PUBLICA;43;SUBVENCOES SOCIAIS;1;SUBVENCOES SOCIAIS;10;RECURSOS ORDINARIOS - RECURSOS NAO VINCULADOS DE IMPOSTOS;252008,04;252008,04;252008,04
9262900;1031;2023-04-26 00:00:00;ATA CIDADANIA;07.304.229/0001-69;4251;FEAS;FUNDO ESTADUAL DE ASSISTENCIA SOCIAL;43;SUBVENCOES SOCIAIS;1;SUBVENCOES SOCIAIS;71;RECURSOS DO FUNDO ESTADUAL DE ERRADICACAO DA MISERIA;619979,49;619979,49;619979,49
9264963;51;2023-04-11 00:00:00;APAC VISCONDE DO RIO BRANCO;30.471.573/0001-64;1451;SEJUSP;SECRETARIA DE ESTADO DE JUSTICA E SEGURANCA PUBLICA;43;SUBVENCOES SOCIAIS;1;SUBVENCOES SOCIAIS;10;RECURSOS ORDINARIOS - RECURSOS NAO VINCULADOS DE IMPOSTOS;259879,58;259879,58;259879,58
9265473;43;2023-04-05 00:00:00;INSTITUTO DH:PROMOCAO, PESQUISA E INTERVENCAO EM DIREITOS HUMANOS E CI;09.583.515/0001-36;1481;SEDESE;SECRETARIA DE ESTADO DE DESENVOLVIMENTO SOCIAL;43;SUBVENCOES SOCIAIS;1;SUBVENCOES SOCIAIS;10;RECURSOS ORDINARIOS - RECURSOS NAO VINCULADOS DE IMPOSTOS;411749,84;411749,84;411749,84
9265473;47;2023-04-14 00:00:00;INSTITUTO DH:PROMOCAO, PESQUISA E INTERVENCAO EM DIREITOS HUMANOS E CI;09.583.515/0001-36;1481;SEDESE;SECRETARIA DE ESTADO DE DESENVOLVIMENTO SOCIAL;43;SUBVENCOES SOCIAIS;1;SUBVENCOES SOCIAIS;24;CONVENIOS COM A UNIAO E SUAS ENTIDADES - EXCETO EMENDAS INDIVIDUAIS E DE BANCADA;1000000,0;1000000,0;1000000,0
9265473;116;2023-11-24 00:00:00;INSTITUTO DH:PROMOCAO, PESQUISA E INTERVENCAO EM DIREITOS HUMANOS E CI;09.583.515/0001-36;1481;SEDESE;SECRETARIA DE ESTADO DE DESENVOLVIMENTO SOCIAL;43;SUBVENCOES SOCIAIS;1;SUBVENCOES SOCIAIS;24;CONVENIOS COM A UNIAO E SUAS ENTIDADES - EXCETO EMENDAS INDIVIDUAIS E DE BANCADA;1000000,0;1000000,0;0,0
9270069;260;2023-07-10 00:00:00;ASSOCIACAO DE PROTECAO E ASSISTENCIA AOS CONDENADOS - FRUTAL/MG;07.409.988/0001-96;1451;SEJUSP;SECRETARIA DE ESTADO DE JUSTICA E SEGURANCA PUBLICA;43;SUBVENCOES SOCIAIS;1;SUBVENCOES SOCIAIS;10;RECURSOS ORDINARIOS - RECURSOS NAO VINCULADOS DE IMPOSTOS;903474,44;903474,44;903474,44
9270069;343;2023-11-06 00:00:00;ASSOCIACAO DE PROTECAO E ASSISTENCIA AOS CONDENADOS - FRUTAL/MG;07.409.988/0001-96;1451;SEJUSP;SECRETARIA DE ESTADO DE JUSTICA E SEGURANCA PUBLICA;43;SUBVENCOES SOCIAIS;1;SUBVENCOES SOCIAIS;10;RECURSOS ORDINARIOS - RECURSOS NAO VINCULADOS DE IMPOSTOS;1381488,97;1381488,97;1381488,97
9274491;159;2023-07-12 00:00:00;ASSOCIACAO ESCOLA FAMILIA AGRICOLA DE NATALANDIA;07.395.381/0001-02;1261;SEE;SECRETARIA DE ESTADO DE EDUCACAO;43;SUBVENCOES SOCIAIS;1;SUBVENCOES SOCIAIS;10;RECURSOS ORDINARIOS - RECURSOS NAO VINCULADOS DE IMPOSTOS;6611375,49;6611375,49;6611375,49
9275473;48;2023-04-14 00:00:00;INSTITUTO DH:PROMOCAO, PESQUISA E INTERVENCAO EM DIREITOS HUMANOS E CI;09.583.515/0001-36;1481;SEDESE;SECRETARIA DE ESTADO DE DESENVOLVIMENTO SOCIAL;43;SUBVENCOES SOCIAIS;1;SUBVENCOES SOCIAIS;10;RECURSOS ORDINARIOS - RECURSOS NAO VINCULADOS DE IMPOSTOS;2513675,84;2513675,84;2513675,84
9275473;92;2023-08-29 00:00:00;INSTITUTO DH:PROMOCAO, PESQUISA E INTERVENCAO EM DIREITOS HUMANOS E CI;09.583.515/0001-36;1481;SEDESE;SECRETARIA DE ESTADO DE DESENVOLVIMENTO SOCIAL;43;SUBVENCOES SOCIAIS;1;SUBVENCOES SOCIAIS;24;CONVENIOS COM A UNIAO E SUAS ENTIDADES - EXCETO EMENDAS INDIVIDUAIS E DE BANCADA;1173715,0;1173715,0;1173715,0
9275473;96;2023-09-15 00:00:00;INSTITUTO DH:PROMOCAO, PESQUISA E INTERVENCAO EM DIREITOS HUMANOS E CI;09.583.515/0001-36;1481;SEDESE;SECRETARIA DE ESTADO DE DESENVOLVIMENTO SOCIAL;42;AUXILIOS;1;AUXILIOS;24;CONVENIOS COM A UNIAO E SUAS ENTIDADES - EXCETO EMENDAS INDIVIDUAIS E DE BANCADA;26285,0;26285,0;26285,0
9275473;158;2023-12-29 00:00:00;INSTITUTO DH:PROMOCAO, PESQUISA E INTERVENCAO EM DIREITOS HUMANOS E CI;09.583.515/0001-36;1481;SEDESE;SECRETARIA DE ESTADO DE DESENVOLVIMENTO SOCIAL;43;SUBVENCOES SOCIAIS;1;SUBVENCOES SOCIAIS;10;RECURSOS ORDINARIOS - RECURSOS NAO VINCULADOS DE IMPOSTOS;719877,37;719877,37;0,0
9275473;159;2023-12-29 00:00:00;INSTITUTO DH:PROMOCAO, PESQUISA E INTERVENCAO EM DIREITOS HUMANOS E CI;09.583.515/0001-36;1481;SEDESE;SECRETARIA DE ESTADO DE DESENVOLVIMENTO SOCIAL;43;SUBVENCOES SOCIAIS;1;SUBVENCOES SOCIAIS;24;CONVENIOS COM A UNIAO E SUAS ENTIDADES - EXCETO EMENDAS INDIVIDUAIS E DE BANCADA;207971,3;207971,3;0,0
9275473;160;2023-12-29 00:00:00;INSTITUTO DH:PROMOCAO, PESQUISA E INTERVENCAO EM DIREITOS HUMANOS E CI;09.583.515/0001-36;1481;SEDESE;SECRETARIA DE ESTADO DE DESENVOLVIMENTO SOCIAL;42;AUXILIOS;1;AUXILIOS;10;RECURSOS ORDINARIOS - RECURSOS NAO VINCULADOS DE IMPOSTOS;13157,14;13157,14;0,0
9279539;160;2023-07-12 00:00:00;ASS. COMUN. DE DESEL. EDUC. FAMILIAR E AGROP. DE VEREDINHA;05.743.998/0001-38;1261;SEE;SECRETARIA DE ESTADO DE EDUCACAO;43;SUBVENCOES SOCIAIS;1;SUBVENCOES SOCIAIS;10;RECURSOS ORDINARIOS - RECURSOS NAO VINCULADOS DE IMPOSTOS;1327435,5;1327435,5;1327435,5
9279766;154;2023-07-12 00:00:00;ASSOCIACA ESCOLA FAMILIA AGRICOLA PURIS DE ARAPONGA;01.529.208/0001-65;1261;SEE;SECRETARIA DE ESTADO DE EDUCACAO;43;SUBVENCOES SOCIAIS;1;SUBVENCOES SOCIAIS;10;RECURSOS ORDINARIOS - RECURSOS NAO VINCULADOS DE IMPOSTOS;485299,0;485299,0;485299,0
9279884;150;2023-07-12 00:00:00;AEFA DE CRUZILIA;05.586.859/0001-48;1261;SEE;SECRETARIA DE ESTADO DE EDUCACAO;43;SUBVENCOES SOCIAIS;1;SUBVENCOES SOCIAIS;10;RECURSOS ORDINARIOS - RECURSOS NAO VINCULADOS DE IMPOSTOS;1184700,4;1184700,4;1184700,4
9280525;167;2023-07-13 00:00:00;ASSOCIACAO EFA DE CARAI, CATUJI, ITAIPE E LADAINHA;11.562.703/0001-20;1261;SEE;SECRETARIA DE ESTADO DE EDUCACAO;43;SUBVENCOES SOCIAIS;1;SUBVENCOES SOCIAIS;10;RECURSOS ORDINARIOS - RECURSOS NAO VINCULADOS DE IMPOSTOS;884957,0;884957,0;884957,0
9280731;147;2023-07-12 00:00:00;ASSOCIACAO ESCOLA FAMILIA AGRICOLA DE COMERCINHO;22.692.198/0001-54;1261;SEE;SECRETARIA DE ESTADO DE EDUCACAO;43;SUBVENCOES SOCIAIS;1;SUBVENCOES SOCIAIS;10;RECURSOS ORDINARIOS - RECURSOS NAO VINCULADOS DE IMPOSTOS;748260,65;748260,65;748260,65
9280733;165;2023-07-13 00:00:00;MOV. PRO-ESCOLA FAMILIA AGRIC. VALE DO JEQUITINHONHA;22.695.209/0001-50;1261;SEE;SECRETARIA DE ESTADO DE EDUCACAO;43;SUBVENCOES SOCIAIS;1;SUBVENCOES SOCIAIS;10;RECURSOS ORDINARIOS - RECURSOS NAO VINCULADOS DE IMPOSTOS;321153,75;321153,75;321153,75
9281647;166;2023-07-13 00:00:00;ASSOCIACAO ESCOLA FAMILIA AGRICOLA DA REGIAO DO VALE DO SAO FRANCISCO;07.355.853/0001-95;1261;SEE;SECRETARIA DE ESTADO DE EDUCACAO;43;SUBVENCOES SOCIAIS;1;SUBVENCOES SOCIAIS;10;RECURSOS ORDINARIOS - RECURSOS NAO VINCULADOS DE IMPOSTOS;2369401,0;2369401,0;2369401,0
9281662;149;2023-07-12 00:00:00;ASSOCIACAO ESCOLA FAMILIA AGRICOLA DE JACARE;00.853.943/0001-67;1261;SEE;SECRETARIA DE ESTADO DE EDUCACAO;43;SUBVENCOES SOCIAIS;1;SUBVENCOES SOCIAIS;10;RECURSOS ORDINARIOS - RECURSOS NAO VINCULADOS DE IMPOSTOS;410794,75;410794,75;410794,75
9281663;164;2023-07-13 00:00:00;ASSOCIACAO ESCOLA FAMILIA AGROECOLOGICA DE ARACUAI;02.653.355/0001-05;1261;SEE;SECRETARIA DE ESTADO DE EDUCACAO;43;SUBVENCOES SOCIAIS;1;SUBVENCOES SOCIAIS;10;RECURSOS ORDINARIOS - RECURSOS NAO VINCULADOS DE IMPOSTOS;1184700,5;1184700,5;1184700,5
9282809;156;2023-07-12 00:00:00;ASSOCIACAO EFA OESTE DO MUCURI;11.211.251/0001-31;1261;SEE;SECRETARIA DE ESTADO DE EDUCACAO;43;SUBVENCOES SOCIAIS;1;SUBVENCOES SOCIAIS;10;RECURSOS ORDINARIOS - RECURSOS NAO VINCULADOS DE IMPOSTOS;1355982,5;1355982,5;1355982,5
9282810;155;2023-07-12 00:00:00;ASSOCIACAO ESCOLA FAMILIA AGRICOLA DE JEQUERI;03.998.794/0001-12;1261;SEE;SECRETARIA DE ESTADO DE EDUCACAO;43;SUBVENCOES SOCIAIS;1;SUBVENCOES SOCIAIS;10;RECURSOS ORDINARIOS - RECURSOS NAO VINCULADOS DE IMPOSTOS;772415,69;772415,69;772415,69
9282811;168;2023-07-13 00:00:00;ASSOCIACAO DA ESCOLA FAMILIA AGRICOLA DE CAMOES;02.908.563/0001-08;1261;SEE;SECRETARIA DE ESTADO DE EDUCACAO;43;SUBVENCOES SOCIAIS;1;SUBVENCOES SOCIAIS;10;RECURSOS ORDINARIOS - RECURSOS NAO VINCULADOS DE IMPOSTOS;283274,08;283274,08;283274,08
9282814;148;2023-07-12 00:00:00;ASSOCIACAO ESCOLA FAMILIA AGRICOLA DO ALTO DO RIO PARDO;13.234.016/0001-00;1261;SEE;SECRETARIA DE ESTADO DE EDUCACAO;43;SUBVENCOES SOCIAIS;1;SUBVENCOES SOCIAIS;10;RECURSOS ORDINARIOS - RECURSOS NAO VINCULADOS DE IMPOSTOS;884957,0;884957,0;884957,0
9282815;157;2023-07-12 00:00:00;ASSOC ESC FAMILIA AGRICOLA BAIXO MUCURI;28.963.034/0001-09;1261;SEE;SECRETARIA DE ESTADO DE EDUCACAO;43;SUBVENCOES SOCIAIS;1;SUBVENCOES SOCIAIS;10;RECURSOS ORDINARIOS - RECURSOS NAO VINCULADOS DE IMPOSTOS;1926922,5;1926922,5;1926922,5
9282896;153;2023-07-12 00:00:00;AEFA PAULO FREIRE;05.527.283/0001-48;1261;SEE;SECRETARIA DE ESTADO DE EDUCACAO;43;SUBVENCOES SOCIAIS;1;SUBVENCOES SOCIAIS;10;RECURSOS ORDINARIOS - RECURSOS NAO VINCULADOS DE IMPOSTOS;581919,64;581919,64;581919,64
9282922;158;2023-07-12 00:00:00;ASSOCIACAO ESCOLA FAMILIA AGRICOLA DE ERVALIA;05.765.786/0001-51;1261;SEE;SECRETARIA DE ESTADO DE EDUCACAO;43;SUBVENCOES SOCIAIS;1;SUBVENCOES SOCIAIS;10;RECURSOS ORDINARIOS - RECURSOS NAO VINCULADOS DE IMPOSTOS;399658,0;399658,0;399658,0
9283126;151;2023-07-12 00:00:00;ASSOCIACAO REGIONAL ESCOLA FAMILIA AGRICOLA CARLOS SAAR;18.904.432/0001-92;1261;SEE;SECRETARIA DE ESTADO DE EDUCACAO;43;SUBVENCOES SOCIAIS;1;SUBVENCOES SOCIAIS;10;RECURSOS ORDINARIOS - RECURSOS NAO VINCULADOS DE IMPOSTOS;356837,5;356837,5;356837,5
9283228;163;2023-07-13 00:00:00;ASSOCIACAO ESCOLA FAMILIA AGRICOLA DO MEDIO E BAIXO JEQUITINHONHA;03.593.777/0001-03;1261;SEE;SECRETARIA DE ESTADO DE EDUCACAO;43;SUBVENCOES SOCIAIS;1;SUBVENCOES SOCIAIS;10;RECURSOS ORDINARIOS - RECURSOS NAO VINCULADOS DE IMPOSTOS;1741367,0;1741367,0;1741367,0
9283237;152;2023-07-12 00:00:00;ASSOCIACAO REGIONAL ESCOLA FAMILIA AGRICOLA MARGARIDA ALVES;09.604.761/0001-27;1261;SEE;SECRETARIA DE ESTADO DE EDUCACAO;43;SUBVENCOES SOCIAIS;1;SUBVENCOES SOCIAIS;10;RECURSOS ORDINARIOS - RECURSOS NAO VINCULADOS DE IMPOSTOS;670854,5;670854,5;670854,5
9286353;44;2023-03-10 00:00:00;ASSOCIACAO ESCOLA FAMILIA AGRICOLA RENASCER;07.776.325/0001-00;1261;SEE;SECRETARIA DE ESTADO DE EDUCACAO;43;SUBVENCOES SOCIAIS;1;SUBVENCOES SOCIAIS;21;COTA ESTADUAL DO SALARIO EDUCACAO - QESE;150656,31;150656,31;150656,31
9286353;146;2023-07-12 00:00:00;ASSOCIACAO ESCOLA FAMILIA AGRICOLA RENASCER;07.776.325/0001-00;1261;SEE;SECRETARIA DE ESTADO DE EDUCACAO;43;SUBVENCOES SOCIAIS;1;SUBVENCOES SOCIAIS;10;RECURSOS ORDINARIOS - RECURSOS NAO VINCULADOS DE IMPOSTOS;157008,5;157008,5;157008,5
9287708;444;2023-07-10 00:00:00;GRUPO CULTURAL SEMENTE DO VALE;20.210.860/0001-67;1271;SECULT;SECRETARIA DE ESTADO DE CULTURA E TURISMO;42;AUXILIOS;1;AUXILIOS;10;RECURSOS ORDINARIOS - RECURSOS NAO VINCULADOS DE IMPOSTOS;350000,0;350000,0;350000,0
9287853;252;2023-07-25 00:00:00;ASSOCIACAO COMUNITARIA LAGOA DOS ANJICOS;00.510.857/0001-51;1231;SEAPA;SECRETARIA DE ESTADO DE AGRICULTURA, PECUARIA E ABASTECIMENTO - SEAPA;41;CONTRIBUICOES;1;CONTRIBUICOES;10;RECURSOS ORDINARIOS - RECURSOS NAO VINCULADOS DE IMPOSTOS;38623,86;38623,86;38623,86
9287865;251;2023-07-25 00:00:00;ASSOCIACAO DOS PEQUENOS PRODUTORES DE PORTEIRAS;25.229.337/0001-04;1231;SEAPA;SECRETARIA DE ESTADO DE AGRICULTURA, PECUARIA E ABASTECIMENTO - SEAPA;41;CONTRIBUICOES;1;CONTRIBUICOES;10;RECURSOS ORDINARIOS - RECURSOS NAO VINCULADOS DE IMPOSTOS;38824,06;38824,06;38824,06
9292240;3869;2023-12-28 00:00:00;PM NOVA SERRANA;18.291.385/0001-59;1261;SEE;SECRETARIA DE ESTADO DE EDUCACAO;42;AUXILIOS;1;AUXILIOS;10;RECURSOS ORDINARIOS - RECURSOS NAO VINCULADOS DE IMPOSTOS;239078,39;239078,39;0,0
9294182;426;2023-08-04 00:00:00;AJUDA-ALIANCA JUIZFORANA PELA DEFESA DOS ANIMAIS;06.251.518/0001-84;1371;SEMAD;SECRETARIA DE ESTADO DE MEIO AMBIENTE E DESENVOLVIMENTO SUSTENTAVEL;41;CONTRIBUICOES;1;CONTRIBUICOES;10;RECURSOS ORDINARIOS - RECURSOS NAO VINCULADOS DE IMPOSTOS;800000,0;800000,0;800000,0
9301439;3195;2023-08-04 00:00:00;ASSOCIACAO CENTRO DE EDUCACAO TECNOLOGICA DO ESTADO DA BAHIA;02.663.026/0001-45;1261;SEE;SECRETARIA DE ESTADO DE EDUCACAO;39;OUTROS SERVICOS DE TERCEIROS - PESSOA JURIDICA;92;CONTRATO DE GESTAO COM ORGANIZACAO SOCIAL - OS;21;COTA ESTADUAL DO SALARIO EDUCACAO - QESE;3255582,72;3255582,72;3255582,72
9301441;3194;2023-08-04 00:00:00;ASSOCIACAO CENTRO DE EDUCACAO TECNOLOGICA DO ESTADO DA BAHIA;02.663.026/0001-45;1261;SEE;SECRETARIA DE ESTADO DE EDUCACAO;39;OUTROS SERVICOS DE TERCEIROS - PESSOA JURIDICA;92;CONTRATO DE GESTAO COM ORGANIZACAO SOCIAL - OS;21;COTA ESTADUAL DO SALARIO EDUCACAO - QESE;4086368,38;4086368,38;4086368,38
9301442;2844;2023-08-01 00:00:00;ASSOCIACAO CENTRO DE EDUCACAO TECNOLOGICA DO ESTADO DA BAHIA;02.663.026/0001-45;1261;SEE;SECRETARIA DE ESTADO DE EDUCACAO;39;OUTROS SERVICOS DE TERCEIROS - PESSOA JURIDICA;92;CONTRATO DE GESTAO COM ORGANIZACAO SOCIAL - OS;21;COTA ESTADUAL DO SALARIO EDUCACAO - QESE;465211,15;465211,15;465211,15
9301442;3274;2023-12-21 00:00:00;ASSOCIACAO CENTRO DE EDUCACAO TECNOLOGICA DO ESTADO DA BAHIA;02.663.026/0001-45;1261;SEE;SECRETARIA DE ESTADO DE EDUCACAO;39;OUTROS SERVICOS DE TERCEIROS - PESSOA JURIDICA;92;CONTRATO DE GESTAO COM ORGANIZACAO SOCIAL - OS;21;COTA ESTADUAL DO SALARIO EDUCACAO - QESE;2007179,16;2007179,16;2007179,16
9314874;3271;2023-12-28 00:00:00;PM CONGONHAS DO NORTE;18.303.180/0001-46;1261;SEE;SECRETARIA DE ESTADO DE EDUCACAO;42;AUXILIOS;1;AUXILIOS;10;RECURSOS ORDINARIOS - RECURSOS NAO VINCULADOS DE IMPOSTOS;189311,63;189311,63;0,0
9315225;2217;2023-12-28 00:00:00;PM IPANEMA;18.334.292/0001-64;1261;SEE;SECRETARIA DE ESTADO DE EDUCACAO;42;AUXILIOS;1;AUXILIOS;10;RECURSOS ORDINARIOS - RECURSOS NAO VINCULADOS DE IMPOSTOS;230238,24;230238,24;0,0
9315647;322;2023-12-15 00:00:00;PM ARAGUARI;16.829.640/0001-49;1221;SEDE;SECRETARIA DE ESTADO DE DESENVOLVIMENTO ECONOMICO;41;CONTRIBUICOES;1;CONTRIBUICOES;32;EXPLORACAO DE RECURSOS MINERAIS;829088,68;829088,68;0,0
9317320;1580;2023-12-28 00:00:00;PM JEQUITAI;18.279.083/0001-65;1261;SEE;SECRETARIA DE ESTADO DE EDUCACAO;42;AUXILIOS;1;AUXILIOS;10;RECURSOS ORDINARIOS - RECURSOS NAO VINCULADOS DE IMPOSTOS;1451179,75;1451179,75;0,0
9317414;326;2023-12-18 00:00:00;PM PINGO D'AGUA;01.613.204/0001-60;1221;SEDE;SECRETARIA DE ESTADO DE DESENVOLVIMENTO ECONOMICO;41;CONTRIBUICOES;1;CONTRIBUICOES;32;EXPLORACAO DE RECURSOS MINERAIS;168000,0;168000,0;0,0
9317414;347;2023-12-28 00:00:00;PM PINGO D'AGUA;01.613.204/0001-60;1221;SEDE;SECRETARIA DE ESTADO DE DESENVOLVIMENTO ECONOMICO;41;CONTRIBUICOES;1;CONTRIBUICOES;32;EXPLORACAO DE RECURSOS MINERAIS;140000,0;0,0;0,0
9317500;1117;2023-12-27 00:00:00;PM SAO JOAO EVANGELISTA;18.307.488/0001-60;1261;SEE;SECRETARIA DE ESTADO DE EDUCACAO;42;AUXILIOS;1;AUXILIOS;10;RECURSOS ORDINARIOS - RECURSOS NAO VINCULADOS DE IMPOSTOS;1406750,01;1406750,01;1406750,01
9317508;325;2023-12-18 00:00:00;PM PATOS DE MINAS;18.602.011/0001-07;1221;SEDE;SECRETARIA DE ESTADO DE DESENVOLVIMENTO ECONOMICO;41;CONTRIBUICOES;1;CONTRIBUICOES;32;EXPLORACAO DE RECURSOS MINERAIS;387975,0;387975,0;0,0
9317508;346;2023-12-28 00:00:00;PM PATOS DE MINAS;18.602.011/0001-07;1221;SEDE;SECRETARIA DE ESTADO DE DESENVOLVIMENTO ECONOMICO;41;CONTRIBUICOES;1;CONTRIBUICOES;32;EXPLORACAO DE RECURSOS MINERAIS;228300,0;0,0;0,0
9317848;424;2023-08-04 00:00:00;CONSORCIO INTERMUNICIPAL DA BAIXA MOGIANA;32.308.233/0001-42;1371;SEMAD;SECRETARIA DE ESTADO DE MEIO AMBIENTE E DESENVOLVIMENTO SUSTENTAVEL;41;CONTRIBUICOES;1;CONTRIBUICOES;10;RECURSOS ORDINARIOS - RECURSOS NAO VINCULADOS DE IMPOSTOS;200000,0;200000,0;200000,0
9318094;35;2023-12-28 00:00:00;ASSOCIACAO COMUNIDADE TERAPEUTICA MAES & FILHOS;17.246.772/0001-00;1451;SEJUSP;SECRETARIA DE ESTADO DE JUSTICA E SEGURANCA PUBLICA;43;SUBVENCOES SOCIAIS;1;SUBVENCOES SOCIAIS;10;RECURSOS ORDINARIOS - RECURSOS NAO VINCULADOS DE IMPOSTOS;86953,8;86953,8;0,0
9318094;40;2023-06-28 00:00:00;ASSOCIACAO COMUNIDADE TERAPEUTICA MAES & FILHOS;17.246.772/0001-00;1481;SEDESE;SECRETARIA DE ESTADO DE DESENVOLVIMENTO SOCIAL;43;SUBVENCOES SOCIAIS;1;SUBVENCOES SOCIAIS;10;RECURSOS ORDINARIOS - RECURSOS NAO VINCULADOS DE IMPOSTOS;86953,8;86953,8;86953,8
9318105;5;2023-12-26 00:00:00;COMUNIDADE REVIVER;26.232.447/0002-60;1451;SEJUSP;SECRETARIA DE ESTADO DE JUSTICA E SEGURANCA PUBLICA;43;SUBVENCOES SOCIAIS;1;SUBVENCOES SOCIAIS;10;RECURSOS ORDINARIOS - RECURSOS NAO VINCULADOS DE IMPOSTOS;86954,0;86954,0;86954,0
9318105;43;2023-06-28 00:00:00;COMUNIDADE REVIVER;26.232.447/0002-60;1481;SEDESE;SECRETARIA DE ESTADO DE DESENVOLVIMENTO SOCIAL;43;SUBVENCOES SOCIAIS;1;SUBVENCOES SOCIAIS;10;RECURSOS ORDINARIOS - RECURSOS NAO VINCULADOS DE IMPOSTOS;86954,0;86954,0;86954,0
9318117;37;2023-12-28 00:00:00;ASSOCIACAO MAE ADMIRAVEL;22.691.398/0001-92;1451;SEJUSP;SECRETARIA DE ESTADO DE JUSTICA E SEGURANCA PUBLICA;43;SUBVENCOES SOCIAIS;1;SUBVENCOES SOCIAIS;10;RECURSOS ORDINARIOS - RECURSOS NAO VINCULADOS DE IMPOSTOS;86949,3;86949,3;0,0
9318117;46;2023-06-29 00:00:00;ASSOCIACAO MAE ADMIRAVEL;22.691.398/0001-92;1481;SEDESE;SECRETARIA DE ESTADO DE DESENVOLVIMENTO SOCIAL;43;SUBVENCOES SOCIAIS;1;SUBVENCOES SOCIAIS;10;RECURSOS ORDINARIOS - RECURSOS NAO VINCULADOS DE IMPOSTOS;86949,3;86949,3;86949,3
9318121;22;2023-12-27 00:00:00;ASSOCIACAO COMUNITARIA DE PREVENCAO AO USO INDEVIDO DE DROGAS;03.015.043/0001-39;1451;SEJUSP;SECRETARIA DE ESTADO DE JUSTICA E SEGURANCA PUBLICA;43;SUBVENCOES SOCIAIS;1;SUBVENCOES SOCIAIS;10;RECURSOS ORDINARIOS - RECURSOS NAO VINCULADOS DE IMPOSTOS;78499,98;78499,98;0,0
9318121;79;2023-07-18 00:00:00;ASSOCIACAO COMUNITARIA DE PREVENCAO AO USO INDEVIDO DE DROGAS;03.015.043/0001-39;1481;SEDESE;SECRETARIA DE ESTADO DE DESENVOLVIMENTO SOCIAL;43;SUBVENCOES SOCIAIS;1;SUBVENCOES SOCIAIS;10;RECURSOS ORDINARIOS - RECURSOS NAO VINCULADOS DE IMPOSTOS;78499,98;78499,98;78499,98
9318123;14;2023-12-27 00:00:00;SER SERVICO EVANGELICO DE REABILITACAO;20.734.505/0002-78;1451;SEJUSP;SECRETARIA DE ESTADO DE JUSTICA E SEGURANCA PUBLICA;43;SUBVENCOES SOCIAIS;1;SUBVENCOES SOCIAIS;10;RECURSOS ORDINARIOS - RECURSOS NAO VINCULADOS DE IMPOSTOS;86954,0;86954,0;0,0
9318123;38;2023-06-28 00:00:00;SER SERVICO EVANGELICO DE REABILITACAO;20.734.505/0002-78;1481;SEDESE;SECRETARIA DE ESTADO DE DESENVOLVIMENTO SOCIAL;43;SUBVENCOES SOCIAIS;1;SUBVENCOES SOCIAIS;10;RECURSOS ORDINARIOS - RECURSOS NAO VINCULADOS DE IMPOSTOS;0,0;0,0;0,0
9318123;39;2023-06-28 00:00:00;SER SERVICO EVANGELICO DE REABILITACAO;20.734.505/0002-78;1481;SEDESE;SECRETARIA DE ESTADO DE DESENVOLVIMENTO SOCIAL;43;SUBVENCOES SOCIAIS;1;SUBVENCOES SOCIAIS;10;RECURSOS ORDINARIOS - RECURSOS NAO VINCULADOS DE IMPOSTOS;86954,0;86954,0;86954,0
9318125;23;2023-12-27 00:00:00;FUNDACAO MARIANENSE DE EDUCACAO;22.390.686/0001-07;1451;SEJUSP;SECRETARIA DE ESTADO DE JUSTICA E SEGURANCA PUBLICA;43;SUBVENCOES SOCIAIS;1;SUBVENCOES SOCIAIS;10;RECURSOS ORDINARIOS - RECURSOS NAO VINCULADOS DE IMPOSTOS;86954,0;86954,0;0,0
9318125;41;2023-06-28 00:00:00;FUNDACAO MARIANENSE DE EDUCACAO;22.390.686/0001-07;1481;SEDESE;SECRETARIA DE ESTADO DE DESENVOLVIMENTO SOCIAL;43;SUBVENCOES SOCIAIS;1;SUBVENCOES SOCIAIS;10;RECURSOS ORDINARIOS - RECURSOS NAO VINCULADOS DE IMPOSTOS;86954,0;86954,0;86954,0
9318128;41;2023-12-28 00:00:00;COMUNIDADE TERAPEUTICA FAMILIA EM CRISTO;19.215.751/0001-53;1451;SEJUSP;SECRETARIA DE ESTADO DE JUSTICA E SEGURANCA PUBLICA;43;SUBVENCOES SOCIAIS;1;SUBVENCOES SOCIAIS;10;RECURSOS ORDINARIOS - RECURSOS NAO VINCULADOS DE IMPOSTOS;86954,0;86954,0;0,0
9318128;72;2023-06-30 00:00:00;COMUNIDADE TERAPEUTICA FAMILIA EM CRISTO;19.215.751/0001-53;1481;SEDESE;SECRETARIA DE ESTADO DE DESENVOLVIMENTO SOCIAL;43;SUBVENCOES SOCIAIS;1;SUBVENCOES SOCIAIS;10;RECURSOS ORDINARIOS - RECURSOS NAO VINCULADOS DE IMPOSTOS;0,0;0,0;0,0
9318128;73;2023-06-30 00:00:00;COMUNIDADE TERAPEUTICA FAMILIA EM CRISTO;19.215.751/0001-53;1481;SEDESE;SECRETARIA DE ESTADO DE DESENVOLVIMENTO SOCIAL;43;SUBVENCOES SOCIAIS;1;SUBVENCOES SOCIAIS;10;RECURSOS ORDINARIOS - RECURSOS NAO VINCULADOS DE IMPOSTOS;86953,91;86953,91;86953,91
9318129;17;2023-12-27 00:00:00;GRUPO SALVA VIDAS;23.098.718/0003-20;1451;SEJUSP;SECRETARIA DE ESTADO DE JUSTICA E SEGURANCA PUBLICA;43;SUBVENCOES SOCIAIS;1;SUBVENCOES SOCIAIS;10;RECURSOS ORDINARIOS - RECURSOS NAO VINCULADOS DE IMPOSTOS;86954,0;86954,0;0,0
9318129;78;2023-07-03 00:00:00;GRUPO SALVA VIDAS;23.098.718/0003-20;1481;SEDESE;SECRETARIA DE ESTADO DE DESENVOLVIMENTO SOCIAL;43;SUBVENCOES SOCIAIS;1;SUBVENCOES SOCIAIS;10;RECURSOS ORDINARIOS - RECURSOS NAO VINCULADOS DE IMPOSTOS;86908,24;86908,24;86908,24
9318133;13;2023-12-27 00:00:00;ASSOCIACAO GRUPO SARAI;03.782.573/0001-02;1451;SEJUSP;SECRETARIA DE ESTADO DE JUSTICA E SEGURANCA PUBLICA;43;SUBVENCOES SOCIAIS;1;SUBVENCOES SOCIAIS;10;RECURSOS ORDINARIOS - RECURSOS NAO VINCULADOS DE IMPOSTOS;86954,0;86954,0;0,0
9318133;44;2023-06-28 00:00:00;ASSOCIACAO GRUPO SARAI;03.782.573/0001-02;1481;SEDESE;SECRETARIA DE ESTADO DE DESENVOLVIMENTO SOCIAL;43;SUBVENCOES SOCIAIS;1;SUBVENCOES SOCIAIS;10;RECURSOS ORDINARIOS - RECURSOS NAO VINCULADOS DE IMPOSTOS;86954,0;86954,0;86954,0
9318134;18;2023-12-27 00:00:00;C.R.J.F.C.D.-CENTRO DE RECUPERACAO JUIZ DE FORA CONTRA AS DROGAS;05.467.433/0001-75;1451;SEJUSP;SECRETARIA DE ESTADO DE JUSTICA E SEGURANCA PUBLICA;43;SUBVENCOES SOCIAIS;1;SUBVENCOES SOCIAIS;10;RECURSOS ORDINARIOS - RECURSOS NAO VINCULADOS DE IMPOSTOS;86954,0;86954,0;0,0
9318134;42;2023-06-28 00:00:00;C.R.J.F.C.D.-CENTRO DE RECUPERACAO JUIZ DE FORA CONTRA AS DROGAS;05.467.433/0001-75;1481;SEDESE;SECRETARIA DE ESTADO DE DESENVOLVIMENTO SOCIAL;43;SUBVENCOES SOCIAIS;1;SUBVENCOES SOCIAIS;10;RECURSOS ORDINARIOS - RECURSOS NAO VINCULADOS DE IMPOSTOS;86952,42;86952,42;86952,42
9318145;33;2023-12-27 00:00:00;SER SERVICO EVANGELICO DE REABILITACAO;20.734.505/0003-59;1451;SEJUSP;SECRETARIA DE ESTADO DE JUSTICA E SEGURANCA PUBLICA;43;SUBVENCOES SOCIAIS;1;SUBVENCOES SOCIAIS;10;RECURSOS ORDINARIOS - RECURSOS NAO VINCULADOS DE IMPOSTOS;78500,0;78500,0;0,0
9318145;81;2023-08-23 00:00:00;SER SERVICO EVANGELICO DE REABILITACAO;20.734.505/0003-59;1481;SEDESE;SECRETARIA DE ESTADO DE DESENVOLVIMENTO SOCIAL;43;SUBVENCOES SOCIAIS;1;SUBVENCOES SOCIAIS;10;RECURSOS ORDINARIOS - RECURSOS NAO VINCULADOS DE IMPOSTOS;78500,0;78500,0;78500,0
9318146;16;2023-12-27 00:00:00;OBRAS SOCIAIS AGUA VIVA;06.951.814/0001-98;1451;SEJUSP;SECRETARIA DE ESTADO DE JUSTICA E SEGURANCA PUBLICA;43;SUBVENCOES SOCIAIS;1;SUBVENCOES SOCIAIS;10;RECURSOS ORDINARIOS - RECURSOS NAO VINCULADOS DE IMPOSTOS;86954,0;86954,0;0,0
9318146;76;2023-06-30 00:00:00;OBRAS SOCIAIS AGUA VIVA;06.951.814/0001-98;1481;SEDESE;SECRETARIA DE ESTADO DE DESENVOLVIMENTO SOCIAL;43;SUBVENCOES SOCIAIS;1;SUBVENCOES SOCIAIS;10;RECURSOS ORDINARIOS - RECURSOS NAO VINCULADOS DE IMPOSTOS;86954,0;86954,0;86954,0
9318149;31;2023-12-27 00:00:00;COMVIDA - COMUNIDADE TERAPEUTICA FAZENDA VIDA NOVA;02.970.363/0001-85;1451;SEJUSP;SECRETARIA DE ESTADO DE JUSTICA E SEGURANCA PUBLICA;43;SUBVENCOES SOCIAIS;1;SUBVENCOES SOCIAIS;10;RECURSOS ORDINARIOS - RECURSOS NAO VINCULADOS DE IMPOSTOS;86954,0;86954,0;0,0
9318149;70;2023-06-30 00:00:00;COMVIDA - COMUNIDADE TERAPEUTICA FAZENDA VIDA NOVA;02.970.363/0001-85;1481;SEDESE;SECRETARIA DE ESTADO DE DESENVOLVIMENTO SOCIAL;43;SUBVENCOES SOCIAIS;1;SUBVENCOES SOCIAIS;10;RECURSOS ORDINARIOS - RECURSOS NAO VINCULADOS DE IMPOSTOS;86954,0;86954,0;86954,0
9318151;25;2023-12-27 00:00:00;FUNDACAO MARIANENSE DE EDUCACAO;22.390.686/0006-11;1451;SEJUSP;SECRETARIA DE ESTADO DE JUSTICA E SEGURANCA PUBLICA;43;SUBVENCOES SOCIAIS;1;SUBVENCOES SOCIAIS;10;RECURSOS ORDINARIOS - RECURSOS NAO VINCULADOS DE IMPOSTOS;86954,0;86954,0;0,0
9318151;74;2023-06-30 00:00:00;FUNDACAO MARIANENSE DE EDUCACAO;22.390.686/0006-11;1481;SEDESE;SECRETARIA DE ESTADO DE DESENVOLVIMENTO SOCIAL;43;SUBVENCOES SOCIAIS;1;SUBVENCOES SOCIAIS;10;RECURSOS ORDINARIOS - RECURSOS NAO VINCULADOS DE IMPOSTOS;86954,0;86954,0;86954,0
9318152;26;2023-12-27 00:00:00;ESQUADRAO DA VIDA DE MONTES CLAROS;25.224.130/0001-39;1451;SEJUSP;SECRETARIA DE ESTADO DE JUSTICA E SEGURANCA PUBLICA;43;SUBVENCOES SOCIAIS;1;SUBVENCOES SOCIAIS;10;RECURSOS ORDINARIOS - RECURSOS NAO VINCULADOS DE IMPOSTOS;86954,0;86954,0;0,0
9318152;71;2023-06-30 00:00:00;ESQUADRAO DA VIDA DE MONTES CLAROS;25.224.130/0001-39;1481;SEDESE;SECRETARIA DE ESTADO DE DESENVOLVIMENTO SOCIAL;43;SUBVENCOES SOCIAIS;1;SUBVENCOES SOCIAIS;10;RECURSOS ORDINARIOS - RECURSOS NAO VINCULADOS DE IMPOSTOS;86953,68;86953,68;86953,68
9318155;34;2023-12-27 00:00:00;ACAO SOCIAL CENTRO DE REINTEGRACAO A SOCIEDADE MAIS QUE VENCEDORES;16.801.598/0001-58;1451;SEJUSP;SECRETARIA DE ESTADO DE JUSTICA E SEGURANCA PUBLICA;43;SUBVENCOES SOCIAIS;1;SUBVENCOES SOCIAIS;10;RECURSOS ORDINARIOS - RECURSOS NAO VINCULADOS DE IMPOSTOS;86698,26;86698,26;0,0
9318155;75;2023-06-30 00:00:00;ACAO SOCIAL CENTRO DE REINTEGRACAO A SOCIEDADE MAIS QUE VENCEDORES;16.801.598/0001-58;1481;SEDESE;SECRETARIA DE ESTADO DE DESENVOLVIMENTO SOCIAL;43;SUBVENCOES SOCIAIS;1;SUBVENCOES SOCIAIS;10;RECURSOS ORDINARIOS - RECURSOS NAO VINCULADOS DE IMPOSTOS;86698,26;86698,26;86698,26
9318235;426;2023-06-14 00:00:00;SETE GUARDAS DE NOSSA SENHORA DO ROSARIO;20.899.142/0001-40;1271;SECULT;SECRETARIA DE ESTADO DE CULTURA E TURISMO;42;AUXILIOS;1;AUXILIOS;10;RECURSOS ORDINARIOS - RECURSOS NAO VINCULADOS DE IMPOSTOS;200000,0;200000,0;200000,0
9318246;7;2023-12-26 00:00:00;SER - SERVICO EVANGELICO DE REABILITACAO DE ARAGUARI;03.424.768/0001-80;1451;SEJUSP;SECRETARIA DE ESTADO DE JUSTICA E SEGURANCA PUBLICA;43;SUBVENCOES SOCIAIS;1;SUBVENCOES SOCIAIS;10;RECURSOS ORDINARIOS - RECURSOS NAO VINCULADOS DE IMPOSTOS;86954,0;86954,0;86954,0
9318246;77;2023-06-30 00:00:00;SER - SERVICO EVANGELICO DE REABILITACAO DE ARAGUARI;03.424.768/0001-80;1481;SEDESE;SECRETARIA DE ESTADO DE DESENVOLVIMENTO SOCIAL;43;SUBVENCOES SOCIAIS;1;SUBVENCOES SOCIAIS;10;RECURSOS ORDINARIOS - RECURSOS NAO VINCULADOS DE IMPOSTOS;86954,0;86954,0;86954,0
9318341;21;2023-12-27 00:00:00;ASSOCIACAO CRISTA BANCO DA SOLIDARIEDADE;10.320.290/0001-04;1451;SEJUSP;SECRETARIA DE ESTADO DE JUSTICA E SEGURANCA PUBLICA;43;SUBVENCOES SOCIAIS;1;SUBVENCOES SOCIAIS;10;RECURSOS ORDINARIOS - RECURSOS NAO VINCULADOS DE IMPOSTOS;86838,54;86838,54;0,0
9318341;65;2023-06-29 00:00:00;ASSOCIACAO CRISTA BANCO DA SOLIDARIEDADE;10.320.290/0001-04;1481;SEDESE;SECRETARIA DE ESTADO DE DESENVOLVIMENTO SOCIAL;43;SUBVENCOES SOCIAIS;1;SUBVENCOES SOCIAIS;10;RECURSOS ORDINARIOS - RECURSOS NAO VINCULADOS DE IMPOSTOS;86838,54;86838,54;86838,54
9318347;10;2023-12-27 00:00:00;COMUNIDADE TERAPEUTICA CASA DIA;04.970.973/0001-04;1451;SEJUSP;SECRETARIA DE ESTADO DE JUSTICA E SEGURANCA PUBLICA;43;SUBVENCOES SOCIAIS;1;SUBVENCOES SOCIAIS;10;RECURSOS ORDINARIOS - RECURSOS NAO VINCULADOS DE IMPOSTOS;86954,0;86954,0;0,0
9318347;64;2023-06-29 00:00:00;COMUNIDADE TERAPEUTICA CASA DIA;04.970.973/0001-04;1481;SEDESE;SECRETARIA DE ESTADO DE DESENVOLVIMENTO SOCIAL;43;SUBVENCOES SOCIAIS;1;SUBVENCOES SOCIAIS;10;RECURSOS ORDINARIOS - RECURSOS NAO VINCULADOS DE IMPOSTOS;86954,0;86954,0;86954,0
9318350;29;2023-12-27 00:00:00;COMUNIDADE TERAPEUTICA FILHOS DO REI;13.134.031/0001-87;1451;SEJUSP;SECRETARIA DE ESTADO DE JUSTICA E SEGURANCA PUBLICA;43;SUBVENCOES SOCIAIS;1;SUBVENCOES SOCIAIS;10;RECURSOS ORDINARIOS - RECURSOS NAO VINCULADOS DE IMPOSTOS;86954,0;86954,0;0,0
9318350;63;2023-06-29 00:00:00;COMUNIDADE TERAPEUTICA FILHOS DO REI;13.134.031/0001-87;1481;SEDESE;SECRETARIA DE ESTADO DE DESENVOLVIMENTO SOCIAL;43;SUBVENCOES SOCIAIS;1;SUBVENCOES SOCIAIS;10;RECURSOS ORDINARIOS - RECURSOS NAO VINCULADOS DE IMPOSTOS;86954,0;86954,0;86954,0
9318405;82;2023-08-23 00:00:00;INSTITUTO EMANUEL ALFA - IEA;19.140.533/0001-05;1481;SEDESE;SECRETARIA DE ESTADO DE DESENVOLVIMENTO SOCIAL;43;SUBVENCOES SOCIAIS;1;SUBVENCOES SOCIAIS;10;RECURSOS ORDINARIOS - RECURSOS NAO VINCULADOS DE IMPOSTOS;86954,0;86954,0;86954,0
9318441;4;2023-12-26 00:00:00;CENTRO DE REINTEGRACAO SOCIAL BEIJA-FLOR;04.327.366/0002-01;1451;SEJUSP;SECRETARIA DE ESTADO DE JUSTICA E SEGURANCA PUBLICA;43;SUBVENCOES SOCIAIS;1;SUBVENCOES SOCIAIS;10;RECURSOS ORDINARIOS - RECURSOS NAO VINCULADOS DE IMPOSTOS;86954,0;86954,0;86954,0
9318441;59;2023-06-29 00:00:00;CENTRO DE REINTEGRACAO SOCIAL BEIJA-FLOR;04.327.366/0002-01;1481;SEDESE;SECRETARIA DE ESTADO DE DESENVOLVIMENTO SOCIAL;43;SUBVENCOES SOCIAIS;1;SUBVENCOES SOCIAIS;10;RECURSOS ORDINARIOS - RECURSOS NAO VINCULADOS DE IMPOSTOS;86953,98;86953,98;86953,98
9318468;350;2023-12-29 00:00:00;PM ESMERALDAS;18.715.466/0001-39;1221;SEDE;SECRETARIA DE ESTADO DE DESENVOLVIMENTO ECONOMICO;41;CONTRIBUICOES;1;CONTRIBUICOES;32;EXPLORACAO DE RECURSOS MINERAIS;216757,15;0,0;0,0
9318470;332;2023-12-22 00:00:00;PM CORREGO NOVO;18.334.284/0001-18;1221;SEDE;SECRETARIA DE ESTADO DE DESENVOLVIMENTO ECONOMICO;41;CONTRIBUICOES;1;CONTRIBUICOES;32;EXPLORACAO DE RECURSOS MINERAIS;0,0;0,0;0,0
9318470;338;2023-12-28 00:00:00;PM CORREGO NOVO;18.334.284/0001-18;1221;SEDE;SECRETARIA DE ESTADO DE DESENVOLVIMENTO ECONOMICO;41;CONTRIBUICOES;1;CONTRIBUICOES;32;EXPLORACAO DE RECURSOS MINERAIS;59040,0;0,0;0,0
9318470;352;2023-12-29 00:00:00;PM CORREGO NOVO;18.334.284/0001-18;1221;SEDE;SECRETARIA DE ESTADO DE DESENVOLVIMENTO ECONOMICO;41;CONTRIBUICOES;1;CONTRIBUICOES;32;EXPLORACAO DE RECURSOS MINERAIS;62400,0;62400,0;0,0
9318481;3;2023-12-26 00:00:00;CEAMI - REABILITACAO PARA A VIDA;03.744.116/0001-23;1451;SEJUSP;SECRETARIA DE ESTADO DE JUSTICA E SEGURANCA PUBLICA;43;SUBVENCOES SOCIAIS;1;SUBVENCOES SOCIAIS;10;RECURSOS ORDINARIOS - RECURSOS NAO VINCULADOS DE IMPOSTOS;86954,0;86954,0;86954,0
9318481;62;2023-06-29 00:00:00;CEAMI - REABILITACAO PARA A VIDA;03.744.116/0001-23;1481;SEDESE;SECRETARIA DE ESTADO DE DESENVOLVIMENTO SOCIAL;43;SUBVENCOES SOCIAIS;1;SUBVENCOES SOCIAIS;10;RECURSOS ORDINARIOS - RECURSOS NAO VINCULADOS DE IMPOSTOS;86954,0;86954,0;86954,0
9318503;1522;2023-07-19 00:00:00;PM INHAPIM;20.905.865/0001-04;1261;SEE;SECRETARIA DE ESTADO DE EDUCACAO;42;AUXILIOS;1;AUXILIOS;10;RECURSOS ORDINARIOS - RECURSOS NAO VINCULADOS DE IMPOSTOS;1131549,33;1131549,33;1131549,33
9318532;24;2023-12-27 00:00:00;COMUNIDADE TERAPEUTICA ETM;09.405.431/0001-02;1451;SEJUSP;SECRETARIA DE ESTADO DE JUSTICA E SEGURANCA PUBLICA;43;SUBVENCOES SOCIAIS;1;SUBVENCOES SOCIAIS;10;RECURSOS ORDINARIOS - RECURSOS NAO VINCULADOS DE IMPOSTOS;86954,0;86954,0;0,0
9318532;84;2023-09-05 00:00:00;COMUNIDADE TERAPEUTICA ETM;09.405.431/0001-02;1481;SEDESE;SECRETARIA DE ESTADO DE DESENVOLVIMENTO SOCIAL;43;SUBVENCOES SOCIAIS;1;SUBVENCOES SOCIAIS;10;RECURSOS ORDINARIOS - RECURSOS NAO VINCULADOS DE IMPOSTOS;86954,0;86954,0;86954,0
9318544;985;2023-09-21 00:00:00;PM DORES DO INDAIA;18.301.010/0001-22;1261;SEE;SECRETARIA DE ESTADO DE EDUCACAO;42;AUXILIOS;1;AUXILIOS;10;RECURSOS ORDINARIOS - RECURSOS NAO VINCULADOS DE IMPOSTOS;636000,0;636000,0;636000,0
9318551;333;2023-02-03 00:00:00;PM GUIMARANIA;18.602.052/0001-01;1261;SEE;SECRETARIA DE ESTADO DE EDUCACAO;42;AUXILIOS;1;AUXILIOS;10;RECURSOS ORDINARIOS - RECURSOS NAO VINCULADOS DE IMPOSTOS;359300,0;359300,0;359300,0
9318589;19;2023-12-27 00:00:00;ASSOCIACAO BATISTA DE ASSISTENCIA SOCIAL;17.177.874/0001-11;1451;SEJUSP;SECRETARIA DE ESTADO DE JUSTICA E SEGURANCA PUBLICA;43;SUBVENCOES SOCIAIS;1;SUBVENCOES SOCIAIS;10;RECURSOS ORDINARIOS - RECURSOS NAO VINCULADOS DE IMPOSTOS;78480,18;78480,18;0,0
9318589;54;2023-06-29 00:00:00;ASSOCIACAO BATISTA DE ASSISTENCIA SOCIAL;17.177.874/0001-11;1481;SEDESE;SECRETARIA DE ESTADO DE DESENVOLVIMENTO SOCIAL;43;SUBVENCOES SOCIAIS;1;SUBVENCOES SOCIAIS;10;RECURSOS ORDINARIOS - RECURSOS NAO VINCULADOS DE IMPOSTOS;78480,2;78480,2;78480,2
9318615;6262;2023-12-22 00:00:00;SOCIEDADE BENEFICENTE SAO CAMILO;60.975.737/0033-39;4291;FES;FUNDO ESTADUAL DE SAUDE;42;AUXILIOS;1;AUXILIOS;10;RECURSOS ORDINARIOS - RECURSOS NAO VINCULADOS DE IMPOSTOS;159133,32;159133,32;159133,32
9318616;9;2023-12-27 00:00:00;ASSOCIACAO TEMPLO DE ISRAEL;11.423.964/0001-69;1451;SEJUSP;SECRETARIA DE ESTADO DE JUSTICA E SEGURANCA PUBLICA;43;SUBVENCOES SOCIAIS;1;SUBVENCOES SOCIAIS;10;RECURSOS ORDINARIOS - RECURSOS NAO VINCULADOS DE IMPOSTOS;86760,36;86760,36;0,0
9318616;57;2023-06-29 00:00:00;ASSOCIACAO TEMPLO DE ISRAEL;11.423.964/0001-69;1481;SEDESE;SECRETARIA DE ESTADO DE DESENVOLVIMENTO SOCIAL;43;SUBVENCOES SOCIAIS;1;SUBVENCOES SOCIAIS;10;RECURSOS ORDINARIOS - RECURSOS NAO VINCULADOS DE IMPOSTOS;86760,36;86760,36;86760,36
9318638;52;2023-06-29 00:00:00;ASSOCIACAO ESPORTIVA FUTEBOL E VIDA;20.628.142/0001-05;1481;SEDESE;SECRETARIA DE ESTADO DE DESENVOLVIMENTO SOCIAL;43;SUBVENCOES SOCIAIS;1;SUBVENCOES SOCIAIS;10;RECURSOS ORDINARIOS - RECURSOS NAO VINCULADOS DE IMPOSTOS;74956,58;74956,58;74956,58
9318643;85;2023-11-23 00:00:00;COMUNIDADE NOVA JERUSALEM;70.934.914/0001-05;1481;SEDESE;SECRETARIA DE ESTADO DE DESENVOLVIMENTO SOCIAL;43;SUBVENCOES SOCIAIS;1;SUBVENCOES SOCIAIS;10;RECURSOS ORDINARIOS - RECURSOS NAO VINCULADOS DE IMPOSTOS;86954,0;86954,0;86954,0
9318645;28;2023-12-27 00:00:00;PROJETO EBENEZER;22.997.041/0001-37;1451;SEJUSP;SECRETARIA DE ESTADO DE JUSTICA E SEGURANCA PUBLICA;43;SUBVENCOES SOCIAIS;1;SUBVENCOES SOCIAIS;10;RECURSOS ORDINARIOS - RECURSOS NAO VINCULADOS DE IMPOSTOS;86507,52;86507,52;0,0
9318645;56;2023-06-29 00:00:00;PROJETO EBENEZER;22.997.041/0001-37;1481;SEDESE;SECRETARIA DE ESTADO DE DESENVOLVIMENTO SOCIAL;43;SUBVENCOES SOCIAIS;1;SUBVENCOES SOCIAIS;10;RECURSOS ORDINARIOS - RECURSOS NAO VINCULADOS DE IMPOSTOS;86507,52;86507,52;86507,52
9318649;30;2023-12-27 00:00:00;ACAO SOCIAL CENTRO DE REINTEGRACAO A SOCIEDADE MAIS QUE VENCEDORES;16.801.598/0002-39;1451;SEJUSP;SECRETARIA DE ESTADO DE JUSTICA E SEGURANCA PUBLICA;43;SUBVENCOES SOCIAIS;1;SUBVENCOES SOCIAIS;10;RECURSOS ORDINARIOS - RECURSOS NAO VINCULADOS DE IMPOSTOS;86645,58;86645,58;0,0
9318649;49;2023-06-29 00:00:00;ACAO SOCIAL CENTRO DE REINTEGRACAO A SOCIEDADE MAIS QUE VENCEDORES;16.801.598/0002-39;1481;SEDESE;SECRETARIA DE ESTADO DE DESENVOLVIMENTO SOCIAL;43;SUBVENCOES SOCIAIS;1;SUBVENCOES SOCIAIS;10;RECURSOS ORDINARIOS - RECURSOS NAO VINCULADOS DE IMPOSTOS;86645,58;86645,58;86645,58
9318686;27;2023-12-27 00:00:00;CENTRO MADRE TEREZA;03.759.408/0001-30;1451;SEJUSP;SECRETARIA DE ESTADO DE JUSTICA E SEGURANCA PUBLICA;43;SUBVENCOES SOCIAIS;1;SUBVENCOES SOCIAIS;10;RECURSOS ORDINARIOS - RECURSOS NAO VINCULADOS DE IMPOSTOS;86954,0;86954,0;0,0
9318686;83;2023-09-04 00:00:00;CENTRO MADRE TEREZA;03.759.408/0001-30;1481;SEDESE;SECRETARIA DE ESTADO DE DESENVOLVIMENTO SOCIAL;43;SUBVENCOES SOCIAIS;1;SUBVENCOES SOCIAIS;10;RECURSOS ORDINARIOS - RECURSOS NAO VINCULADOS DE IMPOSTOS;86954,0;86954,0;86954,0
9318688;20;2023-12-27 00:00:00;ASSOCIACAO JOAO PAULO II;08.027.860/0001-20;1451;SEJUSP;SECRETARIA DE ESTADO DE JUSTICA E SEGURANCA PUBLICA;43;SUBVENCOES SOCIAIS;1;SUBVENCOES SOCIAIS;10;RECURSOS ORDINARIOS - RECURSOS NAO VINCULADOS DE IMPOSTOS;86953,98;86953,98;0,0
9318688;69;2023-06-30 00:00:00;ASSOCIACAO JOAO PAULO II;08.027.860/0001-20;1481;SEDESE;SECRETARIA DE ESTADO DE DESENVOLVIMENTO SOCIAL;43;SUBVENCOES SOCIAIS;1;SUBVENCOES SOCIAIS;10;RECURSOS ORDINARIOS - RECURSOS NAO VINCULADOS DE IMPOSTOS;86953,98;86953,98;86953,98
9318691;39;2023-12-28 00:00:00;CENTRO DE RECUPERACAO RESGATANDO VIDAS;03.551.218/0001-22;1451;SEJUSP;SECRETARIA DE ESTADO DE JUSTICA E SEGURANCA PUBLICA;43;SUBVENCOES SOCIAIS;1;SUBVENCOES SOCIAIS;10;RECURSOS ORDINARIOS - RECURSOS NAO VINCULADOS DE IMPOSTOS;86954,0;86954,0;0,0
9318691;50;2023-06-29 00:00:00;CENTRO DE RECUPERACAO RESGATANDO VIDAS;03.551.218/0001-22;1481;SEDESE;SECRETARIA DE ESTADO DE DESENVOLVIMENTO SOCIAL;43;SUBVENCOES SOCIAIS;1;SUBVENCOES SOCIAIS;10;RECURSOS ORDINARIOS - RECURSOS NAO VINCULADOS DE IMPOSTOS;86954,0;86954,0;86954,0
9318693;2;2023-12-26 00:00:00;CASA DE RECUPERACAO JUNTOS PODEMOS;10.326.600/0001-06;1451;SEJUSP;SECRETARIA DE ESTADO DE JUSTICA E SEGURANCA PUBLICA;43;SUBVENCOES SOCIAIS;1;SUBVENCOES SOCIAIS;10;RECURSOS ORDINARIOS - RECURSOS NAO VINCULADOS DE IMPOSTOS;86954,0;86954,0;86954,0
9318693;58;2023-06-29 00:00:00;CASA DE RECUPERACAO JUNTOS PODEMOS;10.326.600/0001-06;1481;SEDESE;SECRETARIA DE ESTADO DE DESENVOLVIMENTO SOCIAL;43;SUBVENCOES SOCIAIS;1;SUBVENCOES SOCIAIS;10;RECURSOS ORDINARIOS - RECURSOS NAO VINCULADOS DE IMPOSTOS;86533,32;86533,32;86533,32
9318697;53;2023-06-29 00:00:00;CEAMI - REABILITACAO PARA A VIDA;03.744.116/0002-04;1481;SEDESE;SECRETARIA DE ESTADO DE DESENVOLVIMENTO SOCIAL;43;SUBVENCOES SOCIAIS;1;SUBVENCOES SOCIAIS;10;RECURSOS ORDINARIOS - RECURSOS NAO VINCULADOS DE IMPOSTOS;86954,0;86954,0;86954,0
9318705;42;2023-12-28 00:00:00;ASS NUCLEO DE APOIO TOXICOM E ALCOOL FAZ AGUA VIVA-;22.706.287/0001-02;1451;SEJUSP;SECRETARIA DE ESTADO DE JUSTICA E SEGURANCA PUBLICA;43;SUBVENCOES SOCIAIS;1;SUBVENCOES SOCIAIS;10;RECURSOS ORDINARIOS - RECURSOS NAO VINCULADOS DE IMPOSTOS;82954,0;82954,0;0,0
9318705;60;2023-06-29 00:00:00;ASS NUCLEO DE APOIO TOXICOM E ALCOOL FAZ AGUA VIVA-;22.706.287/0001-02;1481;SEDESE;SECRETARIA DE ESTADO DE DESENVOLVIMENTO SOCIAL;43;SUBVENCOES SOCIAIS;1;SUBVENCOES SOCIAIS;10;RECURSOS ORDINARIOS - RECURSOS NAO VINCULADOS DE IMPOSTOS;84431,52;84431,52;84431,52
9318706;38;2023-12-28 00:00:00;ASSOCIACAO WILSON DE SOUZA LOPES;73.869.877/0001-97;1451;SEJUSP;SECRETARIA DE ESTADO DE JUSTICA E SEGURANCA PUBLICA;43;SUBVENCOES SOCIAIS;1;SUBVENCOES SOCIAIS;10;RECURSOS ORDINARIOS - RECURSOS NAO VINCULADOS DE IMPOSTOS;86954,0;86954,0;0,0
9318706;61;2023-06-29 00:00:00;ASSOCIACAO WILSON DE SOUZA LOPES;73.869.877/0001-97;1481;SEDESE;SECRETARIA DE ESTADO DE DESENVOLVIMENTO SOCIAL;43;SUBVENCOES SOCIAIS;1;SUBVENCOES SOCIAIS;10;RECURSOS ORDINARIOS - RECURSOS NAO VINCULADOS DE IMPOSTOS;86954,0;86954,0;86954,0
9318722;32;2023-12-27 00:00:00;ASSOCIACAO FAZENDA RENASCER;17.515.115/0001-11;1451;SEJUSP;SECRETARIA DE ESTADO DE JUSTICA E SEGURANCA PUBLICA;43;SUBVENCOES SOCIAIS;1;SUBVENCOES SOCIAIS;10;RECURSOS ORDINARIOS - RECURSOS NAO VINCULADOS DE IMPOSTOS;86953,8;86953,8;0,0
9318722;51;2023-06-29 00:00:00;ASSOCIACAO FAZENDA RENASCER;17.515.115/0001-11;1481;SEDESE;SECRETARIA DE ESTADO DE DESENVOLVIMENTO SOCIAL;43;SUBVENCOES SOCIAIS;1;SUBVENCOES SOCIAIS;10;RECURSOS ORDINARIOS - RECURSOS NAO VINCULADOS DE IMPOSTOS;86953,98;86953,98;86953,98
9318767;1;2023-06-16 00:00:00;ASSOCIACAO DE RESGATE DA DIGNIDADE HUMANA PROVIDENCIA DIVINA;22.643.399/0001-61;1481;SEDESE;SECRETARIA DE ESTADO DE DESENVOLVIMENTO SOCIAL;43;SUBVENCOES SOCIAIS;1;SUBVENCOES SOCIAIS;10;RECURSOS ORDINARIOS - RECURSOS NAO VINCULADOS DE IMPOSTOS;200000,0;200000,0;200000,0
9318834;6106;2023-12-19 00:00:00;FUNDACAO BENJAMIN GUIMARAES;17.200.429/0001-25;4291;FES;FUNDO ESTADUAL DE SAUDE;42;AUXILIOS;1;AUXILIOS;10;RECURSOS ORDINARIOS - RECURSOS NAO VINCULADOS DE IMPOSTOS;2559369,92;2559369,92;2559369,92
9318860;6;2023-12-26 00:00:00;GRUPO EDUCACAO, ETICA E CIDADANIA;05.543.739/0001-63;1451;SEJUSP;SECRETARIA DE ESTADO DE JUSTICA E SEGURANCA PUBLICA;43;SUBVENCOES SOCIAIS;1;SUBVENCOES SOCIAIS;10;RECURSOS ORDINARIOS - RECURSOS NAO VINCULADOS DE IMPOSTOS;78500,0;78500,0;78500,0
9318860;47;2023-06-29 00:00:00;GRUPO EDUCACAO, ETICA E CIDADANIA;05.543.739/0001-63;1481;SEDESE;SECRETARIA DE ESTADO DE DESENVOLVIMENTO SOCIAL;43;SUBVENCOES SOCIAIS;1;SUBVENCOES SOCIAIS;10;RECURSOS ORDINARIOS - RECURSOS NAO VINCULADOS DE IMPOSTOS;78500,0;78500,0;78500,0
9318876;2;2023-06-16 00:00:00;ASSOCIACAO DO PEQUENO CRISTO;42.783.621/0001-39;1481;SEDESE;SECRETARIA DE ESTADO DE DESENVOLVIMENTO SOCIAL;42;AUXILIOS;1;AUXILIOS;10;RECURSOS ORDINARIOS - RECURSOS NAO VINCULADOS DE IMPOSTOS;599095,42;599095,42;599095,42
9318885;1;2023-12-26 00:00:00;ASSOCIACAO COMUNIDADE NOVA CRIATURA;11.088.620/0001-40;1451;SEJUSP;SECRETARIA DE ESTADO DE JUSTICA E SEGURANCA PUBLICA;43;SUBVENCOES SOCIAIS;1;SUBVENCOES SOCIAIS;10;RECURSOS ORDINARIOS - RECURSOS NAO VINCULADOS DE IMPOSTOS;86954,0;86954,0;86954,0
9318885;68;2023-06-30 00:00:00;ASSOCIACAO COMUNIDADE NOVA CRIATURA;11.088.620/0001-40;1481;SEDESE;SECRETARIA DE ESTADO DE DESENVOLVIMENTO SOCIAL;43;SUBVENCOES SOCIAIS;1;SUBVENCOES SOCIAIS;10;RECURSOS ORDINARIOS - RECURSOS NAO VINCULADOS DE IMPOSTOS;86954,0;86954,0;86954,0
9318888;15;2023-12-27 00:00:00;CENTRO DE RESTAURACAO VIDA NOVA;09.219.152/0001-54;1451;SEJUSP;SECRETARIA DE ESTADO DE JUSTICA E SEGURANCA PUBLICA;43;SUBVENCOES SOCIAIS;1;SUBVENCOES SOCIAIS;10;RECURSOS ORDINARIOS - RECURSOS NAO VINCULADOS DE IMPOSTOS;86891,76;86891,76;0,0
9318888;55;2023-06-29 00:00:00;CENTRO DE RESTAURACAO VIDA NOVA;09.219.152/0001-54;1481;SEDESE;SECRETARIA DE ESTADO DE DESENVOLVIMENTO SOCIAL;43;SUBVENCOES SOCIAIS;1;SUBVENCOES SOCIAIS;10;RECURSOS ORDINARIOS - RECURSOS NAO VINCULADOS DE IMPOSTOS;86891,76;86891,76;86891,76
9318974;397;2023-02-15 00:00:00;PM ITAGUARA;18.313.015/0001-75;1261;SEE;SECRETARIA DE ESTADO DE EDUCACAO;42;AUXILIOS;1;AUXILIOS;10;RECURSOS ORDINARIOS - RECURSOS NAO VINCULADOS DE IMPOSTOS;1105333,32;1105333,32;1105333,32
9321214;36;2023-02-17 00:00:00;ASSOC. DE PROT. E ASSIST. AOS CONENADOS DE RIO PIRACICABA;09.420.397/0001-45;1451;SEJUSP;SECRETARIA DE ESTADO DE JUSTICA E SEGURANCA PUBLICA;43;SUBVENCOES SOCIAIS;1;SUBVENCOES SOCIAIS;10;RECURSOS ORDINARIOS - RECURSOS NAO VINCULADOS DE IMPOSTOS;1047812,83;1047812,83;1047812,83
9321215;34;2023-02-17 00:00:00;APAC DE POUSO ALEGRE FEMININO;34.843.762/0001-71;1451;SEJUSP;SECRETARIA DE ESTADO DE JUSTICA E SEGURANCA PUBLICA;43;SUBVENCOES SOCIAIS;1;SUBVENCOES SOCIAIS;10;RECURSOS ORDINARIOS - RECURSOS NAO VINCULADOS DE IMPOSTOS;919051,61;919051,61;919051,61
9321217;16;2023-02-17 00:00:00;ASSOCIACAO DE PROTECAO E ASSISTENCIA AOS CONDENADOS - FRUTAL/MG;07.409.988/0001-96;1451;SEJUSP;SECRETARIA DE ESTADO DE JUSTICA E SEGURANCA PUBLICA;43;SUBVENCOES SOCIAIS;1;SUBVENCOES SOCIAIS;10;RECURSOS ORDINARIOS - RECURSOS NAO VINCULADOS DE IMPOSTOS;3609490,15;3609490,15;3609490,15
9321218;43;2023-02-17 00:00:00;ASSOC. DE PROT. E ASSIST. AOS CONENADOS DE S. J. DEL REI MASC.;07.899.489/0001-24;1451;SEJUSP;SECRETARIA DE ESTADO DE JUSTICA E SEGURANCA PUBLICA;43;SUBVENCOES SOCIAIS;1;SUBVENCOES SOCIAIS;10;RECURSOS ORDINARIOS - RECURSOS NAO VINCULADOS DE IMPOSTOS;4318492,18;4318492,18;4318492,18
9321219;44;2023-02-17 00:00:00;APAC SETE LAGOAS;04.698.279/0001-80;1451;SEJUSP;SECRETARIA DE ESTADO DE JUSTICA E SEGURANCA PUBLICA;43;SUBVENCOES SOCIAIS;1;SUBVENCOES SOCIAIS;10;RECURSOS ORDINARIOS - RECURSOS NAO VINCULADOS DE IMPOSTOS;1603015,69;1603015,69;1603015,69
9321220;18;2023-02-17 00:00:00;ASSOC. DE PROT. E ASSIST. AO CONDENADO DE INHAPIM;06.931.578/0001-48;1451;SEJUSP;SECRETARIA DE ESTADO DE JUSTICA E SEGURANCA PUBLICA;43;SUBVENCOES SOCIAIS;1;SUBVENCOES SOCIAIS;10;RECURSOS ORDINARIOS - RECURSOS NAO VINCULADOS DE IMPOSTOS;1556061,6;1556061,6;1556061,6
9321221;33;2023-02-17 00:00:00;ASSOC. DE PROT. E ASSIST. AO CONDENADO DE PIRAPORA;07.677.802/0001-80;1451;SEJUSP;SECRETARIA DE ESTADO DE JUSTICA E SEGURANCA PUBLICA;43;SUBVENCOES SOCIAIS;1;SUBVENCOES SOCIAIS;10;RECURSOS ORDINARIOS - RECURSOS NAO VINCULADOS DE IMPOSTOS;2480834,54;2480832,54;2480832,54
9321223;10;2023-02-17 00:00:00;ASSOC. DE PROT. E ASSIST. AO CONDENADO DE ARCOS;05.131.480/0001-43;1451;SEJUSP;SECRETARIA DE ESTADO DE JUSTICA E SEGURANCA PUBLICA;43;SUBVENCOES SOCIAIS;1;SUBVENCOES SOCIAIS;10;RECURSOS ORDINARIOS - RECURSOS NAO VINCULADOS DE IMPOSTOS;962476,86;962476,86;962476,86
9321224;20;2023-02-17 00:00:00;ASSOCIACAO DE PROTECAO E ASSISTENCIA AOS CONDENADOS;20.928.032/0001-69;1451;SEJUSP;SECRETARIA DE ESTADO DE JUSTICA E SEGURANCA PUBLICA;43;SUBVENCOES SOCIAIS;1;SUBVENCOES SOCIAIS;10;RECURSOS ORDINARIOS - RECURSOS NAO VINCULADOS DE IMPOSTOS;931244,75;931244,75;931244,75
9321225;21;2023-02-17 00:00:00;ASSOCIACAO DE PROTECAO E ASSISTENCIA AOS CONDENADOS;20.928.032/0001-69;1451;SEJUSP;SECRETARIA DE ESTADO DE JUSTICA E SEGURANCA PUBLICA;43;SUBVENCOES SOCIAIS;1;SUBVENCOES SOCIAIS;10;RECURSOS ORDINARIOS - RECURSOS NAO VINCULADOS DE IMPOSTOS;2774356,07;2774356,07;2774356,07
9321226;22;2023-02-17 00:00:00;ASSOC. DE PROT. E ASSIST. AO CONDENADO DE ITUIUTABA;08.669.795/0001-37;1451;SEJUSP;SECRETARIA DE ESTADO DE JUSTICA E SEGURANCA PUBLICA;43;SUBVENCOES SOCIAIS;1;SUBVENCOES SOCIAIS;10;RECURSOS ORDINARIOS - RECURSOS NAO VINCULADOS DE IMPOSTOS;1455994,85;1455994,85;1455994,85
9321227;23;2023-02-17 00:00:00;ASSOC. DE PROT. E ASSIST. AO CONDENADO DE JANUARIA;08.358.883/0001-18;1451;SEJUSP;SECRETARIA DE ESTADO DE JUSTICA E SEGURANCA PUBLICA;43;SUBVENCOES SOCIAIS;1;SUBVENCOES SOCIAIS;10;RECURSOS ORDINARIOS - RECURSOS NAO VINCULADOS DE IMPOSTOS;1533276,18;1533276,18;1533276,18
9321228;24;2023-02-17 00:00:00;ASSOC. DE PROT. E ASSIST. AO CONDENADO DE LAGOA DA PRATA;07.472.312/0001-47;1451;SEJUSP;SECRETARIA DE ESTADO DE JUSTICA E SEGURANCA PUBLICA;43;SUBVENCOES SOCIAIS;1;SUBVENCOES SOCIAIS;10;RECURSOS ORDINARIOS - RECURSOS NAO VINCULADOS DE IMPOSTOS;2431717,54;2431717,54;2431717,54
9321229;28;2023-02-17 00:00:00;ASSOC. DE PROT. E ASSIST. AO CONDENADO DE PASSOS;03.672.339/0001-22;1451;SEJUSP;SECRETARIA DE ESTADO DE JUSTICA E SEGURANCA PUBLICA;43;SUBVENCOES SOCIAIS;1;SUBVENCOES SOCIAIS;10;RECURSOS ORDINARIOS - RECURSOS NAO VINCULADOS DE IMPOSTOS;2546373,26;2546373,26;2546373,26
9321230;29;2023-02-17 00:00:00;ASSOC. DE PROT. E ASSIST. AO CONDENADO DE PATOS DE MINAS;13.570.749/0001-16;1451;SEJUSP;SECRETARIA DE ESTADO DE JUSTICA E SEGURANCA PUBLICA;43;SUBVENCOES SOCIAIS;1;SUBVENCOES SOCIAIS;10;RECURSOS ORDINARIOS - RECURSOS NAO VINCULADOS DE IMPOSTOS;1608899,72;1608899,72;1608899,72
9321231;30;2023-02-17 00:00:00;ASSOC. DE PROT. E ASSIST. AO CONDENADO DE PATROCINIO;01.349.619/0001-79;1451;SEJUSP;SECRETARIA DE ESTADO DE JUSTICA E SEGURANCA PUBLICA;43;SUBVENCOES SOCIAIS;1;SUBVENCOES SOCIAIS;10;RECURSOS ORDINARIOS - RECURSOS NAO VINCULADOS DE IMPOSTOS;2415484,36;2415484,36;2415484,36
9321232;32;2023-02-17 00:00:00;ASSOC. DE PROT. E ASSIST. AO CONDENADO DE PERDOES;06.118.334/0001-40;1451;SEJUSP;SECRETARIA DE ESTADO DE JUSTICA E SEGURANCA PUBLICA;43;SUBVENCOES SOCIAIS;1;SUBVENCOES SOCIAIS;10;RECURSOS ORDINARIOS - RECURSOS NAO VINCULADOS DE IMPOSTOS;1759123,07;1759123,07;1759123,07
9321233;35;2023-02-17 00:00:00;APAC-ASSOCIACAO DE PROTECAO E ASSISTENCIA AOS CONDENADOS DE POUSO ALEG;06.022.588/0001-60;1451;SEJUSP;SECRETARIA DE ESTADO DE JUSTICA E SEGURANCA PUBLICA;43;SUBVENCOES SOCIAIS;1;SUBVENCOES SOCIAIS;10;RECURSOS ORDINARIOS - RECURSOS NAO VINCULADOS DE IMPOSTOS;3016630,54;3016630,54;3016630,54
9321234;37;2023-02-17 00:00:00;ASSOC. DE PROT. E ASSIST. AOS CONENADOS DE SALINAS;08.112.569/0001-50;1451;SEJUSP;SECRETARIA DE ESTADO DE JUSTICA E SEGURANCA PUBLICA;43;SUBVENCOES SOCIAIS;1;SUBVENCOES SOCIAIS;10;RECURSOS ORDINARIOS - RECURSOS NAO VINCULADOS DE IMPOSTOS;1491952,05;1491952,05;1491952,05
9321236;38;2023-02-17 00:00:00;ASSOC. DE PROT. E ASSIST. AOS CONENADOS DE SANTA BARBARA;05.134.204/0001-39;1451;SEJUSP;SECRETARIA DE ESTADO DE JUSTICA E SEGURANCA PUBLICA;43;SUBVENCOES SOCIAIS;1;SUBVENCOES SOCIAIS;10;RECURSOS ORDINARIOS - RECURSOS NAO VINCULADOS DE IMPOSTOS;1057715,39;1057715,39;1057715,39
9321237;45;2023-02-17 00:00:00;ASSOC. DE PROT. E ASSIST. AOS CONENADOS DE TEOFILO OTONI;06.947.893/0001-63;1451;SEJUSP;SECRETARIA DE ESTADO DE JUSTICA E SEGURANCA PUBLICA;43;SUBVENCOES SOCIAIS;1;SUBVENCOES SOCIAIS;10;RECURSOS ORDINARIOS - RECURSOS NAO VINCULADOS DE IMPOSTOS;858545,87;858545,87;858545,87
9321238;46;2023-02-17 00:00:00;ASSOC. DE PROT. E ASSIST. AOS CONENADOS DE VICOSA;06.199.788/0001-93;1451;SEJUSP;SECRETARIA DE ESTADO DE JUSTICA E SEGURANCA PUBLICA;43;SUBVENCOES SOCIAIS;1;SUBVENCOES SOCIAIS;10;RECURSOS ORDINARIOS - RECURSOS NAO VINCULADOS DE IMPOSTOS;921532,64;921532,64;921532,64
9321242;27;2023-02-17 00:00:00;ASSOC. DE PROT. E ASSIST. AO CONDENADO DE PARACATU;06.195.998/0001-03;1451;SEJUSP;SECRETARIA DE ESTADO DE JUSTICA E SEGURANCA PUBLICA;43;SUBVENCOES SOCIAIS;1;SUBVENCOES SOCIAIS;10;RECURSOS ORDINARIOS - RECURSOS NAO VINCULADOS DE IMPOSTOS;2985709,91;2985709,91;2985709,91
9321243;42;2023-02-17 00:00:00;ASSOC. DE PROT. E ASSIST. AOS CONENADOS DE S. J. DEL REI FEM.;21.325.027/0001-24;1451;SEJUSP;SECRETARIA DE ESTADO DE JUSTICA E SEGURANCA PUBLICA;43;SUBVENCOES SOCIAIS;1;SUBVENCOES SOCIAIS;10;RECURSOS ORDINARIOS - RECURSOS NAO VINCULADOS DE IMPOSTOS;1473147,24;1473147,24;1473147,24
9321244;11;2023-02-17 00:00:00;ASSOC. DE PROT. E ASSIST. AO CONDENADO DE CAMPO BELO;07.259.234/0001-05;1451;SEJUSP;SECRETARIA DE ESTADO DE JUSTICA E SEGURANCA PUBLICA;43;SUBVENCOES SOCIAIS;1;SUBVENCOES SOCIAIS;10;RECURSOS ORDINARIOS - RECURSOS NAO VINCULADOS DE IMPOSTOS;1547884,67;1547884,67;1547884,67
9321245;41;2023-02-17 00:00:00;ASSOC. DE PROT. E ASSIST. AOS CONENADOS DE SANTA MARIA DO SUACUI;06.289.008/0001-04;1451;SEJUSP;SECRETARIA DE ESTADO DE JUSTICA E SEGURANCA PUBLICA;43;SUBVENCOES SOCIAIS;1;SUBVENCOES SOCIAIS;10;RECURSOS ORDINARIOS - RECURSOS NAO VINCULADOS DE IMPOSTOS;1028340,52;1028340,52;1028340,52
9321246;26;2023-02-17 00:00:00;ASSOCIACAO DE PROTECAO E ASSISTENCIA AOS CONDENADOS;05.501.573/0001-12;1451;SEJUSP;SECRETARIA DE ESTADO DE JUSTICA E SEGURANCA PUBLICA;43;SUBVENCOES SOCIAIS;1;SUBVENCOES SOCIAIS;10;RECURSOS ORDINARIOS - RECURSOS NAO VINCULADOS DE IMPOSTOS;2566218,53;2566218,53;2566218,53
9321247;12;2023-02-17 00:00:00;ASSOCIACAO DE PROTECAO E ASSITENCIA AOS CONDENADOS - APAC - CARATINGA;08.773.437/0001-70;1451;SEJUSP;SECRETARIA DE ESTADO DE JUSTICA E SEGURANCA PUBLICA;43;SUBVENCOES SOCIAIS;1;SUBVENCOES SOCIAIS;10;RECURSOS ORDINARIOS - RECURSOS NAO VINCULADOS DE IMPOSTOS;2584596,11;2584596,11;2584596,11
9321248;31;2023-02-17 00:00:00;ASSOC. DE PROT. E ASSIST. AO CONDENADO DE PEDRA AZUL;10.867.575/0001-60;1451;SEJUSP;SECRETARIA DE ESTADO DE JUSTICA E SEGURANCA PUBLICA;43;SUBVENCOES SOCIAIS;1;SUBVENCOES SOCIAIS;10;RECURSOS ORDINARIOS - RECURSOS NAO VINCULADOS DE IMPOSTOS;901480,54;901480,54;901480,54
9321249;9;2023-02-17 00:00:00;ASSOC. DE PROT. E ASSIST. AO CONDENADO DE ARAXA;23.370.836/0001-83;1451;SEJUSP;SECRETARIA DE ESTADO DE JUSTICA E SEGURANCA PUBLICA;43;SUBVENCOES SOCIAIS;1;SUBVENCOES SOCIAIS;10;RECURSOS ORDINARIOS - RECURSOS NAO VINCULADOS DE IMPOSTOS;1598701,53;1598701,53;1598701,53
9321250;17;2023-02-17 00:00:00;ASSOC. DE PROT. E ASSIST. AO CONDENADO DE GOVERNADOR VALDARES;07.828.198/0001-45;1451;SEJUSP;SECRETARIA DE ESTADO DE JUSTICA E SEGURANCA PUBLICA;43;SUBVENCOES SOCIAIS;1;SUBVENCOES SOCIAIS;10;RECURSOS ORDINARIOS - RECURSOS NAO VINCULADOS DE IMPOSTOS;1271817,52;1271817,52;1271817,52
9321278;25;2023-02-17 00:00:00;ASSOCIACAO DE PROTECAO E ASSISTENCIA AOS CONDENADOS;07.625.655/0001-02;1451;SEJUSP;SECRETARIA DE ESTADO DE JUSTICA E SEGURANCA PUBLICA;43;SUBVENCOES SOCIAIS;1;SUBVENCOES SOCIAIS;10;RECURSOS ORDINARIOS - RECURSOS NAO VINCULADOS DE IMPOSTOS;2496536,53;2496536,53;2496536,53
9321306;14;2023-02-17 00:00:00;ASSOC. DE PROT. E ASSIST. AO CONDENADO DE CONS. LAFAIETE MASC.;05.890.676/0001-11;1451;SEJUSP;SECRETARIA DE ESTADO DE JUSTICA E SEGURANCA PUBLICA;43;SUBVENCOES SOCIAIS;1;SUBVENCOES SOCIAIS;10;RECURSOS ORDINARIOS - RECURSOS NAO VINCULADOS DE IMPOSTOS;3517726,61;3517726,61;3517726,61
9324301;47;2023-02-17 00:00:00;FRATERNIDADE BRASILEIRA DE ASSISTENCIA AOS CONDENADOS;01.528.418/0001-39;1451;SEJUSP;SECRETARIA DE ESTADO DE JUSTICA E SEGURANCA PUBLICA;43;SUBVENCOES SOCIAIS;1;SUBVENCOES SOCIAIS;10;RECURSOS ORDINARIOS - RECURSOS NAO VINCULADOS DE IMPOSTOS;2681190,52;2681190,52;2681190,52
9324361;13;2023-03-14 00:00:00;CENTRO DE APOIO FAMILIAR ESPECIALIZADO EM ALCOOL E DROGAS - CAFE-AD;33.812.095/0001-05;1481;SEDESE;SECRETARIA DE ESTADO DE DESENVOLVIMENTO SOCIAL;43;SUBVENCOES SOCIAIS;1;SUBVENCOES SOCIAIS;10;RECURSOS ORDINARIOS - RECURSOS NAO VINCULADOS DE IMPOSTOS;156757,32;156757,32;156757,32
9325954;1150;2023-12-28 00:00:00;PM FREI INOCENCIO;16.945.990/0001-70;1261;SEE;SECRETARIA DE ESTADO DE EDUCACAO;42;AUXILIOS;1;AUXILIOS;10;RECURSOS ORDINARIOS - RECURSOS NAO VINCULADOS DE IMPOSTOS;1028000,0;1028000,0;1028000,0
9326058;1500;2023-07-11 00:00:00;PM CATUTI;01.612.502/0001-36;1261;SEE;SECRETARIA DE ESTADO DE EDUCACAO;42;AUXILIOS;1;AUXILIOS;10;RECURSOS ORDINARIOS - RECURSOS NAO VINCULADOS DE IMPOSTOS;138993,66;138993,66;138993,66
9326060;4278;2023-06-28 00:00:00;PM IGARAPE;18.715.474/0001-85;1261;SEE;SECRETARIA DE ESTADO DE EDUCACAO;42;AUXILIOS;1;AUXILIOS;10;RECURSOS ORDINARIOS - RECURSOS NAO VINCULADOS DE IMPOSTOS;2837796,22;2837796,22;2837796,22
9326754;645;2023-05-26 00:00:00;PM ITUTINGA;18.244.384/0001-53;1261;SEE;SECRETARIA DE ESTADO DE EDUCACAO;42;AUXILIOS;1;AUXILIOS;10;RECURSOS ORDINARIOS - RECURSOS NAO VINCULADOS DE IMPOSTOS;200000,0;200000,0;200000,0
9327062;17;2023-03-14 00:00:00;C.T.L.S.P - CENTRO DE TRATAMENTO LAURA SAIA PALOMBO;10.635.949/0001-11;1481;SEDESE;SECRETARIA DE ESTADO DE DESENVOLVIMENTO SOCIAL;43;SUBVENCOES SOCIAIS;1;SUBVENCOES SOCIAIS;10;RECURSOS ORDINARIOS - RECURSOS NAO VINCULADOS DE IMPOSTOS;172389,84;172389,84;172389,84
9327183;1101;2023-12-20 00:00:00;PM JEQUITAI;18.279.083/0001-65;1261;SEE;SECRETARIA DE ESTADO DE EDUCACAO;42;AUXILIOS;1;AUXILIOS;10;RECURSOS ORDINARIOS - RECURSOS NAO VINCULADOS DE IMPOSTOS;37734,03;37734,03;37734,03
9327241;15;2023-03-14 00:00:00;FUNDACAO CONSCIENCIARTE;00.521.168/0001-42;1481;SEDESE;SECRETARIA DE ESTADO DE DESENVOLVIMENTO SOCIAL;43;SUBVENCOES SOCIAIS;1;SUBVENCOES SOCIAIS;10;RECURSOS ORDINARIOS - RECURSOS NAO VINCULADOS DE IMPOSTOS;156999,88;156999,88;156999,88
9327243;16;2023-03-14 00:00:00;ASSOCIACAO TATAME DO BEM;18.129.747/0001-00;1481;SEDESE;SECRETARIA DE ESTADO DE DESENVOLVIMENTO SOCIAL;43;SUBVENCOES SOCIAIS;1;SUBVENCOES SOCIAIS;10;RECURSOS ORDINARIOS - RECURSOS NAO VINCULADOS DE IMPOSTOS;103734,6;103734,6;103734,6
9327315;37;2023-06-20 00:00:00;SER SERVICO EVANGELICO DE REABILITACAO;20.734.505/0001-97;1481;SEDESE;SECRETARIA DE ESTADO DE DESENVOLVIMENTO SOCIAL;43;SUBVENCOES SOCIAIS;1;SUBVENCOES SOCIAIS;10;RECURSOS ORDINARIOS - RECURSOS NAO VINCULADOS DE IMPOSTOS;173908,0;173908,0;173908,0
9327529;14;2023-03-14 00:00:00;ASSOCIACAO PONTO CULTURAL;05.768.787/0001-50;1481;SEDESE;SECRETARIA DE ESTADO DE DESENVOLVIMENTO SOCIAL;43;SUBVENCOES SOCIAIS;1;SUBVENCOES SOCIAIS;10;RECURSOS ORDINARIOS - RECURSOS NAO VINCULADOS DE IMPOSTOS;157000,0;157000,0;157000,0
9337409;599;2023-10-02 00:00:00;PM CONTAGEM;18.715.508/0001-31;1301;SEINFRA;SECRETARIA DE ESTADO DE INFRAESTRUTURA, MOBILIDADE E PARCERIAS;42;AUXILIOS;1;AUXILIOS;95;RECURSOS RECEBIDOS POR DANOS ADVINDOS DE DESASTRES SOCIOAMBIENTAIS;53589620,03;53589620,03;53589620,03
9342564;1116;2023-12-27 00:00:00;PM SAO DOMINGOS DO PRATA;18.401.018/0001-60;1261;SEE;SECRETARIA DE ESTADO DE EDUCACAO;42;AUXILIOS;1;AUXILIOS;10;RECURSOS ORDINARIOS - RECURSOS NAO VINCULADOS DE IMPOSTOS;2089166,65;2089166,65;2089166,65
9342948;7;2023-02-17 00:00:00;APAC DE ALMENARA;27.969.868/0001-50;1451;SEJUSP;SECRETARIA DE ESTADO DE JUSTICA E SEGURANCA PUBLICA;43;SUBVENCOES SOCIAIS;1;SUBVENCOES SOCIAIS;10;RECURSOS ORDINARIOS - RECURSOS NAO VINCULADOS DE IMPOSTOS;1649578,07;1649578,07;1649578,07
9342948;8;2023-02-17 00:00:00;APAC DE ALMENARA;27.969.868/0001-50;1451;SEJUSP;SECRETARIA DE ESTADO DE JUSTICA E SEGURANCA PUBLICA;43;SUBVENCOES SOCIAIS;1;SUBVENCOES SOCIAIS;10;RECURSOS ORDINARIOS - RECURSOS NAO VINCULADOS DE IMPOSTOS;0,0;0,0;0,0
9344217;80;2023-07-27 00:00:00;INSTITUTO EDUCACAO E CIDADANIA;07.423.378/0001-47;1481;SEDESE;SECRETARIA DE ESTADO DE DESENVOLVIMENTO SOCIAL;43;SUBVENCOES SOCIAIS;1;SUBVENCOES SOCIAIS;71;RECURSOS DO FUNDO ESTADUAL DE ERRADICACAO DA MISERIA;500000,0;500000,0;500000,0
9344219;82;2023-07-27 00:00:00;ASSOCIACAO DOS ASSENTADOS FAMILIAR DO ASSENTAMENTO 1 DO SUL DE CAMPO D;02.046.165/0001-20;1481;SEDESE;SECRETARIA DE ESTADO DE DESENVOLVIMENTO SOCIAL;43;SUBVENCOES SOCIAIS;1;SUBVENCOES SOCIAIS;71;RECURSOS DO FUNDO ESTADUAL DE ERRADICACAO DA MISERIA;500000,0;500000,0;500000,0
9344779;83;2023-07-31 00:00:00;ASSOCIACAO DOS BAIRROS DE TEOFILO OTONI;21.297.064/0001-76;1481;SEDESE;SECRETARIA DE ESTADO DE DESENVOLVIMENTO SOCIAL;43;SUBVENCOES SOCIAIS;1;SUBVENCOES SOCIAIS;71;RECURSOS DO FUNDO ESTADUAL DE ERRADICACAO DA MISERIA;500000,0;500000,0;500000,0
9344783;81;2023-07-27 00:00:00;CARITAS BRASILEIRA;33.654.419/0008-92;1481;SEDESE;SECRETARIA DE ESTADO DE DESENVOLVIMENTO SOCIAL;43;SUBVENCOES SOCIAIS;1;SUBVENCOES SOCIAIS;71;RECURSOS DO FUNDO ESTADUAL DE ERRADICACAO DA MISERIA;500000,0;500000,0;500000,0
9346138;25;2023-05-30 00:00:00;AAMAR SANTANA DO PARAISO - VALE DO ACO;07.713.494/0001-09;1481;SEDESE;SECRETARIA DE ESTADO DE DESENVOLVIMENTO SOCIAL;43;SUBVENCOES SOCIAIS;1;SUBVENCOES SOCIAIS;10;RECURSOS ORDINARIOS - RECURSOS NAO VINCULADOS DE IMPOSTOS;173908,0;173908,0;173908,0
9346141;18;2023-04-17 00:00:00;CASA VIDA VIVA;22.498.999/0001-83;1481;SEDESE;SECRETARIA DE ESTADO DE DESENVOLVIMENTO SOCIAL;43;SUBVENCOES SOCIAIS;1;SUBVENCOES SOCIAIS;10;RECURSOS ORDINARIOS - RECURSOS NAO VINCULADOS DE IMPOSTOS;173908,0;173908,0;173908,0
9346142;23;2023-04-17 00:00:00;ASSOCIACAO DE ACOLHIMENTO AOS DEPENDENTES QUIMICOS E FAMILIARES - ADQF;07.856.329/0001-06;1481;SEDESE;SECRETARIA DE ESTADO DE DESENVOLVIMENTO SOCIAL;43;SUBVENCOES SOCIAIS;1;SUBVENCOES SOCIAIS;10;RECURSOS ORDINARIOS - RECURSOS NAO VINCULADOS DE IMPOSTOS;173907,96;173907,96;173907,96
9346143;22;2023-04-17 00:00:00;INSTITUTO PEDAGOGICO TERRA SANTA;10.190.408/0001-27;1481;SEDESE;SECRETARIA DE ESTADO DE DESENVOLVIMENTO SOCIAL;43;SUBVENCOES SOCIAIS;1;SUBVENCOES SOCIAIS;10;RECURSOS ORDINARIOS - RECURSOS NAO VINCULADOS DE IMPOSTOS;156999,94;156999,94;156999,94
9346144;20;2023-04-17 00:00:00;ASSOCIACAO DA DIVINA MISERICORDIA;06.118.216/0001-32;1481;SEDESE;SECRETARIA DE ESTADO DE DESENVOLVIMENTO SOCIAL;43;SUBVENCOES SOCIAIS;1;SUBVENCOES SOCIAIS;10;RECURSOS ORDINARIOS - RECURSOS NAO VINCULADOS DE IMPOSTOS;156967,14;156967,14;156967,14
9346145;21;2023-04-17 00:00:00;INSTITUTO HERDAR;09.047.452/0001-01;1481;SEDESE;SECRETARIA DE ESTADO DE DESENVOLVIMENTO SOCIAL;43;SUBVENCOES SOCIAIS;1;SUBVENCOES SOCIAIS;10;RECURSOS ORDINARIOS - RECURSOS NAO VINCULADOS DE IMPOSTOS;156998,62;156998,62;156998,62
9346146;19;2023-04-17 00:00:00;INSTITUTO JURIDICO PARA EFETIVACAO DA CIDADANIA - MINAS GERAIS IJUCI/M;03.893.350/0001-12;1481;SEDESE;SECRETARIA DE ESTADO DE DESENVOLVIMENTO SOCIAL;43;SUBVENCOES SOCIAIS;1;SUBVENCOES SOCIAIS;10;RECURSOS ORDINARIOS - RECURSOS NAO VINCULADOS DE IMPOSTOS;156999,34;156999,34;156999,34
9346298;27;2023-07-10 00:00:00;UNIVERSIDADE FEDERAL DE UBERLANDIA;25.648.387/0001-18;1261;SEE;SECRETARIA DE ESTADO DE EDUCACAO;42;AUXILIOS;1;AUXILIOS;10;RECURSOS ORDINARIOS - RECURSOS NAO VINCULADOS DE IMPOSTOS;33000000,0;33000000,0;33000000,0
9346299;32;2023-07-10 00:00:00;UNIVERSIDADE FEDERAL DE LAVRAS;22.078.679/0001-74;1261;SEE;SECRETARIA DE ESTADO DE EDUCACAO;42;AUXILIOS;1;AUXILIOS;10;RECURSOS ORDINARIOS - RECURSOS NAO VINCULADOS DE IMPOSTOS;7984106,81;7984106,81;7984106,81
9346301;33;2023-07-27 00:00:00;UNIVERSIDADE FEDERAL DE OURO PRETO;23.070.659/0001-10;1261;SEE;SECRETARIA DE ESTADO DE EDUCACAO;42;AUXILIOS;1;AUXILIOS;10;RECURSOS ORDINARIOS - RECURSOS NAO VINCULADOS DE IMPOSTOS;4000000,0;4000000,0;0,0
9346324;31;2023-07-10 00:00:00;UNIVERSIDADE FEDERAL DE ITAJUBA;21.040.001/0001-30;1261;SEE;SECRETARIA DE ESTADO DE EDUCACAO;42;AUXILIOS;1;AUXILIOS;10;RECURSOS ORDINARIOS - RECURSOS NAO VINCULADOS DE IMPOSTOS;4000000,0;4000000,0;4000000,0
9346326;29;2023-07-10 00:00:00;UNIVERSIDADE FEDERAL DE LAVRAS;22.078.679/0001-74;1261;SEE;SECRETARIA DE ESTADO DE EDUCACAO;42;AUXILIOS;1;AUXILIOS;10;RECURSOS ORDINARIOS - RECURSOS NAO VINCULADOS DE IMPOSTOS;6000000,0;6000000,0;6000000,0
9346330;28;2023-07-10 00:00:00;UNIVERSIDADE FEDERAL DE SAO JOAO DEL REI;21.186.804/0001-05;1261;SEE;SECRETARIA DE ESTADO DE EDUCACAO;42;AUXILIOS;1;AUXILIOS;10;RECURSOS ORDINARIOS - RECURSOS NAO VINCULADOS DE IMPOSTOS;6250000,0;6250000,0;6250000,0
9346331;34;2023-07-27 00:00:00;UNIVERSIDADE FEDERAL DE UBERLANDIA;25.648.387/0001-18;1261;SEE;SECRETARIA DE ESTADO DE EDUCACAO;42;AUXILIOS;1;AUXILIOS;10;RECURSOS ORDINARIOS - RECURSOS NAO VINCULADOS DE IMPOSTOS;18000000,0;18000000,0;18000000,0
9346340;30;2023-07-10 00:00:00;UNIVERSIDADE FEDERAL DO TRIANGULO MINEIRO;25.437.484/0001-61;1261;SEE;SECRETARIA DE ESTADO DE EDUCACAO;42;AUXILIOS;1;AUXILIOS;10;RECURSOS ORDINARIOS - RECURSOS NAO VINCULADOS DE IMPOSTOS;3904947,77;3904947,77;3904947,77
9346341;26;2023-07-10 00:00:00;UNIVERSIDADE FEDERAL DE MINAS GERAIS;17.217.985/0001-04;1261;SEE;SECRETARIA DE ESTADO DE EDUCACAO;42;AUXILIOS;1;AUXILIOS;10;RECURSOS ORDINARIOS - RECURSOS NAO VINCULADOS DE IMPOSTOS;30000000,0;30000000,0;30000000,0
9369491;3907;2023-09-01 00:00:00;PM SAO JOAO DA PONTE;16.928.483/0001-29;1261;SEE;SECRETARIA DE ESTADO DE EDUCACAO;42;AUXILIOS;1;AUXILIOS;10;RECURSOS ORDINARIOS - RECURSOS NAO VINCULADOS DE IMPOSTOS;1246200,0;1246200,0;1246200,0
9369505;13;2023-02-17 00:00:00;ASSOC. DE PROT. E ASSIST. A CONDENADA DE CONS. LAFAIETE FEM.;26.397.050/0001-48;1451;SEJUSP;SECRETARIA DE ESTADO DE JUSTICA E SEGURANCA PUBLICA;43;SUBVENCOES SOCIAIS;1;SUBVENCOES SOCIAIS;10;RECURSOS ORDINARIOS - RECURSOS NAO VINCULADOS DE IMPOSTOS;1445264,83;1445264,83;1445264,83
9369624;3269;2023-10-27 00:00:00;CONSORCIO INTERM. SAUDE DA MICRORREGIAO DO PARANAIBA;07.346.147/0001-87;4291;FES;FUNDO ESTADUAL DE SAUDE;42;AUXILIOS;1;AUXILIOS;10;RECURSOS ORDINARIOS - RECURSOS NAO VINCULADOS DE IMPOSTOS;674954,98;674954,98;674954,98
9369625;3260;2023-10-27 00:00:00;CONSORCIO INTERMUNICIPAL DE SAUDE DO ALTO DO RIO PARDO;01.172.959/0001-77;4291;FES;FUNDO ESTADUAL DE SAUDE;42;AUXILIOS;1;AUXILIOS;10;RECURSOS ORDINARIOS - RECURSOS NAO VINCULADOS DE IMPOSTOS;0,0;0,0;0,0
9369625;3295;2023-11-06 00:00:00;CONSORCIO INTERMUNICIPAL DE SAUDE DO ALTO DO RIO PARDO;01.172.959/0001-77;4291;FES;FUNDO ESTADUAL DE SAUDE;42;AUXILIOS;1;AUXILIOS;10;RECURSOS ORDINARIOS - RECURSOS NAO VINCULADOS DE IMPOSTOS;858920,42;858920,42;858920,42
9369626;3261;2023-10-27 00:00:00;CONSORCIO INTERMUNICIPAL DE ESPECIALIDADES;07.356.999/0001-55;4291;FES;FUNDO ESTADUAL DE SAUDE;42;AUXILIOS;1;AUXILIOS;10;RECURSOS ORDINARIOS - RECURSOS NAO VINCULADOS DE IMPOSTOS;573417,66;573417,66;573417,66
9369627;3273;2023-10-27 00:00:00;CIS DA MATA LESTE;00.738.236/0001-20;4291;FES;FUNDO ESTADUAL DE SAUDE;42;AUXILIOS;1;AUXILIOS;10;RECURSOS ORDINARIOS - RECURSOS NAO VINCULADOS DE IMPOSTOS;807859,18;807859,18;807859,18
9369629;3285;2023-10-27 00:00:00;CONS.INTER.SAUDE MICRORREGIAO SETE LAGOAS-CISMISEL;01.202.226/0001-38;4291;FES;FUNDO ESTADUAL DE SAUDE;42;AUXILIOS;1;AUXILIOS;10;RECURSOS ORDINARIOS - RECURSOS NAO VINCULADOS DE IMPOSTOS;1189609,69;1189609,69;1189609,69
9369631;3265;2023-10-27 00:00:00;CONS. INTERM. SAUDE DA MICRORREGIAO DO ALTO DO RIO GRANDE;00.079.634/0001-81;4291;FES;FUNDO ESTADUAL DE SAUDE;42;AUXILIOS;1;AUXILIOS;10;RECURSOS ORDINARIOS - RECURSOS NAO VINCULADOS DE IMPOSTOS;821573,7;821573,7;821573,7
9369632;3277;2023-10-27 00:00:00;CONSORCIO INTERMUNICIPAL DE SAUDE DA MICROREGIAO DO VALE DO PIRANGA;01.095.667/0001-88;4291;FES;FUNDO ESTADUAL DE SAUDE;42;AUXILIOS;1;AUXILIOS;10;RECURSOS ORDINARIOS - RECURSOS NAO VINCULADOS DE IMPOSTOS;1033680,61;1033680,61;1033680,61
9369633;3281;2023-10-27 00:00:00;CONSORCIO INTERM. SAUDE DA MICRORREGIAO DO VALE DO SUACUI;00.794.962/0001-60;4291;FES;FUNDO ESTADUAL DE SAUDE;42;AUXILIOS;1;AUXILIOS;10;RECURSOS ORDINARIOS - RECURSOS NAO VINCULADOS DE IMPOSTOS;506653,19;506653,19;506653,19
9369634;3284;2023-10-27 00:00:00;CONS. SAUDE VICOSA;02.326.365/0001-36;4291;FES;FUNDO ESTADUAL DE SAUDE;42;AUXILIOS;1;AUXILIOS;10;RECURSOS ORDINARIOS - RECURSOS NAO VINCULADOS DE IMPOSTOS;496738,56;496738,56;496738,56
9369635;5517;2023-12-22 00:00:00;INSTITUICAO DE COOPERACAO INTERMUNICIPAL DO MEDIO PARAOPEBA;05.802.877/0001-10;4291;FES;FUNDO ESTADUAL DE SAUDE;42;AUXILIOS;1;AUXILIOS;10;RECURSOS ORDINARIOS - RECURSOS NAO VINCULADOS DE IMPOSTOS;687903,89;687903,89;687903,89
9369637;3287;2023-10-27 00:00:00;CONSORCIO INTERMUNICIPAL DE VERTENTES - CISVER;01.098.929/0001-68;4291;FES;FUNDO ESTADUAL DE SAUDE;42;AUXILIOS;1;AUXILIOS;10;RECURSOS ORDINARIOS - RECURSOS NAO VINCULADOS DE IMPOSTOS;499443,53;499443,53;499443,53
9369638;3272;2023-10-27 00:00:00;CIS DA MICRORREGIAO DE PIRAPOR;01.275.576/0001-24;4291;FES;FUNDO ESTADUAL DE SAUDE;42;AUXILIOS;1;AUXILIOS;10;RECURSOS ORDINARIOS - RECURSOS NAO VINCULADOS DE IMPOSTOS;466984,71;466984,71;466984,71
9369639;3262;2023-10-27 00:00:00;CONSORCIO INTERMUNICIPAL DE SAUDE ALTO MEDIO SAO FRANCISCO;01.289.973/0001-55;4291;FES;FUNDO ESTADUAL DE SAUDE;42;AUXILIOS;1;AUXILIOS;10;RECURSOS ORDINARIOS - RECURSOS NAO VINCULADOS DE IMPOSTOS;679771,23;679771,23;679771,23
9370652;3271;2023-10-27 00:00:00;CONSORCIO INTERMUNICIPAL DES. SUSTENTAVEL DA MICRO REGIAO SERRA GERAL;12.333.051/0001-14;4291;FES;FUNDO ESTADUAL DE SAUDE;42;AUXILIOS;1;AUXILIOS;10;RECURSOS ORDINARIOS - RECURSOS NAO VINCULADOS DE IMPOSTOS;1361996,92;1361996,92;1361996,92
9370653;3264;2023-10-27 00:00:00;CONSORCIO INTERMUNICIPAL DE SAUDE DO ALTO DO JEQUITINHONHA;00.699.767/0001-50;4291;FES;FUNDO ESTADUAL DE SAUDE;42;AUXILIOS;1;AUXILIOS;10;RECURSOS ORDINARIOS - RECURSOS NAO VINCULADOS DE IMPOSTOS;1199592,14;1199592,14;1199592,14
9370655;3270;2023-10-27 00:00:00;CONSORCIO INTERMUNICIPAL SAUDE PORTAL DO NORTE/BOCAIUVA;01.994.407/0001-44;4291;FES;FUNDO ESTADUAL DE SAUDE;42;AUXILIOS;1;AUXILIOS;10;RECURSOS ORDINARIOS - RECURSOS NAO VINCULADOS DE IMPOSTOS;345472,56;345472,56;345472,56
9370656;3267;2023-10-27 00:00:00;CIS MICRORREGIAO DO VALE DO ACO/ IPATINGA;00.853.908/0001-48;4291;FES;FUNDO ESTADUAL DE SAUDE;42;AUXILIOS;1;AUXILIOS;10;RECURSOS ORDINARIOS - RECURSOS NAO VINCULADOS DE IMPOSTOS;681620,58;681620,58;681620,58
9370658;3279;2023-10-27 00:00:00;CONSORCIO INTERM. MULTIF. DO BAIXO JEQUITINHONHA;07.306.549/0001-58;4291;FES;FUNDO ESTADUAL DE SAUDE;42;AUXILIOS;1;AUXILIOS;10;RECURSOS ORDINARIOS - RECURSOS NAO VINCULADOS DE IMPOSTOS;0,0;0,0;0,0
9370658;3280;2023-10-27 00:00:00;CONSORCIO INTERM. MULTIF. DO BAIXO JEQUITINHONHA;07.306.549/0001-58;4291;FES;FUNDO ESTADUAL DE SAUDE;42;AUXILIOS;1;AUXILIOS;10;RECURSOS ORDINARIOS - RECURSOS NAO VINCULADOS DE IMPOSTOS;681054,52;681054,52;681054,52
9370660;3263;2023-10-27 00:00:00;CONSORCIO INTERMUNICIPAL DE SAUDE DE UNIAO DA MATA - CISSUM;00.877.406/0001-57;4291;FES;FUNDO ESTADUAL DE SAUDE;42;AUXILIOS;1;AUXILIOS;10;RECURSOS ORDINARIOS - RECURSOS NAO VINCULADOS DE IMPOSTOS;0,0;0,0;0,0
9370660;3297;2023-11-06 00:00:00;CONSORCIO INTERMUNICIPAL DE SAUDE DE UNIAO DA MATA - CISSUM;00.877.406/0001-57;4291;FES;FUNDO ESTADUAL DE SAUDE;42;AUXILIOS;1;AUXILIOS;10;RECURSOS ORDINARIOS - RECURSOS NAO VINCULADOS DE IMPOSTOS;660161,69;660161,69;660161,69
9370670;3276;2023-10-27 00:00:00;CIS DA MICROREGIAO DE ENTRE VALES DO MUCURI E JEQUITINHONHA;01.014.332/0001-98;4291;FES;FUNDO ESTADUAL DE SAUDE;42;AUXILIOS;1;AUXILIOS;10;RECURSOS ORDINARIOS - RECURSOS NAO VINCULADOS DE IMPOSTOS;2171053,46;2171053,46;2171053,46
9370690;50;2023-04-11 00:00:00;APAC BETIM;12.267.378/0001-35;1451;SEJUSP;SECRETARIA DE ESTADO DE JUSTICA E SEGURANCA PUBLICA;43;SUBVENCOES SOCIAIS;1;SUBVENCOES SOCIAIS;10;RECURSOS ORDINARIOS - RECURSOS NAO VINCULADOS DE IMPOSTOS;3793216,03;3793216,03;3793216,03
9370752;3278;2023-10-27 00:00:00;CONSORCIO INTERM. SAUDE DO ALTO DO RIO PARA - CISPARA;01.260.691/0001-25;4291;FES;FUNDO ESTADUAL DE SAUDE;42;AUXILIOS;1;AUXILIOS;10;RECURSOS ORDINARIOS - RECURSOS NAO VINCULADOS DE IMPOSTOS;834061,06;834061,06;834061,06
9370755;3282;2023-10-27 00:00:00;CONSORCIO PUBLICO INTERMUNICIPAL DE SAUDE DO TRIANGULO MINEIRO;18.151.467/0001-06;4291;FES;FUNDO ESTADUAL DE SAUDE;42;AUXILIOS;1;AUXILIOS;10;RECURSOS ORDINARIOS - RECURSOS NAO VINCULADOS DE IMPOSTOS;1709618,02;1709618,02;1709618,02
9370756;3268;2023-10-27 00:00:00;CONSORCIO INTERMUNICIPAL DE SAUDE DE CAPARAO/MUTUM;01.999.898/0001-16;4291;FES;FUNDO ESTADUAL DE SAUDE;42;AUXILIOS;1;AUXILIOS;10;RECURSOS ORDINARIOS - RECURSOS NAO VINCULADOS DE IMPOSTOS;0,0;0,0;0,0
9370756;3296;2023-11-06 00:00:00;CONSORCIO INTERMUNICIPAL DE SAUDE DE CAPARAO/MUTUM;01.999.898/0001-16;4291;FES;FUNDO ESTADUAL DE SAUDE;42;AUXILIOS;1;AUXILIOS;10;RECURSOS ORDINARIOS - RECURSOS NAO VINCULADOS DE IMPOSTOS;673866,31;673866,31;673866,31
9370759;3274;2023-10-27 00:00:00;CONSORCIO INTERM. SAUDE DA MICRO REGIAO DO ALTO DO SAPUCAI;01.111.142/0001-99;4291;FES;FUNDO ESTADUAL DE SAUDE;42;AUXILIOS;1;AUXILIOS;10;RECURSOS ORDINARIOS - RECURSOS NAO VINCULADOS DE IMPOSTOS;671474,58;671474,58;671474,58
9370760;3275;2023-10-27 00:00:00;CONSORCIO INTERMUNICIPAL DE SAUDE VERDE - CIS VERDE;02.034.350/0001-02;4291;FES;FUNDO ESTADUAL DE SAUDE;42;AUXILIOS;1;AUXILIOS;10;RECURSOS ORDINARIOS - RECURSOS NAO VINCULADOS DE IMPOSTOS;1187952,05;1187952,05;1187952,05
9370761;5515;2023-12-21 00:00:00;CIS ALTO PARAOPEBA/CONSELHERO LAFAIETE;02.401.218/0001-83;4291;FES;FUNDO ESTADUAL DE SAUDE;42;AUXILIOS;1;AUXILIOS;10;RECURSOS ORDINARIOS - RECURSOS NAO VINCULADOS DE IMPOSTOS;820670,51;820670,51;820670,51
9370762;3283;2023-10-27 00:00:00;CONSORCIO INTERMUNICIPAL DE SA DE CENTRO LESTE;01.921.228/0001-87;4291;FES;FUNDO ESTADUAL DE SAUDE;42;AUXILIOS;1;AUXILIOS;10;RECURSOS ORDINARIOS - RECURSOS NAO VINCULADOS DE IMPOSTOS;511747,13;511747,13;511747,13
9371292;2125;2023-06-22 00:00:00;PM ANGELANDIA;01.113.937/0001-36;1261;SEE;SECRETARIA DE ESTADO DE EDUCACAO;42;AUXILIOS;1;AUXILIOS;10;RECURSOS ORDINARIOS - RECURSOS NAO VINCULADOS DE IMPOSTOS;2840160,46;2840160,46;2840160,46
9371358;135;2023-04-14 00:00:00;INSTITUTO FEDERAL DE EDUCACAO CIENCIA E TECNO DO NORTE DE MG;10.727.655/0001-10;2161;FUCAM;FUNDACAO EDUCACIONAL CAIO MARTINS;41;CONTRIBUICOES;1;CONTRIBUICOES;10;RECURSOS ORDINARIOS - RECURSOS NAO VINCULADOS DE IMPOSTOS;1000000,0;1000000,0;0,0
9371424;405;2023-02-17 00:00:00;PM MAMONAS;25.212.242/0001-70;1261;SEE;SECRETARIA DE ESTADO DE EDUCACAO;42;AUXILIOS;1;AUXILIOS;10;RECURSOS ORDINARIOS - RECURSOS NAO VINCULADOS DE IMPOSTOS;744200,0;744200,0;0,0
9371428;334;2023-02-03 00:00:00;PM COIMBRA;18.132.464/0001-17;1261;SEE;SECRETARIA DE ESTADO DE EDUCACAO;42;AUXILIOS;1;AUXILIOS;10;RECURSOS ORDINARIOS - RECURSOS NAO VINCULADOS DE IMPOSTOS;962100,0;962100,0;962100,0
9371429;358;2023-02-03 00:00:00;PM PRESIDENTE KUBITSCHEK;17.754.185/0001-22;1261;SEE;SECRETARIA DE ESTADO DE EDUCACAO;42;AUXILIOS;1;AUXILIOS;10;RECURSOS ORDINARIOS - RECURSOS NAO VINCULADOS DE IMPOSTOS;711191,99;711191,99;711191,99
9371430;332;2023-02-03 00:00:00;PM SAO JOAO EVANGELISTA;18.307.488/0001-60;1261;SEE;SECRETARIA DE ESTADO DE EDUCACAO;42;AUXILIOS;1;AUXILIOS;10;RECURSOS ORDINARIOS - RECURSOS NAO VINCULADOS DE IMPOSTOS;359300,0;359300,0;359300,0
9371432;326;2023-02-03 00:00:00;PM GUARANI;18.338.160/0001-00;1261;SEE;SECRETARIA DE ESTADO DE EDUCACAO;42;AUXILIOS;1;AUXILIOS;10;RECURSOS ORDINARIOS - RECURSOS NAO VINCULADOS DE IMPOSTOS;696800,0;696800,0;696800,0
9371433;411;2023-02-17 00:00:00;PM PAULISTAS;18.307.447/0001-73;1261;SEE;SECRETARIA DE ESTADO DE EDUCACAO;42;AUXILIOS;1;AUXILIOS;10;RECURSOS ORDINARIOS - RECURSOS NAO VINCULADOS DE IMPOSTOS;100000,0;100000,0;100000,0
9371434;401;2023-02-17 00:00:00;PM CARLOS CHAGAS;18.477.315/0001-90;1261;SEE;SECRETARIA DE ESTADO DE EDUCACAO;42;AUXILIOS;1;AUXILIOS;10;RECURSOS ORDINARIOS - RECURSOS NAO VINCULADOS DE IMPOSTOS;575851,73;575851,73;575851,73
9371436;416;2023-02-17 00:00:00;PM SANTA CRUZ DO ESCALVADO;18.316.273/0001-05;1261;SEE;SECRETARIA DE ESTADO DE EDUCACAO;42;AUXILIOS;1;AUXILIOS;10;RECURSOS ORDINARIOS - RECURSOS NAO VINCULADOS DE IMPOSTOS;199663,91;199663,91;199663,91
9371440;369;2023-02-03 00:00:00;PM MEDINA;18.414.607/0001-83;1261;SEE;SECRETARIA DE ESTADO DE EDUCACAO;42;AUXILIOS;1;AUXILIOS;10;RECURSOS ORDINARIOS - RECURSOS NAO VINCULADOS DE IMPOSTOS;100000,0;100000,0;100000,0
9371450;368;2023-02-03 00:00:00;PM MARIO CAMPOS;01.612.508/0001-03;1261;SEE;SECRETARIA DE ESTADO DE EDUCACAO;42;AUXILIOS;1;AUXILIOS;10;RECURSOS ORDINARIOS - RECURSOS NAO VINCULADOS DE IMPOSTOS;199996,81;199996,81;199996,81
9371451;324;2023-02-03 00:00:00;PM CONFINS;01.006.232/0001-10;1261;SEE;SECRETARIA DE ESTADO DE EDUCACAO;42;AUXILIOS;1;AUXILIOS;10;RECURSOS ORDINARIOS - RECURSOS NAO VINCULADOS DE IMPOSTOS;1437600,0;1437600,0;1437600,0
9371452;328;2023-02-03 00:00:00;PM JENIPAPO DE MINAS;01.613.376/0001-34;1261;SEE;SECRETARIA DE ESTADO DE EDUCACAO;42;AUXILIOS;1;AUXILIOS;10;RECURSOS ORDINARIOS - RECURSOS NAO VINCULADOS DE IMPOSTOS;1093333,33;1093333,33;1093333,33
9371453;330;2023-02-03 00:00:00;PM MARIA DA FE;18.025.957/0001-58;1261;SEE;SECRETARIA DE ESTADO DE EDUCACAO;42;AUXILIOS;1;AUXILIOS;10;RECURSOS ORDINARIOS - RECURSOS NAO VINCULADOS DE IMPOSTOS;2113200,0;2113200,0;2113200,0
9371455;329;2023-02-03 00:00:00;PM LADAINHA;18.404.863/0001-90;1261;SEE;SECRETARIA DE ESTADO DE EDUCACAO;42;AUXILIOS;1;AUXILIOS;10;RECURSOS ORDINARIOS - RECURSOS NAO VINCULADOS DE IMPOSTOS;817000,0;817000,0;817000,0
9371456;331;2023-02-03 00:00:00;PM SANTO ANTONIO DO MONTE;16.870.974/0001-66;1261;SEE;SECRETARIA DE ESTADO DE EDUCACAO;42;AUXILIOS;1;AUXILIOS;10;RECURSOS ORDINARIOS - RECURSOS NAO VINCULADOS DE IMPOSTOS;3730033,33;3730033,33;3730033,33
9371457;327;2023-02-03 00:00:00;PM ITAPEVA;18.677.625/0001-58;1261;SEE;SECRETARIA DE ESTADO DE EDUCACAO;42;AUXILIOS;1;AUXILIOS;10;RECURSOS ORDINARIOS - RECURSOS NAO VINCULADOS DE IMPOSTOS;1591999,99;1591999,99;1591999,99
9371458;408;2023-02-17 00:00:00;PM SANTANA DE PIRAPAMA;18.116.178/0001-68;1261;SEE;SECRETARIA DE ESTADO DE EDUCACAO;42;AUXILIOS;1;AUXILIOS;10;RECURSOS ORDINARIOS - RECURSOS NAO VINCULADOS DE IMPOSTOS;360000,0;360000,0;0,0
9371459;404;2023-02-17 00:00:00;PM POUSO ALEGRE;18.675.983/0001-21;1261;SEE;SECRETARIA DE ESTADO DE EDUCACAO;42;AUXILIOS;1;AUXILIOS;10;RECURSOS ORDINARIOS - RECURSOS NAO VINCULADOS DE IMPOSTOS;940500,0;940500,0;940500,0
9371461;377;2023-02-03 00:00:00;PM TIRADENTES;18.557.579/0001-53;1261;SEE;SECRETARIA DE ESTADO DE EDUCACAO;42;AUXILIOS;1;AUXILIOS;10;RECURSOS ORDINARIOS - RECURSOS NAO VINCULADOS DE IMPOSTOS;450000,0;450000,0;450000,0
9371462;360;2023-02-03 00:00:00;PM BELA VISTA DE MINAS;18.311.043/0001-53;1261;SEE;SECRETARIA DE ESTADO DE EDUCACAO;42;AUXILIOS;1;AUXILIOS;10;RECURSOS ORDINARIOS - RECURSOS NAO VINCULADOS DE IMPOSTOS;150000,0;150000,0;150000,0
9371463;363;2023-02-03 00:00:00;PM IBERTIOGA;18.094.839/0001-00;1261;SEE;SECRETARIA DE ESTADO DE EDUCACAO;42;AUXILIOS;1;AUXILIOS;10;RECURSOS ORDINARIOS - RECURSOS NAO VINCULADOS DE IMPOSTOS;583436,64;583436,64;583436,64
9371464;412;2023-02-17 00:00:00;PM IPANEMA;18.334.292/0001-64;1261;SEE;SECRETARIA DE ESTADO DE EDUCACAO;42;AUXILIOS;1;AUXILIOS;10;RECURSOS ORDINARIOS - RECURSOS NAO VINCULADOS DE IMPOSTOS;100000,0;100000,0;100000,0
9371465;413;2023-02-17 00:00:00;PM JECEABA;20.356.739/0001-48;1261;SEE;SECRETARIA DE ESTADO DE EDUCACAO;42;AUXILIOS;1;AUXILIOS;10;RECURSOS ORDINARIOS - RECURSOS NAO VINCULADOS DE IMPOSTOS;100000,0;100000,0;100000,0
9371466;366;2023-02-03 00:00:00;PM JOSE GONCALVES DE MINAS;01.613.372/0001-56;1261;SEE;SECRETARIA DE ESTADO DE EDUCACAO;42;AUXILIOS;1;AUXILIOS;10;RECURSOS ORDINARIOS - RECURSOS NAO VINCULADOS DE IMPOSTOS;100000,0;100000,0;100000,0
9371467;410;2023-02-17 00:00:00;PM POTE;18.404.970/0001-18;1261;SEE;SECRETARIA DE ESTADO DE EDUCACAO;42;AUXILIOS;1;AUXILIOS;10;RECURSOS ORDINARIOS - RECURSOS NAO VINCULADOS DE IMPOSTOS;100000,0;100000,0;100000,0
9371468;375;2023-02-03 00:00:00;PM SANTO ANTONIO DO MONTE;16.870.974/0001-66;1261;SEE;SECRETARIA DE ESTADO DE EDUCACAO;42;AUXILIOS;1;AUXILIOS;10;RECURSOS ORDINARIOS - RECURSOS NAO VINCULADOS DE IMPOSTOS;250000,0;250000,0;250000,0
9371469;361;2023-02-03 00:00:00;PM BIAS FORTES;18.094.771/0001-50;1261;SEE;SECRETARIA DE ESTADO DE EDUCACAO;42;AUXILIOS;1;AUXILIOS;10;RECURSOS ORDINARIOS - RECURSOS NAO VINCULADOS DE IMPOSTOS;100000,0;100000,0;100000,0
9371470;362;2023-02-03 00:00:00;PM CAMPOS GERAIS;18.245.175/0001-24;1261;SEE;SECRETARIA DE ESTADO DE EDUCACAO;42;AUXILIOS;1;AUXILIOS;10;RECURSOS ORDINARIOS - RECURSOS NAO VINCULADOS DE IMPOSTOS;100000,0;100000,0;100000,0
9371471;370;2023-02-03 00:00:00;PM NATERCIA;17.935.412/0001-16;1261;SEE;SECRETARIA DE ESTADO DE EDUCACAO;42;AUXILIOS;1;AUXILIOS;10;RECURSOS ORDINARIOS - RECURSOS NAO VINCULADOS DE IMPOSTOS;100000,0;100000,0;100000,0
9371472;365;2023-02-03 00:00:00;PM ITAMONTE;18.666.750/0001-62;1261;SEE;SECRETARIA DE ESTADO DE EDUCACAO;42;AUXILIOS;1;AUXILIOS;10;RECURSOS ORDINARIOS - RECURSOS NAO VINCULADOS DE IMPOSTOS;200000,0;200000,0;200000,0
9371473;376;2023-02-03 00:00:00;PM SAO JOAO DA MATA;17.935.206/0001-06;1261;SEE;SECRETARIA DE ESTADO DE EDUCACAO;42;AUXILIOS;1;AUXILIOS;10;RECURSOS ORDINARIOS - RECURSOS NAO VINCULADOS DE IMPOSTOS;200000,0;200000,0;200000,0
9371474;371;2023-02-03 00:00:00;PM PEDRALVA;18.025.973/0001-40;1261;SEE;SECRETARIA DE ESTADO DE EDUCACAO;42;AUXILIOS;1;AUXILIOS;10;RECURSOS ORDINARIOS - RECURSOS NAO VINCULADOS DE IMPOSTOS;100000,0;100000,0;100000,0
9371475;373;2023-02-03 00:00:00;PM PEDRALVA;18.025.973/0001-40;1261;SEE;SECRETARIA DE ESTADO DE EDUCACAO;42;AUXILIOS;1;AUXILIOS;10;RECURSOS ORDINARIOS - RECURSOS NAO VINCULADOS DE IMPOSTOS;100000,0;100000,0;100000,0
9371476;364;2023-02-03 00:00:00;PM GOVERNADOR VALADARES;20.622.890/0001-80;1261;SEE;SECRETARIA DE ESTADO DE EDUCACAO;42;AUXILIOS;1;AUXILIOS;10;RECURSOS ORDINARIOS - RECURSOS NAO VINCULADOS DE IMPOSTOS;939434,27;939434,27;939434,27
9371477;325;2023-02-03 00:00:00;PM CORONEL FABRICIANO;19.875.046/0001-82;1261;SEE;SECRETARIA DE ESTADO DE EDUCACAO;42;AUXILIOS;1;AUXILIOS;10;RECURSOS ORDINARIOS - RECURSOS NAO VINCULADOS DE IMPOSTOS;1077900,0;1077900,0;1077900,0
9371478;337;2023-02-03 00:00:00;PM GONCALVES;18.025.932/0001-54;1261;SEE;SECRETARIA DE ESTADO DE EDUCACAO;42;AUXILIOS;1;AUXILIOS;10;RECURSOS ORDINARIOS - RECURSOS NAO VINCULADOS DE IMPOSTOS;718600,0;718600,0;718600,0
9371479;357;2023-02-03 00:00:00;PM ITAMBE DO MATO DENTRO;18.299.537/0001-60;1261;SEE;SECRETARIA DE ESTADO DE EDUCACAO;42;AUXILIOS;1;AUXILIOS;10;RECURSOS ORDINARIOS - RECURSOS NAO VINCULADOS DE IMPOSTOS;64061,92;64061,92;64061,92
9371481;359;2023-02-03 00:00:00;PM LAVRAS;18.244.376/0001-07;1261;SEE;SECRETARIA DE ESTADO DE EDUCACAO;42;AUXILIOS;1;AUXILIOS;10;RECURSOS ORDINARIOS - RECURSOS NAO VINCULADOS DE IMPOSTOS;417300,0;417300,0;417300,0
9371482;418;2023-02-17 00:00:00;PM LAGOA DOURADA;18.557.595/0001-46;1261;SEE;SECRETARIA DE ESTADO DE EDUCACAO;42;AUXILIOS;1;AUXILIOS;10;RECURSOS ORDINARIOS - RECURSOS NAO VINCULADOS DE IMPOSTOS;119914,33;119914,33;119914,33
9371483;352;2023-02-03 00:00:00;PM CANA VERDE;18.244.426/0001-56;1261;SEE;SECRETARIA DE ESTADO DE EDUCACAO;42;AUXILIOS;1;AUXILIOS;10;RECURSOS ORDINARIOS - RECURSOS NAO VINCULADOS DE IMPOSTOS;100000,0;100000,0;100000,0
9371484;367;2023-02-03 00:00:00;PM SANTOS DUMONT;17.747.924/0001-59;1261;SEE;SECRETARIA DE ESTADO DE EDUCACAO;42;AUXILIOS;1;AUXILIOS;10;RECURSOS ORDINARIOS - RECURSOS NAO VINCULADOS DE IMPOSTOS;711191,99;711191,99;711191,99
9371485;409;2023-02-17 00:00:00;PM PAVAO;18.404.772/0001-54;1261;SEE;SECRETARIA DE ESTADO DE EDUCACAO;42;AUXILIOS;1;AUXILIOS;10;RECURSOS ORDINARIOS - RECURSOS NAO VINCULADOS DE IMPOSTOS;99808,31;99808,31;99808,31
9371486;354;2023-02-03 00:00:00;PM ITABIRITO;18.307.835/0001-54;1261;SEE;SECRETARIA DE ESTADO DE EDUCACAO;42;AUXILIOS;1;AUXILIOS;10;RECURSOS ORDINARIOS - RECURSOS NAO VINCULADOS DE IMPOSTOS;100000,0;100000,0;0,0
9371513;64;2023-03-10 00:00:00;PM PIEDADE DE CARATINGA;01.613.130/0001-62;1481;SEDESE;SECRETARIA DE ESTADO DE DESENVOLVIMENTO SOCIAL;41;CONTRIBUICOES;1;CONTRIBUICOES;71;RECURSOS DO FUNDO ESTADUAL DE ERRADICACAO DA MISERIA;17600,0;17600,0;17600,0
9371513;66;2023-03-10 00:00:00;PM PIEDADE DE CARATINGA;01.613.130/0001-62;1481;SEDESE;SECRETARIA DE ESTADO DE DESENVOLVIMENTO SOCIAL;42;AUXILIOS;1;AUXILIOS;71;RECURSOS DO FUNDO ESTADUAL DE ERRADICACAO DA MISERIA;2400,0;2400,0;2400,0
9371524;196;2023-07-11 00:00:00;ASSOCIACAO MINEIRA DO PARADESPORTO - AMPADESPORTO;29.335.005/0001-57;1481;SEDESE;SECRETARIA DE ESTADO DE DESENVOLVIMENTO SOCIAL;43;SUBVENCOES SOCIAIS;1;SUBVENCOES SOCIAIS;38;TRANSFERENCIAS DA UNIAO VINCULADOS AO ESPORTE;518508,11;518508,11;518508,11
9371844;343;2023-02-03 00:00:00;PM SENHORA DE OLIVEIRA;23.515.703/0001-58;1261;SEE;SECRETARIA DE ESTADO DE EDUCACAO;42;AUXILIOS;1;AUXILIOS;10;RECURSOS ORDINARIOS - RECURSOS NAO VINCULADOS DE IMPOSTOS;838500,0;838500,0;838500,0
9371845;342;2023-02-03 00:00:00;PM CAMPO DO MEIO;18.239.582/0001-29;1261;SEE;SECRETARIA DE ESTADO DE EDUCACAO;42;AUXILIOS;1;AUXILIOS;10;RECURSOS ORDINARIOS - RECURSOS NAO VINCULADOS DE IMPOSTOS;100000,0;100000,0;100000,0
9371851;348;2023-02-03 00:00:00;PM JAPARAIBA;18.306.654/0001-03;1261;SEE;SECRETARIA DE ESTADO DE EDUCACAO;42;AUXILIOS;1;AUXILIOS;10;RECURSOS ORDINARIOS - RECURSOS NAO VINCULADOS DE IMPOSTOS;100000,0;100000,0;100000,0
9371853;374;2023-02-03 00:00:00;PM SANTA VITORIA;18.457.226/0001-81;1261;SEE;SECRETARIA DE ESTADO DE EDUCACAO;42;AUXILIOS;1;AUXILIOS;10;RECURSOS ORDINARIOS - RECURSOS NAO VINCULADOS DE IMPOSTOS;703870,98;703870,98;703870,98
9371854;351;2023-02-03 00:00:00;PM JESUANIA;18.188.227/0001-78;1261;SEE;SECRETARIA DE ESTADO DE EDUCACAO;42;AUXILIOS;1;AUXILIOS;10;RECURSOS ORDINARIOS - RECURSOS NAO VINCULADOS DE IMPOSTOS;1248600,0;1248600,0;1248600,0
9371911;347;2023-05-24 00:00:00;PM SACRAMENTO;18.140.764/0001-48;1371;SEMAD;SECRETARIA DE ESTADO DE MEIO AMBIENTE E DESENVOLVIMENTO SUSTENTAVEL;41;CONTRIBUICOES;1;CONTRIBUICOES;15;RECURSOS ORDINARIOS - OUTROS RECURSOS NAO VINCULADOS;600000,0;600000,0;600000,0
9371912;406;2023-02-17 00:00:00;PM ANTONIO CARLOS;18.094.763/0001-04;1261;SEE;SECRETARIA DE ESTADO DE EDUCACAO;42;AUXILIOS;1;AUXILIOS;10;RECURSOS ORDINARIOS - RECURSOS NAO VINCULADOS DE IMPOSTOS;95123,88;95123,88;95123,88
9371913;346;2023-02-03 00:00:00;PM ITAJUBA;18.025.940/0001-09;1261;SEE;SECRETARIA DE ESTADO DE EDUCACAO;42;AUXILIOS;1;AUXILIOS;10;RECURSOS ORDINARIOS - RECURSOS NAO VINCULADOS DE IMPOSTOS;700000,0;700000,0;700000,0
9371914;347;2023-02-03 00:00:00;PM PARAOPEBA;18.116.160/0001-66;1261;SEE;SECRETARIA DE ESTADO DE EDUCACAO;42;AUXILIOS;1;AUXILIOS;10;RECURSOS ORDINARIOS - RECURSOS NAO VINCULADOS DE IMPOSTOS;2161166,67;2161166,67;2161166,67
9371915;350;2023-02-03 00:00:00;PM RIO ACIMA;18.312.108/0001-85;1261;SEE;SECRETARIA DE ESTADO DE EDUCACAO;42;AUXILIOS;1;AUXILIOS;10;RECURSOS ORDINARIOS - RECURSOS NAO VINCULADOS DE IMPOSTOS;101633,33;101633,33;101633,33
9371918;353;2023-02-03 00:00:00;PM CARMO DE MINAS;18.188.243/0001-60;1261;SEE;SECRETARIA DE ESTADO DE EDUCACAO;42;AUXILIOS;1;AUXILIOS;10;RECURSOS ORDINARIOS - RECURSOS NAO VINCULADOS DE IMPOSTOS;1543400,0;1543400,0;1543400,0
9371919;340;2023-02-03 00:00:00;PM URUCUIA;25.223.850/0001-80;1261;SEE;SECRETARIA DE ESTADO DE EDUCACAO;42;AUXILIOS;1;AUXILIOS;10;RECURSOS ORDINARIOS - RECURSOS NAO VINCULADOS DE IMPOSTOS;867800,0;867800,0;867800,0
9371920;414;2023-02-17 00:00:00;PM MINAS NOVAS;22.516.405/0001-10;1261;SEE;SECRETARIA DE ESTADO DE EDUCACAO;42;AUXILIOS;1;AUXILIOS;10;RECURSOS ORDINARIOS - RECURSOS NAO VINCULADOS DE IMPOSTOS;500000,0;500000,0;500000,0
9371921;402;2023-02-17 00:00:00;PM URUCUIA;25.223.850/0001-80;1261;SEE;SECRETARIA DE ESTADO DE EDUCACAO;42;AUXILIOS;1;AUXILIOS;10;RECURSOS ORDINARIOS - RECURSOS NAO VINCULADOS DE IMPOSTOS;2000199,99;2000199,99;2000199,99
9371924;345;2023-02-03 00:00:00;PM FORMOSO;18.125.153/0001-20;1261;SEE;SECRETARIA DE ESTADO DE EDUCACAO;42;AUXILIOS;1;AUXILIOS;10;RECURSOS ORDINARIOS - RECURSOS NAO VINCULADOS DE IMPOSTOS;200000,0;200000,0;200000,0
9371925;349;2023-02-03 00:00:00;PM NOVA ERA;16.819.831/0001-20;1261;SEE;SECRETARIA DE ESTADO DE EDUCACAO;42;AUXILIOS;1;AUXILIOS;10;RECURSOS ORDINARIOS - RECURSOS NAO VINCULADOS DE IMPOSTOS;180000,0;180000,0;180000,0
9371926;344;2023-02-03 00:00:00;PM SAO JOAO DO PARAISO;24.791.154/0001-07;1261;SEE;SECRETARIA DE ESTADO DE EDUCACAO;42;AUXILIOS;1;AUXILIOS;10;RECURSOS ORDINARIOS - RECURSOS NAO VINCULADOS DE IMPOSTOS;4014666,69;4014666,69;4014666,69
9371927;403;2023-02-17 00:00:00;PM CAMPO BELO;18.659.334/0001-37;1261;SEE;SECRETARIA DE ESTADO DE EDUCACAO;42;AUXILIOS;1;AUXILIOS;10;RECURSOS ORDINARIOS - RECURSOS NAO VINCULADOS DE IMPOSTOS;1470000,0;1470000,0;0,0
9371928;341;2023-02-03 00:00:00;PM ALFENAS;18.243.220/0001-01;1261;SEE;SECRETARIA DE ESTADO DE EDUCACAO;42;AUXILIOS;1;AUXILIOS;10;RECURSOS ORDINARIOS - RECURSOS NAO VINCULADOS DE IMPOSTOS;100000,0;100000,0;100000,0
9371939;8;2023-02-03 00:00:00;PM CAPINOPOLIS;18.457.234/0001-28;1261;SEE;SECRETARIA DE ESTADO DE EDUCACAO;42;AUXILIOS;1;AUXILIOS;10;RECURSOS ORDINARIOS - RECURSOS NAO VINCULADOS DE IMPOSTOS;950000,0;950000,0;950000,0
9371939;872;2023-07-28 00:00:00;PM CAPINOPOLIS;18.457.234/0001-28;1261;SEE;SECRETARIA DE ESTADO DE EDUCACAO;42;AUXILIOS;1;AUXILIOS;10;RECURSOS ORDINARIOS - RECURSOS NAO VINCULADOS DE IMPOSTOS;2850000,0;2850000,0;2850000,0
9371940;417;2023-02-17 00:00:00;PM URUCANIA;18.316.281/0001-51;1261;SEE;SECRETARIA DE ESTADO DE EDUCACAO;42;AUXILIOS;1;AUXILIOS;10;RECURSOS ORDINARIOS - RECURSOS NAO VINCULADOS DE IMPOSTOS;149983,13;149983,13;149983,13
9371941;415;2023-02-17 00:00:00;PM SANTA BARBARA DO TUGURIO;18.094.854/0001-40;1261;SEE;SECRETARIA DE ESTADO DE EDUCACAO;42;AUXILIOS;1;AUXILIOS;10;RECURSOS ORDINARIOS - RECURSOS NAO VINCULADOS DE IMPOSTOS;200000,0;200000,0;200000,0
9371942;338;2023-02-03 00:00:00;PM NOVA BELEM;01.613.169/0001-80;1261;SEE;SECRETARIA DE ESTADO DE EDUCACAO;42;AUXILIOS;1;AUXILIOS;10;RECURSOS ORDINARIOS - RECURSOS NAO VINCULADOS DE IMPOSTOS;400000,0;400000,0;400000,0
9371943;339;2023-02-03 00:00:00;PM SAO SEBASTIAO DO ANTA;01.613.123/0001-60;1261;SEE;SECRETARIA DE ESTADO DE EDUCACAO;42;AUXILIOS;1;AUXILIOS;10;RECURSOS ORDINARIOS - RECURSOS NAO VINCULADOS DE IMPOSTOS;300000,0;300000,0;300000,0
9371944;355;2023-02-03 00:00:00;PM SENADOR JOSE BENTO;18.675.926/0001-42;1261;SEE;SECRETARIA DE ESTADO DE EDUCACAO;42;AUXILIOS;1;AUXILIOS;10;RECURSOS ORDINARIOS - RECURSOS NAO VINCULADOS DE IMPOSTOS;611230,0;611230,0;611230,0
9371945;336;2023-02-03 00:00:00;PM CURRAL DE DENTRO;01.613.076/0001-55;1261;SEE;SECRETARIA DE ESTADO DE EDUCACAO;42;AUXILIOS;1;AUXILIOS;10;RECURSOS ORDINARIOS - RECURSOS NAO VINCULADOS DE IMPOSTOS;301633,33;301633,33;301633,33
9371958;335;2023-02-03 00:00:00;PM GRAO MOGOL;20.716.627/0001-50;1261;SEE;SECRETARIA DE ESTADO DE EDUCACAO;42;AUXILIOS;1;AUXILIOS;10;RECURSOS ORDINARIOS - RECURSOS NAO VINCULADOS DE IMPOSTOS;200000,0;200000,0;200000,0
9371960;356;2023-02-03 00:00:00;PM BIAS FORTES;18.094.771/0001-50;1261;SEE;SECRETARIA DE ESTADO DE EDUCACAO;42;AUXILIOS;1;AUXILIOS;10;RECURSOS ORDINARIOS - RECURSOS NAO VINCULADOS DE IMPOSTOS;817000,0;817000,0;817000,0
9371961;10;2023-02-03 00:00:00;PM ALVORADA DE MINAS;18.303.164/0001-53;1261;SEE;SECRETARIA DE ESTADO DE EDUCACAO;42;AUXILIOS;1;AUXILIOS;10;RECURSOS ORDINARIOS - RECURSOS NAO VINCULADOS DE IMPOSTOS;250000,0;250000,0;250000,0
9371982;2;2023-02-03 00:00:00;PM CARMESIA;18.303.172/0001-08;1261;SEE;SECRETARIA DE ESTADO DE EDUCACAO;42;AUXILIOS;1;AUXILIOS;10;RECURSOS ORDINARIOS - RECURSOS NAO VINCULADOS DE IMPOSTOS;1339700,0;1339700,0;1339700,0
9371983;3;2023-02-03 00:00:00;PM SAO LOURENCO;18.188.219/0001-21;1261;SEE;SECRETARIA DE ESTADO DE EDUCACAO;42;AUXILIOS;1;AUXILIOS;10;RECURSOS ORDINARIOS - RECURSOS NAO VINCULADOS DE IMPOSTOS;1460900,0;1460900,0;1460900,0
9372056;6;2023-02-03 00:00:00;PM PATROCINIO;18.468.033/0001-26;1261;SEE;SECRETARIA DE ESTADO DE EDUCACAO;42;AUXILIOS;1;AUXILIOS;10;RECURSOS ORDINARIOS - RECURSOS NAO VINCULADOS DE IMPOSTOS;1175211,84;1175211,84;1175211,84
9372056;561;2023-06-01 00:00:00;PM PATROCINIO;18.468.033/0001-26;1261;SEE;SECRETARIA DE ESTADO DE EDUCACAO;42;AUXILIOS;1;AUXILIOS;10;RECURSOS ORDINARIOS - RECURSOS NAO VINCULADOS DE IMPOSTOS;3305416,62;3305416,62;3305416,62
9372056;625;2023-07-26 00:00:00;PM PATROCINIO;18.468.033/0001-26;1261;SEE;SECRETARIA DE ESTADO DE EDUCACAO;42;AUXILIOS;1;AUXILIOS;10;RECURSOS ORDINARIOS - RECURSOS NAO VINCULADOS DE IMPOSTOS;0,0;0,0;0,0
9372057;5;2023-02-03 00:00:00;PM PATROCINIO;18.468.033/0001-26;1261;SEE;SECRETARIA DE ESTADO DE EDUCACAO;42;AUXILIOS;1;AUXILIOS;10;RECURSOS ORDINARIOS - RECURSOS NAO VINCULADOS DE IMPOSTOS;5568804,85;5568804,85;5568804,85
9372057;562;2023-06-01 00:00:00;PM PATROCINIO;18.468.033/0001-26;1261;SEE;SECRETARIA DE ESTADO DE EDUCACAO;42;AUXILIOS;1;AUXILIOS;10;RECURSOS ORDINARIOS - RECURSOS NAO VINCULADOS DE IMPOSTOS;16706414,55;16706414,55;16706414,55
9372058;7;2023-02-03 00:00:00;PM PATROCINIO;18.468.033/0001-26;1261;SEE;SECRETARIA DE ESTADO DE EDUCACAO;42;AUXILIOS;1;AUXILIOS;10;RECURSOS ORDINARIOS - RECURSOS NAO VINCULADOS DE IMPOSTOS;1500243,45;1500243,45;1500243,45
9372610;53;2023-02-10 00:00:00;INSTITUTO JURIDICO PARA EFETIVACAO DA CIDADANIA - MINAS GERAIS IJUCI/M;03.893.350/0001-12;1451;SEJUSP;SECRETARIA DE ESTADO DE JUSTICA E SEGURANCA PUBLICA;43;SUBVENCOES SOCIAIS;1;SUBVENCOES SOCIAIS;10;RECURSOS ORDINARIOS - RECURSOS NAO VINCULADOS DE IMPOSTOS;1361815,28;1361815,28;1361815,28
9372610;162;2023-04-17 00:00:00;INSTITUTO JURIDICO PARA EFETIVACAO DA CIDADANIA - MINAS GERAIS IJUCI/M;03.893.350/0001-12;1451;SEJUSP;SECRETARIA DE ESTADO DE JUSTICA E SEGURANCA PUBLICA;43;SUBVENCOES SOCIAIS;1;SUBVENCOES SOCIAIS;10;RECURSOS ORDINARIOS - RECURSOS NAO VINCULADOS DE IMPOSTOS;1220847,2;1220847,2;1220847,2
9372638;53;2023-02-13 00:00:00;AFS INTERCULTURA BRASIL;72.036.825/0001-77;2151;FHA;FUNDACAO HELENA ANTIPOFF;43;SUBVENCOES SOCIAIS;1;SUBVENCOES SOCIAIS;10;RECURSOS ORDINARIOS - RECURSOS NAO VINCULADOS DE IMPOSTOS;2240000,0;2240000,0;2240000,0
9372698;1;2023-02-16 00:00:00;PM PIUMHI;16.781.346/0001-04;4491;FEC;FUNDO ESTADUAL DE CULTURA;41;CONTRIBUICOES;1;CONTRIBUICOES;59;OUTROS RECURSOS VINCULADOS;130412,03;130412,03;130412,03
9372711;407;2023-02-17 00:00:00;PM SAO JOAO DO PARAISO;24.791.154/0001-07;1261;SEE;SECRETARIA DE ESTADO DE EDUCACAO;42;AUXILIOS;1;AUXILIOS;10;RECURSOS ORDINARIOS - RECURSOS NAO VINCULADOS DE IMPOSTOS;99622,75;99622,75;99622,75
9372855;90;2023-03-03 00:00:00;PM FELIXLANDIA;17.695.032/0001-51;1301;SEINFRA;SECRETARIA DE ESTADO DE INFRAESTRUTURA, MOBILIDADE E PARCERIAS;42;AUXILIOS;1;AUXILIOS;95;RECURSOS RECEBIDOS POR DANOS ADVINDOS DE DESASTRES SOCIOAMBIENTAIS;1595608,77;1595608,77;1595608,77
9374668;48;2023-03-09 00:00:00;APAC DE NEPOMUCENO;33.266.010/0001-22;1451;SEJUSP;SECRETARIA DE ESTADO DE JUSTICA E SEGURANCA PUBLICA;43;SUBVENCOES SOCIAIS;1;SUBVENCOES SOCIAIS;10;RECURSOS ORDINARIOS - RECURSOS NAO VINCULADOS DE IMPOSTOS;1229169,12;1229169,12;1229169,12
9376673;455;2023-03-09 00:00:00;PM SAO JOSE DO DIVINO;18.404.988/0001-10;1261;SEE;SECRETARIA DE ESTADO DE EDUCACAO;42;AUXILIOS;1;AUXILIOS;10;RECURSOS ORDINARIOS - RECURSOS NAO VINCULADOS DE IMPOSTOS;710000,0;710000,0;710000,0
9376861;92;2023-03-17 00:00:00;PM VIEIRAS;17.947.599/0001-78;1301;SEINFRA;SECRETARIA DE ESTADO DE INFRAESTRUTURA, MOBILIDADE E PARCERIAS;42;AUXILIOS;1;AUXILIOS;15;RECURSOS ORDINARIOS - OUTROS RECURSOS NAO VINCULADOS;400000,0;400000,0;400000,0
9376862;93;2023-03-17 00:00:00;PM VIEIRAS;17.947.599/0001-78;1301;SEINFRA;SECRETARIA DE ESTADO DE INFRAESTRUTURA, MOBILIDADE E PARCERIAS;42;AUXILIOS;1;AUXILIOS;15;RECURSOS ORDINARIOS - OUTROS RECURSOS NAO VINCULADOS;600000,0;600000,0;600000,0
9376897;458;2023-03-14 00:00:00;PM DORES DE GUANHAES;18.307.413/0001-89;1261;SEE;SECRETARIA DE ESTADO DE EDUCACAO;42;AUXILIOS;1;AUXILIOS;10;RECURSOS ORDINARIOS - RECURSOS NAO VINCULADOS DE IMPOSTOS;939434,27;939434,27;939434,27
9377041;87;2023-03-30 00:00:00;PM MATHIAS LOBATO;18.332.619/0001-69;1231;SEAPA;SECRETARIA DE ESTADO DE AGRICULTURA, PECUARIA E ABASTECIMENTO - SEAPA;41;CONTRIBUICOES;1;CONTRIBUICOES;15;RECURSOS ORDINARIOS - OUTROS RECURSOS NAO VINCULADOS;742833,33;742833,33;742833,33
9377045;88;2023-03-30 00:00:00;PM IPABA;66.229.543/0001-93;1231;SEAPA;SECRETARIA DE ESTADO DE AGRICULTURA, PECUARIA E ABASTECIMENTO - SEAPA;41;CONTRIBUICOES;1;CONTRIBUICOES;15;RECURSOS ORDINARIOS - OUTROS RECURSOS NAO VINCULADOS;681481,35;681481,35;681481,35
9377913;1136;2023-03-20 00:00:00;PM VIRGEM DA LAPA;18.348.730/0001-43;1261;SEE;SECRETARIA DE ESTADO DE EDUCACAO;42;AUXILIOS;1;AUXILIOS;10;RECURSOS ORDINARIOS - RECURSOS NAO VINCULADOS DE IMPOSTOS;4040949,77;4040949,77;4040949,77
9377918;94;2023-03-17 00:00:00;PM MATIPO;18.385.104/0001-27;1301;SEINFRA;SECRETARIA DE ESTADO DE INFRAESTRUTURA, MOBILIDADE E PARCERIAS;42;AUXILIOS;1;AUXILIOS;15;RECURSOS ORDINARIOS - OUTROS RECURSOS NAO VINCULADOS;1000000,0;1000000,0;1000000,0
9377932;2315;2023-03-20 00:00:00;PM SAO JOAO DA PONTE;16.928.483/0001-29;1261;SEE;SECRETARIA DE ESTADO DE EDUCACAO;42;AUXILIOS;1;AUXILIOS;10;RECURSOS ORDINARIOS - RECURSOS NAO VINCULADOS DE IMPOSTOS;1980687,07;1980687,07;1980687,07
9377933;2318;2023-03-20 00:00:00;PM SAO JOAO DA PONTE;16.928.483/0001-29;1261;SEE;SECRETARIA DE ESTADO DE EDUCACAO;42;AUXILIOS;1;AUXILIOS;10;RECURSOS ORDINARIOS - RECURSOS NAO VINCULADOS DE IMPOSTOS;639395,1;639395,1;639395,1
9377934;2316;2023-03-20 00:00:00;PM SAO JOAO DA PONTE;16.928.483/0001-29;1261;SEE;SECRETARIA DE ESTADO DE EDUCACAO;42;AUXILIOS;1;AUXILIOS;10;RECURSOS ORDINARIOS - RECURSOS NAO VINCULADOS DE IMPOSTOS;860809,51;860809,51;860809,51
9377935;2317;2023-03-20 00:00:00;PM SAO JOAO DA PONTE;16.928.483/0001-29;1261;SEE;SECRETARIA DE ESTADO DE EDUCACAO;42;AUXILIOS;1;AUXILIOS;10;RECURSOS ORDINARIOS - RECURSOS NAO VINCULADOS DE IMPOSTOS;1048137,0;1048137,0;1048137,0
9377937;95;2023-03-20 00:00:00;PM ALPERCATA;18.332.627/0001-05;1301;SEINFRA;SECRETARIA DE ESTADO DE INFRAESTRUTURA, MOBILIDADE E PARCERIAS;42;AUXILIOS;1;AUXILIOS;15;RECURSOS ORDINARIOS - OUTROS RECURSOS NAO VINCULADOS;2000000,0;2000000,0;2000000,0
9378457;1227;2023-03-27 00:00:00;PM VIRGEM DA LAPA;18.348.730/0001-43;1261;SEE;SECRETARIA DE ESTADO DE EDUCACAO;42;AUXILIOS;1;AUXILIOS;10;RECURSOS ORDINARIOS - RECURSOS NAO VINCULADOS DE IMPOSTOS;267899,41;267899,41;267899,41
9378458;1228;2023-03-27 00:00:00;PM VIRGEM DA LAPA;18.348.730/0001-43;1261;SEE;SECRETARIA DE ESTADO DE EDUCACAO;42;AUXILIOS;1;AUXILIOS;10;RECURSOS ORDINARIOS - RECURSOS NAO VINCULADOS DE IMPOSTOS;495405,53;495405,53;495405,53
9378459;1229;2023-03-27 00:00:00;PM VIRGEM DA LAPA;18.348.730/0001-43;1261;SEE;SECRETARIA DE ESTADO DE EDUCACAO;42;AUXILIOS;1;AUXILIOS;10;RECURSOS ORDINARIOS - RECURSOS NAO VINCULADOS DE IMPOSTOS;57190,25;57190,25;57190,25
9378460;1230;2023-03-27 00:00:00;PM VIRGEM DA LAPA;18.348.730/0001-43;1261;SEE;SECRETARIA DE ESTADO DE EDUCACAO;42;AUXILIOS;1;AUXILIOS;10;RECURSOS ORDINARIOS - RECURSOS NAO VINCULADOS DE IMPOSTOS;878147,04;878147,04;878147,04
9378461;1231;2023-03-27 00:00:00;PM VIRGEM DA LAPA;18.348.730/0001-43;1261;SEE;SECRETARIA DE ESTADO DE EDUCACAO;42;AUXILIOS;1;AUXILIOS;10;RECURSOS ORDINARIOS - RECURSOS NAO VINCULADOS DE IMPOSTOS;1950219,08;1950219,08;1950219,08
9378462;96;2023-03-27 00:00:00;PM NOVA MODICA;18.404.939/0001-87;1301;SEINFRA;SECRETARIA DE ESTADO DE INFRAESTRUTURA, MOBILIDADE E PARCERIAS;42;AUXILIOS;1;AUXILIOS;15;RECURSOS ORDINARIOS - OUTROS RECURSOS NAO VINCULADOS;750000,0;750000,0;750000,0
9379412;474;2023-03-28 00:00:00;PM SAO JOAO DO PARAISO;24.791.154/0001-07;1261;SEE;SECRETARIA DE ESTADO DE EDUCACAO;41;CONTRIBUICOES;1;CONTRIBUICOES;10;RECURSOS ORDINARIOS - RECURSOS NAO VINCULADOS DE IMPOSTOS;3089880,24;3089880,24;3089880,24
9379412;475;2023-03-28 00:00:00;PM SAO JOAO DO PARAISO;24.791.154/0001-07;1261;SEE;SECRETARIA DE ESTADO DE EDUCACAO;41;CONTRIBUICOES;1;CONTRIBUICOES;10;RECURSOS ORDINARIOS - RECURSOS NAO VINCULADOS DE IMPOSTOS;220820,47;220820,47;220820,47
9379412;476;2023-03-28 00:00:00;PM SAO JOAO DO PARAISO;24.791.154/0001-07;1261;SEE;SECRETARIA DE ESTADO DE EDUCACAO;41;CONTRIBUICOES;1;CONTRIBUICOES;21;COTA ESTADUAL DO SALARIO EDUCACAO - QESE;51418,8;51418,8;51418,8
9379467;485;2023-03-30 00:00:00;PM ANTONIO DIAS;16.796.575/0001-00;1261;SEE;SECRETARIA DE ESTADO DE EDUCACAO;42;AUXILIOS;1;AUXILIOS;10;RECURSOS ORDINARIOS - RECURSOS NAO VINCULADOS DE IMPOSTOS;1013400,0;1013400,0;1013400,0
9380331;91;2023-04-10 00:00:00;PM CRUZEIRO DA FORTALEZA;18.468.041/0001-72;1231;SEAPA;SECRETARIA DE ESTADO DE AGRICULTURA, PECUARIA E ABASTECIMENTO - SEAPA;41;CONTRIBUICOES;1;CONTRIBUICOES;15;RECURSOS ORDINARIOS - OUTROS RECURSOS NAO VINCULADOS;700000,0;700000,0;700000,0
9380332;93;2023-04-10 00:00:00;PM SIMONESIA;18.385.120/0001-10;1231;SEAPA;SECRETARIA DE ESTADO DE AGRICULTURA, PECUARIA E ABASTECIMENTO - SEAPA;41;CONTRIBUICOES;1;CONTRIBUICOES;15;RECURSOS ORDINARIOS - OUTROS RECURSOS NAO VINCULADOS;2600000,0;2600000,0;2600000,0
9380333;92;2023-04-10 00:00:00;PM CAPARAO;18.114.249/0001-93;1231;SEAPA;SECRETARIA DE ESTADO DE AGRICULTURA, PECUARIA E ABASTECIMENTO - SEAPA;41;CONTRIBUICOES;1;CONTRIBUICOES;15;RECURSOS ORDINARIOS - OUTROS RECURSOS NAO VINCULADOS;550000,0;550000,0;550000,0
9382503;104;2023-03-31 00:00:00;PM BIQUINHAS;18.296.640/0001-56;1301;SEINFRA;SECRETARIA DE ESTADO DE INFRAESTRUTURA, MOBILIDADE E PARCERIAS;42;AUXILIOS;1;AUXILIOS;15;RECURSOS ORDINARIOS - OUTROS RECURSOS NAO VINCULADOS;437800,0;437800,0;437800,0
9382515;2;2023-04-05 00:00:00;FUNDACAO INIMA DE PAULA;02.779.043/0001-42;4491;FEC;FUNDO ESTADUAL DE CULTURA;41;CONTRIBUICOES;1;CONTRIBUICOES;59;OUTROS RECURSOS VINCULADOS;90000,0;90000,0;90000,0
9383246;494;2023-04-11 00:00:00;PM ALTO JEQUITIBA;18.392.506/0001-59;1261;SEE;SECRETARIA DE ESTADO DE EDUCACAO;41;CONTRIBUICOES;1;CONTRIBUICOES;21;COTA ESTADUAL DO SALARIO EDUCACAO - QESE;13705,2;13705,2;13705,2
9383246;495;2023-04-11 00:00:00;PM ALTO JEQUITIBA;18.392.506/0001-59;1261;SEE;SECRETARIA DE ESTADO DE EDUCACAO;41;CONTRIBUICOES;1;CONTRIBUICOES;10;RECURSOS ORDINARIOS - RECURSOS NAO VINCULADOS DE IMPOSTOS;0,0;0,0;0,0
9383246;496;2023-04-11 00:00:00;PM ALTO JEQUITIBA;18.392.506/0001-59;1261;SEE;SECRETARIA DE ESTADO DE EDUCACAO;41;CONTRIBUICOES;1;CONTRIBUICOES;10;RECURSOS ORDINARIOS - RECURSOS NAO VINCULADOS DE IMPOSTOS;785279,76;785279,76;785279,76
9383246;497;2023-04-11 00:00:00;PM ALTO JEQUITIBA;18.392.506/0001-59;1261;SEE;SECRETARIA DE ESTADO DE EDUCACAO;41;CONTRIBUICOES;1;CONTRIBUICOES;10;RECURSOS ORDINARIOS - RECURSOS NAO VINCULADOS DE IMPOSTOS;58857,63;58857,63;58857,63
9383247;498;2023-04-11 00:00:00;PM CORREGO DANTA;18.298.174/0001-48;1261;SEE;SECRETARIA DE ESTADO DE EDUCACAO;42;AUXILIOS;1;AUXILIOS;10;RECURSOS ORDINARIOS - RECURSOS NAO VINCULADOS DE IMPOSTOS;1351200,0;1351200,0;1351200,0
9383253;499;2023-04-11 00:00:00;PM VARGEM GRANDE DO RIO PARDO;01.612.885/0001-42;1261;SEE;SECRETARIA DE ESTADO DE EDUCACAO;42;AUXILIOS;1;AUXILIOS;10;RECURSOS ORDINARIOS - RECURSOS NAO VINCULADOS DE IMPOSTOS;2201220,22;2201220,22;2201220,22
9383255;500;2023-04-11 00:00:00;PM MIRABELA;18.017.376/0001-74;1261;SEE;SECRETARIA DE ESTADO DE EDUCACAO;42;AUXILIOS;1;AUXILIOS;10;RECURSOS ORDINARIOS - RECURSOS NAO VINCULADOS DE IMPOSTOS;542322,85;542322,85;542322,85
9383256;501;2023-04-11 00:00:00;PM JEQUITAI;18.279.083/0001-65;1261;SEE;SECRETARIA DE ESTADO DE EDUCACAO;42;AUXILIOS;1;AUXILIOS;10;RECURSOS ORDINARIOS - RECURSOS NAO VINCULADOS DE IMPOSTOS;1531498,36;1531498,36;0,0
9383282;102;2023-05-05 00:00:00;PM PARACATU;18.278.051/0001-45;1231;SEAPA;SECRETARIA DE ESTADO DE AGRICULTURA, PECUARIA E ABASTECIMENTO - SEAPA;41;CONTRIBUICOES;1;CONTRIBUICOES;10;RECURSOS ORDINARIOS - RECURSOS NAO VINCULADOS DE IMPOSTOS;300000,0;300000,0;300000,0
9383295;502;2023-04-12 00:00:00;PM PEQUI;18.313.874/0001-64;1261;SEE;SECRETARIA DE ESTADO DE EDUCACAO;42;AUXILIOS;1;AUXILIOS;10;RECURSOS ORDINARIOS - RECURSOS NAO VINCULADOS DE IMPOSTOS;266406,66;266406,66;266406,66
9383298;55;2023-05-16 00:00:00;APAC DE VARGINHA;20.392.940/0001-80;1451;SEJUSP;SECRETARIA DE ESTADO DE JUSTICA E SEGURANCA PUBLICA;43;SUBVENCOES SOCIAIS;1;SUBVENCOES SOCIAIS;10;RECURSOS ORDINARIOS - RECURSOS NAO VINCULADOS DE IMPOSTOS;1313594,4;1313594,4;1313594,4
9383335;103;2023-05-05 00:00:00;PM OURO BRANCO;18.295.329/0001-92;1231;SEAPA;SECRETARIA DE ESTADO DE AGRICULTURA, PECUARIA E ABASTECIMENTO - SEAPA;41;CONTRIBUICOES;1;CONTRIBUICOES;10;RECURSOS ORDINARIOS - RECURSOS NAO VINCULADOS DE IMPOSTOS;116904,0;116904,0;116904,0
9383387;54;2023-05-16 00:00:00;APAC MANHUMIRIM;08.793.992/0001-63;1451;SEJUSP;SECRETARIA DE ESTADO DE JUSTICA E SEGURANCA PUBLICA;43;SUBVENCOES SOCIAIS;1;SUBVENCOES SOCIAIS;10;RECURSOS ORDINARIOS - RECURSOS NAO VINCULADOS DE IMPOSTOS;1701144,48;1701144,48;1701144,48
9383388;57;2023-05-16 00:00:00;APAC DE DIVINOPOLIS;23.765.068/0001-67;1451;SEJUSP;SECRETARIA DE ESTADO DE JUSTICA E SEGURANCA PUBLICA;43;SUBVENCOES SOCIAIS;1;SUBVENCOES SOCIAIS;10;RECURSOS ORDINARIOS - RECURSOS NAO VINCULADOS DE IMPOSTOS;1777429,44;1777429,44;1777429,44
9383398;504;2023-04-20 00:00:00;PM CAPITAO ENEAS;18.017.426/0001-13;1261;SEE;SECRETARIA DE ESTADO DE EDUCACAO;41;CONTRIBUICOES;1;CONTRIBUICOES;10;RECURSOS ORDINARIOS - RECURSOS NAO VINCULADOS DE IMPOSTOS;2628737,92;2628737,92;2628737,92
9383398;505;2023-04-20 00:00:00;PM CAPITAO ENEAS;18.017.426/0001-13;1261;SEE;SECRETARIA DE ESTADO DE EDUCACAO;41;CONTRIBUICOES;1;CONTRIBUICOES;10;RECURSOS ORDINARIOS - RECURSOS NAO VINCULADOS DE IMPOSTOS;197026,96;197026,96;197026,96
9383398;506;2023-04-20 00:00:00;PM CAPITAO ENEAS;18.017.426/0001-13;1261;SEE;SECRETARIA DE ESTADO DE EDUCACAO;41;CONTRIBUICOES;1;CONTRIBUICOES;21;COTA ESTADUAL DO SALARIO EDUCACAO - QESE;45878,4;45878,4;45878,4
9383401;507;2023-04-20 00:00:00;PM CAPINOPOLIS;18.457.234/0001-28;1261;SEE;SECRETARIA DE ESTADO DE EDUCACAO;41;CONTRIBUICOES;1;CONTRIBUICOES;10;RECURSOS ORDINARIOS - RECURSOS NAO VINCULADOS DE IMPOSTOS;217205,04;217205,04;217205,04
9383401;508;2023-04-20 00:00:00;PM CAPINOPOLIS;18.457.234/0001-28;1261;SEE;SECRETARIA DE ESTADO DE EDUCACAO;41;CONTRIBUICOES;1;CONTRIBUICOES;10;RECURSOS ORDINARIOS - RECURSOS NAO VINCULADOS DE IMPOSTOS;16279,77;16279,77;16279,77
9383401;509;2023-04-20 00:00:00;PM CAPINOPOLIS;18.457.234/0001-28;1261;SEE;SECRETARIA DE ESTADO DE EDUCACAO;41;CONTRIBUICOES;1;CONTRIBUICOES;21;COTA ESTADUAL DO SALARIO EDUCACAO - QESE;3790,8;3790,8;3790,8
9383402;510;2023-04-20 00:00:00;PM ITAGUARA;18.313.015/0001-75;1261;SEE;SECRETARIA DE ESTADO DE EDUCACAO;41;CONTRIBUICOES;1;CONTRIBUICOES;10;RECURSOS ORDINARIOS - RECURSOS NAO VINCULADOS DE IMPOSTOS;896666,96;896666,96;896666,96
9383402;511;2023-04-20 00:00:00;PM ITAGUARA;18.313.015/0001-75;1261;SEE;SECRETARIA DE ESTADO DE EDUCACAO;41;CONTRIBUICOES;1;CONTRIBUICOES;10;RECURSOS ORDINARIOS - RECURSOS NAO VINCULADOS DE IMPOSTOS;67206,23;67206,23;67206,23
9383402;512;2023-04-20 00:00:00;PM ITAGUARA;18.313.015/0001-75;1261;SEE;SECRETARIA DE ESTADO DE EDUCACAO;41;CONTRIBUICOES;1;CONTRIBUICOES;21;COTA ESTADUAL DO SALARIO EDUCACAO - QESE;15649,2;15649,2;15649,2
9383416;106;2023-04-20 00:00:00;PM MARIA DA FE;18.025.957/0001-58;1301;SEINFRA;SECRETARIA DE ESTADO DE INFRAESTRUTURA, MOBILIDADE E PARCERIAS;42;AUXILIOS;1;AUXILIOS;15;RECURSOS ORDINARIOS - OUTROS RECURSOS NAO VINCULADOS;1000000,0;1000000,0;1000000,0
9383426;2889;2023-04-19 00:00:00;PM GRAO MOGOL;20.716.627/0001-50;1261;SEE;SECRETARIA DE ESTADO DE EDUCACAO;42;AUXILIOS;1;AUXILIOS;10;RECURSOS ORDINARIOS - RECURSOS NAO VINCULADOS DE IMPOSTOS;1993071,04;1993071,04;1993071,04
9383428;2891;2023-04-19 00:00:00;PM SAO JOAO DA PONTE;16.928.483/0001-29;1261;SEE;SECRETARIA DE ESTADO DE EDUCACAO;42;AUXILIOS;1;AUXILIOS;10;RECURSOS ORDINARIOS - RECURSOS NAO VINCULADOS DE IMPOSTOS;1388953,44;1388953,44;1388953,44
9383442;105;2023-05-05 00:00:00;PM SANTANA DO RIACHO;18.715.458/0001-92;1231;SEAPA;SECRETARIA DE ESTADO DE AGRICULTURA, PECUARIA E ABASTECIMENTO - SEAPA;41;CONTRIBUICOES;1;CONTRIBUICOES;15;RECURSOS ORDINARIOS - OUTROS RECURSOS NAO VINCULADOS;1250000,0;1250000,0;1250000,0
9383444;107;2023-04-20 00:00:00;PM ENGENHEIRO CALDAS;18.080.655/0001-82;1301;SEINFRA;SECRETARIA DE ESTADO DE INFRAESTRUTURA, MOBILIDADE E PARCERIAS;42;AUXILIOS;1;AUXILIOS;15;RECURSOS ORDINARIOS - OUTROS RECURSOS NAO VINCULADOS;500000,0;500000,0;500000,0
9383445;515;2023-04-20 00:00:00;PM ALVORADA DE MINAS;18.303.164/0001-53;1261;SEE;SECRETARIA DE ESTADO DE EDUCACAO;41;CONTRIBUICOES;1;CONTRIBUICOES;21;COTA ESTADUAL DO SALARIO EDUCACAO - QESE;3499,2;3499,2;3499,2
9383445;516;2023-04-20 00:00:00;PM ALVORADA DE MINAS;18.303.164/0001-53;1261;SEE;SECRETARIA DE ESTADO DE EDUCACAO;41;CONTRIBUICOES;1;CONTRIBUICOES;10;RECURSOS ORDINARIOS - RECURSOS NAO VINCULADOS DE IMPOSTOS;235026,88;235026,88;235026,88
9383445;517;2023-04-20 00:00:00;PM ALVORADA DE MINAS;18.303.164/0001-53;1261;SEE;SECRETARIA DE ESTADO DE EDUCACAO;41;CONTRIBUICOES;1;CONTRIBUICOES;10;RECURSOS ORDINARIOS - RECURSOS NAO VINCULADOS DE IMPOSTOS;15027,48;15027,48;15027,48
9383450;2933;2023-04-25 00:00:00;PM GRAO MOGOL;20.716.627/0001-50;1261;SEE;SECRETARIA DE ESTADO DE EDUCACAO;42;AUXILIOS;1;AUXILIOS;10;RECURSOS ORDINARIOS - RECURSOS NAO VINCULADOS DE IMPOSTOS;1450207,37;1450207,37;1450207,37
9383452;2934;2023-04-25 00:00:00;PM GRAO MOGOL;20.716.627/0001-50;1261;SEE;SECRETARIA DE ESTADO DE EDUCACAO;42;AUXILIOS;1;AUXILIOS;10;RECURSOS ORDINARIOS - RECURSOS NAO VINCULADOS DE IMPOSTOS;1891045,58;1891045,58;1891045,58
9383456;2935;2023-04-25 00:00:00;PM GRAO MOGOL;20.716.627/0001-50;1261;SEE;SECRETARIA DE ESTADO DE EDUCACAO;42;AUXILIOS;1;AUXILIOS;10;RECURSOS ORDINARIOS - RECURSOS NAO VINCULADOS DE IMPOSTOS;1470906,36;1470906,36;1470906,36
9385530;108;2023-04-25 00:00:00;PM VIEIRAS;17.947.599/0001-78;1301;SEINFRA;SECRETARIA DE ESTADO DE INFRAESTRUTURA, MOBILIDADE E PARCERIAS;42;AUXILIOS;1;AUXILIOS;15;RECURSOS ORDINARIOS - OUTROS RECURSOS NAO VINCULADOS;500000,0;500000,0;500000,0
9385531;1774;2023-04-25 00:00:00;PM MUZAMBINHO;18.668.624/0001-47;1261;SEE;SECRETARIA DE ESTADO DE EDUCACAO;41;CONTRIBUICOES;1;CONTRIBUICOES;71;RECURSOS DO FUNDO ESTADUAL DE ERRADICACAO DA MISERIA;1800000,0;1800000,0;1800000,0
9385533;518;2023-04-24 00:00:00;PM JOAO MONLEVADE;18.401.059/0001-57;1261;SEE;SECRETARIA DE ESTADO DE EDUCACAO;42;AUXILIOS;1;AUXILIOS;10;RECURSOS ORDINARIOS - RECURSOS NAO VINCULADOS DE IMPOSTOS;1351653,9;1351653,9;1351653,9
9385536;109;2023-04-26 00:00:00;PM SANTO ANTONIO DO RIO ABAIXO;18.303.248/0001-97;1301;SEINFRA;SECRETARIA DE ESTADO DE INFRAESTRUTURA, MOBILIDADE E PARCERIAS;42;AUXILIOS;1;AUXILIOS;15;RECURSOS ORDINARIOS - OUTROS RECURSOS NAO VINCULADOS;1250000,0;1250000,0;1250000,0
9385537;131;2023-05-09 00:00:00;PM BOM REPOUSO;18.675.892/0001-96;1301;SEINFRA;SECRETARIA DE ESTADO DE INFRAESTRUTURA, MOBILIDADE E PARCERIAS;42;AUXILIOS;1;AUXILIOS;15;RECURSOS ORDINARIOS - OUTROS RECURSOS NAO VINCULADOS;1000000,0;1000000,0;1000000,0
9385560;53;2023-05-16 00:00:00;APAC DE ITABIRA;07.412.104/0001-52;1451;SEJUSP;SECRETARIA DE ESTADO DE JUSTICA E SEGURANCA PUBLICA;43;SUBVENCOES SOCIAIS;1;SUBVENCOES SOCIAIS;10;RECURSOS ORDINARIOS - RECURSOS NAO VINCULADOS DE IMPOSTOS;1585262,52;1585262,52;1585262,52
9385561;108;2023-05-05 00:00:00;PM DIVINESIA;18.128.280/0001-83;1231;SEAPA;SECRETARIA DE ESTADO DE AGRICULTURA, PECUARIA E ABASTECIMENTO - SEAPA;41;CONTRIBUICOES;1;CONTRIBUICOES;10;RECURSOS ORDINARIOS - RECURSOS NAO VINCULADOS DE IMPOSTOS;0,0;0,0;0,0
9385561;139;2023-05-26 00:00:00;PM DIVINESIA;18.128.280/0001-83;1231;SEAPA;SECRETARIA DE ESTADO DE AGRICULTURA, PECUARIA E ABASTECIMENTO - SEAPA;41;CONTRIBUICOES;1;CONTRIBUICOES;10;RECURSOS ORDINARIOS - RECURSOS NAO VINCULADOS DE IMPOSTOS;116904,54;116904,54;116904,54
9385562;109;2023-05-05 00:00:00;ASSOCIACAO DOS AGRICULTORES FAMILIARES DE SALTADOR;14.345.017/0001-95;1231;SEAPA;SECRETARIA DE ESTADO DE AGRICULTURA, PECUARIA E ABASTECIMENTO - SEAPA;41;CONTRIBUICOES;1;CONTRIBUICOES;10;RECURSOS ORDINARIOS - RECURSOS NAO VINCULADOS DE IMPOSTOS;130000,0;130000,0;130000,0
9385563;107;2023-05-05 00:00:00;PM CARRANCAS;17.953.332/0001-93;1231;SEAPA;SECRETARIA DE ESTADO DE AGRICULTURA, PECUARIA E ABASTECIMENTO - SEAPA;41;CONTRIBUICOES;1;CONTRIBUICOES;15;RECURSOS ORDINARIOS - OUTROS RECURSOS NAO VINCULADOS;700000,0;700000,0;700000,0
9385642;384;2023-05-17 00:00:00;AGENCIA DE DESENVOLVIMENTO DO CIRCUITO TURISTICO CAMINHOS DO;04.958.114/0001-08;1271;SECULT;SECRETARIA DE ESTADO DE CULTURA E TURISMO;41;CONTRIBUICOES;1;CONTRIBUICOES;95;RECURSOS RECEBIDOS POR DANOS ADVINDOS DE DESASTRES SOCIOAMBIENTAIS;0,0;0,0;0,0
9385642;387;2023-05-17 00:00:00;AGENCIA DE DESENVOLVIMENTO DO CIRCUITO TURISTICO CAMINHOS DO;04.958.114/0001-08;1271;SECULT;SECRETARIA DE ESTADO DE CULTURA E TURISMO;41;CONTRIBUICOES;1;CONTRIBUICOES;95;RECURSOS RECEBIDOS POR DANOS ADVINDOS DE DESASTRES SOCIOAMBIENTAIS;150000,0;150000,0;150000,0
9385772;118;2023-05-06 00:00:00;PM BONFINOPOLIS DE MINAS;18.125.138/0001-82;1301;SEINFRA;SECRETARIA DE ESTADO DE INFRAESTRUTURA, MOBILIDADE E PARCERIAS;42;AUXILIOS;1;AUXILIOS;10;RECURSOS ORDINARIOS - RECURSOS NAO VINCULADOS DE IMPOSTOS;350000,0;350000,0;350000,0
9385773;116;2023-05-04 00:00:00;PM OURO VERDE DE MINAS;18.404.947/0001-23;1301;SEINFRA;SECRETARIA DE ESTADO DE INFRAESTRUTURA, MOBILIDADE E PARCERIAS;42;AUXILIOS;1;AUXILIOS;15;RECURSOS ORDINARIOS - OUTROS RECURSOS NAO VINCULADOS;2325000,0;2325000,0;2325000,0
9385774;119;2023-05-10 00:00:00;PM LARANJAL;17.947.615/0001-22;1231;SEAPA;SECRETARIA DE ESTADO DE AGRICULTURA, PECUARIA E ABASTECIMENTO - SEAPA;41;CONTRIBUICOES;1;CONTRIBUICOES;15;RECURSOS ORDINARIOS - OUTROS RECURSOS NAO VINCULADOS;516780,0;516780,0;516780,0
9385775;118;2023-05-10 00:00:00;PM CUPARAQUE;01.615.422/0001-34;1231;SEAPA;SECRETARIA DE ESTADO DE AGRICULTURA, PECUARIA E ABASTECIMENTO - SEAPA;41;CONTRIBUICOES;1;CONTRIBUICOES;15;RECURSOS ORDINARIOS - OUTROS RECURSOS NAO VINCULADOS;1000000,0;1000000,0;1000000,0
9385776;3008;2023-05-05 00:00:00;PM GRAO MOGOL;20.716.627/0001-50;1261;SEE;SECRETARIA DE ESTADO DE EDUCACAO;42;AUXILIOS;1;AUXILIOS;10;RECURSOS ORDINARIOS - RECURSOS NAO VINCULADOS DE IMPOSTOS;777430,99;777430,99;777430,99
9385777;538;2023-05-04 00:00:00;PM CANAA;18.132.712/0001-20;1261;SEE;SECRETARIA DE ESTADO DE EDUCACAO;42;AUXILIOS;1;AUXILIOS;10;RECURSOS ORDINARIOS - RECURSOS NAO VINCULADOS DE IMPOSTOS;318000,0;318000,0;318000,0
9385778;540;2023-05-04 00:00:00;PM FREI LAGONEGRO;01.615.008/0001-25;1261;SEE;SECRETARIA DE ESTADO DE EDUCACAO;42;AUXILIOS;1;AUXILIOS;10;RECURSOS ORDINARIOS - RECURSOS NAO VINCULADOS DE IMPOSTOS;832000,0;832000,0;832000,0
9385779;549;2023-05-05 00:00:00;PM PATROCINIO;18.468.033/0001-26;1261;SEE;SECRETARIA DE ESTADO DE EDUCACAO;41;CONTRIBUICOES;1;CONTRIBUICOES;21;COTA ESTADUAL DO SALARIO EDUCACAO - QESE;130248,0;130248,0;130248,0
9385779;550;2023-05-05 00:00:00;PM PATROCINIO;18.468.033/0001-26;1261;SEE;SECRETARIA DE ESTADO DE EDUCACAO;41;CONTRIBUICOES;1;CONTRIBUICOES;10;RECURSOS ORDINARIOS - RECURSOS NAO VINCULADOS DE IMPOSTOS;7462942,4;7462942,4;7462942,4
9385779;551;2023-05-05 00:00:00;PM PATROCINIO;18.468.033/0001-26;1261;SEE;SECRETARIA DE ESTADO DE EDUCACAO;41;CONTRIBUICOES;1;CONTRIBUICOES;10;RECURSOS ORDINARIOS - RECURSOS NAO VINCULADOS DE IMPOSTOS;559356,2;559356,2;559356,2
9385780;117;2023-05-10 00:00:00;PM ARANTINA;17.952.508/0001-92;1231;SEAPA;SECRETARIA DE ESTADO DE AGRICULTURA, PECUARIA E ABASTECIMENTO - SEAPA;41;CONTRIBUICOES;1;CONTRIBUICOES;15;RECURSOS ORDINARIOS - OUTROS RECURSOS NAO VINCULADOS;600000,0;600000,0;600000,0
9385781;552;2023-05-05 00:00:00;PM VIRGEM DA LAPA;18.348.730/0001-43;1261;SEE;SECRETARIA DE ESTADO DE EDUCACAO;41;CONTRIBUICOES;1;CONTRIBUICOES;21;COTA ESTADUAL DO SALARIO EDUCACAO - QESE;57931,2;57931,2;57931,2
9385781;553;2023-05-05 00:00:00;PM VIRGEM DA LAPA;18.348.730/0001-43;1261;SEE;SECRETARIA DE ESTADO DE EDUCACAO;41;CONTRIBUICOES;1;CONTRIBUICOES;10;RECURSOS ORDINARIOS - RECURSOS NAO VINCULADOS DE IMPOSTOS;3581652,59;3581652,59;3581652,59
9385781;554;2023-05-05 00:00:00;PM VIRGEM DA LAPA;18.348.730/0001-43;1261;SEE;SECRETARIA DE ESTADO DE EDUCACAO;41;CONTRIBUICOES;1;CONTRIBUICOES;10;RECURSOS ORDINARIOS - RECURSOS NAO VINCULADOS DE IMPOSTOS;248788,28;248788,28;248788,28
9385782;120;2023-05-10 00:00:00;PM JOSENOPOLIS;01.612.503/0001-80;1231;SEAPA;SECRETARIA DE ESTADO DE AGRICULTURA, PECUARIA E ABASTECIMENTO - SEAPA;41;CONTRIBUICOES;1;CONTRIBUICOES;15;RECURSOS ORDINARIOS - OUTROS RECURSOS NAO VINCULADOS;550000,0;550000,0;550000,0
9385783;555;2023-05-05 00:00:00;PM SAO JOAO EVANGELISTA;18.307.488/0001-60;1261;SEE;SECRETARIA DE ESTADO DE EDUCACAO;41;CONTRIBUICOES;1;CONTRIBUICOES;21;COTA ESTADUAL DO SALARIO EDUCACAO - QESE;7484,4;7484,4;7484,4
9385783;556;2023-05-05 00:00:00;PM SAO JOAO EVANGELISTA;18.307.488/0001-60;1261;SEE;SECRETARIA DE ESTADO DE EDUCACAO;41;CONTRIBUICOES;1;CONTRIBUICOES;10;RECURSOS ORDINARIOS - RECURSOS NAO VINCULADOS DE IMPOSTOS;428840,72;428840,72;428840,72
9385783;557;2023-05-05 00:00:00;PM SAO JOAO EVANGELISTA;18.307.488/0001-60;1261;SEE;SECRETARIA DE ESTADO DE EDUCACAO;41;CONTRIBUICOES;1;CONTRIBUICOES;10;RECURSOS ORDINARIOS - RECURSOS NAO VINCULADOS DE IMPOSTOS;32142,11;32142,11;32142,11
9385784;558;2023-05-05 00:00:00;PM MARTINS SOARES;01.615.420/0001-45;1261;SEE;SECRETARIA DE ESTADO DE EDUCACAO;41;CONTRIBUICOES;1;CONTRIBUICOES;21;COTA ESTADUAL DO SALARIO EDUCACAO - QESE;42282,0;42282,0;42282,0
9385784;559;2023-05-05 00:00:00;PM MARTINS SOARES;01.615.420/0001-45;1261;SEE;SECRETARIA DE ESTADO DE EDUCACAO;41;CONTRIBUICOES;1;CONTRIBUICOES;10;RECURSOS ORDINARIOS - RECURSOS NAO VINCULADOS DE IMPOSTOS;2664936,15;2664936,15;2664936,15
9385784;560;2023-05-05 00:00:00;PM MARTINS SOARES;01.615.420/0001-45;1261;SEE;SECRETARIA DE ESTADO DE EDUCACAO;41;CONTRIBUICOES;1;CONTRIBUICOES;10;RECURSOS ORDINARIOS - RECURSOS NAO VINCULADOS DE IMPOSTOS;181582,05;181582,05;181582,05
9385785;561;2023-05-05 00:00:00;PM MINAS NOVAS;22.516.405/0001-10;1261;SEE;SECRETARIA DE ESTADO DE EDUCACAO;41;CONTRIBUICOES;1;CONTRIBUICOES;21;COTA ESTADUAL DO SALARIO EDUCACAO - QESE;98074,8;98074,8;98074,8
9385785;562;2023-05-05 00:00:00;PM MINAS NOVAS;22.516.405/0001-10;1261;SEE;SECRETARIA DE ESTADO DE EDUCACAO;41;CONTRIBUICOES;1;CONTRIBUICOES;10;RECURSOS ORDINARIOS - RECURSOS NAO VINCULADOS DE IMPOSTOS;5760666,84;5760666,84;5760666,84
9385785;563;2023-05-05 00:00:00;PM MINAS NOVAS;22.516.405/0001-10;1261;SEE;SECRETARIA DE ESTADO DE EDUCACAO;41;CONTRIBUICOES;1;CONTRIBUICOES;10;RECURSOS ORDINARIOS - RECURSOS NAO VINCULADOS DE IMPOSTOS;421186,87;421186,87;421186,87
9385811;543;2023-05-05 00:00:00;PM LADAINHA;18.404.863/0001-90;1261;SEE;SECRETARIA DE ESTADO DE EDUCACAO;41;CONTRIBUICOES;1;CONTRIBUICOES;21;COTA ESTADUAL DO SALARIO EDUCACAO - QESE;44031,6;44031,6;44031,6
9385811;544;2023-05-05 00:00:00;PM LADAINHA;18.404.863/0001-90;1261;SEE;SECRETARIA DE ESTADO DE EDUCACAO;41;CONTRIBUICOES;1;CONTRIBUICOES;10;RECURSOS ORDINARIOS - RECURSOS NAO VINCULADOS DE IMPOSTOS;2522920,08;2522920,08;2522920,08
9385811;545;2023-05-05 00:00:00;PM LADAINHA;18.404.863/0001-90;1261;SEE;SECRETARIA DE ESTADO DE EDUCACAO;41;CONTRIBUICOES;1;CONTRIBUICOES;10;RECURSOS ORDINARIOS - RECURSOS NAO VINCULADOS DE IMPOSTOS;189095,79;189095,79;189095,79
9385812;546;2023-05-05 00:00:00;PM BURITIZEIRO;18.279.067/0001-72;1261;SEE;SECRETARIA DE ESTADO DE EDUCACAO;41;CONTRIBUICOES;1;CONTRIBUICOES;21;COTA ESTADUAL DO SALARIO EDUCACAO - QESE;47725,2;47725,2;47725,2
9385812;547;2023-05-05 00:00:00;PM BURITIZEIRO;18.279.067/0001-72;1261;SEE;SECRETARIA DE ESTADO DE EDUCACAO;41;CONTRIBUICOES;1;CONTRIBUICOES;10;RECURSOS ORDINARIOS - RECURSOS NAO VINCULADOS DE IMPOSTOS;2734555,76;2734555,76;2734555,76
9385812;548;2023-05-05 00:00:00;PM BURITIZEIRO;18.279.067/0001-72;1261;SEE;SECRETARIA DE ESTADO DE EDUCACAO;41;CONTRIBUICOES;1;CONTRIBUICOES;10;RECURSOS ORDINARIOS - RECURSOS NAO VINCULADOS DE IMPOSTOS;204958,13;204958,13;204958,13
9385841;564;2023-05-05 00:00:00;PM SAO JOAQUIM DE BICAS;01.612.516/0001-50;1261;SEE;SECRETARIA DE ESTADO DE EDUCACAO;41;CONTRIBUICOES;1;CONTRIBUICOES;21;COTA ESTADUAL DO SALARIO EDUCACAO - QESE;140259,6;140259,6;140259,6
9385841;565;2023-05-05 00:00:00;PM SAO JOAQUIM DE BICAS;01.612.516/0001-50;1261;SEE;SECRETARIA DE ESTADO DE EDUCACAO;41;CONTRIBUICOES;1;CONTRIBUICOES;21;COTA ESTADUAL DO SALARIO EDUCACAO - QESE;0,0;0,0;0,0
9385841;566;2023-05-05 00:00:00;PM SAO JOAQUIM DE BICAS;01.612.516/0001-50;1261;SEE;SECRETARIA DE ESTADO DE EDUCACAO;41;CONTRIBUICOES;1;CONTRIBUICOES;10;RECURSOS ORDINARIOS - RECURSOS NAO VINCULADOS DE IMPOSTOS;8601313,5;8601313,5;8601313,5
9385841;567;2023-05-05 00:00:00;PM SAO JOAQUIM DE BICAS;01.612.516/0001-50;1261;SEE;SECRETARIA DE ESTADO DE EDUCACAO;41;CONTRIBUICOES;1;CONTRIBUICOES;10;RECURSOS ORDINARIOS - RECURSOS NAO VINCULADOS DE IMPOSTOS;0,0;0,0;0,0
9385841;580;2023-05-05 00:00:00;PM SAO JOAQUIM DE BICAS;01.612.516/0001-50;1261;SEE;SECRETARIA DE ESTADO DE EDUCACAO;41;CONTRIBUICOES;1;CONTRIBUICOES;10;RECURSOS ORDINARIOS - RECURSOS NAO VINCULADOS DE IMPOSTOS;602351,49;602351,49;602351,49
9385842;568;2023-05-05 00:00:00;PM CHAPADA DO NORTE;16.886.608/0001-03;1261;SEE;SECRETARIA DE ESTADO DE EDUCACAO;41;CONTRIBUICOES;1;CONTRIBUICOES;21;COTA ESTADUAL DO SALARIO EDUCACAO - QESE;23328,0;23328,0;23328,0
9385842;569;2023-05-05 00:00:00;PM CHAPADA DO NORTE;16.886.608/0001-03;1261;SEE;SECRETARIA DE ESTADO DE EDUCACAO;41;CONTRIBUICOES;1;CONTRIBUICOES;10;RECURSOS ORDINARIOS - RECURSOS NAO VINCULADOS DE IMPOSTOS;1381758,0;1381758,0;1381758,0
9385842;570;2023-05-05 00:00:00;PM CHAPADA DO NORTE;16.886.608/0001-03;1261;SEE;SECRETARIA DE ESTADO DE EDUCACAO;41;CONTRIBUICOES;1;CONTRIBUICOES;10;RECURSOS ORDINARIOS - RECURSOS NAO VINCULADOS DE IMPOSTOS;100183,2;100183,2;100183,2
9385843;571;2023-05-05 00:00:00;PM CARANGOLA;19.279.827/0001-04;1261;SEE;SECRETARIA DE ESTADO DE EDUCACAO;41;CONTRIBUICOES;1;CONTRIBUICOES;21;COTA ESTADUAL DO SALARIO EDUCACAO - QESE;13024,8;13024,8;13024,8
9385843;572;2023-05-05 00:00:00;PM CARANGOLA;19.279.827/0001-04;1261;SEE;SECRETARIA DE ESTADO DE EDUCACAO;41;CONTRIBUICOES;1;CONTRIBUICOES;10;RECURSOS ORDINARIOS - RECURSOS NAO VINCULADOS DE IMPOSTOS;746294,24;746294,24;746294,24
9385843;573;2023-05-05 00:00:00;PM CARANGOLA;19.279.827/0001-04;1261;SEE;SECRETARIA DE ESTADO DE EDUCACAO;41;CONTRIBUICOES;1;CONTRIBUICOES;10;RECURSOS ORDINARIOS - RECURSOS NAO VINCULADOS DE IMPOSTOS;55935,62;55935,62;55935,62
9385844;574;2023-05-05 00:00:00;PM ANGELANDIA;01.113.937/0001-36;1261;SEE;SECRETARIA DE ESTADO DE EDUCACAO;41;CONTRIBUICOES;1;CONTRIBUICOES;21;COTA ESTADUAL DO SALARIO EDUCACAO - QESE;10594,8;10594,8;10594,8
9385844;575;2023-05-05 00:00:00;PM ANGELANDIA;01.113.937/0001-36;1261;SEE;SECRETARIA DE ESTADO DE EDUCACAO;41;CONTRIBUICOES;1;CONTRIBUICOES;10;RECURSOS ORDINARIOS - RECURSOS NAO VINCULADOS DE IMPOSTOS;607060,24;607060,24;607060,24
9385844;576;2023-05-05 00:00:00;PM ANGELANDIA;01.113.937/0001-36;1261;SEE;SECRETARIA DE ESTADO DE EDUCACAO;41;CONTRIBUICOES;1;CONTRIBUICOES;10;RECURSOS ORDINARIOS - RECURSOS NAO VINCULADOS DE IMPOSTOS;45499,87;45499,87;45499,87
9385845;577;2023-05-05 00:00:00;PM NEPOMUCENO;18.244.350/0001-69;1261;SEE;SECRETARIA DE ESTADO DE EDUCACAO;41;CONTRIBUICOES;1;CONTRIBUICOES;21;COTA ESTADUAL DO SALARIO EDUCACAO - QESE;14968,8;14968,8;14968,8
9385845;578;2023-05-05 00:00:00;PM NEPOMUCENO;18.244.350/0001-69;1261;SEE;SECRETARIA DE ESTADO DE EDUCACAO;41;CONTRIBUICOES;1;CONTRIBUICOES;10;RECURSOS ORDINARIOS - RECURSOS NAO VINCULADOS DE IMPOSTOS;986333,04;986333,04;986333,04
9385845;579;2023-05-05 00:00:00;PM NEPOMUCENO;18.244.350/0001-69;1261;SEE;SECRETARIA DE ESTADO DE EDUCACAO;41;CONTRIBUICOES;1;CONTRIBUICOES;10;RECURSOS ORDINARIOS - RECURSOS NAO VINCULADOS DE IMPOSTOS;64284,22;64284,22;64284,22
9385846;581;2023-05-05 00:00:00;PM MATEUS LEME;18.715.433/0001-99;1261;SEE;SECRETARIA DE ESTADO DE EDUCACAO;41;CONTRIBUICOES;1;CONTRIBUICOES;21;COTA ESTADUAL DO SALARIO EDUCACAO - QESE;221324,4;221324,4;221324,4
9385846;582;2023-05-05 00:00:00;PM MATEUS LEME;18.715.433/0001-99;1261;SEE;SECRETARIA DE ESTADO DE EDUCACAO;41;CONTRIBUICOES;1;CONTRIBUICOES;10;RECURSOS ORDINARIOS - RECURSOS NAO VINCULADOS DE IMPOSTOS;13949562,33;13949562,33;13949562,33
9385846;583;2023-05-05 00:00:00;PM MATEUS LEME;18.715.433/0001-99;1261;SEE;SECRETARIA DE ESTADO DE EDUCACAO;41;CONTRIBUICOES;1;CONTRIBUICOES;10;RECURSOS ORDINARIOS - RECURSOS NAO VINCULADOS DE IMPOSTOS;950488,11;950488,11;950488,11
9385857;120;2023-05-08 00:00:00;PM HELIODORA;18.712.133/0001-56;1301;SEINFRA;SECRETARIA DE ESTADO DE INFRAESTRUTURA, MOBILIDADE E PARCERIAS;42;AUXILIOS;1;AUXILIOS;15;RECURSOS ORDINARIOS - OUTROS RECURSOS NAO VINCULADOS;700000,0;700000,0;700000,0
9385859;121;2023-05-08 00:00:00;PM SAO JOAO EVANGELISTA;18.307.488/0001-60;1301;SEINFRA;SECRETARIA DE ESTADO DE INFRAESTRUTURA, MOBILIDADE E PARCERIAS;42;AUXILIOS;1;AUXILIOS;15;RECURSOS ORDINARIOS - OUTROS RECURSOS NAO VINCULADOS;300000,0;300000,0;300000,0
9385860;123;2023-05-08 00:00:00;PM SAO PEDRO DA UNIAO;18.666.172/0001-64;1301;SEINFRA;SECRETARIA DE ESTADO DE INFRAESTRUTURA, MOBILIDADE E PARCERIAS;42;AUXILIOS;1;AUXILIOS;15;RECURSOS ORDINARIOS - OUTROS RECURSOS NAO VINCULADOS;300000,0;300000,0;300000,0
9385861;122;2023-05-08 00:00:00;PM SAO PEDRO DA UNIAO;18.666.172/0001-64;1301;SEINFRA;SECRETARIA DE ESTADO DE INFRAESTRUTURA, MOBILIDADE E PARCERIAS;42;AUXILIOS;1;AUXILIOS;15;RECURSOS ORDINARIOS - OUTROS RECURSOS NAO VINCULADOS;250000,0;250000,0;250000,0
9385867;119;2023-05-08 00:00:00;PM DIVINO DAS LARANJEIRAS;18.357.079/0001-78;1301;SEINFRA;SECRETARIA DE ESTADO DE INFRAESTRUTURA, MOBILIDADE E PARCERIAS;42;AUXILIOS;1;AUXILIOS;15;RECURSOS ORDINARIOS - OUTROS RECURSOS NAO VINCULADOS;1000000,0;1000000,0;1000000,0
9385883;128;2023-05-09 00:00:00;PM VARGEM ALEGRE;01.613.128/0001-93;1301;SEINFRA;SECRETARIA DE ESTADO DE INFRAESTRUTURA, MOBILIDADE E PARCERIAS;42;AUXILIOS;1;AUXILIOS;15;RECURSOS ORDINARIOS - OUTROS RECURSOS NAO VINCULADOS;500000,0;500000,0;500000,0
9385884;129;2023-05-09 00:00:00;PM PAIVA;17.747.965/0001-45;1301;SEINFRA;SECRETARIA DE ESTADO DE INFRAESTRUTURA, MOBILIDADE E PARCERIAS;42;AUXILIOS;1;AUXILIOS;15;RECURSOS ORDINARIOS - OUTROS RECURSOS NAO VINCULADOS;850000,0;850000,0;850000,0
9385908;127;2023-05-09 00:00:00;PM FELICIO DOS SANTOS;17.754.201/0001-87;1301;SEINFRA;SECRETARIA DE ESTADO DE INFRAESTRUTURA, MOBILIDADE E PARCERIAS;42;AUXILIOS;1;AUXILIOS;15;RECURSOS ORDINARIOS - OUTROS RECURSOS NAO VINCULADOS;300000,0;300000,0;300000,0
9385954;130;2023-05-09 00:00:00;PM SERRA AZUL DE MINAS;18.303.230/0001-95;1301;SEINFRA;SECRETARIA DE ESTADO DE INFRAESTRUTURA, MOBILIDADE E PARCERIAS;42;AUXILIOS;1;AUXILIOS;15;RECURSOS ORDINARIOS - OUTROS RECURSOS NAO VINCULADOS;300000,0;300000,0;300000,0
9385985;586;2023-05-09 00:00:00;PM SANTANA DO RIACHO;18.715.458/0001-92;1261;SEE;SECRETARIA DE ESTADO DE EDUCACAO;41;CONTRIBUICOES;1;CONTRIBUICOES;21;COTA ESTADUAL DO SALARIO EDUCACAO - QESE;16621,2;16621,2;16621,2
9385985;587;2023-05-09 00:00:00;PM SANTANA DO RIACHO;18.715.458/0001-92;1261;SEE;SECRETARIA DE ESTADO DE EDUCACAO;41;CONTRIBUICOES;1;CONTRIBUICOES;10;RECURSOS ORDINARIOS - RECURSOS NAO VINCULADOS DE IMPOSTOS;952360,56;952360,56;952360,56
9385985;588;2023-05-09 00:00:00;PM SANTANA DO RIACHO;18.715.458/0001-92;1261;SEE;SECRETARIA DE ESTADO DE EDUCACAO;41;CONTRIBUICOES;1;CONTRIBUICOES;10;RECURSOS ORDINARIOS - RECURSOS NAO VINCULADOS DE IMPOSTOS;71380,53;71380,53;71380,53
9385986;589;2023-05-09 00:00:00;PM GUAPE;18.239.616/0001-85;1261;SEE;SECRETARIA DE ESTADO DE EDUCACAO;41;CONTRIBUICOES;1;CONTRIBUICOES;21;COTA ESTADUAL DO SALARIO EDUCACAO - QESE;30909,6;30909,6;30909,6
9385986;590;2023-05-09 00:00:00;PM GUAPE;18.239.616/0001-85;1261;SEE;SECRETARIA DE ESTADO DE EDUCACAO;41;CONTRIBUICOES;1;CONTRIBUICOES;10;RECURSOS ORDINARIOS - RECURSOS NAO VINCULADOS DE IMPOSTOS;1771056,48;1771056,48;1771056,48
9385986;591;2023-05-09 00:00:00;PM GUAPE;18.239.616/0001-85;1261;SEE;SECRETARIA DE ESTADO DE EDUCACAO;41;CONTRIBUICOES;1;CONTRIBUICOES;10;RECURSOS ORDINARIOS - RECURSOS NAO VINCULADOS DE IMPOSTOS;132742,74;132742,74;132742,74
9385987;592;2023-05-09 00:00:00;PM POCO FUNDO;18.242.792/0001-76;1261;SEE;SECRETARIA DE ESTADO DE EDUCACAO;41;CONTRIBUICOES;1;CONTRIBUICOES;21;COTA ESTADUAL DO SALARIO EDUCACAO - QESE;36352,8;36352,8;36352,8
9385987;593;2023-05-09 00:00:00;PM POCO FUNDO;18.242.792/0001-76;1261;SEE;SECRETARIA DE ESTADO DE EDUCACAO;41;CONTRIBUICOES;1;CONTRIBUICOES;10;RECURSOS ORDINARIOS - RECURSOS NAO VINCULADOS DE IMPOSTOS;2082940,64;2082940,64;2082940,64
9385987;594;2023-05-09 00:00:00;PM POCO FUNDO;18.242.792/0001-76;1261;SEE;SECRETARIA DE ESTADO DE EDUCACAO;41;CONTRIBUICOES;1;CONTRIBUICOES;10;RECURSOS ORDINARIOS - RECURSOS NAO VINCULADOS DE IMPOSTOS;156118,82;156118,82;156118,82
9385988;595;2023-05-09 00:00:00;PM MATHIAS LOBATO;18.332.619/0001-69;1261;SEE;SECRETARIA DE ESTADO DE EDUCACAO;41;CONTRIBUICOES;1;CONTRIBUICOES;21;COTA ESTADUAL DO SALARIO EDUCACAO - QESE;22064,4;22064,4;22064,4
9385988;596;2023-05-09 00:00:00;PM MATHIAS LOBATO;18.332.619/0001-69;1261;SEE;SECRETARIA DE ESTADO DE EDUCACAO;41;CONTRIBUICOES;1;CONTRIBUICOES;10;RECURSOS ORDINARIOS - RECURSOS NAO VINCULADOS DE IMPOSTOS;1390667,83;1390667,83;1390667,83
9385988;597;2023-05-09 00:00:00;PM MATHIAS LOBATO;18.332.619/0001-69;1261;SEE;SECRETARIA DE ESTADO DE EDUCACAO;41;CONTRIBUICOES;1;CONTRIBUICOES;10;RECURSOS ORDINARIOS - RECURSOS NAO VINCULADOS DE IMPOSTOS;94756,61;94756,61;94756,61
9385989;584;2023-05-09 00:00:00;PM BANDEIRA;18.349.902/0001-01;1261;SEE;SECRETARIA DE ESTADO DE EDUCACAO;42;AUXILIOS;1;AUXILIOS;10;RECURSOS ORDINARIOS - RECURSOS NAO VINCULADOS DE IMPOSTOS;309649,0;309649,0;309649,0
9385990;585;2023-05-09 00:00:00;PM CARBONITA;21.154.174/0001-89;1261;SEE;SECRETARIA DE ESTADO DE EDUCACAO;42;AUXILIOS;1;AUXILIOS;10;RECURSOS ORDINARIOS - RECURSOS NAO VINCULADOS DE IMPOSTOS;1368000,0;1368000,0;1368000,0
9385990;1139;2023-12-27 00:00:00;PM CARBONITA;21.154.174/0001-89;1261;SEE;SECRETARIA DE ESTADO DE EDUCACAO;42;AUXILIOS;1;AUXILIOS;10;RECURSOS ORDINARIOS - RECURSOS NAO VINCULADOS DE IMPOSTOS;514000,0;514000,0;514000,0
9385991;2199;2023-06-20 00:00:00;PM TRES CORACOES;17.955.535/0001-19;1261;SEE;SECRETARIA DE ESTADO DE EDUCACAO;42;AUXILIOS;1;AUXILIOS;10;RECURSOS ORDINARIOS - RECURSOS NAO VINCULADOS DE IMPOSTOS;2975790,08;2975790,08;2975790,08
9386023;137;2023-05-25 00:00:00;SINDICATO DOS PRODUTORES RURAIS DE BOM JESUS DO AMPARO;04.003.187/0001-38;1231;SEAPA;SECRETARIA DE ESTADO DE AGRICULTURA, PECUARIA E ABASTECIMENTO - SEAPA;41;CONTRIBUICOES;1;CONTRIBUICOES;10;RECURSOS ORDINARIOS - RECURSOS NAO VINCULADOS DE IMPOSTOS;450000,0;450000,0;450000,0
9386023;439;2023-12-19 00:00:00;SINDICATO DOS PRODUTORES RURAIS DE BOM JESUS DO AMPARO;04.003.187/0001-38;1231;SEAPA;SECRETARIA DE ESTADO DE AGRICULTURA, PECUARIA E ABASTECIMENTO - SEAPA;41;CONTRIBUICOES;1;CONTRIBUICOES;10;RECURSOS ORDINARIOS - RECURSOS NAO VINCULADOS DE IMPOSTOS;300000,0;300000,0;300000,0
9386048;132;2023-05-10 00:00:00;PM ENTRE FOLHAS;66.229.626/0001-82;1301;SEINFRA;SECRETARIA DE ESTADO DE INFRAESTRUTURA, MOBILIDADE E PARCERIAS;42;AUXILIOS;1;AUXILIOS;15;RECURSOS ORDINARIOS - OUTROS RECURSOS NAO VINCULADOS;700000,0;700000,0;700000,0
9386049;133;2023-05-10 00:00:00;PM JAPONVAR;01.612.476/0001-46;1301;SEINFRA;SECRETARIA DE ESTADO DE INFRAESTRUTURA, MOBILIDADE E PARCERIAS;42;AUXILIOS;1;AUXILIOS;15;RECURSOS ORDINARIOS - OUTROS RECURSOS NAO VINCULADOS;400000,0;400000,0;400000,0
9386056;598;2023-05-10 00:00:00;PM GRAO MOGOL;20.716.627/0001-50;1261;SEE;SECRETARIA DE ESTADO DE EDUCACAO;41;CONTRIBUICOES;1;CONTRIBUICOES;21;COTA ESTADUAL DO SALARIO EDUCACAO - QESE;30034,8;30034,8;30034,8
9386056;599;2023-05-10 00:00:00;PM GRAO MOGOL;20.716.627/0001-50;1261;SEE;SECRETARIA DE ESTADO DE EDUCACAO;41;CONTRIBUICOES;1;CONTRIBUICOES;10;RECURSOS ORDINARIOS - RECURSOS NAO VINCULADOS DE IMPOSTOS;1720932,24;1720932,24;1720932,24
9386056;600;2023-05-10 00:00:00;PM GRAO MOGOL;20.716.627/0001-50;1261;SEE;SECRETARIA DE ESTADO DE EDUCACAO;41;CONTRIBUICOES;1;CONTRIBUICOES;10;RECURSOS ORDINARIOS - RECURSOS NAO VINCULADOS DE IMPOSTOS;128985,87;128985,87;128985,87
9386068;132;2023-05-23 00:00:00;ASSOCIACAO COMUNITARIA DO BEM-ESTAR DOS MORADORES DE VIEIRAS - ACOMOV;13.978.230/0001-71;1231;SEAPA;SECRETARIA DE ESTADO DE AGRICULTURA, PECUARIA E ABASTECIMENTO - SEAPA;41;CONTRIBUICOES;1;CONTRIBUICOES;10;RECURSOS ORDINARIOS - RECURSOS NAO VINCULADOS DE IMPOSTOS;450000,0;450000,0;450000,0
9386070;135;2023-05-24 00:00:00;ASSOC.DOS PRODUTORES RURAIS DO CORREGO DO PADRE ANGELO;13.026.013/0001-81;1231;SEAPA;SECRETARIA DE ESTADO DE AGRICULTURA, PECUARIA E ABASTECIMENTO - SEAPA;41;CONTRIBUICOES;1;CONTRIBUICOES;10;RECURSOS ORDINARIOS - RECURSOS NAO VINCULADOS DE IMPOSTOS;117492,0;117492,0;117492,0
9386071;136;2023-05-24 00:00:00;ASSOC.DOS PEQUENOS PRODUTORES RURAIS DE BURITIS;01.267.417/0001-88;1231;SEAPA;SECRETARIA DE ESTADO DE AGRICULTURA, PECUARIA E ABASTECIMENTO - SEAPA;41;CONTRIBUICOES;1;CONTRIBUICOES;10;RECURSOS ORDINARIOS - RECURSOS NAO VINCULADOS DE IMPOSTOS;130000,0;130000,0;130000,0
9386072;131;2023-05-23 00:00:00;PM SAO PEDRO DO SUACUI;18.409.243/0001-43;1231;SEAPA;SECRETARIA DE ESTADO DE AGRICULTURA, PECUARIA E ABASTECIMENTO - SEAPA;41;CONTRIBUICOES;1;CONTRIBUICOES;15;RECURSOS ORDINARIOS - OUTROS RECURSOS NAO VINCULADOS;300000,0;300000,0;300000,0
9386104;605;2023-05-11 00:00:00;PM CORONEL FABRICIANO;19.875.046/0001-82;1261;SEE;SECRETARIA DE ESTADO DE EDUCACAO;41;CONTRIBUICOES;1;CONTRIBUICOES;21;COTA ESTADUAL DO SALARIO EDUCACAO - QESE;135788,4;135788,4;135788,4
9386104;606;2023-05-11 00:00:00;PM CORONEL FABRICIANO;19.875.046/0001-82;1261;SEE;SECRETARIA DE ESTADO DE EDUCACAO;41;CONTRIBUICOES;1;CONTRIBUICOES;10;RECURSOS ORDINARIOS - RECURSOS NAO VINCULADOS DE IMPOSTOS;7780395,92;7780395,92;7780395,92
9386104;607;2023-05-11 00:00:00;PM CORONEL FABRICIANO;19.875.046/0001-82;1261;SEE;SECRETARIA DE ESTADO DE EDUCACAO;41;CONTRIBUICOES;1;CONTRIBUICOES;10;RECURSOS ORDINARIOS - RECURSOS NAO VINCULADOS DE IMPOSTOS;583149,71;583149,71;583149,71
9386120;135;2023-05-12 00:00:00;PM TURMALINA;25.324.187/0001-00;1301;SEINFRA;SECRETARIA DE ESTADO DE INFRAESTRUTURA, MOBILIDADE E PARCERIAS;42;AUXILIOS;1;AUXILIOS;15;RECURSOS ORDINARIOS - OUTROS RECURSOS NAO VINCULADOS;300000,0;300000,0;300000,0
9386121;383;2023-05-17 00:00:00;ASSOCIACAO CIRCUITO VERDE TRILHA DOS BANDEIRANTES;05.023.758/0001-69;1271;SECULT;SECRETARIA DE ESTADO DE CULTURA E TURISMO;41;CONTRIBUICOES;1;CONTRIBUICOES;95;RECURSOS RECEBIDOS POR DANOS ADVINDOS DE DESASTRES SOCIOAMBIENTAIS;0,0;0,0;0,0
9386121;386;2023-05-17 00:00:00;ASSOCIACAO CIRCUITO VERDE TRILHA DOS BANDEIRANTES;05.023.758/0001-69;1271;SECULT;SECRETARIA DE ESTADO DE CULTURA E TURISMO;41;CONTRIBUICOES;1;CONTRIBUICOES;95;RECURSOS RECEBIDOS POR DANOS ADVINDOS DE DESASTRES SOCIOAMBIENTAIS;100000,0;100000,0;100000,0
9386139;609;2023-05-12 00:00:00;PM COLUNA;18.307.397/0001-24;1261;SEE;SECRETARIA DE ESTADO DE EDUCACAO;42;AUXILIOS;1;AUXILIOS;10;RECURSOS ORDINARIOS - RECURSOS NAO VINCULADOS DE IMPOSTOS;1028000,0;1028000,0;1028000,0
9386140;608;2023-05-12 00:00:00;PM PONTO DOS VOLANTES;01.613.377/0001-89;1261;SEE;SECRETARIA DE ESTADO DE EDUCACAO;42;AUXILIOS;1;AUXILIOS;10;RECURSOS ORDINARIOS - RECURSOS NAO VINCULADOS DE IMPOSTOS;514000,0;514000,0;514000,0
9386152;136;2023-05-15 00:00:00;PM SAO JOAO EVANGELISTA;18.307.488/0001-60;1301;SEINFRA;SECRETARIA DE ESTADO DE INFRAESTRUTURA, MOBILIDADE E PARCERIAS;42;AUXILIOS;1;AUXILIOS;15;RECURSOS ORDINARIOS - OUTROS RECURSOS NAO VINCULADOS;950000,0;950000,0;950000,0
9386210;56;2023-05-16 00:00:00;APAC ITABIRITO;07.329.062/0001-90;1451;SEJUSP;SECRETARIA DE ESTADO DE JUSTICA E SEGURANCA PUBLICA;43;SUBVENCOES SOCIAIS;1;SUBVENCOES SOCIAIS;10;RECURSOS ORDINARIOS - RECURSOS NAO VINCULADOS DE IMPOSTOS;1378525,92;1378525,92;1378525,92
9386224;385;2023-05-17 00:00:00;ASSOCIACAO DO CIRCUITO TURISTICO CAMINHOS DO CERRADO;07.867.170/0001-17;1271;SECULT;SECRETARIA DE ESTADO DE CULTURA E TURISMO;41;CONTRIBUICOES;1;CONTRIBUICOES;95;RECURSOS RECEBIDOS POR DANOS ADVINDOS DE DESASTRES SOCIOAMBIENTAIS;0,0;0,0;0,0
9386224;388;2023-05-17 00:00:00;ASSOCIACAO DO CIRCUITO TURISTICO CAMINHOS DO CERRADO;07.867.170/0001-17;1271;SECULT;SECRETARIA DE ESTADO DE CULTURA E TURISMO;41;CONTRIBUICOES;1;CONTRIBUICOES;95;RECURSOS RECEBIDOS POR DANOS ADVINDOS DE DESASTRES SOCIOAMBIENTAIS;106500,0;106500,0;106500,0
9386228;389;2023-05-18 00:00:00;ASSOCIACAO DE INTEGRACAO REGIONAL DO CIRCUITO TUR. DAS AGUAS;05.400.720/0001-68;1271;SECULT;SECRETARIA DE ESTADO DE CULTURA E TURISMO;41;CONTRIBUICOES;1;CONTRIBUICOES;95;RECURSOS RECEBIDOS POR DANOS ADVINDOS DE DESASTRES SOCIOAMBIENTAIS;100000,0;100000,0;100000,0
9386238;134;2023-05-24 00:00:00;PM IMBE DE MINAS;01.613.233/0001-22;1231;SEAPA;SECRETARIA DE ESTADO DE AGRICULTURA, PECUARIA E ABASTECIMENTO - SEAPA;41;CONTRIBUICOES;1;CONTRIBUICOES;15;RECURSOS ORDINARIOS - OUTROS RECURSOS NAO VINCULADOS;119690,0;119690,0;119690,0
9386252;133;2023-05-24 00:00:00;PM QUARTEL GERAL;18.296.699/0001-44;1231;SEAPA;SECRETARIA DE ESTADO DE AGRICULTURA, PECUARIA E ABASTECIMENTO - SEAPA;41;CONTRIBUICOES;1;CONTRIBUICOES;15;RECURSOS ORDINARIOS - OUTROS RECURSOS NAO VINCULADOS;0,0;0,0;0,0
9386252;138;2023-05-25 00:00:00;PM QUARTEL GERAL;18.296.699/0001-44;1231;SEAPA;SECRETARIA DE ESTADO DE AGRICULTURA, PECUARIA E ABASTECIMENTO - SEAPA;41;CONTRIBUICOES;1;CONTRIBUICOES;15;RECURSOS ORDINARIOS - OUTROS RECURSOS NAO VINCULADOS;330000,0;330000,0;330000,0
9386304;141;2023-05-22 00:00:00;PM SAO GERALDO DA PIEDADE;18.307.470/0001-68;1301;SEINFRA;SECRETARIA DE ESTADO DE INFRAESTRUTURA, MOBILIDADE E PARCERIAS;42;AUXILIOS;1;AUXILIOS;15;RECURSOS ORDINARIOS - OUTROS RECURSOS NAO VINCULADOS;2000000,0;2000000,0;2000000,0
9386309;139;2023-05-19 00:00:00;PM ENGENHEIRO CALDAS;18.080.655/0001-82;1301;SEINFRA;SECRETARIA DE ESTADO DE INFRAESTRUTURA, MOBILIDADE E PARCERIAS;42;AUXILIOS;1;AUXILIOS;15;RECURSOS ORDINARIOS - OUTROS RECURSOS NAO VINCULADOS;700000,0;700000,0;700000,0
9386310;138;2023-05-19 00:00:00;PM BONFINOPOLIS DE MINAS;18.125.138/0001-82;1301;SEINFRA;SECRETARIA DE ESTADO DE INFRAESTRUTURA, MOBILIDADE E PARCERIAS;42;AUXILIOS;1;AUXILIOS;10;RECURSOS ORDINARIOS - RECURSOS NAO VINCULADOS DE IMPOSTOS;505000,0;505000,0;505000,0
9386447;145;2023-06-06 00:00:00;PM SAO SEBASTIAO DO MARANHAO;18.409.177/0001-01;1231;SEAPA;SECRETARIA DE ESTADO DE AGRICULTURA, PECUARIA E ABASTECIMENTO - SEAPA;41;CONTRIBUICOES;1;CONTRIBUICOES;15;RECURSOS ORDINARIOS - OUTROS RECURSOS NAO VINCULADOS;500666,67;500666,67;500666,67
9386590;2198;2023-06-20 00:00:00;PM TRES CORACOES;17.955.535/0001-19;1261;SEE;SECRETARIA DE ESTADO DE EDUCACAO;42;AUXILIOS;1;AUXILIOS;10;RECURSOS ORDINARIOS - RECURSOS NAO VINCULADOS DE IMPOSTOS;2356255,09;2356255,09;2356255,09
9386591;623;2023-05-22 00:00:00;PM GOIANA;01.611.137/0001-45;1261;SEE;SECRETARIA DE ESTADO DE EDUCACAO;42;AUXILIOS;1;AUXILIOS;10;RECURSOS ORDINARIOS - RECURSOS NAO VINCULADOS DE IMPOSTOS;100000,0;100000,0;100000,0
9386593;350;2023-05-29 00:00:00;PM PEDRALVA;18.025.973/0001-40;1371;SEMAD;SECRETARIA DE ESTADO DE MEIO AMBIENTE E DESENVOLVIMENTO SUSTENTAVEL;41;CONTRIBUICOES;1;CONTRIBUICOES;10;RECURSOS ORDINARIOS - RECURSOS NAO VINCULADOS DE IMPOSTOS;280000,0;280000,0;280000,0
9386594;398;2023-07-11 00:00:00;PM SARDOA;18.307.496/0001-06;1371;SEMAD;SECRETARIA DE ESTADO DE MEIO AMBIENTE E DESENVOLVIMENTO SUSTENTAVEL;41;CONTRIBUICOES;1;CONTRIBUICOES;10;RECURSOS ORDINARIOS - RECURSOS NAO VINCULADOS DE IMPOSTOS;396266,6;396266,6;396266,6
9387863;627;2023-05-23 00:00:00;PM GUIDOVAL;18.128.215/0001-58;1261;SEE;SECRETARIA DE ESTADO DE EDUCACAO;41;CONTRIBUICOES;1;CONTRIBUICOES;21;COTA ESTADUAL DO SALARIO EDUCACAO - QESE;10886,4;10886,4;10886,4
9387863;628;2023-05-23 00:00:00;PM GUIDOVAL;18.128.215/0001-58;1261;SEE;SECRETARIA DE ESTADO DE EDUCACAO;41;CONTRIBUICOES;1;CONTRIBUICOES;10;RECURSOS ORDINARIOS - RECURSOS NAO VINCULADOS DE IMPOSTOS;623768,32;623768,32;623768,32
9387863;629;2023-05-23 00:00:00;PM GUIDOVAL;18.128.215/0001-58;1261;SEE;SECRETARIA DE ESTADO DE EDUCACAO;41;CONTRIBUICOES;1;CONTRIBUICOES;10;RECURSOS ORDINARIOS - RECURSOS NAO VINCULADOS DE IMPOSTOS;46752,16;46752,16;46752,16
9387865;624;2023-05-23 00:00:00;PM SANTA RITA DO ITUETO;18.413.187/0001-10;1261;SEE;SECRETARIA DE ESTADO DE EDUCACAO;41;CONTRIBUICOES;1;CONTRIBUICOES;21;COTA ESTADUAL DO SALARIO EDUCACAO - QESE;8359,2;8359,2;8359,2
9387865;625;2023-05-23 00:00:00;PM SANTA RITA DO ITUETO;18.413.187/0001-10;1261;SEE;SECRETARIA DE ESTADO DE EDUCACAO;41;CONTRIBUICOES;1;CONTRIBUICOES;10;RECURSOS ORDINARIOS - RECURSOS NAO VINCULADOS DE IMPOSTOS;478964,96;478964,96;478964,96
9387865;626;2023-05-23 00:00:00;PM SANTA RITA DO ITUETO;18.413.187/0001-10;1261;SEE;SECRETARIA DE ESTADO DE EDUCACAO;41;CONTRIBUICOES;1;CONTRIBUICOES;10;RECURSOS ORDINARIOS - RECURSOS NAO VINCULADOS DE IMPOSTOS;35898,98;35898,98;35898,98
9387866;630;2023-05-24 00:00:00;PM LAMIM;24.179.426/0001-12;1261;SEE;SECRETARIA DE ESTADO DE EDUCACAO;42;AUXILIOS;1;AUXILIOS;10;RECURSOS ORDINARIOS - RECURSOS NAO VINCULADOS DE IMPOSTOS;514000,0;514000,0;514000,0
9387867;631;2023-05-24 00:00:00;PM CAREACU;17.935.388/0001-15;1261;SEE;SECRETARIA DE ESTADO DE EDUCACAO;42;AUXILIOS;1;AUXILIOS;10;RECURSOS ORDINARIOS - RECURSOS NAO VINCULADOS DE IMPOSTOS;1259000,0;1259000,0;1259000,0
9387868;632;2023-05-24 00:00:00;PM RECREIO;17.735.754/0001-92;1261;SEE;SECRETARIA DE ESTADO DE EDUCACAO;42;AUXILIOS;1;AUXILIOS;10;RECURSOS ORDINARIOS - RECURSOS NAO VINCULADOS DE IMPOSTOS;318000,0;318000,0;318000,0
9387870;633;2023-05-24 00:00:00;PM RIO PARDO DE MINAS;24.212.862/0001-46;1261;SEE;SECRETARIA DE ESTADO DE EDUCACAO;42;AUXILIOS;1;AUXILIOS;10;RECURSOS ORDINARIOS - RECURSOS NAO VINCULADOS DE IMPOSTOS;745000,0;745000,0;745000,0
9388001;634;2023-05-24 00:00:00;PM CAMPOS ALTOS;18.298.190/0001-30;1261;SEE;SECRETARIA DE ESTADO DE EDUCACAO;42;AUXILIOS;1;AUXILIOS;10;RECURSOS ORDINARIOS - RECURSOS NAO VINCULADOS DE IMPOSTOS;318000,0;318000,0;318000,0
9388005;148;2023-05-31 00:00:00;PM TURMALINA;25.324.187/0001-00;1301;SEINFRA;SECRETARIA DE ESTADO DE INFRAESTRUTURA, MOBILIDADE E PARCERIAS;42;AUXILIOS;1;AUXILIOS;15;RECURSOS ORDINARIOS - OUTROS RECURSOS NAO VINCULADOS;300000,0;300000,0;300000,0
9388012;147;2023-05-31 00:00:00;PM TURMALINA;25.324.187/0001-00;1301;SEINFRA;SECRETARIA DE ESTADO DE INFRAESTRUTURA, MOBILIDADE E PARCERIAS;42;AUXILIOS;1;AUXILIOS;15;RECURSOS ORDINARIOS - OUTROS RECURSOS NAO VINCULADOS;200000,0;200000,0;200000,0
9388047;641;2023-05-25 00:00:00;PM VESPASIANO;18.715.425/0001-42;1261;SEE;SECRETARIA DE ESTADO DE EDUCACAO;41;CONTRIBUICOES;1;CONTRIBUICOES;21;COTA ESTADUAL DO SALARIO EDUCACAO - QESE;17496,0;17496,0;17496,0
9388047;642;2023-05-25 00:00:00;PM VESPASIANO;18.715.425/0001-42;1261;SEE;SECRETARIA DE ESTADO DE EDUCACAO;41;CONTRIBUICOES;1;CONTRIBUICOES;10;RECURSOS ORDINARIOS - RECURSOS NAO VINCULADOS DE IMPOSTOS;1002484,8;1002484,8;1002484,8
9388047;643;2023-05-25 00:00:00;PM VESPASIANO;18.715.425/0001-42;1261;SEE;SECRETARIA DE ESTADO DE EDUCACAO;41;CONTRIBUICOES;1;CONTRIBUICOES;10;RECURSOS ORDINARIOS - RECURSOS NAO VINCULADOS DE IMPOSTOS;75137,4;75137,4;75137,4
9388190;121;2023-05-29 00:00:00;ASSOCIACAO ESCOLA FAMILIA AGRICOLA DE ERVALIA;05.765.786/0001-51;1261;SEE;SECRETARIA DE ESTADO DE EDUCACAO;43;SUBVENCOES SOCIAIS;1;SUBVENCOES SOCIAIS;21;COTA ESTADUAL DO SALARIO EDUCACAO - QESE;60000,0;60000,0;60000,0
9388191;646;2023-05-26 00:00:00;PM SAO JOAO DA PONTE;16.928.483/0001-29;1261;SEE;SECRETARIA DE ESTADO DE EDUCACAO;41;CONTRIBUICOES;1;CONTRIBUICOES;21;COTA ESTADUAL DO SALARIO EDUCACAO - QESE;102448,8;102448,8;102448,8
9388191;647;2023-05-26 00:00:00;PM SAO JOAO DA PONTE;16.928.483/0001-29;1261;SEE;SECRETARIA DE ESTADO DE EDUCACAO;41;CONTRIBUICOES;1;CONTRIBUICOES;10;RECURSOS ORDINARIOS - RECURSOS NAO VINCULADOS DE IMPOSTOS;439971,22;439971,22;439971,22
9388191;657;2023-05-30 00:00:00;PM SAO JOAO DA PONTE;16.928.483/0001-29;1261;SEE;SECRETARIA DE ESTADO DE EDUCACAO;41;CONTRIBUICOES;1;CONTRIBUICOES;10;RECURSOS ORDINARIOS - RECURSOS NAO VINCULADOS DE IMPOSTOS;6223199,06;6223199,06;6223199,06
9388192;648;2023-05-26 00:00:00;PM LAJINHA;18.392.522/0001-41;1261;SEE;SECRETARIA DE ESTADO DE EDUCACAO;41;CONTRIBUICOES;1;CONTRIBUICOES;21;COTA ESTADUAL DO SALARIO EDUCACAO - QESE;58806,0;58806,0;58806,0
9388192;649;2023-05-26 00:00:00;PM LAJINHA;18.392.522/0001-41;1261;SEE;SECRETARIA DE ESTADO DE EDUCACAO;41;CONTRIBUICOES;1;CONTRIBUICOES;10;RECURSOS ORDINARIOS - RECURSOS NAO VINCULADOS DE IMPOSTOS;252545,15;252545,15;252545,15
9388192;658;2023-05-30 00:00:00;PM LAJINHA;18.392.522/0001-41;1261;SEE;SECRETARIA DE ESTADO DE EDUCACAO;41;CONTRIBUICOES;1;CONTRIBUICOES;10;RECURSOS ORDINARIOS - RECURSOS NAO VINCULADOS DE IMPOSTOS;3369462,8;3369462,8;3369462,8
9388194;650;2023-05-26 00:00:00;PM TRES CORACOES;17.955.535/0001-19;1261;SEE;SECRETARIA DE ESTADO DE EDUCACAO;41;CONTRIBUICOES;1;CONTRIBUICOES;21;COTA ESTADUAL DO SALARIO EDUCACAO - QESE;51030,0;51030,0;51030,0
9388194;651;2023-05-26 00:00:00;PM TRES CORACOES;17.955.535/0001-19;1261;SEE;SECRETARIA DE ESTADO DE EDUCACAO;41;CONTRIBUICOES;1;CONTRIBUICOES;10;RECURSOS ORDINARIOS - RECURSOS NAO VINCULADOS DE IMPOSTOS;219150,75;219150,75;219150,75
9388194;659;2023-05-30 00:00:00;PM TRES CORACOES;17.955.535/0001-19;1261;SEE;SECRETARIA DE ESTADO DE EDUCACAO;41;CONTRIBUICOES;1;CONTRIBUICOES;10;RECURSOS ORDINARIOS - RECURSOS NAO VINCULADOS DE IMPOSTOS;2923914,0;2923914,0;2923914,0
9388196;142;2023-05-29 00:00:00;PM BOM REPOUSO;18.675.892/0001-96;1301;SEINFRA;SECRETARIA DE ESTADO DE INFRAESTRUTURA, MOBILIDADE E PARCERIAS;42;AUXILIOS;1;AUXILIOS;15;RECURSOS ORDINARIOS - OUTROS RECURSOS NAO VINCULADOS;300000,0;300000,0;300000,0
9388201;143;2023-05-29 00:00:00;PM TURMALINA;25.324.187/0001-00;1301;SEINFRA;SECRETARIA DE ESTADO DE INFRAESTRUTURA, MOBILIDADE E PARCERIAS;42;AUXILIOS;1;AUXILIOS;15;RECURSOS ORDINARIOS - OUTROS RECURSOS NAO VINCULADOS;280000,0;280000,0;280000,0
9388203;144;2023-05-29 00:00:00;PM OLHOS-D'AGUA;01.612.547/0001-00;1301;SEINFRA;SECRETARIA DE ESTADO DE INFRAESTRUTURA, MOBILIDADE E PARCERIAS;42;AUXILIOS;1;AUXILIOS;15;RECURSOS ORDINARIOS - OUTROS RECURSOS NAO VINCULADOS;300000,0;300000,0;300000,0
9388216;656;2023-05-29 00:00:00;PM GUARACIAMA;01.612.549/0001-08;1261;SEE;SECRETARIA DE ESTADO DE EDUCACAO;42;AUXILIOS;1;AUXILIOS;10;RECURSOS ORDINARIOS - RECURSOS NAO VINCULADOS DE IMPOSTOS;427000,0;427000,0;427000,0
9388217;655;2023-05-29 00:00:00;PM RIO PARANAIBA;18.602.045/0001-00;1261;SEE;SECRETARIA DE ESTADO DE EDUCACAO;42;AUXILIOS;1;AUXILIOS;10;RECURSOS ORDINARIOS - RECURSOS NAO VINCULADOS DE IMPOSTOS;954000,0;954000,0;954000,0
9388218;654;2023-05-29 00:00:00;PM CUPARAQUE;01.615.422/0001-34;1261;SEE;SECRETARIA DE ESTADO DE EDUCACAO;42;AUXILIOS;1;AUXILIOS;10;RECURSOS ORDINARIOS - RECURSOS NAO VINCULADOS DE IMPOSTOS;318000,0;318000,0;318000,0
9388219;653;2023-05-29 00:00:00;PM SAO MIGUEL DO ANTA;18.133.926/0001-10;1261;SEE;SECRETARIA DE ESTADO DE EDUCACAO;42;AUXILIOS;1;AUXILIOS;10;RECURSOS ORDINARIOS - RECURSOS NAO VINCULADOS DE IMPOSTOS;318000,0;318000,0;318000,0
9388219;1149;2023-12-28 00:00:00;PM SAO MIGUEL DO ANTA;18.133.926/0001-10;1261;SEE;SECRETARIA DE ESTADO DE EDUCACAO;42;AUXILIOS;1;AUXILIOS;10;RECURSOS ORDINARIOS - RECURSOS NAO VINCULADOS DE IMPOSTOS;318000,0;318000,0;318000,0
9388220;652;2023-05-29 00:00:00;PM CHAPADA DO NORTE;16.886.608/0001-03;1261;SEE;SECRETARIA DE ESTADO DE EDUCACAO;42;AUXILIOS;1;AUXILIOS;10;RECURSOS ORDINARIOS - RECURSOS NAO VINCULADOS DE IMPOSTOS;854000,0;854000,0;854000,0
9388225;145;2023-05-30 00:00:00;PM MATHIAS LOBATO;18.332.619/0001-69;1301;SEINFRA;SECRETARIA DE ESTADO DE INFRAESTRUTURA, MOBILIDADE E PARCERIAS;42;AUXILIOS;1;AUXILIOS;15;RECURSOS ORDINARIOS - OUTROS RECURSOS NAO VINCULADOS;500000,0;500000,0;500000,0
9388535;662;2023-05-30 00:00:00;PM CAMPO AZUL;01.612.551/0001-79;1261;SEE;SECRETARIA DE ESTADO DE EDUCACAO;42;AUXILIOS;1;AUXILIOS;10;RECURSOS ORDINARIOS - RECURSOS NAO VINCULADOS DE IMPOSTOS;514000,0;514000,0;514000,0
9388536;663;2023-05-30 00:00:00;PM CHACARA;18.338.137/0001-16;1261;SEE;SECRETARIA DE ESTADO DE EDUCACAO;42;AUXILIOS;1;AUXILIOS;10;RECURSOS ORDINARIOS - RECURSOS NAO VINCULADOS DE IMPOSTOS;318000,0;318000,0;318000,0
9388537;664;2023-05-30 00:00:00;PM JAMPRUCA;66.230.384/0001-47;1261;SEE;SECRETARIA DE ESTADO DE EDUCACAO;42;AUXILIOS;1;AUXILIOS;10;RECURSOS ORDINARIOS - RECURSOS NAO VINCULADOS DE IMPOSTOS;832000,0;832000,0;832000,0
9388539;665;2023-05-30 00:00:00;PM MONTE AZUL;18.650.945/0001-14;1261;SEE;SECRETARIA DE ESTADO DE EDUCACAO;42;AUXILIOS;1;AUXILIOS;10;RECURSOS ORDINARIOS - RECURSOS NAO VINCULADOS DE IMPOSTOS;427000,0;427000,0;427000,0
9388540;666;2023-05-30 00:00:00;PM SANTA RITA DE JACUTINGA;18.338.269/0001-48;1261;SEE;SECRETARIA DE ESTADO DE EDUCACAO;42;AUXILIOS;1;AUXILIOS;10;RECURSOS ORDINARIOS - RECURSOS NAO VINCULADOS DE IMPOSTOS;427000,0;427000,0;427000,0
9388541;667;2023-05-30 00:00:00;PM VEREDINHA;01.614.685/0001-29;1261;SEE;SECRETARIA DE ESTADO DE EDUCACAO;42;AUXILIOS;1;AUXILIOS;10;RECURSOS ORDINARIOS - RECURSOS NAO VINCULADOS DE IMPOSTOS;318000,0;318000,0;318000,0
9388542;668;2023-05-30 00:00:00;PM SANTO ANTONIO DO AVENTUREIRO;17.710.476/0001-19;1261;SEE;SECRETARIA DE ESTADO DE EDUCACAO;42;AUXILIOS;1;AUXILIOS;10;RECURSOS ORDINARIOS - RECURSOS NAO VINCULADOS DE IMPOSTOS;427000,0;427000,0;427000,0
9388543;669;2023-05-30 00:00:00;PM TRES CORACOES;17.955.535/0001-19;1261;SEE;SECRETARIA DE ESTADO DE EDUCACAO;42;AUXILIOS;1;AUXILIOS;10;RECURSOS ORDINARIOS - RECURSOS NAO VINCULADOS DE IMPOSTOS;514000,0;514000,0;514000,0
9388544;670;2023-05-30 00:00:00;PM PEDRA DO ANTA;18.133.439/0001-58;1261;SEE;SECRETARIA DE ESTADO DE EDUCACAO;42;AUXILIOS;1;AUXILIOS;10;RECURSOS ORDINARIOS - RECURSOS NAO VINCULADOS DE IMPOSTOS;832000,0;832000,0;832000,0
9388546;671;2023-05-30 00:00:00;PM SANTO ANTONIO DO RETIRO;01.612.484/0001-92;1261;SEE;SECRETARIA DE ESTADO DE EDUCACAO;42;AUXILIOS;1;AUXILIOS;10;RECURSOS ORDINARIOS - RECURSOS NAO VINCULADOS DE IMPOSTOS;514000,0;514000,0;514000,0
9388548;149;2023-05-31 00:00:00;PM SENADOR CORTES;17.724.576/0001-02;1301;SEINFRA;SECRETARIA DE ESTADO DE INFRAESTRUTURA, MOBILIDADE E PARCERIAS;42;AUXILIOS;1;AUXILIOS;15;RECURSOS ORDINARIOS - OUTROS RECURSOS NAO VINCULADOS;700000,0;700000,0;700000,0
9388617;150;2023-05-31 00:00:00;PM RIO PARANAIBA;18.602.045/0001-00;1301;SEINFRA;SECRETARIA DE ESTADO DE INFRAESTRUTURA, MOBILIDADE E PARCERIAS;42;AUXILIOS;1;AUXILIOS;10;RECURSOS ORDINARIOS - RECURSOS NAO VINCULADOS DE IMPOSTOS;500000,0;500000,0;500000,0
9388620;146;2023-05-30 00:00:00;PM PRADOS;18.557.538/0001-67;1301;SEINFRA;SECRETARIA DE ESTADO DE INFRAESTRUTURA, MOBILIDADE E PARCERIAS;42;AUXILIOS;1;AUXILIOS;15;RECURSOS ORDINARIOS - OUTROS RECURSOS NAO VINCULADOS;400000,0;400000,0;400000,0
9388633;1783;2023-05-31 00:00:00;PM JUATUBA;64.487.614/0001-22;1261;SEE;SECRETARIA DE ESTADO DE EDUCACAO;41;CONTRIBUICOES;1;CONTRIBUICOES;71;RECURSOS DO FUNDO ESTADUAL DE ERRADICACAO DA MISERIA;2000000,0;2000000,0;2000000,0
9388660;1218;2023-07-21 00:00:00;PM BURITIZEIRO;18.279.067/0001-72;1261;SEE;SECRETARIA DE ESTADO DE EDUCACAO;42;AUXILIOS;1;AUXILIOS;10;RECURSOS ORDINARIOS - RECURSOS NAO VINCULADOS DE IMPOSTOS;712471,32;712471,32;712471,32
9388665;2051;2023-06-05 00:00:00;PM SACRAMENTO;18.140.764/0001-48;1491;SEGOV;SECRETARIA DE ESTADO DE GOVERNO;42;AUXILIOS;1;AUXILIOS;10;RECURSOS ORDINARIOS - RECURSOS NAO VINCULADOS DE IMPOSTOS;84000,0;84000,0;84000,0
9388666;2056;2023-06-06 00:00:00;PM CRISTIANO OTONI;19.718.402/0001-54;1491;SEGOV;SECRETARIA DE ESTADO DE GOVERNO;42;AUXILIOS;1;AUXILIOS;15;RECURSOS ORDINARIOS - OUTROS RECURSOS NAO VINCULADOS;175475,24;175475,24;175475,24
9388682;2276;2023-07-28 00:00:00;PM MINAS NOVAS;22.516.405/0001-10;1261;SEE;SECRETARIA DE ESTADO DE EDUCACAO;42;AUXILIOS;1;AUXILIOS;10;RECURSOS ORDINARIOS - RECURSOS NAO VINCULADOS DE IMPOSTOS;1449953,22;1449953,22;1449953,22
9388683;2049;2023-06-05 00:00:00;PM BURITIS;18.125.146/0001-29;1491;SEGOV;SECRETARIA DE ESTADO DE GOVERNO;42;AUXILIOS;1;AUXILIOS;10;RECURSOS ORDINARIOS - RECURSOS NAO VINCULADOS DE IMPOSTOS;87737,59;87737,59;87737,59
9388684;2050;2023-06-05 00:00:00;PM RECREIO;17.735.754/0001-92;1491;SEGOV;SECRETARIA DE ESTADO DE GOVERNO;42;AUXILIOS;1;AUXILIOS;15;RECURSOS ORDINARIOS - OUTROS RECURSOS NAO VINCULADOS;88180,36;88180,36;88180,36
9388696;4;2023-07-04 00:00:00;PM SAO SEBASTIAO DA BELA VISTA;17.935.370/0001-13;4491;FEC;FUNDO ESTADUAL DE CULTURA;41;CONTRIBUICOES;1;CONTRIBUICOES;59;OUTROS RECURSOS VINCULADOS;32466,67;32466,67;32466,67
9388701;674;2023-06-05 00:00:00;PM TURMALINA;25.324.187/0001-00;1261;SEE;SECRETARIA DE ESTADO DE EDUCACAO;42;AUXILIOS;1;AUXILIOS;10;RECURSOS ORDINARIOS - RECURSOS NAO VINCULADOS DE IMPOSTOS;1028000,0;1028000,0;1028000,0
9388702;675;2023-06-05 00:00:00;PM CARANGOLA;19.279.827/0001-04;1261;SEE;SECRETARIA DE ESTADO DE EDUCACAO;42;AUXILIOS;1;AUXILIOS;10;RECURSOS ORDINARIOS - RECURSOS NAO VINCULADOS DE IMPOSTOS;99930,28;99930,28;99930,28
9388703;676;2023-06-05 00:00:00;PM SAO JOSE DO ALEGRE;18.025.999/0001-99;1261;SEE;SECRETARIA DE ESTADO DE EDUCACAO;42;AUXILIOS;1;AUXILIOS;10;RECURSOS ORDINARIOS - RECURSOS NAO VINCULADOS DE IMPOSTOS;745000,0;745000,0;745000,0
9388704;677;2023-06-05 00:00:00;PM SANTANA DO PARAISO;38.515.573/0001-20;1261;SEE;SECRETARIA DE ESTADO DE EDUCACAO;42;AUXILIOS;1;AUXILIOS;10;RECURSOS ORDINARIOS - RECURSOS NAO VINCULADOS DE IMPOSTOS;427000,0;427000,0;427000,0
9388705;678;2023-06-05 00:00:00;PM SENADOR MODESTINO GONCALVES;17.754.110/0001-41;1261;SEE;SECRETARIA DE ESTADO DE EDUCACAO;42;AUXILIOS;1;AUXILIOS;10;RECURSOS ORDINARIOS - RECURSOS NAO VINCULADOS DE IMPOSTOS;318000,0;318000,0;318000,0
9388706;679;2023-06-05 00:00:00;PM CONCEICAO DA BARRA DE MINAS;18.557.587/0001-08;1261;SEE;SECRETARIA DE ESTADO DE EDUCACAO;42;AUXILIOS;1;AUXILIOS;10;RECURSOS ORDINARIOS - RECURSOS NAO VINCULADOS DE IMPOSTOS;0,0;0,0;0,0
9388706;681;2023-06-05 00:00:00;PM CONCEICAO DA BARRA DE MINAS;18.557.587/0001-08;1261;SEE;SECRETARIA DE ESTADO DE EDUCACAO;42;AUXILIOS;1;AUXILIOS;10;RECURSOS ORDINARIOS - RECURSOS NAO VINCULADOS DE IMPOSTOS;149539,65;149539,65;149539,65
9388707;680;2023-06-05 00:00:00;PM RIO POMBA;17.744.434/0001-07;1261;SEE;SECRETARIA DE ESTADO DE EDUCACAO;42;AUXILIOS;1;AUXILIOS;10;RECURSOS ORDINARIOS - RECURSOS NAO VINCULADOS DE IMPOSTOS;854000,0;854000,0;854000,0
9388708;682;2023-06-05 00:00:00;PM TOCOS DO MOJI;01.601.656/0001-22;1261;SEE;SECRETARIA DE ESTADO DE EDUCACAO;42;AUXILIOS;1;AUXILIOS;10;RECURSOS ORDINARIOS - RECURSOS NAO VINCULADOS DE IMPOSTOS;514000,0;514000,0;514000,0
9388709;1994;2023-06-12 00:00:00;PM MONTES CLAROS;22.678.874/0001-35;1261;SEE;SECRETARIA DE ESTADO DE EDUCACAO;42;AUXILIOS;1;AUXILIOS;10;RECURSOS ORDINARIOS - RECURSOS NAO VINCULADOS DE IMPOSTOS;39982,87;39982,87;39982,87
9388710;1995;2023-06-12 00:00:00;PM MONTES CLAROS;22.678.874/0001-35;1261;SEE;SECRETARIA DE ESTADO DE EDUCACAO;42;AUXILIOS;1;AUXILIOS;10;RECURSOS ORDINARIOS - RECURSOS NAO VINCULADOS DE IMPOSTOS;791641,36;791641,36;791641,36
9388711;247;2023-06-05 00:00:00;PM VIRGINIA;25.970.260/0001-10;1301;SEINFRA;SECRETARIA DE ESTADO DE INFRAESTRUTURA, MOBILIDADE E PARCERIAS;42;AUXILIOS;1;AUXILIOS;15;RECURSOS ORDINARIOS - OUTROS RECURSOS NAO VINCULADOS;1050000,0;1050000,0;1050000,0
9388712;246;2023-06-05 00:00:00;PM SANTO ANTONIO DO MONTE;16.870.974/0001-66;1301;SEINFRA;SECRETARIA DE ESTADO DE INFRAESTRUTURA, MOBILIDADE E PARCERIAS;42;AUXILIOS;1;AUXILIOS;15;RECURSOS ORDINARIOS - OUTROS RECURSOS NAO VINCULADOS;11850000,0;11850000,0;11850000,0
9388714;245;2023-06-05 00:00:00;PM CAMPOS GERAIS;18.245.175/0001-24;1301;SEINFRA;SECRETARIA DE ESTADO DE INFRAESTRUTURA, MOBILIDADE E PARCERIAS;42;AUXILIOS;1;AUXILIOS;15;RECURSOS ORDINARIOS - OUTROS RECURSOS NAO VINCULADOS;1772825,0;1772825,0;1772825,0
9388715;2053;2023-06-05 00:00:00;PM DESTERRO DO MELO;18.094.813/0001-53;1491;SEGOV;SECRETARIA DE ESTADO DE GOVERNO;42;AUXILIOS;1;AUXILIOS;15;RECURSOS ORDINARIOS - OUTROS RECURSOS NAO VINCULADOS;40000,0;40000,0;40000,0
9388716;2052;2023-06-05 00:00:00;PM DESTERRO DO MELO;18.094.813/0001-53;1491;SEGOV;SECRETARIA DE ESTADO DE GOVERNO;42;AUXILIOS;1;AUXILIOS;15;RECURSOS ORDINARIOS - OUTROS RECURSOS NAO VINCULADOS;263212,86;263212,86;263212,86
9388717;2054;2023-06-06 00:00:00;PM IBITIURA DE MINAS;18.178.962/0001-09;1491;SEGOV;SECRETARIA DE ESTADO DE GOVERNO;42;AUXILIOS;1;AUXILIOS;15;RECURSOS ORDINARIOS - OUTROS RECURSOS NAO VINCULADOS;130986,9;130986,9;130986,9
9388718;2055;2023-06-06 00:00:00;PM SALINAS;24.359.333/0001-70;1491;SEGOV;SECRETARIA DE ESTADO DE GOVERNO;42;AUXILIOS;1;AUXILIOS;10;RECURSOS ORDINARIOS - RECURSOS NAO VINCULADOS DE IMPOSTOS;90000,0;90000,0;90000,0
9388719;2057;2023-06-06 00:00:00;PM SAO SEBASTIAO DO MARANHAO;18.409.177/0001-01;1491;SEGOV;SECRETARIA DE ESTADO DE GOVERNO;42;AUXILIOS;1;AUXILIOS;15;RECURSOS ORDINARIOS - OUTROS RECURSOS NAO VINCULADOS;87737,6;87737,6;87737,6
9388807;683;2023-06-06 00:00:00;PM MINAS NOVAS;22.516.405/0001-10;1261;SEE;SECRETARIA DE ESTADO DE EDUCACAO;42;AUXILIOS;1;AUXILIOS;10;RECURSOS ORDINARIOS - RECURSOS NAO VINCULADOS DE IMPOSTOS;100000,0;100000,0;100000,0
9388809;684;2023-06-07 00:00:00;PM CARMO DO RIO CLARO;18.243.287/0001-46;1261;SEE;SECRETARIA DE ESTADO DE EDUCACAO;42;AUXILIOS;1;AUXILIOS;10;RECURSOS ORDINARIOS - RECURSOS NAO VINCULADOS DE IMPOSTOS;150000,0;150000,0;150000,0
9388810;685;2023-06-07 00:00:00;PM SANTO ANTONIO DO ITAMBE;18.303.222/0001-49;1261;SEE;SECRETARIA DE ESTADO DE EDUCACAO;42;AUXILIOS;1;AUXILIOS;10;RECURSOS ORDINARIOS - RECURSOS NAO VINCULADOS DE IMPOSTOS;100000,0;100000,0;100000,0
9388811;686;2023-06-07 00:00:00;PM SARDOA;18.307.496/0001-06;1261;SEE;SECRETARIA DE ESTADO DE EDUCACAO;42;AUXILIOS;1;AUXILIOS;10;RECURSOS ORDINARIOS - RECURSOS NAO VINCULADOS DE IMPOSTOS;1150000,0;1150000,0;1150000,0
9388812;687;2023-06-07 00:00:00;PM CAMPESTRE;18.178.400/0001-57;1261;SEE;SECRETARIA DE ESTADO DE EDUCACAO;42;AUXILIOS;1;AUXILIOS;10;RECURSOS ORDINARIOS - RECURSOS NAO VINCULADOS DE IMPOSTOS;2113000,0;2113000,0;2113000,0
9388816;2063;2023-06-06 00:00:00;PM MATO VERDE;17.782.616/0001-64;1491;SEGOV;SECRETARIA DE ESTADO DE GOVERNO;42;AUXILIOS;1;AUXILIOS;15;RECURSOS ORDINARIOS - OUTROS RECURSOS NAO VINCULADOS;85000,0;85000,0;85000,0
9388817;2059;2023-06-06 00:00:00;PM MATO VERDE;17.782.616/0001-64;1491;SEGOV;SECRETARIA DE ESTADO DE GOVERNO;42;AUXILIOS;1;AUXILIOS;15;RECURSOS ORDINARIOS - OUTROS RECURSOS NAO VINCULADOS;88620,21;88620,21;88620,21
9388818;2061;2023-06-06 00:00:00;PM DESTERRO DO MELO;18.094.813/0001-53;1491;SEGOV;SECRETARIA DE ESTADO DE GOVERNO;42;AUXILIOS;1;AUXILIOS;15;RECURSOS ORDINARIOS - OUTROS RECURSOS NAO VINCULADOS;116317,08;116317,08;116317,08
9388819;2060;2023-06-06 00:00:00;PM DESTERRO DO MELO;18.094.813/0001-53;1491;SEGOV;SECRETARIA DE ESTADO DE GOVERNO;42;AUXILIOS;1;AUXILIOS;15;RECURSOS ORDINARIOS - OUTROS RECURSOS NAO VINCULADOS;244635,0;244635,0;244635,0
9388820;2062;2023-06-06 00:00:00;PM DELFIM MOREIRA;18.025.924/0001-08;1491;SEGOV;SECRETARIA DE ESTADO DE GOVERNO;42;AUXILIOS;1;AUXILIOS;15;RECURSOS ORDINARIOS - OUTROS RECURSOS NAO VINCULADOS;88623,86;88623,86;88623,86
9388823;2065;2023-06-06 00:00:00;PM PIRANGUINHO;18.192.906/0001-10;1491;SEGOV;SECRETARIA DE ESTADO DE GOVERNO;42;AUXILIOS;1;AUXILIOS;15;RECURSOS ORDINARIOS - OUTROS RECURSOS NAO VINCULADOS;87737,63;87737,63;87737,63
9388825;2064;2023-06-06 00:00:00;PM CORONEL MURTA;18.348.722/0001-05;1491;SEGOV;SECRETARIA DE ESTADO DE GOVERNO;42;AUXILIOS;1;AUXILIOS;15;RECURSOS ORDINARIOS - OUTROS RECURSOS NAO VINCULADOS;175475,25;175475,25;175475,25
9388826;2058;2023-06-06 00:00:00;PM SAO PEDRO DO SUACUI;18.409.243/0001-43;1491;SEGOV;SECRETARIA DE ESTADO DE GOVERNO;42;AUXILIOS;1;AUXILIOS;15;RECURSOS ORDINARIOS - OUTROS RECURSOS NAO VINCULADOS;402600,0;402600,0;402600,0
9388827;1;2023-06-06 00:00:00;ASSOC DOS PROD RUR DAS BACIAS DO RIBEIRAO,LAMARAO E CARAIBAS ASPROLAR;15.915.743/0001-69;1491;SEGOV;SECRETARIA DE ESTADO DE GOVERNO;42;AUXILIOS;1;AUXILIOS;10;RECURSOS ORDINARIOS - RECURSOS NAO VINCULADOS DE IMPOSTOS;88623,86;88623,86;88623,86
9388828;2;2023-06-06 00:00:00;INSTITUTO GALO;35.777.212/0001-64;1491;SEGOV;SECRETARIA DE ESTADO DE GOVERNO;42;AUXILIOS;1;AUXILIOS;10;RECURSOS ORDINARIOS - RECURSOS NAO VINCULADOS DE IMPOSTOS;132310,0;132310,0;132310,0
9388840;209;2023-06-28 00:00:00;PM SANTA BARBARA;19.391.945/0001-00;1231;SEAPA;SECRETARIA DE ESTADO DE AGRICULTURA, PECUARIA E ABASTECIMENTO - SEAPA;41;CONTRIBUICOES;1;CONTRIBUICOES;15;RECURSOS ORDINARIOS - OUTROS RECURSOS NAO VINCULADOS;330000,0;330000,0;330000,0
9388841;2072;2023-06-07 00:00:00;PM COLUNA;18.307.397/0001-24;1491;SEGOV;SECRETARIA DE ESTADO DE GOVERNO;42;AUXILIOS;1;AUXILIOS;15;RECURSOS ORDINARIOS - OUTROS RECURSOS NAO VINCULADOS;88180,75;88180,75;88180,75
9388842;2069;2023-06-07 00:00:00;PM ICARAI DE MINAS;25.224.304/0001-63;1491;SEGOV;SECRETARIA DE ESTADO DE GOVERNO;42;AUXILIOS;1;AUXILIOS;10;RECURSOS ORDINARIOS - RECURSOS NAO VINCULADOS DE IMPOSTOS;87737,63;87737,63;87737,63
9388843;2068;2023-06-07 00:00:00;PM MACHADO;18.242.784/0001-20;1491;SEGOV;SECRETARIA DE ESTADO DE GOVERNO;42;AUXILIOS;1;AUXILIOS;15;RECURSOS ORDINARIOS - OUTROS RECURSOS NAO VINCULADOS;88123,86;88123,86;88123,86
9388844;2073;2023-06-07 00:00:00;PM QUARTEL GERAL;18.296.699/0001-44;1491;SEGOV;SECRETARIA DE ESTADO DE GOVERNO;42;AUXILIOS;1;AUXILIOS;15;RECURSOS ORDINARIOS - OUTROS RECURSOS NAO VINCULADOS;87737,63;87737,63;87737,63
9388845;2071;2023-06-07 00:00:00;PM CAMANDUCAIA;17.935.396/0001-61;1491;SEGOV;SECRETARIA DE ESTADO DE GOVERNO;42;AUXILIOS;1;AUXILIOS;15;RECURSOS ORDINARIOS - OUTROS RECURSOS NAO VINCULADOS;131648,0;131648,0;131648,0
9388846;2070;2023-06-07 00:00:00;PM VOLTA GRANDE;17.710.690/0001-75;1491;SEGOV;SECRETARIA DE ESTADO DE GOVERNO;42;AUXILIOS;1;AUXILIOS;15;RECURSOS ORDINARIOS - OUTROS RECURSOS NAO VINCULADOS;130986,9;130986,9;130986,9
9388847;2066;2023-06-07 00:00:00;PM GUARACIAMA;01.612.549/0001-08;1491;SEGOV;SECRETARIA DE ESTADO DE GOVERNO;42;AUXILIOS;1;AUXILIOS;15;RECURSOS ORDINARIOS - OUTROS RECURSOS NAO VINCULADOS;87737,63;87737,63;87737,63
9388848;2067;2023-06-07 00:00:00;PM SAPUCAI-MIRIM;18.026.005/0001-59;1491;SEGOV;SECRETARIA DE ESTADO DE GOVERNO;42;AUXILIOS;1;AUXILIOS;15;RECURSOS ORDINARIOS - OUTROS RECURSOS NAO VINCULADOS;130810,0;130810,0;130810,0
9388849;4;2023-06-07 00:00:00;ASSOC. COMUNITARIA FAMILIA COMUNIDADE DE BARREIRA;00.832.572/0001-37;1491;SEGOV;SECRETARIA DE ESTADO DE GOVERNO;42;AUXILIOS;1;AUXILIOS;10;RECURSOS ORDINARIOS - RECURSOS NAO VINCULADOS DE IMPOSTOS;88623,86;88623,86;88623,86
9388850;7;2023-06-07 00:00:00;ASSOCIACAO DE PAIS E AMIGOS DOS EXCEPCIONAIS DE URUCUIA;11.735.270/0001-67;1491;SEGOV;SECRETARIA DE ESTADO DE GOVERNO;42;AUXILIOS;1;AUXILIOS;10;RECURSOS ORDINARIOS - RECURSOS NAO VINCULADOS DE IMPOSTOS;88623,86;88623,86;88623,86
9388851;5;2023-06-07 00:00:00;ASSOC HUMANITARIA DE SERVICOS SOCIAIS VOLUNTARIOS DE TRES MARIAS;17.819.708/0001-71;1491;SEGOV;SECRETARIA DE ESTADO DE GOVERNO;42;AUXILIOS;1;AUXILIOS;10;RECURSOS ORDINARIOS - RECURSOS NAO VINCULADOS DE IMPOSTOS;88623,86;88623,86;88623,86
9388852;9;2023-06-07 00:00:00;ASILO SAO VICENTE DE PAULO;08.455.665/0001-00;1491;SEGOV;SECRETARIA DE ESTADO DE GOVERNO;42;AUXILIOS;1;AUXILIOS;10;RECURSOS ORDINARIOS - RECURSOS NAO VINCULADOS DE IMPOSTOS;88623,86;88623,86;88623,86
9388853;8;2023-06-07 00:00:00;INSTITUTO GALO;35.777.212/0001-64;1491;SEGOV;SECRETARIA DE ESTADO DE GOVERNO;42;AUXILIOS;1;AUXILIOS;10;RECURSOS ORDINARIOS - RECURSOS NAO VINCULADOS DE IMPOSTOS;88623,86;88623,86;88623,86
9388854;251;2023-06-15 00:00:00;PM MATHIAS LOBATO;18.332.619/0001-69;1301;SEINFRA;SECRETARIA DE ESTADO DE INFRAESTRUTURA, MOBILIDADE E PARCERIAS;42;AUXILIOS;1;AUXILIOS;15;RECURSOS ORDINARIOS - OUTROS RECURSOS NAO VINCULADOS;2500000,0;2500000,0;2500000,0
9388855;6;2023-06-07 00:00:00;CRECHE NOSSO LAR JULIA CARVALHO;20.551.743/0001-67;1491;SEGOV;SECRETARIA DE ESTADO DE GOVERNO;42;AUXILIOS;1;AUXILIOS;10;RECURSOS ORDINARIOS - RECURSOS NAO VINCULADOS DE IMPOSTOS;89999,95;89999,95;89999,95
9388856;3;2023-06-07 00:00:00;INSTITUTO SOCIAL ACREDITAR E LUTAR-ISAL;28.455.185/0001-48;1491;SEGOV;SECRETARIA DE ESTADO DE GOVERNO;42;AUXILIOS;1;AUXILIOS;10;RECURSOS ORDINARIOS - RECURSOS NAO VINCULADOS DE IMPOSTOS;88623,83;88623,83;88623,83
9388857;696;2023-06-07 00:00:00;PM MINAS NOVAS;22.516.405/0001-10;1261;SEE;SECRETARIA DE ESTADO DE EDUCACAO;42;AUXILIOS;1;AUXILIOS;10;RECURSOS ORDINARIOS - RECURSOS NAO VINCULADOS DE IMPOSTOS;318000,0;318000,0;318000,0
9388858;697;2023-06-07 00:00:00;PM DIVINOPOLIS;18.291.351/0001-64;1261;SEE;SECRETARIA DE ESTADO DE EDUCACAO;42;AUXILIOS;1;AUXILIOS;10;RECURSOS ORDINARIOS - RECURSOS NAO VINCULADOS DE IMPOSTOS;318000,0;318000,0;318000,0
9388859;698;2023-06-07 00:00:00;PM BURITIZEIRO;18.279.067/0001-72;1261;SEE;SECRETARIA DE ESTADO DE EDUCACAO;42;AUXILIOS;1;AUXILIOS;10;RECURSOS ORDINARIOS - RECURSOS NAO VINCULADOS DE IMPOSTOS;1172000,0;1172000,0;1172000,0
9388860;699;2023-06-07 00:00:00;PM PEDRA DOURADA;18.114.215/0001-07;1261;SEE;SECRETARIA DE ESTADO DE EDUCACAO;42;AUXILIOS;1;AUXILIOS;10;RECURSOS ORDINARIOS - RECURSOS NAO VINCULADOS DE IMPOSTOS;1281000,0;1281000,0;1281000,0
9388862;1996;2023-06-12 00:00:00;PM JOSENOPOLIS;01.612.503/0001-80;1261;SEE;SECRETARIA DE ESTADO DE EDUCACAO;42;AUXILIOS;1;AUXILIOS;10;RECURSOS ORDINARIOS - RECURSOS NAO VINCULADOS DE IMPOSTOS;711191,99;711191,99;711191,99
9388863;693;2023-06-07 00:00:00;PM TUPACIGUARA;18.260.489/0001-04;1261;SEE;SECRETARIA DE ESTADO DE EDUCACAO;41;CONTRIBUICOES;1;CONTRIBUICOES;10;RECURSOS ORDINARIOS - RECURSOS NAO VINCULADOS DE IMPOSTOS;1693085,44;1693085,44;1693085,44
9388863;694;2023-06-07 00:00:00;PM TUPACIGUARA;18.260.489/0001-04;1261;SEE;SECRETARIA DE ESTADO DE EDUCACAO;41;CONTRIBUICOES;1;CONTRIBUICOES;10;RECURSOS ORDINARIOS - RECURSOS NAO VINCULADOS DE IMPOSTOS;126898,72;126898,72;126898,72
9388863;695;2023-06-07 00:00:00;PM TUPACIGUARA;18.260.489/0001-04;1261;SEE;SECRETARIA DE ESTADO DE EDUCACAO;41;CONTRIBUICOES;1;CONTRIBUICOES;21;COTA ESTADUAL DO SALARIO EDUCACAO - QESE;29548,8;29548,8;29548,8
9388872;250;2023-06-15 00:00:00;PM POTE;18.404.970/0001-18;1301;SEINFRA;SECRETARIA DE ESTADO DE INFRAESTRUTURA, MOBILIDADE E PARCERIAS;42;AUXILIOS;1;AUXILIOS;15;RECURSOS ORDINARIOS - OUTROS RECURSOS NAO VINCULADOS;1000000,0;1000000,0;1000000,0
9388985;2075;2023-06-12 00:00:00;PM ARACUAI;17.963.083/0001-17;1491;SEGOV;SECRETARIA DE ESTADO DE GOVERNO;42;AUXILIOS;1;AUXILIOS;15;RECURSOS ORDINARIOS - OUTROS RECURSOS NAO VINCULADOS;261973,8;261973,8;261973,8
9388986;2078;2023-06-12 00:00:00;PM CARMESIA;18.303.172/0001-08;1491;SEGOV;SECRETARIA DE ESTADO DE GOVERNO;42;AUXILIOS;1;AUXILIOS;15;RECURSOS ORDINARIOS - OUTROS RECURSOS NAO VINCULADOS;88000,0;88000,0;88000,0
9388987;2079;2023-06-12 00:00:00;PM CABO VERDE;17.909.599/0001-83;1491;SEGOV;SECRETARIA DE ESTADO DE GOVERNO;42;AUXILIOS;1;AUXILIOS;15;RECURSOS ORDINARIOS - OUTROS RECURSOS NAO VINCULADOS;87737,63;87737,63;87737,63
9388988;2074;2023-06-12 00:00:00;PM PIRACEMA;17.980.392/0001-03;1491;SEGOV;SECRETARIA DE ESTADO DE GOVERNO;42;AUXILIOS;1;AUXILIOS;15;RECURSOS ORDINARIOS - OUTROS RECURSOS NAO VINCULADOS;87647,72;87647,72;87647,72
9388989;2077;2023-06-12 00:00:00;PM FORTALEZA DE MINAS;18.241.760/0001-56;1491;SEGOV;SECRETARIA DE ESTADO DE GOVERNO;42;AUXILIOS;1;AUXILIOS;15;RECURSOS ORDINARIOS - OUTROS RECURSOS NAO VINCULADOS;130986,9;130986,9;130986,9
9388990;2076;2023-06-12 00:00:00;PM ONCA DE PITANGUI;18.313.858/0001-71;1491;SEGOV;SECRETARIA DE ESTADO DE GOVERNO;42;AUXILIOS;1;AUXILIOS;15;RECURSOS ORDINARIOS - OUTROS RECURSOS NAO VINCULADOS;87737,63;87737,63;87737,63
9388991;2741;2023-07-07 00:00:00;CONSORCIO INTERM. SAUDE DE MEDIO RIO DAS VELHAS;00.995.538/0001-83;4291;FES;FUNDO ESTADUAL DE SAUDE;42;AUXILIOS;1;AUXILIOS;10;RECURSOS ORDINARIOS - RECURSOS NAO VINCULADOS DE IMPOSTOS;1770000,0;1770000,0;1770000,0
9388995;252;2023-06-15 00:00:00;PM CARMESIA;18.303.172/0001-08;1301;SEINFRA;SECRETARIA DE ESTADO DE INFRAESTRUTURA, MOBILIDADE E PARCERIAS;42;AUXILIOS;1;AUXILIOS;15;RECURSOS ORDINARIOS - OUTROS RECURSOS NAO VINCULADOS;400000,0;400000,0;400000,0
9388996;255;2023-06-15 00:00:00;PM MATIAS CARDOSO;25.209.115/0001-11;1301;SEINFRA;SECRETARIA DE ESTADO DE INFRAESTRUTURA, MOBILIDADE E PARCERIAS;42;AUXILIOS;1;AUXILIOS;15;RECURSOS ORDINARIOS - OUTROS RECURSOS NAO VINCULADOS;300000,0;300000,0;300000,0
9388999;713;2023-06-15 00:00:00;PM UBAPORANGA;66.229.717/0001-18;1261;SEE;SECRETARIA DE ESTADO DE EDUCACAO;42;AUXILIOS;1;AUXILIOS;10;RECURSOS ORDINARIOS - RECURSOS NAO VINCULADOS DE IMPOSTOS;1708000,0;1708000,0;1708000,0
9389000;254;2023-06-15 00:00:00;PM NOVA BELEM;01.613.169/0001-80;1301;SEINFRA;SECRETARIA DE ESTADO DE INFRAESTRUTURA, MOBILIDADE E PARCERIAS;42;AUXILIOS;1;AUXILIOS;15;RECURSOS ORDINARIOS - OUTROS RECURSOS NAO VINCULADOS;500000,0;500000,0;500000,0
9389001;714;2023-06-15 00:00:00;PM SANTA RITA DE MINAS;66.229.584/0001-80;1261;SEE;SECRETARIA DE ESTADO DE EDUCACAO;42;AUXILIOS;1;AUXILIOS;10;RECURSOS ORDINARIOS - RECURSOS NAO VINCULADOS DE IMPOSTOS;854000,0;854000,0;854000,0
9389002;715;2023-06-15 00:00:00;PM UMBURATIBA;18.404.996/0001-66;1261;SEE;SECRETARIA DE ESTADO DE EDUCACAO;42;AUXILIOS;1;AUXILIOS;10;RECURSOS ORDINARIOS - RECURSOS NAO VINCULADOS DE IMPOSTOS;514000,0;514000,0;514000,0
9389003;253;2023-06-15 00:00:00;PM ATALEIA;16.971.376/0001-83;1301;SEINFRA;SECRETARIA DE ESTADO DE INFRAESTRUTURA, MOBILIDADE E PARCERIAS;42;AUXILIOS;1;AUXILIOS;15;RECURSOS ORDINARIOS - OUTROS RECURSOS NAO VINCULADOS;500000,0;500000,0;500000,0
9389017;716;2023-06-15 00:00:00;PM CIPOTANEA;18.094.805/0001-07;1261;SEE;SECRETARIA DE ESTADO DE EDUCACAO;42;AUXILIOS;1;AUXILIOS;10;RECURSOS ORDINARIOS - RECURSOS NAO VINCULADOS DE IMPOSTOS;427000,0;427000,0;427000,0
9389019;717;2023-06-15 00:00:00;PM PONTO DOS VOLANTES;01.613.377/0001-89;1261;SEE;SECRETARIA DE ESTADO DE EDUCACAO;42;AUXILIOS;1;AUXILIOS;10;RECURSOS ORDINARIOS - RECURSOS NAO VINCULADOS DE IMPOSTOS;318000,0;318000,0;318000,0
9389020;718;2023-06-15 00:00:00;PM CANTAGALO;01.617.441/0001-08;1261;SEE;SECRETARIA DE ESTADO DE EDUCACAO;42;AUXILIOS;1;AUXILIOS;10;RECURSOS ORDINARIOS - RECURSOS NAO VINCULADOS DE IMPOSTOS;1490000,0;1490000,0;1490000,0
9389021;425;2023-06-14 00:00:00;PM JEQUITINHONHA;18.083.659/0001-14;1271;SECULT;SECRETARIA DE ESTADO DE CULTURA E TURISMO;41;CONTRIBUICOES;1;CONTRIBUICOES;10;RECURSOS ORDINARIOS - RECURSOS NAO VINCULADOS DE IMPOSTOS;100000,0;100000,0;100000,0
9389022;719;2023-06-15 00:00:00;PM CARMO DA CACHOEIRA;18.240.135/0001-90;1261;SEE;SECRETARIA DE ESTADO DE EDUCACAO;42;AUXILIOS;1;AUXILIOS;10;RECURSOS ORDINARIOS - RECURSOS NAO VINCULADOS DE IMPOSTOS;854000,0;854000,0;854000,0
9389024;377;2023-06-23 00:00:00;PM SAO FELIX DE MINAS;01.613.121/0001-71;1371;SEMAD;SECRETARIA DE ESTADO DE MEIO AMBIENTE E DESENVOLVIMENTO SUSTENTAVEL;41;CONTRIBUICOES;1;CONTRIBUICOES;15;RECURSOS ORDINARIOS - OUTROS RECURSOS NAO VINCULADOS;600000,0;600000,0;600000,0
9389025;452;2023-07-18 00:00:00;EXPRESSAO LIVRE;05.950.556/0001-62;1271;SECULT;SECRETARIA DE ESTADO DE CULTURA E TURISMO;42;AUXILIOS;1;AUXILIOS;10;RECURSOS ORDINARIOS - RECURSOS NAO VINCULADOS DE IMPOSTOS;90000,0;90000,0;90000,0
9389027;257;2023-06-15 00:00:00;PM MATO VERDE;17.782.616/0001-64;1301;SEINFRA;SECRETARIA DE ESTADO DE INFRAESTRUTURA, MOBILIDADE E PARCERIAS;42;AUXILIOS;1;AUXILIOS;15;RECURSOS ORDINARIOS - OUTROS RECURSOS NAO VINCULADOS;1000000,0;1000000,0;1000000,0
9389038;12;2023-06-14 00:00:00;ESQUADRAO DA VIDA DE MONTES CLAROS;25.224.130/0001-39;1491;SEGOV;SECRETARIA DE ESTADO DE GOVERNO;42;AUXILIOS;1;AUXILIOS;10;RECURSOS ORDINARIOS - RECURSOS NAO VINCULADOS DE IMPOSTOS;90000,0;90000,0;90000,0
9389039;13;2023-06-14 00:00:00;CRECHE CANTINHO DA SOLIDARIEDADE;05.265.884/0001-20;1491;SEGOV;SECRETARIA DE ESTADO DE GOVERNO;42;AUXILIOS;1;AUXILIOS;10;RECURSOS ORDINARIOS - RECURSOS NAO VINCULADOS DE IMPOSTOS;100000,0;100000,0;100000,0
9389040;11;2023-06-14 00:00:00;CIDADE REFUGIO PARA O DESENVOLVIMENTO HUMANO E SOCIAL;04.849.206/0002-22;1491;SEGOV;SECRETARIA DE ESTADO DE GOVERNO;42;AUXILIOS;1;AUXILIOS;10;RECURSOS ORDINARIOS - RECURSOS NAO VINCULADOS DE IMPOSTOS;117492,0;117492,0;117492,0
9389042;10;2023-06-14 00:00:00;INSTITUTO BRASILEIRO DE DESENVOLVIMENTO SOCIAL DE MINAS GERAIS;01.834.744/0001-74;1491;SEGOV;SECRETARIA DE ESTADO DE GOVERNO;42;AUXILIOS;1;AUXILIOS;10;RECURSOS ORDINARIOS - RECURSOS NAO VINCULADOS DE IMPOSTOS;88623,86;88623,86;88623,86
9389044;2083;2023-06-14 00:00:00;PM CRISTINA;18.188.250/0001-62;1491;SEGOV;SECRETARIA DE ESTADO DE GOVERNO;42;AUXILIOS;1;AUXILIOS;15;RECURSOS ORDINARIOS - OUTROS RECURSOS NAO VINCULADOS;88180,7;88180,7;88180,7
9389045;2081;2023-06-14 00:00:00;PM CUPARAQUE;01.615.422/0001-34;1491;SEGOV;SECRETARIA DE ESTADO DE GOVERNO;42;AUXILIOS;1;AUXILIOS;15;RECURSOS ORDINARIOS - OUTROS RECURSOS NAO VINCULADOS;500000,0;500000,0;500000,0
9389047;2080;2023-06-14 00:00:00;PM NOVA BELEM;01.613.169/0001-80;1491;SEGOV;SECRETARIA DE ESTADO DE GOVERNO;42;AUXILIOS;1;AUXILIOS;15;RECURSOS ORDINARIOS - OUTROS RECURSOS NAO VINCULADOS;1487954,48;743977,24;743977,24
9389050;2082;2023-06-14 00:00:00;PM CAMPOS ALTOS;18.298.190/0001-30;1491;SEGOV;SECRETARIA DE ESTADO DE GOVERNO;42;AUXILIOS;1;AUXILIOS;15;RECURSOS ORDINARIOS - OUTROS RECURSOS NAO VINCULADOS;116317,0;116317,0;116317,0
9389051;2084;2023-06-14 00:00:00;PM BOM JESUS DO GALHO;18.334.276/0001-71;1491;SEGOV;SECRETARIA DE ESTADO DE GOVERNO;42;AUXILIOS;1;AUXILIOS;15;RECURSOS ORDINARIOS - OUTROS RECURSOS NAO VINCULADOS;87737,63;87737,63;87737,63
9389068;266;2023-06-19 00:00:00;PM SANTA VITORIA;18.457.226/0001-81;1301;SEINFRA;SECRETARIA DE ESTADO DE INFRAESTRUTURA, MOBILIDADE E PARCERIAS;42;AUXILIOS;1;AUXILIOS;15;RECURSOS ORDINARIOS - OUTROS RECURSOS NAO VINCULADOS;300000,0;300000,0;300000,0
9389069;17;2023-06-15 00:00:00;CENTRO DE EQUOTERAPIA ANIMAL AMIGO;20.284.252/0001-05;1491;SEGOV;SECRETARIA DE ESTADO DE GOVERNO;42;AUXILIOS;1;AUXILIOS;10;RECURSOS ORDINARIOS - RECURSOS NAO VINCULADOS DE IMPOSTOS;177247,72;177247,72;177247,72
9389070;160;2023-06-27 00:00:00;ASSOC. COM. DA BENCAO DE DEUS;23.850.928/0001-60;1231;SEAPA;SECRETARIA DE ESTADO DE AGRICULTURA, PECUARIA E ABASTECIMENTO - SEAPA;41;CONTRIBUICOES;1;CONTRIBUICOES;10;RECURSOS ORDINARIOS - RECURSOS NAO VINCULADOS DE IMPOSTOS;500000,0;500000,0;500000,0
9389071;15;2023-06-15 00:00:00;ASSOCIACAO DOS MORADORES DO BAIRRO BATINGA;06.035.937/0001-89;1491;SEGOV;SECRETARIA DE ESTADO DE GOVERNO;42;AUXILIOS;1;AUXILIOS;10;RECURSOS ORDINARIOS - RECURSOS NAO VINCULADOS DE IMPOSTOS;135260,0;135260,0;135260,0
9389072;18;2023-06-15 00:00:00;ASSOCIACAO DE PAIS E AMIGOS DOS EXCEPCIONAIS;02.469.191/0001-60;1491;SEGOV;SECRETARIA DE ESTADO DE GOVERNO;42;AUXILIOS;1;AUXILIOS;10;RECURSOS ORDINARIOS - RECURSOS NAO VINCULADOS DE IMPOSTOS;341622,7;341622,7;341622,7
9389073;20;2023-06-15 00:00:00;ASSOCIACAO DE RESGATE DA DIGNIDADE HUMANA PROVIDENCIA DIVINA;22.643.399/0001-61;1491;SEGOV;SECRETARIA DE ESTADO DE GOVERNO;42;AUXILIOS;1;AUXILIOS;10;RECURSOS ORDINARIOS - RECURSOS NAO VINCULADOS DE IMPOSTOS;117492,0;117492,0;117492,0
9389074;183;2023-06-28 00:00:00;INSTITUTO DE INCENTIVO A EXTRACAO ROSALVA CALDEIRA OLIVEIRA;16.698.124/0001-22;1231;SEAPA;SECRETARIA DE ESTADO DE AGRICULTURA, PECUARIA E ABASTECIMENTO - SEAPA;41;CONTRIBUICOES;1;CONTRIBUICOES;10;RECURSOS ORDINARIOS - RECURSOS NAO VINCULADOS DE IMPOSTOS;88623,86;88623,86;88623,86
9389075;19;2023-06-15 00:00:00;INSTITUTO DE EQUITACAO E EQUOTERAPIA GILEADE;21.054.679/0001-71;1491;SEGOV;SECRETARIA DE ESTADO DE GOVERNO;42;AUXILIOS;1;AUXILIOS;10;RECURSOS ORDINARIOS - RECURSOS NAO VINCULADOS DE IMPOSTOS;149973,33;149973,33;149973,33
9389076;161;2023-06-27 00:00:00;SINDICATO RURAL DE NOVA PONTE;22.229.074/0001-37;1231;SEAPA;SECRETARIA DE ESTADO DE AGRICULTURA, PECUARIA E ABASTECIMENTO - SEAPA;41;CONTRIBUICOES;1;CONTRIBUICOES;10;RECURSOS ORDINARIOS - RECURSOS NAO VINCULADOS DE IMPOSTOS;249968,32;249968,32;249968,32
9389077;16;2023-06-15 00:00:00;APAE UBERLANDIA;17.789.991/0001-36;1491;SEGOV;SECRETARIA DE ESTADO DE GOVERNO;42;AUXILIOS;1;AUXILIOS;10;RECURSOS ORDINARIOS - RECURSOS NAO VINCULADOS DE IMPOSTOS;0,0;0,0;0,0
9389077;88;2023-07-13 00:00:00;APAE UBERLANDIA;17.789.991/0001-36;1491;SEGOV;SECRETARIA DE ESTADO DE GOVERNO;42;AUXILIOS;1;AUXILIOS;10;RECURSOS ORDINARIOS - RECURSOS NAO VINCULADOS DE IMPOSTOS;171032,9;171032,9;171032,9
9389078;14;2023-06-15 00:00:00;ASSOCIACAO FILANTROPICA GABRIEL DA SILVA CARNEIRO;23.161.088/0001-29;1491;SEGOV;SECRETARIA DE ESTADO DE GOVERNO;42;AUXILIOS;1;AUXILIOS;10;RECURSOS ORDINARIOS - RECURSOS NAO VINCULADOS DE IMPOSTOS;132310,0;132310,0;132310,0
9389079;2085;2023-06-15 00:00:00;PM IPABA;66.229.543/0001-93;1491;SEGOV;SECRETARIA DE ESTADO DE GOVERNO;42;AUXILIOS;1;AUXILIOS;15;RECURSOS ORDINARIOS - OUTROS RECURSOS NAO VINCULADOS;87737,62;87737,62;87737,62
9389081;184;2023-06-28 00:00:00;ASSOC DE PEQ PRODUTORES RURAIS DA COMUNIDADE DE LARGA;01.017.885/0001-02;1231;SEAPA;SECRETARIA DE ESTADO DE AGRICULTURA, PECUARIA E ABASTECIMENTO - SEAPA;41;CONTRIBUICOES;1;CONTRIBUICOES;10;RECURSOS ORDINARIOS - RECURSOS NAO VINCULADOS DE IMPOSTOS;88623,86;88623,86;88623,86
9389082;162;2023-06-27 00:00:00;SINDICATO RURAL DE ARCOS;16.780.355/0001-80;1231;SEAPA;SECRETARIA DE ESTADO DE AGRICULTURA, PECUARIA E ABASTECIMENTO - SEAPA;41;CONTRIBUICOES;1;CONTRIBUICOES;10;RECURSOS ORDINARIOS - RECURSOS NAO VINCULADOS DE IMPOSTOS;199989,62;199989,62;199989,62
9389083;163;2023-06-27 00:00:00;PM CHACARA;18.338.137/0001-16;1231;SEAPA;SECRETARIA DE ESTADO DE AGRICULTURA, PECUARIA E ABASTECIMENTO - SEAPA;41;CONTRIBUICOES;1;CONTRIBUICOES;15;RECURSOS ORDINARIOS - OUTROS RECURSOS NAO VINCULADOS;700000,0;700000,0;700000,0
9389084;168;2023-06-28 00:00:00;PM CARMESIA;18.303.172/0001-08;1231;SEAPA;SECRETARIA DE ESTADO DE AGRICULTURA, PECUARIA E ABASTECIMENTO - SEAPA;41;CONTRIBUICOES;1;CONTRIBUICOES;15;RECURSOS ORDINARIOS - OUTROS RECURSOS NAO VINCULADOS;233809,0;233809,0;233809,0
9389085;169;2023-06-28 00:00:00;PM FRANCISCO DUMONT;16.885.485/0001-88;1231;SEAPA;SECRETARIA DE ESTADO DE AGRICULTURA, PECUARIA E ABASTECIMENTO - SEAPA;41;CONTRIBUICOES;1;CONTRIBUICOES;15;RECURSOS ORDINARIOS - OUTROS RECURSOS NAO VINCULADOS;230000,0;230000,0;230000,0
9389086;382;2023-06-28 00:00:00;PM SAO FELIX DE MINAS;01.613.121/0001-71;1371;SEMAD;SECRETARIA DE ESTADO DE MEIO AMBIENTE E DESENVOLVIMENTO SUSTENTAVEL;41;CONTRIBUICOES;1;CONTRIBUICOES;15;RECURSOS ORDINARIOS - OUTROS RECURSOS NAO VINCULADOS;400000,0;400000,0;400000,0
9389088;170;2023-06-28 00:00:00;PM BRAZOPOLIS;18.025.890/0001-51;1231;SEAPA;SECRETARIA DE ESTADO DE AGRICULTURA, PECUARIA E ABASTECIMENTO - SEAPA;41;CONTRIBUICOES;1;CONTRIBUICOES;15;RECURSOS ORDINARIOS - OUTROS RECURSOS NAO VINCULADOS;550000,0;550000,0;550000,0
9389090;171;2023-06-28 00:00:00;PM BOM SUCESSO;18.244.368/0001-60;1231;SEAPA;SECRETARIA DE ESTADO DE AGRICULTURA, PECUARIA E ABASTECIMENTO - SEAPA;41;CONTRIBUICOES;1;CONTRIBUICOES;15;RECURSOS ORDINARIOS - OUTROS RECURSOS NAO VINCULADOS;1408546,67;1408546,67;1408546,67
9389091;406;2023-07-20 00:00:00;PM CAPARAO;18.114.249/0001-93;1371;SEMAD;SECRETARIA DE ESTADO DE MEIO AMBIENTE E DESENVOLVIMENTO SUSTENTAVEL;41;CONTRIBUICOES;1;CONTRIBUICOES;15;RECURSOS ORDINARIOS - OUTROS RECURSOS NAO VINCULADOS;550000,0;550000,0;550000,0
9389092;258;2023-06-16 00:00:00;PM MIRABELA;18.017.376/0001-74;1301;SEINFRA;SECRETARIA DE ESTADO DE INFRAESTRUTURA, MOBILIDADE E PARCERIAS;42;AUXILIOS;1;AUXILIOS;15;RECURSOS ORDINARIOS - OUTROS RECURSOS NAO VINCULADOS;300000,0;300000,0;300000,0
9389095;798;2023-07-20 00:00:00;PM SANTANA DO JACARE;17.888.116/0001-01;1261;SEE;SECRETARIA DE ESTADO DE EDUCACAO;42;AUXILIOS;1;AUXILIOS;10;RECURSOS ORDINARIOS - RECURSOS NAO VINCULADOS DE IMPOSTOS;318000,0;318000,0;318000,0
9389101;402;2023-07-17 00:00:00;CARITAS DIOCESANA DE LEOPOLDINA;04.829.428/0001-00;1371;SEMAD;SECRETARIA DE ESTADO DE MEIO AMBIENTE E DESENVOLVIMENTO SUSTENTAVEL;41;CONTRIBUICOES;1;CONTRIBUICOES;10;RECURSOS ORDINARIOS - RECURSOS NAO VINCULADOS DE IMPOSTOS;90000,0;90000,0;90000,0
9389102;404;2023-07-17 00:00:00;COOP. MISTA TRAB. E PROD. COLETA SEL, REAP. REC. LIXO AGUAPE;08.727.960/0001-60;1371;SEMAD;SECRETARIA DE ESTADO DE MEIO AMBIENTE E DESENVOLVIMENTO SUSTENTAVEL;41;CONTRIBUICOES;1;CONTRIBUICOES;10;RECURSOS ORDINARIOS - RECURSOS NAO VINCULADOS DE IMPOSTOS;88623,86;88623,86;88623,86
9389103;22;2023-06-16 00:00:00;ASSOCIACAO EVANGELICA BENEFICIENTE RESGATANDO VIDAS POR AMOR;09.040.652/0001-24;1491;SEGOV;SECRETARIA DE ESTADO DE GOVERNO;42;AUXILIOS;1;AUXILIOS;10;RECURSOS ORDINARIOS - RECURSOS NAO VINCULADOS DE IMPOSTOS;132310,0;132310,0;132310,0
9389104;25;2023-06-16 00:00:00;CENTRAL VEREDAS;10.898.572/0001-93;1491;SEGOV;SECRETARIA DE ESTADO DE GOVERNO;42;AUXILIOS;1;AUXILIOS;10;RECURSOS ORDINARIOS - RECURSOS NAO VINCULADOS DE IMPOSTOS;132310,0;132310,0;132310,0
9389105;23;2023-06-16 00:00:00;INSTITUTO BRASILEIRO DE DESENVOLVIMENTO SOCIAL DE MINAS GERAIS;01.834.744/0001-74;1491;SEGOV;SECRETARIA DE ESTADO DE GOVERNO;42;AUXILIOS;1;AUXILIOS;10;RECURSOS ORDINARIOS - RECURSOS NAO VINCULADOS DE IMPOSTOS;88900,57;88900,57;88900,57
9389106;403;2023-07-17 00:00:00;ASSOCIACAO LIXO CERTO - ALICER;20.975.227/0001-60;1371;SEMAD;SECRETARIA DE ESTADO DE MEIO AMBIENTE E DESENVOLVIMENTO SUSTENTAVEL;41;CONTRIBUICOES;1;CONTRIBUICOES;10;RECURSOS ORDINARIOS - RECURSOS NAO VINCULADOS DE IMPOSTOS;200000,0;200000,0;200000,0
9389107;21;2023-06-16 00:00:00;ASSOCIACAO CURVELANA DOS CATADORES DE RECICLAVEIS - CURVELO;05.429.731/0001-70;1491;SEGOV;SECRETARIA DE ESTADO DE GOVERNO;42;AUXILIOS;1;AUXILIOS;10;RECURSOS ORDINARIOS - RECURSOS NAO VINCULADOS DE IMPOSTOS;100000,0;100000,0;100000,0
9389109;24;2023-06-16 00:00:00;ASSOCIACAO COMUNITARIA BELA VISTA;26.218.222/0001-79;1491;SEGOV;SECRETARIA DE ESTADO DE GOVERNO;42;AUXILIOS;1;AUXILIOS;10;RECURSOS ORDINARIOS - RECURSOS NAO VINCULADOS DE IMPOSTOS;100000,0;100000,0;100000,0
9389110;26;2023-06-16 00:00:00;ASSOCIACAO NANUQUENSE DAS PESSOAS COM DEFICIENCIAS;02.203.441/0001-16;1491;SEGOV;SECRETARIA DE ESTADO DE GOVERNO;42;AUXILIOS;1;AUXILIOS;10;RECURSOS ORDINARIOS - RECURSOS NAO VINCULADOS DE IMPOSTOS;88623,86;88623,86;88623,86
9389111;2086;2023-06-16 00:00:00;PM MONTES CLAROS;22.678.874/0001-35;1491;SEGOV;SECRETARIA DE ESTADO DE GOVERNO;42;AUXILIOS;1;AUXILIOS;15;RECURSOS ORDINARIOS - OUTROS RECURSOS NAO VINCULADOS;525000,0;525000,0;525000,0
9389112;2087;2023-06-16 00:00:00;PM SANTO ANTONIO DO MONTE;16.870.974/0001-66;1491;SEGOV;SECRETARIA DE ESTADO DE GOVERNO;42;AUXILIOS;1;AUXILIOS;15;RECURSOS ORDINARIOS - OUTROS RECURSOS NAO VINCULADOS;87723,86;87723,86;87723,86
9389117;190;2023-06-28 00:00:00;ASSOCIACAO QUILOMBOLA ESPERANCA DA COMUNIDADE DO PEGA;09.021.430/0001-64;1231;SEAPA;SECRETARIA DE ESTADO DE AGRICULTURA, PECUARIA E ABASTECIMENTO - SEAPA;41;CONTRIBUICOES;1;CONTRIBUICOES;10;RECURSOS ORDINARIOS - RECURSOS NAO VINCULADOS DE IMPOSTOS;117492,0;117492,0;117492,0
9389118;172;2023-06-28 00:00:00;SINDICATO RURAL DE GURINHATA;19.938.273/0001-00;1231;SEAPA;SECRETARIA DE ESTADO DE AGRICULTURA, PECUARIA E ABASTECIMENTO - SEAPA;41;CONTRIBUICOES;1;CONTRIBUICOES;10;RECURSOS ORDINARIOS - RECURSOS NAO VINCULADOS DE IMPOSTOS;350000,0;350000,0;350000,0
9389119;3;2023-06-16 00:00:00;CARITAS BRASILEIRA;33.654.419/0008-92;1481;SEDESE;SECRETARIA DE ESTADO DE DESENVOLVIMENTO SOCIAL;43;SUBVENCOES SOCIAIS;1;SUBVENCOES SOCIAIS;10;RECURSOS ORDINARIOS - RECURSOS NAO VINCULADOS DE IMPOSTOS;100000,0;100000,0;100000,0
9389121;261;2023-06-16 00:00:00;PM SANTANA DOS MONTES;19.718.394/0001-46;1301;SEINFRA;SECRETARIA DE ESTADO DE INFRAESTRUTURA, MOBILIDADE E PARCERIAS;42;AUXILIOS;1;AUXILIOS;15;RECURSOS ORDINARIOS - OUTROS RECURSOS NAO VINCULADOS;700000,0;700000,0;700000,0
9389125;173;2023-06-28 00:00:00;ASSOCIACAO DOS PEQUENOS PRODUTORES DE CARACOL E REGIAO;02.758.154/0001-72;1231;SEAPA;SECRETARIA DE ESTADO DE AGRICULTURA, PECUARIA E ABASTECIMENTO - SEAPA;41;CONTRIBUICOES;1;CONTRIBUICOES;10;RECURSOS ORDINARIOS - RECURSOS NAO VINCULADOS DE IMPOSTOS;98423,32;98423,32;98423,32
9389130;174;2023-06-28 00:00:00;CODEANM - CONSELHO DE DESENVOLVIMENTO DA APICULTURA NORTE MINEIRA;29.810.763/0001-80;1231;SEAPA;SECRETARIA DE ESTADO DE AGRICULTURA, PECUARIA E ABASTECIMENTO - SEAPA;41;CONTRIBUICOES;1;CONTRIBUICOES;10;RECURSOS ORDINARIOS - RECURSOS NAO VINCULADOS DE IMPOSTOS;90000,0;90000,0;90000,0
9389134;175;2023-06-28 00:00:00;ASSOC. DE PEQUENOS PRODUTORES RURAIS CRUZEIRO DA PRATA;20.734.364/0001-02;1231;SEAPA;SECRETARIA DE ESTADO DE AGRICULTURA, PECUARIA E ABASTECIMENTO - SEAPA;41;CONTRIBUICOES;1;CONTRIBUICOES;10;RECURSOS ORDINARIOS - RECURSOS NAO VINCULADOS DE IMPOSTOS;180000,0;180000,0;180000,0
9389141;191;2023-06-28 00:00:00;ASSOCIACAO DOS PRODUTORES RURAIS DA REGIAO DO CANGUCU;02.364.155/0001-32;1231;SEAPA;SECRETARIA DE ESTADO DE AGRICULTURA, PECUARIA E ABASTECIMENTO - SEAPA;41;CONTRIBUICOES;1;CONTRIBUICOES;10;RECURSOS ORDINARIOS - RECURSOS NAO VINCULADOS DE IMPOSTOS;300000,0;300000,0;300000,0
9389142;192;2023-06-28 00:00:00;ASSOCIACAO COMUNITARIA AMIGOS DE MASSAMBARA;26.119.313/0001-57;1231;SEAPA;SECRETARIA DE ESTADO DE AGRICULTURA, PECUARIA E ABASTECIMENTO - SEAPA;41;CONTRIBUICOES;1;CONTRIBUICOES;10;RECURSOS ORDINARIOS - RECURSOS NAO VINCULADOS DE IMPOSTOS;90000,0;90000,0;90000,0
9389144;176;2023-06-28 00:00:00;ASSOCIACAO COM.MORADORES POVOADO BURITIZEIRO;10.616.026/0001-12;1231;SEAPA;SECRETARIA DE ESTADO DE AGRICULTURA, PECUARIA E ABASTECIMENTO - SEAPA;41;CONTRIBUICOES;1;CONTRIBUICOES;10;RECURSOS ORDINARIOS - RECURSOS NAO VINCULADOS DE IMPOSTOS;300000,0;300000,0;300000,0
9389147;177;2023-06-28 00:00:00;ASSOCIACAO DOS AGRICULTORES FAMILIARES DO MUNICIPIO DE SIMONESIA;05.453.827/0001-74;1231;SEAPA;SECRETARIA DE ESTADO DE AGRICULTURA, PECUARIA E ABASTECIMENTO - SEAPA;41;CONTRIBUICOES;1;CONTRIBUICOES;10;RECURSOS ORDINARIOS - RECURSOS NAO VINCULADOS DE IMPOSTOS;117492,0;117492,0;117492,0
9389148;262;2023-06-16 00:00:00;PM JACUI;18.186.056/0001-48;1301;SEINFRA;SECRETARIA DE ESTADO DE INFRAESTRUTURA, MOBILIDADE E PARCERIAS;42;AUXILIOS;1;AUXILIOS;15;RECURSOS ORDINARIOS - OUTROS RECURSOS NAO VINCULADOS;500000,0;500000,0;500000,0
9389149;178;2023-06-28 00:00:00;ASSOCIACAO QUILOMBOLA DE POCOES;08.133.641/0001-26;1231;SEAPA;SECRETARIA DE ESTADO DE AGRICULTURA, PECUARIA E ABASTECIMENTO - SEAPA;41;CONTRIBUICOES;1;CONTRIBUICOES;10;RECURSOS ORDINARIOS - RECURSOS NAO VINCULADOS DE IMPOSTOS;117492,0;117492,0;117492,0
9389154;179;2023-06-28 00:00:00;ASSOCIACAO DOS AGRICULTORES E AGRICULTORAS FAMILIARES DOS MU;08.111.377/0001-20;1231;SEAPA;SECRETARIA DE ESTADO DE AGRICULTURA, PECUARIA E ABASTECIMENTO - SEAPA;41;CONTRIBUICOES;1;CONTRIBUICOES;10;RECURSOS ORDINARIOS - RECURSOS NAO VINCULADOS DE IMPOSTOS;128000,0;128000,0;128000,0
9389155;180;2023-06-28 00:00:00;SINDICATO DOS TRABALHADORES RURAIS DE VIRGEM DA LAPA;18.353.664/0001-08;1231;SEAPA;SECRETARIA DE ESTADO DE AGRICULTURA, PECUARIA E ABASTECIMENTO - SEAPA;41;CONTRIBUICOES;1;CONTRIBUICOES;10;RECURSOS ORDINARIOS - RECURSOS NAO VINCULADOS DE IMPOSTOS;117492,0;117492,0;117492,0
9389156;181;2023-06-28 00:00:00;ASSOCIACAO ESTADUAL DA AGRICULTURA FAMILIAR;00.864.461/0001-02;1231;SEAPA;SECRETARIA DE ESTADO DE AGRICULTURA, PECUARIA E ABASTECIMENTO - SEAPA;41;CONTRIBUICOES;1;CONTRIBUICOES;10;RECURSOS ORDINARIOS - RECURSOS NAO VINCULADOS DE IMPOSTOS;100000,0;100000,0;100000,0
9389157;193;2023-06-28 00:00:00;ASSOCIACAO DOS TRABALHADORES RURAIS DE SAO MATEUS E REGIAO;11.283.142/0001-20;1231;SEAPA;SECRETARIA DE ESTADO DE AGRICULTURA, PECUARIA E ABASTECIMENTO - SEAPA;41;CONTRIBUICOES;1;CONTRIBUICOES;10;RECURSOS ORDINARIOS - RECURSOS NAO VINCULADOS DE IMPOSTOS;90000,0;90000,0;90000,0
9389158;182;2023-06-28 00:00:00;ASSOCIACAO COMUNITARIA E DE PRODUTORES RURAIS DO AMORINS;10.644.908/0001-91;1231;SEAPA;SECRETARIA DE ESTADO DE AGRICULTURA, PECUARIA E ABASTECIMENTO - SEAPA;41;CONTRIBUICOES;1;CONTRIBUICOES;10;RECURSOS ORDINARIOS - RECURSOS NAO VINCULADOS DE IMPOSTOS;117492,0;117492,0;117492,0
9389169;2088;2023-06-19 00:00:00;PM LUISLANDIA;01.612.887/0001-31;1491;SEGOV;SECRETARIA DE ESTADO DE GOVERNO;42;AUXILIOS;1;AUXILIOS;15;RECURSOS ORDINARIOS - OUTROS RECURSOS NAO VINCULADOS;116317,08;116317,08;116317,08
9389170;2089;2023-06-19 00:00:00;PM SANTA RITA DO SAPUCAI;18.192.898/0001-02;1491;SEGOV;SECRETARIA DE ESTADO DE GOVERNO;42;AUXILIOS;1;AUXILIOS;15;RECURSOS ORDINARIOS - OUTROS RECURSOS NAO VINCULADOS;131648,0;131648,0;131648,0
9389171;27;2023-06-19 00:00:00;CENTRO FEMININO DE LONGA PERMANENCIA;16.923.245/0001-20;1491;SEGOV;SECRETARIA DE ESTADO DE GOVERNO;42;AUXILIOS;1;AUXILIOS;10;RECURSOS ORDINARIOS - RECURSOS NAO VINCULADOS DE IMPOSTOS;88623,86;88623,86;88623,86
9389172;722;2023-06-21 00:00:00;PM GOVERNADOR VALADARES;20.622.890/0001-80;1261;SEE;SECRETARIA DE ESTADO DE EDUCACAO;42;AUXILIOS;1;AUXILIOS;10;RECURSOS ORDINARIOS - RECURSOS NAO VINCULADOS DE IMPOSTOS;2188245,41;2188245,41;0,0
9389173;723;2023-06-21 00:00:00;PM MINAS NOVAS;22.516.405/0001-10;1261;SEE;SECRETARIA DE ESTADO DE EDUCACAO;42;AUXILIOS;1;AUXILIOS;10;RECURSOS ORDINARIOS - RECURSOS NAO VINCULADOS DE IMPOSTOS;501166,67;501166,67;501166,67
9389174;724;2023-06-21 00:00:00;PM CORREGO DO BOM JESUS;18.677.633/0001-02;1261;SEE;SECRETARIA DE ESTADO DE EDUCACAO;42;AUXILIOS;1;AUXILIOS;10;RECURSOS ORDINARIOS - RECURSOS NAO VINCULADOS DE IMPOSTOS;514000,0;514000,0;514000,0
9389175;725;2023-06-21 00:00:00;PM TEIXEIRAS;18.134.056/0001-02;1261;SEE;SECRETARIA DE ESTADO DE EDUCACAO;42;AUXILIOS;1;AUXILIOS;10;RECURSOS ORDINARIOS - RECURSOS NAO VINCULADOS DE IMPOSTOS;514000,0;514000,0;514000,0
9389176;726;2023-06-21 00:00:00;PM LAGOA FORMOSA;18.602.078/0001-41;1261;SEE;SECRETARIA DE ESTADO DE EDUCACAO;42;AUXILIOS;1;AUXILIOS;10;RECURSOS ORDINARIOS - RECURSOS NAO VINCULADOS DE IMPOSTOS;318000,0;318000,0;318000,0
9389177;727;2023-06-21 00:00:00;PM ESTRELA DO SUL;18.592.162/0001-21;1261;SEE;SECRETARIA DE ESTADO DE EDUCACAO;42;AUXILIOS;1;AUXILIOS;10;RECURSOS ORDINARIOS - RECURSOS NAO VINCULADOS DE IMPOSTOS;427000,0;427000,0;427000,0
9389178;728;2023-06-21 00:00:00;PM CLARAVAL;17.894.056/0001-30;1261;SEE;SECRETARIA DE ESTADO DE EDUCACAO;42;AUXILIOS;1;AUXILIOS;10;RECURSOS ORDINARIOS - RECURSOS NAO VINCULADOS DE IMPOSTOS;924561,0;924561,0;924561,0
9389179;729;2023-06-21 00:00:00;PM BUENO BRANDAO;18.940.098/0001-22;1261;SEE;SECRETARIA DE ESTADO DE EDUCACAO;42;AUXILIOS;1;AUXILIOS;10;RECURSOS ORDINARIOS - RECURSOS NAO VINCULADOS DE IMPOSTOS;1599000,0;1599000,0;1599000,0
9389180;730;2023-06-21 00:00:00;PM PARACATU;18.278.051/0001-45;1261;SEE;SECRETARIA DE ESTADO DE EDUCACAO;42;AUXILIOS;1;AUXILIOS;10;RECURSOS ORDINARIOS - RECURSOS NAO VINCULADOS DE IMPOSTOS;318000,0;318000,0;318000,0
9389181;731;2023-06-21 00:00:00;PM PRATAPOLIS;18.241.356/0001-82;1261;SEE;SECRETARIA DE ESTADO DE EDUCACAO;42;AUXILIOS;1;AUXILIOS;10;RECURSOS ORDINARIOS - RECURSOS NAO VINCULADOS DE IMPOSTOS;318000,0;318000,0;318000,0
9389182;732;2023-06-21 00:00:00;PM ALVARENGA;19.770.288/0001-01;1261;SEE;SECRETARIA DE ESTADO DE EDUCACAO;42;AUXILIOS;1;AUXILIOS;10;RECURSOS ORDINARIOS - RECURSOS NAO VINCULADOS DE IMPOSTOS;514000,0;514000,0;514000,0
9389184;185;2023-06-28 00:00:00;CARITAS DIOCESANA DE LEOPOLDINA;04.829.428/0001-00;1231;SEAPA;SECRETARIA DE ESTADO DE AGRICULTURA, PECUARIA E ABASTECIMENTO - SEAPA;41;CONTRIBUICOES;1;CONTRIBUICOES;10;RECURSOS ORDINARIOS - RECURSOS NAO VINCULADOS DE IMPOSTOS;117492,0;117492,0;117492,0
9389187;186;2023-06-28 00:00:00;SINDICATO RURAL DE SAO SEBASTIAO DO PARAISO;24.902.371/0001-27;1231;SEAPA;SECRETARIA DE ESTADO DE AGRICULTURA, PECUARIA E ABASTECIMENTO - SEAPA;41;CONTRIBUICOES;1;CONTRIBUICOES;10;RECURSOS ORDINARIOS - RECURSOS NAO VINCULADOS DE IMPOSTOS;100000,0;100000,0;100000,0
9389188;187;2023-06-28 00:00:00;ASSOCIACAO COMUNITARIA DE ITAMIRIM;25.210.402/0001-41;1231;SEAPA;SECRETARIA DE ESTADO DE AGRICULTURA, PECUARIA E ABASTECIMENTO - SEAPA;41;CONTRIBUICOES;1;CONTRIBUICOES;10;RECURSOS ORDINARIOS - RECURSOS NAO VINCULADOS DE IMPOSTOS;117492,0;117492,0;117492,0
9389189;188;2023-06-28 00:00:00;ASSOCIACAO ESTADUAL DA AGRICULTURA FAMILIAR;00.864.461/0001-02;1231;SEAPA;SECRETARIA DE ESTADO DE AGRICULTURA, PECUARIA E ABASTECIMENTO - SEAPA;41;CONTRIBUICOES;1;CONTRIBUICOES;10;RECURSOS ORDINARIOS - RECURSOS NAO VINCULADOS DE IMPOSTOS;380000,0;380000,0;380000,0
9389190;189;2023-06-28 00:00:00;ASSOC.DAS MULHERES AGRICULT.E TRABALHADORAS RURAIS DE TOMBOS;04.925.217/0001-63;1231;SEAPA;SECRETARIA DE ESTADO DE AGRICULTURA, PECUARIA E ABASTECIMENTO - SEAPA;41;CONTRIBUICOES;1;CONTRIBUICOES;10;RECURSOS ORDINARIOS - RECURSOS NAO VINCULADOS DE IMPOSTOS;88623,86;88623,86;88623,86
9389191;265;2023-06-19 00:00:00;PM BERILO;17.700.758/0001-35;1301;SEINFRA;SECRETARIA DE ESTADO DE INFRAESTRUTURA, MOBILIDADE E PARCERIAS;42;AUXILIOS;1;AUXILIOS;15;RECURSOS ORDINARIOS - OUTROS RECURSOS NAO VINCULADOS;1300000,0;1300000,0;1300000,0
9389193;2038;2023-08-08 00:00:00;PM GOVERNADOR VALADARES;20.622.890/0001-80;4291;FES;FUNDO ESTADUAL DE SAUDE;42;AUXILIOS;1;AUXILIOS;10;RECURSOS ORDINARIOS - RECURSOS NAO VINCULADOS DE IMPOSTOS;394810,63;394810,63;394810,63
9389194;5583;2023-07-06 00:00:00;PM DIVINOPOLIS;18.291.351/0001-64;4291;FES;FUNDO ESTADUAL DE SAUDE;42;AUXILIOS;1;AUXILIOS;10;RECURSOS ORDINARIOS - RECURSOS NAO VINCULADOS DE IMPOSTOS;1000000,0;1000000,0;1000000,0
9389196;263;2023-06-19 00:00:00;PM PRESIDENTE JUSCELINO;17.695.057/0001-55;1301;SEINFRA;SECRETARIA DE ESTADO DE INFRAESTRUTURA, MOBILIDADE E PARCERIAS;42;AUXILIOS;1;AUXILIOS;15;RECURSOS ORDINARIOS - OUTROS RECURSOS NAO VINCULADOS;400000,0;400000,0;400000,0
9389199;269;2023-06-22 00:00:00;PM FREI GASPAR;18.404.913/0001-39;1301;SEINFRA;SECRETARIA DE ESTADO DE INFRAESTRUTURA, MOBILIDADE E PARCERIAS;42;AUXILIOS;1;AUXILIOS;15;RECURSOS ORDINARIOS - OUTROS RECURSOS NAO VINCULADOS;2000000,0;2000000,0;2000000,0
9389200;268;2023-06-22 00:00:00;PM MATHIAS LOBATO;18.332.619/0001-69;1301;SEINFRA;SECRETARIA DE ESTADO DE INFRAESTRUTURA, MOBILIDADE E PARCERIAS;42;AUXILIOS;1;AUXILIOS;15;RECURSOS ORDINARIOS - OUTROS RECURSOS NAO VINCULADOS;1000000,0;1000000,0;1000000,0
9389201;267;2023-06-21 00:00:00;PM MATHIAS LOBATO;18.332.619/0001-69;1301;SEINFRA;SECRETARIA DE ESTADO DE INFRAESTRUTURA, MOBILIDADE E PARCERIAS;42;AUXILIOS;1;AUXILIOS;15;RECURSOS ORDINARIOS - OUTROS RECURSOS NAO VINCULADOS;2500000,0;2500000,0;2500000,0
9389203;264;2023-06-19 00:00:00;PM NOVA MODICA;18.404.939/0001-87;1301;SEINFRA;SECRETARIA DE ESTADO DE INFRAESTRUTURA, MOBILIDADE E PARCERIAS;42;AUXILIOS;1;AUXILIOS;15;RECURSOS ORDINARIOS - OUTROS RECURSOS NAO VINCULADOS;1000000,0;1000000,0;1000000,0
9389216;2093;2023-06-20 00:00:00;PM PORTEIRINHA;18.013.326/0001-19;1491;SEGOV;SECRETARIA DE ESTADO DE GOVERNO;42;AUXILIOS;1;AUXILIOS;15;RECURSOS ORDINARIOS - OUTROS RECURSOS NAO VINCULADOS;87737,62;87737,62;87737,62
9389218;2094;2023-06-20 00:00:00;PM BORDA DA MATA;17.912.023/0001-75;1491;SEGOV;SECRETARIA DE ESTADO DE GOVERNO;42;AUXILIOS;1;AUXILIOS;15;RECURSOS ORDINARIOS - OUTROS RECURSOS NAO VINCULADOS;88623,86;88623,86;88623,86
9389219;2095;2023-06-20 00:00:00;PM PEDRALVA;18.025.973/0001-40;1491;SEGOV;SECRETARIA DE ESTADO DE GOVERNO;42;AUXILIOS;1;AUXILIOS;15;RECURSOS ORDINARIOS - OUTROS RECURSOS NAO VINCULADOS;88123,86;88123,86;88123,86
9389221;2091;2023-06-20 00:00:00;PM BURITIS;18.125.146/0001-29;1491;SEGOV;SECRETARIA DE ESTADO DE GOVERNO;42;AUXILIOS;1;AUXILIOS;15;RECURSOS ORDINARIOS - OUTROS RECURSOS NAO VINCULADOS;87737,59;87737,59;87737,59
9389222;2092;2023-06-20 00:00:00;PM SABINOPOLIS;18.307.454/0001-75;1491;SEGOV;SECRETARIA DE ESTADO DE GOVERNO;42;AUXILIOS;1;AUXILIOS;15;RECURSOS ORDINARIOS - OUTROS RECURSOS NAO VINCULADOS;87723,86;87723,86;87723,86
9389223;2090;2023-06-20 00:00:00;PM SAO VICENTE DE MINAS;17.954.546/0001-84;1491;SEGOV;SECRETARIA DE ESTADO DE GOVERNO;42;AUXILIOS;1;AUXILIOS;15;RECURSOS ORDINARIOS - OUTROS RECURSOS NAO VINCULADOS;0,0;0,0;0,0
9389223;2188;2023-07-28 00:00:00;PM SAO VICENTE DE MINAS;17.954.546/0001-84;1491;SEGOV;SECRETARIA DE ESTADO DE GOVERNO;42;AUXILIOS;1;AUXILIOS;15;RECURSOS ORDINARIOS - OUTROS RECURSOS NAO VINCULADOS;705752,23;705752,23;705752,23
9389224;29;2023-06-20 00:00:00;INSTITUTO DE ENSINO, PESQUISA E POLITICAS PUBLICAS - IE3P;06.082.726/0001-05;1491;SEGOV;SECRETARIA DE ESTADO DE GOVERNO;42;AUXILIOS;1;AUXILIOS;10;RECURSOS ORDINARIOS - RECURSOS NAO VINCULADOS DE IMPOSTOS;117492,0;117492,0;117492,0
9389225;30;2023-06-20 00:00:00;LAR SAO VICENTE DE PAULA DE ITAU DE MINAS;17.951.039/0001-97;1491;SEGOV;SECRETARIA DE ESTADO DE GOVERNO;42;AUXILIOS;1;AUXILIOS;10;RECURSOS ORDINARIOS - RECURSOS NAO VINCULADOS DE IMPOSTOS;147770,0;147770,0;147770,0
9389226;31;2023-06-20 00:00:00;ASSOCIACAO DOS MORADORES DO BAIRRO BATINGA;06.035.937/0001-89;1491;SEGOV;SECRETARIA DE ESTADO DE GOVERNO;42;AUXILIOS;1;AUXILIOS;10;RECURSOS ORDINARIOS - RECURSOS NAO VINCULADOS DE IMPOSTOS;449633,33;449633,33;449633,33
9389227;32;2023-06-20 00:00:00;CTA CENTRO TERAPEUTICO ADONAI;09.323.277/0002-00;1491;SEGOV;SECRETARIA DE ESTADO DE GOVERNO;42;AUXILIOS;1;AUXILIOS;10;RECURSOS ORDINARIOS - RECURSOS NAO VINCULADOS DE IMPOSTOS;88623,86;88623,86;88623,86
9389229;28;2023-06-20 00:00:00;ASSOC. COMUN. DESEMV. RURAL CORREGO ACODE E CHUVA;07.554.451/0001-10;1491;SEGOV;SECRETARIA DE ESTADO DE GOVERNO;42;AUXILIOS;1;AUXILIOS;10;RECURSOS ORDINARIOS - RECURSOS NAO VINCULADOS DE IMPOSTOS;117492,0;117492,0;117492,0
9389231;34;2023-06-20 00:00:00;APAE DE SAO FRANCISCO DE PAULA;00.653.648/0001-67;1491;SEGOV;SECRETARIA DE ESTADO DE GOVERNO;42;AUXILIOS;1;AUXILIOS;10;RECURSOS ORDINARIOS - RECURSOS NAO VINCULADOS DE IMPOSTOS;89855,13;89855,13;89855,13
9389232;33;2023-06-20 00:00:00;ASSOCIACAO DE PAIS E AMIGOS DOS EXCEPCIONAIS DE OURO FINO;19.709.997/0001-81;1491;SEGOV;SECRETARIA DE ESTADO DE GOVERNO;42;AUXILIOS;1;AUXILIOS;10;RECURSOS ORDINARIOS - RECURSOS NAO VINCULADOS DE IMPOSTOS;89841,39;89841,39;89841,39
9389234;36;2023-06-20 00:00:00;ASSOCIACAO GOTA DE LEITE LIGIA MARIA COSTA;08.306.688/0001-44;1491;SEGOV;SECRETARIA DE ESTADO DE GOVERNO;42;AUXILIOS;1;AUXILIOS;10;RECURSOS ORDINARIOS - RECURSOS NAO VINCULADOS DE IMPOSTOS;88623,86;88623,86;88623,86
9389238;35;2023-06-20 00:00:00;CONSELHO DE DESENVOLVIMENTO COM. DOS QUILOMBOLAS GRAVATA E MASSACARA;13.098.311/0001-87;1491;SEGOV;SECRETARIA DE ESTADO DE GOVERNO;42;AUXILIOS;1;AUXILIOS;10;RECURSOS ORDINARIOS - RECURSOS NAO VINCULADOS DE IMPOSTOS;88623,86;88623,86;88623,86
9389286;2000;2023-06-21 00:00:00;PM CHACARA;18.338.137/0001-16;1261;SEE;SECRETARIA DE ESTADO DE EDUCACAO;42;AUXILIOS;1;AUXILIOS;10;RECURSOS ORDINARIOS - RECURSOS NAO VINCULADOS DE IMPOSTOS;2000000,0;2000000,0;2000000,0
9389287;736;2023-06-21 00:00:00;PM SENHORA DO PORTO;18.307.504/0001-14;1261;SEE;SECRETARIA DE ESTADO DE EDUCACAO;42;AUXILIOS;1;AUXILIOS;10;RECURSOS ORDINARIOS - RECURSOS NAO VINCULADOS DE IMPOSTOS;745000,0;745000,0;745000,0
9389288;737;2023-06-21 00:00:00;PM INIMUTABA;17.694.860/0001-75;1261;SEE;SECRETARIA DE ESTADO DE EDUCACAO;42;AUXILIOS;1;AUXILIOS;10;RECURSOS ORDINARIOS - RECURSOS NAO VINCULADOS DE IMPOSTOS;427000,0;427000,0;427000,0
9389289;738;2023-06-21 00:00:00;PM LUISLANDIA;01.612.887/0001-31;1261;SEE;SECRETARIA DE ESTADO DE EDUCACAO;42;AUXILIOS;1;AUXILIOS;10;RECURSOS ORDINARIOS - RECURSOS NAO VINCULADOS DE IMPOSTOS;636000,0;636000,0;636000,0
9389290;739;2023-06-21 00:00:00;PM NAZARENO;18.557.561/0001-51;1261;SEE;SECRETARIA DE ESTADO DE EDUCACAO;42;AUXILIOS;1;AUXILIOS;10;RECURSOS ORDINARIOS - RECURSOS NAO VINCULADOS DE IMPOSTOS;427000,0;427000,0;427000,0
9389291;740;2023-06-21 00:00:00;PM CAMPOS ALTOS;18.298.190/0001-30;1261;SEE;SECRETARIA DE ESTADO DE EDUCACAO;42;AUXILIOS;1;AUXILIOS;10;RECURSOS ORDINARIOS - RECURSOS NAO VINCULADOS DE IMPOSTOS;349946,31;349946,31;349946,31
9389292;743;2023-06-21 00:00:00;PM MONTE SIAO;22.646.525/0001-31;1261;SEE;SECRETARIA DE ESTADO DE EDUCACAO;42;AUXILIOS;1;AUXILIOS;10;RECURSOS ORDINARIOS - RECURSOS NAO VINCULADOS DE IMPOSTOS;427000,0;427000,0;427000,0
9389293;741;2023-06-21 00:00:00;PM QUELUZITO;19.718.410/0001-09;1261;SEE;SECRETARIA DE ESTADO DE EDUCACAO;42;AUXILIOS;1;AUXILIOS;10;RECURSOS ORDINARIOS - RECURSOS NAO VINCULADOS DE IMPOSTOS;427000,0;427000,0;427000,0
9389294;742;2023-06-21 00:00:00;PM BOTUMIRIM;18.017.418/0001-77;1261;SEE;SECRETARIA DE ESTADO DE EDUCACAO;42;AUXILIOS;1;AUXILIOS;10;RECURSOS ORDINARIOS - RECURSOS NAO VINCULADOS DE IMPOSTOS;318000,0;318000,0;318000,0
9389295;37;2023-06-21 00:00:00;ASILO SAO VICENTE DE PAULO DE SAO LOURENCO DO MANHUACU;22.050.553/0001-91;1491;SEGOV;SECRETARIA DE ESTADO DE GOVERNO;42;AUXILIOS;1;AUXILIOS;10;RECURSOS ORDINARIOS - RECURSOS NAO VINCULADOS DE IMPOSTOS;117492,0;117492,0;117492,0
9389296;2270;2023-07-26 00:00:00;PM MINAS NOVAS;22.516.405/0001-10;1261;SEE;SECRETARIA DE ESTADO DE EDUCACAO;42;AUXILIOS;1;AUXILIOS;10;RECURSOS ORDINARIOS - RECURSOS NAO VINCULADOS DE IMPOSTOS;8032602,06;8032602,06;8032602,06
9389297;38;2023-06-21 00:00:00;ASSOCIACAO VOLUNTARIA DE BELO HORIZONTE;37.197.947/0001-44;1491;SEGOV;SECRETARIA DE ESTADO DE GOVERNO;42;AUXILIOS;1;AUXILIOS;10;RECURSOS ORDINARIOS - RECURSOS NAO VINCULADOS DE IMPOSTOS;117492,0;117492,0;117492,0
9389298;2097;2023-06-21 00:00:00;PM MUTUM;18.348.086/0001-03;1491;SEGOV;SECRETARIA DE ESTADO DE GOVERNO;42;AUXILIOS;1;AUXILIOS;15;RECURSOS ORDINARIOS - OUTROS RECURSOS NAO VINCULADOS;425826,56;425826,56;425826,56
9389299;2096;2023-06-21 00:00:00;PM CONCEICAO DOS OUROS;18.677.609/0001-65;1491;SEGOV;SECRETARIA DE ESTADO DE GOVERNO;42;AUXILIOS;1;AUXILIOS;15;RECURSOS ORDINARIOS - OUTROS RECURSOS NAO VINCULADOS;87737,63;87737,63;87737,63
9389315;381;2023-06-28 00:00:00;CONSORCIO INTERMUNICIPAL DE GESTAO E DES. AMBI. SUST. VERTENTES;18.773.785/0001-09;1371;SEMAD;SECRETARIA DE ESTADO DE MEIO AMBIENTE E DESENVOLVIMENTO SUSTENTAVEL;41;CONTRIBUICOES;1;CONTRIBUICOES;10;RECURSOS ORDINARIOS - RECURSOS NAO VINCULADOS DE IMPOSTOS;400000,0;400000,0;400000,0
9389316;744;2023-06-22 00:00:00;PM CANA VERDE;18.244.426/0001-56;1261;SEE;SECRETARIA DE ESTADO DE EDUCACAO;42;AUXILIOS;1;AUXILIOS;10;RECURSOS ORDINARIOS - RECURSOS NAO VINCULADOS DE IMPOSTOS;427000,0;427000,0;427000,0
9389317;745;2023-06-22 00:00:00;PM ENGENHEIRO NAVARRO;17.697.152/0001-98;1261;SEE;SECRETARIA DE ESTADO DE EDUCACAO;42;AUXILIOS;1;AUXILIOS;10;RECURSOS ORDINARIOS - RECURSOS NAO VINCULADOS DE IMPOSTOS;200000,0;200000,0;200000,0
9389318;276;2023-06-27 00:00:00;PM PIUMHI;16.781.346/0001-04;1301;SEINFRA;SECRETARIA DE ESTADO DE INFRAESTRUTURA, MOBILIDADE E PARCERIAS;42;AUXILIOS;1;AUXILIOS;15;RECURSOS ORDINARIOS - OUTROS RECURSOS NAO VINCULADOS;800000,0;800000,0;800000,0
9389319;746;2023-06-22 00:00:00;PM SERRA DA SAUDADE;18.301.069/0001-10;1261;SEE;SECRETARIA DE ESTADO DE EDUCACAO;42;AUXILIOS;1;AUXILIOS;10;RECURSOS ORDINARIOS - RECURSOS NAO VINCULADOS DE IMPOSTOS;100000,0;100000,0;100000,0
9389320;747;2023-06-22 00:00:00;PM SANTO ANTONIO DO ITAMBE;18.303.222/0001-49;1261;SEE;SECRETARIA DE ESTADO DE EDUCACAO;42;AUXILIOS;1;AUXILIOS;10;RECURSOS ORDINARIOS - RECURSOS NAO VINCULADOS DE IMPOSTOS;427000,0;427000,0;427000,0
9389321;748;2023-06-22 00:00:00;PM CAMPO AZUL;01.612.551/0001-79;1261;SEE;SECRETARIA DE ESTADO DE EDUCACAO;42;AUXILIOS;1;AUXILIOS;10;RECURSOS ORDINARIOS - RECURSOS NAO VINCULADOS DE IMPOSTOS;427000,0;427000,0;427000,0
9389322;749;2023-06-22 00:00:00;PM LAGOA DOS PATOS;16.901.381/0001-10;1261;SEE;SECRETARIA DE ESTADO DE EDUCACAO;42;AUXILIOS;1;AUXILIOS;10;RECURSOS ORDINARIOS - RECURSOS NAO VINCULADOS DE IMPOSTOS;318000,0;318000,0;318000,0
9389323;750;2023-06-22 00:00:00;PM MONTE SIAO;22.646.525/0001-31;1261;SEE;SECRETARIA DE ESTADO DE EDUCACAO;42;AUXILIOS;1;AUXILIOS;10;RECURSOS ORDINARIOS - RECURSOS NAO VINCULADOS DE IMPOSTOS;1028000,0;1028000,0;1028000,0
9389324;751;2023-06-22 00:00:00;PM GUIDOVAL;18.128.215/0001-58;1261;SEE;SECRETARIA DE ESTADO DE EDUCACAO;42;AUXILIOS;1;AUXILIOS;10;RECURSOS ORDINARIOS - RECURSOS NAO VINCULADOS DE IMPOSTOS;745000,0;745000,0;745000,0
9389325;752;2023-06-22 00:00:00;PM PRESIDENTE BERNARDES;23.515.695/0001-40;1261;SEE;SECRETARIA DE ESTADO DE EDUCACAO;42;AUXILIOS;1;AUXILIOS;10;RECURSOS ORDINARIOS - RECURSOS NAO VINCULADOS DE IMPOSTOS;427000,0;427000,0;427000,0
9389326;753;2023-06-22 00:00:00;PM CEDRO DO ABAETE;18.296.657/0001-03;1261;SEE;SECRETARIA DE ESTADO DE EDUCACAO;42;AUXILIOS;1;AUXILIOS;10;RECURSOS ORDINARIOS - RECURSOS NAO VINCULADOS DE IMPOSTOS;318000,0;318000,0;318000,0
9389327;40;2023-06-22 00:00:00;ASILO SAO VICENTE DE PAULO GUARANESIA;19.055.193/0001-06;1491;SEGOV;SECRETARIA DE ESTADO DE GOVERNO;42;AUXILIOS;1;AUXILIOS;10;RECURSOS ORDINARIOS - RECURSOS NAO VINCULADOS DE IMPOSTOS;88980,12;88980,12;88980,12
9389328;41;2023-06-22 00:00:00;ASSOCIACAO DE PAIS E AMIGOS DOS EXCEPCIONAIS;18.963.546/0001-03;1491;SEGOV;SECRETARIA DE ESTADO DE GOVERNO;42;AUXILIOS;1;AUXILIOS;10;RECURSOS ORDINARIOS - RECURSOS NAO VINCULADOS DE IMPOSTOS;149998,0;149998,0;149998,0
9389329;42;2023-06-22 00:00:00;ASSOCIACAO COMERCIAL, INDUSTRIAL E AGRICOLA DE OURO FINO;19.301.803/0001-04;1491;SEGOV;SECRETARIA DE ESTADO DE GOVERNO;42;AUXILIOS;1;AUXILIOS;10;RECURSOS ORDINARIOS - RECURSOS NAO VINCULADOS DE IMPOSTOS;88623,86;88623,86;88623,86
9389330;43;2023-06-22 00:00:00;ASSOCIACAO DO VOLUNTARIADO DA ONCOLOGIA DE TRES CORACOES;04.064.129/0001-14;1491;SEGOV;SECRETARIA DE ESTADO DE GOVERNO;42;AUXILIOS;1;AUXILIOS;10;RECURSOS ORDINARIOS - RECURSOS NAO VINCULADOS DE IMPOSTOS;100000,0;100000,0;100000,0
9389331;39;2023-06-22 00:00:00;INSTITUTO GALO;35.777.212/0001-64;1491;SEGOV;SECRETARIA DE ESTADO DE GOVERNO;42;AUXILIOS;1;AUXILIOS;10;RECURSOS ORDINARIOS - RECURSOS NAO VINCULADOS DE IMPOSTOS;97770,0;97770,0;97770,0
9389332;2161;2023-07-13 00:00:00;PM PRATAPOLIS;18.241.356/0001-82;1491;SEGOV;SECRETARIA DE ESTADO DE GOVERNO;42;AUXILIOS;1;AUXILIOS;15;RECURSOS ORDINARIOS - OUTROS RECURSOS NAO VINCULADOS;88180,74;88180,74;88180,74
9389333;2100;2023-06-22 00:00:00;PM VAZANTE;18.278.069/0001-47;1491;SEGOV;SECRETARIA DE ESTADO DE GOVERNO;42;AUXILIOS;1;AUXILIOS;15;RECURSOS ORDINARIOS - OUTROS RECURSOS NAO VINCULADOS;500000,0;500000,0;500000,0
9389334;2101;2023-06-22 00:00:00;PM SERITINGA;18.008.854/0001-80;1491;SEGOV;SECRETARIA DE ESTADO DE GOVERNO;42;AUXILIOS;1;AUXILIOS;15;RECURSOS ORDINARIOS - OUTROS RECURSOS NAO VINCULADOS;175247,72;175247,72;175247,72
9389335;2099;2023-06-22 00:00:00;PM ARAPONGA;18.132.167/0001-71;1491;SEGOV;SECRETARIA DE ESTADO DE GOVERNO;42;AUXILIOS;1;AUXILIOS;15;RECURSOS ORDINARIOS - OUTROS RECURSOS NAO VINCULADOS;116904,5;116904,5;116904,5
9389337;2098;2023-06-22 00:00:00;PM IRAI DE MINAS;18.158.642/0001-89;1491;SEGOV;SECRETARIA DE ESTADO DE GOVERNO;42;AUXILIOS;1;AUXILIOS;15;RECURSOS ORDINARIOS - OUTROS RECURSOS NAO VINCULADOS;705752,33;705752,33;705752,33
9389341;270;2023-06-22 00:00:00;PM PRADOS;18.557.538/0001-67;1301;SEINFRA;SECRETARIA DE ESTADO DE INFRAESTRUTURA, MOBILIDADE E PARCERIAS;42;AUXILIOS;1;AUXILIOS;15;RECURSOS ORDINARIOS - OUTROS RECURSOS NAO VINCULADOS;500000,0;500000,0;500000,0
9389342;194;2023-06-28 00:00:00;ASSOCIACAO DO DISTRITO DE SAO JOSE DE POUSO ALEGRE;26.129.106/0001-83;1231;SEAPA;SECRETARIA DE ESTADO DE AGRICULTURA, PECUARIA E ABASTECIMENTO - SEAPA;41;CONTRIBUICOES;1;CONTRIBUICOES;10;RECURSOS ORDINARIOS - RECURSOS NAO VINCULADOS DE IMPOSTOS;117492,0;117492,0;117492,0
9389343;195;2023-06-28 00:00:00;ARTE E VIDA ASSOCIACAO DE ARTESANATOS;10.257.619/0001-30;1231;SEAPA;SECRETARIA DE ESTADO DE AGRICULTURA, PECUARIA E ABASTECIMENTO - SEAPA;41;CONTRIBUICOES;1;CONTRIBUICOES;10;RECURSOS ORDINARIOS - RECURSOS NAO VINCULADOS DE IMPOSTOS;300000,0;300000,0;300000,0
9389344;233;2023-07-07 00:00:00;SINDICATO DOS TRABALHADORES RURAIS DE JOAIMA;20.808.978/0001-91;1231;SEAPA;SECRETARIA DE ESTADO DE AGRICULTURA, PECUARIA E ABASTECIMENTO - SEAPA;41;CONTRIBUICOES;1;CONTRIBUICOES;10;RECURSOS ORDINARIOS - RECURSOS NAO VINCULADOS DE IMPOSTOS;88623,86;88623,86;88623,86
9389345;196;2023-06-28 00:00:00;PM CANDEIAS;17.888.090/0001-00;1231;SEAPA;SECRETARIA DE ESTADO DE AGRICULTURA, PECUARIA E ABASTECIMENTO - SEAPA;41;CONTRIBUICOES;1;CONTRIBUICOES;15;RECURSOS ORDINARIOS - OUTROS RECURSOS NAO VINCULADOS;300000,0;300000,0;300000,0
9389346;198;2023-06-28 00:00:00;PM MADRE DE DEUS DE MINAS;18.029.371/0001-61;1231;SEAPA;SECRETARIA DE ESTADO DE AGRICULTURA, PECUARIA E ABASTECIMENTO - SEAPA;41;CONTRIBUICOES;1;CONTRIBUICOES;15;RECURSOS ORDINARIOS - OUTROS RECURSOS NAO VINCULADOS;698694,81;698694,81;698694,81
9389347;197;2023-06-28 00:00:00;PM PRADOS;18.557.538/0001-67;1231;SEAPA;SECRETARIA DE ESTADO DE AGRICULTURA, PECUARIA E ABASTECIMENTO - SEAPA;41;CONTRIBUICOES;1;CONTRIBUICOES;15;RECURSOS ORDINARIOS - OUTROS RECURSOS NAO VINCULADOS;116317,08;116317,08;116317,08
9389348;199;2023-06-28 00:00:00;PM SABARA;18.715.441/0001-35;1231;SEAPA;SECRETARIA DE ESTADO DE AGRICULTURA, PECUARIA E ABASTECIMENTO - SEAPA;41;CONTRIBUICOES;1;CONTRIBUICOES;15;RECURSOS ORDINARIOS - OUTROS RECURSOS NAO VINCULADOS;116317,08;116317,08;116317,08
9389349;200;2023-06-28 00:00:00;PM ESTIVA;18.675.918/0001-04;1231;SEAPA;SECRETARIA DE ESTADO DE AGRICULTURA, PECUARIA E ABASTECIMENTO - SEAPA;41;CONTRIBUICOES;1;CONTRIBUICOES;15;RECURSOS ORDINARIOS - OUTROS RECURSOS NAO VINCULADOS;698694,81;698694,81;698694,81
9389350;271;2023-06-26 00:00:00;PM TAIOBEIRAS;18.017.384/0001-10;1301;SEINFRA;SECRETARIA DE ESTADO DE INFRAESTRUTURA, MOBILIDADE E PARCERIAS;42;AUXILIOS;1;AUXILIOS;15;RECURSOS ORDINARIOS - OUTROS RECURSOS NAO VINCULADOS;1400000,0;1400000,0;1400000,0
9389351;201;2023-06-28 00:00:00;PM PRATA;18.260.505/0001-50;1231;SEAPA;SECRETARIA DE ESTADO DE AGRICULTURA, PECUARIA E ABASTECIMENTO - SEAPA;41;CONTRIBUICOES;1;CONTRIBUICOES;15;RECURSOS ORDINARIOS - OUTROS RECURSOS NAO VINCULADOS;702205,77;702205,77;702205,77
9389352;202;2023-06-28 00:00:00;PM ITABIRINHA;17.125.444/0001-56;1231;SEAPA;SECRETARIA DE ESTADO DE AGRICULTURA, PECUARIA E ABASTECIMENTO - SEAPA;41;CONTRIBUICOES;1;CONTRIBUICOES;15;RECURSOS ORDINARIOS - OUTROS RECURSOS NAO VINCULADOS;550000,0;550000,0;550000,0
9389353;203;2023-06-28 00:00:00;PM IBITURUNA;18.244.418/0001-00;1231;SEAPA;SECRETARIA DE ESTADO DE AGRICULTURA, PECUARIA E ABASTECIMENTO - SEAPA;41;CONTRIBUICOES;1;CONTRIBUICOES;15;RECURSOS ORDINARIOS - OUTROS RECURSOS NAO VINCULADOS;698694,81;698694,81;698694,81
9389356;204;2023-06-28 00:00:00;PM PEDRAS DE MARIA DA CRUZ;25.209.156/0001-08;1231;SEAPA;SECRETARIA DE ESTADO DE AGRICULTURA, PECUARIA E ABASTECIMENTO - SEAPA;41;CONTRIBUICOES;1;CONTRIBUICOES;15;RECURSOS ORDINARIOS - OUTROS RECURSOS NAO VINCULADOS;116317,08;116317,08;116317,08
9389357;205;2023-06-28 00:00:00;PM MARAVILHAS;18.313.841/0001-14;1231;SEAPA;SECRETARIA DE ESTADO DE AGRICULTURA, PECUARIA E ABASTECIMENTO - SEAPA;41;CONTRIBUICOES;1;CONTRIBUICOES;15;RECURSOS ORDINARIOS - OUTROS RECURSOS NAO VINCULADOS;698652,33;698652,33;698652,33
9389358;206;2023-06-28 00:00:00;PM FREI LAGONEGRO;01.615.008/0001-25;1231;SEAPA;SECRETARIA DE ESTADO DE AGRICULTURA, PECUARIA E ABASTECIMENTO - SEAPA;41;CONTRIBUICOES;1;CONTRIBUICOES;15;RECURSOS ORDINARIOS - OUTROS RECURSOS NAO VINCULADOS;705752,33;705752,33;705752,33
9389359;207;2023-06-28 00:00:00;PM SILVEIRANIA;17.744.558/0001-84;1231;SEAPA;SECRETARIA DE ESTADO DE AGRICULTURA, PECUARIA E ABASTECIMENTO - SEAPA;41;CONTRIBUICOES;1;CONTRIBUICOES;15;RECURSOS ORDINARIOS - OUTROS RECURSOS NAO VINCULADOS;549302,67;549302,67;549302,67
9389360;208;2023-06-28 00:00:00;PM SANTA BARBARA DO TUGURIO;18.094.854/0001-40;1231;SEAPA;SECRETARIA DE ESTADO DE AGRICULTURA, PECUARIA E ABASTECIMENTO - SEAPA;41;CONTRIBUICOES;1;CONTRIBUICOES;15;RECURSOS ORDINARIOS - OUTROS RECURSOS NAO VINCULADOS;705752,33;705752,33;705752,33
9389363;45;2023-06-23 00:00:00;ASSOCIACAO BENEFICENTE DORCAS;02.056.236/0001-75;1491;SEGOV;SECRETARIA DE ESTADO DE GOVERNO;42;AUXILIOS;1;AUXILIOS;10;RECURSOS ORDINARIOS - RECURSOS NAO VINCULADOS DE IMPOSTOS;88623,86;88623,86;88623,86
9389364;50;2023-06-23 00:00:00;AMEI ASSOCIACAO DE MULHERES EMPREENDEDORAS DE IBIRITE;37.094.073/0001-08;1491;SEGOV;SECRETARIA DE ESTADO DE GOVERNO;42;AUXILIOS;1;AUXILIOS;10;RECURSOS ORDINARIOS - RECURSOS NAO VINCULADOS DE IMPOSTOS;88623,86;88623,86;88623,86
9389365;44;2023-06-23 00:00:00;FEDERACAO DE ESPORTES ESTUDANTIS DE MINAS GERAIS;04.070.420/0001-03;1491;SEGOV;SECRETARIA DE ESTADO DE GOVERNO;42;AUXILIOS;1;AUXILIOS;10;RECURSOS ORDINARIOS - RECURSOS NAO VINCULADOS DE IMPOSTOS;149743,33;149743,33;149743,33
9389367;273;2023-06-26 00:00:00;PM INCONFIDENTES;18.028.829/0001-68;1301;SEINFRA;SECRETARIA DE ESTADO DE INFRAESTRUTURA, MOBILIDADE E PARCERIAS;42;AUXILIOS;1;AUXILIOS;15;RECURSOS ORDINARIOS - OUTROS RECURSOS NAO VINCULADOS;382000,0;382000,0;382000,0
9389368;46;2023-06-23 00:00:00;INSTITUTO CORY DE EDUCACAO E CULTURA;11.304.308/0001-47;1491;SEGOV;SECRETARIA DE ESTADO DE GOVERNO;42;AUXILIOS;1;AUXILIOS;10;RECURSOS ORDINARIOS - RECURSOS NAO VINCULADOS DE IMPOSTOS;90000,0;90000,0;90000,0
9389369;272;2023-06-26 00:00:00;PM PIRAPETINGA;18.092.825/0001-49;1301;SEINFRA;SECRETARIA DE ESTADO DE INFRAESTRUTURA, MOBILIDADE E PARCERIAS;42;AUXILIOS;1;AUXILIOS;15;RECURSOS ORDINARIOS - OUTROS RECURSOS NAO VINCULADOS;500000,0;500000,0;500000,0
9389370;51;2023-06-23 00:00:00;ASSOCIACAO BENEFICENTE CAMINHO VERDADE E VIDA;28.094.972/0001-01;1491;SEGOV;SECRETARIA DE ESTADO DE GOVERNO;42;AUXILIOS;1;AUXILIOS;10;RECURSOS ORDINARIOS - RECURSOS NAO VINCULADOS DE IMPOSTOS;117492,0;117492,0;117492,0
9389371;48;2023-06-23 00:00:00;INSTITUTO DE ENSINO, PESQUISA E POLITICAS PUBLICAS - IE3P;06.082.726/0001-05;1491;SEGOV;SECRETARIA DE ESTADO DE GOVERNO;42;AUXILIOS;1;AUXILIOS;10;RECURSOS ORDINARIOS - RECURSOS NAO VINCULADOS DE IMPOSTOS;100000,0;100000,0;100000,0
9389372;49;2023-06-23 00:00:00;ASSOCIACAO JUNTOS FAZENDO O BEM;37.210.900/0001-73;1491;SEGOV;SECRETARIA DE ESTADO DE GOVERNO;42;AUXILIOS;1;AUXILIOS;10;RECURSOS ORDINARIOS - RECURSOS NAO VINCULADOS DE IMPOSTOS;90000,0;90000,0;90000,0
9389373;47;2023-06-23 00:00:00;ASSOCIACAO SOCIOASSISTENCIAL DE COROMANDEL - ASSOCIO;16.741.623/0001-55;1491;SEGOV;SECRETARIA DE ESTADO DE GOVERNO;42;AUXILIOS;1;AUXILIOS;10;RECURSOS ORDINARIOS - RECURSOS NAO VINCULADOS DE IMPOSTOS;499348,86;499348,86;499348,86
9389375;2102;2023-06-23 00:00:00;PM LEOPOLDINA;17.733.643/0001-47;1491;SEGOV;SECRETARIA DE ESTADO DE GOVERNO;42;AUXILIOS;1;AUXILIOS;15;RECURSOS ORDINARIOS - OUTROS RECURSOS NAO VINCULADOS;200000,0;200000,0;200000,0
9389380;759;2023-06-26 00:00:00;PM VAZANTE;18.278.069/0001-47;1261;SEE;SECRETARIA DE ESTADO DE EDUCACAO;42;AUXILIOS;1;AUXILIOS;10;RECURSOS ORDINARIOS - RECURSOS NAO VINCULADOS DE IMPOSTOS;341622,7;341622,7;341622,7
9389381;760;2023-06-26 00:00:00;PM DIAMANTINA;17.754.136/0001-90;1261;SEE;SECRETARIA DE ESTADO DE EDUCACAO;42;AUXILIOS;1;AUXILIOS;10;RECURSOS ORDINARIOS - RECURSOS NAO VINCULADOS DE IMPOSTOS;427000,0;427000,0;427000,0
9389382;761;2023-06-26 00:00:00;PM ROCHEDO DE MINAS;18.558.080/0001-60;1261;SEE;SECRETARIA DE ESTADO DE EDUCACAO;42;AUXILIOS;1;AUXILIOS;10;RECURSOS ORDINARIOS - RECURSOS NAO VINCULADOS DE IMPOSTOS;745000,0;745000,0;745000,0
9389387;762;2023-06-26 00:00:00;PM SANTA MARIA DO SALTO;18.347.419/0001-80;1261;SEE;SECRETARIA DE ESTADO DE EDUCACAO;42;AUXILIOS;1;AUXILIOS;10;RECURSOS ORDINARIOS - RECURSOS NAO VINCULADOS DE IMPOSTOS;318000,0;318000,0;318000,0
9389388;763;2023-06-26 00:00:00;PM ITAMBACURI;18.404.855/0001-43;1261;SEE;SECRETARIA DE ESTADO DE EDUCACAO;42;AUXILIOS;1;AUXILIOS;10;RECURSOS ORDINARIOS - RECURSOS NAO VINCULADOS DE IMPOSTOS;318000,0;318000,0;318000,0
9389389;2001;2023-06-26 00:00:00;PM SERRA DO SALITRE;18.468.058/0001-20;1261;SEE;SECRETARIA DE ESTADO DE EDUCACAO;42;AUXILIOS;1;AUXILIOS;10;RECURSOS ORDINARIOS - RECURSOS NAO VINCULADOS DE IMPOSTOS;200000,0;200000,0;200000,0
9389392;3;2023-06-27 00:00:00;PM DIVINOPOLIS;18.291.351/0001-64;4491;FEC;FUNDO ESTADUAL DE CULTURA;41;CONTRIBUICOES;1;CONTRIBUICOES;59;OUTROS RECURSOS VINCULADOS;180504,24;180504,24;180504,24
9389397;768;2023-06-26 00:00:00;PM SAO VICENTE DE MINAS;17.954.546/0001-84;1261;SEE;SECRETARIA DE ESTADO DE EDUCACAO;42;AUXILIOS;1;AUXILIOS;10;RECURSOS ORDINARIOS - RECURSOS NAO VINCULADOS DE IMPOSTOS;318000,0;318000,0;318000,0
9389398;767;2023-06-26 00:00:00;PM PASSA TEMPO;18.039.503/0001-36;1261;SEE;SECRETARIA DE ESTADO DE EDUCACAO;42;AUXILIOS;1;AUXILIOS;10;RECURSOS ORDINARIOS - RECURSOS NAO VINCULADOS DE IMPOSTOS;99983,37;99983,37;99983,37
9389399;769;2023-06-26 00:00:00;PM SAO LOURENCO;18.188.219/0001-21;1261;SEE;SECRETARIA DE ESTADO DE EDUCACAO;42;AUXILIOS;1;AUXILIOS;10;RECURSOS ORDINARIOS - RECURSOS NAO VINCULADOS DE IMPOSTOS;1490000,0;1490000,0;1490000,0
9389400;764;2023-06-26 00:00:00;PM GUIRICEMA;18.137.943/0001-26;1261;SEE;SECRETARIA DE ESTADO DE EDUCACAO;41;CONTRIBUICOES;1;CONTRIBUICOES;21;COTA ESTADUAL DO SALARIO EDUCACAO - QESE;5346,0;5346,0;5346,0
9389400;765;2023-06-26 00:00:00;PM GUIRICEMA;18.137.943/0001-26;1261;SEE;SECRETARIA DE ESTADO DE EDUCACAO;41;CONTRIBUICOES;1;CONTRIBUICOES;10;RECURSOS ORDINARIOS - RECURSOS NAO VINCULADOS DE IMPOSTOS;306314,8;306314,8;306314,8
9389400;766;2023-06-26 00:00:00;PM GUIRICEMA;18.137.943/0001-26;1261;SEE;SECRETARIA DE ESTADO DE EDUCACAO;41;CONTRIBUICOES;1;CONTRIBUICOES;10;RECURSOS ORDINARIOS - RECURSOS NAO VINCULADOS DE IMPOSTOS;22958,65;22958,65;22958,65
9389401;214;2023-07-05 00:00:00;ASSOCIACAO DOS AGRICULTORES FAMILIARES DE S.FCO. DO GLORIA;01.053.326/0001-40;1231;SEAPA;SECRETARIA DE ESTADO DE AGRICULTURA, PECUARIA E ABASTECIMENTO - SEAPA;41;CONTRIBUICOES;1;CONTRIBUICOES;10;RECURSOS ORDINARIOS - RECURSOS NAO VINCULADOS DE IMPOSTOS;92000,0;92000,0;92000,0
9389402;215;2023-07-05 00:00:00;ASSOCIACAO REGIONAL DE COOPERACAO AGRICOLA DA ZONA DA MATA DE MINAS GE;09.372.995/0001-96;1231;SEAPA;SECRETARIA DE ESTADO DE AGRICULTURA, PECUARIA E ABASTECIMENTO - SEAPA;41;CONTRIBUICOES;1;CONTRIBUICOES;10;RECURSOS ORDINARIOS - RECURSOS NAO VINCULADOS DE IMPOSTOS;267247,72;267247,72;267247,72
9389403;216;2023-07-05 00:00:00;ASSOCIACAO DOS PEQUENOS PRODUTORES RURAIS DO SETOR DE HUMAITA;04.192.343/0001-56;1231;SEAPA;SECRETARIA DE ESTADO DE AGRICULTURA, PECUARIA E ABASTECIMENTO - SEAPA;41;CONTRIBUICOES;1;CONTRIBUICOES;10;RECURSOS ORDINARIOS - RECURSOS NAO VINCULADOS DE IMPOSTOS;129747,59;129747,59;129747,59
9389405;52;2023-06-26 00:00:00;120 GRUPO ESCOTEIRO BRAVOS DA SERRA;19.823.943/0001-42;1491;SEGOV;SECRETARIA DE ESTADO DE GOVERNO;42;AUXILIOS;1;AUXILIOS;10;RECURSOS ORDINARIOS - RECURSOS NAO VINCULADOS DE IMPOSTOS;89990,5;89990,5;89990,5
9389465;58;2023-06-27 00:00:00;CRECHE RECANTO FELIZ DA PAROQUIA NOSSO SENHOR DOS PASSOS;26.044.636/0001-29;1491;SEGOV;SECRETARIA DE ESTADO DE GOVERNO;42;AUXILIOS;1;AUXILIOS;10;RECURSOS ORDINARIOS - RECURSOS NAO VINCULADOS DE IMPOSTOS;90000,0;90000,0;90000,0
9389466;54;2023-06-27 00:00:00;ASSOC. ASSISTENCIA AOS DEFICIENTES VISUAIS DE POCOS DE CALDA;17.416.868/0001-70;1491;SEGOV;SECRETARIA DE ESTADO DE GOVERNO;42;AUXILIOS;1;AUXILIOS;10;RECURSOS ORDINARIOS - RECURSOS NAO VINCULADOS DE IMPOSTOS;89529,17;89529,17;89529,17
9389467;408;2023-07-20 00:00:00;MINISTERIO ARCA DE NOE PROTECAO ANIMAL;17.064.438/0001-36;1371;SEMAD;SECRETARIA DE ESTADO DE MEIO AMBIENTE E DESENVOLVIMENTO SUSTENTAVEL;41;CONTRIBUICOES;1;CONTRIBUICOES;10;RECURSOS ORDINARIOS - RECURSOS NAO VINCULADOS DE IMPOSTOS;100000,0;100000,0;100000,0
9389468;59;2023-06-27 00:00:00;AGENCIA PARA O DESENVOLVIMENTO LOCAL, INTEGRADO E SUSTENTAVEL DE PORTE;15.260.057/0001-05;1491;SEGOV;SECRETARIA DE ESTADO DE GOVERNO;42;AUXILIOS;1;AUXILIOS;10;RECURSOS ORDINARIOS - RECURSOS NAO VINCULADOS DE IMPOSTOS;88623,86;88623,86;88623,86
9389469;56;2023-06-27 00:00:00;CLUBE DO CAVALO DE LAMIM;30.799.433/0001-10;1491;SEGOV;SECRETARIA DE ESTADO DE GOVERNO;42;AUXILIOS;1;AUXILIOS;10;RECURSOS ORDINARIOS - RECURSOS NAO VINCULADOS DE IMPOSTOS;90000,0;90000,0;90000,0
9389470;53;2023-06-27 00:00:00;APAE CAPITOLIO;04.101.613/0001-76;1491;SEGOV;SECRETARIA DE ESTADO DE GOVERNO;42;AUXILIOS;1;AUXILIOS;10;RECURSOS ORDINARIOS - RECURSOS NAO VINCULADOS DE IMPOSTOS;89883,9;89883,9;89883,9
9389471;250;2023-06-28 00:00:00;INSTITUTO JURIDICO PARA EFETIVACAO DA CIDADANIA - MINAS GERAIS IJUCI/M;03.893.350/0001-12;1451;SEJUSP;SECRETARIA DE ESTADO DE JUSTICA E SEGURANCA PUBLICA;43;SUBVENCOES SOCIAIS;1;SUBVENCOES SOCIAIS;10;RECURSOS ORDINARIOS - RECURSOS NAO VINCULADOS DE IMPOSTOS;1468324,05;1468324,05;1468324,05
9389471;332;2023-10-19 00:00:00;INSTITUTO JURIDICO PARA EFETIVACAO DA CIDADANIA - MINAS GERAIS IJUCI/M;03.893.350/0001-12;1451;SEJUSP;SECRETARIA DE ESTADO DE JUSTICA E SEGURANCA PUBLICA;43;SUBVENCOES SOCIAIS;1;SUBVENCOES SOCIAIS;10;RECURSOS ORDINARIOS - RECURSOS NAO VINCULADOS DE IMPOSTOS;991579,74;991579,74;991579,74
9389472;57;2023-06-27 00:00:00;ASSOCIACAO DOS MORADORES DA FAZENDA TESOURA;21.372.164/0001-10;1491;SEGOV;SECRETARIA DE ESTADO DE GOVERNO;42;AUXILIOS;1;AUXILIOS;10;RECURSOS ORDINARIOS - RECURSOS NAO VINCULADOS DE IMPOSTOS;88623,86;88623,86;88623,86
9389474;800;2023-07-20 00:00:00;PM IBIRACATU;01.612.477/0001-90;1261;SEE;SECRETARIA DE ESTADO DE EDUCACAO;42;AUXILIOS;1;AUXILIOS;10;RECURSOS ORDINARIOS - RECURSOS NAO VINCULADOS DE IMPOSTOS;1150000,0;1150000,0;1150000,0
9389476;55;2023-06-27 00:00:00;DYNAMIS SOCIAL;10.290.322/0001-76;1491;SEGOV;SECRETARIA DE ESTADO DE GOVERNO;42;AUXILIOS;1;AUXILIOS;10;RECURSOS ORDINARIOS - RECURSOS NAO VINCULADOS DE IMPOSTOS;100000,0;100000,0;100000,0
9389477;799;2023-07-20 00:00:00;PM MONTE SIAO;22.646.525/0001-31;1261;SEE;SECRETARIA DE ESTADO DE EDUCACAO;42;AUXILIOS;1;AUXILIOS;10;RECURSOS ORDINARIOS - RECURSOS NAO VINCULADOS DE IMPOSTOS;636000,0;636000,0;636000,0
9389478;2103;2023-06-27 00:00:00;PM BOM REPOUSO;18.675.892/0001-96;1491;SEGOV;SECRETARIA DE ESTADO DE GOVERNO;42;AUXILIOS;1;AUXILIOS;15;RECURSOS ORDINARIOS - OUTROS RECURSOS NAO VINCULADOS;300000,0;300000,0;300000,0
9389479;801;2023-07-20 00:00:00;PM CACHOEIRA DA PRATA;25.004.532/0001-28;1261;SEE;SECRETARIA DE ESTADO DE EDUCACAO;42;AUXILIOS;1;AUXILIOS;10;RECURSOS ORDINARIOS - RECURSOS NAO VINCULADOS DE IMPOSTOS;150000,0;150000,0;150000,0
9389480;2107;2023-06-27 00:00:00;PM JACUTINGA;17.914.128/0001-63;1491;SEGOV;SECRETARIA DE ESTADO DE GOVERNO;42;AUXILIOS;1;AUXILIOS;15;RECURSOS ORDINARIOS - OUTROS RECURSOS NAO VINCULADOS;175475,22;175475,22;175475,22
9389486;2105;2023-06-27 00:00:00;PM CONGONHAS DO NORTE;18.303.180/0001-46;1491;SEGOV;SECRETARIA DE ESTADO DE GOVERNO;42;AUXILIOS;1;AUXILIOS;15;RECURSOS ORDINARIOS - OUTROS RECURSOS NAO VINCULADOS;87737,62;87737,62;87737,62
9389487;387;2023-06-30 00:00:00;ASSOCIACAO UBERABENSE DE PROTECAO AOS ANIMAIS;02.361.553/0001-03;1371;SEMAD;SECRETARIA DE ESTADO DE MEIO AMBIENTE E DESENVOLVIMENTO SUSTENTAVEL;41;CONTRIBUICOES;1;CONTRIBUICOES;10;RECURSOS ORDINARIOS - RECURSOS NAO VINCULADOS DE IMPOSTOS;400000,0;400000,0;400000,0
9389488;2106;2023-06-27 00:00:00;PM PEDRALVA;18.025.973/0001-40;1491;SEGOV;SECRETARIA DE ESTADO DE GOVERNO;42;AUXILIOS;1;AUXILIOS;15;RECURSOS ORDINARIOS - OUTROS RECURSOS NAO VINCULADOS;130986,9;130986,9;130986,9
9389489;2104;2023-06-27 00:00:00;PM PIRANGUINHO;18.192.906/0001-10;1491;SEGOV;SECRETARIA DE ESTADO DE GOVERNO;42;AUXILIOS;1;AUXILIOS;15;RECURSOS ORDINARIOS - OUTROS RECURSOS NAO VINCULADOS;300000,0;300000,0;300000,0
9389490;407;2023-07-20 00:00:00;COMUNIDADE CASA;21.241.377/0012-65;1371;SEMAD;SECRETARIA DE ESTADO DE MEIO AMBIENTE E DESENVOLVIMENTO SUSTENTAVEL;41;CONTRIBUICOES;1;CONTRIBUICOES;10;RECURSOS ORDINARIOS - RECURSOS NAO VINCULADOS DE IMPOSTOS;199995,0;199995,0;199995,0
9389496;390;2023-07-03 00:00:00;ACOLHE - ASSOCIACAO DE PROTECAO ANIMAL;32.661.792/0001-31;1371;SEMAD;SECRETARIA DE ESTADO DE MEIO AMBIENTE E DESENVOLVIMENTO SUSTENTAVEL;41;CONTRIBUICOES;1;CONTRIBUICOES;10;RECURSOS ORDINARIOS - RECURSOS NAO VINCULADOS DE IMPOSTOS;100000,0;100000,0;100000,0
9389497;409;2023-07-20 00:00:00;ASSOCACAO PARCERIA DE JUIZ DE FORA;09.442.308/0001-61;1371;SEMAD;SECRETARIA DE ESTADO DE MEIO AMBIENTE E DESENVOLVIMENTO SUSTENTAVEL;41;CONTRIBUICOES;1;CONTRIBUICOES;10;RECURSOS ORDINARIOS - RECURSOS NAO VINCULADOS DE IMPOSTOS;5120440,0;5120440,0;5120440,0
9389498;425;2023-08-04 00:00:00;ADA - ASSOCIACAO DEFENSORA DOS ANIMAIS DE PATROCINIO-MG;08.732.556/0001-84;1371;SEMAD;SECRETARIA DE ESTADO DE MEIO AMBIENTE E DESENVOLVIMENTO SUSTENTAVEL;41;CONTRIBUICOES;1;CONTRIBUICOES;10;RECURSOS ORDINARIOS - RECURSOS NAO VINCULADOS DE IMPOSTOS;100000,0;100000,0;100000,0
9389503;454;2023-07-18 00:00:00;ASSOCIACAO DO CIRCUITO TURISTICO DAS GRUTAS;04.260.822/0001-62;1271;SECULT;SECRETARIA DE ESTADO DE CULTURA E TURISMO;42;AUXILIOS;1;AUXILIOS;10;RECURSOS ORDINARIOS - RECURSOS NAO VINCULADOS DE IMPOSTOS;88623,86;88623,86;88623,86
9389517;278;2023-06-28 00:00:00;PM NOVA BELEM;01.613.169/0001-80;1301;SEINFRA;SECRETARIA DE ESTADO DE INFRAESTRUTURA, MOBILIDADE E PARCERIAS;42;AUXILIOS;1;AUXILIOS;15;RECURSOS ORDINARIOS - OUTROS RECURSOS NAO VINCULADOS;2000000,0;2000000,0;2000000,0
9389527;413;2023-07-20 00:00:00;PM JOAO MONLEVADE;18.401.059/0001-57;1371;SEMAD;SECRETARIA DE ESTADO DE MEIO AMBIENTE E DESENVOLVIMENTO SUSTENTAVEL;41;CONTRIBUICOES;1;CONTRIBUICOES;10;RECURSOS ORDINARIOS - RECURSOS NAO VINCULADOS DE IMPOSTOS;150000,0;150000,0;150000,0
9389528;410;2023-07-20 00:00:00;ASSOCIACAO AMIGOS DE 4 PATAS DE CAMPO BELO;37.086.483/0001-07;1371;SEMAD;SECRETARIA DE ESTADO DE MEIO AMBIENTE E DESENVOLVIMENTO SUSTENTAVEL;41;CONTRIBUICOES;1;CONTRIBUICOES;10;RECURSOS ORDINARIOS - RECURSOS NAO VINCULADOS DE IMPOSTOS;180000,0;180000,0;180000,0
9389529;389;2023-07-03 00:00:00;ASSOCIACAO AMIGOS DE 4 PATAS DE CAMPO BELO;37.086.483/0001-07;1371;SEMAD;SECRETARIA DE ESTADO DE MEIO AMBIENTE E DESENVOLVIMENTO SUSTENTAVEL;41;CONTRIBUICOES;1;CONTRIBUICOES;10;RECURSOS ORDINARIOS - RECURSOS NAO VINCULADOS DE IMPOSTOS;100000,0;100000,0;100000,0
9389534;280;2023-06-29 00:00:00;PM VARGEM GRANDE DO RIO PARDO;01.612.885/0001-42;1301;SEINFRA;SECRETARIA DE ESTADO DE INFRAESTRUTURA, MOBILIDADE E PARCERIAS;42;AUXILIOS;1;AUXILIOS;15;RECURSOS ORDINARIOS - OUTROS RECURSOS NAO VINCULADOS;300000,0;300000,0;300000,0
9389536;279;2023-06-29 00:00:00;PM JEQUITAI;18.279.083/0001-65;1301;SEINFRA;SECRETARIA DE ESTADO DE INFRAESTRUTURA, MOBILIDADE E PARCERIAS;42;AUXILIOS;1;AUXILIOS;15;RECURSOS ORDINARIOS - OUTROS RECURSOS NAO VINCULADOS;384000,0;384000,0;384000,0
9389537;61;2023-06-28 00:00:00;CENTRO SOCIAL PROFISSIONALIZANTE E CULTURAL DE T. OTONI;26.217.679/0001-69;1491;SEGOV;SECRETARIA DE ESTADO DE GOVERNO;42;AUXILIOS;1;AUXILIOS;10;RECURSOS ORDINARIOS - RECURSOS NAO VINCULADOS DE IMPOSTOS;396000,0;396000,0;396000,0
9389540;60;2023-06-28 00:00:00;FEDERACAO PRE MILITAR AMBIENTAL DO BRASIL;32.683.735/0001-53;1491;SEGOV;SECRETARIA DE ESTADO DE GOVERNO;42;AUXILIOS;1;AUXILIOS;10;RECURSOS ORDINARIOS - RECURSOS NAO VINCULADOS DE IMPOSTOS;117492,0;117492,0;117492,0
9389541;2108;2023-06-28 00:00:00;PM ARICANDUVA;01.608.511/0001-53;1491;SEGOV;SECRETARIA DE ESTADO DE GOVERNO;42;AUXILIOS;1;AUXILIOS;15;RECURSOS ORDINARIOS - OUTROS RECURSOS NAO VINCULADOS;87736,86;87736,86;87736,86
9389542;2109;2023-06-28 00:00:00;PM CACHOEIRA DE MINAS;18.675.959/0001-92;1491;SEGOV;SECRETARIA DE ESTADO DE GOVERNO;42;AUXILIOS;1;AUXILIOS;15;RECURSOS ORDINARIOS - OUTROS RECURSOS NAO VINCULADOS;88180,74;88180,74;88180,74
9389556;411;2023-07-20 00:00:00;SOCIEDADE JUIZFORENSE DE PROTECAO AOS ANIMAIS E AO MEIO AMBIENTE;20.460.556/0001-78;1371;SEMAD;SECRETARIA DE ESTADO DE MEIO AMBIENTE E DESENVOLVIMENTO SUSTENTAVEL;41;CONTRIBUICOES;1;CONTRIBUICOES;10;RECURSOS ORDINARIOS - RECURSOS NAO VINCULADOS DE IMPOSTOS;100000,0;100000,0;100000,0
9389558;405;2023-07-20 00:00:00;PM NOVORIZONTE;01.616.420/0001-60;1371;SEMAD;SECRETARIA DE ESTADO DE MEIO AMBIENTE E DESENVOLVIMENTO SUSTENTAVEL;41;CONTRIBUICOES;1;CONTRIBUICOES;15;RECURSOS ORDINARIOS - OUTROS RECURSOS NAO VINCULADOS;600000,0;600000,0;600000,0
9389560;229;2023-07-05 00:00:00;ASSOCIACAO C.P.P.P. DE CANELA DEMA E ADJACENCIAS;04.110.956/0001-05;1231;SEAPA;SECRETARIA DE ESTADO DE AGRICULTURA, PECUARIA E ABASTECIMENTO - SEAPA;41;CONTRIBUICOES;1;CONTRIBUICOES;10;RECURSOS ORDINARIOS - RECURSOS NAO VINCULADOS DE IMPOSTOS;90000,0;90000,0;90000,0
9389561;217;2023-07-05 00:00:00;ASSOC.AGRIC.FAM.PEQ.PROD.DE LEITE?DERIVADOS OLHOS DAAGUA REG;08.656.182/0001-65;1231;SEAPA;SECRETARIA DE ESTADO DE AGRICULTURA, PECUARIA E ABASTECIMENTO - SEAPA;41;CONTRIBUICOES;1;CONTRIBUICOES;10;RECURSOS ORDINARIOS - RECURSOS NAO VINCULADOS DE IMPOSTOS;100000,0;100000,0;100000,0
9389562;232;2023-07-05 00:00:00;ASSOCIACAO DOS PRODUTORES RURAIS DO BAIRRO SERRINHA;03.267.501/0001-27;1231;SEAPA;SECRETARIA DE ESTADO DE AGRICULTURA, PECUARIA E ABASTECIMENTO - SEAPA;41;CONTRIBUICOES;1;CONTRIBUICOES;10;RECURSOS ORDINARIOS - RECURSOS NAO VINCULADOS DE IMPOSTOS;90000,0;90000,0;90000,0
9389563;228;2023-07-05 00:00:00;ASSOCIACAO COMUNITARIA DE MACHADOS;25.214.727/0001-00;1231;SEAPA;SECRETARIA DE ESTADO DE AGRICULTURA, PECUARIA E ABASTECIMENTO - SEAPA;41;CONTRIBUICOES;1;CONTRIBUICOES;10;RECURSOS ORDINARIOS - RECURSOS NAO VINCULADOS DE IMPOSTOS;90000,0;90000,0;90000,0
9389564;234;2023-07-07 00:00:00;COOPERATIVA DOS APICULTORES E AGRICULTORES FAMILIARES DO NORTE DE MINA;25.246.765/0001-37;1231;SEAPA;SECRETARIA DE ESTADO DE AGRICULTURA, PECUARIA E ABASTECIMENTO - SEAPA;41;CONTRIBUICOES;1;CONTRIBUICOES;10;RECURSOS ORDINARIOS - RECURSOS NAO VINCULADOS DE IMPOSTOS;88623,86;88623,86;88623,86
9389565;218;2023-07-05 00:00:00;ASSOCIACAO DOS AGRICULTORES FAMILIARES DE FERVEDOUTO;04.048.673/0001-72;1231;SEAPA;SECRETARIA DE ESTADO DE AGRICULTURA, PECUARIA E ABASTECIMENTO - SEAPA;41;CONTRIBUICOES;1;CONTRIBUICOES;10;RECURSOS ORDINARIOS - RECURSOS NAO VINCULADOS DE IMPOSTOS;90000,0;90000,0;90000,0
9389567;226;2023-07-05 00:00:00;ASSOCIACAO DE PEQUENOS PRODUTORES RURAIS DO MORRO CABECA FELIXLANDIA;13.128.116/0001-52;1231;SEAPA;SECRETARIA DE ESTADO DE AGRICULTURA, PECUARIA E ABASTECIMENTO - SEAPA;41;CONTRIBUICOES;1;CONTRIBUICOES;10;RECURSOS ORDINARIOS - RECURSOS NAO VINCULADOS DE IMPOSTOS;90000,0;90000,0;90000,0
9389568;231;2023-07-05 00:00:00;ASSOCIACAO DO BEM ESTAR SOCIAL MUNICIPIO DE GRAO MOGOL ESTADO MG;13.979.354/0001-71;1231;SEAPA;SECRETARIA DE ESTADO DE AGRICULTURA, PECUARIA E ABASTECIMENTO - SEAPA;41;CONTRIBUICOES;1;CONTRIBUICOES;10;RECURSOS ORDINARIOS - RECURSOS NAO VINCULADOS DE IMPOSTOS;117492,0;117492,0;117492,0
9389570;230;2023-07-05 00:00:00;SINDICATO RURAL DE COMENDADOR GOMES;20.059.069/0001-06;1231;SEAPA;SECRETARIA DE ESTADO DE AGRICULTURA, PECUARIA E ABASTECIMENTO - SEAPA;41;CONTRIBUICOES;1;CONTRIBUICOES;10;RECURSOS ORDINARIOS - RECURSOS NAO VINCULADOS DE IMPOSTOS;350000,0;350000,0;350000,0
9389571;219;2023-07-05 00:00:00;SINDICATO RURAL DE CARMO DO CAJURU;20.887.444/0001-06;1231;SEAPA;SECRETARIA DE ESTADO DE AGRICULTURA, PECUARIA E ABASTECIMENTO - SEAPA;41;CONTRIBUICOES;1;CONTRIBUICOES;10;RECURSOS ORDINARIOS - RECURSOS NAO VINCULADOS DE IMPOSTOS;148460,0;148460,0;148460,0
9389572;220;2023-07-05 00:00:00;ASSOCIACAO P.P.R. SERRA DOS MARTINS E ADJACENCIA;03.255.029/0001-02;1231;SEAPA;SECRETARIA DE ESTADO DE AGRICULTURA, PECUARIA E ABASTECIMENTO - SEAPA;41;CONTRIBUICOES;1;CONTRIBUICOES;10;RECURSOS ORDINARIOS - RECURSOS NAO VINCULADOS DE IMPOSTOS;117492,0;117492,0;117492,0
9389573;221;2023-07-05 00:00:00;ASSOCIACAO DOS PRODUTORES PARA O DESENVOLVIMENTO COMUNITARIO DA TAQUAR;05.137.918/0001-09;1231;SEAPA;SECRETARIA DE ESTADO DE AGRICULTURA, PECUARIA E ABASTECIMENTO - SEAPA;41;CONTRIBUICOES;1;CONTRIBUICOES;10;RECURSOS ORDINARIOS - RECURSOS NAO VINCULADOS DE IMPOSTOS;95198,0;95198,0;95198,0
9389575;222;2023-07-05 00:00:00;SINDICATO DOS PRODUTORES RURAIS DE MONTE ALEGRE DE MINAS;17.825.258/0001-20;1231;SEAPA;SECRETARIA DE ESTADO DE AGRICULTURA, PECUARIA E ABASTECIMENTO - SEAPA;41;CONTRIBUICOES;1;CONTRIBUICOES;10;RECURSOS ORDINARIOS - RECURSOS NAO VINCULADOS DE IMPOSTOS;200000,0;200000,0;200000,0
9389576;227;2023-07-05 00:00:00;ASSOCIACAO DOS PEQUENOS PRODUTORES RURAIS DE RIO MELO;08.937.072/0001-71;1231;SEAPA;SECRETARIA DE ESTADO DE AGRICULTURA, PECUARIA E ABASTECIMENTO - SEAPA;41;CONTRIBUICOES;1;CONTRIBUICOES;10;RECURSOS ORDINARIOS - RECURSOS NAO VINCULADOS DE IMPOSTOS;88623,86;88623,86;88623,86
9389577;223;2023-07-05 00:00:00;PM PALMOPOLIS;66.234.345/0001-18;1231;SEAPA;SECRETARIA DE ESTADO DE AGRICULTURA, PECUARIA E ABASTECIMENTO - SEAPA;41;CONTRIBUICOES;1;CONTRIBUICOES;15;RECURSOS ORDINARIOS - OUTROS RECURSOS NAO VINCULADOS;300000,0;300000,0;300000,0
9389578;2110;2023-06-29 00:00:00;PM BOM JESUS DA PENHA;18.187.815/0001-97;1491;SEGOV;SECRETARIA DE ESTADO DE GOVERNO;42;AUXILIOS;1;AUXILIOS;15;RECURSOS ORDINARIOS - OUTROS RECURSOS NAO VINCULADOS;88180,74;88180,74;88180,74
9389580;224;2023-07-05 00:00:00;PM SENADOR AMARAL;41.778.556/0001-90;1231;SEAPA;SECRETARIA DE ESTADO DE AGRICULTURA, PECUARIA E ABASTECIMENTO - SEAPA;41;CONTRIBUICOES;1;CONTRIBUICOES;15;RECURSOS ORDINARIOS - OUTROS RECURSOS NAO VINCULADOS;500000,0;500000,0;500000,0
9389581;225;2023-07-05 00:00:00;PM ANTONIO CARLOS;18.094.763/0001-04;1231;SEAPA;SECRETARIA DE ESTADO DE AGRICULTURA, PECUARIA E ABASTECIMENTO - SEAPA;41;CONTRIBUICOES;1;CONTRIBUICOES;15;RECURSOS ORDINARIOS - OUTROS RECURSOS NAO VINCULADOS;698695,0;698695,0;698695,0
9389582;2111;2023-06-29 00:00:00;PM MIRADOURO;17.947.623/0001-79;1491;SEGOV;SECRETARIA DE ESTADO DE GOVERNO;42;AUXILIOS;1;AUXILIOS;15;RECURSOS ORDINARIOS - OUTROS RECURSOS NAO VINCULADOS;88180,74;88180,74;88180,74
9389583;2112;2023-06-29 00:00:00;PM MERCES;17.744.442/0001-45;1491;SEGOV;SECRETARIA DE ESTADO DE GOVERNO;42;AUXILIOS;1;AUXILIOS;15;RECURSOS ORDINARIOS - OUTROS RECURSOS NAO VINCULADOS;87623,86;87623,86;87623,86
9389584;2113;2023-06-29 00:00:00;PM PAPAGAIOS;18.313.866/0001-18;1491;SEGOV;SECRETARIA DE ESTADO DE GOVERNO;42;AUXILIOS;1;AUXILIOS;15;RECURSOS ORDINARIOS - OUTROS RECURSOS NAO VINCULADOS;87737,62;87737,62;87737,62
9389585;64;2023-06-29 00:00:00;SINDICATO RURAL DE SANTA VITORIA;24.530.446/0001-96;1491;SEGOV;SECRETARIA DE ESTADO DE GOVERNO;42;AUXILIOS;1;AUXILIOS;10;RECURSOS ORDINARIOS - RECURSOS NAO VINCULADOS DE IMPOSTOS;300000,0;300000,0;300000,0
9389586;65;2023-06-29 00:00:00;ASSOCIACAO DOS PRODUTORES RURAIS DA COMUNIDADE BERTOLINO;12.009.917/0001-36;1491;SEGOV;SECRETARIA DE ESTADO DE GOVERNO;42;AUXILIOS;1;AUXILIOS;10;RECURSOS ORDINARIOS - RECURSOS NAO VINCULADOS DE IMPOSTOS;89963,75;89963,75;89963,75
9389587;63;2023-06-29 00:00:00;ASSOCIACAO MONSENHOR ANTONIO XAVIER RODRIGUES;02.952.824/0001-97;1491;SEGOV;SECRETARIA DE ESTADO DE GOVERNO;42;AUXILIOS;1;AUXILIOS;10;RECURSOS ORDINARIOS - RECURSOS NAO VINCULADOS DE IMPOSTOS;117492,0;117492,0;117492,0
9389588;62;2023-06-29 00:00:00;CONSELHO DE DESENVOLVIMENTO COMUNITARIO B.RURAL DA FURNA;02.149.559/0001-03;1491;SEGOV;SECRETARIA DE ESTADO DE GOVERNO;42;AUXILIOS;1;AUXILIOS;10;RECURSOS ORDINARIOS - RECURSOS NAO VINCULADOS DE IMPOSTOS;90000,0;90000,0;90000,0
9389591;281;2023-06-29 00:00:00;PM CARVALHOS;18.194.217/0001-45;1301;SEINFRA;SECRETARIA DE ESTADO DE INFRAESTRUTURA, MOBILIDADE E PARCERIAS;42;AUXILIOS;1;AUXILIOS;15;RECURSOS ORDINARIOS - OUTROS RECURSOS NAO VINCULADOS;300000,0;300000,0;300000,0
9389592;459;2023-07-18 00:00:00;IRMANDADE DE NOSSA SENHORA DO ROSARIO E SAO BENEDITO;21.243.662/0001-62;1271;SECULT;SECRETARIA DE ESTADO DE CULTURA E TURISMO;42;AUXILIOS;1;AUXILIOS;10;RECURSOS ORDINARIOS - RECURSOS NAO VINCULADOS DE IMPOSTOS;400000,0;400000,0;400000,0
9389593;461;2023-07-18 00:00:00;ASSOC.DIVISANOVENSE RADIODIFUSAO COM.,CULT.E COMUNICACAO;02.231.626/0001-34;1271;SECULT;SECRETARIA DE ESTADO DE CULTURA E TURISMO;42;AUXILIOS;1;AUXILIOS;10;RECURSOS ORDINARIOS - RECURSOS NAO VINCULADOS DE IMPOSTOS;90000,0;90000,0;90000,0
9389594;458;2023-07-18 00:00:00;GREMIO RECREATIVO ESCOLA DE SAMBA ESPLENDOR DO MORRO;24.804.585/0001-60;1271;SECULT;SECRETARIA DE ESTADO DE CULTURA E TURISMO;42;AUXILIOS;1;AUXILIOS;10;RECURSOS ORDINARIOS - RECURSOS NAO VINCULADOS DE IMPOSTOS;96535,5;96535,5;96535,5
9389595;468;2023-07-18 00:00:00;ASSOCIACAO FRATERNIDADE E EQUILIBRIO;18.987.933/0001-80;1271;SECULT;SECRETARIA DE ESTADO DE CULTURA E TURISMO;42;AUXILIOS;1;AUXILIOS;10;RECURSOS ORDINARIOS - RECURSOS NAO VINCULADOS DE IMPOSTOS;90000,0;90000,0;90000,0
9389596;467;2023-07-18 00:00:00;CLUBE OPERARIO TREZE DE MAIO;23.783.384/0001-61;1271;SECULT;SECRETARIA DE ESTADO DE CULTURA E TURISMO;42;AUXILIOS;1;AUXILIOS;10;RECURSOS ORDINARIOS - RECURSOS NAO VINCULADOS DE IMPOSTOS;90000,0;90000,0;90000,0
9389597;462;2023-07-18 00:00:00;CENTRO CULTURAL CASA DO TEATRO;23.964.067/0001-41;1271;SECULT;SECRETARIA DE ESTADO DE CULTURA E TURISMO;42;AUXILIOS;1;AUXILIOS;10;RECURSOS ORDINARIOS - RECURSOS NAO VINCULADOS DE IMPOSTOS;370260,0;370260,0;370260,0
9389598;460;2023-07-18 00:00:00;ASSOCIACAO DE ARTESAOS DA FEIRA DE ECONOMIA SOLIDARIA DE JUIZ DE FORA;31.096.482/0001-59;1271;SECULT;SECRETARIA DE ESTADO DE CULTURA E TURISMO;42;AUXILIOS;1;AUXILIOS;10;RECURSOS ORDINARIOS - RECURSOS NAO VINCULADOS DE IMPOSTOS;117492,0;117492,0;117492,0
9389602;282;2023-06-29 00:00:00;PM VARZELANDIA;18.017.467/0001-00;1301;SEINFRA;SECRETARIA DE ESTADO DE INFRAESTRUTURA, MOBILIDADE E PARCERIAS;42;AUXILIOS;1;AUXILIOS;15;RECURSOS ORDINARIOS - OUTROS RECURSOS NAO VINCULADOS;550000,0;550000,0;550000,0
9389619;68;2023-06-30 00:00:00;ASSOCIACAO COM DOS MORADORES DO BAIRRO SERRA DA CONQUISTA;04.307.921/0001-52;1491;SEGOV;SECRETARIA DE ESTADO DE GOVERNO;42;AUXILIOS;1;AUXILIOS;10;RECURSOS ORDINARIOS - RECURSOS NAO VINCULADOS DE IMPOSTOS;150000,0;150000,0;150000,0
9389621;69;2023-06-30 00:00:00;ASSOCIACAO ESPORTIVA BAMBUIENSE;20.936.035/0001-44;1491;SEGOV;SECRETARIA DE ESTADO DE GOVERNO;42;AUXILIOS;1;AUXILIOS;10;RECURSOS ORDINARIOS - RECURSOS NAO VINCULADOS DE IMPOSTOS;28790,0;28790,0;28790,0
9389622;70;2023-06-30 00:00:00;ASSOCIACAO DOS PRODUTORES RURAIS INDEPENDENTES DE TOMBOS;04.746.408/0001-68;1491;SEGOV;SECRETARIA DE ESTADO DE GOVERNO;42;AUXILIOS;1;AUXILIOS;10;RECURSOS ORDINARIOS - RECURSOS NAO VINCULADOS DE IMPOSTOS;149998,53;149998,53;149998,53
9389623;67;2023-06-30 00:00:00;INSTITUTO GALO;35.777.212/0001-64;1491;SEGOV;SECRETARIA DE ESTADO DE GOVERNO;42;AUXILIOS;1;AUXILIOS;10;RECURSOS ORDINARIOS - RECURSOS NAO VINCULADOS DE IMPOSTOS;117621,75;117621,75;117621,75
9389624;66;2023-06-30 00:00:00;ASSOCIACAO COMUNITARIA DE PAUS PRETO;16.993.605/0001-60;1491;SEGOV;SECRETARIA DE ESTADO DE GOVERNO;42;AUXILIOS;1;AUXILIOS;10;RECURSOS ORDINARIOS - RECURSOS NAO VINCULADOS DE IMPOSTOS;88623,86;88623,86;88623,86
9389626;71;2023-06-30 00:00:00;SERVI$O SOCIAL SENHORA DA ABADIA;18.458.745/0001-64;1491;SEGOV;SECRETARIA DE ESTADO DE GOVERNO;42;AUXILIOS;1;AUXILIOS;10;RECURSOS ORDINARIOS - RECURSOS NAO VINCULADOS DE IMPOSTOS;99045,25;99045,25;99045,25
9389627;2114;2023-06-30 00:00:00;PM SERRA DA SAUDADE;18.301.069/0001-10;1491;SEGOV;SECRETARIA DE ESTADO DE GOVERNO;42;AUXILIOS;1;AUXILIOS;15;RECURSOS ORDINARIOS - OUTROS RECURSOS NAO VINCULADOS;87737,63;87737,63;87737,63
9389632;283;2023-07-03 00:00:00;PM BIQUINHAS;18.296.640/0001-56;1301;SEINFRA;SECRETARIA DE ESTADO DE INFRAESTRUTURA, MOBILIDADE E PARCERIAS;42;AUXILIOS;1;AUXILIOS;15;RECURSOS ORDINARIOS - OUTROS RECURSOS NAO VINCULADOS;300000,0;300000,0;300000,0
9389633;284;2023-07-03 00:00:00;PM NOVA BELEM;01.613.169/0001-80;1301;SEINFRA;SECRETARIA DE ESTADO DE INFRAESTRUTURA, MOBILIDADE E PARCERIAS;42;AUXILIOS;1;AUXILIOS;15;RECURSOS ORDINARIOS - OUTROS RECURSOS NAO VINCULADOS;2000000,0;2000000,0;2000000,0
9389649;412;2023-07-20 00:00:00;ASSOCIACAO SANTUARIO JARDIM DE SAO FRANCISCO;41.578.785/0001-61;1371;SEMAD;SECRETARIA DE ESTADO DE MEIO AMBIENTE E DESENVOLVIMENTO SUSTENTAVEL;41;CONTRIBUICOES;1;CONTRIBUICOES;10;RECURSOS ORDINARIOS - RECURSOS NAO VINCULADOS DE IMPOSTOS;125000,0;125000,0;125000,0
9389650;423;2023-08-04 00:00:00;ASSOCIACAO DE PROTECAO E VALORIZACAO DA VIDA ANIMAL ARCA DE NOE NOVA S;37.428.284/0001-21;1371;SEMAD;SECRETARIA DE ESTADO DE MEIO AMBIENTE E DESENVOLVIMENTO SUSTENTAVEL;41;CONTRIBUICOES;1;CONTRIBUICOES;10;RECURSOS ORDINARIOS - RECURSOS NAO VINCULADOS DE IMPOSTOS;100000,0;100000,0;100000,0
9389651;396;2023-07-07 00:00:00;PM CIPOTANEA;18.094.805/0001-07;1371;SEMAD;SECRETARIA DE ESTADO DE MEIO AMBIENTE E DESENVOLVIMENTO SUSTENTAVEL;41;CONTRIBUICOES;1;CONTRIBUICOES;15;RECURSOS ORDINARIOS - OUTROS RECURSOS NAO VINCULADOS;550000,0;550000,0;550000,0
9389652;2115;2023-07-03 00:00:00;PM IBITIURA DE MINAS;18.178.962/0001-09;1491;SEGOV;SECRETARIA DE ESTADO DE GOVERNO;42;AUXILIOS;1;AUXILIOS;15;RECURSOS ORDINARIOS - OUTROS RECURSOS NAO VINCULADOS;338206,48;338206,48;338206,48
9389653;80;2023-07-04 00:00:00;ASSOCIACAO DE RESGATE DA DIGNIDADE HUMANA PROVIDENCIA DIVINA;22.643.399/0001-61;1491;SEGOV;SECRETARIA DE ESTADO DE GOVERNO;42;AUXILIOS;1;AUXILIOS;10;RECURSOS ORDINARIOS - RECURSOS NAO VINCULADOS DE IMPOSTOS;132507,97;132507,97;132507,97
9389654;77;2023-07-03 00:00:00;ASSOCIACAO DOS DOADORES DE SANGUE DE BOM DESPACHO;04.734.447/0001-45;1491;SEGOV;SECRETARIA DE ESTADO DE GOVERNO;42;AUXILIOS;1;AUXILIOS;10;RECURSOS ORDINARIOS - RECURSOS NAO VINCULADOS DE IMPOSTOS;89956,58;89956,58;89956,58
9389655;76;2023-07-03 00:00:00;CENTRO DE RECUPERACAO SAMARITANO;20.158.170/0001-06;1491;SEGOV;SECRETARIA DE ESTADO DE GOVERNO;42;AUXILIOS;1;AUXILIOS;10;RECURSOS ORDINARIOS - RECURSOS NAO VINCULADOS DE IMPOSTOS;97038,9;97038,9;97038,9
9389656;456;2023-07-18 00:00:00;ASSOCIACAO CULTURAL JOVENS CENICOS;34.621.327/0001-00;1271;SECULT;SECRETARIA DE ESTADO DE CULTURA E TURISMO;42;AUXILIOS;1;AUXILIOS;10;RECURSOS ORDINARIOS - RECURSOS NAO VINCULADOS DE IMPOSTOS;88623,86;88623,86;88623,86
9389657;72;2023-07-03 00:00:00;ASSOCIACAO DE PAIS E AMIGOS DOS EXCEPCIONAIS DE GUARANESIA;21.417.837/0001-00;1491;SEGOV;SECRETARIA DE ESTADO DE GOVERNO;42;AUXILIOS;1;AUXILIOS;10;RECURSOS ORDINARIOS - RECURSOS NAO VINCULADOS DE IMPOSTOS;89988,68;89988,68;89988,68
9389658;457;2023-07-18 00:00:00;CORO E ORQUESTRA DE CAMARA DE SAO BRAS;17.393.323/0001-95;1271;SECULT;SECRETARIA DE ESTADO DE CULTURA E TURISMO;42;AUXILIOS;1;AUXILIOS;10;RECURSOS ORDINARIOS - RECURSOS NAO VINCULADOS DE IMPOSTOS;100000,0;100000,0;100000,0
9389659;78;2023-07-04 00:00:00;ASSOCIACAO MIGUEL REGO ALENCAR;23.069.052/0001-10;1491;SEGOV;SECRETARIA DE ESTADO DE GOVERNO;42;AUXILIOS;1;AUXILIOS;10;RECURSOS ORDINARIOS - RECURSOS NAO VINCULADOS DE IMPOSTOS;322264,5;322264,5;322264,5
9389660;73;2023-07-03 00:00:00;ADOTAR -ADOTANDO VIDAS;15.671.055/0001-09;1491;SEGOV;SECRETARIA DE ESTADO DE GOVERNO;42;AUXILIOS;1;AUXILIOS;10;RECURSOS ORDINARIOS - RECURSOS NAO VINCULADOS DE IMPOSTOS;132310,0;132310,0;132310,0
9389661;75;2023-07-03 00:00:00;CONSELHO PARTICULAR VICENTINO DE ITAJUBA;21.041.405/0001-48;1491;SEGOV;SECRETARIA DE ESTADO DE GOVERNO;42;AUXILIOS;1;AUXILIOS;10;RECURSOS ORDINARIOS - RECURSOS NAO VINCULADOS DE IMPOSTOS;110900,0;110900,0;110900,0
9389662;74;2023-07-03 00:00:00;SERVICO DE OBRAS SOCIAIS DE LAGOA DA PRATA;21.995.683/0001-34;1491;SEGOV;SECRETARIA DE ESTADO DE GOVERNO;42;AUXILIOS;1;AUXILIOS;10;RECURSOS ORDINARIOS - RECURSOS NAO VINCULADOS DE IMPOSTOS;100000,0;100000,0;100000,0
9389663;455;2023-07-18 00:00:00;SOCIEDADE MUSICAL SETE DE SETEMBRO;17.709.031/0001-19;1271;SECULT;SECRETARIA DE ESTADO DE CULTURA E TURISMO;42;AUXILIOS;1;AUXILIOS;10;RECURSOS ORDINARIOS - RECURSOS NAO VINCULADOS DE IMPOSTOS;98183,58;98183,58;98183,58
9389664;453;2023-07-18 00:00:00;INSTITUTO DE GESTAO PUBLICA E PROJETOS;31.595.233/0001-08;1271;SECULT;SECRETARIA DE ESTADO DE CULTURA E TURISMO;42;AUXILIOS;1;AUXILIOS;10;RECURSOS ORDINARIOS - RECURSOS NAO VINCULADOS DE IMPOSTOS;88623,86;88623,86;88623,86
9389665;463;2023-07-18 00:00:00;PM RUBELITA;24.363.590/0001-85;1271;SECULT;SECRETARIA DE ESTADO DE CULTURA E TURISMO;42;AUXILIOS;1;AUXILIOS;10;RECURSOS ORDINARIOS - RECURSOS NAO VINCULADOS DE IMPOSTOS;87737,63;87737,63;87737,63
9389667;288;2023-07-04 00:00:00;PM FRANCISCO BADARO;18.051.524/0001-77;1301;SEINFRA;SECRETARIA DE ESTADO DE INFRAESTRUTURA, MOBILIDADE E PARCERIAS;42;AUXILIOS;1;AUXILIOS;15;RECURSOS ORDINARIOS - OUTROS RECURSOS NAO VINCULADOS;300000,0;300000,0;300000,0
9389668;289;2023-07-04 00:00:00;PM SAO JOAO DO ORIENTE;18.338.848/0001-90;1301;SEINFRA;SECRETARIA DE ESTADO DE INFRAESTRUTURA, MOBILIDADE E PARCERIAS;42;AUXILIOS;1;AUXILIOS;15;RECURSOS ORDINARIOS - OUTROS RECURSOS NAO VINCULADOS;300000,0;300000,0;300000,0
9389687;2117;2023-07-04 00:00:00;PM TUMIRITINGA;21.078.563/0001-72;1491;SEGOV;SECRETARIA DE ESTADO DE GOVERNO;42;AUXILIOS;1;AUXILIOS;15;RECURSOS ORDINARIOS - OUTROS RECURSOS NAO VINCULADOS;300000,0;300000,0;300000,0
9389689;2118;2023-07-04 00:00:00;PM IBIRACI;17.894.072/0001-22;1491;SEGOV;SECRETARIA DE ESTADO DE GOVERNO;42;AUXILIOS;1;AUXILIOS;15;RECURSOS ORDINARIOS - OUTROS RECURSOS NAO VINCULADOS;291238,72;291238,72;291238,72
9389690;2116;2023-07-04 00:00:00;PM PEDRA DO ANTA;18.133.439/0001-58;1491;SEGOV;SECRETARIA DE ESTADO DE GOVERNO;42;AUXILIOS;1;AUXILIOS;15;RECURSOS ORDINARIOS - OUTROS RECURSOS NAO VINCULADOS;130986,9;130986,9;130986,9
9389691;83;2023-07-04 00:00:00;LAR CRIANCA FELIZ DE POCOS DE CALDAS;41.883.497/0001-10;1491;SEGOV;SECRETARIA DE ESTADO DE GOVERNO;42;AUXILIOS;1;AUXILIOS;10;RECURSOS ORDINARIOS - RECURSOS NAO VINCULADOS DE IMPOSTOS;90000,0;90000,0;90000,0
9389693;84;2023-07-04 00:00:00;ASSOCIACAO DE PAIS E AMIGOS DOS EXCEPCIONAIS DE PASSOS;17.921.537/0001-97;1491;SEGOV;SECRETARIA DE ESTADO DE GOVERNO;42;AUXILIOS;1;AUXILIOS;10;RECURSOS ORDINARIOS - RECURSOS NAO VINCULADOS DE IMPOSTOS;90000,0;90000,0;90000,0
9389694;3300;2023-08-10 00:00:00;PM MENDES PIMENTEL;18.505.347/0001-51;4291;FES;FUNDO ESTADUAL DE SAUDE;42;AUXILIOS;1;AUXILIOS;10;RECURSOS ORDINARIOS - RECURSOS NAO VINCULADOS DE IMPOSTOS;275000,0;275000,0;275000,0
9389695;87;2023-07-06 00:00:00;ASSOCIACAO DOS PRODUTORES RURAIS DA COMUNIDADE BERTOLINO;12.009.917/0001-36;1491;SEGOV;SECRETARIA DE ESTADO DE GOVERNO;42;AUXILIOS;1;AUXILIOS;10;RECURSOS ORDINARIOS - RECURSOS NAO VINCULADOS DE IMPOSTOS;45000,0;45000,0;45000,0
9389696;85;2023-07-04 00:00:00;ASSOC.COMUNITARIA DOS MORADORES DA VILA DE SANTANA/ESPINOSA;11.908.468/0001-03;1491;SEGOV;SECRETARIA DE ESTADO DE GOVERNO;42;AUXILIOS;1;AUXILIOS;10;RECURSOS ORDINARIOS - RECURSOS NAO VINCULADOS DE IMPOSTOS;88623,86;88623,86;88623,86
9389697;86;2023-07-04 00:00:00;ASSOCIACAO ESPORTIVA BAMBUIENSE;20.936.035/0001-44;1491;SEGOV;SECRETARIA DE ESTADO DE GOVERNO;42;AUXILIOS;1;AUXILIOS;10;RECURSOS ORDINARIOS - RECURSOS NAO VINCULADOS DE IMPOSTOS;33000,0;33000,0;33000,0
9389698;79;2023-07-04 00:00:00;EDUCANDARIO SENHOR BOM JESUS DOS PASSOS;23.282.148/0001-61;1491;SEGOV;SECRETARIA DE ESTADO DE GOVERNO;42;AUXILIOS;1;AUXILIOS;10;RECURSOS ORDINARIOS - RECURSOS NAO VINCULADOS DE IMPOSTOS;89823,26;89823,26;89823,26
9389699;81;2023-07-04 00:00:00;CENTRO COMUNITARIO DE GLAUCILANDIA;21.358.437/0001-71;1491;SEGOV;SECRETARIA DE ESTADO DE GOVERNO;42;AUXILIOS;1;AUXILIOS;10;RECURSOS ORDINARIOS - RECURSOS NAO VINCULADOS DE IMPOSTOS;88623,86;88623,86;88623,86
9389700;82;2023-07-04 00:00:00;ASSOCIACAO DE APRENDIZAGEM E CIDADANIA DE FRONTEIRA-MG;17.561.047/0001-27;1491;SEGOV;SECRETARIA DE ESTADO DE GOVERNO;42;AUXILIOS;1;AUXILIOS;10;RECURSOS ORDINARIOS - RECURSOS NAO VINCULADOS DE IMPOSTOS;90000,0;90000,0;90000,0
9389713;438;2023-07-06 00:00:00;PM NANUQUE;18.398.974/0001-30;1271;SECULT;SECRETARIA DE ESTADO DE CULTURA E TURISMO;41;CONTRIBUICOES;1;CONTRIBUICOES;15;RECURSOS ORDINARIOS - OUTROS RECURSOS NAO VINCULADOS;245000,0;245000,0;245000,0
9389751;451;2023-07-18 00:00:00;INSTITUTO ROSACEAS;08.718.928/0001-18;1271;SECULT;SECRETARIA DE ESTADO DE CULTURA E TURISMO;42;AUXILIOS;1;AUXILIOS;10;RECURSOS ORDINARIOS - RECURSOS NAO VINCULADOS DE IMPOSTOS;88723,9;88723,9;88723,9
9389752;491;2023-07-19 00:00:00;INSTITUTO CULTURAL AMILCAR MARTINS;05.055.795/0001-59;1271;SECULT;SECRETARIA DE ESTADO DE CULTURA E TURISMO;41;CONTRIBUICOES;1;CONTRIBUICOES;10;RECURSOS ORDINARIOS - RECURSOS NAO VINCULADOS DE IMPOSTOS;90000,0;90000,0;90000,0
9389753;480;2023-07-19 00:00:00;INSTITUTO CULTURAL AMILCAR MARTINS;05.055.795/0001-59;1271;SECULT;SECRETARIA DE ESTADO DE CULTURA E TURISMO;41;CONTRIBUICOES;1;CONTRIBUICOES;10;RECURSOS ORDINARIOS - RECURSOS NAO VINCULADOS DE IMPOSTOS;100000,0;100000,0;100000,0
9389754;484;2023-07-19 00:00:00;CENTRO CULTURAL DONA ANTONIA;08.279.756/0001-23;1271;SECULT;SECRETARIA DE ESTADO DE CULTURA E TURISMO;41;CONTRIBUICOES;1;CONTRIBUICOES;10;RECURSOS ORDINARIOS - RECURSOS NAO VINCULADOS DE IMPOSTOS;90000,0;90000,0;90000,0
9389755;473;2023-07-19 00:00:00;APJ APRENDER PRODUZIR JUNTOS;22.057.335/0001-89;1271;SECULT;SECRETARIA DE ESTADO DE CULTURA E TURISMO;41;CONTRIBUICOES;1;CONTRIBUICOES;10;RECURSOS ORDINARIOS - RECURSOS NAO VINCULADOS DE IMPOSTOS;458323,0;458323,0;458323,0
9389755;474;2023-07-19 00:00:00;APJ APRENDER PRODUZIR JUNTOS;22.057.335/0001-89;1271;SECULT;SECRETARIA DE ESTADO DE CULTURA E TURISMO;42;AUXILIOS;1;AUXILIOS;10;RECURSOS ORDINARIOS - RECURSOS NAO VINCULADOS DE IMPOSTOS;67000,0;67000,0;67000,0
9389756;495;2023-07-25 00:00:00;FUNDACAO EDUCATIVA E CULTURAL SAO JUDAS TADEU;04.443.094/0001-24;1271;SECULT;SECRETARIA DE ESTADO DE CULTURA E TURISMO;42;AUXILIOS;1;AUXILIOS;10;RECURSOS ORDINARIOS - RECURSOS NAO VINCULADOS DE IMPOSTOS;400000,0;400000,0;400000,0
9389757;466;2023-07-18 00:00:00;CENTRO DE APOIO PROMOCIONAL E EDUCACIONAL SANTO HERMANN JOSE;00.244.388/0001-76;1271;SECULT;SECRETARIA DE ESTADO DE CULTURA E TURISMO;41;CONTRIBUICOES;1;CONTRIBUICOES;10;RECURSOS ORDINARIOS - RECURSOS NAO VINCULADOS DE IMPOSTOS;100000,0;100000,0;100000,0
9389758;465;2023-07-18 00:00:00;ASSOCIACAO CAMPO DAS VERTENTES;09.593.822/0001-06;1271;SECULT;SECRETARIA DE ESTADO DE CULTURA E TURISMO;41;CONTRIBUICOES;1;CONTRIBUICOES;10;RECURSOS ORDINARIOS - RECURSOS NAO VINCULADOS DE IMPOSTOS;200000,0;200000,0;200000,0
9389759;464;2023-07-18 00:00:00;IRMANDADE NOSSA SENHORA DO ROSARIO DE CONTAGEM;20.102.711/0001-84;1271;SECULT;SECRETARIA DE ESTADO DE CULTURA E TURISMO;41;CONTRIBUICOES;1;CONTRIBUICOES;10;RECURSOS ORDINARIOS - RECURSOS NAO VINCULADOS DE IMPOSTOS;149085,0;149085,0;149085,0
9389760;448;2023-07-12 00:00:00;APJ APRENDER PRODUZIR JUNTOS;22.057.335/0001-89;1271;SECULT;SECRETARIA DE ESTADO DE CULTURA E TURISMO;41;CONTRIBUICOES;1;CONTRIBUICOES;10;RECURSOS ORDINARIOS - RECURSOS NAO VINCULADOS DE IMPOSTOS;0,0;0,0;0,0
9389760;493;2023-07-20 00:00:00;APJ APRENDER PRODUZIR JUNTOS;22.057.335/0001-89;1271;SECULT;SECRETARIA DE ESTADO DE CULTURA E TURISMO;41;CONTRIBUICOES;1;CONTRIBUICOES;10;RECURSOS ORDINARIOS - RECURSOS NAO VINCULADOS DE IMPOSTOS;242325,0;242325,0;242325,0
9389778;2010;2023-07-11 00:00:00;PM PERDIZES;18.140.772/0001-94;1261;SEE;SECRETARIA DE ESTADO DE EDUCACAO;42;AUXILIOS;1;AUXILIOS;10;RECURSOS ORDINARIOS - RECURSOS NAO VINCULADOS DE IMPOSTOS;200000,0;200000,0;200000,0
9389804;789;2023-07-12 00:00:00;PM JAGUARACU;16.816.522/0001-04;1261;SEE;SECRETARIA DE ESTADO DE EDUCACAO;42;AUXILIOS;1;AUXILIOS;10;RECURSOS ORDINARIOS - RECURSOS NAO VINCULADOS DE IMPOSTOS;514000,0;514000,0;514000,0
9389805;790;2023-07-12 00:00:00;PM PALMOPOLIS;66.234.345/0001-18;1261;SEE;SECRETARIA DE ESTADO DE EDUCACAO;42;AUXILIOS;1;AUXILIOS;10;RECURSOS ORDINARIOS - RECURSOS NAO VINCULADOS DE IMPOSTOS;318000,0;318000,0;318000,0
9389806;791;2023-07-12 00:00:00;PM SANTO ANTONIO DO AMPARO;18.244.335/0001-10;1261;SEE;SECRETARIA DE ESTADO DE EDUCACAO;42;AUXILIOS;1;AUXILIOS;10;RECURSOS ORDINARIOS - RECURSOS NAO VINCULADOS DE IMPOSTOS;1281000,0;1281000,0;1281000,0
9389807;792;2023-07-12 00:00:00;PM ITUETA;18.413.179/0001-74;1261;SEE;SECRETARIA DE ESTADO DE EDUCACAO;42;AUXILIOS;1;AUXILIOS;10;RECURSOS ORDINARIOS - RECURSOS NAO VINCULADOS DE IMPOSTOS;1852000,0;1852000,0;1852000,0
9389808;793;2023-07-12 00:00:00;PM JACUTINGA;17.914.128/0001-63;1261;SEE;SECRETARIA DE ESTADO DE EDUCACAO;42;AUXILIOS;1;AUXILIOS;10;RECURSOS ORDINARIOS - RECURSOS NAO VINCULADOS DE IMPOSTOS;745000,0;745000,0;745000,0
9389809;794;2023-07-12 00:00:00;PM CARATINGA;18.334.268/0001-25;1261;SEE;SECRETARIA DE ESTADO DE EDUCACAO;42;AUXILIOS;1;AUXILIOS;10;RECURSOS ORDINARIOS - RECURSOS NAO VINCULADOS DE IMPOSTOS;400000,0;400000,0;400000,0
9389810;795;2023-07-12 00:00:00;PM RESSAQUINHA;18.094.847/0001-48;1261;SEE;SECRETARIA DE ESTADO DE EDUCACAO;42;AUXILIOS;1;AUXILIOS;10;RECURSOS ORDINARIOS - RECURSOS NAO VINCULADOS DE IMPOSTOS;427000,0;427000,0;427000,0
9389813;446;2023-07-11 00:00:00;PM FELICIO DOS SANTOS;17.754.201/0001-87;1271;SECULT;SECRETARIA DE ESTADO DE CULTURA E TURISMO;41;CONTRIBUICOES;1;CONTRIBUICOES;10;RECURSOS ORDINARIOS - RECURSOS NAO VINCULADOS DE IMPOSTOS;100000,0;100000,0;100000,0
9389821;242;2023-07-25 00:00:00;PM NAQUE;01.613.208/0001-49;1231;SEAPA;SECRETARIA DE ESTADO DE AGRICULTURA, PECUARIA E ABASTECIMENTO - SEAPA;41;CONTRIBUICOES;1;CONTRIBUICOES;15;RECURSOS ORDINARIOS - OUTROS RECURSOS NAO VINCULADOS;491166,67;491166,67;491166,67
9389823;243;2023-07-25 00:00:00;PM MARIPA DE MINAS;17.724.162/0001-75;1231;SEAPA;SECRETARIA DE ESTADO DE AGRICULTURA, PECUARIA E ABASTECIMENTO - SEAPA;41;CONTRIBUICOES;1;CONTRIBUICOES;15;RECURSOS ORDINARIOS - OUTROS RECURSOS NAO VINCULADOS;698694,81;698694,81;698694,81
9389824;244;2023-07-25 00:00:00;PM ROCHEDO DE MINAS;18.558.080/0001-60;1231;SEAPA;SECRETARIA DE ESTADO DE AGRICULTURA, PECUARIA E ABASTECIMENTO - SEAPA;41;CONTRIBUICOES;1;CONTRIBUICOES;15;RECURSOS ORDINARIOS - OUTROS RECURSOS NAO VINCULADOS;297925,21;297925,21;297925,21
9389825;245;2023-07-25 00:00:00;PM CATAS ALTAS DA NORUEGA;19.718.378/0001-53;1231;SEAPA;SECRETARIA DE ESTADO DE AGRICULTURA, PECUARIA E ABASTECIMENTO - SEAPA;41;CONTRIBUICOES;1;CONTRIBUICOES;15;RECURSOS ORDINARIOS - OUTROS RECURSOS NAO VINCULADOS;600000,0;600000,0;600000,0
9389828;479;2023-07-19 00:00:00;CENTRO CULTURAL DONA ANTONIA;08.279.756/0001-23;1271;SECULT;SECRETARIA DE ESTADO DE CULTURA E TURISMO;41;CONTRIBUICOES;1;CONTRIBUICOES;10;RECURSOS ORDINARIOS - RECURSOS NAO VINCULADOS DE IMPOSTOS;300000,0;300000,0;300000,0
9389830;488;2023-07-19 00:00:00;SCOLA DE SAMBA UNIDOS DO ZQ;06.086.463/0001-02;1271;SECULT;SECRETARIA DE ESTADO DE CULTURA E TURISMO;42;AUXILIOS;1;AUXILIOS;10;RECURSOS ORDINARIOS - RECURSOS NAO VINCULADOS DE IMPOSTOS;89997,45;89997,45;89997,45
9389831;490;2023-07-19 00:00:00;BANDA DE CONGO NOSSA SENHORA DO ROSARIO DE PAULA CANDIDO;37.514.950/0001-44;1271;SECULT;SECRETARIA DE ESTADO DE CULTURA E TURISMO;41;CONTRIBUICOES;1;CONTRIBUICOES;10;RECURSOS ORDINARIOS - RECURSOS NAO VINCULADOS DE IMPOSTOS;100000,0;100000,0;100000,0
9389832;476;2023-07-19 00:00:00;CULTURA GLOBAL;21.118.996/0001-04;1271;SECULT;SECRETARIA DE ESTADO DE CULTURA E TURISMO;41;CONTRIBUICOES;1;CONTRIBUICOES;10;RECURSOS ORDINARIOS - RECURSOS NAO VINCULADOS DE IMPOSTOS;300000,0;300000,0;300000,0
9389836;60;2023-07-18 00:00:00;ASSOCIACAO DOS SURDOS DE BETIM;02.566.745/0001-48;1481;SEDESE;SECRETARIA DE ESTADO DE DESENVOLVIMENTO SOCIAL;43;SUBVENCOES SOCIAIS;1;SUBVENCOES SOCIAIS;10;RECURSOS ORDINARIOS - RECURSOS NAO VINCULADOS DE IMPOSTOS;90000,0;90000,0;90000,0
9389837;61;2023-07-18 00:00:00;DISPENSARIO DOS POBRES DE DORES DO INDAIA;16.742.793/0001-54;1481;SEDESE;SECRETARIA DE ESTADO DE DESENVOLVIMENTO SOCIAL;43;SUBVENCOES SOCIAIS;1;SUBVENCOES SOCIAIS;10;RECURSOS ORDINARIOS - RECURSOS NAO VINCULADOS DE IMPOSTOS;85842,35;85842,35;85842,35
9389838;42;2023-07-17 00:00:00;LAR BENEFICENTE SAO VICENTE DE PAULO DE CACHOEIRA DE MINAS;17.418.906/0001-23;1481;SEDESE;SECRETARIA DE ESTADO DE DESENVOLVIMENTO SOCIAL;43;SUBVENCOES SOCIAIS;1;SUBVENCOES SOCIAIS;10;RECURSOS ORDINARIOS - RECURSOS NAO VINCULADOS DE IMPOSTOS;100000,0;100000,0;100000,0
9389839;45;2023-07-17 00:00:00;COMUNIDADE TERAPEUTICA SAO FRANCISCO DE ASSIS;08.926.740/0001-65;1481;SEDESE;SECRETARIA DE ESTADO DE DESENVOLVIMENTO SOCIAL;43;SUBVENCOES SOCIAIS;1;SUBVENCOES SOCIAIS;10;RECURSOS ORDINARIOS - RECURSOS NAO VINCULADOS DE IMPOSTOS;90000,0;90000,0;90000,0
9389840;71;2023-07-18 00:00:00;INSTITUTO ENDERSON MOREIRA;35.639.282/0001-56;1481;SEDESE;SECRETARIA DE ESTADO DE DESENVOLVIMENTO SOCIAL;43;SUBVENCOES SOCIAIS;1;SUBVENCOES SOCIAIS;10;RECURSOS ORDINARIOS - RECURSOS NAO VINCULADOS DE IMPOSTOS;90000,0;90000,0;90000,0
9389841;11;2023-07-17 00:00:00;ACAO SOCIAL VILLAREGIA;27.825.112/0001-38;1481;SEDESE;SECRETARIA DE ESTADO DE DESENVOLVIMENTO SOCIAL;43;SUBVENCOES SOCIAIS;1;SUBVENCOES SOCIAIS;10;RECURSOS ORDINARIOS - RECURSOS NAO VINCULADOS DE IMPOSTOS;210000,0;210000,0;210000,0
9389842;63;2023-07-18 00:00:00;ASILO SAO VICENTE DE PAULO/ PARAISOPOLIS;23.195.001/0001-34;1481;SEDESE;SECRETARIA DE ESTADO DE DESENVOLVIMENTO SOCIAL;43;SUBVENCOES SOCIAIS;1;SUBVENCOES SOCIAIS;10;RECURSOS ORDINARIOS - RECURSOS NAO VINCULADOS DE IMPOSTOS;89999,95;89999,95;89999,95
9389843;47;2023-07-17 00:00:00;INSTITUTO REABILITAR - EQUOCENTRO;33.240.883/0001-66;1481;SEDESE;SECRETARIA DE ESTADO DE DESENVOLVIMENTO SOCIAL;43;SUBVENCOES SOCIAIS;1;SUBVENCOES SOCIAIS;10;RECURSOS ORDINARIOS - RECURSOS NAO VINCULADOS DE IMPOSTOS;90000,0;90000,0;90000,0
9390039;27;2023-07-17 00:00:00;ASSOCIACAO CASA SAGRADA FAMILIA;11.125.793/0001-91;1481;SEDESE;SECRETARIA DE ESTADO DE DESENVOLVIMENTO SOCIAL;42;AUXILIOS;1;AUXILIOS;10;RECURSOS ORDINARIOS - RECURSOS NAO VINCULADOS DE IMPOSTOS;100000,0;100000,0;100000,0
9390045;8;2023-07-17 00:00:00;ASSOCIACAO DE PAIS E AMIGOS DOS EXCEPCIONAIS;20.875.308/0001-98;1481;SEDESE;SECRETARIA DE ESTADO DE DESENVOLVIMENTO SOCIAL;43;SUBVENCOES SOCIAIS;1;SUBVENCOES SOCIAIS;10;RECURSOS ORDINARIOS - RECURSOS NAO VINCULADOS DE IMPOSTOS;90000,0;90000,0;90000,0
9390048;12;2023-07-17 00:00:00;APAE SANTO ANTONIO DO MONTE;20.897.450/0001-36;1481;SEDESE;SECRETARIA DE ESTADO DE DESENVOLVIMENTO SOCIAL;42;AUXILIOS;1;AUXILIOS;10;RECURSOS ORDINARIOS - RECURSOS NAO VINCULADOS DE IMPOSTOS;90000,0;90000,0;90000,0
9390049;51;2023-07-17 00:00:00;APAE DE CAETE;21.000.203/0001-58;1481;SEDESE;SECRETARIA DE ESTADO DE DESENVOLVIMENTO SOCIAL;43;SUBVENCOES SOCIAIS;1;SUBVENCOES SOCIAIS;10;RECURSOS ORDINARIOS - RECURSOS NAO VINCULADOS DE IMPOSTOS;90000,0;90000,0;90000,0
9390050;52;2023-07-17 00:00:00;ASSOC. PRIMEIRO DE MAIO DA VILA VISTA ALEGRE;21.127.840/0001-90;1481;SEDESE;SECRETARIA DE ESTADO DE DESENVOLVIMENTO SOCIAL;42;AUXILIOS;1;AUXILIOS;10;RECURSOS ORDINARIOS - RECURSOS NAO VINCULADOS DE IMPOSTOS;180000,0;180000,0;180000,0
9390051;17;2023-07-17 00:00:00;ASSOCIACAO DAS VILAS REUNIDAS, NUCLEO ESPORTIVO & CULTURAL;19.702.851/0001-04;1481;SEDESE;SECRETARIA DE ESTADO DE DESENVOLVIMENTO SOCIAL;43;SUBVENCOES SOCIAIS;1;SUBVENCOES SOCIAIS;10;RECURSOS ORDINARIOS - RECURSOS NAO VINCULADOS DE IMPOSTOS;99960,0;99960,0;99960,0
9390052;14;2023-07-17 00:00:00;CENTRO DE INTEGRACAO ESPECIAL;25.651.282/0001-18;1481;SEDESE;SECRETARIA DE ESTADO DE DESENVOLVIMENTO SOCIAL;42;AUXILIOS;1;AUXILIOS;10;RECURSOS ORDINARIOS - RECURSOS NAO VINCULADOS DE IMPOSTOS;132310,0;132310,0;132310,0
9390053;26;2023-07-17 00:00:00;INSTITUTO RUMO CERTO;03.991.102/0001-04;1481;SEDESE;SECRETARIA DE ESTADO DE DESENVOLVIMENTO SOCIAL;43;SUBVENCOES SOCIAIS;1;SUBVENCOES SOCIAIS;10;RECURSOS ORDINARIOS - RECURSOS NAO VINCULADOS DE IMPOSTOS;250000,0;250000,0;250000,0
9390054;7;2023-07-17 00:00:00;VILA VICENTINA FURTADA DE MENEZES/CAMPO BELO;18.656.025/0001-03;1481;SEDESE;SECRETARIA DE ESTADO DE DESENVOLVIMENTO SOCIAL;43;SUBVENCOES SOCIAIS;1;SUBVENCOES SOCIAIS;10;RECURSOS ORDINARIOS - RECURSOS NAO VINCULADOS DE IMPOSTOS;199995,5;199995,5;199995,5
9390055;67;2023-07-18 00:00:00;ASSOCIACAO CASA DE DAVI;20.542.770/0001-73;1481;SEDESE;SECRETARIA DE ESTADO DE DESENVOLVIMENTO SOCIAL;42;AUXILIOS;1;AUXILIOS;10;RECURSOS ORDINARIOS - RECURSOS NAO VINCULADOS DE IMPOSTOS;132310,0;132310,0;132310,0
9390056;6;2023-07-17 00:00:00;CONS CENTRAL DA SOC SAO VICENTE DE PAULO;20.664.256/0001-00;1481;SEDESE;SECRETARIA DE ESTADO DE DESENVOLVIMENTO SOCIAL;43;SUBVENCOES SOCIAIS;1;SUBVENCOES SOCIAIS;10;RECURSOS ORDINARIOS - RECURSOS NAO VINCULADOS DE IMPOSTOS;90000,0;90000,0;90000,0
9390059;64;2023-07-18 00:00:00;CENTRO DE VOLUNTARIADO DE APOIO AO MENOR;22.196.299/0001-34;1481;SEDESE;SECRETARIA DE ESTADO DE DESENVOLVIMENTO SOCIAL;43;SUBVENCOES SOCIAIS;1;SUBVENCOES SOCIAIS;10;RECURSOS ORDINARIOS - RECURSOS NAO VINCULADOS DE IMPOSTOS;150000,0;150000,0;150000,0
9390060;478;2023-07-19 00:00:00;CENTRO CULTURAL DONA ANTONIA;08.279.756/0001-23;1271;SECULT;SECRETARIA DE ESTADO DE CULTURA E TURISMO;41;CONTRIBUICOES;1;CONTRIBUICOES;10;RECURSOS ORDINARIOS - RECURSOS NAO VINCULADOS DE IMPOSTOS;200000,0;200000,0;200000,0
9390061;482;2023-07-19 00:00:00;LIGA ECOLOGICA SANTA MATILDE;05.000.222/0001-28;1271;SECULT;SECRETARIA DE ESTADO DE CULTURA E TURISMO;42;AUXILIOS;1;AUXILIOS;10;RECURSOS ORDINARIOS - RECURSOS NAO VINCULADOS DE IMPOSTOS;100000,0;100000,0;100000,0
9390062;5;2023-07-19 00:00:00;FUNDACAO CULTURAL DE UBERABA;20.054.581/0001-51;4491;FEC;FUNDO ESTADUAL DE CULTURA;41;CONTRIBUICOES;1;CONTRIBUICOES;59;OUTROS RECURSOS VINCULADOS;77501,48;77501,48;77501,48
9390063;481;2023-07-19 00:00:00;ASSOCIACAO DAS EMPRESAS DE TURISMO DE SAO JOSE DA BARRA;10.568.489/0001-56;1271;SECULT;SECRETARIA DE ESTADO DE CULTURA E TURISMO;42;AUXILIOS;1;AUXILIOS;10;RECURSOS ORDINARIOS - RECURSOS NAO VINCULADOS DE IMPOSTOS;90000,0;90000,0;90000,0
9390064;475;2023-07-19 00:00:00;CENTRAL DAS ASSOCIACOES DE MORADORES URBANAS E RURAIS DE ITAJUBA;02.942.572/0001-15;1271;SECULT;SECRETARIA DE ESTADO DE CULTURA E TURISMO;41;CONTRIBUICOES;1;CONTRIBUICOES;10;RECURSOS ORDINARIOS - RECURSOS NAO VINCULADOS DE IMPOSTOS;199990,0;199990,0;199990,0
9390064;477;2023-07-19 00:00:00;CENTRAL DAS ASSOCIACOES DE MORADORES URBANAS E RURAIS DE ITAJUBA;02.942.572/0001-15;1271;SECULT;SECRETARIA DE ESTADO DE CULTURA E TURISMO;42;AUXILIOS;1;AUXILIOS;10;RECURSOS ORDINARIOS - RECURSOS NAO VINCULADOS DE IMPOSTOS;50000,0;50000,0;50000,0
9390065;483;2023-07-19 00:00:00;SOCIEDADE CULTURAL DE MINAS GERAIS;15.621.747/0001-34;1271;SECULT;SECRETARIA DE ESTADO DE CULTURA E TURISMO;41;CONTRIBUICOES;1;CONTRIBUICOES;10;RECURSOS ORDINARIOS - RECURSOS NAO VINCULADOS DE IMPOSTOS;90000,0;90000,0;90000,0
9390066;516;2023-08-08 00:00:00;ASSOCIACAO DO CIRCUITO TURISTICO DAS GRUTAS;04.260.822/0001-62;1271;SECULT;SECRETARIA DE ESTADO DE CULTURA E TURISMO;42;AUXILIOS;1;AUXILIOS;95;RECURSOS RECEBIDOS POR DANOS ADVINDOS DE DESASTRES SOCIOAMBIENTAIS;89750,0;89750,0;89750,0
9390067;485;2023-07-19 00:00:00;FUNDACAO DE APOIO AO DESENVOLVIMENTO DO ENSINO SUPERIOR DO NORTE DE MI;01.440.615/0001-00;1271;SECULT;SECRETARIA DE ESTADO DE CULTURA E TURISMO;41;CONTRIBUICOES;1;CONTRIBUICOES;10;RECURSOS ORDINARIOS - RECURSOS NAO VINCULADOS DE IMPOSTOS;100000,0;100000,0;100000,0
9390067;486;2023-07-19 00:00:00;FUNDACAO DE APOIO AO DESENVOLVIMENTO DO ENSINO SUPERIOR DO NORTE DE MI;01.440.615/0001-00;1271;SECULT;SECRETARIA DE ESTADO DE CULTURA E TURISMO;42;AUXILIOS;1;AUXILIOS;10;RECURSOS ORDINARIOS - RECURSOS NAO VINCULADOS DE IMPOSTOS;100000,0;100000,0;100000,0
9390068;20;2023-07-17 00:00:00;COMUNIDADE SANTO ANTONIO;65.156.408/0001-00;1481;SEDESE;SECRETARIA DE ESTADO DE DESENVOLVIMENTO SOCIAL;43;SUBVENCOES SOCIAIS;1;SUBVENCOES SOCIAIS;10;RECURSOS ORDINARIOS - RECURSOS NAO VINCULADOS DE IMPOSTOS;50000,0;50000,0;50000,0
9390068;21;2023-07-17 00:00:00;COMUNIDADE SANTO ANTONIO;65.156.408/0001-00;1481;SEDESE;SECRETARIA DE ESTADO DE DESENVOLVIMENTO SOCIAL;42;AUXILIOS;1;AUXILIOS;10;RECURSOS ORDINARIOS - RECURSOS NAO VINCULADOS DE IMPOSTOS;39984,21;39984,21;39984,21
9390069;487;2023-07-19 00:00:00;CONGADO DA IRMANDADE DEVOTOS N SRA DO ROSARIO;19.208.859/0001-19;1271;SECULT;SECRETARIA DE ESTADO DE CULTURA E TURISMO;41;CONTRIBUICOES;1;CONTRIBUICOES;10;RECURSOS ORDINARIOS - RECURSOS NAO VINCULADOS DE IMPOSTOS;45000,0;45000,0;45000,0
9390069;489;2023-07-19 00:00:00;CONGADO DA IRMANDADE DEVOTOS N SRA DO ROSARIO;19.208.859/0001-19;1271;SECULT;SECRETARIA DE ESTADO DE CULTURA E TURISMO;42;AUXILIOS;1;AUXILIOS;10;RECURSOS ORDINARIOS - RECURSOS NAO VINCULADOS DE IMPOSTOS;45000,0;45000,0;45000,0
9390070;472;2023-07-19 00:00:00;ASSOCIACAO DOS ARTESAOS E ARTISTAS DE CAETE;03.612.775/0001-06;1271;SECULT;SECRETARIA DE ESTADO DE CULTURA E TURISMO;42;AUXILIOS;1;AUXILIOS;10;RECURSOS ORDINARIOS - RECURSOS NAO VINCULADOS DE IMPOSTOS;200000,0;200000,0;200000,0
9390071;470;2023-07-19 00:00:00;INSTITUTO CULTURAL SEMIFUSA;14.546.793/0001-53;1271;SECULT;SECRETARIA DE ESTADO DE CULTURA E TURISMO;41;CONTRIBUICOES;1;CONTRIBUICOES;10;RECURSOS ORDINARIOS - RECURSOS NAO VINCULADOS DE IMPOSTOS;76400,0;76400,0;76400,0
9390071;471;2023-07-19 00:00:00;INSTITUTO CULTURAL SEMIFUSA;14.546.793/0001-53;1271;SECULT;SECRETARIA DE ESTADO DE CULTURA E TURISMO;42;AUXILIOS;1;AUXILIOS;10;RECURSOS ORDINARIOS - RECURSOS NAO VINCULADOS DE IMPOSTOS;13598,86;13598,86;13598,86
9390073;59;2023-07-18 00:00:00;INST. MEDICO PSICO. PEDAGOGICO;17.688.094/0001-36;1481;SEDESE;SECRETARIA DE ESTADO DE DESENVOLVIMENTO SOCIAL;42;AUXILIOS;1;AUXILIOS;10;RECURSOS ORDINARIOS - RECURSOS NAO VINCULADOS DE IMPOSTOS;341622,7;341622,7;341622,7
9390074;13;2023-07-17 00:00:00;CARITAS ARQUIDIOCESANA DE MONTES CLAROS;07.487.008/0001-73;1481;SEDESE;SECRETARIA DE ESTADO DE DESENVOLVIMENTO SOCIAL;42;AUXILIOS;1;AUXILIOS;10;RECURSOS ORDINARIOS - RECURSOS NAO VINCULADOS DE IMPOSTOS;88623,86;88623,86;88623,86
9390075;18;2023-07-17 00:00:00;FUNDACAO DOM BOSCO;17.278.904/0001-86;1481;SEDESE;SECRETARIA DE ESTADO DE DESENVOLVIMENTO SOCIAL;42;AUXILIOS;1;AUXILIOS;10;RECURSOS ORDINARIOS - RECURSOS NAO VINCULADOS DE IMPOSTOS;90000,0;90000,0;90000,0
9390076;10;2023-07-17 00:00:00;OBRAS ASSISTENCIS PADRE AUGUSTO CERDEIRA CARMO DO CAJURU;20.890.067/0001-56;1481;SEDESE;SECRETARIA DE ESTADO DE DESENVOLVIMENTO SOCIAL;42;AUXILIOS;1;AUXILIOS;10;RECURSOS ORDINARIOS - RECURSOS NAO VINCULADOS DE IMPOSTOS;200000,0;200000,0;200000,0
9390077;4;2023-07-17 00:00:00;ASSOCIACAO DE PAIS E AMIGOS DOS EXCEPCIONAIS DE ITANHANDU;17.904.913/0001-35;1481;SEDESE;SECRETARIA DE ESTADO DE DESENVOLVIMENTO SOCIAL;42;AUXILIOS;1;AUXILIOS;10;RECURSOS ORDINARIOS - RECURSOS NAO VINCULADOS DE IMPOSTOS;88623,86;88623,86;88623,86
9390078;34;2023-07-17 00:00:00;CENTRO SOCIAL VEM COM A GENTE;36.282.594/0001-18;1481;SEDESE;SECRETARIA DE ESTADO DE DESENVOLVIMENTO SOCIAL;43;SUBVENCOES SOCIAIS;1;SUBVENCOES SOCIAIS;10;RECURSOS ORDINARIOS - RECURSOS NAO VINCULADOS DE IMPOSTOS;300000,0;300000,0;300000,0
9390079;9;2023-07-17 00:00:00;CENTRO DE APOIO PROMOCIONAL E EDUCACIONAL SANTO HERMANN JOSE;00.244.388/0001-76;1481;SEDESE;SECRETARIA DE ESTADO DE DESENVOLVIMENTO SOCIAL;42;AUXILIOS;1;AUXILIOS;10;RECURSOS ORDINARIOS - RECURSOS NAO VINCULADOS DE IMPOSTOS;90000,0;90000,0;90000,0
9390080;15;2023-07-17 00:00:00;CHAME - CENTRO DE INTEGRACAO SOCIAL;20.933.040/0001-01;1481;SEDESE;SECRETARIA DE ESTADO DE DESENVOLVIMENTO SOCIAL;42;AUXILIOS;1;AUXILIOS;10;RECURSOS ORDINARIOS - RECURSOS NAO VINCULADOS DE IMPOSTOS;90000,0;90000,0;90000,0
9390082;24;2023-07-17 00:00:00;COMUNIDADE CASA;21.241.377/0006-17;1481;SEDESE;SECRETARIA DE ESTADO DE DESENVOLVIMENTO SOCIAL;43;SUBVENCOES SOCIAIS;1;SUBVENCOES SOCIAIS;10;RECURSOS ORDINARIOS - RECURSOS NAO VINCULADOS DE IMPOSTOS;59900,0;59900,0;59900,0
9390082;25;2023-07-17 00:00:00;COMUNIDADE CASA;21.241.377/0006-17;1481;SEDESE;SECRETARIA DE ESTADO DE DESENVOLVIMENTO SOCIAL;42;AUXILIOS;1;AUXILIOS;10;RECURSOS ORDINARIOS - RECURSOS NAO VINCULADOS DE IMPOSTOS;139800,0;139800,0;139800,0
9390083;23;2023-07-17 00:00:00;ASSOCIACAO FRANCISCO DE ASSIS;06.097.793/0001-95;1481;SEDESE;SECRETARIA DE ESTADO DE DESENVOLVIMENTO SOCIAL;42;AUXILIOS;1;AUXILIOS;10;RECURSOS ORDINARIOS - RECURSOS NAO VINCULADOS DE IMPOSTOS;89990,29;89990,29;89990,29
9390085;50;2023-07-17 00:00:00;ASSOCIACAO CULTURAL CASA DA CAPOEIRA;20.555.901/0001-57;1481;SEDESE;SECRETARIA DE ESTADO DE DESENVOLVIMENTO SOCIAL;42;AUXILIOS;1;AUXILIOS;10;RECURSOS ORDINARIOS - RECURSOS NAO VINCULADOS DE IMPOSTOS;130000,0;130000,0;130000,0
9390086;28;2023-07-17 00:00:00;FUNDACAO DIRCE DA SILVEIRA FIGUEIREDO;08.194.112/0001-32;1481;SEDESE;SECRETARIA DE ESTADO DE DESENVOLVIMENTO SOCIAL;43;SUBVENCOES SOCIAIS;1;SUBVENCOES SOCIAIS;10;RECURSOS ORDINARIOS - RECURSOS NAO VINCULADOS DE IMPOSTOS;90000,0;90000,0;90000,0
9390087;30;2023-07-17 00:00:00;LAR DO IDOSO DIONISIO SOUZA SANTOS;01.411.302/0001-15;1481;SEDESE;SECRETARIA DE ESTADO DE DESENVOLVIMENTO SOCIAL;42;AUXILIOS;1;AUXILIOS;10;RECURSOS ORDINARIOS - RECURSOS NAO VINCULADOS DE IMPOSTOS;132310,0;132310,0;132310,0
9390088;22;2023-07-17 00:00:00;ASSOCIACAO DA CRIANCA E DO ADOLESCENTE DE ITAOBIM;04.021.055/0001-39;1481;SEDESE;SECRETARIA DE ESTADO DE DESENVOLVIMENTO SOCIAL;42;AUXILIOS;1;AUXILIOS;10;RECURSOS ORDINARIOS - RECURSOS NAO VINCULADOS DE IMPOSTOS;163840,0;163840,0;163840,0
9390089;48;2023-07-17 00:00:00;LAR DE MARIA;19.719.772/0001-06;1481;SEDESE;SECRETARIA DE ESTADO DE DESENVOLVIMENTO SOCIAL;42;AUXILIOS;1;AUXILIOS;10;RECURSOS ORDINARIOS - RECURSOS NAO VINCULADOS DE IMPOSTOS;99995,84;99995,84;99995,84
9390090;5;2023-07-17 00:00:00;ASSOCIACAO MAE DA DIVINA PROVIDENCIA DE PRATAPOLIS;05.448.266/0001-15;1481;SEDESE;SECRETARIA DE ESTADO DE DESENVOLVIMENTO SOCIAL;42;AUXILIOS;1;AUXILIOS;10;RECURSOS ORDINARIOS - RECURSOS NAO VINCULADOS DE IMPOSTOS;132310,0;132310,0;132310,0
9390091;16;2023-07-17 00:00:00;ASSOCIACAO ATLETICA MONTE CARMELO;19.111.962/0001-46;1481;SEDESE;SECRETARIA DE ESTADO DE DESENVOLVIMENTO SOCIAL;42;AUXILIOS;1;AUXILIOS;10;RECURSOS ORDINARIOS - RECURSOS NAO VINCULADOS DE IMPOSTOS;299767,89;299767,89;299767,89
9390094;19;2023-07-17 00:00:00;LAR SAO VICENTE DE PAULO DE CAPITOLIO;16.781.239/0001-86;1481;SEDESE;SECRETARIA DE ESTADO DE DESENVOLVIMENTO SOCIAL;42;AUXILIOS;1;AUXILIOS;10;RECURSOS ORDINARIOS - RECURSOS NAO VINCULADOS DE IMPOSTOS;88623,86;88623,86;88623,86
9390095;29;2023-07-17 00:00:00;COMUNIDADE TERAPEUTICA FAZENDA DE RECUPERACAO NOVO CAMINHO;01.812.911/0001-86;1481;SEDESE;SECRETARIA DE ESTADO DE DESENVOLVIMENTO SOCIAL;42;AUXILIOS;1;AUXILIOS;10;RECURSOS ORDINARIOS - RECURSOS NAO VINCULADOS DE IMPOSTOS;88623,86;88623,86;88623,86
9390096;43;2023-07-17 00:00:00;ASSOCIACAO DE ASSISTENCIA AOS DEPENDENTES QUIMICOS, COMUNIDADE TERAPEU;37.452.287/0001-09;1481;SEDESE;SECRETARIA DE ESTADO DE DESENVOLVIMENTO SOCIAL;42;AUXILIOS;1;AUXILIOS;10;RECURSOS ORDINARIOS - RECURSOS NAO VINCULADOS DE IMPOSTOS;117492,0;117492,0;117492,0
9390100;70;2023-07-18 00:00:00;ASSOCIACAO DAS VILAS REUNIDAS, NUCLEO ESPORTIVO & CULTURAL;19.702.851/0001-04;1481;SEDESE;SECRETARIA DE ESTADO DE DESENVOLVIMENTO SOCIAL;43;SUBVENCOES SOCIAIS;1;SUBVENCOES SOCIAIS;10;RECURSOS ORDINARIOS - RECURSOS NAO VINCULADOS DE IMPOSTOS;89995,66;89995,66;89995,66
9390101;65;2023-07-18 00:00:00;ASSOCIACAO DOS MORADORES DO BAIRRO NOVO PROGRESSO II;16.684.664/0001-57;1481;SEDESE;SECRETARIA DE ESTADO DE DESENVOLVIMENTO SOCIAL;42;AUXILIOS;1;AUXILIOS;10;RECURSOS ORDINARIOS - RECURSOS NAO VINCULADOS DE IMPOSTOS;150000,0;150000,0;150000,0
9390102;49;2023-07-17 00:00:00;OBRA SOCIAL MARIA DO CARMO FONSECA SILVA;07.811.509/0001-63;1481;SEDESE;SECRETARIA DE ESTADO DE DESENVOLVIMENTO SOCIAL;42;AUXILIOS;1;AUXILIOS;10;RECURSOS ORDINARIOS - RECURSOS NAO VINCULADOS DE IMPOSTOS;551405,13;551405,13;551405,13
9390103;66;2023-07-18 00:00:00;CONSELHO CENTRAL DE MONTE CARMELO DA S.S.V.P;22.604.680/0001-95;1481;SEDESE;SECRETARIA DE ESTADO DE DESENVOLVIMENTO SOCIAL;42;AUXILIOS;1;AUXILIOS;10;RECURSOS ORDINARIOS - RECURSOS NAO VINCULADOS DE IMPOSTOS;200000,0;200000,0;200000,0
9390106;246;2023-07-25 00:00:00;PM BUGRE;01.613.126/0001-02;1231;SEAPA;SECRETARIA DE ESTADO DE AGRICULTURA, PECUARIA E ABASTECIMENTO - SEAPA;41;CONTRIBUICOES;1;CONTRIBUICOES;15;RECURSOS ORDINARIOS - OUTROS RECURSOS NAO VINCULADOS;742190,4;742190,4;742190,4
9390107;247;2023-07-25 00:00:00;ASSOCIACAO DE AMIGOS E DESPORTISTAS DE ROSEIRAL;06.141.990/0001-64;1231;SEAPA;SECRETARIA DE ESTADO DE AGRICULTURA, PECUARIA E ABASTECIMENTO - SEAPA;41;CONTRIBUICOES;1;CONTRIBUICOES;10;RECURSOS ORDINARIOS - RECURSOS NAO VINCULADOS DE IMPOSTOS;180000,0;180000,0;180000,0
9390115;293;2023-07-13 00:00:00;PM PATROCINIO;18.468.033/0001-26;1301;SEINFRA;SECRETARIA DE ESTADO DE INFRAESTRUTURA, MOBILIDADE E PARCERIAS;42;AUXILIOS;1;AUXILIOS;15;RECURSOS ORDINARIOS - OUTROS RECURSOS NAO VINCULADOS;4000000,0;4000000,0;4000000,0
9390118;41;2023-07-17 00:00:00;LAR S. VICENTE DE PAULO DE ALFENAS;16.651.838/0001-85;1481;SEDESE;SECRETARIA DE ESTADO DE DESENVOLVIMENTO SOCIAL;42;AUXILIOS;1;AUXILIOS;10;RECURSOS ORDINARIOS - RECURSOS NAO VINCULADOS DE IMPOSTOS;132310,0;132310,0;132310,0
9390119;62;2023-07-18 00:00:00;ASSOCIACAO ESPORTIVA FORTUNA TEAM;25.375.568/0001-18;1481;SEDESE;SECRETARIA DE ESTADO DE DESENVOLVIMENTO SOCIAL;43;SUBVENCOES SOCIAIS;1;SUBVENCOES SOCIAIS;10;RECURSOS ORDINARIOS - RECURSOS NAO VINCULADOS DE IMPOSTOS;79479,5;79479,5;79479,5
9390120;53;2023-07-17 00:00:00;ASSOC. COM. DA BENCAO DE DEUS;23.850.928/0001-60;1481;SEDESE;SECRETARIA DE ESTADO DE DESENVOLVIMENTO SOCIAL;42;AUXILIOS;1;AUXILIOS;10;RECURSOS ORDINARIOS - RECURSOS NAO VINCULADOS DE IMPOSTOS;97755,2;97755,2;97755,2
9390122;35;2023-07-17 00:00:00;LAR SAO VICENTE DE PAULO;20.917.324/0001-04;1481;SEDESE;SECRETARIA DE ESTADO DE DESENVOLVIMENTO SOCIAL;42;AUXILIOS;1;AUXILIOS;10;RECURSOS ORDINARIOS - RECURSOS NAO VINCULADOS DE IMPOSTOS;88623,86;88623,86;88623,86
9390123;40;2023-07-17 00:00:00;APAE DE PIMENTA;64.477.110/0001-21;1481;SEDESE;SECRETARIA DE ESTADO DE DESENVOLVIMENTO SOCIAL;43;SUBVENCOES SOCIAIS;1;SUBVENCOES SOCIAIS;10;RECURSOS ORDINARIOS - RECURSOS NAO VINCULADOS DE IMPOSTOS;90000,0;90000,0;90000,0
9390124;37;2023-07-17 00:00:00;SOCIEDADE CRUZ DE MALTA;00.436.790/0003-14;1481;SEDESE;SECRETARIA DE ESTADO DE DESENVOLVIMENTO SOCIAL;42;AUXILIOS;1;AUXILIOS;10;RECURSOS ORDINARIOS - RECURSOS NAO VINCULADOS DE IMPOSTOS;90000,0;90000,0;90000,0
9390127;39;2023-07-17 00:00:00;ASSOCIACAO CASA DE ACOLHIMENTO NOSSA SENHORA ROSA MISTICA;30.103.997/0001-76;1481;SEDESE;SECRETARIA DE ESTADO DE DESENVOLVIMENTO SOCIAL;43;SUBVENCOES SOCIAIS;1;SUBVENCOES SOCIAIS;10;RECURSOS ORDINARIOS - RECURSOS NAO VINCULADOS DE IMPOSTOS;100000,0;100000,0;100000,0
9390128;245;2023-08-02 00:00:00;CIDADE OZANAN DE PARA DE MINAS;20.898.458/0001-17;1481;SEDESE;SECRETARIA DE ESTADO DE DESENVOLVIMENTO SOCIAL;42;AUXILIOS;1;AUXILIOS;10;RECURSOS ORDINARIOS - RECURSOS NAO VINCULADOS DE IMPOSTOS;200000,0;200000,0;200000,0
9390129;46;2023-07-17 00:00:00;CENTRO DE ATENDIMENTO AO ADOLESCENTE CARENTE DE PALTO;00.551.966/0001-17;1481;SEDESE;SECRETARIA DE ESTADO DE DESENVOLVIMENTO SOCIAL;42;AUXILIOS;1;AUXILIOS;10;RECURSOS ORDINARIOS - RECURSOS NAO VINCULADOS DE IMPOSTOS;90000,0;90000,0;90000,0
9390130;72;2023-07-18 00:00:00;ASILO SAO VICENTE DE PAULO/ PARAISOPOLIS;23.195.001/0001-34;1481;SEDESE;SECRETARIA DE ESTADO DE DESENVOLVIMENTO SOCIAL;43;SUBVENCOES SOCIAIS;1;SUBVENCOES SOCIAIS;10;RECURSOS ORDINARIOS - RECURSOS NAO VINCULADOS DE IMPOSTOS;89829,15;89829,15;89829,15
9390131;44;2023-07-17 00:00:00;CASA DE ACOLHIMENTO AMOR E VIDA;28.467.302/0001-93;1481;SEDESE;SECRETARIA DE ESTADO DE DESENVOLVIMENTO SOCIAL;43;SUBVENCOES SOCIAIS;1;SUBVENCOES SOCIAIS;10;RECURSOS ORDINARIOS - RECURSOS NAO VINCULADOS DE IMPOSTOS;242133,0;242133,0;242133,0
9390132;68;2023-07-18 00:00:00;CENTRAL DE ACAO SOCIAL AVANCADA;21.241.377/0001-02;1481;SEDESE;SECRETARIA DE ESTADO DE DESENVOLVIMENTO SOCIAL;43;SUBVENCOES SOCIAIS;1;SUBVENCOES SOCIAIS;10;RECURSOS ORDINARIOS - RECURSOS NAO VINCULADOS DE IMPOSTOS;79950,0;79950,0;79950,0
9390132;69;2023-07-18 00:00:00;CENTRAL DE ACAO SOCIAL AVANCADA;21.241.377/0001-02;1481;SEDESE;SECRETARIA DE ESTADO DE DESENVOLVIMENTO SOCIAL;42;AUXILIOS;1;AUXILIOS;10;RECURSOS ORDINARIOS - RECURSOS NAO VINCULADOS DE IMPOSTOS;220000,0;220000,0;220000,0
9390134;31;2023-07-17 00:00:00;LAR SAO VICENTE DE PAULO DE CAPITOLIO;16.781.239/0001-86;1481;SEDESE;SECRETARIA DE ESTADO DE DESENVOLVIMENTO SOCIAL;43;SUBVENCOES SOCIAIS;1;SUBVENCOES SOCIAIS;10;RECURSOS ORDINARIOS - RECURSOS NAO VINCULADOS DE IMPOSTOS;90000,0;90000,0;90000,0
9390135;32;2023-07-17 00:00:00;ASSOCIACAO PAIS E AMIGOS EXCEPCIONAIS/PEDRO LEOPOLDO;16.864.662/0001-40;1481;SEDESE;SECRETARIA DE ESTADO DE DESENVOLVIMENTO SOCIAL;43;SUBVENCOES SOCIAIS;1;SUBVENCOES SOCIAIS;10;RECURSOS ORDINARIOS - RECURSOS NAO VINCULADOS DE IMPOSTOS;99998,62;99998,62;99998,62
9390136;36;2023-07-17 00:00:00;CONSELHO CENTRAL DE SANTOS DUMONT SOCIEDADE SAO VICENTE DE PAULO;24.577.975/0001-45;1481;SEDESE;SECRETARIA DE ESTADO DE DESENVOLVIMENTO SOCIAL;42;AUXILIOS;1;AUXILIOS;10;RECURSOS ORDINARIOS - RECURSOS NAO VINCULADOS DE IMPOSTOS;98769,0;98769,0;98769,0
9390139;33;2023-07-17 00:00:00;PROJ ABRINDO CAMINHOS NUCLEO RAMIRO J FERREIRA APOIO CRIANCA;04.866.523/0001-76;1481;SEDESE;SECRETARIA DE ESTADO DE DESENVOLVIMENTO SOCIAL;42;AUXILIOS;1;AUXILIOS;10;RECURSOS ORDINARIOS - RECURSOS NAO VINCULADOS DE IMPOSTOS;90000,0;90000,0;90000,0
9390140;54;2023-07-18 00:00:00;ASSOCIACAO SOCIAL PRESBITERIANA DE RIO PARANAIBA - ASP - RIO;33.397.781/0001-59;1481;SEDESE;SECRETARIA DE ESTADO DE DESENVOLVIMENTO SOCIAL;42;AUXILIOS;1;AUXILIOS;10;RECURSOS ORDINARIOS - RECURSOS NAO VINCULADOS DE IMPOSTOS;85636,2;85636,2;85636,2
9390141;294;2023-07-14 00:00:00;PM COROMANDEL;18.591.149/0001-58;1301;SEINFRA;SECRETARIA DE ESTADO DE INFRAESTRUTURA, MOBILIDADE E PARCERIAS;42;AUXILIOS;1;AUXILIOS;15;RECURSOS ORDINARIOS - OUTROS RECURSOS NAO VINCULADOS;3000000,0;3000000,0;3000000,0
9390142;38;2023-07-17 00:00:00;APAE DE ESMERALDAS;05.626.413/0001-08;1481;SEDESE;SECRETARIA DE ESTADO DE DESENVOLVIMENTO SOCIAL;42;AUXILIOS;1;AUXILIOS;10;RECURSOS ORDINARIOS - RECURSOS NAO VINCULADOS DE IMPOSTOS;88194,33;88194,33;88194,33
9390143;210;2023-07-28 00:00:00;ASS. COMUN. DE DESEL. EDUC. FAMILIAR E AGROP. DE VEREDINHA;05.743.998/0001-38;1481;SEDESE;SECRETARIA DE ESTADO DE DESENVOLVIMENTO SOCIAL;42;AUXILIOS;1;AUXILIOS;10;RECURSOS ORDINARIOS - RECURSOS NAO VINCULADOS DE IMPOSTOS;88623,86;88623,86;88623,86
9390144;57;2023-07-18 00:00:00;ASILO DA VELHICE DESAMPARADA DE CURVELO;19.994.425/0001-91;1481;SEDESE;SECRETARIA DE ESTADO DE DESENVOLVIMENTO SOCIAL;43;SUBVENCOES SOCIAIS;1;SUBVENCOES SOCIAIS;10;RECURSOS ORDINARIOS - RECURSOS NAO VINCULADOS DE IMPOSTOS;100000,0;100000,0;100000,0
9390145;58;2023-07-18 00:00:00;LAR SAO VICENTE DE PAULO DE PASSOS;23.280.084/0001-60;1481;SEDESE;SECRETARIA DE ESTADO DE DESENVOLVIMENTO SOCIAL;42;AUXILIOS;1;AUXILIOS;10;RECURSOS ORDINARIOS - RECURSOS NAO VINCULADOS DE IMPOSTOS;90000,0;90000,0;90000,0
9390147;61;2023-07-25 00:00:00;APAC GUANHAES;17.019.851/0001-89;1451;SEJUSP;SECRETARIA DE ESTADO DE JUSTICA E SEGURANCA PUBLICA;43;SUBVENCOES SOCIAIS;1;SUBVENCOES SOCIAIS;10;RECURSOS ORDINARIOS - RECURSOS NAO VINCULADOS DE IMPOSTOS;553029,36;553029,36;553029,36
9390147;70;2023-12-28 00:00:00;APAC GUANHAES;17.019.851/0001-89;1451;SEJUSP;SECRETARIA DE ESTADO DE JUSTICA E SEGURANCA PUBLICA;43;SUBVENCOES SOCIAIS;1;SUBVENCOES SOCIAIS;10;RECURSOS ORDINARIOS - RECURSOS NAO VINCULADOS DE IMPOSTOS;552279,36;0,0;0,0
9390148;63;2023-08-07 00:00:00;APAC MANHUMIRIM;08.793.992/0001-63;1451;SEJUSP;SECRETARIA DE ESTADO DE JUSTICA E SEGURANCA PUBLICA;42;AUXILIOS;1;AUXILIOS;10;RECURSOS ORDINARIOS - RECURSOS NAO VINCULADOS DE IMPOSTOS;90000,0;90000,0;90000,0
9390150;56;2023-07-18 00:00:00;ASSOCIACAO DE PAIS E AMIGOS DOS EXCEPCIONAIS;20.067.328/0001-32;1481;SEDESE;SECRETARIA DE ESTADO DE DESENVOLVIMENTO SOCIAL;43;SUBVENCOES SOCIAIS;1;SUBVENCOES SOCIAIS;10;RECURSOS ORDINARIOS - RECURSOS NAO VINCULADOS DE IMPOSTOS;90000,0;90000,0;90000,0
9390151;55;2023-07-18 00:00:00;ASSOCIACAO COMUNITARIA NOSSA SENHORA DA ROSA MISTICA;03.999.569/0001-09;1481;SEDESE;SECRETARIA DE ESTADO DE DESENVOLVIMENTO SOCIAL;42;AUXILIOS;1;AUXILIOS;10;RECURSOS ORDINARIOS - RECURSOS NAO VINCULADOS DE IMPOSTOS;300000,0;300000,0;300000,0
9390153;89;2023-07-18 00:00:00;ASSOCIACAO GERACAO TZK - AGTZK;02.524.275/0001-50;1491;SEGOV;SECRETARIA DE ESTADO DE GOVERNO;42;AUXILIOS;1;AUXILIOS;10;RECURSOS ORDINARIOS - RECURSOS NAO VINCULADOS DE IMPOSTOS;99948,38;99948,38;99948,38
9390154;90;2023-07-18 00:00:00;ABRACO ASSOCIACAO BRASILEIRA COMUNITARIA PARA A PREVENCAO DO ABUSO DE;25.572.199/0001-53;1491;SEGOV;SECRETARIA DE ESTADO DE GOVERNO;42;AUXILIOS;1;AUXILIOS;10;RECURSOS ORDINARIOS - RECURSOS NAO VINCULADOS DE IMPOSTOS;199382,5;199382,5;199382,5
9390155;91;2023-07-18 00:00:00;ASSOCIACAO DAS MULHERES UNIDAS POR CAPELINHA;22.019.307/0001-77;1491;SEGOV;SECRETARIA DE ESTADO DE GOVERNO;42;AUXILIOS;1;AUXILIOS;10;RECURSOS ORDINARIOS - RECURSOS NAO VINCULADOS DE IMPOSTOS;81332,87;81332,87;81332,87
9390156;2164;2023-07-14 00:00:00;PM AGUANIL;17.888.108/0001-65;1491;SEGOV;SECRETARIA DE ESTADO DE GOVERNO;42;AUXILIOS;1;AUXILIOS;15;RECURSOS ORDINARIOS - OUTROS RECURSOS NAO VINCULADOS;87723,86;87723,86;87723,86
9390157;2162;2023-07-14 00:00:00;PM MORADA NOVA DE MINAS;18.296.665/0001-50;1491;SEGOV;SECRETARIA DE ESTADO DE GOVERNO;42;AUXILIOS;1;AUXILIOS;15;RECURSOS ORDINARIOS - OUTROS RECURSOS NAO VINCULADOS;300000,0;300000,0;300000,0
9390158;2165;2023-07-14 00:00:00;PM JAMPRUCA;66.230.384/0001-47;1491;SEGOV;SECRETARIA DE ESTADO DE GOVERNO;42;AUXILIOS;1;AUXILIOS;15;RECURSOS ORDINARIOS - OUTROS RECURSOS NAO VINCULADOS;87623,86;87623,86;87623,86
9390159;296;2023-07-17 00:00:00;PM MORRO DO PILAR;18.303.214/0001-00;1301;SEINFRA;SECRETARIA DE ESTADO DE INFRAESTRUTURA, MOBILIDADE E PARCERIAS;42;AUXILIOS;1;AUXILIOS;15;RECURSOS ORDINARIOS - OUTROS RECURSOS NAO VINCULADOS;300000,0;300000,0;300000,0
9390160;2166;2023-07-14 00:00:00;PM DONA EUZEBIA;17.706.656/0001-27;1491;SEGOV;SECRETARIA DE ESTADO DE GOVERNO;42;AUXILIOS;1;AUXILIOS;15;RECURSOS ORDINARIOS - OUTROS RECURSOS NAO VINCULADOS;500000,0;500000,0;500000,0
9390161;2167;2023-07-14 00:00:00;PM PIRAUBA;18.554.147/0001-99;1491;SEGOV;SECRETARIA DE ESTADO DE GOVERNO;42;AUXILIOS;1;AUXILIOS;15;RECURSOS ORDINARIOS - OUTROS RECURSOS NAO VINCULADOS;698694,81;698694,81;698694,81
9390162;2163;2023-07-14 00:00:00;PM ALPINOPOLIS;18.241.752/0001-00;1491;SEGOV;SECRETARIA DE ESTADO DE GOVERNO;42;AUXILIOS;1;AUXILIOS;15;RECURSOS ORDINARIOS - OUTROS RECURSOS NAO VINCULADOS;87737,62;87737,62;87737,62
9390163;299;2023-07-25 00:00:00;PM MONTE SANTO DE MINAS;18.241.372/0001-75;1301;SEINFRA;SECRETARIA DE ESTADO DE INFRAESTRUTURA, MOBILIDADE E PARCERIAS;42;AUXILIOS;1;AUXILIOS;15;RECURSOS ORDINARIOS - OUTROS RECURSOS NAO VINCULADOS;1250000,0;1250000,0;1250000,0
9390164;297;2023-07-17 00:00:00;PM NINHEIRA;01.612.495/0001-72;1301;SEINFRA;SECRETARIA DE ESTADO DE INFRAESTRUTURA, MOBILIDADE E PARCERIAS;42;AUXILIOS;1;AUXILIOS;15;RECURSOS ORDINARIOS - OUTROS RECURSOS NAO VINCULADOS;300000,0;300000,0;300000,0
9390167;248;2023-07-25 00:00:00;PM NOVO ORIENTE DE MINAS;01.613.373/0001-09;1231;SEAPA;SECRETARIA DE ESTADO DE AGRICULTURA, PECUARIA E ABASTECIMENTO - SEAPA;41;CONTRIBUICOES;1;CONTRIBUICOES;15;RECURSOS ORDINARIOS - OUTROS RECURSOS NAO VINCULADOS;544166,67;544166,67;544166,67
9390168;249;2023-07-25 00:00:00;PM DESTERRO DO MELO;18.094.813/0001-53;1231;SEAPA;SECRETARIA DE ESTADO DE AGRICULTURA, PECUARIA E ABASTECIMENTO - SEAPA;41;CONTRIBUICOES;1;CONTRIBUICOES;15;RECURSOS ORDINARIOS - OUTROS RECURSOS NAO VINCULADOS;1255752,33;1255752,33;1255752,33
9390169;250;2023-07-25 00:00:00;PM PIRAPETINGA;18.092.825/0001-49;1231;SEAPA;SECRETARIA DE ESTADO DE AGRICULTURA, PECUARIA E ABASTECIMENTO - SEAPA;41;CONTRIBUICOES;1;CONTRIBUICOES;15;RECURSOS ORDINARIOS - OUTROS RECURSOS NAO VINCULADOS;800000,0;800000,0;800000,0
9390179;2168;2023-07-17 00:00:00;PM CONCEICAO DO PARA;18.315.200/0001-07;1491;SEGOV;SECRETARIA DE ESTADO DE GOVERNO;42;AUXILIOS;1;AUXILIOS;15;RECURSOS ORDINARIOS - OUTROS RECURSOS NAO VINCULADOS;300000,0;300000,0;300000,0
9390180;2169;2023-07-17 00:00:00;PM BIQUINHAS;18.296.640/0001-56;1491;SEGOV;SECRETARIA DE ESTADO DE GOVERNO;42;AUXILIOS;1;AUXILIOS;15;RECURSOS ORDINARIOS - OUTROS RECURSOS NAO VINCULADOS;117247,72;117247,72;117247,72
9390181;2170;2023-07-17 00:00:00;PM POCRANE;18.334.318/0001-74;1491;SEGOV;SECRETARIA DE ESTADO DE GOVERNO;42;AUXILIOS;1;AUXILIOS;15;RECURSOS ORDINARIOS - OUTROS RECURSOS NAO VINCULADOS;350000,0;350000,0;350000,0
9390182;2171;2023-07-17 00:00:00;PM SAO FRANCISCO;22.679.153/0001-40;1491;SEGOV;SECRETARIA DE ESTADO DE GOVERNO;42;AUXILIOS;1;AUXILIOS;15;RECURSOS ORDINARIOS - OUTROS RECURSOS NAO VINCULADOS;88623,67;88623,67;88623,67
9390183;2172;2023-07-17 00:00:00;PM ORATORIOS;01.616.836/0001-88;1491;SEGOV;SECRETARIA DE ESTADO DE GOVERNO;42;AUXILIOS;1;AUXILIOS;15;RECURSOS ORDINARIOS - OUTROS RECURSOS NAO VINCULADOS;359214,0;359214,0;359214,0
9390184;2173;2023-07-17 00:00:00;PM BANDEIRA DO SUL;18.175.794/0001-90;1491;SEGOV;SECRETARIA DE ESTADO DE GOVERNO;42;AUXILIOS;1;AUXILIOS;15;RECURSOS ORDINARIOS - OUTROS RECURSOS NAO VINCULADOS;87733,86;87733,86;87733,86
9390185;3297;2023-08-09 00:00:00;PM IPANEMA;18.334.292/0001-64;4291;FES;FUNDO ESTADUAL DE SAUDE;41;CONTRIBUICOES;1;CONTRIBUICOES;10;RECURSOS ORDINARIOS - RECURSOS NAO VINCULADOS DE IMPOSTOS;0,0;0,0;0,0
9390185;3298;2023-08-09 00:00:00;PM IPANEMA;18.334.292/0001-64;4291;FES;FUNDO ESTADUAL DE SAUDE;41;CONTRIBUICOES;1;CONTRIBUICOES;10;RECURSOS ORDINARIOS - RECURSOS NAO VINCULADOS DE IMPOSTOS;794,0;794,0;794,0
9390185;3299;2023-08-09 00:00:00;PM IPANEMA;18.334.292/0001-64;4291;FES;FUNDO ESTADUAL DE SAUDE;42;AUXILIOS;1;AUXILIOS;10;RECURSOS ORDINARIOS - RECURSOS NAO VINCULADOS DE IMPOSTOS;1300600,15;1300600,15;1300600,15
9390191;298;2023-07-18 00:00:00;PM BOM SUCESSO;18.244.368/0001-60;1301;SEINFRA;SECRETARIA DE ESTADO DE INFRAESTRUTURA, MOBILIDADE E PARCERIAS;42;AUXILIOS;1;AUXILIOS;15;RECURSOS ORDINARIOS - OUTROS RECURSOS NAO VINCULADOS;400000,0;400000,0;400000,0
9390199;175;2023-07-26 00:00:00;ASSOCIACAO ANJOS DE BRANCO;34.509.195/0001-11;1481;SEDESE;SECRETARIA DE ESTADO DE DESENVOLVIMENTO SOCIAL;42;AUXILIOS;1;AUXILIOS;10;RECURSOS ORDINARIOS - RECURSOS NAO VINCULADOS DE IMPOSTOS;112096,67;112096,67;112096,67
9390200;78;2023-07-20 00:00:00;CENTRO DE EDUCACAO INFANTIL COMUNITARIO MARIA GERALDA MARTUCHELI;06.067.744/0001-00;1481;SEDESE;SECRETARIA DE ESTADO DE DESENVOLVIMENTO SOCIAL;43;SUBVENCOES SOCIAIS;1;SUBVENCOES SOCIAIS;10;RECURSOS ORDINARIOS - RECURSOS NAO VINCULADOS DE IMPOSTOS;180000,0;180000,0;180000,0
9390201;73;2023-07-18 00:00:00;FUNDACAO CULTURAL E ASSISTENCIAL;00.431.327/0001-18;1481;SEDESE;SECRETARIA DE ESTADO DE DESENVOLVIMENTO SOCIAL;42;AUXILIOS;1;AUXILIOS;10;RECURSOS ORDINARIOS - RECURSOS NAO VINCULADOS DE IMPOSTOS;132310,0;132310,0;132310,0
9390202;79;2023-07-20 00:00:00;GRUPO CRIANCA EM BUSCA DE UMA NOVA VIDA DE VESPASIANO;65.151.078/0001-52;1481;SEDESE;SECRETARIA DE ESTADO DE DESENVOLVIMENTO SOCIAL;42;AUXILIOS;1;AUXILIOS;10;RECURSOS ORDINARIOS - RECURSOS NAO VINCULADOS DE IMPOSTOS;90000,0;90000,0;90000,0
9390204;75;2023-07-19 00:00:00;ASSOCIACAO DE APOIO SOCIAL E CULTURAL RENASCER-AASCR;05.956.125/0001-03;1481;SEDESE;SECRETARIA DE ESTADO DE DESENVOLVIMENTO SOCIAL;42;AUXILIOS;1;AUXILIOS;10;RECURSOS ORDINARIOS - RECURSOS NAO VINCULADOS DE IMPOSTOS;117492,0;117492,0;117492,0
9390205;248;2023-08-18 00:00:00;ASSOCIACAO ESPORTE SOLIDARIO GUSTAVO ELIAS - AESGE;32.161.934/0001-00;1481;SEDESE;SECRETARIA DE ESTADO DE DESENVOLVIMENTO SOCIAL;43;SUBVENCOES SOCIAIS;1;SUBVENCOES SOCIAIS;10;RECURSOS ORDINARIOS - RECURSOS NAO VINCULADOS DE IMPOSTOS;90000,0;90000,0;90000,0
9390206;76;2023-07-19 00:00:00;COMUNIDADE CASA;21.241.377/0005-36;1481;SEDESE;SECRETARIA DE ESTADO DE DESENVOLVIMENTO SOCIAL;43;SUBVENCOES SOCIAIS;1;SUBVENCOES SOCIAIS;10;RECURSOS ORDINARIOS - RECURSOS NAO VINCULADOS DE IMPOSTOS;59900,0;59900,0;59900,0
9390206;77;2023-07-19 00:00:00;COMUNIDADE CASA;21.241.377/0005-36;1481;SEDESE;SECRETARIA DE ESTADO DE DESENVOLVIMENTO SOCIAL;42;AUXILIOS;1;AUXILIOS;10;RECURSOS ORDINARIOS - RECURSOS NAO VINCULADOS DE IMPOSTOS;139900,0;139900,0;139900,0
9390207;74;2023-07-18 00:00:00;APAE DE ARAPORA;00.887.340/0001-86;1481;SEDESE;SECRETARIA DE ESTADO DE DESENVOLVIMENTO SOCIAL;42;AUXILIOS;1;AUXILIOS;10;RECURSOS ORDINARIOS - RECURSOS NAO VINCULADOS DE IMPOSTOS;341622,7;341622,7;341622,7
9390209;469;2023-07-18 00:00:00;VALEMAIS- INSTITUTO SOCIOCULTURAL DO JEQUITINHONHA;06.036.527/0001-52;1271;SECULT;SECRETARIA DE ESTADO DE CULTURA E TURISMO;41;CONTRIBUICOES;1;CONTRIBUICOES;10;RECURSOS ORDINARIOS - RECURSOS NAO VINCULADOS DE IMPOSTOS;500000,0;500000,0;500000,0
9390211;3484;2023-08-18 00:00:00;CIS DA REDE DE U/E DA MACRORREGIAO DO TRIANGULO DO SUL - CISTRISUL;20.310.169/0001-55;4291;FES;FUNDO ESTADUAL DE SAUDE;41;CONTRIBUICOES;1;CONTRIBUICOES;10;RECURSOS ORDINARIOS - RECURSOS NAO VINCULADOS DE IMPOSTOS;3940363,95;3940363,95;3940363,95
9390211;3485;2023-08-18 00:00:00;CIS DA REDE DE U/E DA MACRORREGIAO DO TRIANGULO DO SUL - CISTRISUL;20.310.169/0001-55;4291;FES;FUNDO ESTADUAL DE SAUDE;42;AUXILIOS;1;AUXILIOS;10;RECURSOS ORDINARIOS - RECURSOS NAO VINCULADOS DE IMPOSTOS;14512060,36;14512060,36;14512060,36
9390213;148;2023-07-25 00:00:00;APAE ARCOS;20.876.579/0001-68;1481;SEDESE;SECRETARIA DE ESTADO DE DESENVOLVIMENTO SOCIAL;42;AUXILIOS;1;AUXILIOS;10;RECURSOS ORDINARIOS - RECURSOS NAO VINCULADOS DE IMPOSTOS;341622,7;341622,7;341622,7
9390214;212;2023-07-28 00:00:00;ASSOCIACAO AMANU - EDUCACAO, ECOLOGIA E SOLIDARIEDADE;15.741.459/0001-13;1481;SEDESE;SECRETARIA DE ESTADO DE DESENVOLVIMENTO SOCIAL;43;SUBVENCOES SOCIAIS;1;SUBVENCOES SOCIAIS;10;RECURSOS ORDINARIOS - RECURSOS NAO VINCULADOS DE IMPOSTOS;229999,6;229999,6;229999,6
9390215;189;2023-07-26 00:00:00;ASSOCIACAO DE PAIS E AMIGOS DOS EXCEPCIONAIS;04.851.919/0001-40;1481;SEDESE;SECRETARIA DE ESTADO DE DESENVOLVIMENTO SOCIAL;43;SUBVENCOES SOCIAIS;1;SUBVENCOES SOCIAIS;10;RECURSOS ORDINARIOS - RECURSOS NAO VINCULADOS DE IMPOSTOS;90000,0;90000,0;90000,0
9390217;193;2023-07-26 00:00:00;CENTRO NACIONAL DE APRENDIZAGEM PROFISSIONAL;26.910.048/0001-20;1481;SEDESE;SECRETARIA DE ESTADO DE DESENVOLVIMENTO SOCIAL;42;AUXILIOS;1;AUXILIOS;10;RECURSOS ORDINARIOS - RECURSOS NAO VINCULADOS DE IMPOSTOS;199999,96;199999,96;199999,96
9390218;80;2023-07-20 00:00:00;COMERCIAL ESPORTE CLUBE;18.182.212/0001-00;1481;SEDESE;SECRETARIA DE ESTADO DE DESENVOLVIMENTO SOCIAL;42;AUXILIOS;1;AUXILIOS;10;RECURSOS ORDINARIOS - RECURSOS NAO VINCULADOS DE IMPOSTOS;300000,0;300000,0;300000,0
9390219;85;2023-07-20 00:00:00;DEPARTAMENTO INTERSINDICAL DE EST ESTS SOCIO ECONOMICOS;60.964.996/0001-87;1481;SEDESE;SECRETARIA DE ESTADO DE DESENVOLVIMENTO SOCIAL;43;SUBVENCOES SOCIAIS;1;SUBVENCOES SOCIAIS;10;RECURSOS ORDINARIOS - RECURSOS NAO VINCULADOS DE IMPOSTOS;150000,0;150000,0;150000,0
9390221;86;2023-07-20 00:00:00;GRUPO DE PAIS DOS EDUCANDOS CIAME FLAMENGO;20.473.021/0001-31;1481;SEDESE;SECRETARIA DE ESTADO DE DESENVOLVIMENTO SOCIAL;42;AUXILIOS;1;AUXILIOS;10;RECURSOS ORDINARIOS - RECURSOS NAO VINCULADOS DE IMPOSTOS;90000,0;90000,0;90000,0
9390222;100;2023-07-20 00:00:00;ASSOCIACAO DE PAIS E AMIGOS DOS EXCEPCIONAIS DE LIBERDADE;03.654.517/0001-92;1481;SEDESE;SECRETARIA DE ESTADO DE DESENVOLVIMENTO SOCIAL;43;SUBVENCOES SOCIAIS;1;SUBVENCOES SOCIAIS;10;RECURSOS ORDINARIOS - RECURSOS NAO VINCULADOS DE IMPOSTOS;130000,0;130000,0;130000,0
9390223;188;2023-07-26 00:00:00;ASSOCIACAO DOS PEQUENOS PRODUTORES RURAIS DA REGIAO DE TOCANDIRA;01.895.891/0001-54;1481;SEDESE;SECRETARIA DE ESTADO DE DESENVOLVIMENTO SOCIAL;42;AUXILIOS;1;AUXILIOS;10;RECURSOS ORDINARIOS - RECURSOS NAO VINCULADOS DE IMPOSTOS;88623,86;88623,86;88623,86
9390226;155;2023-07-25 00:00:00;PROJETO SOCIAL GAROTOS E GAROTAS DA VILA;33.361.862/0001-07;1481;SEDESE;SECRETARIA DE ESTADO DE DESENVOLVIMENTO SOCIAL;42;AUXILIOS;1;AUXILIOS;10;RECURSOS ORDINARIOS - RECURSOS NAO VINCULADOS DE IMPOSTOS;132310,0;132310,0;132310,0
9390227;179;2023-07-26 00:00:00;ASSOCIACAO PADRE TIAOZINHO DE APOIO A PACIENTES COM CANCER;06.336.300/0001-22;1481;SEDESE;SECRETARIA DE ESTADO DE DESENVOLVIMENTO SOCIAL;42;AUXILIOS;1;AUXILIOS;10;RECURSOS ORDINARIOS - RECURSOS NAO VINCULADOS DE IMPOSTOS;195732,6;195732,6;195732,6
9390229;153;2023-07-25 00:00:00;SOC.BENEFICENTE LAR DOS POBRES GALDINO CARDEAL DA COSTA DE ITAMOGI;20.900.460/0001-83;1481;SEDESE;SECRETARIA DE ESTADO DE DESENVOLVIMENTO SOCIAL;43;SUBVENCOES SOCIAIS;1;SUBVENCOES SOCIAIS;10;RECURSOS ORDINARIOS - RECURSOS NAO VINCULADOS DE IMPOSTOS;41539,0;41539,0;41539,0
9390229;154;2023-07-25 00:00:00;SOC.BENEFICENTE LAR DOS POBRES GALDINO CARDEAL DA COSTA DE ITAMOGI;20.900.460/0001-83;1481;SEDESE;SECRETARIA DE ESTADO DE DESENVOLVIMENTO SOCIAL;42;AUXILIOS;1;AUXILIOS;10;RECURSOS ORDINARIOS - RECURSOS NAO VINCULADOS DE IMPOSTOS;56666,0;56666,0;56666,0
9390233;82;2023-07-20 00:00:00;LIGA ARCOENSE DE DESPORTOS;23.782.675/0001-35;1481;SEDESE;SECRETARIA DE ESTADO DE DESENVOLVIMENTO SOCIAL;43;SUBVENCOES SOCIAIS;1;SUBVENCOES SOCIAIS;10;RECURSOS ORDINARIOS - RECURSOS NAO VINCULADOS DE IMPOSTOS;99927,5;99927,5;99927,5
9390235;84;2023-07-20 00:00:00;CENTRO TERAPEUTICO LEVANTA DORCAS;34.180.814/0001-77;1481;SEDESE;SECRETARIA DE ESTADO DE DESENVOLVIMENTO SOCIAL;42;AUXILIOS;1;AUXILIOS;10;RECURSOS ORDINARIOS - RECURSOS NAO VINCULADOS DE IMPOSTOS;90000,0;90000,0;90000,0
9390239;81;2023-07-20 00:00:00;ASSOCIACAO ATLETICA MONTE CARMELO;19.111.962/0001-46;1481;SEDESE;SECRETARIA DE ESTADO DE DESENVOLVIMENTO SOCIAL;42;AUXILIOS;1;AUXILIOS;10;RECURSOS ORDINARIOS - RECURSOS NAO VINCULADOS DE IMPOSTOS;288763,03;288763,03;288763,03
9390241;178;2023-07-26 00:00:00;INSTITUO SER FELIZ;18.261.867/0001-66;1481;SEDESE;SECRETARIA DE ESTADO DE DESENVOLVIMENTO SOCIAL;43;SUBVENCOES SOCIAIS;1;SUBVENCOES SOCIAIS;10;RECURSOS ORDINARIOS - RECURSOS NAO VINCULADOS DE IMPOSTOS;150000,0;150000,0;150000,0
9390242;83;2023-07-20 00:00:00;LAR DOS IDOSOS SANTA TEREZINHA DA SSVP DE SAO JOSE DA LAPA;03.673.920/0001-69;1481;SEDESE;SECRETARIA DE ESTADO DE DESENVOLVIMENTO SOCIAL;42;AUXILIOS;1;AUXILIOS;10;RECURSOS ORDINARIOS - RECURSOS NAO VINCULADOS DE IMPOSTOS;89975,96;89975,96;89975,96
9390243;242;2023-07-31 00:00:00;PM BONITO DE MINAS;01.612.493/0001-83;1481;SEDESE;SECRETARIA DE ESTADO DE DESENVOLVIMENTO SOCIAL;42;AUXILIOS;1;AUXILIOS;10;RECURSOS ORDINARIOS - RECURSOS NAO VINCULADOS DE IMPOSTOS;616823,92;616823,92;616823,92
9390246;152;2023-07-25 00:00:00;INSTITUTO TERAPEUTICO LUZ DO RENASCER;05.388.887/0001-50;1481;SEDESE;SECRETARIA DE ESTADO DE DESENVOLVIMENTO SOCIAL;42;AUXILIOS;1;AUXILIOS;10;RECURSOS ORDINARIOS - RECURSOS NAO VINCULADOS DE IMPOSTOS;88623,86;88623,86;88623,86
9390248;177;2023-07-26 00:00:00;APAE DE CACHOEIRA DE MINAS;04.346.743/0001-79;1481;SEDESE;SECRETARIA DE ESTADO DE DESENVOLVIMENTO SOCIAL;42;AUXILIOS;1;AUXILIOS;10;RECURSOS ORDINARIOS - RECURSOS NAO VINCULADOS DE IMPOSTOS;110000,0;110000,0;110000,0
9390252;2174;2023-07-19 00:00:00;PM MOEDA;18.363.952/0001-35;1491;SEGOV;SECRETARIA DE ESTADO DE GOVERNO;42;AUXILIOS;1;AUXILIOS;15;RECURSOS ORDINARIOS - OUTROS RECURSOS NAO VINCULADOS;87737,62;87737,62;87737,62
9390253;2175;2023-07-19 00:00:00;PM VISCONDE DO RIO BRANCO;18.137.927/0001-33;1491;SEGOV;SECRETARIA DE ESTADO DE GOVERNO;42;AUXILIOS;1;AUXILIOS;15;RECURSOS ORDINARIOS - OUTROS RECURSOS NAO VINCULADOS;116317,0;116317,0;116317,0
9390255;98;2023-07-20 00:00:00;CASA DE REPOUSO SANTA LUIZA DE MARILAC;18.307.827/0001-08;1481;SEDESE;SECRETARIA DE ESTADO DE DESENVOLVIMENTO SOCIAL;42;AUXILIOS;1;AUXILIOS;10;RECURSOS ORDINARIOS - RECURSOS NAO VINCULADOS DE IMPOSTOS;90000,0;90000,0;90000,0
9390257;125;2023-07-21 00:00:00;ASSOCIACAO EU ESCOLHI AMAR;28.221.997/0001-29;1481;SEDESE;SECRETARIA DE ESTADO DE DESENVOLVIMENTO SOCIAL;43;SUBVENCOES SOCIAIS;1;SUBVENCOES SOCIAIS;10;RECURSOS ORDINARIOS - RECURSOS NAO VINCULADOS DE IMPOSTOS;100000,0;100000,0;100000,0
9390259;211;2023-07-28 00:00:00;PM VERDELANDIA;01.612.505/0001-70;1481;SEDESE;SECRETARIA DE ESTADO DE DESENVOLVIMENTO SOCIAL;42;AUXILIOS;1;AUXILIOS;10;RECURSOS ORDINARIOS - RECURSOS NAO VINCULADOS DE IMPOSTOS;312500,0;312500,0;312500,0
9390260;191;2023-07-26 00:00:00;APAE DE FLORESTAL;00.215.385/0001-04;1481;SEDESE;SECRETARIA DE ESTADO DE DESENVOLVIMENTO SOCIAL;43;SUBVENCOES SOCIAIS;1;SUBVENCOES SOCIAIS;10;RECURSOS ORDINARIOS - RECURSOS NAO VINCULADOS DE IMPOSTOS;90000,0;90000,0;90000,0
9390263;97;2023-07-20 00:00:00;SOCIEDADE PESTALOZZI DE SAO JOAO NEPOMUCENO;24.804.320/0001-62;1481;SEDESE;SECRETARIA DE ESTADO DE DESENVOLVIMENTO SOCIAL;42;AUXILIOS;1;AUXILIOS;10;RECURSOS ORDINARIOS - RECURSOS NAO VINCULADOS DE IMPOSTOS;90000,0;90000,0;90000,0
9390264;88;2023-07-20 00:00:00;LAR DOS IDOSOS IMACULADA CONCEICAO DE MONTE BELO;18.706.713/0001-30;1481;SEDESE;SECRETARIA DE ESTADO DE DESENVOLVIMENTO SOCIAL;42;AUXILIOS;1;AUXILIOS;10;RECURSOS ORDINARIOS - RECURSOS NAO VINCULADOS DE IMPOSTOS;100000,0;100000,0;100000,0
9390265;90;2023-07-20 00:00:00;AG P/ O DESENV INT E SUST DE SENADOR MODEST GONC E V DO JEQUITINHONHA;19.447.595/0001-56;1481;SEDESE;SECRETARIA DE ESTADO DE DESENVOLVIMENTO SOCIAL;42;AUXILIOS;1;AUXILIOS;10;RECURSOS ORDINARIOS - RECURSOS NAO VINCULADOS DE IMPOSTOS;88623,86;88623,86;88623,86
9390266;157;2023-07-25 00:00:00;ASSOCIACAO DOS MORADORES DO BAIRRO NOVO PROGRESSO II;16.684.664/0001-57;1481;SEDESE;SECRETARIA DE ESTADO DE DESENVOLVIMENTO SOCIAL;43;SUBVENCOES SOCIAIS;1;SUBVENCOES SOCIAIS;10;RECURSOS ORDINARIOS - RECURSOS NAO VINCULADOS DE IMPOSTOS;700000,0;700000,0;700000,0
9390267;804;2023-07-20 00:00:00;PM IBIRACI;17.894.072/0001-22;1261;SEE;SECRETARIA DE ESTADO DE EDUCACAO;42;AUXILIOS;1;AUXILIOS;10;RECURSOS ORDINARIOS - RECURSOS NAO VINCULADOS DE IMPOSTOS;318000,0;318000,0;318000,0
9390268;805;2023-07-20 00:00:00;PM ESTRELA DALVA;17.710.096/0001-84;1261;SEE;SECRETARIA DE ESTADO DE EDUCACAO;42;AUXILIOS;1;AUXILIOS;10;RECURSOS ORDINARIOS - RECURSOS NAO VINCULADOS DE IMPOSTOS;514000,0;514000,0;514000,0
9390269;160;2023-07-25 00:00:00;INSTITUO SER FELIZ;18.261.867/0001-66;1481;SEDESE;SECRETARIA DE ESTADO DE DESENVOLVIMENTO SOCIAL;42;AUXILIOS;1;AUXILIOS;10;RECURSOS ORDINARIOS - RECURSOS NAO VINCULADOS DE IMPOSTOS;88623,86;88623,86;88623,86
9390270;806;2023-07-20 00:00:00;PM SAO JOAO DO PACUI;01.612.474/0001-57;1261;SEE;SECRETARIA DE ESTADO DE EDUCACAO;42;AUXILIOS;1;AUXILIOS;10;RECURSOS ORDINARIOS - RECURSOS NAO VINCULADOS DE IMPOSTOS;1063000,0;1063000,0;1063000,0
9390271;807;2023-07-20 00:00:00;PM EXTREMA;18.677.591/0001-00;1261;SEE;SECRETARIA DE ESTADO DE EDUCACAO;42;AUXILIOS;1;AUXILIOS;10;RECURSOS ORDINARIOS - RECURSOS NAO VINCULADOS DE IMPOSTOS;1686000,0;1686000,0;1686000,0
9390272;808;2023-07-20 00:00:00;PM PORTO FIRME;18.567.354/0001-88;1261;SEE;SECRETARIA DE ESTADO DE EDUCACAO;42;AUXILIOS;1;AUXILIOS;10;RECURSOS ORDINARIOS - RECURSOS NAO VINCULADOS DE IMPOSTOS;745000,0;745000,0;745000,0
9390273;809;2023-07-20 00:00:00;PM MARMELOPOLIS;18.026.021/0001-41;1261;SEE;SECRETARIA DE ESTADO DE EDUCACAO;42;AUXILIOS;1;AUXILIOS;10;RECURSOS ORDINARIOS - RECURSOS NAO VINCULADOS DE IMPOSTOS;514000,0;514000,0;514000,0
9390274;802;2023-07-20 00:00:00;PM SANTA RITA DE JACUTINGA;18.338.269/0001-48;1261;SEE;SECRETARIA DE ESTADO DE EDUCACAO;42;AUXILIOS;1;AUXILIOS;10;RECURSOS ORDINARIOS - RECURSOS NAO VINCULADOS DE IMPOSTOS;250000,0;250000,0;250000,0
9390275;159;2023-07-25 00:00:00;ASSISTENCIA SOCIAL PIO XII;20.549.861/0003-00;1481;SEDESE;SECRETARIA DE ESTADO DE DESENVOLVIMENTO SOCIAL;42;AUXILIOS;1;AUXILIOS;10;RECURSOS ORDINARIOS - RECURSOS NAO VINCULADOS DE IMPOSTOS;89990,85;89990,85;89990,85
9390276;803;2023-07-20 00:00:00;PM BOTUMIRIM;18.017.418/0001-77;1261;SEE;SECRETARIA DE ESTADO DE EDUCACAO;42;AUXILIOS;1;AUXILIOS;10;RECURSOS ORDINARIOS - RECURSOS NAO VINCULADOS DE IMPOSTOS;200000,0;200000,0;200000,0
9390277;810;2023-07-20 00:00:00;PM INCONFIDENTES;18.028.829/0001-68;1261;SEE;SECRETARIA DE ESTADO DE EDUCACAO;42;AUXILIOS;1;AUXILIOS;10;RECURSOS ORDINARIOS - RECURSOS NAO VINCULADOS DE IMPOSTOS;427000,0;427000,0;427000,0
9390278;811;2023-07-20 00:00:00;PM MONTE AZUL;18.650.945/0001-14;1261;SEE;SECRETARIA DE ESTADO DE EDUCACAO;42;AUXILIOS;1;AUXILIOS;10;RECURSOS ORDINARIOS - RECURSOS NAO VINCULADOS DE IMPOSTOS;318000,0;318000,0;318000,0
9390279;812;2023-07-20 00:00:00;PM NOVA SERRANA;18.291.385/0001-59;1261;SEE;SECRETARIA DE ESTADO DE EDUCACAO;42;AUXILIOS;1;AUXILIOS;10;RECURSOS ORDINARIOS - RECURSOS NAO VINCULADOS DE IMPOSTOS;1250000,0;1250000,0;1250000,0
9390280;115;2023-07-21 00:00:00;CENTRO DE APOIO E CONVIVENCIA;00.831.055/0001-43;1481;SEDESE;SECRETARIA DE ESTADO DE DESENVOLVIMENTO SOCIAL;43;SUBVENCOES SOCIAIS;1;SUBVENCOES SOCIAIS;10;RECURSOS ORDINARIOS - RECURSOS NAO VINCULADOS DE IMPOSTOS;90000,0;90000,0;90000,0
9390283;89;2023-07-20 00:00:00;S.S.V.P. DE LAGOA DA PRATA CONS PARTICULAR SAO CARLOS;21.995.527/0001-73;1481;SEDESE;SECRETARIA DE ESTADO DE DESENVOLVIMENTO SOCIAL;42;AUXILIOS;1;AUXILIOS;10;RECURSOS ORDINARIOS - RECURSOS NAO VINCULADOS DE IMPOSTOS;90000,0;90000,0;90000,0
9390284;60;2023-07-25 00:00:00;APAC CONCEICAO DAS ALAGOAS;31.983.255/0001-45;1451;SEJUSP;SECRETARIA DE ESTADO DE JUSTICA E SEGURANCA PUBLICA;43;SUBVENCOES SOCIAIS;1;SUBVENCOES SOCIAIS;10;RECURSOS ORDINARIOS - RECURSOS NAO VINCULADOS DE IMPOSTOS;1003408,72;1003408,72;1003408,72
9390285;158;2023-07-25 00:00:00;ASSOCIACAO CIRDO DA VIDA;14.150.976/0001-55;1481;SEDESE;SECRETARIA DE ESTADO DE DESENVOLVIMENTO SOCIAL;42;AUXILIOS;1;AUXILIOS;10;RECURSOS ORDINARIOS - RECURSOS NAO VINCULADOS DE IMPOSTOS;119921,05;119921,05;119921,05
9390286;96;2023-07-20 00:00:00;LAR SAO VICENTE DE PAULO DE PARAGUACU;23.178.486/0001-58;1481;SEDESE;SECRETARIA DE ESTADO DE DESENVOLVIMENTO SOCIAL;42;AUXILIOS;1;AUXILIOS;10;RECURSOS ORDINARIOS - RECURSOS NAO VINCULADOS DE IMPOSTOS;90000,0;90000,0;90000,0
9390287;95;2023-07-20 00:00:00;VILA FREDERICO OZANAM;19.092.923/0001-49;1481;SEDESE;SECRETARIA DE ESTADO DE DESENVOLVIMENTO SOCIAL;43;SUBVENCOES SOCIAIS;1;SUBVENCOES SOCIAIS;10;RECURSOS ORDINARIOS - RECURSOS NAO VINCULADOS DE IMPOSTOS;90000,0;90000,0;90000,0
9390288;112;2023-07-21 00:00:00;APAE / NOVA SERRANA;00.121.538/0001-54;1481;SEDESE;SECRETARIA DE ESTADO DE DESENVOLVIMENTO SOCIAL;42;AUXILIOS;1;AUXILIOS;10;RECURSOS ORDINARIOS - RECURSOS NAO VINCULADOS DE IMPOSTOS;191542,66;191542,66;191542,66
9390290;94;2023-07-20 00:00:00;ASSOCIACAO DE PAIS E AMIGOS EXCEPCIONAIS DE CLAUDIO;00.604.648/0001-77;1481;SEDESE;SECRETARIA DE ESTADO DE DESENVOLVIMENTO SOCIAL;42;AUXILIOS;1;AUXILIOS;10;RECURSOS ORDINARIOS - RECURSOS NAO VINCULADOS DE IMPOSTOS;90000,0;90000,0;90000,0
9390292;93;2023-07-20 00:00:00;COMISSAO FE E ESPERANCA DA VILA PINHO;26.388.470/0001-68;1481;SEDESE;SECRETARIA DE ESTADO DE DESENVOLVIMENTO SOCIAL;42;AUXILIOS;1;AUXILIOS;10;RECURSOS ORDINARIOS - RECURSOS NAO VINCULADOS DE IMPOSTOS;89431,4;89431,4;89431,4
9390293;132;2023-07-21 00:00:00;ACAO SOCIAL IBITIURENSE;25.646.837/0001-33;1481;SEDESE;SECRETARIA DE ESTADO DE DESENVOLVIMENTO SOCIAL;42;AUXILIOS;1;AUXILIOS;10;RECURSOS ORDINARIOS - RECURSOS NAO VINCULADOS DE IMPOSTOS;90021,99;90021,99;90021,99
9390294;170;2023-07-26 00:00:00;ASSOCIACAO DE APOIO AS CRIANCAS E IDOSOS;11.550.709/0001-87;1481;SEDESE;SECRETARIA DE ESTADO DE DESENVOLVIMENTO SOCIAL;42;AUXILIOS;1;AUXILIOS;10;RECURSOS ORDINARIOS - RECURSOS NAO VINCULADOS DE IMPOSTOS;117492,0;117492,0;117492,0
9390295;134;2023-07-21 00:00:00;SEMENTEAR - CULTURA, ARTE E EDUCACAO;35.299.018/0001-10;1481;SEDESE;SECRETARIA DE ESTADO DE DESENVOLVIMENTO SOCIAL;42;AUXILIOS;1;AUXILIOS;10;RECURSOS ORDINARIOS - RECURSOS NAO VINCULADOS DE IMPOSTOS;132310,0;132310,0;132310,0
9390296;92;2023-07-20 00:00:00;LAR VICENTINO CONFRADE ANTONIO ONIZIO DE IGARAPE;22.733.315/0001-80;1481;SEDESE;SECRETARIA DE ESTADO DE DESENVOLVIMENTO SOCIAL;43;SUBVENCOES SOCIAIS;1;SUBVENCOES SOCIAIS;10;RECURSOS ORDINARIOS - RECURSOS NAO VINCULADOS DE IMPOSTOS;89868,0;89868,0;89868,0
9390298;133;2023-07-21 00:00:00;ASSOCIACAO DE PAIS E AMIGOS DOS EXCEPICIONAIS DE CAMBUI;03.269.159/0001-02;1481;SEDESE;SECRETARIA DE ESTADO DE DESENVOLVIMENTO SOCIAL;42;AUXILIOS;1;AUXILIOS;10;RECURSOS ORDINARIOS - RECURSOS NAO VINCULADOS DE IMPOSTOS;108426,81;108426,81;108426,81
9390299;181;2023-07-26 00:00:00;ASSOCIACAO PRO VIDA OASIS DA IMACULADA - CENTRO DE DEFESA NASCITURO;27.829.347/0001-06;1481;SEDESE;SECRETARIA DE ESTADO DE DESENVOLVIMENTO SOCIAL;42;AUXILIOS;1;AUXILIOS;10;RECURSOS ORDINARIOS - RECURSOS NAO VINCULADOS DE IMPOSTOS;88623,86;88623,86;88623,86
9390300;91;2023-07-20 00:00:00;ASSOCIACAO DE PAIS E AMIGOS DOS EXCEPCIONAIS;18.963.546/0001-03;1481;SEDESE;SECRETARIA DE ESTADO DE DESENVOLVIMENTO SOCIAL;42;AUXILIOS;1;AUXILIOS;10;RECURSOS ORDINARIOS - RECURSOS NAO VINCULADOS DE IMPOSTOS;99999,98;99999,98;99999,98
9390301;180;2023-07-26 00:00:00;SERVICO DE ASSISTENCIA SOCIAL;18.316.612/0001-53;1481;SEDESE;SECRETARIA DE ESTADO DE DESENVOLVIMENTO SOCIAL;42;AUXILIOS;1;AUXILIOS;10;RECURSOS ORDINARIOS - RECURSOS NAO VINCULADOS DE IMPOSTOS;300000,0;300000,0;300000,0
9390302;138;2023-07-21 00:00:00;APJ APRENDER PRODUZIR JUNTOS;22.057.335/0001-89;1481;SEDESE;SECRETARIA DE ESTADO DE DESENVOLVIMENTO SOCIAL;42;AUXILIOS;1;AUXILIOS;10;RECURSOS ORDINARIOS - RECURSOS NAO VINCULADOS DE IMPOSTOS;306558,0;306558,0;306558,0
9390303;135;2023-07-21 00:00:00;ASILO SAO VICENTE DE PAULA DE CORINTO;18.434.340/0001-96;1481;SEDESE;SECRETARIA DE ESTADO DE DESENVOLVIMENTO SOCIAL;42;AUXILIOS;1;AUXILIOS;10;RECURSOS ORDINARIOS - RECURSOS NAO VINCULADOS DE IMPOSTOS;100000,0;100000,0;100000,0
9390304;230;2023-07-31 00:00:00;PM CRISTALIA;18.017.434/0001-60;1481;SEDESE;SECRETARIA DE ESTADO DE DESENVOLVIMENTO SOCIAL;42;AUXILIOS;1;AUXILIOS;10;RECURSOS ORDINARIOS - RECURSOS NAO VINCULADOS DE IMPOSTOS;312500,0;312500,0;312500,0
9390305;136;2023-07-21 00:00:00;OBRAS SOCIAIS SANTA RITA DE CASSIA;21.585.955/0001-28;1481;SEDESE;SECRETARIA DE ESTADO DE DESENVOLVIMENTO SOCIAL;42;AUXILIOS;1;AUXILIOS;10;RECURSOS ORDINARIOS - RECURSOS NAO VINCULADOS DE IMPOSTOS;100000,0;100000,0;100000,0
9390306;87;2023-07-20 00:00:00;VILA VICENTINA PE.GERALDO REZENDE;20.895.876/0001-50;1481;SEDESE;SECRETARIA DE ESTADO DE DESENVOLVIMENTO SOCIAL;42;AUXILIOS;1;AUXILIOS;10;RECURSOS ORDINARIOS - RECURSOS NAO VINCULADOS DE IMPOSTOS;98823,86;98823,86;98823,86
9390308;137;2023-07-21 00:00:00;VILA SAO FRANCISCO DE ASSIS;17.419.730/0001-24;1481;SEDESE;SECRETARIA DE ESTADO DE DESENVOLVIMENTO SOCIAL;43;SUBVENCOES SOCIAIS;1;SUBVENCOES SOCIAIS;10;RECURSOS ORDINARIOS - RECURSOS NAO VINCULADOS DE IMPOSTOS;99886,0;99886,0;99886,0
9390309;130;2023-07-21 00:00:00;ASSOCIACAO DOS PAIS E AMIGOS DOS EXCEPCIONAIS;00.298.396/0001-03;1481;SEDESE;SECRETARIA DE ESTADO DE DESENVOLVIMENTO SOCIAL;42;AUXILIOS;1;AUXILIOS;10;RECURSOS ORDINARIOS - RECURSOS NAO VINCULADOS DE IMPOSTOS;90000,0;90000,0;90000,0
9390310;156;2023-07-25 00:00:00;LAR SAO VICENTE DE PAULO DO DIST. DO DIVINO ESPIRITO SANTO;25.657.669/0001-81;1481;SEDESE;SECRETARIA DE ESTADO DE DESENVOLVIMENTO SOCIAL;42;AUXILIOS;1;AUXILIOS;10;RECURSOS ORDINARIOS - RECURSOS NAO VINCULADOS DE IMPOSTOS;88623,86;88623,86;88623,86
9390311;114;2023-07-21 00:00:00;ASSOCIACAO COMUNITARIA SHEKINAH;02.108.947/0001-46;1481;SEDESE;SECRETARIA DE ESTADO DE DESENVOLVIMENTO SOCIAL;43;SUBVENCOES SOCIAIS;1;SUBVENCOES SOCIAIS;10;RECURSOS ORDINARIOS - RECURSOS NAO VINCULADOS DE IMPOSTOS;150000,0;150000,0;150000,0
9390312;99;2023-07-20 00:00:00;ASSOCOACAO DE PAIS E AMIGOS DOS EXCEPCIONAIS DE CRISTAIS;23.775.059/0001-57;1481;SEDESE;SECRETARIA DE ESTADO DE DESENVOLVIMENTO SOCIAL;42;AUXILIOS;1;AUXILIOS;10;RECURSOS ORDINARIOS - RECURSOS NAO VINCULADOS DE IMPOSTOS;88623,86;88623,86;88623,86
9390313;161;2023-07-25 00:00:00;ASSOCIACAO DE PAIS E AMIGOS DOS EXCEPCIONAIS DE MIRADOURO;02.015.081/0001-29;1481;SEDESE;SECRETARIA DE ESTADO DE DESENVOLVIMENTO SOCIAL;43;SUBVENCOES SOCIAIS;1;SUBVENCOES SOCIAIS;10;RECURSOS ORDINARIOS - RECURSOS NAO VINCULADOS DE IMPOSTOS;50000,0;50000,0;50000,0
9390313;162;2023-07-25 00:00:00;ASSOCIACAO DE PAIS E AMIGOS DOS EXCEPCIONAIS DE MIRADOURO;02.015.081/0001-29;1481;SEDESE;SECRETARIA DE ESTADO DE DESENVOLVIMENTO SOCIAL;42;AUXILIOS;1;AUXILIOS;10;RECURSOS ORDINARIOS - RECURSOS NAO VINCULADOS DE IMPOSTOS;50000,0;50000,0;50000,0
9390314;171;2023-07-26 00:00:00;INSTITUO SER FELIZ;18.261.867/0001-66;1481;SEDESE;SECRETARIA DE ESTADO DE DESENVOLVIMENTO SOCIAL;43;SUBVENCOES SOCIAIS;1;SUBVENCOES SOCIAIS;10;RECURSOS ORDINARIOS - RECURSOS NAO VINCULADOS DE IMPOSTOS;89751,86;89751,86;89751,86
9390316;815;2023-07-21 00:00:00;PM DIVISA NOVA;18.243.279/0001-08;1261;SEE;SECRETARIA DE ESTADO DE EDUCACAO;42;AUXILIOS;1;AUXILIOS;10;RECURSOS ORDINARIOS - RECURSOS NAO VINCULADOS DE IMPOSTOS;427000,0;427000,0;427000,0
9390317;816;2023-07-21 00:00:00;PM TAPIRA;18.140.806/0001-40;1261;SEE;SECRETARIA DE ESTADO DE EDUCACAO;42;AUXILIOS;1;AUXILIOS;10;RECURSOS ORDINARIOS - RECURSOS NAO VINCULADOS DE IMPOSTOS;745000,0;745000,0;745000,0
9390318;817;2023-07-21 00:00:00;PM SANTA MARGARIDA;18.385.112/0001-73;1261;SEE;SECRETARIA DE ESTADO DE EDUCACAO;42;AUXILIOS;1;AUXILIOS;10;RECURSOS ORDINARIOS - RECURSOS NAO VINCULADOS DE IMPOSTOS;427000,0;427000,0;427000,0
9390319;172;2023-07-26 00:00:00;PROJETO SOCIAL CARAVANA DA PAZ;08.816.436/0001-65;1481;SEDESE;SECRETARIA DE ESTADO DE DESENVOLVIMENTO SOCIAL;43;SUBVENCOES SOCIAIS;1;SUBVENCOES SOCIAIS;10;RECURSOS ORDINARIOS - RECURSOS NAO VINCULADOS DE IMPOSTOS;99527,8;99527,8;99527,8
9390320;818;2023-07-21 00:00:00;PM MARMELOPOLIS;18.026.021/0001-41;1261;SEE;SECRETARIA DE ESTADO DE EDUCACAO;42;AUXILIOS;1;AUXILIOS;10;RECURSOS ORDINARIOS - RECURSOS NAO VINCULADOS DE IMPOSTOS;427000,0;427000,0;427000,0
9390321;819;2023-07-21 00:00:00;PM CAMPO AZUL;01.612.551/0001-79;1261;SEE;SECRETARIA DE ESTADO DE EDUCACAO;42;AUXILIOS;1;AUXILIOS;10;RECURSOS ORDINARIOS - RECURSOS NAO VINCULADOS DE IMPOSTOS;318000,0;318000,0;318000,0
9390322;820;2023-07-21 00:00:00;PM COROMANDEL;18.591.149/0001-58;1261;SEE;SECRETARIA DE ESTADO DE EDUCACAO;42;AUXILIOS;1;AUXILIOS;10;RECURSOS ORDINARIOS - RECURSOS NAO VINCULADOS DE IMPOSTOS;427000,0;427000,0;427000,0
9390323;821;2023-07-21 00:00:00;PM SANTANA DO MANHUACU;18.385.146/0001-68;1261;SEE;SECRETARIA DE ESTADO DE EDUCACAO;42;AUXILIOS;1;AUXILIOS;10;RECURSOS ORDINARIOS - RECURSOS NAO VINCULADOS DE IMPOSTOS;427000,0;427000,0;427000,0
9390325;822;2023-07-21 00:00:00;PM SAO TIAGO;17.749.904/0001-17;1261;SEE;SECRETARIA DE ESTADO DE EDUCACAO;42;AUXILIOS;1;AUXILIOS;10;RECURSOS ORDINARIOS - RECURSOS NAO VINCULADOS DE IMPOSTOS;427000,0;427000,0;427000,0
9390326;823;2023-07-21 00:00:00;PM CONCEICAO DO PARA;18.315.200/0001-07;1261;SEE;SECRETARIA DE ESTADO DE EDUCACAO;42;AUXILIOS;1;AUXILIOS;10;RECURSOS ORDINARIOS - RECURSOS NAO VINCULADOS DE IMPOSTOS;854000,0;854000,0;854000,0
9390327;813;2023-07-21 00:00:00;PM ALVARENGA;19.770.288/0001-01;1261;SEE;SECRETARIA DE ESTADO DE EDUCACAO;42;AUXILIOS;1;AUXILIOS;10;RECURSOS ORDINARIOS - RECURSOS NAO VINCULADOS DE IMPOSTOS;200000,0;200000,0;200000,0
9390328;173;2023-07-26 00:00:00;ASSOPOC - ASSOCIACAO DOS PROTETORES DOS POBRES E CARENTES;01.286.108/0001-55;1481;SEDESE;SECRETARIA DE ESTADO DE DESENVOLVIMENTO SOCIAL;42;AUXILIOS;1;AUXILIOS;10;RECURSOS ORDINARIOS - RECURSOS NAO VINCULADOS DE IMPOSTOS;341622,7;341622,7;341622,7
9390329;814;2023-07-21 00:00:00;PM IGARATINGA;18.313.825/0001-21;1261;SEE;SECRETARIA DE ESTADO DE EDUCACAO;42;AUXILIOS;1;AUXILIOS;10;RECURSOS ORDINARIOS - RECURSOS NAO VINCULADOS DE IMPOSTOS;110000,0;110000,0;110000,0
9390330;62;2023-07-26 00:00:00;APAC VISCONDE DO RIO BRANCO;30.471.573/0001-64;1451;SEJUSP;SECRETARIA DE ESTADO DE JUSTICA E SEGURANCA PUBLICA;43;SUBVENCOES SOCIAIS;1;SUBVENCOES SOCIAIS;10;RECURSOS ORDINARIOS - RECURSOS NAO VINCULADOS DE IMPOSTOS;1105333,6;1105333,6;1105333,6
9390331;824;2023-07-21 00:00:00;PM NOVA UNIAO;18.302.307/0001-02;1261;SEE;SECRETARIA DE ESTADO DE EDUCACAO;42;AUXILIOS;1;AUXILIOS;10;RECURSOS ORDINARIOS - RECURSOS NAO VINCULADOS DE IMPOSTOS;514000,0;514000,0;514000,0
9390332;825;2023-07-21 00:00:00;PM ESPERA FELIZ;18.114.264/0001-31;1261;SEE;SECRETARIA DE ESTADO DE EDUCACAO;42;AUXILIOS;1;AUXILIOS;10;RECURSOS ORDINARIOS - RECURSOS NAO VINCULADOS DE IMPOSTOS;514000,0;514000,0;514000,0
9390333;826;2023-07-21 00:00:00;PM LAGOA DOURADA;18.557.595/0001-46;1261;SEE;SECRETARIA DE ESTADO DE EDUCACAO;42;AUXILIOS;1;AUXILIOS;10;RECURSOS ORDINARIOS - RECURSOS NAO VINCULADOS DE IMPOSTOS;427000,0;427000,0;427000,0
9390334;827;2023-07-21 00:00:00;PM ALEM PARAIBA;17.709.197/0001-35;1261;SEE;SECRETARIA DE ESTADO DE EDUCACAO;42;AUXILIOS;1;AUXILIOS;10;RECURSOS ORDINARIOS - RECURSOS NAO VINCULADOS DE IMPOSTOS;810999,99;810999,99;810999,99
9390335;828;2023-07-21 00:00:00;PM PLANURA;18.449.157/0001-64;1261;SEE;SECRETARIA DE ESTADO DE EDUCACAO;42;AUXILIOS;1;AUXILIOS;10;RECURSOS ORDINARIOS - RECURSOS NAO VINCULADOS DE IMPOSTOS;636000,0;636000,0;636000,0
9390337;829;2023-07-21 00:00:00;PM ALBERTINA;17.912.015/0001-29;1261;SEE;SECRETARIA DE ESTADO DE EDUCACAO;42;AUXILIOS;1;AUXILIOS;10;RECURSOS ORDINARIOS - RECURSOS NAO VINCULADOS DE IMPOSTOS;427000,0;427000,0;427000,0
9390338;830;2023-07-21 00:00:00;PM ALVINOPOLIS;16.725.392/0001-96;1261;SEE;SECRETARIA DE ESTADO DE EDUCACAO;42;AUXILIOS;1;AUXILIOS;10;RECURSOS ORDINARIOS - RECURSOS NAO VINCULADOS DE IMPOSTOS;514000,0;514000,0;514000,0
9390339;116;2023-07-21 00:00:00;APAE DE GUAXUPE;17.902.974/0001-63;1481;SEDESE;SECRETARIA DE ESTADO DE DESENVOLVIMENTO SOCIAL;42;AUXILIOS;1;AUXILIOS;10;RECURSOS ORDINARIOS - RECURSOS NAO VINCULADOS DE IMPOSTOS;90000,0;90000,0;90000,0
9390342;131;2023-07-21 00:00:00;ASSOCIACAO DAS OBRAS PAVONIANAS DE ASSISTENCIA;62.382.395/0008-68;1481;SEDESE;SECRETARIA DE ESTADO DE DESENVOLVIMENTO SOCIAL;42;AUXILIOS;1;AUXILIOS;10;RECURSOS ORDINARIOS - RECURSOS NAO VINCULADOS DE IMPOSTOS;88623,86;88623,86;88623,86
9390343;143;2023-07-24 00:00:00;ASSISTENCIA SOCIAL PIO XII/ FRUTAL;20.549.861/0002-11;1481;SEDESE;SECRETARIA DE ESTADO DE DESENVOLVIMENTO SOCIAL;42;AUXILIOS;1;AUXILIOS;10;RECURSOS ORDINARIOS - RECURSOS NAO VINCULADOS DE IMPOSTOS;90000,0;90000,0;90000,0
9390344;144;2023-07-24 00:00:00;ASSOC.PAIS AMIGOS DOS EXCPCIONAIS/S.LAGOAS;25.002.270/0001-62;1481;SEDESE;SECRETARIA DE ESTADO DE DESENVOLVIMENTO SOCIAL;42;AUXILIOS;1;AUXILIOS;10;RECURSOS ORDINARIOS - RECURSOS NAO VINCULADOS DE IMPOSTOS;149781,06;149781,06;149781,06
9390345;108;2023-07-21 00:00:00;OBRA UNIDA ABRIGO SAO VICENTE DE PAULO;17.734.534/0001-44;1481;SEDESE;SECRETARIA DE ESTADO DE DESENVOLVIMENTO SOCIAL;42;AUXILIOS;1;AUXILIOS;10;RECURSOS ORDINARIOS - RECURSOS NAO VINCULADOS DE IMPOSTOS;199928,31;199928,31;199928,31
9390346;174;2023-07-26 00:00:00;ASSOCIACAO DE PAIS E AMIGOS DOS EXCEPCIONAIS;19.774.389/0001-50;1481;SEDESE;SECRETARIA DE ESTADO DE DESENVOLVIMENTO SOCIAL;42;AUXILIOS;1;AUXILIOS;10;RECURSOS ORDINARIOS - RECURSOS NAO VINCULADOS DE IMPOSTOS;90000,0;90000,0;90000,0
9390349;244;2023-07-31 00:00:00;PM SANTO ANTONIO DO ITAMBE;18.303.222/0001-49;1481;SEDESE;SECRETARIA DE ESTADO DE DESENVOLVIMENTO SOCIAL;42;AUXILIOS;1;AUXILIOS;10;RECURSOS ORDINARIOS - RECURSOS NAO VINCULADOS DE IMPOSTOS;1218000,0;1218000,0;1218000,0
9390350;209;2023-07-28 00:00:00;ASSOCIACAO LIXO CERTO - ALICER;20.975.227/0001-60;1481;SEDESE;SECRETARIA DE ESTADO DE DESENVOLVIMENTO SOCIAL;42;AUXILIOS;1;AUXILIOS;10;RECURSOS ORDINARIOS - RECURSOS NAO VINCULADOS DE IMPOSTOS;171500,0;171500,0;171500,0
9390351;113;2023-07-21 00:00:00;ASSOCIACAO DE PAIS E AMIGOS DOS EXCEPCIONAIS;23.777.915/0001-03;1481;SEDESE;SECRETARIA DE ESTADO DE DESENVOLVIMENTO SOCIAL;42;AUXILIOS;1;AUXILIOS;10;RECURSOS ORDINARIOS - RECURSOS NAO VINCULADOS DE IMPOSTOS;88623,86;88623,86;88623,86
9390352;107;2023-07-21 00:00:00;ASSOCIACAO DE ASSISTENCIA SOCIAL LAR DOS IDOSOS;01.851.264/0001-11;1481;SEDESE;SECRETARIA DE ESTADO DE DESENVOLVIMENTO SOCIAL;43;SUBVENCOES SOCIAIS;1;SUBVENCOES SOCIAIS;10;RECURSOS ORDINARIOS - RECURSOS NAO VINCULADOS DE IMPOSTOS;197565,68;197565,68;197565,68
9390355;241;2023-07-31 00:00:00;PM VERDELANDIA;01.612.505/0001-70;1481;SEDESE;SECRETARIA DE ESTADO DE DESENVOLVIMENTO SOCIAL;42;AUXILIOS;1;AUXILIOS;10;RECURSOS ORDINARIOS - RECURSOS NAO VINCULADOS DE IMPOSTOS;310960,38;310960,38;310960,38
9390356;102;2023-07-21 00:00:00;INSTITUTO CULTURAL ESPORTIVO E SOCIAL BACANA DEMAIS;20.997.880/0001-20;1481;SEDESE;SECRETARIA DE ESTADO DE DESENVOLVIMENTO SOCIAL;43;SUBVENCOES SOCIAIS;1;SUBVENCOES SOCIAIS;10;RECURSOS ORDINARIOS - RECURSOS NAO VINCULADOS DE IMPOSTOS;90000,0;90000,0;90000,0
9390357;227;2023-07-28 00:00:00;LAR SAO VICENTE DE PAULO;22.957.567/0001-93;1481;SEDESE;SECRETARIA DE ESTADO DE DESENVOLVIMENTO SOCIAL;43;SUBVENCOES SOCIAIS;1;SUBVENCOES SOCIAIS;10;RECURSOS ORDINARIOS - RECURSOS NAO VINCULADOS DE IMPOSTOS;100000,0;100000,0;100000,0
9390358;141;2023-07-24 00:00:00;G.A.S GUARACIABA ASSISTENCIA SOCIAL;17.459.314/0001-50;1481;SEDESE;SECRETARIA DE ESTADO DE DESENVOLVIMENTO SOCIAL;43;SUBVENCOES SOCIAIS;1;SUBVENCOES SOCIAIS;10;RECURSOS ORDINARIOS - RECURSOS NAO VINCULADOS DE IMPOSTOS;90000,0;90000,0;90000,0
9390359;127;2023-07-21 00:00:00;ASSOCIACAO DOS MORADORES DO BAIRRO NOVO PROGRESSO II;16.684.664/0001-57;1481;SEDESE;SECRETARIA DE ESTADO DE DESENVOLVIMENTO SOCIAL;43;SUBVENCOES SOCIAIS;1;SUBVENCOES SOCIAIS;10;RECURSOS ORDINARIOS - RECURSOS NAO VINCULADOS DE IMPOSTOS;90000,0;90000,0;90000,0
9390360;103;2023-07-21 00:00:00;APAE DE CIPOTANEA;17.881.992/0001-06;1481;SEDESE;SECRETARIA DE ESTADO DE DESENVOLVIMENTO SOCIAL;42;AUXILIOS;1;AUXILIOS;10;RECURSOS ORDINARIOS - RECURSOS NAO VINCULADOS DE IMPOSTOS;114050,0;114050,0;114050,0
9390361;126;2023-07-21 00:00:00;JARDIM ESCOLA TEREZA DE JESUS;17.411.828/0001-35;1481;SEDESE;SECRETARIA DE ESTADO DE DESENVOLVIMENTO SOCIAL;42;AUXILIOS;1;AUXILIOS;10;RECURSOS ORDINARIOS - RECURSOS NAO VINCULADOS DE IMPOSTOS;90000,0;90000,0;90000,0
9390362;202;2023-07-27 00:00:00;ASSOCIACAO ESPORTIVA SANTA RITA DE ITABIRITO;36.614.844/0001-70;1481;SEDESE;SECRETARIA DE ESTADO DE DESENVOLVIMENTO SOCIAL;43;SUBVENCOES SOCIAIS;1;SUBVENCOES SOCIAIS;10;RECURSOS ORDINARIOS - RECURSOS NAO VINCULADOS DE IMPOSTOS;90000,0;90000,0;90000,0
9390364;106;2023-07-21 00:00:00;INSTITUTO CULTURAL ESPORTIVO E SOCIAL BACANA DEMAIS;20.997.880/0001-20;1481;SEDESE;SECRETARIA DE ESTADO DE DESENVOLVIMENTO SOCIAL;43;SUBVENCOES SOCIAIS;1;SUBVENCOES SOCIAIS;10;RECURSOS ORDINARIOS - RECURSOS NAO VINCULADOS DE IMPOSTOS;500000,0;500000,0;500000,0
9390366;145;2023-07-24 00:00:00;CENTRO DE RESTAURACAO VIDA NOVA;09.219.152/0001-54;1481;SEDESE;SECRETARIA DE ESTADO DE DESENVOLVIMENTO SOCIAL;42;AUXILIOS;1;AUXILIOS;10;RECURSOS ORDINARIOS - RECURSOS NAO VINCULADOS DE IMPOSTOS;210000,0;210000,0;210000,0
9390367;142;2023-07-24 00:00:00;ASSOCIACAO CONTAGEM VOLUNTARIA;34.384.954/0001-67;1481;SEDESE;SECRETARIA DE ESTADO DE DESENVOLVIMENTO SOCIAL;42;AUXILIOS;1;AUXILIOS;10;RECURSOS ORDINARIOS - RECURSOS NAO VINCULADOS DE IMPOSTOS;287994,57;287994,57;287994,57
9390368;233;2023-07-31 00:00:00;VILA VICENTINA DE BOA ESPERANCA;18.781.765/0001-71;1481;SEDESE;SECRETARIA DE ESTADO DE DESENVOLVIMENTO SOCIAL;43;SUBVENCOES SOCIAIS;1;SUBVENCOES SOCIAIS;10;RECURSOS ORDINARIOS - RECURSOS NAO VINCULADOS DE IMPOSTOS;99820,0;99820,0;99820,0
9390370;139;2023-07-24 00:00:00;APJ APRENDER PRODUZIR JUNTOS;22.057.335/0001-89;1481;SEDESE;SECRETARIA DE ESTADO DE DESENVOLVIMENTO SOCIAL;43;SUBVENCOES SOCIAIS;1;SUBVENCOES SOCIAIS;10;RECURSOS ORDINARIOS - RECURSOS NAO VINCULADOS DE IMPOSTOS;81259,84;81259,84;81259,84
9390370;140;2023-07-24 00:00:00;APJ APRENDER PRODUZIR JUNTOS;22.057.335/0001-89;1481;SEDESE;SECRETARIA DE ESTADO DE DESENVOLVIMENTO SOCIAL;42;AUXILIOS;1;AUXILIOS;10;RECURSOS ORDINARIOS - RECURSOS NAO VINCULADOS DE IMPOSTOS;76129,79;76129,79;76129,79
9390372;128;2023-07-21 00:00:00;APAE DE LAMBARI;21.404.397/0001-57;1481;SEDESE;SECRETARIA DE ESTADO DE DESENVOLVIMENTO SOCIAL;43;SUBVENCOES SOCIAIS;1;SUBVENCOES SOCIAIS;10;RECURSOS ORDINARIOS - RECURSOS NAO VINCULADOS DE IMPOSTOS;50000,0;50000,0;50000,0
9390372;129;2023-07-21 00:00:00;APAE DE LAMBARI;21.404.397/0001-57;1481;SEDESE;SECRETARIA DE ESTADO DE DESENVOLVIMENTO SOCIAL;42;AUXILIOS;1;AUXILIOS;10;RECURSOS ORDINARIOS - RECURSOS NAO VINCULADOS DE IMPOSTOS;40000,0;40000,0;40000,0
9390373;104;2023-07-21 00:00:00;ASSOCIACAO ESPIRITA DO GRUPO SEMENTE;20.459.442/0001-08;1481;SEDESE;SECRETARIA DE ESTADO DE DESENVOLVIMENTO SOCIAL;42;AUXILIOS;1;AUXILIOS;10;RECURSOS ORDINARIOS - RECURSOS NAO VINCULADOS DE IMPOSTOS;99900,76;99900,76;99900,76
9390375;217;2023-07-28 00:00:00;PM PAI PEDRO;01.612.479/0001-80;1481;SEDESE;SECRETARIA DE ESTADO DE DESENVOLVIMENTO SOCIAL;42;AUXILIOS;1;AUXILIOS;10;RECURSOS ORDINARIOS - RECURSOS NAO VINCULADOS DE IMPOSTOS;312500,0;312500,0;312500,0
9390376;101;2023-07-21 00:00:00;ASSOC.DOS PAIS E AMIGOS DOS ESTUDANTES DESPORTISTAS;08.888.454/0001-52;1481;SEDESE;SECRETARIA DE ESTADO DE DESENVOLVIMENTO SOCIAL;42;AUXILIOS;1;AUXILIOS;10;RECURSOS ORDINARIOS - RECURSOS NAO VINCULADOS DE IMPOSTOS;132310,0;132310,0;132310,0
9390377;232;2023-07-31 00:00:00;OBRA UNIDA ABRIGO SAO VICENTE DE PAULO;17.734.534/0001-44;1481;SEDESE;SECRETARIA DE ESTADO DE DESENVOLVIMENTO SOCIAL;43;SUBVENCOES SOCIAIS;1;SUBVENCOES SOCIAIS;10;RECURSOS ORDINARIOS - RECURSOS NAO VINCULADOS DE IMPOSTOS;99531,86;99531,86;99531,86
9390379;243;2023-07-31 00:00:00;PM MONTES CLAROS;22.678.874/0001-35;1481;SEDESE;SECRETARIA DE ESTADO DE DESENVOLVIMENTO SOCIAL;42;AUXILIOS;1;AUXILIOS;10;RECURSOS ORDINARIOS - RECURSOS NAO VINCULADOS DE IMPOSTOS;700000,0;700000,0;700000,0
9390381;166;2023-07-25 00:00:00;LAR IRMA CECILIA;01.804.114/0001-57;1481;SEDESE;SECRETARIA DE ESTADO DE DESENVOLVIMENTO SOCIAL;42;AUXILIOS;1;AUXILIOS;10;RECURSOS ORDINARIOS - RECURSOS NAO VINCULADOS DE IMPOSTOS;88623,86;88623,86;88623,86
9390382;236;2023-07-31 00:00:00;ASSOCIACAO DE PAIS E AMIGOS DOS EXCEPCIONAIS DE ELOI MENDES;41.885.005/0001-26;1481;SEDESE;SECRETARIA DE ESTADO DE DESENVOLVIMENTO SOCIAL;43;SUBVENCOES SOCIAIS;1;SUBVENCOES SOCIAIS;10;RECURSOS ORDINARIOS - RECURSOS NAO VINCULADOS DE IMPOSTOS;90000,0;90000,0;90000,0
9390383;109;2023-07-21 00:00:00;ASSOCIACAO DE CARIDADE DE POUSO ALEGRE;23.953.730/0002-93;1481;SEDESE;SECRETARIA DE ESTADO DE DESENVOLVIMENTO SOCIAL;42;AUXILIOS;1;AUXILIOS;10;RECURSOS ORDINARIOS - RECURSOS NAO VINCULADOS DE IMPOSTOS;89938,33;89938,33;89938,33
9390387;200;2023-07-27 00:00:00;ASSOCIACAO COMUNITARIA DO CAFE E REGIOES - ACCR;13.589.640/0001-20;1481;SEDESE;SECRETARIA DE ESTADO DE DESENVOLVIMENTO SOCIAL;42;AUXILIOS;1;AUXILIOS;10;RECURSOS ORDINARIOS - RECURSOS NAO VINCULADOS DE IMPOSTOS;200000,0;200000,0;200000,0
9390388;234;2023-07-31 00:00:00;PM CRISTALIA;18.017.434/0001-60;1481;SEDESE;SECRETARIA DE ESTADO DE DESENVOLVIMENTO SOCIAL;42;AUXILIOS;1;AUXILIOS;10;RECURSOS ORDINARIOS - RECURSOS NAO VINCULADOS DE IMPOSTOS;312158,93;312158,93;312158,93
9390389;149;2023-07-25 00:00:00;ASSOCIACAO BERG VINGREN DE ASSISTENCIA SOCIAL;03.697.619/0001-95;1481;SEDESE;SECRETARIA DE ESTADO DE DESENVOLVIMENTO SOCIAL;42;AUXILIOS;1;AUXILIOS;10;RECURSOS ORDINARIOS - RECURSOS NAO VINCULADOS DE IMPOSTOS;119850,01;119850,01;119850,01
9390390;237;2023-07-31 00:00:00;ASSOCIACAO DOS SERVOS BOM PASTOR;71.196.026/0001-03;1481;SEDESE;SECRETARIA DE ESTADO DE DESENVOLVIMENTO SOCIAL;43;SUBVENCOES SOCIAIS;1;SUBVENCOES SOCIAIS;10;RECURSOS ORDINARIOS - RECURSOS NAO VINCULADOS DE IMPOSTOS;99998,99;99998,99;99998,99
9390391;111;2023-07-21 00:00:00;ASSOC.DOS PAIS E AMIGOS DOS ESTUDANTES DESPORTISTAS;08.888.454/0001-52;1481;SEDESE;SECRETARIA DE ESTADO DE DESENVOLVIMENTO SOCIAL;42;AUXILIOS;1;AUXILIOS;10;RECURSOS ORDINARIOS - RECURSOS NAO VINCULADOS DE IMPOSTOS;117492,0;117492,0;117492,0
9390392;190;2023-07-26 00:00:00;LAR DOS IDOSOS SAGRADO CORACAO DE JESUS;05.924.221/0001-70;1481;SEDESE;SECRETARIA DE ESTADO DE DESENVOLVIMENTO SOCIAL;43;SUBVENCOES SOCIAIS;1;SUBVENCOES SOCIAIS;10;RECURSOS ORDINARIOS - RECURSOS NAO VINCULADOS DE IMPOSTOS;89981,39;89981,39;89981,39
9390394;105;2023-07-21 00:00:00;LAR DOS IDOSOS SANTA LUIZA DE MARILAC;21.607.742/0001-50;1481;SEDESE;SECRETARIA DE ESTADO DE DESENVOLVIMENTO SOCIAL;42;AUXILIOS;1;AUXILIOS;10;RECURSOS ORDINARIOS - RECURSOS NAO VINCULADOS DE IMPOSTOS;117492,0;117492,0;117492,0
9390395;208;2023-07-28 00:00:00;CENTRO DE RECUPERACAO RESGATANDO VIDAS;03.551.218/0001-22;1481;SEDESE;SECRETARIA DE ESTADO DE DESENVOLVIMENTO SOCIAL;42;AUXILIOS;1;AUXILIOS;10;RECURSOS ORDINARIOS - RECURSOS NAO VINCULADOS DE IMPOSTOS;341622,7;341622,7;341622,7
9390396;205;2023-07-28 00:00:00;I L P I CASA LAR CONEGO AGOSTINHO AUGUSTO FRANCA;24.186.074/0001-22;1481;SEDESE;SECRETARIA DE ESTADO DE DESENVOLVIMENTO SOCIAL;43;SUBVENCOES SOCIAIS;1;SUBVENCOES SOCIAIS;10;RECURSOS ORDINARIOS - RECURSOS NAO VINCULADOS DE IMPOSTOS;99548,91;99548,91;99548,91
9390397;110;2023-07-21 00:00:00;CASA DE CONVIVENCIA JOSE CAETANO PEREIRA;22.633.254/0001-80;1481;SEDESE;SECRETARIA DE ESTADO DE DESENVOLVIMENTO SOCIAL;42;AUXILIOS;1;AUXILIOS;10;RECURSOS ORDINARIOS - RECURSOS NAO VINCULADOS DE IMPOSTOS;142400,0;142400,0;142400,0
9390398;165;2023-07-25 00:00:00;ABRIGO SAO VICENTE DE PAULO;22.296.149/0001-00;1481;SEDESE;SECRETARIA DE ESTADO DE DESENVOLVIMENTO SOCIAL;42;AUXILIOS;1;AUXILIOS;10;RECURSOS ORDINARIOS - RECURSOS NAO VINCULADOS DE IMPOSTOS;117492,0;117492,0;117492,0
9390399;163;2023-07-25 00:00:00;CASA DAS BEM AVENTURANCAS;10.798.196/0001-65;1481;SEDESE;SECRETARIA DE ESTADO DE DESENVOLVIMENTO SOCIAL;42;AUXILIOS;1;AUXILIOS;10;RECURSOS ORDINARIOS - RECURSOS NAO VINCULADOS DE IMPOSTOS;99838,21;99838,21;99838,21
9390400;169;2023-07-26 00:00:00;ASSOCIACAO DE PROMOCAO DO MENOR;23.953.177/0001-08;1481;SEDESE;SECRETARIA DE ESTADO DE DESENVOLVIMENTO SOCIAL;42;AUXILIOS;1;AUXILIOS;10;RECURSOS ORDINARIOS - RECURSOS NAO VINCULADOS DE IMPOSTOS;88623,86;88623,86;88623,86
9390401;124;2023-07-21 00:00:00;ASSOCIACAO DE ASSISTENCIA A CRIANCA E AO ADOLESCENTE;10.953.619/0001-74;1481;SEDESE;SECRETARIA DE ESTADO DE DESENVOLVIMENTO SOCIAL;42;AUXILIOS;1;AUXILIOS;10;RECURSOS ORDINARIOS - RECURSOS NAO VINCULADOS DE IMPOSTOS;100000,0;100000,0;100000,0
9390403;223;2023-07-28 00:00:00;ASSOCIACAO CASA DE ACOLHIMENTO NOSSA SENHORA ROSA MISTICA;30.103.997/0001-76;1481;SEDESE;SECRETARIA DE ESTADO DE DESENVOLVIMENTO SOCIAL;42;AUXILIOS;1;AUXILIOS;10;RECURSOS ORDINARIOS - RECURSOS NAO VINCULADOS DE IMPOSTOS;130000,0;130000,0;130000,0
9390404;221;2023-07-28 00:00:00;APAE DE MONTE BELO;01.192.982/0001-23;1481;SEDESE;SECRETARIA DE ESTADO DE DESENVOLVIMENTO SOCIAL;42;AUXILIOS;1;AUXILIOS;10;RECURSOS ORDINARIOS - RECURSOS NAO VINCULADOS DE IMPOSTOS;295789,53;295789,53;295789,53
9390405;203;2023-07-27 00:00:00;ASSOCIACAO DE PAIS E AMIGOS DOS EXCEPCIONAIS DE MINAS NOVAS;04.273.642/0001-15;1481;SEDESE;SECRETARIA DE ESTADO DE DESENVOLVIMENTO SOCIAL;42;AUXILIOS;1;AUXILIOS;10;RECURSOS ORDINARIOS - RECURSOS NAO VINCULADOS DE IMPOSTOS;88623,86;88623,86;88623,86
9390406;222;2023-07-28 00:00:00;LAR SAO VICENTE DE PAULO;20.930.434/0001-06;1481;SEDESE;SECRETARIA DE ESTADO DE DESENVOLVIMENTO SOCIAL;42;AUXILIOS;1;AUXILIOS;10;RECURSOS ORDINARIOS - RECURSOS NAO VINCULADOS DE IMPOSTOS;224310,0;224310,0;224310,0
9390408;182;2023-07-26 00:00:00;ASSOCIACAO MINEIRA DE DESENVOLVIMENTO HUMANO;10.540.081/0001-76;1481;SEDESE;SECRETARIA DE ESTADO DE DESENVOLVIMENTO SOCIAL;43;SUBVENCOES SOCIAIS;1;SUBVENCOES SOCIAIS;10;RECURSOS ORDINARIOS - RECURSOS NAO VINCULADOS DE IMPOSTOS;400000,0;400000,0;400000,0
9390409;194;2023-07-26 00:00:00;ASSOCIACAO DE ASS. AO MENOR CARENTE CASA DE O. ROSA DE SAROM;02.813.013/0001-05;1481;SEDESE;SECRETARIA DE ESTADO DE DESENVOLVIMENTO SOCIAL;43;SUBVENCOES SOCIAIS;1;SUBVENCOES SOCIAIS;10;RECURSOS ORDINARIOS - RECURSOS NAO VINCULADOS DE IMPOSTOS;140000,0;140000,0;140000,0
9390410;183;2023-07-26 00:00:00;ASSOCIACAO DE PAIS E AMIGOS DOS EXCEPCIONAIS DE ELOI MENDES;41.885.005/0001-26;1481;SEDESE;SECRETARIA DE ESTADO DE DESENVOLVIMENTO SOCIAL;43;SUBVENCOES SOCIAIS;1;SUBVENCOES SOCIAIS;10;RECURSOS ORDINARIOS - RECURSOS NAO VINCULADOS DE IMPOSTOS;90000,0;90000,0;90000,0
9390411;164;2023-07-25 00:00:00;CONSELHO CENTRAL DE BOA ESPERANCA DA SOCIEDADE SAO VICENTE DE PAULO;05.056.343/0001-91;1481;SEDESE;SECRETARIA DE ESTADO DE DESENVOLVIMENTO SOCIAL;42;AUXILIOS;1;AUXILIOS;10;RECURSOS ORDINARIOS - RECURSOS NAO VINCULADOS DE IMPOSTOS;132310,0;132310,0;132310,0
9390412;184;2023-07-26 00:00:00;ASSOCIACAO DO VOLUNTARIADO DE GUAXUPE CAMBATE AO CANCER;05.666.632/0001-02;1481;SEDESE;SECRETARIA DE ESTADO DE DESENVOLVIMENTO SOCIAL;42;AUXILIOS;1;AUXILIOS;10;RECURSOS ORDINARIOS - RECURSOS NAO VINCULADOS DE IMPOSTOS;88623,86;88623,86;88623,86
9390413;146;2023-07-24 00:00:00;ASSOPOC - ASSOCIACAO DOS PROTETORES DOS POBRES E CARENTES;01.286.108/0001-55;1481;SEDESE;SECRETARIA DE ESTADO DE DESENVOLVIMENTO SOCIAL;43;SUBVENCOES SOCIAIS;1;SUBVENCOES SOCIAIS;10;RECURSOS ORDINARIOS - RECURSOS NAO VINCULADOS DE IMPOSTOS;90000,0;90000,0;90000,0
9390414;186;2023-07-26 00:00:00;ASSOC PAIS E AMIGOS DOS EXCEPCIONAIS;20.900.981/0001-30;1481;SEDESE;SECRETARIA DE ESTADO DE DESENVOLVIMENTO SOCIAL;43;SUBVENCOES SOCIAIS;1;SUBVENCOES SOCIAIS;10;RECURSOS ORDINARIOS - RECURSOS NAO VINCULADOS DE IMPOSTOS;14968,32;14968,32;14968,32
9390414;187;2023-07-26 00:00:00;ASSOC PAIS E AMIGOS DOS EXCEPCIONAIS;20.900.981/0001-30;1481;SEDESE;SECRETARIA DE ESTADO DE DESENVOLVIMENTO SOCIAL;42;AUXILIOS;1;AUXILIOS;10;RECURSOS ORDINARIOS - RECURSOS NAO VINCULADOS DE IMPOSTOS;74289,99;74289,99;74289,99
9390415;117;2023-07-21 00:00:00;ASSOCIACAO PAIS E AMIGOS EXCEPCIONAIS/JACUTINGA;71.196.869/0001-00;1481;SEDESE;SECRETARIA DE ESTADO DE DESENVOLVIMENTO SOCIAL;43;SUBVENCOES SOCIAIS;1;SUBVENCOES SOCIAIS;10;RECURSOS ORDINARIOS - RECURSOS NAO VINCULADOS DE IMPOSTOS;89993,12;89993,12;89993,12
9390416;167;2023-07-25 00:00:00;ASILO SAO VICENTE DE PAULO - BOM JESUS DA PENHA;19.125.780/0001-24;1481;SEDESE;SECRETARIA DE ESTADO DE DESENVOLVIMENTO SOCIAL;42;AUXILIOS;1;AUXILIOS;10;RECURSOS ORDINARIOS - RECURSOS NAO VINCULADOS DE IMPOSTOS;88623,86;88623,86;88623,86
9390417;118;2023-07-21 00:00:00;LAR DO IDOSO FREDERICO OZANAM;05.012.095/0001-87;1481;SEDESE;SECRETARIA DE ESTADO DE DESENVOLVIMENTO SOCIAL;43;SUBVENCOES SOCIAIS;1;SUBVENCOES SOCIAIS;10;RECURSOS ORDINARIOS - RECURSOS NAO VINCULADOS DE IMPOSTOS;90000,0;90000,0;90000,0
9390420;207;2023-07-28 00:00:00;ASSOCIACAO CONTAGEM VOLUNTARIA;34.384.954/0001-67;1481;SEDESE;SECRETARIA DE ESTADO DE DESENVOLVIMENTO SOCIAL;43;SUBVENCOES SOCIAIS;1;SUBVENCOES SOCIAIS;10;RECURSOS ORDINARIOS - RECURSOS NAO VINCULADOS DE IMPOSTOS;100000,0;100000,0;100000,0
9390421;229;2023-07-31 00:00:00;FUNDACAO PADRE AMERICO DE PITANGUI;20.221.511/0001-40;1481;SEDESE;SECRETARIA DE ESTADO DE DESENVOLVIMENTO SOCIAL;42;AUXILIOS;1;AUXILIOS;10;RECURSOS ORDINARIOS - RECURSOS NAO VINCULADOS DE IMPOSTOS;199924,64;199924,64;199924,64
9390422;147;2023-07-25 00:00:00;APAE DE RIO PRETO;01.086.100/0001-45;1481;SEDESE;SECRETARIA DE ESTADO DE DESENVOLVIMENTO SOCIAL;43;SUBVENCOES SOCIAIS;1;SUBVENCOES SOCIAIS;10;RECURSOS ORDINARIOS - RECURSOS NAO VINCULADOS DE IMPOSTOS;100000,0;100000,0;100000,0
9390424;195;2023-07-26 00:00:00;LAR SAO VICENTE DE PAULO DE IPUIUNA;41.777.731/0001-25;1481;SEDESE;SECRETARIA DE ESTADO DE DESENVOLVIMENTO SOCIAL;43;SUBVENCOES SOCIAIS;1;SUBVENCOES SOCIAIS;10;RECURSOS ORDINARIOS - RECURSOS NAO VINCULADOS DE IMPOSTOS;89999,95;89999,95;89999,95
9390425;150;2023-07-25 00:00:00;ASSOCIACAO DE APOIO AOS PORTADORES NECESSIDADES ESPECIAIS MG;02.873.268/0001-63;1481;SEDESE;SECRETARIA DE ESTADO DE DESENVOLVIMENTO SOCIAL;42;AUXILIOS;1;AUXILIOS;10;RECURSOS ORDINARIOS - RECURSOS NAO VINCULADOS DE IMPOSTOS;88623,86;88623,86;88623,86
9390426;119;2023-07-21 00:00:00;CARITAS DIOCESANA DE PARACATU;20.583.522/0001-70;1481;SEDESE;SECRETARIA DE ESTADO DE DESENVOLVIMENTO SOCIAL;43;SUBVENCOES SOCIAIS;1;SUBVENCOES SOCIAIS;10;RECURSOS ORDINARIOS - RECURSOS NAO VINCULADOS DE IMPOSTOS;89320,0;89320,0;89320,0
9390426;120;2023-07-21 00:00:00;CARITAS DIOCESANA DE PARACATU;20.583.522/0001-70;1481;SEDESE;SECRETARIA DE ESTADO DE DESENVOLVIMENTO SOCIAL;42;AUXILIOS;1;AUXILIOS;10;RECURSOS ORDINARIOS - RECURSOS NAO VINCULADOS DE IMPOSTOS;10460,0;10460,0;10460,0
9390427;198;2023-07-27 00:00:00;APAE DE ILICINEA;25.660.499/0001-94;1481;SEDESE;SECRETARIA DE ESTADO DE DESENVOLVIMENTO SOCIAL;42;AUXILIOS;1;AUXILIOS;10;RECURSOS ORDINARIOS - RECURSOS NAO VINCULADOS DE IMPOSTOS;89622,4;89622,4;89622,4
9390428;197;2023-07-27 00:00:00;ASSOPOC - ASSOCIACAO DOS PROTETORES DOS POBRES E CARENTES;01.286.108/0001-55;1481;SEDESE;SECRETARIA DE ESTADO DE DESENVOLVIMENTO SOCIAL;42;AUXILIOS;1;AUXILIOS;10;RECURSOS ORDINARIOS - RECURSOS NAO VINCULADOS DE IMPOSTOS;48620,0;48620,0;48620,0
9390428;206;2023-07-28 00:00:00;ASSOPOC - ASSOCIACAO DOS PROTETORES DOS POBRES E CARENTES;01.286.108/0001-55;1481;SEDESE;SECRETARIA DE ESTADO DE DESENVOLVIMENTO SOCIAL;43;SUBVENCOES SOCIAIS;1;SUBVENCOES SOCIAIS;10;RECURSOS ORDINARIOS - RECURSOS NAO VINCULADOS DE IMPOSTOS;51423,0;51423,0;51423,0
9390430;526;2023-08-22 00:00:00;ASSOCIACAO DO CIRC.TUR.SERRA GERAL DO NORTE DE MINAS;08.035.204/0001-70;1271;SECULT;SECRETARIA DE ESTADO DE CULTURA E TURISMO;41;CONTRIBUICOES;1;CONTRIBUICOES;95;RECURSOS RECEBIDOS POR DANOS ADVINDOS DE DESASTRES SOCIOAMBIENTAIS;100000,0;100000,0;100000,0
9390431;196;2023-07-26 00:00:00;ASSOCIACAO DE AUXILIO AO DEFICIENTE FISICO;20.920.252/0001-46;1481;SEDESE;SECRETARIA DE ESTADO DE DESENVOLVIMENTO SOCIAL;43;SUBVENCOES SOCIAIS;1;SUBVENCOES SOCIAIS;10;RECURSOS ORDINARIOS - RECURSOS NAO VINCULADOS DE IMPOSTOS;89964,0;89964,0;89964,0
9390432;199;2023-07-27 00:00:00;ASSOCIACAO DE PAIS E AMIGOS DOS EXCEPCIONAIS;20.313.482/0001-47;1481;SEDESE;SECRETARIA DE ESTADO DE DESENVOLVIMENTO SOCIAL;42;AUXILIOS;1;AUXILIOS;10;RECURSOS ORDINARIOS - RECURSOS NAO VINCULADOS DE IMPOSTOS;90000,0;90000,0;90000,0
9390434;213;2023-07-28 00:00:00;ASILO SAO VICENTE DE PAULO-SSVP;17.951.161/0001-63;1481;SEDESE;SECRETARIA DE ESTADO DE DESENVOLVIMENTO SOCIAL;43;SUBVENCOES SOCIAIS;1;SUBVENCOES SOCIAIS;10;RECURSOS ORDINARIOS - RECURSOS NAO VINCULADOS DE IMPOSTOS;41437,2;41437,2;41437,2
9390434;214;2023-07-28 00:00:00;ASILO SAO VICENTE DE PAULO-SSVP;17.951.161/0001-63;1481;SEDESE;SECRETARIA DE ESTADO DE DESENVOLVIMENTO SOCIAL;42;AUXILIOS;1;AUXILIOS;10;RECURSOS ORDINARIOS - RECURSOS NAO VINCULADOS DE IMPOSTOS;66668,0;66668,0;66668,0
9390435;528;2023-08-22 00:00:00;ASSOCIACAO DO CIRCUITO TURISTICO MONTANHAS CAFEEIRAS DE MINAS;05.112.564/0001-30;1271;SECULT;SECRETARIA DE ESTADO DE CULTURA E TURISMO;41;CONTRIBUICOES;1;CONTRIBUICOES;95;RECURSOS RECEBIDOS POR DANOS ADVINDOS DE DESASTRES SOCIOAMBIENTAIS;140000,0;140000,0;140000,0
9390436;833;2023-07-27 00:00:00;PM FORMOSO;18.125.153/0001-20;1261;SEE;SECRETARIA DE ESTADO DE EDUCACAO;42;AUXILIOS;1;AUXILIOS;10;RECURSOS ORDINARIOS - RECURSOS NAO VINCULADOS DE IMPOSTOS;318000,0;318000,0;318000,0
9390437;201;2023-07-27 00:00:00;AASOCIACAO DE PAIS E AMIGOS DOS EXCEPCIONAIS DE LAGOA DA PRATA;20.897.203/0001-30;1481;SEDESE;SECRETARIA DE ESTADO DE DESENVOLVIMENTO SOCIAL;42;AUXILIOS;1;AUXILIOS;10;RECURSOS ORDINARIOS - RECURSOS NAO VINCULADOS DE IMPOSTOS;53999,24;53999,24;53999,24
9390437;204;2023-07-28 00:00:00;AASOCIACAO DE PAIS E AMIGOS DOS EXCEPCIONAIS DE LAGOA DA PRATA;20.897.203/0001-30;1481;SEDESE;SECRETARIA DE ESTADO DE DESENVOLVIMENTO SOCIAL;43;SUBVENCOES SOCIAIS;1;SUBVENCOES SOCIAIS;10;RECURSOS ORDINARIOS - RECURSOS NAO VINCULADOS DE IMPOSTOS;35994,7;35994,7;35994,7
9390438;834;2023-07-27 00:00:00;PM CAMBUI;18.675.975/0001-85;1261;SEE;SECRETARIA DE ESTADO DE EDUCACAO;42;AUXILIOS;1;AUXILIOS;10;RECURSOS ORDINARIOS - RECURSOS NAO VINCULADOS DE IMPOSTOS;200000,0;200000,0;200000,0
9390439;835;2023-07-27 00:00:00;PM NOVORIZONTE;01.616.420/0001-60;1261;SEE;SECRETARIA DE ESTADO DE EDUCACAO;42;AUXILIOS;1;AUXILIOS;10;RECURSOS ORDINARIOS - RECURSOS NAO VINCULADOS DE IMPOSTOS;854000,0;854000,0;854000,0
9390440;836;2023-07-27 00:00:00;PM CLAUDIO;18.308.775/0001-94;1261;SEE;SECRETARIA DE ESTADO DE EDUCACAO;42;AUXILIOS;1;AUXILIOS;10;RECURSOS ORDINARIOS - RECURSOS NAO VINCULADOS DE IMPOSTOS;636000,0;636000,0;636000,0
9390441;837;2023-07-27 00:00:00;PM CANDEIAS;17.888.090/0001-00;1261;SEE;SECRETARIA DE ESTADO DE EDUCACAO;42;AUXILIOS;1;AUXILIOS;10;RECURSOS ORDINARIOS - RECURSOS NAO VINCULADOS DE IMPOSTOS;427000,0;427000,0;427000,0
9390443;838;2023-07-27 00:00:00;PM ENGENHEIRO NAVARRO;17.697.152/0001-98;1261;SEE;SECRETARIA DE ESTADO DE EDUCACAO;42;AUXILIOS;1;AUXILIOS;10;RECURSOS ORDINARIOS - RECURSOS NAO VINCULADOS DE IMPOSTOS;318000,0;318000,0;318000,0
9390444;168;2023-07-25 00:00:00;LAR DA CRIANCA ALLAN KARDEC;20.900.528/0001-24;1481;SEDESE;SECRETARIA DE ESTADO DE DESENVOLVIMENTO SOCIAL;43;SUBVENCOES SOCIAIS;1;SUBVENCOES SOCIAIS;10;RECURSOS ORDINARIOS - RECURSOS NAO VINCULADOS DE IMPOSTOS;90000,0;90000,0;90000,0
9390445;839;2023-07-27 00:00:00;PM PADRE PARAISO;18.404.764/0001-08;1261;SEE;SECRETARIA DE ESTADO DE EDUCACAO;42;AUXILIOS;1;AUXILIOS;10;RECURSOS ORDINARIOS - RECURSOS NAO VINCULADOS DE IMPOSTOS;318000,0;318000,0;318000,0
9390446;840;2023-07-27 00:00:00;PM CARNEIRINHO;26.042.515/0001-48;1261;SEE;SECRETARIA DE ESTADO DE EDUCACAO;42;AUXILIOS;1;AUXILIOS;10;RECURSOS ORDINARIOS - RECURSOS NAO VINCULADOS DE IMPOSTOS;100000,0;100000,0;100000,0
9390447;841;2023-07-27 00:00:00;PM SAO JOSE DA VARGINHA;18.313.882/0001-00;1261;SEE;SECRETARIA DE ESTADO DE EDUCACAO;42;AUXILIOS;1;AUXILIOS;10;RECURSOS ORDINARIOS - RECURSOS NAO VINCULADOS DE IMPOSTOS;318000,0;318000,0;318000,0
9390448;842;2023-07-27 00:00:00;PM CAPINOPOLIS;18.457.234/0001-28;1261;SEE;SECRETARIA DE ESTADO DE EDUCACAO;42;AUXILIOS;1;AUXILIOS;10;RECURSOS ORDINARIOS - RECURSOS NAO VINCULADOS DE IMPOSTOS;427000,0;427000,0;427000,0
9390449;843;2023-07-27 00:00:00;PM BETIM;18.715.391/0001-96;1261;SEE;SECRETARIA DE ESTADO DE EDUCACAO;42;AUXILIOS;1;AUXILIOS;10;RECURSOS ORDINARIOS - RECURSOS NAO VINCULADOS DE IMPOSTOS;854000,0;854000,0;854000,0
9390450;844;2023-07-27 00:00:00;PM GLAUCILANDIA;01.612.496/0001-17;1261;SEE;SECRETARIA DE ESTADO DE EDUCACAO;42;AUXILIOS;1;AUXILIOS;10;RECURSOS ORDINARIOS - RECURSOS NAO VINCULADOS DE IMPOSTOS;427000,0;427000,0;427000,0
9390451;845;2023-07-27 00:00:00;PM CRISTAIS;17.888.082/0001-55;1261;SEE;SECRETARIA DE ESTADO DE EDUCACAO;42;AUXILIOS;1;AUXILIOS;10;RECURSOS ORDINARIOS - RECURSOS NAO VINCULADOS DE IMPOSTOS;553000,0;553000,0;553000,0
9390452;846;2023-07-27 00:00:00;PM SAO JOSE DA LAPA;42.774.281/0001-80;1261;SEE;SECRETARIA DE ESTADO DE EDUCACAO;42;AUXILIOS;1;AUXILIOS;10;RECURSOS ORDINARIOS - RECURSOS NAO VINCULADOS DE IMPOSTOS;99552,25;99552,25;99552,25
9390453;235;2023-07-31 00:00:00;FRED UMA ALTERNATIVA A REINTEGRACAO;03.691.369/0001-86;1481;SEDESE;SECRETARIA DE ESTADO DE DESENVOLVIMENTO SOCIAL;42;AUXILIOS;1;AUXILIOS;10;RECURSOS ORDINARIOS - RECURSOS NAO VINCULADOS DE IMPOSTOS;85000,0;85000,0;85000,0
9390454;121;2023-07-21 00:00:00;ASSOCIACAO DESPORTIVA INTERNACIONAL DE MINAS;21.592.315/0001-45;1481;SEDESE;SECRETARIA DE ESTADO DE DESENVOLVIMENTO SOCIAL;43;SUBVENCOES SOCIAIS;1;SUBVENCOES SOCIAIS;10;RECURSOS ORDINARIOS - RECURSOS NAO VINCULADOS DE IMPOSTOS;100000,0;100000,0;100000,0
9390455;2176;2023-07-21 00:00:00;PM IPIACU;18.457.259/0001-21;1491;SEGOV;SECRETARIA DE ESTADO DE GOVERNO;42;AUXILIOS;1;AUXILIOS;15;RECURSOS ORDINARIOS - OUTROS RECURSOS NAO VINCULADOS;705752,33;0,0;0,0
9390456;2177;2023-07-21 00:00:00;PM PARAGUACU;18.008.193/0001-92;1491;SEGOV;SECRETARIA DE ESTADO DE GOVERNO;42;AUXILIOS;1;AUXILIOS;15;RECURSOS ORDINARIOS - OUTROS RECURSOS NAO VINCULADOS;87737,63;87737,63;87737,63
9390457;2178;2023-07-21 00:00:00;PM SANTA JULIANA;18.140.780/0001-30;1491;SEGOV;SECRETARIA DE ESTADO DE GOVERNO;42;AUXILIOS;1;AUXILIOS;15;RECURSOS ORDINARIOS - OUTROS RECURSOS NAO VINCULADOS;250000,0;250000,0;250000,0
9390458;122;2023-07-21 00:00:00;LAR SAO VICENTE DE PAULO DE PRATAPOLIS;17.946.534/0001-08;1481;SEDESE;SECRETARIA DE ESTADO DE DESENVOLVIMENTO SOCIAL;42;AUXILIOS;1;AUXILIOS;10;RECURSOS ORDINARIOS - RECURSOS NAO VINCULADOS DE IMPOSTOS;90000,0;90000,0;90000,0
9390459;2179;2023-07-21 00:00:00;PM RAUL SOARES;18.836.965/0001-84;1491;SEGOV;SECRETARIA DE ESTADO DE GOVERNO;42;AUXILIOS;1;AUXILIOS;15;RECURSOS ORDINARIOS - OUTROS RECURSOS NAO VINCULADOS;175475,22;175475,22;175475,22
9390460;2180;2023-07-21 00:00:00;PM SAO GONCALO DO SAPUCAI;18.712.158/0001-50;1491;SEGOV;SECRETARIA DE ESTADO DE GOVERNO;42;AUXILIOS;1;AUXILIOS;15;RECURSOS ORDINARIOS - OUTROS RECURSOS NAO VINCULADOS;219828,26;219828,26;219828,26
9390461;123;2023-07-21 00:00:00;APAE DE RECREIO;04.617.441/0001-98;1481;SEDESE;SECRETARIA DE ESTADO DE DESENVOLVIMENTO SOCIAL;42;AUXILIOS;1;AUXILIOS;10;RECURSOS ORDINARIOS - RECURSOS NAO VINCULADOS DE IMPOSTOS;99911,0;99911,0;99911,0
9390462;151;2023-07-25 00:00:00;CENTRO SOCIAL MALI MARTIN;08.626.529/0001-27;1481;SEDESE;SECRETARIA DE ESTADO DE DESENVOLVIMENTO SOCIAL;43;SUBVENCOES SOCIAIS;1;SUBVENCOES SOCIAIS;10;RECURSOS ORDINARIOS - RECURSOS NAO VINCULADOS DE IMPOSTOS;150000,0;150000,0;150000,0
9390467;185;2023-07-26 00:00:00;ASSOCIACAO DE PAIS E AMIGOS DOS EXCEPCIONAIS DE IPUIUNA;02.330.127/0001-02;1481;SEDESE;SECRETARIA DE ESTADO DE DESENVOLVIMENTO SOCIAL;43;SUBVENCOES SOCIAIS;1;SUBVENCOES SOCIAIS;10;RECURSOS ORDINARIOS - RECURSOS NAO VINCULADOS DE IMPOSTOS;89665,41;89665,41;89665,41
9390468;192;2023-07-26 00:00:00;INSTITUTO GALO;35.777.212/0001-64;1481;SEDESE;SECRETARIA DE ESTADO DE DESENVOLVIMENTO SOCIAL;43;SUBVENCOES SOCIAIS;1;SUBVENCOES SOCIAIS;10;RECURSOS ORDINARIOS - RECURSOS NAO VINCULADOS DE IMPOSTOS;99493,1;99493,1;99493,1
9390469;220;2023-07-28 00:00:00;ASSOCIACAO CUIDAR BEM/MG - ACB;10.626.829/0001-58;1481;SEDESE;SECRETARIA DE ESTADO DE DESENVOLVIMENTO SOCIAL;43;SUBVENCOES SOCIAIS;1;SUBVENCOES SOCIAIS;10;RECURSOS ORDINARIOS - RECURSOS NAO VINCULADOS DE IMPOSTOS;100000,0;100000,0;100000,0
9390470;219;2023-07-28 00:00:00;ASSOCIACAO DE PAIS E AMIGOS DOS EXCEPCIONAIS DE TOCANTINS;04.882.407/0001-40;1481;SEDESE;SECRETARIA DE ESTADO DE DESENVOLVIMENTO SOCIAL;43;SUBVENCOES SOCIAIS;1;SUBVENCOES SOCIAIS;10;RECURSOS ORDINARIOS - RECURSOS NAO VINCULADOS DE IMPOSTOS;89766,05;89766,05;89766,05
9390472;218;2023-07-28 00:00:00;ASSOCIACAO CASA DE ACOLHIMENTO NOSSA SENHORA ROSA MISTICA;30.103.997/0001-76;1481;SEDESE;SECRETARIA DE ESTADO DE DESENVOLVIMENTO SOCIAL;43;SUBVENCOES SOCIAIS;1;SUBVENCOES SOCIAIS;10;RECURSOS ORDINARIOS - RECURSOS NAO VINCULADOS DE IMPOSTOS;100000,0;100000,0;100000,0
9390476;300;2023-07-25 00:00:00;PM FELISBURGO;18.083.071/0001-60;1301;SEINFRA;SECRETARIA DE ESTADO DE INFRAESTRUTURA, MOBILIDADE E PARCERIAS;42;AUXILIOS;1;AUXILIOS;15;RECURSOS ORDINARIOS - OUTROS RECURSOS NAO VINCULADOS;400000,0;400000,0;400000,0
9390477;239;2023-07-31 00:00:00;ABRIGO ANTONIA DUARTE CAIXETA;22.243.356/0001-99;1481;SEDESE;SECRETARIA DE ESTADO DE DESENVOLVIMENTO SOCIAL;42;AUXILIOS;1;AUXILIOS;10;RECURSOS ORDINARIOS - RECURSOS NAO VINCULADOS DE IMPOSTOS;200000,0;200000,0;200000,0
9390480;176;2023-07-26 00:00:00;APAE MONTE CARMELO;21.288.626/0001-15;1481;SEDESE;SECRETARIA DE ESTADO DE DESENVOLVIMENTO SOCIAL;42;AUXILIOS;1;AUXILIOS;10;RECURSOS ORDINARIOS - RECURSOS NAO VINCULADOS DE IMPOSTOS;117492,0;117492,0;117492,0
9390481;215;2023-07-28 00:00:00;ASOC DE PAIS E AMIGOS DOS EXCEPCIONAIS DE VI¦OSA;20.321.600/0001-69;1481;SEDESE;SECRETARIA DE ESTADO DE DESENVOLVIMENTO SOCIAL;43;SUBVENCOES SOCIAIS;1;SUBVENCOES SOCIAIS;10;RECURSOS ORDINARIOS - RECURSOS NAO VINCULADOS DE IMPOSTOS;89999,91;89999,91;89999,91
9390482;224;2023-07-28 00:00:00;ASSOCIACAO DE PROMOCAO DA CIDADANIA DO BAIRRO SANTA LUCIA PA;05.659.499/0001-67;1481;SEDESE;SECRETARIA DE ESTADO DE DESENVOLVIMENTO SOCIAL;43;SUBVENCOES SOCIAIS;1;SUBVENCOES SOCIAIS;10;RECURSOS ORDINARIOS - RECURSOS NAO VINCULADOS DE IMPOSTOS;90000,0;90000,0;90000,0
9390483;238;2023-07-31 00:00:00;ASSOCIACAO DE PAIS E AMIGOS DOS EXCEPCIONAIS-APAE;19.019.447/0001-30;1481;SEDESE;SECRETARIA DE ESTADO DE DESENVOLVIMENTO SOCIAL;42;AUXILIOS;1;AUXILIOS;10;RECURSOS ORDINARIOS - RECURSOS NAO VINCULADOS DE IMPOSTOS;88623,86;88623,86;88623,86
9390484;216;2023-07-28 00:00:00;GREMIO FUTEBOL CLUBE;20.221.768/0001-00;1481;SEDESE;SECRETARIA DE ESTADO DE DESENVOLVIMENTO SOCIAL;43;SUBVENCOES SOCIAIS;1;SUBVENCOES SOCIAIS;10;RECURSOS ORDINARIOS - RECURSOS NAO VINCULADOS DE IMPOSTOS;88957,47;88957,47;88957,47
9390499;246;2023-08-03 00:00:00;APAE CAMPESTRE;00.254.164/0001-45;1481;SEDESE;SECRETARIA DE ESTADO DE DESENVOLVIMENTO SOCIAL;42;AUXILIOS;1;AUXILIOS;10;RECURSOS ORDINARIOS - RECURSOS NAO VINCULADOS DE IMPOSTOS;88623,86;88623,86;88623,86
9390532;253;2023-07-26 00:00:00;PM SANTA BARBARA DO MONTE VERDE;01.611.138/0001-90;1231;SEAPA;SECRETARIA DE ESTADO DE AGRICULTURA, PECUARIA E ABASTECIMENTO - SEAPA;41;CONTRIBUICOES;1;CONTRIBUICOES;15;RECURSOS ORDINARIOS - OUTROS RECURSOS NAO VINCULADOS;705752,33;705752,33;705752,33
9390534;254;2023-07-26 00:00:00;PM SILVIANOPOLIS;18.675.942/0001-35;1231;SEAPA;SECRETARIA DE ESTADO DE AGRICULTURA, PECUARIA E ABASTECIMENTO - SEAPA;41;CONTRIBUICOES;1;CONTRIBUICOES;15;RECURSOS ORDINARIOS - OUTROS RECURSOS NAO VINCULADOS;698694,81;698694,81;698694,81
9390535;255;2023-07-26 00:00:00;PM FRONTEIRA;18.449.140/0001-07;1231;SEAPA;SECRETARIA DE ESTADO DE AGRICULTURA, PECUARIA E ABASTECIMENTO - SEAPA;41;CONTRIBUICOES;1;CONTRIBUICOES;15;RECURSOS ORDINARIOS - OUTROS RECURSOS NAO VINCULADOS;700000,0;700000,0;700000,0
9390536;256;2023-07-26 00:00:00;PM SAO FELIX DE MINAS;01.613.121/0001-71;1231;SEAPA;SECRETARIA DE ESTADO DE AGRICULTURA, PECUARIA E ABASTECIMENTO - SEAPA;41;CONTRIBUICOES;1;CONTRIBUICOES;15;RECURSOS ORDINARIOS - OUTROS RECURSOS NAO VINCULADOS;550000,0;550000,0;550000,0
9390544;2181;2023-07-26 00:00:00;PM INCONFIDENTES;18.028.829/0001-68;1491;SEGOV;SECRETARIA DE ESTADO DE GOVERNO;42;AUXILIOS;1;AUXILIOS;15;RECURSOS ORDINARIOS - OUTROS RECURSOS NAO VINCULADOS;204015,86;204015,86;204015,86
9390545;2182;2023-07-26 00:00:00;PM JURUAIA;18.668.368/0001-98;1491;SEGOV;SECRETARIA DE ESTADO DE GOVERNO;42;AUXILIOS;1;AUXILIOS;15;RECURSOS ORDINARIOS - OUTROS RECURSOS NAO VINCULADOS;87737,63;87737,63;87737,63
9390546;2183;2023-07-26 00:00:00;PM CAMPO FLORIDO;18.428.862/0001-85;1491;SEGOV;SECRETARIA DE ESTADO DE GOVERNO;42;AUXILIOS;1;AUXILIOS;15;RECURSOS ORDINARIOS - OUTROS RECURSOS NAO VINCULADOS;83623,86;83623,86;83623,86
9390547;2184;2023-07-26 00:00:00;PM SABARA;18.715.441/0001-35;1491;SEGOV;SECRETARIA DE ESTADO DE GOVERNO;42;AUXILIOS;1;AUXILIOS;15;RECURSOS ORDINARIOS - OUTROS RECURSOS NAO VINCULADOS;176361,48;176361,48;176361,48
9390548;2185;2023-07-26 00:00:00;PM CAMPANHA;18.712.174/0001-42;1491;SEGOV;SECRETARIA DE ESTADO DE GOVERNO;42;AUXILIOS;1;AUXILIOS;15;RECURSOS ORDINARIOS - OUTROS RECURSOS NAO VINCULADOS;130960,0;130960,0;130960,0
9390552;228;2023-07-31 00:00:00;PM PAI PEDRO;01.612.479/0001-80;1481;SEDESE;SECRETARIA DE ESTADO DE DESENVOLVIMENTO SOCIAL;42;AUXILIOS;1;AUXILIOS;10;RECURSOS ORDINARIOS - RECURSOS NAO VINCULADOS DE IMPOSTOS;0,0;0,0;0,0
9390552;231;2023-07-31 00:00:00;PM PAI PEDRO;01.612.479/0001-80;1481;SEDESE;SECRETARIA DE ESTADO DE DESENVOLVIMENTO SOCIAL;42;AUXILIOS;1;AUXILIOS;10;RECURSOS ORDINARIOS - RECURSOS NAO VINCULADOS DE IMPOSTOS;312500,0;312500,0;312500,0
9390555;6;2023-07-31 00:00:00;PM SANTANA DOS MONTES;19.718.394/0001-46;4491;FEC;FUNDO ESTADUAL DE CULTURA;41;CONTRIBUICOES;1;CONTRIBUICOES;59;OUTROS RECURSOS VINCULADOS;199645,38;199645,38;199645,38
9390559;265;2023-07-27 00:00:00;PM SAO JOSE DO JACURI;18.409.201/0001-02;1231;SEAPA;SECRETARIA DE ESTADO DE AGRICULTURA, PECUARIA E ABASTECIMENTO - SEAPA;41;CONTRIBUICOES;1;CONTRIBUICOES;15;RECURSOS ORDINARIOS - OUTROS RECURSOS NAO VINCULADOS;116317,08;116317,08;116317,08
9390560;225;2023-07-28 00:00:00;ASSOCIACAO PAULA ELIZABETE;01.947.440/0001-13;1481;SEDESE;SECRETARIA DE ESTADO DE DESENVOLVIMENTO SOCIAL;43;SUBVENCOES SOCIAIS;1;SUBVENCOES SOCIAIS;10;RECURSOS ORDINARIOS - RECURSOS NAO VINCULADOS DE IMPOSTOS;30000,0;30000,0;30000,0
9390560;226;2023-07-28 00:00:00;ASSOCIACAO PAULA ELIZABETE;01.947.440/0001-13;1481;SEDESE;SECRETARIA DE ESTADO DE DESENVOLVIMENTO SOCIAL;42;AUXILIOS;1;AUXILIOS;10;RECURSOS ORDINARIOS - RECURSOS NAO VINCULADOS DE IMPOSTOS;70000,0;70000,0;70000,0
9390561;259;2023-07-27 00:00:00;PM PIRAUBA;18.554.147/0001-99;1231;SEAPA;SECRETARIA DE ESTADO DE AGRICULTURA, PECUARIA E ABASTECIMENTO - SEAPA;41;CONTRIBUICOES;1;CONTRIBUICOES;15;RECURSOS ORDINARIOS - OUTROS RECURSOS NAO VINCULADOS;550000,0;550000,0;550000,0
9390562;257;2023-07-27 00:00:00;PM MONTE SIAO;22.646.525/0001-31;1231;SEAPA;SECRETARIA DE ESTADO DE AGRICULTURA, PECUARIA E ABASTECIMENTO - SEAPA;41;CONTRIBUICOES;1;CONTRIBUICOES;15;RECURSOS ORDINARIOS - OUTROS RECURSOS NAO VINCULADOS;950000,0;950000,0;950000,0
9390564;264;2023-07-27 00:00:00;PM ITAUNA;18.309.724/0001-87;1231;SEAPA;SECRETARIA DE ESTADO DE AGRICULTURA, PECUARIA E ABASTECIMENTO - SEAPA;41;CONTRIBUICOES;1;CONTRIBUICOES;15;RECURSOS ORDINARIOS - OUTROS RECURSOS NAO VINCULADOS;550000,0;550000,0;550000,0
9390565;263;2023-07-27 00:00:00;PM MUTUM;18.348.086/0001-03;1231;SEAPA;SECRETARIA DE ESTADO DE AGRICULTURA, PECUARIA E ABASTECIMENTO - SEAPA;41;CONTRIBUICOES;1;CONTRIBUICOES;15;RECURSOS ORDINARIOS - OUTROS RECURSOS NAO VINCULADOS;1276194,0;1276194,0;1276194,0
9390566;262;2023-07-27 00:00:00;PM ALBERTINA;17.912.015/0001-29;1231;SEAPA;SECRETARIA DE ESTADO DE AGRICULTURA, PECUARIA E ABASTECIMENTO - SEAPA;41;CONTRIBUICOES;1;CONTRIBUICOES;15;RECURSOS ORDINARIOS - OUTROS RECURSOS NAO VINCULADOS;517733,33;517733,33;517733,33
9390567;258;2023-07-27 00:00:00;PM ORIZANIA;01.616.271/0001-39;1231;SEAPA;SECRETARIA DE ESTADO DE AGRICULTURA, PECUARIA E ABASTECIMENTO - SEAPA;41;CONTRIBUICOES;1;CONTRIBUICOES;15;RECURSOS ORDINARIOS - OUTROS RECURSOS NAO VINCULADOS;1500000,0;1500000,0;1500000,0
9390568;261;2023-07-27 00:00:00;PM IBERTIOGA;18.094.839/0001-00;1231;SEAPA;SECRETARIA DE ESTADO DE AGRICULTURA, PECUARIA E ABASTECIMENTO - SEAPA;41;CONTRIBUICOES;1;CONTRIBUICOES;15;RECURSOS ORDINARIOS - OUTROS RECURSOS NAO VINCULADOS;698694,81;698694,81;698694,81
9390569;260;2023-07-27 00:00:00;PM SAO JOSE DO GOIABAL;18.402.552/0001-91;1231;SEAPA;SECRETARIA DE ESTADO DE AGRICULTURA, PECUARIA E ABASTECIMENTO - SEAPA;41;CONTRIBUICOES;1;CONTRIBUICOES;15;RECURSOS ORDINARIOS - OUTROS RECURSOS NAO VINCULADOS;300000,0;300000,0;300000,0
9390572;305;2023-07-28 00:00:00;PM ITAMONTE;18.666.750/0001-62;1301;SEINFRA;SECRETARIA DE ESTADO DE INFRAESTRUTURA, MOBILIDADE E PARCERIAS;42;AUXILIOS;1;AUXILIOS;15;RECURSOS ORDINARIOS - OUTROS RECURSOS NAO VINCULADOS;546165,0;546165,0;546165,0
9390574;304;2023-07-28 00:00:00;PM CATUGI;26.218.636/0001-06;1301;SEINFRA;SECRETARIA DE ESTADO DE INFRAESTRUTURA, MOBILIDADE E PARCERIAS;42;AUXILIOS;1;AUXILIOS;15;RECURSOS ORDINARIOS - OUTROS RECURSOS NAO VINCULADOS;300000,0;300000,0;300000,0
9390605;527;2023-08-22 00:00:00;ASSOCIACAO DO CIRCUITO TURISTICO DAS GRUTAS;04.260.822/0001-62;1271;SECULT;SECRETARIA DE ESTADO DE CULTURA E TURISMO;41;CONTRIBUICOES;1;CONTRIBUICOES;95;RECURSOS RECEBIDOS POR DANOS ADVINDOS DE DESASTRES SOCIOAMBIENTAIS;75940,0;75940,0;75940,0
9390606;529;2023-08-22 00:00:00;ASSOCIACAO DO CIRCUITO TURISTICO GRUTAS E MAR DE MINAS;07.482.316/0001-06;1271;SECULT;SECRETARIA DE ESTADO DE CULTURA E TURISMO;41;CONTRIBUICOES;1;CONTRIBUICOES;95;RECURSOS RECEBIDOS POR DANOS ADVINDOS DE DESASTRES SOCIOAMBIENTAIS;100000,0;100000,0;100000,0
9390607;3934;2023-09-01 00:00:00;PM COROMANDEL;18.591.149/0001-58;4291;FES;FUNDO ESTADUAL DE SAUDE;42;AUXILIOS;1;AUXILIOS;10;RECURSOS ORDINARIOS - RECURSOS NAO VINCULADOS DE IMPOSTOS;5940000,0;5940000,0;5940000,0
9390609;2187;2023-07-28 00:00:00;PM MALACACHETA;18.404.871/0001-36;1491;SEGOV;SECRETARIA DE ESTADO DE GOVERNO;42;AUXILIOS;1;AUXILIOS;15;RECURSOS ORDINARIOS - OUTROS RECURSOS NAO VINCULADOS;87735,87;87735,87;87735,87
9390610;2186;2023-07-28 00:00:00;PM JOSE GONCALVES DE MINAS;01.613.372/0001-56;1491;SEGOV;SECRETARIA DE ESTADO DE GOVERNO;42;AUXILIOS;1;AUXILIOS;15;RECURSOS ORDINARIOS - OUTROS RECURSOS NAO VINCULADOS;300000,0;300000,0;300000,0
9390612;247;2023-08-07 00:00:00;PM MATHIAS LOBATO;18.332.619/0001-69;1481;SEDESE;SECRETARIA DE ESTADO DE DESENVOLVIMENTO SOCIAL;42;AUXILIOS;1;AUXILIOS;15;RECURSOS ORDINARIOS - OUTROS RECURSOS NAO VINCULADOS;1800000,0;1800000,0;1800000,0
9390625;269;2023-08-02 00:00:00;PM MONTE ALEGRE DE MINAS;18.431.155/0001-48;1231;SEAPA;SECRETARIA DE ESTADO DE AGRICULTURA, PECUARIA E ABASTECIMENTO - SEAPA;41;CONTRIBUICOES;1;CONTRIBUICOES;15;RECURSOS ORDINARIOS - OUTROS RECURSOS NAO VINCULADOS;500000,0;500000,0;500000,0
9390630;2189;2023-07-31 00:00:00;PM CONCEICAO DO PARA;18.315.200/0001-07;1491;SEGOV;SECRETARIA DE ESTADO DE GOVERNO;42;AUXILIOS;1;AUXILIOS;15;RECURSOS ORDINARIOS - OUTROS RECURSOS NAO VINCULADOS;87737,62;87737,62;87737,62
9390631;240;2023-07-31 00:00:00;APAE/IBIRITE;03.341.446/0001-78;1481;SEDESE;SECRETARIA DE ESTADO DE DESENVOLVIMENTO SOCIAL;43;SUBVENCOES SOCIAIS;1;SUBVENCOES SOCIAIS;10;RECURSOS ORDINARIOS - RECURSOS NAO VINCULADOS DE IMPOSTOS;90000,0;90000,0;90000,0
9390676;855;2023-08-03 00:00:00;PM CENTRALINA;18.260.497/0001-42;1261;SEE;SECRETARIA DE ESTADO DE EDUCACAO;42;AUXILIOS;1;AUXILIOS;10;RECURSOS ORDINARIOS - RECURSOS NAO VINCULADOS DE IMPOSTOS;427000,0;427000,0;427000,0
9390677;858;2023-08-03 00:00:00;PM OURO VERDE DE MINAS;18.404.947/0001-23;1261;SEE;SECRETARIA DE ESTADO DE EDUCACAO;42;AUXILIOS;1;AUXILIOS;10;RECURSOS ORDINARIOS - RECURSOS NAO VINCULADOS DE IMPOSTOS;2004000,0;2004000,0;2004000,0
9390678;859;2023-08-03 00:00:00;PM BICAS;17.722.935/0001-84;1261;SEE;SECRETARIA DE ESTADO DE EDUCACAO;42;AUXILIOS;1;AUXILIOS;10;RECURSOS ORDINARIOS - RECURSOS NAO VINCULADOS DE IMPOSTOS;936665,67;936665,67;936665,67
9390679;860;2023-08-03 00:00:00;PM COROMANDEL;18.591.149/0001-58;1261;SEE;SECRETARIA DE ESTADO DE EDUCACAO;42;AUXILIOS;1;AUXILIOS;10;RECURSOS ORDINARIOS - RECURSOS NAO VINCULADOS DE IMPOSTOS;636000,0;636000,0;636000,0
9390680;861;2023-08-03 00:00:00;PM PARA DE MINAS;18.313.817/0001-85;1261;SEE;SECRETARIA DE ESTADO DE EDUCACAO;42;AUXILIOS;1;AUXILIOS;10;RECURSOS ORDINARIOS - RECURSOS NAO VINCULADOS DE IMPOSTOS;1507000,0;1507000,0;1507000,0
9390682;862;2023-08-03 00:00:00;PM AGUANIL;17.888.108/0001-65;1261;SEE;SECRETARIA DE ESTADO DE EDUCACAO;42;AUXILIOS;1;AUXILIOS;10;RECURSOS ORDINARIOS - RECURSOS NAO VINCULADOS DE IMPOSTOS;427000,0;427000,0;427000,0
9390683;863;2023-08-03 00:00:00;PM VIRGINIA;25.970.260/0001-10;1261;SEE;SECRETARIA DE ESTADO DE EDUCACAO;42;AUXILIOS;1;AUXILIOS;10;RECURSOS ORDINARIOS - RECURSOS NAO VINCULADOS DE IMPOSTOS;410000,0;410000,0;410000,0
9390684;864;2023-08-03 00:00:00;PM PIAU;18.338.236/0001-06;1261;SEE;SECRETARIA DE ESTADO DE EDUCACAO;42;AUXILIOS;1;AUXILIOS;10;RECURSOS ORDINARIOS - RECURSOS NAO VINCULADOS DE IMPOSTOS;514000,0;514000,0;514000,0
9390685;865;2023-08-03 00:00:00;PM RIO PIRACICABA;18.400.945/0001-66;1261;SEE;SECRETARIA DE ESTADO DE EDUCACAO;42;AUXILIOS;1;AUXILIOS;10;RECURSOS ORDINARIOS - RECURSOS NAO VINCULADOS DE IMPOSTOS;1795000,0;1795000,0;1795000,0
9390687;874;2023-08-03 00:00:00;PM PIAU;18.338.236/0001-06;1261;SEE;SECRETARIA DE ESTADO DE EDUCACAO;42;AUXILIOS;1;AUXILIOS;10;RECURSOS ORDINARIOS - RECURSOS NAO VINCULADOS DE IMPOSTOS;300000,0;300000,0;300000,0
9390688;866;2023-08-03 00:00:00;PM CHAPADA GAUCHA;01.612.489/0001-15;1261;SEE;SECRETARIA DE ESTADO DE EDUCACAO;42;AUXILIOS;1;AUXILIOS;10;RECURSOS ORDINARIOS - RECURSOS NAO VINCULADOS DE IMPOSTOS;954000,0;954000,0;954000,0
9390689;868;2023-08-03 00:00:00;PM GLAUCILANDIA;01.612.496/0001-17;1261;SEE;SECRETARIA DE ESTADO DE EDUCACAO;42;AUXILIOS;1;AUXILIOS;10;RECURSOS ORDINARIOS - RECURSOS NAO VINCULADOS DE IMPOSTOS;318000,0;318000,0;318000,0
9390690;869;2023-08-03 00:00:00;PM NATERCIA;17.935.412/0001-16;1261;SEE;SECRETARIA DE ESTADO DE EDUCACAO;42;AUXILIOS;1;AUXILIOS;10;RECURSOS ORDINARIOS - RECURSOS NAO VINCULADOS DE IMPOSTOS;427000,0;427000,0;427000,0
9390691;870;2023-08-03 00:00:00;PM MONTE AZUL;18.650.945/0001-14;1261;SEE;SECRETARIA DE ESTADO DE EDUCACAO;42;AUXILIOS;1;AUXILIOS;10;RECURSOS ORDINARIOS - RECURSOS NAO VINCULADOS DE IMPOSTOS;427000,0;427000,0;427000,0
9390692;881;2023-08-09 00:00:00;PM TOCANTINS;18.128.223/0001-02;1261;SEE;SECRETARIA DE ESTADO DE EDUCACAO;41;CONTRIBUICOES;1;CONTRIBUICOES;21;COTA ESTADUAL DO SALARIO EDUCACAO - QESE;27021,6;27021,6;27021,6
9390692;882;2023-08-09 00:00:00;PM TOCANTINS;18.128.223/0001-02;1261;SEE;SECRETARIA DE ESTADO DE EDUCACAO;41;CONTRIBUICOES;1;CONTRIBUICOES;10;RECURSOS ORDINARIOS - RECURSOS NAO VINCULADOS DE IMPOSTOS;1548282,08;1548282,08;1548282,08
9390692;883;2023-08-09 00:00:00;PM TOCANTINS;18.128.223/0001-02;1261;SEE;SECRETARIA DE ESTADO DE EDUCACAO;41;CONTRIBUICOES;1;CONTRIBUICOES;10;RECURSOS ORDINARIOS - RECURSOS NAO VINCULADOS DE IMPOSTOS;116045,54;116045,54;116045,54
9390697;199;2023-08-03 00:00:00;APARU ASSOCIACAO DOS PARAPLEGICOS DE UBERLANDIA;21.296.249/0001-66;1481;SEDESE;SECRETARIA DE ESTADO DE DESENVOLVIMENTO SOCIAL;43;SUBVENCOES SOCIAIS;1;SUBVENCOES SOCIAIS;38;TRANSFERENCIAS DA UNIAO VINCULADOS AO ESPORTE;52400,0;52400,0;52400,0
9390711;434;2023-08-17 00:00:00;PM ITANHOMI;18.493.239/0001-06;1371;SEMAD;SECRETARIA DE ESTADO DE MEIO AMBIENTE E DESENVOLVIMENTO SUSTENTAVEL;41;CONTRIBUICOES;1;CONTRIBUICOES;15;RECURSOS ORDINARIOS - OUTROS RECURSOS NAO VINCULADOS;520575,0;520575,0;520575,0
9390714;2190;2023-08-02 00:00:00;PM POCO FUNDO;18.242.792/0001-76;1491;SEGOV;SECRETARIA DE ESTADO DE GOVERNO;42;AUXILIOS;1;AUXILIOS;15;RECURSOS ORDINARIOS - OUTROS RECURSOS NAO VINCULADOS;87723,86;87723,86;87723,86
9390715;2191;2023-08-02 00:00:00;PM TOCANTINS;18.128.223/0001-02;1491;SEGOV;SECRETARIA DE ESTADO DE GOVERNO;42;AUXILIOS;1;AUXILIOS;15;RECURSOS ORDINARIOS - OUTROS RECURSOS NAO VINCULADOS;116292,0;116292,0;116292,0
9390716;2192;2023-08-02 00:00:00;PM SENADOR AMARAL;41.778.556/0001-90;1491;SEGOV;SECRETARIA DE ESTADO DE GOVERNO;42;AUXILIOS;1;AUXILIOS;15;RECURSOS ORDINARIOS - OUTROS RECURSOS NAO VINCULADOS;88180,72;88180,72;88180,72
9390955;2193;2023-08-03 00:00:00;PM MOEDA;18.363.952/0001-35;1491;SEGOV;SECRETARIA DE ESTADO DE GOVERNO;42;AUXILIOS;1;AUXILIOS;15;RECURSOS ORDINARIOS - OUTROS RECURSOS NAO VINCULADOS;338206,47;338206,47;338206,47
9390969;2195;2023-08-04 00:00:00;PM CAPARAO;18.114.249/0001-93;1491;SEGOV;SECRETARIA DE ESTADO DE GOVERNO;42;AUXILIOS;1;AUXILIOS;15;RECURSOS ORDINARIOS - OUTROS RECURSOS NAO VINCULADOS;500000,0;500000,0;500000,0
9390970;2196;2023-08-04 00:00:00;PM SAO JOSE DO JACURI;18.409.201/0001-02;1491;SEGOV;SECRETARIA DE ESTADO DE GOVERNO;42;AUXILIOS;1;AUXILIOS;15;RECURSOS ORDINARIOS - OUTROS RECURSOS NAO VINCULADOS;87737,62;87737,62;87737,62
9390972;2194;2023-08-04 00:00:00;PM CONCEICAO DOS OUROS;18.677.609/0001-65;1491;SEGOV;SECRETARIA DE ESTADO DE GOVERNO;42;AUXILIOS;1;AUXILIOS;15;RECURSOS ORDINARIOS - OUTROS RECURSOS NAO VINCULADOS;300000,0;300000,0;300000,0
9391000;435;2023-08-17 00:00:00;PM PIEDADE DO RIO GRANDE;18.685.438/0001-16;1371;SEMAD;SECRETARIA DE ESTADO DE MEIO AMBIENTE E DESENVOLVIMENTO SUSTENTAVEL;41;CONTRIBUICOES;1;CONTRIBUICOES;15;RECURSOS ORDINARIOS - OUTROS RECURSOS NAO VINCULADOS;550000,0;550000,0;550000,0
9391004;2197;2023-08-07 00:00:00;PM DIVINESIA;18.128.280/0001-83;1491;SEGOV;SECRETARIA DE ESTADO DE GOVERNO;42;AUXILIOS;1;AUXILIOS;15;RECURSOS ORDINARIOS - OUTROS RECURSOS NAO VINCULADOS;116904,54;116904,54;116904,54
9391027;204;2023-08-11 00:00:00;ASSOCIACAO ESPORTIVA MINAS GERAIS QUAD RUGBY;18.104.608/0001-21;1481;SEDESE;SECRETARIA DE ESTADO DE DESENVOLVIMENTO SOCIAL;43;SUBVENCOES SOCIAIS;1;SUBVENCOES SOCIAIS;38;TRANSFERENCIAS DA UNIAO VINCULADOS AO ESPORTE;52387,87;52387,87;52387,87
9391029;203;2023-08-11 00:00:00;ASSOCIACAO MINEIRA DO PARADESPORTO - AMPADESPORTO;29.335.005/0001-57;1481;SEDESE;SECRETARIA DE ESTADO DE DESENVOLVIMENTO SOCIAL;43;SUBVENCOES SOCIAIS;1;SUBVENCOES SOCIAIS;38;TRANSFERENCIAS DA UNIAO VINCULADOS AO ESPORTE;52393,47;52393,47;52393,47
9391030;877;2023-08-09 00:00:00;PM TURVOLANDIA;18.712.141/0001-00;1261;SEE;SECRETARIA DE ESTADO DE EDUCACAO;42;AUXILIOS;1;AUXILIOS;10;RECURSOS ORDINARIOS - RECURSOS NAO VINCULADOS DE IMPOSTOS;427000,0;427000,0;427000,0
9391031;878;2023-08-09 00:00:00;PM SERRANOPOLIS DE MINAS;01.612.501/0001-91;1261;SEE;SECRETARIA DE ESTADO DE EDUCACAO;42;AUXILIOS;1;AUXILIOS;10;RECURSOS ORDINARIOS - RECURSOS NAO VINCULADOS DE IMPOSTOS;427000,0;427000,0;427000,0
9391032;884;2023-08-09 00:00:00;PM PIRANGA;23.515.687/0001-01;1261;SEE;SECRETARIA DE ESTADO DE EDUCACAO;42;AUXILIOS;1;AUXILIOS;10;RECURSOS ORDINARIOS - RECURSOS NAO VINCULADOS DE IMPOSTOS;514000,0;514000,0;514000,0
9391033;885;2023-08-09 00:00:00;PM JECEABA;20.356.739/0001-48;1261;SEE;SECRETARIA DE ESTADO DE EDUCACAO;42;AUXILIOS;1;AUXILIOS;10;RECURSOS ORDINARIOS - RECURSOS NAO VINCULADOS DE IMPOSTOS;427000,0;427000,0;427000,0
9391035;879;2023-08-09 00:00:00;PM SIMAO PEREIRA;18.338.293/0001-87;1261;SEE;SECRETARIA DE ESTADO DE EDUCACAO;42;AUXILIOS;1;AUXILIOS;10;RECURSOS ORDINARIOS - RECURSOS NAO VINCULADOS DE IMPOSTOS;160000,0;160000,0;160000,0
9391036;886;2023-08-09 00:00:00;PM MONTE FORMOSO;01.615.007/0001-80;1261;SEE;SECRETARIA DE ESTADO DE EDUCACAO;42;AUXILIOS;1;AUXILIOS;10;RECURSOS ORDINARIOS - RECURSOS NAO VINCULADOS DE IMPOSTOS;427000,0;427000,0;427000,0
9391037;880;2023-08-09 00:00:00;PM VICOSA;18.132.449/0001-79;1261;SEE;SECRETARIA DE ESTADO DE EDUCACAO;42;AUXILIOS;1;AUXILIOS;10;RECURSOS ORDINARIOS - RECURSOS NAO VINCULADOS DE IMPOSTOS;200000,0;200000,0;200000,0
9391038;2326;2023-08-09 00:00:00;PM ARICANDUVA;01.608.511/0001-53;1261;SEE;SECRETARIA DE ESTADO DE EDUCACAO;42;AUXILIOS;1;AUXILIOS;10;RECURSOS ORDINARIOS - RECURSOS NAO VINCULADOS DE IMPOSTOS;550318,55;550318,55;550318,55
9391039;2327;2023-08-09 00:00:00;PM ARICANDUVA;01.608.511/0001-53;1261;SEE;SECRETARIA DE ESTADO DE EDUCACAO;42;AUXILIOS;1;AUXILIOS;10;RECURSOS ORDINARIOS - RECURSOS NAO VINCULADOS DE IMPOSTOS;4248889,18;4248889,18;4248889,18
9391194;2198;2023-08-08 00:00:00;PM AIMORES;18.348.094/0001-50;1491;SEGOV;SECRETARIA DE ESTADO DE GOVERNO;42;AUXILIOS;1;AUXILIOS;15;RECURSOS ORDINARIOS - OUTROS RECURSOS NAO VINCULADOS;116317,08;116317,08;116317,08
9391210;273;2023-08-09 00:00:00;PM SARDOA;18.307.496/0001-06;1231;SEAPA;SECRETARIA DE ESTADO DE AGRICULTURA, PECUARIA E ABASTECIMENTO - SEAPA;41;CONTRIBUICOES;1;CONTRIBUICOES;15;RECURSOS ORDINARIOS - OUTROS RECURSOS NAO VINCULADOS;116302,0;116302,0;116302,0
9391211;274;2023-08-09 00:00:00;PM ARINOS;18.125.120/0001-80;1231;SEAPA;SECRETARIA DE ESTADO DE AGRICULTURA, PECUARIA E ABASTECIMENTO - SEAPA;41;CONTRIBUICOES;1;CONTRIBUICOES;15;RECURSOS ORDINARIOS - OUTROS RECURSOS NAO VINCULADOS;250000,0;250000,0;250000,0
9391214;2200;2023-08-09 00:00:00;PM MIRADOURO;17.947.623/0001-79;1491;SEGOV;SECRETARIA DE ESTADO DE GOVERNO;42;AUXILIOS;1;AUXILIOS;15;RECURSOS ORDINARIOS - OUTROS RECURSOS NAO VINCULADOS;700000,0;350000,0;350000,0
9391215;2201;2023-08-09 00:00:00;PM BOM REPOUSO;18.675.892/0001-96;1491;SEGOV;SECRETARIA DE ESTADO DE GOVERNO;42;AUXILIOS;1;AUXILIOS;15;RECURSOS ORDINARIOS - OUTROS RECURSOS NAO VINCULADOS;1000000,0;500000,0;500000,0
9391217;2202;2023-08-09 00:00:00;PM LAGAMAR;18.192.260/0001-71;1491;SEGOV;SECRETARIA DE ESTADO DE GOVERNO;42;AUXILIOS;1;AUXILIOS;15;RECURSOS ORDINARIOS - OUTROS RECURSOS NAO VINCULADOS;300000,0;300000,0;300000,0
9391219;2203;2023-08-09 00:00:00;PM NAZARENO;18.557.561/0001-51;1491;SEGOV;SECRETARIA DE ESTADO DE GOVERNO;42;AUXILIOS;1;AUXILIOS;15;RECURSOS ORDINARIOS - OUTROS RECURSOS NAO VINCULADOS;87737,62;87737,62;87737,62
9391220;2204;2023-08-09 00:00:00;PM BANDEIRA DO SUL;18.175.794/0001-90;1491;SEGOV;SECRETARIA DE ESTADO DE GOVERNO;42;AUXILIOS;1;AUXILIOS;15;RECURSOS ORDINARIOS - OUTROS RECURSOS NAO VINCULADOS;87737,6;87737,6;87737,6
9391221;2199;2023-08-09 00:00:00;PM ESTIVA;18.675.918/0001-04;1491;SEGOV;SECRETARIA DE ESTADO DE GOVERNO;42;AUXILIOS;1;AUXILIOS;15;RECURSOS ORDINARIOS - OUTROS RECURSOS NAO VINCULADOS;300000,0;300000,0;300000,0
9391226;924;2023-08-23 00:00:00;PM ANTONIO DIAS;16.796.575/0001-00;1261;SEE;SECRETARIA DE ESTADO DE EDUCACAO;42;AUXILIOS;1;AUXILIOS;10;RECURSOS ORDINARIOS - RECURSOS NAO VINCULADOS DE IMPOSTOS;100000,0;100000,0;100000,0
9391305;2205;2023-08-11 00:00:00;PM ALTO JEQUITIBA;18.392.506/0001-59;1491;SEGOV;SECRETARIA DE ESTADO DE GOVERNO;42;AUXILIOS;1;AUXILIOS;15;RECURSOS ORDINARIOS - OUTROS RECURSOS NAO VINCULADOS;87736,86;87736,86;87736,86
9391306;2206;2023-08-11 00:00:00;PM JOSE GONCALVES DE MINAS;01.613.372/0001-56;1491;SEGOV;SECRETARIA DE ESTADO DE GOVERNO;42;AUXILIOS;1;AUXILIOS;15;RECURSOS ORDINARIOS - OUTROS RECURSOS NAO VINCULADOS;116904,54;116904,54;116904,54
9391333;903;2023-08-17 00:00:00;PM MIRAVANIA;01.612.491/0001-94;1261;SEE;SECRETARIA DE ESTADO DE EDUCACAO;42;AUXILIOS;1;AUXILIOS;10;RECURSOS ORDINARIOS - RECURSOS NAO VINCULADOS DE IMPOSTOS;1374300,0;1374300,0;1374300,0
9391334;2207;2023-08-16 00:00:00;PM ALTO JEQUITIBA;18.392.506/0001-59;1491;SEGOV;SECRETARIA DE ESTADO DE GOVERNO;42;AUXILIOS;1;AUXILIOS;15;RECURSOS ORDINARIOS - OUTROS RECURSOS NAO VINCULADOS;338206,4;338206,4;338206,4
9391335;2208;2023-08-16 00:00:00;PM SARDOA;18.307.496/0001-06;1491;SEGOV;SECRETARIA DE ESTADO DE GOVERNO;42;AUXILIOS;1;AUXILIOS;15;RECURSOS ORDINARIOS - OUTROS RECURSOS NAO VINCULADOS;175447,72;175447,72;175447,72
9391338;2209;2023-08-16 00:00:00;PM MATHIAS LOBATO;18.332.619/0001-69;1491;SEGOV;SECRETARIA DE ESTADO DE GOVERNO;42;AUXILIOS;1;AUXILIOS;15;RECURSOS ORDINARIOS - OUTROS RECURSOS NAO VINCULADOS;175475,24;175475,24;175475,24
9391365;906;2023-08-17 00:00:00;PM AUGUSTO DE LIMA;17.694.845/0001-27;1261;SEE;SECRETARIA DE ESTADO DE EDUCACAO;42;AUXILIOS;1;AUXILIOS;10;RECURSOS ORDINARIOS - RECURSOS NAO VINCULADOS DE IMPOSTOS;514000,0;514000,0;514000,0
9391366;907;2023-08-17 00:00:00;PM URUANA DE MINAS;01.609.942/0001-34;1261;SEE;SECRETARIA DE ESTADO DE EDUCACAO;42;AUXILIOS;1;AUXILIOS;10;RECURSOS ORDINARIOS - RECURSOS NAO VINCULADOS DE IMPOSTOS;100000,0;100000,0;100000,0
9391367;908;2023-08-17 00:00:00;PM ENTRE RIOS DE MINAS;20.356.747/0001-94;1261;SEE;SECRETARIA DE ESTADO DE EDUCACAO;42;AUXILIOS;1;AUXILIOS;10;RECURSOS ORDINARIOS - RECURSOS NAO VINCULADOS DE IMPOSTOS;100000,0;100000,0;100000,0
9391368;909;2023-08-17 00:00:00;PM IBERTIOGA;18.094.839/0001-00;1261;SEE;SECRETARIA DE ESTADO DE EDUCACAO;42;AUXILIOS;1;AUXILIOS;10;RECURSOS ORDINARIOS - RECURSOS NAO VINCULADOS DE IMPOSTOS;514000,0;514000,0;514000,0
9391369;910;2023-08-17 00:00:00;PM CHAPADA DO NORTE;16.886.608/0001-03;1261;SEE;SECRETARIA DE ESTADO DE EDUCACAO;42;AUXILIOS;1;AUXILIOS;10;RECURSOS ORDINARIOS - RECURSOS NAO VINCULADOS DE IMPOSTOS;636000,0;636000,0;636000,0
9391370;914;2023-08-17 00:00:00;PM PARA DE MINAS;18.313.817/0001-85;1261;SEE;SECRETARIA DE ESTADO DE EDUCACAO;42;AUXILIOS;1;AUXILIOS;10;RECURSOS ORDINARIOS - RECURSOS NAO VINCULADOS DE IMPOSTOS;116695,0;116695,0;116695,0
9391371;911;2023-08-17 00:00:00;PM SANTA ROSA DA SERRA;18.192.252/0001-25;1261;SEE;SECRETARIA DE ESTADO DE EDUCACAO;42;AUXILIOS;1;AUXILIOS;10;RECURSOS ORDINARIOS - RECURSOS NAO VINCULADOS DE IMPOSTOS;427000,0;427000,0;427000,0
9391372;912;2023-08-17 00:00:00;PM SENADOR MODESTINO GONCALVES;17.754.110/0001-41;1261;SEE;SECRETARIA DE ESTADO DE EDUCACAO;42;AUXILIOS;1;AUXILIOS;10;RECURSOS ORDINARIOS - RECURSOS NAO VINCULADOS DE IMPOSTOS;1455000,0;1455000,0;1455000,0
9391373;913;2023-08-17 00:00:00;PM SERRA DOS AIMORES;18.398.966/0001-94;1261;SEE;SECRETARIA DE ESTADO DE EDUCACAO;42;AUXILIOS;1;AUXILIOS;10;RECURSOS ORDINARIOS - RECURSOS NAO VINCULADOS DE IMPOSTOS;200000,0;200000,0;200000,0
9391434;2212;2023-08-18 00:00:00;PM SENHORA DO PORTO;18.307.504/0001-14;1491;SEGOV;SECRETARIA DE ESTADO DE GOVERNO;42;AUXILIOS;1;AUXILIOS;15;RECURSOS ORDINARIOS - OUTROS RECURSOS NAO VINCULADOS;320371,78;320371,78;320371,78
9391435;2214;2023-08-18 00:00:00;PM CORONEL MURTA;18.348.722/0001-05;1491;SEGOV;SECRETARIA DE ESTADO DE GOVERNO;42;AUXILIOS;1;AUXILIOS;15;RECURSOS ORDINARIOS - OUTROS RECURSOS NAO VINCULADOS;87736,86;87736,86;87736,86
9391436;2215;2023-08-18 00:00:00;PM NAZARENO;18.557.561/0001-51;1491;SEGOV;SECRETARIA DE ESTADO DE GOVERNO;42;AUXILIOS;1;AUXILIOS;15;RECURSOS ORDINARIOS - OUTROS RECURSOS NAO VINCULADOS;427000,0;427000,0;427000,0
9391437;2216;2023-08-18 00:00:00;PM PASSA QUATRO;23.245.806/0001-45;1491;SEGOV;SECRETARIA DE ESTADO DE GOVERNO;42;AUXILIOS;1;AUXILIOS;15;RECURSOS ORDINARIOS - OUTROS RECURSOS NAO VINCULADOS;204054,71;204054,71;204054,71
9391438;2218;2023-08-18 00:00:00;PM SAO GERALDO;18.137.935/0001-80;1491;SEGOV;SECRETARIA DE ESTADO DE GOVERNO;42;AUXILIOS;1;AUXILIOS;15;RECURSOS ORDINARIOS - OUTROS RECURSOS NAO VINCULADOS;87737,62;87737,62;87737,62
9391439;2217;2023-08-18 00:00:00;PM ORATORIOS;01.616.836/0001-88;1491;SEGOV;SECRETARIA DE ESTADO DE GOVERNO;42;AUXILIOS;1;AUXILIOS;15;RECURSOS ORDINARIOS - OUTROS RECURSOS NAO VINCULADOS;116317,0;116317,0;116317,0
9391440;2210;2023-08-18 00:00:00;PM SANTO ANTONIO DO JACINTO;18.349.951/0001-36;1491;SEGOV;SECRETARIA DE ESTADO DE GOVERNO;42;AUXILIOS;1;AUXILIOS;15;RECURSOS ORDINARIOS - OUTROS RECURSOS NAO VINCULADOS;338206,4;338206,4;338206,4
9391441;2213;2023-08-18 00:00:00;PM QUARTEL GERAL;18.296.699/0001-44;1491;SEGOV;SECRETARIA DE ESTADO DE GOVERNO;42;AUXILIOS;1;AUXILIOS;15;RECURSOS ORDINARIOS - OUTROS RECURSOS NAO VINCULADOS;300000,0;300000,0;300000,0
9391442;2211;2023-08-18 00:00:00;PM ITANHANDU;18.186.718/0001-80;1491;SEGOV;SECRETARIA DE ESTADO DE GOVERNO;42;AUXILIOS;1;AUXILIOS;15;RECURSOS ORDINARIOS - OUTROS RECURSOS NAO VINCULADOS;131648,0;131648,0;131648,0
9391443;2219;2023-08-18 00:00:00;PM MATHIAS LOBATO;18.332.619/0001-69;1491;SEGOV;SECRETARIA DE ESTADO DE GOVERNO;42;AUXILIOS;1;AUXILIOS;15;RECURSOS ORDINARIOS - OUTROS RECURSOS NAO VINCULADOS;1471106,37;735553,18;735553,18
9391471;2220;2023-08-21 00:00:00;PM ITABIRINHA;17.125.444/0001-56;1491;SEGOV;SECRETARIA DE ESTADO DE GOVERNO;42;AUXILIOS;1;AUXILIOS;15;RECURSOS ORDINARIOS - OUTROS RECURSOS NAO VINCULADOS;1550000,0;1550000,0;1550000,0
9391486;317;2023-08-23 00:00:00;PM SAO JOSE DO JACURI;18.409.201/0001-02;1301;SEINFRA;SECRETARIA DE ESTADO DE INFRAESTRUTURA, MOBILIDADE E PARCERIAS;42;AUXILIOS;1;AUXILIOS;15;RECURSOS ORDINARIOS - OUTROS RECURSOS NAO VINCULADOS;500000,0;500000,0;500000,0
9391487;316;2023-08-23 00:00:00;PM VEREDINHA;01.614.685/0001-29;1301;SEINFRA;SECRETARIA DE ESTADO DE INFRAESTRUTURA, MOBILIDADE E PARCERIAS;42;AUXILIOS;1;AUXILIOS;15;RECURSOS ORDINARIOS - OUTROS RECURSOS NAO VINCULADOS;300000,0;300000,0;300000,0
9391488;925;2023-08-23 00:00:00;PM CHAPADA DO NORTE;16.886.608/0001-03;1261;SEE;SECRETARIA DE ESTADO DE EDUCACAO;42;AUXILIOS;1;AUXILIOS;10;RECURSOS ORDINARIOS - RECURSOS NAO VINCULADOS DE IMPOSTOS;200000,0;200000,0;200000,0
9391489;318;2023-08-23 00:00:00;PM MEDINA;18.414.607/0001-83;1301;SEINFRA;SECRETARIA DE ESTADO DE INFRAESTRUTURA, MOBILIDADE E PARCERIAS;42;AUXILIOS;1;AUXILIOS;15;RECURSOS ORDINARIOS - OUTROS RECURSOS NAO VINCULADOS;1000000,0;1000000,0;1000000,0
9391490;926;2023-08-23 00:00:00;PM ARICANDUVA;01.608.511/0001-53;1261;SEE;SECRETARIA DE ESTADO DE EDUCACAO;42;AUXILIOS;1;AUXILIOS;10;RECURSOS ORDINARIOS - RECURSOS NAO VINCULADOS DE IMPOSTOS;427000,0;427000,0;427000,0
9391491;927;2023-08-23 00:00:00;PM LAJINHA;18.392.522/0001-41;1261;SEE;SECRETARIA DE ESTADO DE EDUCACAO;42;AUXILIOS;1;AUXILIOS;10;RECURSOS ORDINARIOS - RECURSOS NAO VINCULADOS DE IMPOSTOS;1969000,0;1969000,0;1969000,0
9391494;319;2023-08-23 00:00:00;PM FREI INOCENCIO;16.945.990/0001-70;1301;SEINFRA;SECRETARIA DE ESTADO DE INFRAESTRUTURA, MOBILIDADE E PARCERIAS;42;AUXILIOS;1;AUXILIOS;15;RECURSOS ORDINARIOS - OUTROS RECURSOS NAO VINCULADOS;150000,0;150000,0;150000,0
9391496;2221;2023-08-22 00:00:00;PM COROACI;18.085.647/0001-29;1491;SEGOV;SECRETARIA DE ESTADO DE GOVERNO;42;AUXILIOS;1;AUXILIOS;15;RECURSOS ORDINARIOS - OUTROS RECURSOS NAO VINCULADOS;87737,62;87737,62;87737,62
9391497;2222;2023-08-22 00:00:00;PM PRATAPOLIS;18.241.356/0001-82;1491;SEGOV;SECRETARIA DE ESTADO DE GOVERNO;42;AUXILIOS;1;AUXILIOS;15;RECURSOS ORDINARIOS - OUTROS RECURSOS NAO VINCULADOS;88180,74;88180,74;88180,74
9391498;2223;2023-08-22 00:00:00;PM GUIDOVAL;18.128.215/0001-58;1491;SEGOV;SECRETARIA DE ESTADO DE GOVERNO;42;AUXILIOS;1;AUXILIOS;15;RECURSOS ORDINARIOS - OUTROS RECURSOS NAO VINCULADOS;116317,08;116317,08;116317,08
9391500;2224;2023-08-22 00:00:00;PM NOVO ORIENTE DE MINAS;01.613.373/0001-09;1491;SEGOV;SECRETARIA DE ESTADO DE GOVERNO;42;AUXILIOS;1;AUXILIOS;15;RECURSOS ORDINARIOS - OUTROS RECURSOS NAO VINCULADOS;115630,0;115630,0;115630,0
9391501;2225;2023-08-22 00:00:00;PM BUENO BRANDAO;18.940.098/0001-22;1491;SEGOV;SECRETARIA DE ESTADO DE GOVERNO;42;AUXILIOS;1;AUXILIOS;15;RECURSOS ORDINARIOS - OUTROS RECURSOS NAO VINCULADOS;272500,91;272500,91;272500,91
9391502;2226;2023-08-22 00:00:00;PM ITAMARANDIBA;16.886.871/0001-94;1491;SEGOV;SECRETARIA DE ESTADO DE GOVERNO;42;AUXILIOS;1;AUXILIOS;15;RECURSOS ORDINARIOS - OUTROS RECURSOS NAO VINCULADOS;116904,54;116904,54;116904,54
9391504;315;2023-08-23 00:00:00;PM SAO JOSE DA BARRA;01.616.458/0001-32;1301;SEINFRA;SECRETARIA DE ESTADO DE INFRAESTRUTURA, MOBILIDADE E PARCERIAS;42;AUXILIOS;1;AUXILIOS;15;RECURSOS ORDINARIOS - OUTROS RECURSOS NAO VINCULADOS;500000,0;500000,0;500000,0
9391507;314;2023-08-23 00:00:00;PM ARICANDUVA;01.608.511/0001-53;1301;SEINFRA;SECRETARIA DE ESTADO DE INFRAESTRUTURA, MOBILIDADE E PARCERIAS;42;AUXILIOS;1;AUXILIOS;15;RECURSOS ORDINARIOS - OUTROS RECURSOS NAO VINCULADOS;300000,0;300000,0;300000,0
9391510;313;2023-08-23 00:00:00;PM ALVINOPOLIS;16.725.392/0001-96;1301;SEINFRA;SECRETARIA DE ESTADO DE INFRAESTRUTURA, MOBILIDADE E PARCERIAS;42;AUXILIOS;1;AUXILIOS;15;RECURSOS ORDINARIOS - OUTROS RECURSOS NAO VINCULADOS;200000,0;200000,0;200000,0
9391512;312;2023-08-23 00:00:00;PM CRISTIANO OTONI;19.718.402/0001-54;1301;SEINFRA;SECRETARIA DE ESTADO DE INFRAESTRUTURA, MOBILIDADE E PARCERIAS;42;AUXILIOS;1;AUXILIOS;15;RECURSOS ORDINARIOS - OUTROS RECURSOS NAO VINCULADOS;300000,0;300000,0;300000,0
9391513;311;2023-08-23 00:00:00;PM SAO GERALDO;18.137.935/0001-80;1301;SEINFRA;SECRETARIA DE ESTADO DE INFRAESTRUTURA, MOBILIDADE E PARCERIAS;42;AUXILIOS;1;AUXILIOS;15;RECURSOS ORDINARIOS - OUTROS RECURSOS NAO VINCULADOS;300000,0;300000,0;300000,0
9391525;320;2023-08-23 00:00:00;PM COROACI;18.085.647/0001-29;1301;SEINFRA;SECRETARIA DE ESTADO DE INFRAESTRUTURA, MOBILIDADE E PARCERIAS;42;AUXILIOS;1;AUXILIOS;15;RECURSOS ORDINARIOS - OUTROS RECURSOS NAO VINCULADOS;2000000,0;2000000,0;2000000,0
9391526;321;2023-08-23 00:00:00;PM INHAUMA;18.116.152/0001-10;1301;SEINFRA;SECRETARIA DE ESTADO DE INFRAESTRUTURA, MOBILIDADE E PARCERIAS;42;AUXILIOS;1;AUXILIOS;15;RECURSOS ORDINARIOS - OUTROS RECURSOS NAO VINCULADOS;1650000,0;1650000,0;1650000,0
9391527;322;2023-08-23 00:00:00;PM NATERCIA;17.935.412/0001-16;1301;SEINFRA;SECRETARIA DE ESTADO DE INFRAESTRUTURA, MOBILIDADE E PARCERIAS;42;AUXILIOS;1;AUXILIOS;15;RECURSOS ORDINARIOS - OUTROS RECURSOS NAO VINCULADOS;300000,0;300000,0;300000,0
9391528;323;2023-08-23 00:00:00;PM PASSA QUATRO;23.245.806/0001-45;1301;SEINFRA;SECRETARIA DE ESTADO DE INFRAESTRUTURA, MOBILIDADE E PARCERIAS;42;AUXILIOS;1;AUXILIOS;15;RECURSOS ORDINARIOS - OUTROS RECURSOS NAO VINCULADOS;550000,0;550000,0;550000,0
9391529;324;2023-08-23 00:00:00;PM SAO SEBASTIAO DO MARANHAO;18.409.177/0001-01;1301;SEINFRA;SECRETARIA DE ESTADO DE INFRAESTRUTURA, MOBILIDADE E PARCERIAS;42;AUXILIOS;1;AUXILIOS;15;RECURSOS ORDINARIOS - OUTROS RECURSOS NAO VINCULADOS;300000,0;300000,0;300000,0
9391535;530;2023-08-25 00:00:00;INSTITUTO CORAL LAVADEIRAS DE ALMENARA;30.882.819/0001-90;1271;SECULT;SECRETARIA DE ESTADO DE CULTURA E TURISMO;41;CONTRIBUICOES;1;CONTRIBUICOES;10;RECURSOS ORDINARIOS - RECURSOS NAO VINCULADOS DE IMPOSTOS;150000,0;150000,0;150000,0
9391536;2227;2023-08-23 00:00:00;PM SANTANA DO MANHUACU;18.385.146/0001-68;1491;SEGOV;SECRETARIA DE ESTADO DE GOVERNO;42;AUXILIOS;1;AUXILIOS;15;RECURSOS ORDINARIOS - OUTROS RECURSOS NAO VINCULADOS;88180,74;88180,74;88180,74
9391537;2228;2023-08-23 00:00:00;PM PRATINHA;18.585.570/0001-56;1491;SEGOV;SECRETARIA DE ESTADO DE GOVERNO;42;AUXILIOS;1;AUXILIOS;15;RECURSOS ORDINARIOS - OUTROS RECURSOS NAO VINCULADOS;300000,0;300000,0;300000,0
9391538;325;2023-08-24 00:00:00;PM LUISBURGO;01.615.423/0001-89;1301;SEINFRA;SECRETARIA DE ESTADO DE INFRAESTRUTURA, MOBILIDADE E PARCERIAS;42;AUXILIOS;1;AUXILIOS;15;RECURSOS ORDINARIOS - OUTROS RECURSOS NAO VINCULADOS;300000,0;300000,0;300000,0
9391540;326;2023-08-24 00:00:00;PM DESCOBERTO;18.558.098/0001-62;1301;SEINFRA;SECRETARIA DE ESTADO DE INFRAESTRUTURA, MOBILIDADE E PARCERIAS;42;AUXILIOS;1;AUXILIOS;15;RECURSOS ORDINARIOS - OUTROS RECURSOS NAO VINCULADOS;650000,0;650000,0;650000,0
9391541;327;2023-08-24 00:00:00;PM QUARTEL GERAL;18.296.699/0001-44;1301;SEINFRA;SECRETARIA DE ESTADO DE INFRAESTRUTURA, MOBILIDADE E PARCERIAS;42;AUXILIOS;1;AUXILIOS;15;RECURSOS ORDINARIOS - OUTROS RECURSOS NAO VINCULADOS;200000,0;200000,0;200000,0
9391553;281;2023-08-25 00:00:00;PM COROMANDEL;18.591.149/0001-58;1231;SEAPA;SECRETARIA DE ESTADO DE AGRICULTURA, PECUARIA E ABASTECIMENTO - SEAPA;41;CONTRIBUICOES;1;CONTRIBUICOES;15;RECURSOS ORDINARIOS - OUTROS RECURSOS NAO VINCULADOS;430000,0;430000,0;430000,0
9391554;282;2023-08-25 00:00:00;PM UBAI;18.017.459/0001-63;1231;SEAPA;SECRETARIA DE ESTADO DE AGRICULTURA, PECUARIA E ABASTECIMENTO - SEAPA;41;CONTRIBUICOES;1;CONTRIBUICOES;15;RECURSOS ORDINARIOS - OUTROS RECURSOS NAO VINCULADOS;738180,8;738180,8;738180,8
9392798;328;2023-08-24 00:00:00;PM ITAOBIM;18.414.573/0001-27;1301;SEINFRA;SECRETARIA DE ESTADO DE INFRAESTRUTURA, MOBILIDADE E PARCERIAS;42;AUXILIOS;1;AUXILIOS;15;RECURSOS ORDINARIOS - OUTROS RECURSOS NAO VINCULADOS;1000000,0;1000000,0;1000000,0
9392799;329;2023-08-24 00:00:00;PM SAO JOAO DO PACUI;01.612.474/0001-57;1301;SEINFRA;SECRETARIA DE ESTADO DE INFRAESTRUTURA, MOBILIDADE E PARCERIAS;42;AUXILIOS;1;AUXILIOS;15;RECURSOS ORDINARIOS - OUTROS RECURSOS NAO VINCULADOS;300000,0;300000,0;300000,0
9392800;330;2023-08-24 00:00:00;PM ITAMBACURI;18.404.855/0001-43;1301;SEINFRA;SECRETARIA DE ESTADO DE INFRAESTRUTURA, MOBILIDADE E PARCERIAS;42;AUXILIOS;1;AUXILIOS;15;RECURSOS ORDINARIOS - OUTROS RECURSOS NAO VINCULADOS;1500000,0;1500000,0;1500000,0
9392810;928;2023-08-24 00:00:00;PM JURAMENTO;18.017.368/0001-28;1261;SEE;SECRETARIA DE ESTADO DE EDUCACAO;42;AUXILIOS;1;AUXILIOS;10;RECURSOS ORDINARIOS - RECURSOS NAO VINCULADOS DE IMPOSTOS;318000,0;318000,0;318000,0
9392811;929;2023-08-24 00:00:00;PM ITUMIRIM;18.244.392/0001-08;1261;SEE;SECRETARIA DE ESTADO DE EDUCACAO;42;AUXILIOS;1;AUXILIOS;10;RECURSOS ORDINARIOS - RECURSOS NAO VINCULADOS DE IMPOSTOS;514000,0;514000,0;514000,0
9392812;930;2023-08-24 00:00:00;PM ITUTINGA;18.244.384/0001-53;1261;SEE;SECRETARIA DE ESTADO DE EDUCACAO;42;AUXILIOS;1;AUXILIOS;10;RECURSOS ORDINARIOS - RECURSOS NAO VINCULADOS DE IMPOSTOS;318000,0;318000,0;318000,0
9392813;2229;2023-08-24 00:00:00;PM ROSARIO DA LIMEIRA;01.616.837/0001-22;1491;SEGOV;SECRETARIA DE ESTADO DE GOVERNO;42;AUXILIOS;1;AUXILIOS;15;RECURSOS ORDINARIOS - OUTROS RECURSOS NAO VINCULADOS;200000,0;200000,0;200000,0
9392887;543;2023-09-05 00:00:00;AGENCIA DESENVOLVIMENTO TURISTICO DO CIRCUITO MATA ATLANTICA DE MINAS;04.783.094/0001-73;1271;SECULT;SECRETARIA DE ESTADO DE CULTURA E TURISMO;41;CONTRIBUICOES;1;CONTRIBUICOES;95;RECURSOS RECEBIDOS POR DANOS ADVINDOS DE DESASTRES SOCIOAMBIENTAIS;98900,0;98900,0;98900,0
9392893;544;2023-09-05 00:00:00;ASSOCIACAO DO CIRCUITO TURISTICO NASCENTE DO RIO DOCE;04.858.553/0001-30;1271;SECULT;SECRETARIA DE ESTADO DE CULTURA E TURISMO;42;AUXILIOS;1;AUXILIOS;95;RECURSOS RECEBIDOS POR DANOS ADVINDOS DE DESASTRES SOCIOAMBIENTAIS;99998,68;99998,68;99998,68
9392894;545;2023-09-05 00:00:00;ASSOCIACAO DO CIRCUITO TURISTICO DOS LAGOS;05.062.489/0001-40;1271;SECULT;SECRETARIA DE ESTADO DE CULTURA E TURISMO;41;CONTRIBUICOES;1;CONTRIBUICOES;95;RECURSOS RECEBIDOS POR DANOS ADVINDOS DE DESASTRES SOCIOAMBIENTAIS;150000,0;150000,0;150000,0
9392899;335;2023-08-28 00:00:00;PM DESCOBERTO;18.558.098/0001-62;1301;SEINFRA;SECRETARIA DE ESTADO DE INFRAESTRUTURA, MOBILIDADE E PARCERIAS;42;AUXILIOS;1;AUXILIOS;15;RECURSOS ORDINARIOS - OUTROS RECURSOS NAO VINCULADOS;700000,0;700000,0;700000,0
9392901;337;2023-08-28 00:00:00;PM DESCOBERTO;18.558.098/0001-62;1301;SEINFRA;SECRETARIA DE ESTADO DE INFRAESTRUTURA, MOBILIDADE E PARCERIAS;42;AUXILIOS;1;AUXILIOS;15;RECURSOS ORDINARIOS - OUTROS RECURSOS NAO VINCULADOS;200000,0;200000,0;200000,0
9392903;340;2023-08-28 00:00:00;PM CARMO DO RIO CLARO;18.243.287/0001-46;1301;SEINFRA;SECRETARIA DE ESTADO DE INFRAESTRUTURA, MOBILIDADE E PARCERIAS;42;AUXILIOS;1;AUXILIOS;15;RECURSOS ORDINARIOS - OUTROS RECURSOS NAO VINCULADOS;700000,0;700000,0;700000,0
9392905;2230;2023-08-25 00:00:00;PM JEQUITAI;18.279.083/0001-65;1491;SEGOV;SECRETARIA DE ESTADO DE GOVERNO;42;AUXILIOS;1;AUXILIOS;15;RECURSOS ORDINARIOS - OUTROS RECURSOS NAO VINCULADOS;894262,18;298087,39;298087,39
9392913;332;2023-08-28 00:00:00;PM ESPERA FELIZ;18.114.264/0001-31;1301;SEINFRA;SECRETARIA DE ESTADO DE INFRAESTRUTURA, MOBILIDADE E PARCERIAS;42;AUXILIOS;1;AUXILIOS;15;RECURSOS ORDINARIOS - OUTROS RECURSOS NAO VINCULADOS;2000000,0;2000000,0;2000000,0
9392914;334;2023-08-28 00:00:00;PM CARLOS CHAGAS;18.477.315/0001-90;1301;SEINFRA;SECRETARIA DE ESTADO DE INFRAESTRUTURA, MOBILIDADE E PARCERIAS;42;AUXILIOS;1;AUXILIOS;15;RECURSOS ORDINARIOS - OUTROS RECURSOS NAO VINCULADOS;300000,0;300000,0;300000,0
9392925;331;2023-08-28 00:00:00;PM VESPASIANO;18.715.425/0001-42;1301;SEINFRA;SECRETARIA DE ESTADO DE INFRAESTRUTURA, MOBILIDADE E PARCERIAS;42;AUXILIOS;1;AUXILIOS;15;RECURSOS ORDINARIOS - OUTROS RECURSOS NAO VINCULADOS;6990000,0;6990000,0;6990000,0
9393192;415;2023-08-30 00:00:00;PM NOVA BELEM;01.613.169/0001-80;1301;SEINFRA;SECRETARIA DE ESTADO DE INFRAESTRUTURA, MOBILIDADE E PARCERIAS;42;AUXILIOS;1;AUXILIOS;15;RECURSOS ORDINARIOS - OUTROS RECURSOS NAO VINCULADOS;1765000,0;1765000,0;1765000,0
9393193;344;2023-08-29 00:00:00;PM CAPELA NOVA;19.259.951/0001-08;1301;SEINFRA;SECRETARIA DE ESTADO DE INFRAESTRUTURA, MOBILIDADE E PARCERIAS;42;AUXILIOS;1;AUXILIOS;15;RECURSOS ORDINARIOS - OUTROS RECURSOS NAO VINCULADOS;300000,0;300000,0;300000,0
9393194;342;2023-08-28 00:00:00;PM DIVINOLANDIA DE MINAS;18.307.405/0001-32;1301;SEINFRA;SECRETARIA DE ESTADO DE INFRAESTRUTURA, MOBILIDADE E PARCERIAS;42;AUXILIOS;1;AUXILIOS;15;RECURSOS ORDINARIOS - OUTROS RECURSOS NAO VINCULADOS;300000,0;300000,0;300000,0
9393195;341;2023-08-28 00:00:00;PM AGUAS VERMELHAS;18.414.581/0001-73;1301;SEINFRA;SECRETARIA DE ESTADO DE INFRAESTRUTURA, MOBILIDADE E PARCERIAS;42;AUXILIOS;1;AUXILIOS;15;RECURSOS ORDINARIOS - OUTROS RECURSOS NAO VINCULADOS;250000,0;250000,0;250000,0
9393199;343;2023-08-28 00:00:00;PM ESTIVA;18.675.918/0001-04;1301;SEINFRA;SECRETARIA DE ESTADO DE INFRAESTRUTURA, MOBILIDADE E PARCERIAS;42;AUXILIOS;1;AUXILIOS;15;RECURSOS ORDINARIOS - OUTROS RECURSOS NAO VINCULADOS;297600,0;297600,0;297600,0
9393220;345;2023-08-29 00:00:00;PM VARZELANDIA;18.017.467/0001-00;1301;SEINFRA;SECRETARIA DE ESTADO DE INFRAESTRUTURA, MOBILIDADE E PARCERIAS;42;AUXILIOS;1;AUXILIOS;15;RECURSOS ORDINARIOS - OUTROS RECURSOS NAO VINCULADOS;500000,0;500000,0;500000,0
9393221;347;2023-08-29 00:00:00;PM MORRO DO PILAR;18.303.214/0001-00;1301;SEINFRA;SECRETARIA DE ESTADO DE INFRAESTRUTURA, MOBILIDADE E PARCERIAS;42;AUXILIOS;1;AUXILIOS;15;RECURSOS ORDINARIOS - OUTROS RECURSOS NAO VINCULADOS;300000,0;300000,0;300000,0
9393222;2231;2023-08-29 00:00:00;PM ESPERA FELIZ;18.114.264/0001-31;1491;SEGOV;SECRETARIA DE ESTADO DE GOVERNO;42;AUXILIOS;1;AUXILIOS;15;RECURSOS ORDINARIOS - OUTROS RECURSOS NAO VINCULADOS;88180,73;88180,73;88180,73
9393224;346;2023-08-29 00:00:00;PM RIO VERMELHO;18.303.255/0001-99;1301;SEINFRA;SECRETARIA DE ESTADO DE INFRAESTRUTURA, MOBILIDADE E PARCERIAS;42;AUXILIOS;1;AUXILIOS;15;RECURSOS ORDINARIOS - OUTROS RECURSOS NAO VINCULADOS;500000,0;500000,0;500000,0
9393226;531;2023-08-29 00:00:00;ASSOC COMERCIAL E EMPRESARIAL, INDUSTRIAL E DE AGRONEGOCIOS DE DURANDE;41.156.907/0001-21;1271;SECULT;SECRETARIA DE ESTADO DE CULTURA E TURISMO;41;CONTRIBUICOES;1;CONTRIBUICOES;10;RECURSOS ORDINARIOS - RECURSOS NAO VINCULADOS DE IMPOSTOS;199733,28;199733,28;199733,28
9393227;540;2023-08-31 00:00:00;PM FRANCISCO SA;22.681.423/0001-57;1271;SECULT;SECRETARIA DE ESTADO DE CULTURA E TURISMO;41;CONTRIBUICOES;1;CONTRIBUICOES;15;RECURSOS ORDINARIOS - OUTROS RECURSOS NAO VINCULADOS;550000,0;550000,0;550000,0
9393228;533;2023-08-30 00:00:00;INST.BRAS. DE DESENVOLVIMENTO, INSTITUCIONAL, SOCIAL, AMB. URB. RURAL;01.207.676/0001-13;1271;SECULT;SECRETARIA DE ESTADO DE CULTURA E TURISMO;41;CONTRIBUICOES;1;CONTRIBUICOES;10;RECURSOS ORDINARIOS - RECURSOS NAO VINCULADOS DE IMPOSTOS;86333,37;86333,37;86333,37
9393259;2232;2023-08-30 00:00:00;PM BUENOPOLIS;17.694.852/0001-29;1491;SEGOV;SECRETARIA DE ESTADO DE GOVERNO;42;AUXILIOS;1;AUXILIOS;15;RECURSOS ORDINARIOS - OUTROS RECURSOS NAO VINCULADOS;300000,0;300000,0;300000,0
9393261;2233;2023-08-30 00:00:00;PM UBAI;18.017.459/0001-63;1491;SEGOV;SECRETARIA DE ESTADO DE GOVERNO;42;AUXILIOS;1;AUXILIOS;15;RECURSOS ORDINARIOS - OUTROS RECURSOS NAO VINCULADOS;291739,72;291739,72;291739,72
9393262;2234;2023-08-30 00:00:00;PM DORES DE CAMPOS;18.094.821/0001-08;1491;SEGOV;SECRETARIA DE ESTADO DE GOVERNO;42;AUXILIOS;1;AUXILIOS;15;RECURSOS ORDINARIOS - OUTROS RECURSOS NAO VINCULADOS;86623,86;86623,86;86623,86
9393299;524;2023-08-31 00:00:00;PM SANTA MARIA DE ITABIRA;18.299.453/0001-26;1301;SEINFRA;SECRETARIA DE ESTADO DE INFRAESTRUTURA, MOBILIDADE E PARCERIAS;42;AUXILIOS;1;AUXILIOS;15;RECURSOS ORDINARIOS - OUTROS RECURSOS NAO VINCULADOS;1200000,0;1200000,0;1200000,0
9393300;526;2023-08-31 00:00:00;PM ITABIRINHA;17.125.444/0001-56;1301;SEINFRA;SECRETARIA DE ESTADO DE INFRAESTRUTURA, MOBILIDADE E PARCERIAS;42;AUXILIOS;1;AUXILIOS;15;RECURSOS ORDINARIOS - OUTROS RECURSOS NAO VINCULADOS;2000000,0;2000000,0;2000000,0
9393304;525;2023-08-31 00:00:00;PM SAO JOAO DO PARAISO;24.791.154/0001-07;1301;SEINFRA;SECRETARIA DE ESTADO DE INFRAESTRUTURA, MOBILIDADE E PARCERIAS;42;AUXILIOS;1;AUXILIOS;15;RECURSOS ORDINARIOS - OUTROS RECURSOS NAO VINCULADOS;1500000,0;1500000,0;1500000,0
9393321;989;2023-09-21 00:00:00;PM SENADOR AMARAL;41.778.556/0001-90;1261;SEE;SECRETARIA DE ESTADO DE EDUCACAO;42;AUXILIOS;1;AUXILIOS;10;RECURSOS ORDINARIOS - RECURSOS NAO VINCULADOS DE IMPOSTOS;427000,0;427000,0;0,0
9393322;1118;2023-12-27 00:00:00;PM INGAI;18.244.319/0001-28;1261;SEE;SECRETARIA DE ESTADO DE EDUCACAO;42;AUXILIOS;1;AUXILIOS;10;RECURSOS ORDINARIOS - RECURSOS NAO VINCULADOS DE IMPOSTOS;980000,0;980000,0;0,0
9393323;988;2023-09-21 00:00:00;PM NOVO ORIENTE DE MINAS;01.613.373/0001-09;1261;SEE;SECRETARIA DE ESTADO DE EDUCACAO;42;AUXILIOS;1;AUXILIOS;10;RECURSOS ORDINARIOS - RECURSOS NAO VINCULADOS DE IMPOSTOS;200000,0;200000,0;200000,0
9393324;986;2023-09-21 00:00:00;PM ATALEIA;16.971.376/0001-83;1261;SEE;SECRETARIA DE ESTADO DE EDUCACAO;42;AUXILIOS;1;AUXILIOS;10;RECURSOS ORDINARIOS - RECURSOS NAO VINCULADOS DE IMPOSTOS;514000,0;514000,0;514000,0
9393325;531;2023-09-01 00:00:00;PM CARLOS CHAGAS;18.477.315/0001-90;1301;SEINFRA;SECRETARIA DE ESTADO DE INFRAESTRUTURA, MOBILIDADE E PARCERIAS;42;AUXILIOS;1;AUXILIOS;15;RECURSOS ORDINARIOS - OUTROS RECURSOS NAO VINCULADOS;1000000,0;1000000,0;1000000,0
9393326;987;2023-09-21 00:00:00;PM GLAUCILANDIA;01.612.496/0001-17;1261;SEE;SECRETARIA DE ESTADO DE EDUCACAO;42;AUXILIOS;1;AUXILIOS;10;RECURSOS ORDINARIOS - RECURSOS NAO VINCULADOS DE IMPOSTOS;200000,0;200000,0;200000,0
9393327;7;2023-08-31 00:00:00;PM POCOS DE CALDAS;18.629.840/0001-83;4491;FEC;FUNDO ESTADUAL DE CULTURA;41;CONTRIBUICOES;1;CONTRIBUICOES;59;OUTROS RECURSOS VINCULADOS;21346,71;21346,71;21346,71
9393327;8;2023-08-31 00:00:00;PM POCOS DE CALDAS;18.629.840/0001-83;4491;FEC;FUNDO ESTADUAL DE CULTURA;41;CONTRIBUICOES;1;CONTRIBUICOES;59;OUTROS RECURSOS VINCULADOS;24753,29;24753,29;24753,29
9393328;532;2023-09-01 00:00:00;PM GUIMARANIA;18.602.052/0001-01;1301;SEINFRA;SECRETARIA DE ESTADO DE INFRAESTRUTURA, MOBILIDADE E PARCERIAS;42;AUXILIOS;1;AUXILIOS;15;RECURSOS ORDINARIOS - OUTROS RECURSOS NAO VINCULADOS;800000,0;800000,0;800000,0
9393329;2235;2023-08-31 00:00:00;PM GOUVEA;17.754.144/0001-36;1491;SEGOV;SECRETARIA DE ESTADO DE GOVERNO;42;AUXILIOS;1;AUXILIOS;15;RECURSOS ORDINARIOS - OUTROS RECURSOS NAO VINCULADOS;300000,0;300000,0;300000,0
9393334;2236;2023-08-31 00:00:00;PM CONGONHAS DO NORTE;18.303.180/0001-46;1491;SEGOV;SECRETARIA DE ESTADO DE GOVERNO;42;AUXILIOS;1;AUXILIOS;15;RECURSOS ORDINARIOS - OUTROS RECURSOS NAO VINCULADOS;116317,07;116317,07;116317,07
9393335;2237;2023-08-31 00:00:00;PM SANTANA DO DESERTO;18.338.277/0001-94;1491;SEGOV;SECRETARIA DE ESTADO DE GOVERNO;42;AUXILIOS;1;AUXILIOS;15;RECURSOS ORDINARIOS - OUTROS RECURSOS NAO VINCULADOS;338122,7;338122,7;338122,7
9393336;2238;2023-08-31 00:00:00;PM BARRA LONGA;18.316.182/0001-70;1491;SEGOV;SECRETARIA DE ESTADO DE GOVERNO;42;AUXILIOS;1;AUXILIOS;15;RECURSOS ORDINARIOS - OUTROS RECURSOS NAO VINCULADOS;0,0;0,0;0,0
9393336;2239;2023-08-31 00:00:00;PM BARRA LONGA;18.316.182/0001-70;1491;SEGOV;SECRETARIA DE ESTADO DE GOVERNO;42;AUXILIOS;1;AUXILIOS;15;RECURSOS ORDINARIOS - OUTROS RECURSOS NAO VINCULADOS;175447,72;175447,72;175447,72
9393337;2240;2023-08-31 00:00:00;PM CASSIA;17.894.049/0001-38;1491;SEGOV;SECRETARIA DE ESTADO DE GOVERNO;42;AUXILIOS;1;AUXILIOS;15;RECURSOS ORDINARIOS - OUTROS RECURSOS NAO VINCULADOS;116904,0;116904,0;116904,0
9393338;2241;2023-08-31 00:00:00;PM GUARACIAMA;01.612.549/0001-08;1491;SEGOV;SECRETARIA DE ESTADO DE GOVERNO;42;AUXILIOS;1;AUXILIOS;15;RECURSOS ORDINARIOS - OUTROS RECURSOS NAO VINCULADOS;87737,62;87737,62;87737,62
9393339;2242;2023-08-31 00:00:00;PM COROACI;18.085.647/0001-29;1491;SEGOV;SECRETARIA DE ESTADO DE GOVERNO;42;AUXILIOS;1;AUXILIOS;15;RECURSOS ORDINARIOS - OUTROS RECURSOS NAO VINCULADOS;87737,62;87737,62;87737,62
9393341;2243;2023-08-31 00:00:00;PM SIMONESIA;18.385.120/0001-10;1491;SEGOV;SECRETARIA DE ESTADO DE GOVERNO;42;AUXILIOS;1;AUXILIOS;15;RECURSOS ORDINARIOS - OUTROS RECURSOS NAO VINCULADOS;116317,08;116317,08;116317,08
9393344;2244;2023-08-31 00:00:00;PM PEDRA DO ANTA;18.133.439/0001-58;1491;SEGOV;SECRETARIA DE ESTADO DE GOVERNO;42;AUXILIOS;1;AUXILIOS;15;RECURSOS ORDINARIOS - OUTROS RECURSOS NAO VINCULADOS;175475,24;175475,24;175475,24
9393345;2245;2023-08-31 00:00:00;PM TRES PONTAS;18.245.167/0001-88;1491;SEGOV;SECRETARIA DE ESTADO DE GOVERNO;42;AUXILIOS;1;AUXILIOS;15;RECURSOS ORDINARIOS - OUTROS RECURSOS NAO VINCULADOS;87737,62;87737,62;87737,62
9393346;2246;2023-08-31 00:00:00;PM BERIZAL;01.614.602/0001-00;1491;SEGOV;SECRETARIA DE ESTADO DE GOVERNO;42;AUXILIOS;1;AUXILIOS;15;RECURSOS ORDINARIOS - OUTROS RECURSOS NAO VINCULADOS;406666,67;406666,67;406666,67
9393403;533;2023-09-01 00:00:00;PM MONTE CARMELO;18.593.103/0001-78;1301;SEINFRA;SECRETARIA DE ESTADO DE INFRAESTRUTURA, MOBILIDADE E PARCERIAS;42;AUXILIOS;1;AUXILIOS;15;RECURSOS ORDINARIOS - OUTROS RECURSOS NAO VINCULADOS;300000,0;300000,0;300000,0
9393408;3908;2023-09-01 00:00:00;PM SAO JOAO DO PARAISO;24.791.154/0001-07;1261;SEE;SECRETARIA DE ESTADO DE EDUCACAO;42;AUXILIOS;1;AUXILIOS;10;RECURSOS ORDINARIOS - RECURSOS NAO VINCULADOS DE IMPOSTOS;8483183,75;8483183,75;8483183,75
9393449;547;2023-09-05 00:00:00;PM JEQUITIBA;18.062.208/0001-09;1271;SECULT;SECRETARIA DE ESTADO DE CULTURA E TURISMO;41;CONTRIBUICOES;1;CONTRIBUICOES;15;RECURSOS ORDINARIOS - OUTROS RECURSOS NAO VINCULADOS;300000,0;300000,0;300000,0
9393450;546;2023-09-05 00:00:00;PM COUTO DE MAGALHAES DE MINAS;17.754.177/0001-86;1271;SECULT;SECRETARIA DE ESTADO DE CULTURA E TURISMO;41;CONTRIBUICOES;1;CONTRIBUICOES;10;RECURSOS ORDINARIOS - RECURSOS NAO VINCULADOS DE IMPOSTOS;98370,96;98370,96;98370,96
9393451;548;2023-09-05 00:00:00;PM SERRANOPOLIS DE MINAS;01.612.501/0001-91;1271;SECULT;SECRETARIA DE ESTADO DE CULTURA E TURISMO;41;CONTRIBUICOES;1;CONTRIBUICOES;10;RECURSOS ORDINARIOS - RECURSOS NAO VINCULADOS DE IMPOSTOS;300000,0;300000,0;300000,0
9393463;2247;2023-09-04 00:00:00;PM MANTENA;18.504.167/0001-55;1491;SEGOV;SECRETARIA DE ESTADO DE GOVERNO;42;AUXILIOS;1;AUXILIOS;15;RECURSOS ORDINARIOS - OUTROS RECURSOS NAO VINCULADOS;88180,73;88180,73;88180,73
9393500;2253;2023-09-06 00:00:00;PM AGUANIL;17.888.108/0001-65;1491;SEGOV;SECRETARIA DE ESTADO DE GOVERNO;42;AUXILIOS;1;AUXILIOS;15;RECURSOS ORDINARIOS - OUTROS RECURSOS NAO VINCULADOS;300000,0;300000,0;300000,0
9393501;2250;2023-09-06 00:00:00;PM ESPERA FELIZ;18.114.264/0001-31;1491;SEGOV;SECRETARIA DE ESTADO DE GOVERNO;42;AUXILIOS;1;AUXILIOS;15;RECURSOS ORDINARIOS - OUTROS RECURSOS NAO VINCULADOS;200000,0;200000,0;200000,0
9393502;2251;2023-09-06 00:00:00;PM RITAPOLIS;18.557.553/0001-05;1491;SEGOV;SECRETARIA DE ESTADO DE GOVERNO;42;AUXILIOS;1;AUXILIOS;15;RECURSOS ORDINARIOS - OUTROS RECURSOS NAO VINCULADOS;87737,63;87737,63;87737,63
9393503;2252;2023-09-06 00:00:00;PM DORES DE CAMPOS;18.094.821/0001-08;1491;SEGOV;SECRETARIA DE ESTADO DE GOVERNO;42;AUXILIOS;1;AUXILIOS;15;RECURSOS ORDINARIOS - OUTROS RECURSOS NAO VINCULADOS;300000,0;300000,0;300000,0
9393504;2248;2023-09-06 00:00:00;PM JANAUBA;18.017.392/0001-67;1491;SEGOV;SECRETARIA DE ESTADO DE GOVERNO;42;AUXILIOS;1;AUXILIOS;15;RECURSOS ORDINARIOS - OUTROS RECURSOS NAO VINCULADOS;650000,0;325000,0;325000,0
9393506;2249;2023-09-06 00:00:00;PM TABULEIRO;17.744.798/0001-89;1491;SEGOV;SECRETARIA DE ESTADO DE GOVERNO;42;AUXILIOS;1;AUXILIOS;15;RECURSOS ORDINARIOS - OUTROS RECURSOS NAO VINCULADOS;116904,0;116904,0;116904,0
9393508;2254;2023-09-06 00:00:00;PM CAMBUQUIRA;17.955.386/0001-98;1491;SEGOV;SECRETARIA DE ESTADO DE GOVERNO;42;AUXILIOS;1;AUXILIOS;15;RECURSOS ORDINARIOS - OUTROS RECURSOS NAO VINCULADOS;88180,74;88180,74;88180,74
9393510;2255;2023-09-06 00:00:00;PM ERVALIA;18.133.306/0001-81;1491;SEGOV;SECRETARIA DE ESTADO DE GOVERNO;42;AUXILIOS;1;AUXILIOS;15;RECURSOS ORDINARIOS - OUTROS RECURSOS NAO VINCULADOS;87737,62;87737,62;87737,62
9393535;2256;2023-09-11 00:00:00;PM CORREGO NOVO;18.334.284/0001-18;1491;SEGOV;SECRETARIA DE ESTADO DE GOVERNO;42;AUXILIOS;1;AUXILIOS;15;RECURSOS ORDINARIOS - OUTROS RECURSOS NAO VINCULADOS;175475,24;175475,24;175475,24
9393569;2257;2023-09-12 00:00:00;PM DOM JOAQUIM;18.303.198/0001-48;1491;SEGOV;SECRETARIA DE ESTADO DE GOVERNO;42;AUXILIOS;1;AUXILIOS;15;RECURSOS ORDINARIOS - OUTROS RECURSOS NAO VINCULADOS;117492,0;117492,0;117492,0
9393572;2258;2023-09-12 00:00:00;PM ORIZANIA;01.616.271/0001-39;1491;SEGOV;SECRETARIA DE ESTADO DE GOVERNO;42;AUXILIOS;1;AUXILIOS;15;RECURSOS ORDINARIOS - OUTROS RECURSOS NAO VINCULADOS;87723,86;87723,86;87723,86
9393573;2259;2023-09-12 00:00:00;PM CANAPOLIS;18.457.200/0001-33;1491;SEGOV;SECRETARIA DE ESTADO DE GOVERNO;42;AUXILIOS;1;AUXILIOS;15;RECURSOS ORDINARIOS - OUTROS RECURSOS NAO VINCULADOS;87737,62;87737,62;87737,62
9393574;2260;2023-09-12 00:00:00;PM FRANCISCO SA;22.681.423/0001-57;1491;SEGOV;SECRETARIA DE ESTADO DE GOVERNO;42;AUXILIOS;1;AUXILIOS;15;RECURSOS ORDINARIOS - OUTROS RECURSOS NAO VINCULADOS;600000,0;600000,0;600000,0
9393576;2261;2023-09-12 00:00:00;PM CANA VERDE;18.244.426/0001-56;1491;SEGOV;SECRETARIA DE ESTADO DE GOVERNO;42;AUXILIOS;1;AUXILIOS;15;RECURSOS ORDINARIOS - OUTROS RECURSOS NAO VINCULADOS;300000,0;300000,0;300000,0
9393578;2;2023-09-27 00:00:00;INSTITUTO DA OPORTUNIDADE SOCIAL;02.449.283/0002-60;4091;FIA;FUNDO PARA A INFANCIA E A ADOLESCENCIA;43;SUBVENCOES SOCIAIS;1;SUBVENCOES SOCIAIS;45;DOACOES DE PESSOAS, DE INSTITUICOES PRIVADAS OU DO EXTERIOR A ORGAO E ENTIDADES DO ESTADO;323524,24;323524,24;323524,24
9393578;3;2023-09-27 00:00:00;INSTITUTO DA OPORTUNIDADE SOCIAL;02.449.283/0002-60;4091;FIA;FUNDO PARA A INFANCIA E A ADOLESCENCIA;42;AUXILIOS;1;AUXILIOS;45;DOACOES DE PESSOAS, DE INSTITUICOES PRIVADAS OU DO EXTERIOR A ORGAO E ENTIDADES DO ESTADO;24402,44;24402,44;24402,44
9393602;249;2023-09-13 00:00:00;SERVICO VOLUNTARIO DE ASSISTENCIA SOCIAL SERVAS;17.385.840/0001-12;1481;SEDESE;SECRETARIA DE ESTADO DE DESENVOLVIMENTO SOCIAL;43;SUBVENCOES SOCIAIS;1;SUBVENCOES SOCIAIS;71;RECURSOS DO FUNDO ESTADUAL DE ERRADICACAO DA MISERIA;401531,51;401531,51;401531,51
9393605;544;2023-09-21 00:00:00;PM CAPIM BRANCO;18.314.617/0001-47;1371;SEMAD;SECRETARIA DE ESTADO DE MEIO AMBIENTE E DESENVOLVIMENTO SUSTENTAVEL;41;CONTRIBUICOES;1;CONTRIBUICOES;15;RECURSOS ORDINARIOS - OUTROS RECURSOS NAO VINCULADOS;705752,33;705752,33;705752,33
9393606;576;2023-09-13 00:00:00;PM CONCEICAO DA APARECIDA;18.243.295/0001-92;1301;SEINFRA;SECRETARIA DE ESTADO DE INFRAESTRUTURA, MOBILIDADE E PARCERIAS;42;AUXILIOS;1;AUXILIOS;15;RECURSOS ORDINARIOS - OUTROS RECURSOS NAO VINCULADOS;300000,0;300000,0;300000,0
9393614;9;2023-09-14 00:00:00;PM ITAGUARA;18.313.015/0001-75;4491;FEC;FUNDO ESTADUAL DE CULTURA;41;CONTRIBUICOES;1;CONTRIBUICOES;59;OUTROS RECURSOS VINCULADOS;54999,81;54999,81;54999,81
9393697;2262;2023-09-14 00:00:00;PM PRATAPOLIS;18.241.356/0001-82;1491;SEGOV;SECRETARIA DE ESTADO DE GOVERNO;42;AUXILIOS;1;AUXILIOS;15;RECURSOS ORDINARIOS - OUTROS RECURSOS NAO VINCULADOS;675273,3;675273,3;675273,3
9393699;2263;2023-09-14 00:00:00;PM RITAPOLIS;18.557.553/0001-05;1491;SEGOV;SECRETARIA DE ESTADO DE GOVERNO;42;AUXILIOS;1;AUXILIOS;15;RECURSOS ORDINARIOS - OUTROS RECURSOS NAO VINCULADOS;130986,9;130986,9;130986,9
9393718;967;2023-09-15 00:00:00;PM TIRADENTES;18.557.579/0001-53;1261;SEE;SECRETARIA DE ESTADO DE EDUCACAO;42;AUXILIOS;1;AUXILIOS;10;RECURSOS ORDINARIOS - RECURSOS NAO VINCULADOS DE IMPOSTOS;854000,0;854000,0;854000,0
9393719;2264;2023-09-15 00:00:00;PM CACHOEIRA DO PAJEU;18.414.599/0001-75;1491;SEGOV;SECRETARIA DE ESTADO DE GOVERNO;42;AUXILIOS;1;AUXILIOS;15;RECURSOS ORDINARIOS - OUTROS RECURSOS NAO VINCULADOS;88180,74;88180,74;88180,74
9393720;581;2023-09-18 00:00:00;PM ITUETA;18.413.179/0001-74;1301;SEINFRA;SECRETARIA DE ESTADO DE INFRAESTRUTURA, MOBILIDADE E PARCERIAS;42;AUXILIOS;1;AUXILIOS;15;RECURSOS ORDINARIOS - OUTROS RECURSOS NAO VINCULADOS;300000,0;300000,0;300000,0
9393721;582;2023-09-18 00:00:00;PM VESPASIANO;18.715.425/0001-42;1301;SEINFRA;SECRETARIA DE ESTADO DE INFRAESTRUTURA, MOBILIDADE E PARCERIAS;42;AUXILIOS;1;AUXILIOS;15;RECURSOS ORDINARIOS - OUTROS RECURSOS NAO VINCULADOS;500000,0;500000,0;500000,0
9393722;580;2023-09-18 00:00:00;PM JANAUBA;18.017.392/0001-67;1301;SEINFRA;SECRETARIA DE ESTADO DE INFRAESTRUTURA, MOBILIDADE E PARCERIAS;42;AUXILIOS;1;AUXILIOS;15;RECURSOS ORDINARIOS - OUTROS RECURSOS NAO VINCULADOS;550000,0;550000,0;550000,0
9393729;586;2023-09-19 00:00:00;PM CAPELINHA;19.229.921/0001-59;1301;SEINFRA;SECRETARIA DE ESTADO DE INFRAESTRUTURA, MOBILIDADE E PARCERIAS;42;AUXILIOS;1;AUXILIOS;15;RECURSOS ORDINARIOS - OUTROS RECURSOS NAO VINCULADOS;500000,0;500000,0;500000,0
9393957;308;2023-09-15 00:00:00;PM MALACACHETA;18.404.871/0001-36;1231;SEAPA;SECRETARIA DE ESTADO DE AGRICULTURA, PECUARIA E ABASTECIMENTO - SEAPA;41;CONTRIBUICOES;1;CONTRIBUICOES;15;RECURSOS ORDINARIOS - OUTROS RECURSOS NAO VINCULADOS;549866,34;549866,34;549866,34
9393958;311;2023-09-15 00:00:00;PM BARRA LONGA;18.316.182/0001-70;1231;SEAPA;SECRETARIA DE ESTADO DE AGRICULTURA, PECUARIA E ABASTECIMENTO - SEAPA;41;CONTRIBUICOES;1;CONTRIBUICOES;15;RECURSOS ORDINARIOS - OUTROS RECURSOS NAO VINCULADOS;250000,0;250000,0;250000,0
9393959;310;2023-09-15 00:00:00;PM PARACATU;18.278.051/0001-45;1231;SEAPA;SECRETARIA DE ESTADO DE AGRICULTURA, PECUARIA E ABASTECIMENTO - SEAPA;41;CONTRIBUICOES;1;CONTRIBUICOES;15;RECURSOS ORDINARIOS - OUTROS RECURSOS NAO VINCULADOS;560000,0;560000,0;560000,0
9393960;309;2023-09-15 00:00:00;PM COROACI;18.085.647/0001-29;1231;SEAPA;SECRETARIA DE ESTADO DE AGRICULTURA, PECUARIA E ABASTECIMENTO - SEAPA;41;CONTRIBUICOES;1;CONTRIBUICOES;15;RECURSOS ORDINARIOS - OUTROS RECURSOS NAO VINCULADOS;550000,0;550000,0;550000,0
9393961;307;2023-09-15 00:00:00;PM ELOI MENDES;20.347.225/0001-26;1231;SEAPA;SECRETARIA DE ESTADO DE AGRICULTURA, PECUARIA E ABASTECIMENTO - SEAPA;41;CONTRIBUICOES;1;CONTRIBUICOES;15;RECURSOS ORDINARIOS - OUTROS RECURSOS NAO VINCULADOS;705752,33;705752,33;705752,33
9394178;2265;2023-09-18 00:00:00;PM PONTO CHIQUE;01.612.500/0001-47;1491;SEGOV;SECRETARIA DE ESTADO DE GOVERNO;42;AUXILIOS;1;AUXILIOS;15;RECURSOS ORDINARIOS - OUTROS RECURSOS NAO VINCULADOS;200000,0;200000,0;200000,0
9394180;2266;2023-09-18 00:00:00;PM SAO GERALDO DO BAIXIO;01.613.075/0001-00;1491;SEGOV;SECRETARIA DE ESTADO DE GOVERNO;42;AUXILIOS;1;AUXILIOS;15;RECURSOS ORDINARIOS - OUTROS RECURSOS NAO VINCULADOS;88180,74;88180,74;88180,74
9394181;2267;2023-09-18 00:00:00;PM ILICINEA;18.239.608/0001-39;1491;SEGOV;SECRETARIA DE ESTADO DE GOVERNO;42;AUXILIOS;1;AUXILIOS;15;RECURSOS ORDINARIOS - OUTROS RECURSOS NAO VINCULADOS;87737,63;87737,63;87737,63
9394291;583;2023-09-18 00:00:00;PM SAO JOAO DAS MISSOES;01.612.486/0001-81;1301;SEINFRA;SECRETARIA DE ESTADO DE INFRAESTRUTURA, MOBILIDADE E PARCERIAS;42;AUXILIOS;1;AUXILIOS;15;RECURSOS ORDINARIOS - OUTROS RECURSOS NAO VINCULADOS;250000,0;250000,0;250000,0
9394294;584;2023-09-19 00:00:00;PM CENTRALINA;18.260.497/0001-42;1301;SEINFRA;SECRETARIA DE ESTADO DE INFRAESTRUTURA, MOBILIDADE E PARCERIAS;42;AUXILIOS;1;AUXILIOS;15;RECURSOS ORDINARIOS - OUTROS RECURSOS NAO VINCULADOS;500000,0;500000,0;500000,0
9394315;585;2023-09-19 00:00:00;PM NOVO CRUZEIRO;18.404.889/0001-38;1301;SEINFRA;SECRETARIA DE ESTADO DE INFRAESTRUTURA, MOBILIDADE E PARCERIAS;42;AUXILIOS;1;AUXILIOS;15;RECURSOS ORDINARIOS - OUTROS RECURSOS NAO VINCULADOS;500000,0;500000,0;500000,0
9394324;587;2023-09-19 00:00:00;PM CARAI;18.404.848/0001-41;1301;SEINFRA;SECRETARIA DE ESTADO DE INFRAESTRUTURA, MOBILIDADE E PARCERIAS;42;AUXILIOS;1;AUXILIOS;15;RECURSOS ORDINARIOS - OUTROS RECURSOS NAO VINCULADOS;300000,0;300000,0;300000,0
9394327;2268;2023-09-19 00:00:00;PM PRATAPOLIS;18.241.356/0001-82;1491;SEGOV;SECRETARIA DE ESTADO DE GOVERNO;42;AUXILIOS;1;AUXILIOS;15;RECURSOS ORDINARIOS - OUTROS RECURSOS NAO VINCULADOS;300000,0;300000,0;300000,0
9394328;2269;2023-09-19 00:00:00;PM ITAMONTE;18.666.750/0001-62;1491;SEGOV;SECRETARIA DE ESTADO DE GOVERNO;42;AUXILIOS;1;AUXILIOS;15;RECURSOS ORDINARIOS - OUTROS RECURSOS NAO VINCULADOS;300000,0;300000,0;300000,0
9394329;2270;2023-09-19 00:00:00;PM BRAZOPOLIS;18.025.890/0001-51;1491;SEGOV;SECRETARIA DE ESTADO DE GOVERNO;42;AUXILIOS;1;AUXILIOS;15;RECURSOS ORDINARIOS - OUTROS RECURSOS NAO VINCULADOS;300000,0;300000,0;300000,0
9394330;2271;2023-09-19 00:00:00;PM GUARACIABA;19.382.647/0001-53;1491;SEGOV;SECRETARIA DE ESTADO DE GOVERNO;42;AUXILIOS;1;AUXILIOS;15;RECURSOS ORDINARIOS - OUTROS RECURSOS NAO VINCULADOS;87737,62;87737,62;87737,62
9394350;560;2023-10-19 00:00:00;PM SAO JOAO DA PONTE;16.928.483/0001-29;1371;SEMAD;SECRETARIA DE ESTADO DE MEIO AMBIENTE E DESENVOLVIMENTO SUSTENTAVEL;41;CONTRIBUICOES;1;CONTRIBUICOES;10;RECURSOS ORDINARIOS - RECURSOS NAO VINCULADOS DE IMPOSTOS;200000,0;200000,0;200000,0
9394371;317;2023-09-26 00:00:00;PM IRAI DE MINAS;18.158.642/0001-89;1231;SEAPA;SECRETARIA DE ESTADO DE AGRICULTURA, PECUARIA E ABASTECIMENTO - SEAPA;41;CONTRIBUICOES;1;CONTRIBUICOES;15;RECURSOS ORDINARIOS - OUTROS RECURSOS NAO VINCULADOS;1200000,0;1200000,0;1200000,0
9394372;319;2023-09-26 00:00:00;INST.BRAS. DE DESENVOLVIMENTO, INSTITUCIONAL, SOCIAL, AMB. URB. RURAL;01.207.676/0001-13;1231;SEAPA;SECRETARIA DE ESTADO DE AGRICULTURA, PECUARIA E ABASTECIMENTO - SEAPA;41;CONTRIBUICOES;1;CONTRIBUICOES;10;RECURSOS ORDINARIOS - RECURSOS NAO VINCULADOS DE IMPOSTOS;170000,0;170000,0;170000,0
9394373;315;2023-09-26 00:00:00;PM SAO JOSE DA LAPA;42.774.281/0001-80;1231;SEAPA;SECRETARIA DE ESTADO DE AGRICULTURA, PECUARIA E ABASTECIMENTO - SEAPA;41;CONTRIBUICOES;1;CONTRIBUICOES;15;RECURSOS ORDINARIOS - OUTROS RECURSOS NAO VINCULADOS;800000,0;800000,0;800000,0
9394374;316;2023-09-26 00:00:00;PM RIO DOCE;18.316.265/0001-69;1231;SEAPA;SECRETARIA DE ESTADO DE AGRICULTURA, PECUARIA E ABASTECIMENTO - SEAPA;41;CONTRIBUICOES;1;CONTRIBUICOES;15;RECURSOS ORDINARIOS - OUTROS RECURSOS NAO VINCULADOS;330000,0;330000,0;330000,0
9394375;592;2023-09-21 00:00:00;PM CAPELINHA;19.229.921/0001-59;1301;SEINFRA;SECRETARIA DE ESTADO DE INFRAESTRUTURA, MOBILIDADE E PARCERIAS;42;AUXILIOS;1;AUXILIOS;15;RECURSOS ORDINARIOS - OUTROS RECURSOS NAO VINCULADOS;1000000,0;1000000,0;1000000,0
9394376;591;2023-09-21 00:00:00;PM FREI INOCENCIO;16.945.990/0001-70;1301;SEINFRA;SECRETARIA DE ESTADO DE INFRAESTRUTURA, MOBILIDADE E PARCERIAS;42;AUXILIOS;1;AUXILIOS;15;RECURSOS ORDINARIOS - OUTROS RECURSOS NAO VINCULADOS;1200000,0;1200000,0;1200000,0
9394377;2272;2023-09-20 00:00:00;PM JOAIMA;18.495.812/0001-10;1491;SEGOV;SECRETARIA DE ESTADO DE GOVERNO;42;AUXILIOS;1;AUXILIOS;15;RECURSOS ORDINARIOS - OUTROS RECURSOS NAO VINCULADOS;300000,0;300000,0;300000,0
9394378;2273;2023-09-20 00:00:00;PM NATERCIA;17.935.412/0001-16;1491;SEGOV;SECRETARIA DE ESTADO DE GOVERNO;42;AUXILIOS;1;AUXILIOS;15;RECURSOS ORDINARIOS - OUTROS RECURSOS NAO VINCULADOS;88178,86;88178,86;88178,86
9394404;318;2023-09-26 00:00:00;PM GOVERNADOR VALADARES;20.622.890/0001-80;1231;SEAPA;SECRETARIA DE ESTADO DE AGRICULTURA, PECUARIA E ABASTECIMENTO - SEAPA;41;CONTRIBUICOES;1;CONTRIBUICOES;15;RECURSOS ORDINARIOS - OUTROS RECURSOS NAO VINCULADOS;520000,0;520000,0;520000,0
9394410;570;2023-09-22 00:00:00;ASSOCIACAO DOS EMPRESARIOS DE TURISMO DE CAPITOLIO;26.770.427/0001-62;1271;SECULT;SECRETARIA DE ESTADO DE CULTURA E TURISMO;41;CONTRIBUICOES;1;CONTRIBUICOES;95;RECURSOS RECEBIDOS POR DANOS ADVINDOS DE DESASTRES SOCIOAMBIENTAIS;91150,0;91150,0;91150,0
9394411;568;2023-09-22 00:00:00;ASSOCIACAO DO CIRCUITO TURISTICO DAS GRUTAS;04.260.822/0001-62;1271;SECULT;SECRETARIA DE ESTADO DE CULTURA E TURISMO;41;CONTRIBUICOES;1;CONTRIBUICOES;95;RECURSOS RECEBIDOS POR DANOS ADVINDOS DE DESASTRES SOCIOAMBIENTAIS;134960,0;134960,0;134960,0
9394412;569;2023-09-22 00:00:00;ASSOCIACAO DO CIRCUITO TURISTICO CAMINHOS DO CERRADO;07.867.170/0001-17;1271;SECULT;SECRETARIA DE ESTADO DE CULTURA E TURISMO;41;CONTRIBUICOES;1;CONTRIBUICOES;95;RECURSOS RECEBIDOS POR DANOS ADVINDOS DE DESASTRES SOCIOAMBIENTAIS;91800,0;91800,0;91800,0
9394413;590;2023-09-21 00:00:00;PM TURMALINA;25.324.187/0001-00;1301;SEINFRA;SECRETARIA DE ESTADO DE INFRAESTRUTURA, MOBILIDADE E PARCERIAS;42;AUXILIOS;1;AUXILIOS;15;RECURSOS ORDINARIOS - OUTROS RECURSOS NAO VINCULADOS;200000,0;200000,0;200000,0
9394514;2275;2023-09-22 00:00:00;PM CENTRALINA;18.260.497/0001-42;1491;SEGOV;SECRETARIA DE ESTADO DE GOVERNO;42;AUXILIOS;1;AUXILIOS;15;RECURSOS ORDINARIOS - OUTROS RECURSOS NAO VINCULADOS;325000,0;325000,0;325000,0
9394515;2276;2023-09-22 00:00:00;PM VESPASIANO;18.715.425/0001-42;1491;SEGOV;SECRETARIA DE ESTADO DE GOVERNO;42;AUXILIOS;1;AUXILIOS;15;RECURSOS ORDINARIOS - OUTROS RECURSOS NAO VINCULADOS;350000,0;350000,0;350000,0
9394516;2274;2023-09-22 00:00:00;PM JAPONVAR;01.612.476/0001-46;1491;SEGOV;SECRETARIA DE ESTADO DE GOVERNO;42;AUXILIOS;1;AUXILIOS;15;RECURSOS ORDINARIOS - OUTROS RECURSOS NAO VINCULADOS;500000,0;500000,0;500000,0
9394634;578;2023-09-27 00:00:00;INST.BRAS. DE DESENVOLVIMENTO, INSTITUCIONAL, SOCIAL, AMB. URB. RURAL;01.207.676/0001-13;1271;SECULT;SECRETARIA DE ESTADO DE CULTURA E TURISMO;41;CONTRIBUICOES;1;CONTRIBUICOES;10;RECURSOS ORDINARIOS - RECURSOS NAO VINCULADOS DE IMPOSTOS;213466,7;213466,7;213466,7
9394636;2278;2023-09-26 00:00:00;PM SABARA;18.715.441/0001-35;1491;SEGOV;SECRETARIA DE ESTADO DE GOVERNO;42;AUXILIOS;1;AUXILIOS;15;RECURSOS ORDINARIOS - OUTROS RECURSOS NAO VINCULADOS;88180,74;88180,74;88180,74
9394637;2279;2023-09-26 00:00:00;PM DIAMANTINA;17.754.136/0001-90;1491;SEGOV;SECRETARIA DE ESTADO DE GOVERNO;42;AUXILIOS;1;AUXILIOS;15;RECURSOS ORDINARIOS - OUTROS RECURSOS NAO VINCULADOS;88180,74;88180,74;88180,74
9394639;2280;2023-09-26 00:00:00;PM GUARDA-MOR;18.277.947/0001-00;1491;SEGOV;SECRETARIA DE ESTADO DE GOVERNO;42;AUXILIOS;1;AUXILIOS;15;RECURSOS ORDINARIOS - OUTROS RECURSOS NAO VINCULADOS;125694,0;125694,0;125694,0
9394640;2281;2023-09-26 00:00:00;PM CAPITAO ENEAS;18.017.426/0001-13;1491;SEGOV;SECRETARIA DE ESTADO DE GOVERNO;42;AUXILIOS;1;AUXILIOS;15;RECURSOS ORDINARIOS - OUTROS RECURSOS NAO VINCULADOS;87737,62;87737,62;87737,62
9394641;2282;2023-09-26 00:00:00;PM CAMACHO;18.308.726/0001-51;1491;SEGOV;SECRETARIA DE ESTADO DE GOVERNO;42;AUXILIOS;1;AUXILIOS;15;RECURSOS ORDINARIOS - OUTROS RECURSOS NAO VINCULADOS;300000,0;300000,0;300000,0
9394642;2277;2023-09-26 00:00:00;PM CANAA;18.132.712/0001-20;1491;SEGOV;SECRETARIA DE ESTADO DE GOVERNO;42;AUXILIOS;1;AUXILIOS;15;RECURSOS ORDINARIOS - OUTROS RECURSOS NAO VINCULADOS;87737,61;87737,61;87737,61
9394645;595;2023-09-29 00:00:00;PM DIOGO DE VASCONCELOS;18.295.311/0001-90;1301;SEINFRA;SECRETARIA DE ESTADO DE INFRAESTRUTURA, MOBILIDADE E PARCERIAS;42;AUXILIOS;1;AUXILIOS;15;RECURSOS ORDINARIOS - OUTROS RECURSOS NAO VINCULADOS;1050000,0;1050000,0;1050000,0
9394838;321;2023-09-26 00:00:00;PM GUIMARANIA;18.602.052/0001-01;1231;SEAPA;SECRETARIA DE ESTADO DE AGRICULTURA, PECUARIA E ABASTECIMENTO - SEAPA;41;CONTRIBUICOES;1;CONTRIBUICOES;15;RECURSOS ORDINARIOS - OUTROS RECURSOS NAO VINCULADOS;503933,33;503933,33;503933,33
9394839;320;2023-09-26 00:00:00;PM CORREGO NOVO;18.334.284/0001-18;1231;SEAPA;SECRETARIA DE ESTADO DE AGRICULTURA, PECUARIA E ABASTECIMENTO - SEAPA;41;CONTRIBUICOES;1;CONTRIBUICOES;15;RECURSOS ORDINARIOS - OUTROS RECURSOS NAO VINCULADOS;450000,0;450000,0;450000,0
9394892;2283;2023-09-27 00:00:00;PM SAO JOSE DA LAPA;42.774.281/0001-80;1491;SEGOV;SECRETARIA DE ESTADO DE GOVERNO;42;AUXILIOS;1;AUXILIOS;15;RECURSOS ORDINARIOS - OUTROS RECURSOS NAO VINCULADOS;87737,62;0,0;0,0
9394916;597;2023-09-29 00:00:00;PM BOCAIUVA;18.803.072/0001-32;1301;SEINFRA;SECRETARIA DE ESTADO DE INFRAESTRUTURA, MOBILIDADE E PARCERIAS;42;AUXILIOS;1;AUXILIOS;15;RECURSOS ORDINARIOS - OUTROS RECURSOS NAO VINCULADOS;1200000,0;1200000,0;1200000,0
9394917;598;2023-09-29 00:00:00;PM MATIAS CARDOSO;25.209.115/0001-11;1301;SEINFRA;SECRETARIA DE ESTADO DE INFRAESTRUTURA, MOBILIDADE E PARCERIAS;42;AUXILIOS;1;AUXILIOS;15;RECURSOS ORDINARIOS - OUTROS RECURSOS NAO VINCULADOS;500000,0;500000,0;500000,0
9394921;596;2023-09-29 00:00:00;PM CACHOEIRA DE MINAS;18.675.959/0001-92;1301;SEINFRA;SECRETARIA DE ESTADO DE INFRAESTRUTURA, MOBILIDADE E PARCERIAS;42;AUXILIOS;1;AUXILIOS;15;RECURSOS ORDINARIOS - OUTROS RECURSOS NAO VINCULADOS;400000,0;400000,0;400000,0
9394940;2284;2023-09-28 00:00:00;PM CACHOEIRA DOURADA;18.457.267/0001-78;1491;SEGOV;SECRETARIA DE ESTADO DE GOVERNO;42;AUXILIOS;1;AUXILIOS;15;RECURSOS ORDINARIOS - OUTROS RECURSOS NAO VINCULADOS;705752,33;352876,17;352876,17
9394941;2285;2023-09-28 00:00:00;PM SAO GERALDO DA PIEDADE;18.307.470/0001-68;1491;SEGOV;SECRETARIA DE ESTADO DE GOVERNO;42;AUXILIOS;1;AUXILIOS;15;RECURSOS ORDINARIOS - OUTROS RECURSOS NAO VINCULADOS;590000,0;590000,0;590000,0
9394943;2286;2023-09-28 00:00:00;PM CARMO DO RIO CLARO;18.243.287/0001-46;1491;SEGOV;SECRETARIA DE ESTADO DE GOVERNO;42;AUXILIOS;1;AUXILIOS;15;RECURSOS ORDINARIOS - OUTROS RECURSOS NAO VINCULADOS;87736,86;87736,86;87736,86
9394944;2287;2023-09-28 00:00:00;PM NOVA BELEM;01.613.169/0001-80;1491;SEGOV;SECRETARIA DE ESTADO DE GOVERNO;42;AUXILIOS;1;AUXILIOS;15;RECURSOS ORDINARIOS - OUTROS RECURSOS NAO VINCULADOS;87737,62;87737,62;87737,62
9394945;2288;2023-09-28 00:00:00;PM CARMESIA;18.303.172/0001-08;1491;SEGOV;SECRETARIA DE ESTADO DE GOVERNO;42;AUXILIOS;1;AUXILIOS;15;RECURSOS ORDINARIOS - OUTROS RECURSOS NAO VINCULADOS;116800,0;116800,0;116800,0
9394946;2289;2023-09-28 00:00:00;PM INIMUTABA;17.694.860/0001-75;1491;SEGOV;SECRETARIA DE ESTADO DE GOVERNO;42;AUXILIOS;1;AUXILIOS;15;RECURSOS ORDINARIOS - OUTROS RECURSOS NAO VINCULADOS;87737,63;87737,63;87737,63
9394947;2290;2023-09-28 00:00:00;PM NOVA BELEM;01.613.169/0001-80;1491;SEGOV;SECRETARIA DE ESTADO DE GOVERNO;42;AUXILIOS;1;AUXILIOS;15;RECURSOS ORDINARIOS - OUTROS RECURSOS NAO VINCULADOS;87737,62;87737,62;87737,62
9395032;2291;2023-09-29 00:00:00;PM CARANGOLA;19.279.827/0001-04;1491;SEGOV;SECRETARIA DE ESTADO DE GOVERNO;42;AUXILIOS;1;AUXILIOS;15;RECURSOS ORDINARIOS - OUTROS RECURSOS NAO VINCULADOS;300000,0;300000,0;300000,0
9395033;2292;2023-09-29 00:00:00;PM ITAPECERICA;18.308.742/0001-44;1491;SEGOV;SECRETARIA DE ESTADO DE GOVERNO;42;AUXILIOS;1;AUXILIOS;15;RECURSOS ORDINARIOS - OUTROS RECURSOS NAO VINCULADOS;130986,9;130986,9;130986,9
9395047;595;2023-10-10 00:00:00;ASSOCIACAO DO CIRCUITO TURISTICO DOS LAGOS;05.062.489/0001-40;1271;SECULT;SECRETARIA DE ESTADO DE CULTURA E TURISMO;41;CONTRIBUICOES;1;CONTRIBUICOES;95;RECURSOS RECEBIDOS POR DANOS ADVINDOS DE DESASTRES SOCIOAMBIENTAIS;100000,0;100000,0;100000,0
9395048;596;2023-10-10 00:00:00;ASSOCIACAO DOS MUNICIPIOS DO CIRCUITO CAMINHOS VERDES DE MG;05.132.762/0001-65;1271;SECULT;SECRETARIA DE ESTADO DE CULTURA E TURISMO;41;CONTRIBUICOES;1;CONTRIBUICOES;95;RECURSOS RECEBIDOS POR DANOS ADVINDOS DE DESASTRES SOCIOAMBIENTAIS;83047,93;83047,93;83047,93
9395050;593;2023-10-10 00:00:00;ASSOCIACAO CIRCUITO TURISTICO CAMINHOS GERAIS;05.112.783/0001-19;1271;SECULT;SECRETARIA DE ESTADO DE CULTURA E TURISMO;41;CONTRIBUICOES;1;CONTRIBUICOES;95;RECURSOS RECEBIDOS POR DANOS ADVINDOS DE DESASTRES SOCIOAMBIENTAIS;100000,0;100000,0;100000,0
9395052;594;2023-10-10 00:00:00;ASSOCIACAO DO CIRCUITO TURISTICO GRUTAS E MAR DE MINAS;07.482.316/0001-06;1271;SECULT;SECRETARIA DE ESTADO DE CULTURA E TURISMO;41;CONTRIBUICOES;1;CONTRIBUICOES;95;RECURSOS RECEBIDOS POR DANOS ADVINDOS DE DESASTRES SOCIOAMBIENTAIS;140000,0;140000,0;140000,0
9395083;604;2023-10-04 00:00:00;PM CARBONITA;21.154.174/0001-89;1301;SEINFRA;SECRETARIA DE ESTADO DE INFRAESTRUTURA, MOBILIDADE E PARCERIAS;42;AUXILIOS;1;AUXILIOS;15;RECURSOS ORDINARIOS - OUTROS RECURSOS NAO VINCULADOS;500000,0;500000,0;500000,0
9395088;602;2023-10-03 00:00:00;PM NATERCIA;17.935.412/0001-16;1301;SEINFRA;SECRETARIA DE ESTADO DE INFRAESTRUTURA, MOBILIDADE E PARCERIAS;42;AUXILIOS;1;AUXILIOS;15;RECURSOS ORDINARIOS - OUTROS RECURSOS NAO VINCULADOS;400000,0;400000,0;400000,0
9395091;601;2023-10-03 00:00:00;PM OLARIA;18.338.202/0001-03;1301;SEINFRA;SECRETARIA DE ESTADO DE INFRAESTRUTURA, MOBILIDADE E PARCERIAS;42;AUXILIOS;1;AUXILIOS;15;RECURSOS ORDINARIOS - OUTROS RECURSOS NAO VINCULADOS;300000,0;300000,0;300000,0
9395096;2424;2023-10-02 00:00:00;PM ALVINOPOLIS;16.725.392/0001-96;1491;SEGOV;SECRETARIA DE ESTADO DE GOVERNO;42;AUXILIOS;1;AUXILIOS;15;RECURSOS ORDINARIOS - OUTROS RECURSOS NAO VINCULADOS;398589,65;398589,65;398589,65
9396051;353;2023-10-23 00:00:00;PM CARRANCAS;17.953.332/0001-93;1231;SEAPA;SECRETARIA DE ESTADO DE AGRICULTURA, PECUARIA E ABASTECIMENTO - SEAPA;41;CONTRIBUICOES;1;CONTRIBUICOES;15;RECURSOS ORDINARIOS - OUTROS RECURSOS NAO VINCULADOS;550000,0;550000,0;550000,0
9396052;351;2023-10-23 00:00:00;PM ARAGUARI;16.829.640/0001-49;1231;SEAPA;SECRETARIA DE ESTADO DE AGRICULTURA, PECUARIA E ABASTECIMENTO - SEAPA;41;CONTRIBUICOES;1;CONTRIBUICOES;15;RECURSOS ORDINARIOS - OUTROS RECURSOS NAO VINCULADOS;1491766,67;1491766,67;1491766,67
9396053;350;2023-10-23 00:00:00;ASSOCIACAO DE ARTESAOS DA FEIRA DE ECONOMIA SOLIDARIA DE JUIZ DE FORA;31.096.482/0001-59;1231;SEAPA;SECRETARIA DE ESTADO DE AGRICULTURA, PECUARIA E ABASTECIMENTO - SEAPA;41;CONTRIBUICOES;1;CONTRIBUICOES;10;RECURSOS ORDINARIOS - RECURSOS NAO VINCULADOS DE IMPOSTOS;160000,0;160000,0;160000,0
9396060;352;2023-10-23 00:00:00;PM FRANCISCOPOLIS;01.613.394/0001-16;1231;SEAPA;SECRETARIA DE ESTADO DE AGRICULTURA, PECUARIA E ABASTECIMENTO - SEAPA;41;CONTRIBUICOES;1;CONTRIBUICOES;15;RECURSOS ORDINARIOS - OUTROS RECURSOS NAO VINCULADOS;550000,0;550000,0;550000,0
9396076;606;2023-10-05 00:00:00;PM ESPIRITO SANTO DO DOURADO;18.675.900/0001-02;1301;SEINFRA;SECRETARIA DE ESTADO DE INFRAESTRUTURA, MOBILIDADE E PARCERIAS;42;AUXILIOS;1;AUXILIOS;15;RECURSOS ORDINARIOS - OUTROS RECURSOS NAO VINCULADOS;400000,0;400000,0;400000,0
9396362;588;2023-10-05 00:00:00;VALEMAIS- INSTITUTO SOCIOCULTURAL DO JEQUITINHONHA;06.036.527/0001-52;1271;SECULT;SECRETARIA DE ESTADO DE CULTURA E TURISMO;41;CONTRIBUICOES;1;CONTRIBUICOES;10;RECURSOS ORDINARIOS - RECURSOS NAO VINCULADOS DE IMPOSTOS;400000,0;400000,0;400000,0
9396384;589;2023-10-06 00:00:00;PM COUTO DE MAGALHAES DE MINAS;17.754.177/0001-86;1271;SECULT;SECRETARIA DE ESTADO DE CULTURA E TURISMO;41;CONTRIBUICOES;1;CONTRIBUICOES;10;RECURSOS ORDINARIOS - RECURSOS NAO VINCULADOS DE IMPOSTOS;100000,0;100000,0;100000,0
9396391;607;2023-10-09 00:00:00;PM LARANJAL;17.947.615/0001-22;1301;SEINFRA;SECRETARIA DE ESTADO DE INFRAESTRUTURA, MOBILIDADE E PARCERIAS;42;AUXILIOS;1;AUXILIOS;15;RECURSOS ORDINARIOS - OUTROS RECURSOS NAO VINCULADOS;300000,0;300000,0;300000,0
9396396;608;2023-10-09 00:00:00;PM MATERLANDIA;18.303.206/0001-56;1301;SEINFRA;SECRETARIA DE ESTADO DE INFRAESTRUTURA, MOBILIDADE E PARCERIAS;42;AUXILIOS;1;AUXILIOS;15;RECURSOS ORDINARIOS - OUTROS RECURSOS NAO VINCULADOS;400000,0;400000,0;400000,0
9396398;331;2023-10-06 00:00:00;PM MONTES CLAROS;22.678.874/0001-35;1231;SEAPA;SECRETARIA DE ESTADO DE AGRICULTURA, PECUARIA E ABASTECIMENTO - SEAPA;41;CONTRIBUICOES;1;CONTRIBUICOES;59;OUTROS RECURSOS VINCULADOS;950000,0;950000,0;950000,0
9396438;92;2023-10-09 00:00:00;ASSOCIACAO DE RESGATE DA DIGNIDADE HUMANA PROVIDENCIA DIVINA;22.643.399/0001-61;1491;SEGOV;SECRETARIA DE ESTADO DE GOVERNO;42;AUXILIOS;1;AUXILIOS;10;RECURSOS ORDINARIOS - RECURSOS NAO VINCULADOS DE IMPOSTOS;260000,0;260000,0;260000,0
9396439;2425;2023-10-09 00:00:00;PM NOVA MODICA;18.404.939/0001-87;1491;SEGOV;SECRETARIA DE ESTADO DE GOVERNO;42;AUXILIOS;1;AUXILIOS;15;RECURSOS ORDINARIOS - OUTROS RECURSOS NAO VINCULADOS;1000000,0;500000,0;500000,0
9396440;2426;2023-10-09 00:00:00;PM SABARA;18.715.441/0001-35;1491;SEGOV;SECRETARIA DE ESTADO DE GOVERNO;42;AUXILIOS;1;AUXILIOS;15;RECURSOS ORDINARIOS - OUTROS RECURSOS NAO VINCULADOS;394945,35;394945,35;394945,35
9396508;597;2023-10-11 00:00:00;ASSOCIACAO GUARANESIANA EM DEFESA DO FOLCLORE;34.560.779/0001-11;1271;SECULT;SECRETARIA DE ESTADO DE CULTURA E TURISMO;41;CONTRIBUICOES;1;CONTRIBUICOES;10;RECURSOS ORDINARIOS - RECURSOS NAO VINCULADOS DE IMPOSTOS;100000,0;100000,0;100000,0
9396508;598;2023-10-11 00:00:00;ASSOCIACAO GUARANESIANA EM DEFESA DO FOLCLORE;34.560.779/0001-11;1271;SECULT;SECRETARIA DE ESTADO DE CULTURA E TURISMO;42;AUXILIOS;1;AUXILIOS;10;RECURSOS ORDINARIOS - RECURSOS NAO VINCULADOS DE IMPOSTOS;50000,0;50000,0;50000,0
9396511;2428;2023-10-11 00:00:00;PM ESPERA FELIZ;18.114.264/0001-31;1491;SEGOV;SECRETARIA DE ESTADO DE GOVERNO;42;AUXILIOS;1;AUXILIOS;15;RECURSOS ORDINARIOS - OUTROS RECURSOS NAO VINCULADOS;116292,0;116292,0;116292,0
9396512;2427;2023-10-11 00:00:00;PM ITAMOGI;18.241.380/0001-11;1491;SEGOV;SECRETARIA DE ESTADO DE GOVERNO;42;AUXILIOS;1;AUXILIOS;15;RECURSOS ORDINARIOS - OUTROS RECURSOS NAO VINCULADOS;300000,0;300000,0;300000,0
9396513;2430;2023-10-11 00:00:00;PM CARAI;18.404.848/0001-41;1491;SEGOV;SECRETARIA DE ESTADO DE GOVERNO;42;AUXILIOS;1;AUXILIOS;15;RECURSOS ORDINARIOS - OUTROS RECURSOS NAO VINCULADOS;175457,72;175457,72;175457,72
9396514;2431;2023-10-11 00:00:00;PM SABARA;18.715.441/0001-35;1491;SEGOV;SECRETARIA DE ESTADO DE GOVERNO;42;AUXILIOS;1;AUXILIOS;15;RECURSOS ORDINARIOS - OUTROS RECURSOS NAO VINCULADOS;264542,22;264542,22;264542,22
9396516;2432;2023-10-11 00:00:00;PM SABARA;18.715.441/0001-35;1491;SEGOV;SECRETARIA DE ESTADO DE GOVERNO;42;AUXILIOS;1;AUXILIOS;15;RECURSOS ORDINARIOS - OUTROS RECURSOS NAO VINCULADOS;404633,34;404633,34;404633,34
9396517;2429;2023-10-11 00:00:00;PM CHAPADA DO NORTE;16.886.608/0001-03;1491;SEGOV;SECRETARIA DE ESTADO DE GOVERNO;42;AUXILIOS;1;AUXILIOS;15;RECURSOS ORDINARIOS - OUTROS RECURSOS NAO VINCULADOS;130985,0;130985,0;130985,0
9396518;93;2023-10-11 00:00:00;ASSOCIACAO DEFICIENTES VISUAIS DE TIMOTEO E AMIGOS-TIMOTEO;11.132.536/0001-87;1491;SEGOV;SECRETARIA DE ESTADO DE GOVERNO;42;AUXILIOS;1;AUXILIOS;10;RECURSOS ORDINARIOS - RECURSOS NAO VINCULADOS DE IMPOSTOS;132310,0;132310,0;132310,0
9396540;680;2023-11-30 00:00:00;PM ITAMARANDIBA;16.886.871/0001-94;1371;SEMAD;SECRETARIA DE ESTADO DE MEIO AMBIENTE E DESENVOLVIMENTO SUSTENTAVEL;41;CONTRIBUICOES;1;CONTRIBUICOES;97;TRANSFERENCIAS ESPECIAIS DE RECURSOS DA UNIAO;116904,54;116904,54;116904,54
9396543;617;2023-10-18 00:00:00;PM ESPERA FELIZ;18.114.264/0001-31;1301;SEINFRA;SECRETARIA DE ESTADO DE INFRAESTRUTURA, MOBILIDADE E PARCERIAS;42;AUXILIOS;1;AUXILIOS;15;RECURSOS ORDINARIOS - OUTROS RECURSOS NAO VINCULADOS;365000,0;365000,0;365000,0
9396545;615;2023-10-17 00:00:00;PM ESPERA FELIZ;18.114.264/0001-31;1301;SEINFRA;SECRETARIA DE ESTADO DE INFRAESTRUTURA, MOBILIDADE E PARCERIAS;42;AUXILIOS;1;AUXILIOS;15;RECURSOS ORDINARIOS - OUTROS RECURSOS NAO VINCULADOS;350000,0;350000,0;350000,0
9396586;619;2023-10-18 00:00:00;PM SANTO ANTONIO DO GRAMA;18.836.973/0001-20;1301;SEINFRA;SECRETARIA DE ESTADO DE INFRAESTRUTURA, MOBILIDADE E PARCERIAS;42;AUXILIOS;1;AUXILIOS;15;RECURSOS ORDINARIOS - OUTROS RECURSOS NAO VINCULADOS;500000,0;500000,0;500000,0
9396587;2433;2023-10-18 00:00:00;PM GUIRICEMA;18.137.943/0001-26;1491;SEGOV;SECRETARIA DE ESTADO DE GOVERNO;42;AUXILIOS;1;AUXILIOS;15;RECURSOS ORDINARIOS - OUTROS RECURSOS NAO VINCULADOS;88179,86;88179,86;88179,86
9396591;249;2023-10-25 00:00:00;ASSOCIACAO EDUCACIONAL DE DESENVOLVIMENTO ESPORTIVO CULTURAL;08.707.709/0001-33;1481;SEDESE;SECRETARIA DE ESTADO DE DESENVOLVIMENTO SOCIAL;43;SUBVENCOES SOCIAIS;1;SUBVENCOES SOCIAIS;38;TRANSFERENCIAS DA UNIAO VINCULADOS AO ESPORTE;52394,26;52394,26;52394,26
9396594;618;2023-10-18 00:00:00;PM IAPU;18.338.830/0001-99;1301;SEINFRA;SECRETARIA DE ESTADO DE INFRAESTRUTURA, MOBILIDADE E PARCERIAS;42;AUXILIOS;1;AUXILIOS;15;RECURSOS ORDINARIOS - OUTROS RECURSOS NAO VINCULADOS;400000,0;400000,0;400000,0
9396625;2434;2023-10-18 00:00:00;PM SALINAS;24.359.333/0001-70;1491;SEGOV;SECRETARIA DE ESTADO DE GOVERNO;42;AUXILIOS;1;AUXILIOS;15;RECURSOS ORDINARIOS - OUTROS RECURSOS NAO VINCULADOS;500000,0;500000,0;500000,0
9396628;621;2023-10-19 00:00:00;PM BRASILANDIA DE MINAS;01.602.009/0001-35;1301;SEINFRA;SECRETARIA DE ESTADO DE INFRAESTRUTURA, MOBILIDADE E PARCERIAS;42;AUXILIOS;1;AUXILIOS;15;RECURSOS ORDINARIOS - OUTROS RECURSOS NAO VINCULADOS;300000,0;300000,0;300000,0
9396652;623;2023-10-20 00:00:00;PM IGARATINGA;18.313.825/0001-21;1301;SEINFRA;SECRETARIA DE ESTADO DE INFRAESTRUTURA, MOBILIDADE E PARCERIAS;42;AUXILIOS;1;AUXILIOS;15;RECURSOS ORDINARIOS - OUTROS RECURSOS NAO VINCULADOS;3000000,0;3000000,0;3000000,0
9396657;2435;2023-10-19 00:00:00;PM SAO JOAO DEL REI;17.749.896/0001-09;1491;SEGOV;SECRETARIA DE ESTADO DE GOVERNO;42;AUXILIOS;1;AUXILIOS;15;RECURSOS ORDINARIOS - OUTROS RECURSOS NAO VINCULADOS;339914,59;339914,59;339914,59
9396658;622;2023-10-19 00:00:00;PM PERDIZES;18.140.772/0001-94;1301;SEINFRA;SECRETARIA DE ESTADO DE INFRAESTRUTURA, MOBILIDADE E PARCERIAS;42;AUXILIOS;1;AUXILIOS;15;RECURSOS ORDINARIOS - OUTROS RECURSOS NAO VINCULADOS;550000,0;550000,0;550000,0
9396689;1189;2023-10-24 00:00:00;ASSOCIACAO DE PAIS E AMIGOS DOS EXCEPCIONAIS;20.288.940/0001-35;4251;FEAS;FUNDO ESTADUAL DE ASSISTENCIA SOCIAL;43;SUBVENCOES SOCIAIS;1;SUBVENCOES SOCIAIS;71;RECURSOS DO FUNDO ESTADUAL DE ERRADICACAO DA MISERIA;98718,23;98718,23;98718,23
9396693;627;2023-10-20 00:00:00;PM IBITIURA DE MINAS;18.178.962/0001-09;1301;SEINFRA;SECRETARIA DE ESTADO DE INFRAESTRUTURA, MOBILIDADE E PARCERIAS;42;AUXILIOS;1;AUXILIOS;15;RECURSOS ORDINARIOS - OUTROS RECURSOS NAO VINCULADOS;300000,0;300000,0;300000,0
9396694;629;2023-10-20 00:00:00;PM PERDOES;18.244.343/0001-67;1301;SEINFRA;SECRETARIA DE ESTADO DE INFRAESTRUTURA, MOBILIDADE E PARCERIAS;42;AUXILIOS;1;AUXILIOS;15;RECURSOS ORDINARIOS - OUTROS RECURSOS NAO VINCULADOS;300000,0;300000,0;300000,0
9396695;628;2023-10-20 00:00:00;PM CASA GRANDE;18.667.477/0001-90;1301;SEINFRA;SECRETARIA DE ESTADO DE INFRAESTRUTURA, MOBILIDADE E PARCERIAS;42;AUXILIOS;1;AUXILIOS;15;RECURSOS ORDINARIOS - OUTROS RECURSOS NAO VINCULADOS;400000,0;400000,0;400000,0
9396760;626;2023-10-20 00:00:00;PM ITABIRINHA;17.125.444/0001-56;1301;SEINFRA;SECRETARIA DE ESTADO DE INFRAESTRUTURA, MOBILIDADE E PARCERIAS;42;AUXILIOS;1;AUXILIOS;15;RECURSOS ORDINARIOS - OUTROS RECURSOS NAO VINCULADOS;5000000,0;5000000,0;5000000,0
9396763;660;2023-11-10 00:00:00;PM GUANHAES;18.307.439/0001-27;1371;SEMAD;SECRETARIA DE ESTADO DE MEIO AMBIENTE E DESENVOLVIMENTO SUSTENTAVEL;41;CONTRIBUICOES;1;CONTRIBUICOES;10;RECURSOS ORDINARIOS - RECURSOS NAO VINCULADOS DE IMPOSTOS;200000,0;200000,0;200000,0
9396765;684;2023-11-30 00:00:00;PM PATOS DE MINAS;18.602.011/0001-07;1371;SEMAD;SECRETARIA DE ESTADO DE MEIO AMBIENTE E DESENVOLVIMENTO SUSTENTAVEL;41;CONTRIBUICOES;1;CONTRIBUICOES;97;TRANSFERENCIAS ESPECIAIS DE RECURSOS DA UNIAO;116904,54;116904,54;116904,54
9396770;630;2023-10-23 00:00:00;PM CARBONITA;21.154.174/0001-89;1301;SEINFRA;SECRETARIA DE ESTADO DE INFRAESTRUTURA, MOBILIDADE E PARCERIAS;42;AUXILIOS;1;AUXILIOS;15;RECURSOS ORDINARIOS - OUTROS RECURSOS NAO VINCULADOS;300000,0;300000,0;300000,0
9396776;1187;2023-10-24 00:00:00;ASS DE PAIS E AMIGOS DOS EXCEPCIONAIS DE PARA DE MINAS;18.416.891/0001-27;4251;FEAS;FUNDO ESTADUAL DE ASSISTENCIA SOCIAL;43;SUBVENCOES SOCIAIS;1;SUBVENCOES SOCIAIS;71;RECURSOS DO FUNDO ESTADUAL DE ERRADICACAO DA MISERIA;84615,63;84615,63;84615,63
9396777;1184;2023-10-23 00:00:00;INSTITUTO SANTA MONICA;16.813.263/0001-50;4251;FEAS;FUNDO ESTADUAL DE ASSISTENCIA SOCIAL;43;SUBVENCOES SOCIAIS;1;SUBVENCOES SOCIAIS;71;RECURSOS DO FUNDO ESTADUAL DE ERRADICACAO DA MISERIA;225641,67;225641,67;225641,67
9396778;1185;2023-10-24 00:00:00;AASOCIACAO DE PAIS E AMIGOS DOS EXCEPCIONAIS DE LAGOA DA PRATA;20.897.203/0001-30;4251;FEAS;FUNDO ESTADUAL DE ASSISTENCIA SOCIAL;43;SUBVENCOES SOCIAIS;1;SUBVENCOES SOCIAIS;71;RECURSOS DO FUNDO ESTADUAL DE ERRADICACAO DA MISERIA;211539,07;211539,07;211539,07
9396785;1186;2023-10-24 00:00:00;ASSOCIACAO DE PAIS E AMIGOS DOS EXCEPCIONAIS - APAE;17.862.038/0001-76;4251;FEAS;FUNDO ESTADUAL DE ASSISTENCIA SOCIAL;43;SUBVENCOES SOCIAIS;1;SUBVENCOES SOCIAIS;71;RECURSOS DO FUNDO ESTADUAL DE ERRADICACAO DA MISERIA;197436,46;197436,46;197436,46
9396786;1183;2023-10-23 00:00:00;ASSOCIACAO DE PAIS E AMIGOS DOS EXCEPCIONAIS DE NEPOMUCENO;19.016.211/0001-40;4251;FEAS;FUNDO ESTADUAL DE ASSISTENCIA SOCIAL;43;SUBVENCOES SOCIAIS;1;SUBVENCOES SOCIAIS;71;RECURSOS DO FUNDO ESTADUAL DE ERRADICACAO DA MISERIA;84615,63;84615,63;84615,63
9396787;94;2023-10-23 00:00:00;CONSELHO DE DESENVOLV.COMUNIT.DO POVOADO DO PEGA-BEM;22.708.242/0001-77;1491;SEGOV;SECRETARIA DE ESTADO DE GOVERNO;42;AUXILIOS;1;AUXILIOS;10;RECURSOS ORDINARIOS - RECURSOS NAO VINCULADOS DE IMPOSTOS;88623,86;88623,86;88623,86
9396788;95;2023-10-23 00:00:00;ASSOCIACAO AJUDAR FAZ BEM;31.468.526/0001-24;1491;SEGOV;SECRETARIA DE ESTADO DE GOVERNO;42;AUXILIOS;1;AUXILIOS;10;RECURSOS ORDINARIOS - RECURSOS NAO VINCULADOS DE IMPOSTOS;88623,86;88623,86;88623,86
9396789;2440;2023-10-23 00:00:00;PM MARAVILHAS;18.313.841/0001-14;1491;SEGOV;SECRETARIA DE ESTADO DE GOVERNO;42;AUXILIOS;1;AUXILIOS;10;RECURSOS ORDINARIOS - RECURSOS NAO VINCULADOS DE IMPOSTOS;87727,72;87727,72;87727,72
9396790;2441;2023-10-23 00:00:00;PM FREI INOCENCIO;16.945.990/0001-70;1491;SEGOV;SECRETARIA DE ESTADO DE GOVERNO;42;AUXILIOS;1;AUXILIOS;10;RECURSOS ORDINARIOS - RECURSOS NAO VINCULADOS DE IMPOSTOS;87623,86;87623,86;87623,86
9396791;2439;2023-10-23 00:00:00;PM FELICIO DOS SANTOS;17.754.201/0001-87;1491;SEGOV;SECRETARIA DE ESTADO DE GOVERNO;42;AUXILIOS;1;AUXILIOS;15;RECURSOS ORDINARIOS - OUTROS RECURSOS NAO VINCULADOS;117492,0;117492,0;117492,0
9396792;2436;2023-10-23 00:00:00;PM RECREIO;17.735.754/0001-92;1491;SEGOV;SECRETARIA DE ESTADO DE GOVERNO;42;AUXILIOS;1;AUXILIOS;15;RECURSOS ORDINARIOS - OUTROS RECURSOS NAO VINCULADOS;200000,0;200000,0;200000,0
9396793;2438;2023-10-23 00:00:00;PM JANAUBA;18.017.392/0001-67;1491;SEGOV;SECRETARIA DE ESTADO DE GOVERNO;42;AUXILIOS;1;AUXILIOS;15;RECURSOS ORDINARIOS - OUTROS RECURSOS NAO VINCULADOS;318000,0;318000,0;318000,0
9396794;2437;2023-10-23 00:00:00;PM SAO JOAO DO PARAISO;24.791.154/0001-07;1491;SEGOV;SECRETARIA DE ESTADO DE GOVERNO;42;AUXILIOS;1;AUXILIOS;15;RECURSOS ORDINARIOS - OUTROS RECURSOS NAO VINCULADOS;500000,0;500000,0;500000,0
9396804;1192;2023-10-24 00:00:00;ASSOCIACAO DOS PAIS E AMIGOS DOS EXCEPCIONAIS;00.298.396/0001-03;4251;FEAS;FUNDO ESTADUAL DE ASSISTENCIA SOCIAL;43;SUBVENCOES SOCIAIS;1;SUBVENCOES SOCIAIS;71;RECURSOS DO FUNDO ESTADUAL DE ERRADICACAO DA MISERIA;225641,67;225641,67;225641,67
9396805;1193;2023-10-24 00:00:00;APAE ASSOCIACAO DE PAIS E AMIGOS DE EXCEPCIONAIS DE MONTES CLAROS;21.353.925/0001-96;4251;FEAS;FUNDO ESTADUAL DE ASSISTENCIA SOCIAL;43;SUBVENCOES SOCIAIS;1;SUBVENCOES SOCIAIS;71;RECURSOS DO FUNDO ESTADUAL DE ERRADICACAO DA MISERIA;141026,04;141026,04;141026,04
9396808;1191;2023-10-24 00:00:00;ASSOCIACAO DE PAIS E AMIGOS DOS EXCEPCIONAIS DE BELO HORIZONTE - APAE;18.216.366/0001-68;4251;FEAS;FUNDO ESTADUAL DE ASSISTENCIA SOCIAL;43;SUBVENCOES SOCIAIS;1;SUBVENCOES SOCIAIS;71;RECURSOS DO FUNDO ESTADUAL DE ERRADICACAO DA MISERIA;705130,22;705130,22;705130,22
9396809;1220;2023-10-27 00:00:00;ASSOC PAIS E AMIGOS DOS EXCEPCIONAIS;20.900.981/0001-30;4251;FEAS;FUNDO ESTADUAL DE ASSISTENCIA SOCIAL;43;SUBVENCOES SOCIAIS;1;SUBVENCOES SOCIAIS;71;RECURSOS DO FUNDO ESTADUAL DE ERRADICACAO DA MISERIA;84615,63;84615,63;84615,63
9396810;1190;2023-10-24 00:00:00;ASSOCIACAO DE PAIS E AMIGOS DOS EXCEPCIONAIS;73.874.646/0001-71;4251;FEAS;FUNDO ESTADUAL DE ASSISTENCIA SOCIAL;43;SUBVENCOES SOCIAIS;1;SUBVENCOES SOCIAIS;71;RECURSOS DO FUNDO ESTADUAL DE ERRADICACAO DA MISERIA;225641,67;225641,67;225641,67
9396811;1188;2023-10-24 00:00:00;ASSOCIACAO DE PAIS E AMIGOS DOS EXCEPCIONAIS DE PRADOS;26.118.448/0001-06;4251;FEAS;FUNDO ESTADUAL DE ASSISTENCIA SOCIAL;43;SUBVENCOES SOCIAIS;1;SUBVENCOES SOCIAIS;71;RECURSOS DO FUNDO ESTADUAL DE ERRADICACAO DA MISERIA;98718,23;98718,23;98718,23
9396830;82;2023-10-26 00:00:00;CONSELHO DAS SECRETARIAS MUNICIPAIS DE SAUDE DE MINAS GERAIS;42.766.519/0001-25;4291;FES;FUNDO ESTADUAL DE SAUDE;42;AUXILIOS;1;AUXILIOS;10;RECURSOS ORDINARIOS - RECURSOS NAO VINCULADOS DE IMPOSTOS;271799,0;271799,0;271799,0
9396863;644;2023-10-25 00:00:00;GRUPO CULTURAL SEMENTE DO VALE;20.210.860/0001-67;1271;SECULT;SECRETARIA DE ESTADO DE CULTURA E TURISMO;41;CONTRIBUICOES;1;CONTRIBUICOES;10;RECURSOS ORDINARIOS - RECURSOS NAO VINCULADOS DE IMPOSTOS;600000,0;600000,0;600000,0
9396864;358;2023-11-02 00:00:00;PM RIO DO PRADO;18.349.936/0001-98;1231;SEAPA;SECRETARIA DE ESTADO DE AGRICULTURA, PECUARIA E ABASTECIMENTO - SEAPA;41;CONTRIBUICOES;1;CONTRIBUICOES;15;RECURSOS ORDINARIOS - OUTROS RECURSOS NAO VINCULADOS;450000,0;450000,0;450000,0
9396865;357;2023-11-01 00:00:00;PM IPUIUNA;18.179.226/0001-67;1231;SEAPA;SECRETARIA DE ESTADO DE AGRICULTURA, PECUARIA E ABASTECIMENTO - SEAPA;41;CONTRIBUICOES;1;CONTRIBUICOES;15;RECURSOS ORDINARIOS - OUTROS RECURSOS NAO VINCULADOS;500000,0;500000,0;500000,0
9396866;359;2023-11-02 00:00:00;PM ARAGUARI;16.829.640/0001-49;1231;SEAPA;SECRETARIA DE ESTADO DE AGRICULTURA, PECUARIA E ABASTECIMENTO - SEAPA;41;CONTRIBUICOES;1;CONTRIBUICOES;15;RECURSOS ORDINARIOS - OUTROS RECURSOS NAO VINCULADOS;300000,0;300000,0;300000,0
9396867;360;2023-11-02 00:00:00;PM ITURAMA;18.457.242/0001-74;1231;SEAPA;SECRETARIA DE ESTADO DE AGRICULTURA, PECUARIA E ABASTECIMENTO - SEAPA;41;CONTRIBUICOES;1;CONTRIBUICOES;15;RECURSOS ORDINARIOS - OUTROS RECURSOS NAO VINCULADOS;550000,0;550000,0;550000,0
9396868;682;2023-11-30 00:00:00;PM TURMALINA;25.324.187/0001-00;1371;SEMAD;SECRETARIA DE ESTADO DE MEIO AMBIENTE E DESENVOLVIMENTO SUSTENTAVEL;41;CONTRIBUICOES;1;CONTRIBUICOES;97;TRANSFERENCIAS ESPECIAIS DE RECURSOS DA UNIAO;116904,0;116904,0;116904,0
9396869;361;2023-11-02 00:00:00;PM VAZANTE;18.278.069/0001-47;1231;SEAPA;SECRETARIA DE ESTADO DE AGRICULTURA, PECUARIA E ABASTECIMENTO - SEAPA;41;CONTRIBUICOES;1;CONTRIBUICOES;15;RECURSOS ORDINARIOS - OUTROS RECURSOS NAO VINCULADOS;300000,0;300000,0;300000,0
9396870;681;2023-11-30 00:00:00;PM PASSA TEMPO;18.039.503/0001-36;1371;SEMAD;SECRETARIA DE ESTADO DE MEIO AMBIENTE E DESENVOLVIMENTO SUSTENTAVEL;41;CONTRIBUICOES;1;CONTRIBUICOES;97;TRANSFERENCIAS ESPECIAIS DE RECURSOS DA UNIAO;116317,08;116317,08;116317,08
9396871;633;2023-10-25 00:00:00;PM COMERCINHO;18.414.615/0001-20;1301;SEINFRA;SECRETARIA DE ESTADO DE INFRAESTRUTURA, MOBILIDADE E PARCERIAS;42;AUXILIOS;1;AUXILIOS;15;RECURSOS ORDINARIOS - OUTROS RECURSOS NAO VINCULADOS;700000,0;700000,0;700000,0
9396872;362;2023-11-02 00:00:00;PM MATHIAS LOBATO;18.332.619/0001-69;1231;SEAPA;SECRETARIA DE ESTADO DE AGRICULTURA, PECUARIA E ABASTECIMENTO - SEAPA;41;CONTRIBUICOES;1;CONTRIBUICOES;15;RECURSOS ORDINARIOS - OUTROS RECURSOS NAO VINCULADOS;300000,0;300000,0;300000,0
9396874;366;2023-11-07 00:00:00;ASSOCIACAO DOS PRODUTORES RURAIS DE RIO ESPERA;19.363.037/0001-02;1231;SEAPA;SECRETARIA DE ESTADO DE AGRICULTURA, PECUARIA E ABASTECIMENTO - SEAPA;41;CONTRIBUICOES;1;CONTRIBUICOES;10;RECURSOS ORDINARIOS - RECURSOS NAO VINCULADOS DE IMPOSTOS;0,0;0,0;0,0
9396874;378;2023-11-08 00:00:00;ASSOCIACAO DOS PRODUTORES RURAIS DE RIO ESPERA;19.363.037/0001-02;1231;SEAPA;SECRETARIA DE ESTADO DE AGRICULTURA, PECUARIA E ABASTECIMENTO - SEAPA;41;CONTRIBUICOES;1;CONTRIBUICOES;10;RECURSOS ORDINARIOS - RECURSOS NAO VINCULADOS DE IMPOSTOS;299990,0;299990,0;299990,0
9396875;683;2023-11-30 00:00:00;PM POMPEU;18.296.681/0001-42;1371;SEMAD;SECRETARIA DE ESTADO DE MEIO AMBIENTE E DESENVOLVIMENTO SUSTENTAVEL;41;CONTRIBUICOES;1;CONTRIBUICOES;97;TRANSFERENCIAS ESPECIAIS DE RECURSOS DA UNIAO;116904,54;116904,54;116904,54
9396876;363;2023-11-02 00:00:00;PM DORES DE GUANHAES;18.307.413/0001-89;1231;SEAPA;SECRETARIA DE ESTADO DE AGRICULTURA, PECUARIA E ABASTECIMENTO - SEAPA;41;CONTRIBUICOES;1;CONTRIBUICOES;15;RECURSOS ORDINARIOS - OUTROS RECURSOS NAO VINCULADOS;630000,0;630000,0;630000,0
9396878;4911;2023-11-09 00:00:00;FUNDACAO CRISTIANO VARELLA;00.961.315/0001-03;4291;FES;FUNDO ESTADUAL DE SAUDE;42;AUXILIOS;1;AUXILIOS;10;RECURSOS ORDINARIOS - RECURSOS NAO VINCULADOS DE IMPOSTOS;9000000,0;9000000,0;9000000,0
9396879;364;2023-11-02 00:00:00;PM MATIPO;18.385.104/0001-27;1231;SEAPA;SECRETARIA DE ESTADO DE AGRICULTURA, PECUARIA E ABASTECIMENTO - SEAPA;41;CONTRIBUICOES;1;CONTRIBUICOES;15;RECURSOS ORDINARIOS - OUTROS RECURSOS NAO VINCULADOS;300000,0;300000,0;300000,0
9396880;365;2023-11-02 00:00:00;PM VIRGOLANDIA;18.409.185/0001-58;1231;SEAPA;SECRETARIA DE ESTADO DE AGRICULTURA, PECUARIA E ABASTECIMENTO - SEAPA;41;CONTRIBUICOES;1;CONTRIBUICOES;15;RECURSOS ORDINARIOS - OUTROS RECURSOS NAO VINCULADOS;550000,0;550000,0;550000,0
9396881;661;2023-11-10 00:00:00;PM SENHORA DOS REMEDIOS;18.094.870/0001-32;1371;SEMAD;SECRETARIA DE ESTADO DE MEIO AMBIENTE E DESENVOLVIMENTO SUSTENTAVEL;41;CONTRIBUICOES;1;CONTRIBUICOES;15;RECURSOS ORDINARIOS - OUTROS RECURSOS NAO VINCULADOS;600000,0;600000,0;600000,0
9396885;7661;2023-11-20 00:00:00;PM DIVINOPOLIS;18.291.351/0001-64;4291;FES;FUNDO ESTADUAL DE SAUDE;42;AUXILIOS;1;AUXILIOS;10;RECURSOS ORDINARIOS - RECURSOS NAO VINCULADOS DE IMPOSTOS;1600000,0;1600000,0;1600000,0
9396897;1227;2023-10-28 00:00:00;APAE LAGOA DOURADA;04.448.905/0001-80;4251;FEAS;FUNDO ESTADUAL DE ASSISTENCIA SOCIAL;43;SUBVENCOES SOCIAIS;1;SUBVENCOES SOCIAIS;71;RECURSOS DO FUNDO ESTADUAL DE ERRADICACAO DA MISERIA;112820,83;112820,83;112820,83
9396910;4958;2023-11-16 00:00:00;CISNORJE/SAMU;13.220.150/0001-52;4291;FES;FUNDO ESTADUAL DE SAUDE;42;AUXILIOS;1;AUXILIOS;10;RECURSOS ORDINARIOS - RECURSOS NAO VINCULADOS DE IMPOSTOS;1606657,66;1606657,66;1606657,66
9396912;96;2023-10-26 00:00:00;LAR MARIA NOLVINA DA COSTA;20.896.114/0001-79;1491;SEGOV;SECRETARIA DE ESTADO DE GOVERNO;42;AUXILIOS;1;AUXILIOS;10;RECURSOS ORDINARIOS - RECURSOS NAO VINCULADOS DE IMPOSTOS;88623,86;88623,86;88623,86
9396913;2443;2023-10-26 00:00:00;PM DORES DE GUANHAES;18.307.413/0001-89;1491;SEGOV;SECRETARIA DE ESTADO DE GOVERNO;42;AUXILIOS;1;AUXILIOS;15;RECURSOS ORDINARIOS - OUTROS RECURSOS NAO VINCULADOS;176347,72;176347,72;176347,72
9396914;2444;2023-10-26 00:00:00;PM BRAS PIRES;18.128.272/0001-37;1491;SEGOV;SECRETARIA DE ESTADO DE GOVERNO;42;AUXILIOS;1;AUXILIOS;15;RECURSOS ORDINARIOS - OUTROS RECURSOS NAO VINCULADOS;88623,86;88623,86;88623,86
9396915;2446;2023-10-26 00:00:00;PM SETUBINHA;01.613.375/0001-90;1491;SEGOV;SECRETARIA DE ESTADO DE GOVERNO;42;AUXILIOS;1;AUXILIOS;15;RECURSOS ORDINARIOS - OUTROS RECURSOS NAO VINCULADOS;87737,62;87737,62;87737,62
9396916;2447;2023-10-26 00:00:00;PM ANGELANDIA;01.113.937/0001-36;1491;SEGOV;SECRETARIA DE ESTADO DE GOVERNO;42;AUXILIOS;1;AUXILIOS;15;RECURSOS ORDINARIOS - OUTROS RECURSOS NAO VINCULADOS;263210,58;263210,58;263210,58
9396917;2476;2023-11-06 00:00:00;PM TOLEDO;18.677.617/0001-01;1491;SEGOV;SECRETARIA DE ESTADO DE GOVERNO;42;AUXILIOS;1;AUXILIOS;15;RECURSOS ORDINARIOS - OUTROS RECURSOS NAO VINCULADOS;130910,0;130910,0;130910,0
9396918;654;2023-10-30 00:00:00;PM CENTRAL DE MINAS;17.990.714/0001-97;1301;SEINFRA;SECRETARIA DE ESTADO DE INFRAESTRUTURA, MOBILIDADE E PARCERIAS;42;AUXILIOS;1;AUXILIOS;15;RECURSOS ORDINARIOS - OUTROS RECURSOS NAO VINCULADOS;1000000,0;1000000,0;1000000,0
9396920;635;2023-10-26 00:00:00;PM SAO JOAO NEPOMUCENO;18.558.072/0001-14;1301;SEINFRA;SECRETARIA DE ESTADO DE INFRAESTRUTURA, MOBILIDADE E PARCERIAS;42;AUXILIOS;1;AUXILIOS;15;RECURSOS ORDINARIOS - OUTROS RECURSOS NAO VINCULADOS;500000,0;500000,0;500000,0
9396923;653;2023-10-30 00:00:00;PM JAIBA;25.209.149/0001-06;1301;SEINFRA;SECRETARIA DE ESTADO DE INFRAESTRUTURA, MOBILIDADE E PARCERIAS;42;AUXILIOS;1;AUXILIOS;15;RECURSOS ORDINARIOS - OUTROS RECURSOS NAO VINCULADOS;550000,0;550000,0;550000,0
9396924;657;2023-10-31 00:00:00;PM SAO JOAO NEPOMUCENO;18.558.072/0001-14;1301;SEINFRA;SECRETARIA DE ESTADO DE INFRAESTRUTURA, MOBILIDADE E PARCERIAS;42;AUXILIOS;1;AUXILIOS;15;RECURSOS ORDINARIOS - OUTROS RECURSOS NAO VINCULADOS;250000,0;250000,0;250000,0
9396925;658;2023-10-31 00:00:00;PM RIO ACIMA;18.312.108/0001-85;1301;SEINFRA;SECRETARIA DE ESTADO DE INFRAESTRUTURA, MOBILIDADE E PARCERIAS;42;AUXILIOS;1;AUXILIOS;15;RECURSOS ORDINARIOS - OUTROS RECURSOS NAO VINCULADOS;300000,0;300000,0;300000,0
9396926;652;2023-10-30 00:00:00;PM LAGOA DOURADA;18.557.595/0001-46;1301;SEINFRA;SECRETARIA DE ESTADO DE INFRAESTRUTURA, MOBILIDADE E PARCERIAS;42;AUXILIOS;1;AUXILIOS;15;RECURSOS ORDINARIOS - OUTROS RECURSOS NAO VINCULADOS;400000,0;400000,0;400000,0
9396929;2445;2023-10-26 00:00:00;PM SALINAS;24.359.333/0001-70;1491;SEGOV;SECRETARIA DE ESTADO DE GOVERNO;42;AUXILIOS;1;AUXILIOS;15;RECURSOS ORDINARIOS - OUTROS RECURSOS NAO VINCULADOS;88178,52;88178,52;88178,52
9396930;2448;2023-10-26 00:00:00;PM SANTA JULIANA;18.140.780/0001-30;1491;SEGOV;SECRETARIA DE ESTADO DE GOVERNO;42;AUXILIOS;1;AUXILIOS;15;RECURSOS ORDINARIOS - OUTROS RECURSOS NAO VINCULADOS;130000,0;130000,0;130000,0
9396931;2450;2023-10-26 00:00:00;PM CAMPINA VERDE;18.457.291/0001-07;1491;SEGOV;SECRETARIA DE ESTADO DE GOVERNO;42;AUXILIOS;1;AUXILIOS;15;RECURSOS ORDINARIOS - OUTROS RECURSOS NAO VINCULADOS;87737,63;0,0;0,0
9396932;2451;2023-10-26 00:00:00;PM PECANHA;18.409.227/0001-50;1491;SEGOV;SECRETARIA DE ESTADO DE GOVERNO;42;AUXILIOS;1;AUXILIOS;15;RECURSOS ORDINARIOS - OUTROS RECURSOS NAO VINCULADOS;130900,0;130900,0;130900,0
9396933;2449;2023-10-26 00:00:00;PM MONTE BELO;18.668.376/0001-34;1491;SEGOV;SECRETARIA DE ESTADO DE GOVERNO;42;AUXILIOS;1;AUXILIOS;15;RECURSOS ORDINARIOS - OUTROS RECURSOS NAO VINCULADOS;116492,0;116492,0;116492,0
9396934;2442;2023-10-26 00:00:00;PM PATOS DE MINAS;18.602.011/0001-07;1491;SEGOV;SECRETARIA DE ESTADO DE GOVERNO;42;AUXILIOS;1;AUXILIOS;15;RECURSOS ORDINARIOS - OUTROS RECURSOS NAO VINCULADOS;300000,0;300000,0;300000,0
9396935;2452;2023-10-26 00:00:00;PM OURO FINO;18.671.271/0001-34;1491;SEGOV;SECRETARIA DE ESTADO DE GOVERNO;42;AUXILIOS;1;AUXILIOS;15;RECURSOS ORDINARIOS - OUTROS RECURSOS NAO VINCULADOS;87737,63;87737,63;87737,63
9397796;1226;2023-10-28 00:00:00;APAE FRUTAL;20.043.493/0001-54;4251;FEAS;FUNDO ESTADUAL DE ASSISTENCIA SOCIAL;43;SUBVENCOES SOCIAIS;1;SUBVENCOES SOCIAIS;71;RECURSOS DO FUNDO ESTADUAL DE ERRADICACAO DA MISERIA;126923,44;126923,44;126923,44
9397799;1222;2023-10-27 00:00:00;ASSOCIACAO DOS PAIS E AMIGOS DOS EXCEPCIONAIS;18.299.354/0001-44;4251;FEAS;FUNDO ESTADUAL DE ASSISTENCIA SOCIAL;43;SUBVENCOES SOCIAIS;1;SUBVENCOES SOCIAIS;71;RECURSOS DO FUNDO ESTADUAL DE ERRADICACAO DA MISERIA;225641,67;225641,67;225641,67
9397809;655;2023-10-30 00:00:00;PM CAMBUQUIRA;17.955.386/0001-98;1301;SEINFRA;SECRETARIA DE ESTADO DE INFRAESTRUTURA, MOBILIDADE E PARCERIAS;42;AUXILIOS;1;AUXILIOS;15;RECURSOS ORDINARIOS - OUTROS RECURSOS NAO VINCULADOS;300000,0;300000,0;300000,0
9397810;660;2023-10-31 00:00:00;PM ARACUAI;17.963.083/0001-17;1301;SEINFRA;SECRETARIA DE ESTADO DE INFRAESTRUTURA, MOBILIDADE E PARCERIAS;42;AUXILIOS;1;AUXILIOS;15;RECURSOS ORDINARIOS - OUTROS RECURSOS NAO VINCULADOS;300000,0;300000,0;300000,0
9397811;2457;2023-10-27 00:00:00;PM SARDOA;18.307.496/0001-06;1491;SEGOV;SECRETARIA DE ESTADO DE GOVERNO;42;AUXILIOS;1;AUXILIOS;15;RECURSOS ORDINARIOS - OUTROS RECURSOS NAO VINCULADOS;116192,0;116192,0;116192,0
9397813;2458;2023-10-27 00:00:00;PM FORTALEZA DE MINAS;18.241.760/0001-56;1491;SEGOV;SECRETARIA DE ESTADO DE GOVERNO;42;AUXILIOS;1;AUXILIOS;15;RECURSOS ORDINARIOS - OUTROS RECURSOS NAO VINCULADOS;400000,0;400000,0;400000,0
9397814;2454;2023-10-27 00:00:00;PM CASSIA;17.894.049/0001-38;1491;SEGOV;SECRETARIA DE ESTADO DE GOVERNO;42;AUXILIOS;1;AUXILIOS;15;RECURSOS ORDINARIOS - OUTROS RECURSOS NAO VINCULADOS;339914,59;339914,59;339914,59
9397815;2455;2023-10-27 00:00:00;PM CONCEICAO DA PEDRA;18.025.908/0001-15;1491;SEGOV;SECRETARIA DE ESTADO DE GOVERNO;42;AUXILIOS;1;AUXILIOS;15;RECURSOS ORDINARIOS - OUTROS RECURSOS NAO VINCULADOS;300000,0;300000,0;300000,0
9397816;2456;2023-10-27 00:00:00;PM OURO PRETO;18.295.295/0001-36;1491;SEGOV;SECRETARIA DE ESTADO DE GOVERNO;42;AUXILIOS;1;AUXILIOS;15;RECURSOS ORDINARIOS - OUTROS RECURSOS NAO VINCULADOS;125694,5;125694,5;125694,5
9397817;2453;2023-10-27 00:00:00;PM SAO JOAO DA MATA;17.935.206/0001-06;1491;SEGOV;SECRETARIA DE ESTADO DE GOVERNO;42;AUXILIOS;1;AUXILIOS;15;RECURSOS ORDINARIOS - OUTROS RECURSOS NAO VINCULADOS;88179,86;88179,86;88179,86
9397818;4963;2023-11-20 00:00:00;HOSPITAL CESAR LEITE;22.263.081/0001-55;4291;FES;FUNDO ESTADUAL DE SAUDE;42;AUXILIOS;1;AUXILIOS;10;RECURSOS ORDINARIOS - RECURSOS NAO VINCULADOS DE IMPOSTOS;2751198,45;2751198,45;2751198,45
9397820;5163;2023-11-27 00:00:00;CISALP-CONSORCIO PUBLICO INTERMUNICIPAL DE SAUDE A MICRO-REGIAO DO ALT;02.319.394/0001-70;4291;FES;FUNDO ESTADUAL DE SAUDE;42;AUXILIOS;1;AUXILIOS;10;RECURSOS ORDINARIOS - RECURSOS NAO VINCULADOS DE IMPOSTOS;2444000,0;2444000,0;2444000,0
9397843;1236;2023-10-30 00:00:00;ASSOCIACAO DE PAIS E AMIGOS DOS EXCEPCIONAIS;00.662.901/0001-49;4251;FEAS;FUNDO ESTADUAL DE ASSISTENCIA SOCIAL;43;SUBVENCOES SOCIAIS;1;SUBVENCOES SOCIAIS;71;RECURSOS DO FUNDO ESTADUAL DE ERRADICACAO DA MISERIA;141026,04;141026,04;141026,04
9397846;2463;2023-10-30 00:00:00;PM CAMBUI;18.675.975/0001-85;1491;SEGOV;SECRETARIA DE ESTADO DE GOVERNO;42;AUXILIOS;1;AUXILIOS;15;RECURSOS ORDINARIOS - OUTROS RECURSOS NAO VINCULADOS;295926,28;295926,28;295926,28
9397847;2460;2023-10-30 00:00:00;PM VARGEM BONITA;16.788.309/0001-28;1491;SEGOV;SECRETARIA DE ESTADO DE GOVERNO;42;AUXILIOS;1;AUXILIOS;15;RECURSOS ORDINARIOS - OUTROS RECURSOS NAO VINCULADOS;300000,0;300000,0;300000,0
9397848;2459;2023-10-30 00:00:00;PM DIVINESIA;18.128.280/0001-83;1491;SEGOV;SECRETARIA DE ESTADO DE GOVERNO;42;AUXILIOS;1;AUXILIOS;15;RECURSOS ORDINARIOS - OUTROS RECURSOS NAO VINCULADOS;88180,74;88180,74;88180,74
9397849;2470;2023-10-30 00:00:00;PM MATHIAS LOBATO;18.332.619/0001-69;1491;SEGOV;SECRETARIA DE ESTADO DE GOVERNO;42;AUXILIOS;1;AUXILIOS;15;RECURSOS ORDINARIOS - OUTROS RECURSOS NAO VINCULADOS;698694,33;698694,33;698694,33
9397850;2461;2023-10-30 00:00:00;PM DATAS;17.754.193/0001-79;1491;SEGOV;SECRETARIA DE ESTADO DE GOVERNO;42;AUXILIOS;1;AUXILIOS;15;RECURSOS ORDINARIOS - OUTROS RECURSOS NAO VINCULADOS;116317,08;116317,08;116317,08
9397851;2462;2023-10-30 00:00:00;PM GOVERNADOR VALADARES;20.622.890/0001-80;1491;SEGOV;SECRETARIA DE ESTADO DE GOVERNO;42;AUXILIOS;1;AUXILIOS;15;RECURSOS ORDINARIOS - OUTROS RECURSOS NAO VINCULADOS;264542,23;264542,23;264542,23
9397852;2464;2023-10-30 00:00:00;PM SENADOR MODESTINO GONCALVES;17.754.110/0001-41;1491;SEGOV;SECRETARIA DE ESTADO DE GOVERNO;42;AUXILIOS;1;AUXILIOS;15;RECURSOS ORDINARIOS - OUTROS RECURSOS NAO VINCULADOS;175473,72;175473,72;175473,72
9397853;2487;2023-11-13 00:00:00;PM PERDIZES;18.140.772/0001-94;1491;SEGOV;SECRETARIA DE ESTADO DE GOVERNO;42;AUXILIOS;1;AUXILIOS;15;RECURSOS ORDINARIOS - OUTROS RECURSOS NAO VINCULADOS;84192,66;84192,66;84192,66
9397854;2466;2023-10-30 00:00:00;PM GONCALVES;18.025.932/0001-54;1491;SEGOV;SECRETARIA DE ESTADO DE GOVERNO;42;AUXILIOS;1;AUXILIOS;15;RECURSOS ORDINARIOS - OUTROS RECURSOS NAO VINCULADOS;300000,0;300000,0;300000,0
9397855;2467;2023-10-30 00:00:00;PM FRANCISCOPOLIS;01.613.394/0001-16;1491;SEGOV;SECRETARIA DE ESTADO DE GOVERNO;42;AUXILIOS;1;AUXILIOS;15;RECURSOS ORDINARIOS - OUTROS RECURSOS NAO VINCULADOS;95204,95;95204,95;95204,95
9397856;2468;2023-10-30 00:00:00;PM SANTANA DO GARAMBEU;18.338.285/0001-30;1491;SEGOV;SECRETARIA DE ESTADO DE GOVERNO;42;AUXILIOS;1;AUXILIOS;15;RECURSOS ORDINARIOS - OUTROS RECURSOS NAO VINCULADOS;87737,63;87737,63;87737,63
9397857;2465;2023-10-30 00:00:00;PM BANDEIRA;18.349.902/0001-01;1491;SEGOV;SECRETARIA DE ESTADO DE GOVERNO;42;AUXILIOS;1;AUXILIOS;15;RECURSOS ORDINARIOS - OUTROS RECURSOS NAO VINCULADOS;261973,8;261973,8;261973,8
9397858;2469;2023-10-30 00:00:00;PM LAGOA FORMOSA;18.602.078/0001-41;1491;SEGOV;SECRETARIA DE ESTADO DE GOVERNO;42;AUXILIOS;1;AUXILIOS;15;RECURSOS ORDINARIOS - OUTROS RECURSOS NAO VINCULADOS;87737,63;87737,63;87737,63
9397894;2471;2023-10-31 00:00:00;PM DELFIM MOREIRA;18.025.924/0001-08;1491;SEGOV;SECRETARIA DE ESTADO DE GOVERNO;42;AUXILIOS;1;AUXILIOS;15;RECURSOS ORDINARIOS - OUTROS RECURSOS NAO VINCULADOS;300000,0;300000,0;300000,0
9397895;2472;2023-10-31 00:00:00;PM NOVA BELEM;01.613.169/0001-80;1491;SEGOV;SECRETARIA DE ESTADO DE GOVERNO;42;AUXILIOS;1;AUXILIOS;15;RECURSOS ORDINARIOS - OUTROS RECURSOS NAO VINCULADOS;87737,62;87737,62;87737,62
9397897;10;2023-10-31 00:00:00;PM PAVAO;18.404.772/0001-54;4491;FEC;FUNDO ESTADUAL DE CULTURA;41;CONTRIBUICOES;1;CONTRIBUICOES;59;OUTROS RECURSOS VINCULADOS;12500,0;12500,0;12500,0
9397897;11;2023-10-31 00:00:00;PM PAVAO;18.404.772/0001-54;4491;FEC;FUNDO ESTADUAL DE CULTURA;41;CONTRIBUICOES;1;CONTRIBUICOES;59;OUTROS RECURSOS VINCULADOS;37500,0;37500,0;37500,0
9397899;12;2023-10-31 00:00:00;PM COMERCINHO;18.414.615/0001-20;4491;FEC;FUNDO ESTADUAL DE CULTURA;41;CONTRIBUICOES;1;CONTRIBUICOES;59;OUTROS RECURSOS VINCULADOS;7117,0;7117,0;7117,0
9397899;13;2023-10-31 00:00:00;PM COMERCINHO;18.414.615/0001-20;4491;FEC;FUNDO ESTADUAL DE CULTURA;41;CONTRIBUICOES;1;CONTRIBUICOES;59;OUTROS RECURSOS VINCULADOS;36323,0;36323,0;36323,0
9397903;672;2023-11-10 00:00:00;PM SAO GERALDO;18.137.935/0001-80;1301;SEINFRA;SECRETARIA DE ESTADO DE INFRAESTRUTURA, MOBILIDADE E PARCERIAS;42;AUXILIOS;1;AUXILIOS;15;RECURSOS ORDINARIOS - OUTROS RECURSOS NAO VINCULADOS;1345000,0;1345000,0;1345000,0
9397909;367;2023-11-07 00:00:00;PM NINHEIRA;01.612.495/0001-72;1231;SEAPA;SECRETARIA DE ESTADO DE AGRICULTURA, PECUARIA E ABASTECIMENTO - SEAPA;41;CONTRIBUICOES;1;CONTRIBUICOES;15;RECURSOS ORDINARIOS - OUTROS RECURSOS NAO VINCULADOS;0,0;0,0;0,0
9397909;379;2023-11-08 00:00:00;PM NINHEIRA;01.612.495/0001-72;1231;SEAPA;SECRETARIA DE ESTADO DE AGRICULTURA, PECUARIA E ABASTECIMENTO - SEAPA;41;CONTRIBUICOES;1;CONTRIBUICOES;15;RECURSOS ORDINARIOS - OUTROS RECURSOS NAO VINCULADOS;899999,67;899999,67;899999,67
9397912;368;2023-11-07 00:00:00;PM IBIAI;16.899.700/0001-08;1231;SEAPA;SECRETARIA DE ESTADO DE AGRICULTURA, PECUARIA E ABASTECIMENTO - SEAPA;41;CONTRIBUICOES;1;CONTRIBUICOES;15;RECURSOS ORDINARIOS - OUTROS RECURSOS NAO VINCULADOS;0,0;0,0;0,0
9397912;380;2023-11-08 00:00:00;PM IBIAI;16.899.700/0001-08;1231;SEAPA;SECRETARIA DE ESTADO DE AGRICULTURA, PECUARIA E ABASTECIMENTO - SEAPA;41;CONTRIBUICOES;1;CONTRIBUICOES;15;RECURSOS ORDINARIOS - OUTROS RECURSOS NAO VINCULADOS;87737,62;87737,62;87737,62
9397913;659;2023-10-31 00:00:00;PM ALTEROSA;18.243.238/0001-03;1301;SEINFRA;SECRETARIA DE ESTADO DE INFRAESTRUTURA, MOBILIDADE E PARCERIAS;42;AUXILIOS;1;AUXILIOS;15;RECURSOS ORDINARIOS - OUTROS RECURSOS NAO VINCULADOS;1000000,0;1000000,0;1000000,0
9397915;369;2023-11-07 00:00:00;PM BRAZOPOLIS;18.025.890/0001-51;1231;SEAPA;SECRETARIA DE ESTADO DE AGRICULTURA, PECUARIA E ABASTECIMENTO - SEAPA;41;CONTRIBUICOES;1;CONTRIBUICOES;15;RECURSOS ORDINARIOS - OUTROS RECURSOS NAO VINCULADOS;0,0;0,0;0,0
9397915;381;2023-11-08 00:00:00;PM BRAZOPOLIS;18.025.890/0001-51;1231;SEAPA;SECRETARIA DE ESTADO DE AGRICULTURA, PECUARIA E ABASTECIMENTO - SEAPA;41;CONTRIBUICOES;1;CONTRIBUICOES;15;RECURSOS ORDINARIOS - OUTROS RECURSOS NAO VINCULADOS;796000,0;796000,0;796000,0
9397917;370;2023-11-07 00:00:00;PM GUARDA-MOR;18.277.947/0001-00;1231;SEAPA;SECRETARIA DE ESTADO DE AGRICULTURA, PECUARIA E ABASTECIMENTO - SEAPA;41;CONTRIBUICOES;1;CONTRIBUICOES;15;RECURSOS ORDINARIOS - OUTROS RECURSOS NAO VINCULADOS;0,0;0,0;0,0
9397917;382;2023-11-08 00:00:00;PM GUARDA-MOR;18.277.947/0001-00;1231;SEAPA;SECRETARIA DE ESTADO DE AGRICULTURA, PECUARIA E ABASTECIMENTO - SEAPA;41;CONTRIBUICOES;1;CONTRIBUICOES;15;RECURSOS ORDINARIOS - OUTROS RECURSOS NAO VINCULADOS;302692,5;302692,5;302692,5
9397921;1242;2023-11-01 00:00:00;ASSOCIACAO DE PAIS E AMIGOS  DOS EXCEPCIONAIS;86.926.235/0001-24;4251;FEAS;FUNDO ESTADUAL DE ASSISTENCIA SOCIAL;43;SUBVENCOES SOCIAIS;1;SUBVENCOES SOCIAIS;71;RECURSOS DO FUNDO ESTADUAL DE ERRADICACAO DA MISERIA;98718,23;98718,23;98718,23
9397922;1243;2023-11-01 00:00:00;ASSOCOACAO DE PAIS E AMIGOS DOS EXCEPCIONAIS DE CRISTAIS;23.775.059/0001-57;4251;FEAS;FUNDO ESTADUAL DE ASSISTENCIA SOCIAL;43;SUBVENCOES SOCIAIS;1;SUBVENCOES SOCIAIS;71;RECURSOS DO FUNDO ESTADUAL DE ERRADICACAO DA MISERIA;225641,67;225641,67;225641,67
9397923;1244;2023-11-01 00:00:00;ASSOCIACAO DE PAIS E AMIGOS DOS EXCEPCIONAIS - APAE;23.098.924/0001-78;4251;FEAS;FUNDO ESTADUAL DE ASSISTENCIA SOCIAL;43;SUBVENCOES SOCIAIS;1;SUBVENCOES SOCIAIS;71;RECURSOS DO FUNDO ESTADUAL DE ERRADICACAO DA MISERIA;197436,46;197436,46;197436,46
9397924;663;2023-11-08 00:00:00;PM VERDELANDIA;01.612.505/0001-70;1301;SEINFRA;SECRETARIA DE ESTADO DE INFRAESTRUTURA, MOBILIDADE E PARCERIAS;42;AUXILIOS;1;AUXILIOS;15;RECURSOS ORDINARIOS - OUTROS RECURSOS NAO VINCULADOS;800000,0;800000,0;800000,0
9397925;662;2023-11-07 00:00:00;PM ARACUAI;17.963.083/0001-17;1301;SEINFRA;SECRETARIA DE ESTADO DE INFRAESTRUTURA, MOBILIDADE E PARCERIAS;42;AUXILIOS;1;AUXILIOS;15;RECURSOS ORDINARIOS - OUTROS RECURSOS NAO VINCULADOS;300000,0;300000,0;300000,0
9397926;371;2023-11-07 00:00:00;PM IRAI DE MINAS;18.158.642/0001-89;1231;SEAPA;SECRETARIA DE ESTADO DE AGRICULTURA, PECUARIA E ABASTECIMENTO - SEAPA;41;CONTRIBUICOES;1;CONTRIBUICOES;15;RECURSOS ORDINARIOS - OUTROS RECURSOS NAO VINCULADOS;0,0;0,0;0,0
9397926;383;2023-11-08 00:00:00;PM IRAI DE MINAS;18.158.642/0001-89;1231;SEAPA;SECRETARIA DE ESTADO DE AGRICULTURA, PECUARIA E ABASTECIMENTO - SEAPA;41;CONTRIBUICOES;1;CONTRIBUICOES;15;RECURSOS ORDINARIOS - OUTROS RECURSOS NAO VINCULADOS;300000,0;300000,0;300000,0
9397929;372;2023-11-07 00:00:00;PM SAO JOSE DO JACURI;18.409.201/0001-02;1231;SEAPA;SECRETARIA DE ESTADO DE AGRICULTURA, PECUARIA E ABASTECIMENTO - SEAPA;41;CONTRIBUICOES;1;CONTRIBUICOES;15;RECURSOS ORDINARIOS - OUTROS RECURSOS NAO VINCULADOS;0,0;0,0;0,0
9397929;384;2023-11-08 00:00:00;PM SAO JOSE DO JACURI;18.409.201/0001-02;1231;SEAPA;SECRETARIA DE ESTADO DE AGRICULTURA, PECUARIA E ABASTECIMENTO - SEAPA;41;CONTRIBUICOES;1;CONTRIBUICOES;15;RECURSOS ORDINARIOS - OUTROS RECURSOS NAO VINCULADOS;285333,33;285333,33;285333,33
9397930;373;2023-11-07 00:00:00;ASSOCIACAO REGIONAL ESCOLA FAMILIA AGRICOLA MARGARIDA ALVES;09.604.761/0001-27;1231;SEAPA;SECRETARIA DE ESTADO DE AGRICULTURA, PECUARIA E ABASTECIMENTO - SEAPA;41;CONTRIBUICOES;1;CONTRIBUICOES;10;RECURSOS ORDINARIOS - RECURSOS NAO VINCULADOS DE IMPOSTOS;0,0;0,0;0,0
9397930;385;2023-11-08 00:00:00;ASSOCIACAO REGIONAL ESCOLA FAMILIA AGRICOLA MARGARIDA ALVES;09.604.761/0001-27;1231;SEAPA;SECRETARIA DE ESTADO DE AGRICULTURA, PECUARIA E ABASTECIMENTO - SEAPA;41;CONTRIBUICOES;1;CONTRIBUICOES;10;RECURSOS ORDINARIOS - RECURSOS NAO VINCULADOS DE IMPOSTOS;88623,86;88623,86;88623,86
9397933;374;2023-11-07 00:00:00;ASSOCIACAO DOS PEQUENOS PRODUTORES RURAIS DE PADRE CARVALHO;01.726.993/0001-46;1231;SEAPA;SECRETARIA DE ESTADO DE AGRICULTURA, PECUARIA E ABASTECIMENTO - SEAPA;41;CONTRIBUICOES;1;CONTRIBUICOES;10;RECURSOS ORDINARIOS - RECURSOS NAO VINCULADOS DE IMPOSTOS;0,0;0,0;0,0
9397933;386;2023-11-08 00:00:00;ASSOCIACAO DOS PEQUENOS PRODUTORES RURAIS DE PADRE CARVALHO;01.726.993/0001-46;1231;SEAPA;SECRETARIA DE ESTADO DE AGRICULTURA, PECUARIA E ABASTECIMENTO - SEAPA;41;CONTRIBUICOES;1;CONTRIBUICOES;10;RECURSOS ORDINARIOS - RECURSOS NAO VINCULADOS DE IMPOSTOS;88623,86;88623,86;88623,86
9397954;2473;2023-11-06 00:00:00;PM DIVINOPOLIS;18.291.351/0001-64;1491;SEGOV;SECRETARIA DE ESTADO DE GOVERNO;42;AUXILIOS;1;AUXILIOS;15;RECURSOS ORDINARIOS - OUTROS RECURSOS NAO VINCULADOS;350000,0;350000,0;350000,0
9397955;2475;2023-11-06 00:00:00;PM ILICINEA;18.239.608/0001-39;1491;SEGOV;SECRETARIA DE ESTADO DE GOVERNO;42;AUXILIOS;1;AUXILIOS;15;RECURSOS ORDINARIOS - OUTROS RECURSOS NAO VINCULADOS;441814,82;441814,82;441814,82
9397956;2474;2023-11-06 00:00:00;PM FRANCISCOPOLIS;01.613.394/0001-16;1491;SEGOV;SECRETARIA DE ESTADO DE GOVERNO;42;AUXILIOS;1;AUXILIOS;15;RECURSOS ORDINARIOS - OUTROS RECURSOS NAO VINCULADOS;80685,0;80685,0;80685,0
9397957;97;2023-11-06 00:00:00;ASSOCIACAO DE RESGATE DA DIGNIDADE HUMANA PROVIDENCIA DIVINA;22.643.399/0001-61;1491;SEGOV;SECRETARIA DE ESTADO DE GOVERNO;42;AUXILIOS;1;AUXILIOS;10;RECURSOS ORDINARIOS - RECURSOS NAO VINCULADOS DE IMPOSTOS;230000,0;230000,0;230000,0
9397958;1245;2023-11-06 00:00:00;ASSOCIACAO DE PAIS E AMIGOS DOS EXCEPCIONAIS DE PRATA;18.475.731/0001-59;4251;FEAS;FUNDO ESTADUAL DE ASSISTENCIA SOCIAL;43;SUBVENCOES SOCIAIS;1;SUBVENCOES SOCIAIS;71;RECURSOS DO FUNDO ESTADUAL DE ERRADICACAO DA MISERIA;0,0;0,0;0,0
9397958;1246;2023-11-06 00:00:00;ASSOCIACAO DE PAIS E AMIGOS DOS EXCEPCIONAIS DE PRATA;18.475.731/0001-59;4251;FEAS;FUNDO ESTADUAL DE ASSISTENCIA SOCIAL;43;SUBVENCOES SOCIAIS;1;SUBVENCOES SOCIAIS;71;RECURSOS DO FUNDO ESTADUAL DE ERRADICACAO DA MISERIA;112820,83;112820,83;112820,83
9397983;4957;2023-11-16 00:00:00;FUNDACAO BENJAMIN GUIMARAES;17.200.429/0001-25;4291;FES;FUNDO ESTADUAL DE SAUDE;42;AUXILIOS;1;AUXILIOS;10;RECURSOS ORDINARIOS - RECURSOS NAO VINCULADOS DE IMPOSTOS;2742076,39;2742076,39;2742076,39
9397984;265;2023-12-04 00:00:00;ASSOCIACAO DE PAIS E AMIGOS DOS EXCEPCIONAIS DE TIMOTEO;20.183.976/0001-54;1481;SEDESE;SECRETARIA DE ESTADO DE DESENVOLVIMENTO SOCIAL;43;SUBVENCOES SOCIAIS;1;SUBVENCOES SOCIAIS;38;TRANSFERENCIAS DA UNIAO VINCULADOS AO ESPORTE;51248,84;51248,84;51248,84
9397998;665;2023-11-08 00:00:00;PM SAO JOAO DO PARAISO;24.791.154/0001-07;1301;SEINFRA;SECRETARIA DE ESTADO DE INFRAESTRUTURA, MOBILIDADE E PARCERIAS;42;AUXILIOS;1;AUXILIOS;15;RECURSOS ORDINARIOS - OUTROS RECURSOS NAO VINCULADOS;1000000,0;1000000,0;1000000,0
9398859;682;2023-11-13 00:00:00;GREMIO LITERO MUSICAL EUTERPE CONCEICAO;08.699.089/0001-38;1271;SECULT;SECRETARIA DE ESTADO DE CULTURA E TURISMO;41;CONTRIBUICOES;1;CONTRIBUICOES;10;RECURSOS ORDINARIOS - RECURSOS NAO VINCULADOS DE IMPOSTOS;99920,0;99920,0;99920,0
9398860;680;2023-11-10 00:00:00;GREMIO RECREATIVO ESCOLA DE SAMBA TRIUNFO BARROCO;39.773.230/0001-29;1271;SECULT;SECRETARIA DE ESTADO DE CULTURA E TURISMO;41;CONTRIBUICOES;1;CONTRIBUICOES;10;RECURSOS ORDINARIOS - RECURSOS NAO VINCULADOS DE IMPOSTOS;100000,0;100000,0;100000,0
9398877;669;2023-11-09 00:00:00;PM DONA EUZEBIA;17.706.656/0001-27;1301;SEINFRA;SECRETARIA DE ESTADO DE INFRAESTRUTURA, MOBILIDADE E PARCERIAS;42;AUXILIOS;1;AUXILIOS;15;RECURSOS ORDINARIOS - OUTROS RECURSOS NAO VINCULADOS;300000,0;300000,0;300000,0
9398943;668;2023-11-09 00:00:00;PM NOVA RESENDE;18.187.823/0001-33;1301;SEINFRA;SECRETARIA DE ESTADO DE INFRAESTRUTURA, MOBILIDADE E PARCERIAS;42;AUXILIOS;1;AUXILIOS;15;RECURSOS ORDINARIOS - OUTROS RECURSOS NAO VINCULADOS;250000,0;250000,0;250000,0
9398984;670;2023-11-10 00:00:00;PM CONEGO MARINHO;01.612.492/0001-39;1301;SEINFRA;SECRETARIA DE ESTADO DE INFRAESTRUTURA, MOBILIDADE E PARCERIAS;42;AUXILIOS;1;AUXILIOS;15;RECURSOS ORDINARIOS - OUTROS RECURSOS NAO VINCULADOS;300000,0;300000,0;300000,0
9398985;671;2023-11-10 00:00:00;PM CONEGO MARINHO;01.612.492/0001-39;1301;SEINFRA;SECRETARIA DE ESTADO DE INFRAESTRUTURA, MOBILIDADE E PARCERIAS;42;AUXILIOS;1;AUXILIOS;15;RECURSOS ORDINARIOS - OUTROS RECURSOS NAO VINCULADOS;400000,0;400000,0;400000,0
9398986;667;2023-11-09 00:00:00;PM CAMPO BELO;18.659.334/0001-37;1301;SEINFRA;SECRETARIA DE ESTADO DE INFRAESTRUTURA, MOBILIDADE E PARCERIAS;42;AUXILIOS;1;AUXILIOS;15;RECURSOS ORDINARIOS - OUTROS RECURSOS NAO VINCULADOS;600000,0;600000,0;600000,0
9398987;674;2023-11-09 00:00:00;ASSOCIACAO DE REMANESCENTES QUILOMBOLAS DE PALMEIRINHA;14.245.790/0001-80;1271;SECULT;SECRETARIA DE ESTADO DE CULTURA E TURISMO;41;CONTRIBUICOES;1;CONTRIBUICOES;10;RECURSOS ORDINARIOS - RECURSOS NAO VINCULADOS DE IMPOSTOS;150000,0;150000,0;150000,0
9398990;673;2023-11-09 00:00:00;ASSOCIACAO COMUNITARIA DO MUNICIPIO DE MEDINA;22.692.289/0001-90;1271;SECULT;SECRETARIA DE ESTADO DE CULTURA E TURISMO;41;CONTRIBUICOES;1;CONTRIBUICOES;10;RECURSOS ORDINARIOS - RECURSOS NAO VINCULADOS DE IMPOSTOS;100000,0;100000,0;100000,0
9398996;2479;2023-11-10 00:00:00;PM DELFINOPOLIS;17.894.064/0001-86;1491;SEGOV;SECRETARIA DE ESTADO DE GOVERNO;42;AUXILIOS;1;AUXILIOS;15;RECURSOS ORDINARIOS - OUTROS RECURSOS NAO VINCULADOS;338206,47;338206,47;338206,47
9398998;2477;2023-11-10 00:00:00;PM SAO GONCALO DO PARA;18.291.369/0001-66;1491;SEGOV;SECRETARIA DE ESTADO DE GOVERNO;42;AUXILIOS;1;AUXILIOS;15;RECURSOS ORDINARIOS - OUTROS RECURSOS NAO VINCULADOS;0,0;0,0;0,0
9398998;2505;2023-11-23 00:00:00;PM SAO GONCALO DO PARA;18.291.369/0001-66;1491;SEGOV;SECRETARIA DE ESTADO DE GOVERNO;42;AUXILIOS;1;AUXILIOS;15;RECURSOS ORDINARIOS - OUTROS RECURSOS NAO VINCULADOS;131648,0;131648,0;131648,0
9399000;2478;2023-11-10 00:00:00;PM MUNHOZ;18.675.934/0001-99;1491;SEGOV;SECRETARIA DE ESTADO DE GOVERNO;42;AUXILIOS;1;AUXILIOS;15;RECURSOS ORDINARIOS - OUTROS RECURSOS NAO VINCULADOS;300000,0;300000,0;300000,0
9399002;666;2023-11-09 00:00:00;PM COQUEIRAL;18.239.624/0001-21;1301;SEINFRA;SECRETARIA DE ESTADO DE INFRAESTRUTURA, MOBILIDADE E PARCERIAS;42;AUXILIOS;1;AUXILIOS;15;RECURSOS ORDINARIOS - OUTROS RECURSOS NAO VINCULADOS;500000,0;500000,0;500000,0
9399009;425;2023-12-06 00:00:00;PM PRATAPOLIS;18.241.356/0001-82;1481;SEDESE;SECRETARIA DE ESTADO DE DESENVOLVIMENTO SOCIAL;42;AUXILIOS;1;AUXILIOS;60;RECURSOS DIRETAMENTE ARRECADADOS;99500,0;99500,0;0,0
9399120;404;2023-11-23 00:00:00;PM PIRAPORA;23.539.463/0001-21;1231;SEAPA;SECRETARIA DE ESTADO DE AGRICULTURA, PECUARIA E ABASTECIMENTO - SEAPA;41;CONTRIBUICOES;1;CONTRIBUICOES;15;RECURSOS ORDINARIOS - OUTROS RECURSOS NAO VINCULADOS;88180,54;88180,54;88180,54
9399121;405;2023-11-23 00:00:00;NUCLEO GESTOR DA CADEIA PRODUTIVA DO PEQUI E OUTROS FRUTOS DO CERRADO;16.921.242/0001-58;1231;SEAPA;SECRETARIA DE ESTADO DE AGRICULTURA, PECUARIA E ABASTECIMENTO - SEAPA;41;CONTRIBUICOES;1;CONTRIBUICOES;10;RECURSOS ORDINARIOS - RECURSOS NAO VINCULADOS DE IMPOSTOS;88623,86;88623,86;88623,86
9399122;427;2023-12-12 00:00:00;ASSOC.DE DESENV.DOS AGRICULTORES DA VALA DO FAGUNDES MACUCO E S.J.LIMO;12.363.052/0001-01;1231;SEAPA;SECRETARIA DE ESTADO DE AGRICULTURA, PECUARIA E ABASTECIMENTO - SEAPA;41;CONTRIBUICOES;1;CONTRIBUICOES;10;RECURSOS ORDINARIOS - RECURSOS NAO VINCULADOS DE IMPOSTOS;296666,67;296666,67;296666,67
9399123;407;2023-11-23 00:00:00;AGENCIA DE DESENVOLVIMENTO LOCAL INTEGRADO E SUSTENTADO DO BRASIL;09.421.309/0001-20;1231;SEAPA;SECRETARIA DE ESTADO DE AGRICULTURA, PECUARIA E ABASTECIMENTO - SEAPA;41;CONTRIBUICOES;1;CONTRIBUICOES;10;RECURSOS ORDINARIOS - RECURSOS NAO VINCULADOS DE IMPOSTOS;487812,91;487812,91;487812,91
9399124;406;2023-11-23 00:00:00;PM DELFINOPOLIS;17.894.064/0001-86;1231;SEAPA;SECRETARIA DE ESTADO DE AGRICULTURA, PECUARIA E ABASTECIMENTO - SEAPA;41;CONTRIBUICOES;1;CONTRIBUICOES;15;RECURSOS ORDINARIOS - OUTROS RECURSOS NAO VINCULADOS;500000,0;500000,0;500000,0
9399129;98;2023-11-10 00:00:00;MOVIMENTO SOCIAL SAO JOSE PRO TUBERCULOSOS;23.954.266/0001-79;1491;SEGOV;SECRETARIA DE ESTADO DE GOVERNO;42;AUXILIOS;1;AUXILIOS;10;RECURSOS ORDINARIOS - RECURSOS NAO VINCULADOS DE IMPOSTOS;88623,86;88623,86;88623,86
9399130;2483;2023-11-10 00:00:00;CONSORCIO INTERMUNICIPAL MULTIFINALITARIO PARA O DESENVOLVIMENTO AMBIE;19.193.527/0001-08;1491;SEGOV;SECRETARIA DE ESTADO DE GOVERNO;42;AUXILIOS;1;AUXILIOS;15;RECURSOS ORDINARIOS - OUTROS RECURSOS NAO VINCULADOS;116904,0;116904,0;116904,0
9399131;2482;2023-11-10 00:00:00;PM ACAIACA;18.295.287/0001-90;1491;SEGOV;SECRETARIA DE ESTADO DE GOVERNO;42;AUXILIOS;1;AUXILIOS;15;RECURSOS ORDINARIOS - OUTROS RECURSOS NAO VINCULADOS;339913,7;339913,7;339913,7
9399132;2481;2023-11-10 00:00:00;PM LIMA DUARTE;18.338.186/0001-59;1491;SEGOV;SECRETARIA DE ESTADO DE GOVERNO;42;AUXILIOS;1;AUXILIOS;15;RECURSOS ORDINARIOS - OUTROS RECURSOS NAO VINCULADOS;300000,0;300000,0;300000,0
9399133;2480;2023-11-10 00:00:00;PM SARDOA;18.307.496/0001-06;1491;SEGOV;SECRETARIA DE ESTADO DE GOVERNO;42;AUXILIOS;1;AUXILIOS;15;RECURSOS ORDINARIOS - OUTROS RECURSOS NAO VINCULADOS;261920,0;261920,0;261920,0
9399143;674;2023-11-14 00:00:00;PM JOAO MONLEVADE;18.401.059/0001-57;1301;SEINFRA;SECRETARIA DE ESTADO DE INFRAESTRUTURA, MOBILIDADE E PARCERIAS;42;AUXILIOS;1;AUXILIOS;15;RECURSOS ORDINARIOS - OUTROS RECURSOS NAO VINCULADOS;950000,0;950000,0;950000,0
9400038;673;2023-11-14 00:00:00;PM VESPASIANO;18.715.425/0001-42;1301;SEINFRA;SECRETARIA DE ESTADO DE INFRAESTRUTURA, MOBILIDADE E PARCERIAS;42;AUXILIOS;1;AUXILIOS;15;RECURSOS ORDINARIOS - OUTROS RECURSOS NAO VINCULADOS;11000000,0;11000000,0;11000000,0
9400039;199;2023-12-27 00:00:00;CONSORCIO INTERMUNICIPAL DE SAUDE VERDE - CIS VERDE;02.034.350/0001-02;4291;FES;FUNDO ESTADUAL DE SAUDE;41;CONTRIBUICOES;1;CONTRIBUICOES;10;RECURSOS ORDINARIOS - RECURSOS NAO VINCULADOS DE IMPOSTOS;75731,17;75731,17;0,0
9400039;200;2023-12-29 00:00:00;CONSORCIO INTERMUNICIPAL DE SAUDE VERDE - CIS VERDE;02.034.350/0001-02;4291;FES;FUNDO ESTADUAL DE SAUDE;42;AUXILIOS;1;AUXILIOS;10;RECURSOS ORDINARIOS - RECURSOS NAO VINCULADOS DE IMPOSTOS;820007,58;820007,58;0,0
9400040;2485;2023-11-13 00:00:00;PM BOM JESUS DO AMPARO;18.317.693/0001-06;1491;SEGOV;SECRETARIA DE ESTADO DE GOVERNO;42;AUXILIOS;1;AUXILIOS;10;RECURSOS ORDINARIOS - RECURSOS NAO VINCULADOS DE IMPOSTOS;130986,9;130986,9;130986,9
9400041;2486;2023-11-13 00:00:00;PM BELO VALE;18.363.937/0001-97;1491;SEGOV;SECRETARIA DE ESTADO DE GOVERNO;42;AUXILIOS;1;AUXILIOS;15;RECURSOS ORDINARIOS - OUTROS RECURSOS NAO VINCULADOS;85481,0;85481,0;85481,0
9400043;2484;2023-11-13 00:00:00;PM SAO GOTARDO;18.602.037/0001-55;1491;SEGOV;SECRETARIA DE ESTADO DE GOVERNO;42;AUXILIOS;1;AUXILIOS;15;RECURSOS ORDINARIOS - OUTROS RECURSOS NAO VINCULADOS;176361,48;176361,48;176361,48
9400048;71;2023-11-20 00:00:00;CARITAS BRASILEIRA;33.654.419/0008-92;1481;SEDESE;SECRETARIA DE ESTADO DE DESENVOLVIMENTO SOCIAL;43;SUBVENCOES SOCIAIS;1;SUBVENCOES SOCIAIS;71;RECURSOS DO FUNDO ESTADUAL DE ERRADICACAO DA MISERIA;500000,0;500000,0;500000,0
9400110;99;2023-11-14 00:00:00;ASSOCIACAO BENEFICENTE DESENVOLVIMENTO DOS BAIRROS DE BELO HORIZONTE;10.238.963/0001-81;1491;SEGOV;SECRETARIA DE ESTADO DE GOVERNO;42;AUXILIOS;1;AUXILIOS;10;RECURSOS ORDINARIOS - RECURSOS NAO VINCULADOS DE IMPOSTOS;200000,0;200000,0;200000,0
9400115;675;2023-11-14 00:00:00;PM SIMONESIA;18.385.120/0001-10;1301;SEINFRA;SECRETARIA DE ESTADO DE INFRAESTRUTURA, MOBILIDADE E PARCERIAS;42;AUXILIOS;1;AUXILIOS;15;RECURSOS ORDINARIOS - OUTROS RECURSOS NAO VINCULADOS;4000000,0;4000000,0;4000000,0
9400152;688;2023-11-21 00:00:00;PM RESPLENDOR;18.413.161/0001-72;1301;SEINFRA;SECRETARIA DE ESTADO DE INFRAESTRUTURA, MOBILIDADE E PARCERIAS;42;AUXILIOS;1;AUXILIOS;15;RECURSOS ORDINARIOS - OUTROS RECURSOS NAO VINCULADOS;1000000,0;1000000,0;1000000,0
9400158;689;2023-11-21 00:00:00;PM CENTRAL DE MINAS;17.990.714/0001-97;1301;SEINFRA;SECRETARIA DE ESTADO DE INFRAESTRUTURA, MOBILIDADE E PARCERIAS;42;AUXILIOS;1;AUXILIOS;15;RECURSOS ORDINARIOS - OUTROS RECURSOS NAO VINCULADOS;500000,0;500000,0;500000,0
9400163;678;2023-11-16 00:00:00;PM VISCONDE DO RIO BRANCO;18.137.927/0001-33;1301;SEINFRA;SECRETARIA DE ESTADO DE INFRAESTRUTURA, MOBILIDADE E PARCERIAS;42;AUXILIOS;1;AUXILIOS;15;RECURSOS ORDINARIOS - OUTROS RECURSOS NAO VINCULADOS;1500000,0;1500000,0;1500000,0
9400164;677;2023-11-16 00:00:00;PM RIO PARDO DE MINAS;24.212.862/0001-46;1301;SEINFRA;SECRETARIA DE ESTADO DE INFRAESTRUTURA, MOBILIDADE E PARCERIAS;42;AUXILIOS;1;AUXILIOS;15;RECURSOS ORDINARIOS - OUTROS RECURSOS NAO VINCULADOS;520000,0;520000,0;520000,0
9400166;690;2023-11-21 00:00:00;PM MENDES PIMENTEL;18.505.347/0001-51;1301;SEINFRA;SECRETARIA DE ESTADO DE INFRAESTRUTURA, MOBILIDADE E PARCERIAS;42;AUXILIOS;1;AUXILIOS;15;RECURSOS ORDINARIOS - OUTROS RECURSOS NAO VINCULADOS;150000,0;150000,0;150000,0
9400168;697;2023-11-20 00:00:00;INSTITUTO SOCIOCULTURAL MERAKI;27.562.425/0001-40;1271;SECULT;SECRETARIA DE ESTADO DE CULTURA E TURISMO;41;CONTRIBUICOES;1;CONTRIBUICOES;10;RECURSOS ORDINARIOS - RECURSOS NAO VINCULADOS DE IMPOSTOS;115000,0;115000,0;115000,0
9400169;691;2023-11-21 00:00:00;PM RIO CASCA;18.836.957/0001-38;1301;SEINFRA;SECRETARIA DE ESTADO DE INFRAESTRUTURA, MOBILIDADE E PARCERIAS;42;AUXILIOS;1;AUXILIOS;15;RECURSOS ORDINARIOS - OUTROS RECURSOS NAO VINCULADOS;1000000,0;1000000,0;1000000,0
9400361;3338;2023-12-12 00:00:00;COMPANHIA DE DESENVOLVIMENTO DE MINAS GERAIS - CODEMGE;29.768.219/0001-17;2261;FUNED;FUNDACAO EZEQUIEL DIAS;51;OBRAS E INSTALACOES;14;EXECUCAO DE OBRAS POR EMPRESAS CONTROLADAS;10;RECURSOS ORDINARIOS - RECURSOS NAO VINCULADOS DE IMPOSTOS;4000000,0;4000000,0;4000000,0
9400361;6268;2023-12-05 00:00:00;COMPANHIA DE DESENVOLVIMENTO DE MINAS GERAIS - CODEMGE;29.768.219/0001-17;2271;FHEMIG;FUNDACAO HOSPITALAR DO ESTADO DE MINAS GERAIS;51;OBRAS E INSTALACOES;14;EXECUCAO DE OBRAS POR EMPRESAS CONTROLADAS;10;RECURSOS ORDINARIOS - RECURSOS NAO VINCULADOS DE IMPOSTOS;16000000,0;16000000,0;16000000,0
9400369;684;2023-11-20 00:00:00;PM ABAETE;18.296.632/0001-00;1301;SEINFRA;SECRETARIA DE ESTADO DE INFRAESTRUTURA, MOBILIDADE E PARCERIAS;42;AUXILIOS;1;AUXILIOS;15;RECURSOS ORDINARIOS - OUTROS RECURSOS NAO VINCULADOS;300000,0;300000,0;300000,0
9400373;683;2023-11-20 00:00:00;PM AGUAS VERMELHAS;18.414.581/0001-73;1301;SEINFRA;SECRETARIA DE ESTADO DE INFRAESTRUTURA, MOBILIDADE E PARCERIAS;42;AUXILIOS;1;AUXILIOS;15;RECURSOS ORDINARIOS - OUTROS RECURSOS NAO VINCULADOS;400000,0;400000,0;400000,0
9400378;308;2023-12-05 00:00:00;PM POMPEU;18.296.681/0001-42;1221;SEDE;SECRETARIA DE ESTADO DE DESENVOLVIMENTO ECONOMICO;41;CONTRIBUICOES;1;CONTRIBUICOES;32;EXPLORACAO DE RECURSOS MINERAIS;1535190,0;1535190,0;0,0
9400378;345;2023-12-28 00:00:00;PM POMPEU;18.296.681/0001-42;1221;SEDE;SECRETARIA DE ESTADO DE DESENVOLVIMENTO ECONOMICO;41;CONTRIBUICOES;1;CONTRIBUICOES;32;EXPLORACAO DE RECURSOS MINERAIS;251810,0;0,0;0,0
9400387;411;2023-11-23 00:00:00;PM LONTRA;25.223.009/0001-92;1231;SEAPA;SECRETARIA DE ESTADO DE AGRICULTURA, PECUARIA E ABASTECIMENTO - SEAPA;41;CONTRIBUICOES;1;CONTRIBUICOES;15;RECURSOS ORDINARIOS - OUTROS RECURSOS NAO VINCULADOS;87723,86;87723,86;87723,86
9400388;409;2023-11-23 00:00:00;PM ALTO JEQUITIBA;18.392.506/0001-59;1231;SEAPA;SECRETARIA DE ESTADO DE AGRICULTURA, PECUARIA E ABASTECIMENTO - SEAPA;41;CONTRIBUICOES;1;CONTRIBUICOES;15;RECURSOS ORDINARIOS - OUTROS RECURSOS NAO VINCULADOS;549544,65;549544,65;549544,65
9400389;408;2023-11-23 00:00:00;PM SAO GOTARDO;18.602.037/0001-55;1231;SEAPA;SECRETARIA DE ESTADO DE AGRICULTURA, PECUARIA E ABASTECIMENTO - SEAPA;41;CONTRIBUICOES;1;CONTRIBUICOES;15;RECURSOS ORDINARIOS - OUTROS RECURSOS NAO VINCULADOS;300000,0;300000,0;300000,0
9400390;412;2023-11-23 00:00:00;ASS.DOS PRODUTORES RURAIS DA CABECEIRA DOS BORGES E REGIAO;28.965.983/0001-10;1231;SEAPA;SECRETARIA DE ESTADO DE AGRICULTURA, PECUARIA E ABASTECIMENTO - SEAPA;41;CONTRIBUICOES;1;CONTRIBUICOES;10;RECURSOS ORDINARIOS - RECURSOS NAO VINCULADOS DE IMPOSTOS;117492,0;117492,0;117492,0
9400391;410;2023-11-23 00:00:00;PM BICAS;17.722.935/0001-84;1231;SEAPA;SECRETARIA DE ESTADO DE AGRICULTURA, PECUARIA E ABASTECIMENTO - SEAPA;41;CONTRIBUICOES;1;CONTRIBUICOES;15;RECURSOS ORDINARIOS - OUTROS RECURSOS NAO VINCULADOS;330000,0;330000,0;330000,0
9400392;250;2023-11-20 00:00:00;PM GAMELEIRA;01.612.482/0001-01;1481;SEDESE;SECRETARIA DE ESTADO DE DESENVOLVIMENTO SOCIAL;42;AUXILIOS;1;AUXILIOS;15;RECURSOS ORDINARIOS - OUTROS RECURSOS NAO VINCULADOS;1000000,0;1000000,0;1000000,0
9400393;687;2023-11-21 00:00:00;PM LADAINHA;18.404.863/0001-90;1301;SEINFRA;SECRETARIA DE ESTADO DE INFRAESTRUTURA, MOBILIDADE E PARCERIAS;42;AUXILIOS;1;AUXILIOS;15;RECURSOS ORDINARIOS - OUTROS RECURSOS NAO VINCULADOS;800000,0;800000,0;800000,0
9400396;2491;2023-11-20 00:00:00;PM GOUVEA;17.754.144/0001-36;1491;SEGOV;SECRETARIA DE ESTADO DE GOVERNO;42;AUXILIOS;1;AUXILIOS;15;RECURSOS ORDINARIOS - OUTROS RECURSOS NAO VINCULADOS;1000000,0;500000,0;500000,0
9400398;5342;2023-12-05 00:00:00;ASSOCIACAO BENEFICENTE DR PAULO BORGES;20.734.323/0002-05;4291;FES;FUNDO ESTADUAL DE SAUDE;42;AUXILIOS;1;AUXILIOS;10;RECURSOS ORDINARIOS - RECURSOS NAO VINCULADOS DE IMPOSTOS;10579116,48;10579116,48;10579116,48
9400398;5344;2023-12-05 00:00:00;ASSOCIACAO BENEFICENTE DR PAULO BORGES;20.734.323/0002-05;4291;FES;FUNDO ESTADUAL DE SAUDE;41;CONTRIBUICOES;1;CONTRIBUICOES;10;RECURSOS ORDINARIOS - RECURSOS NAO VINCULADOS DE IMPOSTOS;318776,1;318776,1;318776,1
9400399;2488;2023-11-20 00:00:00;PM MUTUM;18.348.086/0001-03;1491;SEGOV;SECRETARIA DE ESTADO DE GOVERNO;42;AUXILIOS;1;AUXILIOS;15;RECURSOS ORDINARIOS - OUTROS RECURSOS NAO VINCULADOS;201152,08;201152,08;201152,08
9400400;2489;2023-11-20 00:00:00;PM VIRGINIA;25.970.260/0001-10;1491;SEGOV;SECRETARIA DE ESTADO DE GOVERNO;42;AUXILIOS;1;AUXILIOS;15;RECURSOS ORDINARIOS - OUTROS RECURSOS NAO VINCULADOS;300000,0;300000,0;300000,0
9400401;2490;2023-11-20 00:00:00;PM ITANHANDU;18.186.718/0001-80;1491;SEGOV;SECRETARIA DE ESTADO DE GOVERNO;42;AUXILIOS;1;AUXILIOS;15;RECURSOS ORDINARIOS - OUTROS RECURSOS NAO VINCULADOS;117492,0;117492,0;117492,0
9400402;2493;2023-11-20 00:00:00;PM ESPIRITO SANTO DO DOURADO;18.675.900/0001-02;1491;SEGOV;SECRETARIA DE ESTADO DE GOVERNO;42;AUXILIOS;1;AUXILIOS;15;RECURSOS ORDINARIOS - OUTROS RECURSOS NAO VINCULADOS;131620,0;131620,0;131620,0
9400403;2494;2023-11-20 00:00:00;PM CARMO DO CAJURU;18.291.377/0001-02;1491;SEGOV;SECRETARIA DE ESTADO DE GOVERNO;42;AUXILIOS;1;AUXILIOS;15;RECURSOS ORDINARIOS - OUTROS RECURSOS NAO VINCULADOS;116904,0;116904,0;116904,0
9400404;2495;2023-11-20 00:00:00;PM CAJURI;18.132.456/0001-70;1491;SEGOV;SECRETARIA DE ESTADO DE GOVERNO;42;AUXILIOS;1;AUXILIOS;15;RECURSOS ORDINARIOS - OUTROS RECURSOS NAO VINCULADOS;116317,08;116317,08;116317,08
9400405;2496;2023-11-20 00:00:00;PM CAJURI;18.132.456/0001-70;1491;SEGOV;SECRETARIA DE ESTADO DE GOVERNO;42;AUXILIOS;1;AUXILIOS;15;RECURSOS ORDINARIOS - OUTROS RECURSOS NAO VINCULADOS;87737,62;87737,62;87737,62
9400406;2497;2023-11-20 00:00:00;PM DORES DE GUANHAES;18.307.413/0001-89;1491;SEGOV;SECRETARIA DE ESTADO DE GOVERNO;42;AUXILIOS;1;AUXILIOS;15;RECURSOS ORDINARIOS - OUTROS RECURSOS NAO VINCULADOS;116903,0;116903,0;116903,0
9400407;2498;2023-11-20 00:00:00;PM NINHEIRA;01.612.495/0001-72;1491;SEGOV;SECRETARIA DE ESTADO DE GOVERNO;42;AUXILIOS;1;AUXILIOS;15;RECURSOS ORDINARIOS - OUTROS RECURSOS NAO VINCULADOS;701910,0;701910,0;701910,0
9400408;2499;2023-11-20 00:00:00;PM PRESIDENTE KUBITSCHEK;17.754.185/0001-22;1491;SEGOV;SECRETARIA DE ESTADO DE GOVERNO;42;AUXILIOS;1;AUXILIOS;15;RECURSOS ORDINARIOS - OUTROS RECURSOS NAO VINCULADOS;0,0;0,0;0,0
9400408;2589;2023-12-14 00:00:00;PM PRESIDENTE KUBITSCHEK;17.754.185/0001-22;1491;SEGOV;SECRETARIA DE ESTADO DE GOVERNO;42;AUXILIOS;1;AUXILIOS;15;RECURSOS ORDINARIOS - OUTROS RECURSOS NAO VINCULADOS;116317,08;116317,08;116317,08
9400409;2492;2023-11-20 00:00:00;PM ABADIA DOS DOURADOS;18.593.111/0001-14;1491;SEGOV;SECRETARIA DE ESTADO DE GOVERNO;42;AUXILIOS;1;AUXILIOS;15;RECURSOS ORDINARIOS - OUTROS RECURSOS NAO VINCULADOS;87733,86;87733,86;87733,86
9400412;686;2023-11-21 00:00:00;PM GOIABEIRA;01.615.421/0001-90;1301;SEINFRA;SECRETARIA DE ESTADO DE INFRAESTRUTURA, MOBILIDADE E PARCERIAS;42;AUXILIOS;1;AUXILIOS;15;RECURSOS ORDINARIOS - OUTROS RECURSOS NAO VINCULADOS;1000000,0;1000000,0;1000000,0
9400432;428;2023-12-12 00:00:00;FEDERACAO DE COOPERATIVAS DA AGRICULTURA FAMILIAR E ECONOMIA SOLIDARIA;30.549.459/0001-00;1231;SEAPA;SECRETARIA DE ESTADO DE AGRICULTURA, PECUARIA E ABASTECIMENTO - SEAPA;41;CONTRIBUICOES;1;CONTRIBUICOES;10;RECURSOS ORDINARIOS - RECURSOS NAO VINCULADOS DE IMPOSTOS;2699999,9;2699999,9;2699999,9
9400432;429;2023-12-12 00:00:00;FEDERACAO DE COOPERATIVAS DA AGRICULTURA FAMILIAR E ECONOMIA SOLIDARIA;30.549.459/0001-00;1231;SEAPA;SECRETARIA DE ESTADO DE AGRICULTURA, PECUARIA E ABASTECIMENTO - SEAPA;41;CONTRIBUICOES;1;CONTRIBUICOES;10;RECURSOS ORDINARIOS - RECURSOS NAO VINCULADOS DE IMPOSTOS;55000,0;55000,0;55000,0
9400471;701;2023-11-22 00:00:00;INSTITUTO RUMO CERTO;03.991.102/0001-04;1271;SECULT;SECRETARIA DE ESTADO DE CULTURA E TURISMO;41;CONTRIBUICOES;1;CONTRIBUICOES;10;RECURSOS ORDINARIOS - RECURSOS NAO VINCULADOS DE IMPOSTOS;400000,0;400000,0;400000,0
9400475;2500;2023-11-21 00:00:00;PM CORREGO NOVO;18.334.284/0001-18;1491;SEGOV;SECRETARIA DE ESTADO DE GOVERNO;42;AUXILIOS;1;AUXILIOS;15;RECURSOS ORDINARIOS - OUTROS RECURSOS NAO VINCULADOS;480000,0;480000,0;480000,0
9400476;2502;2023-11-21 00:00:00;PM MATHIAS LOBATO;18.332.619/0001-69;1491;SEGOV;SECRETARIA DE ESTADO DE GOVERNO;42;AUXILIOS;1;AUXILIOS;15;RECURSOS ORDINARIOS - OUTROS RECURSOS NAO VINCULADOS;130986,0;0,0;0,0
9400481;2503;2023-11-21 00:00:00;PM BOM SUCESSO;18.244.368/0001-60;1491;SEGOV;SECRETARIA DE ESTADO DE GOVERNO;42;AUXILIOS;1;AUXILIOS;15;RECURSOS ORDINARIOS - OUTROS RECURSOS NAO VINCULADOS;176361,48;176361,48;176361,48
9400482;2501;2023-11-21 00:00:00;PM DELFINOPOLIS;17.894.064/0001-86;1491;SEGOV;SECRETARIA DE ESTADO DE GOVERNO;42;AUXILIOS;1;AUXILIOS;15;RECURSOS ORDINARIOS - OUTROS RECURSOS NAO VINCULADOS;380000,0;380000,0;380000,0
9400483;2504;2023-11-21 00:00:00;PM SAO FELIX DE MINAS;01.613.121/0001-71;1491;SEGOV;SECRETARIA DE ESTADO DE GOVERNO;42;AUXILIOS;1;AUXILIOS;15;RECURSOS ORDINARIOS - OUTROS RECURSOS NAO VINCULADOS;87737,63;87737,63;87737,63
9400485;100;2023-11-21 00:00:00;ASSOCIACAO ESPORTIVA BAMBUIENSE;20.936.035/0001-44;1491;SEGOV;SECRETARIA DE ESTADO DE GOVERNO;42;AUXILIOS;1;AUXILIOS;10;RECURSOS ORDINARIOS - RECURSOS NAO VINCULADOS DE IMPOSTOS;27919,0;27919,0;27919,0
9400487;101;2023-11-21 00:00:00;ASSOC. MINEIRA DE EXCELENCIA NO ESPORTE - BH;15.399.863/0001-50;1491;SEGOV;SECRETARIA DE ESTADO DE GOVERNO;42;AUXILIOS;1;AUXILIOS;10;RECURSOS ORDINARIOS - RECURSOS NAO VINCULADOS DE IMPOSTOS;180000,0;180000,0;180000,0
9401395;695;2023-11-24 00:00:00;PM RIBEIRAO VERMELHO;18.244.087/0001-08;1301;SEINFRA;SECRETARIA DE ESTADO DE INFRAESTRUTURA, MOBILIDADE E PARCERIAS;42;AUXILIOS;1;AUXILIOS;15;RECURSOS ORDINARIOS - OUTROS RECURSOS NAO VINCULADOS;500000,0;500000,0;500000,0
9401401;693;2023-11-23 00:00:00;PM CAPUTIRA;18.385.138/0001-11;1301;SEINFRA;SECRETARIA DE ESTADO DE INFRAESTRUTURA, MOBILIDADE E PARCERIAS;42;AUXILIOS;1;AUXILIOS;15;RECURSOS ORDINARIOS - OUTROS RECURSOS NAO VINCULADOS;550000,0;550000,0;550000,0
9401402;694;2023-11-23 00:00:00;PM SAO JOSE DO DIVINO;18.404.988/0001-10;1301;SEINFRA;SECRETARIA DE ESTADO DE INFRAESTRUTURA, MOBILIDADE E PARCERIAS;42;AUXILIOS;1;AUXILIOS;15;RECURSOS ORDINARIOS - OUTROS RECURSOS NAO VINCULADOS;2454350,0;2454350,0;2454350,0
9401404;692;2023-11-23 00:00:00;PM NOVA MODICA;18.404.939/0001-87;1301;SEINFRA;SECRETARIA DE ESTADO DE INFRAESTRUTURA, MOBILIDADE E PARCERIAS;42;AUXILIOS;1;AUXILIOS;15;RECURSOS ORDINARIOS - OUTROS RECURSOS NAO VINCULADOS;600000,0;600000,0;600000,0
9401505;444;2023-12-22 00:00:00;PM PAIVA;17.747.965/0001-45;1231;SEAPA;SECRETARIA DE ESTADO DE AGRICULTURA, PECUARIA E ABASTECIMENTO - SEAPA;41;CONTRIBUICOES;1;CONTRIBUICOES;15;RECURSOS ORDINARIOS - OUTROS RECURSOS NAO VINCULADOS;330000,0;330000,0;0,0
9401506;445;2023-12-22 00:00:00;PM PERDIZES;18.140.772/0001-94;1231;SEAPA;SECRETARIA DE ESTADO DE AGRICULTURA, PECUARIA E ABASTECIMENTO - SEAPA;41;CONTRIBUICOES;1;CONTRIBUICOES;15;RECURSOS ORDINARIOS - OUTROS RECURSOS NAO VINCULADOS;300000,0;300000,0;0,0
9401507;467;2023-12-27 00:00:00;PM RIO VERMELHO;18.303.255/0001-99;1231;SEAPA;SECRETARIA DE ESTADO DE AGRICULTURA, PECUARIA E ABASTECIMENTO - SEAPA;41;CONTRIBUICOES;1;CONTRIBUICOES;10;RECURSOS ORDINARIOS - RECURSOS NAO VINCULADOS DE IMPOSTOS;550000,0;550000,0;0,0
9401645;105;2023-11-24 00:00:00;SOCIEDADE SANTO ANTONO DE PADUA;20.740.114/0001-85;1491;SEGOV;SECRETARIA DE ESTADO DE GOVERNO;42;AUXILIOS;1;AUXILIOS;10;RECURSOS ORDINARIOS - RECURSOS NAO VINCULADOS DE IMPOSTOS;99872,56;99872,56;99872,56
9401646;102;2023-11-24 00:00:00;ASSOCIACAO DOS PEQUENOS PRODUTORES RURAIS DA COMUNIDADE DO GORGULHO;17.439.637/0001-81;1491;SEGOV;SECRETARIA DE ESTADO DE GOVERNO;42;AUXILIOS;1;AUXILIOS;10;RECURSOS ORDINARIOS - RECURSOS NAO VINCULADOS DE IMPOSTOS;88623,86;88623,86;88623,86
9401647;106;2023-11-24 00:00:00;ASSOCIACAO COMUNITARIA DO BAIRRO SANTA CRUZ;07.662.789/0001-95;1491;SEGOV;SECRETARIA DE ESTADO DE GOVERNO;42;AUXILIOS;1;AUXILIOS;10;RECURSOS ORDINARIOS - RECURSOS NAO VINCULADOS DE IMPOSTOS;88623,86;88623,86;88623,86
9401648;108;2023-11-24 00:00:00;CLUBE DO MENOR;19.089.580/0001-63;1491;SEGOV;SECRETARIA DE ESTADO DE GOVERNO;42;AUXILIOS;1;AUXILIOS;10;RECURSOS ORDINARIOS - RECURSOS NAO VINCULADOS DE IMPOSTOS;88623,86;88623,86;88623,86
9401651;110;2023-11-24 00:00:00;ASSOC.COMUNITARIA PARA DESENV.DA VILA BUENO/CONSELHEIRO PENA;01.214.786/0001-02;1491;SEGOV;SECRETARIA DE ESTADO DE GOVERNO;42;AUXILIOS;1;AUXILIOS;10;RECURSOS ORDINARIOS - RECURSOS NAO VINCULADOS DE IMPOSTOS;117492,0;117492,0;117492,0
9401652;109;2023-11-24 00:00:00;FUNDACAO CARLOS S.DA ROCHA DE PROT.DO MEIO AMB.E DES.SUSTENT;14.512.627/0001-36;1491;SEGOV;SECRETARIA DE ESTADO DE GOVERNO;42;AUXILIOS;1;AUXILIOS;10;RECURSOS ORDINARIOS - RECURSOS NAO VINCULADOS DE IMPOSTOS;90000,0;90000,0;90000,0
9401654;2507;2023-11-24 00:00:00;PM IPUIUNA;18.179.226/0001-67;1491;SEGOV;SECRETARIA DE ESTADO DE GOVERNO;42;AUXILIOS;1;AUXILIOS;15;RECURSOS ORDINARIOS - OUTROS RECURSOS NAO VINCULADOS;130986,9;130986,9;130986,9
9401655;2506;2023-11-24 00:00:00;PM CAMBUI;18.675.975/0001-85;1491;SEGOV;SECRETARIA DE ESTADO DE GOVERNO;42;AUXILIOS;1;AUXILIOS;15;RECURSOS ORDINARIOS - OUTROS RECURSOS NAO VINCULADOS;88179,86;0,0;0,0
9401657;104;2023-11-24 00:00:00;ASSOCIACAO ESCOLA FAMILIA AGRICOLA DE NATALANDIA;07.395.381/0001-02;1491;SEGOV;SECRETARIA DE ESTADO DE GOVERNO;42;AUXILIOS;1;AUXILIOS;10;RECURSOS ORDINARIOS - RECURSOS NAO VINCULADOS DE IMPOSTOS;100000,0;100000,0;100000,0
9401658;107;2023-11-24 00:00:00;ASSOCIACAO DAS OBRAS PAVONIANAS DE ASSISTENCIA;62.382.395/0011-63;1491;SEGOV;SECRETARIA DE ESTADO DE GOVERNO;42;AUXILIOS;1;AUXILIOS;10;RECURSOS ORDINARIOS - RECURSOS NAO VINCULADOS DE IMPOSTOS;90000,0;90000,0;90000,0
9401659;103;2023-11-24 00:00:00;CONFERENCIA DE SAO VICENTE DE PAULO;20.214.326/0001-29;1491;SEGOV;SECRETARIA DE ESTADO DE GOVERNO;42;AUXILIOS;1;AUXILIOS;10;RECURSOS ORDINARIOS - RECURSOS NAO VINCULADOS DE IMPOSTOS;150000,0;150000,0;150000,0
9401706;463;2023-12-27 00:00:00;PM ANDRADAS;17.884.412/0001-34;1231;SEAPA;SECRETARIA DE ESTADO DE AGRICULTURA, PECUARIA E ABASTECIMENTO - SEAPA;41;CONTRIBUICOES;1;CONTRIBUICOES;10;RECURSOS ORDINARIOS - RECURSOS NAO VINCULADOS DE IMPOSTOS;330000,0;330000,0;330000,0
9401707;438;2023-12-19 00:00:00;ASSOCIACAO DE DESENV COMUNITARIO DE ALVINOPOLIS;09.530.243/0001-06;1231;SEAPA;SECRETARIA DE ESTADO DE AGRICULTURA, PECUARIA E ABASTECIMENTO - SEAPA;41;CONTRIBUICOES;1;CONTRIBUICOES;10;RECURSOS ORDINARIOS - RECURSOS NAO VINCULADOS DE IMPOSTOS;170000,0;170000,0;170000,0
9401708;468;2023-12-27 00:00:00;PM CORINTO;17.695.016/0001-69;1231;SEAPA;SECRETARIA DE ESTADO DE AGRICULTURA, PECUARIA E ABASTECIMENTO - SEAPA;41;CONTRIBUICOES;1;CONTRIBUICOES;10;RECURSOS ORDINARIOS - RECURSOS NAO VINCULADOS DE IMPOSTOS;460000,0;460000,0;0,0
9401710;707;2023-11-28 00:00:00;FUNDACAO EDUCATIVA E CULTURAL SAO JUDAS TADEU;04.443.094/0001-24;1271;SECULT;SECRETARIA DE ESTADO DE CULTURA E TURISMO;42;AUXILIOS;1;AUXILIOS;10;RECURSOS ORDINARIOS - RECURSOS NAO VINCULADOS DE IMPOSTOS;140000,0;140000,0;140000,0
9401711;706;2023-11-28 00:00:00;ASSOCIACAO CAMPO DAS VERTENTES;09.593.822/0001-06;1271;SECULT;SECRETARIA DE ESTADO DE CULTURA E TURISMO;41;CONTRIBUICOES;1;CONTRIBUICOES;10;RECURSOS ORDINARIOS - RECURSOS NAO VINCULADOS DE IMPOSTOS;280000,0;280000,0;280000,0
9401816;700;2023-11-28 00:00:00;PM ATALEIA;16.971.376/0001-83;1301;SEINFRA;SECRETARIA DE ESTADO DE INFRAESTRUTURA, MOBILIDADE E PARCERIAS;42;AUXILIOS;1;AUXILIOS;15;RECURSOS ORDINARIOS - OUTROS RECURSOS NAO VINCULADOS;450000,0;450000,0;450000,0
9401883;705;2023-12-01 00:00:00;PM ILICINEA;18.239.608/0001-39;1301;SEINFRA;SECRETARIA DE ESTADO DE INFRAESTRUTURA, MOBILIDADE E PARCERIAS;42;AUXILIOS;1;AUXILIOS;15;RECURSOS ORDINARIOS - OUTROS RECURSOS NAO VINCULADOS;400000,0;400000,0;400000,0
9401891;2508;2023-11-28 00:00:00;PM SAO BENTO ABADE;17.877.176/0001-29;1491;SEGOV;SECRETARIA DE ESTADO DE GOVERNO;42;AUXILIOS;1;AUXILIOS;15;RECURSOS ORDINARIOS - OUTROS RECURSOS NAO VINCULADOS;500000,0;500000,0;500000,0
9401893;2509;2023-11-28 00:00:00;PM VISCONDE DO RIO BRANCO;18.137.927/0001-33;1491;SEGOV;SECRETARIA DE ESTADO DE GOVERNO;42;AUXILIOS;1;AUXILIOS;15;RECURSOS ORDINARIOS - OUTROS RECURSOS NAO VINCULADOS;87733,86;87733,86;87733,86
9401897;2510;2023-11-28 00:00:00;PM PIRANGUCU;18.025.981/0001-97;1491;SEGOV;SECRETARIA DE ESTADO DE GOVERNO;42;AUXILIOS;1;AUXILIOS;15;RECURSOS ORDINARIOS - OUTROS RECURSOS NAO VINCULADOS;300000,0;300000,0;300000,0
9401898;2511;2023-11-28 00:00:00;PM IGARATINGA;18.313.825/0001-21;1491;SEGOV;SECRETARIA DE ESTADO DE GOVERNO;42;AUXILIOS;1;AUXILIOS;15;RECURSOS ORDINARIOS - OUTROS RECURSOS NAO VINCULADOS;88623,86;88623,86;88623,86
9401900;2512;2023-11-28 00:00:00;PM DATAS;17.754.193/0001-79;1491;SEGOV;SECRETARIA DE ESTADO DE GOVERNO;42;AUXILIOS;1;AUXILIOS;15;RECURSOS ORDINARIOS - OUTROS RECURSOS NAO VINCULADOS;116317,08;116317,08;116317,08
9402005;111;2023-11-29 00:00:00;CONSELHO ASSISTENCIAL DE BAIRROS DE BOCAIUVA - CABB;13.584.472/0001-80;1491;SEGOV;SECRETARIA DE ESTADO DE GOVERNO;42;AUXILIOS;1;AUXILIOS;10;RECURSOS ORDINARIOS - RECURSOS NAO VINCULADOS DE IMPOSTOS;88623,86;88623,86;88623,86
9402006;2514;2023-11-29 00:00:00;PM ABADIA DOS DOURADOS;18.593.111/0001-14;1491;SEGOV;SECRETARIA DE ESTADO DE GOVERNO;42;AUXILIOS;1;AUXILIOS;15;RECURSOS ORDINARIOS - OUTROS RECURSOS NAO VINCULADOS;350000,0;350000,0;350000,0
9402007;2515;2023-11-29 00:00:00;PM MIRABELA;18.017.376/0001-74;1491;SEGOV;SECRETARIA DE ESTADO DE GOVERNO;42;AUXILIOS;1;AUXILIOS;15;RECURSOS ORDINARIOS - OUTROS RECURSOS NAO VINCULADOS;580157,83;580157,83;580157,83
9402008;2516;2023-11-29 00:00:00;PM PEQUERI;17.724.360/0001-39;1491;SEGOV;SECRETARIA DE ESTADO DE GOVERNO;42;AUXILIOS;1;AUXILIOS;15;RECURSOS ORDINARIOS - OUTROS RECURSOS NAO VINCULADOS;116904,0;116904,0;116904,0
9402010;2517;2023-11-29 00:00:00;PM CORREGO DO BOM JESUS;18.677.633/0001-02;1491;SEGOV;SECRETARIA DE ESTADO DE GOVERNO;42;AUXILIOS;1;AUXILIOS;15;RECURSOS ORDINARIOS - OUTROS RECURSOS NAO VINCULADOS;300000,0;300000,0;300000,0
9402011;2519;2023-11-29 00:00:00;PM PRATINHA;18.585.570/0001-56;1491;SEGOV;SECRETARIA DE ESTADO DE GOVERNO;42;AUXILIOS;1;AUXILIOS;15;RECURSOS ORDINARIOS - OUTROS RECURSOS NAO VINCULADOS;0,0;0,0;0,0
9402011;2590;2023-12-14 00:00:00;PM PRATINHA;18.585.570/0001-56;1491;SEGOV;SECRETARIA DE ESTADO DE GOVERNO;42;AUXILIOS;1;AUXILIOS;15;RECURSOS ORDINARIOS - OUTROS RECURSOS NAO VINCULADOS;130986,9;130986,9;130986,9
9402012;2034;2023-12-22 00:00:00;PM PERDOES;18.244.343/0001-67;1261;SEE;SECRETARIA DE ESTADO DE EDUCACAO;42;AUXILIOS;1;AUXILIOS;10;RECURSOS ORDINARIOS - RECURSOS NAO VINCULADOS DE IMPOSTOS;504071,19;504071,19;0,0
9402013;2524;2023-11-29 00:00:00;PM RIACHO DOS MACHADOS;16.925.208/0001-51;1491;SEGOV;SECRETARIA DE ESTADO DE GOVERNO;42;AUXILIOS;1;AUXILIOS;15;RECURSOS ORDINARIOS - OUTROS RECURSOS NAO VINCULADOS;218724,53;218724,53;218724,53
9402014;2520;2023-11-29 00:00:00;PM BIAS FORTES;18.094.771/0001-50;1491;SEGOV;SECRETARIA DE ESTADO DE GOVERNO;42;AUXILIOS;1;AUXILIOS;15;RECURSOS ORDINARIOS - OUTROS RECURSOS NAO VINCULADOS;706000,0;706000,0;706000,0
9402015;2521;2023-11-29 00:00:00;PM ITAPAGIPE;21.226.840/0001-47;1491;SEGOV;SECRETARIA DE ESTADO DE GOVERNO;42;AUXILIOS;1;AUXILIOS;15;RECURSOS ORDINARIOS - OUTROS RECURSOS NAO VINCULADOS;124489,2;124489,2;124489,2
9402017;2525;2023-11-29 00:00:00;PM JEQUITINHONHA;18.083.659/0001-14;1491;SEGOV;SECRETARIA DE ESTADO DE GOVERNO;42;AUXILIOS;1;AUXILIOS;15;RECURSOS ORDINARIOS - OUTROS RECURSOS NAO VINCULADOS;500000,0;500000,0;500000,0
9402018;2513;2023-11-29 00:00:00;PM SIMAO PEREIRA;18.338.293/0001-87;1491;SEGOV;SECRETARIA DE ESTADO DE GOVERNO;42;AUXILIOS;1;AUXILIOS;15;RECURSOS ORDINARIOS - OUTROS RECURSOS NAO VINCULADOS;177520,86;177520,86;177520,86
9402020;2518;2023-11-29 00:00:00;PM GOIABEIRA;01.615.421/0001-90;1491;SEGOV;SECRETARIA DE ESTADO DE GOVERNO;42;AUXILIOS;1;AUXILIOS;15;RECURSOS ORDINARIOS - OUTROS RECURSOS NAO VINCULADOS;706000,0;706000,0;706000,0
9402021;2523;2023-11-29 00:00:00;PM CORINTO;17.695.016/0001-69;1491;SEGOV;SECRETARIA DE ESTADO DE GOVERNO;42;AUXILIOS;1;AUXILIOS;15;RECURSOS ORDINARIOS - OUTROS RECURSOS NAO VINCULADOS;338206,4;338206,4;338206,4
9402022;2522;2023-11-29 00:00:00;PM GONCALVES;18.025.932/0001-54;1491;SEGOV;SECRETARIA DE ESTADO DE GOVERNO;42;AUXILIOS;1;AUXILIOS;15;RECURSOS ORDINARIOS - OUTROS RECURSOS NAO VINCULADOS;300000,0;300000,0;300000,0
9402023;2526;2023-11-29 00:00:00;PM SENHORA DO PORTO;18.307.504/0001-14;1491;SEGOV;SECRETARIA DE ESTADO DE GOVERNO;42;AUXILIOS;1;AUXILIOS;15;RECURSOS ORDINARIOS - OUTROS RECURSOS NAO VINCULADOS;175000,0;175000,0;175000,0
9402026;2527;2023-11-29 00:00:00;PM SAO FRANCISCO DO GLORIA;18.114.231/0001-91;1491;SEGOV;SECRETARIA DE ESTADO DE GOVERNO;42;AUXILIOS;1;AUXILIOS;15;RECURSOS ORDINARIOS - OUTROS RECURSOS NAO VINCULADOS;87737,61;87737,61;87737,61
9402027;2528;2023-11-29 00:00:00;PM ALBERTINA;17.912.015/0001-29;1491;SEGOV;SECRETARIA DE ESTADO DE GOVERNO;42;AUXILIOS;1;AUXILIOS;15;RECURSOS ORDINARIOS - OUTROS RECURSOS NAO VINCULADOS;87737,6;87737,6;87737,6
9402029;2530;2023-11-29 00:00:00;PM LEME DO PRADO;01.587.109/0001-30;1491;SEGOV;SECRETARIA DE ESTADO DE GOVERNO;42;AUXILIOS;1;AUXILIOS;15;RECURSOS ORDINARIOS - OUTROS RECURSOS NAO VINCULADOS;130000,0;130000,0;130000,0
9402030;2531;2023-11-29 00:00:00;PM CONGONHAL;18.675.967/0001-39;1491;SEGOV;SECRETARIA DE ESTADO DE GOVERNO;42;AUXILIOS;1;AUXILIOS;15;RECURSOS ORDINARIOS - OUTROS RECURSOS NAO VINCULADOS;87737,59;87737,59;87737,59
9402033;2532;2023-11-29 00:00:00;PM FREI GASPAR;18.404.913/0001-39;1491;SEGOV;SECRETARIA DE ESTADO DE GOVERNO;42;AUXILIOS;1;AUXILIOS;15;RECURSOS ORDINARIOS - OUTROS RECURSOS NAO VINCULADOS;87737,62;87737,62;87737,62
9402034;2533;2023-11-29 00:00:00;PM NOVA MODICA;18.404.939/0001-87;1491;SEGOV;SECRETARIA DE ESTADO DE GOVERNO;42;AUXILIOS;1;AUXILIOS;15;RECURSOS ORDINARIOS - OUTROS RECURSOS NAO VINCULADOS;234984,0;234984,0;234984,0
9402036;2535;2023-11-29 00:00:00;PM ARACUAI;17.963.083/0001-17;1491;SEGOV;SECRETARIA DE ESTADO DE GOVERNO;42;AUXILIOS;1;AUXILIOS;15;RECURSOS ORDINARIOS - OUTROS RECURSOS NAO VINCULADOS;338206,47;338206,47;338206,47
9402038;2534;2023-11-29 00:00:00;PM DONA EUZEBIA;17.706.656/0001-27;1491;SEGOV;SECRETARIA DE ESTADO DE GOVERNO;42;AUXILIOS;1;AUXILIOS;15;RECURSOS ORDINARIOS - OUTROS RECURSOS NAO VINCULADOS;131648,45;131648,45;131648,45
9402041;2536;2023-11-29 00:00:00;PM CARANDAI;18.094.797/0001-07;1491;SEGOV;SECRETARIA DE ESTADO DE GOVERNO;42;AUXILIOS;1;AUXILIOS;15;RECURSOS ORDINARIOS - OUTROS RECURSOS NAO VINCULADOS;116904,53;116904,53;116904,53
9402042;2537;2023-11-29 00:00:00;PM QUELUZITO;19.718.410/0001-09;1491;SEGOV;SECRETARIA DE ESTADO DE GOVERNO;42;AUXILIOS;1;AUXILIOS;15;RECURSOS ORDINARIOS - OUTROS RECURSOS NAO VINCULADOS;117492,0;117492,0;117492,0
9402043;2529;2023-11-29 00:00:00;PM CONCEICAO DE IPANEMA;18.334.300/0001-72;1491;SEGOV;SECRETARIA DE ESTADO DE GOVERNO;42;AUXILIOS;1;AUXILIOS;15;RECURSOS ORDINARIOS - OUTROS RECURSOS NAO VINCULADOS;87737,62;87737,62;87737,62
9402046;2538;2023-11-29 00:00:00;PM CHACARA;18.338.137/0001-16;1491;SEGOV;SECRETARIA DE ESTADO DE GOVERNO;42;AUXILIOS;1;AUXILIOS;15;RECURSOS ORDINARIOS - OUTROS RECURSOS NAO VINCULADOS;700000,0;350000,0;350000,0
9402047;2541;2023-11-29 00:00:00;PM ROMARIA;18.160.044/0001-44;1491;SEGOV;SECRETARIA DE ESTADO DE GOVERNO;42;AUXILIOS;1;AUXILIOS;15;RECURSOS ORDINARIOS - OUTROS RECURSOS NAO VINCULADOS;87736,76;87736,76;87736,76
9402048;2542;2023-11-29 00:00:00;PM RIO PARDO DE MINAS;24.212.862/0001-46;1491;SEGOV;SECRETARIA DE ESTADO DE GOVERNO;42;AUXILIOS;1;AUXILIOS;15;RECURSOS ORDINARIOS - OUTROS RECURSOS NAO VINCULADOS;88180,36;88180,36;88180,36
9402050;2543;2023-11-29 00:00:00;PM NOVA SERRANA;18.291.385/0001-59;1491;SEGOV;SECRETARIA DE ESTADO DE GOVERNO;42;AUXILIOS;1;AUXILIOS;15;RECURSOS ORDINARIOS - OUTROS RECURSOS NAO VINCULADOS;88179,5;88179,5;88179,5
9402051;2539;2023-11-29 00:00:00;PM CACHOEIRA DE MINAS;18.675.959/0001-92;1491;SEGOV;SECRETARIA DE ESTADO DE GOVERNO;42;AUXILIOS;1;AUXILIOS;15;RECURSOS ORDINARIOS - OUTROS RECURSOS NAO VINCULADOS;88180,73;88180,73;88180,73
9402052;2540;2023-11-29 00:00:00;PM DIOGO DE VASCONCELOS;18.295.311/0001-90;1491;SEGOV;SECRETARIA DE ESTADO DE GOVERNO;42;AUXILIOS;1;AUXILIOS;15;RECURSOS ORDINARIOS - OUTROS RECURSOS NAO VINCULADOS;116317,0;116317,0;116317,0
9402055;2544;2023-11-29 00:00:00;PM SAO TOME DAS LETRAS;18.008.920/0001-11;1491;SEGOV;SECRETARIA DE ESTADO DE GOVERNO;42;AUXILIOS;1;AUXILIOS;15;RECURSOS ORDINARIOS - OUTROS RECURSOS NAO VINCULADOS;87623,86;87623,86;87623,86
9402056;2546;2023-11-29 00:00:00;PM EWBANK DA CAMARA;17.747.932/0001-03;1491;SEGOV;SECRETARIA DE ESTADO DE GOVERNO;42;AUXILIOS;1;AUXILIOS;15;RECURSOS ORDINARIOS - OUTROS RECURSOS NAO VINCULADOS;200000,0;0,0;0,0
9402057;2545;2023-11-29 00:00:00;PM CONQUISTA;18.428.888/0001-23;1491;SEGOV;SECRETARIA DE ESTADO DE GOVERNO;42;AUXILIOS;1;AUXILIOS;15;RECURSOS ORDINARIOS - OUTROS RECURSOS NAO VINCULADOS;84192,67;84192,67;84192,67
9402061;470;2023-12-27 00:00:00;PM AIMORES;18.348.094/0001-50;1231;SEAPA;SECRETARIA DE ESTADO DE AGRICULTURA, PECUARIA E ABASTECIMENTO - SEAPA;41;CONTRIBUICOES;1;CONTRIBUICOES;10;RECURSOS ORDINARIOS - RECURSOS NAO VINCULADOS DE IMPOSTOS;550000,0;550000,0;0,0
9402074;704;2023-12-01 00:00:00;PM DIVINO;18.114.272/0001-88;1301;SEINFRA;SECRETARIA DE ESTADO DE INFRAESTRUTURA, MOBILIDADE E PARCERIAS;42;AUXILIOS;1;AUXILIOS;15;RECURSOS ORDINARIOS - OUTROS RECURSOS NAO VINCULADOS;800000,0;800000,0;800000,0
9402079;726;2023-12-04 00:00:00;PM INHAPIM;20.905.865/0001-04;1301;SEINFRA;SECRETARIA DE ESTADO DE INFRAESTRUTURA, MOBILIDADE E PARCERIAS;42;AUXILIOS;1;AUXILIOS;15;RECURSOS ORDINARIOS - OUTROS RECURSOS NAO VINCULADOS;1000000,0;1000000,0;1000000,0
9402080;717;2023-12-04 00:00:00;PM RIO ESPERA;24.179.665/0001-72;1301;SEINFRA;SECRETARIA DE ESTADO DE INFRAESTRUTURA, MOBILIDADE E PARCERIAS;42;AUXILIOS;1;AUXILIOS;15;RECURSOS ORDINARIOS - OUTROS RECURSOS NAO VINCULADOS;300000,0;300000,0;300000,0
9402081;716;2023-12-04 00:00:00;PM SANTANA DO MANHUACU;18.385.146/0001-68;1301;SEINFRA;SECRETARIA DE ESTADO DE INFRAESTRUTURA, MOBILIDADE E PARCERIAS;42;AUXILIOS;1;AUXILIOS;15;RECURSOS ORDINARIOS - OUTROS RECURSOS NAO VINCULADOS;1500000,0;1500000,0;1500000,0
9402082;706;2023-12-01 00:00:00;PM MARIA DA FE;18.025.957/0001-58;1301;SEINFRA;SECRETARIA DE ESTADO DE INFRAESTRUTURA, MOBILIDADE E PARCERIAS;42;AUXILIOS;1;AUXILIOS;15;RECURSOS ORDINARIOS - OUTROS RECURSOS NAO VINCULADOS;1000000,0;1000000,0;1000000,0
9402092;2547;2023-11-30 00:00:00;PM MALACACHETA;18.404.871/0001-36;1491;SEGOV;SECRETARIA DE ESTADO DE GOVERNO;42;AUXILIOS;1;AUXILIOS;15;RECURSOS ORDINARIOS - OUTROS RECURSOS NAO VINCULADOS;100000,0;100000,0;100000,0
9402099;708;2023-12-01 00:00:00;PM CANAA;18.132.712/0001-20;1301;SEINFRA;SECRETARIA DE ESTADO DE INFRAESTRUTURA, MOBILIDADE E PARCERIAS;42;AUXILIOS;1;AUXILIOS;15;RECURSOS ORDINARIOS - OUTROS RECURSOS NAO VINCULADOS;300000,0;300000,0;300000,0
9402100;707;2023-12-01 00:00:00;PM NANUQUE;18.398.974/0001-30;1301;SEINFRA;SECRETARIA DE ESTADO DE INFRAESTRUTURA, MOBILIDADE E PARCERIAS;42;AUXILIOS;1;AUXILIOS;15;RECURSOS ORDINARIOS - OUTROS RECURSOS NAO VINCULADOS;600000,0;600000,0;600000,0
9402110;66;2023-12-14 00:00:00;APAC DE ALMENARA;27.969.868/0001-50;1451;SEJUSP;SECRETARIA DE ESTADO DE JUSTICA E SEGURANCA PUBLICA;42;AUXILIOS;1;AUXILIOS;15;RECURSOS ORDINARIOS - OUTROS RECURSOS NAO VINCULADOS;88623,86;88623,86;88623,86
9402332;725;2023-12-04 00:00:00;PM BERILO;17.700.758/0001-35;1301;SEINFRA;SECRETARIA DE ESTADO DE INFRAESTRUTURA, MOBILIDADE E PARCERIAS;42;AUXILIOS;1;AUXILIOS;15;RECURSOS ORDINARIOS - OUTROS RECURSOS NAO VINCULADOS;300000,0;300000,0;300000,0
9402333;718;2023-12-04 00:00:00;PM PORTO FIRME;18.567.354/0001-88;1301;SEINFRA;SECRETARIA DE ESTADO DE INFRAESTRUTURA, MOBILIDADE E PARCERIAS;42;AUXILIOS;1;AUXILIOS;15;RECURSOS ORDINARIOS - OUTROS RECURSOS NAO VINCULADOS;300000,0;300000,0;300000,0
9402334;719;2023-12-04 00:00:00;PM BUGRE;01.613.126/0001-02;1301;SEINFRA;SECRETARIA DE ESTADO DE INFRAESTRUTURA, MOBILIDADE E PARCERIAS;42;AUXILIOS;1;AUXILIOS;15;RECURSOS ORDINARIOS - OUTROS RECURSOS NAO VINCULADOS;1500000,0;1500000,0;1500000,0
9402335;729;2023-12-05 00:00:00;PM LUISBURGO;01.615.423/0001-89;1301;SEINFRA;SECRETARIA DE ESTADO DE INFRAESTRUTURA, MOBILIDADE E PARCERIAS;42;AUXILIOS;1;AUXILIOS;15;RECURSOS ORDINARIOS - OUTROS RECURSOS NAO VINCULADOS;400000,0;400000,0;400000,0
9402336;715;2023-12-04 00:00:00;PM IPUIUNA;18.179.226/0001-67;1301;SEINFRA;SECRETARIA DE ESTADO DE INFRAESTRUTURA, MOBILIDADE E PARCERIAS;42;AUXILIOS;1;AUXILIOS;15;RECURSOS ORDINARIOS - OUTROS RECURSOS NAO VINCULADOS;560000,0;560000,0;560000,0
9402337;720;2023-12-04 00:00:00;PM FRANCISCO DUMONT;16.885.485/0001-88;1301;SEINFRA;SECRETARIA DE ESTADO DE INFRAESTRUTURA, MOBILIDADE E PARCERIAS;42;AUXILIOS;1;AUXILIOS;15;RECURSOS ORDINARIOS - OUTROS RECURSOS NAO VINCULADOS;600000,0;600000,0;600000,0
9402339;721;2023-12-04 00:00:00;PM TEOFILO OTONI;18.404.780/0001-09;1301;SEINFRA;SECRETARIA DE ESTADO DE INFRAESTRUTURA, MOBILIDADE E PARCERIAS;42;AUXILIOS;1;AUXILIOS;15;RECURSOS ORDINARIOS - OUTROS RECURSOS NAO VINCULADOS;302800,0;302800,0;302800,0
9402340;722;2023-12-04 00:00:00;PM NACIP RAYDAN;18.507.079/0001-07;1301;SEINFRA;SECRETARIA DE ESTADO DE INFRAESTRUTURA, MOBILIDADE E PARCERIAS;42;AUXILIOS;1;AUXILIOS;15;RECURSOS ORDINARIOS - OUTROS RECURSOS NAO VINCULADOS;1000000,0;1000000,0;1000000,0
9402341;112;2023-12-01 00:00:00;ASSOCIACAO DA ESCOLINHA DE FUTEBOL DO MUNIC.FRANCISCO SA;08.646.303/0001-98;1491;SEGOV;SECRETARIA DE ESTADO DE GOVERNO;42;AUXILIOS;1;AUXILIOS;10;RECURSOS ORDINARIOS - RECURSOS NAO VINCULADOS DE IMPOSTOS;88623,86;88623,86;88623,86
9402342;723;2023-12-04 00:00:00;PM SANTANA DA VARGEM;18.245.183/0001-70;1301;SEINFRA;SECRETARIA DE ESTADO DE INFRAESTRUTURA, MOBILIDADE E PARCERIAS;42;AUXILIOS;1;AUXILIOS;15;RECURSOS ORDINARIOS - OUTROS RECURSOS NAO VINCULADOS;300000,0;300000,0;300000,0
9402343;2556;2023-12-01 00:00:00;PM SENADOR JOSE BENTO;18.675.926/0001-42;1491;SEGOV;SECRETARIA DE ESTADO DE GOVERNO;42;AUXILIOS;1;AUXILIOS;15;RECURSOS ORDINARIOS - OUTROS RECURSOS NAO VINCULADOS;130986,9;130986,9;130986,9
9402344;724;2023-12-04 00:00:00;PM GUARACIAMA;01.612.549/0001-08;1301;SEINFRA;SECRETARIA DE ESTADO DE INFRAESTRUTURA, MOBILIDADE E PARCERIAS;42;AUXILIOS;1;AUXILIOS;15;RECURSOS ORDINARIOS - OUTROS RECURSOS NAO VINCULADOS;350000,0;350000,0;350000,0
9402346;2548;2023-12-01 00:00:00;PM JANAUBA;18.017.392/0001-67;1491;SEGOV;SECRETARIA DE ESTADO DE GOVERNO;42;AUXILIOS;1;AUXILIOS;15;RECURSOS ORDINARIOS - OUTROS RECURSOS NAO VINCULADOS;88180,74;88180,74;88180,74
9402347;2549;2023-12-01 00:00:00;PM URUCUIA;25.223.850/0001-80;1491;SEGOV;SECRETARIA DE ESTADO DE GOVERNO;42;AUXILIOS;1;AUXILIOS;15;RECURSOS ORDINARIOS - OUTROS RECURSOS NAO VINCULADOS;87737,43;87737,43;87737,43
9402348;2550;2023-12-01 00:00:00;PM ARINOS;18.125.120/0001-80;1491;SEGOV;SECRETARIA DE ESTADO DE GOVERNO;42;AUXILIOS;1;AUXILIOS;15;RECURSOS ORDINARIOS - OUTROS RECURSOS NAO VINCULADOS;185458,39;185458,39;185458,39
9402350;2551;2023-12-01 00:00:00;PM URUCANIA;18.316.281/0001-51;1491;SEGOV;SECRETARIA DE ESTADO DE GOVERNO;42;AUXILIOS;1;AUXILIOS;15;RECURSOS ORDINARIOS - OUTROS RECURSOS NAO VINCULADOS;261973,8;261973,8;261973,8
9402352;2557;2023-12-01 00:00:00;PM DOURADOQUARA;18.158.261/0001-08;1491;SEGOV;SECRETARIA DE ESTADO DE GOVERNO;42;AUXILIOS;1;AUXILIOS;15;RECURSOS ORDINARIOS - OUTROS RECURSOS NAO VINCULADOS;116317,0;116317,0;116317,0
9402354;1;2023-12-12 00:00:00;PM CARMESIA;18.303.172/0001-08;1261;SEE;SECRETARIA DE ESTADO DE EDUCACAO;41;CONTRIBUICOES;1;CONTRIBUICOES;10;RECURSOS ORDINARIOS - RECURSOS NAO VINCULADOS DE IMPOSTOS;250000,0;250000,0;250000,0
9402354;269;2023-12-13 00:00:00;PM CARMESIA;18.303.172/0001-08;1481;SEDESE;SECRETARIA DE ESTADO DE DESENVOLVIMENTO SOCIAL;41;CONTRIBUICOES;1;CONTRIBUICOES;10;RECURSOS ORDINARIOS - RECURSOS NAO VINCULADOS DE IMPOSTOS;248000,0;248000,0;248000,0
9402355;2552;2023-12-01 00:00:00;PM TOMBOS;18.114.223/0001-45;1491;SEGOV;SECRETARIA DE ESTADO DE GOVERNO;42;AUXILIOS;1;AUXILIOS;15;RECURSOS ORDINARIOS - OUTROS RECURSOS NAO VINCULADOS;131648,45;0,0;0,0
9402358;2553;2023-12-01 00:00:00;PM TOMBOS;18.114.223/0001-45;1491;SEGOV;SECRETARIA DE ESTADO DE GOVERNO;42;AUXILIOS;1;AUXILIOS;15;RECURSOS ORDINARIOS - OUTROS RECURSOS NAO VINCULADOS;131648,45;0,0;0,0
9402360;2554;2023-12-01 00:00:00;PM BANDEIRA DO SUL;18.175.794/0001-90;1491;SEGOV;SECRETARIA DE ESTADO DE GOVERNO;42;AUXILIOS;1;AUXILIOS;15;RECURSOS ORDINARIOS - OUTROS RECURSOS NAO VINCULADOS;116000,0;116000,0;116000,0
9402361;709;2023-12-01 00:00:00;PM CARMO DA MATA;18.312.967/0001-74;1301;SEINFRA;SECRETARIA DE ESTADO DE INFRAESTRUTURA, MOBILIDADE E PARCERIAS;42;AUXILIOS;1;AUXILIOS;15;RECURSOS ORDINARIOS - OUTROS RECURSOS NAO VINCULADOS;300000,0;300000,0;300000,0
9402363;2555;2023-12-01 00:00:00;PM ARACAI;18.116.111/0001-23;1491;SEGOV;SECRETARIA DE ESTADO DE GOVERNO;42;AUXILIOS;1;AUXILIOS;15;RECURSOS ORDINARIOS - OUTROS RECURSOS NAO VINCULADOS;116317,08;116317,08;116317,08
9402542;113;2023-12-04 00:00:00;ASSOCIACAO BENEFICIENTE NOVA ESPERANCA DE PARACATU;20.582.953/0001-12;1491;SEGOV;SECRETARIA DE ESTADO DE GOVERNO;42;AUXILIOS;1;AUXILIOS;10;RECURSOS ORDINARIOS - RECURSOS NAO VINCULADOS DE IMPOSTOS;341622,7;341622,7;341622,7
9402543;114;2023-12-04 00:00:00;ASSOCIACAO DE DESENVOLVIMENTO DA AGRICULTURA DE ALTO CAPIM;08.176.322/0001-06;1491;SEGOV;SECRETARIA DE ESTADO DE GOVERNO;42;AUXILIOS;1;AUXILIOS;10;RECURSOS ORDINARIOS - RECURSOS NAO VINCULADOS DE IMPOSTOS;117492,0;117492,0;117492,0
9402545;115;2023-12-04 00:00:00;ASSOCIACAO COMUNITARIA QUILOMBOLA SENHORA SANTANA DE LAGOINHA;74.034.604/0001-95;1491;SEGOV;SECRETARIA DE ESTADO DE GOVERNO;42;AUXILIOS;1;AUXILIOS;10;RECURSOS ORDINARIOS - RECURSOS NAO VINCULADOS DE IMPOSTOS;88623,86;88623,86;88623,86
9402546;116;2023-12-04 00:00:00;FEDERACAO MINEIRA DE HANDEBOL;18.236.448/0001-74;1491;SEGOV;SECRETARIA DE ESTADO DE GOVERNO;42;AUXILIOS;1;AUXILIOS;10;RECURSOS ORDINARIOS - RECURSOS NAO VINCULADOS DE IMPOSTOS;100000,0;100000,0;100000,0
9402547;117;2023-12-04 00:00:00;ASSOCIACAO DO CIRC.TUR.SERRA GERAL DO NORTE DE MINAS;08.035.204/0001-70;1491;SEGOV;SECRETARIA DE ESTADO DE GOVERNO;42;AUXILIOS;1;AUXILIOS;10;RECURSOS ORDINARIOS - RECURSOS NAO VINCULADOS DE IMPOSTOS;88623,86;88623,86;88623,86
9402562;315;2023-12-06 00:00:00;PM OURO VERDE DE MINAS;18.404.947/0001-23;1221;SEDE;SECRETARIA DE ESTADO DE DESENVOLVIMENTO ECONOMICO;41;CONTRIBUICOES;1;CONTRIBUICOES;32;EXPLORACAO DE RECURSOS MINERAIS;1734380,56;1734380,56;0,0
9402562;343;2023-12-28 00:00:00;PM OURO VERDE DE MINAS;18.404.947/0001-23;1221;SEDE;SECRETARIA DE ESTADO DE DESENVOLVIMENTO ECONOMICO;41;CONTRIBUICOES;1;CONTRIBUICOES;32;EXPLORACAO DE RECURSOS MINERAIS;237983,76;0,0;0,0
9402563;324;2023-12-15 00:00:00;PM CAMANDUCAIA;17.935.396/0001-61;1221;SEDE;SECRETARIA DE ESTADO DE DESENVOLVIMENTO ECONOMICO;41;CONTRIBUICOES;1;CONTRIBUICOES;32;EXPLORACAO DE RECURSOS MINERAIS;669273,49;669273,49;0,0
9402563;339;2023-12-28 00:00:00;PM CAMANDUCAIA;17.935.396/0001-61;1221;SEDE;SECRETARIA DE ESTADO DE DESENVOLVIMENTO ECONOMICO;41;CONTRIBUICOES;1;CONTRIBUICOES;32;EXPLORACAO DE RECURSOS MINERAIS;310729,51;0,0;0,0
9402564;313;2023-12-06 00:00:00;PM CARAI;18.404.848/0001-41;1221;SEDE;SECRETARIA DE ESTADO DE DESENVOLVIMENTO ECONOMICO;41;CONTRIBUICOES;1;CONTRIBUICOES;32;EXPLORACAO DE RECURSOS MINERAIS;2076465,87;2076465,87;0,0
9402564;341;2023-12-28 00:00:00;PM CARAI;18.404.848/0001-41;1221;SEDE;SECRETARIA DE ESTADO DE DESENVOLVIMENTO ECONOMICO;41;CONTRIBUICOES;1;CONTRIBUICOES;32;EXPLORACAO DE RECURSOS MINERAIS;174655,31;0,0;0,0
9402695;695;2023-12-11 00:00:00;PM PATOS DE MINAS;18.602.011/0001-07;1371;SEMAD;SECRETARIA DE ESTADO DE MEIO AMBIENTE E DESENVOLVIMENTO SUSTENTAVEL;41;CONTRIBUICOES;1;CONTRIBUICOES;97;TRANSFERENCIAS ESPECIAIS DE RECURSOS DA UNIAO;350000,0;350000,0;350000,0
9402696;699;2023-12-12 00:00:00;PM LIMEIRA DO OESTE;26.042.556/0001-34;1371;SEMAD;SECRETARIA DE ESTADO DE MEIO AMBIENTE E DESENVOLVIMENTO SUSTENTAVEL;41;CONTRIBUICOES;1;CONTRIBUICOES;97;TRANSFERENCIAS ESPECIAIS DE RECURSOS DA UNIAO;111617,4;111617,4;111617,4
9402697;696;2023-12-11 00:00:00;PM LAGOA SANTA;73.357.469/0001-56;1371;SEMAD;SECRETARIA DE ESTADO DE MEIO AMBIENTE E DESENVOLVIMENTO SUSTENTAVEL;41;CONTRIBUICOES;1;CONTRIBUICOES;97;TRANSFERENCIAS ESPECIAIS DE RECURSOS DA UNIAO;116904,54;116904,54;116904,54
9402841;268;2023-12-13 00:00:00;PM SOBRALIA;18.083.055/0001-78;1481;SEDESE;SECRETARIA DE ESTADO DE DESENVOLVIMENTO SOCIAL;41;CONTRIBUICOES;1;CONTRIBUICOES;38;TRANSFERENCIAS DA UNIAO VINCULADOS AO ESPORTE;229369,38;229369,38;0,0
9402842;267;2023-12-13 00:00:00;PM SAO MIGUEL DO ANTA;18.133.926/0001-10;1481;SEDESE;SECRETARIA DE ESTADO DE DESENVOLVIMENTO SOCIAL;41;CONTRIBUICOES;1;CONTRIBUICOES;38;TRANSFERENCIAS DA UNIAO VINCULADOS AO ESPORTE;229369,38;229369,38;0,0
9403765;795;2023-12-15 00:00:00;INSTITUTO BH FUTURO;28.247.706/0001-71;1271;SECULT;SECRETARIA DE ESTADO DE CULTURA E TURISMO;42;AUXILIOS;1;AUXILIOS;10;RECURSOS ORDINARIOS - RECURSOS NAO VINCULADOS DE IMPOSTOS;104418,62;104418,62;104418,62
9403767;778;2023-12-07 00:00:00;VALEMAIS- INSTITUTO SOCIOCULTURAL DO JEQUITINHONHA;06.036.527/0001-52;1271;SECULT;SECRETARIA DE ESTADO DE CULTURA E TURISMO;41;CONTRIBUICOES;1;CONTRIBUICOES;10;RECURSOS ORDINARIOS - RECURSOS NAO VINCULADOS DE IMPOSTOS;500000,0;500000,0;500000,0
9403772;2558;2023-12-11 00:00:00;PM JOAO MONLEVADE;18.401.059/0001-57;1491;SEGOV;SECRETARIA DE ESTADO DE GOVERNO;42;AUXILIOS;1;AUXILIOS;15;RECURSOS ORDINARIOS - OUTROS RECURSOS NAO VINCULADOS;0,0;0,0;0,0
9403772;2561;2023-12-11 00:00:00;PM JOAO MONLEVADE;18.401.059/0001-57;1491;SEGOV;SECRETARIA DE ESTADO DE GOVERNO;42;AUXILIOS;1;AUXILIOS;15;RECURSOS ORDINARIOS - OUTROS RECURSOS NAO VINCULADOS;84192,66;84192,66;84192,66
9403814;1277;2023-12-11 00:00:00;APAE ITURAMA;23.368.145/0001-45;4251;FEAS;FUNDO ESTADUAL DE ASSISTENCIA SOCIAL;43;SUBVENCOES SOCIAIS;1;SUBVENCOES SOCIAIS;71;RECURSOS DO FUNDO ESTADUAL DE ERRADICACAO DA MISERIA;112820,83;112820,83;112820,83
9403815;743;2023-12-07 00:00:00;PM PEDRA BONITA;01.640.429/0001-06;1301;SEINFRA;SECRETARIA DE ESTADO DE INFRAESTRUTURA, MOBILIDADE E PARCERIAS;42;AUXILIOS;1;AUXILIOS;15;RECURSOS ORDINARIOS - OUTROS RECURSOS NAO VINCULADOS;400000,0;400000,0;400000,0
9403902;2560;2023-12-11 00:00:00;PM SANTO ANTONIO DO RETIRO;01.612.484/0001-92;1491;SEGOV;SECRETARIA DE ESTADO DE GOVERNO;42;AUXILIOS;1;AUXILIOS;15;RECURSOS ORDINARIOS - OUTROS RECURSOS NAO VINCULADOS;87736,86;0,0;0,0
9403903;2562;2023-12-11 00:00:00;PM CRISTAIS;17.888.082/0001-55;1491;SEGOV;SECRETARIA DE ESTADO DE GOVERNO;42;AUXILIOS;1;AUXILIOS;15;RECURSOS ORDINARIOS - OUTROS RECURSOS NAO VINCULADOS;300000,0;300000,0;300000,0
9403904;2565;2023-12-11 00:00:00;PM ALFREDO VASCONCELOS;26.130.617/0001-15;1491;SEGOV;SECRETARIA DE ESTADO DE GOVERNO;42;AUXILIOS;1;AUXILIOS;15;RECURSOS ORDINARIOS - OUTROS RECURSOS NAO VINCULADOS;87737,63;87737,63;87737,63
9403905;2563;2023-12-11 00:00:00;PM CATUGI;26.218.636/0001-06;1491;SEGOV;SECRETARIA DE ESTADO DE GOVERNO;42;AUXILIOS;1;AUXILIOS;15;RECURSOS ORDINARIOS - OUTROS RECURSOS NAO VINCULADOS;177247,72;177247,72;177247,72
9404006;2564;2023-12-11 00:00:00;PM SAO JOSE DO ALEGRE;18.025.999/0001-99;1491;SEGOV;SECRETARIA DE ESTADO DE GOVERNO;42;AUXILIOS;1;AUXILIOS;15;RECURSOS ORDINARIOS - OUTROS RECURSOS NAO VINCULADOS;130986,9;130986,9;130986,9
9404025;707;2023-12-19 00:00:00;PM PONTO DOS VOLANTES;01.613.377/0001-89;1371;SEMAD;SECRETARIA DE ESTADO DE MEIO AMBIENTE E DESENVOLVIMENTO SUSTENTAVEL;41;CONTRIBUICOES;1;CONTRIBUICOES;15;RECURSOS ORDINARIOS - OUTROS RECURSOS NAO VINCULADOS;600000,0;600000,0;600000,0
9404092;2566;2023-12-11 00:00:00;PM MOEDA;18.363.952/0001-35;1491;SEGOV;SECRETARIA DE ESTADO DE GOVERNO;42;AUXILIOS;1;AUXILIOS;15;RECURSOS ORDINARIOS - OUTROS RECURSOS NAO VINCULADOS;338206,47;338206,47;338206,47
9404096;118;2023-12-11 00:00:00;ASSOCIACAO MAOS DO PRATA;28.661.697/0001-60;1491;SEGOV;SECRETARIA DE ESTADO DE GOVERNO;42;AUXILIOS;1;AUXILIOS;10;RECURSOS ORDINARIOS - RECURSOS NAO VINCULADOS DE IMPOSTOS;90000,0;90000,0;90000,0
9404098;132;2023-12-26 00:00:00;ASSOCIACAO NAUTICA DE RESPLENDOR;23.554.526/0001-19;1491;SEGOV;SECRETARIA DE ESTADO DE GOVERNO;42;AUXILIOS;1;AUXILIOS;10;RECURSOS ORDINARIOS - RECURSOS NAO VINCULADOS DE IMPOSTOS;117492,0;117492,0;0,0
9404100;119;2023-12-11 00:00:00;INSTIT.HERMANN DOUGLAS GONC PERES COSTA-AMIGOS DA VIDA DE MA;08.347.160/0001-13;1491;SEGOV;SECRETARIA DE ESTADO DE GOVERNO;42;AUXILIOS;1;AUXILIOS;10;RECURSOS ORDINARIOS - RECURSOS NAO VINCULADOS DE IMPOSTOS;90000,0;90000,0;90000,0
9404102;121;2023-12-11 00:00:00;OBRAS SOCIAIS PAROQUIA NOSSA SENHORA DA BOA VIAGEM;20.468.260/0001-01;1491;SEGOV;SECRETARIA DE ESTADO DE GOVERNO;42;AUXILIOS;1;AUXILIOS;10;RECURSOS ORDINARIOS - RECURSOS NAO VINCULADOS DE IMPOSTOS;90000,0;90000,0;90000,0
9404103;122;2023-12-11 00:00:00;GRUPO DE AMIGOS DA CRIAN$A;26.386.425/0001-74;1491;SEGOV;SECRETARIA DE ESTADO DE GOVERNO;42;AUXILIOS;1;AUXILIOS;10;RECURSOS ORDINARIOS - RECURSOS NAO VINCULADOS DE IMPOSTOS;119837,57;119837,57;119837,57
9404105;126;2023-12-11 00:00:00;ASSOCIACAO DE CATADORES DE MATERIAIS RECICLAVEIS DE MONTES CLAROS;42.533.785/0001-08;1491;SEGOV;SECRETARIA DE ESTADO DE GOVERNO;42;AUXILIOS;1;AUXILIOS;10;RECURSOS ORDINARIOS - RECURSOS NAO VINCULADOS DE IMPOSTOS;117492,0;117492,0;117492,0
9404106;123;2023-12-11 00:00:00;COMUNIDADE DE ACAO PASTORAL-CAP/POUSO ALEGRE;19.132.299/0001-66;1491;SEGOV;SECRETARIA DE ESTADO DE GOVERNO;42;AUXILIOS;1;AUXILIOS;10;RECURSOS ORDINARIOS - RECURSOS NAO VINCULADOS DE IMPOSTOS;90000,0;90000,0;90000,0
9404108;124;2023-12-11 00:00:00;ASSOCIACAO EDUCACIONAL, ESPORTIVA E SOCIAL DO BRASIL;20.767.192/0001-73;1491;SEGOV;SECRETARIA DE ESTADO DE GOVERNO;42;AUXILIOS;1;AUXILIOS;10;RECURSOS ORDINARIOS - RECURSOS NAO VINCULADOS DE IMPOSTOS;117492,0;117492,0;117492,0
9404109;125;2023-12-11 00:00:00;ASSOCIACAO DE PAIS E AMIGOS DOS EXCEPCIONAIS;02.053.800/0001-04;1491;SEGOV;SECRETARIA DE ESTADO DE GOVERNO;42;AUXILIOS;1;AUXILIOS;10;RECURSOS ORDINARIOS - RECURSOS NAO VINCULADOS DE IMPOSTOS;45000,0;45000,0;45000,0
9404111;2559;2023-12-11 00:00:00;PM ITAUNA;18.309.724/0001-87;1491;SEGOV;SECRETARIA DE ESTADO DE GOVERNO;42;AUXILIOS;1;AUXILIOS;15;RECURSOS ORDINARIOS - OUTROS RECURSOS NAO VINCULADOS;88180,36;0,0;0,0
9404114;251;2023-12-11 00:00:00;CARITAS BRASILEIRA;33.654.419/0008-92;1481;SEDESE;SECRETARIA DE ESTADO DE DESENVOLVIMENTO SOCIAL;43;SUBVENCOES SOCIAIS;1;SUBVENCOES SOCIAIS;10;RECURSOS ORDINARIOS - RECURSOS NAO VINCULADOS DE IMPOSTOS;149999,7;149999,7;149999,7
9404118;120;2023-12-11 00:00:00;ASSOCIACAO DE PAIS E AMIGOS DOS EXCEPIONAIS;04.131.814/0001-16;1491;SEGOV;SECRETARIA DE ESTADO DE GOVERNO;42;AUXILIOS;1;AUXILIOS;10;RECURSOS ORDINARIOS - RECURSOS NAO VINCULADOS DE IMPOSTOS;88623,86;88623,86;88623,86
9404122;254;2023-12-18 00:00:00;PM ITABIRINHA;17.125.444/0001-56;1481;SEDESE;SECRETARIA DE ESTADO DE DESENVOLVIMENTO SOCIAL;42;AUXILIOS;1;AUXILIOS;15;RECURSOS ORDINARIOS - OUTROS RECURSOS NAO VINCULADOS;1320000,0;1320000,0;1320000,0
9404124;256;2023-12-19 00:00:00;PM SAO ROQUE DE MINAS;18.306.670/0001-04;1481;SEDESE;SECRETARIA DE ESTADO DE DESENVOLVIMENTO SOCIAL;42;AUXILIOS;1;AUXILIOS;15;RECURSOS ORDINARIOS - OUTROS RECURSOS NAO VINCULADOS;400000,0;400000,0;400000,0
9404140;67;2023-12-18 00:00:00;ASSOC. DE PROT. E ASSIST. AOS CONENADOS DE RIO PIRACICABA;09.420.397/0001-45;1451;SEJUSP;SECRETARIA DE ESTADO DE JUSTICA E SEGURANCA PUBLICA;42;AUXILIOS;1;AUXILIOS;15;RECURSOS ORDINARIOS - OUTROS RECURSOS NAO VINCULADOS;43000,0;43000,0;43000,0
9404314;747;2023-12-12 00:00:00;PM CARMO DA MATA;18.312.967/0001-74;1301;SEINFRA;SECRETARIA DE ESTADO DE INFRAESTRUTURA, MOBILIDADE E PARCERIAS;42;AUXILIOS;1;AUXILIOS;15;RECURSOS ORDINARIOS - OUTROS RECURSOS NAO VINCULADOS;300000,0;300000,0;300000,0
9404320;753;2023-12-18 00:00:00;PM PARAGUACU;18.008.193/0001-92;1301;SEINFRA;SECRETARIA DE ESTADO DE INFRAESTRUTURA, MOBILIDADE E PARCERIAS;42;AUXILIOS;1;AUXILIOS;15;RECURSOS ORDINARIOS - OUTROS RECURSOS NAO VINCULADOS;300000,0;300000,0;300000,0
9404350;709;2023-12-19 00:00:00;ASSOCIACAO PROTETORA DOS ANIMAIS DE PARACATU;14.466.083/0001-13;1371;SEMAD;SECRETARIA DE ESTADO DE MEIO AMBIENTE E DESENVOLVIMENTO SUSTENTAVEL;41;CONTRIBUICOES;1;CONTRIBUICOES;10;RECURSOS ORDINARIOS - RECURSOS NAO VINCULADOS DE IMPOSTOS;100000,0;100000,0;100000,0
9404351;465;2023-12-27 00:00:00;PM CAJURI;18.132.456/0001-70;1231;SEAPA;SECRETARIA DE ESTADO DE AGRICULTURA, PECUARIA E ABASTECIMENTO - SEAPA;41;CONTRIBUICOES;1;CONTRIBUICOES;97;TRANSFERENCIAS ESPECIAIS DE RECURSOS DA UNIAO;504215,84;504215,84;0,0
9404352;485;2023-12-27 00:00:00;PM QUARTEL GERAL;18.296.699/0001-44;1231;SEAPA;SECRETARIA DE ESTADO DE AGRICULTURA, PECUARIA E ABASTECIMENTO - SEAPA;41;CONTRIBUICOES;1;CONTRIBUICOES;15;RECURSOS ORDINARIOS - OUTROS RECURSOS NAO VINCULADOS;720000,0;720000,0;0,0
9404353;474;2023-12-27 00:00:00;PM SANTA BARBARA DO LESTE;66.229.634/0001-29;1231;SEAPA;SECRETARIA DE ESTADO DE AGRICULTURA, PECUARIA E ABASTECIMENTO - SEAPA;41;CONTRIBUICOES;1;CONTRIBUICOES;10;RECURSOS ORDINARIOS - RECURSOS NAO VINCULADOS DE IMPOSTOS;547532,99;547532,99;0,0
9405211;127;2023-12-12 00:00:00;ASILO DE IDOSOS CASA FREDERICO OZANAM;00.276.487/0001-30;1491;SEGOV;SECRETARIA DE ESTADO DE GOVERNO;42;AUXILIOS;1;AUXILIOS;10;RECURSOS ORDINARIOS - RECURSOS NAO VINCULADOS DE IMPOSTOS;90000,0;90000,0;90000,0
9405212;746;2023-12-12 00:00:00;PM RIO ESPERA;24.179.665/0001-72;1301;SEINFRA;SECRETARIA DE ESTADO DE INFRAESTRUTURA, MOBILIDADE E PARCERIAS;42;AUXILIOS;1;AUXILIOS;15;RECURSOS ORDINARIOS - OUTROS RECURSOS NAO VINCULADOS;300000,0;300000,0;300000,0
9405214;2567;2023-12-12 00:00:00;PM DIVISA NOVA;18.243.279/0001-08;1491;SEGOV;SECRETARIA DE ESTADO DE GOVERNO;42;AUXILIOS;1;AUXILIOS;15;RECURSOS ORDINARIOS - OUTROS RECURSOS NAO VINCULADOS;116317,08;116317,08;116317,08
9405217;2568;2023-12-12 00:00:00;PM PEDRA BONITA;01.640.429/0001-06;1491;SEGOV;SECRETARIA DE ESTADO DE GOVERNO;42;AUXILIOS;1;AUXILIOS;15;RECURSOS ORDINARIOS - OUTROS RECURSOS NAO VINCULADOS;0,0;0,0;0,0
9405217;2569;2023-12-12 00:00:00;PM PEDRA BONITA;01.640.429/0001-06;1491;SEGOV;SECRETARIA DE ESTADO DE GOVERNO;42;AUXILIOS;1;AUXILIOS;15;RECURSOS ORDINARIOS - OUTROS RECURSOS NAO VINCULADOS;175447,72;175447,72;175447,72
9405218;2570;2023-12-12 00:00:00;PM SERRANIA;18.243.261/0001-06;1491;SEGOV;SECRETARIA DE ESTADO DE GOVERNO;42;AUXILIOS;1;AUXILIOS;15;RECURSOS ORDINARIOS - OUTROS RECURSOS NAO VINCULADOS;300000,0;300000,0;300000,0
9405219;2571;2023-12-12 00:00:00;PM ICARAI DE MINAS;25.224.304/0001-63;1491;SEGOV;SECRETARIA DE ESTADO DE GOVERNO;42;AUXILIOS;1;AUXILIOS;15;RECURSOS ORDINARIOS - OUTROS RECURSOS NAO VINCULADOS;87737,63;87737,63;87737,63
9405262;2572;2023-12-12 00:00:00;PM SAO PEDRO DO SUACUI;18.409.243/0001-43;1491;SEGOV;SECRETARIA DE ESTADO DE GOVERNO;42;AUXILIOS;1;AUXILIOS;15;RECURSOS ORDINARIOS - OUTROS RECURSOS NAO VINCULADOS;88180,36;88180,36;88180,36
9405264;2576;2023-12-12 00:00:00;PM DIVINESIA;18.128.280/0001-83;1491;SEGOV;SECRETARIA DE ESTADO DE GOVERNO;42;AUXILIOS;1;AUXILIOS;15;RECURSOS ORDINARIOS - OUTROS RECURSOS NAO VINCULADOS;450000,0;450000,0;450000,0
9405265;2573;2023-12-12 00:00:00;PM SOBRALIA;18.083.055/0001-78;1491;SEGOV;SECRETARIA DE ESTADO DE GOVERNO;42;AUXILIOS;1;AUXILIOS;15;RECURSOS ORDINARIOS - OUTROS RECURSOS NAO VINCULADOS;698694,33;698694,33;698694,33
9405266;2574;2023-12-12 00:00:00;PM LAVRAS;18.244.376/0001-07;1491;SEGOV;SECRETARIA DE ESTADO DE GOVERNO;42;AUXILIOS;1;AUXILIOS;15;RECURSOS ORDINARIOS - OUTROS RECURSOS NAO VINCULADOS;88180,39;88180,39;88180,39
9405268;2575;2023-12-12 00:00:00;PM CRISTIANO OTONI;19.718.402/0001-54;1491;SEGOV;SECRETARIA DE ESTADO DE GOVERNO;42;AUXILIOS;1;AUXILIOS;15;RECURSOS ORDINARIOS - OUTROS RECURSOS NAO VINCULADOS;175475,24;175475,24;175475,24
9405532;129;2023-12-13 00:00:00;ASSOCIACAO FREI INOCENCIO;07.715.739/0001-29;1491;SEGOV;SECRETARIA DE ESTADO DE GOVERNO;42;AUXILIOS;1;AUXILIOS;10;RECURSOS ORDINARIOS - RECURSOS NAO VINCULADOS DE IMPOSTOS;45000,0;45000,0;45000,0
9405534;130;2023-12-13 00:00:00;ASSOCIACAO DOS AGRICULTORES FAMILIARES DE FERVEDOUTO;04.048.673/0001-72;1491;SEGOV;SECRETARIA DE ESTADO DE GOVERNO;42;AUXILIOS;1;AUXILIOS;10;RECURSOS ORDINARIOS - RECURSOS NAO VINCULADOS DE IMPOSTOS;89694,0;89694,0;89694,0
9405537;2588;2023-12-13 00:00:00;PM MONTE SIAO;22.646.525/0001-31;1491;SEGOV;SECRETARIA DE ESTADO DE GOVERNO;42;AUXILIOS;1;AUXILIOS;15;RECURSOS ORDINARIOS - OUTROS RECURSOS NAO VINCULADOS;116904,0;116904,0;116904,0
9405538;2585;2023-12-13 00:00:00;PM SILVEIRANIA;17.744.558/0001-84;1491;SEGOV;SECRETARIA DE ESTADO DE GOVERNO;42;AUXILIOS;1;AUXILIOS;15;RECURSOS ORDINARIOS - OUTROS RECURSOS NAO VINCULADOS;117492,0;117492,0;117492,0
9405541;128;2023-12-13 00:00:00;LAR DOS IDOSOS PADRE VICENTE ASSUNCAO/BRUMADINHO;05.854.647/0001-02;1491;SEGOV;SECRETARIA DE ESTADO DE GOVERNO;42;AUXILIOS;1;AUXILIOS;10;RECURSOS ORDINARIOS - RECURSOS NAO VINCULADOS DE IMPOSTOS;90000,0;90000,0;90000,0
9405543;2587;2023-12-13 00:00:00;PM CENTRALINA;18.260.497/0001-42;1491;SEGOV;SECRETARIA DE ESTADO DE GOVERNO;42;AUXILIOS;1;AUXILIOS;15;RECURSOS ORDINARIOS - OUTROS RECURSOS NAO VINCULADOS;131648,45;131648,45;131648,45
9405545;2586;2023-12-13 00:00:00;PM PRATA;18.260.505/0001-50;1491;SEGOV;SECRETARIA DE ESTADO DE GOVERNO;42;AUXILIOS;1;AUXILIOS;15;RECURSOS ORDINARIOS - OUTROS RECURSOS NAO VINCULADOS;84192,66;84192,66;84192,66
9405546;2578;2023-12-13 00:00:00;PM ESTRELA DALVA;17.710.096/0001-84;1491;SEGOV;SECRETARIA DE ESTADO DE GOVERNO;42;AUXILIOS;1;AUXILIOS;15;RECURSOS ORDINARIOS - OUTROS RECURSOS NAO VINCULADOS;338202,7;338202,7;338202,7
9405547;2577;2023-12-13 00:00:00;PM CONCEICAO DA APARECIDA;18.243.295/0001-92;1491;SEGOV;SECRETARIA DE ESTADO DE GOVERNO;42;AUXILIOS;1;AUXILIOS;15;RECURSOS ORDINARIOS - OUTROS RECURSOS NAO VINCULADOS;176361,47;176361,47;176361,47
9405550;2583;2023-12-13 00:00:00;PM SAO JOSE DO MANTIMENTO;18.392.514/0001-03;1491;SEGOV;SECRETARIA DE ESTADO DE GOVERNO;42;AUXILIOS;1;AUXILIOS;15;RECURSOS ORDINARIOS - OUTROS RECURSOS NAO VINCULADOS;87737,63;87737,63;87737,63
9405552;2584;2023-12-13 00:00:00;PM CHALE;18.392.548/0001-90;1491;SEGOV;SECRETARIA DE ESTADO DE GOVERNO;42;AUXILIOS;1;AUXILIOS;15;RECURSOS ORDINARIOS - OUTROS RECURSOS NAO VINCULADOS;87737,62;87737,62;87737,62
9405553;2581;2023-12-13 00:00:00;PM TEOFILO OTONI;18.404.780/0001-09;1491;SEGOV;SECRETARIA DE ESTADO DE GOVERNO;42;AUXILIOS;1;AUXILIOS;15;RECURSOS ORDINARIOS - OUTROS RECURSOS NAO VINCULADOS;87737,62;87737,62;87737,62
9405554;2579;2023-12-13 00:00:00;PM CONSOLACAO;18.025.916/0001-61;1491;SEGOV;SECRETARIA DE ESTADO DE GOVERNO;42;AUXILIOS;1;AUXILIOS;15;RECURSOS ORDINARIOS - OUTROS RECURSOS NAO VINCULADOS;116904,0;116904,0;116904,0
9405558;2582;2023-12-13 00:00:00;PM BOM REPOUSO;18.675.892/0001-96;1491;SEGOV;SECRETARIA DE ESTADO DE GOVERNO;42;AUXILIOS;1;AUXILIOS;15;RECURSOS ORDINARIOS - OUTROS RECURSOS NAO VINCULADOS;116317,08;116317,08;116317,08
9405560;2580;2023-12-13 00:00:00;PM ACUCENA;17.005.216/0001-42;1491;SEGOV;SECRETARIA DE ESTADO DE GOVERNO;42;AUXILIOS;1;AUXILIOS;15;RECURSOS ORDINARIOS - OUTROS RECURSOS NAO VINCULADOS;87737,6;87737,6;87737,6
9405562;255;2023-12-19 00:00:00;PM ESPERA FELIZ;18.114.264/0001-31;1481;SEDESE;SECRETARIA DE ESTADO DE DESENVOLVIMENTO SOCIAL;42;AUXILIOS;1;AUXILIOS;15;RECURSOS ORDINARIOS - OUTROS RECURSOS NAO VINCULADOS;400000,0;400000,0;400000,0
9405564;252;2023-12-13 00:00:00;ASSOCIACAO DE PAIS E AMIGOS DOS EXCEPCIONAIS DE BOTELHOS;03.968.663/0001-92;1481;SEDESE;SECRETARIA DE ESTADO DE DESENVOLVIMENTO SOCIAL;42;AUXILIOS;1;AUXILIOS;10;RECURSOS ORDINARIOS - RECURSOS NAO VINCULADOS DE IMPOSTOS;197412,79;197412,79;197412,79
9405571;1085;2023-12-15 00:00:00;PM MANGA;18.270.447/0001-46;1261;SEE;SECRETARIA DE ESTADO DE EDUCACAO;42;AUXILIOS;1;AUXILIOS;10;RECURSOS ORDINARIOS - RECURSOS NAO VINCULADOS DE IMPOSTOS;476911,0;476911,0;476911,0
9405660;512;2023-12-25 00:00:00;PM ITAUNA;18.309.724/0001-87;1481;SEDESE;SECRETARIA DE ESTADO DE DESENVOLVIMENTO SOCIAL;42;AUXILIOS;1;AUXILIOS;60;RECURSOS DIRETAMENTE ARRECADADOS;948000,0;948000,0;948000,0
9405694;446;2023-12-22 00:00:00;PM CARMO DO PARANAIBA;18.602.029/0001-09;1231;SEAPA;SECRETARIA DE ESTADO DE AGRICULTURA, PECUARIA E ABASTECIMENTO - SEAPA;41;CONTRIBUICOES;1;CONTRIBUICOES;15;RECURSOS ORDINARIOS - OUTROS RECURSOS NAO VINCULADOS;297990,0;297990,0;297990,0
9405695;499;2023-12-28 00:00:00;PM IRAI DE MINAS;18.158.642/0001-89;1231;SEAPA;SECRETARIA DE ESTADO DE AGRICULTURA, PECUARIA E ABASTECIMENTO - SEAPA;41;CONTRIBUICOES;1;CONTRIBUICOES;10;RECURSOS ORDINARIOS - RECURSOS NAO VINCULADOS DE IMPOSTOS;330000,0;330000,0;0,0
9405697;440;2023-12-19 00:00:00;CENTRO DE TECNOLOGIAS ALTERNATIVAS DA ZONA DA MATA;20.323.796/0001-20;1231;SEAPA;SECRETARIA DE ESTADO DE AGRICULTURA, PECUARIA E ABASTECIMENTO - SEAPA;41;CONTRIBUICOES;1;CONTRIBUICOES;10;RECURSOS ORDINARIOS - RECURSOS NAO VINCULADOS DE IMPOSTOS;269999,91;269999,91;269999,91
9405698;472;2023-12-27 00:00:00;PM ACUCENA;17.005.216/0001-42;1231;SEAPA;SECRETARIA DE ESTADO DE AGRICULTURA, PECUARIA E ABASTECIMENTO - SEAPA;41;CONTRIBUICOES;1;CONTRIBUICOES;10;RECURSOS ORDINARIOS - RECURSOS NAO VINCULADOS DE IMPOSTOS;492585,34;492585,34;0,0
9405699;789;2023-12-14 00:00:00;VALEMAIS- INSTITUTO SOCIOCULTURAL DO JEQUITINHONHA;06.036.527/0001-52;1271;SECULT;SECRETARIA DE ESTADO DE CULTURA E TURISMO;41;CONTRIBUICOES;1;CONTRIBUICOES;10;RECURSOS ORDINARIOS - RECURSOS NAO VINCULADOS DE IMPOSTOS;450000,0;450000,0;450000,0
9405702;791;2023-12-15 00:00:00;EXPRESSAO LIVRE;05.950.556/0001-62;1271;SECULT;SECRETARIA DE ESTADO DE CULTURA E TURISMO;42;AUXILIOS;1;AUXILIOS;10;RECURSOS ORDINARIOS - RECURSOS NAO VINCULADOS DE IMPOSTOS;90000,0;90000,0;90000,0
9405703;794;2023-12-15 00:00:00;ASSOCIACAO DO DESENVOLVIMENTO DE LAGOA DOURADA;02.500.810/0001-32;1271;SECULT;SECRETARIA DE ESTADO DE CULTURA E TURISMO;42;AUXILIOS;1;AUXILIOS;10;RECURSOS ORDINARIOS - RECURSOS NAO VINCULADOS DE IMPOSTOS;100000,0;100000,0;100000,0
9405704;793;2023-12-15 00:00:00;ASSOCIACAO DE PAIS E AMIGOS DOS EXCEPCIONAIS E ANDRADAS;21.409.107/0001-68;1271;SECULT;SECRETARIA DE ESTADO DE CULTURA E TURISMO;42;AUXILIOS;1;AUXILIOS;10;RECURSOS ORDINARIOS - RECURSOS NAO VINCULADOS DE IMPOSTOS;89966,8;89966,8;89966,8
9405705;792;2023-12-15 00:00:00;INSTITUTO SOCIOCULTURAL MERAKI;27.562.425/0001-40;1271;SECULT;SECRETARIA DE ESTADO DE CULTURA E TURISMO;42;AUXILIOS;1;AUXILIOS;10;RECURSOS ORDINARIOS - RECURSOS NAO VINCULADOS DE IMPOSTOS;182400,0;182400,0;182400,0
9405706;790;2023-12-15 00:00:00;AGENCIA DE DESENVOLVIMENTO LOCAL INTEGRADO E SUSTENTADO DO BRASIL;09.421.309/0001-20;1271;SECULT;SECRETARIA DE ESTADO DE CULTURA E TURISMO;42;AUXILIOS;1;AUXILIOS;10;RECURSOS ORDINARIOS - RECURSOS NAO VINCULADOS DE IMPOSTOS;88623,86;88623,86;88623,86
9405755;6236;2023-12-22 00:00:00;CONS.PUB.INTERM.SAUDE PARA GERENC.SERV.URG.EMRG MEDIO PIRACICABA;50.098.089/0001-49;4291;FES;FUNDO ESTADUAL DE SAUDE;42;AUXILIOS;1;AUXILIOS;10;RECURSOS ORDINARIOS - RECURSOS NAO VINCULADOS DE IMPOSTOS;7219301,75;7219301,75;7219301,75
9405755;6237;2023-12-22 00:00:00;CONS.PUB.INTERM.SAUDE PARA GERENC.SERV.URG.EMRG MEDIO PIRACICABA;50.098.089/0001-49;4291;FES;FUNDO ESTADUAL DE SAUDE;41;CONTRIBUICOES;1;CONTRIBUICOES;10;RECURSOS ORDINARIOS - RECURSOS NAO VINCULADOS DE IMPOSTOS;2757051,71;2757051,71;2757051,71
9405756;260;2023-12-19 00:00:00;ASSOCIACAO ESPORTIVA FORTUNA TEAM;25.375.568/0001-18;1481;SEDESE;SECRETARIA DE ESTADO DE DESENVOLVIMENTO SOCIAL;43;SUBVENCOES SOCIAIS;1;SUBVENCOES SOCIAIS;10;RECURSOS ORDINARIOS - RECURSOS NAO VINCULADOS DE IMPOSTOS;88647,2;88647,2;88647,2
9405760;796;2023-12-18 00:00:00;ASSOCIACAO CIRCUITO VERDE TRILHA DOS BANDEIRANTES;05.023.758/0001-69;1271;SECULT;SECRETARIA DE ESTADO DE CULTURA E TURISMO;41;CONTRIBUICOES;1;CONTRIBUICOES;95;RECURSOS RECEBIDOS POR DANOS ADVINDOS DE DESASTRES SOCIOAMBIENTAIS;100000,0;100000,0;0,0
9405817;834;2023-12-21 00:00:00;ASSOCIACAO COMUNITARIA DO RESSAQUINHENSE;26.128.892/0001-02;1271;SECULT;SECRETARIA DE ESTADO DE CULTURA E TURISMO;42;AUXILIOS;1;AUXILIOS;10;RECURSOS ORDINARIOS - RECURSOS NAO VINCULADOS DE IMPOSTOS;100000,0;100000,0;100000,0
9405818;500;2023-12-28 00:00:00;PM BONFINOPOLIS DE MINAS;18.125.138/0001-82;1231;SEAPA;SECRETARIA DE ESTADO DE AGRICULTURA, PECUARIA E ABASTECIMENTO - SEAPA;41;CONTRIBUICOES;1;CONTRIBUICOES;10;RECURSOS ORDINARIOS - RECURSOS NAO VINCULADOS DE IMPOSTOS;330000,0;330000,0;0,0
9405819;813;2023-12-19 00:00:00;ASSOCIACAO GUAXUPEANA DE DEFESA DO FOLCLORE;08.202.241/0001-25;1271;SECULT;SECRETARIA DE ESTADO DE CULTURA E TURISMO;42;AUXILIOS;1;AUXILIOS;10;RECURSOS ORDINARIOS - RECURSOS NAO VINCULADOS DE IMPOSTOS;90000,0;90000,0;90000,0
9405820;328;2023-12-19 00:00:00;PM MONJOLOS;17.754.169/0001-30;1221;SEDE;SECRETARIA DE ESTADO DE DESENVOLVIMENTO ECONOMICO;41;CONTRIBUICOES;1;CONTRIBUICOES;32;EXPLORACAO DE RECURSOS MINERAIS;916818,0;916818,0;0,0
9405822;323;2023-12-15 00:00:00;PM PADRE PARAISO;18.404.764/0001-08;1221;SEDE;SECRETARIA DE ESTADO DE DESENVOLVIMENTO ECONOMICO;41;CONTRIBUICOES;1;CONTRIBUICOES;32;EXPLORACAO DE RECURSOS MINERAIS;869823,0;869823,0;0,0
9405822;344;2023-12-28 00:00:00;PM PADRE PARAISO;18.404.764/0001-08;1221;SEDE;SECRETARIA DE ESTADO DE DESENVOLVIMENTO ECONOMICO;41;CONTRIBUICOES;1;CONTRIBUICOES;32;EXPLORACAO DE RECURSOS MINERAIS;115497,0;0,0;0,0
9405824;749;2023-12-15 00:00:00;PM MONTE SIAO;22.646.525/0001-31;1301;SEINFRA;SECRETARIA DE ESTADO DE INFRAESTRUTURA, MOBILIDADE E PARCERIAS;42;AUXILIOS;1;AUXILIOS;15;RECURSOS ORDINARIOS - OUTROS RECURSOS NAO VINCULADOS;500000,0;500000,0;500000,0
9405829;750;2023-12-15 00:00:00;PM CUPARAQUE;01.615.422/0001-34;1301;SEINFRA;SECRETARIA DE ESTADO DE INFRAESTRUTURA, MOBILIDADE E PARCERIAS;42;AUXILIOS;1;AUXILIOS;15;RECURSOS ORDINARIOS - OUTROS RECURSOS NAO VINCULADOS;1000000,0;1000000,0;1000000,0
9405832;708;2023-12-19 00:00:00;PM DORES DO INDAIA;18.301.010/0001-22;1371;SEMAD;SECRETARIA DE ESTADO DE MEIO AMBIENTE E DESENVOLVIMENTO SUSTENTAVEL;41;CONTRIBUICOES;1;CONTRIBUICOES;97;TRANSFERENCIAS ESPECIAIS DE RECURSOS DA UNIAO;116317,08;116317,08;116317,08
9405834;713;2023-12-21 00:00:00;PM GUIMARANIA;18.602.052/0001-01;1371;SEMAD;SECRETARIA DE ESTADO DE MEIO AMBIENTE E DESENVOLVIMENTO SUSTENTAVEL;41;CONTRIBUICOES;1;CONTRIBUICOES;97;TRANSFERENCIAS ESPECIAIS DE RECURSOS DA UNIAO;116292,0;116292,0;116292,0
9405842;751;2023-12-18 00:00:00;PM BARROSO;18.094.755/0001-68;1301;SEINFRA;SECRETARIA DE ESTADO DE INFRAESTRUTURA, MOBILIDADE E PARCERIAS;42;AUXILIOS;1;AUXILIOS;15;RECURSOS ORDINARIOS - OUTROS RECURSOS NAO VINCULADOS;500000,0;500000,0;500000,0
9405851;448;2023-12-26 00:00:00;COOPERATIVA DOS AGRICULTORES FAMILIARES E AGROEXTRATIVISTAS GRANDE SER;05.866.105/0001-41;1231;SEAPA;SECRETARIA DE ESTADO DE AGRICULTURA, PECUARIA E ABASTECIMENTO - SEAPA;41;CONTRIBUICOES;1;CONTRIBUICOES;59;OUTROS RECURSOS VINCULADOS;296606,42;296606,42;296606,42
9405852;261;2023-12-19 00:00:00;EMBAIXADA FLA-VICOSA;27.642.512/0001-08;1481;SEDESE;SECRETARIA DE ESTADO DE DESENVOLVIMENTO SOCIAL;43;SUBVENCOES SOCIAIS;1;SUBVENCOES SOCIAIS;10;RECURSOS ORDINARIOS - RECURSOS NAO VINCULADOS DE IMPOSTOS;370000,0;370000,0;370000,0
9405855;311;2023-12-22 00:00:00;SANTARRITENSE FUTEBOL CLUBE;05.826.930/0001-12;1481;SEDESE;SECRETARIA DE ESTADO DE DESENVOLVIMENTO SOCIAL;43;SUBVENCOES SOCIAIS;1;SUBVENCOES SOCIAIS;10;RECURSOS ORDINARIOS - RECURSOS NAO VINCULADOS DE IMPOSTOS;180000,0;180000,0;180000,0
9405868;265;2023-12-20 00:00:00;UNIAO FUTEBOL CLUBE;16.865.842/0001-46;1481;SEDESE;SECRETARIA DE ESTADO DE DESENVOLVIMENTO SOCIAL;43;SUBVENCOES SOCIAIS;1;SUBVENCOES SOCIAIS;10;RECURSOS ORDINARIOS - RECURSOS NAO VINCULADOS DE IMPOSTOS;100000,0;100000,0;100000,0
9405869;266;2023-12-21 00:00:00;FUNDACAO CONSCIENCIARTE;00.521.168/0001-42;1481;SEDESE;SECRETARIA DE ESTADO DE DESENVOLVIMENTO SOCIAL;42;AUXILIOS;1;AUXILIOS;10;RECURSOS ORDINARIOS - RECURSOS NAO VINCULADOS DE IMPOSTOS;132310,0;132310,0;132310,0
9405870;300;2023-12-22 00:00:00;PM DIVINOPOLIS;18.291.351/0001-64;1481;SEDESE;SECRETARIA DE ESTADO DE DESENVOLVIMENTO SOCIAL;42;AUXILIOS;1;AUXILIOS;15;RECURSOS ORDINARIOS - OUTROS RECURSOS NAO VINCULADOS;300000,0;300000,0;300000,0
9405871;757;2023-12-19 00:00:00;PM MANTENA;18.504.167/0001-55;1301;SEINFRA;SECRETARIA DE ESTADO DE INFRAESTRUTURA, MOBILIDADE E PARCERIAS;42;AUXILIOS;1;AUXILIOS;32;EXPLORACAO DE RECURSOS MINERAIS;2500000,0;2500000,0;2500000,0
9405872;758;2023-12-19 00:00:00;PM SANTA RITA DO ITUETO;18.413.187/0001-10;1301;SEINFRA;SECRETARIA DE ESTADO DE INFRAESTRUTURA, MOBILIDADE E PARCERIAS;42;AUXILIOS;1;AUXILIOS;32;EXPLORACAO DE RECURSOS MINERAIS;1000000,0;1000000,0;1000000,0
9405873;253;2023-12-18 00:00:00;PM SAO JOAO BATISTA DO GLORIA;18.241.778/0001-58;1481;SEDESE;SECRETARIA DE ESTADO DE DESENVOLVIMENTO SOCIAL;42;AUXILIOS;1;AUXILIOS;15;RECURSOS ORDINARIOS - OUTROS RECURSOS NAO VINCULADOS;631962,72;631962,72;631962,72
9405874;714;2023-12-21 00:00:00;SOCIEDADE UBAENSE DE PROTECAO AOS ANIMAIS;03.630.201/0001-60;1371;SEMAD;SECRETARIA DE ESTADO DE MEIO AMBIENTE E DESENVOLVIMENTO SUSTENTAVEL;41;CONTRIBUICOES;1;CONTRIBUICOES;72;TAXA DE FISCALIZACAO DE RECURSOS MINERARIOS;1125675,96;1125675,96;1125675,96
9405876;755;2023-12-18 00:00:00;PM SAO JOSE DO JACURI;18.409.201/0001-02;1301;SEINFRA;SECRETARIA DE ESTADO DE INFRAESTRUTURA, MOBILIDADE E PARCERIAS;42;AUXILIOS;1;AUXILIOS;15;RECURSOS ORDINARIOS - OUTROS RECURSOS NAO VINCULADOS;400000,0;400000,0;400000,0
9405877;756;2023-12-18 00:00:00;PM VEREDINHA;01.614.685/0001-29;1301;SEINFRA;SECRETARIA DE ESTADO DE INFRAESTRUTURA, MOBILIDADE E PARCERIAS;42;AUXILIOS;1;AUXILIOS;32;EXPLORACAO DE RECURSOS MINERAIS;400000,0;400000,0;400000,0
9405878;2036;2023-12-26 00:00:00;PM PIRAPORA;23.539.463/0001-21;1261;SEE;SECRETARIA DE ESTADO DE EDUCACAO;42;AUXILIOS;1;AUXILIOS;10;RECURSOS ORDINARIOS - RECURSOS NAO VINCULADOS DE IMPOSTOS;1500000,0;1500000,0;0,0
9405879;793;2023-12-18 00:00:00;CAMINHOS DA SERRA, AMBIENTE, EDUCACAO E CIDADANIA;03.428.723/0001-84;2101;IEF;INSTITUTO ESTADUAL DE FLORESTAS;41;CONTRIBUICOES;1;CONTRIBUICOES;10;RECURSOS ORDINARIOS - RECURSOS NAO VINCULADOS DE IMPOSTOS;60000,0;60000,0;60000,0
9405880;754;2023-12-18 00:00:00;PM CANTAGALO;01.617.441/0001-08;1301;SEINFRA;SECRETARIA DE ESTADO DE INFRAESTRUTURA, MOBILIDADE E PARCERIAS;42;AUXILIOS;1;AUXILIOS;32;EXPLORACAO DE RECURSOS MINERAIS;300000,0;300000,0;300000,0
9405886;822;2023-12-20 00:00:00;PM PARACATU;18.278.051/0001-45;1271;SECULT;SECRETARIA DE ESTADO DE CULTURA E TURISMO;42;AUXILIOS;1;AUXILIOS;15;RECURSOS ORDINARIOS - OUTROS RECURSOS NAO VINCULADOS;210000,0;210000,0;210000,0
9405889;759;2023-12-19 00:00:00;PM PAIVA;17.747.965/0001-45;1301;SEINFRA;SECRETARIA DE ESTADO DE INFRAESTRUTURA, MOBILIDADE E PARCERIAS;42;AUXILIOS;1;AUXILIOS;15;RECURSOS ORDINARIOS - OUTROS RECURSOS NAO VINCULADOS;480000,0;480000,0;480000,0
9405890;258;2023-12-19 00:00:00;SOS SERVICO DE OBRAS SOCIAIS';18.659.003/0001-05;1481;SEDESE;SECRETARIA DE ESTADO DE DESENVOLVIMENTO SOCIAL;43;SUBVENCOES SOCIAIS;1;SUBVENCOES SOCIAIS;10;RECURSOS ORDINARIOS - RECURSOS NAO VINCULADOS DE IMPOSTOS;0,0;0,0;0,0
9405890;259;2023-12-19 00:00:00;SOS SERVICO DE OBRAS SOCIAIS';18.659.003/0001-05;1481;SEDESE;SECRETARIA DE ESTADO DE DESENVOLVIMENTO SOCIAL;43;SUBVENCOES SOCIAIS;1;SUBVENCOES SOCIAIS;10;RECURSOS ORDINARIOS - RECURSOS NAO VINCULADOS DE IMPOSTOS;90000,0;90000,0;90000,0
9405891;262;2023-12-19 00:00:00;CIDADE REFUGIO PARA O DESENVOLVIMENTO HUMANO E SOCIAL;04.849.206/0002-22;1481;SEDESE;SECRETARIA DE ESTADO DE DESENVOLVIMENTO SOCIAL;42;AUXILIOS;1;AUXILIOS;10;RECURSOS ORDINARIOS - RECURSOS NAO VINCULADOS DE IMPOSTOS;132310,0;132310,0;132310,0
9405892;264;2023-12-20 00:00:00;APAE LAGOA DOURADA;04.448.905/0001-80;1481;SEDESE;SECRETARIA DE ESTADO DE DESENVOLVIMENTO SOCIAL;43;SUBVENCOES SOCIAIS;1;SUBVENCOES SOCIAIS;10;RECURSOS ORDINARIOS - RECURSOS NAO VINCULADOS DE IMPOSTOS;90000,0;90000,0;0,0
9405894;263;2023-12-19 00:00:00;CENTRO DE FORMACAO ATLETA CIDADAO - CEFAC;05.252.737/0001-15;1481;SEDESE;SECRETARIA DE ESTADO DE DESENVOLVIMENTO SOCIAL;43;SUBVENCOES SOCIAIS;1;SUBVENCOES SOCIAIS;10;RECURSOS ORDINARIOS - RECURSOS NAO VINCULADOS DE IMPOSTOS;399889,59;399889,59;399889,59
9405895;257;2023-12-19 00:00:00;FUNDACAO OASIS;01.030.958/0001-98;1481;SEDESE;SECRETARIA DE ESTADO DE DESENVOLVIMENTO SOCIAL;42;AUXILIOS;1;AUXILIOS;10;RECURSOS ORDINARIOS - RECURSOS NAO VINCULADOS DE IMPOSTOS;90000,0;90000,0;90000,0
9405899;881;2023-12-26 00:00:00;ARUANDA CIA DE DANCAS FOLCLORICAS;17.482.860/0001-01;1271;SECULT;SECRETARIA DE ESTADO DE CULTURA E TURISMO;41;CONTRIBUICOES;1;CONTRIBUICOES;10;RECURSOS ORDINARIOS - RECURSOS NAO VINCULADOS DE IMPOSTOS;250000,0;250000,0;250000,0
9405900;823;2023-12-20 00:00:00;ACAO SOCIAL PADRE EUSTAQUIO;17.193.756/0001-05;1271;SECULT;SECRETARIA DE ESTADO DE CULTURA E TURISMO;42;AUXILIOS;1;AUXILIOS;10;RECURSOS ORDINARIOS - RECURSOS NAO VINCULADOS DE IMPOSTOS;90000,0;90000,0;90000,0
9405902;826;2023-12-21 00:00:00;INSTITUTO MINEIRO PARA O DESENVOLVIMENTO DAS CIDADES-IMDC;40.549.009/0001-70;1271;SECULT;SECRETARIA DE ESTADO DE CULTURA E TURISMO;41;CONTRIBUICOES;1;CONTRIBUICOES;10;RECURSOS ORDINARIOS - RECURSOS NAO VINCULADOS DE IMPOSTOS;400000,0;400000,0;400000,0
9405902;833;2023-12-21 00:00:00;INSTITUTO MINEIRO PARA O DESENVOLVIMENTO DAS CIDADES-IMDC;40.549.009/0001-70;1271;SECULT;SECRETARIA DE ESTADO DE CULTURA E TURISMO;42;AUXILIOS;1;AUXILIOS;10;RECURSOS ORDINARIOS - RECURSOS NAO VINCULADOS DE IMPOSTOS;100000,0;100000,0;100000,0
9405903;824;2023-12-20 00:00:00;ASSOCIACAO DE CULTURA E ARTES JOSE ANTONIO LOBO;11.015.792/0001-94;1271;SECULT;SECRETARIA DE ESTADO DE CULTURA E TURISMO;41;CONTRIBUICOES;1;CONTRIBUICOES;10;RECURSOS ORDINARIOS - RECURSOS NAO VINCULADOS DE IMPOSTOS;80000,0;80000,0;80000,0
9405903;825;2023-12-20 00:00:00;ASSOCIACAO DE CULTURA E ARTES JOSE ANTONIO LOBO;11.015.792/0001-94;1271;SECULT;SECRETARIA DE ESTADO DE CULTURA E TURISMO;42;AUXILIOS;1;AUXILIOS;10;RECURSOS ORDINARIOS - RECURSOS NAO VINCULADOS DE IMPOSTOS;10000,0;10000,0;10000,0
9405904;831;2023-12-21 00:00:00;ASSOCIACAO BANDA FILARMONICA EDMUNDO ARAUJO;25.211.178/0001-02;1271;SECULT;SECRETARIA DE ESTADO DE CULTURA E TURISMO;42;AUXILIOS;1;AUXILIOS;10;RECURSOS ORDINARIOS - RECURSOS NAO VINCULADOS DE IMPOSTOS;100000,0;100000,0;100000,0
9405905;814;2023-12-19 00:00:00;GUPO PRO-GUAPE;04.681.077/0001-25;1271;SECULT;SECRETARIA DE ESTADO DE CULTURA E TURISMO;42;AUXILIOS;1;AUXILIOS;10;RECURSOS ORDINARIOS - RECURSOS NAO VINCULADOS DE IMPOSTOS;89690,27;89690,27;89690,27
9405934;778;2023-12-21 00:00:00;CONSORCIO INTERMUNICIPAL MULTIFINALITARIO PARA O DESENVOLVIMENTO AMBIE;19.193.527/0001-08;1371;SEMAD;SECRETARIA DE ESTADO DE MEIO AMBIENTE E DESENVOLVIMENTO SUSTENTAVEL;41;CONTRIBUICOES;1;CONTRIBUICOES;10;RECURSOS ORDINARIOS - RECURSOS NAO VINCULADOS DE IMPOSTOS;200000,0;200000,0;200000,0
9405935;712;2023-12-21 00:00:00;PM NOVA SERRANA;18.291.385/0001-59;1371;SEMAD;SECRETARIA DE ESTADO DE MEIO AMBIENTE E DESENVOLVIMENTO SUSTENTAVEL;41;CONTRIBUICOES;1;CONTRIBUICOES;97;TRANSFERENCIAS ESPECIAIS DE RECURSOS DA UNIAO;116904,54;116904,54;116904,54
9405939;766;2023-12-19 00:00:00;PM IPABA;66.229.543/0001-93;1301;SEINFRA;SECRETARIA DE ESTADO DE INFRAESTRUTURA, MOBILIDADE E PARCERIAS;42;AUXILIOS;1;AUXILIOS;15;RECURSOS ORDINARIOS - OUTROS RECURSOS NAO VINCULADOS;600000,0;600000,0;600000,0
9405942;765;2023-12-19 00:00:00;PM IPABA;66.229.543/0001-93;1301;SEINFRA;SECRETARIA DE ESTADO DE INFRAESTRUTURA, MOBILIDADE E PARCERIAS;42;AUXILIOS;1;AUXILIOS;15;RECURSOS ORDINARIOS - OUTROS RECURSOS NAO VINCULADOS;1000000,0;1000000,0;1000000,0
9405944;2592;2023-12-20 00:00:00;PM BONFINOPOLIS DE MINAS;18.125.138/0001-82;1491;SEGOV;SECRETARIA DE ESTADO DE GOVERNO;42;AUXILIOS;1;AUXILIOS;15;RECURSOS ORDINARIOS - OUTROS RECURSOS NAO VINCULADOS;87736,76;87736,76;87736,76
9405987;760;2023-12-19 00:00:00;PM CUPARAQUE;01.615.422/0001-34;1301;SEINFRA;SECRETARIA DE ESTADO DE INFRAESTRUTURA, MOBILIDADE E PARCERIAS;42;AUXILIOS;1;AUXILIOS;15;RECURSOS ORDINARIOS - OUTROS RECURSOS NAO VINCULADOS;1200000,0;1200000,0;1200000,0
9405990;764;2023-12-19 00:00:00;PM ARAPONGA;18.132.167/0001-71;1301;SEINFRA;SECRETARIA DE ESTADO DE INFRAESTRUTURA, MOBILIDADE E PARCERIAS;42;AUXILIOS;1;AUXILIOS;15;RECURSOS ORDINARIOS - OUTROS RECURSOS NAO VINCULADOS;300000,0;300000,0;300000,0
9405991;2593;2023-12-20 00:00:00;PM BONFINOPOLIS DE MINAS;18.125.138/0001-82;1491;SEGOV;SECRETARIA DE ESTADO DE GOVERNO;42;AUXILIOS;1;AUXILIOS;15;RECURSOS ORDINARIOS - OUTROS RECURSOS NAO VINCULADOS;130986,9;130986,9;130986,9
9405994;2595;2023-12-20 00:00:00;PM MONSENHOR PAULO;22.541.874/0001-99;1491;SEGOV;SECRETARIA DE ESTADO DE GOVERNO;42;AUXILIOS;1;AUXILIOS;15;RECURSOS ORDINARIOS - OUTROS RECURSOS NAO VINCULADOS;88173,86;88173,86;88173,86
9405995;2591;2023-12-20 00:00:00;PM BURITIZEIRO;18.279.067/0001-72;1491;SEGOV;SECRETARIA DE ESTADO DE GOVERNO;42;AUXILIOS;1;AUXILIOS;15;RECURSOS ORDINARIOS - OUTROS RECURSOS NAO VINCULADOS;800000,0;800000,0;800000,0
9405996;2594;2023-12-20 00:00:00;PM VIRGOLANDIA;18.409.185/0001-58;1491;SEGOV;SECRETARIA DE ESTADO DE GOVERNO;42;AUXILIOS;1;AUXILIOS;15;RECURSOS ORDINARIOS - OUTROS RECURSOS NAO VINCULADOS;130986,9;130986,9;130986,9
9405999;2596;2023-12-20 00:00:00;PM CAPIM BRANCO;18.314.617/0001-47;1491;SEGOV;SECRETARIA DE ESTADO DE GOVERNO;42;AUXILIOS;1;AUXILIOS;15;RECURSOS ORDINARIOS - OUTROS RECURSOS NAO VINCULADOS;117492,0;117492,0;117492,0
9406003;297;2023-12-22 00:00:00;ASSOCIACAO EDUCACIONAL, ESPORTIVA E SOCIAL DO BRASIL;20.767.192/0001-73;1481;SEDESE;SECRETARIA DE ESTADO DE DESENVOLVIMENTO SOCIAL;43;SUBVENCOES SOCIAIS;1;SUBVENCOES SOCIAIS;10;RECURSOS ORDINARIOS - RECURSOS NAO VINCULADOS DE IMPOSTOS;110000,0;110000,0;110000,0
9406009;762;2023-12-19 00:00:00;PM AMPARO DA SERRA;18.316.174/0001-23;1301;SEINFRA;SECRETARIA DE ESTADO DE INFRAESTRUTURA, MOBILIDADE E PARCERIAS;42;AUXILIOS;1;AUXILIOS;15;RECURSOS ORDINARIOS - OUTROS RECURSOS NAO VINCULADOS;700000,0;700000,0;700000,0
9406010;763;2023-12-19 00:00:00;PM DIVINESIA;18.128.280/0001-83;1301;SEINFRA;SECRETARIA DE ESTADO DE INFRAESTRUTURA, MOBILIDADE E PARCERIAS;42;AUXILIOS;1;AUXILIOS;32;EXPLORACAO DE RECURSOS MINERAIS;400000,0;400000,0;400000,0
9406124;301;2023-12-22 00:00:00;PM CAMANDUCAIA;17.935.396/0001-61;1481;SEDESE;SECRETARIA DE ESTADO DE DESENVOLVIMENTO SOCIAL;42;AUXILIOS;1;AUXILIOS;15;RECURSOS ORDINARIOS - OUTROS RECURSOS NAO VINCULADOS;300000,0;300000,0;300000,0
9406133;318;2023-12-22 00:00:00;LIGA DE DESPORTOS DE NOVA SERRANA;20.653.275/0001-31;1481;SEDESE;SECRETARIA DE ESTADO DE DESENVOLVIMENTO SOCIAL;43;SUBVENCOES SOCIAIS;1;SUBVENCOES SOCIAIS;10;RECURSOS ORDINARIOS - RECURSOS NAO VINCULADOS DE IMPOSTOS;320000,0;320000,0;320000,0
9406134;462;2023-12-27 00:00:00;PM ALMENARA;18.349.894/0001-95;1231;SEAPA;SECRETARIA DE ESTADO DE AGRICULTURA, PECUARIA E ABASTECIMENTO - SEAPA;41;CONTRIBUICOES;1;CONTRIBUICOES;97;TRANSFERENCIAS ESPECIAIS DE RECURSOS DA UNIAO;323202,0;323202,0;323202,0
9406135;477;2023-12-27 00:00:00;PM RIO PARANAIBA;18.602.045/0001-00;1231;SEAPA;SECRETARIA DE ESTADO DE AGRICULTURA, PECUARIA E ABASTECIMENTO - SEAPA;41;CONTRIBUICOES;1;CONTRIBUICOES;10;RECURSOS ORDINARIOS - RECURSOS NAO VINCULADOS DE IMPOSTOS;330000,0;330000,0;0,0
9406137;461;2023-12-27 00:00:00;PM PERIQUITO;01.613.077/0001-08;1231;SEAPA;SECRETARIA DE ESTADO DE AGRICULTURA, PECUARIA E ABASTECIMENTO - SEAPA;41;CONTRIBUICOES;1;CONTRIBUICOES;97;TRANSFERENCIAS ESPECIAIS DE RECURSOS DA UNIAO;330000,0;330000,0;330000,0
9406140;449;2023-12-26 00:00:00;ASSOCIACAO AMANU - EDUCACAO, ECOLOGIA E SOLIDARIEDADE;15.741.459/0001-13;1231;SEAPA;SECRETARIA DE ESTADO DE AGRICULTURA, PECUARIA E ABASTECIMENTO - SEAPA;41;CONTRIBUICOES;1;CONTRIBUICOES;59;OUTROS RECURSOS VINCULADOS;156943,81;156943,81;156943,81
9406141;451;2023-12-26 00:00:00;COOP.REGIONAL DE PRODUTORES AGRISSILVIEXTRATIVISTAS SERTAO VEREDAS;08.831.726/0001-88;1231;SEAPA;SECRETARIA DE ESTADO DE AGRICULTURA, PECUARIA E ABASTECIMENTO - SEAPA;41;CONTRIBUICOES;1;CONTRIBUICOES;59;OUTROS RECURSOS VINCULADOS;299130,0;299130,0;299130,0
9406143;450;2023-12-26 00:00:00;ASS. COMUN. PEQ. PROD. RURAIS RIACHO D'ANTA E ADJACENCIAS;01.213.311/0001-00;1231;SEAPA;SECRETARIA DE ESTADO DE AGRICULTURA, PECUARIA E ABASTECIMENTO - SEAPA;41;CONTRIBUICOES;1;CONTRIBUICOES;59;OUTROS RECURSOS VINCULADOS;296800,0;296800,0;296800,0
9406145;457;2023-12-27 00:00:00;PM PAIVA;17.747.965/0001-45;1231;SEAPA;SECRETARIA DE ESTADO DE AGRICULTURA, PECUARIA E ABASTECIMENTO - SEAPA;41;CONTRIBUICOES;1;CONTRIBUICOES;15;RECURSOS ORDINARIOS - OUTROS RECURSOS NAO VINCULADOS;0,0;0,0;0,0
9406145;484;2023-12-27 00:00:00;PM PAIVA;17.747.965/0001-45;1231;SEAPA;SECRETARIA DE ESTADO DE AGRICULTURA, PECUARIA E ABASTECIMENTO - SEAPA;41;CONTRIBUICOES;1;CONTRIBUICOES;15;RECURSOS ORDINARIOS - OUTROS RECURSOS NAO VINCULADOS;1350000,0;1350000,0;1350000,0
9406147;458;2023-12-27 00:00:00;PM NOVA BELEM;01.613.169/0001-80;1231;SEAPA;SECRETARIA DE ESTADO DE AGRICULTURA, PECUARIA E ABASTECIMENTO - SEAPA;41;CONTRIBUICOES;1;CONTRIBUICOES;97;TRANSFERENCIAS ESPECIAIS DE RECURSOS DA UNIAO;1200000,0;1200000,0;0,0
9406150;486;2023-12-27 00:00:00;PM GUARDA-MOR;18.277.947/0001-00;1231;SEAPA;SECRETARIA DE ESTADO DE AGRICULTURA, PECUARIA E ABASTECIMENTO - SEAPA;41;CONTRIBUICOES;1;CONTRIBUICOES;15;RECURSOS ORDINARIOS - OUTROS RECURSOS NAO VINCULADOS;67307,5;67307,5;0,0
9406152;6201;2023-12-22 00:00:00;ASSOCIACAO DE CARIDADE NOSSA SENHORA DO CARMO;20.724.357/0001-20;4291;FES;FUNDO ESTADUAL DE SAUDE;42;AUXILIOS;1;AUXILIOS;10;RECURSOS ORDINARIOS - RECURSOS NAO VINCULADOS DE IMPOSTOS;400000,0;400000,0;400000,0
9406155;2599;2023-12-20 00:00:00;CONSORCIO INTERMUNICIPAL NORTE MINEIRO;18.303.697/0001-35;1491;SEGOV;SECRETARIA DE ESTADO DE GOVERNO;42;AUXILIOS;1;AUXILIOS;10;RECURSOS ORDINARIOS - RECURSOS NAO VINCULADOS DE IMPOSTOS;309100,0;309100,0;309100,0
9406156;2597;2023-12-20 00:00:00;PM INIMUTABA;17.694.860/0001-75;1491;SEGOV;SECRETARIA DE ESTADO DE GOVERNO;42;AUXILIOS;1;AUXILIOS;15;RECURSOS ORDINARIOS - OUTROS RECURSOS NAO VINCULADOS;300000,0;300000,0;300000,0
9406158;2598;2023-12-20 00:00:00;PM ENTRE FOLHAS;66.229.626/0001-82;1491;SEGOV;SECRETARIA DE ESTADO DE GOVERNO;42;AUXILIOS;1;AUXILIOS;15;RECURSOS ORDINARIOS - OUTROS RECURSOS NAO VINCULADOS;400000,0;400000,0;400000,0
9406159;2600;2023-12-20 00:00:00;PM SERRANIA;18.243.261/0001-06;1491;SEGOV;SECRETARIA DE ESTADO DE GOVERNO;42;AUXILIOS;1;AUXILIOS;15;RECURSOS ORDINARIOS - OUTROS RECURSOS NAO VINCULADOS;410000,0;410000,0;410000,0
9406162;295;2023-12-22 00:00:00;APAE DE CONCEICAO DA APARECIDA;25.658.154/0001-04;1481;SEDESE;SECRETARIA DE ESTADO DE DESENVOLVIMENTO SOCIAL;42;AUXILIOS;1;AUXILIOS;10;RECURSOS ORDINARIOS - RECURSOS NAO VINCULADOS DE IMPOSTOS;303932,6;303932,6;303932,6
9406163;889;2023-12-27 00:00:00;PM BELO HORIZONTE;18.715.383/0001-40;1271;SECULT;SECRETARIA DE ESTADO DE CULTURA E TURISMO;42;AUXILIOS;1;AUXILIOS;15;RECURSOS ORDINARIOS - OUTROS RECURSOS NAO VINCULADOS;420000,0;420000,0;0,0
9406164;869;2023-12-26 00:00:00;PM SERRANOPOLIS DE MINAS;01.612.501/0001-91;1271;SECULT;SECRETARIA DE ESTADO DE CULTURA E TURISMO;41;CONTRIBUICOES;1;CONTRIBUICOES;10;RECURSOS ORDINARIOS - RECURSOS NAO VINCULADOS DE IMPOSTOS;500000,0;500000,0;500000,0
9406166;853;2023-12-22 00:00:00;PM PARACATU;18.278.051/0001-45;1271;SECULT;SECRETARIA DE ESTADO DE CULTURA E TURISMO;41;CONTRIBUICOES;1;CONTRIBUICOES;15;RECURSOS ORDINARIOS - OUTROS RECURSOS NAO VINCULADOS;90000,0;90000,0;90000,0
9406167;888;2023-12-27 00:00:00;ASSOCIACAO DO CIRCUITO TURISTICO NASCENTES DAS GERAIS;04.887.672/0001-11;1271;SECULT;SECRETARIA DE ESTADO DE CULTURA E TURISMO;41;CONTRIBUICOES;1;CONTRIBUICOES;95;RECURSOS RECEBIDOS POR DANOS ADVINDOS DE DESASTRES SOCIOAMBIENTAIS;100000,0;100000,0;100000,0
9406168;852;2023-12-22 00:00:00;CENTRO DE TECNOLOGIAS ALTERNATIVAS DA ZONA DA MATA;20.323.796/0001-20;1271;SECULT;SECRETARIA DE ESTADO DE CULTURA E TURISMO;41;CONTRIBUICOES;1;CONTRIBUICOES;10;RECURSOS ORDINARIOS - RECURSOS NAO VINCULADOS DE IMPOSTOS;100000,0;100000,0;100000,0
9406244;374;2023-12-23 00:00:00;ASSOCIACAO MARIA DE PROTECAO E APOIO AOS RAROS - AMPARA;33.113.744/0001-71;1481;SEDESE;SECRETARIA DE ESTADO DE DESENVOLVIMENTO SOCIAL;43;SUBVENCOES SOCIAIS;1;SUBVENCOES SOCIAIS;10;RECURSOS ORDINARIOS - RECURSOS NAO VINCULADOS DE IMPOSTOS;0,0;0,0;0,0
9406244;375;2023-12-23 00:00:00;ASSOCIACAO MARIA DE PROTECAO E APOIO AOS RAROS - AMPARA;33.113.744/0001-71;1481;SEDESE;SECRETARIA DE ESTADO DE DESENVOLVIMENTO SOCIAL;42;AUXILIOS;1;AUXILIOS;10;RECURSOS ORDINARIOS - RECURSOS NAO VINCULADOS DE IMPOSTOS;209423,0;209423,0;209423,0
9406244;376;2023-12-23 00:00:00;ASSOCIACAO MARIA DE PROTECAO E APOIO AOS RAROS - AMPARA;33.113.744/0001-71;1481;SEDESE;SECRETARIA DE ESTADO DE DESENVOLVIMENTO SOCIAL;43;SUBVENCOES SOCIAIS;1;SUBVENCOES SOCIAIS;10;RECURSOS ORDINARIOS - RECURSOS NAO VINCULADOS DE IMPOSTOS;289495,76;289495,76;289495,76
9406247;293;2023-12-22 00:00:00;ASSOCIACAO DE REMANESCENTES QUILOMBOLAS DE PALMEIRINHA;14.245.790/0001-80;1481;SEDESE;SECRETARIA DE ESTADO DE DESENVOLVIMENTO SOCIAL;42;AUXILIOS;1;AUXILIOS;10;RECURSOS ORDINARIOS - RECURSOS NAO VINCULADOS DE IMPOSTOS;88623,86;88623,86;88623,86
9406248;377;2023-12-25 00:00:00;ASSOCIACAO EDUCACIONAL, ESPORTIVA E SOCIAL DO BRASIL;20.767.192/0001-73;1481;SEDESE;SECRETARIA DE ESTADO DE DESENVOLVIMENTO SOCIAL;43;SUBVENCOES SOCIAIS;1;SUBVENCOES SOCIAIS;10;RECURSOS ORDINARIOS - RECURSOS NAO VINCULADOS DE IMPOSTOS;146567,0;146567,0;146567,0
9406249;286;2023-12-22 00:00:00;ORGANIZACAO ASSISTENCIA SERVICOS INT. AOS SUJEITOS COM NEC.E;04.812.951/0001-16;1481;SEDESE;SECRETARIA DE ESTADO DE DESENVOLVIMENTO SOCIAL;43;SUBVENCOES SOCIAIS;1;SUBVENCOES SOCIAIS;10;RECURSOS ORDINARIOS - RECURSOS NAO VINCULADOS DE IMPOSTOS;88393,8;88393,8;88393,8
9406251;292;2023-12-22 00:00:00;LAR SAO VICENTE DE PAULO;19.092.287/0001-55;1481;SEDESE;SECRETARIA DE ESTADO DE DESENVOLVIMENTO SOCIAL;42;AUXILIOS;1;AUXILIOS;10;RECURSOS ORDINARIOS - RECURSOS NAO VINCULADOS DE IMPOSTOS;90000,0;90000,0;90000,0
9406252;294;2023-12-22 00:00:00;ABRIGO JESUS MARIA JOSE;19.369.784/0001-58;1481;SEDESE;SECRETARIA DE ESTADO DE DESENVOLVIMENTO SOCIAL;42;AUXILIOS;1;AUXILIOS;10;RECURSOS ORDINARIOS - RECURSOS NAO VINCULADOS DE IMPOSTOS;90000,0;90000,0;90000,0
9406253;307;2023-12-22 00:00:00;INSTITUTO ASSISTENCIAL EDUCACIONAL NOSSA SENHORA DAS NEVES;22.057.491/0001-40;1481;SEDESE;SECRETARIA DE ESTADO DE DESENVOLVIMENTO SOCIAL;42;AUXILIOS;1;AUXILIOS;10;RECURSOS ORDINARIOS - RECURSOS NAO VINCULADOS DE IMPOSTOS;117492,0;117492,0;117492,0
9406254;284;2023-12-22 00:00:00;ASS DE PAIS E AMIGOS DOS EXCEPCIONAIS DE PARA DE MINAS;18.416.891/0001-27;1481;SEDESE;SECRETARIA DE ESTADO DE DESENVOLVIMENTO SOCIAL;43;SUBVENCOES SOCIAIS;1;SUBVENCOES SOCIAIS;10;RECURSOS ORDINARIOS - RECURSOS NAO VINCULADOS DE IMPOSTOS;149999,5;149999,5;149999,5
9406255;288;2023-12-22 00:00:00;APAE DE OURO PRETO - FARMACEUTICO HELIO HARMENDANI;16.843.062/0001-03;1481;SEDESE;SECRETARIA DE ESTADO DE DESENVOLVIMENTO SOCIAL;42;AUXILIOS;1;AUXILIOS;10;RECURSOS ORDINARIOS - RECURSOS NAO VINCULADOS DE IMPOSTOS;88732,14;88732,14;88732,14
9406258;769;2023-12-21 00:00:00;PM AGUAS FORMOSAS;18.404.749/0001-60;1301;SEINFRA;SECRETARIA DE ESTADO DE INFRAESTRUTURA, MOBILIDADE E PARCERIAS;42;AUXILIOS;1;AUXILIOS;15;RECURSOS ORDINARIOS - OUTROS RECURSOS NAO VINCULADOS;500000,0;500000,0;500000,0
9406259;771;2023-12-21 00:00:00;PM CUPARAQUE;01.615.422/0001-34;1301;SEINFRA;SECRETARIA DE ESTADO DE INFRAESTRUTURA, MOBILIDADE E PARCERIAS;42;AUXILIOS;1;AUXILIOS;15;RECURSOS ORDINARIOS - OUTROS RECURSOS NAO VINCULADOS;900000,0;900000,0;900000,0
9406260;770;2023-12-21 00:00:00;PM JABOTICATUBAS;18.715.417/0001-04;1301;SEINFRA;SECRETARIA DE ESTADO DE INFRAESTRUTURA, MOBILIDADE E PARCERIAS;42;AUXILIOS;1;AUXILIOS;32;EXPLORACAO DE RECURSOS MINERAIS;500000,0;500000,0;500000,0
9406261;820;2023-12-22 00:00:00;GRUPO YPE AMARELO;19.056.520/0001-44;1371;SEMAD;SECRETARIA DE ESTADO DE MEIO AMBIENTE E DESENVOLVIMENTO SUSTENTAVEL;41;CONTRIBUICOES;1;CONTRIBUICOES;10;RECURSOS ORDINARIOS - RECURSOS NAO VINCULADOS DE IMPOSTOS;81219,96;81219,96;81219,96
9406262;466;2023-12-27 00:00:00;PM SAO JOSE DA SAFIRA;18.409.235/0001-05;1231;SEAPA;SECRETARIA DE ESTADO DE AGRICULTURA, PECUARIA E ABASTECIMENTO - SEAPA;41;CONTRIBUICOES;1;CONTRIBUICOES;97;TRANSFERENCIAS ESPECIAIS DE RECURSOS DA UNIAO;1200000,0;1200000,0;0,0
9406266;2601;2023-12-21 00:00:00;PM MUZAMBINHO;18.668.624/0001-47;1491;SEGOV;SECRETARIA DE ESTADO DE GOVERNO;42;AUXILIOS;1;AUXILIOS;15;RECURSOS ORDINARIOS - OUTROS RECURSOS NAO VINCULADOS;131648,4;131648,4;131648,4
9406268;2602;2023-12-21 00:00:00;PM IBIA;18.584.961/0001-56;1491;SEGOV;SECRETARIA DE ESTADO DE GOVERNO;42;AUXILIOS;1;AUXILIOS;15;RECURSOS ORDINARIOS - OUTROS RECURSOS NAO VINCULADOS;84192,71;0,0;0,0
9406269;775;2023-12-21 00:00:00;PM MARILAC;18.409.193/0001-02;1301;SEINFRA;SECRETARIA DE ESTADO DE INFRAESTRUTURA, MOBILIDADE E PARCERIAS;42;AUXILIOS;1;AUXILIOS;32;EXPLORACAO DE RECURSOS MINERAIS;650000,0;650000,0;0,0
9406270;772;2023-12-21 00:00:00;PM JAIBA;25.209.149/0001-06;1301;SEINFRA;SECRETARIA DE ESTADO DE INFRAESTRUTURA, MOBILIDADE E PARCERIAS;42;AUXILIOS;1;AUXILIOS;32;EXPLORACAO DE RECURSOS MINERAIS;650000,0;650000,0;650000,0
9406271;2603;2023-12-21 00:00:00;PM ESTIVA;18.675.918/0001-04;1491;SEGOV;SECRETARIA DE ESTADO DE GOVERNO;42;AUXILIOS;1;AUXILIOS;15;RECURSOS ORDINARIOS - OUTROS RECURSOS NAO VINCULADOS;87737,59;87737,59;87737,59
9406276;776;2023-12-21 00:00:00;PM MARILAC;18.409.193/0001-02;1301;SEINFRA;SECRETARIA DE ESTADO DE INFRAESTRUTURA, MOBILIDADE E PARCERIAS;42;AUXILIOS;1;AUXILIOS;15;RECURSOS ORDINARIOS - OUTROS RECURSOS NAO VINCULADOS;1560767,7;1560767,7;0,0
9406289;773;2023-12-21 00:00:00;PM ITURAMA;18.457.242/0001-74;1301;SEINFRA;SECRETARIA DE ESTADO DE INFRAESTRUTURA, MOBILIDADE E PARCERIAS;42;AUXILIOS;1;AUXILIOS;32;EXPLORACAO DE RECURSOS MINERAIS;200000,0;200000,0;0,0
9406292;774;2023-12-21 00:00:00;PM NOVA BELEM;01.613.169/0001-80;1301;SEINFRA;SECRETARIA DE ESTADO DE INFRAESTRUTURA, MOBILIDADE E PARCERIAS;42;AUXILIOS;1;AUXILIOS;15;RECURSOS ORDINARIOS - OUTROS RECURSOS NAO VINCULADOS;500000,0;500000,0;500000,0
9406295;432;2023-12-27 00:00:00;INSTITUTO BRASILEIRO DE DESENVOLVIMENTO SOCIAL DE MINAS GERAIS;01.834.744/0001-74;1481;SEDESE;SECRETARIA DE ESTADO DE DESENVOLVIMENTO SOCIAL;43;SUBVENCOES SOCIAIS;1;SUBVENCOES SOCIAIS;10;RECURSOS ORDINARIOS - RECURSOS NAO VINCULADOS DE IMPOSTOS;399972,0;399972,0;399972,0
9406313;381;2023-12-26 00:00:00;APAE DE CACHOEIRA DE MINAS;04.346.743/0001-79;1481;SEDESE;SECRETARIA DE ESTADO DE DESENVOLVIMENTO SOCIAL;42;AUXILIOS;1;AUXILIOS;10;RECURSOS ORDINARIOS - RECURSOS NAO VINCULADOS DE IMPOSTOS;88623,86;88623,86;88623,86
9406314;433;2023-12-27 00:00:00;BONSUCESSO ESPORTE CLUBE;18.042.069/0001-43;1481;SEDESE;SECRETARIA DE ESTADO DE DESENVOLVIMENTO SOCIAL;43;SUBVENCOES SOCIAIS;1;SUBVENCOES SOCIAIS;10;RECURSOS ORDINARIOS - RECURSOS NAO VINCULADOS DE IMPOSTOS;268395,1;268395,1;268395,1
9406315;851;2023-12-22 00:00:00;INSTITUTO RUMO CERTO;03.991.102/0001-04;1271;SECULT;SECRETARIA DE ESTADO DE CULTURA E TURISMO;42;AUXILIOS;1;AUXILIOS;10;RECURSOS ORDINARIOS - RECURSOS NAO VINCULADOS DE IMPOSTOS;300000,0;300000,0;300000,0
9406316;860;2023-12-26 00:00:00;CENTRO EDUC POP E APOIO AO DESENVOLV DAS COMUNIDADES RURAIS DO CERRADO;08.687.767/0001-42;1271;SECULT;SECRETARIA DE ESTADO DE CULTURA E TURISMO;41;CONTRIBUICOES;1;CONTRIBUICOES;10;RECURSOS ORDINARIOS - RECURSOS NAO VINCULADOS DE IMPOSTOS;82000,0;82000,0;82000,0
9406316;861;2023-12-26 00:00:00;CENTRO EDUC POP E APOIO AO DESENVOLV DAS COMUNIDADES RURAIS DO CERRADO;08.687.767/0001-42;1271;SECULT;SECRETARIA DE ESTADO DE CULTURA E TURISMO;42;AUXILIOS;1;AUXILIOS;10;RECURSOS ORDINARIOS - RECURSOS NAO VINCULADOS DE IMPOSTOS;35000,0;35000,0;35000,0
9406317;389;2023-12-26 00:00:00;LAR SAO VICENTE DE PAULO;20.930.434/0001-06;1481;SEDESE;SECRETARIA DE ESTADO DE DESENVOLVIMENTO SOCIAL;43;SUBVENCOES SOCIAIS;1;SUBVENCOES SOCIAIS;10;RECURSOS ORDINARIOS - RECURSOS NAO VINCULADOS DE IMPOSTOS;90000,0;90000,0;90000,0
9406319;68;2023-12-26 00:00:00;ASSOCIACAO DE PROTECAO E ASSISTENCIA AOS CONDENADOS - FRUTAL/MG;07.409.988/0001-96;1451;SEJUSP;SECRETARIA DE ESTADO DE JUSTICA E SEGURANCA PUBLICA;43;SUBVENCOES SOCIAIS;1;SUBVENCOES SOCIAIS;10;RECURSOS ORDINARIOS - RECURSOS NAO VINCULADOS DE IMPOSTOS;294155,74;294155,74;294155,74
9406320;372;2023-12-23 00:00:00;ASSOCIACAO DE DESENVOLVIMENTO DO ALTO SAPUCAI;40.566.892/0001-07;1481;SEDESE;SECRETARIA DE ESTADO DE DESENVOLVIMENTO SOCIAL;43;SUBVENCOES SOCIAIS;1;SUBVENCOES SOCIAIS;10;RECURSOS ORDINARIOS - RECURSOS NAO VINCULADOS DE IMPOSTOS;89739,06;89739,06;89739,06
9406321;131;2023-12-26 00:00:00;PM SAO JOSE DA BARRA;01.616.458/0001-32;4491;FEC;FUNDO ESTADUAL DE CULTURA;41;CONTRIBUICOES;1;CONTRIBUICOES;59;OUTROS RECURSOS VINCULADOS;12715,0;12715,0;0,0
9406321;132;2023-12-26 00:00:00;PM SAO JOSE DA BARRA;01.616.458/0001-32;4491;FEC;FUNDO ESTADUAL DE CULTURA;41;CONTRIBUICOES;1;CONTRIBUICOES;59;OUTROS RECURSOS VINCULADOS;37285,0;37285,0;0,0
9406322;267;2023-12-21 00:00:00;LIGA DO ESPORTE;05.250.244/0001-46;1481;SEDESE;SECRETARIA DE ESTADO DE DESENVOLVIMENTO SOCIAL;43;SUBVENCOES SOCIAIS;1;SUBVENCOES SOCIAIS;10;RECURSOS ORDINARIOS - RECURSOS NAO VINCULADOS DE IMPOSTOS;67973,3;67973,3;67973,3
9406322;268;2023-12-21 00:00:00;LIGA DO ESPORTE;05.250.244/0001-46;1481;SEDESE;SECRETARIA DE ESTADO DE DESENVOLVIMENTO SOCIAL;42;AUXILIOS;1;AUXILIOS;10;RECURSOS ORDINARIOS - RECURSOS NAO VINCULADOS DE IMPOSTOS;199800,0;199800,0;199800,0
9406323;380;2023-12-26 00:00:00;FITA AZUL FUTEBOL CLUBE;22.588.099/0001-27;1481;SEDESE;SECRETARIA DE ESTADO DE DESENVOLVIMENTO SOCIAL;43;SUBVENCOES SOCIAIS;1;SUBVENCOES SOCIAIS;10;RECURSOS ORDINARIOS - RECURSOS NAO VINCULADOS DE IMPOSTOS;150000,0;150000,0;150000,0
9406326;382;2023-12-26 00:00:00;SERVICO DE OBRAS SOCIAIS DE LAGOA DA PRATA;21.995.683/0001-34;1481;SEDESE;SECRETARIA DE ESTADO DE DESENVOLVIMENTO SOCIAL;43;SUBVENCOES SOCIAIS;1;SUBVENCOES SOCIAIS;10;RECURSOS ORDINARIOS - RECURSOS NAO VINCULADOS DE IMPOSTOS;41080,2;41080,2;41080,2
9406326;383;2023-12-26 00:00:00;SERVICO DE OBRAS SOCIAIS DE LAGOA DA PRATA;21.995.683/0001-34;1481;SEDESE;SECRETARIA DE ESTADO DE DESENVOLVIMENTO SOCIAL;42;AUXILIOS;1;AUXILIOS;10;RECURSOS ORDINARIOS - RECURSOS NAO VINCULADOS DE IMPOSTOS;56664,1;56664,1;56664,1
9406327;384;2023-12-26 00:00:00;ASSOCIACAO NACIONAL DOS ATINGIDOS POR BARRAGENS;73.316.457/0001-83;1481;SEDESE;SECRETARIA DE ESTADO DE DESENVOLVIMENTO SOCIAL;43;SUBVENCOES SOCIAIS;1;SUBVENCOES SOCIAIS;10;RECURSOS ORDINARIOS - RECURSOS NAO VINCULADOS DE IMPOSTOS;85325,33;85325,33;85325,33
9406327;385;2023-12-26 00:00:00;ASSOCIACAO NACIONAL DOS ATINGIDOS POR BARRAGENS;73.316.457/0001-83;1481;SEDESE;SECRETARIA DE ESTADO DE DESENVOLVIMENTO SOCIAL;42;AUXILIOS;1;AUXILIOS;10;RECURSOS ORDINARIOS - RECURSOS NAO VINCULADOS DE IMPOSTOS;98580,9;98580,9;98580,9
9406329;850;2023-12-22 00:00:00;CENTRO RECREACAO DE ATENDIMENTO E DESFESA DA CRIANCA E ADOLESCENTE;71.089.809/0002-60;1271;SECULT;SECRETARIA DE ESTADO DE CULTURA E TURISMO;42;AUXILIOS;1;AUXILIOS;10;RECURSOS ORDINARIOS - RECURSOS NAO VINCULADOS DE IMPOSTOS;88623,86;88623,86;88623,86
9406330;843;2023-12-22 00:00:00;IRMANDADE QUILOMBOLAS AFROS DESC.QUILOMBO STA. CRUZ;08.705.179/0001-94;1271;SECULT;SECRETARIA DE ESTADO DE CULTURA E TURISMO;42;AUXILIOS;1;AUXILIOS;10;RECURSOS ORDINARIOS - RECURSOS NAO VINCULADOS DE IMPOSTOS;244404,98;244404,98;244404,98
9406332;844;2023-12-22 00:00:00;AGENCIA DE INICIATIVAS CIDADAS;02.291.981/0001-07;1271;SECULT;SECRETARIA DE ESTADO DE CULTURA E TURISMO;41;CONTRIBUICOES;1;CONTRIBUICOES;10;RECURSOS ORDINARIOS - RECURSOS NAO VINCULADOS DE IMPOSTOS;60000,0;60000,0;60000,0
9406332;845;2023-12-22 00:00:00;AGENCIA DE INICIATIVAS CIDADAS;02.291.981/0001-07;1271;SECULT;SECRETARIA DE ESTADO DE CULTURA E TURISMO;42;AUXILIOS;1;AUXILIOS;10;RECURSOS ORDINARIOS - RECURSOS NAO VINCULADOS DE IMPOSTOS;30000,0;30000,0;30000,0
9406333;846;2023-12-22 00:00:00;INSTITUTO PEDRA VIVA;08.878.503/0001-76;1271;SECULT;SECRETARIA DE ESTADO DE CULTURA E TURISMO;42;AUXILIOS;1;AUXILIOS;10;RECURSOS ORDINARIOS - RECURSOS NAO VINCULADOS DE IMPOSTOS;90000,0;90000,0;90000,0
9406341;291;2023-12-22 00:00:00;CONS CENTRAL DE SANTA RITA DO SAPUCAI DA SOC DE SAO VICENTE DE PAULO;18.917.302/0001-94;1481;SEDESE;SECRETARIA DE ESTADO DE DESENVOLVIMENTO SOCIAL;42;AUXILIOS;1;AUXILIOS;10;RECURSOS ORDINARIOS - RECURSOS NAO VINCULADOS DE IMPOSTOS;132310,0;132310,0;132310,0
9406375;296;2023-12-22 00:00:00;CONSELHO METROPOLITANO DE POUSO ALEGRE DA SOC DE SAO VICENTE DE PAULO;41.774.894/0001-54;1481;SEDESE;SECRETARIA DE ESTADO DE DESENVOLVIMENTO SOCIAL;42;AUXILIOS;1;AUXILIOS;10;RECURSOS ORDINARIOS - RECURSOS NAO VINCULADOS DE IMPOSTOS;132310,0;132310,0;132310,0
9406378;269;2023-12-21 00:00:00;CASA DA CRIANCA DE DELFINOPOLIS;07.158.848/0001-92;1481;SEDESE;SECRETARIA DE ESTADO DE DESENVOLVIMENTO SOCIAL;42;AUXILIOS;1;AUXILIOS;10;RECURSOS ORDINARIOS - RECURSOS NAO VINCULADOS DE IMPOSTOS;298432,05;298432,05;298432,05
9406379;331;2023-12-23 00:00:00;AMERICA FUTEBOL CLUBE;18.679.357/0001-03;1481;SEDESE;SECRETARIA DE ESTADO DE DESENVOLVIMENTO SOCIAL;43;SUBVENCOES SOCIAIS;1;SUBVENCOES SOCIAIS;10;RECURSOS ORDINARIOS - RECURSOS NAO VINCULADOS DE IMPOSTOS;89917,43;89917,43;89917,43
9406419;309;2023-12-22 00:00:00;ASSOCIACAO ESPORTE SOLIDARIO GUSTAVO ELIAS - AESGE;32.161.934/0001-00;1481;SEDESE;SECRETARIA DE ESTADO DE DESENVOLVIMENTO SOCIAL;43;SUBVENCOES SOCIAIS;1;SUBVENCOES SOCIAIS;10;RECURSOS ORDINARIOS - RECURSOS NAO VINCULADOS DE IMPOSTOS;300000,0;300000,0;300000,0
9406421;330;2023-12-22 00:00:00;PM CATUGI;26.218.636/0001-06;1221;SEDE;SECRETARIA DE ESTADO DE DESENVOLVIMENTO ECONOMICO;41;CONTRIBUICOES;1;CONTRIBUICOES;32;EXPLORACAO DE RECURSOS MINERAIS;694375,2;694375,2;0,0
9406421;342;2023-12-28 00:00:00;PM CATUGI;26.218.636/0001-06;1221;SEDE;SECRETARIA DE ESTADO DE DESENVOLVIMENTO ECONOMICO;41;CONTRIBUICOES;1;CONTRIBUICOES;32;EXPLORACAO DE RECURSOS MINERAIS;92736,0;0,0;0,0
9406422;331;2023-12-22 00:00:00;PM CAMPOS GERAIS;18.245.175/0001-24;1221;SEDE;SECRETARIA DE ESTADO DE DESENVOLVIMENTO ECONOMICO;41;CONTRIBUICOES;1;CONTRIBUICOES;32;EXPLORACAO DE RECURSOS MINERAIS;512703,79;512703,79;0,0
9406422;340;2023-12-28 00:00:00;PM CAMPOS GERAIS;18.245.175/0001-24;1221;SEDE;SECRETARIA DE ESTADO DE DESENVOLVIMENTO ECONOMICO;41;CONTRIBUICOES;1;CONTRIBUICOES;32;EXPLORACAO DE RECURSOS MINERAIS;1026077,71;0,0;0,0
9406457;326;2023-12-23 00:00:00;PM FELICIO DOS SANTOS;17.754.201/0001-87;1481;SEDESE;SECRETARIA DE ESTADO DE DESENVOLVIMENTO SOCIAL;42;AUXILIOS;1;AUXILIOS;15;RECURSOS ORDINARIOS - OUTROS RECURSOS NAO VINCULADOS;500000,0;500000,0;500000,0
9406464;387;2023-12-26 00:00:00;ASILO JOSE MORAES DE OLIVEIRA/SAO ROQUE DE MINAS;20.900.924/0001-51;1481;SEDESE;SECRETARIA DE ESTADO DE DESENVOLVIMENTO SOCIAL;42;AUXILIOS;1;AUXILIOS;10;RECURSOS ORDINARIOS - RECURSOS NAO VINCULADOS DE IMPOSTOS;88623,86;88623,86;88623,86
9406465;283;2023-12-22 00:00:00;SETE DE SETEMBRO FUTEBOL CLUBE;21.274.220/0001-83;1481;SEDESE;SECRETARIA DE ESTADO DE DESENVOLVIMENTO SOCIAL;43;SUBVENCOES SOCIAIS;1;SUBVENCOES SOCIAIS;10;RECURSOS ORDINARIOS - RECURSOS NAO VINCULADOS DE IMPOSTOS;75638,82;75638,82;75638,82
9406466;370;2023-12-23 00:00:00;ASSOCOACAO DE PAIS E AMIGOS DOS EXCEPCIONAIS DE CRISTAIS;23.775.059/0001-57;1481;SEDESE;SECRETARIA DE ESTADO DE DESENVOLVIMENTO SOCIAL;42;AUXILIOS;1;AUXILIOS;10;RECURSOS ORDINARIOS - RECURSOS NAO VINCULADOS DE IMPOSTOS;90000,0;90000,0;90000,0
9406468;430;2023-12-27 00:00:00;OBRA ASSISTENCIAL MONSENHOR ALDERIGI;17.857.236/0001-41;1481;SEDESE;SECRETARIA DE ESTADO DE DESENVOLVIMENTO SOCIAL;43;SUBVENCOES SOCIAIS;1;SUBVENCOES SOCIAIS;10;RECURSOS ORDINARIOS - RECURSOS NAO VINCULADOS DE IMPOSTOS;88386,67;88386,67;88386,67
9406471;319;2023-12-22 00:00:00;INSTITUTO GALO;35.777.212/0001-64;1481;SEDESE;SECRETARIA DE ESTADO DE DESENVOLVIMENTO SOCIAL;43;SUBVENCOES SOCIAIS;1;SUBVENCOES SOCIAIS;10;RECURSOS ORDINARIOS - RECURSOS NAO VINCULADOS DE IMPOSTOS;200000,0;200000,0;200000,0
9406472;321;2023-12-22 00:00:00;VILENSE AMERICA FUTEBOL CLUBE;04.559.948/0001-32;1481;SEDESE;SECRETARIA DE ESTADO DE DESENVOLVIMENTO SOCIAL;43;SUBVENCOES SOCIAIS;1;SUBVENCOES SOCIAIS;10;RECURSOS ORDINARIOS - RECURSOS NAO VINCULADOS DE IMPOSTOS;90000,0;90000,0;90000,0
9406474;340;2023-12-23 00:00:00;ASSOCIACAO DE RESGATE DA DIGNIDADE HUMANA PROVIDENCIA DIVINA;22.643.399/0001-61;1481;SEDESE;SECRETARIA DE ESTADO DE DESENVOLVIMENTO SOCIAL;43;SUBVENCOES SOCIAIS;1;SUBVENCOES SOCIAIS;10;RECURSOS ORDINARIOS - RECURSOS NAO VINCULADOS DE IMPOSTOS;625603,39;625603,39;625603,39
9406475;278;2023-12-22 00:00:00;LIGA RECREATIVA DE CICLISMO DE MINAS GERAIS;31.332.921/0001-85;1481;SEDESE;SECRETARIA DE ESTADO DE DESENVOLVIMENTO SOCIAL;43;SUBVENCOES SOCIAIS;1;SUBVENCOES SOCIAIS;10;RECURSOS ORDINARIOS - RECURSOS NAO VINCULADOS DE IMPOSTOS;100000,0;100000,0;100000,0
9406477;279;2023-12-22 00:00:00;ASSOPOC - ASSOCIACAO DOS PROTETORES DOS POBRES E CARENTES;01.286.108/0001-55;1481;SEDESE;SECRETARIA DE ESTADO DE DESENVOLVIMENTO SOCIAL;42;AUXILIOS;1;AUXILIOS;10;RECURSOS ORDINARIOS - RECURSOS NAO VINCULADOS DE IMPOSTOS;99923,0;99923,0;99923,0
9406478;282;2023-12-22 00:00:00;ASSOCIACAO COM.DES.SOCIAL VALE SAO FRANCISCO;06.316.684/0001-11;1481;SEDESE;SECRETARIA DE ESTADO DE DESENVOLVIMENTO SOCIAL;42;AUXILIOS;1;AUXILIOS;10;RECURSOS ORDINARIOS - RECURSOS NAO VINCULADOS DE IMPOSTOS;156726,0;156726,0;156726,0
9406479;281;2023-12-22 00:00:00;ASSOCIACAO DE PAIS E AMIGOS DOS EXCEPCIONAIS DE NOVA ERA;23.945.900/0001-07;1481;SEDESE;SECRETARIA DE ESTADO DE DESENVOLVIMENTO SOCIAL;43;SUBVENCOES SOCIAIS;1;SUBVENCOES SOCIAIS;10;RECURSOS ORDINARIOS - RECURSOS NAO VINCULADOS DE IMPOSTOS;149990,79;149990,79;149990,79
9406480;280;2023-12-22 00:00:00;CLUBE DE MAES SAUD MITRE;23.774.607/0001-24;1481;SEDESE;SECRETARIA DE ESTADO DE DESENVOLVIMENTO SOCIAL;42;AUXILIOS;1;AUXILIOS;10;RECURSOS ORDINARIOS - RECURSOS NAO VINCULADOS DE IMPOSTOS;160000,0;160000,0;160000,0
9406481;273;2023-12-22 00:00:00;ASSOCIACAO DE PAIS E AMIGOS DO EXCEPCIONAIS MARIA DA FE;21.422.019/0001-04;1481;SEDESE;SECRETARIA DE ESTADO DE DESENVOLVIMENTO SOCIAL;42;AUXILIOS;1;AUXILIOS;10;RECURSOS ORDINARIOS - RECURSOS NAO VINCULADOS DE IMPOSTOS;89845,0;89845,0;89845,0
9406482;270;2023-12-22 00:00:00;INSTITUTO SOCIAL ACREDITAR E LUTAR-ISAL;28.455.185/0001-48;1481;SEDESE;SECRETARIA DE ESTADO DE DESENVOLVIMENTO SOCIAL;43;SUBVENCOES SOCIAIS;1;SUBVENCOES SOCIAIS;10;RECURSOS ORDINARIOS - RECURSOS NAO VINCULADOS DE IMPOSTOS;200000,0;200000,0;200000,0
9406483;315;2023-12-22 00:00:00;LAR DOS IDOSOS MONSENHOR OTAVIANO DA SSVP DE LADAINHA;21.297.148/0001-00;1481;SEDESE;SECRETARIA DE ESTADO DE DESENVOLVIMENTO SOCIAL;42;AUXILIOS;1;AUXILIOS;10;RECURSOS ORDINARIOS - RECURSOS NAO VINCULADOS DE IMPOSTOS;102950,28;102950,28;102950,28
9406484;271;2023-12-22 00:00:00;ASSOCIACAO DE PAIS E AMIGOS DOS EXCEPCIONAIS;18.645.119/0001-87;1481;SEDESE;SECRETARIA DE ESTADO DE DESENVOLVIMENTO SOCIAL;42;AUXILIOS;1;AUXILIOS;10;RECURSOS ORDINARIOS - RECURSOS NAO VINCULADOS DE IMPOSTOS;89890,0;89890,0;89890,0
9406485;272;2023-12-22 00:00:00;ASSOCIACAO AMIGOS AUTISTA PSICOTICOS SAO SEBASTIAO PARAISO;23.767.585/0001-75;1481;SEDESE;SECRETARIA DE ESTADO DE DESENVOLVIMENTO SOCIAL;43;SUBVENCOES SOCIAIS;1;SUBVENCOES SOCIAIS;10;RECURSOS ORDINARIOS - RECURSOS NAO VINCULADOS DE IMPOSTOS;100000,0;100000,0;100000,0
9406486;314;2023-12-22 00:00:00;ACAO SOCIAL IBITIURENSE;25.646.837/0001-33;1481;SEDESE;SECRETARIA DE ESTADO DE DESENVOLVIMENTO SOCIAL;42;AUXILIOS;1;AUXILIOS;10;RECURSOS ORDINARIOS - RECURSOS NAO VINCULADOS DE IMPOSTOS;90000,0;90000,0;90000,0
9406487;316;2023-12-22 00:00:00;ASSOCIACAO COMUNITARIA DE PREVENCAO AO USO INDEVIDO DE DROGAS;03.015.043/0001-39;1481;SEDESE;SECRETARIA DE ESTADO DE DESENVOLVIMENTO SOCIAL;43;SUBVENCOES SOCIAIS;1;SUBVENCOES SOCIAIS;10;RECURSOS ORDINARIOS - RECURSOS NAO VINCULADOS DE IMPOSTOS;370885,0;370885,0;370885,0
9406487;317;2023-12-22 00:00:00;ASSOCIACAO COMUNITARIA DE PREVENCAO AO USO INDEVIDO DE DROGAS;03.015.043/0001-39;1481;SEDESE;SECRETARIA DE ESTADO DE DESENVOLVIMENTO SOCIAL;42;AUXILIOS;1;AUXILIOS;10;RECURSOS ORDINARIOS - RECURSOS NAO VINCULADOS DE IMPOSTOS;100000,0;100000,0;100000,0
9406488;287;2023-12-22 00:00:00;CENTRO COMUNITARIO DE MATIAS BARBOSA;05.362.635/0001-52;1481;SEDESE;SECRETARIA DE ESTADO DE DESENVOLVIMENTO SOCIAL;43;SUBVENCOES SOCIAIS;1;SUBVENCOES SOCIAIS;10;RECURSOS ORDINARIOS - RECURSOS NAO VINCULADOS DE IMPOSTOS;99999,75;99999,75;99999,75
9406489;289;2023-12-22 00:00:00;ASSOCIACAO ESPORTE CLUBE CORINTHIAS;38.828.856/0001-22;1481;SEDESE;SECRETARIA DE ESTADO DE DESENVOLVIMENTO SOCIAL;43;SUBVENCOES SOCIAIS;1;SUBVENCOES SOCIAIS;10;RECURSOS ORDINARIOS - RECURSOS NAO VINCULADOS DE IMPOSTOS;0,0;0,0;0,0
9406489;299;2023-12-22 00:00:00;ASSOCIACAO ESPORTE CLUBE CORINTHIAS;38.828.856/0001-22;1481;SEDESE;SECRETARIA DE ESTADO DE DESENVOLVIMENTO SOCIAL;43;SUBVENCOES SOCIAIS;1;SUBVENCOES SOCIAIS;10;RECURSOS ORDINARIOS - RECURSOS NAO VINCULADOS DE IMPOSTOS;90000,0;90000,0;90000,0
9406490;290;2023-12-22 00:00:00;ASILO AISA RODRIGUES SIQUEIRA;01.272.287/0001-71;1481;SEDESE;SECRETARIA DE ESTADO DE DESENVOLVIMENTO SOCIAL;43;SUBVENCOES SOCIAIS;1;SUBVENCOES SOCIAIS;10;RECURSOS ORDINARIOS - RECURSOS NAO VINCULADOS DE IMPOSTOS;90000,0;90000,0;90000,0
9406494;502;2023-12-28 00:00:00;PM ITAPAGIPE;21.226.840/0001-47;1231;SEAPA;SECRETARIA DE ESTADO DE AGRICULTURA, PECUARIA E ABASTECIMENTO - SEAPA;41;CONTRIBUICOES;1;CONTRIBUICOES;10;RECURSOS ORDINARIOS - RECURSOS NAO VINCULADOS DE IMPOSTOS;293196,58;293196,58;0,0
9406495;460;2023-12-27 00:00:00;PM SAO GERALDO DA PIEDADE;18.307.470/0001-68;1231;SEAPA;SECRETARIA DE ESTADO DE AGRICULTURA, PECUARIA E ABASTECIMENTO - SEAPA;41;CONTRIBUICOES;1;CONTRIBUICOES;97;TRANSFERENCIAS ESPECIAIS DE RECURSOS DA UNIAO;116192,0;116192,0;116192,0
9406496;503;2023-12-28 00:00:00;PM AIMORES;18.348.094/0001-50;1231;SEAPA;SECRETARIA DE ESTADO DE AGRICULTURA, PECUARIA E ABASTECIMENTO - SEAPA;41;CONTRIBUICOES;1;CONTRIBUICOES;10;RECURSOS ORDINARIOS - RECURSOS NAO VINCULADOS DE IMPOSTOS;260000,0;260000,0;0,0
9406499;452;2023-12-26 00:00:00;OSCIP 08 DE MARCO;08.865.455/0001-81;1231;SEAPA;SECRETARIA DE ESTADO DE AGRICULTURA, PECUARIA E ABASTECIMENTO - SEAPA;41;CONTRIBUICOES;1;CONTRIBUICOES;10;RECURSOS ORDINARIOS - RECURSOS NAO VINCULADOS DE IMPOSTOS;90000,0;90000,0;90000,0
9406500;447;2023-12-26 00:00:00;ASSOCIACAO DOS PRODUTORES RURAIS DE VAI VOLTA E BANANAL;03.224.392/0001-60;1231;SEAPA;SECRETARIA DE ESTADO DE AGRICULTURA, PECUARIA E ABASTECIMENTO - SEAPA;41;CONTRIBUICOES;1;CONTRIBUICOES;10;RECURSOS ORDINARIOS - RECURSOS NAO VINCULADOS DE IMPOSTOS;170000,0;170000,0;170000,0
9406501;779;2023-12-22 00:00:00;PM CUPARAQUE;01.615.422/0001-34;1301;SEINFRA;SECRETARIA DE ESTADO DE INFRAESTRUTURA, MOBILIDADE E PARCERIAS;42;AUXILIOS;1;AUXILIOS;15;RECURSOS ORDINARIOS - OUTROS RECURSOS NAO VINCULADOS;1600000,0;1600000,0;1600000,0
9406502;821;2023-12-23 00:00:00;INSTITUTO BRASILEIRO DE MEIO AMBIENTE, SAUDE E BEM ESTAR ANIMAL - IBMA;43.076.114/0001-28;1371;SEMAD;SECRETARIA DE ESTADO DE MEIO AMBIENTE E DESENVOLVIMENTO SUSTENTAVEL;41;CONTRIBUICOES;1;CONTRIBUICOES;10;RECURSOS ORDINARIOS - RECURSOS NAO VINCULADOS DE IMPOSTOS;1178130,0;1178130,0;1178130,0
9406503;781;2023-12-22 00:00:00;PM PORTEIRINHA;18.013.326/0001-19;1301;SEINFRA;SECRETARIA DE ESTADO DE INFRAESTRUTURA, MOBILIDADE E PARCERIAS;42;AUXILIOS;1;AUXILIOS;32;EXPLORACAO DE RECURSOS MINERAIS;1000000,0;1000000,0;0,0
9406504;274;2023-12-22 00:00:00;CONFERENCIA NOSSA SENHORA DAS NECESSIDADES;20.919.882/0001-09;1481;SEDESE;SECRETARIA DE ESTADO DE DESENVOLVIMENTO SOCIAL;43;SUBVENCOES SOCIAIS;1;SUBVENCOES SOCIAIS;10;RECURSOS ORDINARIOS - RECURSOS NAO VINCULADOS DE IMPOSTOS;179999,28;179999,28;179999,28
9406505;819;2023-12-22 00:00:00;INSTITUTO BRASILEIRO DE MEIO AMBIENTE, SAUDE E BEM ESTAR ANIMAL - IBMA;43.076.114/0001-28;1371;SEMAD;SECRETARIA DE ESTADO DE MEIO AMBIENTE E DESENVOLVIMENTO SUSTENTAVEL;41;CONTRIBUICOES;1;CONTRIBUICOES;10;RECURSOS ORDINARIOS - RECURSOS NAO VINCULADOS DE IMPOSTOS;2670381,0;2670381,0;2670381,0
9406506;276;2023-12-22 00:00:00;CASA DE REPOUSO SANTA LUIZA DE MARILAC;18.307.827/0001-08;1481;SEDESE;SECRETARIA DE ESTADO DE DESENVOLVIMENTO SOCIAL;42;AUXILIOS;1;AUXILIOS;10;RECURSOS ORDINARIOS - RECURSOS NAO VINCULADOS DE IMPOSTOS;90000,0;90000,0;90000,0
9406507;373;2023-12-23 00:00:00;ABADIA FUTEBOL CLUBE;18.314.997/0001-10;1481;SEDESE;SECRETARIA DE ESTADO DE DESENVOLVIMENTO SOCIAL;42;AUXILIOS;1;AUXILIOS;10;RECURSOS ORDINARIOS - RECURSOS NAO VINCULADOS DE IMPOSTOS;300000,0;300000,0;300000,0
9406508;275;2023-12-22 00:00:00;ASSOCIACAO DE PAIS E AMIGOS DOS EXCEPCIONAIS;18.963.546/0001-03;1481;SEDESE;SECRETARIA DE ESTADO DE DESENVOLVIMENTO SOCIAL;42;AUXILIOS;1;AUXILIOS;10;RECURSOS ORDINARIOS - RECURSOS NAO VINCULADOS DE IMPOSTOS;556381,19;556381,19;556381,19
9406509;310;2023-12-22 00:00:00;CONSELHO CENTRAL DE BOA ESPERANCA DA SOCIEDADE SAO VICENTE DE PAULO;05.056.343/0001-91;1481;SEDESE;SECRETARIA DE ESTADO DE DESENVOLVIMENTO SOCIAL;43;SUBVENCOES SOCIAIS;1;SUBVENCOES SOCIAIS;10;RECURSOS ORDINARIOS - RECURSOS NAO VINCULADOS DE IMPOSTOS;98702,82;98702,82;98702,82
9406510;778;2023-12-22 00:00:00;PM IPABA;66.229.543/0001-93;1301;SEINFRA;SECRETARIA DE ESTADO DE INFRAESTRUTURA, MOBILIDADE E PARCERIAS;42;AUXILIOS;1;AUXILIOS;15;RECURSOS ORDINARIOS - OUTROS RECURSOS NAO VINCULADOS;400000,0;400000,0;400000,0
9406511;313;2023-12-22 00:00:00;SOCIEDADE PESTALOZZI DE SAO JOAO NEPOMUCENO;24.804.320/0001-62;1481;SEDESE;SECRETARIA DE ESTADO DE DESENVOLVIMENTO SOCIAL;42;AUXILIOS;1;AUXILIOS;10;RECURSOS ORDINARIOS - RECURSOS NAO VINCULADOS DE IMPOSTOS;100000,0;100000,0;100000,0
9406512;277;2023-12-22 00:00:00;NACIONAL ESPORTE CLUBE;73.986.283/0001-66;1481;SEDESE;SECRETARIA DE ESTADO DE DESENVOLVIMENTO SOCIAL;42;AUXILIOS;1;AUXILIOS;10;RECURSOS ORDINARIOS - RECURSOS NAO VINCULADOS DE IMPOSTOS;150000,0;150000,0;150000,0
9406513;308;2023-12-22 00:00:00;ASSOCIACAO DE PAIS  E AMIGOS DOS EXCEPCIONAIS;02.698.456/0001-00;1481;SEDESE;SECRETARIA DE ESTADO DE DESENVOLVIMENTO SOCIAL;42;AUXILIOS;1;AUXILIOS;10;RECURSOS ORDINARIOS - RECURSOS NAO VINCULADOS DE IMPOSTOS;88623,86;88623,86;88623,86
9406514;298;2023-12-22 00:00:00;ASSOCIACAO DOS DEFICIENTES DE BETIM;04.871.049/0001-70;1481;SEDESE;SECRETARIA DE ESTADO DE DESENVOLVIMENTO SOCIAL;42;AUXILIOS;1;AUXILIOS;10;RECURSOS ORDINARIOS - RECURSOS NAO VINCULADOS DE IMPOSTOS;89999,7;89999,7;89999,7
9406515;371;2023-12-23 00:00:00;CASA DE ARTES E INCLUSAO SOCIAL;03.994.117/0001-26;1481;SEDESE;SECRETARIA DE ESTADO DE DESENVOLVIMENTO SOCIAL;42;AUXILIOS;1;AUXILIOS;10;RECURSOS ORDINARIOS - RECURSOS NAO VINCULADOS DE IMPOSTOS;100000,0;100000,0;100000,0
9406516;285;2023-12-22 00:00:00;OBRA UNIDA LAR SAO VICENTE DE PAULO;26.145.870/0001-42;1481;SEDESE;SECRETARIA DE ESTADO DE DESENVOLVIMENTO SOCIAL;42;AUXILIOS;1;AUXILIOS;10;RECURSOS ORDINARIOS - RECURSOS NAO VINCULADOS DE IMPOSTOS;726954,52;726954,52;726954,52
9406517;379;2023-12-26 00:00:00;ASSOCIACAO BENEFICIENTE NOVA ESPERANCA DE PARACATU;20.582.953/0001-12;1481;SEDESE;SECRETARIA DE ESTADO DE DESENVOLVIMENTO SOCIAL;43;SUBVENCOES SOCIAIS;1;SUBVENCOES SOCIAIS;10;RECURSOS ORDINARIOS - RECURSOS NAO VINCULADOS DE IMPOSTOS;160000,2;160000,2;160000,2
9406518;378;2023-12-25 00:00:00;ASILO SAO VICENTE DE PAULO GUARANESIA;19.055.193/0001-06;1481;SEDESE;SECRETARIA DE ESTADO DE DESENVOLVIMENTO SOCIAL;43;SUBVENCOES SOCIAIS;1;SUBVENCOES SOCIAIS;10;RECURSOS ORDINARIOS - RECURSOS NAO VINCULADOS DE IMPOSTOS;89932,54;89932,54;89932,54
9406519;312;2023-12-22 00:00:00;PM TURVOLANDIA;18.712.141/0001-00;1481;SEDESE;SECRETARIA DE ESTADO DE DESENVOLVIMENTO SOCIAL;42;AUXILIOS;1;AUXILIOS;15;RECURSOS ORDINARIOS - OUTROS RECURSOS NAO VINCULADOS;200000,0;200000,0;200000,0
9406520;304;2023-12-22 00:00:00;PM CAMPO DO MEIO;18.239.582/0001-29;1481;SEDESE;SECRETARIA DE ESTADO DE DESENVOLVIMENTO SOCIAL;42;AUXILIOS;1;AUXILIOS;15;RECURSOS ORDINARIOS - OUTROS RECURSOS NAO VINCULADOS;1000000,0;1000000,0;1000000,0
9406521;303;2023-12-22 00:00:00;PM JEQUITAI;18.279.083/0001-65;1481;SEDESE;SECRETARIA DE ESTADO DE DESENVOLVIMENTO SOCIAL;42;AUXILIOS;1;AUXILIOS;15;RECURSOS ORDINARIOS - OUTROS RECURSOS NAO VINCULADOS;416000,0;416000,0;416000,0
9406522;334;2023-12-23 00:00:00;PM RIACHINHO;25.222.118/0001-95;1481;SEDESE;SECRETARIA DE ESTADO DE DESENVOLVIMENTO SOCIAL;42;AUXILIOS;1;AUXILIOS;15;RECURSOS ORDINARIOS - OUTROS RECURSOS NAO VINCULADOS;200000,0;200000,0;200000,0
9406523;335;2023-12-23 00:00:00;APAE CARATINGA;18.333.633/0001-87;1481;SEDESE;SECRETARIA DE ESTADO DE DESENVOLVIMENTO SOCIAL;42;AUXILIOS;1;AUXILIOS;10;RECURSOS ORDINARIOS - RECURSOS NAO VINCULADOS DE IMPOSTOS;200000,0;200000,0;200000,0
9406524;302;2023-12-22 00:00:00;PM SAO FRANCISCO DO GLORIA;18.114.231/0001-91;1481;SEDESE;SECRETARIA DE ESTADO DE DESENVOLVIMENTO SOCIAL;42;AUXILIOS;1;AUXILIOS;15;RECURSOS ORDINARIOS - OUTROS RECURSOS NAO VINCULADOS;1200000,0;1200000,0;1200000,0
9406525;306;2023-12-22 00:00:00;PM SIMONESIA;18.385.120/0001-10;1481;SEDESE;SECRETARIA DE ESTADO DE DESENVOLVIMENTO SOCIAL;42;AUXILIOS;1;AUXILIOS;15;RECURSOS ORDINARIOS - OUTROS RECURSOS NAO VINCULADOS;300000,0;300000,0;300000,0
9406526;271;2023-12-22 00:00:00;PM POTE;18.404.970/0001-18;1481;SEDESE;SECRETARIA DE ESTADO DE DESENVOLVIMENTO SOCIAL;41;CONTRIBUICOES;1;CONTRIBUICOES;38;TRANSFERENCIAS DA UNIAO VINCULADOS AO ESPORTE;229369,38;229369,38;0,0
9406527;305;2023-12-22 00:00:00;PM SAO JOAO DO PACUI;01.612.474/0001-57;1481;SEDESE;SECRETARIA DE ESTADO DE DESENVOLVIMENTO SOCIAL;42;AUXILIOS;1;AUXILIOS;15;RECURSOS ORDINARIOS - OUTROS RECURSOS NAO VINCULADOS;500000,0;500000,0;500000,0
9406528;2606;2023-12-22 00:00:00;PM ARANTINA;17.952.508/0001-92;1491;SEGOV;SECRETARIA DE ESTADO DE GOVERNO;42;AUXILIOS;1;AUXILIOS;15;RECURSOS ORDINARIOS - OUTROS RECURSOS NAO VINCULADOS;175475,22;175475,22;175475,22
9406529;2604;2023-12-22 00:00:00;PM JUIZ DE FORA;18.338.178/0001-02;1491;SEGOV;SECRETARIA DE ESTADO DE GOVERNO;42;AUXILIOS;1;AUXILIOS;15;RECURSOS ORDINARIOS - OUTROS RECURSOS NAO VINCULADOS;200000,0;200000,0;200000,0
9406531;2605;2023-12-22 00:00:00;PM TURVOLANDIA;18.712.141/0001-00;1491;SEGOV;SECRETARIA DE ESTADO DE GOVERNO;42;AUXILIOS;1;AUXILIOS;15;RECURSOS ORDINARIOS - OUTROS RECURSOS NAO VINCULADOS;130986,89;130986,89;130986,89
9406532;782;2023-12-22 00:00:00;PM RAPOSOS;18.312.132/0001-14;1301;SEINFRA;SECRETARIA DE ESTADO DE INFRAESTRUTURA, MOBILIDADE E PARCERIAS;42;AUXILIOS;1;AUXILIOS;15;RECURSOS ORDINARIOS - OUTROS RECURSOS NAO VINCULADOS;900000,0;900000,0;900000,0
9406534;785;2023-12-22 00:00:00;PM CONTAGEM;18.715.508/0001-31;1301;SEINFRA;SECRETARIA DE ESTADO DE INFRAESTRUTURA, MOBILIDADE E PARCERIAS;42;AUXILIOS;1;AUXILIOS;32;EXPLORACAO DE RECURSOS MINERAIS;2998509,11;2998509,11;2998509,11
9406541;780;2023-12-22 00:00:00;PM CENTRAL DE MINAS;17.990.714/0001-97;1301;SEINFRA;SECRETARIA DE ESTADO DE INFRAESTRUTURA, MOBILIDADE E PARCERIAS;42;AUXILIOS;1;AUXILIOS;32;EXPLORACAO DE RECURSOS MINERAIS;1500000,0;1500000,0;1500000,0
9406543;783;2023-12-22 00:00:00;PM SANTO ANTONIO DO AMPARO;18.244.335/0001-10;1301;SEINFRA;SECRETARIA DE ESTADO DE INFRAESTRUTURA, MOBILIDADE E PARCERIAS;42;AUXILIOS;1;AUXILIOS;15;RECURSOS ORDINARIOS - OUTROS RECURSOS NAO VINCULADOS;250000,0;250000,0;0,0
9406548;6525;2023-12-26 00:00:00;HOSPITAL DE GIMIRIM;17.421.173/0001-86;4291;FES;FUNDO ESTADUAL DE SAUDE;42;AUXILIOS;1;AUXILIOS;10;RECURSOS ORDINARIOS - RECURSOS NAO VINCULADOS DE IMPOSTOS;1640000,0;1640000,0;1640000,0
9406709;786;2023-12-22 00:00:00;PM CAPITOLIO;16.726.028/0001-40;1301;SEINFRA;SECRETARIA DE ESTADO DE INFRAESTRUTURA, MOBILIDADE E PARCERIAS;42;AUXILIOS;1;AUXILIOS;15;RECURSOS ORDINARIOS - OUTROS RECURSOS NAO VINCULADOS;200000,0;200000,0;200000,0
9406713;871;2023-12-26 00:00:00;INSTITUTO CULTURAL E AMBIENTALISTA ROSA E SERTAO;09.251.933/0001-26;1271;SECULT;SECRETARIA DE ESTADO DE CULTURA E TURISMO;41;CONTRIBUICOES;1;CONTRIBUICOES;10;RECURSOS ORDINARIOS - RECURSOS NAO VINCULADOS DE IMPOSTOS;233000,0;233000,0;233000,0
9406713;872;2023-12-26 00:00:00;INSTITUTO CULTURAL E AMBIENTALISTA ROSA E SERTAO;09.251.933/0001-26;1271;SECULT;SECRETARIA DE ESTADO DE CULTURA E TURISMO;42;AUXILIOS;1;AUXILIOS;10;RECURSOS ORDINARIOS - RECURSOS NAO VINCULADOS DE IMPOSTOS;17000,0;17000,0;17000,0
9406734;884;2023-12-26 00:00:00;GRUPO DE TEATRO FARROPILHA;03.494.538/0001-98;1271;SECULT;SECRETARIA DE ESTADO DE CULTURA E TURISMO;42;AUXILIOS;1;AUXILIOS;10;RECURSOS ORDINARIOS - RECURSOS NAO VINCULADOS DE IMPOSTOS;20000,0;20000,0;20000,0
9406734;886;2023-12-27 00:00:00;GRUPO DE TEATRO FARROPILHA;03.494.538/0001-98;1271;SECULT;SECRETARIA DE ESTADO DE CULTURA E TURISMO;41;CONTRIBUICOES;1;CONTRIBUICOES;10;RECURSOS ORDINARIOS - RECURSOS NAO VINCULADOS DE IMPOSTOS;70000,0;70000,0;70000,0
9406736;864;2023-12-26 00:00:00;GRUPO TEATRAL PIRRACA EM PRACA;07.424.656/0001-80;1271;SECULT;SECRETARIA DE ESTADO DE CULTURA E TURISMO;42;AUXILIOS;1;AUXILIOS;10;RECURSOS ORDINARIOS - RECURSOS NAO VINCULADOS DE IMPOSTOS;100000,0;100000,0;100000,0
9406737;863;2023-12-26 00:00:00;FUNDACAO DIRCE DA SILVEIRA FIGUEIREDO;08.194.112/0001-32;1271;SECULT;SECRETARIA DE ESTADO DE CULTURA E TURISMO;41;CONTRIBUICOES;1;CONTRIBUICOES;10;RECURSOS ORDINARIOS - RECURSOS NAO VINCULADOS DE IMPOSTOS;90000,0;90000,0;90000,0
9406738;865;2023-12-26 00:00:00;INSTITUTO SOCIOCULTURAL MERAKI;27.562.425/0001-40;1271;SECULT;SECRETARIA DE ESTADO DE CULTURA E TURISMO;41;CONTRIBUICOES;1;CONTRIBUICOES;10;RECURSOS ORDINARIOS - RECURSOS NAO VINCULADOS DE IMPOSTOS;352701,0;352701,0;352701,0
9406738;866;2023-12-26 00:00:00;INSTITUTO SOCIOCULTURAL MERAKI;27.562.425/0001-40;1271;SECULT;SECRETARIA DE ESTADO DE CULTURA E TURISMO;42;AUXILIOS;1;AUXILIOS;10;RECURSOS ORDINARIOS - RECURSOS NAO VINCULADOS DE IMPOSTOS;177600,0;177600,0;177600,0
9406739;868;2023-12-26 00:00:00;FUNDACAO DIRCE DA SILVEIRA FIGUEIREDO;08.194.112/0001-32;1271;SECULT;SECRETARIA DE ESTADO DE CULTURA E TURISMO;41;CONTRIBUICOES;1;CONTRIBUICOES;10;RECURSOS ORDINARIOS - RECURSOS NAO VINCULADOS DE IMPOSTOS;180000,0;180000,0;180000,0
9406740;856;2023-12-26 00:00:00;FUNDACAO DIRCE DA SILVEIRA FIGUEIREDO;08.194.112/0001-32;1271;SECULT;SECRETARIA DE ESTADO DE CULTURA E TURISMO;41;CONTRIBUICOES;1;CONTRIBUICOES;10;RECURSOS ORDINARIOS - RECURSOS NAO VINCULADOS DE IMPOSTOS;200000,0;200000,0;200000,0
9406742;867;2023-12-26 00:00:00;ASSOCIACAO BENEFICENTE DE AMPARO SOCIAL;10.624.654/0001-40;1271;SECULT;SECRETARIA DE ESTADO DE CULTURA E TURISMO;42;AUXILIOS;1;AUXILIOS;10;RECURSOS ORDINARIOS - RECURSOS NAO VINCULADOS DE IMPOSTOS;96521,0;96521,0;96521,0
9406743;859;2023-12-26 00:00:00;ASSOCIACAO ESPACO CULTURAL DOM;10.655.303/0001-04;1271;SECULT;SECRETARIA DE ESTADO DE CULTURA E TURISMO;42;AUXILIOS;1;AUXILIOS;10;RECURSOS ORDINARIOS - RECURSOS NAO VINCULADOS DE IMPOSTOS;150000,0;150000,0;150000,0
9406744;857;2023-12-26 00:00:00;INSTITUTO CULTURAL AMILCAR MARTINS;05.055.795/0001-59;1271;SECULT;SECRETARIA DE ESTADO DE CULTURA E TURISMO;41;CONTRIBUICOES;1;CONTRIBUICOES;10;RECURSOS ORDINARIOS - RECURSOS NAO VINCULADOS DE IMPOSTOS;622000,0;622000,0;622000,0
9406744;858;2023-12-26 00:00:00;INSTITUTO CULTURAL AMILCAR MARTINS;05.055.795/0001-59;1271;SECULT;SECRETARIA DE ESTADO DE CULTURA E TURISMO;42;AUXILIOS;1;AUXILIOS;10;RECURSOS ORDINARIOS - RECURSOS NAO VINCULADOS DE IMPOSTOS;65400,0;65400,0;65400,0
9406777;131;2023-12-22 00:00:00;INSTITUTO EDUCACIONAL COMUNITARIO RECOMECAR;08.245.902/0001-08;1491;SEGOV;SECRETARIA DE ESTADO DE GOVERNO;42;AUXILIOS;1;AUXILIOS;10;RECURSOS ORDINARIOS - RECURSOS NAO VINCULADOS DE IMPOSTOS;89700,11;89700,11;89700,11
9406869;320;2023-12-22 00:00:00;PM RIO PARANAIBA;18.602.045/0001-00;1481;SEDESE;SECRETARIA DE ESTADO DE DESENVOLVIMENTO SOCIAL;42;AUXILIOS;1;AUXILIOS;15;RECURSOS ORDINARIOS - OUTROS RECURSOS NAO VINCULADOS;500000,0;500000,0;0,0
9406885;880;2023-12-26 00:00:00;AGENCIA DE DESENVOLVIMENTO LOCAL INTEGRADO E SUSTENTADO DO BRASIL;09.421.309/0001-20;1271;SECULT;SECRETARIA DE ESTADO DE CULTURA E TURISMO;41;CONTRIBUICOES;1;CONTRIBUICOES;10;RECURSOS ORDINARIOS - RECURSOS NAO VINCULADOS DE IMPOSTOS;70692,45;70692,45;70692,45
9406885;882;2023-12-26 00:00:00;AGENCIA DE DESENVOLVIMENTO LOCAL INTEGRADO E SUSTENTADO DO BRASIL;09.421.309/0001-20;1271;SECULT;SECRETARIA DE ESTADO DE CULTURA E TURISMO;42;AUXILIOS;1;AUXILIOS;10;RECURSOS ORDINARIOS - RECURSOS NAO VINCULADOS DE IMPOSTOS;40147,3;40147,3;40147,3
9406886;873;2023-12-26 00:00:00;INSTITUTO IN-CENA;18.304.255/0001-03;1271;SECULT;SECRETARIA DE ESTADO DE CULTURA E TURISMO;41;CONTRIBUICOES;1;CONTRIBUICOES;10;RECURSOS ORDINARIOS - RECURSOS NAO VINCULADOS DE IMPOSTOS;200000,0;200000,0;200000,0
9406889;862;2023-12-26 00:00:00;PROJETO VIDA E VERDE;22.734.412/0001-98;1271;SECULT;SECRETARIA DE ESTADO DE CULTURA E TURISMO;41;CONTRIBUICOES;1;CONTRIBUICOES;10;RECURSOS ORDINARIOS - RECURSOS NAO VINCULADOS DE IMPOSTOS;100000,0;100000,0;100000,0
9406890;874;2023-12-26 00:00:00;PM PASSA TEMPO;18.039.503/0001-36;1271;SECULT;SECRETARIA DE ESTADO DE CULTURA E TURISMO;42;AUXILIOS;1;AUXILIOS;15;RECURSOS ORDINARIOS - OUTROS RECURSOS NAO VINCULADOS;200000,0;200000,0;200000,0
9406892;917;2023-12-29 00:00:00;ASSOCIACAO DE INTEGRACAO REGIONAL DO CIRCUITO TUR. DAS AGUAS;05.400.720/0001-68;1271;SECULT;SECRETARIA DE ESTADO DE CULTURA E TURISMO;41;CONTRIBUICOES;1;CONTRIBUICOES;95;RECURSOS RECEBIDOS POR DANOS ADVINDOS DE DESASTRES SOCIOAMBIENTAIS;87542,0;87542,0;0,0
9406892;918;2023-12-29 00:00:00;ASSOCIACAO DE INTEGRACAO REGIONAL DO CIRCUITO TUR. DAS AGUAS;05.400.720/0001-68;1271;SECULT;SECRETARIA DE ESTADO DE CULTURA E TURISMO;42;AUXILIOS;1;AUXILIOS;95;RECURSOS RECEBIDOS POR DANOS ADVINDOS DE DESASTRES SOCIOAMBIENTAIS;51458,0;51458,0;0,0
9406894;2609;2023-12-26 00:00:00;PM CARMOPOLIS DE MINAS;18.312.983/0001-67;1491;SEGOV;SECRETARIA DE ESTADO DE GOVERNO;42;AUXILIOS;1;AUXILIOS;15;RECURSOS ORDINARIOS - OUTROS RECURSOS NAO VINCULADOS;700000,0;0,0;0,0
9406895;2610;2023-12-26 00:00:00;PM SALTO DA DIVISA;18.347.401/0001-88;1491;SEGOV;SECRETARIA DE ESTADO DE GOVERNO;42;AUXILIOS;1;AUXILIOS;15;RECURSOS ORDINARIOS - OUTROS RECURSOS NAO VINCULADOS;1000000,0;1000000,0;1000000,0
9406897;2611;2023-12-26 00:00:00;PM SANTA MARGARIDA;18.385.112/0001-73;1491;SEGOV;SECRETARIA DE ESTADO DE GOVERNO;42;AUXILIOS;1;AUXILIOS;15;RECURSOS ORDINARIOS - OUTROS RECURSOS NAO VINCULADOS;350000,0;0,0;0,0
9406898;2612;2023-12-26 00:00:00;PM CRUCILANDIA;18.313.007/0001-29;1491;SEGOV;SECRETARIA DE ESTADO DE GOVERNO;42;AUXILIOS;1;AUXILIOS;15;RECURSOS ORDINARIOS - OUTROS RECURSOS NAO VINCULADOS;1000000,0;500000,0;500000,0
9406900;476;2023-12-27 00:00:00;PM ITACARAMBI;18.283.101/0001-82;1231;SEAPA;SECRETARIA DE ESTADO DE AGRICULTURA, PECUARIA E ABASTECIMENTO - SEAPA;41;CONTRIBUICOES;1;CONTRIBUICOES;10;RECURSOS ORDINARIOS - RECURSOS NAO VINCULADOS DE IMPOSTOS;660000,0;660000,0;0,0
9406901;2613;2023-12-26 00:00:00;PM IBERTIOGA;18.094.839/0001-00;1491;SEGOV;SECRETARIA DE ESTADO DE GOVERNO;42;AUXILIOS;1;AUXILIOS;15;RECURSOS ORDINARIOS - OUTROS RECURSOS NAO VINCULADOS;116317,08;116317,08;116317,08
9406903;2614;2023-12-26 00:00:00;PM BONFIM;18.363.945/0001-33;1491;SEGOV;SECRETARIA DE ESTADO DE GOVERNO;42;AUXILIOS;1;AUXILIOS;15;RECURSOS ORDINARIOS - OUTROS RECURSOS NAO VINCULADOS;338206,47;338206,47;338206,47
9406904;505;2023-12-28 00:00:00;PM SAO DOMINGOS DO PRATA;18.401.018/0001-60;1231;SEAPA;SECRETARIA DE ESTADO DE AGRICULTURA, PECUARIA E ABASTECIMENTO - SEAPA;41;CONTRIBUICOES;1;CONTRIBUICOES;10;RECURSOS ORDINARIOS - RECURSOS NAO VINCULADOS DE IMPOSTOS;210000,0;210000,0;0,0
9406905;2615;2023-12-26 00:00:00;PM INHAPIM;20.905.865/0001-04;1491;SEGOV;SECRETARIA DE ESTADO DE GOVERNO;42;AUXILIOS;1;AUXILIOS;15;RECURSOS ORDINARIOS - OUTROS RECURSOS NAO VINCULADOS;705752,33;705752,33;705752,33
9406908;2616;2023-12-26 00:00:00;PM DURANDE;66.232.547/0001-20;1491;SEGOV;SECRETARIA DE ESTADO DE GOVERNO;42;AUXILIOS;1;AUXILIOS;15;RECURSOS ORDINARIOS - OUTROS RECURSOS NAO VINCULADOS;338206,47;338206,47;338206,47
9406909;478;2023-12-27 00:00:00;PM NATALANDIA;01.593.752/0001-76;1231;SEAPA;SECRETARIA DE ESTADO DE AGRICULTURA, PECUARIA E ABASTECIMENTO - SEAPA;41;CONTRIBUICOES;1;CONTRIBUICOES;10;RECURSOS ORDINARIOS - RECURSOS NAO VINCULADOS DE IMPOSTOS;116317,08;116317,08;0,0
9406910;2617;2023-12-26 00:00:00;PM PIEDADE DO RIO GRANDE;18.685.438/0001-16;1491;SEGOV;SECRETARIA DE ESTADO DE GOVERNO;42;AUXILIOS;1;AUXILIOS;15;RECURSOS ORDINARIOS - OUTROS RECURSOS NAO VINCULADOS;116317,08;116317,08;116317,08
9406911;480;2023-12-27 00:00:00;PM PARACATU;18.278.051/0001-45;1231;SEAPA;SECRETARIA DE ESTADO DE AGRICULTURA, PECUARIA E ABASTECIMENTO - SEAPA;41;CONTRIBUICOES;1;CONTRIBUICOES;10;RECURSOS ORDINARIOS - RECURSOS NAO VINCULADOS DE IMPOSTOS;454754,83;454754,83;0,0
9406912;483;2023-12-27 00:00:00;PM POCO FUNDO;18.242.792/0001-76;1231;SEAPA;SECRETARIA DE ESTADO DE AGRICULTURA, PECUARIA E ABASTECIMENTO - SEAPA;41;CONTRIBUICOES;1;CONTRIBUICOES;10;RECURSOS ORDINARIOS - RECURSOS NAO VINCULADOS DE IMPOSTOS;550000,0;550000,0;0,0
9406913;2618;2023-12-26 00:00:00;PM PIEDADE DO RIO GRANDE;18.685.438/0001-16;1491;SEGOV;SECRETARIA DE ESTADO DE GOVERNO;42;AUXILIOS;1;AUXILIOS;15;RECURSOS ORDINARIOS - OUTROS RECURSOS NAO VINCULADOS;0,0;0,0;0,0
9406913;2690;2023-12-27 00:00:00;PM PIEDADE DO RIO GRANDE;18.685.438/0001-16;1491;SEGOV;SECRETARIA DE ESTADO DE GOVERNO;42;AUXILIOS;1;AUXILIOS;15;RECURSOS ORDINARIOS - OUTROS RECURSOS NAO VINCULADOS;130986,9;130986,9;130986,9
9406914;479;2023-12-27 00:00:00;PM URUCUIA;25.223.850/0001-80;1231;SEAPA;SECRETARIA DE ESTADO DE AGRICULTURA, PECUARIA E ABASTECIMENTO - SEAPA;41;CONTRIBUICOES;1;CONTRIBUICOES;10;RECURSOS ORDINARIOS - RECURSOS NAO VINCULADOS DE IMPOSTOS;260000,0;260000,0;0,0
9406915;2619;2023-12-26 00:00:00;PM INCONFIDENTES;18.028.829/0001-68;1491;SEGOV;SECRETARIA DE ESTADO DE GOVERNO;42;AUXILIOS;1;AUXILIOS;15;RECURSOS ORDINARIOS - OUTROS RECURSOS NAO VINCULADOS;250000,0;250000,0;250000,0
9406916;2620;2023-12-26 00:00:00;PM SAO TOME DAS LETRAS;18.008.920/0001-11;1491;SEGOV;SECRETARIA DE ESTADO DE GOVERNO;42;AUXILIOS;1;AUXILIOS;15;RECURSOS ORDINARIOS - OUTROS RECURSOS NAO VINCULADOS;291938,24;291938,24;291938,24
9406917;481;2023-12-27 00:00:00;PM PEDRINOPOLIS;18.140.335/0001-70;1231;SEAPA;SECRETARIA DE ESTADO DE AGRICULTURA, PECUARIA E ABASTECIMENTO - SEAPA;41;CONTRIBUICOES;1;CONTRIBUICOES;10;RECURSOS ORDINARIOS - RECURSOS NAO VINCULADOS DE IMPOSTOS;330000,0;330000,0;0,0
9406918;2621;2023-12-26 00:00:00;PM CARMO DA CACHOEIRA;18.240.135/0001-90;1491;SEGOV;SECRETARIA DE ESTADO DE GOVERNO;42;AUXILIOS;1;AUXILIOS;15;RECURSOS ORDINARIOS - OUTROS RECURSOS NAO VINCULADOS;300000,0;300000,0;300000,0
9406919;2622;2023-12-26 00:00:00;PM UBERLANDIA;18.431.312/0001-15;1491;SEGOV;SECRETARIA DE ESTADO DE GOVERNO;42;AUXILIOS;1;AUXILIOS;15;RECURSOS ORDINARIOS - OUTROS RECURSOS NAO VINCULADOS;200000,0;200000,0;200000,0
9406920;482;2023-12-27 00:00:00;PM CRUCILANDIA;18.313.007/0001-29;1231;SEAPA;SECRETARIA DE ESTADO DE AGRICULTURA, PECUARIA E ABASTECIMENTO - SEAPA;41;CONTRIBUICOES;1;CONTRIBUICOES;10;RECURSOS ORDINARIOS - RECURSOS NAO VINCULADOS DE IMPOSTOS;1500000,0;1500000,0;0,0
9406921;2623;2023-12-26 00:00:00;PM IJACI;18.244.400/0001-08;1491;SEGOV;SECRETARIA DE ESTADO DE GOVERNO;42;AUXILIOS;1;AUXILIOS;15;RECURSOS ORDINARIOS - OUTROS RECURSOS NAO VINCULADOS;117492,0;117492,0;117492,0
9406922;459;2023-12-27 00:00:00;PM FREI GASPAR;18.404.913/0001-39;1231;SEAPA;SECRETARIA DE ESTADO DE AGRICULTURA, PECUARIA E ABASTECIMENTO - SEAPA;41;CONTRIBUICOES;1;CONTRIBUICOES;97;TRANSFERENCIAS ESPECIAIS DE RECURSOS DA UNIAO;548556,65;548556,65;548556,65
9406923;2624;2023-12-26 00:00:00;PM IGARAPE;18.715.474/0001-85;1491;SEGOV;SECRETARIA DE ESTADO DE GOVERNO;42;AUXILIOS;1;AUXILIOS;15;RECURSOS ORDINARIOS - OUTROS RECURSOS NAO VINCULADOS;116317,08;116317,08;116317,08
9406924;504;2023-12-28 00:00:00;PM ITAU DE MINAS;23.767.031/0001-78;1231;SEAPA;SECRETARIA DE ESTADO DE AGRICULTURA, PECUARIA E ABASTECIMENTO - SEAPA;41;CONTRIBUICOES;1;CONTRIBUICOES;10;RECURSOS ORDINARIOS - RECURSOS NAO VINCULADOS DE IMPOSTOS;198511,67;198511,67;0,0
9406925;2608;2023-12-26 00:00:00;PM SAO JOAO DO MANHUACU;66.232.521/0001-82;1491;SEGOV;SECRETARIA DE ESTADO DE GOVERNO;42;AUXILIOS;1;AUXILIOS;15;RECURSOS ORDINARIOS - OUTROS RECURSOS NAO VINCULADOS;87737,56;87737,56;87737,56
9406926;2625;2023-12-26 00:00:00;PM JENIPAPO DE MINAS;01.613.376/0001-34;1491;SEGOV;SECRETARIA DE ESTADO DE GOVERNO;42;AUXILIOS;1;AUXILIOS;15;RECURSOS ORDINARIOS - OUTROS RECURSOS NAO VINCULADOS;87737,62;87737,62;87737,62
9406927;2607;2023-12-26 00:00:00;PM FARIA LEMOS;18.114.280/0001-24;1491;SEGOV;SECRETARIA DE ESTADO DE GOVERNO;42;AUXILIOS;1;AUXILIOS;15;RECURSOS ORDINARIOS - OUTROS RECURSOS NAO VINCULADOS;550000,0;550000,0;550000,0
9406928;2626;2023-12-26 00:00:00;PM BOM JESUS DA PENHA;18.187.815/0001-97;1491;SEGOV;SECRETARIA DE ESTADO DE GOVERNO;42;AUXILIOS;1;AUXILIOS;15;RECURSOS ORDINARIOS - OUTROS RECURSOS NAO VINCULADOS;500000,0;500000,0;500000,0
9406930;2669;2023-12-26 00:00:00;PM CLAUDIO;18.308.775/0001-94;1491;SEGOV;SECRETARIA DE ESTADO DE GOVERNO;42;AUXILIOS;1;AUXILIOS;15;RECURSOS ORDINARIOS - OUTROS RECURSOS NAO VINCULADOS;394945,35;394945,35;394945,35
9406931;484;2023-12-23 00:00:00;PM NOVA SERRANA;18.291.385/0001-59;1481;SEDESE;SECRETARIA DE ESTADO DE DESENVOLVIMENTO SOCIAL;42;AUXILIOS;1;AUXILIOS;60;RECURSOS DIRETAMENTE ARRECADADOS;2985000,0;2985000,0;2985000,0
9406932;489;2023-12-23 00:00:00;PM PERDIGAO;18.301.051/0001-19;1481;SEDESE;SECRETARIA DE ESTADO DE DESENVOLVIMENTO SOCIAL;42;AUXILIOS;1;AUXILIOS;60;RECURSOS DIRETAMENTE ARRECADADOS;198000,0;198000,0;0,0
9406933;480;2023-12-23 00:00:00;PM PIUMHI;16.781.346/0001-04;1481;SEDESE;SECRETARIA DE ESTADO DE DESENVOLVIMENTO SOCIAL;42;AUXILIOS;1;AUXILIOS;60;RECURSOS DIRETAMENTE ARRECADADOS;696500,0;696500,0;696500,0
9406934;327;2023-12-23 00:00:00;ASSOCIACAO DE APOIO SOCIAL E CULTURAL RENASCER-AASCR;05.956.125/0001-03;1481;SEDESE;SECRETARIA DE ESTADO DE DESENVOLVIMENTO SOCIAL;43;SUBVENCOES SOCIAIS;1;SUBVENCOES SOCIAIS;10;RECURSOS ORDINARIOS - RECURSOS NAO VINCULADOS DE IMPOSTOS;170000,0;170000,0;170000,0
9406935;325;2023-12-23 00:00:00;LAR NOSSA SENHORA DAS GRACAS;21.383.930/0001-41;1481;SEDESE;SECRETARIA DE ESTADO DE DESENVOLVIMENTO SOCIAL;42;AUXILIOS;1;AUXILIOS;10;RECURSOS ORDINARIOS - RECURSOS NAO VINCULADOS DE IMPOSTOS;88623,86;88623,86;0,0
9406936;329;2023-12-23 00:00:00;ASSOCIACAO DE RECUPERACAO DE VIDAS ASSOREV-CASA DE BETHANIA;09.375.769/0001-69;1481;SEDESE;SECRETARIA DE ESTADO DE DESENVOLVIMENTO SOCIAL;43;SUBVENCOES SOCIAIS;1;SUBVENCOES SOCIAIS;10;RECURSOS ORDINARIOS - RECURSOS NAO VINCULADOS DE IMPOSTOS;100000,0;100000,0;100000,0
9406937;323;2023-12-22 00:00:00;ASSOCIACAO FUNDAMENTAL CIDADE FELIZ;06.093.741/0001-40;1481;SEDESE;SECRETARIA DE ESTADO DE DESENVOLVIMENTO SOCIAL;43;SUBVENCOES SOCIAIS;1;SUBVENCOES SOCIAIS;10;RECURSOS ORDINARIOS - RECURSOS NAO VINCULADOS DE IMPOSTOS;246942,0;246942,0;246942,0
9406937;324;2023-12-22 00:00:00;ASSOCIACAO FUNDAMENTAL CIDADE FELIZ;06.093.741/0001-40;1481;SEDESE;SECRETARIA DE ESTADO DE DESENVOLVIMENTO SOCIAL;42;AUXILIOS;1;AUXILIOS;10;RECURSOS ORDINARIOS - RECURSOS NAO VINCULADOS DE IMPOSTOS;152880,43;152880,43;152880,43
9406938;322;2023-12-22 00:00:00;CONSELHO COMUNITARIO BOA ESPERANCA;02.009.010/0001-13;1481;SEDESE;SECRETARIA DE ESTADO DE DESENVOLVIMENTO SOCIAL;42;AUXILIOS;1;AUXILIOS;10;RECURSOS ORDINARIOS - RECURSOS NAO VINCULADOS DE IMPOSTOS;88623,86;88623,86;88623,86
9406939;336;2023-12-23 00:00:00;ISJB CENTRO SALESIANO DO MENOR;33.583.592/0046-72;1481;SEDESE;SECRETARIA DE ESTADO DE DESENVOLVIMENTO SOCIAL;42;AUXILIOS;1;AUXILIOS;10;RECURSOS ORDINARIOS - RECURSOS NAO VINCULADOS DE IMPOSTOS;95843,18;95843,18;0,0
9406940;461;2023-12-27 00:00:00;ASSOCIACAO DOS MORADORES DO BAIRRO NOVO PROGRESSO II;16.684.664/0001-57;1481;SEDESE;SECRETARIA DE ESTADO DE DESENVOLVIMENTO SOCIAL;42;AUXILIOS;1;AUXILIOS;10;RECURSOS ORDINARIOS - RECURSOS NAO VINCULADOS DE IMPOSTOS;267980,0;267980,0;267980,0
9406941;356;2023-12-23 00:00:00;ASSOCIACAO GRUPAMENTO NOIVA DO CORDEIRO;18.269.207/0001-21;1481;SEDESE;SECRETARIA DE ESTADO DE DESENVOLVIMENTO SOCIAL;42;AUXILIOS;1;AUXILIOS;10;RECURSOS ORDINARIOS - RECURSOS NAO VINCULADOS DE IMPOSTOS;117492,0;117492,0;117492,0
9406942;328;2023-12-23 00:00:00;ASSOCIACAO DOS AMIGOS E USUARIOS DE MEDICAMENTOS EXCEPCIONAIS;20.474.488/0001-04;1481;SEDESE;SECRETARIA DE ESTADO DE DESENVOLVIMENTO SOCIAL;42;AUXILIOS;1;AUXILIOS;10;RECURSOS ORDINARIOS - RECURSOS NAO VINCULADOS DE IMPOSTOS;88623,86;88623,86;88623,86
9406943;272;2023-12-23 00:00:00;PM ROSARIO DA LIMEIRA;01.616.837/0001-22;1481;SEDESE;SECRETARIA DE ESTADO DE DESENVOLVIMENTO SOCIAL;41;CONTRIBUICOES;1;CONTRIBUICOES;38;TRANSFERENCIAS DA UNIAO VINCULADOS AO ESPORTE;229369,38;229369,38;229369,38
9406944;273;2023-12-23 00:00:00;PM VEREDINHA;01.614.685/0001-29;1481;SEDESE;SECRETARIA DE ESTADO DE DESENVOLVIMENTO SOCIAL;41;CONTRIBUICOES;1;CONTRIBUICOES;38;TRANSFERENCIAS DA UNIAO VINCULADOS AO ESPORTE;229369,38;229369,38;0,0
9406945;333;2023-12-23 00:00:00;ASSOCIACAO E PROJETO AGUIA;30.222.023/0001-01;1481;SEDESE;SECRETARIA DE ESTADO DE DESENVOLVIMENTO SOCIAL;43;SUBVENCOES SOCIAIS;1;SUBVENCOES SOCIAIS;10;RECURSOS ORDINARIOS - RECURSOS NAO VINCULADOS DE IMPOSTOS;90000,0;90000,0;90000,0
9406946;330;2023-12-23 00:00:00;COMUNIDADE KOLPING BAIRRO MINASCAIXA;21.949.722/0001-67;1481;SEDESE;SECRETARIA DE ESTADO DE DESENVOLVIMENTO SOCIAL;43;SUBVENCOES SOCIAIS;1;SUBVENCOES SOCIAIS;10;RECURSOS ORDINARIOS - RECURSOS NAO VINCULADOS DE IMPOSTOS;136316,03;136316,03;136316,03
9406946;332;2023-12-23 00:00:00;COMUNIDADE KOLPING BAIRRO MINASCAIXA;21.949.722/0001-67;1481;SEDESE;SECRETARIA DE ESTADO DE DESENVOLVIMENTO SOCIAL;42;AUXILIOS;1;AUXILIOS;10;RECURSOS ORDINARIOS - RECURSOS NAO VINCULADOS DE IMPOSTOS;54388,93;54388,93;54388,93
9406947;337;2023-12-23 00:00:00;LAR DOS IDOSOS SAO VICENTE DE PAULO;20.933.198/0001-73;1481;SEDESE;SECRETARIA DE ESTADO DE DESENVOLVIMENTO SOCIAL;42;AUXILIOS;1;AUXILIOS;10;RECURSOS ORDINARIOS - RECURSOS NAO VINCULADOS DE IMPOSTOS;83891,22;83891,22;83891,22
9406950;338;2023-12-23 00:00:00;APAE JEQUERI;16.878.977/0001-46;1481;SEDESE;SECRETARIA DE ESTADO DE DESENVOLVIMENTO SOCIAL;42;AUXILIOS;1;AUXILIOS;10;RECURSOS ORDINARIOS - RECURSOS NAO VINCULADOS DE IMPOSTOS;198077,02;198077,02;198077,02
9406951;351;2023-12-23 00:00:00;INSTITUTO NOSSA BH;10.907.809/0001-55;1481;SEDESE;SECRETARIA DE ESTADO DE DESENVOLVIMENTO SOCIAL;43;SUBVENCOES SOCIAIS;1;SUBVENCOES SOCIAIS;10;RECURSOS ORDINARIOS - RECURSOS NAO VINCULADOS DE IMPOSTOS;100000,0;100000,0;100000,0
9406952;344;2023-12-23 00:00:00;PROJETO SOCIAL GAROTOS E GAROTAS DA VILA;33.361.862/0001-07;1481;SEDESE;SECRETARIA DE ESTADO DE DESENVOLVIMENTO SOCIAL;43;SUBVENCOES SOCIAIS;1;SUBVENCOES SOCIAIS;10;RECURSOS ORDINARIOS - RECURSOS NAO VINCULADOS DE IMPOSTOS;280000,0;280000,0;280000,0
9406953;343;2023-12-23 00:00:00;ESPORTE CLUBE SOCIAL;18.093.401/0001-07;1481;SEDESE;SECRETARIA DE ESTADO DE DESENVOLVIMENTO SOCIAL;43;SUBVENCOES SOCIAIS;1;SUBVENCOES SOCIAIS;10;RECURSOS ORDINARIOS - RECURSOS NAO VINCULADOS DE IMPOSTOS;100000,0;100000,0;100000,0
9406954;357;2023-12-23 00:00:00;ASSOCIACAO DO BEM ESTAR SOCIAL MUNICIPIO DE GRAO MOGOL ESTADO MG;13.979.354/0001-71;1481;SEDESE;SECRETARIA DE ESTADO DE DESENVOLVIMENTO SOCIAL;42;AUXILIOS;1;AUXILIOS;10;RECURSOS ORDINARIOS - RECURSOS NAO VINCULADOS DE IMPOSTOS;196227,0;196227,0;196227,0
9406955;355;2023-12-23 00:00:00;APAE;07.306.154/0001-55;1481;SEDESE;SECRETARIA DE ESTADO DE DESENVOLVIMENTO SOCIAL;42;AUXILIOS;1;AUXILIOS;10;RECURSOS ORDINARIOS - RECURSOS NAO VINCULADOS DE IMPOSTOS;90000,0;90000,0;90000,0
9406956;354;2023-12-23 00:00:00;ASSOCIACAO PAIS E AMIGOS DOS EXCEPCIONAIS/PATOS DE MINAS;17.835.364/0001-94;1481;SEDESE;SECRETARIA DE ESTADO DE DESENVOLVIMENTO SOCIAL;42;AUXILIOS;1;AUXILIOS;10;RECURSOS ORDINARIOS - RECURSOS NAO VINCULADOS DE IMPOSTOS;127473,72;127473,72;127473,72
9406957;352;2023-12-23 00:00:00;ASSOC. PRIMEIRO DE MAIO DA VILA VISTA ALEGRE;21.127.840/0001-90;1481;SEDESE;SECRETARIA DE ESTADO DE DESENVOLVIMENTO SOCIAL;42;AUXILIOS;1;AUXILIOS;10;RECURSOS ORDINARIOS - RECURSOS NAO VINCULADOS DE IMPOSTOS;210000,0;210000,0;210000,0
9406958;347;2023-12-23 00:00:00;ASSOCIACAO MINEIRA DE ESPORTES E ESCOLAS DE FUTEBOL;40.077.436/0001-01;1481;SEDESE;SECRETARIA DE ESTADO DE DESENVOLVIMENTO SOCIAL;43;SUBVENCOES SOCIAIS;1;SUBVENCOES SOCIAIS;10;RECURSOS ORDINARIOS - RECURSOS NAO VINCULADOS DE IMPOSTOS;100000,0;100000,0;100000,0
9406959;342;2023-12-23 00:00:00;LAR SAO JOSE DA SOCIEDADE SAO VICENTE DE PAULO;18.267.179/0001-03;1481;SEDESE;SECRETARIA DE ESTADO DE DESENVOLVIMENTO SOCIAL;43;SUBVENCOES SOCIAIS;1;SUBVENCOES SOCIAIS;10;RECURSOS ORDINARIOS - RECURSOS NAO VINCULADOS DE IMPOSTOS;150000,0;150000,0;150000,0
9406960;350;2023-12-23 00:00:00;APAE DE BAMBUI;18.357.384/0001-60;1481;SEDESE;SECRETARIA DE ESTADO DE DESENVOLVIMENTO SOCIAL;42;AUXILIOS;1;AUXILIOS;10;RECURSOS ORDINARIOS - RECURSOS NAO VINCULADOS DE IMPOSTOS;95734,46;95734,46;95734,46
9406961;349;2023-12-23 00:00:00;ACAO SOCIAL SANTO ANTONIO;16.986.952/0001-66;1481;SEDESE;SECRETARIA DE ESTADO DE DESENVOLVIMENTO SOCIAL;42;AUXILIOS;1;AUXILIOS;10;RECURSOS ORDINARIOS - RECURSOS NAO VINCULADOS DE IMPOSTOS;132310,0;132310,0;132310,0
9406962;353;2023-12-23 00:00:00;CARITAS BRASILEIRA;33.654.419/0008-92;1481;SEDESE;SECRETARIA DE ESTADO DE DESENVOLVIMENTO SOCIAL;43;SUBVENCOES SOCIAIS;1;SUBVENCOES SOCIAIS;10;RECURSOS ORDINARIOS - RECURSOS NAO VINCULADOS DE IMPOSTOS;90000,0;90000,0;90000,0
9406963;341;2023-12-23 00:00:00;ASSOCIACAO GRUPO SEMENTE ESPERANCA;09.219.133/0001-28;1481;SEDESE;SECRETARIA DE ESTADO DE DESENVOLVIMENTO SOCIAL;42;AUXILIOS;1;AUXILIOS;10;RECURSOS ORDINARIOS - RECURSOS NAO VINCULADOS DE IMPOSTOS;88623,86;88623,86;88623,86
9406964;339;2023-12-23 00:00:00;INSTITUTO EUCLIDES SANCHES JANUARIO;20.949.610/0001-43;1481;SEDESE;SECRETARIA DE ESTADO DE DESENVOLVIMENTO SOCIAL;43;SUBVENCOES SOCIAIS;1;SUBVENCOES SOCIAIS;10;RECURSOS ORDINARIOS - RECURSOS NAO VINCULADOS DE IMPOSTOS;89027,74;89027,74;89027,74
9406965;345;2023-12-23 00:00:00;ASSOCIACAO DOS BAIRROS DE TEOFILO OTONI;21.297.064/0001-76;1481;SEDESE;SECRETARIA DE ESTADO DE DESENVOLVIMENTO SOCIAL;43;SUBVENCOES SOCIAIS;1;SUBVENCOES SOCIAIS;10;RECURSOS ORDINARIOS - RECURSOS NAO VINCULADOS DE IMPOSTOS;200000,0;200000,0;200000,0
9406966;359;2023-12-23 00:00:00;ASSOCIACAO COMUNITARIA DO BAIRRO CIDADE SATELITE;00.251.566/0001-96;1481;SEDESE;SECRETARIA DE ESTADO DE DESENVOLVIMENTO SOCIAL;43;SUBVENCOES SOCIAIS;1;SUBVENCOES SOCIAIS;10;RECURSOS ORDINARIOS - RECURSOS NAO VINCULADOS DE IMPOSTOS;0,0;0,0;0,0
9406966;360;2023-12-23 00:00:00;ASSOCIACAO COMUNITARIA DO BAIRRO CIDADE SATELITE;00.251.566/0001-96;1481;SEDESE;SECRETARIA DE ESTADO DE DESENVOLVIMENTO SOCIAL;42;AUXILIOS;1;AUXILIOS;10;RECURSOS ORDINARIOS - RECURSOS NAO VINCULADOS DE IMPOSTOS;0,0;0,0;0,0
9406966;506;2023-12-27 00:00:00;ASSOCIACAO COMUNITARIA DO BAIRRO CIDADE SATELITE;00.251.566/0001-96;1481;SEDESE;SECRETARIA DE ESTADO DE DESENVOLVIMENTO SOCIAL;43;SUBVENCOES SOCIAIS;1;SUBVENCOES SOCIAIS;10;RECURSOS ORDINARIOS - RECURSOS NAO VINCULADOS DE IMPOSTOS;50000,0;50000,0;50000,0
9406966;507;2023-12-27 00:00:00;ASSOCIACAO COMUNITARIA DO BAIRRO CIDADE SATELITE;00.251.566/0001-96;1481;SEDESE;SECRETARIA DE ESTADO DE DESENVOLVIMENTO SOCIAL;42;AUXILIOS;1;AUXILIOS;10;RECURSOS ORDINARIOS - RECURSOS NAO VINCULADOS DE IMPOSTOS;99623,66;99623,66;99623,66
9406967;362;2023-12-23 00:00:00;ASSOCIACAO BENEFICENTE IRMA CECILIA;00.433.489/0001-95;1481;SEDESE;SECRETARIA DE ESTADO DE DESENVOLVIMENTO SOCIAL;42;AUXILIOS;1;AUXILIOS;10;RECURSOS ORDINARIOS - RECURSOS NAO VINCULADOS DE IMPOSTOS;90000,0;90000,0;90000,0
9406968;363;2023-12-23 00:00:00;ASSOCIACAO LEITURA E AFETO;40.831.808/0001-35;1481;SEDESE;SECRETARIA DE ESTADO DE DESENVOLVIMENTO SOCIAL;42;AUXILIOS;1;AUXILIOS;10;RECURSOS ORDINARIOS - RECURSOS NAO VINCULADOS DE IMPOSTOS;89986,0;89986,0;89986,0
9406969;365;2023-12-23 00:00:00;ASILO SAO VICENTE DE PAULO DE MUZAMBINHO;17.910.472/0001-84;1481;SEDESE;SECRETARIA DE ESTADO DE DESENVOLVIMENTO SOCIAL;42;AUXILIOS;1;AUXILIOS;10;RECURSOS ORDINARIOS - RECURSOS NAO VINCULADOS DE IMPOSTOS;90000,0;90000,0;90000,0
9406970;364;2023-12-23 00:00:00;CARITAS DIOCESANA DE LEOPOLDINA;04.829.428/0001-00;1481;SEDESE;SECRETARIA DE ESTADO DE DESENVOLVIMENTO SOCIAL;42;AUXILIOS;1;AUXILIOS;10;RECURSOS ORDINARIOS - RECURSOS NAO VINCULADOS DE IMPOSTOS;88623,86;88623,86;88623,86
9406971;358;2023-12-23 00:00:00;SAB - SOCIEDADE AMIGA DE BETIM;10.567.195/0001-00;1481;SEDESE;SECRETARIA DE ESTADO DE DESENVOLVIMENTO SOCIAL;43;SUBVENCOES SOCIAIS;1;SUBVENCOES SOCIAIS;10;RECURSOS ORDINARIOS - RECURSOS NAO VINCULADOS DE IMPOSTOS;199990,21;199990,21;199990,21
9406972;369;2023-12-23 00:00:00;ASSOCIACAO MUNICIPAL ASSISTENCIAL ITABIRANA;01.088.664/0001-17;1481;SEDESE;SECRETARIA DE ESTADO DE DESENVOLVIMENTO SOCIAL;42;AUXILIOS;1;AUXILIOS;10;RECURSOS ORDINARIOS - RECURSOS NAO VINCULADOS DE IMPOSTOS;88623,86;88623,86;88623,86
9406973;348;2023-12-23 00:00:00;ASSOCIACAO TIMOTEO ESPORTE CLUBE;11.202.294/0001-50;1481;SEDESE;SECRETARIA DE ESTADO DE DESENVOLVIMENTO SOCIAL;43;SUBVENCOES SOCIAIS;1;SUBVENCOES SOCIAIS;10;RECURSOS ORDINARIOS - RECURSOS NAO VINCULADOS DE IMPOSTOS;99999,96;99999,96;99999,96
9406974;366;2023-12-23 00:00:00;ACAO SOCIAL CENTRO DE REINTEGRACAO A SOCIEDADE MAIS QUE VENCEDORES;16.801.598/0001-58;1481;SEDESE;SECRETARIA DE ESTADO DE DESENVOLVIMENTO SOCIAL;43;SUBVENCOES SOCIAIS;1;SUBVENCOES SOCIAIS;10;RECURSOS ORDINARIOS - RECURSOS NAO VINCULADOS DE IMPOSTOS;99978,0;99978,0;99978,0
9406975;367;2023-12-23 00:00:00;CLUBE ATLETICO POMPEANO;00.086.320/0001-06;1481;SEDESE;SECRETARIA DE ESTADO DE DESENVOLVIMENTO SOCIAL;43;SUBVENCOES SOCIAIS;1;SUBVENCOES SOCIAIS;10;RECURSOS ORDINARIOS - RECURSOS NAO VINCULADOS DE IMPOSTOS;90000,0;90000,0;90000,0
9406976;346;2023-12-23 00:00:00;VILA NOVA FUTEBOL CLUBE;25.706.045/0001-07;1481;SEDESE;SECRETARIA DE ESTADO DE DESENVOLVIMENTO SOCIAL;43;SUBVENCOES SOCIAIS;1;SUBVENCOES SOCIAIS;10;RECURSOS ORDINARIOS - RECURSOS NAO VINCULADOS DE IMPOSTOS;150000,0;150000,0;150000,0
9406977;368;2023-12-23 00:00:00;SOCIEDADE SANTO ANTONO DE PADUA;20.740.114/0001-85;1481;SEDESE;SECRETARIA DE ESTADO DE DESENVOLVIMENTO SOCIAL;43;SUBVENCOES SOCIAIS;1;SUBVENCOES SOCIAIS;10;RECURSOS ORDINARIOS - RECURSOS NAO VINCULADOS DE IMPOSTOS;89534,43;89534,43;89534,43
9406978;386;2023-12-26 00:00:00;FRATERNIDADE ESPIRITA A CAMINHO DA LUZ;27.025.783/0001-14;1481;SEDESE;SECRETARIA DE ESTADO DE DESENVOLVIMENTO SOCIAL;42;AUXILIOS;1;AUXILIOS;10;RECURSOS ORDINARIOS - RECURSOS NAO VINCULADOS DE IMPOSTOS;100000,0;100000,0;100000,0
9406980;361;2023-12-23 00:00:00;PIRANGA ESPORTE CLUBE;00.278.801/0001-13;1481;SEDESE;SECRETARIA DE ESTADO DE DESENVOLVIMENTO SOCIAL;43;SUBVENCOES SOCIAIS;1;SUBVENCOES SOCIAIS;10;RECURSOS ORDINARIOS - RECURSOS NAO VINCULADOS DE IMPOSTOS;150000,0;150000,0;150000,0
9406981;1119;2023-12-27 00:00:00;PM SANTANA DE PIRAPAMA;18.116.178/0001-68;1261;SEE;SECRETARIA DE ESTADO DE EDUCACAO;42;AUXILIOS;1;AUXILIOS;10;RECURSOS ORDINARIOS - RECURSOS NAO VINCULADOS DE IMPOSTOS;318000,0;318000,0;318000,0
9406982;1107;2023-12-27 00:00:00;PM SETE LAGOAS;24.996.969/0001-22;1261;SEE;SECRETARIA DE ESTADO DE EDUCACAO;42;AUXILIOS;1;AUXILIOS;10;RECURSOS ORDINARIOS - RECURSOS NAO VINCULADOS DE IMPOSTOS;299899,97;299899,97;0,0
9406983;1120;2023-12-27 00:00:00;PM PIRAPETINGA;18.092.825/0001-49;1261;SEE;SECRETARIA DE ESTADO DE EDUCACAO;42;AUXILIOS;1;AUXILIOS;10;RECURSOS ORDINARIOS - RECURSOS NAO VINCULADOS DE IMPOSTOS;744000,0;744000,0;744000,0
9406984;274;2023-12-23 00:00:00;PM PAULA CANDIDO;17.763.715/0001-07;1481;SEDESE;SECRETARIA DE ESTADO DE DESENVOLVIMENTO SOCIAL;41;CONTRIBUICOES;1;CONTRIBUICOES;38;TRANSFERENCIAS DA UNIAO VINCULADOS AO ESPORTE;229369,38;229369,38;229369,38
9406985;1121;2023-12-27 00:00:00;PM SANTANA DO RIACHO;18.715.458/0001-92;1261;SEE;SECRETARIA DE ESTADO DE EDUCACAO;42;AUXILIOS;1;AUXILIOS;10;RECURSOS ORDINARIOS - RECURSOS NAO VINCULADOS DE IMPOSTOS;2745622,7;2745622,7;0,0
9406986;1122;2023-12-27 00:00:00;PM CONCEICAO DA PEDRA;18.025.908/0001-15;1261;SEE;SECRETARIA DE ESTADO DE EDUCACAO;42;AUXILIOS;1;AUXILIOS;10;RECURSOS ORDINARIOS - RECURSOS NAO VINCULADOS DE IMPOSTOS;427000,0;427000,0;427000,0
9406987;787;2023-12-23 00:00:00;PM ALPERCATA;18.332.627/0001-05;1301;SEINFRA;SECRETARIA DE ESTADO DE INFRAESTRUTURA, MOBILIDADE E PARCERIAS;42;AUXILIOS;1;AUXILIOS;32;EXPLORACAO DE RECURSOS MINERAIS;1000000,0;1000000,0;1000000,0
9406988;788;2023-12-23 00:00:00;PM ALVINOPOLIS;16.725.392/0001-96;1301;SEINFRA;SECRETARIA DE ESTADO DE INFRAESTRUTURA, MOBILIDADE E PARCERIAS;42;AUXILIOS;1;AUXILIOS;32;EXPLORACAO DE RECURSOS MINERAIS;320000,0;320000,0;320000,0
9406989;1108;2023-12-27 00:00:00;PM DIOGO DE VASCONCELOS;18.295.311/0001-90;1261;SEE;SECRETARIA DE ESTADO DE EDUCACAO;42;AUXILIOS;1;AUXILIOS;10;RECURSOS ORDINARIOS - RECURSOS NAO VINCULADOS DE IMPOSTOS;250000,0;250000,0;0,0
9406990;1109;2023-12-27 00:00:00;PM SETE LAGOAS;24.996.969/0001-22;1261;SEE;SECRETARIA DE ESTADO DE EDUCACAO;42;AUXILIOS;1;AUXILIOS;10;RECURSOS ORDINARIOS - RECURSOS NAO VINCULADOS DE IMPOSTOS;499655,61;499655,61;0,0
9406991;790;2023-12-26 00:00:00;PM CHACARA;18.338.137/0001-16;1301;SEINFRA;SECRETARIA DE ESTADO DE INFRAESTRUTURA, MOBILIDADE E PARCERIAS;42;AUXILIOS;1;AUXILIOS;32;EXPLORACAO DE RECURSOS MINERAIS;300000,0;300000,0;0,0
9406992;2657;2023-12-26 00:00:00;PM MONTE BELO;18.668.376/0001-34;1491;SEGOV;SECRETARIA DE ESTADO DE GOVERNO;42;AUXILIOS;1;AUXILIOS;15;RECURSOS ORDINARIOS - OUTROS RECURSOS NAO VINCULADOS;88123,86;88123,86;88123,86
9406993;2660;2023-12-26 00:00:00;PM VARZEA DA PALMA;18.279.059/0001-26;1491;SEGOV;SECRETARIA DE ESTADO DE GOVERNO;42;AUXILIOS;1;AUXILIOS;15;RECURSOS ORDINARIOS - OUTROS RECURSOS NAO VINCULADOS;88180,55;88180,55;88180,55
9406994;876;2023-12-26 00:00:00;ASSOCIACAO CLUBE LITERARIO TAMBORIL;23.171.985/0001-13;1271;SECULT;SECRETARIA DE ESTADO DE CULTURA E TURISMO;41;CONTRIBUICOES;1;CONTRIBUICOES;10;RECURSOS ORDINARIOS - RECURSOS NAO VINCULADOS DE IMPOSTOS;40000,0;40000,0;40000,0
9406994;877;2023-12-26 00:00:00;ASSOCIACAO CLUBE LITERARIO TAMBORIL;23.171.985/0001-13;1271;SECULT;SECRETARIA DE ESTADO DE CULTURA E TURISMO;42;AUXILIOS;1;AUXILIOS;10;RECURSOS ORDINARIOS - RECURSOS NAO VINCULADOS DE IMPOSTOS;60000,0;60000,0;60000,0
9406995;875;2023-12-26 00:00:00;INSTITUTO IN-CENA;18.304.255/0001-03;1271;SECULT;SECRETARIA DE ESTADO DE CULTURA E TURISMO;41;CONTRIBUICOES;1;CONTRIBUICOES;10;RECURSOS ORDINARIOS - RECURSOS NAO VINCULADOS DE IMPOSTOS;100000,0;100000,0;100000,0
9406996;2627;2023-12-26 00:00:00;PM PIMENTA;16.725.962/0001-48;1491;SEGOV;SECRETARIA DE ESTADO DE GOVERNO;42;AUXILIOS;1;AUXILIOS;15;RECURSOS ORDINARIOS - OUTROS RECURSOS NAO VINCULADOS;500000,0;500000,0;500000,0
9406997;2638;2023-12-26 00:00:00;PM NACIP RAYDAN;18.507.079/0001-07;1491;SEGOV;SECRETARIA DE ESTADO DE GOVERNO;42;AUXILIOS;1;AUXILIOS;15;RECURSOS ORDINARIOS - OUTROS RECURSOS NAO VINCULADOS;500000,0;500000,0;500000,0
9406998;2663;2023-12-26 00:00:00;PM RIO MANSO;18.363.978/0001-83;1491;SEGOV;SECRETARIA DE ESTADO DE GOVERNO;42;AUXILIOS;1;AUXILIOS;15;RECURSOS ORDINARIOS - OUTROS RECURSOS NAO VINCULADOS;87737,62;87737,62;87737,62
9406999;2664;2023-12-26 00:00:00;PM RIO MANSO;18.363.978/0001-83;1491;SEGOV;SECRETARIA DE ESTADO DE GOVERNO;42;AUXILIOS;1;AUXILIOS;15;RECURSOS ORDINARIOS - OUTROS RECURSOS NAO VINCULADOS;87737,62;87737,62;87737,62
9407000;2665;2023-12-26 00:00:00;PM RIO DO PRADO;18.349.936/0001-98;1491;SEGOV;SECRETARIA DE ESTADO DE GOVERNO;42;AUXILIOS;1;AUXILIOS;15;RECURSOS ORDINARIOS - OUTROS RECURSOS NAO VINCULADOS;116317,0;116317,0;116317,0
9407001;2666;2023-12-26 00:00:00;PM TRES CORACOES;17.955.535/0001-19;1491;SEGOV;SECRETARIA DE ESTADO DE GOVERNO;42;AUXILIOS;1;AUXILIOS;15;RECURSOS ORDINARIOS - OUTROS RECURSOS NAO VINCULADOS;338206,47;338206,47;338206,47
9407002;2667;2023-12-26 00:00:00;PM BIQUINHAS;18.296.640/0001-56;1491;SEGOV;SECRETARIA DE ESTADO DE GOVERNO;42;AUXILIOS;1;AUXILIOS;15;RECURSOS ORDINARIOS - OUTROS RECURSOS NAO VINCULADOS;176361,49;0,0;0,0
9407004;2646;2023-12-26 00:00:00;PM MATIAS CARDOSO;25.209.115/0001-11;1491;SEGOV;SECRETARIA DE ESTADO DE GOVERNO;42;AUXILIOS;1;AUXILIOS;15;RECURSOS ORDINARIOS - OUTROS RECURSOS NAO VINCULADOS;0,0;0,0;0,0
9407004;2647;2023-12-26 00:00:00;PM MATIAS CARDOSO;25.209.115/0001-11;1491;SEGOV;SECRETARIA DE ESTADO DE GOVERNO;42;AUXILIOS;1;AUXILIOS;15;RECURSOS ORDINARIOS - OUTROS RECURSOS NAO VINCULADOS;200000,0;0,0;0,0
9407006;2629;2023-12-26 00:00:00;PM SENADOR AMARAL;41.778.556/0001-90;1491;SEGOV;SECRETARIA DE ESTADO DE GOVERNO;42;AUXILIOS;1;AUXILIOS;15;RECURSOS ORDINARIOS - OUTROS RECURSOS NAO VINCULADOS;600000,0;600000,0;600000,0
9407008;2630;2023-12-26 00:00:00;PM CARMOPOLIS DE MINAS;18.312.983/0001-67;1491;SEGOV;SECRETARIA DE ESTADO DE GOVERNO;42;AUXILIOS;1;AUXILIOS;15;RECURSOS ORDINARIOS - OUTROS RECURSOS NAO VINCULADOS;300000,0;0,0;0,0
9407009;2631;2023-12-26 00:00:00;PM CANDEIAS;17.888.090/0001-00;1491;SEGOV;SECRETARIA DE ESTADO DE GOVERNO;42;AUXILIOS;1;AUXILIOS;15;RECURSOS ORDINARIOS - OUTROS RECURSOS NAO VINCULADOS;2000000,0;666666,67;666666,67
9407010;2632;2023-12-26 00:00:00;PM LEOPOLDINA;17.733.643/0001-47;1491;SEGOV;SECRETARIA DE ESTADO DE GOVERNO;42;AUXILIOS;1;AUXILIOS;15;RECURSOS ORDINARIOS - OUTROS RECURSOS NAO VINCULADOS;311331,97;311331,97;311331,97
9407011;2633;2023-12-26 00:00:00;PM SENADOR AMARAL;41.778.556/0001-90;1491;SEGOV;SECRETARIA DE ESTADO DE GOVERNO;42;AUXILIOS;1;AUXILIOS;15;RECURSOS ORDINARIOS - OUTROS RECURSOS NAO VINCULADOS;130620,0;130620,0;130620,0
9407012;2634;2023-12-26 00:00:00;PM CALDAS;18.625.129/0001-50;1491;SEGOV;SECRETARIA DE ESTADO DE GOVERNO;42;AUXILIOS;1;AUXILIOS;15;RECURSOS ORDINARIOS - OUTROS RECURSOS NAO VINCULADOS;270210,51;0,0;0,0
9407013;2648;2023-12-26 00:00:00;PM BURITIZEIRO;18.279.067/0001-72;1491;SEGOV;SECRETARIA DE ESTADO DE GOVERNO;42;AUXILIOS;1;AUXILIOS;15;RECURSOS ORDINARIOS - OUTROS RECURSOS NAO VINCULADOS;1200000,0;1200000,0;1200000,0
9407014;2650;2023-12-26 00:00:00;PM PINGO D'AGUA;01.613.204/0001-60;1491;SEGOV;SECRETARIA DE ESTADO DE GOVERNO;42;AUXILIOS;1;AUXILIOS;15;RECURSOS ORDINARIOS - OUTROS RECURSOS NAO VINCULADOS;88180,75;88180,75;88180,75
9407015;2651;2023-12-26 00:00:00;PM SENADOR CORTES;17.724.576/0001-02;1491;SEGOV;SECRETARIA DE ESTADO DE GOVERNO;42;AUXILIOS;1;AUXILIOS;15;RECURSOS ORDINARIOS - OUTROS RECURSOS NAO VINCULADOS;695220,9;695220,9;695220,9
9407016;2652;2023-12-26 00:00:00;PM JABOTICATUBAS;18.715.417/0001-04;1491;SEGOV;SECRETARIA DE ESTADO DE GOVERNO;42;AUXILIOS;1;AUXILIOS;15;RECURSOS ORDINARIOS - OUTROS RECURSOS NAO VINCULADOS;88623,86;88623,86;88623,86
9407017;2653;2023-12-26 00:00:00;PM JABOTICATUBAS;18.715.417/0001-04;1491;SEGOV;SECRETARIA DE ESTADO DE GOVERNO;42;AUXILIOS;1;AUXILIOS;15;RECURSOS ORDINARIOS - OUTROS RECURSOS NAO VINCULADOS;117492,0;117492,0;117492,0
9407018;2654;2023-12-26 00:00:00;PM MURIAE;17.947.581/0001-76;1491;SEGOV;SECRETARIA DE ESTADO DE GOVERNO;42;AUXILIOS;1;AUXILIOS;15;RECURSOS ORDINARIOS - OUTROS RECURSOS NAO VINCULADOS;88180,74;88180,74;88180,74
9407019;2655;2023-12-26 00:00:00;PM ARCOS;18.306.662/0001-50;1491;SEGOV;SECRETARIA DE ESTADO DE GOVERNO;42;AUXILIOS;1;AUXILIOS;15;RECURSOS ORDINARIOS - OUTROS RECURSOS NAO VINCULADOS;111617,4;111617,4;111617,4
9407020;2656;2023-12-26 00:00:00;PM SAO TIAGO;17.749.904/0001-17;1491;SEGOV;SECRETARIA DE ESTADO DE GOVERNO;42;AUXILIOS;1;AUXILIOS;15;RECURSOS ORDINARIOS - OUTROS RECURSOS NAO VINCULADOS;205015,86;205015,86;205015,86
9407021;2658;2023-12-26 00:00:00;PM CARMOPOLIS DE MINAS;18.312.983/0001-67;1491;SEGOV;SECRETARIA DE ESTADO DE GOVERNO;42;AUXILIOS;1;AUXILIOS;15;RECURSOS ORDINARIOS - OUTROS RECURSOS NAO VINCULADOS;131648,45;0,0;0,0
9407022;2659;2023-12-26 00:00:00;PM BOCAIUVA;18.803.072/0001-32;1491;SEGOV;SECRETARIA DE ESTADO DE GOVERNO;42;AUXILIOS;1;AUXILIOS;15;RECURSOS ORDINARIOS - OUTROS RECURSOS NAO VINCULADOS;116317,08;116317,08;116317,08
9407023;2635;2023-12-26 00:00:00;PM JUIZ DE FORA;18.338.178/0001-02;1491;SEGOV;SECRETARIA DE ESTADO DE GOVERNO;42;AUXILIOS;1;AUXILIOS;15;RECURSOS ORDINARIOS - OUTROS RECURSOS NAO VINCULADOS;394302,0;394302,0;394302,0
9407024;2649;2023-12-26 00:00:00;PM INDIANOPOLIS;18.259.390/0001-84;1491;SEGOV;SECRETARIA DE ESTADO DE GOVERNO;42;AUXILIOS;1;AUXILIOS;15;RECURSOS ORDINARIOS - OUTROS RECURSOS NAO VINCULADOS;650000,0;650000,0;650000,0
9407025;2668;2023-12-26 00:00:00;PM MESQUITA;17.112.061/0001-43;1491;SEGOV;SECRETARIA DE ESTADO DE GOVERNO;42;AUXILIOS;1;AUXILIOS;15;RECURSOS ORDINARIOS - OUTROS RECURSOS NAO VINCULADOS;500000,0;500000,0;500000,0
9407026;2636;2023-12-26 00:00:00;PM DIVISA NOVA;18.243.279/0001-08;1491;SEGOV;SECRETARIA DE ESTADO DE GOVERNO;42;AUXILIOS;1;AUXILIOS;15;RECURSOS ORDINARIOS - OUTROS RECURSOS NAO VINCULADOS;300000,0;300000,0;300000,0
9407029;2637;2023-12-26 00:00:00;PM SAO JOSE DA BARRA;01.616.458/0001-32;1491;SEGOV;SECRETARIA DE ESTADO DE GOVERNO;42;AUXILIOS;1;AUXILIOS;15;RECURSOS ORDINARIOS - OUTROS RECURSOS NAO VINCULADOS;357879,32;357879,32;357879,32
9407030;2639;2023-12-26 00:00:00;PM VARGEM GRANDE DO RIO PARDO;01.612.885/0001-42;1491;SEGOV;SECRETARIA DE ESTADO DE GOVERNO;42;AUXILIOS;1;AUXILIOS;15;RECURSOS ORDINARIOS - OUTROS RECURSOS NAO VINCULADOS;500000,0;500000,0;500000,0
9407031;2661;2023-12-26 00:00:00;PM SIMONESIA;18.385.120/0001-10;1491;SEGOV;SECRETARIA DE ESTADO DE GOVERNO;42;AUXILIOS;1;AUXILIOS;15;RECURSOS ORDINARIOS - OUTROS RECURSOS NAO VINCULADOS;1000000,0;500000,0;500000,0
9407032;1110;2023-12-27 00:00:00;PM SANTA CRUZ DE MINAS;01.615.371/0001-40;1261;SEE;SECRETARIA DE ESTADO DE EDUCACAO;42;AUXILIOS;1;AUXILIOS;10;RECURSOS ORDINARIOS - RECURSOS NAO VINCULADOS DE IMPOSTOS;200000,0;200000,0;0,0
9407033;2628;2023-12-26 00:00:00;PM SAO FRANCISCO DO GLORIA;18.114.231/0001-91;1491;SEGOV;SECRETARIA DE ESTADO DE GOVERNO;42;AUXILIOS;1;AUXILIOS;15;RECURSOS ORDINARIOS - OUTROS RECURSOS NAO VINCULADOS;500000,0;500000,0;500000,0
9407034;1111;2023-12-27 00:00:00;PM FREI GASPAR;18.404.913/0001-39;1261;SEE;SECRETARIA DE ESTADO DE EDUCACAO;42;AUXILIOS;1;AUXILIOS;10;RECURSOS ORDINARIOS - RECURSOS NAO VINCULADOS DE IMPOSTOS;175000,0;175000,0;175000,0
9407035;1123;2023-12-27 00:00:00;PM SILVIANOPOLIS;18.675.942/0001-35;1261;SEE;SECRETARIA DE ESTADO DE EDUCACAO;42;AUXILIOS;1;AUXILIOS;10;RECURSOS ORDINARIOS - RECURSOS NAO VINCULADOS DE IMPOSTOS;745000,0;745000,0;0,0
9407036;2662;2023-12-26 00:00:00;PM JOSENOPOLIS;01.612.503/0001-80;1491;SEGOV;SECRETARIA DE ESTADO DE GOVERNO;42;AUXILIOS;1;AUXILIOS;15;RECURSOS ORDINARIOS - OUTROS RECURSOS NAO VINCULADOS;453912,4;0,0;0,0
9407037;1124;2023-12-27 00:00:00;PM MATA VERDE;66.234.360/0001-66;1261;SEE;SECRETARIA DE ESTADO DE EDUCACAO;42;AUXILIOS;1;AUXILIOS;10;RECURSOS ORDINARIOS - RECURSOS NAO VINCULADOS DE IMPOSTOS;318000,0;318000,0;318000,0
9407038;2640;2023-12-26 00:00:00;PM CORREGO FUNDO;01.614.862/0001-77;1491;SEGOV;SECRETARIA DE ESTADO DE GOVERNO;42;AUXILIOS;1;AUXILIOS;15;RECURSOS ORDINARIOS - OUTROS RECURSOS NAO VINCULADOS;850000,0;425000,0;425000,0
9407039;1125;2023-12-27 00:00:00;PM IPANEMA;18.334.292/0001-64;1261;SEE;SECRETARIA DE ESTADO DE EDUCACAO;42;AUXILIOS;1;AUXILIOS;10;RECURSOS ORDINARIOS - RECURSOS NAO VINCULADOS DE IMPOSTOS;317000,0;317000,0;317000,0
9407040;2641;2023-12-26 00:00:00;PM TURMALINA;25.324.187/0001-00;1491;SEGOV;SECRETARIA DE ESTADO DE GOVERNO;42;AUXILIOS;1;AUXILIOS;15;RECURSOS ORDINARIOS - OUTROS RECURSOS NAO VINCULADOS;600000,0;600000,0;600000,0
9407041;1112;2023-12-27 00:00:00;PM POCOS DE CALDAS;18.629.840/0001-83;1261;SEE;SECRETARIA DE ESTADO DE EDUCACAO;42;AUXILIOS;1;AUXILIOS;10;RECURSOS ORDINARIOS - RECURSOS NAO VINCULADOS DE IMPOSTOS;200000,0;200000,0;0,0
9407042;1126;2023-12-27 00:00:00;PM ITAPECERICA;18.308.742/0001-44;1261;SEE;SECRETARIA DE ESTADO DE EDUCACAO;42;AUXILIOS;1;AUXILIOS;10;RECURSOS ORDINARIOS - RECURSOS NAO VINCULADOS DE IMPOSTOS;427000,0;427000,0;427000,0
9407043;2642;2023-12-26 00:00:00;PM ITUMIRIM;18.244.392/0001-08;1491;SEGOV;SECRETARIA DE ESTADO DE GOVERNO;42;AUXILIOS;1;AUXILIOS;15;RECURSOS ORDINARIOS - OUTROS RECURSOS NAO VINCULADOS;682434,36;682434,36;682434,36
9407045;1113;2023-12-27 00:00:00;PM JURAMENTO;18.017.368/0001-28;1261;SEE;SECRETARIA DE ESTADO DE EDUCACAO;42;AUXILIOS;1;AUXILIOS;10;RECURSOS ORDINARIOS - RECURSOS NAO VINCULADOS DE IMPOSTOS;200000,0;200000,0;200000,0
9407047;2643;2023-12-26 00:00:00;PM SABINOPOLIS;18.307.454/0001-75;1491;SEGOV;SECRETARIA DE ESTADO DE GOVERNO;42;AUXILIOS;1;AUXILIOS;15;RECURSOS ORDINARIOS - OUTROS RECURSOS NAO VINCULADOS;88623,86;0,0;0,0
9407048;1127;2023-12-27 00:00:00;PM PIEDADE DE CARATINGA;01.613.130/0001-62;1261;SEE;SECRETARIA DE ESTADO DE EDUCACAO;42;AUXILIOS;1;AUXILIOS;10;RECURSOS ORDINARIOS - RECURSOS NAO VINCULADOS DE IMPOSTOS;514000,0;514000,0;514000,0
9407050;2644;2023-12-26 00:00:00;PM SALINAS;24.359.333/0001-70;1491;SEGOV;SECRETARIA DE ESTADO DE GOVERNO;42;AUXILIOS;1;AUXILIOS;15;RECURSOS ORDINARIOS - OUTROS RECURSOS NAO VINCULADOS;88178,52;88178,52;88178,52
9407051;1128;2023-12-27 00:00:00;PM IJACI;18.244.400/0001-08;1261;SEE;SECRETARIA DE ESTADO DE EDUCACAO;42;AUXILIOS;1;AUXILIOS;10;RECURSOS ORDINARIOS - RECURSOS NAO VINCULADOS DE IMPOSTOS;427000,0;427000,0;427000,0
9407052;2645;2023-12-26 00:00:00;PM PAVAO;18.404.772/0001-54;1491;SEGOV;SECRETARIA DE ESTADO DE GOVERNO;42;AUXILIOS;1;AUXILIOS;15;RECURSOS ORDINARIOS - OUTROS RECURSOS NAO VINCULADOS;300000,0;300000,0;300000,0
9407053;1129;2023-12-27 00:00:00;PM MUTUM;18.348.086/0001-03;1261;SEE;SECRETARIA DE ESTADO DE EDUCACAO;42;AUXILIOS;1;AUXILIOS;10;RECURSOS ORDINARIOS - RECURSOS NAO VINCULADOS DE IMPOSTOS;427000,0;427000,0;427000,0
9407055;1130;2023-12-27 00:00:00;PM IPANEMA;18.334.292/0001-64;1261;SEE;SECRETARIA DE ESTADO DE EDUCACAO;42;AUXILIOS;1;AUXILIOS;10;RECURSOS ORDINARIOS - RECURSOS NAO VINCULADOS DE IMPOSTOS;854000,0;854000,0;0,0
9407056;69;2023-12-26 00:00:00;APAC GUANHAES;17.019.851/0001-89;1451;SEJUSP;SECRETARIA DE ESTADO DE JUSTICA E SEGURANCA PUBLICA;42;AUXILIOS;1;AUXILIOS;10;RECURSOS ORDINARIOS - RECURSOS NAO VINCULADOS DE IMPOSTOS;500000,0;500000,0;500000,0
9407058;1131;2023-12-27 00:00:00;PM LAGOA SANTA;73.357.469/0001-56;1261;SEE;SECRETARIA DE ESTADO DE EDUCACAO;42;AUXILIOS;1;AUXILIOS;10;RECURSOS ORDINARIOS - RECURSOS NAO VINCULADOS DE IMPOSTOS;427000,0;427000,0;427000,0
9407059;1132;2023-12-27 00:00:00;PM SAO BRAS DO SUACUI;20.356.754/0001-96;1261;SEE;SECRETARIA DE ESTADO DE EDUCACAO;42;AUXILIOS;1;AUXILIOS;10;RECURSOS ORDINARIOS - RECURSOS NAO VINCULADOS DE IMPOSTOS;318000,0;318000,0;318000,0
9407060;1114;2023-12-27 00:00:00;PM SOLEDADE DE MINAS;18.188.235/0001-14;1261;SEE;SECRETARIA DE ESTADO DE EDUCACAO;42;AUXILIOS;1;AUXILIOS;10;RECURSOS ORDINARIOS - RECURSOS NAO VINCULADOS DE IMPOSTOS;250000,0;250000,0;250000,0
9407062;1115;2023-12-27 00:00:00;PM ITANHOMI;18.493.239/0001-06;1261;SEE;SECRETARIA DE ESTADO DE EDUCACAO;42;AUXILIOS;1;AUXILIOS;10;RECURSOS ORDINARIOS - RECURSOS NAO VINCULADOS DE IMPOSTOS;100000,0;100000,0;100000,0
9407063;1133;2023-12-27 00:00:00;PM TUPACIGUARA;18.260.489/0001-04;1261;SEE;SECRETARIA DE ESTADO DE EDUCACAO;42;AUXILIOS;1;AUXILIOS;10;RECURSOS ORDINARIOS - RECURSOS NAO VINCULADOS DE IMPOSTOS;427000,0;427000,0;427000,0
9407065;1134;2023-12-27 00:00:00;PM FORMOSO;18.125.153/0001-20;1261;SEE;SECRETARIA DE ESTADO DE EDUCACAO;42;AUXILIOS;1;AUXILIOS;10;RECURSOS ORDINARIOS - RECURSOS NAO VINCULADOS DE IMPOSTOS;501666,67;501666,67;501666,67
9407067;1135;2023-12-27 00:00:00;PM BIAS FORTES;18.094.771/0001-50;1261;SEE;SECRETARIA DE ESTADO DE EDUCACAO;42;AUXILIOS;1;AUXILIOS;10;RECURSOS ORDINARIOS - RECURSOS NAO VINCULADOS DE IMPOSTOS;318000,0;318000,0;318000,0
9407070;1136;2023-12-27 00:00:00;PM ENGENHEIRO NAVARRO;17.697.152/0001-98;1261;SEE;SECRETARIA DE ESTADO DE EDUCACAO;42;AUXILIOS;1;AUXILIOS;10;RECURSOS ORDINARIOS - RECURSOS NAO VINCULADOS DE IMPOSTOS;514000,0;514000,0;514000,0
9407072;1137;2023-12-27 00:00:00;PM SAO JOAQUIM DE BICAS;01.612.516/0001-50;1261;SEE;SECRETARIA DE ESTADO DE EDUCACAO;42;AUXILIOS;1;AUXILIOS;10;RECURSOS ORDINARIOS - RECURSOS NAO VINCULADOS DE IMPOSTOS;1281000,0;1281000,0;0,0
9407074;1138;2023-12-27 00:00:00;PM CASSIA;17.894.049/0001-38;1261;SEE;SECRETARIA DE ESTADO DE EDUCACAO;42;AUXILIOS;1;AUXILIOS;10;RECURSOS ORDINARIOS - RECURSOS NAO VINCULADOS DE IMPOSTOS;427000,0;427000,0;427000,0
9407384;388;2023-12-26 00:00:00;APAE CARATINGA;18.333.633/0001-87;1481;SEDESE;SECRETARIA DE ESTADO DE DESENVOLVIMENTO SOCIAL;43;SUBVENCOES SOCIAIS;1;SUBVENCOES SOCIAIS;10;RECURSOS ORDINARIOS - RECURSOS NAO VINCULADOS DE IMPOSTOS;90000,0;90000,0;90000,0
9407390;336;2023-12-27 00:00:00;PM CARANDAI;18.094.797/0001-07;1221;SEDE;SECRETARIA DE ESTADO DE DESENVOLVIMENTO ECONOMICO;41;CONTRIBUICOES;1;CONTRIBUICOES;32;EXPLORACAO DE RECURSOS MINERAIS;458532,75;297505,0;0,0
9407443;901;2023-12-27 00:00:00;FUNDACAO DE APOIO AO DESENVOLVIMENTO DO ENSINO SUPERIOR DO NORTE DE MI;01.440.615/0001-00;1271;SECULT;SECRETARIA DE ESTADO DE CULTURA E TURISMO;41;CONTRIBUICOES;1;CONTRIBUICOES;10;RECURSOS ORDINARIOS - RECURSOS NAO VINCULADOS DE IMPOSTOS;81500,0;81500,0;0,0
9407443;903;2023-12-27 00:00:00;FUNDACAO DE APOIO AO DESENVOLVIMENTO DO ENSINO SUPERIOR DO NORTE DE MI;01.440.615/0001-00;1271;SECULT;SECRETARIA DE ESTADO DE CULTURA E TURISMO;42;AUXILIOS;1;AUXILIOS;10;RECURSOS ORDINARIOS - RECURSOS NAO VINCULADOS DE IMPOSTOS;8500,0;8500,0;0,0
9407445;899;2023-12-27 00:00:00;CENTRO NACIONAL DE AFRICANIDADE E RESISTENCIA AFRO BRASILEIRO;23.830.941/0001-58;1271;SECULT;SECRETARIA DE ESTADO DE CULTURA E TURISMO;41;CONTRIBUICOES;1;CONTRIBUICOES;10;RECURSOS ORDINARIOS - RECURSOS NAO VINCULADOS DE IMPOSTOS;500000,0;500000,0;0,0
9407446;798;2023-12-27 00:00:00;PM SAO JOSE DO DIVINO;18.404.988/0001-10;1301;SEINFRA;SECRETARIA DE ESTADO DE INFRAESTRUTURA, MOBILIDADE E PARCERIAS;42;AUXILIOS;1;AUXILIOS;32;EXPLORACAO DE RECURSOS MINERAIS;1500000,0;1500000,0;0,0
9407447;893;2023-12-27 00:00:00;ACPC - ASSOCIACAO DOS CICLISTAS DE POCOS DE CALDAS;34.508.638/0001-50;1271;SECULT;SECRETARIA DE ESTADO DE CULTURA E TURISMO;41;CONTRIBUICOES;1;CONTRIBUICOES;95;RECURSOS RECEBIDOS POR DANOS ADVINDOS DE DESASTRES SOCIOAMBIENTAIS;99651,27;99651,27;0,0
9407448;2688;2023-12-27 00:00:00;PM PRATA;18.260.505/0001-50;1491;SEGOV;SECRETARIA DE ESTADO DE GOVERNO;42;AUXILIOS;1;AUXILIOS;15;RECURSOS ORDINARIOS - OUTROS RECURSOS NAO VINCULADOS;1000000,0;1000000,0;0,0
9407449;894;2023-12-27 00:00:00;CENTRO NACIONAL DE AFRICANIDADE E RESISTENCIA AFRO BRASILEIRO;23.830.941/0001-58;1271;SECULT;SECRETARIA DE ESTADO DE CULTURA E TURISMO;41;CONTRIBUICOES;1;CONTRIBUICOES;10;RECURSOS ORDINARIOS - RECURSOS NAO VINCULADOS DE IMPOSTOS;50000,0;50000,0;0,0
9407449;895;2023-12-27 00:00:00;CENTRO NACIONAL DE AFRICANIDADE E RESISTENCIA AFRO BRASILEIRO;23.830.941/0001-58;1271;SECULT;SECRETARIA DE ESTADO DE CULTURA E TURISMO;42;AUXILIOS;1;AUXILIOS;10;RECURSOS ORDINARIOS - RECURSOS NAO VINCULADOS DE IMPOSTOS;50000,0;50000,0;0,0
9407450;795;2023-12-27 00:00:00;PM CONGONHAL;18.675.967/0001-39;1301;SEINFRA;SECRETARIA DE ESTADO DE INFRAESTRUTURA, MOBILIDADE E PARCERIAS;42;AUXILIOS;1;AUXILIOS;32;EXPLORACAO DE RECURSOS MINERAIS;740000,0;740000,0;0,0
9407451;475;2023-12-27 00:00:00;PM FAMA;18.243.253/0001-51;1231;SEAPA;SECRETARIA DE ESTADO DE AGRICULTURA, PECUARIA E ABASTECIMENTO - SEAPA;41;CONTRIBUICOES;1;CONTRIBUICOES;10;RECURSOS ORDINARIOS - RECURSOS NAO VINCULADOS DE IMPOSTOS;549883,87;549883,87;0,0
9407452;885;2023-12-27 00:00:00;ASSOCIACAO CULTURAL ARTISTICA E DESPORTIVA CAMPANHIA XADREZ DANCE;19.035.386/0001-03;1271;SECULT;SECRETARIA DE ESTADO DE CULTURA E TURISMO;41;CONTRIBUICOES;1;CONTRIBUICOES;10;RECURSOS ORDINARIOS - RECURSOS NAO VINCULADOS DE IMPOSTOS;90000,0;90000,0;90000,0
9407453;473;2023-12-27 00:00:00;PM VARZELANDIA;18.017.467/0001-00;1231;SEAPA;SECRETARIA DE ESTADO DE AGRICULTURA, PECUARIA E ABASTECIMENTO - SEAPA;41;CONTRIBUICOES;1;CONTRIBUICOES;10;RECURSOS ORDINARIOS - RECURSOS NAO VINCULADOS DE IMPOSTOS;330000,0;330000,0;0,0
9407454;904;2023-12-27 00:00:00;INSTITUTO PEDRA VIVA;08.878.503/0001-76;1271;SECULT;SECRETARIA DE ESTADO DE CULTURA E TURISMO;41;CONTRIBUICOES;1;CONTRIBUICOES;10;RECURSOS ORDINARIOS - RECURSOS NAO VINCULADOS DE IMPOSTOS;88810,0;88810,0;0,0
9407456;2677;2023-12-27 00:00:00;PM RESENDE COSTA;17.749.912/0001-63;1491;SEGOV;SECRETARIA DE ESTADO DE GOVERNO;42;AUXILIOS;1;AUXILIOS;15;RECURSOS ORDINARIOS - OUTROS RECURSOS NAO VINCULADOS;88123,86;0,0;0,0
9407457;878;2023-12-26 00:00:00;CENTRO ILE ASE ALAKETU EBA IFE ORUM AYE;23.103.484/0001-08;1271;SECULT;SECRETARIA DE ESTADO DE CULTURA E TURISMO;41;CONTRIBUICOES;1;CONTRIBUICOES;10;RECURSOS ORDINARIOS - RECURSOS NAO VINCULADOS DE IMPOSTOS;72000,0;72000,0;0,0
9407457;879;2023-12-26 00:00:00;CENTRO ILE ASE ALAKETU EBA IFE ORUM AYE;23.103.484/0001-08;1271;SECULT;SECRETARIA DE ESTADO DE CULTURA E TURISMO;42;AUXILIOS;1;AUXILIOS;10;RECURSOS ORDINARIOS - RECURSOS NAO VINCULADOS DE IMPOSTOS;48000,0;48000,0;0,0
9407458;453;2023-12-27 00:00:00;FEDERACAO DE COOPERATIVAS DA AGRICULTURA FAMILIAR E ECONOMIA SOLIDARIA;30.549.459/0001-00;1231;SEAPA;SECRETARIA DE ESTADO DE AGRICULTURA, PECUARIA E ABASTECIMENTO - SEAPA;41;CONTRIBUICOES;1;CONTRIBUICOES;10;RECURSOS ORDINARIOS - RECURSOS NAO VINCULADOS DE IMPOSTOS;500000,0;500000,0;500000,0
9407459;464;2023-12-27 00:00:00;PM SERRA DOS AIMORES;18.398.966/0001-94;1231;SEAPA;SECRETARIA DE ESTADO DE AGRICULTURA, PECUARIA E ABASTECIMENTO - SEAPA;41;CONTRIBUICOES;1;CONTRIBUICOES;97;TRANSFERENCIAS ESPECIAIS DE RECURSOS DA UNIAO;547623,35;547623,35;0,0
9407460;2680;2023-12-27 00:00:00;PM CIPOTANEA;18.094.805/0001-07;1491;SEGOV;SECRETARIA DE ESTADO DE GOVERNO;42;AUXILIOS;1;AUXILIOS;15;RECURSOS ORDINARIOS - OUTROS RECURSOS NAO VINCULADOS;131648,45;0,0;0,0
9407461;6551;2023-12-27 00:00:00;FUNDACAO CRISTIANO VARELLA;00.961.315/0001-03;4291;FES;FUNDO ESTADUAL DE SAUDE;42;AUXILIOS;1;AUXILIOS;10;RECURSOS ORDINARIOS - RECURSOS NAO VINCULADOS DE IMPOSTOS;6163960,24;6163960,24;0,0
9407462;391;2023-12-26 00:00:00;CEAMI - REABILITACAO PARA A VIDA;03.744.116/0001-23;1481;SEDESE;SECRETARIA DE ESTADO DE DESENVOLVIMENTO SOCIAL;42;AUXILIOS;1;AUXILIOS;10;RECURSOS ORDINARIOS - RECURSOS NAO VINCULADOS DE IMPOSTOS;100149,99;100149,99;0,0
9407463;796;2023-12-27 00:00:00;PM DOM BOSCO;01.602.782/0001-00;1301;SEINFRA;SECRETARIA DE ESTADO DE INFRAESTRUTURA, MOBILIDADE E PARCERIAS;42;AUXILIOS;1;AUXILIOS;32;EXPLORACAO DE RECURSOS MINERAIS;1500000,0;1500000,0;1500000,0
9407464;469;2023-12-27 00:00:00;ISEPEM-INSTITUTO SOCIAL, EDUCACIONAL E DE PESQUISA DE MINAS GERAIS;03.687.756/0001-49;1481;SEDESE;SECRETARIA DE ESTADO DE DESENVOLVIMENTO SOCIAL;43;SUBVENCOES SOCIAIS;1;SUBVENCOES SOCIAIS;10;RECURSOS ORDINARIOS - RECURSOS NAO VINCULADOS DE IMPOSTOS;245000,0;245000,0;0,0
9407464;472;2023-12-27 00:00:00;ISEPEM-INSTITUTO SOCIAL, EDUCACIONAL E DE PESQUISA DE MINAS GERAIS;03.687.756/0001-49;1481;SEDESE;SECRETARIA DE ESTADO DE DESENVOLVIMENTO SOCIAL;42;AUXILIOS;1;AUXILIOS;10;RECURSOS ORDINARIOS - RECURSOS NAO VINCULADOS DE IMPOSTOS;30000,0;30000,0;0,0
9407465;6556;2023-12-28 00:00:00;PM JANUARIA;21.461.546/0001-10;4291;FES;FUNDO ESTADUAL DE SAUDE;42;AUXILIOS;1;AUXILIOS;10;RECURSOS ORDINARIOS - RECURSOS NAO VINCULADOS DE IMPOSTOS;1852834,98;1852834,98;0,0
9407469;794;2023-12-27 00:00:00;PM DIVISOPOLIS;66.234.311/0001-23;1301;SEINFRA;SECRETARIA DE ESTADO DE INFRAESTRUTURA, MOBILIDADE E PARCERIAS;42;AUXILIOS;1;AUXILIOS;15;RECURSOS ORDINARIOS - OUTROS RECURSOS NAO VINCULADOS;300000,0;300000,0;300000,0
9407470;6552;2023-12-28 00:00:00;IRMANDADE DE NOSSA SENHORA DA SAUDE;20.081.238/0001-04;4291;FES;FUNDO ESTADUAL DE SAUDE;42;AUXILIOS;1;AUXILIOS;10;RECURSOS ORDINARIOS - RECURSOS NAO VINCULADOS DE IMPOSTOS;1339610,7;1339610,7;0,0
9407471;2671;2023-12-27 00:00:00;PM CAMPINA VERDE;18.457.291/0001-07;1491;SEGOV;SECRETARIA DE ESTADO DE GOVERNO;42;AUXILIOS;1;AUXILIOS;15;RECURSOS ORDINARIOS - OUTROS RECURSOS NAO VINCULADOS;300000,0;0,0;0,0
9407472;902;2023-12-27 00:00:00;ASSOCIACAO RECREATIVA ESCOLA DE SAMBA INOCENTES DE SANTA TEREZA;06.282.278/0001-85;1271;SECULT;SECRETARIA DE ESTADO DE CULTURA E TURISMO;41;CONTRIBUICOES;1;CONTRIBUICOES;10;RECURSOS ORDINARIOS - RECURSOS NAO VINCULADOS DE IMPOSTOS;90000,0;90000,0;0,0
9407473;793;2023-12-27 00:00:00;PM SENADOR JOSE BENTO;18.675.926/0001-42;1301;SEINFRA;SECRETARIA DE ESTADO DE INFRAESTRUTURA, MOBILIDADE E PARCERIAS;42;AUXILIOS;1;AUXILIOS;15;RECURSOS ORDINARIOS - OUTROS RECURSOS NAO VINCULADOS;245000,0;245000,0;0,0
9407474;6546;2023-12-27 00:00:00;FUNDACAO DE DESENVOLVIMENTO DA PESQUISA;18.720.938/0001-41;4291;FES;FUNDO ESTADUAL DE SAUDE;42;AUXILIOS;1;AUXILIOS;10;RECURSOS ORDINARIOS - RECURSOS NAO VINCULADOS DE IMPOSTOS;3475680,1;3475680,1;0,0
9407475;797;2023-12-27 00:00:00;PM SAO GERALDO DA PIEDADE;18.307.470/0001-68;1301;SEINFRA;SECRETARIA DE ESTADO DE INFRAESTRUTURA, MOBILIDADE E PARCERIAS;42;AUXILIOS;1;AUXILIOS;10;RECURSOS ORDINARIOS - RECURSOS NAO VINCULADOS DE IMPOSTOS;5000000,0;5000000,0;0,0
9407476;800;2023-12-27 00:00:00;PM DIVINOPOLIS;18.291.351/0001-64;1301;SEINFRA;SECRETARIA DE ESTADO DE INFRAESTRUTURA, MOBILIDADE E PARCERIAS;42;AUXILIOS;1;AUXILIOS;32;EXPLORACAO DE RECURSOS MINERAIS;1820000,0;1820000,0;0,0
9407477;2681;2023-12-27 00:00:00;PM CAPELA NOVA;19.259.951/0001-08;1491;SEGOV;SECRETARIA DE ESTADO DE GOVERNO;42;AUXILIOS;1;AUXILIOS;15;RECURSOS ORDINARIOS - OUTROS RECURSOS NAO VINCULADOS;175475,22;175475,22;0,0
9407478;792;2023-12-27 00:00:00;PM SIMONESIA;18.385.120/0001-10;1301;SEINFRA;SECRETARIA DE ESTADO DE INFRAESTRUTURA, MOBILIDADE E PARCERIAS;42;AUXILIOS;1;AUXILIOS;10;RECURSOS ORDINARIOS - RECURSOS NAO VINCULADOS DE IMPOSTOS;1200000,0;1200000,0;0,0
9407479;1361;2023-12-27 00:00:00;APAE DE LAMBARI;21.404.397/0001-57;4251;FEAS;FUNDO ESTADUAL DE ASSISTENCIA SOCIAL;43;SUBVENCOES SOCIAIS;1;SUBVENCOES SOCIAIS;71;RECURSOS DO FUNDO ESTADUAL DE ERRADICACAO DA MISERIA;84615,63;84615,63;0,0
9407480;801;2023-12-27 00:00:00;PM CAMPO BELO;18.659.334/0001-37;1301;SEINFRA;SECRETARIA DE ESTADO DE INFRAESTRUTURA, MOBILIDADE E PARCERIAS;42;AUXILIOS;1;AUXILIOS;32;EXPLORACAO DE RECURSOS MINERAIS;500000,0;500000,0;0,0
9407481;294;2023-12-27 00:00:00;PM DURANDE;66.232.547/0001-20;1481;SEDESE;SECRETARIA DE ESTADO DE DESENVOLVIMENTO SOCIAL;41;CONTRIBUICOES;1;CONTRIBUICOES;38;TRANSFERENCIAS DA UNIAO VINCULADOS AO ESPORTE;229369,38;229369,38;0,0
9407482;2682;2023-12-27 00:00:00;PM IBERTIOGA;18.094.839/0001-00;1491;SEGOV;SECRETARIA DE ESTADO DE GOVERNO;42;AUXILIOS;1;AUXILIOS;15;RECURSOS ORDINARIOS - OUTROS RECURSOS NAO VINCULADOS;130986,9;0,0;0,0
9407483;300;2023-12-27 00:00:00;PM LADAINHA;18.404.863/0001-90;1481;SEDESE;SECRETARIA DE ESTADO DE DESENVOLVIMENTO SOCIAL;42;AUXILIOS;1;AUXILIOS;38;TRANSFERENCIAS DA UNIAO VINCULADOS AO ESPORTE;242731,7;242731,7;0,0
9407484;293;2023-12-27 00:00:00;ASSOCIACAO MINEIRA DO PARADESPORTO - AMPADESPORTO;29.335.005/0001-57;1481;SEDESE;SECRETARIA DE ESTADO DE DESENVOLVIMENTO SOCIAL;43;SUBVENCOES SOCIAIS;1;SUBVENCOES SOCIAIS;38;TRANSFERENCIAS DA UNIAO VINCULADOS AO ESPORTE;99986,59;99986,59;0,0
9407485;412;2023-12-26 00:00:00;INSTITUTO EM PROL DO DESENVOLVIMENTO INTEGRADO E PLURAL DAS COMUNIDADE;34.607.687/0001-40;1481;SEDESE;SECRETARIA DE ESTADO DE DESENVOLVIMENTO SOCIAL;43;SUBVENCOES SOCIAIS;1;SUBVENCOES SOCIAIS;10;RECURSOS ORDINARIOS - RECURSOS NAO VINCULADOS DE IMPOSTOS;90000,0;90000,0;0,0
9407489;6;2023-12-27 00:00:00;ORQUESTRA JOVEM DAS GERAIS;02.280.984/0001-37;4091;FIA;FUNDO PARA A INFANCIA E A ADOLESCENCIA;43;SUBVENCOES SOCIAIS;1;SUBVENCOES SOCIAIS;45;DOACOES DE PESSOAS, DE INSTITUICOES PRIVADAS OU DO EXTERIOR A ORGAO E ENTIDADES DO ESTADO;800000,0;800000,0;800000,0
9407490;535;2023-12-27 00:00:00;PM DIAMANTINA;17.754.136/0001-90;1481;SEDESE;SECRETARIA DE ESTADO DE DESENVOLVIMENTO SOCIAL;42;AUXILIOS;1;AUXILIOS;60;RECURSOS DIRETAMENTE ARRECADADOS;1990000,0;1990000,0;0,0
9407491;532;2023-12-27 00:00:00;PM BOCAIUVA;18.803.072/0001-32;1481;SEDESE;SECRETARIA DE ESTADO DE DESENVOLVIMENTO SOCIAL;42;AUXILIOS;1;AUXILIOS;60;RECURSOS DIRETAMENTE ARRECADADOS;336600,0;336600,0;0,0
9407492;531;2023-12-27 00:00:00;PM SALINAS;24.359.333/0001-70;1481;SEDESE;SECRETARIA DE ESTADO DE DESENVOLVIMENTO SOCIAL;42;AUXILIOS;1;AUXILIOS;60;RECURSOS DIRETAMENTE ARRECADADOS;596984,93;596984,93;0,0
9407493;394;2023-12-26 00:00:00;PM FORTUNA DE MINAS;18.116.145/0001-18;1481;SEDESE;SECRETARIA DE ESTADO DE DESENVOLVIMENTO SOCIAL;41;CONTRIBUICOES;1;CONTRIBUICOES;15;RECURSOS ORDINARIOS - OUTROS RECURSOS NAO VINCULADOS;499396,04;499396,04;499396,04
9407494;533;2023-12-27 00:00:00;PM GUANHAES;18.307.439/0001-27;1481;SEDESE;SECRETARIA DE ESTADO DE DESENVOLVIMENTO SOCIAL;42;AUXILIOS;1;AUXILIOS;60;RECURSOS DIRETAMENTE ARRECADADOS;1054700,0;1054700,0;0,0
9407495;392;2023-12-26 00:00:00;ONG JUVENTUDE COM ATITUDE - JUCA - CONTAGEM;09.184.794/0001-65;1481;SEDESE;SECRETARIA DE ESTADO DE DESENVOLVIMENTO SOCIAL;43;SUBVENCOES SOCIAIS;1;SUBVENCOES SOCIAIS;10;RECURSOS ORDINARIOS - RECURSOS NAO VINCULADOS DE IMPOSTOS;1200000,0;1200000,0;0,0
9407496;398;2023-12-26 00:00:00;PM CAPIM BRANCO;18.314.617/0001-47;1481;SEDESE;SECRETARIA DE ESTADO DE DESENVOLVIMENTO SOCIAL;41;CONTRIBUICOES;1;CONTRIBUICOES;15;RECURSOS ORDINARIOS - OUTROS RECURSOS NAO VINCULADOS;750000,0;750000,0;0,0
9407497;306;2023-12-27 00:00:00;PM SERRA AZUL DE MINAS;18.303.230/0001-95;1481;SEDESE;SECRETARIA DE ESTADO DE DESENVOLVIMENTO SOCIAL;42;AUXILIOS;1;AUXILIOS;60;RECURSOS DIRETAMENTE ARRECADADOS;250000,0;250000,0;0,0
9407498;2683;2023-12-27 00:00:00;PM ANTONIO CARLOS;18.094.763/0001-04;1491;SEGOV;SECRETARIA DE ESTADO DE GOVERNO;42;AUXILIOS;1;AUXILIOS;15;RECURSOS ORDINARIOS - OUTROS RECURSOS NAO VINCULADOS;338206,47;0,0;0,0
9407499;429;2023-12-26 00:00:00;ASSOCIACAO DOS PEQ PROD RURAIS DA REGIAO DE FURADO DO PEIXE;74.126.277/0001-00;1481;SEDESE;SECRETARIA DE ESTADO DE DESENVOLVIMENTO SOCIAL;42;AUXILIOS;1;AUXILIOS;10;RECURSOS ORDINARIOS - RECURSOS NAO VINCULADOS DE IMPOSTOS;88623,86;88623,86;0,0
9407500;476;2023-12-27 00:00:00;PM BUGRE;01.613.126/0001-02;1481;SEDESE;SECRETARIA DE ESTADO DE DESENVOLVIMENTO SOCIAL;42;AUXILIOS;1;AUXILIOS;15;RECURSOS ORDINARIOS - OUTROS RECURSOS NAO VINCULADOS;800000,0;800000,0;0,0
9407501;419;2023-12-26 00:00:00;CENTRO CULTURAL DONA ANTONIA;08.279.756/0001-23;1481;SEDESE;SECRETARIA DE ESTADO DE DESENVOLVIMENTO SOCIAL;43;SUBVENCOES SOCIAIS;1;SUBVENCOES SOCIAIS;10;RECURSOS ORDINARIOS - RECURSOS NAO VINCULADOS DE IMPOSTOS;150000,0;150000,0;0,0
9407502;311;2023-12-27 00:00:00;PM CATUGI;26.218.636/0001-06;1481;SEDESE;SECRETARIA DE ESTADO DE DESENVOLVIMENTO SOCIAL;42;AUXILIOS;1;AUXILIOS;60;RECURSOS DIRETAMENTE ARRECADADOS;250000,0;250000,0;0,0
9407503;479;2023-12-27 00:00:00;ASSOCIACAO ZEIZA DOJO;24.313.258/0001-06;1481;SEDESE;SECRETARIA DE ESTADO DE DESENVOLVIMENTO SOCIAL;43;SUBVENCOES SOCIAIS;1;SUBVENCOES SOCIAIS;10;RECURSOS ORDINARIOS - RECURSOS NAO VINCULADOS DE IMPOSTOS;109960,71;109960,71;0,0
9407503;480;2023-12-27 00:00:00;ASSOCIACAO ZEIZA DOJO;24.313.258/0001-06;1481;SEDESE;SECRETARIA DE ESTADO DE DESENVOLVIMENTO SOCIAL;42;AUXILIOS;1;AUXILIOS;10;RECURSOS ORDINARIOS - RECURSOS NAO VINCULADOS DE IMPOSTOS;89401,22;89401,22;0,0
9407504;1360;2023-12-27 00:00:00;APAE DE FLORESTAL;00.215.385/0001-04;4251;FEAS;FUNDO ESTADUAL DE ASSISTENCIA SOCIAL;43;SUBVENCOES SOCIAIS;1;SUBVENCOES SOCIAIS;71;RECURSOS DO FUNDO ESTADUAL DE ERRADICACAO DA MISERIA;112820,83;112820,83;0,0
9407505;442;2023-12-27 00:00:00;PM NINHEIRA;01.612.495/0001-72;1481;SEDESE;SECRETARIA DE ESTADO DE DESENVOLVIMENTO SOCIAL;42;AUXILIOS;1;AUXILIOS;15;RECURSOS ORDINARIOS - OUTROS RECURSOS NAO VINCULADOS;550000,0;550000,0;0,0
9407506;471;2023-12-27 00:00:00;PM CAMPINA VERDE;18.457.291/0001-07;1231;SEAPA;SECRETARIA DE ESTADO DE AGRICULTURA, PECUARIA E ABASTECIMENTO - SEAPA;41;CONTRIBUICOES;1;CONTRIBUICOES;10;RECURSOS ORDINARIOS - RECURSOS NAO VINCULADOS DE IMPOSTOS;330000,0;330000,0;0,0
9407507;445;2023-12-27 00:00:00;PM JOAO PINHEIRO;16.930.299/0001-13;1481;SEDESE;SECRETARIA DE ESTADO DE DESENVOLVIMENTO SOCIAL;42;AUXILIOS;1;AUXILIOS;15;RECURSOS ORDINARIOS - OUTROS RECURSOS NAO VINCULADOS;300000,0;300000,0;0,0
9407508;390;2023-12-26 00:00:00;CENTRO DE FORMACAO SAO JOSE;03.949.517/0001-10;1481;SEDESE;SECRETARIA DE ESTADO DE DESENVOLVIMENTO SOCIAL;43;SUBVENCOES SOCIAIS;1;SUBVENCOES SOCIAIS;10;RECURSOS ORDINARIOS - RECURSOS NAO VINCULADOS DE IMPOSTOS;100000,0;100000,0;100000,0
9407509;453;2023-12-27 00:00:00;ASSOCIACAO MINEIRA DE EDUCACAO CONTINUADA ASMEC;05.263.848/0001-27;1481;SEDESE;SECRETARIA DE ESTADO DE DESENVOLVIMENTO SOCIAL;43;SUBVENCOES SOCIAIS;1;SUBVENCOES SOCIAIS;10;RECURSOS ORDINARIOS - RECURSOS NAO VINCULADOS DE IMPOSTOS;180000,0;180000,0;0,0
9407510;503;2023-12-27 00:00:00;PM CONCEICAO DAS ALAGOAS;18.428.854/0001-39;1481;SEDESE;SECRETARIA DE ESTADO DE DESENVOLVIMENTO SOCIAL;42;AUXILIOS;1;AUXILIOS;15;RECURSOS ORDINARIOS - OUTROS RECURSOS NAO VINCULADOS;400000,0;400000,0;0,0
9407512;427;2023-12-26 00:00:00;CTCBS-COMUNIDADE TERAPEUTICA COLONIA BOM SAMARITANO;01.257.931/0001-32;1481;SEDESE;SECRETARIA DE ESTADO DE DESENVOLVIMENTO SOCIAL;42;AUXILIOS;1;AUXILIOS;10;RECURSOS ORDINARIOS - RECURSOS NAO VINCULADOS DE IMPOSTOS;89931,65;89931,65;89931,65
9407513;423;2023-12-26 00:00:00;IDEAL FUTEBOL CLUBE;20.853.826/0001-00;1481;SEDESE;SECRETARIA DE ESTADO DE DESENVOLVIMENTO SOCIAL;43;SUBVENCOES SOCIAIS;1;SUBVENCOES SOCIAIS;10;RECURSOS ORDINARIOS - RECURSOS NAO VINCULADOS DE IMPOSTOS;300472,15;300472,15;300472,15
9407514;2679;2023-12-27 00:00:00;PM NOVA ERA;16.819.831/0001-20;1491;SEGOV;SECRETARIA DE ESTADO DE GOVERNO;42;AUXILIOS;1;AUXILIOS;15;RECURSOS ORDINARIOS - OUTROS RECURSOS NAO VINCULADOS;88180,63;0,0;0,0
9407515;443;2023-12-27 00:00:00;PM MERCES;17.744.442/0001-45;1481;SEDESE;SECRETARIA DE ESTADO DE DESENVOLVIMENTO SOCIAL;42;AUXILIOS;1;AUXILIOS;15;RECURSOS ORDINARIOS - OUTROS RECURSOS NAO VINCULADOS;500000,0;500000,0;0,0
9407517;401;2023-12-26 00:00:00;AGENCIA NACIONAL DE DES E RECURSOS ASSISTENCIAIS DO POVO CIGANO;32.023.907/0001-62;1481;SEDESE;SECRETARIA DE ESTADO DE DESENVOLVIMENTO SOCIAL;42;AUXILIOS;1;AUXILIOS;10;RECURSOS ORDINARIOS - RECURSOS NAO VINCULADOS DE IMPOSTOS;100000,0;100000,0;0,0
9407518;424;2023-12-26 00:00:00;CENTRO DE TECNOLOGIAS ALTERNATIVAS DA ZONA DA MATA;20.323.796/0001-20;1481;SEDESE;SECRETARIA DE ESTADO DE DESENVOLVIMENTO SOCIAL;43;SUBVENCOES SOCIAIS;1;SUBVENCOES SOCIAIS;10;RECURSOS ORDINARIOS - RECURSOS NAO VINCULADOS DE IMPOSTOS;87533,77;87533,77;0,0
9407518;425;2023-12-26 00:00:00;CENTRO DE TECNOLOGIAS ALTERNATIVAS DA ZONA DA MATA;20.323.796/0001-20;1481;SEDESE;SECRETARIA DE ESTADO DE DESENVOLVIMENTO SOCIAL;42;AUXILIOS;1;AUXILIOS;10;RECURSOS ORDINARIOS - RECURSOS NAO VINCULADOS DE IMPOSTOS;12455,4;12455,4;0,0
9407519;478;2023-12-27 00:00:00;PM PARACATU;18.278.051/0001-45;1481;SEDESE;SECRETARIA DE ESTADO DE DESENVOLVIMENTO SOCIAL;42;AUXILIOS;1;AUXILIOS;15;RECURSOS ORDINARIOS - OUTROS RECURSOS NAO VINCULADOS;250000,0;250000,0;0,0
9407520;475;2023-12-27 00:00:00;INSTITUTO ASSISTENCIAL PLURIVIDAS;30.269.950/0001-87;1481;SEDESE;SECRETARIA DE ESTADO DE DESENVOLVIMENTO SOCIAL;42;AUXILIOS;1;AUXILIOS;10;RECURSOS ORDINARIOS - RECURSOS NAO VINCULADOS DE IMPOSTOS;341622,7;341622,7;0,0
9407521;512;2023-12-27 00:00:00;PM ITURAMA;18.457.242/0001-74;1481;SEDESE;SECRETARIA DE ESTADO DE DESENVOLVIMENTO SOCIAL;42;AUXILIOS;1;AUXILIOS;15;RECURSOS ORDINARIOS - OUTROS RECURSOS NAO VINCULADOS;177568,51;177568,51;177568,51
9407522;420;2023-12-26 00:00:00;LIGA DESP. DE CONSELHEIRO LAFAIETE;18.381.392/0001-41;1481;SEDESE;SECRETARIA DE ESTADO DE DESENVOLVIMENTO SOCIAL;43;SUBVENCOES SOCIAIS;1;SUBVENCOES SOCIAIS;10;RECURSOS ORDINARIOS - RECURSOS NAO VINCULADOS DE IMPOSTOS;320000,0;320000,0;0,0
9407523;418;2023-12-26 00:00:00;INSTITUTO GALO;35.777.212/0001-64;1481;SEDESE;SECRETARIA DE ESTADO DE DESENVOLVIMENTO SOCIAL;43;SUBVENCOES SOCIAIS;1;SUBVENCOES SOCIAIS;10;RECURSOS ORDINARIOS - RECURSOS NAO VINCULADOS DE IMPOSTOS;90000,0;90000,0;0,0
9407524;415;2023-12-26 00:00:00;FUNDACAO OASIS;01.030.958/0001-98;1481;SEDESE;SECRETARIA DE ESTADO DE DESENVOLVIMENTO SOCIAL;43;SUBVENCOES SOCIAIS;1;SUBVENCOES SOCIAIS;10;RECURSOS ORDINARIOS - RECURSOS NAO VINCULADOS DE IMPOSTOS;90000,0;90000,0;0,0
9407525;513;2023-12-27 00:00:00;PM ALTO JEQUITIBA;18.392.506/0001-59;1481;SEDESE;SECRETARIA DE ESTADO DE DESENVOLVIMENTO SOCIAL;42;AUXILIOS;1;AUXILIOS;15;RECURSOS ORDINARIOS - OUTROS RECURSOS NAO VINCULADOS;300000,0;300000,0;0,0
9407526;2684;2023-12-27 00:00:00;PM SANTANA DO JACARE;17.888.116/0001-01;1491;SEGOV;SECRETARIA DE ESTADO DE GOVERNO;42;AUXILIOS;1;AUXILIOS;15;RECURSOS ORDINARIOS - OUTROS RECURSOS NAO VINCULADOS;218724,53;218724,53;0,0
9407527;402;2023-12-26 00:00:00;ASSOCIACAO DA ESCOLINHA DE FUTEBOL DO MUNIC.FRANCISCO SA;08.646.303/0001-98;1481;SEDESE;SECRETARIA DE ESTADO DE DESENVOLVIMENTO SOCIAL;43;SUBVENCOES SOCIAIS;1;SUBVENCOES SOCIAIS;10;RECURSOS ORDINARIOS - RECURSOS NAO VINCULADOS DE IMPOSTOS;17950,0;17950,0;0,0
9407527;405;2023-12-26 00:00:00;ASSOCIACAO DA ESCOLINHA DE FUTEBOL DO MUNIC.FRANCISCO SA;08.646.303/0001-98;1481;SEDESE;SECRETARIA DE ESTADO DE DESENVOLVIMENTO SOCIAL;42;AUXILIOS;1;AUXILIOS;10;RECURSOS ORDINARIOS - RECURSOS NAO VINCULADOS DE IMPOSTOS;82050,0;82050,0;0,0
9407528;474;2023-12-27 00:00:00;CENTRO DE TECNOLOGIAS ALTERNATIVAS DA ZONA DA MATA;20.323.796/0001-20;1481;SEDESE;SECRETARIA DE ESTADO DE DESENVOLVIMENTO SOCIAL;43;SUBVENCOES SOCIAIS;1;SUBVENCOES SOCIAIS;10;RECURSOS ORDINARIOS - RECURSOS NAO VINCULADOS DE IMPOSTOS;71728,04;71728,04;0,0
9407528;477;2023-12-27 00:00:00;CENTRO DE TECNOLOGIAS ALTERNATIVAS DA ZONA DA MATA;20.323.796/0001-20;1481;SEDESE;SECRETARIA DE ESTADO DE DESENVOLVIMENTO SOCIAL;42;AUXILIOS;1;AUXILIOS;10;RECURSOS ORDINARIOS - RECURSOS NAO VINCULADOS DE IMPOSTOS;58271,83;58271,83;0,0
9407529;307;2023-12-27 00:00:00;PM ARAPONGA;18.132.167/0001-71;1481;SEDESE;SECRETARIA DE ESTADO DE DESENVOLVIMENTO SOCIAL;42;AUXILIOS;1;AUXILIOS;60;RECURSOS DIRETAMENTE ARRECADADOS;250000,0;250000,0;0,0
9407530;473;2023-12-27 00:00:00;ASSOCIACAO MINEIRA DE DEFESA DOS DIREITOS DOS AUTISTAS AMDDA;11.814.815/0001-20;1481;SEDESE;SECRETARIA DE ESTADO DE DESENVOLVIMENTO SOCIAL;43;SUBVENCOES SOCIAIS;1;SUBVENCOES SOCIAIS;10;RECURSOS ORDINARIOS - RECURSOS NAO VINCULADOS DE IMPOSTOS;90000,0;90000,0;0,0
9407531;466;2023-12-27 00:00:00;ASSOCIACAO DE PAIS E AMIGOS DOS EXCEPCIONAIS;00.909.916/0001-69;1481;SEDESE;SECRETARIA DE ESTADO DE DESENVOLVIMENTO SOCIAL;43;SUBVENCOES SOCIAIS;1;SUBVENCOES SOCIAIS;10;RECURSOS ORDINARIOS - RECURSOS NAO VINCULADOS DE IMPOSTOS;89567,8;89567,8;0,0
9407532;514;2023-12-27 00:00:00;PM JUATUBA;64.487.614/0001-22;1481;SEDESE;SECRETARIA DE ESTADO DE DESENVOLVIMENTO SOCIAL;42;AUXILIOS;1;AUXILIOS;15;RECURSOS ORDINARIOS - OUTROS RECURSOS NAO VINCULADOS;300000,0;300000,0;300000,0
9407534;407;2023-12-26 00:00:00;INSTITUTO DE DESENVOLVIMENTO SUSTENTAVEL CONEXAO;19.643.045/0001-02;1481;SEDESE;SECRETARIA DE ESTADO DE DESENVOLVIMENTO SOCIAL;43;SUBVENCOES SOCIAIS;1;SUBVENCOES SOCIAIS;10;RECURSOS ORDINARIOS - RECURSOS NAO VINCULADOS DE IMPOSTOS;89999,14;89999,14;89999,14
9407535;510;2023-12-27 00:00:00;PM GRUPIARA;17.827.858/0001-27;1481;SEDESE;SECRETARIA DE ESTADO DE DESENVOLVIMENTO SOCIAL;42;AUXILIOS;1;AUXILIOS;15;RECURSOS ORDINARIOS - OUTROS RECURSOS NAO VINCULADOS;300000,0;300000,0;0,0
9407536;422;2023-12-26 00:00:00;ABRACO ASSOCIACAO BRASILEIRA COMUNITARIA PARA A PREVENCAO DO ABUSO DE;25.572.199/0001-53;1481;SEDESE;SECRETARIA DE ESTADO DE DESENVOLVIMENTO SOCIAL;43;SUBVENCOES SOCIAIS;1;SUBVENCOES SOCIAIS;10;RECURSOS ORDINARIOS - RECURSOS NAO VINCULADOS DE IMPOSTOS;98800,0;98800,0;0,0
9407537;2673;2023-12-27 00:00:00;PM JABOTICATUBAS;18.715.417/0001-04;1491;SEGOV;SECRETARIA DE ESTADO DE GOVERNO;42;AUXILIOS;1;AUXILIOS;15;RECURSOS ORDINARIOS - OUTROS RECURSOS NAO VINCULADOS;200000,0;0,0;0,0
9407538;284;2023-12-26 00:00:00;PM SAO JOSE DO JACURI;18.409.201/0001-02;1481;SEDESE;SECRETARIA DE ESTADO DE DESENVOLVIMENTO SOCIAL;42;AUXILIOS;1;AUXILIOS;60;RECURSOS DIRETAMENTE ARRECADADOS;250000,0;250000,0;0,0
9407539;414;2023-12-26 00:00:00;FRENTE DE APOIO AO MENOR-FAM;19.125.723/0001-45;1481;SEDESE;SECRETARIA DE ESTADO DE DESENVOLVIMENTO SOCIAL;42;AUXILIOS;1;AUXILIOS;10;RECURSOS ORDINARIOS - RECURSOS NAO VINCULADOS DE IMPOSTOS;90000,0;90000,0;0,0
9407540;410;2023-12-26 00:00:00;INSTITUTO ONDE A ARTE SE UNE AO ESPORTE;10.990.787/0001-30;1481;SEDESE;SECRETARIA DE ESTADO DE DESENVOLVIMENTO SOCIAL;42;AUXILIOS;1;AUXILIOS;10;RECURSOS ORDINARIOS - RECURSOS NAO VINCULADOS DE IMPOSTOS;146289,08;146289,08;146289,08
9407541;305;2023-12-27 00:00:00;PM INDIANOPOLIS;18.259.390/0001-84;1481;SEDESE;SECRETARIA DE ESTADO DE DESENVOLVIMENTO SOCIAL;42;AUXILIOS;1;AUXILIOS;38;TRANSFERENCIAS DA UNIAO VINCULADOS AO ESPORTE;132543,29;132543,29;0,0
9407542;299;2023-12-27 00:00:00;PM FRUTA DE LEITE;01.612.483/0001-48;1481;SEDESE;SECRETARIA DE ESTADO DE DESENVOLVIMENTO SOCIAL;42;AUXILIOS;1;AUXILIOS;38;TRANSFERENCIAS DA UNIAO VINCULADOS AO ESPORTE;232963,45;232963,45;0,0
9407543;439;2023-12-27 00:00:00;INSTITUTO SOCIAL MAIS VIVO;21.171.012/0001-59;1481;SEDESE;SECRETARIA DE ESTADO DE DESENVOLVIMENTO SOCIAL;43;SUBVENCOES SOCIAIS;1;SUBVENCOES SOCIAIS;10;RECURSOS ORDINARIOS - RECURSOS NAO VINCULADOS DE IMPOSTOS;89997,21;89997,21;0,0
9407544;511;2023-12-27 00:00:00;PM LAGOA FORMOSA;18.602.078/0001-41;1481;SEDESE;SECRETARIA DE ESTADO DE DESENVOLVIMENTO SOCIAL;42;AUXILIOS;1;AUXILIOS;15;RECURSOS ORDINARIOS - OUTROS RECURSOS NAO VINCULADOS;600000,0;600000,0;600000,0
9407545;428;2023-12-26 00:00:00;ASSOCIACAO DE PAIS E AMIGOS DOS EXCEPCIONAIS;20.067.328/0001-32;1481;SEDESE;SECRETARIA DE ESTADO DE DESENVOLVIMENTO SOCIAL;42;AUXILIOS;1;AUXILIOS;10;RECURSOS ORDINARIOS - RECURSOS NAO VINCULADOS DE IMPOSTOS;150000,0;150000,0;0,0
9407546;516;2023-12-27 00:00:00;PM MATIPO;18.385.104/0001-27;1481;SEDESE;SECRETARIA DE ESTADO DE DESENVOLVIMENTO SOCIAL;42;AUXILIOS;1;AUXILIOS;15;RECURSOS ORDINARIOS - OUTROS RECURSOS NAO VINCULADOS;560000,0;560000,0;0,0
9407547;446;2023-12-27 00:00:00;CARITAS BRASILEIRA;33.654.419/0008-92;1481;SEDESE;SECRETARIA DE ESTADO DE DESENVOLVIMENTO SOCIAL;43;SUBVENCOES SOCIAIS;1;SUBVENCOES SOCIAIS;10;RECURSOS ORDINARIOS - RECURSOS NAO VINCULADOS DE IMPOSTOS;179936,13;179936,13;179936,13
9407547;450;2023-12-27 00:00:00;CARITAS BRASILEIRA;33.654.419/0008-92;1481;SEDESE;SECRETARIA DE ESTADO DE DESENVOLVIMENTO SOCIAL;42;AUXILIOS;1;AUXILIOS;10;RECURSOS ORDINARIOS - RECURSOS NAO VINCULADOS DE IMPOSTOS;20000,0;20000,0;20000,0
9407548;518;2023-12-27 00:00:00;PM BUGRE;01.613.126/0001-02;1481;SEDESE;SECRETARIA DE ESTADO DE DESENVOLVIMENTO SOCIAL;42;AUXILIOS;1;AUXILIOS;15;RECURSOS ORDINARIOS - OUTROS RECURSOS NAO VINCULADOS;300000,0;300000,0;0,0
9407549;2674;2023-12-27 00:00:00;PM UBERABA;18.428.839/0001-90;1491;SEGOV;SECRETARIA DE ESTADO DE GOVERNO;42;AUXILIOS;1;AUXILIOS;15;RECURSOS ORDINARIOS - OUTROS RECURSOS NAO VINCULADOS;84192,66;84192,66;0,0
9407550;464;2023-12-27 00:00:00;CARITAS DIOCESANA DE ARACUAI;20.817.755/0001-90;1481;SEDESE;SECRETARIA DE ESTADO DE DESENVOLVIMENTO SOCIAL;43;SUBVENCOES SOCIAIS;1;SUBVENCOES SOCIAIS;10;RECURSOS ORDINARIOS - RECURSOS NAO VINCULADOS DE IMPOSTOS;15000,0;15000,0;0,0
9407550;465;2023-12-27 00:00:00;CARITAS DIOCESANA DE ARACUAI;20.817.755/0001-90;1481;SEDESE;SECRETARIA DE ESTADO DE DESENVOLVIMENTO SOCIAL;43;SUBVENCOES SOCIAIS;1;SUBVENCOES SOCIAIS;10;RECURSOS ORDINARIOS - RECURSOS NAO VINCULADOS DE IMPOSTOS;0,0;0,0;0,0
9407550;467;2023-12-27 00:00:00;CARITAS DIOCESANA DE ARACUAI;20.817.755/0001-90;1481;SEDESE;SECRETARIA DE ESTADO DE DESENVOLVIMENTO SOCIAL;42;AUXILIOS;1;AUXILIOS;10;RECURSOS ORDINARIOS - RECURSOS NAO VINCULADOS DE IMPOSTOS;85000,0;85000,0;0,0
9407551;520;2023-12-27 00:00:00;PM BIAS FORTES;18.094.771/0001-50;1481;SEDESE;SECRETARIA DE ESTADO DE DESENVOLVIMENTO SOCIAL;42;AUXILIOS;1;AUXILIOS;15;RECURSOS ORDINARIOS - OUTROS RECURSOS NAO VINCULADOS;300000,0;300000,0;0,0
9407552;468;2023-12-27 00:00:00;EXITUS INSTITUTO SOCIOAMBIENTAL;09.455.869/0001-03;1481;SEDESE;SECRETARIA DE ESTADO DE DESENVOLVIMENTO SOCIAL;42;AUXILIOS;1;AUXILIOS;10;RECURSOS ORDINARIOS - RECURSOS NAO VINCULADOS DE IMPOSTOS;99907,33;99907,33;0,0
9407553;283;2023-12-26 00:00:00;PM FREI LAGONEGRO;01.615.008/0001-25;1481;SEDESE;SECRETARIA DE ESTADO DE DESENVOLVIMENTO SOCIAL;42;AUXILIOS;1;AUXILIOS;38;TRANSFERENCIAS DA UNIAO VINCULADOS AO ESPORTE;79033,01;79033,01;0,0
9407554;406;2023-12-26 00:00:00;ASS COM DAS MULHERES QUILOMBOLAS DA COM DE SAO SEBASTIAO E ADJACENCIAS;30.060.247/0001-64;1481;SEDESE;SECRETARIA DE ESTADO DE DESENVOLVIMENTO SOCIAL;42;AUXILIOS;1;AUXILIOS;10;RECURSOS ORDINARIOS - RECURSOS NAO VINCULADOS DE IMPOSTOS;88623,86;88623,86;0,0
9407556;393;2023-12-26 00:00:00;PM JOAO MONLEVADE;18.401.059/0001-57;1481;SEDESE;SECRETARIA DE ESTADO DE DESENVOLVIMENTO SOCIAL;42;AUXILIOS;1;AUXILIOS;15;RECURSOS ORDINARIOS - OUTROS RECURSOS NAO VINCULADOS;284700,0;284700,0;0,0
9407557;2675;2023-12-27 00:00:00;PM CONCEICAO DA BARRA DE MINAS;18.557.587/0001-08;1491;SEGOV;SECRETARIA DE ESTADO DE GOVERNO;42;AUXILIOS;1;AUXILIOS;15;RECURSOS ORDINARIOS - OUTROS RECURSOS NAO VINCULADOS;87737,0;87737,0;0,0
9407558;515;2023-12-27 00:00:00;PM UBERLANDIA;18.431.312/0001-15;1481;SEDESE;SECRETARIA DE ESTADO DE DESENVOLVIMENTO SOCIAL;42;AUXILIOS;1;AUXILIOS;15;RECURSOS ORDINARIOS - OUTROS RECURSOS NAO VINCULADOS;400000,0;400000,0;0,0
9407559;279;2023-12-26 00:00:00;ASSOCIACAO BURITIS DE ESPORTE E CULTURA;12.382.472/0001-35;1481;SEDESE;SECRETARIA DE ESTADO DE DESENVOLVIMENTO SOCIAL;42;AUXILIOS;1;AUXILIOS;10;RECURSOS ORDINARIOS - RECURSOS NAO VINCULADOS DE IMPOSTOS;334786,68;334786,68;0,0
9407560;282;2023-12-26 00:00:00;PM DIOGO DE VASCONCELOS;18.295.311/0001-90;1481;SEDESE;SECRETARIA DE ESTADO DE DESENVOLVIMENTO SOCIAL;42;AUXILIOS;1;AUXILIOS;60;RECURSOS DIRETAMENTE ARRECADADOS;250000,0;250000,0;0,0
9407561;519;2023-12-27 00:00:00;PM CAETANOPOLIS;23.221.351/0001-28;1481;SEDESE;SECRETARIA DE ESTADO DE DESENVOLVIMENTO SOCIAL;42;AUXILIOS;1;AUXILIOS;15;RECURSOS ORDINARIOS - OUTROS RECURSOS NAO VINCULADOS;600000,0;600000,0;0,0
9407562;399;2023-12-26 00:00:00;PM GONZAGA;18.307.421/0001-25;1481;SEDESE;SECRETARIA DE ESTADO DE DESENVOLVIMENTO SOCIAL;42;AUXILIOS;1;AUXILIOS;15;RECURSOS ORDINARIOS - OUTROS RECURSOS NAO VINCULADOS;570000,0;570000,0;0,0
9407563;460;2023-12-27 00:00:00;APAE ASSOCIAC DE PAIS E AMIGOS DOS EXCEP DE S SEBAST DO ANTA;07.364.381/0001-37;1481;SEDESE;SECRETARIA DE ESTADO DE DESENVOLVIMENTO SOCIAL;42;AUXILIOS;1;AUXILIOS;10;RECURSOS ORDINARIOS - RECURSOS NAO VINCULADOS DE IMPOSTOS;90000,0;90000,0;0,0
9407564;455;2023-12-27 00:00:00;PM LARANJAL;17.947.615/0001-22;1481;SEDESE;SECRETARIA DE ESTADO DE DESENVOLVIMENTO SOCIAL;42;AUXILIOS;1;AUXILIOS;15;RECURSOS ORDINARIOS - OUTROS RECURSOS NAO VINCULADOS;300000,0;300000,0;0,0
9407565;304;2023-12-27 00:00:00;PM BONFIM;18.363.945/0001-33;1481;SEDESE;SECRETARIA DE ESTADO DE DESENVOLVIMENTO SOCIAL;42;AUXILIOS;1;AUXILIOS;60;RECURSOS DIRETAMENTE ARRECADADOS;250000,0;250000,0;0,0
9407566;308;2023-12-27 00:00:00;PM UNIAO DE MINAS;01.051.819/0001-40;1481;SEDESE;SECRETARIA DE ESTADO DE DESENVOLVIMENTO SOCIAL;42;AUXILIOS;1;AUXILIOS;60;RECURSOS DIRETAMENTE ARRECADADOS;250000,0;250000,0;0,0
9407567;505;2023-12-27 00:00:00;PM FAMA;18.243.253/0001-51;1481;SEDESE;SECRETARIA DE ESTADO DE DESENVOLVIMENTO SOCIAL;42;AUXILIOS;1;AUXILIOS;15;RECURSOS ORDINARIOS - OUTROS RECURSOS NAO VINCULADOS;450000,0;450000,0;0,0
9407568;2678;2023-12-27 00:00:00;PM JEQUERI;18.316.166/0001-87;1491;SEGOV;SECRETARIA DE ESTADO DE GOVERNO;42;AUXILIOS;1;AUXILIOS;15;RECURSOS ORDINARIOS - OUTROS RECURSOS NAO VINCULADOS;362595,95;0,0;0,0
9407569;281;2023-12-26 00:00:00;PM NINHEIRA;01.612.495/0001-72;1481;SEDESE;SECRETARIA DE ESTADO DE DESENVOLVIMENTO SOCIAL;42;AUXILIOS;1;AUXILIOS;60;RECURSOS DIRETAMENTE ARRECADADOS;250000,0;250000,0;0,0
9407570;400;2023-12-26 00:00:00;ASSOCIACAO DE PAIS E AMIGOS DOS EXCEPCIONAIS DE EUGENOPOLIS;04.677.750/0001-53;1481;SEDESE;SECRETARIA DE ESTADO DE DESENVOLVIMENTO SOCIAL;42;AUXILIOS;1;AUXILIOS;10;RECURSOS ORDINARIOS - RECURSOS NAO VINCULADOS DE IMPOSTOS;89774,46;89774,46;89774,46
9407571;395;2023-12-26 00:00:00;PM SANTA ROSA DA SERRA;18.192.252/0001-25;1481;SEDESE;SECRETARIA DE ESTADO DE DESENVOLVIMENTO SOCIAL;42;AUXILIOS;1;AUXILIOS;15;RECURSOS ORDINARIOS - OUTROS RECURSOS NAO VINCULADOS;397887,66;397887,66;0,0
9407572;426;2023-12-26 00:00:00;ASSOCIACAO DE PAIS E AMIGOS DO HANDEBOL E FUTSAL DE MARTINHO CAMPOS;05.465.088/0001-30;1481;SEDESE;SECRETARIA DE ESTADO DE DESENVOLVIMENTO SOCIAL;43;SUBVENCOES SOCIAIS;1;SUBVENCOES SOCIAIS;10;RECURSOS ORDINARIOS - RECURSOS NAO VINCULADOS DE IMPOSTOS;89990,02;89990,02;0,0
9407573;280;2023-12-26 00:00:00;PM ALTEROSA;18.243.238/0001-03;1481;SEDESE;SECRETARIA DE ESTADO DE DESENVOLVIMENTO SOCIAL;42;AUXILIOS;1;AUXILIOS;38;TRANSFERENCIAS DA UNIAO VINCULADOS AO ESPORTE;79895,68;79895,68;0,0
9407574;408;2023-12-26 00:00:00;PM ORIZANIA;01.616.271/0001-39;1481;SEDESE;SECRETARIA DE ESTADO DE DESENVOLVIMENTO SOCIAL;42;AUXILIOS;1;AUXILIOS;15;RECURSOS ORDINARIOS - OUTROS RECURSOS NAO VINCULADOS;200000,0;200000,0;0,0
9407575;436;2023-12-27 00:00:00;ASSOCIACAO DE APOIO SOCIAL E CULTURAL RENASCER-AASCR;05.956.125/0001-03;1481;SEDESE;SECRETARIA DE ESTADO DE DESENVOLVIMENTO SOCIAL;42;AUXILIOS;1;AUXILIOS;10;RECURSOS ORDINARIOS - RECURSOS NAO VINCULADOS DE IMPOSTOS;200000,0;200000,0;0,0
9407576;416;2023-12-26 00:00:00;CASA DE APOIO A CRIANCA CARENTE;00.211.504/0001-50;1481;SEDESE;SECRETARIA DE ESTADO DE DESENVOLVIMENTO SOCIAL;43;SUBVENCOES SOCIAIS;1;SUBVENCOES SOCIAIS;10;RECURSOS ORDINARIOS - RECURSOS NAO VINCULADOS DE IMPOSTOS;200000,0;200000,0;0,0
9407577;2676;2023-12-27 00:00:00;PM MONTE AZUL;18.650.945/0001-14;1491;SEGOV;SECRETARIA DE ESTADO DE GOVERNO;42;AUXILIOS;1;AUXILIOS;15;RECURSOS ORDINARIOS - OUTROS RECURSOS NAO VINCULADOS;700000,0;0,0;0,0
9407578;504;2023-12-27 00:00:00;PM BUGRE;01.613.126/0001-02;1481;SEDESE;SECRETARIA DE ESTADO DE DESENVOLVIMENTO SOCIAL;42;AUXILIOS;1;AUXILIOS;15;RECURSOS ORDINARIOS - OUTROS RECURSOS NAO VINCULADOS;223972,13;223972,13;0,0
9407579;421;2023-12-26 00:00:00;ABRACO ASSOCIACAO BRASILEIRA COMUNITARIA PARA A PREVENCAO DO ABUSO DE;25.572.199/0001-53;1481;SEDESE;SECRETARIA DE ESTADO DE DESENVOLVIMENTO SOCIAL;42;AUXILIOS;1;AUXILIOS;10;RECURSOS ORDINARIOS - RECURSOS NAO VINCULADOS DE IMPOSTOS;341622,7;341622,7;0,0
9407580;459;2023-12-27 00:00:00;ABRIGO SANTA HELENA DE JUIZ DE FORA;21.609.045/0001-38;1481;SEDESE;SECRETARIA DE ESTADO DE DESENVOLVIMENTO SOCIAL;43;SUBVENCOES SOCIAIS;1;SUBVENCOES SOCIAIS;10;RECURSOS ORDINARIOS - RECURSOS NAO VINCULADOS DE IMPOSTOS;100000,0;100000,0;0,0
9407581;302;2023-12-27 00:00:00;PM MARMELOPOLIS;18.026.021/0001-41;1481;SEDESE;SECRETARIA DE ESTADO DE DESENVOLVIMENTO SOCIAL;42;AUXILIOS;1;AUXILIOS;38;TRANSFERENCIAS DA UNIAO VINCULADOS AO ESPORTE;244380,79;244380,79;0,0
9407582;462;2023-12-27 00:00:00;APAE DE BOM SUCESSO;25.654.880/0001-40;1481;SEDESE;SECRETARIA DE ESTADO DE DESENVOLVIMENTO SOCIAL;43;SUBVENCOES SOCIAIS;1;SUBVENCOES SOCIAIS;10;RECURSOS ORDINARIOS - RECURSOS NAO VINCULADOS DE IMPOSTOS;89565,1;89565,1;0,0
9407583;411;2023-12-26 00:00:00;PM CARANAIBA;18.094.789/0001-52;1481;SEDESE;SECRETARIA DE ESTADO DE DESENVOLVIMENTO SOCIAL;42;AUXILIOS;1;AUXILIOS;15;RECURSOS ORDINARIOS - OUTROS RECURSOS NAO VINCULADOS;300000,0;300000,0;0,0
9407584;7;2023-12-27 00:00:00;CENTRO MINEIRO DE ALIANCAS INTERSETORIAIS;08.415.255/0001-27;4091;FIA;FUNDO PARA A INFANCIA E A ADOLESCENCIA;43;SUBVENCOES SOCIAIS;1;SUBVENCOES SOCIAIS;45;DOACOES DE PESSOAS, DE INSTITUICOES PRIVADAS OU DO EXTERIOR A ORGAO E ENTIDADES DO ESTADO;1365689,96;1365689,96;1365689,96
9407584;8;2023-12-27 00:00:00;CENTRO MINEIRO DE ALIANCAS INTERSETORIAIS;08.415.255/0001-27;4091;FIA;FUNDO PARA A INFANCIA E A ADOLESCENCIA;42;AUXILIOS;1;AUXILIOS;45;DOACOES DE PESSOAS, DE INSTITUICOES PRIVADAS OU DO EXTERIOR A ORGAO E ENTIDADES DO ESTADO;123849,0;123849,0;0,0
9407585;447;2023-12-27 00:00:00;ASSOCIACAO MINEIRA DE EDUCACAO CONTINUADA ASMEC;05.263.848/0001-27;1481;SEDESE;SECRETARIA DE ESTADO DE DESENVOLVIMENTO SOCIAL;42;AUXILIOS;1;AUXILIOS;10;RECURSOS ORDINARIOS - RECURSOS NAO VINCULADOS DE IMPOSTOS;90000,0;90000,0;0,0
9407586;521;2023-12-27 00:00:00;PM DIVINO DAS LARANJEIRAS;18.357.079/0001-78;1481;SEDESE;SECRETARIA DE ESTADO DE DESENVOLVIMENTO SOCIAL;42;AUXILIOS;1;AUXILIOS;15;RECURSOS ORDINARIOS - OUTROS RECURSOS NAO VINCULADOS;700000,0;700000,0;0,0
9407587;440;2023-12-27 00:00:00;PM UBERABA;18.428.839/0001-90;1481;SEDESE;SECRETARIA DE ESTADO DE DESENVOLVIMENTO SOCIAL;42;AUXILIOS;1;AUXILIOS;15;RECURSOS ORDINARIOS - OUTROS RECURSOS NAO VINCULADOS;490851,0;490851,0;0,0
9407588;449;2023-12-27 00:00:00;FORUM MINEIRO DE CONSELHEIROS E EX-CONSELHEIROS TUTELARES;32.312.063/0001-70;1481;SEDESE;SECRETARIA DE ESTADO DE DESENVOLVIMENTO SOCIAL;42;AUXILIOS;1;AUXILIOS;10;RECURSOS ORDINARIOS - RECURSOS NAO VINCULADOS DE IMPOSTOS;120000,0;120000,0;0,0
9407589;2687;2023-12-27 00:00:00;PM LAGOA FORMOSA;18.602.078/0001-41;1491;SEGOV;SECRETARIA DE ESTADO DE GOVERNO;42;AUXILIOS;1;AUXILIOS;15;RECURSOS ORDINARIOS - OUTROS RECURSOS NAO VINCULADOS;100000,0;0,0;0,0
9407590;452;2023-12-27 00:00:00;PM PARACATU;18.278.051/0001-45;1481;SEDESE;SECRETARIA DE ESTADO DE DESENVOLVIMENTO SOCIAL;42;AUXILIOS;1;AUXILIOS;15;RECURSOS ORDINARIOS - OUTROS RECURSOS NAO VINCULADOS;202233,06;202233,06;0,0
9407591;517;2023-12-27 00:00:00;PM LAGAMAR;18.192.260/0001-71;1481;SEDESE;SECRETARIA DE ESTADO DE DESENVOLVIMENTO SOCIAL;42;AUXILIOS;1;AUXILIOS;15;RECURSOS ORDINARIOS - OUTROS RECURSOS NAO VINCULADOS;250000,0;250000,0;0,0
9407592;471;2023-12-27 00:00:00;PM VAZANTE;18.278.069/0001-47;1481;SEDESE;SECRETARIA DE ESTADO DE DESENVOLVIMENTO SOCIAL;42;AUXILIOS;1;AUXILIOS;15;RECURSOS ORDINARIOS - OUTROS RECURSOS NAO VINCULADOS;500000,0;500000,0;0,0
9407593;431;2023-12-27 00:00:00;ONG JUVENTUDE COM ATITUDE - JUCA - CONTAGEM;09.184.794/0001-65;1481;SEDESE;SECRETARIA DE ESTADO DE DESENVOLVIMENTO SOCIAL;43;SUBVENCOES SOCIAIS;1;SUBVENCOES SOCIAIS;10;RECURSOS ORDINARIOS - RECURSOS NAO VINCULADOS DE IMPOSTOS;110000,0;110000,0;0,0
9407594;404;2023-12-26 00:00:00;ASSOCIACAO ARCA DA VIDA;16.911.234/0001-20;1481;SEDESE;SECRETARIA DE ESTADO DE DESENVOLVIMENTO SOCIAL;42;AUXILIOS;1;AUXILIOS;10;RECURSOS ORDINARIOS - RECURSOS NAO VINCULADOS DE IMPOSTOS;89955,88;89955,88;0,0
9407595;2685;2023-12-27 00:00:00;PM NOVA RESENDE;18.187.823/0001-33;1491;SEGOV;SECRETARIA DE ESTADO DE GOVERNO;42;AUXILIOS;1;AUXILIOS;15;RECURSOS ORDINARIOS - OUTROS RECURSOS NAO VINCULADOS;300000,0;0,0;0,0
9407596;403;2023-12-26 00:00:00;CONS.PARTI.DA SOC.SAO VICENTE DE PAULO;24.665.630/0001-43;1481;SEDESE;SECRETARIA DE ESTADO DE DESENVOLVIMENTO SOCIAL;42;AUXILIOS;1;AUXILIOS;10;RECURSOS ORDINARIOS - RECURSOS NAO VINCULADOS DE IMPOSTOS;98893,11;98893,11;0,0
9407597;2686;2023-12-27 00:00:00;PM ITURAMA;18.457.242/0001-74;1491;SEGOV;SECRETARIA DE ESTADO DE GOVERNO;42;AUXILIOS;1;AUXILIOS;15;RECURSOS ORDINARIOS - OUTROS RECURSOS NAO VINCULADOS;500000,0;0,0;0,0
9407598;409;2023-12-26 00:00:00;ASSOCIACAO PAIS E AMIGOS DOS EXCEPCIONAIS/CARMO CACHOEIRA;41.774.175/0001-33;1481;SEDESE;SECRETARIA DE ESTADO DE DESENVOLVIMENTO SOCIAL;42;AUXILIOS;1;AUXILIOS;10;RECURSOS ORDINARIOS - RECURSOS NAO VINCULADOS DE IMPOSTOS;88623,86;88623,86;0,0
9407599;2670;2023-12-27 00:00:00;PM MONTE SANTO DE MINAS;18.241.372/0001-75;1491;SEGOV;SECRETARIA DE ESTADO DE GOVERNO;42;AUXILIOS;1;AUXILIOS;15;RECURSOS ORDINARIOS - OUTROS RECURSOS NAO VINCULADOS;300000,0;0,0;0,0
9407600;413;2023-12-26 00:00:00;ASSOCIACAO CUIDAR BEM/MG - ACB;10.626.829/0001-58;1481;SEDESE;SECRETARIA DE ESTADO DE DESENVOLVIMENTO SOCIAL;43;SUBVENCOES SOCIAIS;1;SUBVENCOES SOCIAIS;10;RECURSOS ORDINARIOS - RECURSOS NAO VINCULADOS DE IMPOSTOS;398852,29;398852,29;0,0
9407601;2672;2023-12-27 00:00:00;PM LEME DO PRADO;01.587.109/0001-30;1491;SEGOV;SECRETARIA DE ESTADO DE GOVERNO;42;AUXILIOS;1;AUXILIOS;15;RECURSOS ORDINARIOS - OUTROS RECURSOS NAO VINCULADOS;500000,0;0,0;0,0
9407602;509;2023-12-27 00:00:00;ASSOCIACAO COMUNITARIA SHEKINAH;02.108.947/0001-46;1481;SEDESE;SECRETARIA DE ESTADO DE DESENVOLVIMENTO SOCIAL;42;AUXILIOS;1;AUXILIOS;10;RECURSOS ORDINARIOS - RECURSOS NAO VINCULADOS DE IMPOSTOS;300000,0;300000,0;0,0
9407604;454;2023-12-27 00:00:00;CONSELHO CENTRAL DE POCOS DE CALDAS SOCIEDADE SAO VICENTE DE PAULA;19.111.038/0001-60;1481;SEDESE;SECRETARIA DE ESTADO DE DESENVOLVIMENTO SOCIAL;42;AUXILIOS;1;AUXILIOS;10;RECURSOS ORDINARIOS - RECURSOS NAO VINCULADOS DE IMPOSTOS;132310,0;132310,0;0,0
9407607;438;2023-12-27 00:00:00;CONSELHO CENTRAL DE ITAJUBA DA SOCIEDADE DE SAO VICENTE DE PAULO;20.398.293/0001-14;1481;SEDESE;SECRETARIA DE ESTADO DE DESENVOLVIMENTO SOCIAL;42;AUXILIOS;1;AUXILIOS;10;RECURSOS ORDINARIOS - RECURSOS NAO VINCULADOS DE IMPOSTOS;132310,0;132310,0;0,0
9407608;417;2023-12-26 00:00:00;LIGA DESPORTIVA DO ALTO RIO PARDO;06.062.952/0001-16;1481;SEDESE;SECRETARIA DE ESTADO DE DESENVOLVIMENTO SOCIAL;43;SUBVENCOES SOCIAIS;1;SUBVENCOES SOCIAIS;10;RECURSOS ORDINARIOS - RECURSOS NAO VINCULADOS DE IMPOSTOS;111484,03;111484,03;0,0
9407609;396;2023-12-26 00:00:00;CRECHE COMUNITARIA SAO DOMINGOS SAVIO;18.258.640/0001-61;1481;SEDESE;SECRETARIA DE ESTADO DE DESENVOLVIMENTO SOCIAL;43;SUBVENCOES SOCIAIS;1;SUBVENCOES SOCIAIS;10;RECURSOS ORDINARIOS - RECURSOS NAO VINCULADOS DE IMPOSTOS;806000,0;806000,0;0,0
9407609;397;2023-12-26 00:00:00;CRECHE COMUNITARIA SAO DOMINGOS SAVIO;18.258.640/0001-61;1481;SEDESE;SECRETARIA DE ESTADO DE DESENVOLVIMENTO SOCIAL;42;AUXILIOS;1;AUXILIOS;10;RECURSOS ORDINARIOS - RECURSOS NAO VINCULADOS DE IMPOSTOS;90000,0;90000,0;0,0
9407619;454;2023-12-27 00:00:00;FEDERACAO DE COOPERATIVAS DA AGRICULTURA FAMILIAR E ECONOMIA SOLIDARIA;30.549.459/0001-00;1231;SEAPA;SECRETARIA DE ESTADO DE AGRICULTURA, PECUARIA E ABASTECIMENTO - SEAPA;41;CONTRIBUICOES;1;CONTRIBUICOES;10;RECURSOS ORDINARIOS - RECURSOS NAO VINCULADOS DE IMPOSTOS;544999,99;544999,99;544999,99
9407621;456;2023-12-27 00:00:00;ASSOCIACAO TRUPE BRASILIA DE MINAS;03.621.181/0001-61;1481;SEDESE;SECRETARIA DE ESTADO DE DESENVOLVIMENTO SOCIAL;43;SUBVENCOES SOCIAIS;1;SUBVENCOES SOCIAIS;10;RECURSOS ORDINARIOS - RECURSOS NAO VINCULADOS DE IMPOSTOS;80000,0;80000,0;0,0
9407621;458;2023-12-27 00:00:00;ASSOCIACAO TRUPE BRASILIA DE MINAS;03.621.181/0001-61;1481;SEDESE;SECRETARIA DE ESTADO DE DESENVOLVIMENTO SOCIAL;42;AUXILIOS;1;AUXILIOS;10;RECURSOS ORDINARIOS - RECURSOS NAO VINCULADOS DE IMPOSTOS;20000,0;20000,0;0,0
9407734;441;2023-12-27 00:00:00;ONG - JUVENTUDE VIRACAO;11.127.240/0001-78;1481;SEDESE;SECRETARIA DE ESTADO DE DESENVOLVIMENTO SOCIAL;43;SUBVENCOES SOCIAIS;1;SUBVENCOES SOCIAIS;10;RECURSOS ORDINARIOS - RECURSOS NAO VINCULADOS DE IMPOSTOS;123000,0;123000,0;123000,0
9407735;501;2023-12-27 00:00:00;INSTITUTO RAMACRISNA;17.283.532/0001-86;1481;SEDESE;SECRETARIA DE ESTADO DE DESENVOLVIMENTO SOCIAL;43;SUBVENCOES SOCIAIS;1;SUBVENCOES SOCIAIS;10;RECURSOS ORDINARIOS - RECURSOS NAO VINCULADOS DE IMPOSTOS;90000,0;90000,0;90000,0
9407735;502;2023-12-27 00:00:00;INSTITUTO RAMACRISNA;17.283.532/0001-86;1481;SEDESE;SECRETARIA DE ESTADO DE DESENVOLVIMENTO SOCIAL;42;AUXILIOS;1;AUXILIOS;10;RECURSOS ORDINARIOS - RECURSOS NAO VINCULADOS DE IMPOSTOS;90000,0;90000,0;90000,0
9407736;457;2023-12-27 00:00:00;ASSOCIACAO DE PAIS E AMIGOS DOS EXCEPCIONAIS;20.067.328/0001-32;1481;SEDESE;SECRETARIA DE ESTADO DE DESENVOLVIMENTO SOCIAL;43;SUBVENCOES SOCIAIS;1;SUBVENCOES SOCIAIS;10;RECURSOS ORDINARIOS - RECURSOS NAO VINCULADOS DE IMPOSTOS;100000,0;100000,0;0,0
9407737;498;2023-12-27 00:00:00;FEDERACAO DE ESPORTES ESTUDANTIS DE MINAS GERAIS;04.070.420/0001-03;1481;SEDESE;SECRETARIA DE ESTADO DE DESENVOLVIMENTO SOCIAL;43;SUBVENCOES SOCIAIS;1;SUBVENCOES SOCIAIS;10;RECURSOS ORDINARIOS - RECURSOS NAO VINCULADOS DE IMPOSTOS;90990,0;90990,0;0,0
9407738;482;2023-12-27 00:00:00;ASSOCIACAO DE PAIS E AMIGOS DOS EXCEPCIONAIS;18.963.546/0001-03;1481;SEDESE;SECRETARIA DE ESTADO DE DESENVOLVIMENTO SOCIAL;43;SUBVENCOES SOCIAIS;1;SUBVENCOES SOCIAIS;10;RECURSOS ORDINARIOS - RECURSOS NAO VINCULADOS DE IMPOSTOS;149999,6;149999,6;0,0
9407739;451;2023-12-27 00:00:00;ASSOCIACAO DE PAIS E AMIGOS DOS EXCEPCIONAIS E ANDRADAS;21.409.107/0001-68;1481;SEDESE;SECRETARIA DE ESTADO DE DESENVOLVIMENTO SOCIAL;43;SUBVENCOES SOCIAIS;1;SUBVENCOES SOCIAIS;10;RECURSOS ORDINARIOS - RECURSOS NAO VINCULADOS DE IMPOSTOS;89561,01;89561,01;0,0
9407740;484;2023-12-27 00:00:00;ASSOCIACAO DE PROMOCAO HUMANA DIVINA PROVIDENCIA;00.981.069/0006-58;1481;SEDESE;SECRETARIA DE ESTADO DE DESENVOLVIMENTO SOCIAL;43;SUBVENCOES SOCIAIS;1;SUBVENCOES SOCIAIS;10;RECURSOS ORDINARIOS - RECURSOS NAO VINCULADOS DE IMPOSTOS;200000,0;200000,0;0,0
9407741;483;2023-12-27 00:00:00;APAE DE LAMBARI;21.404.397/0001-57;1481;SEDESE;SECRETARIA DE ESTADO DE DESENVOLVIMENTO SOCIAL;42;AUXILIOS;1;AUXILIOS;10;RECURSOS ORDINARIOS - RECURSOS NAO VINCULADOS DE IMPOSTOS;100000,0;100000,0;100000,0
9407742;481;2023-12-27 00:00:00;CARITAS DIOCESANA DE ALMENARA;21.250.527/0001-44;1481;SEDESE;SECRETARIA DE ESTADO DE DESENVOLVIMENTO SOCIAL;43;SUBVENCOES SOCIAIS;1;SUBVENCOES SOCIAIS;10;RECURSOS ORDINARIOS - RECURSOS NAO VINCULADOS DE IMPOSTOS;100000,0;100000,0;0,0
9407743;489;2023-12-27 00:00:00;CARITAS ARQUIDIOCESANA DE MONTES CLAROS;07.487.008/0001-73;1481;SEDESE;SECRETARIA DE ESTADO DE DESENVOLVIMENTO SOCIAL;43;SUBVENCOES SOCIAIS;1;SUBVENCOES SOCIAIS;10;RECURSOS ORDINARIOS - RECURSOS NAO VINCULADOS DE IMPOSTOS;108000,0;108000,0;0,0
9407743;490;2023-12-27 00:00:00;CARITAS ARQUIDIOCESANA DE MONTES CLAROS;07.487.008/0001-73;1481;SEDESE;SECRETARIA DE ESTADO DE DESENVOLVIMENTO SOCIAL;42;AUXILIOS;1;AUXILIOS;10;RECURSOS ORDINARIOS - RECURSOS NAO VINCULADOS DE IMPOSTOS;37000,0;37000,0;0,0
9407744;485;2023-12-27 00:00:00;LEGIAO DE ASSISTENCIA RECUPERADORA;21.353.974/0001-29;1481;SEDESE;SECRETARIA DE ESTADO DE DESENVOLVIMENTO SOCIAL;43;SUBVENCOES SOCIAIS;1;SUBVENCOES SOCIAIS;10;RECURSOS ORDINARIOS - RECURSOS NAO VINCULADOS DE IMPOSTOS;60039,86;60039,86;0,0
9407744;486;2023-12-27 00:00:00;LEGIAO DE ASSISTENCIA RECUPERADORA;21.353.974/0001-29;1481;SEDESE;SECRETARIA DE ESTADO DE DESENVOLVIMENTO SOCIAL;42;AUXILIOS;1;AUXILIOS;10;RECURSOS ORDINARIOS - RECURSOS NAO VINCULADOS DE IMPOSTOS;298623,86;298623,86;0,0
9407745;493;2023-12-27 00:00:00;ASSOC. DA CRIANCA E ASSIST RURAL-;22.057.616/0001-31;1481;SEDESE;SECRETARIA DE ESTADO DE DESENVOLVIMENTO SOCIAL;43;SUBVENCOES SOCIAIS;1;SUBVENCOES SOCIAIS;10;RECURSOS ORDINARIOS - RECURSOS NAO VINCULADOS DE IMPOSTOS;13116,0;13116,0;0,0
9407745;494;2023-12-27 00:00:00;ASSOC. DA CRIANCA E ASSIST RURAL-;22.057.616/0001-31;1481;SEDESE;SECRETARIA DE ESTADO DE DESENVOLVIMENTO SOCIAL;42;AUXILIOS;1;AUXILIOS;10;RECURSOS ORDINARIOS - RECURSOS NAO VINCULADOS DE IMPOSTOS;0,0;0,0;0,0
9407745;495;2023-12-27 00:00:00;ASSOC. DA CRIANCA E ASSIST RURAL-;22.057.616/0001-31;1481;SEDESE;SECRETARIA DE ESTADO DE DESENVOLVIMENTO SOCIAL;42;AUXILIOS;1;AUXILIOS;10;RECURSOS ORDINARIOS - RECURSOS NAO VINCULADOS DE IMPOSTOS;86884,0;86884,0;0,0
9407746;448;2023-12-27 00:00:00;ASSOCIACAO EDUCATIVA E COULTURAL DE IGARAPE -ASSECIO;22.732.960/0001-89;1481;SEDESE;SECRETARIA DE ESTADO DE DESENVOLVIMENTO SOCIAL;43;SUBVENCOES SOCIAIS;1;SUBVENCOES SOCIAIS;10;RECURSOS ORDINARIOS - RECURSOS NAO VINCULADOS DE IMPOSTOS;90000,0;90000,0;0,0
9407747;488;2023-12-27 00:00:00;GREMIO ESPORTE CLUBE;19.413.244/0001-24;1481;SEDESE;SECRETARIA DE ESTADO DE DESENVOLVIMENTO SOCIAL;43;SUBVENCOES SOCIAIS;1;SUBVENCOES SOCIAIS;10;RECURSOS ORDINARIOS - RECURSOS NAO VINCULADOS DE IMPOSTOS;145613,17;145613,17;0,0
9407748;435;2023-12-27 00:00:00;ASSOCIACAO SAO RAFAEL;04.240.450/0001-02;1481;SEDESE;SECRETARIA DE ESTADO DE DESENVOLVIMENTO SOCIAL;42;AUXILIOS;1;AUXILIOS;10;RECURSOS ORDINARIOS - RECURSOS NAO VINCULADOS DE IMPOSTOS;88623,86;88623,86;0,0
9407749;487;2023-12-27 00:00:00;PROJETO SOCIAL BATISTA REGULAR;10.581.414/0001-05;1481;SEDESE;SECRETARIA DE ESTADO DE DESENVOLVIMENTO SOCIAL;43;SUBVENCOES SOCIAIS;1;SUBVENCOES SOCIAIS;10;RECURSOS ORDINARIOS - RECURSOS NAO VINCULADOS DE IMPOSTOS;100000,0;100000,0;0,0
9407750;463;2023-12-27 00:00:00;CASA DE CARIDADE HERDEIROS DE JESUS;17.343.013/0001-66;1481;SEDESE;SECRETARIA DE ESTADO DE DESENVOLVIMENTO SOCIAL;42;AUXILIOS;1;AUXILIOS;10;RECURSOS ORDINARIOS - RECURSOS NAO VINCULADOS DE IMPOSTOS;89919,89;89919,89;0,0
9407751;444;2023-12-27 00:00:00;ASSOCIACAO CHAPADENSE ASSIST. AS NECES.TRAB.E DA INFANCIA;21.225.776/0001-80;1481;SEDESE;SECRETARIA DE ESTADO DE DESENVOLVIMENTO SOCIAL;42;AUXILIOS;1;AUXILIOS;10;RECURSOS ORDINARIOS - RECURSOS NAO VINCULADOS DE IMPOSTOS;98551,2;98551,2;0,0
9407752;470;2023-12-27 00:00:00;APAE DE BOM REPOUSO;02.207.184/0001-90;1481;SEDESE;SECRETARIA DE ESTADO DE DESENVOLVIMENTO SOCIAL;42;AUXILIOS;1;AUXILIOS;10;RECURSOS ORDINARIOS - RECURSOS NAO VINCULADOS DE IMPOSTOS;90000,0;90000,0;0,0
9407753;538;2023-12-28 00:00:00;ASSOCIACAO AMBIENTAL CULTIVAR;12.300.270/0001-05;1481;SEDESE;SECRETARIA DE ESTADO DE DESENVOLVIMENTO SOCIAL;42;AUXILIOS;1;AUXILIOS;10;RECURSOS ORDINARIOS - RECURSOS NAO VINCULADOS DE IMPOSTOS;300000,0;300000,0;0,0
9407754;434;2023-12-27 00:00:00;ASSOCIACAO DOS AMIGOS DO BUGRE;01.176.626/0001-16;1481;SEDESE;SECRETARIA DE ESTADO DE DESENVOLVIMENTO SOCIAL;43;SUBVENCOES SOCIAIS;1;SUBVENCOES SOCIAIS;10;RECURSOS ORDINARIOS - RECURSOS NAO VINCULADOS DE IMPOSTOS;100000,0;100000,0;0,0
9407755;437;2023-12-27 00:00:00;ASSOCIACAO DE PAIS E AMIGOS DOS EXCEPCIONAIS DE BORDA DA MATA;21.416.987/0001-08;1481;SEDESE;SECRETARIA DE ESTADO DE DESENVOLVIMENTO SOCIAL;42;AUXILIOS;1;AUXILIOS;10;RECURSOS ORDINARIOS - RECURSOS NAO VINCULADOS DE IMPOSTOS;90000,0;90000,0;0,0
9407756;296;2023-12-27 00:00:00;PM SALINAS;24.359.333/0001-70;1481;SEDESE;SECRETARIA DE ESTADO DE DESENVOLVIMENTO SOCIAL;41;CONTRIBUICOES;1;CONTRIBUICOES;38;TRANSFERENCIAS DA UNIAO VINCULADOS AO ESPORTE;229369,38;229369,38;0,0
9407757;303;2023-12-27 00:00:00;PM PINGO D'AGUA;01.613.204/0001-60;1481;SEDESE;SECRETARIA DE ESTADO DE DESENVOLVIMENTO SOCIAL;41;CONTRIBUICOES;1;CONTRIBUICOES;38;TRANSFERENCIAS DA UNIAO VINCULADOS AO ESPORTE;229369,38;229369,38;0,0
9407758;287;2023-12-27 00:00:00;ASSOCIACAO E PROJETO AGUIA;30.222.023/0001-01;1481;SEDESE;SECRETARIA DE ESTADO DE DESENVOLVIMENTO SOCIAL;43;SUBVENCOES SOCIAIS;1;SUBVENCOES SOCIAIS;10;RECURSOS ORDINARIOS - RECURSOS NAO VINCULADOS DE IMPOSTOS;0,0;0,0;0,0
9407758;288;2023-12-27 00:00:00;ASSOCIACAO E PROJETO AGUIA;30.222.023/0001-01;1481;SEDESE;SECRETARIA DE ESTADO DE DESENVOLVIMENTO SOCIAL;43;SUBVENCOES SOCIAIS;1;SUBVENCOES SOCIAIS;10;RECURSOS ORDINARIOS - RECURSOS NAO VINCULADOS DE IMPOSTOS;150000,0;150000,0;0,0
9407759;499;2023-12-27 00:00:00;PM ARAGUARI;16.829.640/0001-49;1481;SEDESE;SECRETARIA DE ESTADO DE DESENVOLVIMENTO SOCIAL;42;AUXILIOS;1;AUXILIOS;15;RECURSOS ORDINARIOS - OUTROS RECURSOS NAO VINCULADOS;800000,0;800000,0;0,0
9407760;500;2023-12-27 00:00:00;PM BOTUMIRIM;18.017.418/0001-77;1481;SEDESE;SECRETARIA DE ESTADO DE DESENVOLVIMENTO SOCIAL;41;CONTRIBUICOES;1;CONTRIBUICOES;15;RECURSOS ORDINARIOS - OUTROS RECURSOS NAO VINCULADOS;750000,0;750000,0;0,0
9407761;4;2023-12-27 00:00:00;FUNDACAO VICINTIM;21.507.934/0001-94;4091;FIA;FUNDO PARA A INFANCIA E A ADOLESCENCIA;43;SUBVENCOES SOCIAIS;1;SUBVENCOES SOCIAIS;45;DOACOES DE PESSOAS, DE INSTITUICOES PRIVADAS OU DO EXTERIOR A ORGAO E ENTIDADES DO ESTADO;143307,57;143307,57;143307,57
9407761;5;2023-12-27 00:00:00;FUNDACAO VICINTIM;21.507.934/0001-94;4091;FIA;FUNDO PARA A INFANCIA E A ADOLESCENCIA;42;AUXILIOS;1;AUXILIOS;45;DOACOES DE PESSOAS, DE INSTITUICOES PRIVADAS OU DO EXTERIOR A ORGAO E ENTIDADES DO ESTADO;19471,45;19471,45;0,0
9407762;312;2023-12-27 00:00:00;PM COMERCINHO;18.414.615/0001-20;1481;SEDESE;SECRETARIA DE ESTADO DE DESENVOLVIMENTO SOCIAL;42;AUXILIOS;1;AUXILIOS;60;RECURSOS DIRETAMENTE ARRECADADOS;250000,0;250000,0;0,0
9407763;310;2023-12-27 00:00:00;PM PONTO DOS VOLANTES;01.613.377/0001-89;1481;SEDESE;SECRETARIA DE ESTADO DE DESENVOLVIMENTO SOCIAL;42;AUXILIOS;1;AUXILIOS;60;RECURSOS DIRETAMENTE ARRECADADOS;250000,0;250000,0;0,0
9407764;286;2023-12-27 00:00:00;PM SAO GONCALO DO ABAETE;18.602.086/0001-98;1481;SEDESE;SECRETARIA DE ESTADO DE DESENVOLVIMENTO SOCIAL;42;AUXILIOS;1;AUXILIOS;38;TRANSFERENCIAS DA UNIAO VINCULADOS AO ESPORTE;250000,0;250000,0;0,0
9407765;292;2023-12-27 00:00:00;CENTRO INTEGRADO DE DESENVOLVIMENTO DO ESPORTE PARALIMPICO;00.832.668/0001-03;1481;SEDESE;SECRETARIA DE ESTADO DE DESENVOLVIMENTO SOCIAL;43;SUBVENCOES SOCIAIS;1;SUBVENCOES SOCIAIS;38;TRANSFERENCIAS DA UNIAO VINCULADOS AO ESPORTE;98990,16;98990,16;0,0
9407766;301;2023-12-27 00:00:00;PM TURMALINA;25.324.187/0001-00;1481;SEDESE;SECRETARIA DE ESTADO DE DESENVOLVIMENTO SOCIAL;41;CONTRIBUICOES;1;CONTRIBUICOES;38;TRANSFERENCIAS DA UNIAO VINCULADOS AO ESPORTE;229369,38;229369,38;0,0
9407767;290;2023-12-27 00:00:00;ASSOCIACAO EDUCACIONAL DE DESENVOLVIMENTO ESPORTIVO CULTURAL;08.707.709/0001-33;1481;SEDESE;SECRETARIA DE ESTADO DE DESENVOLVIMENTO SOCIAL;43;SUBVENCOES SOCIAIS;1;SUBVENCOES SOCIAIS;38;TRANSFERENCIAS DA UNIAO VINCULADOS AO ESPORTE;99999,96;99999,96;0,0
9407768;295;2023-12-27 00:00:00;PM RIO MANSO;18.363.978/0001-83;1481;SEDESE;SECRETARIA DE ESTADO DE DESENVOLVIMENTO SOCIAL;41;CONTRIBUICOES;1;CONTRIBUICOES;38;TRANSFERENCIAS DA UNIAO VINCULADOS AO ESPORTE;229369,38;229369,38;0,0
9407769;298;2023-12-27 00:00:00;PM ESMERALDAS;18.715.466/0001-39;1481;SEDESE;SECRETARIA DE ESTADO DE DESENVOLVIMENTO SOCIAL;41;CONTRIBUICOES;1;CONTRIBUICOES;38;TRANSFERENCIAS DA UNIAO VINCULADOS AO ESPORTE;57585,59;57585,59;0,0
9407770;496;2023-12-27 00:00:00;INSTITUO SER FELIZ;18.261.867/0001-66;1481;SEDESE;SECRETARIA DE ESTADO DE DESENVOLVIMENTO SOCIAL;42;AUXILIOS;1;AUXILIOS;10;RECURSOS ORDINARIOS - RECURSOS NAO VINCULADOS DE IMPOSTOS;300000,0;300000,0;0,0
9407771;497;2023-12-27 00:00:00;GRUPO SALVA VIDAS;23.098.718/0001-68;1481;SEDESE;SECRETARIA DE ESTADO DE DESENVOLVIMENTO SOCIAL;42;AUXILIOS;1;AUXILIOS;10;RECURSOS ORDINARIOS - RECURSOS NAO VINCULADOS DE IMPOSTOS;341622,7;341622,7;341622,7
9407772;285;2023-12-27 00:00:00;PM PATOS DE MINAS;18.602.011/0001-07;1481;SEDESE;SECRETARIA DE ESTADO DE DESENVOLVIMENTO SOCIAL;42;AUXILIOS;1;AUXILIOS;38;TRANSFERENCIAS DA UNIAO VINCULADOS AO ESPORTE;250000,0;250000,0;0,0
9407773;73;2023-12-27 00:00:00;INSTITUTO CULTURAL BOA ESPERANCA;04.444.182/0001-40;1481;SEDESE;SECRETARIA DE ESTADO DE DESENVOLVIMENTO SOCIAL;43;SUBVENCOES SOCIAIS;1;SUBVENCOES SOCIAIS;60;RECURSOS DIRETAMENTE ARRECADADOS;2935500,0;2935500,0;0,0
9407774;289;2023-12-27 00:00:00;ASSOCIACAO PARAOLIMPICA PATENSE APP;11.589.144/0001-41;1481;SEDESE;SECRETARIA DE ESTADO DE DESENVOLVIMENTO SOCIAL;43;SUBVENCOES SOCIAIS;1;SUBVENCOES SOCIAIS;38;TRANSFERENCIAS DA UNIAO VINCULADOS AO ESPORTE;98844,33;98844,33;0,0
9407775;309;2023-12-27 00:00:00;PM TAIOBEIRAS;18.017.384/0001-10;1481;SEDESE;SECRETARIA DE ESTADO DE DESENVOLVIMENTO SOCIAL;41;CONTRIBUICOES;1;CONTRIBUICOES;60;RECURSOS DIRETAMENTE ARRECADADOS;100000,0;100000,0;0,0
9407776;291;2023-12-27 00:00:00;PM VIEIRAS;17.947.599/0001-78;1481;SEDESE;SECRETARIA DE ESTADO DE DESENVOLVIMENTO SOCIAL;41;CONTRIBUICOES;1;CONTRIBUICOES;38;TRANSFERENCIAS DA UNIAO VINCULADOS AO ESPORTE;229369,38;229369,38;229369,38
9407777;297;2023-12-27 00:00:00;PM UNIAO DE MINAS;01.051.819/0001-40;1481;SEDESE;SECRETARIA DE ESTADO DE DESENVOLVIMENTO SOCIAL;41;CONTRIBUICOES;1;CONTRIBUICOES;38;TRANSFERENCIAS DA UNIAO VINCULADOS AO ESPORTE;229369,38;229369,38;0,0
9407778;491;2023-12-27 00:00:00;ASSOC. INTERNACIONAL CAPOEIRA ARTES DAS GERAIS;06.289.837/0001-89;1481;SEDESE;SECRETARIA DE ESTADO DE DESENVOLVIMENTO SOCIAL;43;SUBVENCOES SOCIAIS;1;SUBVENCOES SOCIAIS;10;RECURSOS ORDINARIOS - RECURSOS NAO VINCULADOS DE IMPOSTOS;260022,0;260022,0;0,0
9407779;72;2023-12-27 00:00:00;APJ APRENDER PRODUZIR JUNTOS;22.057.335/0001-89;1481;SEDESE;SECRETARIA DE ESTADO DE DESENVOLVIMENTO SOCIAL;43;SUBVENCOES SOCIAIS;1;SUBVENCOES SOCIAIS;10;RECURSOS ORDINARIOS - RECURSOS NAO VINCULADOS DE IMPOSTOS;350000,0;350000,0;0,0
9407780;825;2023-12-27 00:00:00;PM CONCEICAO DE IPANEMA;18.334.300/0001-72;1371;SEMAD;SECRETARIA DE ESTADO DE MEIO AMBIENTE E DESENVOLVIMENTO SUSTENTAVEL;41;CONTRIBUICOES;1;CONTRIBUICOES;72;TAXA DE FISCALIZACAO DE RECURSOS MINERARIOS;100000,0;100000,0;0,0
9407781;826;2023-12-27 00:00:00;CONSORCIO INTERMUNICIPAL DES. SUSTENTAVEL DA MICRO REGIAO SERRA GERAL;12.333.051/0001-14;1371;SEMAD;SECRETARIA DE ESTADO DE MEIO AMBIENTE E DESENVOLVIMENTO SUSTENTAVEL;41;CONTRIBUICOES;1;CONTRIBUICOES;72;TAXA DE FISCALIZACAO DE RECURSOS MINERARIOS;962780,0;962780,0;0,0
9407782;890;2023-12-27 00:00:00;ASSOCIACAO CORAL FLOR DA TERRA;21.785.039/0001-31;1271;SECULT;SECRETARIA DE ESTADO DE CULTURA E TURISMO;41;CONTRIBUICOES;1;CONTRIBUICOES;10;RECURSOS ORDINARIOS - RECURSOS NAO VINCULADOS DE IMPOSTOS;300000,0;300000,0;0,0
9407783;828;2023-12-27 00:00:00;CIS DE UBA E REGIAO - SIMSAUDE/ UBA;11.592.737/0001-67;1371;SEMAD;SECRETARIA DE ESTADO DE MEIO AMBIENTE E DESENVOLVIMENTO SUSTENTAVEL;41;CONTRIBUICOES;1;CONTRIBUICOES;72;TAXA DE FISCALIZACAO DE RECURSOS MINERARIOS;2140000,0;2140000,0;0,0
9407784;827;2023-12-27 00:00:00;PM UBERLANDIA;18.431.312/0001-15;1371;SEMAD;SECRETARIA DE ESTADO DE MEIO AMBIENTE E DESENVOLVIMENTO SUSTENTAVEL;41;CONTRIBUICOES;1;CONTRIBUICOES;72;TAXA DE FISCALIZACAO DE RECURSOS MINERARIOS;2100000,0;2100000,0;0,0
9407785;829;2023-12-27 00:00:00;PM VISCONDE DO RIO BRANCO;18.137.927/0001-33;1371;SEMAD;SECRETARIA DE ESTADO DE MEIO AMBIENTE E DESENVOLVIMENTO SUSTENTAVEL;41;CONTRIBUICOES;1;CONTRIBUICOES;72;TAXA DE FISCALIZACAO DE RECURSOS MINERARIOS;200000,0;200000,0;0,0
9407786;897;2023-12-27 00:00:00;ESCOLINHA EVANGELICA DE EDUCACAO INFANTIL;20.997.730/0001-16;1271;SECULT;SECRETARIA DE ESTADO DE CULTURA E TURISMO;41;CONTRIBUICOES;1;CONTRIBUICOES;10;RECURSOS ORDINARIOS - RECURSOS NAO VINCULADOS DE IMPOSTOS;59976,69;59976,69;0,0
9407786;898;2023-12-27 00:00:00;ESCOLINHA EVANGELICA DE EDUCACAO INFANTIL;20.997.730/0001-16;1271;SECULT;SECRETARIA DE ESTADO DE CULTURA E TURISMO;42;AUXILIOS;1;AUXILIOS;10;RECURSOS ORDINARIOS - RECURSOS NAO VINCULADOS DE IMPOSTOS;39990,34;39990,34;0,0
9407788;2689;2023-12-27 00:00:00;PM VAZANTE;18.278.069/0001-47;1491;SEGOV;SECRETARIA DE ESTADO DE GOVERNO;42;AUXILIOS;1;AUXILIOS;15;RECURSOS ORDINARIOS - OUTROS RECURSOS NAO VINCULADOS;350000,0;350000,0;0,0
9407789;6550;2023-12-27 00:00:00;SANTA CASA DE MISERICORDIA DE ITAJUBA;21.035.852/0001-94;4291;FES;FUNDO ESTADUAL DE SAUDE;42;AUXILIOS;1;AUXILIOS;10;RECURSOS ORDINARIOS - RECURSOS NAO VINCULADOS DE IMPOSTOS;2000000,0;2000000,0;2000000,0
9407792;1106;2023-12-27 00:00:00;PM FELIXLANDIA;17.695.032/0001-51;1261;SEE;SECRETARIA DE ESTADO DE EDUCACAO;42;AUXILIOS;1;AUXILIOS;10;RECURSOS ORDINARIOS - RECURSOS NAO VINCULADOS DE IMPOSTOS;100000,0;100000,0;100000,0
9407797;487;2023-12-27 00:00:00;PM CORINTO;17.695.016/0001-69;1231;SEAPA;SECRETARIA DE ESTADO DE AGRICULTURA, PECUARIA E ABASTECIMENTO - SEAPA;41;CONTRIBUICOES;1;CONTRIBUICOES;15;RECURSOS ORDINARIOS - OUTROS RECURSOS NAO VINCULADOS;130000,0;130000,0;0,0
9407799;469;2023-12-27 00:00:00;PM PIRAPORA;23.539.463/0001-21;1231;SEAPA;SECRETARIA DE ESTADO DE AGRICULTURA, PECUARIA E ABASTECIMENTO - SEAPA;41;CONTRIBUICOES;1;CONTRIBUICOES;10;RECURSOS ORDINARIOS - RECURSOS NAO VINCULADOS DE IMPOSTOS;318167,83;318167,83;0,0
9407801;455;2023-12-27 00:00:00;NUCLEO GESTOR DA CADEIA PRODUTIVA DO PEQUI E OUTROS FRUTOS DO CERRADO;16.921.242/0001-58;1231;SEAPA;SECRETARIA DE ESTADO DE AGRICULTURA, PECUARIA E ABASTECIMENTO - SEAPA;41;CONTRIBUICOES;1;CONTRIBUICOES;59;OUTROS RECURSOS VINCULADOS;244000,0;244000,0;244000,0
9407803;887;2023-12-27 00:00:00;NONADA ASSOCIACAO CULTURAL;22.287.860/0001-90;1271;SECULT;SECRETARIA DE ESTADO DE CULTURA E TURISMO;42;AUXILIOS;1;AUXILIOS;10;RECURSOS ORDINARIOS - RECURSOS NAO VINCULADOS DE IMPOSTOS;90000,0;90000,0;90000,0
9407805;802;2023-12-27 00:00:00;PM SALTO DA DIVISA;18.347.401/0001-88;1301;SEINFRA;SECRETARIA DE ESTADO DE INFRAESTRUTURA, MOBILIDADE E PARCERIAS;42;AUXILIOS;1;AUXILIOS;32;EXPLORACAO DE RECURSOS MINERAIS;700000,0;700000,0;0,0
9407812;799;2023-12-27 00:00:00;PM RIO PIRACICABA;18.400.945/0001-66;1301;SEINFRA;SECRETARIA DE ESTADO DE INFRAESTRUTURA, MOBILIDADE E PARCERIAS;42;AUXILIOS;1;AUXILIOS;32;EXPLORACAO DE RECURSOS MINERAIS;2221000,0;2221000,0;0,0
9407819;891;2023-12-27 00:00:00;ARUANDA CIA DE DANCAS FOLCLORICAS;17.482.860/0001-01;1271;SECULT;SECRETARIA DE ESTADO DE CULTURA E TURISMO;41;CONTRIBUICOES;1;CONTRIBUICOES;10;RECURSOS ORDINARIOS - RECURSOS NAO VINCULADOS DE IMPOSTOS;90000,0;90000,0;0,0
9407819;892;2023-12-27 00:00:00;ARUANDA CIA DE DANCAS FOLCLORICAS;17.482.860/0001-01;1271;SECULT;SECRETARIA DE ESTADO DE CULTURA E TURISMO;42;AUXILIOS;1;AUXILIOS;10;RECURSOS ORDINARIOS - RECURSOS NAO VINCULADOS DE IMPOSTOS;90000,0;90000,0;0,0
9407823;492;2023-12-27 00:00:00;ASSOCIACAO SOCIAL COMUNITARIA DR. RONALDO SORARES LARA;05.282.391/0001-06;1481;SEDESE;SECRETARIA DE ESTADO DE DESENVOLVIMENTO SOCIAL;43;SUBVENCOES SOCIAIS;1;SUBVENCOES SOCIAIS;10;RECURSOS ORDINARIOS - RECURSOS NAO VINCULADOS DE IMPOSTOS;87167,19;87167,19;0,0
9407857;508;2023-12-27 00:00:00;ASSOCIACAO DE RECUPERACAO DE VIDAS ASSOREV-CASA DE BETHANIA;09.375.769/0001-69;1481;SEDESE;SECRETARIA DE ESTADO DE DESENVOLVIMENTO SOCIAL;43;SUBVENCOES SOCIAIS;1;SUBVENCOES SOCIAIS;10;RECURSOS ORDINARIOS - RECURSOS NAO VINCULADOS DE IMPOSTOS;90000,0;90000,0;0,0
9407859;139;2023-12-27 00:00:00;INSTITUTO PEDRA VIVA;08.878.503/0001-76;1481;SEDESE;SECRETARIA DE ESTADO DE DESENVOLVIMENTO SOCIAL;43;SUBVENCOES SOCIAIS;1;SUBVENCOES SOCIAIS;10;RECURSOS ORDINARIOS - RECURSOS NAO VINCULADOS DE IMPOSTOS;399944,7;399944,7;0,0
9407903;501;2023-12-28 00:00:00;PM FLORESTAL;18.313.833/0001-78;1231;SEAPA;SECRETARIA DE ESTADO DE AGRICULTURA, PECUARIA E ABASTECIMENTO - SEAPA;41;CONTRIBUICOES;1;CONTRIBUICOES;10;RECURSOS ORDINARIOS - RECURSOS NAO VINCULADOS DE IMPOSTOS;300000,0;300000,0;0,0
9407922;522;2023-12-27 00:00:00;COMUNIDADE TERAPEUTICA FAZENDA DE RECUPERACAO NOVO CAMINHO;01.812.911/0001-86;1481;SEDESE;SECRETARIA DE ESTADO DE DESENVOLVIMENTO SOCIAL;42;AUXILIOS;1;AUXILIOS;10;RECURSOS ORDINARIOS - RECURSOS NAO VINCULADOS DE IMPOSTOS;90000,0;90000,0;0,0
9407923;537;2023-12-28 00:00:00;ASOCIACAO NUCLEO DE INCLUSAO E CIDADANIA - SABARA;12.031.355/0001-27;1481;SEDESE;SECRETARIA DE ESTADO DE DESENVOLVIMENTO SOCIAL;42;AUXILIOS;1;AUXILIOS;10;RECURSOS ORDINARIOS - RECURSOS NAO VINCULADOS DE IMPOSTOS;112715,0;112715,0;0,0
9407950;1141;2023-12-28 00:00:00;PM SANTANA DO DESERTO;18.338.277/0001-94;1261;SEE;SECRETARIA DE ESTADO DE EDUCACAO;42;AUXILIOS;1;AUXILIOS;10;RECURSOS ORDINARIOS - RECURSOS NAO VINCULADOS DE IMPOSTOS;318000,0;318000,0;0,0
9407951;1142;2023-12-28 00:00:00;PM NANUQUE;18.398.974/0001-30;1261;SEE;SECRETARIA DE ESTADO DE EDUCACAO;42;AUXILIOS;1;AUXILIOS;10;RECURSOS ORDINARIOS - RECURSOS NAO VINCULADOS DE IMPOSTOS;98973,14;98973,14;98973,14
9407952;1143;2023-12-28 00:00:00;PM SANTO ANTONIO DO RIO ABAIXO;18.303.248/0001-97;1261;SEE;SECRETARIA DE ESTADO DE EDUCACAO;42;AUXILIOS;1;AUXILIOS;10;RECURSOS ORDINARIOS - RECURSOS NAO VINCULADOS DE IMPOSTOS;318000,0;318000,0;318000,0
9407953;1140;2023-12-28 00:00:00;PM BRAS PIRES;18.128.272/0001-37;1261;SEE;SECRETARIA DE ESTADO DE EDUCACAO;42;AUXILIOS;1;AUXILIOS;10;RECURSOS ORDINARIOS - RECURSOS NAO VINCULADOS DE IMPOSTOS;636000,0;636000,0;0,0
9407954;1144;2023-12-28 00:00:00;PM AUGUSTO DE LIMA;17.694.845/0001-27;1261;SEE;SECRETARIA DE ESTADO DE EDUCACAO;42;AUXILIOS;1;AUXILIOS;10;RECURSOS ORDINARIOS - RECURSOS NAO VINCULADOS DE IMPOSTOS;427000,0;427000,0;0,0
9407955;1145;2023-12-28 00:00:00;PM CURVELO;17.695.024/0001-05;1261;SEE;SECRETARIA DE ESTADO DE EDUCACAO;42;AUXILIOS;1;AUXILIOS;10;RECURSOS ORDINARIOS - RECURSOS NAO VINCULADOS DE IMPOSTOS;50000,0;0,0;0,0
9407956;2037;2023-12-28 00:00:00;PM JOAO PINHEIRO;16.930.299/0001-13;1261;SEE;SECRETARIA DE ESTADO DE EDUCACAO;42;AUXILIOS;1;AUXILIOS;10;RECURSOS ORDINARIOS - RECURSOS NAO VINCULADOS DE IMPOSTOS;1148902,84;1148902,84;0,0
9407957;2040;2023-12-28 00:00:00;PM BOA ESPERANCA;18.239.590/0001-75;1261;SEE;SECRETARIA DE ESTADO DE EDUCACAO;41;CONTRIBUICOES;1;CONTRIBUICOES;10;RECURSOS ORDINARIOS - RECURSOS NAO VINCULADOS DE IMPOSTOS;1700000,0;1700000,0;0,0
9407958;2039;2023-12-28 00:00:00;PM FERROS;18.299.529/0001-13;1261;SEE;SECRETARIA DE ESTADO DE EDUCACAO;41;CONTRIBUICOES;1;CONTRIBUICOES;71;RECURSOS DO FUNDO ESTADUAL DE ERRADICACAO DA MISERIA;240000,0;240000,0;0,0
9407959;2811;2023-12-28 00:00:00;PM POCO FUNDO;18.242.792/0001-76;1261;SEE;SECRETARIA DE ESTADO DE EDUCACAO;42;AUXILIOS;1;AUXILIOS;10;RECURSOS ORDINARIOS - RECURSOS NAO VINCULADOS DE IMPOSTOS;400000,0;400000,0;400000,0
9407960;3392;2023-12-28 00:00:00;PM MATHIAS LOBATO;18.332.619/0001-69;1261;SEE;SECRETARIA DE ESTADO DE EDUCACAO;42;AUXILIOS;1;AUXILIOS;10;RECURSOS ORDINARIOS - RECURSOS NAO VINCULADOS DE IMPOSTOS;766543,55;766543,55;0,0
9407961;1146;2023-12-28 00:00:00;PM BOTELHOS;17.847.641/0001-89;1261;SEE;SECRETARIA DE ESTADO DE EDUCACAO;42;AUXILIOS;1;AUXILIOS;10;RECURSOS ORDINARIOS - RECURSOS NAO VINCULADOS DE IMPOSTOS;427000,0;427000,0;0,0
9407962;3268;2023-12-28 00:00:00;PM MINAS NOVAS;22.516.405/0001-10;1261;SEE;SECRETARIA DE ESTADO DE EDUCACAO;42;AUXILIOS;1;AUXILIOS;10;RECURSOS ORDINARIOS - RECURSOS NAO VINCULADOS DE IMPOSTOS;5773446,07;5773446,07;5773446,07
9407963;3269;2023-12-28 00:00:00;PM MINAS NOVAS;22.516.405/0001-10;1261;SEE;SECRETARIA DE ESTADO DE EDUCACAO;42;AUXILIOS;1;AUXILIOS;10;RECURSOS ORDINARIOS - RECURSOS NAO VINCULADOS DE IMPOSTOS;2910804,74;2910804,74;0,0
9407964;3270;2023-12-28 00:00:00;PM MINAS NOVAS;22.516.405/0001-10;1261;SEE;SECRETARIA DE ESTADO DE EDUCACAO;42;AUXILIOS;1;AUXILIOS;10;RECURSOS ORDINARIOS - RECURSOS NAO VINCULADOS DE IMPOSTOS;2837738,29;2837738,29;0,0
9407965;1147;2023-12-28 00:00:00;PM PEDRO LEOPOLDO;23.456.650/0001-41;1261;SEE;SECRETARIA DE ESTADO DE EDUCACAO;42;AUXILIOS;1;AUXILIOS;10;RECURSOS ORDINARIOS - RECURSOS NAO VINCULADOS DE IMPOSTOS;318000,0;318000,0;0,0
9407966;1148;2023-12-28 00:00:00;PM PEDRO LEOPOLDO;23.456.650/0001-41;1261;SEE;SECRETARIA DE ESTADO DE EDUCACAO;42;AUXILIOS;1;AUXILIOS;10;RECURSOS ORDINARIOS - RECURSOS NAO VINCULADOS DE IMPOSTOS;427000,0;0,0;0,0
9407969;1734;2023-12-28 00:00:00;PM JACUTINGA;17.914.128/0001-63;1261;SEE;SECRETARIA DE ESTADO DE EDUCACAO;42;AUXILIOS;1;AUXILIOS;10;RECURSOS ORDINARIOS - RECURSOS NAO VINCULADOS DE IMPOSTOS;6413333,35;6413333,35;6413333,35
9407970;816;2023-12-28 00:00:00;PM PATROCINIO;18.468.033/0001-26;1261;SEE;SECRETARIA DE ESTADO DE EDUCACAO;42;AUXILIOS;1;AUXILIOS;10;RECURSOS ORDINARIOS - RECURSOS NAO VINCULADOS DE IMPOSTOS;10666361,66;10666361,66;10666361,66
9407971;815;2023-12-28 00:00:00;PM PATROCINIO;18.468.033/0001-26;1261;SEE;SECRETARIA DE ESTADO DE EDUCACAO;42;AUXILIOS;1;AUXILIOS;10;RECURSOS ORDINARIOS - RECURSOS NAO VINCULADOS DE IMPOSTOS;4504286,66;4504286,66;4504286,66
9407972;814;2023-12-28 00:00:00;PM PATROCINIO;18.468.033/0001-26;1261;SEE;SECRETARIA DE ESTADO DE EDUCACAO;42;AUXILIOS;1;AUXILIOS;10;RECURSOS ORDINARIOS - RECURSOS NAO VINCULADOS DE IMPOSTOS;8121277,45;8121277,45;8121277,45
9407974;2038;2023-12-28 00:00:00;PM MUZAMBINHO;18.668.624/0001-47;1261;SEE;SECRETARIA DE ESTADO DE EDUCACAO;42;AUXILIOS;1;AUXILIOS;10;RECURSOS ORDINARIOS - RECURSOS NAO VINCULADOS DE IMPOSTOS;1800000,0;1800000,0;0,0
9407975;1124;2023-12-28 00:00:00;PM BARAO DE MONTE ALTO;17.947.649/0001-17;1261;SEE;SECRETARIA DE ESTADO DE EDUCACAO;42;AUXILIOS;1;AUXILIOS;10;RECURSOS ORDINARIOS - RECURSOS NAO VINCULADOS DE IMPOSTOS;2653042,39;2653042,39;0,0
9407976;523;2023-12-28 00:00:00;COMUNIDADE REVIVER;26.232.447/0002-60;1481;SEDESE;SECRETARIA DE ESTADO DE DESENVOLVIMENTO SOCIAL;43;SUBVENCOES SOCIAIS;1;SUBVENCOES SOCIAIS;10;RECURSOS ORDINARIOS - RECURSOS NAO VINCULADOS DE IMPOSTOS;89949,5;89949,5;0,0
9407977;524;2023-12-28 00:00:00;ACAO SOCIAL SOS FAMILIA;01.398.398/0001-29;1481;SEDESE;SECRETARIA DE ESTADO DE DESENVOLVIMENTO SOCIAL;42;AUXILIOS;1;AUXILIOS;10;RECURSOS ORDINARIOS - RECURSOS NAO VINCULADOS DE IMPOSTOS;90000,0;90000,0;0,0
9407978;531;2023-12-28 00:00:00;ASSOCIACAO DE PAIS E AMIGOS DOS EXCEPCIONAIS DE LONTRA/MG;13.519.073/0001-36;1481;SEDESE;SECRETARIA DE ESTADO DE DESENVOLVIMENTO SOCIAL;43;SUBVENCOES SOCIAIS;1;SUBVENCOES SOCIAIS;10;RECURSOS ORDINARIOS - RECURSOS NAO VINCULADOS DE IMPOSTOS;89940,86;89940,86;0,0
9407979;525;2023-12-28 00:00:00;ASSOCIACAO DE PAIS E AMIGOS DOS EXCEPCIONAIS/BOCAINA DE MINA;05.401.909/0001-75;1481;SEDESE;SECRETARIA DE ESTADO DE DESENVOLVIMENTO SOCIAL;42;AUXILIOS;1;AUXILIOS;10;RECURSOS ORDINARIOS - RECURSOS NAO VINCULADOS DE IMPOSTOS;88623,86;88623,86;0,0
9407980;527;2023-12-28 00:00:00;LAR SANTO AFONSO MARIA DE LIGORIO/ CALDAS;00.235.323/0001-64;1481;SEDESE;SECRETARIA DE ESTADO DE DESENVOLVIMENTO SOCIAL;42;AUXILIOS;1;AUXILIOS;10;RECURSOS ORDINARIOS - RECURSOS NAO VINCULADOS DE IMPOSTOS;132310,0;132310,0;0,0
9407981;526;2023-12-28 00:00:00;ASSOCIACAO RENOVACAO CIDADA ORGANIZADA DE MEMBROS DA SOCIEDADE CIVIL;13.808.874/0001-11;1481;SEDESE;SECRETARIA DE ESTADO DE DESENVOLVIMENTO SOCIAL;43;SUBVENCOES SOCIAIS;1;SUBVENCOES SOCIAIS;10;RECURSOS ORDINARIOS - RECURSOS NAO VINCULADOS DE IMPOSTOS;99999,96;99999,96;0,0
9407982;528;2023-12-28 00:00:00;ASSOCIACAO DOS PAIS E AMIGOS DOS EXCEPCIONAIS;18.299.354/0001-44;1481;SEDESE;SECRETARIA DE ESTADO DE DESENVOLVIMENTO SOCIAL;43;SUBVENCOES SOCIAIS;1;SUBVENCOES SOCIAIS;10;RECURSOS ORDINARIOS - RECURSOS NAO VINCULADOS DE IMPOSTOS;91878,41;91878,41;0,0
9407983;529;2023-12-28 00:00:00;ASS DE PARENTES E AMIGOS DOS DEPENDENTES QUIMICOS DE ENTRE RIOS MINAS;10.852.194/0001-07;1481;SEDESE;SECRETARIA DE ESTADO DE DESENVOLVIMENTO SOCIAL;43;SUBVENCOES SOCIAIS;1;SUBVENCOES SOCIAIS;10;RECURSOS ORDINARIOS - RECURSOS NAO VINCULADOS DE IMPOSTOS;99994,78;99994,78;0,0
9407984;541;2023-12-28 00:00:00;PM MURIAE;17.947.581/0001-76;1481;SEDESE;SECRETARIA DE ESTADO DE DESENVOLVIMENTO SOCIAL;42;AUXILIOS;1;AUXILIOS;60;RECURSOS DIRETAMENTE ARRECADADOS;66600,0;66600,0;0,0
9407985;537;2023-12-28 00:00:00;PM PLANURA;18.449.157/0001-64;1481;SEDESE;SECRETARIA DE ESTADO DE DESENVOLVIMENTO SOCIAL;41;CONTRIBUICOES;1;CONTRIBUICOES;60;RECURSOS DIRETAMENTE ARRECADADOS;23872,62;23872,62;0,0
9407985;540;2023-12-28 00:00:00;PM PLANURA;18.449.157/0001-64;1481;SEDESE;SECRETARIA DE ESTADO DE DESENVOLVIMENTO SOCIAL;42;AUXILIOS;1;AUXILIOS;60;RECURSOS DIRETAMENTE ARRECADADOS;42727,38;42727,38;0,0
9407986;830;2023-12-28 00:00:00;PM TOCANTINS;18.128.223/0001-02;1371;SEMAD;SECRETARIA DE ESTADO DE MEIO AMBIENTE E DESENVOLVIMENTO SUSTENTAVEL;41;CONTRIBUICOES;1;CONTRIBUICOES;72;TAXA DE FISCALIZACAO DE RECURSOS MINERARIOS;705752,33;705752,33;0,0
9407987;536;2023-12-28 00:00:00;PM CORONEL FABRICIANO;19.875.046/0001-82;1481;SEDESE;SECRETARIA DE ESTADO DE DESENVOLVIMENTO SOCIAL;42;AUXILIOS;1;AUXILIOS;60;RECURSOS DIRETAMENTE ARRECADADOS;64662,22;64662,22;0,0
9407988;538;2023-12-28 00:00:00;PM CONTAGEM;18.715.508/0001-31;1481;SEDESE;SECRETARIA DE ESTADO DE DESENVOLVIMENTO SOCIAL;41;CONTRIBUICOES;1;CONTRIBUICOES;60;RECURSOS DIRETAMENTE ARRECADADOS;122200,02;122200,02;0,0
9407988;539;2023-12-28 00:00:00;PM CONTAGEM;18.715.508/0001-31;1481;SEDESE;SECRETARIA DE ESTADO DE DESENVOLVIMENTO SOCIAL;42;AUXILIOS;1;AUXILIOS;60;RECURSOS DIRETAMENTE ARRECADADOS;343994,63;343994,63;0,0
9407989;839;2023-12-28 00:00:00;PM SETE LAGOAS;24.996.969/0001-22;1371;SEMAD;SECRETARIA DE ESTADO DE MEIO AMBIENTE E DESENVOLVIMENTO SUSTENTAVEL;41;CONTRIBUICOES;1;CONTRIBUICOES;72;TAXA DE FISCALIZACAO DE RECURSOS MINERARIOS;500000,0;500000,0;0,0
9407990;838;2023-12-28 00:00:00;PM MURIAE;17.947.581/0001-76;1371;SEMAD;SECRETARIA DE ESTADO DE MEIO AMBIENTE E DESENVOLVIMENTO SUSTENTAVEL;41;CONTRIBUICOES;1;CONTRIBUICOES;72;TAXA DE FISCALIZACAO DE RECURSOS MINERARIOS;700000,0;700000,0;0,0
9407991;837;2023-12-28 00:00:00;PM ARAGUARI;16.829.640/0001-49;1371;SEMAD;SECRETARIA DE ESTADO DE MEIO AMBIENTE E DESENVOLVIMENTO SUSTENTAVEL;41;CONTRIBUICOES;1;CONTRIBUICOES;72;TAXA DE FISCALIZACAO DE RECURSOS MINERARIOS;700000,0;700000,0;0,0
9407992;530;2023-12-28 00:00:00;ABRACO ASSOCIACAO BRASILEIRA COMUNITARIA PARA A PREVENCAO DO ABUSO DE;25.572.199/0001-53;1481;SEDESE;SECRETARIA DE ESTADO DE DESENVOLVIMENTO SOCIAL;43;SUBVENCOES SOCIAIS;1;SUBVENCOES SOCIAIS;10;RECURSOS ORDINARIOS - RECURSOS NAO VINCULADOS DE IMPOSTOS;49980,0;49980,0;0,0
9407993;836;2023-12-28 00:00:00;PM VARZEA DA PALMA;18.279.059/0001-26;1371;SEMAD;SECRETARIA DE ESTADO DE MEIO AMBIENTE E DESENVOLVIMENTO SUSTENTAVEL;41;CONTRIBUICOES;1;CONTRIBUICOES;72;TAXA DE FISCALIZACAO DE RECURSOS MINERARIOS;100000,0;100000,0;0,0
9407994;87;2023-12-28 00:00:00;INSTITUTO SAIDA DE ACAO SOCIAL;18.111.514/0001-80;1481;SEDESE;SECRETARIA DE ESTADO DE DESENVOLVIMENTO SOCIAL;42;AUXILIOS;1;AUXILIOS;10;RECURSOS ORDINARIOS - RECURSOS NAO VINCULADOS DE IMPOSTOS;118490,0;118490,0;0,0
9407995;1363;2023-12-28 00:00:00;FUNDACAO GREGORIO F. BAREMBLITT;26.034.397/0001-26;4251;FEAS;FUNDO ESTADUAL DE ASSISTENCIA SOCIAL;43;SUBVENCOES SOCIAIS;1;SUBVENCOES SOCIAIS;71;RECURSOS DO FUNDO ESTADUAL DE ERRADICACAO DA MISERIA;282052,09;282052,09;0,0
9407996;314;2023-12-28 00:00:00;PM NOVO CRUZEIRO;18.404.889/0001-38;1481;SEDESE;SECRETARIA DE ESTADO DE DESENVOLVIMENTO SOCIAL;41;CONTRIBUICOES;1;CONTRIBUICOES;60;RECURSOS DIRETAMENTE ARRECADADOS;99062,79;99062,79;0,0
9407997;835;2023-12-28 00:00:00;PM ALEM PARAIBA;17.709.197/0001-35;1371;SEMAD;SECRETARIA DE ESTADO DE MEIO AMBIENTE E DESENVOLVIMENTO SUSTENTAVEL;41;CONTRIBUICOES;1;CONTRIBUICOES;72;TAXA DE FISCALIZACAO DE RECURSOS MINERARIOS;400000,0;400000,0;0,0
9407998;313;2023-12-28 00:00:00;PM TRES MARIAS;17.695.008/0001-12;1481;SEDESE;SECRETARIA DE ESTADO DE DESENVOLVIMENTO SOCIAL;41;CONTRIBUICOES;1;CONTRIBUICOES;60;RECURSOS DIRETAMENTE ARRECADADOS;100000,0;100000,0;0,0
9407999;322;2023-12-28 00:00:00;PM GUANHAES;18.307.439/0001-27;1481;SEDESE;SECRETARIA DE ESTADO DE DESENVOLVIMENTO SOCIAL;41;CONTRIBUICOES;1;CONTRIBUICOES;60;RECURSOS DIRETAMENTE ARRECADADOS;100000,0;100000,0;0,0
9408000;834;2023-12-28 00:00:00;CONSORCIO PUBLICO INTERM. DESENV. SUST. DO TRIANGULO MINEIRO;19.526.155/0001-94;1371;SEMAD;SECRETARIA DE ESTADO DE MEIO AMBIENTE E DESENVOLVIMENTO SUSTENTAVEL;41;CONTRIBUICOES;1;CONTRIBUICOES;72;TAXA DE FISCALIZACAO DE RECURSOS MINERARIOS;776000,0;776000,0;0,0
9408001;532;2023-12-28 00:00:00;PM BOA ESPERANCA;18.239.590/0001-75;1481;SEDESE;SECRETARIA DE ESTADO DE DESENVOLVIMENTO SOCIAL;41;CONTRIBUICOES;1;CONTRIBUICOES;15;RECURSOS ORDINARIOS - OUTROS RECURSOS NAO VINCULADOS;500000,0;500000,0;0,0
9408002;321;2023-12-28 00:00:00;PM INIMUTABA;17.694.860/0001-75;1481;SEDESE;SECRETARIA DE ESTADO DE DESENVOLVIMENTO SOCIAL;41;CONTRIBUICOES;1;CONTRIBUICOES;38;TRANSFERENCIAS DA UNIAO VINCULADOS AO ESPORTE;229369,38;229369,38;0,0
9408003;323;2023-12-28 00:00:00;ASSOCIACAO DEFICIENTES FISICOS DE UBERABA;26.040.691/0001-40;1481;SEDESE;SECRETARIA DE ESTADO DE DESENVOLVIMENTO SOCIAL;43;SUBVENCOES SOCIAIS;1;SUBVENCOES SOCIAIS;38;TRANSFERENCIAS DA UNIAO VINCULADOS AO ESPORTE;84689,06;84689,06;0,0
9408004;319;2023-12-28 00:00:00;PM CAPELINHA;19.229.921/0001-59;1481;SEDESE;SECRETARIA DE ESTADO DE DESENVOLVIMENTO SOCIAL;41;CONTRIBUICOES;1;CONTRIBUICOES;60;RECURSOS DIRETAMENTE ARRECADADOS;96306,5;96306,5;0,0
9408005;316;2023-12-28 00:00:00;LIGA IPATINGUENSE DE ESPORTES ESPECIALIZADOS;26.201.400/0001-59;1481;SEDESE;SECRETARIA DE ESTADO DE DESENVOLVIMENTO SOCIAL;43;SUBVENCOES SOCIAIS;1;SUBVENCOES SOCIAIS;38;TRANSFERENCIAS DA UNIAO VINCULADOS AO ESPORTE;98698,16;98698,16;0,0
9408006;320;2023-12-28 00:00:00;PM EUGENOPOLIS;17.947.656/0001-19;1481;SEDESE;SECRETARIA DE ESTADO DE DESENVOLVIMENTO SOCIAL;41;CONTRIBUICOES;1;CONTRIBUICOES;38;TRANSFERENCIAS DA UNIAO VINCULADOS AO ESPORTE;229369,38;229369,38;0,0
9408007;10;2023-12-28 00:00:00;CDM - COOPERACAO PARA O DESENVOLVIMENTO E MORADA HUMANA;21.867.551/0001-27;4091;FIA;FUNDO PARA A INFANCIA E A ADOLESCENCIA;43;SUBVENCOES SOCIAIS;1;SUBVENCOES SOCIAIS;45;DOACOES DE PESSOAS, DE INSTITUICOES PRIVADAS OU DO EXTERIOR A ORGAO E ENTIDADES DO ESTADO;309193,5;309193,5;0,0
9408007;11;2023-12-28 00:00:00;CDM - COOPERACAO PARA O DESENVOLVIMENTO E MORADA HUMANA;21.867.551/0001-27;4091;FIA;FUNDO PARA A INFANCIA E A ADOLESCENCIA;42;AUXILIOS;1;AUXILIOS;45;DOACOES DE PESSOAS, DE INSTITUICOES PRIVADAS OU DO EXTERIOR A ORGAO E ENTIDADES DO ESTADO;22592,91;22592,91;0,0
9408008;536;2023-12-28 00:00:00;PM CAMPO FLORIDO;18.428.862/0001-85;1481;SEDESE;SECRETARIA DE ESTADO DE DESENVOLVIMENTO SOCIAL;42;AUXILIOS;1;AUXILIOS;15;RECURSOS ORDINARIOS - OUTROS RECURSOS NAO VINCULADOS;200000,0;200000,0;0,0
9408009;534;2023-12-28 00:00:00;PM ANDRADAS;17.884.412/0001-34;1481;SEDESE;SECRETARIA DE ESTADO DE DESENVOLVIMENTO SOCIAL;42;AUXILIOS;1;AUXILIOS;15;RECURSOS ORDINARIOS - OUTROS RECURSOS NAO VINCULADOS;400000,0;400000,0;0,0
9408010;533;2023-12-28 00:00:00;PM ANDRADAS;17.884.412/0001-34;1481;SEDESE;SECRETARIA DE ESTADO DE DESENVOLVIMENTO SOCIAL;42;AUXILIOS;1;AUXILIOS;15;RECURSOS ORDINARIOS - OUTROS RECURSOS NAO VINCULADOS;1600000,0;1600000,0;0,0
9408011;833;2023-12-28 00:00:00;PM VAZANTE;18.278.069/0001-47;1371;SEMAD;SECRETARIA DE ESTADO DE MEIO AMBIENTE E DESENVOLVIMENTO SUSTENTAVEL;41;CONTRIBUICOES;1;CONTRIBUICOES;72;TAXA DE FISCALIZACAO DE RECURSOS MINERARIOS;150000,0;150000,0;0,0
9408012;907;2023-12-28 00:00:00;INSTITUTO NEIDES ABREU;34.106.513/0001-01;1271;SECULT;SECRETARIA DE ESTADO DE CULTURA E TURISMO;41;CONTRIBUICOES;1;CONTRIBUICOES;10;RECURSOS ORDINARIOS - RECURSOS NAO VINCULADOS DE IMPOSTOS;50000,0;50000,0;0,0
9408012;908;2023-12-28 00:00:00;INSTITUTO NEIDES ABREU;34.106.513/0001-01;1271;SECULT;SECRETARIA DE ESTADO DE CULTURA E TURISMO;42;AUXILIOS;1;AUXILIOS;10;RECURSOS ORDINARIOS - RECURSOS NAO VINCULADOS DE IMPOSTOS;50000,0;50000,0;0,0
9408013;809;2023-12-28 00:00:00;PM SAO JOAO EVANGELISTA;18.307.488/0001-60;1301;SEINFRA;SECRETARIA DE ESTADO DE INFRAESTRUTURA, MOBILIDADE E PARCERIAS;42;AUXILIOS;1;AUXILIOS;10;RECURSOS ORDINARIOS - RECURSOS NAO VINCULADOS DE IMPOSTOS;300000,0;300000,0;0,0
9408014;810;2023-12-28 00:00:00;PM CAPINOPOLIS;18.457.234/0001-28;1301;SEINFRA;SECRETARIA DE ESTADO DE INFRAESTRUTURA, MOBILIDADE E PARCERIAS;42;AUXILIOS;1;AUXILIOS;32;EXPLORACAO DE RECURSOS MINERAIS;500000,0;500000,0;0,0
9408015;832;2023-12-28 00:00:00;PM TRES CORACOES;17.955.535/0001-19;1371;SEMAD;SECRETARIA DE ESTADO DE MEIO AMBIENTE E DESENVOLVIMENTO SUSTENTAVEL;41;CONTRIBUICOES;1;CONTRIBUICOES;72;TAXA DE FISCALIZACAO DE RECURSOS MINERARIOS;500000,0;500000,0;0,0
9408016;811;2023-12-28 00:00:00;PM PATOS DE MINAS;18.602.011/0001-07;1301;SEINFRA;SECRETARIA DE ESTADO DE INFRAESTRUTURA, MOBILIDADE E PARCERIAS;42;AUXILIOS;1;AUXILIOS;32;EXPLORACAO DE RECURSOS MINERAIS;7000000,0;7000000,0;0,0
9408017;324;2023-12-28 00:00:00;PM SAO JOSE DO DIVINO;18.404.988/0001-10;1481;SEDESE;SECRETARIA DE ESTADO DE DESENVOLVIMENTO SOCIAL;41;CONTRIBUICOES;1;CONTRIBUICOES;38;TRANSFERENCIAS DA UNIAO VINCULADOS AO ESPORTE;229369,38;229369,38;0,0
9408018;831;2023-12-28 00:00:00;PM URUANA DE MINAS;01.609.942/0001-34;1371;SEMAD;SECRETARIA DE ESTADO DE MEIO AMBIENTE E DESENVOLVIMENTO SUSTENTAVEL;41;CONTRIBUICOES;1;CONTRIBUICOES;72;TAXA DE FISCALIZACAO DE RECURSOS MINERARIOS;196244,22;196244,22;0,0
9408019;905;2023-12-28 00:00:00;ASSOCIACAO DO TERNO DE CONGADO MARUJOS AZUL DE MAIO - AZM;11.795.449/0001-00;1271;SECULT;SECRETARIA DE ESTADO DE CULTURA E TURISMO;41;CONTRIBUICOES;1;CONTRIBUICOES;10;RECURSOS ORDINARIOS - RECURSOS NAO VINCULADOS DE IMPOSTOS;24000,0;24000,0;0,0
9408019;906;2023-12-28 00:00:00;ASSOCIACAO DO TERNO DE CONGADO MARUJOS AZUL DE MAIO - AZM;11.795.449/0001-00;1271;SECULT;SECRETARIA DE ESTADO DE CULTURA E TURISMO;42;AUXILIOS;1;AUXILIOS;10;RECURSOS ORDINARIOS - RECURSOS NAO VINCULADOS DE IMPOSTOS;76000,0;76000,0;0,0
9408020;912;2023-12-28 00:00:00;ASSOCIACAO DE CULTURA E ARTES JOSE ANTONIO LOBO;11.015.792/0001-94;1271;SECULT;SECRETARIA DE ESTADO DE CULTURA E TURISMO;41;CONTRIBUICOES;1;CONTRIBUICOES;10;RECURSOS ORDINARIOS - RECURSOS NAO VINCULADOS DE IMPOSTOS;80000,0;80000,0;0,0
9408020;913;2023-12-28 00:00:00;ASSOCIACAO DE CULTURA E ARTES JOSE ANTONIO LOBO;11.015.792/0001-94;1271;SECULT;SECRETARIA DE ESTADO DE CULTURA E TURISMO;42;AUXILIOS;1;AUXILIOS;10;RECURSOS ORDINARIOS - RECURSOS NAO VINCULADOS DE IMPOSTOS;9979,21;9979,21;0,0
9408021;318;2023-12-28 00:00:00;PM PRESIDENTE JUSCELINO;17.695.057/0001-55;1481;SEDESE;SECRETARIA DE ESTADO DE DESENVOLVIMENTO SOCIAL;42;AUXILIOS;1;AUXILIOS;38;TRANSFERENCIAS DA UNIAO VINCULADOS AO ESPORTE;97566,66;97566,66;0,0
9408022;848;2023-12-28 00:00:00;PM SAO JOAO DE MANTENINHA;22.705.248/0001-90;1371;SEMAD;SECRETARIA DE ESTADO DE MEIO AMBIENTE E DESENVOLVIMENTO SUSTENTAVEL;41;CONTRIBUICOES;1;CONTRIBUICOES;72;TAXA DE FISCALIZACAO DE RECURSOS MINERARIOS;701374,0;701374,0;0,0
9408023;498;2023-12-28 00:00:00;PM SABINOPOLIS;18.307.454/0001-75;1231;SEAPA;SECRETARIA DE ESTADO DE AGRICULTURA, PECUARIA E ABASTECIMENTO - SEAPA;41;CONTRIBUICOES;1;CONTRIBUICOES;10;RECURSOS ORDINARIOS - RECURSOS NAO VINCULADOS DE IMPOSTOS;330000,0;330000,0;0,0
9408024;497;2023-12-28 00:00:00;PM LUISLANDIA;01.612.887/0001-31;1231;SEAPA;SECRETARIA DE ESTADO DE AGRICULTURA, PECUARIA E ABASTECIMENTO - SEAPA;41;CONTRIBUICOES;1;CONTRIBUICOES;10;RECURSOS ORDINARIOS - RECURSOS NAO VINCULADOS DE IMPOSTOS;460000,0;460000,0;0,0
9408025;847;2023-12-28 00:00:00;PM ITAPAGIPE;21.226.840/0001-47;1371;SEMAD;SECRETARIA DE ESTADO DE MEIO AMBIENTE E DESENVOLVIMENTO SUSTENTAVEL;41;CONTRIBUICOES;1;CONTRIBUICOES;72;TAXA DE FISCALIZACAO DE RECURSOS MINERARIOS;150000,0;150000,0;0,0
9408028;846;2023-12-28 00:00:00;CONSORCIO INTERMUNICIPAL REGIAO INTEGRADA DE DESENVOLVIMENTO SUSTENTAV;19.746.706/0001-25;1371;SEMAD;SECRETARIA DE ESTADO DE MEIO AMBIENTE E DESENVOLVIMENTO SUSTENTAVEL;41;CONTRIBUICOES;1;CONTRIBUICOES;72;TAXA DE FISCALIZACAO DE RECURSOS MINERARIOS;710000,0;710000,0;0,0
9408030;813;2023-12-28 00:00:00;PM ABAETE;18.296.632/0001-00;1301;SEINFRA;SECRETARIA DE ESTADO DE INFRAESTRUTURA, MOBILIDADE E PARCERIAS;42;AUXILIOS;1;AUXILIOS;95;RECURSOS RECEBIDOS POR DANOS ADVINDOS DE DESASTRES SOCIOAMBIENTAIS;84310252,37;84310252,37;0,0
9408032;845;2023-12-28 00:00:00;PM TOCOS DO MOJI;01.601.656/0001-22;1371;SEMAD;SECRETARIA DE ESTADO DE MEIO AMBIENTE E DESENVOLVIMENTO SUSTENTAVEL;41;CONTRIBUICOES;1;CONTRIBUICOES;72;TAXA DE FISCALIZACAO DE RECURSOS MINERARIOS;150000,0;150000,0;0,0
9408034;6610;2023-12-29 00:00:00;CONSORCIO INTERM.SAUDE REDE URG.EMERG LESTE DE MINAS - GOV.VALADARES;20.101.246/0001-67;4291;FES;FUNDO ESTADUAL DE SAUDE;42;AUXILIOS;1;AUXILIOS;95;RECURSOS RECEBIDOS POR DANOS ADVINDOS DE DESASTRES SOCIOAMBIENTAIS;119529,19;119529,19;0,0
9408035;2699;2023-12-28 00:00:00;PM IBERTIOGA;18.094.839/0001-00;1491;SEGOV;SECRETARIA DE ESTADO DE GOVERNO;42;AUXILIOS;1;AUXILIOS;15;RECURSOS ORDINARIOS - OUTROS RECURSOS NAO VINCULADOS;300000,0;0,0;0,0
9408036;844;2023-12-28 00:00:00;PM RESENDE COSTA;17.749.912/0001-63;1371;SEMAD;SECRETARIA DE ESTADO DE MEIO AMBIENTE E DESENVOLVIMENTO SUSTENTAVEL;41;CONTRIBUICOES;1;CONTRIBUICOES;72;TAXA DE FISCALIZACAO DE RECURSOS MINERARIOS;299926,75;299926,75;0,0
9408038;2692;2023-12-28 00:00:00;PM SANTA RITA DO ITUETO;18.413.187/0001-10;1491;SEGOV;SECRETARIA DE ESTADO DE GOVERNO;42;AUXILIOS;1;AUXILIOS;15;RECURSOS ORDINARIOS - OUTROS RECURSOS NAO VINCULADOS;650000,0;0,0;0,0
9408039;843;2023-12-28 00:00:00;CONSORCIO INTERMUNICIPAL DE INFRAESTRUTURA DOS MUNICIPIOS DA AMAJE;22.835.076/0001-70;1371;SEMAD;SECRETARIA DE ESTADO DE MEIO AMBIENTE E DESENVOLVIMENTO SUSTENTAVEL;41;CONTRIBUICOES;1;CONTRIBUICOES;72;TAXA DE FISCALIZACAO DE RECURSOS MINERARIOS;480000,0;480000,0;0,0
9408040;535;2023-12-28 00:00:00;LAR PEDACINHO DO CEU;23.780.943/0001-80;1481;SEDESE;SECRETARIA DE ESTADO DE DESENVOLVIMENTO SOCIAL;42;AUXILIOS;1;AUXILIOS;10;RECURSOS ORDINARIOS - RECURSOS NAO VINCULADOS DE IMPOSTOS;88623,86;88623,86;0,0
9408043;2700;2023-12-28 00:00:00;PM TURVOLANDIA;18.712.141/0001-00;1491;SEGOV;SECRETARIA DE ESTADO DE GOVERNO;42;AUXILIOS;1;AUXILIOS;15;RECURSOS ORDINARIOS - OUTROS RECURSOS NAO VINCULADOS;698652,33;0,0;0,0
9408044;2701;2023-12-28 00:00:00;PM SAO JOAO DO ORIENTE;18.338.848/0001-90;1491;SEGOV;SECRETARIA DE ESTADO DE GOVERNO;42;AUXILIOS;1;AUXILIOS;15;RECURSOS ORDINARIOS - OUTROS RECURSOS NAO VINCULADOS;500000,0;0,0;0,0
9408045;842;2023-12-28 00:00:00;PM FREI INOCENCIO;16.945.990/0001-70;1371;SEMAD;SECRETARIA DE ESTADO DE MEIO AMBIENTE E DESENVOLVIMENTO SUSTENTAVEL;41;CONTRIBUICOES;1;CONTRIBUICOES;72;TAXA DE FISCALIZACAO DE RECURSOS MINERARIOS;1900000,0;1900000,0;0,0
9408046;2702;2023-12-28 00:00:00;PM GOIANA;01.611.137/0001-45;1491;SEGOV;SECRETARIA DE ESTADO DE GOVERNO;42;AUXILIOS;1;AUXILIOS;15;RECURSOS ORDINARIOS - OUTROS RECURSOS NAO VINCULADOS;87737,63;0,0;0,0
9408047;2691;2023-12-28 00:00:00;PM MONTE FORMOSO;01.615.007/0001-80;1491;SEGOV;SECRETARIA DE ESTADO DE GOVERNO;42;AUXILIOS;1;AUXILIOS;15;RECURSOS ORDINARIOS - OUTROS RECURSOS NAO VINCULADOS;87734,86;0,0;0,0
9408049;841;2023-12-28 00:00:00;PM NOVO ORIENTE DE MINAS;01.613.373/0001-09;1371;SEMAD;SECRETARIA DE ESTADO DE MEIO AMBIENTE E DESENVOLVIMENTO SUSTENTAVEL;41;CONTRIBUICOES;1;CONTRIBUICOES;97;TRANSFERENCIAS ESPECIAIS DE RECURSOS DA UNIAO;115492,0;115492,0;0,0
9408050;812;2023-12-28 00:00:00;PM UBA;18.128.207/0001-01;1301;SEINFRA;SECRETARIA DE ESTADO DE INFRAESTRUTURA, MOBILIDADE E PARCERIAS;42;AUXILIOS;1;AUXILIOS;15;RECURSOS ORDINARIOS - OUTROS RECURSOS NAO VINCULADOS;300000,0;300000,0;0,0
9408051;2697;2023-12-28 00:00:00;PM JABOTICATUBAS;18.715.417/0001-04;1491;SEGOV;SECRETARIA DE ESTADO DE GOVERNO;42;AUXILIOS;1;AUXILIOS;15;RECURSOS ORDINARIOS - OUTROS RECURSOS NAO VINCULADOS;117495,0;0,0;0,0
9408052;2698;2023-12-28 00:00:00;PM DIVINOPOLIS;18.291.351/0001-64;1491;SEGOV;SECRETARIA DE ESTADO DE GOVERNO;42;AUXILIOS;1;AUXILIOS;15;RECURSOS ORDINARIOS - OUTROS RECURSOS NAO VINCULADOS;390000,0;0,0;0,0
9408053;840;2023-12-28 00:00:00;PM CAPITOLIO;16.726.028/0001-40;1371;SEMAD;SECRETARIA DE ESTADO DE MEIO AMBIENTE E DESENVOLVIMENTO SUSTENTAVEL;41;CONTRIBUICOES;1;CONTRIBUICOES;97;TRANSFERENCIAS ESPECIAIS DE RECURSOS DA UNIAO;45000,0;45000,0;0,0
9408057;2693;2023-12-28 00:00:00;PM CAPINOPOLIS;18.457.234/0001-28;1491;SEGOV;SECRETARIA DE ESTADO DE GOVERNO;42;AUXILIOS;1;AUXILIOS;15;RECURSOS ORDINARIOS - OUTROS RECURSOS NAO VINCULADOS;250000,0;0,0;0,0
9408061;2694;2023-12-28 00:00:00;PM BAEPENDI;18.008.862/0001-26;1491;SEGOV;SECRETARIA DE ESTADO DE GOVERNO;42;AUXILIOS;1;AUXILIOS;15;RECURSOS ORDINARIOS - OUTROS RECURSOS NAO VINCULADOS;300000,0;0,0;0,0
9408065;2703;2023-12-28 00:00:00;PM CAMANDUCAIA;17.935.396/0001-61;1491;SEGOV;SECRETARIA DE ESTADO DE GOVERNO;42;AUXILIOS;1;AUXILIOS;15;RECURSOS ORDINARIOS - OUTROS RECURSOS NAO VINCULADOS;131648,0;0,0;0,0
9408068;2695;2023-12-28 00:00:00;PM RIO PARANAIBA;18.602.045/0001-00;1491;SEGOV;SECRETARIA DE ESTADO DE GOVERNO;42;AUXILIOS;1;AUXILIOS;15;RECURSOS ORDINARIOS - OUTROS RECURSOS NAO VINCULADOS;123851,11;0,0;0,0
9408070;2696;2023-12-28 00:00:00;PM ARAPUA;19.942.895/0001-01;1491;SEGOV;SECRETARIA DE ESTADO DE GOVERNO;42;AUXILIOS;1;AUXILIOS;15;RECURSOS ORDINARIOS - OUTROS RECURSOS NAO VINCULADOS;116292,0;0,0;0,0
9408084;337;2023-12-28 00:00:00;PM CAETE;18.302.299/0001-02;1221;SEDE;SECRETARIA DE ESTADO DE DESENVOLVIMENTO ECONOMICO;41;CONTRIBUICOES;1;CONTRIBUICOES;32;EXPLORACAO DE RECURSOS MINERAIS;1440000,0;1416150,0;0,0
9408265;849;2023-12-29 00:00:00;PM CANA VERDE;18.244.426/0001-56;1371;SEMAD;SECRETARIA DE ESTADO DE MEIO AMBIENTE E DESENVOLVIMENTO SUSTENTAVEL;41;CONTRIBUICOES;1;CONTRIBUICOES;72;TAXA DE FISCALIZACAO DE RECURSOS MINERARIOS;300000,0;300000,0;0,0
9408266;2704;2023-12-29 00:00:00;PM ICARAI DE MINAS;25.224.304/0001-63;1491;SEGOV;SECRETARIA DE ESTADO DE GOVERNO;42;AUXILIOS;1;AUXILIOS;15;RECURSOS ORDINARIOS - OUTROS RECURSOS NAO VINCULADOS;500000,0;0,0;0,0
9408267;334;2023-12-28 00:00:00;PM BAEPENDI;18.008.862/0001-26;1481;SEDESE;SECRETARIA DE ESTADO DE DESENVOLVIMENTO SOCIAL;41;CONTRIBUICOES;1;CONTRIBUICOES;38;TRANSFERENCIAS DA UNIAO VINCULADOS AO ESPORTE;229369,38;229369,38;0,0
9408268;330;2023-12-28 00:00:00;PM ENGENHEIRO CALDAS;18.080.655/0001-82;1481;SEDESE;SECRETARIA DE ESTADO DE DESENVOLVIMENTO SOCIAL;41;CONTRIBUICOES;1;CONTRIBUICOES;38;TRANSFERENCIAS DA UNIAO VINCULADOS AO ESPORTE;229369,38;229369,38;0,0
9408269;331;2023-12-28 00:00:00;APAE;04.427.949/0001-23;1481;SEDESE;SECRETARIA DE ESTADO DE DESENVOLVIMENTO SOCIAL;43;SUBVENCOES SOCIAIS;1;SUBVENCOES SOCIAIS;38;TRANSFERENCIAS DA UNIAO VINCULADOS AO ESPORTE;99999,96;99999,96;0,0
9408270;329;2023-12-28 00:00:00;PM MEDINA;18.414.607/0001-83;1481;SEDESE;SECRETARIA DE ESTADO DE DESENVOLVIMENTO SOCIAL;41;CONTRIBUICOES;1;CONTRIBUICOES;38;TRANSFERENCIAS DA UNIAO VINCULADOS AO ESPORTE;229368,38;229368,38;0,0
9408271;333;2023-12-28 00:00:00;UNIAO DOS PARAPLEGICOS DE BELO HORIZONTE;21.020.987/0001-86;1481;SEDESE;SECRETARIA DE ESTADO DE DESENVOLVIMENTO SOCIAL;43;SUBVENCOES SOCIAIS;1;SUBVENCOES SOCIAIS;59;OUTROS RECURSOS VINCULADOS;225853,35;225853,35;0,0
9408272;328;2023-12-28 00:00:00;PM SARDOA;18.307.496/0001-06;1481;SEDESE;SECRETARIA DE ESTADO DE DESENVOLVIMENTO SOCIAL;41;CONTRIBUICOES;1;CONTRIBUICOES;38;TRANSFERENCIAS DA UNIAO VINCULADOS AO ESPORTE;229369,38;229369,38;0,0
9408273;2706;2023-12-29 00:00:00;PM SANTA CRUZ DE SALINAS;01.612.497/0001-61;1491;SEGOV;SECRETARIA DE ESTADO DE GOVERNO;42;AUXILIOS;1;AUXILIOS;15;RECURSOS ORDINARIOS - OUTROS RECURSOS NAO VINCULADOS;330000,0;0,0;0,0
9408274;540;2023-12-28 00:00:00;INSTITUTO BRASILEIRO DE ASSISTENCIA A SAUDE;10.318.819/0001-55;1481;SEDESE;SECRETARIA DE ESTADO DE DESENVOLVIMENTO SOCIAL;43;SUBVENCOES SOCIAIS;1;SUBVENCOES SOCIAIS;10;RECURSOS ORDINARIOS - RECURSOS NAO VINCULADOS DE IMPOSTOS;285000,0;285000,0;0,0
9408275;552;2023-12-28 00:00:00;INSTITUTO NEIDES ABREU;34.106.513/0001-01;1481;SEDESE;SECRETARIA DE ESTADO DE DESENVOLVIMENTO SOCIAL;43;SUBVENCOES SOCIAIS;1;SUBVENCOES SOCIAIS;10;RECURSOS ORDINARIOS - RECURSOS NAO VINCULADOS DE IMPOSTOS;103000,0;103000,0;0,0
9408275;553;2023-12-28 00:00:00;INSTITUTO NEIDES ABREU;34.106.513/0001-01;1481;SEDESE;SECRETARIA DE ESTADO DE DESENVOLVIMENTO SOCIAL;42;AUXILIOS;1;AUXILIOS;10;RECURSOS ORDINARIOS - RECURSOS NAO VINCULADOS DE IMPOSTOS;26000,0;26000,0;0,0
9408276;554;2023-12-28 00:00:00;APAE RAUL SOARES;19.713.544/0001-29;1481;SEDESE;SECRETARIA DE ESTADO DE DESENVOLVIMENTO SOCIAL;43;SUBVENCOES SOCIAIS;1;SUBVENCOES SOCIAIS;10;RECURSOS ORDINARIOS - RECURSOS NAO VINCULADOS DE IMPOSTOS;99997,84;99997,84;0,0
9408277;2707;2023-12-29 00:00:00;PM MINDURI;17.954.041/0001-10;1491;SEGOV;SECRETARIA DE ESTADO DE GOVERNO;42;AUXILIOS;1;AUXILIOS;15;RECURSOS ORDINARIOS - OUTROS RECURSOS NAO VINCULADOS;700000,0;0,0;0,0
9408278;74;2023-12-28 00:00:00;CARITAS BRASILEIRA;33.654.419/0008-92;1481;SEDESE;SECRETARIA DE ESTADO DE DESENVOLVIMENTO SOCIAL;43;SUBVENCOES SOCIAIS;1;SUBVENCOES SOCIAIS;10;RECURSOS ORDINARIOS - RECURSOS NAO VINCULADOS DE IMPOSTOS;600000,0;600000,0;0,0
9408279;541;2023-12-28 00:00:00;PM PEDRO LEOPOLDO;23.456.650/0001-41;1481;SEDESE;SECRETARIA DE ESTADO DE DESENVOLVIMENTO SOCIAL;41;CONTRIBUICOES;1;CONTRIBUICOES;15;RECURSOS ORDINARIOS - OUTROS RECURSOS NAO VINCULADOS;995846,22;995846,22;0,0
9408280;551;2023-12-28 00:00:00;PM AUGUSTO DE LIMA;17.694.845/0001-27;1481;SEDESE;SECRETARIA DE ESTADO DE DESENVOLVIMENTO SOCIAL;41;CONTRIBUICOES;1;CONTRIBUICOES;15;RECURSOS ORDINARIOS - OUTROS RECURSOS NAO VINCULADOS;550000,0;550000,0;0,0
9408281;335;2023-12-28 00:00:00;PM JOAIMA;18.495.812/0001-10;1481;SEDESE;SECRETARIA DE ESTADO DE DESENVOLVIMENTO SOCIAL;41;CONTRIBUICOES;1;CONTRIBUICOES;60;RECURSOS DIRETAMENTE ARRECADADOS;100000,0;100000,0;0,0
9408282;545;2023-12-28 00:00:00;PM ALVINOPOLIS;16.725.392/0001-96;1481;SEDESE;SECRETARIA DE ESTADO DE DESENVOLVIMENTO SOCIAL;41;CONTRIBUICOES;1;CONTRIBUICOES;15;RECURSOS ORDINARIOS - OUTROS RECURSOS NAO VINCULADOS;250000,0;250000,0;0,0
9408283;2708;2023-12-29 00:00:00;PM SAO JOAO DA PONTE;16.928.483/0001-29;1491;SEGOV;SECRETARIA DE ESTADO DE GOVERNO;42;AUXILIOS;1;AUXILIOS;15;RECURSOS ORDINARIOS - OUTROS RECURSOS NAO VINCULADOS;600000,0;0,0;0,0
9408284;550;2023-12-28 00:00:00;PM RESENDE COSTA;17.749.912/0001-63;1481;SEDESE;SECRETARIA DE ESTADO DE DESENVOLVIMENTO SOCIAL;41;CONTRIBUICOES;1;CONTRIBUICOES;15;RECURSOS ORDINARIOS - OUTROS RECURSOS NAO VINCULADOS;742154,17;742154,17;0,0
9408285;549;2023-12-28 00:00:00;PM POMPEU;18.296.681/0001-42;1481;SEDESE;SECRETARIA DE ESTADO DE DESENVOLVIMENTO SOCIAL;41;CONTRIBUICOES;1;CONTRIBUICOES;15;RECURSOS ORDINARIOS - OUTROS RECURSOS NAO VINCULADOS;500000,0;500000,0;0,0
9408286;546;2023-12-28 00:00:00;PM GOUVEA;17.754.144/0001-36;1481;SEDESE;SECRETARIA DE ESTADO DE DESENVOLVIMENTO SOCIAL;41;CONTRIBUICOES;1;CONTRIBUICOES;15;RECURSOS ORDINARIOS - OUTROS RECURSOS NAO VINCULADOS;601547,0;601547,0;0,0
9408287;543;2023-12-28 00:00:00;PM BURITIZEIRO;18.279.067/0001-72;1481;SEDESE;SECRETARIA DE ESTADO DE DESENVOLVIMENTO SOCIAL;41;CONTRIBUICOES;1;CONTRIBUICOES;15;RECURSOS ORDINARIOS - OUTROS RECURSOS NAO VINCULADOS;1000000,0;1000000,0;0,0
9408288;547;2023-12-28 00:00:00;PM ANDRADAS;17.884.412/0001-34;1481;SEDESE;SECRETARIA DE ESTADO DE DESENVOLVIMENTO SOCIAL;42;AUXILIOS;1;AUXILIOS;15;RECURSOS ORDINARIOS - OUTROS RECURSOS NAO VINCULADOS;200000,0;200000,0;0,0
9408289;2710;2023-12-29 00:00:00;PM CORONEL XAVIER CHAVES;18.557.546/0001-03;1491;SEGOV;SECRETARIA DE ESTADO DE GOVERNO;42;AUXILIOS;1;AUXILIOS;15;RECURSOS ORDINARIOS - OUTROS RECURSOS NAO VINCULADOS;88180,74;0,0;0,0
9408290;336;2023-12-28 00:00:00;ESPORTE SOCIAL UBERLANDIA - ESSUBE;21.003.503/0001-90;1481;SEDESE;SECRETARIA DE ESTADO DE DESENVOLVIMENTO SOCIAL;43;SUBVENCOES SOCIAIS;1;SUBVENCOES SOCIAIS;59;OUTROS RECURSOS VINCULADOS;349887,58;349887,58;0,0
9408291;332;2023-12-28 00:00:00;ONG PROJETO VEM SER PARA VENCER;22.473.776/0001-61;1481;SEDESE;SECRETARIA DE ESTADO DE DESENVOLVIMENTO SOCIAL;43;SUBVENCOES SOCIAIS;1;SUBVENCOES SOCIAIS;59;OUTROS RECURSOS VINCULADOS;345944,0;345944,0;0,0
9408292;2711;2023-12-29 00:00:00;PM LAGOA SANTA;73.357.469/0001-56;1491;SEGOV;SECRETARIA DE ESTADO DE GOVERNO;42;AUXILIOS;1;AUXILIOS;15;RECURSOS ORDINARIOS - OUTROS RECURSOS NAO VINCULADOS;116904,54;0,0;0,0
9408293;544;2023-12-28 00:00:00;FEDERACAO DE ESPORTES ESTUDANTIS DE MINAS GERAIS;04.070.420/0001-03;1481;SEDESE;SECRETARIA DE ESTADO DE DESENVOLVIMENTO SOCIAL;43;SUBVENCOES SOCIAIS;1;SUBVENCOES SOCIAIS;10;RECURSOS ORDINARIOS - RECURSOS NAO VINCULADOS DE IMPOSTOS;90000,0;90000,0;0,0
9408294;338;2023-12-28 00:00:00;PM COIMBRA;18.132.464/0001-17;1481;SEDESE;SECRETARIA DE ESTADO DE DESENVOLVIMENTO SOCIAL;41;CONTRIBUICOES;1;CONTRIBUICOES;38;TRANSFERENCIAS DA UNIAO VINCULADOS AO ESPORTE;229369,38;229369,38;0,0
9408295;548;2023-12-28 00:00:00;ONG JUVENTUDE COM ATITUDE - JUCA - CONTAGEM;09.184.794/0001-65;1481;SEDESE;SECRETARIA DE ESTADO DE DESENVOLVIMENTO SOCIAL;42;AUXILIOS;1;AUXILIOS;10;RECURSOS ORDINARIOS - RECURSOS NAO VINCULADOS DE IMPOSTOS;160000,0;160000,0;0,0
9408296;542;2023-12-28 00:00:00;ASSOCIACAO DE PREVENCAO DO CANCER DA MULHER-ASPRECAM;21.037.189/0001-67;1481;SEDESE;SECRETARIA DE ESTADO DE DESENVOLVIMENTO SOCIAL;43;SUBVENCOES SOCIAIS;1;SUBVENCOES SOCIAIS;10;RECURSOS ORDINARIOS - RECURSOS NAO VINCULADOS DE IMPOSTOS;90000,0;90000,0;0,0
9408297;326;2023-12-28 00:00:00;UNIAO FUTEBOL CLUBE;19.579.341/0001-91;1481;SEDESE;SECRETARIA DE ESTADO DE DESENVOLVIMENTO SOCIAL;42;AUXILIOS;1;AUXILIOS;10;RECURSOS ORDINARIOS - RECURSOS NAO VINCULADOS DE IMPOSTOS;11150,28;11150,28;0,0
9408297;327;2023-12-28 00:00:00;UNIAO FUTEBOL CLUBE;19.579.341/0001-91;1481;SEDESE;SECRETARIA DE ESTADO DE DESENVOLVIMENTO SOCIAL;43;SUBVENCOES SOCIAIS;1;SUBVENCOES SOCIAIS;10;RECURSOS ORDINARIOS - RECURSOS NAO VINCULADOS DE IMPOSTOS;100000,0;100000,0;0,0
9408298;337;2023-12-28 00:00:00;ASSOCIACAO DOS DEFICIENTES DE CONTAGEM;26.061.838/0001-89;1481;SEDESE;SECRETARIA DE ESTADO DE DESENVOLVIMENTO SOCIAL;43;SUBVENCOES SOCIAIS;1;SUBVENCOES SOCIAIS;38;TRANSFERENCIAS DA UNIAO VINCULADOS AO ESPORTE;99303,68;99303,68;0,0
9408299;539;2023-12-28 00:00:00;PM OURO VERDE DE MINAS;18.404.947/0001-23;1481;SEDESE;SECRETARIA DE ESTADO DE DESENVOLVIMENTO SOCIAL;42;AUXILIOS;1;AUXILIOS;15;RECURSOS ORDINARIOS - OUTROS RECURSOS NAO VINCULADOS;1000000,0;1000000,0;0,0
9408300;2712;2023-12-29 00:00:00;PM SERRANOPOLIS DE MINAS;01.612.501/0001-91;1491;SEGOV;SECRETARIA DE ESTADO DE GOVERNO;42;AUXILIOS;1;AUXILIOS;15;RECURSOS ORDINARIOS - OUTROS RECURSOS NAO VINCULADOS;87737,62;0,0;0,0
9408301;340;2023-12-28 00:00:00;PM POMPEU;18.296.681/0001-42;1481;SEDESE;SECRETARIA DE ESTADO DE DESENVOLVIMENTO SOCIAL;41;CONTRIBUICOES;1;CONTRIBUICOES;60;RECURSOS DIRETAMENTE ARRECADADOS;100000,0;100000,0;0,0
9408302;345;2023-12-28 00:00:00;ASSOCIACAO BURITIS DE ESPORTE E CULTURA;12.382.472/0001-35;1481;SEDESE;SECRETARIA DE ESTADO DE DESENVOLVIMENTO SOCIAL;43;SUBVENCOES SOCIAIS;1;SUBVENCOES SOCIAIS;59;OUTROS RECURSOS VINCULADOS;325915,45;325915,45;0,0
9408303;341;2023-12-28 00:00:00;FEDERACAO MINEIRA DESPORTIVA DOS SURDOS;16.887.093/0001-58;1481;SEDESE;SECRETARIA DE ESTADO DE DESENVOLVIMENTO SOCIAL;43;SUBVENCOES SOCIAIS;1;SUBVENCOES SOCIAIS;38;TRANSFERENCIAS DA UNIAO VINCULADOS AO ESPORTE;99287,08;99287,08;0,0
9408304;1368;2023-12-29 00:00:00;NUCLEO ASSISTENCIAL CAMINHOS PARA JESUS;17.391.822/0001-43;4251;FEAS;FUNDO ESTADUAL DE ASSISTENCIA SOCIAL;43;SUBVENCOES SOCIAIS;1;SUBVENCOES SOCIAIS;71;RECURSOS DO FUNDO ESTADUAL DE ERRADICACAO DA MISERIA;135199,72;135199,72;0,0
9408306;344;2023-12-28 00:00:00;PM VICOSA;18.132.449/0001-79;1481;SEDESE;SECRETARIA DE ESTADO DE DESENVOLVIMENTO SOCIAL;41;CONTRIBUICOES;1;CONTRIBUICOES;60;RECURSOS DIRETAMENTE ARRECADADOS;100000,0;100000,0;0,0
9408307;2713;2023-12-29 00:00:00;PM SERRANOPOLIS DE MINAS;01.612.501/0001-91;1491;SEGOV;SECRETARIA DE ESTADO DE GOVERNO;42;AUXILIOS;1;AUXILIOS;15;RECURSOS ORDINARIOS - OUTROS RECURSOS NAO VINCULADOS;116317,08;0,0;0,0
9408308;342;2023-12-28 00:00:00;PM JANAUBA;18.017.392/0001-67;1481;SEDESE;SECRETARIA DE ESTADO DE DESENVOLVIMENTO SOCIAL;41;CONTRIBUICOES;1;CONTRIBUICOES;60;RECURSOS DIRETAMENTE ARRECADADOS;100000,0;100000,0;0,0
9408309;343;2023-12-28 00:00:00;ASSOCIACAO DOS SURDOS DE BETIM;02.566.745/0001-48;1481;SEDESE;SECRETARIA DE ESTADO DE DESENVOLVIMENTO SOCIAL;43;SUBVENCOES SOCIAIS;1;SUBVENCOES SOCIAIS;38;TRANSFERENCIAS DA UNIAO VINCULADOS AO ESPORTE;99963,88;99963,88;0,0
9408310;2705;2023-12-29 00:00:00;PM SAO GERALDO DA PIEDADE;18.307.470/0001-68;1491;SEGOV;SECRETARIA DE ESTADO DE GOVERNO;42;AUXILIOS;1;AUXILIOS;15;RECURSOS ORDINARIOS - OUTROS RECURSOS NAO VINCULADOS;599873,9;0,0;0,0
9408311;347;2023-12-28 00:00:00;PM NOVO ORIENTE DE MINAS;01.613.373/0001-09;1481;SEDESE;SECRETARIA DE ESTADO DE DESENVOLVIMENTO SOCIAL;41;CONTRIBUICOES;1;CONTRIBUICOES;59;OUTROS RECURSOS VINCULADOS;349982,65;349982,65;0,0
9408312;2709;2023-12-29 00:00:00;PM DESTERRO DE ENTRE RIOS;20.356.762/0001-32;1491;SEGOV;SECRETARIA DE ESTADO DE GOVERNO;42;AUXILIOS;1;AUXILIOS;15;RECURSOS ORDINARIOS - OUTROS RECURSOS NAO VINCULADOS;131648,0;0,0;0,0
9408313;346;2023-12-28 00:00:00;PM CAMANDUCAIA;17.935.396/0001-61;1481;SEDESE;SECRETARIA DE ESTADO DE DESENVOLVIMENTO SOCIAL;41;CONTRIBUICOES;1;CONTRIBUICOES;59;OUTROS RECURSOS VINCULADOS;344113,43;344113,43;0,0
9408315;339;2023-12-28 00:00:00;VISAO ELE CLAMA;05.724.327/0001-20;1481;SEDESE;SECRETARIA DE ESTADO DE DESENVOLVIMENTO SOCIAL;43;SUBVENCOES SOCIAIS;1;SUBVENCOES SOCIAIS;59;OUTROS RECURSOS VINCULADOS;349970,5;349970,5;0,0
9408316;351;2023-12-29 00:00:00;ASSOCIACAO EDUCACIONAL DE DESENVOLVIMENTO ESPORTIVO CULTURAL;08.707.709/0001-33;1481;SEDESE;SECRETARIA DE ESTADO DE DESENVOLVIMENTO SOCIAL;43;SUBVENCOES SOCIAIS;1;SUBVENCOES SOCIAIS;59;OUTROS RECURSOS VINCULADOS;349634,65;349634,65;0,0
9408317;556;2023-12-29 00:00:00;ASSOCIACAO COMUNITARIA QUATRO IRMAS;21.373.030/0001-13;1481;SEDESE;SECRETARIA DE ESTADO DE DESENVOLVIMENTO SOCIAL;42;AUXILIOS;1;AUXILIOS;10;RECURSOS ORDINARIOS - RECURSOS NAO VINCULADOS DE IMPOSTOS;83991,43;83991,43;0,0
9408318;914;2023-12-29 00:00:00;INSTITUTO MACUNAIMA DE CULTURA - ESCOLA DE CIDADANIA - IMC-EC;27.777.581/0001-29;1271;SECULT;SECRETARIA DE ESTADO DE CULTURA E TURISMO;41;CONTRIBUICOES;1;CONTRIBUICOES;10;RECURSOS ORDINARIOS - RECURSOS NAO VINCULADOS DE IMPOSTOS;90000,0;90000,0;0,0
9408319;349;2023-12-29 00:00:00;PM COUTO DE MAGALHAES DE MINAS;17.754.177/0001-86;1481;SEDESE;SECRETARIA DE ESTADO DE DESENVOLVIMENTO SOCIAL;41;CONTRIBUICOES;1;CONTRIBUICOES;38;TRANSFERENCIAS DA UNIAO VINCULADOS AO ESPORTE;229369,38;229369,38;0,0
9408320;555;2023-12-29 00:00:00;PM SAO FRANCISCO;22.679.153/0001-40;1481;SEDESE;SECRETARIA DE ESTADO DE DESENVOLVIMENTO SOCIAL;42;AUXILIOS;1;AUXILIOS;15;RECURSOS ORDINARIOS - OUTROS RECURSOS NAO VINCULADOS;500000,0;500000,0;0,0
9408321;915;2023-12-29 00:00:00;ALIANCA EM PROL DA APA DE PEDRA BRANCA;27.389.178/0001-22;1271;SECULT;SECRETARIA DE ESTADO DE CULTURA E TURISMO;41;CONTRIBUICOES;1;CONTRIBUICOES;10;RECURSOS ORDINARIOS - RECURSOS NAO VINCULADOS DE IMPOSTOS;49999,92;49999,92;0,0
9408321;916;2023-12-29 00:00:00;ALIANCA EM PROL DA APA DE PEDRA BRANCA;27.389.178/0001-22;1271;SECULT;SECRETARIA DE ESTADO DE CULTURA E TURISMO;42;AUXILIOS;1;AUXILIOS;10;RECURSOS ORDINARIOS - RECURSOS NAO VINCULADOS DE IMPOSTOS;49996,47;49996,47;0,0
9408322;348;2023-12-29 00:00:00;PM MIRADOURO;17.947.623/0001-79;1481;SEDESE;SECRETARIA DE ESTADO DE DESENVOLVIMENTO SOCIAL;41;CONTRIBUICOES;1;CONTRIBUICOES;38;TRANSFERENCIAS DA UNIAO VINCULADOS AO ESPORTE;229369,38;229369,38;0,0
9408323;350;2023-12-29 00:00:00;PM JOAQUIM FELICIO;17.694.878/0001-77;1481;SEDESE;SECRETARIA DE ESTADO DE DESENVOLVIMENTO SOCIAL;41;CONTRIBUICOES;1;CONTRIBUICOES;38;TRANSFERENCIAS DA UNIAO VINCULADOS AO ESPORTE;229369,38;229369,38;0,0
9408327;6599;2023-12-29 00:00:00;BENEFICENCIA SOCIAL BOM SAMARITANO;22.709.109/0001-35;4291;FES;FUNDO ESTADUAL DE SAUDE;42;AUXILIOS;1;AUXILIOS;10;RECURSOS ORDINARIOS - RECURSOS NAO VINCULADOS DE IMPOSTOS;9568541,8;9568541,8;0,0
9408328;6608;2023-12-29 00:00:00;CENTRO MINEIRO DE REABILITACAO AUDITIVA-CEMEAR/BH;07.953.849/0001-29;4291;FES;FUNDO ESTADUAL DE SAUDE;42;AUXILIOS;1;AUXILIOS;10;RECURSOS ORDINARIOS - RECURSOS NAO VINCULADOS DE IMPOSTOS;712306,66;712306,66;0,0
9408340;349;2023-12-29 00:00:00;PM RIO PARDO DE MINAS;24.212.862/0001-46;1221;SEDE;SECRETARIA DE ESTADO DE DESENVOLVIMENTO ECONOMICO;41;CONTRIBUICOES;1;CONTRIBUICOES;32;EXPLORACAO DE RECURSOS MINERAIS;2143535,84;403965,5;0,0
9408340;353;2023-12-29 00:00:00;PM RIO PARDO DE MINAS;24.212.862/0001-46;1221;SEDE;SECRETARIA DE ESTADO DE DESENVOLVIMENTO ECONOMICO;41;CONTRIBUICOES;1;CONTRIBUICOES;10;RECURSOS ORDINARIOS - RECURSOS NAO VINCULADOS DE IMPOSTOS;92945,3;0,0;0,0
9408341;348;2023-12-29 00:00:00;CONSORCIO INTERM. MULTIF. DO BAIXO JEQUITINHONHA;07.306.549/0001-58;1221;SEDE;SECRETARIA DE ESTADO DE DESENVOLVIMENTO ECONOMICO;41;CONTRIBUICOES;1;CONTRIBUICOES;32;EXPLORACAO DE RECURSOS MINERAIS;7965752,47;2554149,09;0,0
9408368;817;2023-12-29 00:00:00;PM INDIANOPOLIS;18.259.390/0001-84;1301;SEINFRA;SECRETARIA DE ESTADO DE INFRAESTRUTURA, MOBILIDADE E PARCERIAS;42;AUXILIOS;1;AUXILIOS;10;RECURSOS ORDINARIOS - RECURSOS NAO VINCULADOS DE IMPOSTOS;500000,0;500000,0;0,0
9408375;815;2023-12-29 00:00:00;PM CANAPOLIS;18.457.200/0001-33;1301;SEINFRA;SECRETARIA DE ESTADO DE INFRAESTRUTURA, MOBILIDADE E PARCERIAS;42;AUXILIOS;1;AUXILIOS;32;EXPLORACAO DE RECURSOS MINERAIS;500000,0;500000,0;0,0
9408386;816;2023-12-29 00:00:00;PM OURO VERDE DE MINAS;18.404.947/0001-23;1301;SEINFRA;SECRETARIA DE ESTADO DE INFRAESTRUTURA, MOBILIDADE E PARCERIAS;42;AUXILIOS;1;AUXILIOS;10;RECURSOS ORDINARIOS - RECURSOS NAO VINCULADOS DE IMPOSTOS;750000,0;750000,0;0,0
9408493;557;2023-12-29 00:00:00;INSTITUTO ASSISTENCIAL PLURIVIDAS;30.269.950/0001-87;1481;SEDESE;SECRETARIA DE ESTADO DE DESENVOLVIMENTO SOCIAL;43;SUBVENCOES SOCIAIS;1;SUBVENCOES SOCIAIS;10;RECURSOS ORDINARIOS - RECURSOS NAO VINCULADOS DE IMPOSTOS;556374,12;0,0;0,0
9408543;568;2023-12-29 00:00:00;ASSOCIACAO DE PAIS E AMIGOS DOS EXCEPCIONAIS DE TIMOTEO;20.183.976/0001-54;1481;SEDESE;SECRETARIA DE ESTADO DE DESENVOLVIMENTO SOCIAL;43;SUBVENCOES SOCIAIS;1;SUBVENCOES SOCIAIS;38;TRANSFERENCIAS DA UNIAO VINCULADOS AO ESPORTE;98746,51;98746,51;0,0
9408544;6611;2023-12-29 00:00:00;IRMANDADE DA SANTA CASA DE MISERICORDIA DE PASSOS;23.278.898/0001-60;4291;FES;FUNDO ESTADUAL DE SAUDE;42;AUXILIOS;1;AUXILIOS;10;RECURSOS ORDINARIOS - RECURSOS NAO VINCULADOS DE IMPOSTOS;1800000,0;1800000,0;0,0
9408545;1;2023-12-29 00:00:00;CENTRO MINEIRO DE ALIANCAS INTERSETORIAIS;08.415.255/0001-27;4601;FEI;FUNDO ESTADUAL DOS DIREITOS DO IDOSO;43;SUBVENCOES SOCIAIS;1;SUBVENCOES SOCIAIS;45;DOACOES DE PESSOAS, DE INSTITUICOES PRIVADAS OU DO EXTERIOR A ORGAO E ENTIDADES DO ESTADO;1357498,24;1357498,24;0,0
9408545;2;2023-12-29 00:00:00;CENTRO MINEIRO DE ALIANCAS INTERSETORIAIS;08.415.255/0001-27;4601;FEI;FUNDO ESTADUAL DOS DIREITOS DO IDOSO;42;AUXILIOS;1;AUXILIOS;45;DOACOES DE PESSOAS, DE INSTITUICOES PRIVADAS OU DO EXTERIOR A ORGAO E ENTIDADES DO ESTADO;416549,7;416549,7;0,0
9408546;6612;2023-12-29 00:00:00;FUNDACAO HOSPITALAR DE MONTES CLAROS;16.920.928/0001-24;4291;FES;FUNDO ESTADUAL DE SAUDE;42;AUXILIOS;1;AUXILIOS;10;RECURSOS ORDINARIOS - RECURSOS NAO VINCULADOS DE IMPOSTOS;1677147,0;1677147,0;0,0
9408547;829;2023-12-29 00:00:00;PM JOAO PINHEIRO;16.930.299/0001-13;1301;SEINFRA;SECRETARIA DE ESTADO DE INFRAESTRUTURA, MOBILIDADE E PARCERIAS;42;AUXILIOS;1;AUXILIOS;32;EXPLORACAO DE RECURSOS MINERAIS;928000,0;928000,0;0,0
9408548;569;2023-12-29 00:00:00;PM ARACUAI;17.963.083/0001-17;1481;SEDESE;SECRETARIA DE ESTADO DE DESENVOLVIMENTO SOCIAL;41;CONTRIBUICOES;1;CONTRIBUICOES;38;TRANSFERENCIAS DA UNIAO VINCULADOS AO ESPORTE;229369,38;229369,38;0,0
9408549;827;2023-12-29 00:00:00;PM RAPOSOS;18.312.132/0001-14;1301;SEINFRA;SECRETARIA DE ESTADO DE INFRAESTRUTURA, MOBILIDADE E PARCERIAS;42;AUXILIOS;1;AUXILIOS;10;RECURSOS ORDINARIOS - RECURSOS NAO VINCULADOS DE IMPOSTOS;900000,0;900000,0;0,0
9408550;12;2023-12-29 00:00:00;FUNDO DE ACELERACAO PARA O DESENVOLVIMENTO VELA;23.311.666/0001-66;4091;FIA;FUNDO PARA A INFANCIA E A ADOLESCENCIA;42;AUXILIOS;1;AUXILIOS;45;DOACOES DE PESSOAS, DE INSTITUICOES PRIVADAS OU DO EXTERIOR A ORGAO E ENTIDADES DO ESTADO;108889,0;108889,0;0,0
9408550;13;2023-12-29 00:00:00;FUNDO DE ACELERACAO PARA O DESENVOLVIMENTO VELA;23.311.666/0001-66;4091;FIA;FUNDO PARA A INFANCIA E A ADOLESCENCIA;43;SUBVENCOES SOCIAIS;1;SUBVENCOES SOCIAIS;45;DOACOES DE PESSOAS, DE INSTITUICOES PRIVADAS OU DO EXTERIOR A ORGAO E ENTIDADES DO ESTADO;1091111,0;1091111,0;0,0
9408551;823;2023-12-29 00:00:00;PM SANTA MARIA DO SALTO;18.347.419/0001-80;1301;SEINFRA;SECRETARIA DE ESTADO DE INFRAESTRUTURA, MOBILIDADE E PARCERIAS;42;AUXILIOS;1;AUXILIOS;10;RECURSOS ORDINARIOS - RECURSOS NAO VINCULADOS DE IMPOSTOS;250000,0;250000,0;0,0
9408552;820;2023-12-29 00:00:00;PM ALPINOPOLIS;18.241.752/0001-00;1301;SEINFRA;SECRETARIA DE ESTADO DE INFRAESTRUTURA, MOBILIDADE E PARCERIAS;42;AUXILIOS;1;AUXILIOS;32;EXPLORACAO DE RECURSOS MINERAIS;1000000,0;1000000,0;0,0
9408553;558;2023-12-29 00:00:00;ABRACO ASSOCIACAO BRASILEIRA COMUNITARIA PARA A PREVENCAO DO ABUSO DE;25.572.199/0001-53;1481;SEDESE;SECRETARIA DE ESTADO DE DESENVOLVIMENTO SOCIAL;43;SUBVENCOES SOCIAIS;1;SUBVENCOES SOCIAIS;10;RECURSOS ORDINARIOS - RECURSOS NAO VINCULADOS DE IMPOSTOS;153072,0;153072,0;0,0
9408554;826;2023-12-29 00:00:00;PM SAO JOSE DA SAFIRA;18.409.235/0001-05;1301;SEINFRA;SECRETARIA DE ESTADO DE INFRAESTRUTURA, MOBILIDADE E PARCERIAS;42;AUXILIOS;1;AUXILIOS;32;EXPLORACAO DE RECURSOS MINERAIS;1000000,0;1000000,0;0,0
9408555;821;2023-12-29 00:00:00;PM BUENO BRANDAO;18.940.098/0001-22;1301;SEINFRA;SECRETARIA DE ESTADO DE INFRAESTRUTURA, MOBILIDADE E PARCERIAS;42;AUXILIOS;1;AUXILIOS;32;EXPLORACAO DE RECURSOS MINERAIS;300000,0;300000,0;0,0
9408556;2717;2023-12-29 00:00:00;PM PRADOS;18.557.538/0001-67;1491;SEGOV;SECRETARIA DE ESTADO DE GOVERNO;42;AUXILIOS;1;AUXILIOS;15;RECURSOS ORDINARIOS - OUTROS RECURSOS NAO VINCULADOS;300000,0;0,0;0,0
9408557;3;2023-12-29 00:00:00;CENTRO MINEIRO DE ALIANCAS INTERSETORIAIS;08.415.255/0001-27;4601;FEI;FUNDO ESTADUAL DOS DIREITOS DO IDOSO;43;SUBVENCOES SOCIAIS;1;SUBVENCOES SOCIAIS;45;DOACOES DE PESSOAS, DE INSTITUICOES PRIVADAS OU DO EXTERIOR A ORGAO E ENTIDADES DO ESTADO;958647,18;958647,18;0,0
9408557;4;2023-12-29 00:00:00;CENTRO MINEIRO DE ALIANCAS INTERSETORIAIS;08.415.255/0001-27;4601;FEI;FUNDO ESTADUAL DOS DIREITOS DO IDOSO;42;AUXILIOS;1;AUXILIOS;45;DOACOES DE PESSOAS, DE INSTITUICOES PRIVADAS OU DO EXTERIOR A ORGAO E ENTIDADES DO ESTADO;154738,42;154738,42;0,0
9408558;824;2023-12-29 00:00:00;PM SANTA MARIA DE ITABIRA;18.299.453/0001-26;1301;SEINFRA;SECRETARIA DE ESTADO DE INFRAESTRUTURA, MOBILIDADE E PARCERIAS;42;AUXILIOS;1;AUXILIOS;32;EXPLORACAO DE RECURSOS MINERAIS;2500000,0;2500000,0;0,0
9408559;593;2023-12-29 00:00:00;PM CASA GRANDE;18.667.477/0001-90;1481;SEDESE;SECRETARIA DE ESTADO DE DESENVOLVIMENTO SOCIAL;41;CONTRIBUICOES;1;CONTRIBUICOES;38;TRANSFERENCIAS DA UNIAO VINCULADOS AO ESPORTE;229369,38;229369,38;0,0
9408560;822;2023-12-29 00:00:00;PM RIO PARANAIBA;18.602.045/0001-00;1301;SEINFRA;SECRETARIA DE ESTADO DE INFRAESTRUTURA, MOBILIDADE E PARCERIAS;42;AUXILIOS;1;AUXILIOS;10;RECURSOS ORDINARIOS - RECURSOS NAO VINCULADOS DE IMPOSTOS;1000000,0;1000000,0;0,0
9408561;14;2023-12-29 00:00:00;INSTITUTO AGRONELLI DE DESENV SOCIAL;04.198.994/0001-53;4091;FIA;FUNDO PARA A INFANCIA E A ADOLESCENCIA;43;SUBVENCOES SOCIAIS;1;SUBVENCOES SOCIAIS;45;DOACOES DE PESSOAS, DE INSTITUICOES PRIVADAS OU DO EXTERIOR A ORGAO E ENTIDADES DO ESTADO;177874,0;177874,0;0,0
9408561;15;2023-12-29 00:00:00;INSTITUTO AGRONELLI DE DESENV SOCIAL;04.198.994/0001-53;4091;FIA;FUNDO PARA A INFANCIA E A ADOLESCENCIA;42;AUXILIOS;1;AUXILIOS;45;DOACOES DE PESSOAS, DE INSTITUICOES PRIVADAS OU DO EXTERIOR A ORGAO E ENTIDADES DO ESTADO;7806,0;7806,0;0,0
9408562;2714;2023-12-29 00:00:00;PM SAO JOAO DA PONTE;16.928.483/0001-29;1491;SEGOV;SECRETARIA DE ESTADO DE GOVERNO;42;AUXILIOS;1;AUXILIOS;15;RECURSOS ORDINARIOS - OUTROS RECURSOS NAO VINCULADOS;1422023,0;0,0;0,0
9408563;574;2023-12-29 00:00:00;PM RUBELITA;24.363.590/0001-85;1481;SEDESE;SECRETARIA DE ESTADO DE DESENVOLVIMENTO SOCIAL;41;CONTRIBUICOES;1;CONTRIBUICOES;59;OUTROS RECURSOS VINCULADOS;348282,41;348282,41;0,0
9408564;580;2023-12-29 00:00:00;PM MALACACHETA;18.404.871/0001-36;1481;SEDESE;SECRETARIA DE ESTADO DE DESENVOLVIMENTO SOCIAL;41;CONTRIBUICOES;1;CONTRIBUICOES;38;TRANSFERENCIAS DA UNIAO VINCULADOS AO ESPORTE;229369,38;229369,38;0,0
9408565;828;2023-12-29 00:00:00;PM RIO DO PRADO;18.349.936/0001-98;1301;SEINFRA;SECRETARIA DE ESTADO DE INFRAESTRUTURA, MOBILIDADE E PARCERIAS;42;AUXILIOS;1;AUXILIOS;10;RECURSOS ORDINARIOS - RECURSOS NAO VINCULADOS DE IMPOSTOS;300000,0;300000,0;0,0
9408566;2721;2023-12-29 00:00:00;PM MERCES;17.744.442/0001-45;1491;SEGOV;SECRETARIA DE ESTADO DE GOVERNO;42;AUXILIOS;1;AUXILIOS;15;RECURSOS ORDINARIOS - OUTROS RECURSOS NAO VINCULADOS;500000,0;0,0;0,0
9408567;604;2023-12-29 00:00:00;PM SENHORA DO PORTO;18.307.504/0001-14;1481;SEDESE;SECRETARIA DE ESTADO DE DESENVOLVIMENTO SOCIAL;41;CONTRIBUICOES;1;CONTRIBUICOES;38;TRANSFERENCIAS DA UNIAO VINCULADOS AO ESPORTE;98967,53;98967,53;0,0
9408568;356;2023-12-29 00:00:00;PM SABARA;18.715.441/0001-35;1221;SEDE;SECRETARIA DE ESTADO DE DESENVOLVIMENTO ECONOMICO;41;CONTRIBUICOES;1;CONTRIBUICOES;10;RECURSOS ORDINARIOS - RECURSOS NAO VINCULADOS DE IMPOSTOS;3664480,36;3131672,99;0,0
9408569;354;2023-12-29 00:00:00;PM NOVO ORIENTE DE MINAS;01.613.373/0001-09;1221;SEDE;SECRETARIA DE ESTADO DE DESENVOLVIMENTO ECONOMICO;41;CONTRIBUICOES;1;CONTRIBUICOES;10;RECURSOS ORDINARIOS - RECURSOS NAO VINCULADOS DE IMPOSTOS;1903160,56;1903160,56;0,0
9408569;355;2023-12-29 00:00:00;PM NOVO ORIENTE DE MINAS;01.613.373/0001-09;1221;SEDE;SECRETARIA DE ESTADO DE DESENVOLVIMENTO ECONOMICO;41;CONTRIBUICOES;1;CONTRIBUICOES;32;EXPLORACAO DE RECURSOS MINERAIS;556561,94;266761,94;0,0
9408570;602;2023-12-29 00:00:00;PM LAGOA SANTA;73.357.469/0001-56;1481;SEDESE;SECRETARIA DE ESTADO DE DESENVOLVIMENTO SOCIAL;41;CONTRIBUICOES;1;CONTRIBUICOES;38;TRANSFERENCIAS DA UNIAO VINCULADOS AO ESPORTE;57762,72;57762,72;0,0
9408571;830;2023-12-29 00:00:00;PM FREI GASPAR;18.404.913/0001-39;1301;SEINFRA;SECRETARIA DE ESTADO DE INFRAESTRUTURA, MOBILIDADE E PARCERIAS;42;AUXILIOS;1;AUXILIOS;10;RECURSOS ORDINARIOS - RECURSOS NAO VINCULADOS DE IMPOSTOS;450000,0;450000,0;0,0
9408572;2715;2023-12-29 00:00:00;PM CANAPOLIS;18.457.200/0001-33;1491;SEGOV;SECRETARIA DE ESTADO DE GOVERNO;42;AUXILIOS;1;AUXILIOS;15;RECURSOS ORDINARIOS - OUTROS RECURSOS NAO VINCULADOS;84192,67;0,0;0,0
9408573;582;2023-12-29 00:00:00;PM MANTENA;18.504.167/0001-55;1481;SEDESE;SECRETARIA DE ESTADO DE DESENVOLVIMENTO SOCIAL;41;CONTRIBUICOES;1;CONTRIBUICOES;60;RECURSOS DIRETAMENTE ARRECADADOS;88343,4;88343,4;0,0
9408574;559;2023-12-29 00:00:00;PM TEOFILO OTONI;18.404.780/0001-09;1481;SEDESE;SECRETARIA DE ESTADO DE DESENVOLVIMENTO SOCIAL;41;CONTRIBUICOES;1;CONTRIBUICOES;15;RECURSOS ORDINARIOS - OUTROS RECURSOS NAO VINCULADOS;100000,0;100000,0;0,0
9408575;2719;2023-12-29 00:00:00;PM JEQUERI;18.316.166/0001-87;1491;SEGOV;SECRETARIA DE ESTADO DE GOVERNO;42;AUXILIOS;1;AUXILIOS;15;RECURSOS ORDINARIOS - OUTROS RECURSOS NAO VINCULADOS;116317,08;0,0;0,0
9408576;603;2023-12-29 00:00:00;PM ARCEBURGO;17.899.717/0001-10;1481;SEDESE;SECRETARIA DE ESTADO DE DESENVOLVIMENTO SOCIAL;41;CONTRIBUICOES;1;CONTRIBUICOES;38;TRANSFERENCIAS DA UNIAO VINCULADOS AO ESPORTE;229369,38;229369,38;0,0
9408577;825;2023-12-29 00:00:00;PM DIVINOPOLIS;18.291.351/0001-64;1301;SEINFRA;SECRETARIA DE ESTADO DE INFRAESTRUTURA, MOBILIDADE E PARCERIAS;42;AUXILIOS;1;AUXILIOS;32;EXPLORACAO DE RECURSOS MINERAIS;1200000,0;1200000,0;0,0
9408578;592;2023-12-29 00:00:00;ASSOCIACAO MINEIRA DO PARADESPORTO - AMPADESPORTO;29.335.005/0001-57;1481;SEDESE;SECRETARIA DE ESTADO DE DESENVOLVIMENTO SOCIAL;43;SUBVENCOES SOCIAIS;1;SUBVENCOES SOCIAIS;38;TRANSFERENCIAS DA UNIAO VINCULADOS AO ESPORTE;1005139,49;1005139,49;0,0
9408579;2720;2023-12-29 00:00:00;PM NATALANDIA;01.593.752/0001-76;1491;SEGOV;SECRETARIA DE ESTADO DE GOVERNO;42;AUXILIOS;1;AUXILIOS;15;RECURSOS ORDINARIOS - OUTROS RECURSOS NAO VINCULADOS;247303,98;0,0;0,0
9408580;595;2023-12-29 00:00:00;PM TRES CORACOES;17.955.535/0001-19;1481;SEDESE;SECRETARIA DE ESTADO DE DESENVOLVIMENTO SOCIAL;41;CONTRIBUICOES;1;CONTRIBUICOES;38;TRANSFERENCIAS DA UNIAO VINCULADOS AO ESPORTE;99283,36;99283,36;0,0
9408581;2716;2023-12-29 00:00:00;PM ALPINOPOLIS;18.241.752/0001-00;1491;SEGOV;SECRETARIA DE ESTADO DE GOVERNO;42;AUXILIOS;1;AUXILIOS;15;RECURSOS ORDINARIOS - OUTROS RECURSOS NAO VINCULADOS;1000000,0;0,0;0,0
9408582;561;2023-12-29 00:00:00;POSTO DE ASSISTENCIA CHICO CHAVIER;08.113.278/0002-68;1481;SEDESE;SECRETARIA DE ESTADO DE DESENVOLVIMENTO SOCIAL;43;SUBVENCOES SOCIAIS;1;SUBVENCOES SOCIAIS;10;RECURSOS ORDINARIOS - RECURSOS NAO VINCULADOS DE IMPOSTOS;100000,0;100000,0;0,0
9408583;2718;2023-12-29 00:00:00;PM PRADOS;18.557.538/0001-67;1491;SEGOV;SECRETARIA DE ESTADO DE GOVERNO;42;AUXILIOS;1;AUXILIOS;15;RECURSOS ORDINARIOS - OUTROS RECURSOS NAO VINCULADOS;176361,48;0,0;0,0
9408584;594;2023-12-29 00:00:00;PM SAO GERALDO;18.137.935/0001-80;1481;SEDESE;SECRETARIA DE ESTADO DE DESENVOLVIMENTO SOCIAL;41;CONTRIBUICOES;1;CONTRIBUICOES;38;TRANSFERENCIAS DA UNIAO VINCULADOS AO ESPORTE;229369,38;229369,38;0,0
9408586;598;2023-12-29 00:00:00;PM CONSELHEIRO PENA;19.769.660/0001-60;1481;SEDESE;SECRETARIA DE ESTADO DE DESENVOLVIMENTO SOCIAL;41;CONTRIBUICOES;1;CONTRIBUICOES;38;TRANSFERENCIAS DA UNIAO VINCULADOS AO ESPORTE;229369,38;229369,38;0,0
9408587;560;2023-12-29 00:00:00;ASSOCIACAO REVIVER DE ASSISTENCIA E REINTEGRACAO SOCIAL A TOXICOMANOS;02.384.889/0001-83;1481;SEDESE;SECRETARIA DE ESTADO DE DESENVOLVIMENTO SOCIAL;42;AUXILIOS;1;AUXILIOS;10;RECURSOS ORDINARIOS - RECURSOS NAO VINCULADOS DE IMPOSTOS;0,0;0,0;0,0
9408587;562;2023-12-29 00:00:00;ASSOCIACAO REVIVER DE ASSISTENCIA E REINTEGRACAO SOCIAL A TOXICOMANOS;02.384.889/0001-83;1481;SEDESE;SECRETARIA DE ESTADO DE DESENVOLVIMENTO SOCIAL;42;AUXILIOS;1;AUXILIOS;10;RECURSOS ORDINARIOS - RECURSOS NAO VINCULADOS DE IMPOSTOS;88000,0;88000,0;0,0
9408588;606;2023-12-29 00:00:00;ASSOCIACAO DOS SURDOS DE MINAS GERAIS - ASMG;16.593.824/0001-52;1481;SEDESE;SECRETARIA DE ESTADO DE DESENVOLVIMENTO SOCIAL;43;SUBVENCOES SOCIAIS;1;SUBVENCOES SOCIAIS;38;TRANSFERENCIAS DA UNIAO VINCULADOS AO ESPORTE;99068,47;99068,47;0,0
9408589;607;2023-12-29 00:00:00;ASSOCIACAO DE REMANESCENTES QUILOMBOLAS DE PALMEIRINHA;14.245.790/0001-80;1481;SEDESE;SECRETARIA DE ESTADO DE DESENVOLVIMENTO SOCIAL;43;SUBVENCOES SOCIAIS;1;SUBVENCOES SOCIAIS;10;RECURSOS ORDINARIOS - RECURSOS NAO VINCULADOS DE IMPOSTOS;170000,0;170000,0;0,0
9408590;563;2023-12-29 00:00:00;NUCAP - NUCLEO DE CAPACITACAO PARA A PAZ;14.882.686/0001-04;1481;SEDESE;SECRETARIA DE ESTADO DE DESENVOLVIMENTO SOCIAL;43;SUBVENCOES SOCIAIS;1;SUBVENCOES SOCIAIS;10;RECURSOS ORDINARIOS - RECURSOS NAO VINCULADOS DE IMPOSTOS;99331,4;99331,4;0,0
