contratoconvenio_saida;numero_empenho;data_registro_doc_empenho;razao_social_credor;cnpj_cpf_credor_formatado;unidade_orcamentaria_sigla;unidade_orcamentaria_codigo;unidade_orcamentaria_nome;elemento_despesa_codigo;elemento_despesa_descricao;item_despesa_codigo;item_despesa_descricao;fonte_recurso_codigo;fonte_recurso_descricao;valor_despesa_liquidada;valor_pago_processado;valor_pago_nao_processado
9041311;178;2017-11-06 00:00:00;PM ESMERALDAS;18.715.466/0001-39;SEE;1261;SECRETARIA DE ESTADO DE EDUCACAO;41;CONTRIBUICOES;1;CONTRIBUICOES;71;RECURSOS DO FUNDO ESTADUAL DE ERRADICACAO DA MISERIA;0,0;0,0;0,0
9046752;2052;2015-12-04 00:00:00;PM ITAMBACURI;18.404.855/0001-43;SEINFRA;1301;SECRETARIA DE ESTADO DE INFRAESTRUTURA E MOBILIDADE;42;AUXILIOS;1;AUXILIOS;10;RECURSOS ORDINARIOS;0,0;30000,0;0,0
9046771;2056;2015-12-04 00:00:00;PM BELO ORIENTE;17.005.653/0001-66;SEINFRA;1301;SECRETARIA DE ESTADO DE INFRAESTRUTURA E MOBILIDADE;42;AUXILIOS;1;AUXILIOS;10;RECURSOS ORDINARIOS;0,0;30000,0;0,0
9046865;2094;2015-12-04 00:00:00;PM FELICIO DOS SANTOS;17.754.201/0001-87;SEINFRA;1301;SECRETARIA DE ESTADO DE INFRAESTRUTURA E MOBILIDADE;42;AUXILIOS;1;AUXILIOS;10;RECURSOS ORDINARIOS;0,0;30000,0;0,0
9046924;2096;2015-12-04 00:00:00;PM IPUIUNA;18.179.226/0001-67;SEINFRA;1301;SECRETARIA DE ESTADO DE INFRAESTRUTURA E MOBILIDADE;42;AUXILIOS;1;AUXILIOS;10;RECURSOS ORDINARIOS;0,0;30000,0;0,0
9047314;2108;2015-12-10 00:00:00;PM NOVO CRUZEIRO;18.404.889/0001-38;SEINFRA;1301;SECRETARIA DE ESTADO DE INFRAESTRUTURA E MOBILIDADE;42;AUXILIOS;1;AUXILIOS;10;RECURSOS ORDINARIOS;0,0;30000,0;0,0
9047342;2106;2015-12-09 00:00:00;PM PERIQUITO;01.613.077/0001-08;SEINFRA;1301;SECRETARIA DE ESTADO DE INFRAESTRUTURA E MOBILIDADE;42;AUXILIOS;1;AUXILIOS;10;RECURSOS ORDINARIOS;0,0;60000,0;0,0
9049853;492;2015-12-29 00:00:00;IRMANDADE NOSSA SENHORA DAS DORES;20.959.292/0001-00;FES;4291;FUNDO ESTADUAL DE SAUDE;42;AUXILIOS;1;AUXILIOS;10;RECURSOS ORDINARIOS;0,0;35999,24;0,0
9049879;668;2015-12-28 00:00:00;PM CONCEICAO DO PARA;18.315.200/0001-07;SEDESE;1481;SECRETARIA DE ESTADO DE DESENVOLVIMENTO SOCIAL;41;CONTRIBUICOES;1;CONTRIBUICOES;10;RECURSOS ORDINARIOS;0,0;0,0;0,0
9050075;2139;2015-12-29 00:00:00;PM CAXAMBU;18.008.870/0001-72;SEINFRA;1301;SECRETARIA DE ESTADO DE INFRAESTRUTURA E MOBILIDADE;42;AUXILIOS;1;AUXILIOS;10;RECURSOS ORDINARIOS;0,0;30000,0;0,0
9050089;2132;2015-12-29 00:00:00;PM ROCHEDO DE MINAS;18.558.080/0001-60;SEINFRA;1301;SECRETARIA DE ESTADO DE INFRAESTRUTURA E MOBILIDADE;42;AUXILIOS;1;AUXILIOS;10;RECURSOS ORDINARIOS;0,0;18000,0;0,0
9050091;2131;2015-12-29 00:00:00;PM TOCANTINS;18.128.223/0001-02;SEINFRA;1301;SECRETARIA DE ESTADO DE INFRAESTRUTURA E MOBILIDADE;42;AUXILIOS;1;AUXILIOS;10;RECURSOS ORDINARIOS;0,0;27000,0;0,0
9050229;703;2015-12-29 00:00:00;PM SAO SEBASTIAO DO OESTE;18.308.734/0001-06;SEDESE;1481;SECRETARIA DE ESTADO DE DESENVOLVIMENTO SOCIAL;42;AUXILIOS;1;AUXILIOS;10;RECURSOS ORDINARIOS;0,0;0,0;0,0
9050321;535;2015-12-29 00:00:00;PM SANTA MARIA DE ITABIRA;18.299.453/0001-26;FES;4291;FUNDO ESTADUAL DE SAUDE;41;CONTRIBUICOES;1;CONTRIBUICOES;10;RECURSOS ORDINARIOS;0,0;50000,0;0,0
9050548;730;2015-12-30 00:00:00;PM BOM DESPACHO;18.301.002/0001-86;SEDESE;1481;SECRETARIA DE ESTADO DE DESENVOLVIMENTO SOCIAL;42;AUXILIOS;1;AUXILIOS;10;RECURSOS ORDINARIOS;0,0;0,0;0,0
9050598;955;2015-12-30 00:00:00;CONSORC.PUBLICO INTER.DE SAUDE DA REDE DE URG.EMERG.TRI.NORT;19.455.924/0001-00;FES;4291;FUNDO ESTADUAL DE SAUDE;41;CONTRIBUICOES;1;CONTRIBUICOES;10;RECURSOS ORDINARIOS;0,0;0,0;0,0
9050598;956;2015-12-30 00:00:00;CONSORC.PUBLICO INTER.DE SAUDE DA REDE DE URG.EMERG.TRI.NORT;19.455.924/0001-00;FES;4291;FUNDO ESTADUAL DE SAUDE;42;AUXILIOS;1;AUXILIOS;10;RECURSOS ORDINARIOS;0,0;0,0;0,0
9050600;1000;2015-12-30 00:00:00;PM JUVENILIA;01.612.485/0001-37;SEE;1261;SECRETARIA DE ESTADO DE EDUCACAO;42;AUXILIOS;1;AUXILIOS;10;RECURSOS ORDINARIOS;0,0;0,0;0,0
9050604;990;2015-12-30 00:00:00;PM TAPARUBA;01.616.741/0001-64;SEE;1261;SECRETARIA DE ESTADO DE EDUCACAO;42;AUXILIOS;1;AUXILIOS;10;RECURSOS ORDINARIOS;0,0;0,0;0,0
9050605;1001;2015-12-30 00:00:00;PM PESCADOR;18.404.962/0001-71;SEE;1261;SECRETARIA DE ESTADO DE EDUCACAO;42;AUXILIOS;1;AUXILIOS;10;RECURSOS ORDINARIOS;0,0;0,0;0,0
9050680;747;2015-12-30 00:00:00;PM CONCEICAO DA BARRA DE MINAS;18.557.587/0001-08;SEDESE;1481;SECRETARIA DE ESTADO DE DESENVOLVIMENTO SOCIAL;42;AUXILIOS;1;AUXILIOS;10;RECURSOS ORDINARIOS;0,0;0,0;0,0
9050681;750;2015-12-30 00:00:00;PM OURO BRANCO;18.295.329/0001-92;SEDESE;1481;SECRETARIA DE ESTADO DE DESENVOLVIMENTO SOCIAL;42;AUXILIOS;1;AUXILIOS;10;RECURSOS ORDINARIOS;0,0;0,0;0,0
9055900;226;2016-06-16 00:00:00;PM LASSANCE;18.279.125/0001-68;SEDESE;1481;SECRETARIA DE ESTADO DE DESENVOLVIMENTO SOCIAL;42;AUXILIOS;1;AUXILIOS;10;RECURSOS ORDINARIOS;0,0;0,0;0,0
9056023;227;2016-06-16 00:00:00;PM PATIS;01.612.478/0001-35;SEDESE;1481;SECRETARIA DE ESTADO DE DESENVOLVIMENTO SOCIAL;42;AUXILIOS;1;AUXILIOS;10;RECURSOS ORDINARIOS;0,0;0,0;0,0
9056589;83;2016-06-17 00:00:00;PM GAMELEIRA;01.612.482/0001-01;SEINFRA;1301;SECRETARIA DE ESTADO DE INFRAESTRUTURA E MOBILIDADE;41;CONTRIBUICOES;1;CONTRIBUICOES;10;RECURSOS ORDINARIOS;0,0;0,0;0,0
9056820;159;2016-06-28 00:00:00;PM AGUAS FORMOSAS;18.404.749/0001-60;SEINFRA;1301;SECRETARIA DE ESTADO DE INFRAESTRUTURA E MOBILIDADE;41;CONTRIBUICOES;1;CONTRIBUICOES;10;RECURSOS ORDINARIOS;0,0;0,0;0,0
9056886;237;2016-06-21 00:00:00;PM PATIS;01.612.478/0001-35;SEDESE;1481;SECRETARIA DE ESTADO DE DESENVOLVIMENTO SOCIAL;42;AUXILIOS;1;AUXILIOS;10;RECURSOS ORDINARIOS;0,0;0,0;0,0
9057651;122;2016-06-27 00:00:00;PM SAO JOAO DA PONTE;16.928.483/0001-29;SEINFRA;1301;SECRETARIA DE ESTADO DE INFRAESTRUTURA E MOBILIDADE;41;CONTRIBUICOES;1;CONTRIBUICOES;10;RECURSOS ORDINARIOS;0,0;0,0;0,0
9058960;706;2016-06-23 00:00:00;PM CONTAGEM;18.715.508/0001-31;SEE;1261;SECRETARIA DE ESTADO DE EDUCACAO;41;CONTRIBUICOES;1;CONTRIBUICOES;23;FUNDO DE MANUTENCAO E DESENVOLVIMENTO DA EDUCACAO BASICA - FUNDEB;0,0;0,0;0,0
9058993;245;2016-06-27 00:00:00;PM DIVINO DAS LARANJEIRAS;18.357.079/0001-78;SEDESE;1481;SECRETARIA DE ESTADO DE DESENVOLVIMENTO SOCIAL;42;AUXILIOS;1;AUXILIOS;10;RECURSOS ORDINARIOS;0,0;0,0;0,0
9071903;74;2016-06-28 00:00:00;PM INHAUMA;18.116.152/0001-10;SEJUSP;1451;SECRETARIA DE ESTADO DE JUSTICA E SEGURANCA PUBLICA;42;AUXILIOS;1;AUXILIOS;10;RECURSOS ORDINARIOS;0,0;0,0;0,0
9072066;270;2016-06-29 00:00:00;PM SANTA MARIA DE ITABIRA;18.299.453/0001-26;SEDESE;1481;SECRETARIA DE ESTADO DE DESENVOLVIMENTO SOCIAL;42;AUXILIOS;1;AUXILIOS;10;RECURSOS ORDINARIOS;0,0;0,0;0,0
9072128;406;2016-06-30 00:00:00;PM ROCHEDO DE MINAS;18.558.080/0001-60;SEDESE;1481;SECRETARIA DE ESTADO DE DESENVOLVIMENTO SOCIAL;42;AUXILIOS;1;AUXILIOS;10;RECURSOS ORDINARIOS;0,0;0,0;0,0
9072138;274;2016-06-29 00:00:00;PM RIO VERMELHO;18.303.255/0001-99;SEDESE;1481;SECRETARIA DE ESTADO DE DESENVOLVIMENTO SOCIAL;42;AUXILIOS;1;AUXILIOS;10;RECURSOS ORDINARIOS;0,0;0,0;0,0
9072577;569;2016-07-01 00:00:00;CIS MICRORREGIAO DO VALE DO ACO/ IPATINGA;00.853.908/0001-48;FES;4291;FUNDO ESTADUAL DE SAUDE;42;AUXILIOS;1;AUXILIOS;10;RECURSOS ORDINARIOS;0,0;0,0;0,0
9072596;292;2016-06-30 00:00:00;PM SETE LAGOAS;24.996.969/0001-22;SEDESE;1481;SECRETARIA DE ESTADO DE DESENVOLVIMENTO SOCIAL;42;AUXILIOS;1;AUXILIOS;10;RECURSOS ORDINARIOS;0,0;0,0;0,0
9072648;925;2016-11-10 00:00:00;PM UBERABA;18.428.839/0001-90;SEINFRA;1301;SECRETARIA DE ESTADO DE INFRAESTRUTURA E MOBILIDADE;42;AUXILIOS;1;AUXILIOS;10;RECURSOS ORDINARIOS;0,0;150000,0;0,0
9072651;778;2016-07-01 00:00:00;PM PLANURA;18.449.157/0001-64;SEINFRA;1301;SECRETARIA DE ESTADO DE INFRAESTRUTURA E MOBILIDADE;42;AUXILIOS;1;AUXILIOS;10;RECURSOS ORDINARIOS;0,0;100000,0;0,0
9072653;313;2020-08-12 00:00:00;PM SANTA VITORIA;18.457.226/0001-81;SEINFRA;1301;SECRETARIA DE ESTADO DE INFRAESTRUTURA E MOBILIDADE;42;AUXILIOS;1;AUXILIOS;10;RECURSOS ORDINARIOS;0,0;0,0;0,0
9072664;556;2016-07-01 00:00:00;PM PARA DE MINAS;18.313.817/0001-85;FES;4291;FUNDO ESTADUAL DE SAUDE;42;AUXILIOS;1;AUXILIOS;10;RECURSOS ORDINARIOS;0,0;0,0;0,0
9072676;552;2016-07-01 00:00:00;PM SIMONESIA;18.385.120/0001-10;FES;4291;FUNDO ESTADUAL DE SAUDE;42;AUXILIOS;1;AUXILIOS;10;RECURSOS ORDINARIOS;0,0;0,0;0,0
9072736;565;2016-07-01 00:00:00;PM CAMPOS ALTOS;18.298.190/0001-30;FES;4291;FUNDO ESTADUAL DE SAUDE;42;AUXILIOS;1;AUXILIOS;10;RECURSOS ORDINARIOS;0,0;0,0;0,0
9072736;567;2016-07-01 00:00:00;PM CAMPOS ALTOS;18.298.190/0001-30;FES;4291;FUNDO ESTADUAL DE SAUDE;41;CONTRIBUICOES;1;CONTRIBUICOES;10;RECURSOS ORDINARIOS;0,0;0,0;0,0
9072816;310;2016-07-01 00:00:00;PM BAMBUI;20.920.567/0001-93;SEDESE;1481;SECRETARIA DE ESTADO DE DESENVOLVIMENTO SOCIAL;42;AUXILIOS;1;AUXILIOS;10;RECURSOS ORDINARIOS;0,0;0,0;0,0
9072826;908;2016-11-09 00:00:00;PM CAPINOPOLIS;18.457.234/0001-28;SEINFRA;1301;SECRETARIA DE ESTADO DE INFRAESTRUTURA E MOBILIDADE;42;AUXILIOS;1;AUXILIOS;10;RECURSOS ORDINARIOS;0,0;50000,0;0,0
9072830;922;2016-11-10 00:00:00;PM LIMA DUARTE;18.338.186/0001-59;SEINFRA;1301;SECRETARIA DE ESTADO DE INFRAESTRUTURA E MOBILIDADE;42;AUXILIOS;1;AUXILIOS;10;RECURSOS ORDINARIOS;0,0;50000,0;0,0
9072832;914;2016-11-09 00:00:00;PM SANTOS DUMONT;17.747.924/0001-59;SEINFRA;1301;SECRETARIA DE ESTADO DE INFRAESTRUTURA E MOBILIDADE;42;AUXILIOS;1;AUXILIOS;10;RECURSOS ORDINARIOS;0,0;0,0;0,0
9072845;219;2016-07-01 00:00:00;PM SAO ROMAO;24.891.418/0001-02;SEINFRA;1301;SECRETARIA DE ESTADO DE INFRAESTRUTURA E MOBILIDADE;41;CONTRIBUICOES;1;CONTRIBUICOES;10;RECURSOS ORDINARIOS;0,0;0,0;0,0
9073088;1634;2016-10-06 00:00:00;CONSORCIO INTERMUNICIPAL DE SAUDE DA MACRO REGIAO DO SUL DE MINAS;13.985.869/0001-84;FES;4291;FUNDO ESTADUAL DE SAUDE;41;CONTRIBUICOES;1;CONTRIBUICOES;10;RECURSOS ORDINARIOS;0,0;0,0;0,0
9073088;1635;2016-10-06 00:00:00;CONSORCIO INTERMUNICIPAL DE SAUDE DA MACRO REGIAO DO SUL DE MINAS;13.985.869/0001-84;FES;4291;FUNDO ESTADUAL DE SAUDE;42;AUXILIOS;1;AUXILIOS;10;RECURSOS ORDINARIOS;0,0;0,0;0,0
9078269;929;2016-11-10 00:00:00;PM PEDRA BONITA;01.640.429/0001-06;SEINFRA;1301;SECRETARIA DE ESTADO DE INFRAESTRUTURA E MOBILIDADE;42;AUXILIOS;1;AUXILIOS;10;RECURSOS ORDINARIOS;0,0;50000,0;0,0
9078473;936;2016-11-17 00:00:00;PM SENADOR AMARAL;41.778.556/0001-90;SEINFRA;1301;SECRETARIA DE ESTADO DE INFRAESTRUTURA E MOBILIDADE;42;AUXILIOS;1;AUXILIOS;10;RECURSOS ORDINARIOS;0,0;140000,0;0,0
9085334;1105;2016-11-24 00:00:00;PM SARDOA;18.307.496/0001-06;SEE;1261;SECRETARIA DE ESTADO DE EDUCACAO;42;AUXILIOS;1;AUXILIOS;10;RECURSOS ORDINARIOS;0,0;0,0;0,0
9085411;1108;2016-12-01 00:00:00;PM SANTO ANTONIO DO AVENTUREIRO;17.710.476/0001-19;SEE;1261;SECRETARIA DE ESTADO DE EDUCACAO;42;AUXILIOS;1;AUXILIOS;10;RECURSOS ORDINARIOS;0,0;0,0;0,0
9102320;1136;2016-12-19 00:00:00;PM PATIS;01.612.478/0001-35;SEE;1261;SECRETARIA DE ESTADO DE EDUCACAO;42;AUXILIOS;1;AUXILIOS;10;RECURSOS ORDINARIOS;0,0;0,0;0,0
9130877;115;2021-12-30 00:00:00;ASSOC. DE PROT. E ASSIST. AOS CONENADOS DE RIO PIRACICABA;09.420.397/0001-45;SEJUSP;1451;SECRETARIA DE ESTADO DE JUSTICA E SEGURANCA PUBLICA;43;SUBVENCOES SOCIAIS;1;SUBVENCOES SOCIAIS;10;RECURSOS ORDINARIOS;0,0;21835,05;0,0
9130884;58;2021-08-02 00:00:00;ASSOC. DE PROT. E ASSIST. AO CONDENADO DE ARAXA;23.370.836/0001-83;SEJUSP;1451;SECRETARIA DE ESTADO DE JUSTICA E SEGURANCA PUBLICA;43;SUBVENCOES SOCIAIS;1;SUBVENCOES SOCIAIS;27;TAXA DE SEGURANCA PUBLICA;0,0;0,0;0,0
9130889;104;2021-12-28 00:00:00;APAC SETE LAGOAS;04.698.279/0001-80;SEJUSP;1451;SECRETARIA DE ESTADO DE JUSTICA E SEGURANCA PUBLICA;43;SUBVENCOES SOCIAIS;1;SUBVENCOES SOCIAIS;10;RECURSOS ORDINARIOS;0,0;17025,64;0,0
9130997;24;2020-02-17 00:00:00;ASSOC. DE PROT. E ASSIST. AO CONDENADO DE CANAPOLIS;08.265.593/0001-20;SEJUSP;1451;SECRETARIA DE ESTADO DE JUSTICA E SEGURANCA PUBLICA;43;SUBVENCOES SOCIAIS;1;SUBVENCOES SOCIAIS;10;RECURSOS ORDINARIOS;0,0;0,0;0,0
9130998;116;2021-12-30 00:00:00;ASSOCIACAO DE PROTECAO E ASSISTENCIA AOS CONDENADOS;20.928.032/0001-69;SEJUSP;1451;SECRETARIA DE ESTADO DE JUSTICA E SEGURANCA PUBLICA;43;SUBVENCOES SOCIAIS;1;SUBVENCOES SOCIAIS;10;RECURSOS ORDINARIOS;0,0;72352,15;0,0
9143486;88;2017-07-12 00:00:00;UNIVERSIDADE FEDERAL DE MINAS GERAIS;17.217.985/0001-04;SEE;1261;SECRETARIA DE ESTADO DE EDUCACAO;42;AUXILIOS;1;AUXILIOS;10;RECURSOS ORDINARIOS;0,0;0,0;0,0
9159178;18;2017-09-26 00:00:00;PM MEDINA;18.414.607/0001-83;SEGOV;1491;SECRETARIA DE ESTADO DE GOVERNO;42;AUXILIOS;1;AUXILIOS;10;RECURSOS ORDINARIOS;0,0;0,0;0,0
9164545;207;2017-12-20 00:00:00;PM PERDIZES;18.140.772/0001-94;SEDESE;1481;SECRETARIA DE ESTADO DE DESENVOLVIMENTO SOCIAL;42;AUXILIOS;1;AUXILIOS;10;RECURSOS ORDINARIOS;0,0;0,0;0,0
9170555;555;2017-12-14 00:00:00;PM BRASILANDIA DE MINAS;01.602.009/0001-35;SEE;1261;SECRETARIA DE ESTADO DE EDUCACAO;42;AUXILIOS;1;AUXILIOS;10;RECURSOS ORDINARIOS;0,0;0,0;0,0
9171962;215;2017-12-20 00:00:00;PM CAXAMBU;18.008.870/0001-72;SEDESE;1481;SECRETARIA DE ESTADO DE DESENVOLVIMENTO SOCIAL;42;AUXILIOS;1;AUXILIOS;10;RECURSOS ORDINARIOS;0,0;0,0;0,0
9174212;225;2017-12-21 00:00:00;PM COROMANDEL;18.591.149/0001-58;SEDESE;1481;SECRETARIA DE ESTADO DE DESENVOLVIMENTO SOCIAL;42;AUXILIOS;1;AUXILIOS;10;RECURSOS ORDINARIOS;0,0;0,0;0,0
9174217;233;2017-12-21 00:00:00;PM BELO HORIZONTE;18.715.383/0001-40;SEDESE;1481;SECRETARIA DE ESTADO DE DESENVOLVIMENTO SOCIAL;42;AUXILIOS;1;AUXILIOS;10;RECURSOS ORDINARIOS;0,0;0,0;0,0
9174411;984;2017-12-21 00:00:00;PM COUTO DE MAGALHAES DE MINAS;17.754.177/0001-86;SEINFRA;1301;SECRETARIA DE ESTADO DE INFRAESTRUTURA E MOBILIDADE;42;AUXILIOS;1;AUXILIOS;10;RECURSOS ORDINARIOS;0,0;0,0;0,0
9174421;997;2017-12-21 00:00:00;PM SANTO ANTONIO DO ITAMBE;18.303.222/0001-49;SEINFRA;1301;SECRETARIA DE ESTADO DE INFRAESTRUTURA E MOBILIDADE;42;AUXILIOS;1;AUXILIOS;48;ALIENACAO DE BENS DO TESOURO ESTADUAL;0,0;0,0;0,0
9174424;996;2017-12-21 00:00:00;PM CORDISBURGO;18.116.137/0001-71;SEINFRA;1301;SECRETARIA DE ESTADO DE INFRAESTRUTURA E MOBILIDADE;42;AUXILIOS;1;AUXILIOS;48;ALIENACAO DE BENS DO TESOURO ESTADUAL;0,0;54000,0;0,0
9174429;995;2017-12-21 00:00:00;PM ALFREDO VASCONCELOS;26.130.617/0001-15;SEINFRA;1301;SECRETARIA DE ESTADO DE INFRAESTRUTURA E MOBILIDADE;42;AUXILIOS;1;AUXILIOS;48;ALIENACAO DE BENS DO TESOURO ESTADUAL;0,0;0,0;0,0
9174443;985;2017-12-21 00:00:00;PM RUBELITA;24.363.590/0001-85;SEINFRA;1301;SECRETARIA DE ESTADO DE INFRAESTRUTURA E MOBILIDADE;42;AUXILIOS;1;AUXILIOS;48;ALIENACAO DE BENS DO TESOURO ESTADUAL;0,0;60000,0;0,0
9174444;989;2017-12-21 00:00:00;PM ENGENHEIRO NAVARRO;17.697.152/0001-98;SEINFRA;1301;SECRETARIA DE ESTADO DE INFRAESTRUTURA E MOBILIDADE;42;AUXILIOS;1;AUXILIOS;10;RECURSOS ORDINARIOS;0,0;0,0;0,0
9174568;1002;2017-12-21 00:00:00;PM SIMONESIA;18.385.120/0001-10;SEINFRA;1301;SECRETARIA DE ESTADO DE INFRAESTRUTURA E MOBILIDADE;42;AUXILIOS;1;AUXILIOS;48;ALIENACAO DE BENS DO TESOURO ESTADUAL;0,0;0,0;0,0
9174627;1005;2017-12-21 00:00:00;PM ANTONIO CARLOS;18.094.763/0001-04;SEINFRA;1301;SECRETARIA DE ESTADO DE INFRAESTRUTURA E MOBILIDADE;42;AUXILIOS;1;AUXILIOS;48;ALIENACAO DE BENS DO TESOURO ESTADUAL;0,0;0,0;0,0
9174633;1004;2017-12-21 00:00:00;PM ANTONIO DIAS;16.796.575/0001-00;SEINFRA;1301;SECRETARIA DE ESTADO DE INFRAESTRUTURA E MOBILIDADE;42;AUXILIOS;1;AUXILIOS;48;ALIENACAO DE BENS DO TESOURO ESTADUAL;0,0;21000,0;0,0
9174644;1024;2017-12-26 00:00:00;PM SAO JOAO DA LAGOA;01.612.494/0001-28;SEINFRA;1301;SECRETARIA DE ESTADO DE INFRAESTRUTURA E MOBILIDADE;42;AUXILIOS;1;AUXILIOS;48;ALIENACAO DE BENS DO TESOURO ESTADUAL;0,0;45000,0;0,0
9174645;1019;2017-12-26 00:00:00;PM MINAS NOVAS;22.516.405/0001-10;SEINFRA;1301;SECRETARIA DE ESTADO DE INFRAESTRUTURA E MOBILIDADE;42;AUXILIOS;1;AUXILIOS;10;RECURSOS ORDINARIOS;0,0;150000,0;0,0
9174646;1017;2017-12-26 00:00:00;PM SAO DOMINGOS DO PRATA;18.401.018/0001-60;SEINFRA;1301;SECRETARIA DE ESTADO DE INFRAESTRUTURA E MOBILIDADE;42;AUXILIOS;1;AUXILIOS;48;ALIENACAO DE BENS DO TESOURO ESTADUAL;0,0;0,0;0,0
9174648;1020;2017-12-26 00:00:00;PM ARACUAI;17.963.083/0001-17;SEINFRA;1301;SECRETARIA DE ESTADO DE INFRAESTRUTURA E MOBILIDADE;42;AUXILIOS;1;AUXILIOS;48;ALIENACAO DE BENS DO TESOURO ESTADUAL;0,0;90000,0;0,0
9174696;1021;2017-12-26 00:00:00;PM ARACUAI;17.963.083/0001-17;SEINFRA;1301;SECRETARIA DE ESTADO DE INFRAESTRUTURA E MOBILIDADE;42;AUXILIOS;1;AUXILIOS;48;ALIENACAO DE BENS DO TESOURO ESTADUAL;0,0;43800,0;0,0
9174714;1023;2017-12-26 00:00:00;PM SAO TOME DAS LETRAS;18.008.920/0001-11;SEINFRA;1301;SECRETARIA DE ESTADO DE INFRAESTRUTURA E MOBILIDADE;42;AUXILIOS;1;AUXILIOS;10;RECURSOS ORDINARIOS;0,0;0,0;0,0
9174715;1022;2017-12-26 00:00:00;PM ARACUAI;17.963.083/0001-17;SEINFRA;1301;SECRETARIA DE ESTADO DE INFRAESTRUTURA E MOBILIDADE;42;AUXILIOS;1;AUXILIOS;48;ALIENACAO DE BENS DO TESOURO ESTADUAL;0,0;45000,0;0,0
9174830;243;2017-12-22 00:00:00;PM CONSELHEIRO LAFAIETE;19.718.360/0001-51;SEDESE;1481;SECRETARIA DE ESTADO DE DESENVOLVIMENTO SOCIAL;42;AUXILIOS;1;AUXILIOS;10;RECURSOS ORDINARIOS;0,0;0,0;0,0
9174840;7;2017-12-28 00:00:00;ASSOCIACAO DOS CONDOMINIOS HORIZONTAIS;07.429.321/0001-55;FUNDIF;4421;FUNDO ESTADUAL DE DEFESA DE DIREITOS DIFUSOS;43;SUBVENCOES SOCIAIS;1;SUBVENCOES SOCIAIS;39;MULTAS PECUNIARIAS E JUROS DE MORA FIXADOS EM SENTENCAS JUDICIAIS;0,0;0,0;0,0
9174849;9;2017-12-28 00:00:00;FUNDACAO EDUCACIONAL COMUNITARIA FORMIGUENSE;20.501.128/0001-46;FUNDIF;4421;FUNDO ESTADUAL DE DEFESA DE DIREITOS DIFUSOS;43;SUBVENCOES SOCIAIS;1;SUBVENCOES SOCIAIS;39;MULTAS PECUNIARIAS E JUROS DE MORA FIXADOS EM SENTENCAS JUDICIAIS;0,0;0,0;0,0
9174849;10;2017-12-28 00:00:00;FUNDACAO EDUCACIONAL COMUNITARIA FORMIGUENSE;20.501.128/0001-46;FUNDIF;4421;FUNDO ESTADUAL DE DEFESA DE DIREITOS DIFUSOS;42;AUXILIOS;1;AUXILIOS;39;MULTAS PECUNIARIAS E JUROS DE MORA FIXADOS EM SENTENCAS JUDICIAIS;0,0;0,0;0,0
9174860;1010;2017-12-22 00:00:00;PM BOM DESPACHO;18.301.002/0001-86;SECULT;1271;SECRETARIA DE ESTADO DE CULTURA E TURISMO;41;CONTRIBUICOES;1;CONTRIBUICOES;10;RECURSOS ORDINARIOS;0,0;0,0;0,0
9174929;5;2017-12-28 00:00:00;MITRA DIOCESANA DE OLIVEIRA;18.552.828/0006-22;FUNDIF;4421;FUNDO ESTADUAL DE DEFESA DE DIREITOS DIFUSOS;43;SUBVENCOES SOCIAIS;1;SUBVENCOES SOCIAIS;39;MULTAS PECUNIARIAS E JUROS DE MORA FIXADOS EM SENTENCAS JUDICIAIS;0,0;0,0;0,0
9175610;1014;2017-12-26 00:00:00;PM SALTO DA DIVISA;18.347.401/0001-88;SEINFRA;1301;SECRETARIA DE ESTADO DE INFRAESTRUTURA E MOBILIDADE;42;AUXILIOS;1;AUXILIOS;48;ALIENACAO DE BENS DO TESOURO ESTADUAL;0,0;0,0;0,0
9175759;1015;2017-12-26 00:00:00;PM ERVALIA;18.133.306/0001-81;SEINFRA;1301;SECRETARIA DE ESTADO DE INFRAESTRUTURA E MOBILIDADE;42;AUXILIOS;1;AUXILIOS;10;RECURSOS ORDINARIOS;0,0;30000,0;0,0
9175760;1013;2017-12-26 00:00:00;PM ICARAI DE MINAS;25.224.304/0001-63;SEINFRA;1301;SECRETARIA DE ESTADO DE INFRAESTRUTURA E MOBILIDADE;42;AUXILIOS;1;AUXILIOS;48;ALIENACAO DE BENS DO TESOURO ESTADUAL;0,0;60000,0;0,0
9175860;1016;2017-12-26 00:00:00;PM LAGAMAR;18.192.260/0001-71;SEINFRA;1301;SECRETARIA DE ESTADO DE INFRAESTRUTURA E MOBILIDADE;42;AUXILIOS;1;AUXILIOS;48;ALIENACAO DE BENS DO TESOURO ESTADUAL;0,0;60000,0;0,0
9175862;1028;2017-12-26 00:00:00;PM PAPAGAIOS;18.313.866/0001-18;SEINFRA;1301;SECRETARIA DE ESTADO DE INFRAESTRUTURA E MOBILIDADE;42;AUXILIOS;1;AUXILIOS;10;RECURSOS ORDINARIOS;0,0;150000,0;0,0
9175874;1033;2017-12-26 00:00:00;PM RIO ESPERA;24.179.665/0001-72;SEINFRA;1301;SECRETARIA DE ESTADO DE INFRAESTRUTURA E MOBILIDADE;42;AUXILIOS;1;AUXILIOS;10;RECURSOS ORDINARIOS;0,0;39600,0;0,0
9175880;1031;2017-12-26 00:00:00;PM ARAPONGA;18.132.167/0001-71;SEINFRA;1301;SECRETARIA DE ESTADO DE INFRAESTRUTURA E MOBILIDADE;42;AUXILIOS;1;AUXILIOS;48;ALIENACAO DE BENS DO TESOURO ESTADUAL;0,0;74062,06;0,0
9176051;256;2017-12-26 00:00:00;PM CAPELINHA;19.229.921/0001-59;SEDESE;1481;SECRETARIA DE ESTADO DE DESENVOLVIMENTO SOCIAL;42;AUXILIOS;1;AUXILIOS;10;RECURSOS ORDINARIOS;0,0;0,0;0,0
9176099;1038;2017-12-27 00:00:00;PM CATUGI;26.218.636/0001-06;SEINFRA;1301;SECRETARIA DE ESTADO DE INFRAESTRUTURA E MOBILIDADE;42;AUXILIOS;1;AUXILIOS;48;ALIENACAO DE BENS DO TESOURO ESTADUAL;0,0;150000,0;0,0
9176101;1039;2017-12-27 00:00:00;PM LIBERDADE;18.029.165/0001-51;SEINFRA;1301;SECRETARIA DE ESTADO DE INFRAESTRUTURA E MOBILIDADE;42;AUXILIOS;1;AUXILIOS;10;RECURSOS ORDINARIOS;0,0;30000,0;0,0
9176108;277;2017-12-26 00:00:00;PM COLUNA;18.307.397/0001-24;SEINFRA;1301;SECRETARIA DE ESTADO DE INFRAESTRUTURA E MOBILIDADE;41;CONTRIBUICOES;1;CONTRIBUICOES;10;RECURSOS ORDINARIOS;0,0;0,0;0,0
9176154;1041;2017-12-27 00:00:00;PM ORATORIOS;01.616.836/0001-88;SEINFRA;1301;SECRETARIA DE ESTADO DE INFRAESTRUTURA E MOBILIDADE;42;AUXILIOS;1;AUXILIOS;10;RECURSOS ORDINARIOS;0,0;0,0;0,0
9176406;1054;2017-12-27 00:00:00;PM SENHORA DO PORTO;18.307.504/0001-14;SEINFRA;1301;SECRETARIA DE ESTADO DE INFRAESTRUTURA E MOBILIDADE;42;AUXILIOS;1;AUXILIOS;10;RECURSOS ORDINARIOS;0,0;36000,0;0,0
9176409;1056;2017-12-27 00:00:00;PM COROACI;18.085.647/0001-29;SEINFRA;1301;SECRETARIA DE ESTADO DE INFRAESTRUTURA E MOBILIDADE;42;AUXILIOS;1;AUXILIOS;10;RECURSOS ORDINARIOS;0,0;0,0;0,0
9176417;1057;2017-12-27 00:00:00;PM MAR DE ESPANHA;18.535.658/0001-63;SEINFRA;1301;SECRETARIA DE ESTADO DE INFRAESTRUTURA E MOBILIDADE;42;AUXILIOS;1;AUXILIOS;10;RECURSOS ORDINARIOS;0,0;126834,0;0,0
9176453;279;2017-12-27 00:00:00;PM FORMOSO;18.125.153/0001-20;SEDESE;1481;SECRETARIA DE ESTADO DE DESENVOLVIMENTO SOCIAL;42;AUXILIOS;1;AUXILIOS;10;RECURSOS ORDINARIOS;0,0;0,0;0,0
9176558;120;2017-12-28 00:00:00;PM SETE LAGOAS;24.996.969/0001-22;SEJUSP;1451;SECRETARIA DE ESTADO DE JUSTICA E SEGURANCA PUBLICA;42;AUXILIOS;1;AUXILIOS;10;RECURSOS ORDINARIOS;0,0;0,0;0,0
9176575;121;2017-12-28 00:00:00;PM JABOTICATUBAS;18.715.417/0001-04;SEJUSP;1451;SECRETARIA DE ESTADO DE JUSTICA E SEGURANCA PUBLICA;42;AUXILIOS;1;AUXILIOS;10;RECURSOS ORDINARIOS;0,0;0,0;0,0
9176901;324;2017-12-28 00:00:00;PM CORREGO FUNDO;01.614.862/0001-77;SEDESE;1481;SECRETARIA DE ESTADO DE DESENVOLVIMENTO SOCIAL;42;AUXILIOS;1;AUXILIOS;10;RECURSOS ORDINARIOS;0,0;0,0;0,0
9177944;581;2017-12-29 00:00:00;PM ARAPORA;23.098.510/0001-49;SEE;1261;SECRETARIA DE ESTADO DE EDUCACAO;42;AUXILIOS;1;AUXILIOS;10;RECURSOS ORDINARIOS;0,0;0,0;0,0
9177984;461;2020-07-14 00:00:00;PM RESENDE COSTA;17.749.912/0001-63;SEGOV;1491;SECRETARIA DE ESTADO DE GOVERNO;42;AUXILIOS;1;AUXILIOS;10;RECURSOS ORDINARIOS;0,0;0,0;0,0
9177988;604;2017-12-29 00:00:00;PM PRATA;18.260.505/0001-50;SEE;1261;SECRETARIA DE ESTADO DE EDUCACAO;42;AUXILIOS;1;AUXILIOS;10;RECURSOS ORDINARIOS;0,0;0,0;0,0
9177989;605;2017-12-29 00:00:00;PM CLARAVAL;17.894.056/0001-30;SEE;1261;SECRETARIA DE ESTADO DE EDUCACAO;42;AUXILIOS;1;AUXILIOS;10;RECURSOS ORDINARIOS;0,0;0,0;0,0
9177997;1143;2017-12-29 00:00:00;SANTA CASA DE MISERICORDIA DE ITAJUBA;21.035.852/0001-94;FES;4291;FUNDO ESTADUAL DE SAUDE;42;AUXILIOS;1;AUXILIOS;10;RECURSOS ORDINARIOS;0,0;0,0;0,0
9178016;1064;2017-12-29 00:00:00;PM SANTO ANTONIO DO RIO ABAIXO;18.303.248/0001-97;SEINFRA;1301;SECRETARIA DE ESTADO DE INFRAESTRUTURA E MOBILIDADE;42;AUXILIOS;1;AUXILIOS;10;RECURSOS ORDINARIOS;0,0;0,0;0,0
9188217;27;2019-07-16 00:00:00;PM ITURAMA;18.457.242/0001-74;SEGOV;1491;SECRETARIA DE ESTADO DE GOVERNO;42;AUXILIOS;1;AUXILIOS;10;RECURSOS ORDINARIOS;0,0;0,0;0,0
9192483;762;2018-06-19 00:00:00;PM TEOFILO OTONI;18.404.780/0001-09;SEINFRA;1301;SECRETARIA DE ESTADO DE INFRAESTRUTURA E MOBILIDADE;42;AUXILIOS;1;AUXILIOS;48;ALIENACAO DE BENS DO TESOURO ESTADUAL;0,0;0,0;0,0
9192551;359;2020-12-04 00:00:00;PM CONCEICAO DOS OUROS;18.677.609/0001-65;SEINFRA;1301;SECRETARIA DE ESTADO DE INFRAESTRUTURA E MOBILIDADE;42;AUXILIOS;1;AUXILIOS;10;RECURSOS ORDINARIOS;0,0;0,0;0,0
9192559;85;2018-06-19 00:00:00;PM CONGONHAL;18.675.967/0001-39;SEDESE;1481;SECRETARIA DE ESTADO DE DESENVOLVIMENTO SOCIAL;42;AUXILIOS;1;AUXILIOS;10;RECURSOS ORDINARIOS;0,0;0,0;0,0
9192937;277;2021-09-30 00:00:00;PM VIRGINOPOLIS;18.307.512/0001-60;SEINFRA;1301;SECRETARIA DE ESTADO DE INFRAESTRUTURA E MOBILIDADE;42;AUXILIOS;1;AUXILIOS;10;RECURSOS ORDINARIOS;0,0;0,0;0,0
9192951;92;2018-06-26 00:00:00;PM LONTRA;25.223.009/0001-92;SEDESE;1481;SECRETARIA DE ESTADO DE DESENVOLVIMENTO SOCIAL;42;AUXILIOS;1;AUXILIOS;10;RECURSOS ORDINARIOS;0,0;0,0;0,0
9193880;97;2018-06-28 00:00:00;PM LAGAMAR;18.192.260/0001-71;SEDESE;1481;SECRETARIA DE ESTADO DE DESENVOLVIMENTO SOCIAL;42;AUXILIOS;1;AUXILIOS;10;RECURSOS ORDINARIOS;0,0;0,0;0,0
9193890;99;2018-06-28 00:00:00;PM PEQUI;18.313.874/0001-64;SEDESE;1481;SECRETARIA DE ESTADO DE DESENVOLVIMENTO SOCIAL;42;AUXILIOS;1;AUXILIOS;10;RECURSOS ORDINARIOS;0,0;0,0;0,0
9193892;94;2018-06-28 00:00:00;PM LIMEIRA DO OESTE;26.042.556/0001-34;SEDESE;1481;SECRETARIA DE ESTADO DE DESENVOLVIMENTO SOCIAL;42;AUXILIOS;1;AUXILIOS;10;RECURSOS ORDINARIOS;0,0;0,0;0,0
9193904;93;2018-06-28 00:00:00;PM BOCAIUVA;18.803.072/0001-32;SEDESE;1481;SECRETARIA DE ESTADO DE DESENVOLVIMENTO SOCIAL;42;AUXILIOS;1;AUXILIOS;10;RECURSOS ORDINARIOS;0,0;0,0;0,0
9194034;100;2018-07-02 00:00:00;PM CARVALHOPOLIS;18.242.800/0001-84;SEDESE;1481;SECRETARIA DE ESTADO DE DESENVOLVIMENTO SOCIAL;42;AUXILIOS;1;AUXILIOS;10;RECURSOS ORDINARIOS;0,0;0,0;0,0
9194036;101;2018-07-02 00:00:00;PM LUISBURGO;01.615.423/0001-89;SEDESE;1481;SECRETARIA DE ESTADO DE DESENVOLVIMENTO SOCIAL;42;AUXILIOS;1;AUXILIOS;10;RECURSOS ORDINARIOS;0,0;0,0;0,0
9194037;103;2018-07-02 00:00:00;PM BARROSO;18.094.755/0001-68;SEDESE;1481;SECRETARIA DE ESTADO DE DESENVOLVIMENTO SOCIAL;42;AUXILIOS;1;AUXILIOS;10;RECURSOS ORDINARIOS;0,0;0,0;0,0
9194073;811;2018-07-03 00:00:00;PM ARACUAI;17.963.083/0001-17;SEINFRA;1301;SECRETARIA DE ESTADO DE INFRAESTRUTURA E MOBILIDADE;42;AUXILIOS;1;AUXILIOS;10;RECURSOS ORDINARIOS;0,0;400000,0;0,0
9194075;813;2018-07-03 00:00:00;PM NOVA RESENDE;18.187.823/0001-33;SEINFRA;1301;SECRETARIA DE ESTADO DE INFRAESTRUTURA E MOBILIDADE;42;AUXILIOS;1;AUXILIOS;10;RECURSOS ORDINARIOS;0,0;66000,0;0,0
9194080;105;2018-07-04 00:00:00;PM LAGOA FORMOSA;18.602.078/0001-41;SEDESE;1481;SECRETARIA DE ESTADO DE DESENVOLVIMENTO SOCIAL;42;AUXILIOS;1;AUXILIOS;10;RECURSOS ORDINARIOS;0,0;0,0;0,0
9195047;959;2018-07-04 00:00:00;PM MIRAI;17.966.201/0001-40;SEE;1261;SECRETARIA DE ESTADO DE EDUCACAO;42;AUXILIOS;1;AUXILIOS;10;RECURSOS ORDINARIOS;0,0;0,0;0,0
9195049;958;2018-07-04 00:00:00;PM ITAMARATI DE MINAS;17.706.813/0001-02;SEE;1261;SECRETARIA DE ESTADO DE EDUCACAO;42;AUXILIOS;1;AUXILIOS;10;RECURSOS ORDINARIOS;0,0;0,0;0,0
9195212;312;2020-08-12 00:00:00;PM MIRAVANIA;01.612.491/0001-94;SEINFRA;1301;SECRETARIA DE ESTADO DE INFRAESTRUTURA E MOBILIDADE;42;AUXILIOS;1;AUXILIOS;10;RECURSOS ORDINARIOS;0,0;0,0;0,0
9195227;311;2020-08-12 00:00:00;PM JAPONVAR;01.612.476/0001-46;SEINFRA;1301;SECRETARIA DE ESTADO DE INFRAESTRUTURA E MOBILIDADE;42;AUXILIOS;1;AUXILIOS;10;RECURSOS ORDINARIOS;0,0;45000,0;0,0
9195233;623;2019-08-08 00:00:00;PM MANHUACU;18.385.088/0001-72;SEINFRA;1301;SECRETARIA DE ESTADO DE INFRAESTRUTURA E MOBILIDADE;42;AUXILIOS;1;AUXILIOS;10;RECURSOS ORDINARIOS;0,0;75000,0;0,0
9195265;537;2020-07-27 00:00:00;PM JACINTO;18.349.910/0001-40;SEGOV;1491;SECRETARIA DE ESTADO DE GOVERNO;42;AUXILIOS;1;AUXILIOS;10;RECURSOS ORDINARIOS;0,0;0,0;0,0
9195280;118;2018-07-05 00:00:00;PM LAMBARI;17.877.200/0001-20;SEDESE;1481;SECRETARIA DE ESTADO DE DESENVOLVIMENTO SOCIAL;42;AUXILIOS;1;AUXILIOS;10;RECURSOS ORDINARIOS;0,0;0,0;0,0
9195286;114;2018-07-05 00:00:00;PM LAGOA GRANDE;23.097.454/0001-28;SEDESE;1481;SECRETARIA DE ESTADO DE DESENVOLVIMENTO SOCIAL;42;AUXILIOS;1;AUXILIOS;10;RECURSOS ORDINARIOS;0,0;0,0;0,0
9195289;121;2018-07-05 00:00:00;PM TAPIRAI;20.920.625/0001-89;SEDESE;1481;SECRETARIA DE ESTADO DE DESENVOLVIMENTO SOCIAL;42;AUXILIOS;1;AUXILIOS;10;RECURSOS ORDINARIOS;0,0;0,0;0,0
9195290;119;2018-07-05 00:00:00;PM PRESIDENTE OLEGARIO;18.602.060/0001-40;SEDESE;1481;SECRETARIA DE ESTADO DE DESENVOLVIMENTO SOCIAL;42;AUXILIOS;1;AUXILIOS;10;RECURSOS ORDINARIOS;0,0;0,0;0,0
9195291;109;2018-07-05 00:00:00;PM VERISSIMO;18.428.946/0001-19;SEDESE;1481;SECRETARIA DE ESTADO DE DESENVOLVIMENTO SOCIAL;42;AUXILIOS;1;AUXILIOS;10;RECURSOS ORDINARIOS;0,0;0,0;0,0
9195304;108;2018-07-05 00:00:00;PM MONTE ALEGRE DE MINAS;18.431.155/0001-48;SEDESE;1481;SECRETARIA DE ESTADO DE DESENVOLVIMENTO SOCIAL;42;AUXILIOS;1;AUXILIOS;10;RECURSOS ORDINARIOS;0,0;0,0;0,0
9195307;960;2018-07-06 00:00:00;PM CONCEICAO DE IPANEMA;18.334.300/0001-72;SEE;1261;SECRETARIA DE ESTADO DE EDUCACAO;42;AUXILIOS;1;AUXILIOS;10;RECURSOS ORDINARIOS;0,0;0,0;0,0
9195309;962;2018-07-06 00:00:00;PM JUIZ DE FORA;18.338.178/0001-02;SEE;1261;SECRETARIA DE ESTADO DE EDUCACAO;42;AUXILIOS;1;AUXILIOS;10;RECURSOS ORDINARIOS;0,0;0,0;0,0
9195311;963;2018-07-06 00:00:00;PM SANTA RITA DE JACUTINGA;18.338.269/0001-48;SEE;1261;SECRETARIA DE ESTADO DE EDUCACAO;42;AUXILIOS;1;AUXILIOS;10;RECURSOS ORDINARIOS;0,0;0,0;0,0
9195312;964;2018-07-06 00:00:00;PM ALVINOPOLIS;16.725.392/0001-96;SEE;1261;SECRETARIA DE ESTADO DE EDUCACAO;42;AUXILIOS;1;AUXILIOS;10;RECURSOS ORDINARIOS;0,0;0,0;0,0
9195313;965;2018-07-06 00:00:00;PM IRAI DE MINAS;18.158.642/0001-89;SEE;1261;SECRETARIA DE ESTADO DE EDUCACAO;42;AUXILIOS;1;AUXILIOS;10;RECURSOS ORDINARIOS;0,0;0,0;0,0
9195318;968;2018-07-06 00:00:00;PM FRONTEIRA;18.449.140/0001-07;SEE;1261;SECRETARIA DE ESTADO DE EDUCACAO;42;AUXILIOS;1;AUXILIOS;10;RECURSOS ORDINARIOS;0,0;0,0;0,0
9195320;970;2018-07-06 00:00:00;PM ITAUNA;18.309.724/0001-87;SEE;1261;SECRETARIA DE ESTADO DE EDUCACAO;42;AUXILIOS;1;AUXILIOS;10;RECURSOS ORDINARIOS;0,0;0,0;0,0
9195322;972;2018-07-06 00:00:00;PM MEDINA;18.414.607/0001-83;SEE;1261;SECRETARIA DE ESTADO DE EDUCACAO;42;AUXILIOS;1;AUXILIOS;10;RECURSOS ORDINARIOS;0,0;0,0;0,0
9195412;310;2020-08-12 00:00:00;PM DORES DE CAMPOS;18.094.821/0001-08;SEINFRA;1301;SECRETARIA DE ESTADO DE INFRAESTRUTURA E MOBILIDADE;42;AUXILIOS;1;AUXILIOS;10;RECURSOS ORDINARIOS;0,0;0,0;0,0
9195419;123;2018-07-06 00:00:00;PM GUIMARANIA;18.602.052/0001-01;SEDESE;1481;SECRETARIA DE ESTADO DE DESENVOLVIMENTO SOCIAL;42;AUXILIOS;1;AUXILIOS;10;RECURSOS ORDINARIOS;0,0;0,0;0,0
9195426;658;2019-10-30 00:00:00;PM BARBACENA;17.095.043/0001-09;SEINFRA;1301;SECRETARIA DE ESTADO DE INFRAESTRUTURA E MOBILIDADE;42;AUXILIOS;1;AUXILIOS;10;RECURSOS ORDINARIOS;0,0;0,0;0,0
9195432;132;2018-07-06 00:00:00;PM MONTE SIAO;22.646.525/0001-31;SEDESE;1481;SECRETARIA DE ESTADO DE DESENVOLVIMENTO SOCIAL;42;AUXILIOS;1;AUXILIOS;10;RECURSOS ORDINARIOS;0,0;0,0;0,0
9195435;124;2018-07-06 00:00:00;PM CORACAO DE JESUS;22.680.672/0001-28;SEDESE;1481;SECRETARIA DE ESTADO DE DESENVOLVIMENTO SOCIAL;42;AUXILIOS;1;AUXILIOS;10;RECURSOS ORDINARIOS;0,0;0,0;0,0
9195439;125;2018-07-06 00:00:00;PM ARCOS;18.306.662/0001-50;SEDESE;1481;SECRETARIA DE ESTADO DE DESENVOLVIMENTO SOCIAL;42;AUXILIOS;1;AUXILIOS;10;RECURSOS ORDINARIOS;0,0;0,0;0,0
9195444;127;2018-07-06 00:00:00;PM CORDISLANDIA;18.712.166/0001-04;SEDESE;1481;SECRETARIA DE ESTADO DE DESENVOLVIMENTO SOCIAL;42;AUXILIOS;1;AUXILIOS;10;RECURSOS ORDINARIOS;0,0;0,0;0,0
9195450;131;2018-07-06 00:00:00;PM CONCEICAO DAS ALAGOAS;18.428.854/0001-39;SEDESE;1481;SECRETARIA DE ESTADO DE DESENVOLVIMENTO SOCIAL;42;AUXILIOS;1;AUXILIOS;10;RECURSOS ORDINARIOS;0,0;0,0;0,0
9195461;129;2018-07-06 00:00:00;PM JANUARIA;21.461.546/0001-10;SEDESE;1481;SECRETARIA DE ESTADO DE DESENVOLVIMENTO SOCIAL;42;AUXILIOS;1;AUXILIOS;10;RECURSOS ORDINARIOS;0,0;0,0;0,0
9195465;144;2018-07-06 00:00:00;PM PIRANGA;23.515.687/0001-01;SEDESE;1481;SECRETARIA DE ESTADO DE DESENVOLVIMENTO SOCIAL;42;AUXILIOS;1;AUXILIOS;10;RECURSOS ORDINARIOS;0,0;0,0;0,0
9195506;138;2018-07-06 00:00:00;PM COROMANDEL;18.591.149/0001-58;SEDESE;1481;SECRETARIA DE ESTADO DE DESENVOLVIMENTO SOCIAL;42;AUXILIOS;1;AUXILIOS;10;RECURSOS ORDINARIOS;0,0;0,0;0,0
9195509;156;2018-07-06 00:00:00;PM FORMOSO;18.125.153/0001-20;SEDESE;1481;SECRETARIA DE ESTADO DE DESENVOLVIMENTO SOCIAL;42;AUXILIOS;1;AUXILIOS;10;RECURSOS ORDINARIOS;0,0;0,0;0,0
9195510;137;2018-07-06 00:00:00;PM COMENDADOR GOMES;18.449.173/0001-57;SEDESE;1481;SECRETARIA DE ESTADO DE DESENVOLVIMENTO SOCIAL;42;AUXILIOS;1;AUXILIOS;10;RECURSOS ORDINARIOS;0,0;0,0;0,0
9195512;976;2018-07-06 00:00:00;PM UBERLANDIA;18.431.312/0001-15;SEE;1261;SECRETARIA DE ESTADO DE EDUCACAO;42;AUXILIOS;1;AUXILIOS;10;RECURSOS ORDINARIOS;0,0;0,0;0,0
9195514;158;2018-07-06 00:00:00;PM FORMIGA;16.784.720/0001-25;SEDESE;1481;SECRETARIA DE ESTADO DE DESENVOLVIMENTO SOCIAL;42;AUXILIOS;1;AUXILIOS;10;RECURSOS ORDINARIOS;0,0;0,0;0,0
9195515;153;2018-07-06 00:00:00;PM SAO PEDRO DA UNIAO;18.666.172/0001-64;SEDESE;1481;SECRETARIA DE ESTADO DE DESENVOLVIMENTO SOCIAL;42;AUXILIOS;1;AUXILIOS;10;RECURSOS ORDINARIOS;0,0;0,0;0,0
9195517;136;2018-07-06 00:00:00;PM MUZAMBINHO;18.668.624/0001-47;SEDESE;1481;SECRETARIA DE ESTADO DE DESENVOLVIMENTO SOCIAL;42;AUXILIOS;1;AUXILIOS;10;RECURSOS ORDINARIOS;0,0;0,0;0,0
9195523;978;2018-07-06 00:00:00;PM BELO ORIENTE;17.005.653/0001-66;SEE;1261;SECRETARIA DE ESTADO DE EDUCACAO;42;AUXILIOS;1;AUXILIOS;10;RECURSOS ORDINARIOS;0,0;0,0;0,0
9195524;977;2018-07-06 00:00:00;PM CABO VERDE;17.909.599/0001-83;SEE;1261;SECRETARIA DE ESTADO DE EDUCACAO;42;AUXILIOS;1;AUXILIOS;10;RECURSOS ORDINARIOS;0,0;0,0;0,0
9195525;974;2018-07-06 00:00:00;PM SANTANA DO MANHUACU;18.385.146/0001-68;SEE;1261;SECRETARIA DE ESTADO DE EDUCACAO;42;AUXILIOS;1;AUXILIOS;10;RECURSOS ORDINARIOS;0,0;0,0;0,0
9195528;975;2018-07-06 00:00:00;PM JUIZ DE FORA;18.338.178/0001-02;SEE;1261;SECRETARIA DE ESTADO DE EDUCACAO;42;AUXILIOS;1;AUXILIOS;10;RECURSOS ORDINARIOS;0,0;0,0;0,0
9195530;151;2018-07-06 00:00:00;PM ITUIUTABA;18.457.218/0001-35;SEDESE;1481;SECRETARIA DE ESTADO DE DESENVOLVIMENTO SOCIAL;42;AUXILIOS;1;AUXILIOS;10;RECURSOS ORDINARIOS;0,0;0,0;0,0
9195533;159;2018-07-06 00:00:00;PM CAPETINGA;17.894.031/0001-36;SEDESE;1481;SECRETARIA DE ESTADO DE DESENVOLVIMENTO SOCIAL;42;AUXILIOS;1;AUXILIOS;10;RECURSOS ORDINARIOS;0,0;0,0;0,0
9195534;152;2018-07-06 00:00:00;PM SAO SEBASTIAO DO PARAISO;18.241.349/0001-80;SEDESE;1481;SECRETARIA DE ESTADO DE DESENVOLVIMENTO SOCIAL;42;AUXILIOS;1;AUXILIOS;10;RECURSOS ORDINARIOS;0,0;0,0;0,0
9195537;157;2018-07-06 00:00:00;PM INDIANOPOLIS;18.259.390/0001-84;SEDESE;1481;SECRETARIA DE ESTADO DE DESENVOLVIMENTO SOCIAL;42;AUXILIOS;1;AUXILIOS;10;RECURSOS ORDINARIOS;0,0;0,0;0,0
9195539;73;2019-07-16 00:00:00;PM CENTRALINA;18.260.497/0001-42;SEGOV;1491;SECRETARIA DE ESTADO DE GOVERNO;42;AUXILIOS;1;AUXILIOS;10;RECURSOS ORDINARIOS;0,0;0,0;0,0
9195540;149;2018-07-06 00:00:00;PM ITURAMA;18.457.242/0001-74;SEDESE;1481;SECRETARIA DE ESTADO DE DESENVOLVIMENTO SOCIAL;42;AUXILIOS;1;AUXILIOS;10;RECURSOS ORDINARIOS;0,0;0,0;0,0
9195542;150;2018-07-06 00:00:00;PM MONTE CARMELO;18.593.103/0001-78;SEDESE;1481;SECRETARIA DE ESTADO DE DESENVOLVIMENTO SOCIAL;42;AUXILIOS;1;AUXILIOS;10;RECURSOS ORDINARIOS;0,0;0,0;0,0
9195543;160;2018-07-06 00:00:00;PM PERDIZES;18.140.772/0001-94;SEDESE;1481;SECRETARIA DE ESTADO DE DESENVOLVIMENTO SOCIAL;42;AUXILIOS;1;AUXILIOS;10;RECURSOS ORDINARIOS;0,0;0,0;0,0
9195551;147;2018-07-06 00:00:00;PM AREADO;18.243.246/0001-50;SEDESE;1481;SECRETARIA DE ESTADO DE DESENVOLVIMENTO SOCIAL;42;AUXILIOS;1;AUXILIOS;10;RECURSOS ORDINARIOS;0,0;0,0;0,0
9195552;146;2018-07-06 00:00:00;PM VARGEM BONITA;16.788.309/0001-28;SEDESE;1481;SECRETARIA DE ESTADO DE DESENVOLVIMENTO SOCIAL;42;AUXILIOS;1;AUXILIOS;10;RECURSOS ORDINARIOS;0,0;0,0;0,0
9195553;142;2018-07-06 00:00:00;PM SETE LAGOAS;24.996.969/0001-22;SEDESE;1481;SECRETARIA DE ESTADO DE DESENVOLVIMENTO SOCIAL;42;AUXILIOS;1;AUXILIOS;10;RECURSOS ORDINARIOS;0,0;0,0;0,0
9195556;165;2018-07-06 00:00:00;PM DELTA;01.020.881/0001-75;SEDESE;1481;SECRETARIA DE ESTADO DE DESENVOLVIMENTO SOCIAL;42;AUXILIOS;1;AUXILIOS;10;RECURSOS ORDINARIOS;0,0;0,0;0,0
9220011;80;2020-12-18 00:00:00;PM PASSOS;18.241.745/0001-08;UEMG;2351;UNIVERSIDADE DO ESTADO DE MINAS GERAIS;41;CONTRIBUICOES;1;CONTRIBUICOES;10;RECURSOS ORDINARIOS;0,0;0,0;0,0
9220469;272;2019-09-05 00:00:00;PM RIO NOVO;18.338.244/0001-44;SEGOV;1491;SECRETARIA DE ESTADO DE GOVERNO;42;AUXILIOS;1;AUXILIOS;10;RECURSOS ORDINARIOS;0,0;0,0;0,0
9220578;280;2019-09-10 00:00:00;PM CATAS ALTAS DA NORUEGA;19.718.378/0001-53;SEGOV;1491;SECRETARIA DE ESTADO DE GOVERNO;42;AUXILIOS;1;AUXILIOS;10;RECURSOS ORDINARIOS;0,0;0,0;0,0
9220586;343;2019-09-10 00:00:00;PM UBERLANDIA;18.431.312/0001-15;SEGOV;1491;SECRETARIA DE ESTADO DE GOVERNO;42;AUXILIOS;1;AUXILIOS;10;RECURSOS ORDINARIOS;60000,0;0,0;60000,0
9220628;37;2019-09-10 00:00:00;CENTRO DE ASSISTENCIA SOCIAL EDIFICANDO;00.113.843/0001-02;SEGOV;1491;SECRETARIA DE ESTADO DE GOVERNO;42;AUXILIOS;1;AUXILIOS;10;RECURSOS ORDINARIOS;0,0;0,0;0,0
9220744;51;2019-09-13 00:00:00;INSTITUO SER FELIZ;18.261.867/0001-66;SEGOV;1491;SECRETARIA DE ESTADO DE GOVERNO;42;AUXILIOS;1;AUXILIOS;10;RECURSOS ORDINARIOS;0,0;0,0;0,0
9220745;359;2019-09-13 00:00:00;PM ALEM PARAIBA;17.709.197/0001-35;SEGOV;1491;SECRETARIA DE ESTADO DE GOVERNO;42;AUXILIOS;1;AUXILIOS;10;RECURSOS ORDINARIOS;0,0;130000,0;0,0
9221351;696;2019-11-13 00:00:00;PM OLARIA;18.338.202/0001-03;SEINFRA;1301;SECRETARIA DE ESTADO DE INFRAESTRUTURA E MOBILIDADE;42;AUXILIOS;1;AUXILIOS;10;RECURSOS ORDINARIOS;0,0;18000,0;0,0
9222597;367;2019-10-02 00:00:00;PM NOVO CRUZEIRO;18.404.889/0001-38;SEGOV;1491;SECRETARIA DE ESTADO DE GOVERNO;42;AUXILIOS;1;AUXILIOS;10;RECURSOS ORDINARIOS;125000,0;0,0;125000,0
9222668;376;2019-10-04 00:00:00;PM NOVA MODICA;18.404.939/0001-87;SEGOV;1491;SECRETARIA DE ESTADO DE GOVERNO;42;AUXILIOS;1;AUXILIOS;10;RECURSOS ORDINARIOS;250000,0;0,0;250000,0
9222675;384;2019-10-07 00:00:00;PM TAPIRA;18.140.806/0001-40;SEGOV;1491;SECRETARIA DE ESTADO DE GOVERNO;42;AUXILIOS;1;AUXILIOS;10;RECURSOS ORDINARIOS;0,0;0,0;0,0
9222864;423;2019-10-10 00:00:00;PM RIO MANSO;18.363.978/0001-83;SEGOV;1491;SECRETARIA DE ESTADO DE GOVERNO;42;AUXILIOS;1;AUXILIOS;10;RECURSOS ORDINARIOS;16666,67;0,0;16666,67
9222986;716;2019-11-14 00:00:00;PM MIRABELA;18.017.376/0001-74;SEINFRA;1301;SECRETARIA DE ESTADO DE INFRAESTRUTURA E MOBILIDADE;42;AUXILIOS;1;AUXILIOS;10;RECURSOS ORDINARIOS;0,0;42000,0;0,0
9223069;677;2019-11-08 00:00:00;PM SETE LAGOAS;24.996.969/0001-22;SEINFRA;1301;SECRETARIA DE ESTADO DE INFRAESTRUTURA E MOBILIDADE;42;AUXILIOS;1;AUXILIOS;10;RECURSOS ORDINARIOS;0,0;0,0;0,0
9234377;151;2019-12-06 00:00:00;PM AGUAS FORMOSAS;18.404.749/0001-60;SEDESE;1481;SECRETARIA DE ESTADO DE DESENVOLVIMENTO SOCIAL;41;CONTRIBUICOES;1;CONTRIBUICOES;38;TRANSFERENCIAS DE RECURSOS DA UNIAO VINCULADOS AO ESPORTE;0,0;0,0;0,0
9234438;153;2019-12-06 00:00:00;PM SERRA DOS AIMORES;18.398.966/0001-94;SEDESE;1481;SECRETARIA DE ESTADO DE DESENVOLVIMENTO SOCIAL;41;CONTRIBUICOES;1;CONTRIBUICOES;38;TRANSFERENCIAS DE RECURSOS DA UNIAO VINCULADOS AO ESPORTE;0,0;0,0;0,0
9234489;154;2019-12-06 00:00:00;PM CAMPANARIO;18.404.905/0001-92;SEDESE;1481;SECRETARIA DE ESTADO DE DESENVOLVIMENTO SOCIAL;41;CONTRIBUICOES;1;CONTRIBUICOES;38;TRANSFERENCIAS DE RECURSOS DA UNIAO VINCULADOS AO ESPORTE;15813,42;0,0;15813,42
9234627;183;2019-12-06 00:00:00;PM OURO VERDE DE MINAS;18.404.947/0001-23;SEDESE;1481;SECRETARIA DE ESTADO DE DESENVOLVIMENTO SOCIAL;41;CONTRIBUICOES;1;CONTRIBUICOES;38;TRANSFERENCIAS DE RECURSOS DA UNIAO VINCULADOS AO ESPORTE;15813,42;0,0;15813,42
9234685;184;2019-12-06 00:00:00;PM MACHACALIS;18.404.921/0001-85;SEDESE;1481;SECRETARIA DE ESTADO DE DESENVOLVIMENTO SOCIAL;41;CONTRIBUICOES;1;CONTRIBUICOES;38;TRANSFERENCIAS DE RECURSOS DA UNIAO VINCULADOS AO ESPORTE;15813,42;0,0;15813,42
9234825;159;2019-12-06 00:00:00;PM CARLOS CHAGAS;18.477.315/0001-90;SEDESE;1481;SECRETARIA DE ESTADO DE DESENVOLVIMENTO SOCIAL;41;CONTRIBUICOES;1;CONTRIBUICOES;38;TRANSFERENCIAS DE RECURSOS DA UNIAO VINCULADOS AO ESPORTE;0,0;0,0;0,0
9234908;160;2019-12-06 00:00:00;PM BERTOPOLIS;18.404.897/0001-84;SEDESE;1481;SECRETARIA DE ESTADO DE DESENVOLVIMENTO SOCIAL;41;CONTRIBUICOES;1;CONTRIBUICOES;38;TRANSFERENCIAS DE RECURSOS DA UNIAO VINCULADOS AO ESPORTE;0,0;0,0;0,0
9234935;163;2019-12-06 00:00:00;PM PADRE PARAISO;18.404.764/0001-08;SEDESE;1481;SECRETARIA DE ESTADO DE DESENVOLVIMENTO SOCIAL;41;CONTRIBUICOES;1;CONTRIBUICOES;38;TRANSFERENCIAS DE RECURSOS DA UNIAO VINCULADOS AO ESPORTE;0,0;0,0;0,0
9234936;166;2019-12-06 00:00:00;PM FRANCISCOPOLIS;01.613.394/0001-16;SEDESE;1481;SECRETARIA DE ESTADO DE DESENVOLVIMENTO SOCIAL;41;CONTRIBUICOES;1;CONTRIBUICOES;38;TRANSFERENCIAS DE RECURSOS DA UNIAO VINCULADOS AO ESPORTE;15813,42;0,0;15813,42
9234937;167;2019-12-06 00:00:00;PM TEOFILO OTONI;18.404.780/0001-09;SEDESE;1481;SECRETARIA DE ESTADO DE DESENVOLVIMENTO SOCIAL;41;CONTRIBUICOES;1;CONTRIBUICOES;38;TRANSFERENCIAS DE RECURSOS DA UNIAO VINCULADOS AO ESPORTE;0,0;0,0;0,0
9234938;171;2019-12-06 00:00:00;PM ATALEIA;16.971.376/0001-83;SEDESE;1481;SECRETARIA DE ESTADO DE DESENVOLVIMENTO SOCIAL;41;CONTRIBUICOES;1;CONTRIBUICOES;38;TRANSFERENCIAS DE RECURSOS DA UNIAO VINCULADOS AO ESPORTE;0,0;0,0;0,0
9234941;172;2019-12-06 00:00:00;PM SANTA HELENA DE MINAS;01.613.395/0001-60;SEDESE;1481;SECRETARIA DE ESTADO DE DESENVOLVIMENTO SOCIAL;41;CONTRIBUICOES;1;CONTRIBUICOES;38;TRANSFERENCIAS DE RECURSOS DA UNIAO VINCULADOS AO ESPORTE;15813,42;0,0;15813,42
9234943;177;2019-12-06 00:00:00;PM CATUGI;26.218.636/0001-06;SEDESE;1481;SECRETARIA DE ESTADO DE DESENVOLVIMENTO SOCIAL;41;CONTRIBUICOES;1;CONTRIBUICOES;38;TRANSFERENCIAS DE RECURSOS DA UNIAO VINCULADOS AO ESPORTE;15813,42;0,0;15813,42
9234945;178;2019-12-06 00:00:00;PM POTE;18.404.970/0001-18;SEDESE;1481;SECRETARIA DE ESTADO DE DESENVOLVIMENTO SOCIAL;41;CONTRIBUICOES;1;CONTRIBUICOES;38;TRANSFERENCIAS DE RECURSOS DA UNIAO VINCULADOS AO ESPORTE;0,0;0,0;0,0
9234946;162;2019-12-06 00:00:00;PM NOVO CRUZEIRO;18.404.889/0001-38;SEDESE;1481;SECRETARIA DE ESTADO DE DESENVOLVIMENTO SOCIAL;41;CONTRIBUICOES;1;CONTRIBUICOES;38;TRANSFERENCIAS DE RECURSOS DA UNIAO VINCULADOS AO ESPORTE;15813,42;0,0;15813,42
9234947;168;2019-12-06 00:00:00;PM ITAMBACURI;18.404.855/0001-43;SEDESE;1481;SECRETARIA DE ESTADO DE DESENVOLVIMENTO SOCIAL;41;CONTRIBUICOES;1;CONTRIBUICOES;38;TRANSFERENCIAS DE RECURSOS DA UNIAO VINCULADOS AO ESPORTE;15813,42;0,0;15813,42
9234948;164;2019-12-06 00:00:00;PM SAO SEBASTIAO DO MARANHAO;18.409.177/0001-01;SEDESE;1481;SECRETARIA DE ESTADO DE DESENVOLVIMENTO SOCIAL;41;CONTRIBUICOES;1;CONTRIBUICOES;38;TRANSFERENCIAS DE RECURSOS DA UNIAO VINCULADOS AO ESPORTE;0,0;0,0;0,0
9235007;2;2019-12-06 00:00:00;COMUNIDADE MISSIONARIA DE VILA REGIA;25.457.946/0005-36;FIA;4091;FUNDO PARA A INFANCIA E A ADOLESCENCIA;43;SUBVENCOES SOCIAIS;1;SUBVENCOES SOCIAIS;45;DOACOES DE PESSOAS, DE INSTITUICOES PRIVADAS OU DO EXTERIOR A ORGAO E ENTIDADES DO ESTADO;0,0;0,0;0,0
9235008;181;2019-12-06 00:00:00;PM MALACACHETA;18.404.871/0001-36;SEDESE;1481;SECRETARIA DE ESTADO DE DESENVOLVIMENTO SOCIAL;41;CONTRIBUICOES;1;CONTRIBUICOES;38;TRANSFERENCIAS DE RECURSOS DA UNIAO VINCULADOS AO ESPORTE;0,0;0,0;0,0
9235021;180;2019-12-06 00:00:00;PM SETUBINHA;01.613.375/0001-90;SEDESE;1481;SECRETARIA DE ESTADO DE DESENVOLVIMENTO SOCIAL;41;CONTRIBUICOES;1;CONTRIBUICOES;38;TRANSFERENCIAS DE RECURSOS DA UNIAO VINCULADOS AO ESPORTE;15813,42;0,0;0,0
9237850;552;2019-12-13 00:00:00;PM MONTE FORMOSO;01.615.007/0001-80;SEGOV;1491;SECRETARIA DE ESTADO DE GOVERNO;42;AUXILIOS;1;AUXILIOS;10;RECURSOS ORDINARIOS;0,0;90000,0;0,0
9238266;217;2019-12-27 00:00:00;PM FREI GASPAR;18.404.913/0001-39;SEDESE;1481;SECRETARIA DE ESTADO DE DESENVOLVIMENTO SOCIAL;41;CONTRIBUICOES;1;CONTRIBUICOES;38;TRANSFERENCIAS DE RECURSOS DA UNIAO VINCULADOS AO ESPORTE;0,0;0,0;0,0
9240735;60;2019-12-27 00:00:00;CARITAS BRASILEIRA;33.654.419/0008-92;SEDESE;1481;SECRETARIA DE ESTADO DE DESENVOLVIMENTO SOCIAL;43;SUBVENCOES SOCIAIS;1;SUBVENCOES SOCIAIS;10;RECURSOS ORDINARIOS;0,0;0,0;0,0
9240949;302;2019-12-27 00:00:00;APAE DE GUIMARANIA;00.305.936/0001-20;SEGOV;1491;SECRETARIA DE ESTADO DE GOVERNO;42;AUXILIOS;1;AUXILIOS;10;RECURSOS ORDINARIOS;0,0;0,0;0,0
9241023;609;2019-12-30 00:00:00;PM AGUAS VERMELHAS;18.414.581/0001-73;SEGOV;1491;SECRETARIA DE ESTADO DE GOVERNO;42;AUXILIOS;1;AUXILIOS;10;RECURSOS ORDINARIOS;0,0;89093,34;0,0
9241028;6498;2019-12-30 00:00:00;PM RIBEIRAO DAS NEVES;18.314.609/0001-09;SEE;1261;SECRETARIA DE ESTADO DE EDUCACAO;41;CONTRIBUICOES;1;CONTRIBUICOES;10;RECURSOS ORDINARIOS;0,0;0,0;0,0
9245735;59;2021-08-02 00:00:00;APAC DE BELO HORIZONTE;26.145.510/0001-40;SEJUSP;1451;SECRETARIA DE ESTADO DE JUSTICA E SEGURANCA PUBLICA;43;SUBVENCOES SOCIAIS;1;SUBVENCOES SOCIAIS;27;TAXA DE SEGURANCA PUBLICA;0,0;1683790,24;0,0
9251212;373;2020-06-25 00:00:00;PM PATROCINIO;18.468.033/0001-26;SEGOV;1491;SECRETARIA DE ESTADO DE GOVERNO;42;AUXILIOS;1;AUXILIOS;48;ALIENACAO DE BENS DO TESOURO ESTADUAL;0,0;0,0;0,0
9251643;3480;2020-07-01 00:00:00;PM UBAI;18.017.459/0001-63;SEE;1261;SECRETARIA DE ESTADO DE EDUCACAO;42;AUXILIOS;1;AUXILIOS;21;COTA ESTADUAL DO SALARIO EDUCACAO - QESE;0,0;500000,0;0,0
9251678;3481;2020-07-01 00:00:00;PM VARZEA DA PALMA;18.279.059/0001-26;SEE;1261;SECRETARIA DE ESTADO DE EDUCACAO;42;AUXILIOS;1;AUXILIOS;21;COTA ESTADUAL DO SALARIO EDUCACAO - QESE;0,0;0,0;0,0
9259504;549;2020-07-28 00:00:00;PM POUSO ALEGRE;18.675.983/0001-21;SEGOV;1491;SECRETARIA DE ESTADO DE GOVERNO;42;AUXILIOS;1;AUXILIOS;48;ALIENACAO DE BENS DO TESOURO ESTADUAL;0,0;0,0;0,0
9261012;594;2020-08-12 00:00:00;PM IGUATAMA;18.306.688/0001-06;SEGOV;1491;SECRETARIA DE ESTADO DE GOVERNO;42;AUXILIOS;1;AUXILIOS;10;RECURSOS ORDINARIOS;0,0;0,0;0,0
9261015;598;2020-08-12 00:00:00;PM CLARAVAL;17.894.056/0001-30;SEGOV;1491;SECRETARIA DE ESTADO DE GOVERNO;42;AUXILIOS;1;AUXILIOS;10;RECURSOS ORDINARIOS;0,0;0,0;0,0
9261119;632;2020-08-14 00:00:00;PM PEDRINOPOLIS;18.140.335/0001-70;SEGOV;1491;SECRETARIA DE ESTADO DE GOVERNO;42;AUXILIOS;1;AUXILIOS;10;RECURSOS ORDINARIOS;0,0;215000,0;0,0
9261132;625;2020-08-14 00:00:00;PM VICOSA;18.132.449/0001-79;SEGOV;1491;SECRETARIA DE ESTADO DE GOVERNO;42;AUXILIOS;1;AUXILIOS;10;RECURSOS ORDINARIOS;0,0;0,0;0,0
9261623;86;2021-10-26 00:00:00;APAC ITABIRITO;07.329.062/0001-90;SEJUSP;1451;SECRETARIA DE ESTADO DE JUSTICA E SEGURANCA PUBLICA;43;SUBVENCOES SOCIAIS;1;SUBVENCOES SOCIAIS;27;TAXA DE SEGURANCA PUBLICA;0,0;412651,0;0,0
9264991;114;2021-12-30 00:00:00;APAC BETIM;12.267.378/0001-35;SEJUSP;1451;SECRETARIA DE ESTADO DE JUSTICA E SEGURANCA PUBLICA;43;SUBVENCOES SOCIAIS;1;SUBVENCOES SOCIAIS;10;RECURSOS ORDINARIOS;0,0;0,0;0,0
9265473;44;2021-05-10 00:00:00;INSTITUTO DH:PROMOCAO, PESQUISA E INTERVENCAO EM DIREITOS HUMANOS E CI;09.583.515/0001-36;SEDESE;1481;SECRETARIA DE ESTADO DE DESENVOLVIMENTO SOCIAL;43;SUBVENCOES SOCIAIS;1;SUBVENCOES SOCIAIS;10;RECURSOS ORDINARIOS;0,0;411749,83;0,0
9265473;84;2021-12-21 00:00:00;INSTITUTO DH:PROMOCAO, PESQUISA E INTERVENCAO EM DIREITOS HUMANOS E CI;09.583.515/0001-36;SEDESE;1481;SECRETARIA DE ESTADO DE DESENVOLVIMENTO SOCIAL;43;SUBVENCOES SOCIAIS;1;SUBVENCOES SOCIAIS;24;CONVENIOS, ACORDOS E AJUSTES PROVENIENTES DA UNIAO E SUAS ENTIDADES;0,0;401165,0;0,0
9265473;90;2021-12-29 00:00:00;INSTITUTO DH:PROMOCAO, PESQUISA E INTERVENCAO EM DIREITOS HUMANOS E CI;09.583.515/0001-36;SEDESE;1481;SECRETARIA DE ESTADO DE DESENVOLVIMENTO SOCIAL;42;AUXILIOS;1;AUXILIOS;24;CONVENIOS, ACORDOS E AJUSTES PROVENIENTES DA UNIAO E SUAS ENTIDADES;0,0;98835,0;0,0
9270028;220;2020-12-30 00:00:00;CONSORCIO INTERMUNICIPAL DE INFRAESTRUTURA DOS MUNICIPIOS DA AMAJE;22.835.076/0001-70;SEAPA;1231;SECRETARIA DE ESTADO DE AGRICULTURA, PECUARIA E ABASTECIMENTO - SEAPA;41;CONTRIBUICOES;1;CONTRIBUICOES;10;RECURSOS ORDINARIOS;0,0;862057,57;0,0
9275473;61;2021-08-31 00:00:00;INSTITUTO DH:PROMOCAO, PESQUISA E INTERVENCAO EM DIREITOS HUMANOS E CI;09.583.515/0001-36;SEDESE;1481;SECRETARIA DE ESTADO DE DESENVOLVIMENTO SOCIAL;43;SUBVENCOES SOCIAIS;1;SUBVENCOES SOCIAIS;10;RECURSOS ORDINARIOS;0,0;0,5;0,0
9286930;1693;2021-07-20 00:00:00;PM SOLEDADE DE MINAS;18.188.235/0001-14;SEGOV;1491;SECRETARIA DE ESTADO DE GOVERNO;42;AUXILIOS;1;AUXILIOS;10;RECURSOS ORDINARIOS;0,0;50000,0;0,0
9287694;1727;2021-07-28 00:00:00;PM SACRAMENTO;18.140.764/0001-48;SEGOV;1491;SECRETARIA DE ESTADO DE GOVERNO;42;AUXILIOS;1;AUXILIOS;10;RECURSOS ORDINARIOS;0,0;0,0;0,0
9287853;362;2021-12-30 00:00:00;ASSOCIACAO COMUNITARIA LAGOA DOS ANJICOS;00.510.857/0001-51;SEAPA;1231;SECRETARIA DE ESTADO DE AGRICULTURA, PECUARIA E ABASTECIMENTO - SEAPA;41;CONTRIBUICOES;1;CONTRIBUICOES;10;RECURSOS ORDINARIOS;0,0;0,0;0,0
9287854;360;2021-12-30 00:00:00;ASS. DESENV. COMUN. RURAL PEQ. PROD. DE RIO PARDINHO;01.786.059/0001-10;SEAPA;1231;SECRETARIA DE ESTADO DE AGRICULTURA, PECUARIA E ABASTECIMENTO - SEAPA;41;CONTRIBUICOES;1;CONTRIBUICOES;10;RECURSOS ORDINARIOS;0,0;0,0;0,0
9287865;361;2021-12-30 00:00:00;ASSOCIACAO DOS PEQUENOS PRODUTORES DE PORTEIRAS;25.229.337/0001-04;SEAPA;1231;SECRETARIA DE ESTADO DE AGRICULTURA, PECUARIA E ABASTECIMENTO - SEAPA;41;CONTRIBUICOES;1;CONTRIBUICOES;10;RECURSOS ORDINARIOS;0,0;0,0;0,0
9294500;369;2021-10-27 00:00:00;ASSOCIACAO DE PAIS E AMIGOS DOS EXCEPCIONAIS-APAE;22.737.464/0001-18;SEDESE;1481;SECRETARIA DE ESTADO DE DESENVOLVIMENTO SOCIAL;43;SUBVENCOES SOCIAIS;1;SUBVENCOES SOCIAIS;10;RECURSOS ORDINARIOS;0,0;0,0;0,0
9294635;288;2021-10-20 00:00:00;PM SERRANOPOLIS DE MINAS;01.612.501/0001-91;SEINFRA;1301;SECRETARIA DE ESTADO DE INFRAESTRUTURA E MOBILIDADE;42;AUXILIOS;1;AUXILIOS;10;RECURSOS ORDINARIOS;0,0;200000,0;0,0
9301439;3809;2021-11-22 00:00:00;ASSOCIACAO CENTRO DE EDUCACAO TECNOLOGICA DO ESTADO DA BAHIA;02.663.026/0001-45;SEE;1261;SECRETARIA DE ESTADO DE EDUCACAO;39;OUTROS SERVICOS DE TERCEIROS - PESSOA JURIDICA;92;CONTRATO DE GESTAO COM ORGANIZACAO SOCIAL - OS;23;FUNDO DE MANUTENCAO E DESENVOLVIMENTO DA EDUCACAO BASICA - FUNDEB;0,0;0,0;0,0
9301441;3810;2021-11-22 00:00:00;ASSOCIACAO CENTRO DE EDUCACAO TECNOLOGICA DO ESTADO DA BAHIA;02.663.026/0001-45;SEE;1261;SECRETARIA DE ESTADO DE EDUCACAO;39;OUTROS SERVICOS DE TERCEIROS - PESSOA JURIDICA;92;CONTRATO DE GESTAO COM ORGANIZACAO SOCIAL - OS;23;FUNDO DE MANUTENCAO E DESENVOLVIMENTO DA EDUCACAO BASICA - FUNDEB;0,0;0,0;0,0
9301442;3321;2021-11-22 00:00:00;ASSOCIACAO CENTRO DE EDUCACAO TECNOLOGICA DO ESTADO DA BAHIA;02.663.026/0001-45;SEE;1261;SECRETARIA DE ESTADO DE EDUCACAO;39;OUTROS SERVICOS DE TERCEIROS - PESSOA JURIDICA;92;CONTRATO DE GESTAO COM ORGANIZACAO SOCIAL - OS;23;FUNDO DE MANUTENCAO E DESENVOLVIMENTO DA EDUCACAO BASICA - FUNDEB;0,0;0,0;0,0
9309064;3012;2021-11-11 00:00:00;PM SANTA CRUZ DO ESCALVADO;18.316.273/0001-05;SEGOV;1491;SECRETARIA DE ESTADO DE GOVERNO;42;AUXILIOS;1;AUXILIOS;10;RECURSOS ORDINARIOS;0,0;50000,0;0,0
9309965;3016;2021-11-12 00:00:00;PM JUATUBA;64.487.614/0001-22;SEGOV;1491;SECRETARIA DE ESTADO DE GOVERNO;42;AUXILIOS;1;AUXILIOS;10;RECURSOS ORDINARIOS;0,0;0,0;0,0
9314525;3025;2021-11-25 00:00:00;PM SANTANA DOS MONTES;19.718.394/0001-46;SEGOV;1491;SECRETARIA DE ESTADO DE GOVERNO;42;AUXILIOS;1;AUXILIOS;10;RECURSOS ORDINARIOS;0,0;300000,0;0,0
9314571;3023;2021-11-24 00:00:00;PM SENADOR CORTES;17.724.576/0001-02;SEGOV;1491;SECRETARIA DE ESTADO DE GOVERNO;42;AUXILIOS;1;AUXILIOS;10;RECURSOS ORDINARIOS;110000,0;0,0;110000,0
9314596;284;2021-11-25 00:00:00;PM IBIRACATU;01.612.477/0001-90;SEDESE;1481;SECRETARIA DE ESTADO DE DESENVOLVIMENTO SOCIAL;41;CONTRIBUICOES;1;CONTRIBUICOES;38;TRANSFERENCIAS DE RECURSOS DA UNIAO VINCULADOS AO ESPORTE;0,0;145624,84;0,0
9314858;303;2021-12-07 00:00:00;PM ANGELANDIA;01.113.937/0001-36;SEDESE;1481;SECRETARIA DE ESTADO DE DESENVOLVIMENTO SOCIAL;41;CONTRIBUICOES;1;CONTRIBUICOES;38;TRANSFERENCIAS DE RECURSOS DA UNIAO VINCULADOS AO ESPORTE;0,0;145624,84;0,0
9314865;287;2021-12-01 00:00:00;PM TIMOTEO;19.875.020/0001-34;SEDESE;1481;SECRETARIA DE ESTADO DE DESENVOLVIMENTO SOCIAL;41;CONTRIBUICOES;1;CONTRIBUICOES;38;TRANSFERENCIAS DE RECURSOS DA UNIAO VINCULADOS AO ESPORTE;0,0;52400,0;0,0
9314868;307;2021-12-07 00:00:00;PM FREI LAGONEGRO;01.615.008/0001-25;SEDESE;1481;SECRETARIA DE ESTADO DE DESENVOLVIMENTO SOCIAL;41;CONTRIBUICOES;1;CONTRIBUICOES;38;TRANSFERENCIAS DE RECURSOS DA UNIAO VINCULADOS AO ESPORTE;0,0;145624,84;0,0
9315221;308;2021-12-17 00:00:00;ASSOCIACAO COMUNITARIA RURAL DE CORRENTINHO;12.095.784/0001-68;SEAPA;1231;SECRETARIA DE ESTADO DE AGRICULTURA, PECUARIA E ABASTECIMENTO - SEAPA;41;CONTRIBUICOES;1;CONTRIBUICOES;10;RECURSOS ORDINARIOS;0,0;0,0;0,0
9315243;456;2021-12-14 00:00:00;PM CAPITAO ENEAS;18.017.426/0001-13;SEDESE;1481;SECRETARIA DE ESTADO DE DESENVOLVIMENTO SOCIAL;42;AUXILIOS;1;AUXILIOS;10;RECURSOS ORDINARIOS;0,0;50000,0;0,0
9315521;71;2021-12-07 00:00:00;LAR SAO VICENTE DE PAULO - LSVP;01.738.830/0002-64;SEGOV;1491;SECRETARIA DE ESTADO DE GOVERNO;42;AUXILIOS;1;AUXILIOS;10;RECURSOS ORDINARIOS;0,0;0,0;0,0
9315598;488;2021-12-22 00:00:00;COMUNIDADE DE JESUS;19.015.833/0001-54;SEDESE;1481;SECRETARIA DE ESTADO DE DESENVOLVIMENTO SOCIAL;42;AUXILIOS;1;AUXILIOS;10;RECURSOS ORDINARIOS;0,0;0,0;0,0
9315908;3033;2021-12-13 00:00:00;PM PEDRA DOURADA;18.114.215/0001-07;SEGOV;1491;SECRETARIA DE ESTADO DE GOVERNO;42;AUXILIOS;1;AUXILIOS;10;RECURSOS ORDINARIOS;0,0;0,0;0,0
9316023;3043;2021-12-13 00:00:00;PM PIEDADE DE CARATINGA;01.613.130/0001-62;SEGOV;1491;SECRETARIA DE ESTADO DE GOVERNO;42;AUXILIOS;1;AUXILIOS;10;RECURSOS ORDINARIOS;0,0;0,0;0,0
9317027;3045;2021-12-14 00:00:00;PM JOSE GONCALVES DE MINAS;01.613.372/0001-56;SEGOV;1491;SECRETARIA DE ESTADO DE GOVERNO;42;AUXILIOS;1;AUXILIOS;10;RECURSOS ORDINARIOS;212678,64;0,0;212678,64
9317316;2617;2021-12-28 00:00:00;PM CAMPINA VERDE;18.457.291/0001-07;SEE;1261;SECRETARIA DE ESTADO DE EDUCACAO;42;AUXILIOS;1;AUXILIOS;10;RECURSOS ORDINARIOS;0,0;1030000,0;0,0
9317317;3611;2021-12-20 00:00:00;PM SANTO ANTONIO DO MONTE;16.870.974/0001-66;SEE;1261;SECRETARIA DE ESTADO DE EDUCACAO;42;AUXILIOS;1;AUXILIOS;23;FUNDO DE MANUTENCAO E DESENVOLVIMENTO DA EDUCACAO BASICA - FUNDEB;0,0;3174557,97;0,0
9317318;2689;2021-12-28 00:00:00;PM MONSENHOR PAULO;22.541.874/0001-99;SEE;1261;SECRETARIA DE ESTADO DE EDUCACAO;42;AUXILIOS;1;AUXILIOS;10;RECURSOS ORDINARIOS;0,0;665056,01;0,0
9317402;3052;2021-12-20 00:00:00;PM PAINEIRAS;18.296.673/0001-04;SEGOV;1491;SECRETARIA DE ESTADO DE GOVERNO;42;AUXILIOS;1;AUXILIOS;10;RECURSOS ORDINARIOS;0,0;97000,0;0,0
9317406;3056;2021-12-20 00:00:00;PM REDUTO;01.614.977/0001-61;SEGOV;1491;SECRETARIA DE ESTADO DE GOVERNO;42;AUXILIOS;1;AUXILIOS;10;RECURSOS ORDINARIOS;0,0;70545,89;0,0
9317409;3047;2021-12-20 00:00:00;PM ALAGOA;18.186.346/0001-91;SEGOV;1491;SECRETARIA DE ESTADO DE GOVERNO;42;AUXILIOS;1;AUXILIOS;10;RECURSOS ORDINARIOS;0,0;200000,0;0,0
9317411;3053;2021-12-20 00:00:00;PM CONCEICAO DO PARA;18.315.200/0001-07;SEGOV;1491;SECRETARIA DE ESTADO DE GOVERNO;42;AUXILIOS;1;AUXILIOS;10;RECURSOS ORDINARIOS;0,0;50000,0;0,0
9317416;3054;2021-12-20 00:00:00;PM PEDRINOPOLIS;18.140.335/0001-70;SEGOV;1491;SECRETARIA DE ESTADO DE GOVERNO;42;AUXILIOS;1;AUXILIOS;10;RECURSOS ORDINARIOS;235000,0;0,0;235000,0
9317518;3062;2021-12-22 00:00:00;PM PARAISOPOLIS;18.025.965/0001-02;SEGOV;1491;SECRETARIA DE ESTADO DE GOVERNO;42;AUXILIOS;1;AUXILIOS;10;RECURSOS ORDINARIOS;0,0;50000,0;0,0
9317525;3059;2021-12-22 00:00:00;PM SAO SEBASTIAO DA BELA VISTA;17.935.370/0001-13;SEGOV;1491;SECRETARIA DE ESTADO DE GOVERNO;42;AUXILIOS;1;AUXILIOS;10;RECURSOS ORDINARIOS;0,0;150000,0;0,0
9317591;489;2021-12-23 00:00:00;CENTRO DE TECNOLOGIAS ALTERNATIVAS DA ZONA DA MATA;20.323.796/0001-20;SEDESE;1481;SECRETARIA DE ESTADO DE DESENVOLVIMENTO SOCIAL;43;SUBVENCOES SOCIAIS;1;SUBVENCOES SOCIAIS;10;RECURSOS ORDINARIOS;0,0;0,0;0,0
9317609;2052;2021-12-27 00:00:00;PM CAPUTIRA;18.385.138/0001-11;SEE;1261;SECRETARIA DE ESTADO DE EDUCACAO;42;AUXILIOS;1;AUXILIOS;10;RECURSOS ORDINARIOS;0,0;939708,86;0,0
9317611;4624;2021-12-29 00:00:00;PM CLARO DOS POCOES;21.498.274/0001-22;SEE;1261;SECRETARIA DE ESTADO DE EDUCACAO;41;CONTRIBUICOES;1;CONTRIBUICOES;10;RECURSOS ORDINARIOS;0,0;2780,0;0,0
9317611;4625;2021-12-29 00:00:00;PM CLARO DOS POCOES;21.498.274/0001-22;SEE;1261;SECRETARIA DE ESTADO DE EDUCACAO;42;AUXILIOS;1;AUXILIOS;10;RECURSOS ORDINARIOS;0,0;147177,0;0,0
9317612;2698;2021-12-29 00:00:00;PM CAMPOS GERAIS;18.245.175/0001-24;SEE;1261;SECRETARIA DE ESTADO DE EDUCACAO;42;AUXILIOS;1;AUXILIOS;10;RECURSOS ORDINARIOS;0,0;399627,48;0,0
9317615;4199;2021-12-30 00:00:00;PM RIBEIRAO DAS NEVES;18.314.609/0001-09;SEE;1261;SECRETARIA DE ESTADO DE EDUCACAO;42;AUXILIOS;1;AUXILIOS;10;RECURSOS ORDINARIOS;0,0;8949809,64;0,0
9317617;441;2021-12-23 00:00:00;ASSOCIACAO DE PAIS E AMIGOS DOS EXCEPCIONAIS DE TIMOTEO;20.183.976/0001-54;SEDESE;1481;SECRETARIA DE ESTADO DE DESENVOLVIMENTO SOCIAL;43;SUBVENCOES SOCIAIS;1;SUBVENCOES SOCIAIS;38;TRANSFERENCIAS DE RECURSOS DA UNIAO VINCULADOS AO ESPORTE;0,0;52234,98;0,0
9317624;357;2021-12-23 00:00:00;PM ALFREDO VASCONCELOS;26.130.617/0001-15;SEINFRA;1301;SECRETARIA DE ESTADO DE INFRAESTRUTURA E MOBILIDADE;42;AUXILIOS;1;AUXILIOS;10;RECURSOS ORDINARIOS;0,0;200000,0;0,0
9317721;2024;2021-12-29 00:00:00;PM AGUAS VERMELHAS;18.414.581/0001-73;SEE;1261;SECRETARIA DE ESTADO DE EDUCACAO;42;AUXILIOS;1;AUXILIOS;10;RECURSOS ORDINARIOS;0,0;393004,92;0,0
9317725;1464;2021-12-29 00:00:00;PM CATAS ALTAS DA NORUEGA;19.718.378/0001-53;SEE;1261;SECRETARIA DE ESTADO DE EDUCACAO;42;AUXILIOS;1;AUXILIOS;10;RECURSOS ORDINARIOS;0,0;113271,47;0,0
9317736;2057;2021-12-30 00:00:00;PM SANTA MARGARIDA;18.385.112/0001-73;SEE;1261;SECRETARIA DE ESTADO DE EDUCACAO;42;AUXILIOS;1;AUXILIOS;10;RECURSOS ORDINARIOS;0,0;3157458,04;0,0
9317748;4081;2021-12-27 00:00:00;PM URUCUIA;25.223.850/0001-80;SEE;1261;SECRETARIA DE ESTADO DE EDUCACAO;42;AUXILIOS;1;AUXILIOS;10;RECURSOS ORDINARIOS;0,0;1550199,99;0,0
9317754;494;2021-12-27 00:00:00;APAE CAPITOLIO;04.101.613/0001-76;SEDESE;1481;SECRETARIA DE ESTADO DE DESENVOLVIMENTO SOCIAL;42;AUXILIOS;1;AUXILIOS;10;RECURSOS ORDINARIOS;0,0;0,0;0,0
9317785;497;2021-12-27 00:00:00;ASSOCIACAO DE PAIS E AMIGOS DOS EXCEPCIONAIS DE ELOI MENDES;41.885.005/0001-26;SEDESE;1481;SECRETARIA DE ESTADO DE DESENVOLVIMENTO SOCIAL;42;AUXILIOS;1;AUXILIOS;10;RECURSOS ORDINARIOS;0,0;0,0;0,0
9317845;955;2021-12-27 00:00:00;ASSOCIACAO CATADORES MATERIAL DOM JOAQUIM;20.879.928/0001-03;SEMAD;1371;SECRETARIA DE ESTADO DE MEIO AMBIENTE E DESENVOLVIMENTO SUSTENTAVEL;41;CONTRIBUICOES;1;CONTRIBUICOES;10;RECURSOS ORDINARIOS;0,0;0,0;0,0
9317846;956;2021-12-27 00:00:00;ASSOCIACAO CATADORES AUTONOMOS RECICLAGEM ITAJUBENSE;14.081.655/0001-46;SEMAD;1371;SECRETARIA DE ESTADO DE MEIO AMBIENTE E DESENVOLVIMENTO SUSTENTAVEL;41;CONTRIBUICOES;1;CONTRIBUICOES;10;RECURSOS ORDINARIOS;0,0;0,0;0,0
9317848;953;2021-12-27 00:00:00;CONSORCIO INTERMUNICIPAL DA BAIXA MOGIANA;32.308.233/0001-42;SEMAD;1371;SECRETARIA DE ESTADO DE MEIO AMBIENTE E DESENVOLVIMENTO SUSTENTAVEL;41;CONTRIBUICOES;1;CONTRIBUICOES;10;RECURSOS ORDINARIOS;0,0;100000,0;0,0
9317848;954;2021-12-27 00:00:00;CONSORCIO INTERMUNICIPAL DA BAIXA MOGIANA;32.308.233/0001-42;SEMAD;1371;SECRETARIA DE ESTADO DE MEIO AMBIENTE E DESENVOLVIMENTO SUSTENTAVEL;41;CONTRIBUICOES;1;CONTRIBUICOES;10;RECURSOS ORDINARIOS;0,0;320000,0;0,0
9317849;951;2021-12-27 00:00:00;PM CAIANA;18.114.256/0001-95;SEMAD;1371;SECRETARIA DE ESTADO DE MEIO AMBIENTE E DESENVOLVIMENTO SUSTENTAVEL;41;CONTRIBUICOES;1;CONTRIBUICOES;10;RECURSOS ORDINARIOS;0,0;150000,0;0,0
9317851;952;2021-12-27 00:00:00;SOCIEDADE UBAENSE DE PROTECAO AOS ANIMAIS;03.630.201/0001-60;SEMAD;1371;SECRETARIA DE ESTADO DE MEIO AMBIENTE E DESENVOLVIMENTO SUSTENTAVEL;41;CONTRIBUICOES;1;CONTRIBUICOES;10;RECURSOS ORDINARIOS;0,0;0,0;0,0
9317852;82;2021-12-28 00:00:00;CENTRO DE APRENDIZAGEM PRO-MENOR DE PASSOS;23.285.018/0001-82;SEGOV;1491;SECRETARIA DE ESTADO DE GOVERNO;42;AUXILIOS;1;AUXILIOS;10;RECURSOS ORDINARIOS;0,0;0,0;0,0
9317853;3066;2021-12-27 00:00:00;PM CONSOLACAO;18.025.916/0001-61;SEGOV;1491;SECRETARIA DE ESTADO DE GOVERNO;42;AUXILIOS;1;AUXILIOS;10;RECURSOS ORDINARIOS;200000,0;0,0;200000,0
9317854;3065;2021-12-27 00:00:00;PM RAPOSOS;18.312.132/0001-14;SEGOV;1491;SECRETARIA DE ESTADO DE GOVERNO;42;AUXILIOS;1;AUXILIOS;10;RECURSOS ORDINARIOS;70545,9;0,0;70545,9
9317855;3067;2021-12-27 00:00:00;PM CAREACU;17.935.388/0001-15;SEGOV;1491;SECRETARIA DE ESTADO DE GOVERNO;42;AUXILIOS;1;AUXILIOS;10;RECURSOS ORDINARIOS;97000,0;0,0;0,0
9317856;81;2021-12-27 00:00:00;ASSOCIACAO COMUNITARIA NOVAS DE PAZ;04.975.555/0001-00;SEGOV;1491;SECRETARIA DE ESTADO DE GOVERNO;42;AUXILIOS;1;AUXILIOS;10;RECURSOS ORDINARIOS;0,0;0,0;0,0
9317857;2067;2021-12-30 00:00:00;PM SANTA MARGARIDA;18.385.112/0001-73;SEE;1261;SECRETARIA DE ESTADO DE EDUCACAO;42;AUXILIOS;1;AUXILIOS;10;RECURSOS ORDINARIOS;0,0;3383890,28;0,0
9317895;2697;2021-12-29 00:00:00;PM CAMPOS GERAIS;18.245.175/0001-24;SEE;1261;SECRETARIA DE ESTADO DE EDUCACAO;42;AUXILIOS;1;AUXILIOS;10;RECURSOS ORDINARIOS;0,0;445392,09;0,0
9317997;959;2021-12-28 00:00:00;SOCIEDADE JUIZFORENSE DE PROTECAO AOS ANIMAIS E AO MEIO AMBIENTE;20.460.556/0001-78;SEMAD;1371;SECRETARIA DE ESTADO DE MEIO AMBIENTE E DESENVOLVIMENTO SUSTENTAVEL;41;CONTRIBUICOES;1;CONTRIBUICOES;10;RECURSOS ORDINARIOS;0,0;0,0;0,0
9318025;965;2021-12-28 00:00:00;PM BARBACENA;17.095.043/0001-09;SEMAD;1371;SECRETARIA DE ESTADO DE MEIO AMBIENTE E DESENVOLVIMENTO SUSTENTAVEL;41;CONTRIBUICOES;1;CONTRIBUICOES;10;RECURSOS ORDINARIOS;0,0;0,0;0,0
9318045;5918;2021-12-28 00:00:00;CONSORCIO INTERMUNICIPAL SAUDE P/GERENC.DA REDE DE URG.E EMERG. MACRO;17.813.026/0001-51;FES;4291;FUNDO ESTADUAL DE SAUDE;41;CONTRIBUICOES;1;CONTRIBUICOES;10;RECURSOS ORDINARIOS;0,0;3220305,28;0,0
9318045;5919;2021-12-28 00:00:00;CONSORCIO INTERMUNICIPAL SAUDE P/GERENC.DA REDE DE URG.E EMERG. MACRO;17.813.026/0001-51;FES;4291;FUNDO ESTADUAL DE SAUDE;42;AUXILIOS;1;AUXILIOS;10;RECURSOS ORDINARIOS;0,0;10745149,48;0,0
9318090;3068;2021-12-28 00:00:00;PM NOVA UNIAO;18.302.307/0001-02;SEGOV;1491;SECRETARIA DE ESTADO DE GOVERNO;42;AUXILIOS;1;AUXILIOS;10;RECURSOS ORDINARIOS;400000,0;0,0;400000,0
9318095;3069;2021-12-28 00:00:00;PM PERDOES;18.244.343/0001-67;SEGOV;1491;SECRETARIA DE ESTADO DE GOVERNO;42;AUXILIOS;1;AUXILIOS;10;RECURSOS ORDINARIOS;70902,18;0,0;70902,18
9318098;332;2021-12-29 00:00:00;ASSOCIACAO DOS PRODUTORES RURAIS DA COMUNIDADE BERTOLINO;12.009.917/0001-36;SEAPA;1231;SECRETARIA DE ESTADO DE AGRICULTURA, PECUARIA E ABASTECIMENTO - SEAPA;41;CONTRIBUICOES;1;CONTRIBUICOES;10;RECURSOS ORDINARIOS;0,0;0,0;0,0
9318141;4;2021-12-29 00:00:00;PM COLUNA;18.307.397/0001-24;FEI;4601;FUNDO ESTADUAL DOS DIREITOS DO IDOSO;41;CONTRIBUICOES;1;CONTRIBUICOES;45;DOACOES DE PESSOAS, DE INSTITUICOES PRIVADAS OU DO EXTERIOR A ORGAO E ENTIDADES DO ESTADO;0,0;40000,0;0,0
9318149;90;2021-12-29 00:00:00;COMVIDA - COMUNIDADE TERAPEUTICA FAZENDA VIDA NOVA;02.970.363/0001-85;SEDESE;1481;SECRETARIA DE ESTADO DE DESENVOLVIMENTO SOCIAL;43;SUBVENCOES SOCIAIS;1;SUBVENCOES SOCIAIS;10;RECURSOS ORDINARIOS;0,0;86954,0;0,0
9318218;20;2021-12-29 00:00:00;UNIVERSIDADE FEDERAL DE VICOSA;25.944.455/0001-96;SEE;1261;SECRETARIA DE ESTADO DE EDUCACAO;42;AUXILIOS;1;AUXILIOS;10;RECURSOS ORDINARIOS;0,0;0,0;0,0
9318232;975;2021-12-30 00:00:00;PM PIRANGA;23.515.687/0001-01;SEMAD;1371;SECRETARIA DE ESTADO DE MEIO AMBIENTE E DESENVOLVIMENTO SUSTENTAVEL;41;CONTRIBUICOES;1;CONTRIBUICOES;10;RECURSOS ORDINARIOS;0,0;200000,0;0,0
9318235;752;2021-12-29 00:00:00;SETE GUARDAS DE NOSSA SENHORA DO ROSARIO;20.899.142/0001-40;SECULT;1271;SECRETARIA DE ESTADO DE CULTURA E TURISMO;42;AUXILIOS;1;AUXILIOS;10;RECURSOS ORDINARIOS;0,0;347000,0;0,0
9318236;3073;2021-12-29 00:00:00;PM VAZANTE;18.278.069/0001-47;SEGOV;1491;SECRETARIA DE ESTADO DE GOVERNO;42;AUXILIOS;1;AUXILIOS;10;RECURSOS ORDINARIOS;0,0;0,0;0,0
9318237;3070;2021-12-29 00:00:00;PM SANTO ANTONIO DO RETIRO;01.612.484/0001-92;SEGOV;1491;SECRETARIA DE ESTADO DE GOVERNO;42;AUXILIOS;1;AUXILIOS;10;RECURSOS ORDINARIOS;0,0;0,0;0,0
9318238;3071;2021-12-29 00:00:00;PM CAMBUQUIRA;17.955.386/0001-98;SEGOV;1491;SECRETARIA DE ESTADO DE GOVERNO;42;AUXILIOS;1;AUXILIOS;10;RECURSOS ORDINARIOS;60000,0;0,0;60000,0
9318239;3072;2021-12-29 00:00:00;PM FRANCISCO BADARO;18.051.524/0001-77;SEGOV;1491;SECRETARIA DE ESTADO DE GOVERNO;42;AUXILIOS;1;AUXILIOS;10;RECURSOS ORDINARIOS;210000,0;0,0;210000,0
9318240;3074;2021-12-29 00:00:00;PM CARMESIA;18.303.172/0001-08;SEGOV;1491;SECRETARIA DE ESTADO DE GOVERNO;42;AUXILIOS;1;AUXILIOS;10;RECURSOS ORDINARIOS;150000,0;0,0;150000,0
9318241;3075;2021-12-29 00:00:00;PM VISCONDE DO RIO BRANCO;18.137.927/0001-33;SEGOV;1491;SECRETARIA DE ESTADO DE GOVERNO;42;AUXILIOS;1;AUXILIOS;10;RECURSOS ORDINARIOS;300000,0;0,0;300000,0
9318242;378;2021-12-30 00:00:00;PM REDUTO;01.614.977/0001-61;SEINFRA;1301;SECRETARIA DE ESTADO DE INFRAESTRUTURA E MOBILIDADE;42;AUXILIOS;1;AUXILIOS;10;RECURSOS ORDINARIOS;0,0;300000,0;0,0
9318245;377;2021-12-30 00:00:00;PM LONTRA;25.223.009/0001-92;SEINFRA;1301;SECRETARIA DE ESTADO DE INFRAESTRUTURA E MOBILIDADE;42;AUXILIOS;1;AUXILIOS;10;RECURSOS ORDINARIOS;0,0;180000,0;0,0
9318248;7;2021-12-29 00:00:00;PM ARICANDUVA;01.608.511/0001-53;FEI;4601;FUNDO ESTADUAL DOS DIREITOS DO IDOSO;41;CONTRIBUICOES;1;CONTRIBUICOES;45;DOACOES DE PESSOAS, DE INSTITUICOES PRIVADAS OU DO EXTERIOR A ORGAO E ENTIDADES DO ESTADO;0,0;40000,0;0,0
9318250;452;2021-12-29 00:00:00;ASSOCIACAO CRESCENDO COM AMOR;00.971.062/0001-40;SEDESE;1481;SECRETARIA DE ESTADO DE DESENVOLVIMENTO SOCIAL;43;SUBVENCOES SOCIAIS;1;SUBVENCOES SOCIAIS;38;TRANSFERENCIAS DE RECURSOS DA UNIAO VINCULADOS AO ESPORTE;0,0;52386,73;0,0
9318256;498;2021-12-30 00:00:00;MURIQUI INSTITUTO DE BIODIVERSIDADE;23.024.173/0001-45;IEF;2101;INSTITUTO ESTADUAL DE FLORESTAS;41;CONTRIBUICOES;1;CONTRIBUICOES;10;RECURSOS ORDINARIOS;0,0;0,0;0,0
9318354;462;2021-12-30 00:00:00;PM DIVINOPOLIS;18.291.351/0001-64;SEDESE;1481;SECRETARIA DE ESTADO DE DESENVOLVIMENTO SOCIAL;42;AUXILIOS;1;AUXILIOS;97;TRANSFERENCIAS ESPECIAIS DE RECURSOS DA UNIAO;0,0;180000,0;0,0
9318357;461;2021-12-30 00:00:00;PM DIVINOPOLIS;18.291.351/0001-64;SEDESE;1481;SECRETARIA DE ESTADO DE DESENVOLVIMENTO SOCIAL;42;AUXILIOS;1;AUXILIOS;97;TRANSFERENCIAS ESPECIAIS DE RECURSOS DA UNIAO;0,0;300000,0;0,0
9318362;525;2021-12-29 00:00:00;ASSOCIACAO COMUNITARIA SAO FRANCISCO DE ASSIS;19.072.313/0001-83;SEDESE;1481;SECRETARIA DE ESTADO DE DESENVOLVIMENTO SOCIAL;43;SUBVENCOES SOCIAIS;1;SUBVENCOES SOCIAIS;10;RECURSOS ORDINARIOS;0,0;0,0;0,0
9318364;453;2021-12-29 00:00:00;PM ITABIRINHA;17.125.444/0001-56;SEDESE;1481;SECRETARIA DE ESTADO DE DESENVOLVIMENTO SOCIAL;41;CONTRIBUICOES;1;CONTRIBUICOES;38;TRANSFERENCIAS DE RECURSOS DA UNIAO VINCULADOS AO ESPORTE;0,0;145624,84;0,0
9318366;586;2021-12-30 00:00:00;PM PINGO D'AGUA;01.613.204/0001-60;SEDESE;1481;SECRETARIA DE ESTADO DE DESENVOLVIMENTO SOCIAL;41;CONTRIBUICOES;1;CONTRIBUICOES;10;RECURSOS ORDINARIOS;0,0;0,0;0,0
9318376;463;2021-12-30 00:00:00;PM DIVINOPOLIS;18.291.351/0001-64;SEDESE;1481;SECRETARIA DE ESTADO DE DESENVOLVIMENTO SOCIAL;42;AUXILIOS;1;AUXILIOS;97;TRANSFERENCIAS ESPECIAIS DE RECURSOS DA UNIAO;0,0;200000,0;0,0
9318392;3174;2021-12-29 00:00:00;CEAMI REABILITACAO PARA A VIDA;03.744.116/0004-76;FEAS;4251;FUNDO ESTADUAL DE ASSISTENCIA SOCIAL;43;SUBVENCOES SOCIAIS;1;SUBVENCOES SOCIAIS;60;RECURSOS DIRETAMENTE ARRECADADOS;0,0;44145,2;0,0
9318392;3175;2021-12-29 00:00:00;CEAMI REABILITACAO PARA A VIDA;03.744.116/0004-76;FEAS;4251;FUNDO ESTADUAL DE ASSISTENCIA SOCIAL;42;AUXILIOS;1;AUXILIOS;60;RECURSOS DIRETAMENTE ARRECADADOS;0,0;70854,8;0,0
9318402;769;2021-12-30 00:00:00;ASSOCIACAO PRO-CULTURA E PROMOCAO DAS ARTES;70.945.209/0001-03;SECULT;1271;SECRETARIA DE ESTADO DE CULTURA E TURISMO;43;SUBVENCOES SOCIAIS;1;SUBVENCOES SOCIAIS;95;RECURSOS RECEBIDOS POR DANOS ADVINDOS DE DESASTRES SOCIOAMBIENTAIS;0,0;0,0;0,0
9318439;20;2021-12-30 00:00:00;COMPANHIA DE SANEAMENTO DE MINAS GERAIS COPASA MG;17.281.106/0001-03;SEJUSP;1451;SECRETARIA DE ESTADO DE JUSTICA E SEGURANCA PUBLICA;51;OBRAS E INSTALACOES;14;EXECUCAO DE OBRAS POR EMPRESAS CONTROLADAS;10;RECURSOS ORDINARIOS;0,0;4860841,7;0,0
9318442;3081;2021-12-30 00:00:00;PM BRAZOPOLIS;18.025.890/0001-51;SEGOV;1491;SECRETARIA DE ESTADO DE GOVERNO;42;AUXILIOS;1;AUXILIOS;10;RECURSOS ORDINARIOS;482670,0;0,0;482670,0
9318444;3083;2021-12-30 00:00:00;PM PARAISOPOLIS;18.025.965/0001-02;SEGOV;1491;SECRETARIA DE ESTADO DE GOVERNO;42;AUXILIOS;1;AUXILIOS;10;RECURSOS ORDINARIOS;400000,0;0,0;400000,0
9318447;3087;2021-12-30 00:00:00;PM IAPU;18.338.830/0001-99;SEGOV;1491;SECRETARIA DE ESTADO DE GOVERNO;42;AUXILIOS;1;AUXILIOS;10;RECURSOS ORDINARIOS;70545,9;0,0;70545,9
9318449;3079;2021-12-30 00:00:00;PM PAINS;20.920.575/0001-30;SEGOV;1491;SECRETARIA DE ESTADO DE GOVERNO;42;AUXILIOS;1;AUXILIOS;10;RECURSOS ORDINARIOS;200000,0;0,0;200000,0
9318452;91;2021-12-30 00:00:00;ASSOCIACAO PASTORAL DO POVO DE RUA;06.267.877/0001-20;SEDESE;1481;SECRETARIA DE ESTADO DE DESENVOLVIMENTO SOCIAL;42;AUXILIOS;1;AUXILIOS;10;RECURSOS ORDINARIOS;0,0;0,0;0,0
9318453;3080;2021-12-30 00:00:00;PM PERDOES;18.244.343/0001-67;SEGOV;1491;SECRETARIA DE ESTADO DE GOVERNO;42;AUXILIOS;1;AUXILIOS;10;RECURSOS ORDINARIOS;300000,0;0,0;300000,0
9318454;3089;2021-12-30 00:00:00;PM ITACARAMBI;18.283.101/0001-82;SEGOV;1491;SECRETARIA DE ESTADO DE GOVERNO;42;AUXILIOS;1;AUXILIOS;10;RECURSOS ORDINARIOS;100000,0;0,0;100000,0
9318456;3084;2021-12-30 00:00:00;PM ALMENARA;18.349.894/0001-95;SEGOV;1491;SECRETARIA DE ESTADO DE GOVERNO;42;AUXILIOS;1;AUXILIOS;10;RECURSOS ORDINARIOS;200000,0;0,0;200000,0
9318457;3085;2021-12-30 00:00:00;PM ITABIRITO;18.307.835/0001-54;SEGOV;1491;SECRETARIA DE ESTADO DE GOVERNO;42;AUXILIOS;1;AUXILIOS;10;RECURSOS ORDINARIOS;59245,16;0,0;59245,16
9318458;590;2021-12-30 00:00:00;ASSOCIACAO PASTORAL DO POVO DE RUA;06.267.877/0001-20;SEDESE;1481;SECRETARIA DE ESTADO DE DESENVOLVIMENTO SOCIAL;43;SUBVENCOES SOCIAIS;1;SUBVENCOES SOCIAIS;10;RECURSOS ORDINARIOS;0,0;0,0;0,0
9318459;3088;2021-12-30 00:00:00;PM RAUL SOARES;18.836.965/0001-84;SEGOV;1491;SECRETARIA DE ESTADO DE GOVERNO;42;AUXILIOS;1;AUXILIOS;10;RECURSOS ORDINARIOS;72000,0;0,0;72000,0
9318461;3082;2021-12-30 00:00:00;PM RIO ACIMA;18.312.108/0001-85;SEGOV;1491;SECRETARIA DE ESTADO DE GOVERNO;42;AUXILIOS;1;AUXILIOS;10;RECURSOS ORDINARIOS;0,0;0,0;0,0
9318466;3086;2021-12-30 00:00:00;PM MARIA DA FE;18.025.957/0001-58;SEGOV;1491;SECRETARIA DE ESTADO DE GOVERNO;42;AUXILIOS;1;AUXILIOS;10;RECURSOS ORDINARIOS;49750,0;0,0;49750,0
9318472;3078;2021-12-30 00:00:00;PM CORDISBURGO;18.116.137/0001-71;SEGOV;1491;SECRETARIA DE ESTADO DE GOVERNO;42;AUXILIOS;1;AUXILIOS;10;RECURSOS ORDINARIOS;130000,0;0,0;130000,0
9318474;3076;2021-12-30 00:00:00;PM FREI LAGONEGRO;01.615.008/0001-25;SEGOV;1491;SECRETARIA DE ESTADO DE GOVERNO;42;AUXILIOS;1;AUXILIOS;10;RECURSOS ORDINARIOS;215000,0;0,0;215000,0
9318475;24;2021-12-30 00:00:00;INSTITUTO CULTURAL BOA ESPERANCA;04.444.182/0001-40;SEDESE;1481;SECRETARIA DE ESTADO DE DESENVOLVIMENTO SOCIAL;43;SUBVENCOES SOCIAIS;1;SUBVENCOES SOCIAIS;71;RECURSOS DO FUNDO ESTADUAL DE ERRADICACAO DA MISERIA;2000000,0;0,0;2000000,0
9318480;3077;2021-12-30 00:00:00;PM SAO SEBASTIAO DO MARANHAO;18.409.177/0001-01;SEGOV;1491;SECRETARIA DE ESTADO DE GOVERNO;42;AUXILIOS;1;AUXILIOS;10;RECURSOS ORDINARIOS;214828,64;0,0;214828,64
9318482;777;2021-12-30 00:00:00;ASSOCIACAO CULTURAL DE CAPOEIRA ANGOLA - BHZ CONNECTION;13.184.170/0001-15;SECULT;1271;SECRETARIA DE ESTADO DE CULTURA E TURISMO;42;AUXILIOS;1;AUXILIOS;10;RECURSOS ORDINARIOS;0,0;0,0;0,0
9318483;92;2021-12-30 00:00:00;ASSOCIACAO TINA MARTINS;34.454.980/0001-14;SEDESE;1481;SECRETARIA DE ESTADO DE DESENVOLVIMENTO SOCIAL;43;SUBVENCOES SOCIAIS;1;SUBVENCOES SOCIAIS;10;RECURSOS ORDINARIOS;0,0;0,0;0,0
9318484;97;2021-12-30 00:00:00;FEDARACAO DAS ASSOCIACOES E CONSELHOS COMUNITARIOS DE MONTE AZUL;01.510.333/0001-23;SEGOV;1491;SECRETARIA DE ESTADO DE GOVERNO;42;AUXILIOS;1;AUXILIOS;10;RECURSOS ORDINARIOS;0,0;0,0;0,0
9318485;585;2021-12-30 00:00:00;APJ APRENDER PRODUZIR JUNTOS;22.057.335/0001-89;SEDESE;1481;SECRETARIA DE ESTADO DE DESENVOLVIMENTO SOCIAL;43;SUBVENCOES SOCIAIS;1;SUBVENCOES SOCIAIS;10;RECURSOS ORDINARIOS;0,0;0,0;0,0
9318488;84;2021-12-30 00:00:00;CENTRO DE EDUCACAO INFANTIL COMUNITARIO MARIA GERALDA MARTUCHELI;06.067.744/0001-00;SEGOV;1491;SECRETARIA DE ESTADO DE GOVERNO;42;AUXILIOS;1;AUXILIOS;10;RECURSOS ORDINARIOS;0,0;0,0;0,0
9318489;85;2021-12-30 00:00:00;ASSOCIACAO DE PAIS E AMIGOS DOS EXCEPCIONAIS DE LONTRA/MG;13.519.073/0001-36;SEGOV;1491;SECRETARIA DE ESTADO DE GOVERNO;42;AUXILIOS;1;AUXILIOS;10;RECURSOS ORDINARIOS;0,0;0,0;0,0
9318491;86;2021-12-30 00:00:00;AME - ASSOCIACAO MENSAGEM DE ESPERANCA - SEMEAR;07.649.631/0001-85;SEGOV;1491;SECRETARIA DE ESTADO DE GOVERNO;42;AUXILIOS;1;AUXILIOS;10;RECURSOS ORDINARIOS;0,0;0,0;0,0
9318498;2068;2021-12-30 00:00:00;PM SANTA MARGARIDA;18.385.112/0001-73;SEE;1261;SECRETARIA DE ESTADO DE EDUCACAO;42;AUXILIOS;1;AUXILIOS;10;RECURSOS ORDINARIOS;0,0;188106,49;0,0
9318513;83;2021-12-30 00:00:00;ASSOCIACAO MAO AMIGA/FORMIGA;08.202.672/0001-91;SEGOV;1491;SECRETARIA DE ESTADO DE GOVERNO;42;AUXILIOS;1;AUXILIOS;10;RECURSOS ORDINARIOS;0,0;0,0;0,0
9318522;107;2021-12-30 00:00:00;INSTITUTO DE ACOLHIMENTO CASA DO CAMINHO;29.937.767/0001-23;SEGOV;1491;SECRETARIA DE ESTADO DE GOVERNO;42;AUXILIOS;1;AUXILIOS;10;RECURSOS ORDINARIOS;0,0;0,0;0,0
9318527;4201;2021-12-30 00:00:00;PM RIBEIRAO DAS NEVES;18.314.609/0001-09;SEE;1261;SECRETARIA DE ESTADO DE EDUCACAO;42;AUXILIOS;1;AUXILIOS;10;RECURSOS ORDINARIOS;0,0;5010000,0;0,0
9318530;4202;2021-12-30 00:00:00;PM RIBEIRAO DAS NEVES;18.314.609/0001-09;SEE;1261;SECRETARIA DE ESTADO DE EDUCACAO;42;AUXILIOS;1;AUXILIOS;10;RECURSOS ORDINARIOS;0,0;6701102,03;0,0
9318531;4200;2021-12-30 00:00:00;PM RIBEIRAO DAS NEVES;18.314.609/0001-09;SEE;1261;SECRETARIA DE ESTADO DE EDUCACAO;42;AUXILIOS;1;AUXILIOS;10;RECURSOS ORDINARIOS;0,0;1822506,43;0,0
9318532;102;2021-12-30 00:00:00;COMUNIDADE TERAPEUTICA ETM;09.405.431/0001-02;SEDESE;1481;SECRETARIA DE ESTADO DE DESENVOLVIMENTO SOCIAL;43;SUBVENCOES SOCIAIS;1;SUBVENCOES SOCIAIS;10;RECURSOS ORDINARIOS;0,0;86954,0;0,0
9318535;3635;2021-12-31 00:00:00;PM ITAGUARA;18.313.015/0001-75;SEE;1261;SECRETARIA DE ESTADO DE EDUCACAO;42;AUXILIOS;1;AUXILIOS;10;RECURSOS ORDINARIOS;0,0;5000000,0;0,0
9318536;4204;2021-12-30 00:00:00;PM RIBEIRAO DAS NEVES;18.314.609/0001-09;SEE;1261;SECRETARIA DE ESTADO DE EDUCACAO;42;AUXILIOS;1;AUXILIOS;10;RECURSOS ORDINARIOS;0,0;10862092,52;0,0
9318537;464;2021-12-30 00:00:00;PM CANAA;18.132.712/0001-20;SEDESE;1481;SECRETARIA DE ESTADO DE DESENVOLVIMENTO SOCIAL;41;CONTRIBUICOES;1;CONTRIBUICOES;38;TRANSFERENCIAS DE RECURSOS DA UNIAO VINCULADOS AO ESPORTE;0,0;145624,84;0,0
9318538;4203;2021-12-30 00:00:00;PM RIBEIRAO DAS NEVES;18.314.609/0001-09;SEE;1261;SECRETARIA DE ESTADO DE EDUCACAO;42;AUXILIOS;1;AUXILIOS;10;RECURSOS ORDINARIOS;0,0;3441008,28;0,0
9318564;988;2021-12-30 00:00:00;CONSORCIO PUBLICO INTERM. DESENV. SUST. DO TRIANGULO MINEIRO;19.526.155/0001-94;SEMAD;1371;SECRETARIA DE ESTADO DE MEIO AMBIENTE E DESENVOLVIMENTO SUSTENTAVEL;41;CONTRIBUICOES;1;CONTRIBUICOES;72;TAXA DE FISCALIZACAO DE RECURSOS MINERARIOS;0,0;693525,39;0,0
9318567;987;2021-12-30 00:00:00;ADA - ASSOCIACAO DEFENSORA DOS ANIMAIS DE PATROCINIO-MG;08.732.556/0001-84;SEMAD;1371;SECRETARIA DE ESTADO DE MEIO AMBIENTE E DESENVOLVIMENTO SUSTENTAVEL;41;CONTRIBUICOES;1;CONTRIBUICOES;10;RECURSOS ORDINARIOS;0,0;0,0;0,0
9318572;501;2021-12-30 00:00:00;INSTITUTO DE PESQUISA WAITA;13.704.197/0001-91;IEF;2101;INSTITUTO ESTADUAL DE FLORESTAS;41;CONTRIBUICOES;1;CONTRIBUICOES;10;RECURSOS ORDINARIOS;0,0;0,0;0,0
9318573;500;2021-12-30 00:00:00;CIRCULO DOS ORQUIDOFILOS DE LAVRAS;04.494.629/0001-96;IEF;2101;INSTITUTO ESTADUAL DE FLORESTAS;41;CONTRIBUICOES;1;CONTRIBUICOES;10;RECURSOS ORDINARIOS;0,0;0,0;0,0
9318578;3093;2021-12-30 00:00:00;PM LAGOA DA PRATA;18.318.618/0001-60;SEGOV;1491;SECRETARIA DE ESTADO DE GOVERNO;42;AUXILIOS;1;AUXILIOS;10;RECURSOS ORDINARIOS;0,0;0,0;0,0
9318581;3097;2021-12-30 00:00:00;PM ESPIRITO SANTO DO DOURADO;18.675.900/0001-02;SEGOV;1491;SECRETARIA DE ESTADO DE GOVERNO;42;AUXILIOS;1;AUXILIOS;10;RECURSOS ORDINARIOS;500000,0;0,0;500000,0
9318582;781;2021-12-30 00:00:00;INSTITUTO BH FUTURO;28.247.706/0001-71;SECULT;1271;SECRETARIA DE ESTADO DE CULTURA E TURISMO;41;CONTRIBUICOES;1;CONTRIBUICOES;10;RECURSOS ORDINARIOS;0,0;0,0;0,0
9318583;3096;2021-12-30 00:00:00;PM NOVA BELEM;01.613.169/0001-80;SEGOV;1491;SECRETARIA DE ESTADO DE GOVERNO;42;AUXILIOS;1;AUXILIOS;10;RECURSOS ORDINARIOS;300000,0;0,0;300000,0
9318585;3100;2021-12-30 00:00:00;PM CALDAS;18.625.129/0001-50;SEGOV;1491;SECRETARIA DE ESTADO DE GOVERNO;42;AUXILIOS;1;AUXILIOS;10;RECURSOS ORDINARIOS;300000,0;0,0;300000,0
9318586;3103;2021-12-30 00:00:00;PM DELFINOPOLIS;17.894.064/0001-86;SEGOV;1491;SECRETARIA DE ESTADO DE GOVERNO;42;AUXILIOS;1;AUXILIOS;10;RECURSOS ORDINARIOS;200000,0;0,0;200000,0
9318589;120;2021-12-30 00:00:00;ASSOCIACAO BATISTA DE ASSISTENCIA SOCIAL;17.177.874/0001-11;SEDESE;1481;SECRETARIA DE ESTADO DE DESENVOLVIMENTO SOCIAL;43;SUBVENCOES SOCIAIS;1;SUBVENCOES SOCIAIS;10;RECURSOS ORDINARIOS;0,0;78480,16;0,0
9318590;3092;2021-12-30 00:00:00;PM JACUTINGA;17.914.128/0001-63;SEGOV;1491;SECRETARIA DE ESTADO DE GOVERNO;42;AUXILIOS;1;AUXILIOS;10;RECURSOS ORDINARIOS;500000,0;0,0;500000,0
9318593;782;2021-12-30 00:00:00;CON MULTICULTURAL TURISMO RECEP AMBIENTAL E ETNICO SUST MG;13.779.604/0001-20;SECULT;1271;SECRETARIA DE ESTADO DE CULTURA E TURISMO;41;CONTRIBUICOES;1;CONTRIBUICOES;10;RECURSOS ORDINARIOS;0,0;0,0;0,0
9318594;3104;2021-12-30 00:00:00;PM GUAXUPE;18.663.401/0001-97;SEGOV;1491;SECRETARIA DE ESTADO DE GOVERNO;42;AUXILIOS;1;AUXILIOS;10;RECURSOS ORDINARIOS;114000,0;0,0;114000,0
9318595;3105;2021-12-30 00:00:00;PM JACUTINGA;17.914.128/0001-63;SEGOV;1491;SECRETARIA DE ESTADO DE GOVERNO;42;AUXILIOS;1;AUXILIOS;10;RECURSOS ORDINARIOS;123391,17;0,0;123391,17
9318596;778;2021-12-30 00:00:00;ASSOCIACAO DO CIRCUITO TURISTICO GRUTAS E MAR DE MINAS;07.482.316/0001-06;SECULT;1271;SECRETARIA DE ESTADO DE CULTURA E TURISMO;42;AUXILIOS;1;AUXILIOS;10;RECURSOS ORDINARIOS;0,0;0,0;0,0
9318598;3106;2021-12-30 00:00:00;PM SAO SEBASTIAO DO OESTE;18.308.734/0001-06;SEGOV;1491;SECRETARIA DE ESTADO DE GOVERNO;42;AUXILIOS;1;AUXILIOS;10;RECURSOS ORDINARIOS;100000,0;0,0;100000,0
9318599;3107;2021-12-30 00:00:00;PM ALMENARA;18.349.894/0001-95;SEGOV;1491;SECRETARIA DE ESTADO DE GOVERNO;42;AUXILIOS;1;AUXILIOS;10;RECURSOS ORDINARIOS;211637,66;0,0;211637,66
9318600;795;2021-12-30 00:00:00;LIGA ECOLOGICA SANTA MATILDE;05.000.222/0001-28;SECULT;1271;SECRETARIA DE ESTADO DE CULTURA E TURISMO;42;AUXILIOS;1;AUXILIOS;10;RECURSOS ORDINARIOS;0,0;0,0;0,0
9318601;788;2021-12-30 00:00:00;SOCIEDADE DOS AMIGOS DOS ESPACOS CENICOS DO MUNICIPIO  BELO HORIZONTE;01.028.485/0001-94;SECULT;1271;SECRETARIA DE ESTADO DE CULTURA E TURISMO;42;AUXILIOS;1;AUXILIOS;10;RECURSOS ORDINARIOS;0,0;0,0;0,0
9318602;3108;2021-12-30 00:00:00;PM ALVINOPOLIS;16.725.392/0001-96;SEGOV;1491;SECRETARIA DE ESTADO DE GOVERNO;42;AUXILIOS;1;AUXILIOS;10;RECURSOS ORDINARIOS;200000,0;0,0;200000,0
9318603;780;2021-12-30 00:00:00;ASSOCIACAO CULTURAL JOVENS CENICOS;34.621.327/0001-00;SECULT;1271;SECRETARIA DE ESTADO DE CULTURA E TURISMO;42;AUXILIOS;1;AUXILIOS;10;RECURSOS ORDINARIOS;0,0;0,0;0,0
9318604;461;2021-12-30 00:00:00;REDE CIDADA;05.461.315/0001-50;SEJUSP;1451;SECRETARIA DE ESTADO DE JUSTICA E SEGURANCA PUBLICA;43;SUBVENCOES SOCIAIS;1;SUBVENCOES SOCIAIS;10;RECURSOS ORDINARIOS;0,0;0,0;0,0
9318606;3090;2021-12-30 00:00:00;PM ARAPONGA;18.132.167/0001-71;SEGOV;1491;SECRETARIA DE ESTADO DE GOVERNO;42;AUXILIOS;1;AUXILIOS;10;RECURSOS ORDINARIOS;200000,0;0,0;200000,0
9318607;787;2021-12-30 00:00:00;PM SAO JOSE DA LAPA;42.774.281/0001-80;SECULT;1271;SECRETARIA DE ESTADO DE CULTURA E TURISMO;41;CONTRIBUICOES;1;CONTRIBUICOES;10;RECURSOS ORDINARIOS;0,0;900000,0;0,0
9318609;3102;2021-12-30 00:00:00;PM PARAGUACU;18.008.193/0001-92;SEGOV;1491;SECRETARIA DE ESTADO DE GOVERNO;42;AUXILIOS;1;AUXILIOS;10;RECURSOS ORDINARIOS;330000,0;0,0;330000,0
9318611;3101;2021-12-30 00:00:00;PM BRASILIA DE MINAS;18.017.442/0001-06;SEGOV;1491;SECRETARIA DE ESTADO DE GOVERNO;42;AUXILIOS;1;AUXILIOS;10;RECURSOS ORDINARIOS;100000,0;0,0;100000,0
9318612;388;2021-12-30 00:00:00;PM DATAS;17.754.193/0001-79;SEINFRA;1301;SECRETARIA DE ESTADO DE INFRAESTRUTURA E MOBILIDADE;42;AUXILIOS;1;AUXILIOS;10;RECURSOS ORDINARIOS;0,0;150000,0;0,0
9318616;121;2021-12-30 00:00:00;ASSOCIACAO TEMPLO DE ISRAEL;11.423.964/0001-69;SEDESE;1481;SECRETARIA DE ESTADO DE DESENVOLVIMENTO SOCIAL;43;SUBVENCOES SOCIAIS;1;SUBVENCOES SOCIAIS;10;RECURSOS ORDINARIOS;0,0;86760,36;0,0
9318617;3208;2021-12-30 00:00:00;AGEN ADVENTISTA DE DESENV.E RECURSOS ASSISTENCIAIS SUDESTE BRASILEIRA;16.524.054/0002-77;FEAS;4251;FUNDO ESTADUAL DE ASSISTENCIA SOCIAL;43;SUBVENCOES SOCIAIS;1;SUBVENCOES SOCIAIS;60;RECURSOS DIRETAMENTE ARRECADADOS;0,0;28069,5;0,0
9318617;3209;2021-12-30 00:00:00;AGEN ADVENTISTA DE DESENV.E RECURSOS ASSISTENCIAIS SUDESTE BRASILEIRA;16.524.054/0002-77;FEAS;4251;FUNDO ESTADUAL DE ASSISTENCIA SOCIAL;42;AUXILIOS;1;AUXILIOS;60;RECURSOS DIRETAMENTE ARRECADADOS;0,0;85904,72;0,0
9318619;381;2021-12-30 00:00:00;PM CAMPO AZUL;01.612.551/0001-79;SEINFRA;1301;SECRETARIA DE ESTADO DE INFRAESTRUTURA E MOBILIDADE;42;AUXILIOS;1;AUXILIOS;10;RECURSOS ORDINARIOS;0,0;170000,0;0,0
9318622;3094;2021-12-30 00:00:00;PM AREADO;18.243.246/0001-50;SEGOV;1491;SECRETARIA DE ESTADO DE GOVERNO;42;AUXILIOS;1;AUXILIOS;10;RECURSOS ORDINARIOS;100000,0;0,0;100000,0
9318629;200;2021-12-30 00:00:00;ASS. COMUN. DE DESEL. EDUC. FAMILIAR E AGROP. DE VEREDINHA;05.743.998/0001-38;SEE;1261;SECRETARIA DE ESTADO DE EDUCACAO;43;SUBVENCOES SOCIAIS;1;SUBVENCOES SOCIAIS;21;COTA ESTADUAL DO SALARIO EDUCACAO - QESE;0,0;96000,0;0,0
9318630;3185;2021-12-30 00:00:00;ABRIGO SAO VICENTE DE PAULO;23.022.122/0001-84;FEAS;4251;FUNDO ESTADUAL DE ASSISTENCIA SOCIAL;43;SUBVENCOES SOCIAIS;1;SUBVENCOES SOCIAIS;60;RECURSOS DIRETAMENTE ARRECADADOS;0,0;51418,8;0,0
9318630;3186;2021-12-30 00:00:00;ABRIGO SAO VICENTE DE PAULO;23.022.122/0001-84;FEAS;4251;FUNDO ESTADUAL DE ASSISTENCIA SOCIAL;42;AUXILIOS;1;AUXILIOS;60;RECURSOS DIRETAMENTE ARRECADADOS;0,0;32268,73;0,0
9318632;3191;2021-12-30 00:00:00;ASILO SAGRADO CORACAO DE JESUS;21.608.716/0001-46;FEAS;4251;FUNDO ESTADUAL DE ASSISTENCIA SOCIAL;42;AUXILIOS;1;AUXILIOS;60;RECURSOS DIRETAMENTE ARRECADADOS;0,0;103964,13;0,0
9318635;581;2021-12-30 00:00:00;CONSORCIO INTERMUNICIPAL MULTIFINALITARIO DA AREA MINEIRA DA SUDENE;21.505.692/0001-08;SEDESE;1481;SECRETARIA DE ESTADO DE DESENVOLVIMENTO SOCIAL;43;SUBVENCOES SOCIAIS;1;SUBVENCOES SOCIAIS;10;RECURSOS ORDINARIOS;0,0;200424,0;0,0
9318636;3192;2021-12-30 00:00:00;CONFERENCIA SAO VICENTE DE PAULO;20.678.322/0001-00;FEAS;4251;FUNDO ESTADUAL DE ASSISTENCIA SOCIAL;42;AUXILIOS;1;AUXILIOS;60;RECURSOS DIRETAMENTE ARRECADADOS;0,0;113000,0;0,0
9318638;119;2021-12-30 00:00:00;ASSOCIACAO ESPORTIVA FUTEBOL E VIDA;20.628.142/0001-05;SEDESE;1481;SECRETARIA DE ESTADO DE DESENVOLVIMENTO SOCIAL;43;SUBVENCOES SOCIAIS;1;SUBVENCOES SOCIAIS;10;RECURSOS ORDINARIOS;0,0;74956,58;0,0
9318641;3188;2021-12-30 00:00:00;LAR SAO SEBASTIAO;21.271.705/0001-13;FEAS;4251;FUNDO ESTADUAL DE ASSISTENCIA SOCIAL;42;AUXILIOS;1;AUXILIOS;60;RECURSOS DIRETAMENTE ARRECADADOS;0,0;114504,59;0,0
9318642;569;2021-12-30 00:00:00;CASA DO MENOR DR.EDNAN DIAS;20.375.259/0001-24;SEDESE;1481;SECRETARIA DE ESTADO DE DESENVOLVIMENTO SOCIAL;43;SUBVENCOES SOCIAIS;1;SUBVENCOES SOCIAIS;10;RECURSOS ORDINARIOS;0,0;0,0;0,0
9318642;570;2021-12-30 00:00:00;CASA DO MENOR DR.EDNAN DIAS;20.375.259/0001-24;SEDESE;1481;SECRETARIA DE ESTADO DE DESENVOLVIMENTO SOCIAL;42;AUXILIOS;1;AUXILIOS;10;RECURSOS ORDINARIOS;0,0;0,0;0,0
9318645;117;2021-12-30 00:00:00;PROJETO EBENEZER;22.997.041/0001-37;SEDESE;1481;SECRETARIA DE ESTADO DE DESENVOLVIMENTO SOCIAL;43;SUBVENCOES SOCIAIS;1;SUBVENCOES SOCIAIS;10;RECURSOS ORDINARIOS;0,0;86507,52;0,0
9318649;112;2021-12-30 00:00:00;ACAO SOCIAL CENTRO DE REINTEGRACAO A SOCIEDADE MAIS QUE VENCEDORES;16.801.598/0002-39;SEDESE;1481;SECRETARIA DE ESTADO DE DESENVOLVIMENTO SOCIAL;43;SUBVENCOES SOCIAIS;1;SUBVENCOES SOCIAIS;10;RECURSOS ORDINARIOS;0,0;86645,58;0,0
9318657;580;2021-12-30 00:00:00;PM ITABIRINHA;17.125.444/0001-56;SEDESE;1481;SECRETARIA DE ESTADO DE DESENVOLVIMENTO SOCIAL;42;AUXILIOS;1;AUXILIOS;10;RECURSOS ORDINARIOS;0,0;620000,0;0,0
9318658;198;2021-12-30 00:00:00;ASSOCIACAO REGIONAL ESCOLA FAMILIA AGRICOLA CARLOS SAAR;18.904.432/0001-92;SEE;1261;SECRETARIA DE ESTADO DE EDUCACAO;43;SUBVENCOES SOCIAIS;1;SUBVENCOES SOCIAIS;21;COTA ESTADUAL DO SALARIO EDUCACAO - QESE;0,0;51200,0;0,0
9318659;783;2021-12-30 00:00:00;LIRA NOSSA SENHORA DA GLORIA DE PASSA TEMPO;20.898.862/0001-90;SECULT;1271;SECRETARIA DE ESTADO DE CULTURA E TURISMO;42;AUXILIOS;1;AUXILIOS;10;RECURSOS ORDINARIOS;0,0;0,0;0,0
9318660;385;2021-12-30 00:00:00;PM ALAGOA;18.186.346/0001-91;SEINFRA;1301;SECRETARIA DE ESTADO DE INFRAESTRUTURA E MOBILIDADE;42;AUXILIOS;1;AUXILIOS;10;RECURSOS ORDINARIOS;0,0;6359608,11;0,0
9318665;577;2021-12-30 00:00:00;VILA VICENTINA JOAQUIM LARANJO COSTA;04.448.736/0001-88;SEDESE;1481;SECRETARIA DE ESTADO DE DESENVOLVIMENTO SOCIAL;42;AUXILIOS;1;AUXILIOS;10;RECURSOS ORDINARIOS;0,0;0,0;0,0
9318667;3190;2021-12-30 00:00:00;LAR DOS IDOSOS MONSENHOR OTAVIANO DA SSVP DE LADAINHA;21.297.148/0001-00;FEAS;4251;FUNDO ESTADUAL DE ASSISTENCIA SOCIAL;42;AUXILIOS;1;AUXILIOS;60;RECURSOS DIRETAMENTE ARRECADADOS;0,0;112177,7;0,0
9318673;3197;2021-12-30 00:00:00;IMAD - CASA DE ACOLHIMENTO MADRE TERESA DE CALCUTA;08.382.949/0002-96;FEAS;4251;FUNDO ESTADUAL DE ASSISTENCIA SOCIAL;43;SUBVENCOES SOCIAIS;1;SUBVENCOES SOCIAIS;71;RECURSOS DO FUNDO ESTADUAL DE ERRADICACAO DA MISERIA;0,0;36083,6;0,0
9318673;3198;2021-12-30 00:00:00;IMAD - CASA DE ACOLHIMENTO MADRE TERESA DE CALCUTA;08.382.949/0002-96;FEAS;4251;FUNDO ESTADUAL DE ASSISTENCIA SOCIAL;42;AUXILIOS;1;AUXILIOS;71;RECURSOS DO FUNDO ESTADUAL DE ERRADICACAO DA MISERIA;0,0;75010,0;0,0
9318675;792;2021-12-30 00:00:00;ASSOCIACAO QUILOMBOLA DA COMUNIDADE DE SANTO IZIDORO;33.963.357/0001-24;SECULT;1271;SECRETARIA DE ESTADO DE CULTURA E TURISMO;42;AUXILIOS;1;AUXILIOS;10;RECURSOS ORDINARIOS;0,0;0,0;0,0
9318676;560;2021-12-30 00:00:00;ESPORTE CLUBE CRISTALINO;23.857.238/0001-33;SEDESE;1481;SECRETARIA DE ESTADO DE DESENVOLVIMENTO SOCIAL;42;AUXILIOS;1;AUXILIOS;10;RECURSOS ORDINARIOS;0,0;0,0;0,0
9318682;3180;2021-12-30 00:00:00;ASSOC. LAR DOS IDOSOS DESAMPARADOS PADRE JULIO MARIA DE LOMB;02.179.628/0001-21;FEAS;4251;FUNDO ESTADUAL DE ASSISTENCIA SOCIAL;43;SUBVENCOES SOCIAIS;1;SUBVENCOES SOCIAIS;60;RECURSOS DIRETAMENTE ARRECADADOS;0,0;71026,03;0,0
9318682;3181;2021-12-30 00:00:00;ASSOC. LAR DOS IDOSOS DESAMPARADOS PADRE JULIO MARIA DE LOMB;02.179.628/0001-21;FEAS;4251;FUNDO ESTADUAL DE ASSISTENCIA SOCIAL;42;AUXILIOS;1;AUXILIOS;60;RECURSOS DIRETAMENTE ARRECADADOS;0,0;41973,86;0,0
9318685;3210;2021-12-30 00:00:00;IMAD - CASA DE ACOLHIMENTO MADRE TERESA DE CALCUTA;08.382.949/0003-77;FEAS;4251;FUNDO ESTADUAL DE ASSISTENCIA SOCIAL;43;SUBVENCOES SOCIAIS;1;SUBVENCOES SOCIAIS;60;RECURSOS DIRETAMENTE ARRECADADOS;0,0;10102,0;0,0
9318685;3211;2021-12-30 00:00:00;IMAD - CASA DE ACOLHIMENTO MADRE TERESA DE CALCUTA;08.382.949/0003-77;FEAS;4251;FUNDO ESTADUAL DE ASSISTENCIA SOCIAL;42;AUXILIOS;1;AUXILIOS;60;RECURSOS DIRETAMENTE ARRECADADOS;0,0;76496,43;0,0
9318685;3212;2021-12-30 00:00:00;IMAD - CASA DE ACOLHIMENTO MADRE TERESA DE CALCUTA;08.382.949/0003-77;FEAS;4251;FUNDO ESTADUAL DE ASSISTENCIA SOCIAL;42;AUXILIOS;1;AUXILIOS;71;RECURSOS DO FUNDO ESTADUAL DE ERRADICACAO DA MISERIA;0,0;28316,57;0,0
9318688;108;2021-12-30 00:00:00;ASSOCIACAO JOAO PAULO II;08.027.860/0001-20;SEDESE;1481;SECRETARIA DE ESTADO DE DESENVOLVIMENTO SOCIAL;43;SUBVENCOES SOCIAIS;1;SUBVENCOES SOCIAIS;10;RECURSOS ORDINARIOS;0,0;86953,98;0,0
9318690;3178;2021-12-30 00:00:00;VILA VICENTINA DE CRISTAIS;06.202.938/0001-70;FEAS;4251;FUNDO ESTADUAL DE ASSISTENCIA SOCIAL;43;SUBVENCOES SOCIAIS;1;SUBVENCOES SOCIAIS;60;RECURSOS DIRETAMENTE ARRECADADOS;0,0;100271,98;0,0
9318690;3179;2021-12-30 00:00:00;VILA VICENTINA DE CRISTAIS;06.202.938/0001-70;FEAS;4251;FUNDO ESTADUAL DE ASSISTENCIA SOCIAL;42;AUXILIOS;1;AUXILIOS;60;RECURSOS DIRETAMENTE ARRECADADOS;0,0;14728,02;0,0
9318691;113;2021-12-30 00:00:00;CENTRO DE RECUPERACAO RESGATANDO VIDAS;03.551.218/0001-22;SEDESE;1481;SECRETARIA DE ESTADO DE DESENVOLVIMENTO SOCIAL;43;SUBVENCOES SOCIAIS;1;SUBVENCOES SOCIAIS;10;RECURSOS ORDINARIOS;0,0;86954,0;0,0
9318692;3182;2021-12-30 00:00:00;SOCIEDADE DE AMPARO AO IDOSO TOCANTINENSE;02.653.334/0001-90;FEAS;4251;FUNDO ESTADUAL DE ASSISTENCIA SOCIAL;42;AUXILIOS;1;AUXILIOS;60;RECURSOS DIRETAMENTE ARRECADADOS;0,0;103506,67;0,0
9318693;111;2021-12-30 00:00:00;CASA DE RECUPERACAO JUNTOS PODEMOS;10.326.600/0001-06;SEDESE;1481;SECRETARIA DE ESTADO DE DESENVOLVIMENTO SOCIAL;43;SUBVENCOES SOCIAIS;1;SUBVENCOES SOCIAIS;10;RECURSOS ORDINARIOS;0,0;86533,32;0,0
9318694;793;2021-12-30 00:00:00;LIGA DAS ENTIDADES CARNAVALESCAS DE CONSELHEIRO LAFAIETE;05.642.914/0001-70;SECULT;1271;SECRETARIA DE ESTADO DE CULTURA E TURISMO;41;CONTRIBUICOES;1;CONTRIBUICOES;10;RECURSOS ORDINARIOS;0,0;0,0;0,0
9318694;794;2021-12-30 00:00:00;LIGA DAS ENTIDADES CARNAVALESCAS DE CONSELHEIRO LAFAIETE;05.642.914/0001-70;SECULT;1271;SECRETARIA DE ESTADO DE CULTURA E TURISMO;42;AUXILIOS;1;AUXILIOS;10;RECURSOS ORDINARIOS;0,0;0,0;0,0
9318697;118;2021-12-30 00:00:00;CEAMI - REABILITACAO PARA A VIDA;03.744.116/0002-04;SEDESE;1481;SECRETARIA DE ESTADO DE DESENVOLVIMENTO SOCIAL;43;SUBVENCOES SOCIAIS;1;SUBVENCOES SOCIAIS;10;RECURSOS ORDINARIOS;0,0;86954,0;0,0
9318701;3183;2021-12-30 00:00:00;ASILO SAO VICENTE DE PAULO DE SANTO HIPOLITO;02.436.284/0001-99;FEAS;4251;FUNDO ESTADUAL DE ASSISTENCIA SOCIAL;43;SUBVENCOES SOCIAIS;1;SUBVENCOES SOCIAIS;71;RECURSOS DO FUNDO ESTADUAL DE ERRADICACAO DA MISERIA;0,0;87308,58;0,0
9318701;3184;2021-12-30 00:00:00;ASILO SAO VICENTE DE PAULO DE SANTO HIPOLITO;02.436.284/0001-99;FEAS;4251;FUNDO ESTADUAL DE ASSISTENCIA SOCIAL;42;AUXILIOS;1;AUXILIOS;71;RECURSOS DO FUNDO ESTADUAL DE ERRADICACAO DA MISERIA;0,0;27576,21;0,0
9318707;790;2021-12-30 00:00:00;INSTITUTO IN-CENA;18.304.255/0001-03;SECULT;1271;SECRETARIA DE ESTADO DE CULTURA E TURISMO;41;CONTRIBUICOES;1;CONTRIBUICOES;10;RECURSOS ORDINARIOS;0,0;0,0;0,0
9318707;791;2021-12-30 00:00:00;INSTITUTO IN-CENA;18.304.255/0001-03;SECULT;1271;SECRETARIA DE ESTADO DE CULTURA E TURISMO;42;AUXILIOS;1;AUXILIOS;10;RECURSOS ORDINARIOS;0,0;0,0;0,0
9318714;3189;2021-12-30 00:00:00;LAR TERESA DE JESUS;03.491.820/0001-11;FEAS;4251;FUNDO ESTADUAL DE ASSISTENCIA SOCIAL;42;AUXILIOS;1;AUXILIOS;60;RECURSOS DIRETAMENTE ARRECADADOS;0,0;109885,31;0,0
9318716;3202;2021-12-30 00:00:00;CEAMI REABILITACAO PARA VIDA;03.744.116/0003-95;FEAS;4251;FUNDO ESTADUAL DE ASSISTENCIA SOCIAL;43;SUBVENCOES SOCIAIS;1;SUBVENCOES SOCIAIS;60;RECURSOS DIRETAMENTE ARRECADADOS;0,0;44145,2;0,0
9318716;3203;2021-12-30 00:00:00;CEAMI REABILITACAO PARA VIDA;03.744.116/0003-95;FEAS;4251;FUNDO ESTADUAL DE ASSISTENCIA SOCIAL;42;AUXILIOS;1;AUXILIOS;60;RECURSOS DIRETAMENTE ARRECADADOS;0,0;70854,8;0,0
9318719;116;2021-12-30 00:00:00;TERRA DA SOBRIEDADE;05.353.498/0001-90;SEDESE;1481;SECRETARIA DE ESTADO DE DESENVOLVIMENTO SOCIAL;43;SUBVENCOES SOCIAIS;1;SUBVENCOES SOCIAIS;10;RECURSOS ORDINARIOS;0,0;78499,44;0,0
9318720;3176;2021-12-30 00:00:00;FUNDACAO SARA ALBUQUERQUE COSTA;02.663.494/0001-10;FEAS;4251;FUNDO ESTADUAL DE ASSISTENCIA SOCIAL;43;SUBVENCOES SOCIAIS;1;SUBVENCOES SOCIAIS;71;RECURSOS DO FUNDO ESTADUAL DE ERRADICACAO DA MISERIA;0,0;28618,53;0,0
9318720;3177;2021-12-30 00:00:00;FUNDACAO SARA ALBUQUERQUE COSTA;02.663.494/0001-10;FEAS;4251;FUNDO ESTADUAL DE ASSISTENCIA SOCIAL;42;AUXILIOS;1;AUXILIOS;71;RECURSOS DO FUNDO ESTADUAL DE ERRADICACAO DA MISERIA;0,0;86057,23;0,0
9318722;114;2021-12-30 00:00:00;ASSOCIACAO FAZENDA RENASCER;17.515.115/0001-11;SEDESE;1481;SECRETARIA DE ESTADO DE DESENVOLVIMENTO SOCIAL;43;SUBVENCOES SOCIAIS;1;SUBVENCOES SOCIAIS;10;RECURSOS ORDINARIOS;0,0;86953,98;0,0
9318725;3204;2021-12-30 00:00:00;ASSOCIACAO DE PAIS E AMIGOS DOS EXCEPCIONAIS;00.662.901/0001-49;FEAS;4251;FUNDO ESTADUAL DE ASSISTENCIA SOCIAL;43;SUBVENCOES SOCIAIS;1;SUBVENCOES SOCIAIS;60;RECURSOS DIRETAMENTE ARRECADADOS;0,0;90799,8;0,0
9318725;3205;2021-12-30 00:00:00;ASSOCIACAO DE PAIS E AMIGOS DOS EXCEPCIONAIS;00.662.901/0001-49;FEAS;4251;FUNDO ESTADUAL DE ASSISTENCIA SOCIAL;42;AUXILIOS;1;AUXILIOS;60;RECURSOS DIRETAMENTE ARRECADADOS;0,0;17691,0;0,0
9318726;3195;2021-12-30 00:00:00;CASA DE ACOLHIMENTO AMOR E VIDA;28.467.302/0001-93;FEAS;4251;FUNDO ESTADUAL DE ASSISTENCIA SOCIAL;43;SUBVENCOES SOCIAIS;1;SUBVENCOES SOCIAIS;60;RECURSOS DIRETAMENTE ARRECADADOS;0,0;110041,2;0,0
9318726;3196;2021-12-30 00:00:00;CASA DE ACOLHIMENTO AMOR E VIDA;28.467.302/0001-93;FEAS;4251;FUNDO ESTADUAL DE ASSISTENCIA SOCIAL;42;AUXILIOS;1;AUXILIOS;60;RECURSOS DIRETAMENTE ARRECADADOS;0,0;1750,0;0,0
9318732;789;2021-12-30 00:00:00;SOCIEDADE CULTURAL DE MINAS GERAIS;15.621.747/0001-34;SECULT;1271;SECRETARIA DE ESTADO DE CULTURA E TURISMO;42;AUXILIOS;1;AUXILIOS;10;RECURSOS ORDINARIOS;0,0;0,0;0,0
9318734;568;2021-12-30 00:00:00;APAE DE PASSA TEMPO;01.572.051/0001-50;SEDESE;1481;SECRETARIA DE ESTADO DE DESENVOLVIMENTO SOCIAL;43;SUBVENCOES SOCIAIS;1;SUBVENCOES SOCIAIS;10;RECURSOS ORDINARIOS;0,0;0,0;0,0
9318740;109;2021-12-30 00:00:00;GRUPO DE PRODUTORES RURAIS DE BARREIRAO;20.208.070/0001-47;SEGOV;1491;SECRETARIA DE ESTADO DE GOVERNO;42;AUXILIOS;1;AUXILIOS;10;RECURSOS ORDINARIOS;0,0;0,0;0,0
9318742;996;2021-12-30 00:00:00;HOPE - ASSOCIACAO PROTETORA DOS ANIMAIS;22.279.556/0001-00;SEMAD;1371;SECRETARIA DE ESTADO DE MEIO AMBIENTE E DESENVOLVIMENTO SUSTENTAVEL;41;CONTRIBUICOES;1;CONTRIBUICOES;10;RECURSOS ORDINARIOS;0,0;0,0;0,0
9318744;111;2021-12-30 00:00:00;ASSOCIACAO PADRE RUFUS PEREIRA;19.784.957/0001-02;SEGOV;1491;SECRETARIA DE ESTADO DE GOVERNO;42;AUXILIOS;1;AUXILIOS;10;RECURSOS ORDINARIOS;0,0;0,0;0,0
9318745;103;2021-12-30 00:00:00;APAE FRUTAL;20.043.493/0001-54;SEGOV;1491;SECRETARIA DE ESTADO DE GOVERNO;42;AUXILIOS;1;AUXILIOS;10;RECURSOS ORDINARIOS;0,0;0,0;0,0
9318748;359;2021-12-30 00:00:00;CONSORCIO INTERMUNICIPAL MULTIFINALITARIO PARA O DESENVOLVIMENTO AMBIE;19.193.527/0001-08;SEAPA;1231;SECRETARIA DE ESTADO DE AGRICULTURA, PECUARIA E ABASTECIMENTO - SEAPA;41;CONTRIBUICOES;1;CONTRIBUICOES;59;OUTROS RECURSOS VINCULADOS;629590,0;0,0;629590,0
9318750;3109;2021-12-30 00:00:00;PM ARAGUARI;16.829.640/0001-49;SEGOV;1491;SECRETARIA DE ESTADO DE GOVERNO;42;AUXILIOS;1;AUXILIOS;10;RECURSOS ORDINARIOS;1000000,0;0,0;1000000,0
9318753;997;2021-12-30 00:00:00;CONSORCIO INTERM. MULTIF. DO BAIXO JEQUITINHONHA;07.306.549/0001-58;SEMAD;1371;SECRETARIA DE ESTADO DE MEIO AMBIENTE E DESENVOLVIMENTO SUSTENTAVEL;41;CONTRIBUICOES;1;CONTRIBUICOES;72;TAXA DE FISCALIZACAO DE RECURSOS MINERARIOS;0,0;882791,0;0,0
9318755;386;2021-12-30 00:00:00;PM DATAS;17.754.193/0001-79;SEINFRA;1301;SECRETARIA DE ESTADO DE INFRAESTRUTURA E MOBILIDADE;42;AUXILIOS;1;AUXILIOS;10;RECURSOS ORDINARIOS;0,0;150000,0;0,0
9318757;998;2021-12-30 00:00:00;CONSORCIO PUBLICO INTERMUNICIPAL MULTIFINALITARIO DO ALTO RIO PARDO;19.856.351/0001-27;SEMAD;1371;SECRETARIA DE ESTADO DE MEIO AMBIENTE E DESENVOLVIMENTO SUSTENTAVEL;41;CONTRIBUICOES;1;CONTRIBUICOES;72;TAXA DE FISCALIZACAO DE RECURSOS MINERARIOS;0,0;867897,19;0,0
9318758;999;2021-12-30 00:00:00;CONSORCIO INTERMUNICIPAL PUBLICO GESTAO INTEGRADA RESIDUOS SOLIDOS;18.155.720/0001-91;SEMAD;1371;SECRETARIA DE ESTADO DE MEIO AMBIENTE E DESENVOLVIMENTO SUSTENTAVEL;41;CONTRIBUICOES;1;CONTRIBUICOES;72;TAXA DE FISCALIZACAO DE RECURSOS MINERARIOS;0,0;802250,0;0,0
9318760;108;2021-12-30 00:00:00;CENTRO DE EDUCACAO INFANTIL GEANDERSON MIRANDA REINALDO;23.771.595/0001-84;SEGOV;1491;SECRETARIA DE ESTADO DE GOVERNO;42;AUXILIOS;1;AUXILIOS;10;RECURSOS ORDINARIOS;0,0;0,0;0,0
9318761;1000;2021-12-30 00:00:00;PM SANTO ANTONIO DO ITAMBE;18.303.222/0001-49;SEMAD;1371;SECRETARIA DE ESTADO DE MEIO AMBIENTE E DESENVOLVIMENTO SUSTENTAVEL;41;CONTRIBUICOES;1;CONTRIBUICOES;10;RECURSOS ORDINARIOS;0,0;200000,0;0,0
9318763;104;2021-12-30 00:00:00;CENTRO DE SAUDE POPULAR;10.539.869/0001-62;SEGOV;1491;SECRETARIA DE ESTADO DE GOVERNO;42;AUXILIOS;1;AUXILIOS;10;RECURSOS ORDINARIOS;0,0;0,0;0,0
9318767;578;2021-12-30 00:00:00;ASSOCIACAO DE RESGATE DA DIGNIDADE HUMANA PROVIDENCIA DIVINA;22.643.399/0001-61;SEDESE;1481;SECRETARIA DE ESTADO DE DESENVOLVIMENTO SOCIAL;43;SUBVENCOES SOCIAIS;1;SUBVENCOES SOCIAIS;10;RECURSOS ORDINARIOS;0,0;0,0;0,0
9318768;575;2021-12-30 00:00:00;ADOTAR -ADOTANDO VIDAS;15.671.055/0001-09;SEDESE;1481;SECRETARIA DE ESTADO DE DESENVOLVIMENTO SOCIAL;42;AUXILIOS;1;AUXILIOS;10;RECURSOS ORDINARIOS;0,0;0,0;0,0
9318769;106;2021-12-30 00:00:00;SOCIEDADE BENEFICENTE PRESBITERIANA DO BRASIL EM PIUMHI;03.417.010/0001-15;SEGOV;1491;SECRETARIA DE ESTADO DE GOVERNO;42;AUXILIOS;1;AUXILIOS;10;RECURSOS ORDINARIOS;0,0;0,0;0,0
9318770;574;2021-12-30 00:00:00;ASSOCIACAO DE PAIS E AMIGOS DOS EXCEPCIONAIS-APAE;19.019.447/0001-30;SEDESE;1481;SECRETARIA DE ESTADO DE DESENVOLVIMENTO SOCIAL;43;SUBVENCOES SOCIAIS;1;SUBVENCOES SOCIAIS;10;RECURSOS ORDINARIOS;0,0;0,0;0,0
9318772;110;2021-12-30 00:00:00;ASSOCIACAO COMUNITARIA DE ENGENHO;00.781.089/0001-70;SEGOV;1491;SECRETARIA DE ESTADO DE GOVERNO;42;AUXILIOS;1;AUXILIOS;10;RECURSOS ORDINARIOS;0,0;0,0;0,0
9318773;3193;2021-12-30 00:00:00;CASA DE ACOLHIMENTO SAO PIO;19.733.845/0001-14;FEAS;4251;FUNDO ESTADUAL DE ASSISTENCIA SOCIAL;43;SUBVENCOES SOCIAIS;1;SUBVENCOES SOCIAIS;71;RECURSOS DO FUNDO ESTADUAL DE ERRADICACAO DA MISERIA;0,0;7990,0;0,0
9318773;3194;2021-12-30 00:00:00;CASA DE ACOLHIMENTO SAO PIO;19.733.845/0001-14;FEAS;4251;FUNDO ESTADUAL DE ASSISTENCIA SOCIAL;42;AUXILIOS;1;AUXILIOS;71;RECURSOS DO FUNDO ESTADUAL DE ERRADICACAO DA MISERIA;0,0;106614,53;0,0
9318774;460;2021-12-30 00:00:00;PM DIVINOPOLIS;18.291.351/0001-64;SEDESE;1481;SECRETARIA DE ESTADO DE DESENVOLVIMENTO SOCIAL;42;AUXILIOS;1;AUXILIOS;97;TRANSFERENCIAS ESPECIAIS DE RECURSOS DA UNIAO;0,0;320000,0;0,0
9318775;576;2021-12-30 00:00:00;CENTRO EDUCACIONAL E CULTURAL VIVA VOZ;05.620.438/0001-96;SEDESE;1481;SECRETARIA DE ESTADO DE DESENVOLVIMENTO SOCIAL;42;AUXILIOS;1;AUXILIOS;10;RECURSOS ORDINARIOS;0,0;0,0;0,0
9318776;387;2021-12-30 00:00:00;PM MARAVILHAS;18.313.841/0001-14;SEINFRA;1301;SECRETARIA DE ESTADO DE INFRAESTRUTURA E MOBILIDADE;42;AUXILIOS;1;AUXILIOS;10;RECURSOS ORDINARIOS;0,0;200000,0;0,0
9318777;3200;2021-12-30 00:00:00;ASSOCIACAO IMACULADA CONCEICAO;04.195.503/0001-10;FEAS;4251;FUNDO ESTADUAL DE ASSISTENCIA SOCIAL;43;SUBVENCOES SOCIAIS;1;SUBVENCOES SOCIAIS;60;RECURSOS DIRETAMENTE ARRECADADOS;0,0;135,29;0,0
9318777;3201;2021-12-30 00:00:00;ASSOCIACAO IMACULADA CONCEICAO;04.195.503/0001-10;FEAS;4251;FUNDO ESTADUAL DE ASSISTENCIA SOCIAL;42;AUXILIOS;1;AUXILIOS;60;RECURSOS DIRETAMENTE ARRECADADOS;0,0;114847,71;0,0
9318778;579;2021-12-30 00:00:00;ASSOCIACAO COMUNITARIA DO BAIRRO DA FELICIDADE - ABAFE;22.643.837/0001-91;SEDESE;1481;SECRETARIA DE ESTADO DE DESENVOLVIMENTO SOCIAL;42;AUXILIOS;1;AUXILIOS;10;RECURSOS ORDINARIOS;0,0;0,0;0,0
9318779;3199;2021-12-30 00:00:00;LAR SAO VICENTE DE PAULO DE CASSIA;19.508.944/0001-00;FEAS;4251;FUNDO ESTADUAL DE ASSISTENCIA SOCIAL;43;SUBVENCOES SOCIAIS;1;SUBVENCOES SOCIAIS;71;RECURSOS DO FUNDO ESTADUAL DE ERRADICACAO DA MISERIA;0,0;114991,62;0,0
9318781;3206;2021-12-30 00:00:00;ASSOCIACAO FILHAS DE SAO CAMILO;61.986.402/0016-88;FEAS;4251;FUNDO ESTADUAL DE ASSISTENCIA SOCIAL;43;SUBVENCOES SOCIAIS;1;SUBVENCOES SOCIAIS;71;RECURSOS DO FUNDO ESTADUAL DE ERRADICACAO DA MISERIA;0,0;111037,28;0,0
9318781;3207;2021-12-30 00:00:00;ASSOCIACAO FILHAS DE SAO CAMILO;61.986.402/0016-88;FEAS;4251;FUNDO ESTADUAL DE ASSISTENCIA SOCIAL;42;AUXILIOS;1;AUXILIOS;71;RECURSOS DO FUNDO ESTADUAL DE ERRADICACAO DA MISERIA;0,0;3625,0;0,0
9318784;587;2021-12-30 00:00:00;PROJETO SOCIAL CARAVANA DA PAZ;08.816.436/0001-65;SEDESE;1481;SECRETARIA DE ESTADO DE DESENVOLVIMENTO SOCIAL;43;SUBVENCOES SOCIAIS;1;SUBVENCOES SOCIAIS;10;RECURSOS ORDINARIOS;0,0;0,0;0,0
9318788;391;2021-12-31 00:00:00;PM ITAMONTE;18.666.750/0001-62;SEINFRA;1301;SECRETARIA DE ESTADO DE INFRAESTRUTURA E MOBILIDADE;42;AUXILIOS;1;AUXILIOS;10;RECURSOS ORDINARIOS;0,0;1086549,01;0,0
9318803;3115;2021-12-30 00:00:00;PM PIRANGA;23.515.687/0001-01;SEGOV;1491;SECRETARIA DE ESTADO DE GOVERNO;42;AUXILIOS;1;AUXILIOS;10;RECURSOS ORDINARIOS;181702,5;0,0;181702,5
9318804;3114;2021-12-30 00:00:00;PM NANUQUE;18.398.974/0001-30;SEGOV;1491;SECRETARIA DE ESTADO DE GOVERNO;42;AUXILIOS;1;AUXILIOS;10;RECURSOS ORDINARIOS;300000,0;0,0;300000,0
9318805;3118;2021-12-30 00:00:00;PM CAMPOS GERAIS;18.245.175/0001-24;SEGOV;1491;SECRETARIA DE ESTADO DE GOVERNO;42;AUXILIOS;1;AUXILIOS;10;RECURSOS ORDINARIOS;206000,0;0,0;206000,0
9318806;3117;2021-12-30 00:00:00;PM EUGENOPOLIS;17.947.656/0001-19;SEGOV;1491;SECRETARIA DE ESTADO DE GOVERNO;42;AUXILIOS;1;AUXILIOS;10;RECURSOS ORDINARIOS;70545,89;0,0;70545,89
9318807;3111;2021-12-30 00:00:00;PM CORREGO NOVO;18.334.284/0001-18;SEGOV;1491;SECRETARIA DE ESTADO DE GOVERNO;42;AUXILIOS;1;AUXILIOS;10;RECURSOS ORDINARIOS;300000,0;0,0;300000,0
9318808;3110;2021-12-30 00:00:00;PM DOM SILVERIO;18.297.226/0001-61;SEGOV;1491;SECRETARIA DE ESTADO DE GOVERNO;42;AUXILIOS;1;AUXILIOS;10;RECURSOS ORDINARIOS;200000,0;0,0;200000,0
9318809;3112;2021-12-30 00:00:00;PM PECANHA;18.409.227/0001-50;SEGOV;1491;SECRETARIA DE ESTADO DE GOVERNO;42;AUXILIOS;1;AUXILIOS;10;RECURSOS ORDINARIOS;200000,0;0,0;200000,0
9318810;3119;2021-12-30 00:00:00;PM ITABIRINHA;17.125.444/0001-56;SEGOV;1491;SECRETARIA DE ESTADO DE GOVERNO;42;AUXILIOS;1;AUXILIOS;10;RECURSOS ORDINARIOS;300000,0;0,0;300000,0
9318811;3113;2021-12-30 00:00:00;PM NANUQUE;18.398.974/0001-30;SEGOV;1491;SECRETARIA DE ESTADO DE GOVERNO;42;AUXILIOS;1;AUXILIOS;10;RECURSOS ORDINARIOS;0,0;0,0;0,0
9318812;3116;2021-12-30 00:00:00;PM PRADOS;18.557.538/0001-67;SEGOV;1491;SECRETARIA DE ESTADO DE GOVERNO;42;AUXILIOS;1;AUXILIOS;10;RECURSOS ORDINARIOS;212678,64;0,0;0,0
9318813;113;2021-12-30 00:00:00;FUNDACAO DE SAUDE DILSON DE QUADROS GODINHO;00.991.591/0001-06;SEGOV;1491;SECRETARIA DE ESTADO DE GOVERNO;42;AUXILIOS;1;AUXILIOS;10;RECURSOS ORDINARIOS;0,0;0,0;0,0
9318814;117;2021-12-30 00:00:00;ASSOCIACAO SINHANA EVA;04.927.215/0001-03;SEGOV;1491;SECRETARIA DE ESTADO DE GOVERNO;42;AUXILIOS;1;AUXILIOS;10;RECURSOS ORDINARIOS;0,0;0,0;0,0
9318815;114;2021-12-30 00:00:00;LAR JESUS MARIA JOSE;00.394.454/0001-94;SEGOV;1491;SECRETARIA DE ESTADO DE GOVERNO;42;AUXILIOS;1;AUXILIOS;10;RECURSOS ORDINARIOS;0,0;0,0;0,0
9318816;121;2021-12-30 00:00:00;ASSOCIACAO COM.MORADORES POVOADO BURITIZEIRO;10.616.026/0001-12;SEGOV;1491;SECRETARIA DE ESTADO DE GOVERNO;42;AUXILIOS;1;AUXILIOS;10;RECURSOS ORDINARIOS;0,0;0,0;0,0
9318817;123;2021-12-30 00:00:00;ASSOCIACAO DE PAIS E AMIGOS DOS EXCEPCIONAIS DE BOTELHOS;03.968.663/0001-92;SEGOV;1491;SECRETARIA DE ESTADO DE GOVERNO;42;AUXILIOS;1;AUXILIOS;10;RECURSOS ORDINARIOS;0,0;0,0;0,0
9318818;130;2021-12-30 00:00:00;ASSOCIACAO PADRE TIAOZINHO DE APOIO A PACIENTES COM CANCER;06.336.300/0001-22;SEGOV;1491;SECRETARIA DE ESTADO DE GOVERNO;42;AUXILIOS;1;AUXILIOS;10;RECURSOS ORDINARIOS;0,0;0,0;0,0
9318819;131;2021-12-30 00:00:00;SOCIEDADE SANTO ANTONO DE PADUA;20.740.114/0001-85;SEGOV;1491;SECRETARIA DE ESTADO DE GOVERNO;42;AUXILIOS;1;AUXILIOS;10;RECURSOS ORDINARIOS;0,0;0,0;0,0
9318820;127;2021-12-30 00:00:00;ASSOCIACAO DOS AGRICULTORES FAMILIARES DO MUNICIPIO DE SIMONESIA;05.453.827/0001-74;SEGOV;1491;SECRETARIA DE ESTADO DE GOVERNO;42;AUXILIOS;1;AUXILIOS;10;RECURSOS ORDINARIOS;0,0;0,0;0,0
9318821;122;2021-12-30 00:00:00;ASSOCIACAO AMAR E RENASCER;07.802.708/0001-05;SEGOV;1491;SECRETARIA DE ESTADO DE GOVERNO;42;AUXILIOS;1;AUXILIOS;10;RECURSOS ORDINARIOS;0,0;0,0;0,0
9318822;125;2021-12-30 00:00:00;ASSOCIACAO BENEFICENTE BOM SAMARITANO DO NORTE DE MINAS;01.699.174/0001-57;SEGOV;1491;SECRETARIA DE ESTADO DE GOVERNO;42;AUXILIOS;1;AUXILIOS;10;RECURSOS ORDINARIOS;0,0;0,0;0,0
9318823;115;2021-12-30 00:00:00;PRATAPOLIS ESPORTE CLUBE;19.369.974/0001-75;SEGOV;1491;SECRETARIA DE ESTADO DE GOVERNO;42;AUXILIOS;1;AUXILIOS;10;RECURSOS ORDINARIOS;0,0;0,0;0,0
9318824;116;2021-12-30 00:00:00;ASSOCIACAO SAGRADA FAMILIA - ASSAF;02.713.645/0001-05;SEGOV;1491;SECRETARIA DE ESTADO DE GOVERNO;42;AUXILIOS;1;AUXILIOS;10;RECURSOS ORDINARIOS;0,0;0,0;0,0
9318825;120;2021-12-30 00:00:00;LAR SAO VICENTE DE PAULO DE SAO TOMAS DE AQUINO;24.944.423/0001-28;SEGOV;1491;SECRETARIA DE ESTADO DE GOVERNO;42;AUXILIOS;1;AUXILIOS;10;RECURSOS ORDINARIOS;0,0;0,0;0,0
9318826;119;2021-12-30 00:00:00;FUNDACAO FRANCISCO DE ASSIS;08.818.306/0001-61;SEGOV;1491;SECRETARIA DE ESTADO DE GOVERNO;42;AUXILIOS;1;AUXILIOS;10;RECURSOS ORDINARIOS;0,0;0,0;0,0
9318827;124;2021-12-30 00:00:00;ASSOCIACAO DE AMPARO AOS PORTADORES DE CANCER DE PIUMHI E REGIAO;26.267.111/0001-52;SEGOV;1491;SECRETARIA DE ESTADO DE GOVERNO;42;AUXILIOS;1;AUXILIOS;10;RECURSOS ORDINARIOS;0,0;0,0;0,0
9318828;118;2021-12-30 00:00:00;ASSOCIACAO CULTURAL DE EDUCACAO SOCIAL E ARTISTICA;97.528.853/0001-32;SEGOV;1491;SECRETARIA DE ESTADO DE GOVERNO;42;AUXILIOS;1;AUXILIOS;10;RECURSOS ORDINARIOS;0,0;0,0;0,0
9318829;128;2021-12-30 00:00:00;ASSOCIACAO PROT MAT INF ADOLESCENCIA DE PIUMHI;19.515.543/0001-70;SEGOV;1491;SECRETARIA DE ESTADO DE GOVERNO;42;AUXILIOS;1;AUXILIOS;10;RECURSOS ORDINARIOS;0,0;0,0;0,0
9318830;126;2021-12-30 00:00:00;LAR POUSADA DOS BERTO DA S.S.V.P. DE ARCOS;03.836.761/0001-76;SEGOV;1491;SECRETARIA DE ESTADO DE GOVERNO;42;AUXILIOS;1;AUXILIOS;10;RECURSOS ORDINARIOS;0,0;0,0;0,0
9318831;112;2021-12-30 00:00:00;ADOTAR -ADOTANDO VIDAS;15.671.055/0001-09;SEGOV;1491;SECRETARIA DE ESTADO DE GOVERNO;42;AUXILIOS;1;AUXILIOS;10;RECURSOS ORDINARIOS;0,0;0,0;0,0
9318832;132;2021-12-30 00:00:00;CONSELHO CENTRAL DE LIMA DUARTE SOCIEDADE SAO VICENTE DE PAU;20.459.608/0001-96;SEGOV;1491;SECRETARIA DE ESTADO DE GOVERNO;42;AUXILIOS;1;AUXILIOS;10;RECURSOS ORDINARIOS;0,0;0,0;0,0
9318833;129;2021-12-30 00:00:00;ASSOCIACAO ESPORTIVA, CULTURAL E SOCIAL DE BOCAIUVA;31.626.594/0001-74;SEGOV;1491;SECRETARIA DE ESTADO DE GOVERNO;42;AUXILIOS;1;AUXILIOS;10;RECURSOS ORDINARIOS;0,0;0,0;0,0
9318834;524;2021-12-31 00:00:00;FUNDACAO BENJAMIN GUIMARAES;17.200.429/0001-25;FES;4291;FUNDO ESTADUAL DE SAUDE;42;AUXILIOS;1;AUXILIOS;10;RECURSOS ORDINARIOS;0,0;0,0;0,0
9318836;591;2021-12-30 00:00:00;ASSOCIACAO DE PAIS E AMIGOS DOS EXCEPCIONAIS DE PASSOS;17.921.537/0001-97;SEDESE;1481;SECRETARIA DE ESTADO DE DESENVOLVIMENTO SOCIAL;43;SUBVENCOES SOCIAIS;1;SUBVENCOES SOCIAIS;10;RECURSOS ORDINARIOS;0,0;0,0;0,0
9318837;592;2021-12-30 00:00:00;ASSOCIACAO SAO FRANCISCO DE ASSIS;15.577.756/0001-75;SEDESE;1481;SECRETARIA DE ESTADO DE DESENVOLVIMENTO SOCIAL;43;SUBVENCOES SOCIAIS;1;SUBVENCOES SOCIAIS;10;RECURSOS ORDINARIOS;0,0;0,0;0,0
9318838;3217;2021-12-30 00:00:00;CONFERENCIA DE SAO VICENTE DE PAULO DE MINAS NOVAS;20.571.089/0001-53;FEAS;4251;FUNDO ESTADUAL DE ASSISTENCIA SOCIAL;43;SUBVENCOES SOCIAIS;1;SUBVENCOES SOCIAIS;60;RECURSOS DIRETAMENTE ARRECADADOS;0,0;47033,33;0,0
9318838;3218;2021-12-30 00:00:00;CONFERENCIA DE SAO VICENTE DE PAULO DE MINAS NOVAS;20.571.089/0001-53;FEAS;4251;FUNDO ESTADUAL DE ASSISTENCIA SOCIAL;42;AUXILIOS;1;AUXILIOS;60;RECURSOS DIRETAMENTE ARRECADADOS;0,0;67966,67;0,0
9318839;394;2021-12-31 00:00:00;PM BOM JESUS DO AMPARO;18.317.693/0001-06;SEINFRA;1301;SECRETARIA DE ESTADO DE INFRAESTRUTURA E MOBILIDADE;42;AUXILIOS;1;AUXILIOS;10;RECURSOS ORDINARIOS;0,0;0,0;0,0
9318840;3216;2021-12-30 00:00:00;ASSOCIACAO CULTURAL E ASSISTENCIAL EVANGELICA CONSTRUIR DE JACUTINGA;19.851.398/0001-06;FEAS;4251;FUNDO ESTADUAL DE ASSISTENCIA SOCIAL;43;SUBVENCOES SOCIAIS;1;SUBVENCOES SOCIAIS;60;RECURSOS DIRETAMENTE ARRECADADOS;0,0;115000,0;0,0
9318841;399;2021-12-31 00:00:00;PM ARACITABA;17.747.940/0001-41;SEINFRA;1301;SECRETARIA DE ESTADO DE INFRAESTRUTURA E MOBILIDADE;42;AUXILIOS;1;AUXILIOS;10;RECURSOS ORDINARIOS;0,0;250000,0;0,0
9318842;3225;2021-12-30 00:00:00;CONFERENCIA SAO SEBASTIAO;20.045.696/0001-80;FEAS;4251;FUNDO ESTADUAL DE ASSISTENCIA SOCIAL;42;AUXILIOS;1;AUXILIOS;71;RECURSOS DO FUNDO ESTADUAL DE ERRADICACAO DA MISERIA;52211,0;0,0;52211,0
9318842;3226;2021-12-30 00:00:00;CONFERENCIA SAO SEBASTIAO;20.045.696/0001-80;FEAS;4251;FUNDO ESTADUAL DE ASSISTENCIA SOCIAL;43;SUBVENCOES SOCIAIS;1;SUBVENCOES SOCIAIS;71;RECURSOS DO FUNDO ESTADUAL DE ERRADICACAO DA MISERIA;60789,0;0,0;60789,0
9318843;400;2021-12-31 00:00:00;PM SENADOR FIRMINO;18.128.231/0001-40;SEINFRA;1301;SECRETARIA DE ESTADO DE INFRAESTRUTURA E MOBILIDADE;42;AUXILIOS;1;AUXILIOS;10;RECURSOS ORDINARIOS;0,0;200000,0;0,0
9318844;395;2021-12-31 00:00:00;PM ACUCENA;17.005.216/0001-42;SEINFRA;1301;SECRETARIA DE ESTADO DE INFRAESTRUTURA E MOBILIDADE;42;AUXILIOS;1;AUXILIOS;10;RECURSOS ORDINARIOS;0,0;150000,0;0,0
9318845;598;2021-12-30 00:00:00;CASA DA CRIANCA DE CAMPESTRE;18.621.342/0001-94;SEDESE;1481;SECRETARIA DE ESTADO DE DESENVOLVIMENTO SOCIAL;42;AUXILIOS;1;AUXILIOS;10;RECURSOS ORDINARIOS;0,0;0,0;0,0
9318846;594;2021-12-30 00:00:00;ASSOCIACAO CONTAGEM VOLUNTARIA;34.384.954/0001-67;SEDESE;1481;SECRETARIA DE ESTADO DE DESENVOLVIMENTO SOCIAL;43;SUBVENCOES SOCIAIS;1;SUBVENCOES SOCIAIS;10;RECURSOS ORDINARIOS;0,0;0,0;0,0
9318847;396;2021-12-31 00:00:00;PM FUNILANDIA;18.062.414/0001-00;SEINFRA;1301;SECRETARIA DE ESTADO DE INFRAESTRUTURA E MOBILIDADE;42;AUXILIOS;1;AUXILIOS;10;RECURSOS ORDINARIOS;0,0;200000,0;0,0
9318848;3219;2021-12-30 00:00:00;ASILO SAO VICENTE DE PAULO/ PARAISOPOLIS;23.195.001/0001-34;FEAS;4251;FUNDO ESTADUAL DE ASSISTENCIA SOCIAL;43;SUBVENCOES SOCIAIS;1;SUBVENCOES SOCIAIS;60;RECURSOS DIRETAMENTE ARRECADADOS;0,0;433,33;0,0
9318848;3220;2021-12-30 00:00:00;ASILO SAO VICENTE DE PAULO/ PARAISOPOLIS;23.195.001/0001-34;FEAS;4251;FUNDO ESTADUAL DE ASSISTENCIA SOCIAL;42;AUXILIOS;1;AUXILIOS;60;RECURSOS DIRETAMENTE ARRECADADOS;0,0;110202,8;0,0
9318849;596;2021-12-30 00:00:00;LAR SAO VICENTE DE PAULO DE PASSOS;23.280.084/0001-60;SEDESE;1481;SECRETARIA DE ESTADO DE DESENVOLVIMENTO SOCIAL;43;SUBVENCOES SOCIAIS;1;SUBVENCOES SOCIAIS;10;RECURSOS ORDINARIOS;0,0;0,0;0,0
9318851;593;2021-12-30 00:00:00;INSTITUTO CPL PARA DE MINAS;07.604.596/0001-88;SEDESE;1481;SECRETARIA DE ESTADO DE DESENVOLVIMENTO SOCIAL;42;AUXILIOS;1;AUXILIOS;10;RECURSOS ORDINARIOS;0,0;0,0;0,0
9318852;393;2021-12-31 00:00:00;PM ERVALIA;18.133.306/0001-81;SEINFRA;1301;SECRETARIA DE ESTADO DE INFRAESTRUTURA E MOBILIDADE;42;AUXILIOS;1;AUXILIOS;10;RECURSOS ORDINARIOS;0,0;1400000,0;0,0
9318853;600;2021-12-30 00:00:00;ASSOCIACAO DE PAIS E AMIGOS DOS EXCEPCIONAIS;00.909.916/0001-69;SEDESE;1481;SECRETARIA DE ESTADO DE DESENVOLVIMENTO SOCIAL;42;AUXILIOS;1;AUXILIOS;10;RECURSOS ORDINARIOS;0,0;0,0;0,0
9318854;599;2021-12-30 00:00:00;CENTRO DE EDUCACAO INFANTIL COMUNITARIO MARIA GERALDA MARTUCHELI;06.067.744/0001-00;SEDESE;1481;SECRETARIA DE ESTADO DE DESENVOLVIMENTO SOCIAL;43;SUBVENCOES SOCIAIS;1;SUBVENCOES SOCIAIS;10;RECURSOS ORDINARIOS;0,0;0,0;0,0
9318856;595;2021-12-30 00:00:00;ASSOCIACAO DE PAIS E AMIGOS DOS EXCEPCIONAIS;04.014.664/0001-60;SEDESE;1481;SECRETARIA DE ESTADO DE DESENVOLVIMENTO SOCIAL;42;AUXILIOS;1;AUXILIOS;10;RECURSOS ORDINARIOS;0,0;0,0;0,0
9318857;597;2021-12-30 00:00:00;ASILO CONFRADE FRANCISCO VENANCIO PEREIRA/SAO FRANCISCO PAUL;04.978.840/0001-84;SEDESE;1481;SECRETARIA DE ESTADO DE DESENVOLVIMENTO SOCIAL;43;SUBVENCOES SOCIAIS;1;SUBVENCOES SOCIAIS;10;RECURSOS ORDINARIOS;0,0;0,0;0,0
9318858;3227;2021-12-30 00:00:00;LAR DOS IDOSOS JOSE VERCOSA JUNIOR;18.222.034/0001-96;FEAS;4251;FUNDO ESTADUAL DE ASSISTENCIA SOCIAL;43;SUBVENCOES SOCIAIS;1;SUBVENCOES SOCIAIS;60;RECURSOS DIRETAMENTE ARRECADADOS;0,0;20128,0;0,0
9318858;3228;2021-12-30 00:00:00;LAR DOS IDOSOS JOSE VERCOSA JUNIOR;18.222.034/0001-96;FEAS;4251;FUNDO ESTADUAL DE ASSISTENCIA SOCIAL;42;AUXILIOS;1;AUXILIOS;60;RECURSOS DIRETAMENTE ARRECADADOS;0,0;92860,0;0,0
9318859;397;2021-12-31 00:00:00;PM ARAPORA;23.098.510/0001-49;SEINFRA;1301;SECRETARIA DE ESTADO DE INFRAESTRUTURA E MOBILIDADE;42;AUXILIOS;1;AUXILIOS;10;RECURSOS ORDINARIOS;0,0;200000,0;0,0
9318860;123;2021-12-30 00:00:00;GRUPO EDUCACAO, ETICA E CIDADANIA;05.543.739/0001-63;SEDESE;1481;SECRETARIA DE ESTADO DE DESENVOLVIMENTO SOCIAL;43;SUBVENCOES SOCIAIS;1;SUBVENCOES SOCIAIS;10;RECURSOS ORDINARIOS;78500,0;0,0;78500,0
9318861;601;2021-12-30 00:00:00;CENTRO DE CONVIVENCIA PARA IDOSOS PADRE JOSE GERALDO DAS MERCES;03.437.717/0001-93;SEDESE;1481;SECRETARIA DE ESTADO DE DESENVOLVIMENTO SOCIAL;43;SUBVENCOES SOCIAIS;1;SUBVENCOES SOCIAIS;10;RECURSOS ORDINARIOS;0,0;0,0;0,0
9318862;3223;2021-12-30 00:00:00;ASSOCIACAO FREI INOCENCIO;07.715.739/0001-29;FEAS;4251;FUNDO ESTADUAL DE ASSISTENCIA SOCIAL;43;SUBVENCOES SOCIAIS;1;SUBVENCOES SOCIAIS;60;RECURSOS DIRETAMENTE ARRECADADOS;0,0;114986,52;0,0
9318863;392;2021-12-31 00:00:00;PM SANTA MARIA DE ITABIRA;18.299.453/0001-26;SEINFRA;1301;SECRETARIA DE ESTADO DE INFRAESTRUTURA E MOBILIDADE;42;AUXILIOS;1;AUXILIOS;10;RECURSOS ORDINARIOS;0,0;150000,0;0,0
9318864;602;2021-12-30 00:00:00;SASFRA SERVICO ASSISTENCIAL SALAO DO ENCONTRO;16.701.872/0001-17;SEDESE;1481;SECRETARIA DE ESTADO DE DESENVOLVIMENTO SOCIAL;42;AUXILIOS;1;AUXILIOS;10;RECURSOS ORDINARIOS;0,0;0,0;0,0
9318865;603;2021-12-30 00:00:00;ASSOCIACAO COMUNITARIA DO DIST DE SANTANA DO CAPIVARI;19.089.853/0001-70;SEDESE;1481;SECRETARIA DE ESTADO DE DESENVOLVIMENTO SOCIAL;42;AUXILIOS;1;AUXILIOS;10;RECURSOS ORDINARIOS;0,0;0,0;0,0
9318866;398;2021-12-31 00:00:00;PM SENADOR CORTES;17.724.576/0001-02;SEINFRA;1301;SECRETARIA DE ESTADO DE INFRAESTRUTURA E MOBILIDADE;42;AUXILIOS;1;AUXILIOS;10;RECURSOS ORDINARIOS;0,0;149999,0;0,0
9318867;3224;2021-12-30 00:00:00;INSTITUTO DE ACOLHIMENTO CASA DO CAMINHO;29.937.767/0001-23;FEAS;4251;FUNDO ESTADUAL DE ASSISTENCIA SOCIAL;43;SUBVENCOES SOCIAIS;1;SUBVENCOES SOCIAIS;71;RECURSOS DO FUNDO ESTADUAL DE ERRADICACAO DA MISERIA;114246,0;0,0;114246,0
9318868;3213;2021-12-30 00:00:00;ASSOCIACAO COM.DO MOVIMENTO FAMILIAR CRISTAO DE AIURUOCA;19.090.034/0001-42;FEAS;4251;FUNDO ESTADUAL DE ASSISTENCIA SOCIAL;43;SUBVENCOES SOCIAIS;1;SUBVENCOES SOCIAIS;60;RECURSOS DIRETAMENTE ARRECADADOS;0,0;114997,7;0,0
9318869;3222;2021-12-30 00:00:00;ABRIGO INSTITUCIONAL NOSSO LAR;04.868.943/0001-91;FEAS;4251;FUNDO ESTADUAL DE ASSISTENCIA SOCIAL;43;SUBVENCOES SOCIAIS;1;SUBVENCOES SOCIAIS;71;RECURSOS DO FUNDO ESTADUAL DE ERRADICACAO DA MISERIA;110740,0;0,0;110740,0
9318869;3233;2021-12-30 00:00:00;ABRIGO INSTITUCIONAL NOSSO LAR;04.868.943/0001-91;FEAS;4251;FUNDO ESTADUAL DE ASSISTENCIA SOCIAL;42;AUXILIOS;1;AUXILIOS;71;RECURSOS DO FUNDO ESTADUAL DE ERRADICACAO DA MISERIA;0,0;1082,66;0,0
9318870;401;2021-12-31 00:00:00;PM MONTE ALEGRE DE MINAS;18.431.155/0001-48;SEINFRA;1301;SECRETARIA DE ESTADO DE INFRAESTRUTURA E MOBILIDADE;42;AUXILIOS;1;AUXILIOS;10;RECURSOS ORDINARIOS;0,0;200000,0;0,0
9318871;604;2021-12-30 00:00:00;INST PADRE ANTONIO FERREIRA MARTINS-CENTRO DE ACAO SOCIAL E CIDADANIA;08.576.487/0001-67;SEDESE;1481;SECRETARIA DE ESTADO DE DESENVOLVIMENTO SOCIAL;42;AUXILIOS;1;AUXILIOS;10;RECURSOS ORDINARIOS;0,0;0,0;0,0
9318872;3221;2021-12-30 00:00:00;ASSOCIACAO JOAO PAULO II;08.027.860/0001-20;FEAS;4251;FUNDO ESTADUAL DE ASSISTENCIA SOCIAL;42;AUXILIOS;1;AUXILIOS;60;RECURSOS DIRETAMENTE ARRECADADOS;0,0;115000,0;0,0
9318874;3214;2021-12-30 00:00:00;ASILO SAO VICENTE DE PAULO DE POCRANE;03.165.540/0001-13;FEAS;4251;FUNDO ESTADUAL DE ASSISTENCIA SOCIAL;43;SUBVENCOES SOCIAIS;1;SUBVENCOES SOCIAIS;71;RECURSOS DO FUNDO ESTADUAL DE ERRADICACAO DA MISERIA;12715,45;0,0;12715,45
9318874;3215;2021-12-30 00:00:00;ASILO SAO VICENTE DE PAULO DE POCRANE;03.165.540/0001-13;FEAS;4251;FUNDO ESTADUAL DE ASSISTENCIA SOCIAL;42;AUXILIOS;1;AUXILIOS;71;RECURSOS DO FUNDO ESTADUAL DE ERRADICACAO DA MISERIA;100284,1;0,0;100284,1
9318875;607;2021-12-30 00:00:00;ASSOCIACAO ACONCHEGO - LAR PARA IDOSOS;30.276.755/0001-84;SEDESE;1481;SECRETARIA DE ESTADO DE DESENVOLVIMENTO SOCIAL;42;AUXILIOS;1;AUXILIOS;10;RECURSOS ORDINARIOS;0,0;0,0;0,0
9318876;605;2021-12-30 00:00:00;ASSOCIACAO DO PEQUENO CRISTO;42.783.621/0001-39;SEDESE;1481;SECRETARIA DE ESTADO DE DESENVOLVIMENTO SOCIAL;42;AUXILIOS;1;AUXILIOS;10;RECURSOS ORDINARIOS;0,0;0,0;0,0
9318877;606;2021-12-30 00:00:00;ARUR-ASSOCIACAO DOS REUMATICOS DE UBERLANDIA E REGIAO;01.411.315/0001-94;SEDESE;1481;SECRETARIA DE ESTADO DE DESENVOLVIMENTO SOCIAL;42;AUXILIOS;1;AUXILIOS;10;RECURSOS ORDINARIOS;0,0;0,0;0,0
9318878;610;2021-12-30 00:00:00;PM RUBELITA;24.363.590/0001-85;SEDESE;1481;SECRETARIA DE ESTADO DE DESENVOLVIMENTO SOCIAL;42;AUXILIOS;1;AUXILIOS;10;RECURSOS ORDINARIOS;50000,0;0,0;50000,0
9318881;608;2021-12-30 00:00:00;LAR SAO VICENTE DE PAULO;19.626.191/0001-20;SEDESE;1481;SECRETARIA DE ESTADO DE DESENVOLVIMENTO SOCIAL;43;SUBVENCOES SOCIAIS;1;SUBVENCOES SOCIAIS;10;RECURSOS ORDINARIOS;0,0;0,0;0,0
9318882;609;2021-12-30 00:00:00;ASSOCIACAO ASSISTENCIAL CANTINA D.BERNADETE LEMOS;00.973.124/0001-53;SEDESE;1481;SECRETARIA DE ESTADO DE DESENVOLVIMENTO SOCIAL;43;SUBVENCOES SOCIAIS;1;SUBVENCOES SOCIAIS;10;RECURSOS ORDINARIOS;0,0;0,0;0,0
9318883;16;2021-12-30 00:00:00;PM ANGELANDIA;01.113.937/0001-36;FEI;4601;FUNDO ESTADUAL DOS DIREITOS DO IDOSO;41;CONTRIBUICOES;1;CONTRIBUICOES;45;DOACOES DE PESSOAS, DE INSTITUICOES PRIVADAS OU DO EXTERIOR A ORGAO E ENTIDADES DO ESTADO;40000,0;0,0;40000,0
9318884;3229;2021-12-30 00:00:00;CONS.PARTI.DA SOC.SAO VICENTE DE PAULO;24.665.630/0001-43;FEAS;4251;FUNDO ESTADUAL DE ASSISTENCIA SOCIAL;43;SUBVENCOES SOCIAIS;1;SUBVENCOES SOCIAIS;71;RECURSOS DO FUNDO ESTADUAL DE ERRADICACAO DA MISERIA;0,0;34066,5;0,0
9318884;3230;2021-12-30 00:00:00;CONS.PARTI.DA SOC.SAO VICENTE DE PAULO;24.665.630/0001-43;FEAS;4251;FUNDO ESTADUAL DE ASSISTENCIA SOCIAL;42;AUXILIOS;1;AUXILIOS;71;RECURSOS DO FUNDO ESTADUAL DE ERRADICACAO DA MISERIA;0,0;80918,34;0,0
9318885;126;2021-12-30 00:00:00;ASSOCIACAO COMUNIDADE NOVA CRIATURA;11.088.620/0001-40;SEDESE;1481;SECRETARIA DE ESTADO DE DESENVOLVIMENTO SOCIAL;43;SUBVENCOES SOCIAIS;1;SUBVENCOES SOCIAIS;10;RECURSOS ORDINARIOS;86954,0;0,0;86954,0
9318887;611;2021-12-30 00:00:00;ASSOCIACAO DE PAIS AMIGOS EXCEPCIONAIS/CARMOPOLIS DE MINAS;00.809.356/0001-70;SEDESE;1481;SECRETARIA DE ESTADO DE DESENVOLVIMENTO SOCIAL;42;AUXILIOS;1;AUXILIOS;10;RECURSOS ORDINARIOS;0,0;0,0;0,0
9318888;125;2021-12-30 00:00:00;CENTRO DE RESTAURACAO VIDA NOVA;09.219.152/0001-54;SEDESE;1481;SECRETARIA DE ESTADO DE DESENVOLVIMENTO SOCIAL;43;SUBVENCOES SOCIAIS;1;SUBVENCOES SOCIAIS;10;RECURSOS ORDINARIOS;86891,76;0,0;86891,76
9318889;3232;2021-12-30 00:00:00;CASA ESPIRITA DO SAMARITANO;01.320.148/0001-76;FEAS;4251;FUNDO ESTADUAL DE ASSISTENCIA SOCIAL;43;SUBVENCOES SOCIAIS;1;SUBVENCOES SOCIAIS;60;RECURSOS DIRETAMENTE ARRECADADOS;114235,0;0,0;114235,0
9318890;17;2021-12-30 00:00:00;PM PRESIDENTE KUBITSCHEK;17.754.185/0001-22;FEI;4601;FUNDO ESTADUAL DOS DIREITOS DO IDOSO;41;CONTRIBUICOES;1;CONTRIBUICOES;45;DOACOES DE PESSOAS, DE INSTITUICOES PRIVADAS OU DO EXTERIOR A ORGAO E ENTIDADES DO ESTADO;40000,0;0,0;40000,0
9318891;3231;2021-12-30 00:00:00;ASSOC BENEF 08 DE SETEMBRO ASILO STO ANTONIO LAR STO ANTONIO;17.776.188/0001-67;FEAS;4251;FUNDO ESTADUAL DE ASSISTENCIA SOCIAL;43;SUBVENCOES SOCIAIS;1;SUBVENCOES SOCIAIS;60;RECURSOS DIRETAMENTE ARRECADADOS;114975,75;0,0;114975,75
9318892;25;2021-12-30 00:00:00;CARITAS BRASILEIRA;33.654.419/0008-92;SEDESE;1481;SECRETARIA DE ESTADO DE DESENVOLVIMENTO SOCIAL;43;SUBVENCOES SOCIAIS;1;SUBVENCOES SOCIAIS;10;RECURSOS ORDINARIOS;0,0;0,0;0,0
